uma_id,uma_name,story_num,num_participants,chara_id_1,chara_id_2,chara_id_3,chara_name_1,chara_name_2,chara_name_3,pos_id,location,story_id,asset_name,lines
1001,Special Week,1,1,1001,,,Special Week,,,410,middle right (advertisements),1001001,home/data/00000/01/hometimeline_00000_01_1001001,"Special Week: Hmmm... What song should I pick for my singing lessons...|Special Week: The teacher said it's fine to just pick a song I like, but I don't know any popular songs...|Special Week: Songs I like, huh... What about ""LOVE & TURF""? Mom used to sing it all the time.|Special Week: She said Mama really liked it too... All right, I'll do that song!"
1001,Special Week,2,1,1001,,,Special Week,,,510,front left (campus map),1001002,home/data/00000/01/hometimeline_00000_01_1001002,"Special Week: Tracen Academy sure is big!|Special Week: It reminds me of... the open fields back home.|Special Week: Jogging through those fields was the best... Makes me want to run!|Special Week: Wait, no, I can't! Mustn't run in the halls... Running in the halls is bad..."
1001,Special Week,3,1,1001,,,Special Week,,,310,middle left (table),1001003,home/data/00000/01/hometimeline_00000_01_1001003,"Special Week: That cheese my mom sent sure was tasty...|Special Week: It was so rich... Really gave me a craving for some fresh milk straight from the cow...|Special Week: Ah, that's it! Trainer, what if we raised dairy cows on campus?|Special Week: We could use the cow pies as fertilizer for the fields too! And while we're at it, why don't we raise some chickens and pigs—|Special Week: Ah, wait, then I guess it'd be more of a farm than a school, huh...|Special Week: Awww... I thought I had a pretty good thing going there..."
1001,Special Week,4,2,1001,1002,,Special Week,Silence Suzuka,,120,right (jukebox),1001001,home/data/00000/02/hometimeline_00000_02_1001001,"Special Week: There are so many Umamusume here... It still feels weird to me.|Silence Suzuka: You were the only Umamusume living in your hometown, right?|Special Week: Right. That's probably why I get a little nervous around the others occasionally...|Special Week: But I made a promise to my mom, so I've gotta make lots and lots of friends here!|Silence Suzuka: Hehe, I'm sure you'll do just that.|Special Week: Once I make a hundred friends, I wanna have a huuuge picnic with everyone! ♪|Special Week: When that happens, let's eat lots and lots of carrot sandwiches!|Silence Suzuka: Okay, I can't wait."
1001,Special Week,5,2,1003,1001,,Tokai Teio,Special Week,,520,front left (campus map),1001002,home/data/00000/02/hometimeline_00000_02_1001002,"Tokai Teio: Spe, Spe! I heard you're having trouble with your homework.|Special Week: I aaaam! Why does math have to be so hard...|Tokai Teio: Well, why didn't you say something sooner? The genius Teio will help you study! ♪|Special Week: Wow, really?! Well, then by all mea—|Special Week: Huh? Wait, Teio... Aren't you a year below me?|Tokai Teio: Hm? Am I? Well, I'm super smart, so it doesn't matter! ♪|Special Week: Wow, thanks, Teio! Then please, share your math knowledge with me!|Tokai Teio: Ehehehe! You've got it!"
1001,Special Week,6,3,1001,1014,1011,Special Week,El Condor Pasa,Grass Wonder,430,middle right (advertisements),1,home/data/00000/03/hometimeline_00000_03_0000001,"Special Week: You guys, you guys! Tomorrow the crepe place is going to be half off! We should go!|El Condor Pasa: Great idea! I'll obviously have the El Special!|Grass Wonder: El Special? Is that what you ordered last time?|El Condor Pasa: Claro! It's an egg and sausage crepe with lots and LOTS of hot sauce! The perfect crepe for me! ♪|Special Week: I think I'll get the vanilla ice cream crepe made with real Hokkaido milk! ♪ How about you, Grass?|Grass Wonder: I suppose I'll get the red bean and matcha syrup crepe. I just love how subtle the sweetness is...|Special Week: Japanese-style crepes do sound good! ♪ All right, I can't wait until tomorrow!|Grass Wonder: Well, then you'd better get studying... Failing tomorrow's quiz will result in extra lessons, and that means no crepes.|Special Week: Okay...|El Condor Pasa: Yes, ma'am..."
1002,Silence Suzuka,1,1,1002,,,Silence Suzuka,,,310,middle left (table),1002001,home/data/00000/01/hometimeline_00000_01_1002001,"Silence Suzuka: <i>Huff...</i> I can't... I should stop here...|Silence Suzuka: But I... I love it so much... It's calling me back already...|Silence Suzuka: The turf!|Silence Suzuka: ...Okay, a short break, and then one more lap. That shouldn't count as overworking myself... right?"
1002,Silence Suzuka,2,1,1002,,,Silence Suzuka,,,210,back left (campus map),1002002,home/data/00000/01/hometimeline_00000_01_1002002,"Silence Suzuka: This morning, I had my fortune told by  Fukukitaru.|Silence Suzuka: She said taiyaki would lead me to the one who will show me the greatest scenery...|Silence Suzuka: But I haven't run into anybody so far... Am I supposed to be doing something special?|Silence Suzuka: Like... Feeding anyone who looks like the right person?"
1002,Silence Suzuka,3,1,1002,,,Silence Suzuka,,,110,right (jukebox),1002003,home/data/00000/01/hometimeline_00000_01_1002003,"Silence Suzuka: Phew... Delicious.|Silence Suzuka: Trainer, do you happen to know this drink's slogan?|Silence Suzuka: ""Beyond the clearest vista.""|Silence Suzuka: That phrase really stuck with me as a child. Now I feel nostalgic whenever I have this drink.|Silence Suzuka: Hehe... Maybe I should get one more."
1002,Silence Suzuka,4,2,1010,1002,,Taiki Shuttle,Silence Suzuka,,520,front left (campus map),1002001,home/data/00000/02/hometimeline_00000_02_1002001,"Taiki Shuttle: Suzuka! It happened again! I found more crop circles!|Silence Suzuka: R-really? Are you sure you're not just—|Taiki Shuttle: I swear I wasn't imaginin' things! Cross my heart!|Taiki Shuttle: It was by the riverbank and in the tall grass by the park! There were these swirly-lookin' circles in the grass!|Silence Suzuka: Huh? But I was training in both of those areas recently...|Taiki Shuttle: Oho? Does that mean you're callin' the UFOs here?|Silence Suzuka: Hehehe, of course not. That's just—|Silence Suzuka: (Wait... I trained in the last place she found circles in too. Does that... mean...)|Silence Suzuka: N-no way... Am I really... summoning aliens?|Taiki Shuttle: Only one way to find out! Let's go train on the roof! ☆"
1002,Silence Suzuka,5,2,1002,1018,,Silence Suzuka,Air Groove,,220,back left (campus map),1002002,home/data/00000/02/hometimeline_00000_02_1002002,"Silence Suzuka: I see the student council is busy as always. I hope you're faring well, Air—um, I mean <i>Ms.</i> Air Groove.|Air Groove: ...Why are you talking like that? Is something wrong?|Silence Suzuka: Spe is always so polite around you, so I thought I should do the same...|Air Groove: So that's it... Well, not that I mind formal  language in general...|Air Groove: But you and I are far too close for that, no? I see no point in keeping each other at arm's length.|Silence Suzuka: Hehe, true.|Silence Suzuka: Then I won't hold back in my speech... or our races.|Air Groove: ...!|Air Groove: Heh, that's what I like to hear.|Silence Suzuka: Ehehe."
1003,Tokai Teio,1,1,1003,,,Tokai Teio,,,310,middle left (table),1003001,home/data/00000/01/hometimeline_00000_01_1003001,"Tokai Teio: Hey, listen to this, Trainerrr!|Tokai Teio: Mayano said I'm still a stupid kid 'cause I don't know anything about love!|Tokai Teio: But that's not true! I know a thing or two about it, I swear!|Tokai Teio: I mean, your chest gets all tight and your heart goes crazy, right? That's just like what happens when I watch a super amazing race!|Tokai Teio: Hey! What're you laughing at?! If I'm wrong, just tell me!"
1003,Tokai Teio,2,1,1003,,,Tokai Teio,,,410,middle right (advertisements),1003002,home/data/00000/01/hometimeline_00000_01_1003002,"Tokai Teio: Greetings, dear Trainer! How farest thou?|Tokai Teio: Me? Why, I'm simply speaking like a true monarch of the turf should. ♪|Tokai Teio: Pretty cool, doncha thin—I mean, magnificent, don't you agree?|Tokai Teio: Urgh... This is harder than I thought!"
1003,Tokai Teio,3,1,1003,,,Tokai Teio,,,510,front left (campus map),1003003,home/data/00000/01/hometimeline_00000_01_1003003,"Tokai Teio: Now let's see... Where could everyone be hiding this time?|Tokai Teio: Mayano and Marvelous seem like they'd get tired of waiting to be found, sooo...|Tokai Teio: I bet they're hiding in places where they can distract themselves, like the school store or the cafe!|Tokai Teio: All right! I'll show you both just how great Tokai Teio is! Ready or not, here I come! ♪"
1003,Tokai Teio,4,2,1003,1017,,Tokai Teio,Symboli Rudolf,,220,back left (campus map),1003001,home/data/00000/02/hometimeline_00000_02_1003001,"Tokai Teio: Is Air Groove seriously <i>still</i> talking with the teacher?|Tokai Teio: Look at my poor tail and ears... Even they're bored out of their minds!|Symboli Rudolf: Is that so? I don't think that much time has passed.|Tokai Teio: You're just too patient, Prez! And why are you suddenly so free anyway? You're <i>always</i> busy!|Symboli Rudolf: I simply have no pressing matters that need my attention. I thought this would be a good time to stretch my legs, so to speak.|Symboli Rudolf: Besides, it's not often that I have time to chat with you, so I'd like it to last a while.|Tokai Teio: R-really?|Tokai Teio: Ehehe! ♪ Well, if that's what you want, I suppose I can stick around a <i>liiittle</i> longer!|Tokai Teio: So whatcha wanna talk about? The day we first met?|Symboli Rudolf: Whatever you please. I simply wish to hear you speak with joy in your voice."
1003,Tokai Teio,5,2,1003,1013,,Tokai Teio,Mejiro McQueen,,420,middle right (advertisements),1003002,home/data/00000/02/hometimeline_00000_02_1003002,"Tokai Teio: Hey, McQueen! Wanna play baseball together?|Tokai Teio: You go to games pretty regularly, right? I need a teammate, so I figured you'd be the one to ask!|Mejiro McQueen: H-how did you—|Tokai Teio: I happened to hear you talking to Golshi, that's all! ♪ A fan like you must've played a game or two, right?|Mejiro McQueen: Urgh... Well, you're not exactly wrong...|Tokai Teio: Then let's play! That should be just as fun as watching, right?|Tokai Teio: Especially when you hit the ball! The sound of the metal bat colliding with the ball is the best! ♪|Mejiro McQueen: W-well... I suppose you leave me with no choice but to—|Tokai Teio: Yippee! We needed an umpire to play, so this is perfect!|Mejiro McQueen: Umpire?! Now hold on! The umpire doesn't get to hit the ball at all!"
1004,Maruzensky,1,1,1004,,,Maruzensky,,,310,middle left (table),1004001,home/data/00000/01/hometimeline_00000_01_1004001,"Maruzensky: Awww, turned down again. What's everybody so shy for?|Maruzensky: Ah, perfect timing!|Maruzensky: How'd you like to go on a date with little ol' me?|Maruzensky: We'll go for a drive along the beach! I'll be sure to leave your heart pounding. ☆"
1004,Maruzensky,2,1,1004,,,Maruzensky,,,210,back left (campus map),1004002,home/data/00000/01/hometimeline_00000_01_1004002,Maruzensky: Ugh...Talk about <i>bogus.</i>  Why didn't I clean my place sooner?|Maruzensky: Living on your own means you can easily put off cleaning for another day.|Maruzensky: But that's the problem! My juniors are coming over tomorrow! I need to clean!|Maruzensky: I know! I'll just put everything on the floor into the closet! Problem solved!
1004,Maruzensky,3,1,1004,,,Maruzensky,,,110,right (jukebox),1004003,home/data/00000/01/hometimeline_00000_01_1004003,"Maruzensky: Kids these days put pictures of their food on the world wide web, right?|Maruzensky: Well, have I got the perfect dishes for that! Everyone on Umastagram will be sooo jelly!|Maruzensky: You wanna know? Tiramisu and nata de coco! Serve 'em with Italian food, and you've got the <i>hottest</i> spread around!|Maruzensky: I'm sure you'll get lots of ""Looks"" with that combo!"
1004,Maruzensky,4,2,1004,1017,,Maruzensky,Symboli Rudolf,,420,middle right (advertisements),1004001,home/data/00000/02/hometimeline_00000_02_1004001,"Maruzensky: Hey, Rudolf. You know, our uniform's cute and all...|Maruzensky: But I get the feeling that a liiittle tweaking would make everyone feel even more powerful!|Symboli Rudolf: Uniforms are not something that can be changed on a whim, but... Let's hear it.|Maruzensky: Far out! Lemme give you the skinny. ☆|Maruzensky: There's an item that, when put in clothes, makes you appear super dignified and waaay cooler instantly!|Maruzensky: And that is... <i>shoulder pads!</i>|Symboli Rudolf: Shoulder pads... I believe I've heard of them. The fact that they can change your silhouette so drastically is indeed interesting.|Maruzensky: I know, right? Strong shoulders are the sign of a strong person. ☆|Maruzensky: Everyone will look super fresh with their new, bold shoulders!|Symboli Rudolf: Hm... Perhaps I will bring this up in the next student council meeting."
1004,Maruzensky,5,2,1011,1004,,Grass Wonder,Maruzensky,,120,right (jukebox),1004002,home/data/00000/02/hometimeline_00000_02_1004002,"Grass Wonder: Thank you for treating me, Maruzen.|Maruzensky: No problemo! Think of it as payback for going for a drive with me! ☆|Maruzensky: Sooo, how've things been since? Everything chill?|Grass Wonder: Hehe, yes. The irritation I felt up until now has been blown away, carried off by the wind.|Maruzensky: Hehe, well, that's good!|Maruzensky: ...You know, I've thought this before, but you and I are really similar.|Maruzensky: Which is why... you should come to me when you're troubled. We'll go for a drive and blow your problems away! ♪|Grass Wonder: Hehe, all right, but...|Grass Wonder: I don't want everything to be about me every time, so how about I invite you to tea next time?|Maruzensky: I getcha! Sounds groovy to me, baby! I'll drink your tea any day of the week. ☆"
1004,Maruzensky,6,3,1046,1031,1004,Smart Falcon,Ines Fujin,Maruzensky,430,middle right (advertisements),13,home/data/00000/03/hometimeline_00000_03_0000013,"Smart Falcon: You know, to make it as an Umadol, it's extra important to keep up with the latest trends! ♪|Ines Fujin: I don't really know much about Umadols, but I think that's a great point!|Maruzensky: Then first things first—folding fans! The flashier and fluffier they are, the more attention you'll grab. ♪|Ines Fujin: Fluffy folding fans? I don't think I've ever seen those...|Smart Falcon: Flashy and super fluffy? Oooh! Sounds  great—perfect for an Umadol! ☆|Maruzensky: Pair that with a glittering bodycon dress and you'll be super fly! ♪|Ines Fujin: Bodycon? I've never heard that either...|Maruzensky: With that settled, let's go get changed! We've got to jet while the iron's hot! ♪|Smart Falcon: All right, let's do iiit! ☆ Woo! Umadols, gooo!|Ines Fujin: Hey, wait a minute! I'm pretty sure <i>none</i> of those are the latest trends!"
1005,Fuji Kiseki,1,1,1005,,,Fuji Kiseki,,,310,middle left (table),1005001,home/data/00000/01/hometimeline_00000_01_1005001,"Fuji Kiseki: What's this? ""A blinding light, the stage of miracles..."" As radiant as ever, I see...|Fuji Kiseki: But I shall not be overshadowed!|Fuji Kiseki: I swore I would give the crowd the show of a lifetime. And I intend to keep that promise.|Fuji Kiseki: I'm no longer that little girl watching you go. I'm forging my own path now... Mother."
1005,Fuji Kiseki,2,1,1005,,,Fuji Kiseki,,,510,front left (campus map),1005002,home/data/00000/01/hometimeline_00000_01_1005002,"Fuji Kiseki: Oh dear, someone looks tired.|Fuji Kiseki: I just hate to see you like this... I like you best when you're smiling...|Fuji Kiseki: Eeend scene. ♪|Fuji Kiseki: I found that line in one of the romance manga my juniors are so enamored with these days. How did I do?|Fuji Kiseki: I do apologize for the scare. But I can assure you that it wasn't a lie.|Fuji Kiseki: After all, I would love nothing more than for you to be happy and full of life."
1005,Fuji Kiseki,3,1,1005,,,Fuji Kiseki,,,410,middle right (advertisements),1005003,home/data/00000/01/hometimeline_00000_01_1005003,"Fuji Kiseki: Hmmm... Could we perhaps cut our meeting a little short today?|Fuji Kiseki: One of my juniors seeks my advice, and I also need to help the dorm keeper with something. After that, there's the study session I need to—|Fuji Kiseki: Ah... Apologies. As you can see, I'm quite the busy bee.|Fuji Kiseki: Um... Please don't look at me like that. I assure you I'm not overworking myself. I swear!|Fuji Kiseki: ...All right, I shall adjust my schedule. I certainly don't wish to worry you any further."
1005,Fuji Kiseki,4,2,1005,1012,,Fuji Kiseki,Hishi Amazon,,120,right (jukebox),1005001,home/data/00000/02/hometimeline_00000_02_1005001,"Fuji Kiseki: Hm... Mhm.|Hishi Amazon: What the? The heck're you staring at?!|Fuji Kiseki: It's nothing. I just find it so amusing that everyone treats you like their big sister.|Fuji Kiseki: I'd like to try it myself sometime... What if I called you... Big Sis?|Hishi Amazon: I'm not your Big Sis! Besides, you'd never use something so plain...|Hishi Amazon: Knowing you, you'd go with something flowery like ""Dearest Sister,"" or—|Fuji Kiseki: Oh my!|Fuji Kiseki: To think you would call me that... I must say, I'm delighted!|Hishi Amazon: What?! Th-that was just an example! Forget you ever heard it!|Fuji Kiseki: Ahaha! I believe that will be rather difficult, Big Sis. ♪|Hishi Amazon: Fuuuuujjjiiiii!"
1005,Fuji Kiseki,5,2,1005,1032,,Fuji Kiseki,Agnes Tachyon,,520,front left (campus map),1005002,home/data/00000/02/hometimeline_00000_02_1005002,"Fuji Kiseki: You see, I'm currently on the hunt for a new trick to dazzle the audience with.|Agnes Tachyon: Oho? Then allow me to be of assistance! I just happen to have a new serum I've been meaning to—|Fuji Kiseki: Now, now, Tachyon. What did I say about experimenting on others?|Fuji Kiseki: I <i>would</i> appreciate your help, though. Your research is very intriguing to me, after all.|Agnes Tachyon: Hmph... Fine, have it your way. But what is it you want from me, then?|Fuji Kiseki: Well... I know! Can you make flowers sparkle like lights?|Fuji Kiseki: I want to see those glistening flowers rain down from the sky, leaving the audience stunned and overjoyed!|Agnes Tachyon: If it's flowers you want, I recently acquired some rafflesia for my genetics research.|Agnes Tachyon: Perhaps I could install some lights into their centers and drop them on the crowd from the rafters.|Fuji Kiseki: U-ummm... That certainly would be stunning, but in a much more... pungent way."
1006,Oguri Cap,1,1,1006,,,Oguri Cap,,,110,right (jukebox),1006001,home/data/00000/01/hometimeline_00000_01_1006001,"Oguri Cap: Hrm... The bell rang before I could finish my test again.|Oguri Cap: If I was a quick thinker like Tama, would my scores go up? Just like... Tama...|Oguri Cap: Whatcha talkin' 'bout?|Oguri Cap: Yup, that's her, all right."
1006,Oguri Cap,2,1,1006,,,Oguri Cap,,,310,middle left (table),1006002,home/data/00000/01/hometimeline_00000_01_1006002,"Oguri Cap: I wonder what Tome and the other folks from back home are doing right now...|Oguri Cap: It'd be nice if I could give them some good news soon.|Oguri Cap: Trainer, do you ever miss your hometown?|Oguri Cap: If you do, please let me know.|Oguri Cap: I will be your Tome!"
1006,Oguri Cap,3,1,1006,,,Oguri Cap,,,210,back left (campus map),1006003,home/data/00000/01/hometimeline_00000_01_1006003,"Oguri Cap: This school is filled with nothing but the best of the best Umamusume...|Oguri Cap: It makes my heart skip a beat. But I'm not scared... I'm excited.|Oguri Cap: Racing everyone here is so much fun, even more fun than back in Kasamatsu.|Oguri Cap: Watch me, Trainer. I swear... I will win!"
1006,Oguri Cap,4,2,1053,1006,,Bamboo Memory,Oguri Cap,,520,front left (campus map),1006001,home/data/00000/02/hometimeline_00000_02_1006001,"Bamboo Memory: Oguri, I challenge you! You and me, on the racecourse!|Oguri Cap: Sure thing. But...|Oguri Cap: Can it wait till after I finish this pork bun? After all...|Oguri Cap: Pork buns should be eaten when they're still hot!|Bamboo Memory: What are you saying?! Why...|Bamboo Memory: Of course you should finish that first! Now hurry up and eat it!|Oguri Cap: Heh... You got it!"
1006,Oguri Cap,5,2,1006,1021,,Oguri Cap,Tamamo Cross,,220,back left (campus map),1006002,home/data/00000/02/hometimeline_00000_02_1006002,"Oguri Cap: ...|Tamamo Cross: That freshly steamed rice and grilled salmon sure hit the spot...|Oguri Cap: Huh?! D-did I say that out loud?|Tamamo Cross: Nah, just a good guess. I figured you'd be thinkin' 'bout food.|Oguri Cap: That's amazing, Tama! You're like a real-life fortune teller!|Tamamo Cross: Yep, yep, it's always been a dream of mine... Nooot!"
1007,Gold Ship,1,1,1007,,,Gold Ship,,,510,front left (campus map),1007001,home/data/00000/01/hometimeline_00000_01_1007001,"Gold Ship: Saturn is exactly eighty light-minutes away from this very spot... Assuming a ten-centimeter diameter, that's the equivalent of lining up 140 million donuts.|Gold Ship: Easy-peasy! If I go all out, I can make that distance in two days!|Gold Ship: YOU! Get ready for lift off! Prepare the  emergency donuts!|Gold Ship: After all, when the going gets tough, the tough need donuts..."
1007,Gold Ship,2,1,1007,,,Gold Ship,,,310,middle left (table),1007002,home/data/00000/01/hometimeline_00000_01_1007002,"Gold Ship: If you ask me, there are two kinds of people in this world.|Gold Ship: Those who know when to swallow dried squid... and those who don't.|Gold Ship: If I'm being honest, I am the latter... No matter how much I chew, it just never feels <i>right.</i>|Gold Ship: Oh, a sympathetic face, I see.|Gold Ship: Then let us undertake this journey together... A journey to jaws strong enough to bite through even the Kraken itself!"
1007,Gold Ship,3,1,1007,,,Gold Ship,,,410,middle right (advertisements),1007003,home/data/00000/01/hometimeline_00000_01_1007003,"Gold Ship: Step right up! Get your iced hot water here!|Gold Ship: Bubbling hot water, cooled with only the iciest of ice...|Gold Ship: In other words, tepid water!|Gold Ship: Room temperature? More like right temperature! Not too cold, but not too hot! Get 'em while they're lukewarm!"
1007,Gold Ship,4,2,1007,1013,,Gold Ship,Mejiro McQueen,,220,back left (campus map),1007001,home/data/00000/02/hometimeline_00000_02_1007001,"Gold Ship: Look who's got her nose in a book. Whatcha reading, Big Mack?|Mejiro McQueen: <i>Umamusume Athletics through Physics.</i> I thought it might prove useful to my training.|Gold Ship: Ah, <i>Upon Achilles Shield Lies a Kebab,</i> eh... A great mystery novel if I say so myself.|Gold Ship: To think the kebab stand owner would be the culprit... I had the Turkish ice cream salesman pegged for the villain.|Mejiro McQueen: No, the book I'm reading is called <i>Umamusume Athletics through Physics.</i> It's—|Gold Ship: Oh, <i>Under the Overpass at Three in the Morning,</i> right? Yeah, that's one heck of an anthem. Really speaks to the problems with society.|Gold Ship: Really makes you think... Is the world corrupt, or is it just me? Deep stuff.|Mejiro McQueen: No, like I said, it's called <i>Umamusume Athletics through Physics!</i>|Gold Ship: <i>A Modern Relic: Java Man,</i> huh? Yeah,  old-fashioned values just don't cut it in the modern era, do they... That essay really gets to the core of the issue.|Mejiro McQueen: Oooh, that does it! Are you trying to have a conversation or not?!"
1007,Gold Ship,5,2,1007,1048,,Gold Ship,Tosen Jordan,,420,middle right (advertisements),1007002,home/data/00000/02/hometimeline_00000_02_1007002,"Gold Ship: <i>Hic...</i> So good! Thank you for giving up your freedom, oh delicious fishies!|Tosen Jordan: Uh... Why're you crying?|Gold Ship: Why wouldn't I be?! I must show my gratitude to the great sea bream!|Gold Ship: Every day they lay themselves down on a hot iron plate, never moving a muscle!|Gold Ship: There they lie, sacrificing their lives for us... Obviously we should show gratitude when consuming them!|Tosen Jordan: Wait, I thought taiyaki were just <i>shaped</i> like fish... You're telling me they're <i>real?!</i>|Tosen Jordan: Wow... talk about cringe. I legit just figured that out.|Gold Ship: We can't let their sacrifices be in vain! Now, promise you will appreciate the flavor of taiyaki!|Gold Ship: Thank you, taiyaki! May your flavor continue to satisfy me for eons to come!|Tosen Jordan: Yeah, you're the real GOAT here, taiyaki! We stan!"
1008,Vodka,1,1,1008,,,Vodka,,,310,middle left (table),1008001,home/data/00000/01/hometimeline_00000_01_1008001,"Vodka: Raaaaagh!|Vodka: DAMMIT! I can't get that stupid k-k-kiss scene from the movie out of my head!|Vodka: Come ooon, nerves of steel! Nerves of steel. Nerves of steel. <i>Nerves of steel!</i>|Vodka: ...|Vodka: Ugyaaaaah!"
1008,Vodka,2,1,1008,,,Vodka,,,110,right (jukebox),1008002,home/data/00000/01/hometimeline_00000_01_1008002,"Vodka: Ow, ow, ow... Been a while since I've gotten this sore... Talk about lame...|Vodka: Yesterday I found a car that had run into the ditch. These aches and pains are from dragging it back onto the road.|Vodka: The old lady driving was fine, and I managed to get the tires too, but...|Vodka: I don't know, the fact that something so small wore me out is so uncool..."
1008,Vodka,3,1,1008,,,Vodka,,,210,back left (campus map),1008003,home/data/00000/01/hometimeline_00000_01_1008003,"Vodka: Hehe, I've started collecting five-hundred-yen coins. I'm saving up for a motorcycle.|Vodka: Still don't know which one I want though. They're all so damn cool.|Vodka: Something American would be sweet as hell, but soaring down the roads in a liter bike sounds great too.|Vodka: Hnnngh, I can't wait! I'll take you for a ride when I finally get one!"
1008,Vodka,4,2,1008,1009,,Vodka,Daiwa Scarlet,,420,middle right (advertisements),1008001,home/data/00000/02/hometimeline_00000_02_1008001,"Vodka: Huh? Scarlet, you've got some rice stuck to your clothes.|Daiwa Scarlet: N-not so loud... I've got an image to protect!|Vodka: Oh, calm down, will ya? Just hurry up and clean yourself up, Miss Smarty Pants.|Daiwa Scarlet: Wh-where is it?!|Vodka: On the hem of your skirt. In the back. Do it now while there's no one looking.|Daiwa Scarlet: The back? Huh? Wh-where?|Vodka: Oh, for—man, you're annoying. Just turn your butt around. I'll grab it for you.|Daiwa Scarlet: Y-you don't have any sense of delicacy, do you?!"
1008,Vodka,5,2,1008,1015,,Vodka,T.M. Opera O,,120,right (jukebox),1008002,home/data/00000/02/hometimeline_00000_02_1008002,"Vodka: Opera O! I thought of a cool one-liner! Couldja give it a listen for me?!|Vodka: I spent all night thinking it up, so I'm sure it's a masterpiece!|T.M. Opera O: Haaa-ha-ha-ha-ha! All right, show me the depth of your abyss!|Vodka: I am the Ultimate Supernova of the Racecourse! Pull my trigger and watch me fly... Bam!|T.M. Opera O: Well, well, well! Not bad!|Vodka: Really?! Truly?!|T.M. Opera O: I could feel the radical nature of your nightmare. The rich vibrations of your supernova echoed endlessly into the night!|Vodka: Ohhh... How'd you make it even cooler?!"
1009,Daiwa Scarlet,1,1,1009,,,Daiwa Scarlet,,,310,middle left (table),1009001,home/data/00000/01/hometimeline_00000_01_1009001,"Daiwa Scarlet: Once I've finished helping the teacher, I believe that one classmate wanted to talk to me... After that, I need to prep for my lessons.|Daiwa Scarlet: I'm cutting it close schedule-wise, but it should be fine!|Daiwa Scarlet: Besides, it feels nice to have so many people depending on me.|Daiwa Scarlet: All right, let's go!"
1009,Daiwa Scarlet,2,1,1009,,,Daiwa Scarlet,,,510,front left (campus map),1009002,home/data/00000/01/hometimeline_00000_01_1009002,"Daiwa Scarlet: Tracen Academy may be big, but <i>I've</i> never gotten lost.|Daiwa Scarlet: Why would I? I already had the map from the campus pamphlets memorized long before I even started here.|Daiwa Scarlet: And now, whenever someone asks me for  directions, I can give them calmly and  promptly. ♪|Daiwa Scarlet: Got that? If you're going to be my trainer, you'd better have this place memorized as well!"
1009,Daiwa Scarlet,3,1,1009,,,Daiwa Scarlet,,,410,middle right (advertisements),1009003,home/data/00000/01/hometimeline_00000_01_1009003,"Daiwa Scarlet: We have a lot of events here at Tracen, so it's important to keep up with the postings on the bulletin board.|Daiwa Scarlet: Obviously different competitive events are listed, but they'll add information about recreational events too.|Daiwa Scarlet: If any of them catch your eye, it might make for a nice change of pace—|Daiwa Scarlet: Ah! D-don't get it twisted! I'm not saying I want to go with <i>you,</i> got it?!"
1009,Daiwa Scarlet,4,2,1008,1009,,Vodka,Daiwa Scarlet,,120,right (jukebox),1009001,home/data/00000/02/hometimeline_00000_02_1009001,"Vodka: Yup, no doubt about it. The best Umamusume are the cool ones!|Daiwa Scarlet: What nonsense. <i>Obviously</i> cuteness trumps coolness any day of the week!|Vodka: What?! Are you crazy?!|Vodka: What about that movie? ""Three Furlongs of the Heart,"" right? You were going on and on about how cool the male lead was!|Daiwa Scarlet: Well, what about you?! You said the heroine was so cute, you just <i>had</i> to cheer her on!|Vodka: ...You know what, let's just leave it at that.|Daiwa Scarlet: ...Th-that's my line."
1009,Daiwa Scarlet,5,2,1009,1032,,Daiwa Scarlet,Agnes Tachyon,,520,front left (campus map),1009002,home/data/00000/02/hometimeline_00000_02_1009002,"Daiwa Scarlet: Tachyon, thank you again for the supplements!|Agnes Tachyon: Ah, right. Well? Did they help your eye fatigue?|Daiwa Scarlet: Yes! By the next day, I was able to read the book I'd been dying to finish.|Agnes Tachyon: Oh? Any other changes? Any muscle spasms, increased blood circulation, or fits of ecstasy?|Daiwa Scarlet: No, not at all! I actually felt more relaxed than normal. It was like all my stress just disappeared...|Daiwa Scarlet: Just what is in those supplements? I'm sure it took a long time to come up with the current formula.|Agnes Tachyon: Hm? Ah, no, those supplements were created for a previous body modification experiment of mine, so—|Daiwa Scarlet: Training is already so stressful on its own. I can't believe you're also studying medicine on the side!|Daiwa Scarlet: Do you have any tips for efficient studying? I'd love to hear them if you do!|Agnes Tachyon: Oh... What an intriguing response. Heh... You're quite the dangerous one, if I do say so myself.|Daiwa Scarlet: ...?"
1010,Taiki Shuttle,1,1,1010,,,Taiki Shuttle,,,110,right (jukebox),1010001,home/data/00000/01/hometimeline_00000_01_1010001,"Taiki Shuttle: Mrgh... The teachers just don't <i>get</i> it. Parties make people happy—they're exciting! ""Disturbance,"" my foot...|Taiki Shuttle: Snacks, games, music! It just ain't a party if all my friends aren't there!|Taiki Shuttle: If I can't have one in the courtyard... I know! I'll hold one near the dorms! I'm sure Hishiama'll give me the okay!|Taiki Shuttle: I just need confetti-filled balloons, a bubble machine... and 'course, a big ol' barbeque! Hehe, I can't wait!"
1010,Taiki Shuttle,2,1,1010,,,Taiki Shuttle,,,310,middle left (table),1010002,home/data/00000/01/hometimeline_00000_01_1010002,"Taiki Shuttle: Uh-oh! Trainer, ya wouldn't happen to be feelin' under the weather, would ya?|Taiki Shuttle: Now, now, none of that! There ain't no foolin' <i>my</i> eyes!|Taiki Shuttle: Okay, that settles it! Today's training will feature Taiki's Special Happy Course!|Taiki Shuttle: The <i>EXTRA</i> happy version! I need to grab me 'bout five hundred party crackers!|Taiki Shuttle: Don't worry! We'll turn that frown upside down! Just you wait!"
1010,Taiki Shuttle,3,1,1010,,,Taiki Shuttle,,,210,back left (campus map),1010003,home/data/00000/01/hometimeline_00000_01_1010003,"Taiki Shuttle: Mama's package should get here any day now! It'll have snacks, milk...|Taiki Shuttle: Oh, and pictures of the dogs! I can't wait to see such a big part of our farm's family again!|Taiki Shuttle: They're all such good dogs too... I miss their sloppy kisses somethin' fierce.|Taiki Shuttle: I hope you get to meet 'em someday too, Trainer!|Taiki Shuttle: I'm sure they'll shower you in love and kisses! You're my trainer, after all!"
1010,Taiki Shuttle,4,2,1010,1018,,Taiki Shuttle,Air Groove,,520,front left (campus map),1010001,home/data/00000/02/hometimeline_00000_02_1010001,"Taiki Shuttle: Hmmm... <i>Hmmm...</i>|Air Groove: Hey, stop that at once! Why do you keep staring at me?!|Taiki Shuttle: I see the problem! Yer not smilin' enough, Air Groove!|Air Groove: ...What?|Taiki Shuttle: C'mon, smile! Ain't there a Japanese sayin' about fortune coming to the laughin' mates?|Air Groove: That's not quite correct. Try again.|Taiki Shuttle: Sure thing! Fortune comes to the dancin' plates!|Air Groove: That's even worse!"
1010,Taiki Shuttle,5,2,1010,1042,,Taiki Shuttle,Seeking the Pearl,,420,middle right (advertisements),1010002,home/data/00000/02/hometimeline_00000_02_1010002,"Taiki Shuttle: Hey there, Pearl! What's up?|Seeking the Pearl: <i>What's up?</i> Hm... Oh! <i>Yes, I'm dancing!</i>|Taiki Shuttle: Ohhh! Very nice! Let's hang out tonight!|Seeking the Pearl: <i>Hang?</i> Haha! <i>Let's have a gorgeous night!</i>|Taiki Shuttle: Oh, yes! Awesome! I can't wait!|Seeking the Pearl: Heh... I see you understand the universal  language!"
1011,Grass Wonder,1,1,1011,,,Grass Wonder,,,310,middle left (table),1011001,home/data/00000/01/hometimeline_00000_01_1011001,"Grass Wonder: Oh my, Trainer... Your hair's sticking straight up.|Grass Wonder: ...Hehe. It almost reminds me of an Umamusume's ears.|Grass Wonder: I suppose that means we match today. Hehe. ♪"
1011,Grass Wonder,2,1,1011,,,Grass Wonder,,,410,middle right (advertisements),1011002,home/data/00000/01/hometimeline_00000_01_1011002,"Grass Wonder: ...Hehe. ♪|Grass Wonder: I was looking at my terrarium this morning, and I noticed the moss had sprouted flowers.|Grass Wonder: Just like a real forest, every day brings new, small changes...|Grass Wonder: But there's something about flowers that just sparks joy, isn't there?|Grass Wonder: It truly makes you realize that there's a little world down there, living and changing.|Grass Wonder: If you ever wish to give terrariums a try, I highly recommend it. ♪"
1011,Grass Wonder,3,1,1011,,,Grass Wonder,,,510,front left (campus map),1011003,home/data/00000/01/hometimeline_00000_01_1011003,"Grass Wonder: Hehe, the matcha I received recently has the most lovely scent.|Grass Wonder: Perhaps I'll have some tea today.|Grass Wonder: I should still have some leftover treats from my mother that are perfect for tea...|Grass Wonder: Mhm... Hehe, I can't wait to get back."
1011,Grass Wonder,4,2,1014,1011,,El Condor Pasa,Grass Wonder,,220,back left (campus map),1011001,home/data/00000/02/hometimeline_00000_02_1011001,"El Condor Pasa: Gagh, dang! I forgot all about our homework!|Grass Wonder: Oh my, is everything all right?|El Condor Pasa: This is it... It's do or die! Grass, I need a favor—|Grass Wonder: You know I can't let you copy my homework, El...|El Condor Pasa: Nngh?!|Grass Wonder: There's no point to homework if you don't do it yourself...|Grass Wonder: I'm sure you can do it if you try. I'll be cheering you on!|El Condor Pasa: H-how did you know..."
1011,Grass Wonder,5,2,1011,1010,,Grass Wonder,Taiki Shuttle,,420,middle right (advertisements),1011002,home/data/00000/02/hometimeline_00000_02_1011002,"Grass Wonder: American-style barbeque, you say?|Taiki Shuttle: Yes! You're from America too, aren'cha? Don'cha miss the taste of a good barbeque?|Grass Wonder: Hm... To be honest, I personally prefer Japanese food.|Taiki Shuttle: Whoa, no kiddin'?!|Grass Wonder: Yes. Most of the food I prepare myself is also Japanese in style...|Taiki Shuttle: Oh...|Grass Wonder: Although... having American once in a while would be nice.|Grass Wonder: Could I join you, Taiki?|Taiki Shuttle: Y-yes! I'd love to have ya!"
1012,Hishi Amazon,1,1,1012,,,Hishi Amazon,,,310,middle left (table),1012001,home/data/00000/01/hometimeline_00000_01_1012001,"Hishi Amazon: Hey, Teach. I'm brainstormin' bento ideas for one of my juniors.|Hishi Amazon: Wouldn't it be fun to have little rice ball animals surrounded by a forest made of veggies?|Hishi Amazon: You know, one of those cute character bentos!|Hishi Amazon: She could eat it in between training, and she's not exactly expectin' fine dining, so I'm sure that'll make 'er happy.|Hishi Amazon: Ah, if I recreated her favorite manga's cover in bento form, she'd love it! All right, time to get cookin'!"
1012,Hishi Amazon,2,1,1012,,,Hishi Amazon,,,110,right (jukebox),1012002,home/data/00000/01/hometimeline_00000_01_1012002,"Hishi Amazon: I'm seeing more hot chocolate in the vending machines lately.|Hishi Amazon: Wait a minute. The vending machines at the dorms all have only cold drinks.|Hishi Amazon: Some people get stomachaches if they drink too many cold drinks, don't they?|Hishi Amazon: Okay, this sounds like a job for the dorm leader!|Hishi Amazon: I'll have a chat with Fuji and see if we can get the people in charge to add some hot options!"
1012,Hishi Amazon,3,1,1012,,,Hishi Amazon,,,210,back left (campus map),1012003,home/data/00000/01/hometimeline_00000_01_1012003,"Hishi Amazon: Yo, Teach! Listen to this!|Hishi Amazon: A while ago, a kid I know asked me to fix up their ripped stuffed animal.|Hishi Amazon: I did, and when I handed it back to them, they gave me this big smile and called me the ""Plushie Doctor.""|Hishi Amazon: I'm sure you can tell, but stuffed animals aren't exactly my thing. But I don't know, after seeing that smile...|Hishi Amazon: ...Hehe. I guess being a ""Plushie Doctor"" wouldn't be so bad."
1012,Hishi Amazon,4,2,1012,1016,,Hishi Amazon,Narita Brian,,420,middle right (advertisements),1012001,home/data/00000/02/hometimeline_00000_02_1012001,"Hishi Amazon: Brian! You and me—one-on-one!|Narita Brian: Not happening.|Hishi Amazon: Huh?! Wow, way to kill the mood!|Hishi Amazon: I mean, usually you'd be more... Huh?|Hishi Amazon: Wait... You seem kinda down in the dumps... Something happen?|Narita Brian: ...None of your business.|Hishi Amazon: Ha! Figured you'd say that! But unfortunately for you, I can't just leave you alone now.|Hishi Amazon: Go ahead... lay it on me. If there's something I can do for you, I'll do it.|Narita Brian: ...The school store ran out of yakisoba dogs.|Hishi Amazon: <i>THAT'S</i> what's got you down?!"
1012,Hishi Amazon,5,2,1012,1054,,Hishi Amazon,Biko Pegasus,,120,right (jukebox),1012002,home/data/00000/02/hometimeline_00000_02_1012002,"Hishi Amazon: Hey, Biko. Whatcha call me out for?|Biko Pegasus: Hishiama! Do you want to be an ally to justice?!|Hishi Amazon: Huh? What're you talking about?|Biko Pegasus: Courage! Empathy! Hot-blooded passion! You've got all the traits needed to be a hero!|Hishi Amazon: Haha. I know all about your dream of becoming a warrior of justice...|Hishi Amazon: But that's not really in the cards for an  Umamusume like—|Biko Pegasus: Ahhh, Hishiama, look over there! There's a bunch of bad guys going after a good Umamusume over there!|Hishi Amazon: They're what?! Not while I'm still breathin'! Stop, in the name of the law!|Biko Pegasus: Ohhh, that was perfect! You really <i>are</i> a warrior of justice!|Hishi Amazon: Ah... It just slipped out..."
1012,Hishi Amazon,6,3,1012,1016,1005,Hishi Amazon,Narita Brian,Fuji Kiseki,130,right (jukebox),2,home/data/00000/03/hometimeline_00000_03_0000002,"Hishi Amazon: Hey, Fuji, Brian. Can I ask you for a favor?|Narita Brian: What... Another one-on-one?|Fuji Kiseki: Sorry, but I unfortunately have plans.|Hishi Amazon: That's not it! C'mon, you seriously think that's all I ever say?!|Fuji Kiseki: Sorry, just teasing. So what is it?|Hishi Amazon: One of the students in the dorms is feeling homesick. I was thinking of cooking up some local delicacies for her.|Hishi Amazon: You guys free for lunch tomorrow? I need some taste-testers.|Narita Brian: Sure, I'll be there.|Fuji Kiseki: Oh? A prompt answer? From Brian?|Narita Brian: Ama's cooking is just that good. Nothing tedious about tasting her cooking.|Fuji Kiseki: I see. Well, I also enjoy Hishiama's cooking, so I'll be there as well!|Hishi Amazon: Thank you! I'm counting on you guys!"
1013,Mejiro McQueen,1,1,1013,,,Mejiro McQueen,,,310,middle left (table),1013001,home/data/00000/01/hometimeline_00000_01_1013001,"Mejiro McQueen: As a Mejiro Umamusume, I must display only the strongest sense of self-control...|Mejiro McQueen: That's right. This is just another test for me to overcome.|Mejiro McQueen: No matter what, I shall not give in... Not even for the cafeteria's deluxe Mont Blanc dessert!|Mejiro McQueen: I will resist this temptation... W-wait, it has <i>two</i> types of chestnuts? Hnnngh!"
1013,Mejiro McQueen,2,1,1013,,,Mejiro McQueen,,,510,front left (campus map),1013002,home/data/00000/01/hometimeline_00000_01_1013002,"Mejiro McQueen: The academy grounds certainly are vast... Much like the Mejiro estate.|Mejiro McQueen: I used to get lost in those halls all the time as a child. The butler often had to come find me.|Mejiro McQueen: Grandmother, in her infinite wisdom, decided to place a number of plushies around the halls to help me identify where I—|Mejiro McQueen: <i>Ahem!</i> Please pretend you didn't hear that."
1013,Mejiro McQueen,3,1,1013,,,Mejiro McQueen,,,410,middle right (advertisements),1013003,home/data/00000/01/hometimeline_00000_01_1013003,"Mejiro McQueen: No matter the race, our aim is always to win, no?|Mejiro McQueen: But in reality... Victory alone is not enough.|Mejiro McQueen: It is my familial duty to not just win, but win in an elegant and magnificent fashion.|Mejiro McQueen: Therefore, even at the Tenno Sho, I plan to show the crowd exactly how a Mejiro runs."
1013,Mejiro McQueen,4,2,1013,1030,,Mejiro McQueen,Rice Shower,,120,right (jukebox),1013001,home/data/00000/02/hometimeline_00000_02_1013001,"Mejiro McQueen: ...That sums it up quite nicely. What do you think, Rice?|Rice Shower: Umm... I must say it sounds... quite nice.|Mejiro McQueen: U-um, Rice... What did you... just say?|Rice Shower: Um... I am simply trying to... emulate you?|Mejiro McQueen: D-do I really speak in such a manner? Surely you must be exaggerating.|Rice Shower: No. You always speak so politely... like a princess in a picture book.|Mejiro McQueen: ...Well. When you say that with such sparkling eyes, how can I tell you to stop..."
1013,Mejiro McQueen,5,2,1013,1027,,Mejiro McQueen,Mejiro Ryan,,520,front left (campus map),1013002,home/data/00000/02/hometimeline_00000_02_1013002,"Mejiro McQueen: Ryan! Have you had a chance to see the game from the other day?!|Mejiro McQueen: Bottom of the ninth, two outs and all bases loaded! They were positively cornered! Yet somehow they pulled off the most miraculous—|Mejiro Ryan: Ah... M-McQueen, calm down, okay?|Mejiro McQueen: I most certainly will not! Just thinking about that moment makes me—|Mejiro Ryan: Stop, stop! Do you really wanna talk about this where people can hear you?|Mejiro McQueen: ...Ah!|Mejiro McQueen: A-ahaha. Whatever do you mean? A Mejiro would never be having any unrefined conversation...|Mejiro McQueen: That reminds me, I just received the most wonderful tea leaves. Why don't we go have some?|Mejiro Ryan: Ahaha, so that's your cover, huh? All right, let's go have some tea!|Mejiro McQueen: Y-yes! Tea... That's all we're doing!"
1013,Mejiro McQueen,6,3,1013,1027,1059,Mejiro McQueen,Mejiro Ryan,Mejiro Dober,430,middle right (advertisements),4,home/data/00000/03/hometimeline_00000_03_0000004,"Mejiro McQueen: <i>Sigh,</i> I'm at a loss. I don't know how to reply to Grandmother...|Mejiro McQueen: Where shall we go for our family vacation? I just can't think of any good suggestions!|Mejiro Ryan: Hm... Well, we've recently been to Hong Kong, Dubai, and the UK...|Mejiro Dober: The UK was fun. We could go there again.|Mejiro McQueen: That won't do. As a Mejiro, I must not fall back on past favorites!|Mejiro McQueen: I was appointed this task directly by  Grandmother. It is a trial that I must overcome!|Mejiro McQueen: It is my duty to suggest a <i>brand new</i> destination that will surprise and delight her!|Mejiro Dober: Or maybe she was just casually asking if there's anywhere you'd like to go...|Mejiro Ryan: Haha. That's so you, McQueen. You do you!"
1014,El Condor Pasa,1,1,1014,,,El Condor Pasa,,,310,middle left (table),1014001,home/data/00000/01/hometimeline_00000_01_1014001,"El Condor Pasa: Hehehe... At last. At long last! My super secret recipe is complete!|El Condor Pasa: Papa always said an athlete needs to watch what they eat... and I plan to do just that!|El Condor Pasa: With this raw egg, chicken breast and habanero drink in my arsenal, I shall soon be invincible, unstoppable, and SUPER SWOLE!|El Condor Pasa: The trick is... to hold your nose while you down it in one gulp."
1014,El Condor Pasa,2,1,1014,,,El Condor Pasa,,,210,back left (campus map),1014002,home/data/00000/01/hometimeline_00000_01_1014002,"El Condor Pasa: Da-dun-daaah! ♪ Da-dun! Da-dun! Dun-dah, dun-dadaaah... Boom!|El Condor Pasa: ...Come on! This is where you call my name! El Condor Pasa!|El Condor Pasa: You know, like a pro wrestler's entrance! Come on, Trainer, do it!|El Condor Pasa: I bet if we did it before a race, the crowd would get super hyped! Right? Right? Come on, let's do iiit!"
1014,El Condor Pasa,3,1,1014,,,El Condor Pasa,,,110,right (jukebox),1014003,home/data/00000/01/hometimeline_00000_01_1014003,"El Condor Pasa: ...How'd this end up here? Ah... there's another one...|El Condor Pasa: There's feathers everywhere... If the others see, they'll find out I'm keeping Mambo here—|El Condor Pasa: Gyah?! Trainer! H-h-how long have you been there?!|El Condor Pasa: You heard nothing! You will forget everything you just heard. In fact, who's Mambo? You certainly don't know!"
1014,El Condor Pasa,4,2,1011,1014,,Grass Wonder,El Condor Pasa,,520,front left (campus map),1014001,home/data/00000/02/hometimeline_00000_02_1014001,"Grass Wonder: El, were you napping during class? When I looked over, you were uncharacteristically still...|El Condor Pasa: Qué?! Y-you must be imagining things! Sleeping in class is forbidden! Prohibited! Absolutely not allowed!|Grass Wonder: What a lovely sentiment... But I saw you nodding off, so please stop lying.|El Condor Pasa: Awww... I guess I can't fool you, Grass...|El Condor Pasa: I've been trying to wake up early to get in a bit more running, but... now I'm so sleepy...|Grass Wonder: <i>Sigh...</i> I <i>suppose</i> I could show you my class notes just this once.|El Condor Pasa: Grass... Gracias! You have my gratitude!  Appreciation! My deepest thanks!|El Condor Pasa: Hm? Wait, if you're going to show me your notes, then I can take a short siesta during—|Grass Wonder: El...|El Condor Pasa: J-just kidding!"
1014,El Condor Pasa,5,2,1042,1014,,Seeking the Pearl,El Condor Pasa,,120,right (jukebox),1014002,home/data/00000/02/hometimeline_00000_02_1014002,"Seeking the Pearl: Strange... I thought I heard the most passionate melody coming from the courtyard just now.|Seeking the Pearl: Was that you by any chance?|El Condor Pasa: Yeees! It was my flamenco guitar skills!|El Condor Pasa: When I play my guitar, my passion, my zeal, my fervor boils over! I want to let my spirit soar!|El Condor Pasa: Ahhh, I can't take it anymore! I must express these feelings through <i>DANCE!</i>|Seeking the Pearl: Hehehe... Such passion! Such abundance! It's moving me to my core!|Seeking the Pearl: Ahhh... I can feel my legs being carried away by the rhythm!|El Condor Pasa: Bueno! You're a natural flamenco dancer!|Seeking the Pearl: Ooohoho! Let us dance like they do in Vegas! We're going to party all night long!|El Condor Pasa: Flamenco! Those steps! That passion! Dance on, my dangerous beauty!"
1015,T.M. Opera O,1,1,1015,,,T.M. Opera O,,,510,front left (campus map),1015001,home/data/00000/01/hometimeline_00000_01_1015001,"T.M. Opera O: Ah, Trainer! Have you seen my beloved  Josephine?|T.M. Opera O: Rarely do I ever let her leave my side, but it seems she's managed to abscond off somewhere...|T.M. Opera O: Hm? Ah, I speak, of course, of my beloved hand mirror. Oh, how she cries when she is on her own.|T.M. Opera O: But she needn't fear for long, for I am on my way! Wait for me, Josephiiine!"
1015,T.M. Opera O,2,1,1015,,,T.M. Opera O,,,410,middle right (advertisements),1015002,home/data/00000/01/hometimeline_00000_01_1015002,"T.M. Opera O: Don't be shy! Does a photograph with the great T.M. Opera O tickle your fancy?|T.M. Opera O: I can emulate a graceful angel descending from the heavens—a water spirit jovially playing with mermaids...|T.M. Opera O: No matter the role you give me, I shall embody it! For a limited time only!|T.M. Opera O: Well? Don't rush me all at once! Those who wish to partake, form a line!"
1015,T.M. Opera O,3,1,1015,,,T.M. Opera O,,,210,back left (campus map),1015003,home/data/00000/01/hometimeline_00000_01_1015003,"T.M. Opera O: Another long-fought and fearsome trial  overcome, I entered act two of my Prelude to Glory...|T.M. Opera O: Oh my, if it isn't Trainer.|T.M. Opera O: Impeccable timing. I was just giving a live rendition of <I>The Legend of T.M. Opera O.</I>|T.M. Opera O: Worry not, I still have three hundred pages to go! There's still plenty of scenes for you to enjoy!"
1015,T.M. Opera O,4,2,1015,1058,,T.M. Opera O,Meisho Doto,,120,right (jukebox),1015001,home/data/00000/02/hometimeline_00000_02_1015001,"T.M. Opera O: Greetings, Doto. Care to join me for some partner running?|Meisho Doto: Wh-what?! Y-you want <i>me</i> to be your partner?!|T.M. Opera O: But of course! I have no doubt that you and I will be able to synchronize splendidly!|Meisho Doto: I-in that case, how could I refuse?! I'll do my best to—|Meisho Doto: Hm? Synchronize? Like synchronized swimming? Y-you said partner <i>running,</i> right?|T.M. Opera O: Hehe, may the refrain we compose be as beautiful as two butterflies stroking the wind with their wings!|Meisho Doto: B-butterfly strokes?! So you <i>do</i> mean swimming!|Meisho Doto: N-no worries, I can handle that! I just need to go change into my swimsuit!|T.M. Opera O: Hm? Swimsuit?|T.M. Opera O: Aha! Wearing swimsuits while running would indeed be a sight to behold! A marvelous idea!|T.M. Opera O: Then I too shall don my swimsuit!"
1015,T.M. Opera O,5,3,1058,1015,1019,Meisho Doto,T.M. Opera O,Agnes Digital,130,right (jukebox),15,home/data/00000/03/hometimeline_00000_03_0000015,"Meisho Doto: Um, I ran confidently thanks to you, Opera O!|T.M. Opera O: Haaah ha ha ha! I saw! Your tenacious running brought a tear to my eye!|Agnes Digital: <i>Sigh...</i> Two opposites drawn together, their rivalry pushing them to grow even stronger, and maybe even closer...|Agnes Digital: It's giving me all the feels! OTP of the Year, right here!|T.M. Opera O: Hm? I don't know what you're saying, but I sense you are showing reverence toward your Overlord.|T.M. Opera O: As a sign of my gratitude, I shall appoint you an honorary citizen of the Kingdom of T.M. Opera!|Agnes Digital: I'm an honorary citizen? Of your kingdom?!|Agnes Digital: I-I couldn't possibly! This is more than I can handle!|Meisho Doto: A-are you okay, Digital?! If you're not feeling well, I'll take you to the infirmary!|Agnes Digital: <i>COUGH!</i> And now you want to be my <i>escort?!</i> My oshis, you are too generous..."
1015,T.M. Opera O,6,2,1015,1033,,T.M. Opera O,Admire Vega,,520,front left (campus map),1015002,home/data/00000/02/hometimeline_00000_02_1015002,"T.M. Opera O: Ayabe, you certainly seem to enjoy staring off into the distance.|Admire Vega: ...And? Leave me to it.|T.M. Opera O: Heh, such a frigid response is exactly what produces that aura of ennui.|T.M. Opera O: But I'm onto you. I know what your eyes are searching for.|Admire Vega: Huh?|T.M. Opera O: That's right. I've noticed... you're looking at <i>me!</i>|T.M. Opera O: Those eyes are always seeking me out, in  desperate search of their guiding star!|Admire Vega: <i>Sigh...</i>|T.M. Opera O: Haaah ha ha ha! It appears I've hit the nail on the head!|Admire Vega: I'll give you credit. When it comes to  confidence—no, delusion—no one does it better."
1016,Narita Brian,1,1,1016,,,Narita Brian,,,310,middle left (table),1016001,home/data/00000/01/hometimeline_00000_01_1016001,"Narita Brian: I saw a rare sight yesterday.|Narita Brian: Pretty sure it was a hawk... Never thought I'd see such a big bird on campus.|Narita Brian: Maybe birds of prey find the city more hospitable nowadays.|Narita Brian: Either way, I'd like to see that gallant silhouette again sometime."
1016,Narita Brian,2,1,1016,,,Narita Brian,,,110,right (jukebox),1016002,home/data/00000/01/hometimeline_00000_01_1016002,"Narita Brian: Tch... The heck was that?|Narita Brian: I heard a student call out to me, and the minute I turned around, she shoved these chocolates in my hands...|Narita Brian: Then she ran off. I didn't even have time to think.|Narita Brian: ...Her form was pretty good though. What class is she in?"
1016,Narita Brian,3,1,1016,,,Narita Brian,,,210,back left (campus map),1016003,home/data/00000/01/hometimeline_00000_01_1016003,"Narita Brian: They added a bunch of items to the cafeteria menu.|Narita Brian: Roast beef, fried chicken, spare ribs, beef tongue stew...|Narita Brian: Sounds pretty good... The texture and juiciness of a good hunk of meat can't be matched.|Narita Brian: Heh... I look forward to lunch."
1016,Narita Brian,4,2,1016,1023,,Narita Brian,Biwa Hayahide,,420,middle right (advertisements),1016001,home/data/00000/02/hometimeline_00000_02_1016001,"Narita Brian: Hm? Sis? What do you want?|Biwa Hayahide: I hear you broke the monthly record in your last scrimmage.|Narita Brian: Hmph... Who cares about times?|Narita Brian: What matters is whether you win or lose.|Biwa Hayahide: Hmph, nonsense. Numbers provide us with evidence of our growth in a simple to understand format.|Biwa Hayahide: And for those who wish to beat your record, having a concrete time will prove helpful.|Biwa Hayahide: If you truly want a worthy opponent, you should keep breaking records.|Narita Brian: Tch... Whatever.|Narita Brian: By the way, all those numbers in your noggin? They're the reason your head's so big.|Biwa Hayahide: M-my head is <i>not</i> big!"
1016,Narita Brian,5,2,1016,1012,,Narita Brian,Hishi Amazon,,120,right (jukebox),1016002,home/data/00000/02/hometimeline_00000_02_1016002,"Narita Brian: Tch...|Hishi Amazon: Sheesh, who spit in your coffee? How about a race to work out some frustration?|Narita Brian: No, I've already got enough trouble.|Narita Brian: I got a package of vegetables from my family, and there's just so many...|Hishi Amazon: What? That's it? Why didn't you say so sooner?|Hishi Amazon: Do you know how many Umamusume here have insane appetites? I'll cook up those veggies in a jiffy!|Narita Brian: You sure? There's a lot.|Hishi Amazon: You looking down on the cooking skills of Miho Dormitory's Hishiama?! I'll make you eat those words!|Hishi Amazon: Literally! You're having some too! I know you hate veggies, but my cooking'll change your mind!|Narita Brian: Urgh..."
1017,Symboli Rudolf,1,1,1017,,,Symboli Rudolf,,,310,middle left (table),1017001,home/data/00000/01/hometimeline_00000_01_1017001,"Symboli Rudolf: Mhm. It's nice to see the students going about their daily lives with such vigor.|Symboli Rudolf: However, my presence seems to have put some on edge.|Symboli Rudolf: I understand, but I do wish they'd find me more approachable...|Symboli Rudolf: Perhaps I should take a page from Fuji Kiseki. Learning magic tricks might soften my image."
1017,Symboli Rudolf,2,1,1017,,,Symboli Rudolf,,,110,right (jukebox),1017002,home/data/00000/01/hometimeline_00000_01_1017002,"Symboli Rudolf: Hehe, Trainer, listen to this.|Symboli Rudolf: Just now, I saw a thirsty student buying a drink from the vending machine.|Symboli Rudolf: She looked <i>soda-lighted...</i>|Symboli Rudolf: Hahaha! A masterful pun, no?"
1017,Symboli Rudolf,3,1,1017,,,Symboli Rudolf,,,210,back left (campus map),1017003,home/data/00000/01/hometimeline_00000_01_1017003,"Symboli Rudolf: Wondering why I'm reading in a place like this? Your face betrays you, Trainer.|Symboli Rudolf: Have you ever heard that the law should serve the people, as opposed to the other way around?|Symboli Rudolf: It's a reminder that knowing your constituents is vital to governing, but one must also know the law to teach it.|Symboli Rudolf: Therefore, I am studying the law while also observing the people. Killing two birds with one stone, if you will. You should try it sometime."
1017,Symboli Rudolf,4,2,1017,1004,,Symboli Rudolf,Maruzensky,,420,middle right (advertisements),1017001,home/data/00000/02/hometimeline_00000_02_1017001,"Symboli Rudolf: So I hear you have a suggestion for one of our posters?|Maruzensky: Yup! And I just know the groovy cats at this school are gonna love it!|Maruzensky: Why not put the Arc de Triomphe in the  background? I bet it'd look super rad!|Symboli Rudolf: Quite the idea... I'll have to let the public relations office know.|Symboli Rudolf: On a more personal note... Maruzensky, may I ask you a question?|Maruzensky: Sure! Ask away!|Symboli Rudolf: Is ""groovy"" one of those terms that is fashionable nowadays?|Symboli Rudolf: I am a bit behind the times when it comes to slang. Could I trouble you to teach me a few words?|Maruzensky: Hehehe, no problemo! ☆ When it comes to slang, I'm your gal!|Symboli Rudolf: Thank you. I can't wait to see the look on Air Groove and the others' faces. Haha."
1017,Symboli Rudolf,5,2,1003,1017,,Tokai Teio,Symboli Rudolf,,120,right (jukebox),1017002,home/data/00000/02/hometimeline_00000_02_1017002,"Tokai Teio: Eeewww! It's so bitter!|Symboli Rudolf: That's why I told you to add sugar and milk.|Tokai Teio: Awww, but you never add that stuff, Prez!|Tokai Teio: I wanna drink coffee just like you do!|Symboli Rudolf: Is that so...|Symboli Rudolf: Well, I have to admit, today's coffee is especially astringent.|Symboli Rudolf: Perhaps I'll add a little sugar myself.|Tokai Teio: Huh? You will?|Tokai Teio: Then I will too!|Symboli Rudolf: ...Heh."
1017,Symboli Rudolf,6,3,1018,1017,1016,Air Groove,Symboli Rudolf,Narita Brian,130,right (jukebox),5,home/data/00000/03/hometimeline_00000_03_0000005,"Air Groove: We received a report of damaged floorboards due to deteriorating infrastructure.|Symboli Rudolf: Hm... Have a contractor stop by and give us an estimate to fix it. Brian, can you make a sign to alert any passing students? Something simple is fine.|Narita Brian: ...Sounds like a pain.|Air Groove: Just so we're clear, you're not getting any help from me this time! You're a vice-president too, so try to act like one!|Narita Brian: Tch...|Symboli Rudolf: Haha, I'm looking forward to the sign, Brian. As for me, I shall head over to inspect the area. We need to know how bad the damage is.|Symboli Rudolf: In order to properly convey to the contractor the degree of damage, we need more eyes on the ground... Hm? Eyes on the... ground.|Air Groove: Um, President?|Symboli Rudolf: Hehe... Eyes on the ground. Get it? It's the floor! Hahaha!|Narita Brian: This isn't the time for jokes..."
1018,Air Groove,1,1,1018,,,Air Groove,,,310,middle left (table),1018001,home/data/00000/01/hometimeline_00000_01_1018001,"Air Groove: Our student council activities involve a lot of photography today...|Air Groove: Quite frankly, I'm fed up with it... But as the Empress, this is my duty.|Air Groove: I must embody everyone's ideals in physical form. If that means enduring photoshoots, so be it.|Air Groove: Although, I could do without the flash... My eyes..."
1018,Air Groove,2,1,1018,,,Air Groove,,,510,front left (campus map),1018002,home/data/00000/01/hometimeline_00000_01_1018002,"Air Groove: Well now... what to do...|Air Groove: One of my juniors keeps failing her tests... It's honestly impressive.|Air Groove: But that just makes teaching them all the more rewarding. I must be thorough... flawless in my methods.|Air Groove: All right, I've already discerned her weakest areas, so let's create a few problems for her to work on. Then we can begin studying tonight!"
1018,Air Groove,3,1,1018,,,Air Groove,,,410,middle right (advertisements),1018003,home/data/00000/01/hometimeline_00000_01_1018003,"Air Groove: Judging from the agenda... I think it's safe to assume my next student council meeting will run late.|Air Groove: Trainer, if you have time that day, would you mind watering the flowers for me?|Air Groove: I will only say this once, but please be sure to not overwater the plants.|Air Groove: Too much water will lead to root rot. You must observe the soil's condition and make a judgement based on that.|Air Groove: If I said it's similar to training Umamusume, you'd understand, wouldn't you?"
1018,Air Groove,4,2,1009,1018,,Daiwa Scarlet,Air Groove,,120,right (jukebox),1018001,home/data/00000/02/hometimeline_00000_02_1018001,"Daiwa Scarlet: Excuse me! Thank you very much for taking time to come see my race the other day!|Air Groove: Yes, and what an excellent race it was.|Air Groove: I know you changed your running style shortly before the race, but you managed to pull it off splendidly.|Daiwa Scarlet: Naturally! I would never dare to ignore advice from you of all people!|Air Groove: Frankly, I was... worried that my words may have placed a heavy burden on you.|Air Groove: But I see now that there was no cause for concern. Your diligence is not something to be trifled with.|Air Groove: Scarlet, you did well.|Daiwa Scarlet: Th-th-thank you so much!|Daiwa Scarlet: She praised me!|Air Groove: ...Heh."
1018,Air Groove,5,2,1022,1018,,Fine Motion,Air Groove,,520,front left (campus map),1018002,home/data/00000/02/hometimeline_00000_02_1018002,"Fine Motion: Groove, about the tea you shared with me yesterday...|Air Groove: What is it? Did it not suit your tastes?|Fine Motion: Oh, quite the opposite! I was wondering if you could tell me the brand so I can buy some more.|Air Groove: I see... Heh.|Air Groove: I'm glad you enjoyed it, but unfortunately it is not something you can purchase. That tea was made with chamomile flowers I grew myself.|Fine Motion: Yourself?! Oh my, I received quite the valuable gift.|Fine Motion: Hehe, then may I ask for some more to send to my family? They love all kinds of tea!|Air Groove: N-now wait just a moment! I'm afraid I can't allow you to do that!|Air Groove: Your family's thank-you gifts always completely fill up my room. I end up with no place to sleep!|Fine Motion: Ah... Yes, I can see that. They do tend to go a bit overboard expressing their gratitude."
1019,Agnes Digital,1,1,1019,,,Agnes Digital,,,310,middle left (table),1019001,home/data/00000/01/hometimeline_00000_01_1019001,"Agnes Digital: My fav Umamusume is live streaming today! ♪ I've gotta check out her new merch and peep her socials too!|Agnes Digital: And! Tomorrow's her concert! But I have  homework and training to do...|Agnes Digital: <i>Sigh...</i> There's just way too much good content... How am I... supposed to keep up...|Agnes Digital: ...with all this HAPPINESS?! Ahhh, this is perfect! I'm living my best life!"
1019,Agnes Digital,2,1,1019,,,Agnes Digital,,,410,middle right (advertisements),1019002,home/data/00000/01/hometimeline_00000_01_1019002,"Agnes Digital: Trainer, I need you! The student council is holding a ballroom dance lesson, and I'd like you to come with me!|Agnes Digital: You need a partner to join, but I could never be so bold as to ask another Umamusume!|Agnes Digital: Besides, what I want to see is the other  Umamusume dancing together! Not me pairing up with them!|Agnes Digital: I won't be as nervous if you're my partner. There's no one else I can ask! Please! Pleeeaaase!"
1019,Agnes Digital,3,1,1019,,,Agnes Digital,,,510,front left (campus map),1019003,home/data/00000/01/hometimeline_00000_01_1019003,"Agnes Digital: I've heard about ""pulling out all the stops,"" and now I understand what it means.|Agnes Digital: I'll run turf, dirt—whatever it takes to see my Umas shining up close and personal!|Agnes Digital: If it's for my oshis, I'll gladly line up in the freezing cold to buy merch or get up at the break of dawn in the summer heat!|Agnes Digital: Huehehe! No battleground is too harrowing when it comes to my Umas! Facing hardship only makes a hero stronger!"
1019,Agnes Digital,4,2,1001,1019,,Special Week,Agnes Digital,,220,back left (campus map),1019001,home/data/00000/02/hometimeline_00000_02_1019001,"Special Week: Um, Digital... There's something I've been meaning to ask you.|Agnes Digital: Hwaughhh! You have a question for <i>me?!</i>|Agnes Digital: I'm an open book! Please ask me anything you want!|Special Week: Okay, thank you! I was wondering...|Special Week: What does ""the next volume"" mean?!|Agnes Digital: HEURGH?!|Special Week: You looked really excited when you said ""This is totally going in the next volume!"" So tell me, what is it?|Agnes Digital: <i>GASP!</i> I... I can't believe... You mean I... said that out loud?! Don't tell me I was speaking the whole time?!|Special Week: Are <i>The Secret Race</i> and <i>The Feel of Your Tail</i> popular manga right now? Or are they training books or something?|Agnes Digital: HNNNGGG... You even know... the titles! N-no more... I'm... dying of cringe!|Special Week: Please tell me!|Agnes Digital: I'm sorryyyyy!"
1019,Agnes Digital,5,2,1019,1047,,Agnes Digital,Zenno Rob Roy,,420,middle right (advertisements),1019002,home/data/00000/02/hometimeline_00000_02_1019002,"Agnes Digital: E-e-excuse me, Rob Roy! Um, would you happen to be looking for a bookmark?|Zenno Rob Roy: Huh? How did you know?|Agnes Digital: W-well, I was in town the other day when I just happened to spot you ahead of me, and you dropped your bookmark in that very same moment...|Agnes Digital: I picked it up right away and tried to catch up to you, but I lost you in the crowd! S-so I held onto it until I could give it back...|Zenno Rob Roy: O-oh, so that's where it went! Thank you for keeping it safe for me.|Zenno Rob Roy: But I'm surprised you recognized me just from seeing my back. There's not much about me that stands out...|Agnes Digital: What?! You were glowing though!|Zenno Rob Roy: Huh?|Agnes Digital: Your dark, shiny ears and your tail were shining a glorious light! And you looked like a great scholar holding your book! How could anyone miss such a splendid Umamusume?!|Zenno Rob Roy: Wh... what? I don't know what you're talking about. What light? A scholar?|Zenno Rob Roy: You flatter me! Hehe. ♪ ""The wise scholar of light"" sounds like a heroic tale!"
1020,Seiun Sky,1,1,1020,,,Seiun Sky,,,310,middle left (table),1020001,home/data/00000/01/hometimeline_00000_01_1020001,"Seiun Sky: Ah, training time already, huh... Okaaay, I'll go get—|Seiun Sky: Huh?! What was that?!|Seiun Sky: Shhh! Quiet! Don't move a muscle...|Seiun Sky: Stop! Just... close your eyes! Focus all your energy on listening...|Seiun Sky: ...Come on, half-closed eyes aren't gonna cut it. Geez...|Seiun Sky: How am I supposed to run away while you're not looking? Nyahaha."
1020,Seiun Sky,2,1,1020,,,Seiun Sky,,,210,back left (campus map),1020002,home/data/00000/01/hometimeline_00000_01_1020002,Seiun Sky: Looks like I’m racing... this girl next.|Seiun Sky: She tends to hit the gas the minute she sees the stretch... So if just make her use up her stamina on the second corner...|Seiun Sky: Now this is going to be a fun race. ♪
1020,Seiun Sky,3,1,1020,,,Seiun Sky,,,110,right (jukebox),1020003,home/data/00000/01/hometimeline_00000_01_1020003,"Seiun Sky: Oh, Trainer. My next race is in Kyoto, right?|Seiun Sky: Hehehe... Just thought I'd better do some pre-race research.|Seiun Sky: I found all sorts of hidden fishing spots! Whenever the fishing itch hits, just leave it to me. ♪"
1020,Seiun Sky,4,2,1020,1061,,Seiun Sky,King Halo,,520,front left (campus map),1020001,home/data/00000/02/hometimeline_00000_02_1020001,"Seiun Sky: <i>Sigh...</i> Why are we getting so much homework lately?|King Halo: Are we? I can't say I've noticed any change.|Seiun Sky: Ngh... Are you being serious?|King Halo: I am. In fact, I've already finished the math homework due tomorrow...|Seiun Sky: What?! No way! But those were so hard...|Seiun Sky: ...Oh, I getcha. You just filled in an answer to get it done, didn't you?|King Halo: I would never! I always show my work... and I'll prove it!|King Halo: Come to my room later today!|Seiun Sky: All right... We'll see who proves who wrong...|Seiun Sky: ...And I might take a quick peek at your answers while I'm there. Teehee. ☆"
1020,Seiun Sky,5,2,1020,1051,,Seiun Sky,Nishino Flower,,220,back left (campus map),1020002,home/data/00000/02/hometimeline_00000_02_1020002,"Seiun Sky: Uuugh, that's it. I'm all tapped out. Flower, wake me up in half an hour.|Nishino Flower: Ah, okay! Leave it to me. I'll set an alarm so I don't forget.|Seiun Sky: ...Flower, don't you think you're being a bit too nice?|Seiun Sky: ""What, you're going to nap <i>now?!""</i> or ""Wake yourself up!"" are the type of responses I usually get.|Nishino Flower: Hm? Why would I do that? You wouldn't be napping if you weren't tired, right?|Nishino Flower: Don't you worry! I'll keep track of the time, so you get lots of rest and recover your energy!|Seiun Sky: Hnnngh... Flower used Conscience Attack. Sei is racked with guilt!|Seiun Sky: Change of plans. You and I are gonna take a nap together, Flower. I'll set an alarm and wake us up.|Nishino Flower: Huh?! I'm napping too?|Seiun Sky: You sure are. Getting lots of sleep is vital for growing children, so... Get lots of z's and grow up fast."
1021,Tamamo Cross,1,1,1021,,,Tamamo Cross,,,310,middle left (table),1021001,home/data/00000/01/hometimeline_00000_01_1021001,"Tamamo Cross: Arrrgh! Seriously, WHAT DA HELL! I can't take it anymore!|Tamamo Cross: What is Brian's DEAL? If she's gonna eat so much, the cafeteria needs to start limitin' people!|Tamamo Cross: And please! Somebody stop Rudolf and her crimes against comedy!|Tamamo Cross: <i>Pant, pant...</i> But no one else is makin' wise cracks... Am <i>I</i> the weird one?"
1021,Tamamo Cross,2,1,1021,,,Tamamo Cross,,,210,back left (campus map),1021002,home/data/00000/01/hometimeline_00000_01_1021002,"Tamamo Cross: Hey, hey. This is between you and me...|Tamamo Cross: But if ya wanna add volume to your food, you should add tofu!|Tamamo Cross: Just add it to your stir-fry or whatever, and it'll soak all the flavors up, bringin' your dish to the next level!|Tamamo Cross: You can buy tofu anywhere, and it really fill ya up! Give it a try sometime!"
1021,Tamamo Cross,3,1,1021,,,Tamamo Cross,,,110,right (jukebox),1021003,home/data/00000/01/hometimeline_00000_01_1021003,"Tamamo Cross: Phew... It's scary... just how good I am!|Tamamo Cross: What, ya wanna know more? Fine, since you're practically beggin', I'll tell ya! You see...|Tamamo Cross: There were three sales going on at the same time. And I <i>perfectly</i> cruised through all three, buying up <i>aaall</i> the sale items on offer!|Tamamo Cross: You shoulda seen it. I was White Lightning, weavin' between people on the crowded street!"
1021,Tamamo Cross,4,2,1021,1006,,Tamamo Cross,Oguri Cap,,520,front left (campus map),1021001,home/data/00000/02/hometimeline_00000_02_1021001,"Tamamo Cross: Hey, Oguri. Don'tcha think it's about time ya folded?|Oguri Cap: I absolutely will not give in!|Tamamo Cross: Hmph. Well, neither will I.|Tamamo Cross: Ikayaki is squid fried in batter!|Oguri Cap: Ikayaki is just plain grilled squid!|Tamamo Cross: What part aren'tcha understandin'? When you just grill the whole thing plain, it's called sugatayaki!|Oguri Cap: But—|Tamamo Cross: Hah! See? You can't argue with my perfect squid logic, so eat your words!|Tamamo Cross: Huh?! I didn't mean literally!|Oguri Cap: My apologies. All this talk of eating and squid made my stomach grumble...|Tamamo Cross: Eh... fine, whatever. Let's drop this for now. Wanna go to the cafeteria?"
1021,Tamamo Cross,5,2,1040,1021,,Gold City,Tamamo Cross,,220,back left (campus map),1021002,home/data/00000/02/hometimeline_00000_02_1021002,"Gold City: Hm...|Tamamo Cross: What's up, City? Somethin' on your mind? I'm here to listen, so let it all out!|Gold City: ...Well... I was just thinking, I don't know anything about kids' fashion...|Tamamo Cross: Clothes, huh? Well, I like sleeves that're easy to roll up so I can play in the sand.|Tamamo Cross: Wait, why're ya askin' me 'bout kids' clothes?! I just wear a size small in adult sizes!|Gold City: Oh, that's not what I meant. For my next job, I have to do styling on a kids' photoshoot.|Gold City: ...Oh yeah, you have younger siblings. What do they usually wear?|Tamamo Cross: Honestly, we give 'em the <i>simplest</i> clothes we can find. They'll only come home covered in mud anyways!|Gold City: I see... They'd do best in a natural environment where they feel comfortable. But I don't wanna get the costumes dirty...|Tamamo Cross: City! City! You're overthinkin' it! You'll scare the tykes scrunchin' up your face like that!|Tamamo Cross: Remember to smile! The kids will be happy with whatever ya pick for 'em as long as you look happy stylin' them! I'm sure you're gonna get some great photos!|Gold City: Tamamo... You're right. Thanks for the advice."
1021,Tamamo Cross,6,3,1021,1034,1045,Tamamo Cross,Inari One,Super Creek,430,middle right (advertisements),16,home/data/00000/03/hometimeline_00000_03_0000016,"Tamamo Cross: Hey, I just remembered—Oguri was all pumped for some eatin' contest that's comin' up.|Inari One: Oh? That sounds like a blast! I'm not one to miss a festival. Maybe I should join.|Tamamo Cross: Wait, you're gonna enter too?!|Tamamo Cross: Grrr... I might lose to Oguri, but there's no way I'm losin' to someone my own size!|Tamamo Cross: That does it! Count me in! Prepare to lose <i>big</i> time!|Super Creek: Well, doesn't that sound fun. I wish the best of luck to both of you. ♪|Inari One: Come on, Creek, it's now or never. Don'tcha wanna show off your stuff too?|Super Creek: Hehe, it's fine. I'll be at the infirmary, ready to take care of you two when you collapse. ♪|Tamamo and Inari: Da heck! You think we can't handle it?!  Za heck! You think we can't handle it?!"
1022,Fine Motion,1,1,1022,,,Fine Motion,,,310,middle left (table),1022001,home/data/00000/01/hometimeline_00000_01_1022001,"Fine Motion: What should I do today... ♪|Fine Motion: I could go into town and people watch—I mean, take a stroll... Or maybe I could search for a four-leaf clover?|Fine Motion: Hehe, it's so fun thinking about what to do!|Fine Motion: All right, I've decided! I'll do both! First I'll find a four-leaf clover, then I'll go into town! ♪"
1022,Fine Motion,2,1,1022,,,Fine Motion,,,110,right (jukebox),1022002,home/data/00000/01/hometimeline_00000_01_1022002,"Fine Motion: Hey, have you heard? Apparently, someone out there's invented a ramen vending machine!|Fine Motion: With just a push of a button, it'll make a fresh, hot bowl of ramen for you anytime!|Fine Motion: I wonder if we could get some installed back in Ireland? If we had an easy way to connect with other cultures, I think more people would show an interest in Japan.|Fine Motion: Ramen... will be a bridge between nations. Mm-hm. ♪ Doesn't that just sound lovely?"
1022,Fine Motion,3,1,1022,,,Fine Motion,,,210,back left (campus map),1022003,home/data/00000/01/hometimeline_00000_01_1022003,"Fine Motion: Tracen Academy is truly amazing, isn't it? Wherever you wish to go, you can get there quickly.|Fine Motion: It's not too big, so it's easy to remember your way around, too! ♪|Fine Motion: I might actually be able to walk around and see all the facilities here!|Fine Motion: I tried that at home once, but it was so big I got lost. Maybe I'll try again here! ♪"
1022,Fine Motion,4,2,1022,1036,,Fine Motion,Air Shakur,,420,middle right (advertisements),1022001,home/data/00000/02/hometimeline_00000_02_1022001,"Fine Motion: Hey, Shakur! Can you think of anything that rhymes with peas?|Air Shakur: Huh? The hell did that come from? ...And come on, you think I'd fall for that?|Fine Motion: Aw, it didn't work. I've been trying to figure out how to make you smile.|Air Shakur: ...Someone of your royal standing shouldn't be wasting their time trying to amuse me.|Fine Motion: But I know you actually smile a lot.|Fine Motion: I've seen it loads of times. When you solve a difficult equation or look at data, you smile.|Air Shakur: That... That's what people call a wicked smile. It's not the kinda look you go out of your way to try and see.|Fine Motion: Really? It feels more like an accomplished smile to me. And considering I've seen lots of smiles from all around the world, I'd say you can trust my opinion! ♪|Fine Motion: I know, maybe you'll get pulled in if I start laughing. Here goes! Ahahahahaaa!|Air Shakur: Did you seriously think that would work?! Of all the—|Air Shakur: ...<i>Sigh.</i> Bring me a tough number puzzle first and then we can talk.|Fine Motion: Really?! Okay, I will! ♪"
1022,Fine Motion,5,2,1022,1018,,Fine Motion,Air Groove,,120,right (jukebox),1022002,home/data/00000/02/hometimeline_00000_02_1022002,"Fine Motion: Oh, it's already budding? Can I come by later and take photos? I want to add them to Umastagram!|Air Groove: That's fine with me. You're always taking photos and videos, aren't you?|Fine Motion: Yeah. I want to make lots of records and  memories of my time here!|Fine Motion: I see you leaving likes on them too sometimes. Thank you! ♪|Air Groove: You should be thanking those impressive  photography skills of yours.|Air Groove: By the way... Don't you want to buy a proper camera?|Fine Motion: No, I have enough features on my phone camera, and I want my photos to feel candid.|Fine Motion: Oh, I've taken lots of good ones recently! ♪ They're not on Umastagram yet!|Fine Motion: Which one would you like to see? I've got a rare six-leaf clover, Dober sleeping, my recent favorite ramen, a video of Shakur typing...|Fine Motion: Or how about the cute one I've got of you with a ladybug on your shoulder? ♪|Air Groove: ...Wait, when did you take that last one?"
1022,Fine Motion,6,3,1022,1009,1059,Fine Motion,Daiwa Scarlet,Mejiro Dober,530,front left (campus map),17,home/data/00000/03/hometimeline_00000_03_0000017,"Fine Motion: Hey, girls. Can we take a picture together? I want to send it to my family! ♪|Daiwa Scarlet: Of course, I don't mind. Do you just want a normal photo of us though?|Daiwa Scarlet: We could go somewhere nice and wear fancy clothes to make the photo more special.|Mejiro Dober: ...She's right. I think I'll sit this one out. I'm sure your family wouldn't want to see a plain Umamusume like me.|Fine Motion: No way, I <i>want</i> it normal! And I want my family to see all my precious friends, so you've got to be in the picture.|Fine Motion: Oh, but deciding on a pose would be nice! How do you two normally pose for photos?|Daiwa Scarlet: Sometimes I raise both hands, or bring them to my face... What about you?|Mejiro Dober: I try to stand out as little as possible, so I don't usually pose.|Fine Motion: Hm, I see... In that case, let's make up a pose that only we do together!|Daiwa Scarlet: Oh, now that sounds like a fun idea! Let's make up a super cute pose that will stick in people's memories!|Mejiro Dober: I feel like that would make the photo kind of special though. Are you okay with it not being ""normal""?|Fine Motion: Hehe, this is different! This kind of special shows that we're close and having fun together! ♪"
1023,Biwa Hayahide,1,1,1023,,,Biwa Hayahide,,,310,middle left (table),1023001,home/data/00000/01/hometimeline_00000_01_1023001,"Biwa Hayahide: Trainer... Would you consider bananas to be a snack?|Biwa Hayahide: In addition to being packed with vitamins, minerals, and fiber, they also provide glucose, which our minds use as an energy source.|Biwa Hayahide: Therefore, I propose that they be relabeled... as a meal.|Biwa Hayahide: If you have any arguments, let's hear them—right here, right now. We shall debate this topic until we both reach an agreement."
1023,Biwa Hayahide,2,1,1023,,,Biwa Hayahide,,,410,middle right (advertisements),1023002,home/data/00000/01/hometimeline_00000_01_1023002,"Biwa Hayahide: I'm going shopping with Ticket and Taishin on our next day off. I just hope we reach our destination...|Biwa Hayahide: Ticket is always lured in by the food samples, so she tends to take the main street. Meanwhile, Taishin hates crowds and sticks to the alleyways...|Biwa Hayahide: I have to devise some way for all of us to get to our destination without getting separated...|Biwa Hayahide: I've got it... We'll just have to hold hands!"
1023,Biwa Hayahide,3,1,1023,,,Biwa Hayahide,,,510,front left (campus map),1023003,home/data/00000/01/hometimeline_00000_01_1023003,"Biwa Hayahide: Oh, Trainer. Sorry, am I in the way?|Biwa Hayahide: I thought you might want to look at the map, you see. If I'm blocking your view, I'll gladly step asi—|Biwa Hayahide: ...Just so we're clear, I thought I might be an obstruction due to my position, <i>not</i> because of the size of my head.|Biwa Hayahide: Understood?!"
1023,Biwa Hayahide,4,2,1023,1016,,Biwa Hayahide,Narita Brian,,220,back left (campus map),1023001,home/data/00000/02/hometimeline_00000_02_1023001,"Biwa Hayahide: Brian... I received a call from our mother.  Evidently you aren't returning her calls or messages.|Biwa Hayahide: She was asking all sorts of questions. Mostly about your life in school.|Narita Brian: ...What a pain.|Biwa Hayahide: I figured you'd say as much. So I told her about your race records and the adorable lunchbox Hishiama made you...|Narita Brian: Huh?! Wh-where'd you hear about that...|Biwa Hayahide: Hm? From Hishiama, of course. Which reminds me, she told me you received a letter from another student—|Narita Brian: Okay, I get it! I'll call Mom!|Biwa Hayahide: Oh! Thank you, I'm sure Mother will be quite pleased!"
1023,Biwa Hayahide,5,2,1023,1047,,Biwa Hayahide,Zenno Rob Roy,,420,middle right (advertisements),1023002,home/data/00000/02/hometimeline_00000_02_1023002,"Biwa Hayahide: Hrm... I wish my glasses wouldn't fog up after practice.|Zenno Rob Roy: I've almost tripped thanks to that fog... But I don't think I'm ready for contacts.|Biwa Hayahide: Indeed. My glasses are a part of me. If only I could find lenses that didn't fog—|Biwa Hayahide: That's it! If we cannot buy them, we need only make some! I'll speak to Tachyon at once.|Zenno Rob Roy: T-Tachyon? I think you might be onto something, but... I'm not sure asking her is a good idea.|Zenno Rob Roy: You know... Tachyon's experiments always make Cafe run and hide in the library...|Biwa Hayahide: But trial and error is necessary for progress. We cannot expect results without sacrifice.|Biwa Hayahide: Don't worry. I will be that sacrifice. Once a prototype has been prepared, I shall let you know.|Zenno Rob Roy: Ummm... Well... D-don't push yourself, okay?|Biwa Hayahide: Of course! Even if Tachyon's research leaves me with a pair of glasses with legs... I will continue on!"
1024,Mayano Top Gun,1,1,1024,,,Mayano Top Gun,,,310,middle left (table),1024001,home/data/00000/01/hometimeline_00000_01_1024001,"Mayano Top Gun: There you are, Trainer! All right, ready to go shopping? ♪|Mayano Top Gun: You know, meeting up before an outing like this... kinda looks like we're going on a date, right?|Mayano Top Gun: Kidding! Did I getcha? Did I make your heart skip a beat?|Mayano Top Gun: Looks like my ladylike charms are pretty effective after all. ☆"
1024,Mayano Top Gun,2,1,1024,,,Mayano Top Gun,,,410,middle right (advertisements),1024002,home/data/00000/01/hometimeline_00000_01_1024002,"Mayano Top Gun: Whoooaaa! This poster is amaaazing! ♪|Mayano Top Gun: Gee, I sure hope my poster is as flashy as this one!|Mayano Top Gun: Once I'm more grown-up and shine super-duper bright, will I get modeling offers?|Mayano Top Gun: Okay! I better work hard to make sure that happens!"
1024,Mayano Top Gun,3,1,1024,,,Mayano Top Gun,,,510,front left (campus map),1024003,home/data/00000/01/hometimeline_00000_01_1024003,"Mayano Top Gun: Huh? You've never heard of turf fortune-telling?|Mayano Top Gun: You're supposed to count the grass blades as you run and say ""They love me. They love me not.""|Mayano Top Gun: I wanna try it during our next training session! ♪|Mayano Top Gun: Trainer loves me. Trainer loves me not... Just kidding. ☆"
1024,Mayano Top Gun,4,2,1024,1055,,Mayano Top Gun,Marvelous Sunday,,220,back left (campus map),1024001,home/data/00000/02/hometimeline_00000_02_1024001,"The Two: Maya and Marvey's Marvelous School  Revolution! ★|Marvelous Sunday: The time has come, Mayano! What should we revolutionize today? ☆|Mayano Top Gun: Well... How about the student council room?!|Mayano Top Gun: We could fill the whole room with flowers and plushies...|Mayano Top Gun: I bet that would make the student council suuuper happy! ♪|Marvelous Sunday: A marvelous idea! ☆ We better head over there at once! ★|The Two: Marvelous! ☆ Take off! ★"
1024,Mayano Top Gun,5,2,1024,1038,,Mayano Top Gun,Curren Chan,,420,middle right (advertisements),1024002,home/data/00000/02/hometimeline_00000_02_1024002,"Mayano Top Gun: Ohhh! Are those nails what I think they are?!|Curren Chan: Yup! ♪ I saw a picture in a magazine and knew I had to buy this polish.|Mayano Top Gun: ""Enchant others with Allure Nails! ☆"" That ad was so cool... I want some too!|Mayano Top Gun: Awww... But there's no way my allowance will cover it...|Curren Chan: Why don't you borrow mine? I'll bring the bottle to school tomorrow! ♪|Mayano Top Gun: Really?! Thanks, Curren!|Mayano Top Gun: I wonder what it'll look like on me... Ehehe, I can't wait to find out! ♪"
1025,Manhattan Cafe,1,1,1025,,,Manhattan Cafe,,,310,middle left (table),1025001,home/data/00000/01/hometimeline_00000_01_1025001,"Manhattan Cafe: ...Most of the coffee beans that make it into our cup are either arabica or robusta.|Manhattan Cafe: Robusta beans are bitter... and have a unique flavor. But when you blend them with arabica beans, they add a nice accent to the flavor.|Manhattan Cafe: Every bean can shine given the right  environment... Coffee teaches us kindness.|Manhattan Cafe: Would you like... to join me for a cup?"
1025,Manhattan Cafe,2,1,1025,,,Manhattan Cafe,,,510,front left (campus map),1025002,home/data/00000/01/hometimeline_00000_01_1025002,"Manhattan Cafe: Yeah... you're right. Next time, let's try... a higher mountain.|Manhattan Cafe: Nothing beats standing atop a chilly peak... and enjoying a hot cup of coffee as your breath turns white... Heh.|Manhattan Cafe: Maybe next time... you'll be more willing to have a cup of my brew.|Manhattan Cafe: Yes... Let's have a long chat... I can hear your voice clearly... in the quiet mountain air."
1025,Manhattan Cafe,3,1,1025,,,Manhattan Cafe,,,410,middle right (advertisements),1025003,home/data/00000/01/hometimeline_00000_01_1025003,"Manhattan Cafe: I woke up early to do some extra training... Before I knew it, the sun had set.|Manhattan Cafe: I was so absorbed in training... I lost track of time...|Manhattan Cafe: ...Or perhaps, the flow of time distorted as it passed through another dimension...|Manhattan Cafe: ...If it means I can catch up with my friend, then maybe that's not such a bad thing... hehe."
1025,Manhattan Cafe,4,2,1025,1032,,Manhattan Cafe,Agnes Tachyon,,120,right (jukebox),1025001,home/data/00000/02/hometimeline_00000_02_1025001,"Manhattan Cafe: Everything in the old science room we share... is glowing a weird color. That includes your research equipment... and everyone in my collection.|Manhattan Cafe: You're not the only one who uses that space... Please be careful...|Agnes Tachyon: That is an unfortunate side effect of my latest experiment, but I assure you it was a complete accident. Even I was not expecting that outcome.|Agnes Tachyon: Everything will be back to normal within an hour, so there's no need to worry. However...|Manhattan Cafe: ...What?|Agnes Tachyon: I gained some very valuable insight from that experiment. And thus, I would like to perform it again.|Manhattan Cafe: ...|Agnes Tachyon: There's no need to look at me like that... Oh, fine. I suppose I'll abandon the experiment for now.|Agnes Tachyon: As an apology, why don't I make you a cup of your favorite drink?|Manhattan Cafe: A coffee... from you, a tea drinker?|Agnes Tachyon: Why, of course. I have Darjeeling, Assam, and Earl Grey. Which can I get for you?|Manhattan Cafe: ...None of them."
1025,Manhattan Cafe,5,2,1029,1025,,Yukino Bijin,Manhattan Cafe,,520,front left (campus map),1025002,home/data/00000/02/hometimeline_00000_02_1025002,"Yukino Bijin: Ugh... I didn't think the cafe's new drink was gonna be <i>this</i> bitter...|Manhattan Cafe: That aroma... Ah, yes... That's an espresso.|Manhattan Cafe: ...You can add two to three spoons of sugar to it to make it taste milder.|Yukino Bijin: Wha? B-but... wouldn't add'n sugar make me look like a big dweeb?|Manhattan Cafe: ...Coffee is an indulgence. It's meant to be drunk in whatever way you want.|Yukino Bijin: The way I want? Well, in that case...|Yukino Bijin: I wanna try and drink it bitter! 'Cause that's what a city girl would do!|Manhattan Cafe: ...In Italy, where espresso comes from, adding sugar is called drinking it ""city style""... apparently.|Yukino Bijin: Really?! ""City style"", you say?! Um, well, in that case...|Yukino Bijin: I'll just add... a lil' sugar."
1026,Mihono Bourbon,1,1,1026,,,Mihono Bourbon,,,110,right (jukebox),1026001,home/data/00000/01/hometimeline_00000_01_1026001,"Mihono Bourbon: <i>Nom...</i> Detecting... high heat levels from pork bun. Negative condition ""burn"" detected on roof of mouth...|Mihono Bourbon: However, current calorie reserves insufficient for upcoming training. Caloric intake required approximately equivalent to one pork bun.|Mihono Bourbon: T-minus three minutes to training session... Execute cooldown mode in order to finish current objective.|Mihono Bourbon: <i>Blow...</i>"
1026,Mihono Bourbon,2,1,1026,,,Mihono Bourbon,,,210,back left (campus map),1026002,home/data/00000/01/hometimeline_00000_01_1026002,"Mihono Bourbon: Trainer, could we form a heart with our hands?|Mihono Bourbon: My father said something very impactful on the phone. He said my heart must be one with my trainer.|Mihono Bourbon: After much research, I had Falcon upload instructions on how to make a heart together.|Mihono Bourbon: According to her, we must first pose, and then we take a picture... Say cheese, Trainer."
1026,Mihono Bourbon,3,1,1026,,,Mihono Bourbon,,,310,middle left (table),1026003,home/data/00000/01/hometimeline_00000_01_1026003,"Mihono Bourbon: Lack of color detected in Trainer's face.  Exhaustion con...firmed...|Mihono Bourbon: Beeep... Energy levels diminished. Unit will self-destruct in three, two, one...|Mihono Bourbon: ...Apologies. That was a joke. A bit of robot humor.|Mihono Bourbon: My data reserves suggest that humor can  alleviate fatigue... Did that help at all?"
1026,Mihono Bourbon,4,2,1051,1026,,Nishino Flower,Mihono Bourbon,,520,front left (campus map),1026001,home/data/00000/02/hometimeline_00000_02_1026001,"Nishino Flower: Bourbon, thank you for helping me take care of the flowers!|Mihono Bourbon: It proved to be an effective lower-body workout. I assume this is the secret to your strong legs.|Mihono Bourbon: Incorporating new activity into training regimen... Ideal set amount: three thousand meters' worth of flowers.|Nishino Flower: What?! But that's the same as a long-distance race! If you water all those flowers, you'll pass out!|Nishino Flower: But... Imagine it! Three thousand meters of flowers! I bet running alongside that many flowers would be wonderful!|Mihono Bourbon: ...Beginning simulation. Body temperature rising. Warm and fuzzy feelings confirmed.|Mihono Bourbon: This would work both as training and relaxation... Flowers are indeed very intriguing.|Nishino Flower: Ehehe... If you like, we can water them together again sometime! ♪"
1026,Mihono Bourbon,5,2,1041,1026,,Sakura Bakushin O,Mihono Bourbon,,220,back left (campus map),1026002,home/data/00000/02/hometimeline_00000_02_1026002,"Sakura Bakushin O: Bourbon, I see you are deeply troubled! Tell this genius what troubles you!|Mihono Bourbon: No, I am not troubled. I was simply running a simulation.|Mihono Bourbon: My classmates have deemed my actions to be ""too much."" So I am calculating how to fix that.|Sakura Bakushin O: Hm?! ""Too much""?! And you're quite sure that's what they said?!|Mihono Bourbon: Yes. It seems their assessment is based on my training load and my everyday behavior.|Sakura Bakushin O: Then there's no problem at all! People tell me I'm too much all the time!|Sakura Bakushin O: This just means you're a genius... just like me!|Mihono Bourbon: A genius? Me?|Sakura Bakushin O: That's right! So wear that ""too much"" label with pride! It is proof of your greatness!|Mihono Bourbon: ...Accessing data storage. Reclassifying ""too much"" as a compliment. Thank you for your help."
1027,Mejiro Ryan,1,1,1027,,,Mejiro Ryan,,,310,middle left (table),1027001,home/data/00000/01/hometimeline_00000_01_1027001,"Mejiro Ryan: Ah, there's a new scent for this deodorant spray?!|Mejiro Ryan: Melty blossom, huh? Maybe it's like a super sweet-smelling flower?|Mejiro Ryan: Ah, but girly scents like this don't really match my image...|Mejiro Ryan: Maybe just this once... No, wait! What should I do?!"
1027,Mejiro Ryan,2,1,1027,,,Mejiro Ryan,,,210,back left (campus map),1027002,home/data/00000/01/hometimeline_00000_01_1027002,"Mejiro Ryan: ""No matter how many times I'm reborn, I will always find you..."" Wow.|Mejiro Ryan: <i>Sigh...</i> It just gets better every time I read it! If someone said that to me in that situation, I'd...|Mejiro Ryan: Wah?! T-Trainer?! D-did you hear all that?!|Mejiro Ryan: Aaah! No way, NO WAY! Please, forget  everything you just heard! Everything!"
1027,Mejiro Ryan,3,1,1027,,,Mejiro Ryan,,,110,right (jukebox),1027003,home/data/00000/01/hometimeline_00000_01_1027003,"Mejiro Ryan: Awesome, got the cap open on the first try! My forearm and hand flexors are looking good!|Mejiro Ryan: Ah, hey there, Trainer! Taking a break?|Mejiro Ryan: If you can't open your drink, just hand it over! I'll have it open in a jiffy!|Mejiro Ryan: The harder to open, the better! My muscles are screaming for a challenge!"
1027,Mejiro Ryan,4,2,1031,1027,,Ines Fujin,Mejiro Ryan,,420,middle right (advertisements),1027001,home/data/00000/02/hometimeline_00000_02_1027001,"Ines Fujin: The grocery store's having a HUGE sale! I'd be a fool to miss out on all these DEALS!|Mejiro Ryan: Sounds like you could use a hand!|Ines Fujin: You sure? We're talking full-blown supermarket war here.|Mejiro Ryan: Haha, that's exactly what I want to hear! Just leave all the bag-carrying to me!|Ines Fujin: Reliable as always, I see! Well, I'll take you up on that offer!|Mejiro Ryan: Did you hear that, muscles?|Mejiro Ryan: I can't wait to see how well you perform in battle!"
1027,Mejiro Ryan,5,2,1059,1027,,Mejiro Dober,Mejiro Ryan,,120,right (jukebox),1027002,home/data/00000/02/hometimeline_00000_02_1027002,"Mejiro Dober: McQueen was telling me that she wishes to visit the new makeup store on our next day off.|Mejiro Dober: She made it sound like you and I would be joining her, but... Did you know about this?|Mejiro Ryan: What? No, that's news to me. A makeup store, huh... Those places are awfully... girly.|Mejiro Dober: I'm sure you and McQueen will find products that suit you, but... I don't think makeup suits me...|Mejiro Ryan: Whoa, hold on. What are you talking about, Dober? You're adorable! You'd look great with makeup!|Mejiro Dober: A-ador...|Mejiro Ryan: I mean... I don't personally think I'm ready for makeup... But I'd still like to take a look.|Mejiro Ryan: I'd feel a lot more comfortable with you there... But if you don't want to...|Mejiro Dober: A-all right. But you better not try to get out of this little shopping trip later.|Mejiro Ryan: Ahaha, I won't! And don't worry... We've got this!"
1028,Hishi Akebono,1,1,1028,,,Hishi Akebono,,,310,middle left (table),1028001,home/data/00000/01/hometimeline_00000_01_1028001,"Hishi Akebono: Hey, guess what, Trainer! I'm gonna make a hot pot for everyone! ♪|Hishi Akebono: But I can't decide if I should make kimchi hot pot or a mixed one. I wonder if everyone's okay with spicy food...|Hishi Akebono: I was going to go with the kimchi hot pot, since it's El's favorite, but... hmm...|Hishi Akebono: I know! I'll make both! Double the hot pot means double the buono! ♪"
1028,Hishi Akebono,2,1,1028,,,Hishi Akebono,,,210,back left (campus map),1028002,home/data/00000/01/hometimeline_00000_01_1028002,"Hishi Akebono: The other day during class, I heard someone's stomach rumbling...|Hishi Akebono: I didn't know who it was, but I was so worried about them...|Hishi Akebono: So after class, I gave out the cookies I'd made to everyone. ♪|Hishi Akebono: Whether your stomach's grumbly or not,  eeeveryone gets a piece of buono! ☆"
1028,Hishi Akebono,3,1,1028,,,Hishi Akebono,,,110,right (jukebox),1028003,home/data/00000/01/hometimeline_00000_01_1028003,"Hishi Akebono: Heehee. ♪ Where should I hide? I'd better hurry if I don't want to get found!|Hishi Akebono: I want to take advantage of my large size to hide in a way that only I can. ♪|Hishi Akebono: Maybe I should climb somewhere high up. Or... maybe I can blend in with the Three Goddess statues?|Hishi Akebono: Aha! I'll dress up as a tree! As long as I stay still, maybe no one will find me!"
1028,Hishi Akebono,4,2,1054,1028,,Biko Pegasus,Hishi Akebono,,520,front left (campus map),1028001,home/data/00000/02/hometimeline_00000_02_1028001,"Biko Pegasus: Hey, since you're so tall, do you ever hit your head on the ceiling and stuff?|Hishi Akebono: Of course not! ♪ If I got too close to the ceiling, I'd feel it with my ears first.|Biko Pegasus: Ohhh! That's just like Carrot Ranger and her leaves!|Hishi Akebono: Oh yeah, Carrot Ranger has leaves growing from her head, right?|Biko Pegasus: Yeah! Those leaves are actually ultrasensitive sensors, you know!|Biko Pegasus: When she puts her leaves up against the ceiling, she can search the floor above by picking up the vibrations!|Biko Pegasus: Aw, I wish I could try that! Maybe I can after my growth spurt!|Hishi Akebono: I have an idea! ☆ Why don't I hold you up so your ears reach the ceiling?|Biko Pegasus: Th-that's just not the same!"
1028,Hishi Akebono,5,2,1028,1005,,Hishi Akebono,Fuji Kiseki,,220,back left (campus map),1028002,home/data/00000/02/hometimeline_00000_02_1028002,"Hishi Akebono: Hey, Fuuujiii! ☆ Can we hold a big futomaki party at the dorms?|Fuji Kiseki: Hehe, you never run out of fantastic ideas. Sure, I will allow it.|Fuji Kiseki: In fact, while we're at it, why not make it a lavish banquet and invite everyone from the dorms?|Hishi Akebono: I'd love that! ♪ I'll make sure to prepare lots of other yummy foods too, then!|Fuji Kiseki: And I shall provide entertainment with my magic.|Hishi Akebono: Really? What kind of magic tricks?|Fuji Kiseki: Let's see... I could make the face of the futomaki roll look different with every slice...|Fuji Kiseki: Or I could turn a regular-sized futomaki into a giant one with the snap of a finger... What do you think?|Hishi Akebono: Whaaa?! Can you really do that?!|Fuji Kiseki: Hahaha, I can with your help. Let's work together to surprise everyone."
1030,Rice Shower,1,1,1030,,,Rice Shower,,,310,middle left (table),1030001,home/data/00000/01/hometimeline_00000_01_1030001,Rice Shower: <i>Sigh...</i> I hope that person's okay...|Rice Shower: If only I'd waited just a bit longer to leave...|Rice Shower: Maybe that bird wouldn't have dropped a... little treasure... on them.|Rice Shower: Oooh... I'm sorry!
1030,Rice Shower,2,1,1030,,,Rice Shower,,,510,front left (campus map),1030002,home/data/00000/01/hometimeline_00000_01_1030002,"Rice Shower: <i>Sigh...</i> My tummy growled in the middle of class...|Rice Shower: But I swear I ate breakfast. I had five bread rolls, a carrot salad...|Rice Shower: A carrot hamburger steak, bacon and eggs... Minestrone, and a jelly dessert...|Rice Shower: Maybe I burned it all off while running? I should stop by the school store..."
1030,Rice Shower,3,1,1030,,,Rice Shower,,,410,middle right (advertisements),1030003,home/data/00000/01/hometimeline_00000_01_1030003,"Rice Shower: Ummm... If your nose is itchy, could you tell me?|Rice Shower: I always receive tissues in the raffles around town, so I have... a lot of them.|Rice Shower: So don't worry about taking too many, okay?"
1030,Rice Shower,4,2,1030,1026,,Rice Shower,Mihono Bourbon,,120,right (jukebox),1030001,home/data/00000/02/hometimeline_00000_02_1030001,"Rice Shower: Eeek! A... a bug!|Mihono Bourbon: A centipede at that. My data says their bite is poisonous, so I shall proceed with termination protocol.|Rice Shower: Huh? T-termination?|Mihono Bourbon: Yes. Do not worry. I will deal with this in the most efficient manner possible.|Rice Shower: I-I... Um... I appreciate the thought, but...|Rice Shower: Can't we just take Mr. Centipede outside? Pretty please?|Mihono Bourbon: ...I see no reason to argue. But are you not frightened, Rice?|Rice Shower: I-I am scared, but... I'm sure Mr. Centipede is even more scared than me!|Rice Shower: Eek! M-Mr. Centipede, please... just... stay there, okay?!"
1030,Rice Shower,5,2,1030,1052,,Rice Shower,Haru Urara,,520,front left (campus map),1030002,home/data/00000/02/hometimeline_00000_02_1030002,"Rice Shower: U-um, Urara... About those cookies I promised you today...|Haru Urara: Oh, are they done already? Can I have one now?!|Rice Shower: N-no! You can't! I accidentally mixed up the sugar and the salt when making them...|Rice Shower: I'm sorry, I know you were really looking forward to those cookies... I'm the worst friend ever...|Haru Urara: Wait, salty cookies?! That sounds great! I wanna eat 'em!|Rice Shower: Huh?! B-but they won't be sweet at all.|Haru Urara: But salty snacks after exercising are the best! I'm sure your cookies will be good too!|Haru Urara: I'll come by to pick 'em up later, okay?|Rice Shower: O-okay! Thank you, Urara!|Rice Shower: Really... Thank you so, so much..."
1031,Ines Fujin,1,1,1031,,,Ines Fujin,,,310,middle left (table),1031001,home/data/00000/01/hometimeline_00000_01_1031001,"Ines Fujin: ""Umarathon runner registration staff""... Ah, looks like it would overlap with practice time.|Ines Fujin: ""Production line at a carrot plant""... ""Cleat quality inspection""... Hmm, wouldn't want stiff shoulders with a race coming up.|Ines Fujin: Oh! ""Short-Term OK! Delivering Packages and Smiles: UmaExpress, Temporary Courier."" This is it! It'll even double as training—two birds with one  stone! ♪|Ines Fujin: At this rate, I might even be able to afford a trip to the amusement park as next month's treat for my sisters! ♪ Big sister's got work to do!"
1031,Ines Fujin,2,1,1031,,,Ines Fujin,,,110,right (jukebox),1031002,home/data/00000/01/hometimeline_00000_01_1031002,"Ines Fujin: Pfft! What even? Ahaha! This is so not fair!|Ines Fujin: Oh my gosh, Trainer! My mom sent me a picture of my little sisters and... Ahaha! Their faces are so silly!|Ines Fujin: When I have a race coming up, she tries to make me laugh by sending pictures like this. Well, she sure got me this time! Hehe.|Ines Fujin: I think she's saying, ""Get out there with that smile of yours and have fun!"" Hehe, can't let her down now, can I? ♪"
1031,Ines Fujin,3,1,1031,,,Ines Fujin,,,510,front left (campus map),1031003,home/data/00000/01/hometimeline_00000_01_1031003,"Ines Fujin: Hey there, Trainer! ♪ Toughness bars are on sale right now, you know. And guess what?|Ines Fujin: For extra hard workers like you, they're free!|Ines Fujin: You know how you forget to eat during work sometimes? You know, so you don't want to waste time. That's exactly when a hearty snack like this comes in handy.|Ines Fujin: Oh, and be sure to tell me what you think after you try them. My manager wants opinions before we expand the sales area. So yeah, let me know! ♪"
1031,Ines Fujin,4,2,1031,1027,,Ines Fujin,Mejiro Ryan,,420,middle right (advertisements),1031001,home/data/00000/02/hometimeline_00000_02_1031001,"Ines Fujin: Hey, yeah! If we avoid speaking to each other until our race, the tension will build and build... and that'll make our competition feel even fiercer!|Mejiro Ryan: Exactly! It's all about starting with the right mindset. Ready? Starting... now!|Ines Fujin: ...|Mejiro Ryan: ...|Ines and Ryan: ...Pfft.|Ines Fujin: Ahahaha! I can't do it! I don't know if it's tension or what, but it just feels too weird!|Mejiro Ryan: Right—we <i>do</i> share a room, after all. Not saying a single word might be pushing it... Though on the other hand, the strain could make for a good ab workout.|Ines Fujin: Hehe! You know, I think we'll just have to—|Mejiro Ryan: —put it all on the table once we step onto the turf! That matches our style the best!|Ines Fujin: But I'm going to win it, Ryan!|Mejiro Ryan: Just try to catch me, Ines!"
1031,Ines Fujin,5,2,1031,1013,,Ines Fujin,Mejiro McQueen,,120,right (jukebox),1031002,home/data/00000/02/hometimeline_00000_02_1031002,"Ines Fujin: Listen to this, McQueen! The shop I work part-time at just started selling a sweet treat I bet you'd love!|Mejiro McQueen: Oh my! It <i>must</i> be good if it's received your approval. And where might this sweets shop be?|Ines Fujin: Heh heh heh... Actually, it's at the baseball stadium! They made a new crepe that's supposed to look just like a baseball field! ♪|Mejiro McQueen: Ohhh, I know the exact one! I saw it last week while perusing the sto...res...|Ines Fujin: Ahhh! I should've guessed you'd already know it! So you were in the stadiu—<i>gasp!</i>|Ines Fujin: (Oh no! What have I done?! I knew she was secretly going to ball games, but I was pretending I didn't notice!)|Ines Fujin: The st-stores... Um... O-oh, right!|Ines Fujin: So the crepes at the stadium are so popular that the stores near school started selling them too? W-wow! Kind of makes me proud to be working there!|Mejiro McQueen: Er... Yes, precisely! Obviously I would never have any reason to go all the way to the stores at the stadium! Your sweets must be getting really popular!|Ines and McQueen: Ehehehe... Ohohoho...|Ines and McQueen: Phew..."
1031,Ines Fujin,6,3,1031,1066,1002,Ines Fujin,Twin Turbo,Silence Suzuka,430,middle right (advertisements),21,home/data/00000/03/hometimeline_00000_03_0000021,"Ines Fujin: <i>Sigh...</i> It was such an important opportunity. I can't believe I couldn't stay in front.|Ines Fujin: I wonder... Should I come up with a strategy for when my opponents surge ahead late or close the gap at the very end?|Twin Turbo: Whaaaat?!|Twin Turbo: Just front run even faster next time! Going full turbo's always the way to do it!|Silence Suzuka: I'd have to agree.|Silence Suzuka: I never want to give up the view from the very front... Is it different for you, Ines?|Ines Fujin: No, you're right... I want to stay ahead of the pack too!|Ines Fujin: Thanks, you two! I feel like I can try even harder now!|Ines Fujin: Yeah! There's no way I'll miss out at the next kids' clothing sale!|Suzuka and Turbo: Huh?!"
1032,Agnes Tachyon,1,1,1032,,,Agnes Tachyon,,,210,back left (campus map),1032001,home/data/00000/01/hometimeline_00000_01_1032001,"Agnes Tachyon: With the combination of the antioxidant  properties of polyphenols and the energy in sugar, sweetened tea is the ideal energy drink...|Agnes Tachyon: Personally, I would like to add a tad more sugar for a more delectable experience, but well... I doubt there's enough liquid to fully dissolve any  additional sugar.|Agnes Tachyon: I'll just have to grin and bear it... No. Why should I confine myself to the restraints of tea and sugar's current solubility?|Agnes Tachyon: The heretofore unknown, the yet undetermined possibilities! I shall surpass the limits of solubility... and reach peak sugar levels!"
1032,Agnes Tachyon,2,1,1032,,,Agnes Tachyon,,,110,right (jukebox),1032002,home/data/00000/01/hometimeline_00000_01_1032002,"Agnes Tachyon: Did you know? The Earth as we know it now is the result of countless coincidences.|Agnes Tachyon: Its mass, size, distance from the sun, the blessing of water resulting from a collision with other planetary bodies... I think you get the picture.|Agnes Tachyon: Put another way, you could say that progress demands a certain degree of spontaneity.|Agnes Tachyon: Which is why you—yes, <i>you</i> shall be the subject of my next experiment! Coincidence brought you before me, and I shall act accordingly!"
1032,Agnes Tachyon,3,1,1032,,,Agnes Tachyon,,,310,middle left (table),1032003,home/data/00000/01/hometimeline_00000_01_1032003,"Agnes Tachyon: Good news, my guinea pi—I mean, Trainer. I'll be gracing you with a colleague soon.|Agnes Tachyon: It's quite the cute critter too. If you leave it be, it'll run inside its wheel for eternity.|Agnes Tachyon: Since you two are practically one and the same, perhaps I should have you cohabitate as well? I could put you both in a cage and...|Agnes Tachyon: Aaahahaha! Calm yourself, I was merely joking. Unfortunately, pets are not allowed on campus!"
1032,Agnes Tachyon,4,2,1032,1025,,Agnes Tachyon,Manhattan Cafe,,520,front left (campus map),1032001,home/data/00000/02/hometimeline_00000_02_1032001,"Agnes Tachyon: Well, if it isn't Cafe. I just happen to have finished developing a drink that will increase your muscle mass significantly...|Manhattan Cafe: ...That's nice. I'm not drinking it.|Agnes Tachyon: Yes, those are my thoughts as well. I will not allow you to drink this... no matter <i>how</i> hard you beg.|Agnes Tachyon: ...|Manhattan Cafe: Okay? Then if you don't need anything, do you mind leaving?|Agnes Tachyon: Hmph... Well, there goes that plan. I had heard some people are susceptible to the Caligula Effect, or a desire to do that which is forbidden...|Agnes Tachyon: But from your lack of interest, I see that is not the case for you. How unfortunate. I shall have to look elsewhere for a volunteer.|Agnes Tachyon: ...|Manhattan Cafe: Well? Are you going or not? Whatever you're trying to do, it won't work.|Agnes Tachyon: Ohhh, drat!"
1032,Agnes Tachyon,5,2,1036,1032,,Air Shakur,Agnes Tachyon,,220,back left (campus map),1032002,home/data/00000/02/hometimeline_00000_02_1032002,"Air Shakur: The drag coefficient only dropped by twenty-five percent... But what if I reduce the distance by five percent... Tch. What a total waste of time.|Agnes Tachyon: Oho... Another day of your obsession with numbers, I see. Ahhh, such devotion!|Air Shakur: The hell?! You tryin' to start a fight or somethin'?|Agnes Tachyon: No... I simply can't help but wonder if the answers you seek can really be found in the data you love so dearly.|Agnes Tachyon: What will happen when your data and numbers prove ineffective? What if the answer lies in spiritualism or even pure fantasy?|Agnes Tachyon: No matter how hard you look, the kernel of knowledge you seek will evade you. Will you still peel back every layer of the onion in hopes of finding it?|Air Shakur: ...Huh? Onions are root vegetables. Looking for a kernel'd be pretty freakin' stupid.|Agnes Tachyon: Aaahahaha! Precisely! Another one of my little jokes, I must admit.|Agnes Tachyon: But it seems my joke was able to disrupt your composure, if only for a moment. Perhaps I could disrupt your performance on the track in the same  way.|Air Shakur: I'd like to see you try... You're as crazy as ever."
1033,Admire Vega,1,1,1033,,,Admire Vega,,,310,middle left (table),1033001,home/data/00000/01/hometimeline_00000_01_1033001,"Admire Vega: ... ...I'm awake.|Admire Vega: I wouldn't sleep somewhere like this. I was just resting.|Admire Vega: Yesterday... I could see the stars so clearly. It was as if they were running alongside me, and...|Admire Vega: Anyway, don't worry about me. I know myself best, so..."
1033,Admire Vega,2,1,1033,,,Admire Vega,,,510,front left (campus map),1033002,home/data/00000/01/hometimeline_00000_01_1033002,"Admire Vega: A message? It's Curren again... What is it this time?|Admire Vega: ...<i>Sigh.</i>|Admire Vega: I don't get that girl... How does she expect me to respond?|Admire Vega: ...I already told her I'm not interested in photos of cute, fluffy animals."
1033,Admire Vega,3,1,1033,,,Admire Vega,,,410,middle right (advertisements),1033003,home/data/00000/01/hometimeline_00000_01_1033003,"Admire Vega: Hey... I found this phone on the floor. Could you return it for me, please?|Admire Vega: No calls have come through yet, so whoever dropped it must still be close by...|Admire Vega: And, you know... things like this contain, well... memories... and other important stuff.|Admire Vega: So don't keep them waiting... I'm sure they'd rather have you return their lost item than me."
1033,Admire Vega,4,2,1033,1038,,Admire Vega,Curren Chan,,120,right (jukebox),1033001,home/data/00000/02/hometimeline_00000_02_1033001,"Admire Vega: Hm... This picture's nice.|Curren Chan: Oh? Have you started an Umastagram?|Admire Vega: ...I was just looking. There are a lot of good photos of the starry sky on there.|Curren Chan: The stars, huh. You take photos of the night sky too, don't you? Aren't you gonna post them?|Admire Vega: I'd rather not. That's not really my thing.|Curren Chan: Ah, true. You seem like the type to keep your favorite things to yourself... ♪|Admire Vega: That's not tru—|Curren Chan: Then don't hold back—share your pics with us! Umasta is fun, you know! ♪|Curren Chan: Let's see, for tags you could use... #Ayabe, #SparklyMeteorShower, #OnceInALifetime, and  #StargazingGoals.|Admire Vega: Stargazing... goals? ...No, you know what, I'm really okay with just looking."
1033,Admire Vega,5,2,1033,1015,,Admire Vega,T.M. Opera O,,520,front left (campus map),1033002,home/data/00000/02/hometimeline_00000_02_1033002,"Admire Vega: ...|T.M. Opera O: You look just like a forlorn swan, gone astray in the lake. Would you like to talk about what's on your mind?|Admire Vega: ...It's nothing you need to worry about.|T.M. Opera O: That can't be true. I found you absorbed in your thoughts.|T.M. Opera O: Did you run a lackluster race? Are you having trouble improving your time?|T.M. Opera O: I understand the urge to turn a blind eye to your problems, but bottling them up won't change a thing!|Admire Vega: No, it's really not that serious!|T.M. Opera O: Say it loud and clear! Life's a stage, and you can change the script with a single word!|Admire Vega: I was just deciding if I should have curry or pasta for lunch!"
1033,Admire Vega,6,3,1067,1068,1033,Satono Diamond,Kitasan Black,Admire Vega,530,front left (campus map),22,home/data/00000/03/hometimeline_00000_03_0000022,"Satono Diamond: Um, Ayabe? Could we ask you to come along on our upcoming stargazing session?|Kitasan Black: For our independent research assignment, we made our theme ""reach for the stars"" and decided to try some amateur astronomy!|Admire Vega: ...Surely you can find someone more suitable than me.|Kitasan Black: Well, Curren told us, ""Ayabe knows more about stars than anyone else at this school!"" So obviously you're the real deal!|Admire Vega: I wish she would stop that... Look, it's just such short notice.|Kitasan Black: Oh... I'm sorry! We're so inconsiderate... All we could think about was how fun it'd be. Of course you can't...|Admire Vega: ...|Admire Vega: I meant... I need to hurry and plan.|Kitasan and Satono: Does that mean...|Admire Vega: But I don't want to hear any complaining. And don't make a racket out there.|Kitasan Black: Hehe, okay! We'll make sure not to bother the neighborhood!|Admire Vega: ...Good. I'll let you know when I figure out what day's clear enough for it."
1034,Inari One,1,1,1034,,,Inari One,,,310,middle left (table),1034001,home/data/00000/01/hometimeline_00000_01_1034001,"Inari One: Look at 'em, at each other's throats again. Haha, they've sure got spirit!|Inari One: ""Frequent fights make for fast friends."" Whoever first said that really got it right.|Inari One: But, well, when it looks like fists are about to fly, you gotta step in!|Inari One: We're Umamusume. A good ol' fashioned race is how we settle things!"
1034,Inari One,2,1,1034,,,Inari One,,,210,back left (campus map),1034002,home/data/00000/01/hometimeline_00000_01_1034002,"Inari One: Hey, what's the big deal? Look at you, all hunched over.|Inari One: Something troublin' ya? Come on, lay it on me!|Inari One: I mean, no guarantees I'll be able to solve your problem, but...|Inari One: There's nothing worse than keepin' it bottled up! Just let it all out, and you'll feel better in no time!"
1034,Inari One,3,1,1034,,,Inari One,,,110,right (jukebox),1034003,home/data/00000/01/hometimeline_00000_01_1034003,"Inari One: ...What? Why you starin' at me like that?|Inari One: Lemme guess, you're holdin' back from  commenting on how small I am.|Inari One: Ahahaha! I couldn't care less, not one bit!|Inari One: Size isn't just 'bout stature—it's about attitude. If ya set your mind to being big, you can be as big as ya want!"
1034,Inari One,4,2,1066,1034,,Twin Turbo,Inari One,,520,front left (campus map),1034001,home/data/00000/02/hometimeline_00000_02_1034001,"Twin Turbo: Inari, Inari! You gotta hear this! I did something amazing today!|Inari One: Whoa, whoa, what's the hubbub? Take a breath.|Twin Turbo: I can't help it. Today, I ate lunch together with Teio!|Inari One: Ohhh, isn't that somethin'. And?|Twin Turbo: Get this—I had one more bowl of rice than she did! Amazing, right?!|Inari One: Wow, big props to you! That's some real spirit ya got there, Turbo!|Twin Turbo: Really? You think I did good?|Inari One: Yeah—ya gotta eat well to run well, that's for sure. And you can eat with the best of 'em!|Twin Turbo: Hehe... eheheh! Hehehe! Go on, Inari, say even more cool stuff about me. ♪|Inari One: Haha, look at the smirk on your mug. Y'know I can't refuse a face like that."
1034,Inari One,5,2,1053,1034,,Bamboo Memory,Inari One,,220,back left (campus map),1034002,home/data/00000/02/hometimeline_00000_02_1034002,"Bamboo Memory: Argh, I let a rule-breaker get away! I can't believe I did that!|Bamboo Memory: Inari, you gotta give me a good tongue-lashing! Otherwise, I'll always be a worthless good-for-nothing!|Inari One: Whoa, whoa! Quit bein' a blockhead. You want me to set you straight? No way I can do that!|Bamboo Memory: What?|Inari One: Take a good look at yourself! You do a kick-ass job—straight as an arrow.|Inari One: You never turned your back from the righteous path, so what's there to be ashamed of?! Now stand up tall and walk with some pride, will ya?!|Inari One: Get it? There's always next time! Just be prepared and get it right with the next one!|Bamboo Memory: I-Inari...|Bamboo Memory: Aaagh, you never let me down! You got a heart of gold! You're the best!|Bamboo Memory: All right! I couldn't ask for anyone better! Now lay it on me! Give me a good scolding!|Inari One: Uhh... Did ya listen to a <i>single</i> word I said?"
1034,Inari One,6,3,1034,1072,1071,Inari One,Yaeno Muteki,Mejiro Ardan,530,front left (campus map),23,home/data/00000/03/hometimeline_00000_03_0000023,"Inari One: Nothin’ better than fresh taiyaki. Ya gotta eat it while it's still ho—|Inari One: Uh, are you guys gonna dig in or what?|Yaeno Muteki: Ah! My apologies. I was caught in a daydream.|Yaeno Muteki: I couldn't help wondering... if this fish appeared before me alive, how would I confront it in the Kongo Yaegaki style?|Mejiro Ardan: I was lost in thought too. What part of such a lovely fish should I eat first?|Mejiro Ardan: The head? The tail? Little fish, which do <i>you</i> prefer?|Yaeno Muteki: Did you just <i>ask</i> for your foe's opinion?!|Yaeno Muteki: Hmm, but it's true that asking one's foe directly may open up a path to new insights! You have shown me the way!|Mejiro Ardan: Hehe, thank you... I find your honest  determination to be admirable as well.|Inari One: Uhhh... I dunno what's up with you two, but can we eat these already?"
1035,Winning Ticket,1,1,1035,,,Winning Ticket,,,310,middle left (table),1035001,home/data/00000/01/hometimeline_00000_01_1035001,"Winning Ticket: Hnnngggh! Uuunnnhugh!|Winning Ticket: Aaah! Just thinking about it makes me cryyy!|Winning Ticket: You know, the lock to the special classroom that's starting to break!|Winning Ticket: No matter how worn out it gets... It never gives up!|Winning Ticket: What a good little lock! Uwaaaaaugh!"
1035,Winning Ticket,2,1,1035,,,Winning Ticket,,,410,middle right (advertisements),1035002,home/data/00000/01/hometimeline_00000_01_1035002,"Winning Ticket: Traaaaainerrrrr!|Winning Ticket: Listen, listen, listen! I was just walking down the cobblestone path with all the trees, right?|Winning Ticket: Well, suddenly I heard this noise coming from the trees! And guess what?! Go on, guess!|Winning Ticket: ...|Winning Ticket: Wait, what was it again?|Winning Ticket: I forgot while I was running here to tell you! Ahahahaha!"
1035,Winning Ticket,3,1,1035,,,Winning Ticket,,,510,front left (campus map),1035003,home/data/00000/01/hometimeline_00000_01_1035003,"Winning Ticket: Dreams! Ambitions! Effort!|Winning Ticket: So cooool! Races are just so full of <i>passion!</i>|Winning Ticket: I hope you and I can bring out that passion in our races, Trainer!|Winning Ticket: Yeeeaaah! I'm gonna GIVE! IT! MY! AAAALL!"
1035,Winning Ticket,4,2,1035,1029,,Winning Ticket,Yukino Bijin,,220,back left (campus map),1035001,home/data/00000/02/hometimeline_00000_02_1035001,"Winning Ticket: Hey, hey, hey! Yuki, you like cake, right?|Yukino Bijin: You kidd'n? 'Course I do!|Winning Ticket: Then let's go check out that new cake shop by the station!|Yukino Bijin: Huh? The super spiffy one?! You sure you wanna go with me?!|Winning Ticket: That shop's super-duper eeextra cute, right? Then you'll fit right in!|Yukino Bijin: Awww! Y-you sure know how t'sweet-talk a girl!|Yukino Bijin: Ohhh, why not! I can't turn down such a swell inv'tation! Look out, cakes, here I come!|Winning Ticket: All right, then it's settled! Those sweet treats will soon be ours! ♪"
1035,Winning Ticket,5,2,1048,1035,,Tosen Jordan,Winning Ticket,,420,middle right (advertisements),1035002,home/data/00000/02/hometimeline_00000_02_1035002,"Tosen Jordan: Yo, Tickezo. Was that, like, <i>for real</i> for real?|Tosen Jordan: You know, your math test. Way to leave your garbage on the floor, by the way.|Winning Ticket: Aaaah! You saw my score?!|Tosen Jordan: Well, yeah, it was on the floor. Seriously though, twenty-two percent?! No cap?|Winning Ticket: Yeah, I know, right? But for real! Our scores...|The Two: Totally matched!|Tosen Jordan: That's mad funny. ♪ Twinsies! ☆|Winning Ticket: Yaaay!"
1035,Winning Ticket,6,3,1035,1050,1023,Winning Ticket,Narita Taishin,Biwa Hayahide,530,front left (campus map),6,home/data/00000/03/hometimeline_00000_03_0000006,"Winning Ticket: Hey, hey, hey, hey, hey, hey, hey, hey, hey, hey, Taaaiiishhhiiin!|Narita Taishin: Shut up... I can't hear the sound.|Biwa Hayahide: Taishin. It appears Ticket is overflowing with energy. What will you do?|Narita Taishin: Ignore her. This game's just getting good.|Winning Ticket: Game? Game... A gaaaaame!|Winning Ticket: I know, I know, I knooow! I have a game we can all play!|Biwa Hayahide: Oh? And what would that be?|Winning Ticket: It's called the Tickezo game! First I shout  something REALLY LOUD, and then—|The Two: Nope. No.|Winning Ticket: Awwwww! At least let me finish!"
1036,Air Shakur,1,1,1036,,,Air Shakur,,,310,middle left (table),1036001,home/data/00000/01/hometimeline_00000_01_1036001,"Air Shakur: Hey. You know your whole workflow? Yeah, I restructured it. Just sent it over, so take a look.|Air Shakur: You have no idea how much time you've been wasting. At least <i>try</i> to be efficient.|Air Shakur: Tch... Too much drive can blind you, you know that?"
1036,Air Shakur,2,1,1036,,,Air Shakur,,,410,middle right (advertisements),1036002,home/data/00000/01/hometimeline_00000_01_1036002,"Air Shakur: What? I'm hungry, so I'm eating. Duh.|Air Shakur: I'm guessing you want me to eat a ""real meal"" or whatever, but supplements and cereal just get the job done more efficiently.|Air Shakur: As long as I get my nutrients, it doesn't matter what I eat. I mean, if it tastes good then cool, but that's not what matters most to—|Air Shakur: ...Forget it. I yapped too much... Tch."
1036,Air Shakur,3,1,1036,,,Air Shakur,,,510,front left (campus map),1036003,home/data/00000/01/hometimeline_00000_01_1036003,"Air Shakur: I asked Cafe to record my race, and she caught this <i>thing</i> on camera...|Air Shakur: This just makes no logical sense. I'm gonna delete the video.|Air Shakur: ...There's no denying what's in the picture, though. Is deleting it just running from the issue?|Air Shakur: Tch! Do I delete it, or keep it? ...Keep it?!"
1036,Air Shakur,4,2,1036,1058,,Air Shakur,Meisho Doto,,220,back left (campus map),1036001,home/data/00000/02/hometimeline_00000_02_1036001,"Air Shakur: You're looking pretty miserable. Did you goof something up again?|Meisho Doto: Yeah... I've been trying so hard not to, but it never seems to work...|Air Shakur: I've wanted to say this for a while, but can't you think through your problems logically?|Air Shakur: If we identify the nature of your blunders and then run the numbers, we should be able to come up with a fix.|Meisho Doto: O-oh, really? Well... let's see what goof-ups I did recently...|Meisho Doto: I fumbled with the seasonings when I was cooking and spilled <i>all</i> of them into the pot...|Air Shakur: An insufficient static friction coefficient—put a non-slip pad under everything.|Meisho Doto: I slipped on a banana peel, and then as soon as I got up, I slipped on the same peel again...|Air Shakur: Hm, a continuity problem. Find the pattern and you'll be fine.|Meisho Doto: And one time during class, I was trying to pick up a pen I dropped, but I fell down and took the whole desk with me... Even the chair fell over on my head...|Air Shakur: Uhhh... I don't think my calculations can account for <i>that</i> one. I'll have to reevaluate the magnitude of the goof-up factor..."
1036,Air Shakur,5,2,1036,1022,,Air Shakur,Fine Motion,,420,middle right (advertisements),1036002,home/data/00000/02/hometimeline_00000_02_1036002,"Air Shakur: Three, two, one... There—gotcha! You can't beat me charging in blindly like that!|Fine Motion: Oooh, Shakur! Nice play! That's what I call expert positioning!|Air Shakur: Come on, where'd all that bravado go, huh? The second you stop thinking, it's game over for you!|Fine Motion: Ahh, that's another win! Wow! ♪|Air Shakur: ...Hey, how long do you plan on sticking around? You're making it hard to focus.|Fine Motion: Hehe, I can't help it! You're simply so amazing even when you're playing games. ♪|Fine Motion: Even if there's no path forward, you use your own strength to make one. You have the defiant spirit of a real hero!|Air Shakur: Heh, a hero? That's not my style. Never has been...|Air Shakur: I just can't resist the urge to prove my theories are unbeatable, even when it's only a game. I'm more like a self-serving villain.|Fine Motion: Hehe, that's <i>exactly</i> what the hero would say. ♪"
1036,Air Shakur,6,3,1007,1052,1036,Gold Ship,Haru Urara,Air Shakur,430,middle right (advertisements),24,home/data/00000/03/hometimeline_00000_03_0000024,"Gold Ship: Ready up, Urara! I'm about to tell you how to make my special Shining Mud Dumplings!|Haru Urara: Really? YAY! I can't wait! ♪|Air Shakur: Golshi... I came here because you promised with a big, smug grin that you had ""extremely valuable data"" to share. You'd better not tell me you were  referring to meaningless mud dumplings.|Gold Ship: Par-<i>don?</i> What the flip else would I mean? I'm talkin' about how to create a national treasure here.|Air Shakur: Mud balls aren't a national treasure! Tch... I'm such an idiot to fall for your nonsense.|Haru Urara: H-hey! No fighting! Bad! Be nice and get along with each other!|Air Shakur: It's not a fight... Hm? Wait, there's something odd about that pillar over there. Is there... a hole in it?|Gold Ship: Ohhh, the hole, yeah. I chucked a mud dumpling and—pop!—put a hole right through it.|Air Shakur: Wha—?! Th-that's impossible! Just how dense are these dumplings of yours?!|Air Shakur: Come on, Golshi. Tell me how they're formed. I'm not leaving until you spit it out!|Gold Ship: Ah, <i>now</i> I've piqued your curiosity, eh? That's the end of that, then. It's too late for you. You've finally fallen down the endless rabbit hole that is... mud dumplings.|Haru Urara: Ehehe, now we're getting along great! ♪"
1037,Eishin Flash,1,1,1037,,,Eishin Flash,,,310,middle left (table),1037001,home/data/00000/01/hometimeline_00000_01_1037001,"Eishin Flash: I received a taiyaki from Falcon earlier.|Eishin Flash: But I can't eat it until my break, which is still a whole eighty-three seconds away...|Eishin Flash: A moderate amount of sugar after practice works wonders for the fatigue we feel after exerting ourselves.|Eishin Flash: ...Is it just me, or is time moving slower today?"
1037,Eishin Flash,2,1,1037,,,Eishin Flash,,,110,right (jukebox),1037002,home/data/00000/01/hometimeline_00000_01_1037002,"Eishin Flash: Trainer?|Eishin Flash: I don't believe we have a meeting scheduled for this time slot, do we?|Eishin Flash: A chat? No, I don't mind. It's just...|Eishin Flash: I am unaccustomed to conversation outside of scheduled time. Apologies. I'll be sure to account for chats in my schedule going forward."
1037,Eishin Flash,3,1,1037,,,Eishin Flash,,,210,back left (campus map),1037003,home/data/00000/01/hometimeline_00000_01_1037003,"Eishin Flash: Of all the sweets from my home country, I believe stollen is the most well-known around here.|Eishin Flash: It's a spiced fruitcake sprinkled with powdered sugar. During the holiday season, we cut off slices of it to eat, just like bread.|Eishin Flash: Every year, my father would use the same recipe to bake the perfect stollen.|Eishin Flash: He always made the same exact amount in the same exact time. And every year, the joy I felt was the same."
1037,Eishin Flash,4,2,1046,1037,,Smart Falcon,Eishin Flash,,420,middle right (advertisements),1037001,home/data/00000/02/hometimeline_00000_02_1037001,"Smart Falcon: Wow, Flash, you made an Umatter account?!|Eishin Flash: Thanks to your recommendation, yes. You said it was vital to my life as an Umamusume, and a service I owe to my fans, correct?|Smart Falcon: Exactly. Our fans are always cheering us on, so we should give them a little cheer through our posts too. ☆|Smart Falcon: So what're you posting about anyway? Let me see...|Smart Falcon: 05:00 Wake up. Status: On schedule.|Smart Falcon: 12:30 Beginning lunch. Status: On schedule. 14:40 Beginning independent training.  Status: On schedule.|Eishin Flash: I've also discovered that Umatter posts are an excellent way to maintain my schedule.|Eishin Flash: Although it does annoy me when the post's timestamp is a few seconds off from the moment I intended.|Smart Falcon: Y-your Umatter looks like an itinerary..."
1037,Eishin Flash,5,2,1028,1037,,Hishi Akebono,Eishin Flash,,420,middle right (advertisements),1037002,home/data/00000/02/hometimeline_00000_02_1037002,"Hishi Akebono: And... after a few finishing touches, your  extra-large buono cake is all finished! ♪|Eishin Flash: Thank you for teaching me such a precious recipe, Akebono.|Eishin Flash: By the way, the recipe says three eggs, but how many grams would that be?|Eishin Flash: I am assuming you mean chicken eggs, but they can vary in size by up to six grams...|Hishi Akebono: Wow, really?! Unfortunately, this recipe wasn't written using grams, so...|Eishin Flash: Understood. I will experiment with different sized eggs on my own.|Hishi Akebono: Oh, oh! But the most important part of this recipe is to add lots and looots of love! ♪|Eishin Flash: Love? I see...|Eishin Flash: How many grams of love should I add?"
1037,Eishin Flash,6,3,1037,1038,1046,Eishin Flash,Curren Chan,Smart Falcon,530,front left (campus map),14,home/data/00000/03/hometimeline_00000_03_0000014,"Eishin Flash: You want to hear... ghost stories? I suppose there are a few German castles that are said to be haunted.|Eishin Flash: Perhaps the most famous ones are the tale of the female knight who still protects her castle, or the pale woman who wanders the halls of her abode...|Curren Chan: Wooow! So if I went to one of those castles, I bet I could get a selfie with the ghosts. ♪|Smart Falcon: Wh-why would you do that?! Aren't you scared of ghosts?|Curren Chan: Hmmm, well, a ghost should still be able to see how cute I am, so... Nope! I think I'll be safe. ♪|Smart Falcon: The power of cuteness... Ah, now that you mention it...|Smart Falcon: Isn't it super common for idols to be sent to haunted locations for shoots? What am I gonna dooo?!|Eishin Flash: Don't worry, ghosts are not real. We need not fear ghosts that have no corporeal form...|Eishin Flash: But zombies... Zombies are a different story. Far worse than any ghost.|Smart Falcon: Both of them sound scary to meee!"
1038,Curren Chan,1,1,1038,,,Curren Chan,,,310,middle left (table),1038001,home/data/00000/01/hometimeline_00000_01_1038001,"Curren Chan: You know, I heard there's a shop that sells <i>really</i> cute cakes!|Curren Chan: If I ate one of those cakes, it'd be like a cute meets cute! Cuteness squared! ♪|Curren Chan: And you know, I'd love to show you the cutest Curren possible...|Curren Chan: And you know, I'd love to show you the cutest Curren possible...|Curren Chan: If <i>you</i> got me one of those cakes, I just know my cuteness would skyrocket!|Curren Chan: If <i>you</i> got me one of those cakes, I just know my cuteness would skyrocket!"
1038,Curren Chan,2,1,1038,,,Curren Chan,,,110,right (jukebox),1038002,home/data/00000/01/hometimeline_00000_01_1038002,"Curren Chan: Hm? Did I just hear a camera go off?|Curren Chan: Ah, you! In the shadows by the pillar. Yes, you! Why don't you come closer?|Curren Chan: You want to stay there? Are you sure? We could take a super cute selfie together...|Curren Chan: Well, I'll just give you some super cute poses instead! ♪ Doo-de-doo! ☆"
1038,Curren Chan,3,1,1038,,,Curren Chan,,,210,back left (campus map),1038003,home/data/00000/01/hometimeline_00000_01_1038003,"Curren Chan: #NewPen #LoveAtFirstSight #TestPrep  #SuperMotivated #DoingMyBest♪|Curren Chan: Oh, this? My followers love it when I upload pics of my favorite stuff.|Curren Chan: Some seek them out and buy them to match me... And some people discover me from posts like these.|Curren Chan: Hehe. It's funny how a single post can lead to so many new connections. ☆"
1038,Curren Chan,4,2,1046,1038,,Smart Falcon,Curren Chan,,120,right (jukebox),1038002,home/data/00000/02/hometimeline_00000_02_1038002,"Smart Falcon: Curren, what kind of fan service do you do during winning concerts?|Curren Chan: Hmmm, I don't really have a set routine. Maybe I should come up with one.|Smart Falcon: Then let's make one right now! I'll even give you some professional advice! ☆|Curren Chan: Wow, really? Thank you so much!|Curren Chan: In that case, I'll start off with what I normally do.|Curren Chan: Keep your eyes on me and ooonly me! Okay? ♪|Curren Chan: Well, that's all I've got... I bet it's a little boring, huh?|Smart Falcon: N-no... it's perfect just the way it is! Everything from your tone to your pose was flawless! ☆|Curren Chan: Aw, thank you! I'm glad I got your seal of approval. ♪|Smart Falcon: That was her normal routine? Curren... Just who are you?!"
1038,Curren Chan,5,2,1038,1033,,Curren Chan,Admire Vega,,420,middle right (advertisements),1038001,home/data/00000/02/hometimeline_00000_02_1038001,"Curren Chan: Ayabe... Have you seen a small elephant plushie anywhere around here?|Admire Vega: ...The one you had on your tote bag?|Admire Vega: If that's the one, I found it in the corridor, so I put it on your desk.|Curren Chan: Oh, really? Thanks so much, Ayabe!|Curren Chan: Hehe, you knew it was mine? I didn't know you paid such close attention to my plushies. ♪|Admire Vega: N-no... It's just so ugly that it's hard to forget.|Curren Chan: Aw... but that's what makes it cute, right?|Curren Chan: Oh, let me get you one as thanks!|Admire Vega: Huh? No, please don—|Curren Chan: Then we can be plushie pals! Okay? ♪"
1039,Kawakami Princess,1,1,1039,,,Kawakami Princess,,,310,middle left (table),1039001,home/data/00000/01/hometimeline_00000_01_1039001,"Kawakami Princess: Trainer, do you have a minute? Thing is, I have a test tomorrow.|Kawakami Princess: But today, I realized that I messed up, and the material I've been studying won't be on the test.|Kawakami Princess: So you know what I have to do now, right?|Kawakami Princess: Yep! Go right into the test with no preparation! Problem solved!"
1039,Kawakami Princess,2,1,1039,,,Kawakami Princess,,,410,middle right (advertisements),1039002,home/data/00000/01/hometimeline_00000_01_1039002,"Kawakami Princess: Dance is all about keeping with the rhythm. If you want it to look polished and beautiful...|Kawakami Princess: Step, one, two... <i>huff.</i> Step... <i>puff,</i> one, two.|Kawakami Princess: Step, <i>huff,</i> one-two. Step, <i>huff!</i> ONE-TWO!|Kawakami Princess: Teehee! ♪ You see, dancing comes naturally to a princess!"
1039,Kawakami Princess,3,1,1039,,,Kawakami Princess,,,510,front left (campus map),1039003,home/data/00000/01/hometimeline_00000_01_1039003,"Kawakami Princess: Trainer, about tomorrow's training. I'd like to do something to clear my mind.|Kawakami Princess: So, could you bring some clay tiles tomorrow?|Kawakami Princess: I thought long and hard about the best way to do it, and I settled on smashing some tiles with my bare fists, followed by a refreshing run.|Kawakami Princess: Good idea, right?! I'd even call it <i>great!</i> Starting tomorrow, I'm gonna smash through that new routine!"
1039,Kawakami Princess,4,2,1039,1061,,Kawakami Princess,King Halo,,120,right (jukebox),1039001,home/data/00000/02/hometimeline_00000_02_1039001,"Kawakami Princess: Greetings, King! What is up? Laying eyes on thine splendid visage today hath verily lifted my vibes!|King Halo: Um, Kawakami? You sound different today...|Kawakami Princess: Oh! I'm absolutely delighted you noticed!|Kawakami Princess: In my quest to become more refined, I have gained new knowledge from the internet!|Kawakami Princess: I wanted thee to be the first to witness my linguistic glow-up! Hehe! ♪|King Halo: ...|King Halo: Right. How about I give you some lessons? First, we'll learn how to choose the right diction.|Kawakami Princess: Yes, please! That would be indubitably fire!"
1039,Kawakami Princess,5,2,1039,1028,,Kawakami Princess,Hishi Akebono,,520,front left (campus map),1039002,home/data/00000/02/hometimeline_00000_02_1039002,"Kawakami Princess: Oh no, now I've done it...|Hishi Akebono: My, my! What's wrong? Feeling down? Maybe you need a little treat?|Kawakami Princess: No, it's not that. I was doing some dance practice on my own just now...|Kawakami Princess: But I got too into it and ended up tearing a hole through the dance studio wall!|Hishi Akebono: You did?! Wow! What happened? Did you punch it?|Kawakami Princess: No... You know that dance with the kicking moves? I was doing that, then bam! Leg went right through!|Kawakami Princess: I've apologized, but as a princess, this is most disgraceful!|Kawakami Princess: Ahhh, the legs I worked so hard to train have betrayed me!|Hishi Akebono: Don't worry about it! The wall took some damage, but it's not a bad thing to be strong! ☆ Let's eat looots of food and cheer you up!|Kawakami Princess: Akebono... you're so sweet!"
1039,Kawakami Princess,6,3,1039,1009,1044,Kawakami Princess,Daiwa Scarlet,Sweep Tosho,530,front left (campus map),25,home/data/00000/03/hometimeline_00000_03_0000025,"Kawakami Princess: This is so hard! Have either of you had to make an apron in your home ec class?|Daiwa Scarlet: I haven't yet. We've only done cooking practice so far.|Sweep Tosho: Hmph! An apron? Us wielders of magic have our own clothes that are so much better. Who needs an apron?|Kawakami Princess: Ah, how unfortunate. I was hoping one of you could help me decide on a design.|Kawakami Princess: Even if it's only an apron, any garb for a princess to wear must have a truly elegant design... Ohhh, what to do?!|Daiwa Scarlet: Oh, then how about adding some lace to it? That'd be so cute. And some frills on the hem, maybe!|Kawakami Princess: That sounds great! But, you know, it probably shouldn't be too puffy or anything. It'll be used for cooking, after all.|Kawakami Princess: Oh—I know! I should add some sparkly weights that look like jewels! They will add elegance <i>and</i> help me train—two birds, one stone!|Daiwa Scarlet: What? But wouldn't that ruin the frills?|Kawakami Princess: Perhaps I should add holsters for some knives and a pot lid, too. You never know what might happen in the kitchen!|Sweep Tosho: What're you imagining?!"
1040,Gold City,1,1,1040,,,Gold City,,,410,middle right (advertisements),1040001,home/data/00000/01/hometimeline_00000_01_1040001,"Gold City: <i>Yaaawn...</i> So tired... That photoshoot went way too late last night...|Gold City: No—get a hold of yourself, Gold City. You can handle both racing and modeling.|Gold City: That's what I told my manager, anyway... I can do this.|Gold City: ...That's it. Tonight I'm going straight to bed after a nice, warm bath."
1040,Gold City,2,1,1040,,,Gold City,,,110,right (jukebox),1040002,home/data/00000/01/hometimeline_00000_01_1040002,"Gold City: Hey, Trainer. Lemme see what your shirt looks like untucked.|Gold City: Hmmm, nice. It looks good that way.|Gold City: Ah, no need to thank me. I just brought it up 'cause I noticed.|Gold City: Besides, you do the same for me during practice, right? You know, giving advice."
1040,Gold City,3,1,1040,,,Gold City,,,210,back left (campus map),1040003,home/data/00000/01/hometimeline_00000_01_1040003,"Gold City: Hm? Ah... It's just you. I thought you were another fan.|Gold City: There's a surprising number of my fans here. Or I guess, fans of my modeling.|Gold City: Gotta say, though... Having to smile through those conversations is high-key tiring.|Gold City: Well, I don't have to do all that in front of you... I can be the <i>real</i> me."
1040,Gold City,4,2,1040,1029,,Gold City,Yukino Bijin,,420,middle right (advertisements),1040001,home/data/00000/02/hometimeline_00000_02_1040001,"Gold City: Huh? Is that lipstick—|Yukino Bijin: Y-yeppers! It's the one I bought with you!|Yukino Bijin: I just put an itsy-bitsy teenie bit on! I'd hate t'see it waste 'way in my bag...|Gold City: I gotcha. But you know, you're not going to get used to it unless you wear it.|Yukino Bijin: I-I know, but... that lipstick's chock full of mem'ries from our shopp'n trip... I want it t'last...|Gold City: ...!|Gold City: <i>Ahem...</i> W-well, personally, I'm hoping you use it up sooner rather than later.|Gold City: Cause then we'll be able to go shopping again, won't we? Only if you... want to, of course.|Yukino Bijin: Wow... 'Course I wanna go! I-I'll apply 'nother coat—no, thirty coats!|Gold City: Ahaha, your lips are gonna hate you if you do that."
1040,Gold City,5,2,1048,1040,,Tosen Jordan,Gold City,,120,right (jukebox),1040002,home/data/00000/02/hometimeline_00000_02_1040002,"Tosen Jordan: Hey, is it true? Did you really score a ninety on the last test?!|Tosen Jordan: Are you a machine?! You work as a model too—when did you study?!|Gold City: I found time? Not like I'm doing anything in my trailer otherwise.|Tosen Jordan: I getcha... This super trailer is making you a genius, right? C'mon, bestie, let me take it for a spin. ☆|Gold City: Uh... it's just a trailer. Besides, trespassing would get you in more trouble than any test.|Tosen Jordan: Omigosh, facts!|Gold City: <i>Sigh...</i> You've got a make-up test, right? What parts didn't you understand?|Tosen Jordan: Whoa, how'd you know?!|Tosen Jordan: Wait, you're seriously gonna help me?! No way! Ahaha!|Gold City: Hehe, why not. I'm not going to leave my ""bestie""  hanging."
1040,Gold City,6,3,1053,1040,1041,Bamboo Memory,Gold City,Sakura Bakushin O,430,middle right (advertisements),7,home/data/00000/03/hometimeline_00000_03_0000007,"Bamboo Memory: You could try hanging your alarm clock around your neck before bed. That way you'll never oversleep!|Gold City: Huh? Not a chance. It'll look like a cowbell.|Sakura Bakushin O: She has a point, Bamboo! I think what she really needs is a big grandfather clock!|Gold City: Yeah, no. I really don't need any of these.|Gold City: I know I suck at mornings 'cause of work, and I let it affect practice... but that's a me problem.|Bamboo Memory: Nonsense! What kind of disciplinary committee chair and roommate would I be if I didn't try to help!|Sakura Bakushin O: And I cannot overlook this as class rep!|Both: And aren't we all friends?|Gold City: Ah... Geez. <i>Sigh</i>...|Gold City: I'll just turn the alarm volume all the way up, 'kay?"
1041,Sakura Bakushin O,1,1,1041,,,Sakura Bakushin O,,,310,middle left (table),1041001,home/data/00000/01/hometimeline_00000_01_1041001,"Sakura Bakushin O: Hehe... Once again, my teacher is gracing me with their time and love in the form of... supplementary lessons!|Sakura Bakushin O: That makes two months in a row! For them to devote so much time to me, I must truly be a genius!|Sakura Bakushin O: Their expectations for me must reach the  ceiling—No! They must reach far beyond the atmosphere itself!|Sakura Bakushin O: Therefore, I must give today my all! Bakushin, Bakushiiin!"
1041,Sakura Bakushin O,2,1,1041,,,Sakura Bakushin O,,,510,front left (campus map),1041002,home/data/00000/01/hometimeline_00000_01_1041002,"Sakura Bakushin O: Trainer, are you good at art?|Sakura Bakushin O: Me? Well... Let me tell you what happened while we were drawing our friends during art class!|Sakura Bakushin O: My friend took one look at my work and asked, ""Is this an alien or something?"" Can you imagine?|Sakura Bakushin O: Surely you know... what this means?|Sakura Bakushin O: My artistic prowess extends beyond the very stars themselves! All hail Superstar Artist Bakushin!"
1041,Sakura Bakushin O,3,1,1041,,,Sakura Bakushin O,,,410,middle right (advertisements),1041003,home/data/00000/01/hometimeline_00000_01_1041003,"Sakura Bakushin O: Question! Why is it that my bangs come together so flawlessly?!|Sakura Bakushin O: A. Because I'm a genius! B. To show off my beautiful face! C. A blessing from above!|Sakura Bakushin O: The correct answer is... ALL OF THE ABOVE! As a consolation prize, I bless you with a smile from ME!|Sakura Bakushin O: Go ahead! Take it all in! BASK in the joy my face brings!"
1041,Sakura Bakushin O,4,2,1041,1053,,Sakura Bakushin O,Bamboo Memory,,120,right (jukebox),1041001,home/data/00000/02/hometimeline_00000_02_1041001,"Sakura Bakushin O: Grrrr... Absolutely unacceptable!|Bamboo Memory: That's quite the scary face. Is something wrong?|Sakura Bakushin O: It is! I've just heard tell of a student who is violating multiple school rules on a regular basis!|Bamboo Memory: Multiple school rules?! Are you saying there is a <i>delinquent</i> among our ranks?!|Sakura Bakushin O: Yes! Firsthand reports mention an incredibly pale student walking around the school IN THE MIDDLE OF THE NIGHT!|Bamboo Memory: Nooo! Leaving one's dorm after curfew is  STRICTLY prohibited!|Sakura Bakushin O: That's not all! This student has also been sneaking into other students' rooms and climbing onto their ceilings! INVADING THEIR PRIVACY!|Bamboo Memory: This cannot go on! We must see to it that the culprit is punished AT ONCE!|Sakura Bakushin O: Yes, by these hands, we will guide this delinquent down the path to redemption and righteousness! Charge! Bakushiiin!"
1041,Sakura Bakushin O,5,2,1041,1054,,Sakura Bakushin O,Biko Pegasus,,520,front left (campus map),1041002,home/data/00000/02/hometimeline_00000_02_1041002,"Sakura Bakushin O: Ahhh! The perfect drink after a perfect patrol! Excellent choice, me!|Biko Pegasus: Ahhh! Nothing beats a sports drink after sweating a bunch!|Biko Pegasus: You know, I didn't know your Bakushin Patrols were so long! You just kept going and going! It was so cool!|Sakura Bakushin O: For my patrol to truly protect the student body, it must last twenty-four seven, three hundred sixty-five days a year!|Sakura Bakushin O: Why me, you might ask? Because it is my duty as a genius to protect the peace!|Biko Pegasus: Does that mean... you're the school's hero?!|Sakura Bakushin O: Class representative by day, school hero by night... The Masked Representative!|Sakura Bakushin O: I LIKE IT! The perfect title for one such as I!|Sakura Bakushin O: I am the Masked Representative—Bakushin Red! And in order to eradicate evil... I shall do another patrol! BAKUSHIIIN!|Biko Pegasus: Whoooaaa! Lemme help, Bakushin Red! Special Move: Super Patrol Daaash!"
1044,Sweep Tosho,1,1,1044,,,Sweep Tosho,,,310,middle left (table),1044001,home/data/00000/01/hometimeline_00000_01_1044001,"Sweep Tosho: ...Papa? Hello, Papa? Papa!|Sweep Tosho: Ugh, why aren't you picking up?! Here I am taking the time to call you back!|Sweep Tosho: Hmph! Guess I'll just have to get my revenge with a voicemail.|Sweep Tosho: Blue flowers, forget-me-nots. ☆ Shoo, Papa, I'll forget-you-lots! ♪|Sweep Tosho: Aaand done. Oh, I can't even imagine the face Papa will make when he hears this! Teehee. ♪"
1044,Sweep Tosho,2,1,1044,,,Sweep Tosho,,,210,back left (campus map),1044002,home/data/00000/01/hometimeline_00000_01_1044002,"Sweep Tosho: Hey, listen. You're not busy, are you?|Sweep Tosho: Tomorrow, lunchtime, I want you at the cafeteria! Pumpkin pie's on the menu, and we're gonna get some.|Sweep Tosho: Get ready to wait in a looong line, and make sure you have a clean plate and fork with you!|Sweep Tosho: Once you get me a slice... Well, I wouldn't mind letting you eat half."
1044,Sweep Tosho,3,1,1044,,,Sweep Tosho,,,110,right (jukebox),1044003,home/data/00000/01/hometimeline_00000_01_1044003,"Sweep Tosho: We have Mia the black cat, Emma the bear cub, Nicole the squirrel, and Lola the elephant...|Sweep Tosho: Hehe. ♪ What should come next?|Sweep Tosho: Hey, what do you think would be a good name?|Sweep Tosho: ""For what?"" My new stuffed animal's name, that's what! It has to sound like a bunny name, be cute, and easy to say. ♪ Got it?"
1044,Sweep Tosho,4,2,1044,1038,,Sweep Tosho,Curren Chan,,520,front left (campus map),1044001,home/data/00000/02/hometimeline_00000_02_1044001,"Sweep Tosho: You've been staring at me for a while now. There something you need from the great Sweepy?|Curren Chan: Um, well, I was wondering if you'd let me borrow your magical girl clothes and stuff. ♪|Curren Chan: I want to be a cute magical girl. That'd be <i>so</i> grammable!|Sweep Tosho: It'd be nice to have another magical girl around, but why now of all times? Couldn't you have said something earlier?|Curren Chan: Well, I would have asked sooner... but I just couldn't work up the courage...|Curren Chan: I mean, you're the one and only Sweepy... I've admired your magicalness for so long!|Sweep Tosho: You admire me?|Curren Chan: Yep! Oh, you don't... mind, do you? Sniffy-sniff...|Sweep Tosho: W-well, I guess it's fine! Look, I'll lend you some clothes already, okay?|Curren Chan: Yaaay! ""#Curren'sMagicalGirlDebut  #CutenessIsMaxMagic♪  #UltimateMagicalGirlCurren"" ...There! ♪|Sweep Tosho: You're <i>already</i> posting about it?!"
1044,Sweep Tosho,5,2,1044,1022,,Sweep Tosho,Fine Motion,,220,back left (campus map),1044002,home/data/00000/02/hometimeline_00000_02_1044002,"Sweep Tosho: Oh, hey, Fine! That reference book on fairies you lent me was sooo fun to read!|Fine Motion: I'm glad you enjoyed it! I brought it from home. It's a personal favorite of mine. ♪|Fine Motion: I hope it wasn't too difficult translating it into Japanese so you could understand...|Sweep Tosho: Not at all! It was easy-peasy! It felt like figuring out the spells in a grimoire—really fun! ♪|Sweep Tosho: Having some dictionaries on hand certainly helped, though!|Fine Motion: (But so much of the text was in archaic  language... It's astounding she could decipher it using only a few dictionaries.)|Fine Motion: Hehe, it's like the saying, ""What one likes, one will do well."" Right? ♪|Fine Motion: That reminds me. I happen to have some other books from home that you might enjoy, like fairy tale anthologies and picture books about witches. Would you like to read them?|Sweep Tosho: You bet I would! I'll read anything you've got if it's about magic! Are you sure you don't mind?!|Fine Motion: Hehe, it's no trouble at all, little Miss Witch. ♪|Sweep Tosho: Heehee! ♪ My witch training's coming along great thanks to you!"
1044,Sweep Tosho,6,3,1044,1032,1068,Sweep Tosho,Agnes Tachyon,Kitasan Black,430,middle right (advertisements),28,home/data/00000/03/hometimeline_00000_03_0000028,"Sweep Tosho: So, Kitasan Black, you finally arrive! I am the extraordinary Magical Girl Sweepy!|Agnes Tachyon: And <i>I</i> am the mastermind pulling her str— Ahem. I'm her supporting scientist, Tachyon.|Sweep Tosho: You told me you want the chance to help other people, right? Well, look no further...|Sweep Tosho: I'm naming you Magical Black, newest member of the Magical Girl ☆ Sweepy 5!|Kitasan Black: A magical girl? Me?!|Sweep Tosho: Yep! You'll have nothing to fear 'cause I, a future great witch, am going to teach you about magic!|Agnes Tachyon: And I'll be experimenting on y—er, I'd like to request your cooperation in testing ""magical items.""|Kitasan Black: Hmm, if I become a magical girl, I'll be able to save people who are in trouble, just like in an anime, right?|Kitasan Black: You've got to let me join! And it'd be great if Dia could join, too!|Sweep Tosho: ""Magical Dia""... That doesn't sound half bad! ♪ Her name's a good fit—she's in!|Agnes Tachyon: Another guinea pi—another member would be splendid. I'm sure my <i>research</i> will benefit greatly.|Agnes Tachyon: A serum to dramatically increase muscle mass or... a mood-elevating tonic to make you feel you can accomplish anything... Which shall I have you test  first?"
1045,Super Creek,1,1,1045,,,Super Creek,,,310,middle left (table),1045001,home/data/00000/01/hometimeline_00000_01_1045001,"Super Creek: Trainer, if you're going to take a break, why don't you sit here next to me?|Super Creek: You must be exhausted. Here, try—|Super Creek: Ah, I suppose you can't really lie down here, can you?|Super Creek: I would've let you sleep on my lap, but you're much taller than the kids."
1045,Super Creek,2,1,1045,,,Super Creek,,,210,back left (campus map),1045002,home/data/00000/01/hometimeline_00000_01_1045002,"Super Creek: Oh, if it isn't Trainer. Where might you be going?|Super Creek: I'm waiting for a friend of mine, but...|Super Creek: It seems they forgot we were going out and overslept. Hehe, they can be like that sometimes.|Super Creek: They said it'll take them an hour to get ready, so I'm just relaxing while I wait."
1045,Super Creek,3,1,1045,,,Super Creek,,,110,right (jukebox),1045003,home/data/00000/01/hometimeline_00000_01_1045003,"Super Creek: Training can be so draining. Everyone looks exhausted...|Super Creek: If only I could give them something to help replenish their strength.|Super Creek: Perhaps something sweet or a light snack... Although something filling could be good too... Hmmm...|Super Creek: Oh, why not? I'll just make <i>aaall</i> of those!"
1045,Super Creek,4,2,1045,1034,,Super Creek,Inari One,,520,front left (campus map),1045001,home/data/00000/02/hometimeline_00000_02_1045001,"Super Creek: Oh, Inari—here's something that might interest you.|Super Creek: While I was out and about earlier, I saw a portable shrine.|Super Creek: So I think there must be a local festival going on.|Inari One: Really? That's what this Edo girl likes to hear! I've gotta get involved!|Super Creek: Oh, um... Are you thinking of carrying the shrine?|Inari One: 'Course I am! The shrine's the centerpiece of a festival!|Super Creek: I'm worried, though. It was so large...|Inari One: What're you talkin' about? I can lift a portable shrine or two any day of the—|Super Creek: ...But won't the other carriers lift you up along with the shrine?|Inari One: <i>That's</i> what you're worried about?!"
1045,Super Creek,5,2,1045,1021,,Super Creek,Tamamo Cross,,220,back left (campus map),1045002,home/data/00000/02/hometimeline_00000_02_1045002,"Super Creek: Tama, do you think you could teach me the trick to your okonomiyaki some time?|Tamamo Cross: Oh, well there's a first. I'm usually the one asking <i>you</i> for help.|Super Creek: But your okonomiyaki is just sooo <i>good...</i>|Super Creek: No matter how many times I try, I can't seem to get it right.|Tamamo Cross: Hehe... Gotta admit, this feels good. All right, I'll teach ya!|Tamamo Cross: But be warned, I'm a strict teacher!|Super Creek: Of course—thank you very much!|Super Creek: I'll make the perfect one, blooow on it to cool it down, and then feed it to you myself...|Super Creek: Hehe, I wonder what sort of face you'll make when you taste it. ♪|Tamamo Cross: ...So that's your real aim here."
1046,Smart Falcon,1,1,1046,,,Smart Falcon,,,310,middle left (table),1046001,home/data/00000/01/hometimeline_00000_01_1046001,"Smart Falcon: Guess what, Trainer?! I've got myself a new fan! ☆|Smart Falcon: She's still just a little girl, but as soon as she saw me singing downtown, she said she fell in love!|Smart Falcon: And you know what? She was even wearing ribbons that matched mine!|Smart Falcon: Maybe in a few years, we can even be in an idol group together? Yeah! Let's make that happen!"
1046,Smart Falcon,2,1,1046,,,Smart Falcon,,,410,middle right (advertisements),1046002,home/data/00000/01/hometimeline_00000_01_1046002,"Smart Falcon: Trainer! I was thinking of putting up my posters for my concert here, but what do you think?|Smart Falcon: Us students are always checking here for the latest news, so surely everyone will see it, right? ♪|Smart Falcon: Plus, all the students who find out they need to take supplementary lessons will cheer up when they see my peppy poster!|Smart Falcon: Huh? Ah, but what if... I need to take  supplementary lessons too..."
1046,Smart Falcon,3,1,1046,,,Smart Falcon,,,510,front left (campus map),1046003,home/data/00000/01/hometimeline_00000_01_1046003,"Smart Falcon: <i>Sigh...</i> I'm super nervous about the next test... But I have to make sure I pass!|Smart Falcon: I've got it! Maybe I can turn my study materials into a song!|Smart Falcon: I mean, I'm the best when it comes to  songwriting! ☆ I'll start with a song about history, another about science, and then finish with a short poem by me!|Smart Falcon: I bet it'd be super popular with other people who suck at studying! It might even make it to number one on the charts. ☆"
1046,Smart Falcon,4,2,1046,1037,,Smart Falcon,Eishin Flash,,220,back left (campus map),1046001,home/data/00000/02/hometimeline_00000_02_1046001,"Smart Falcon: Flash! This is a once-in-a-lifetime request! You gotta do a concert with me!|Eishin Flash: Didn't you say that about your last request too?|Smart Falcon: I'm sure I did, but I reeeally mean it this time!|Smart Falcon: When I was watching your last concert... You looked so cool, but also cute at the same time!|Smart Falcon: I just know that performing with you would take me to a whole other level! Soooo... please? ☆|Eishin Flash: Your praise is appreciated, but my schedule for the next while is set, I'm afraid...|Smart Falcon: There must be something you can do! I want to show your fans a whole new world!|Smart Falcon: I can't <i>possibly</i> let my friend's Umadol potential go to waste! ☆|Eishin Flash: ...Okay. I see you've made up your mind, so I'll adjust my schedule.|Smart Falcon: Yippee! ☆ Thanks a bunch, Flash! We'll show your fans the show of a lifetime!"
1046,Smart Falcon,5,2,1046,1019,,Smart Falcon,Agnes Digital,,420,middle right (advertisements),1046002,home/data/00000/02/hometimeline_00000_02_1046002,"Smart Falcon: Ehehe, thanks for always cheering me on, Digital! ☆|Agnes Digital: WAAAH! F-F-F-Falco?! Wh-what have I done to be blessed with your presence?!|Smart Falcon: I just saw your super cute ribbon and figured I'd say hi! ☆|Agnes Digital: S-such an honor for this lowly worm! Thank youuuuu!|Smart Falcon: That's my line! Thanks for always coming to my shows. ☆|Smart Falcon: Without you there, there's no way my fans would get as pumped as they do! ♪|Smart Falcon: Seriously, I've wanted to thank you for a long time!|Agnes Digital: HIIIAAASDFGHJKL! A-an angel! <i>Huff, huff...</i> My head.. is... spinning...|Agnes Digital: Your presence alone is too much for me to handle... At this rate, I'm going to... fall in... love.|Smart Falcon: Digital?! Are you okay?!"
1046,Smart Falcon,6,3,1046,1026,1002,Smart Falcon,Mihono Bourbon,Silence Suzuka,530,front left (campus map),12,home/data/00000/03/hometimeline_00000_03_0000012,"Smart Falcon: And with that, let the Umadol Concert Meeting begin! ☆|Mihono Bourbon: Understood. Now requesting meeting agenda data.|Silence Suzuka: Wait, what... How did I get caught up in this?|Smart Falcon: On today's agenda is... discussing interactive performances for the fans!|Smart Falcon: After all, the best part of concerts is when you feel a strong connection with everyone there. ☆|Mihono Bourbon: Searching memory for activities involving strong connections... Match found. How about forming a human pyramid?|Silence Suzuka: I don't think that's what we're talking about... It's a little too acrobatic.|Smart Falcon: Yeah, we're Umadols, not the circus. Maybe we could have the audience clap along or have them sing the chorus!|Mihono Bourbon: Very well. Then why don't we have the audience clap, and we could perform backflips and somersaults in time with their claps?|Silence Suzuka: Um, why don't we move away from acrobatics..."
1048,Tosen Jordan,1,1,1048,,,Tosen Jordan,,,310,middle left (table),1048001,home/data/00000/01/hometimeline_00000_01_1048001,"Tosen Jordan: Uuugh, they're sold out?! I neeeed these press-on nails though!|Tosen Jordan: Huh? Stop. This other shop is selling them for, like, way more expensive. Are they for real?!|Tosen Jordan: Wait, I saw something about this on my newsfeed. Prices going up is called in... invention?|Tosen Jordan: Hm... that doesn't sound right. ...Souffle-tion? Whatever, I am so done with these prices!"
1048,Tosen Jordan,2,1,1048,,,Tosen Jordan,,,210,back left (campus map),1048002,home/data/00000/01/hometimeline_00000_01_1048002,"Tosen Jordan: Hey, got a moment? You know how I have supplementary lessons, like, now?|Tosen Jordan: Well, my besties just texted me, and they're in a pinch! Like, <i>for real</i> for real!|Tosen Jordan: So I have to go help them out, obvs! They can't go home 'til they score full points in karaoke!|Tosen Jordan: So, like, you're cool to go study for me, right? Thaaanks! ☆ ...No?"
1048,Tosen Jordan,3,1,1048,,,Tosen Jordan,,,110,right (jukebox),1048003,home/data/00000/01/hometimeline_00000_01_1048003,"Tosen Jordan: The ""Umanail ☆ Channel"" live stream was fire! All the techniques they dropped left me gagged. ♪|Tosen Jordan: But the one about how to do gradation got me lowkey kinda sad. Their technique with the polish was just way too high-level.|Tosen Jordan: ...But what's the use in getting down? I've just gotta steal their goated techniques! ♪|Tosen Jordan: And I'll start by going to a goated nail salon! ... As soon as I actually find one."
1048,Tosen Jordan,4,2,1007,1048,,Gold Ship,Tosen Jordan,,520,front left (campus map),1048001,home/data/00000/02/hometimeline_00000_02_1048001,"Gold Ship: Aha—Jordan! We meet again, after countless eons! I'm gonna roll you up like a datemaki!|Tosen Jordan: Huh?! What are you talking about?!|Gold Ship: Do you have any last words? With the flick of a finger, I will—|Gold Ship: OOOOW! My nail chipped!|Tosen Jordan: Really? Let me see it!|Tosen Jordan: ...Phew, at least it's not that deep. Here, I'll lend you my nail file.|Tosen Jordan: Do you wanna put on a base and top coat too? Look, like this?|Gold Ship: Huh? ...Whoooaaa! We've got a genius in our midst and I didn't even know it!|Gold Ship: You know what, Jordan? You should enter a contest! I, the mighty Golshi, shall handle all the entry paperwork!|Tosen Jordan: A contest?! I'm not a pro or anything... But now you mention it, I <i>am</i> kinda pro level. I could try, I guess?|Gold Ship: That's the spirit! Show them your burning passion at the miniature town model contest!|Tosen Jordan: Weren't we talking about nails?!"
1048,Tosen Jordan,5,2,1048,1037,,Tosen Jordan,Eishin Flash,,220,back left (campus map),1048002,home/data/00000/02/hometimeline_00000_02_1048002,"Tosen Jordan: Oh? Flash, you look low-key exhausted.|Eishin Flash: ...I am, a bit. I had a lot of work come up  unexpectedly today.|Tosen Jordan: That's rough. So you gonna skip training today?|Eishin Flash: No, I will go ahead with it as planned. If I reduce my practice, I will only suffer for it later trying to rearrange my plans.|Tosen Jordan: But, like, there's no point trying to overwork yourself now. You should just relax and do something fun!|Tosen Jordan: Hold up, we can go out right now! I'm a genius!|Eishin Flash: I appreciate the offer, but I am not one to implement dubious theories so hastily...|Tosen Jordan: Come on, just give it a try. Who knows, maybe you'll grow stronger if you break out of that mold of yours.|Eishin Flash: I... will?|Tosen Jordan: Oh, that got you interested, huh? Then how about a full glam glow-up while we're at it? My makeup skills are next level!|Eishin Flash: I'm afraid I'll have to pass after all..."
1050,Narita Taishin,1,1,1050,,,Narita Taishin,,,310,middle left (table),1050001,home/data/00000/01/hometimeline_00000_01_1050001,"Narita Taishin: One of these bars has all the nutrients found in one meal.|Narita Taishin: <i>Ha-umph! Munch, munch, munch...</i>|Narita Taishin: ...|Narita Taishin: My mouth is so... dry."
1050,Narita Taishin,2,1,1050,,,Narita Taishin,,,510,front left (campus map),1050002,home/data/00000/01/hometimeline_00000_01_1050002,"Narita Taishin: Hey... you know of a good napping spot no one else will find?|Narita Taishin: My usual spot is currently, uh... occupied.|Narita Taishin: There was this cat... It just looked so comfy...|Narita Taishin: I mean... It's first come, first serve, right?"
1050,Narita Taishin,3,1,1050,,,Narita Taishin,,,410,middle right (advertisements),1050003,home/data/00000/01/hometimeline_00000_01_1050003,"Narita Taishin: The girls in my class were talking about this place that serves desserts and stuff.|Narita Taishin: They suddenly decided to go all together, which got everyone excited.|Narita Taishin: They were going around and asking everyone what their schedules were like... So I left.|Narita Taishin: I don't really like sweets, so... I'd probably just ruin the mood, you know?|Narita Taishin: Ugh... Why does everyone in my class have to be so <i>friendly?</i>"
1050,Narita Taishin,4,2,1035,1050,,Winning Ticket,Narita Taishin,,120,right (jukebox),1050001,home/data/00000/02/hometimeline_00000_02_1050001,"Winning Ticket: Taishin, Taishin! Play shiritori with me!|Narita Taishin: No, I'm playing a game.|Winning Ticket: Come ooon! Which is more important to you, that game or me?!|Narita Taishin: ...Chatterbox.|Winning Ticket: Yaaay! I won! No words that end with ""x""! You'd know that if you were paying attention!|Narita Taishin: Sorry, just reflex.|Winning Ticket: Yeaaah! I win again! Isn't my genius just amazing?!|Narita Taishin: Yeah, super unorthodox.|Winning Ticket: Yesss! Three wins in a row! I need to tell Hayahide right away!|Narita Taishin: Yup. Good idea. You go do that."
1050,Narita Taishin,5,2,1045,1050,,Super Creek,Narita Taishin,,520,front left (campus map),1050002,home/data/00000/02/hometimeline_00000_02_1050002,"Super Creek: Taishin, is there anything you'd like to eat for lunch this weekend?|Narita Taishin: Huh? What are you talking about?|Super Creek: Now that we're roommates, I wanted to cook us a meal to celebrate. ♪ What would you like?|Narita Taishin: ...You don't need to do that. I eat my meals alone.|Super Creek: Oh my, is... is that so? I... see.|Narita Taishin: Huh? Wait—|Super Creek: There's just so many foods I'd like you to try. I put quite a lot of thought into the menu...|Super Creek: But I see now that I was getting ahead of myself. I apologize...|Narita Taishin: <i>Sigh...</i>|Narita Taishin: I... don't have any preferences. I'll eat whatever you came up with, so just make that.|Super Creek: Taishin! All right. ♪ Hehe... I'll make this the best lunch you've ever had!"
1051,Nishino Flower,1,1,1051,,,Nishino Flower,,,310,middle left (table),1051001,home/data/00000/01/hometimeline_00000_01_1051001,"Nishino Flower: So there's this girl who just lost a race, and she's here at school today...|Nishino Flower: I wonder, what sort of gesture would make her feel better?|Nishino Flower: Oh, I know. In the language of flowers, chamomile symbolizes ""energy in adversity,"" so...|Nishino Flower: Tomorrow, I think I'll make some chamomile tea for her. I hope it'll help cheer her up!"
1051,Nishino Flower,2,1,1051,,,Nishino Flower,,,210,back left (campus map),1051002,home/data/00000/01/hometimeline_00000_01_1051002,"Nishino Flower: Hehe. I can't wait until my next training session.|Nishino Flower: You see, after I lost a race yesterday, Sky was kind enough to take me to a park.|Nishino Flower: While we were walking, I noticed all the flowers at our feet. The way they swayed in the wind made it look like they were waving at us.|Nishino Flower: They really helped me cheer up, both the flowers and Sky. So now I'm feeling up to working towards a comeback!"
1051,Nishino Flower,3,1,1051,,,Nishino Flower,,,110,right (jukebox),1051003,home/data/00000/01/hometimeline_00000_01_1051003,"Nishino Flower: Ehehe. Tomorrow, we're celebrating a classmate's victory.|Nishino Flower: Let's see, have I bought everything? Onions, potatoes, butterbur...|Nishino Flower: Oh! These gummies are unrelated!|Nishino Flower: I, um... wanted the Princess Fighter stickers they came with, and, yeah..."
1051,Nishino Flower,4,2,1010,1051,,Taiki Shuttle,Nishino Flower,,520,front left (campus map),1051001,home/data/00000/02/hometimeline_00000_02_1051001,"Taiki Shuttle: Howdy, Flower! Be a pal and tell me about a Japanese sayin' I heard!|Taiki Shuttle: It went somethin' like, ""It's dark without a light."" Is that right? I heard Grass say it not a minute ago.|Nishino Flower: Hmm, it was probably... ""It's darkest beneath the lamp,"" right?|Nishino Flower: It's a metaphor for how easy it is to lose sight of things when they're right beside you. Even lamps cast a shadow beneath themselves, you see.|Taiki Shuttle: Oh, the shadow! I know another sayin' like that!|Taiki Shuttle: ""Take shelter in the shade of a taiki""! But what's that word mean?|Nishino Flower: That proverb is about how you should rely on someone big and strong when you need help. I think you might have it a little wrong, though.|Nishino Flower: That word means ""big tree,"" but it's actually pronounced ""taiju.""|Taiki Shuttle: You don't say... I messed that one up good.|Nishino Flower: Hehe, well, you may have gotten the  pronunciation a little mixed up...|Nishino Flower: But in a way, your version sounds just right to me. After all, when I need help, that's exactly what I think: ""I should turn to Taiki!"""
1051,Nishino Flower,5,2,1026,1051,,Mihono Bourbon,Nishino Flower,,220,back left (campus map),1051002,home/data/00000/02/hometimeline_00000_02_1051002,"Mihono Bourbon: Nishino Flower, the Japanese confectionery you gave me yesterday had an excellent flavor as always.|Nishino Flower: Oh, really? That makes me so happy!|Mihono Bourbon: You are happy? But I was the recipient.|Nishino Flower: Well, yes. But I never really get to speak to anyone about Japanese treats... so I enjoy getting to talk about them with you! ♪|Nishino Flower: Ah, but if I keep recommending so many to you, it might be bad for your health...|Mihono Bourbon: Not at all. I can simply expend any excess calories I consume by exercising afterward.|Mihono Bourbon: My current body weight is within optimal range. There is no cause for distress.|Nishino Flower: Th-that's good, then. So, um, if you really don't mind...|Nishino Flower: Would you like to share some of the new sweets I just bought?|Mihono Bourbon: Affirmative. Let us initiate the protocol for Operation: Sweets."
1051,Nishino Flower,6,3,1051,1020,1061,Nishino Flower,Seiun Sky,King Halo,530,front left (campus map),32,home/data/00000/03/hometimeline_00000_03_0000032,"Nishino Flower: Say, would everyone like to go on a camping trip together?|Seiun Sky: A camp trip? Nice, I could get a lot of relaxing done.|King Halo: Camping takes a lot of preparation, though. After all, we would even have to pitch a tent ourselves.|Nishino Flower: Oh... O-of course, I didn't think about that.|Nishino Flower: I just happened to see a show about camping on TV. Getting to see the night sky with everyone seemed so nice...|Nishino Flower: But I guess it would be too hard for beginners like us, huh.|King Halo: Yes, and of course there's the whole matter of the campfire to consider. It'd be best to go with someone more experienced—|Seiun Sky: Sure, but you'd be there, King. You're super first-rate, so it'd probably be no problem for you to handle.|Seiun Sky: With you around, I bet everything would be smooth sailing. Right?|King Halo: ...R-right! A matter as simple as camping is <i>no</i> trouble at all for me!|Nishino Flower: Wow, really? King, you're amazing!|King Halo: ...I need to read up on camping, fast."
1052,Haru Urara,1,1,1052,,,Haru Urara,,,210,back left (campus map),1052001,home/data/00000/01/hometimeline_00000_01_1052001,"Haru Urara: Urara! ♪|Haru Urara: A... A... Aardvark!|Haru Urara: K... K... Kangaroo! ♪|Haru Urara: O... O... Oh, I know! Ox!|Haru Urara: ...Uh-oh! What starts with X?!"
1052,Haru Urara,2,1,1052,,,Haru Urara,,,410,middle right (advertisements),1052002,home/data/00000/01/hometimeline_00000_01_1052002,"Haru Urara: Trainer! Trainer! Is your tummy growling?|Haru Urara: Well, guess what? I bought some carrot bread just for you!|Haru Urara: It's super-duper yummy, so you definitely gotta try it!|Haru Urara: I left it in my desk, so if you ever feel hungry, just—|Haru Urara: Ah!|Haru Urara: I... I forgot!|Haru Urara: I <i>did</i> buy it for you, but it looked so good that I ate it without thinking!"
1052,Haru Urara,3,1,1052,,,Haru Urara,,,510,front left (campus map),1052003,home/data/00000/01/hometimeline_00000_01_1052003,"Haru Urara: Trainer, Trainer! Listen to this!|Haru Urara: I heard a rumor that there's a ghost in our dorm!|Haru Urara: I wonder if it's friendly? Do you think it has a favorite snack?|Haru Urara: Do ghosts prefer cold things like ice cream? Or would carrot cake be better?|Haru Urara: Oh gosh, now I'm hungry!"
1052,Haru Urara,4,2,1052,1019,,Haru Urara,Agnes Digital,,220,back left (campus map),1052001,home/data/00000/02/hometimeline_00000_02_1052001,"Haru Urara: Invisibility Ninjutsu!|Agnes Digital: (SQUEEE! She hasn't turned invisible at all! That's adorable beyond words!)|Haru Urara: Hehehe, Sei taught me this move yesterday!|Haru Urara: Hey, hey, can you see me? I'm right here!|Agnes Digital: I cannot see you at all!|Haru Urara: Whoa, really?! Yippee! I did it!|Agnes Digital: SQUEEE!"
1052,Haru Urara,5,2,1015,1052,,T.M. Opera O,Haru Urara,,420,middle right (advertisements),1052002,home/data/00000/02/hometimeline_00000_02_1052002,"T.M. Opera O: Ah, what to do!|Haru Urara: What's wrong, Ope?|T.M. Opera O: I was just bemoaning the fact that my very presence here makes these posters simply disappear.|Haru Urara: You can make posters disappear?! Wowie! How're you doing that?!|T.M. Opera O: Why, by standing here, of course! My dazzling countenance outshines all!|Haru Urara: Dazzling? You mean light makes them disappear?|Haru Urara: Okie-dokie! Then I'll go grab a flashlight and help!|T.M. Opera O: A... a flashlight?"
1053,Bamboo Memory,1,1,1053,,,Bamboo Memory,,,310,middle left (table),1053001,home/data/00000/01/hometimeline_00000_01_1053001,"Bamboo Memory: Hey! Trainer, you can't go around looking like a slob just 'cause you're tired!|Bamboo Memory: At times like these, it's best to move around and get your blood flowing again! Tell you what, I'll go out for a long run with you!|Bamboo Memory: We'll go after that cloud over there—wherever it takes us!"
1053,Bamboo Memory,2,1,1053,,,Bamboo Memory,,,110,right (jukebox),1053002,home/data/00000/01/hometimeline_00000_01_1053002,"Bamboo Memory: I patrol the school hallways day in and day out, but there seems to be no end to rule-breakers in need of a warning...|Bamboo Memory: So I've been thinking, what if this means I'm not imposing enough? That would be a major problem!|Bamboo Memory: But how to be more imposing? Imposing,  imposing... imposing... startling? <i>Surprising...</i>|Bamboo Memory: That's it! There's no surprise like a magic trick! Yeah, I just need to be a magician <i>and</i> a disciplinary officer!|Bamboo Memory: Trainer, can you help me learn some escape magic tricks?!"
1053,Bamboo Memory,3,1,1053,,,Bamboo Memory,,,210,back left (campus map),1053003,home/data/00000/01/hometimeline_00000_01_1053003,"Bamboo Memory: That math quiz absolutely <i>ruined</i> me! Aghhh, I can't believe myself!|Bamboo Memory: I need to put more spirit into my studying! But I can't let it eat into my training time either...|Bamboo Memory: Wait, what if I just shouted out math formulas during training?! Sine! Cosine! Tangent! Like that!|Bamboo Memory: No, that wouldn't help if I don't even know what sine and cosine mean in the first place..."
1053,Bamboo Memory,4,2,1053,1006,,Bamboo Memory,Oguri Cap,,420,middle right (advertisements),1053001,home/data/00000/02/hometimeline_00000_02_1053001,"Bamboo Memory: Oguri! I heard a rumor you were eating ramen while walking through the halls. Is this true?|Oguri Cap: Uh-huh. An emergency came up during my meal. I couldn't let my noodles get cold, though. It'd be rude to the person who made them.|Bamboo Memory: So that's what happened... The disciplinary committee shouldn't overlook a violation of the rules, but I suppose it was unusual circumstances.|Bamboo Memory: However, hot soup is still dangerous to walk around with, so I hope it won't happen again.|Oguri Cap: All right, I'll be careful. Thanks for understanding.|Bamboo Memory: Please, it's totally fine! You should never let food get spoiled after all.|Bamboo Memory: Oh, and what was that emergency you had anyway?|Oguri Cap: That? I heard the home ec class was giving away cupcakes to the first twenty people who showed up!|Bamboo Memory: You call that an emergency?!"
1053,Bamboo Memory,5,2,1053,1034,,Bamboo Memory,Inari One,,120,right (jukebox),1053002,home/data/00000/02/hometimeline_00000_02_1053002,"Bamboo Memory: Get this! I thought of a new hero monologue! You wanna give it a listen?|Inari One: Ah, great! Lay it on me!|Bamboo Memory: I am the heart of discipline in a cruel world! To my friends I am justice, to my enemies—a monster!|Bamboo Memory: Those who violate the rules will be punished! I will crush their evil deeds to dust!|Bamboo Memory: So, what do you think? I wanted something intimidating enough to stop people in their tracks.|Inari One: Hahaha! Not bad! All that <i>oomph</i> in your words really hits the mark!|Bamboo Memory: For real?! This is awesome! Okay, I'm gonna put it to good use starting tomorrow!|Inari One: To be honest, you're probably gonna fire people up more than stop 'em cold...|Inari One: But you're Bamboo—people <i>should</i> adore ya. Think I'll tag along while you work."
1053,Bamboo Memory,6,3,1069,1072,1053,Sakura Chiyono O,Yaeno Muteki,Bamboo Memory,430,middle right (advertisements),33,home/data/00000/03/hometimeline_00000_03_0000033,"Sakura Chiyono O: Say, Yaeno and Bamboo. Do you like spicy foods?|Yaeno Muteki: I can handle the heat, yeah. Why do you ask?|Sakura Chiyono O: Well the thing is, I accidentally bought a bunch of really spicy curry. I can really only go for the sweeter varieties, so...|Yaeno Muteki: I see where this is going. Bamboo?|Bamboo Memory: I'm not great at handling spicy stuff, but I do like it. I'm up for the challenge!|Yaeno Muteki: Can't handle it, but like it all the same? What's that all about?|Bamboo Memory: I just get real fired up on the inside when I eat spicy stuff! Makes me feel alive!|Sakura Chiyono O: I see! It's like how carrots taste better after a bout of hard work!|Bamboo Memory: Something like that, yeah!|Yaeno Muteki: (Feeling alive? And why bring up carrots? I'm not sure what these two are on about...)"
1056,Matikanefukukitaru,1,1,1056,,,Matikanefukukitaru,,,310,middle left (table),1056001,home/data/00000/01/hometimeline_00000_01_1056001,"Matikanefukukitaru: Woiya... Haiya... Oh fortune app, show me the future! ♪|Matikanefukukitaru: M-m-mi...miss... Huh?|Matikanefukukitaru: Woiro, woiroooo! Reset! Reset and try again!|Matikanefukukitaru: Whooooaaa! Extra great fortune!"
1056,Matikanefukukitaru,2,1,1056,,,Matikanefukukitaru,,,110,right (jukebox),1056002,home/data/00000/01/hometimeline_00000_01_1056002,"Matikanefukukitaru: Now, look deeply into my eyes.|Matikanefukukitaru: That's right. Deeeeply! Deeeeeply!|Matikanefukukitaru: Now, prepare yourself for my Happiness Eye Beams!|Matikanefukukitaru: <i>Eye</i> hope this makes you happy... Ahaha!"
1056,Matikanefukukitaru,3,1,1056,,,Matikanefukukitaru,,,210,back left (campus map),1056003,home/data/00000/01/hometimeline_00000_01_1056003,"Matikanefukukitaru: Nyehehehe! ♪|Matikanefukukitaru: Well? How's my smile? They say fortune comes to the most joyous!|Matikanefukukitaru: Now it's your turn! That's it, raise your hands and...|Matikanefukukitaru: Tickle, tickle, tickle! Laughter will bring you even <i>more</i> luck! ♪"
1056,Matikanefukukitaru,4,2,1056,1010,,Matikanefukukitaru,Taiki Shuttle,,420,middle right (advertisements),1056001,home/data/00000/02/hometimeline_00000_02_1056001,"Matikanefukukitaru: Woiya happy! Haiya lucky! Thank you, Shiraoki!|Matikanefukukitaru: Repeat after me!|Taiki Shuttle: Woiya happyyy! ☆ Haiya luckyyy! ☆ Thank you, Shiraokiii! ☆|Matikanefukukitaru: No! More! You must <i>believe</i> harder!|Taiki Shuttle: Oh, this Japanese spell is very difficult!|Taiki Shuttle: By the way, what do these words mean anyway?|Matikanefukukitaru: Meaning?! Well, let me rephrase it a bit...|Matikanefukukitaru: Yes to happy clappies! No more worries, go! All praise to the great Shiraoki! Thank you!|Taiki Shuttle: Um... Okay!"
1056,Matikanefukukitaru,5,2,1056,1002,,Matikanefukukitaru,Silence Suzuka,,120,right (jukebox),1056002,home/data/00000/02/hometimeline_00000_02_1056002,"Matikanefukukitaru: Urrraaaagh! This malice! I feel malice all around me!|Silence Suzuka: Um... Is everything all right? That was so sudden...|Matikanefukukitaru: There's no time! Quick, put what you're holding on the ground RIGHT NOW!|Silence Suzuka: Huh? This water?|Matikanefukukitaru: That's right! That water bottle is your lucky item for today!|Matikanefukukitaru: If you place your lucky item on the ground, the lucky energy will flow into the space around us and—|Silence Suzuka: <i>Gulp...</i>|Matikanefukukitaru: Noooo! What are you doooing?!|Silence Suzuka: Phew... Huh? I was thirsty..."
1056,Matikanefukukitaru,6,3,1056,1030,1058,Matikanefukukitaru,Rice Shower,Meisho Doto,530,front left (campus map),9,home/data/00000/03/hometimeline_00000_03_0000009,"Matikanefukukitaru: I can't believe this. After my wallet was stolen by a black cat, I also messed up the time and place of our training session.|Rice Shower: Urgh... I'm sorry. This was all my fault.|Meisho Doto: I-I'm the one who misheard the time! I'm sorry! I'm really, really sorry!|Matikanefukukitaru: No! Neither of you are to blame! This is the work of...|Matikanefukukitaru: The prophet Umastradamus! This must be the terrible disaster she foretold!|Rice Shower: Huh? Really? Then... it wasn't my fault?|Meisho Doto: A-are you sure... I didn't just screw up again?|Matikanefukukitaru: I am certain! This is all a part of the prophecy!|Rice Shower: Th-thank goodness!|Meisho Doto: Yes, that's a relief..."
1058,Meisho Doto,1,1,1058,,,Meisho Doto,,,310,middle left (table),1058001,home/data/00000/01/hometimeline_00000_01_1058001,"Meisho Doto: She shells sea shells by the sea shore! She sells she shells by the she shore!|Meisho Doto: Ohhh, I just can't do it... <i>Sniff...</i> O-one more time...|Meisho Doto: Seashells seashells my the she sore!|Meisho Doto: Uwaaaugh! How did I get <i>wooorse?!</i>"
1058,Meisho Doto,2,1,1058,,,Meisho Doto,,,410,middle right (advertisements),1058002,home/data/00000/01/hometimeline_00000_01_1058002,"Meisho Doto: I-I was just trying to imagine what it would be like to have a poster of myself hanging somewhere...|Meisho Doto: I bet no one would notice it... Before long, it'd be all dirty, and the colors would be faded...|Meisho Doto: A-and then, if it happened to fall... People would step on it and cover it in footprints!|Meisho Doto: I didn't mean to add to the litter in the streets! I'm so, so, so sorryyy!"
1058,Meisho Doto,3,1,1058,,,Meisho Doto,,,510,front left (campus map),1058003,home/data/00000/01/hometimeline_00000_01_1058003,"Meisho Doto: Hehe. I did it. I finally managed to buy a latte and bring it back here safe and sound!|Meisho Doto: This is the first time I haven't spilt it... At last, I can drink in peace!|Meisho Doto: <i>Gulp, gulp, gulp...</i>|Meisho Doto: Huh?! Wh-wh-why is it so bitter?! Wait, this is black coffeeeee!"
1058,Meisho Doto,4,2,1058,1015,,Meisho Doto,T.M. Opera O,,220,back left (campus map),1058001,home/data/00000/02/hometimeline_00000_02_1058001,"Meisho Doto: W-we finally meet again, my rebel... Ah! I-I mean, rival!|Meisho Doto: Hnnngh... I'm so, so, so sorry! I screwed up my lines!|Meisho Doto: I can't even read a script right. I'm sorry I'm so worthless, and stupid, and... and...|T.M. Opera O: The rhythm of your speech... You were born to play a minstrel! Yes, that's it! I'm changing your role!|T.M. Opera O: You are now a humble minstrel seeking an audience with me, the king... or so you claim! You're actually there to kill me!|T.M. Opera O: Now, let us continue! Perform your next lines with an apologetic flair!|Meisho Doto: Wh-wh-wh-wh-wh-what?! I-I... Um...|Meisho Doto: I-I'm sorry, Your Majesty, but your life ends here. D-d-d-die by my blade, pleeease!|Meisho Doto: I'm sorry I find your pain so exquisite! Please forgive me for sending you to the depths of Hades!|T.M. Opera O: Haaa-ha-ha-ha-ha! Yes, yes, YES! The  juxtaposition of madness and comedy is truly magnificent!"
1058,Meisho Doto,5,2,1058,1052,,Meisho Doto,Haru Urara,,420,middle right (advertisements),1058002,home/data/00000/02/hometimeline_00000_02_1058002,"Meisho Doto: Another day full of mistakes... Urgh... <i>Siiiiigh.</i>|Haru Urara: Whoa, Doto, that was cool! You're sooo good at breathing out!|Meisho Doto: I-it was just a sigh... How could that be anything amazing?|Haru Urara: But that means you've got good lung cuppa-city, right?! The manga I'm reading says that's super important to running!|Meisho Doto: That's not it... I'm just breathing normally, see? <i>Inhale... Exhale...</i>|Haru Urara: I wanna try too! <i>Inhale... Exhale...</i>|Meisho Doto: <i>Inhale... Exhale...</i>|Haru Urara: Whoooa! You know, this actually feels really good! I can't believe you discovered something so cooool!|Meisho Doto: Wh-what? Ah, you're right... I feel a little more... relaxed?|Meisho Doto: Hehe... Urara, you really are such a sweetheart."
1059,Mejiro Dober,1,1,1059,,,Mejiro Dober,,,310,middle left (table),1059001,home/data/00000/01/hometimeline_00000_01_1059001,"Mejiro Dober: ""I'm drownin' in homework! Ya gotta help me!"" <i>Sigh...</i> Oh Taiki, always playing catch-up with your homework.|Mejiro Dober: ""You have to learn how to manage on your own.""|Mejiro Dober: ...Maybe that's a bit harsh.|Mejiro Dober: ""I'll make you some tea to help you through it, so give it a try on your own first."" There."
1059,Mejiro Dober,2,1,1059,,,Mejiro Dober,,,510,front left (campus map),1059002,home/data/00000/01/hometimeline_00000_01_1059002,"Mejiro Dober: O-oh no... I lent out my notebook without thinking about it...|Mejiro Dober: But I've just realized, I think I drew something in it... What was it again?|Mejiro Dober: A cat? ...A dog? It might've been Oka from the manga <i>Uma ☆ Koi</i>...|Mejiro Dober: Ooh... I hope they don't find it!"
1059,Mejiro Dober,3,1,1059,,,Mejiro Dober,,,410,middle right (advertisements),1059003,home/data/00000/01/hometimeline_00000_01_1059003,"Mejiro Dober: In my performance class, they said ""Don't be afraid of the audience. They're like teammates who will lift you up.""|Mejiro Dober: I understand that, I really do. I'm just no good at being the center of attention... <i>Sigh.</i>|Mejiro Dober: If only they could turn the lights down so low that no one could see me...|Mejiro Dober: No, sorry. Forget I said anything. I have to change!"
1059,Mejiro Dober,4,2,1059,1027,,Mejiro Dober,Mejiro Ryan,,120,right (jukebox),1059001,home/data/00000/02/hometimeline_00000_02_1059001,"Mejiro Dober: Ryan, do you have any plans for our next day off?|Mejiro Ryan: Yeah, I'll be training, working out, and building some muscle!|Mejiro Dober: Oh... okay. Be careful not to get any injuries then.|Mejiro Ryan: Wait... Did you want to invite me out?|Mejiro Dober: Huh? N-no... I just... I was thinking we haven't hung out in a while, so...|Mejiro Ryan: Okay, why don't we go see a movie? There's one I've been wanting to see!|Mejiro Dober: But... what about your workout?|Mejiro Ryan: Ahaha! I'll do it on my next day off! Now the movie is all I can think about!|Mejiro Dober: Well that didn't take much convincing... haha. Okay, movie it is!|Mejiro Dober: Oh, I'll reserve our tickets. I'll make sure we get the best seats!"
1059,Mejiro Dober,5,2,1018,1059,,Air Groove,Mejiro Dober,,520,front left (campus map),1059002,home/data/00000/02/hometimeline_00000_02_1059002,"Air Groove: Thank you for coming shopping with me. I needed a lot of items, so your help was much appreciated.|Mejiro Dober: I'm glad I could help! By the way...|Mejiro Dober: You know that dog cafe we passed today? Would you like to go there together someday?|Air Groove: Th-that's fine with me, but... why do you ask?|Mejiro Dober: Hm? Well, you slowed down as we walked past it, so I thought maybe you were interested...|Mejiro Dober: You know, I love dogs too! Big ones, small ones—they're all cute! Don't you think?|Air Groove: Hm... yes, I suppose. Yes. They're very cute indeed.|Mejiro Dober: Um... I'm sorry, was my invite a little too  imposing?|Air Groove: ...No, I was just reflecting.|Mejiro Dober: You were? About what?|Air Groove: Yes. I was thinking that I'd like to learn from your candidness, Dober."
1059,Mejiro Dober,6,3,1059,1071,1027,Mejiro Dober,Mejiro Ardan,Mejiro Ryan,530,front left (campus map),36,home/data/00000/03/hometimeline_00000_03_0000036,"Mejiro Dober: Do you remember when all the Mejiro kids used to play together? We'd have races in the garden and go to summer festivals together.|Mejiro Ardan: Now that you mention it, we did fireworks on the estate grounds too, didn't we? We had our little sparklers in hand and smiles on our faces.|Mejiro Ryan: Oh yeah, I remember that! We had the adults set off the big fireworks. It was a great night!|Mejiro Ardan: Dober, you were scared of the loud noises, weren't you? I remember seeing you cling to Ryan. Hehe.|Mejiro Dober: I... I was just a bit startled! Only a little!|Mejiro Ryan: Haha, they were pretty ear-popping. No one blames you for being scared!|Mejiro Dober: That was when we were kids! I'm okay with fireworks now!|Mejiro Dober: ...Actually, now that you mention it, why don't we have another big fireworks show at the Mejiro estate?|Mejiro Ryan: Nice idea! Let's put on an even bigger, more impressive show this time!|Mejiro Ardan: Sounds like the house will be getting lively again. Hehe, I can't wait.|Mejiro Dober: Good... I can show you both how much I've grown!"
1060,Nice Nature,1,1,1060,,,Nice Nature,,,510,front left (campus map),1060001,home/data/00000/01/hometimeline_00000_01_1060001,"Nice Nature: Hm... Yeah, I really need to get my position right by the fourth corner.|Nice Nature: As long as I do that and maintain the lap time I always have...|Nice Nature: I might just win.|Nice Nature: ...Yeah, who am I kidding. Get your head out of the clouds, Ms. Third Place."
1060,Nice Nature,2,1,1060,,,Nice Nature,,,410,middle right (advertisements),1060002,home/data/00000/01/hometimeline_00000_01_1060002,"Nice Nature: Whenever I see posters like this, I remember home.|Nice Nature: Our bar's customers were such jokers. They'd dance around while singing karaoke and other stuff.|Nice Nature: Hehe, but thanks to that, I'm pretty good at all the winning concert songs."
1060,Nice Nature,3,1,1060,,,Nice Nature,,,310,middle left (table),1060003,home/data/00000/01/hometimeline_00000_01_1060003,"Nice Nature: <i>Sigh...</i> Will you let me rant for a bit?|Nice Nature: I got a free scratch-off raffle ticket while I was out shopping. You know the kind—find three of the same number, win a prize.|Nice Nature: So I tried my luck, and guess what numbers I got? Seven, seven... three.|Nice Nature: Ahaha... I wonder if anyone actually wins those things."
1060,Nice Nature,4,2,1024,1060,,Mayano Top Gun,Nice Nature,,120,right (jukebox),1060001,home/data/00000/02/hometimeline_00000_02_1060001,"Mayano Top Gun: Oooh, Nature, you lied to me <i>again!</i>|Mayano Top Gun: Trainer's type doesn't have anything to do with riding unicycles!|Nice Nature: Awww, you got me. Sorry about that.|Nice Nature: You're just so cute when you're angry... I couldn't help it.|Mayano Top Gun: Huh? Cute? You think I'm cute?|Mayano Top Gun: Geez! Why didn't you just say so! Fine, I'll forgive you, just this once!|Nice Nature: (Cute <i>and</i> gullible.)"
1060,Nice Nature,5,2,1003,1060,,Tokai Teio,Nice Nature,,520,front left (campus map),1060002,home/data/00000/02/hometimeline_00000_02_1060002,"Tokai Teio: And then, Prez said another of her jokes...|Nice Nature: Pfft... Hehe... S-sorry, one second...|Nice Nature: I just remembered the last joke of hers you told me... Ahaha!|Tokai Teio: Huh?! You're <i>still</i> laughing about that?!|Nice Nature: It's funny! ""Teio, you're shining... They glow up so fast."" Ahahaha!|Nice Nature: Phew... Her jokes are great... Really remind me of home.|Tokai Teio: I-I still don't get it..."
1061,King Halo,1,1,1061,,,King Halo,,,210,back left (campus map),1061001,home/data/00000/01/hometimeline_00000_01_1061001,"King Halo: <i>Sigh...</i> Another message... Must Mother be so persistent?|King Halo: What does she mean she's ""worried""? Are all these messages ""for my own good"" too?|King Halo: ...Can't she just tell me she's proud of me and leave it at that?|King Halo: T-Trainer?! When did you get here?!|King Halo: Ohhh, forget everything you just saw! Right this instant!"
1061,King Halo,2,1,1061,,,King Halo,,,310,middle left (table),1061002,home/data/00000/01/hometimeline_00000_01_1061002,"King Halo: Hm? What's this... ""Trending! The Best of the Best Umamusume.""|King Halo: Well, obviously, number one has to be me, King—|King Halo: Huh? I'm... I'm not?! Then that means—|King Halo: I must already be listed in their Hall of Fame. ♪ This magazine certainly has great taste."
1061,King Halo,3,1,1061,,,King Halo,,,110,right (jukebox),1061003,home/data/00000/01/hometimeline_00000_01_1061003,"King Halo: <i>Sigh...</i> I hope Urara made it to training on time...|King Halo: I woke her up before I left, but what if she fell asleep aga—|King Halo: No, no, stop that. A first-rate Umamusume like me shouldn't be worrying about that.|King Halo: ...Starting tomorrow, she'll have to wake herself up."
1061,King Halo,4,2,1061,1020,,King Halo,Seiun Sky,,520,front left (campus map),1061001,home/data/00000/02/hometimeline_00000_02_1061001,"King Halo: There they are... Looks like they're doing well... Perhaps I should get a little bit closer.|Seiun Sky: My oh my... Care to explain why you're spying on our underclassmen?|Seiun Sky: Don't be shy, I know you can do it. Just go up to them and ask to join 'em.|King Halo: What?! I would never dare to meddle so  obviously!|King Halo: This is... Yes, this is merely surveillance! I must confirm whether or not they are studying!|King Halo: Those two were rather worried about their upcoming test, so I naturally took notice.|King Halo: I refuse to have anyone in <i>my</i> entourage  embarrass me with a failing grade.|Seiun Sky: Hm... Your entourage, huh?|Seiun Sky: I'm pretty sure they'd like it better if you called them your ""cute little juniors.""|King Halo: ...This is why no one calls you cute."
1061,King Halo,5,2,1039,1061,,Kawakami Princess,King Halo,,220,back left (campus map),1061002,home/data/00000/02/hometimeline_00000_02_1061002,"Kawakami Princess: Hooo-hohohoho!|King Halo: Again!|Kawakami Princess: ...?!|King Halo: If you wish to be first-rate, you must laugh <i>more elegantly!</i>|King Halo: Ooohohohoho!|Kawakami Princess: <i>Gasp!</i> S-so this is what a first-rate laugh sounds like...|Kawakami Princess: Please, give me another chance! I shall keep laughing until my laugh embodies the elegance of a princess!|King Halo: Heh... Such a diligent expression looks good on you.|King Halo: Continue on, and aim for the highest heights! May your laughter reach the stars above!"
1062,Matikanetannhauser,1,1,1062,,,Matikanetannhauser,,,310,middle left (table),1062001,home/data/00000/01/hometimeline_00000_01_1062001,"Matikanetannhauser: Mm-mm! I'm telling ya, these taiyaki are the best!|Matikanetannhauser: Y'know the famous taiyaki shop in the shopping district? They give them to me for free so I can keep racing!|Matikanetannhauser: A-and, well... they're so good that I go back for more... Now I've put on a few pounds...|Matikanetannhauser: But I'll lose the weight with a bit of running! And the nice people in the shopping district will be happy to see me run too! So for now... I'm gonna dig right in! ♪"
1062,Matikanetannhauser,2,1,1062,,,Matikanetannhauser,,,210,back left (campus map),1062002,home/data/00000/01/hometimeline_00000_01_1062002,"Matikanetannhauser: It's okay... Spider cartoons and spider plushies are cute, so I should be fine seeing the real thing too... if it's cute!|Matikanetannhauser: <i>Inhale... Exhale...</i> Okay. ""Cute spider."" Search. I can do this... I can do this... Ei, ei, mu—eeeeek!|Matikanetannhauser: Wh-why?! I typed in ""cute,"" but they're not cute at a—wait, no. I'm sure if I look closely enough, I'll see the cute... agh, the horrors!|Matikanetannhauser: Nya?! O-oh no... I'm feeling weak... S-someone, help meee!"
1062,Matikanetannhauser,3,1,1062,,,Matikanetannhauser,,,110,right (jukebox),1062003,home/data/00000/01/hometimeline_00000_01_1062003,"Matikanetannhauser: Owie... Guess what happened! I just saw a girl over there with an interesting walk...|Matikanetannhauser: Umu, I thought to myself, maybe that walk is the secret to her speed! What if she's training her pivot foot or something?!|Matikanetannhauser: So... I tried copying her walk! But while my eyes were on her...|Matikanetannhauser: I walked into a post—bonk! My face—bam! Hng... Maybe I should first start with watching where I'm going..."
1062,Matikanetannhauser,4,2,1056,1062,,Matikanefukukitaru,Matikanetannhauser,,520,front left (campus map),1062001,home/data/00000/02/hometimeline_00000_02_1062001,"Matikanefukukitaru: Machi! I'm afraid you are... cursed!|Matikanetannhauser: Whaaat?!|Matikanetannhauser: And here I thought I just had average luck! No way! What kind of curse is it?!|Matikanefukukitaru: According to the great Shiraoki, it is the curse of ""unfortunate timing""!|Matikanetannhauser: ""Unfortunate timing""? What does that mean?! I'm literally cursed with bad timing?|Matikanefukukitaru: Yes, literally!|Matikanetannhauser: I knew it... I've had lots of moments where I felt like ""Why today of all days?""|Matikanetannhauser: Fuku! Isn't there anything you can do? Please break the curse on me!|Matikanefukukitaru: Heh heh heh. There certainly is! Why do you think I brought up the subject?|Matikanefukukitaru: It is because I come bearing the great Shiraoki's holy water—|Matikanefukukitaru: ...Huh? I forgot it!|Matikanetannhauser: Why today of all days?!"
1062,Matikanetannhauser,5,2,1060,1062,,Nice Nature,Matikanetannhauser,,220,back left (campus map),1062002,home/data/00000/02/hometimeline_00000_02_1062002,"Nice Nature: Hey now, what's wrong, Tannhauser? You're practically tearing your hair out.|Nice Nature: Were you making some marvelous plans for the school? Or do you want to practice sending letters by arrow? Whatever it is, I'm here to listen.|Matikanetannhauser: Uuugh... Nature... I'm so worried about how I did in the unit exam...|Nice Nature: ...Hm.|Nice Nature: That's a very normal concern.|Matikanetannhauser: Ooh, but I'm so worried... The material in the exam was pretty difficult this time.|Matikanetannhauser: I really hope I didn't fail again! Please don't make me do any more extra lessons!|Nice Nature: Ahh... this is so refreshing.|Matikanetannhauser: What? What's so refreshing about this?! If you know some secret way of calming down, please teach meee!"
1062,Matikanetannhauser,6,3,1062,1001,1048,Matikanetannhauser,Special Week,Tosen Jordan,130,right (jukebox),37,home/data/00000/03/hometimeline_00000_03_0000037,"Matikanetannhauser: Ooh! How do you do it, Jordan? Your nails always look so cute!|Special Week: That's such a stylish design! Even just painting them looks difficult. You're a real pro, Jordan.|Tosen Jordan: Wait, you guys are into nail art? Hm... In that case, we can paint yours together if you want.|Matikanetannhauser: Really?! Yay! I'd love that!|Matikanetannhauser: If I have super striking stylish nails, I bet people will notice me! Can you make that happen?|Tosen Jordan: Sounds easy enough. So, like, got any specific vibes or motifs in mind?|Matikanetannhauser: Hm... I can only think of boring stuff!|Special Week: How about you base it on something special to you then?|Special Week: If it was me, I'd get my mom's face on one nail, and Suzuka's face on another... And everyone else on my other nails!|Tosen Jordan: ...Not gonna lie, that's a bit sus.|Matikanetannhauser: ...Okay. Then I'd like my nails to be like, pow in the middle and glitzy around the edges! Like mu-mu-mun!|Tosen Jordan: Um... Why don't we stick to just one color for now, 'kay?"
1064,Mejiro Palmer,1,1,1064,,,Mejiro Palmer,,,310,middle left (table),1064001,home/data/00000/01/hometimeline_00000_01_1064001,"Mejiro Palmer: You know, when you come up against a big wall, I think it's perfectly fine to run away at first.|Mejiro Palmer: It's not about getting there the fastest! When you're on the scenic route, there's no telling what cool ideas will pop into your head!|Mejiro Palmer: So anyway, I've been running away for three days now, but I still can't think of a way out!|Mejiro Palmer: Seriously, what am I gonna do about tomorrow's quiz?"
1064,Mejiro Palmer,2,1,1064,,,Mejiro Palmer,,,510,front left (campus map),1064002,home/data/00000/01/hometimeline_00000_01_1064002,"Mejiro Palmer: I kinda want to do a freestyle race again. There's nothing like that feeling of freedom!|Mejiro Palmer: You go barreling down that weird course with nothing else on your mind, and the second you finish, you pass the heck out!|Mejiro Palmer: Although, the other day I wasn't thinking and spread out my handkerchief before sitting down, and they all gave me crap for being a ""princess"" or whatever...|Mejiro Palmer: But you know, talking about it is making me want to go see them again! Wonder when I'll get the chance..."
1064,Mejiro Palmer,3,1,1064,,,Mejiro Palmer,,,410,middle right (advertisements),1064003,home/data/00000/01/hometimeline_00000_01_1064003,"Mejiro Palmer: Oh, it's from Helios. ""This ramen is 645""?|Mejiro Palmer: I mean, it <i>does</i> look good, but only 645 yen? ""Sounds like a scam.""|Mejiro Palmer: ...Huh? 645 is supposed to mean ""gas""?|Mejiro Palmer: Oh wait, I see it now! That's good! ""Thx 4 the 411."""
1064,Mejiro Palmer,4,2,1065,1064,,Daitaku Helios,Mejiro Palmer,,120,right (jukebox),1064001,home/data/00000/02/hometimeline_00000_02_1064001,"Daitaku Helios: I've got a show at the school coming up with the best crew in the biz! ★ You better be there to turn it up, bestieee!|Mejiro Palmer: You bet! Which songs are you doing?|Daitaku Helios: Good question! I was thinking something like the songs you showed me... the ones that slap and go super hard!|Mejiro Palmer: Okay, okay! I'll list up some of my other favs.|Daitaku Helios: Ah! Can't forget the glitter tape! Everything's gotta pop, right? But... cleanup might be a pain, huh? Uuugh!|Mejiro Palmer: There's gotta be a tape that doesn't drop glitter everywhere. Just leave it to me!|Daitaku Helios: Aw, Palmeeer!|Mejiro Palmer: Tell me anything you wanna do. Whatever it is, I bet we can make it work!|Daitaku Helios: Waaaah! You're <i>legit</i> the MVP of this party! For real, I'm so hyped for this party! WOOT!|Mejiro Palmer: Haha! I'm the one who's hyped now just talking to you! You gotta hit everyone with that killer smile!"
1064,Mejiro Palmer,5,2,1024,1064,,Mayano Top Gun,Mejiro Palmer,,520,front left (campus map),1064002,home/data/00000/02/hometimeline_00000_02_1064002,"Mayano Top Gun: Hey, look! Her legs look so <i>baboom!</i> And her shoulders are on show like <i>dadam!</i> Isn't this outfit super mature?|Mejiro Palmer: (Wow, mature? Sure. But that's really, well, adventurous... It's way too soon for Mayano to be wearing this.)|Mayano Top Gun: Think I'm gonna buy it! ☆ Hehe, everyone's gonna be shocked by how grown-up I'll look!|Mejiro Palmer: What?! Um... Hey, forget that! Check this out. It's a midi skirt, and the design's really cute.|Mayano Top Gun: Huuuh... But right now, I'd rather look cool than cute. I'm looking for mature designs.|Mejiro Palmer: It's mature-casual, Mayano. Real adults cover up!|Mayano Top Gun: R-<i>real</i> adults?!|Mejiro Palmer: Yep... Real adults know when to keep things hidden... and that's what makes them the coolest!|Mayano Top Gun: Oh, I get it! Hiding secrets really does sound super cool.|Mayano Top Gun: Thanks, Palmer! Hehe, I'm gonna get the skirt! ♪|Mejiro Palmer: ...Phew."
1067,Satono Diamond,1,1,1067,,,Satono Diamond,,,310,middle left (table),1067001,home/data/00000/01/hometimeline_00000_01_1067001,"Satono Diamond: Wait, the people being interviewed in this article... It's those two men from before. That means... they came to watch our race!|Satono Diamond: ""They ran the Nakayama turf 2,500-meter, which has sharp turns and includes six corners to make things even trickier. Aptitude is everything on a  course like that.""|Satono Diamond: ""Where's this coming from?"" Wow, they haven't changed. I miss the days when we'd cheer side by side, crying together, celebrating together...|Satono Diamond: It's our duty to deliver moments like those to fans. I'm going to share this with Kita later. ♪"
1067,Satono Diamond,2,1,1067,,,Satono Diamond,,,410,middle right (advertisements),1067002,home/data/00000/01/hometimeline_00000_01_1067002,"Satono Diamond: Trainer, come get into a nasty quarrel with me! Hmph!|Satono Diamond: See, I heard a rumor from a classmate. If two people confess their feelings for each other under the last tree lining the main walkway, they'll be inseparable for life.|Satono Diamond: But if their feelings don't align and it leads to a quarrel, they'll resent each other for life instead...|Satono Diamond: So we must go and get into a quarrel! No jinx can stop us. We'll prove that we can still be just as close afterwards!"
1067,Satono Diamond,3,1,1067,,,Satono Diamond,,,510,front left (campus map),1067003,home/data/00000/01/hometimeline_00000_01_1067003,"Satono Diamond: Just now, a journalist interviewing me said she admired how I ""always live up to expectations.""|Satono Diamond: Many from my family also expect me to achieve our long-standing dream... To be honest, I never imagined I'd be running under such pressure...|Satono Diamond: Which makes winning all the more worthwhile.|Satono Diamond: I want to give everyone a chance to see this diamond shining in first place. ♪"
1067,Satono Diamond,4,2,1067,1068,,Satono Diamond,Kitasan Black,,220,back left (campus map),1067001,home/data/00000/02/hometimeline_00000_02_1067001,"Satono Diamond: Hmmm... Interesting...|Kitasan Black: Hey, Dia, you're really into that book, huh? What's it about?|Satono Diamond: It's called <i>The Encyclopedia of World  Superstitions.</i> It's all about how the smallest things you do—or <i>don't</i> do—can bring about various jinxes.|Satono Diamond: Hee hee. With so many jinxes, it's fun to plan out how I'll overcome each and every one of them! ♪|Kitasan Black: Haha, you're always taking on new challenges, huh? You must really love it!|Satono Diamond: This one looks particularly intriguing. ""If two people attempt to meet up at a festival, one will always get lost somehow.""|Kitasan Black: Whooa! Festivals are my thing! We should try it out next time!|Kitasan Black: Wait, we've been to lots of festivals together, but aren't you always getting lost even without the jinx?!|Satono Diamond: Oh? You might be right... Hehe, and when I think about it, there might not be any need for us to overcome this one, anyway.|Kitasan Black: Huh? What do you mean?|Satono Diamond: Because, Kita, even if we do get split up, you <i>always</i> manage to find me. ♪"
1067,Satono Diamond,5,2,1067,1013,,Satono Diamond,Mejiro McQueen,,420,middle right (advertisements),1067002,home/data/00000/02/hometimeline_00000_02_1067002,"Satono Diamond: Um, McQueen? You seem rather perplexed. Is something wrong?|Mejiro McQueen: Oh, well... There's this movie, ""Shogun vs. Pastry Chef vs. Alien!""...|Mejiro McQueen: Gold Ship invited me to go see it with her, so we were going to head to the theater today.|Mejiro McQueen: But  she canceled on me. She ran off saying ""Sorry! Gotta go save the world!"" and left me with both of the tickets...|Satono Diamond: Oh my! Why, I'd love to go together with you in her place.|Mejiro McQueen: Umm... I'm delighted you feel that way, but I can't promise that this movie would be something you'd enjoy.|Satono Diamond: But I love trying new things! Not to mention... I would be happy simply to spend the day with you, McQueen.|Satono Diamond: Oh... That is, only if I'm not imposing, of course...|Mejiro McQueen: No, not at all. Actually... I feel I have something to learn from your spirit of taking on new experiences.|Mejiro McQueen: I'm not particularly interested in the film, but if it's to broaden our knowledge of one another, that's a different story. So, let us make our way to the theater.|Satono Diamond: McQueen... Thank you so much! ♪"
1068,Kitasan Black,1,1,1068,,,Kitasan Black,,,310,middle left (table),1068001,home/data/00000/01/hometimeline_00000_01_1068001,"Kitasan Black: Check it out, Trainer! I, Kitasan Black, have grown some <i>mean</i> biceps!|Kitasan Black: Here... Go ahead!|Kitasan Black: Go ahead, grab on! I can lift you up, easy!|Kitasan Black: Don't worry, I definitely won't drop you! In fact, I'll even carry you wherever you want!"
1068,Kitasan Black,2,1,1068,,,Kitasan Black,,,210,back left (campus map),1068002,home/data/00000/01/hometimeline_00000_01_1068002,"Kitasan Black: Uh-huh! And guess what, Mom? I got some fans!|Kitasan Black: I even got a letter that said, ""Your running left a real impression on me!"" Heh, it reminds me of how popular Dad was!|Kitasan Black: Oh... Huh? Sorry, Mom, the signal's cutting out. What did you say? ...Uh-huh.|Kitasan Black: Hehe! That's right! ♪ I'm everyone's beloved lil' girly! I'll keep running til the day I make my dreams come true and come home with a bunch of trophies! Hehe! ♪"
1068,Kitasan Black,3,1,1068,,,Kitasan Black,,,110,right (jukebox),1068003,home/data/00000/01/hometimeline_00000_01_1068003,"Kitasan Black: Oh, Trainer! Can I talk to you for a minute please? ...Ahem!|Kitasan Black: I can't wait for training todaaaay!|Kitasan Black: Hehe! I wanted you to know how motivated I am for our training, so I thought I'd do it in person! I'm ready for anything today!"
1068,Kitasan Black,4,2,1068,1067,,Kitasan Black,Satono Diamond,,520,front left (campus map),1068001,home/data/00000/02/hometimeline_00000_02_1068001,"Kitasan Black: Whew! I don't know what it is, but training felt <i>extra</i> good today!|Kitasan Black: I bet it's because I get really fired up when I'm running with you!|Satono Diamond: Hehe. Me too, Kita. My legs are worn out!|Kitasan Black: Oh, I know what'll help! Let me give you a massage!|Kitasan Black: My mom used to give me them all the time, so I've learned a few tricks!|Satono Diamond: Thanks, Kita. That would be great.|Satono Diamond: But once we're done, I want you to teach <i>me</i> how to give massages.|Satono Diamond: I know your legs must be tired too. We did the same run, after all.|Kitasan Black: Aw, Dia... Hehe, sure. I'll teach you later!|Kitasan Black: We'll run together, give each other massages, and run again! No goal's too far, so long as we're together!"
1068,Kitasan Black,5,2,1003,1068,,Tokai Teio,Kitasan Black,,220,back left (campus map),1068002,home/data/00000/02/hometimeline_00000_02_1068002,"Tokai Teio: Ready, Kita?|Kitasan Black: Yep!|Teio and Kitasan: I am... invincibleee!|Teio and Kitasan: I am... impeccableee!|Teio and Kitasan: Wahaha!|Tokai Teio: See? Feels good, right? If you go in with this mindset, you'll win tomorrow's race for sure!|Kitasan Black: Thank you! I've got no doubt I'm gonna win now! That means...|Kitasan Black: I'm gonna beat you too, Teio!|Tokai Teio: ...Uh?|Kitasan Black: H-hehe, whoops, that slipped out... But that just shows how well your cheer works!|Tokai Teio: Is that so? You've got some nerve...|Tokai Teio: Juuust kidding! Nyehehe! I'm ready to take you on anytime!"
1068,Kitasan Black,6,3,1068,1015,1007,Kitasan Black,T.M. Opera O,Gold Ship,530,front left (campus map),43,home/data/00000/03/hometimeline_00000_03_0000043,"Kitasan Black: Lively festivals are the beeest!|T.M. Opera O: The opera reigns supreme!|Gold Ship: WOOHOO! I like anything that's fun!|T.M. Opera O: Haaah ha ha ha! It appears all of us gathered here today have an aptitude for charming people!|Kitasan Black: Yeah! Not sure if it has anything to do with attitude, but I'm always down to have a good time!|Gold Ship: Yeah! Why stay quiet when we could get the crowd to make some noise?! Festivals, opera, sepak takraw—you name it! I welcome all of the above! ☆|T.M. Opera O: Hah. While we're here, shall we form a theater trio? We can call our troupe the ""Black Gold Opera O""!|Gold Ship: BWAHAHA! Is it black or is it gold? Opera O's not even a color!|Kitasan Black: A theater group? That sounds fun! We better start practicing our singing!|Kitasan Black: Okay, let's try and sing in unison! Ready? And—|The Three: HAAAAH! Lalaaa, LAAAAA! Boyoyo, YOOOO!|T.M. Opera O: Mmm... We are cacophonous! This, my friends, is art!"
1069,Sakura Chiyono O,1,1,1069,,,Sakura Chiyono O,,,310,middle left (table),1069001,home/data/00000/01/hometimeline_00000_01_1069001,"Sakura Chiyono O: Trainer... Do you know anything about the number 6000*6?|Sakura Chiyono O: You see, when I texted Maruzen about the next race, all I got back from her was that number...|Sakura Chiyono O: It's got to be something to do with the race. But... it's not a time, or a distance... Hmmm...|Sakura Chiyono O: I won't give up, though! It's precious advice from a friend, so I <i>will</i> figure it out!"
1069,Sakura Chiyono O,2,1,1069,,,Sakura Chiyono O,,,110,right (jukebox),1069002,home/data/00000/01/hometimeline_00000_01_1069002,"Sakura Chiyono O: Whoa! ...Ooh, my legs are feeling the burn.|Sakura Chiyono O: <i>Sigh...</i> Oguri's unstoppable... How can she dash straight to the cafeteria like that after running long-distance?!|Sakura Chiyono O: Wait... yeah, chin up, Chiyono O! ""Spring comes again for winter flower buds""! Flowers that bear the winter will live to blossom in spring!|Sakura Chiyono O: Right! I'm gonna take it easy and use the day to do some thorough stretches and reflection! Never give up, Chiyono O!"
1069,Sakura Chiyono O,3,1,1069,,,Sakura Chiyono O,,,210,back left (campus map),1069003,home/data/00000/01/hometimeline_00000_01_1069003,"Sakura Chiyono O: Hey, listen to this! I thought up an amazing proverb just now! Here it is:|Sakura Chiyono O: ""The carrot eaten in morning sunlight tastes sweetest""!|Sakura Chiyono O: ...Hm, maybe that's too vague. A proverb should be more succinct.|Sakura Chiyono O: ""The early Uma gets three carrots""! Yeah, that's perfect!"
1069,Sakura Chiyono O,4,2,1069,1004,,Sakura Chiyono O,Maruzensky,,420,middle right (advertisements),1069001,home/data/00000/02/hometimeline_00000_02_1069001,"Sakura Chiyono O: Look at this, Maruzen! There's a new  announcement on the bulletin board!|Sakura Chiyono O: Everyone just keeps achieving more and more... It's like they say, ""In the ground carrots lie, but their leaves always reach for the sky""!|Sakura Chiyono O: Yeah... the runners at this academy truly are the best of the best...|Maruzensky: That includes you too, Chiyo!|Maruzensky: You have the potential to fill up this whole board by yourself with your achievements, you know?|Sakura Chiyono O: Wha?! Maruzen?! No need to... exaggerate...|Maruzensky: No, I mean it. I truly believe you can do it!|Maruzensky: Hold your head up high, Chiyo! You've got a promising future ahead of you, and you're cute to boot!|Sakura Chiyono O: Huh?! D-do you really think I'm... cute?!|Maruzensky: Hehe, even that was cute! And don't you forget... I believe in you."
1069,Sakura Chiyono O,5,2,1069,1041,,Sakura Chiyono O,Sakura Bakushin O,,120,right (jukebox),1069002,home/data/00000/02/hometimeline_00000_02_1069002,"Sakura Chiyono O: I see, so it's like the saying goes, ""the dirt is always stronger on the other side.""|Sakura Bakushin O: Whoa, Chiyono. Nice proverb!|Sakura Chiyono O: Yeah! I write sayings in my Chiyonotes. The little insights I have every day might be useful someday!|Sakura Bakushin O: ...|Sakura Chiyono O: Bakushin O?|Sakura Bakushin O: ""Speed comes down to velocity!""|Sakura Bakushin O: Heh, that's my proverb. Feel free to write that one down.|Sakura Chiyono O: Ooh, thank... Wait. Don't speed and velocity mean the same thing?|Sakura Bakushin O: Nope! Speed is what you gain from training. Velocity, you have to work up to through exercise!|Sakura Chiyono O: I see! I'd better write that down! ""Speed is...""|Sakura Chiyono O: Huh? I feel like training and exercise also mean the same thing here..."
1071,Mejiro Ardan,1,1,1071,,,Mejiro Ardan,,,310,middle left (table),1071001,home/data/00000/01/hometimeline_00000_01_1071001,"Mejiro Ardan: Hello, Trainer. Do you ever think about how wonderful hospital food is?|Mejiro Ardan: It's low in sodium, calories, and it's easy to digest. And they do all this while trying to affect the flavor <i>as little as possible.</i>|Mejiro Ardan: It's a shame that we can only eat such food while in the hospital. There's so much we could learn from it.|Mejiro Ardan: So I was thinking, I'd like to organize a hospital food party for some of my closest friends. Would you like to join?"
1071,Mejiro Ardan,2,1,1071,,,Mejiro Ardan,,,110,right (jukebox),1071002,home/data/00000/01/hometimeline_00000_01_1071002,Mejiro Ardan: Do you think ghosts really exist?|Mejiro Ardan: Where can you go to find them? And must it really be at night?|Mejiro Ardan: I heard that ghosts are people who have  unfinished business in this world.|Mejiro Ardan: I would like to speak to them and ask what it is that keeps them so passionately tied to our realm.
1071,Mejiro Ardan,3,1,1071,,,Mejiro Ardan,,,210,back left (campus map),1071003,home/data/00000/01/hometimeline_00000_01_1071003,"Mejiro Ardan: I'm lovestruck. ♪ I want to hold you close. ♪|Mejiro Ardan: This is a song by my friend's favorite idol. She invited me out to sing it with her at karaoke, hehe.|Mejiro Ardan: The lyrics are a little embarrassing, but they're easier to say when they're put to a melody. Music is strange like that, isn't it?|Mejiro Ardan: I'm lovestruck. ♪ I only have eyes for you. ♪"
1071,Mejiro Ardan,4,2,1065,1071,,Daitaku Helios,Mejiro Ardan,,420,middle right (advertisements),1071001,home/data/00000/02/hometimeline_00000_02_1071001,"Daitaku Helios: It's Ardan, let's gooo! Wahey!|Mejiro Ardan: You're always so cheerful and bubbly. I wish I could take a leaf from your book.|Daitaku Helios: All I did was say hello, and you're already shook? My rizz is off the charts today!|Mejiro Ardan: By the way, what does ""wahey"" mean?|Daitaku Helios: It just, like, comes out naturally when you're hyped. You know, when the vibes are lit!|Mejiro Ardan: Hyped? ...Lit? I don't fully understand, but I think I get the gist. It's akin to a friendly greeting.|Mejiro Ardan: Helios, let's gooo! Wahey!|Daitaku Helios: Whoa! Slay, Ardan! It sounds so bougie when you say it! It's giving party princess!|Mejiro Ardan: I'm glad you liked it. Hehe! ""Wahey"" is a  wonderful word, isn't it?"
1071,Mejiro Ardan,5,2,1069,1071,,Sakura Chiyono O,Mejiro Ardan,,120,right (jukebox),1071002,home/data/00000/02/hometimeline_00000_02_1071002,"Sakura Chiyono O: Um, random question... Do you like cherry blossoms?|Mejiro Ardan: You mean, like sakura? Ehehe, why yes, I'd say I like them very much.|Mejiro Ardan: They're beautiful as they blossom, yet so  transient in nature. I find them extraordinarily fascinating.|Sakura Chiyono O: Right? Right? They bloom proudly but just for a short moment. I'm glad you understand!|Mejiro Ardan: But... I've found a new reason to love them here at this academy.|Sakura Chiyono O: Oh... what's that?|Mejiro Ardan: I've met a Sakura who is always in full bloom, who's always by my side.|Sakura Chiyono O: A Sakura who's always by your side... Do you mean...|Sakura Chiyono O: Um... I just wanted to talk about cherry blossoms with you, but...|Sakura Chiyono O: Who would've thought you'd give me a riddle! I want to figure it out! I <i>will</i> figure it out!|Mejiro Ardan: Aww... hehe. ♪ I suppose purity is another one of Sakura's charms."
1072,Yaeno Muteki,1,1,1072,,,Yaeno Muteki,,,310,middle left (table),1072001,home/data/00000/01/hometimeline_00000_01_1072001,"Yaeno Muteki: I let my mind wander during training again. The park holds far too many temptations...|Yaeno Muteki: Puppies running around... kittens sharpening their claws... Agh!|Yaeno Muteki: No, the environment is not to blame. The fault lies with my mind's fragility.|Yaeno Muteki: And the remedy—building tolerance with animal encyclopedias!"
1072,Yaeno Muteki,2,1,1072,,,Yaeno Muteki,,,210,back left (campus map),1072002,home/data/00000/01/hometimeline_00000_01_1072002,"Yaeno Muteki: Gah, how could I be so weak? ...This morning, I unleashed a forbidden move on my alarm clock.|Yaeno Muteki: I was being chased in my dream, you see... and that's when it went off... Ugh, how could I fail to regain my composure?|Yaeno Muteki: No, I cannot let outrage at my own weakness stop me—instead I must face that weakness head on. And the first step is learning to control my emotions.|Yaeno Muteki: Then I can polish my technique, and one day defeat those ghosts!"
1072,Yaeno Muteki,3,1,1072,,,Yaeno Muteki,,,110,right (jukebox),1072003,home/data/00000/01/hometimeline_00000_01_1072003,"Yaeno Muteki: Hehe... Ah, sorry. I lost my composure.|Yaeno Muteki: You see, I just received a thank-you letter from a young girl I once saved from trouble. She says I was just like a superhero fighting for justice.|Yaeno Muteki: It began when I heard plaintive whimpers coming from within a small shed... The door was rusted and would not open, so I delivered a swift punch!|Yaeno Muteki: It is so rewarding to see the techniques I trained so hard prove useful to others. I shall continue to strive for mastery!"
1072,Yaeno Muteki,4,2,1006,1072,,Oguri Cap,Yaeno Muteki,,520,front left (campus map),1072001,home/data/00000/02/hometimeline_00000_02_1072001,"Oguri Cap: Yaeno, thanks for before. I couldn't have figured out that classical lit problem without you.|Yaeno Muteki: Truly? It was my honor to be of service.|Oguri Cap: Actually, we've got a quiz tomorrow, so I was wondering... Would you help me study again?|Yaeno Muteki: That is no trouble at all. I will aid you to the best of my abilities.|Oguri Cap: Thanks... You know, you've been helping me a lot. I'd like to show my thanks somehow.|Yaeno Muteki: To me? Please, that won't be necessary...|Yaeno Muteki: No, wait—there is <i>one</i> thing I'd like to ask of you. Would you be willing to do a partner running session with me?|Oguri Cap: Partner running? Sure, but is that really all you want?|Yaeno Muteki: Oh, absolutely! An opportunity to run with you is a precious thing—just the thought of it rouses my spirit!|Yaeno Muteki: It would be a great honor to learn directly from one of the Eternal Top Three! After all,  I shall compete against you one day!|Oguri Cap: Hehe, I'm excited to run with you too now. All right, let's go get changed.|Yaeno Muteki: Wait... shouldn't we take care of your studies for the quiz first?"
1072,Yaeno Muteki,5,2,1053,1072,,Bamboo Memory,Yaeno Muteki,,220,back left (campus map),1072002,home/data/00000/02/hometimeline_00000_02_1072002,"Bamboo Memory: Our sauna endurance showdown yesterday was so intense!|Yaeno Muteki: Yes, I was confident in my skills, but I never anticipated such a long battle.|Bamboo Memory: We gotta do it again! I bet sauna training is great for racing in the summer!|Yaeno Muteki: Undoubtedly. The thought of a pre-race contest is also quite invigorating.|Yaeno Muteki: I must say though, I was surprised that you didn't use the cold water bath afterward.|Bamboo Memory: After going through all that trouble, I couldn't just throw that heat away! Never let yourself cool down!|Bamboo Memory: The flame of the heart burns eternal!|Yaeno Muteki: I-I see now... But take care not to collapse from heat exhaustion."
1072,Yaeno Muteki,6,3,1045,1072,1006,Super Creek,Yaeno Muteki,Oguri Cap,530,front left (campus map),47,home/data/00000/03/hometimeline_00000_03_0000047,"Super Creek: Yaeno, you don't seem very cheery today. Is something wrong?|Yaeno Muteki: N-no. You're mistaken. I am completely myself.|Oguri Cap: I'm not so sure... I could've sworn you were eating less than normal today.|Yaeno Muteki: Urk... The truth is, I had a dream last night about my grandparents. And now I cannot stop thinking of my family...|Yaeno Muteki: How shameful! Becoming sentimental is the surest sign of a weak mind! I must train more diligently!|Oguri Cap: There's nothing to be ashamed of. I think about my home a lot.|Super Creek: Oguri's right about that. It's natural to want to see your beloved family again.|Super Creek: We're here for you if you ever want to talk about it.|Yaeno Muteki: I'm very grateful to both of you. Speaking about it has brought some peace to my mind.|Oguri Cap: Good. Then you should be ready for a proper meal. Luckily for us, the restaurant in front of the station is offering free upgrades to extra large  right now.|Super Creek: Don't hesitate to let us know if anything else ever troubles you. Just think of me as your mama.|Yaeno Muteki: That... would perhaps be a little strange... Hehe, but I feel fortunate nonetheless."
1074,Mejiro Bright,1,1,1074,,,Mejiro Bright,,,310,middle left (table),1074001,home/data/00000/01/hometimeline_00000_01_1074001,"Mejiro Bright: Hmm... On my latest test, I failed to put down an answer for some of the questions again.|Mejiro Bright: When there's lots of questions, I seem to run out of time no matter what... If only I could just breeze through them.|Mejiro Bright: Oh, but I don't have to take remedial lessons, so no need to worry.|Mejiro Bright: Since I thought so long and hard, all the answers I <i>did</i> fill in were correct! ♪"
1074,Mejiro Bright,2,1,1074,,,Mejiro Bright,,,110,right (jukebox),1074002,home/data/00000/01/hometimeline_00000_01_1074002,"Mejiro Bright: If only I could speak with just a little more oomph... Well, practice makes perfect, so here goes.|Mejiro Bright: She sells seashells... by the seashore.|Mejiro Bright: Hehe, that went quite nicely. Surely I must have beaten the time I recorded yesterday...|Mejiro Bright: Oh dear, I forgot to time it."
1074,Mejiro Bright,3,1,1074,,,Mejiro Bright,,,210,back left (campus map),1074003,home/data/00000/01/hometimeline_00000_01_1074003,"Mejiro Bright: When the sun peeks out from the clouds, Ryan and Dober pop into my head.|Mejiro Bright: You see, a little while ago, when there was a sudden shower of rain, I went to give them an umbrella...|Mejiro Bright: Lest I slip and fall, I walked extra carefully, and by the time I arrived the rain had stopped.|Mejiro Bright: Even so, the two of them insisted on using the umbrella in the sun, so as not to let my efforts go to waste. Hehe, it's a very heartwarming memory."
1074,Mejiro Bright,4,2,1074,1027,,Mejiro Bright,Mejiro Ryan,,220,back left (campus map),1074001,home/data/00000/02/hometimeline_00000_02_1074001,"Mejiro Bright: Thank you so much for lending me that manga. The story was simply wonderful!|Mejiro Ryan: You liked it!? Any parts in particular?|Mejiro Bright: Well, let's see now... I especially liked the line, ""It is not enough to be loved. You must love in return.""|Mejiro Bright: When the heroine resolved to overcome her passive nature and fully accept her own feelings... That really touched me.|Mejiro Ryan: Ah! Wow... You've grown so much, Bright.|Mejiro Ryan: That moment she confessed her love has such brilliance... And you totally got it.|Mejiro Bright: Yes! That's why I've decided to try the same right away.|Mejiro Ryan: Oh, cool, that's—huh? Try it? W-wait, what are you—|Mejiro Bright: My dear Ryan... I love you! Truly! ♪|Mejiro Ryan: Whuh?! Um, uh, wooow! Me?! Geez, you scared me for a second there!"
1074,Mejiro Bright,5,2,1001,1074,,Special Week,Mejiro Bright,,420,middle right (advertisements),1074002,home/data/00000/02/hometimeline_00000_02_1074002,"Special Week: Phew... No matter how many times I ride with Maruzen, her driving always makes me tense up... Bright, have you ever been in her car?|Mejiro Bright: I have. She was kind enough to invite me for a drive just the other day.|Special Week: Ohhh! So you know what it's like, then—the sheer speed that makes you feel like you're going to be thrown out the window!|Mejiro Bright: Speed?|Special Week: Those sudden accelerations that almost pop your eyes out! The scenery <i>whooshing</i> by in an instant!|Mejiro Bright: Well...|Special Week: Just thinking about it makes my legs all wobbly... You know what—maybe her driving skills are the secret to her incredible running!|Special Week: What do you think, Bright?!|Mejiro Bright: Ummm... Hehehe... Hmm...|Mejiro Bright: Actually... I think I dozed off during our drive. I can't recall much about it.|Special Week: Wha... Hooow?!"
1074,Mejiro Bright,6,3,1074,1056,1059,Mejiro Bright,Matikanefukukitaru,Mejiro Dober,530,front left (campus map),48,home/data/00000/03/hometimeline_00000_03_0000048,"Mejiro Bright: Matikanefukukitaru... Thank you for reading my fortune the other day.|Matikanefukukitaru: Oh, no, the pleasure was mine! Did you succeed in obtaining the lucky item we divined? A picture of the full moon?|Mejiro Bright: After some effort, I think I finally got one. Please have a look.|Matikanefukukitaru: Ohhh... I've never seen such a radiant moon! Wait, isn't this a picture of the sun?!|Mejiro Dober: It seems she did see the full moon. But she forgot to take a picture before bed.|Mejiro Bright: That's right. As soon as I realized my mistake, I hurried to take a photograph as quickly as I could!|Matikanefukukitaru: But you hurried <i>after</i> the moon was gone.|Mejiro Dober: I spotted her on my way to morning training, desperately pointing her camera at the sun. It was a surreal sight to be sure...|Matikanefukukitaru: Still, maybe this is just me, but... I seem to sense an aura of great happiness around Bright, even though she missed out on her lucky item.|Mejiro Bright: Oh, that's because of Dober's peach tea. We drank it together while watching the sun rise, and it was the most magical experience.|Mejiro Dober: Stop exaggerating. It's just tea—I'll make you some whenever you want.|Matikanefukukitaru: Ah, so it was the fragrance of a lucky drink! You <i>must</i> let me attend your next tea party!"
