id,group_id,message,voice,per,comment_group,reuse,omit_tag
1,100000,Not a cloud in sight here at %course\nfor the %distance-meter %ground %race.\n%h_num_no runners take the field.,1000101|%course|%ground|%distance|%race|%h_num_no,100,0,0,0
2,100001,It's cloudy here at %course\nfor the %distance-meter %ground %race.\n%h_num_no runners take the field.,1000201|%course|%ground|%distance|%race|%h_num_no,100,0,0,0
3,100002,Rain is making for poor conditions here at\n%course for the %distance-meter\n%ground %race. %h_num_no\nrunners take the field.,1000301|%course|%ground|%distance|%race|%h_num_no,100,0,0,0
5,100004,"We've got clear, blue skies here at\n%course for the %distance-meter\n%ground %race. %h_num_no\nrunners take the field.",1000501|%course|%ground|%distance|%race|%h_num_no,100,0,0,0
6,100005,We've got a storm brewing here at\n%course for the %distance-meter\n%ground %race. %h_num_no\nrunners take the field.,1000601|%course|%ground|%distance|%race|%h_num_no,100,0,0,0
7,100006,"This rain will certainly be a test here at\n%course for the %distance-meter\n%ground %race, but\nwe're finally set to begin.",1000701|%course|%ground|%distance|%race|1000702,100,0,0,0
8,100007,Snow is falling here at %course\nfor the %distance-meter %ground\n%race. Which\nUmamusume will prove victorious?!,1000801|%course|1000802|%c_0.02|%race|%ground|%distance|1000803,100,0,0,0
9,100008,We've got beautiful blue skies here at the\n%course. The turf should be nice\nand firm for today's race!,1001101|%course|1001102,100,100000,0,0
10,100009,The sun is shining bright over\n%course. Dust dances in the air\nover the firm track.,1001201|%course|1001202,100,100001,0,0
11,100010,A few lazy clouds roll over\n%course. Track conditions have\nbeen downgraded since the rain yesterday.,1001301|%c_0.02|%course|1001302,100,100002,0,0
12,100011,"The skies have cleared over\n%course. With the on-and-off\nrain we've had, track conditions are good but\nnot the best.",1001401|%c_0.02|%course|1001402,100,100003,0,0
13,100012,"We've got gray skies over\n%course. The weather is still\nholding out, though, and the track is firm.",1001501|%course|1001502,100,100004,0,0
15,100014,"The skies are gloomy and overcast here at\n%course. It's not all bad though,\nthe turf is still in good condition.",1001701|%c_0.02|%course|1001702,100,100006,0,0
16,100015,"Occasional rainfall is taunting us here at\n%course. However, the track has\nbeen confirmed to be in good condition.",1001801|%course|1001802,100,100007,0,0
17,100016,"The rain has soaked into the turf at\n%course. Unfortunately, this has\nmade for soft track conditions.",1001901|%course|1001902,100,100008,0,0
18,100017,Rain is pouring down here at\n%course. This will be a grueling\nrace on a soft dirt track.,1002001|%course|1002002,100,100009,0,0
19,100018,The continuing rain has worsened at\n%course. The track condition has\nbeen downgraded to heavy.,1002101|%course|1002102,100,100010,0,0
20,100019,"We've got heavy rainfall here at\n%course. The track is wet and\nslippery, rendering its condition heavy.",1002201|%course|1002202,100,100011,0,0
21,100020,"Snow continues falling here at\n%course. After clearing it away,\nthe turf's condition has been rated good.",1002301|%course|1002302,100,100012,0,0
22,100021,The dirt track at %course is in\ngood condition as the field gets ready to run\nthrough the billowing snow.,1002401|%course|1002402,100,100013,0,0
23,100022,Snow removal is in progress as it continues to\nblanket the ground. The\n%course track has been rated\nsoft.,1002501|%course|1002502,100,100014,0,0
24,100023,"The snow falls gently from the gray skies\nabove, softening the condition of\n%course's dirt track.",1002601|%c_0.05|%course|1002602,100,100015,0,0
25,100200,"The fanfare rings out! The first spring G1, the\nFebruary Stakes, is about to begin!",1088701,100,0,0,0
26,100201,"A heated battle ignites under the watchful eye\nof the cherry blossoms! This is the electrifying,\nsix-furlong Takamatsunomiya Kinen!",1088801,100,0,0,0
27,100202,"The best of the best gather here every year for\nthe first leg of the medium-to-long-distance\nSpring Triple Crown, the Osaka Hai!",1088901,100,0,0,0
28,100203,"The cherry blossoms bloom, waiting for the\ncrowning of our next queen! This is the first\nrace of the Classics, the Oka Sho!",1089001,100,0,0,0
29,100204,"This is the Satsuki Sho, where the fastest\nUmamusume wins! Who's going to show us how\nfar they've come today?!",1089101,100,0,0,0
30,100205,"We're here at the longest of the G1s, the\nspring Tenno Sho! Today we shall bear witness\nto a passionate battle for the one and only\nshield plaque!",1089201,100,0,0,0
31,100206,The fastest Umamusume of the generation\ngather here at Fuchu for the NHK Mile Cup!,1089301,100,0,0,0
32,100207,Angels are descending upon blessed Fuchu!\nWhoever first catches Victoria's gaze will be\nthe winner!,1089401,100,0,0,0
33,100208,Umamusume gather at Fuchu seeking to\nbecome queen of the oaks! Who will take\nhome the crown at today's Japanese Oaks?!,1089501,100,0,0,0
34,100209,"The pinnacle of racing that all Umamusume\ndream of, the Japanese Derby! Who will make\ntheir mark on history today?!",1089601,100,0,0,0
35,100210,Those confident in their speed gather here in\nTokyo today for the mile-long Yasuda Kinen!\nWho will take home the prize?!,1089701,100,0,0,0
36,100211,"Boosted by their fans' votes, the field gathers\nto run in the Takarazuka Kinen grand prix!",1089801,100,0,0,0
37,100212,Speedsters gather here as Nakayama starts to\nshow signs of fall! This is the lightning-fast\nSprinters Stakes!,1089901,100,0,0,0
38,100213,Lovely fall flowers decorate the course today.\nWho will be the one to bloom at today's Shuka\nSho?!,1090001,100,0,0,0
39,100214,The final step of the Classics. Who will conquer\nthe Kikuka Sho and take home the title of the\nbest Umamusume?!,1090101,100,0,0,0
40,100215,These Umamusume are fired up and ready to\nfight for glory and the shield plaque! It's time\nfor the fall Tenno Sho!,1090201,100,0,0,0
41,100216,"Under the Japanese flag and the Union Jack,\nwho will hold the Queen Elizabeth II Cup high\nover Yodo turf?!",1090301,100,0,0,0
42,100217,"The long run of mile races is coming to an end,\nand a champion is ready to be crowned! It's the\nMile Championship!",1090401,100,0,0,0
43,100218,Umamusume from around the world gather\nhere in Fuchu for the Japan Cup! Will the\ntrophy remain on home soil?!,1090501,100,0,0,0
44,100219,The fiercest warriors gather for this battle on\nthe sand! Who will be crowned dirt queen in\nthe Champions Cup?,1090601,100,0,0,0
45,100220,"Hot-blooded, young racers gather under the\ncold Hanshin sky! On the path to the Classics,\nthis is the Hanshin Juvenile Fillies!",1090701,100,0,0,0
46,100221,The road to the Classics begins here! The Asahi\nHai Futurity Stakes!,1090801,100,0,0,0
47,100222,"The year-end fight for the dream here in\nNakayama, the Arima Kinen grand prix! Will\nour dreams come true today?!",1090901,100,0,0,0
48,100223,A star will be born today who will steal\neveryone's hearts! This is the Hopeful Stakes!,1091001,100,0,0,0
49,100224,"After all their training and hard work, the\nUmamusume finally stand on the track! It's time\nfor the training race!",1092301,100,0,0,0
50,100225,"Full of hidden potential, these runners are in\nthe public eye for the very first time! The\nbeginners' race starts now!",1091101,100,0,0,0
51,100226,Even the greatest fall sometimes. Who will\nmake their comeback at the repechage?!,1091201,100,0,0,0
52,100227,"Even after winning, there's no time to rest!\nWho will overcome a new hurdle in the Virgo\nRace?!",1091301,100,0,0,0
53,100228,Which Umamusume will outshine even the stars\nabove?! This is the Aries Race!,1091401,100,0,0,0
54,100229,A beautiful constellation that helps travelers\nfind their way north. Who will it guide today?!\nThis is the Cassiopeia Race!,1091501,100,0,0,0
55,100230,"Who will shine bright like the beautiful,\ntwinkling Betelgeuse?! This is the Orion Race!",1091601,100,0,0,0
56,100231,"The assassin from the Twinkle Series,\n%legend! Will someone finally\nappear who can defeat this legend?!",1091701|%legend|1091702,100,0,0,0
57,100300,"Umamusume confident in their speed gather\nfor the Niigata 1,000 meter.",1034601,100,0,0,0
58,100800,The current favorite is\n%h_pop1.,%w_0.3|1002701|%h_pop1,100,0,0,0
59,100800,The most popular athlete in this race is\n%h_pop1. She's the favorite to\nwin.,1002801|%h_pop1|1002802,100,0,0,0
60,100800,"To begin, introducing the favorite, it's\n%h_pop1.",1002901|%h_pop1,100,0,0,0
61,100800,You guessed it! The favorite is\n%h_pop1.,%w_0.3|1003001|%h_pop1,100,0,0,0
62,100802,The second favorite is\n%h_pop2.,%w_0.3|1003101|%h_pop2,100,0,0,0
63,100802,"Moving onto the second favorite, it's\n%h_pop2.",%w_0.3|1003201|%h_pop2,100,0,0,0
64,100802,"With more than enough skill to rival the top\npick, today's second favorite is\n%h_pop2.",%w_0.3|1003301|%h_pop2,100,0,0,0
65,100802,"She might not be satisfied with this ranking,\nbut the second favorite is\n%h_pop2.",%w_0.1|1003401|%h_pop2,100,0,0,0
66,100803,"Moving onto the second favorite, it's\n%h_pop2.",%w_0.3|1003201|%h_pop2,100,0,0,0
67,100803,"She might not be satisfied with this ranking,\nbut the second favorite is\n%h_pop2.",%w_0.1|1003401|%h_pop2,100,0,0,0
68,100804,The third favorite is %h_pop3.,%w_0.3|1003501|%h_pop3,100,0,0,0
69,100804,"For the third favorite, we have\n%h_pop3.",%w_0.3|1003601|%h_pop3,100,0,0,0
70,100804,"With her sights firmly set on the top spots, the\nthird favorite is %h_pop3.",%w_0.3|1003701|%h_pop3,100,0,0,0
71,100804,"Combining popularity and ability,\n%h_pop3 is today's third\nfavorite.",%w_0.3|1003801|%h_pop3|1003802,100,0,0,0
72,100805,"Now, here's the undisputed star of the show.\nIt's %h_pop1!",%w_0.1|1003901|1003902|%w_0.01|%h_pop1,100,0,0,0
73,100805,"Waiting for the start with an air of dignity is\ntoday's favorite, %h_pop1!",%w_0.1|1003903|1003904|%h_pop1,100,0,0,0
74,100805,"Carrying the hopes of all the fans crowding the\nstands, the favorite for today is\n%h_pop1!",%w_0.1|1003905|1003906|%h_pop1,100,0,0,0
75,100805,"Now, here's the undisputed star of the show.\nIt's %h_pop1!",%w_0.1|1003901|1003904|%h_pop1,100,0,0,0
76,100805,"Waiting for the start with an air of dignity is\ntoday's favorite, %h_pop1!",%w_0.1|1003903|1003906|%h_pop1,100,0,0,0
77,100805,"Carrying the hopes of all the fans crowding the\nstands, the favorite for today is\n%h_pop1!",%w_0.1|1003905|1003902|%h_pop1,100,0,0,0
78,100805,"Now, here's the undisputed star of the show.\nIt's %h_pop1!",%w_0.1|1003901|1003906|%h_pop1,100,0,0,0
80,100805,"Carrying the hopes of all the fans crowding the\nstands, the favorite is\n%h_pop1!",%w_0.1|1003905|1003904|%w_0.01|%h_pop1,100,0,0,0
81,100806,Taking her on is %h_pop2. This\nshould be a showdown to remember.,1004001|%h_pop2|1004002,100,0,0,0
82,100806,"The second favorite, %h_pop2,\ncan certainly hold her own against today's top\nfavorite.",1004003|%h_pop2|1004004,100,0,0,0
83,100806,"Now, here's the second favorite.\n%h_pop2 is fully set on\nclinching victory.",1004005|%h_pop2|1004006,100,0,0,0
84,100806,"Taking her on is %h_pop2, who\ncan certainly hold her own against the favorite.",1004001|%h_pop2|1004004,100,0,0,0
85,100806,"The second favorite, %h_pop2,\nis fully set on clinching victory.",1004003|%h_pop2|1004006,100,0,0,0
86,100806,"Now, here's the second favorite.\n%h_pop2 should give us a\nshowdown to remember.",1004005|%h_pop2|1004002,100,0,0,0
87,100806,"Taking her on is %h_pop2, who\nis fully set on clinching victory.",1004001|%h_pop2|1004006,100,0,0,0
88,100806,"The second favorite, %h_pop2,\nshould give us a showdown to remember.",1004003|%h_pop2|1004002,100,0,0,0
89,100806,"Now, here's the second favorite.\n%h_pop2 can certainly hold\nher own against today's top favorite.",1004005|%h_pop2|1004004,100,0,0,0
90,100807,%h_pop3 is currently the third\nfavorite. She's the hot pick of late!,%w_0.3|%h_pop3|1004101|1004102,100,0,0,0
91,100807,%h_pop3 is the third favorite.\nCan she overcome the odds?!,%w_0.3|%h_pop3|1004103|1004104,100,0,0,0
93,100807,%h_pop3 is currently the third\nfavorite. Can she overcome the odds?!,%w_0.3|%h_pop3|1004101|1004104,100,0,0,0
94,100807,%h_pop3 is the third favorite.\nHer superior ability is undeniable!,%w_0.3|%h_pop3|1004103|1004106,100,0,0,0
96,100807,%h_pop3 is currently the third\nfavorite. Her superior ability is undeniable!,%w_0.3|%h_pop3|1004101|1004106,100,0,0,0
97,100807,%h_pop3 is the third favorite.\nShe's the hot pick of late!,%w_0.3|%h_pop3|1004103|1004102,100,0,0,0
99,100808,"All eyes are on %h_player,\nrunning in %p_waku_ban.",1088201|%h_player|%p_waku_ban,100,0,0,0
100,100999,All the Umamusume have entered the gate and\nare ready to start.,%w_0.3|1000901,100,0,0,0
101,100999,They're all in line. We're ready for the start.,%w_0.3|1001001,100,0,0,0
102,102000,And they're off!,%w_0.2|1004201|%w_0.2,100,0,0,0
103,102000,There's the start.,%w_0.2|1004301|%w_0.2,100,0,0,0
104,102000,And the gates are open.,%w_0.2|1004401|%w_0.2,100,0,0,0
105,102000,The race begins.,%w_0.2|1004501|%w_0.2,100,0,0,0
106,102001,%horse1 goes out for the early\nlead.,%horse1|1004601,100,0,0,0
107,102001,%horse1 has an excellent start!,%horse1|1004801,100,0,0,0
108,102001,Dashing ahead here is\n%horse_ta1.,1040401|%horse_ta1,100,0,0,0
110,102001,A fine start for %horse1.,%horse1|1040201,100,0,0,0
111,102001,%horse1 flies out of the gate.,%horse1|1040701,100,0,0,0
112,102001,%horse_ta1 is off to a good start.,1040801|%horse_ta1,100,0,0,0
113,102001,%horse1 breaks well.,%horse1|1040901,100,0,0,0
114,102001,%horse1 is dashing ahead early.,%horse1|1041001,100,0,0,0
115,102002,"It's an excellent beginning for\n%horse_ta1, followed by\n%horse2.",1004701|%horse_ta1|1004702|%horse2,100,100021,0,0
116,102003,A smooth start from all runners.,1004901,100,100024,0,0
117,102004,Oh no! A slow start from\n%horse1! She begins the race at\nthe back.,1005301|%horse1|1005302,100,0,0,0
118,102004,Oh no! Has %horse1 made a\nslow start?!,1005101|%horse1|1005102,100,0,0,0
119,102004,%horse1 makes a slow start and\nbegins the race at the back.,%horse1|1040301,100,0,0,0
120,102004,%horse1 starts the race at the\nback of the pack with a bit of a stumble.,%horse1|1040601,100,0,0,0
121,102004,%horse1 is a little slow out of\nthe gate.,%horse1|1041101,100,0,0,0
122,102004,%horse1 breaks rather poorly.,%horse1|1041201,100,0,0,0
123,102005,We have a bit of a staggered start.,1005201,100,100027,0,0
124,102006,A wonderful start from all runners!,1005001,100,100025,0,0
125,102006,A great start from all runners!,1040101,100,100025,0,0
127,103000,%h_rank1 takes the lead.,%h_rank1|1042201,100,0,0,0
128,103000,%h_rank_ta1 takes over the lead\nposition.,1005401|%h_rank_ta1,100,0,0,0
129,103000,Rushing into the lead is\n%h_rank1.,1006401|%h_rank1,100,0,0,0
130,103000,%h_rank_ta1 steals it.,1041301|%h_rank_ta1,100,0,0,0
131,103001,"The favorite, %h_pop1, takes\nan early lead.",1005501|%h_pop1|1005502,100,0,0,0
132,103001,Can %h_pop1 take the lead?,%h_pop1|1041601,100,0,0,0
133,103001,"And it's %h_pop1, of course.",1041501||%h_pop1,100,0,0,0
134,103001,"The hot ticket,%h_pop1, is in\nthe lead!",1007901|%c_0.02|%h_pop1|1007902,100,0,0,0
136,103003,%h_rank_a1\n%h_rank_to2 are locked in a\nstruggle for the lead.,%h_rank_a1|%h_rank_to2|1005701,100,0,0,0
137,103004,And leaving the pack to take the lead is\n%h_rank_ta1.,1005801|%h_rank_ta1,100,0,0,0
138,103004,A textbook advance by\n%h_rank_ta1!,1005901|%h_rank_ta1,100,0,0,0
139,103005,%h_rank1 springs into the lead.,%h_rank1|1006002,100,0,0,0
140,103006,"Now, %h_rank_ta1 has taken the\nlead. But can she keep it?",1006101|%h_rank_ta1|1006102,100,0,0,0
141,103006,%h_rank1 is all by herself out\nin the lead.,1006201|%h_rank1|1006202,100,0,0,0
142,103007,Pulling ahead after a fierce battle is\n%h_rank_ta1.,1006301|%h_rank_ta1,100,0,0,0
143,103008,"Living up to everyone's expectations, it's\n%h_pop1! She's done it! She's\ntaken the lead!",1006501||%h_pop1|1006502,100,0,0,0
144,103009,Behind her is %h_rank2.,%w_0.1|1006601|%w_0.1|%h_rank2,100,0,0,0
145,103009,Next is %h_rank2.,%w_0.1|1041701|%h_rank2,100,0,0,0
146,103010,The struggle between\n%h_rank1 and\n%h_rank2 continues.,%h_rank1|%h_rank2|1006701,100,100044,0,0
147,103010,%h_rank_a1\n%h_rank_to2 both refuse to\ngive up the lead.,%h_rank_a1|%h_rank_to2|1006801,100,100044,0,0
148,103010,%h_rank_a1\n%h_rank_to2 have been\ngrappling for the lead from the opening leg.,%h_rank_a1|%h_rank_to2|1006901,100,100044,0,0
149,103011,Eyeing up the lead from second position is\n%h_rank2!,%w_0.1|1007001|%w_0.02|%h_rank2,100,0,0,0
150,103012,Far behind the lead in second position is\n%h_rank2!,1007101|%h_rank2,100,0,0,0
152,103013,A fierce battle for the lead.,%w_0.1|2052001,100,0,0,0
153,103013,This is already shaping up to be a fierce battle.,%w_0.1|1081501,100,0,0,0
155,103015,%h_pop1 is currently the\ntrailer! Did she make a mistake or is this all\npart of the plan?!,%h_pop1|1007401,100,100075,0,0
156,103015,"Currently trailing is the favorite,\n%h_pop1. How do we take\nthis?",1008101|%h_pop1|1008102,100,100075,0,0
159,103016,"Can the favorite, %h_pop1,\nlive up to everyone's expectations?!",1008501|%h_pop1,100,0,0,0
160,103017,%h_pop1 is fighting an uphill\nbattle. How will she handle it from here?,1008701|%h_pop1|1008702,100,0,0,0
161,103020,The promising %h_pop1 has\nfallen a little behind.,1008001|%c_0.01|%h_pop1|1008002,100,100074,0,0
162,103018,"Battling for the lead are\n%h_rank1,\n%h_rank2, and\n%h_rank3.",%w_0.1|1041401|%h_rank1|%w_0.1|%h_rank2|%w_0.1|%h_rank3,100,0,0,0
163,103019,"This race still has a long way to go, but\n%h_rank1 makes an early jump\nto the front.",1006001|%h_rank1|1006002,100,0,0,0
164,105000,They're still fighting for the lead! Will this race\nbe decided on the final stretch?!,%w_0.1|2013701|2013702,100,0,0,0
165,105000,No one's taken the lead! Will this be a battle\non the final stretch?!,%w_0.1|2013703|2013704,100,0,0,0
166,105000,They're saving their stamina for the end! Who\nwill break out ahead first?!,%w_0.1|2013705|2013706,100,0,0,0
167,105000,They're still fighting for the lead! Will this be a\nbattle on the final stretch?!,%w_0.1|2013701|2013704,100,0,0,0
168,105000,No one's taken the lead! Who will break out\nahead first?!,%w_0.1|2013703|2013706,100,0,0,0
169,105000,They're saving their stamina for the end! Will\nthis race be decided on the final stretch?!,%w_0.1|2013705|2013702,100,0,0,0
170,105000,They're still vying for the lead! Who will be the\nfirst to break out ahead?!,%w_0.1|2013701|2013706,100,0,0,0
171,105000,No one's taken the lead! Will this race be\ndecided on the final stretch?!,%w_0.1|2013703|2013702,100,0,0,0
172,105000,They're saving their stamina for the end! Will\nthis be a battle on the final stretch?!,%w_0.1|2013705|2013704,100,0,0,0
173,105001,They're still going at it as they come into the\nfinal stretch!,2013801,100,0,0,0
174,105001,The race will be decided on the final stretch!,2013901,100,0,0,0
175,105001,And they're into the stretch! Who will be the\nfirst to make a move?!,2014001|2014002,100,0,0,0
176,106000,Coming out of the final turn first is\n%h_rank_ta1.,%w_0.1|2014101|2014102|%h_rank_ta1,100,0,0,0
177,106000,First to rush out of the final corner is\n%h_rank_ta1.,%w_0.1|2014103|2014104|%h_rank_ta1,100,0,0,0
178,106000,Rounding the final corner in the lead is\n%h_rank_ta1.,%w_0.1|2014105|2014106|%h_rank_ta1,100,0,0,0
179,106000,Rushing out of the final turn first is\n%h_rank_ta1.,%w_0.1|2014101|2014104|%h_rank_ta1,100,0,0,0
180,106000,Taking the lead out of the final turn is\n%h_rank_ta1.,%w_0.1|2014103|2014106|%h_rank_ta1,100,0,0,0
181,106000,"As they round the final turn, it is\n%h_rank_ta1 to come out on top.",%w_0.1|2014105|2014102|%h_rank_ta1,100,0,0,0
182,106000,Taking the lead out of the final turn is\n%h_rank_ta1.,%w_0.1|2014101|2014106|%h_rank_ta1,100,0,0,0
183,106000,Coming out of the final turn first is\n%h_rank_ta1.,%w_0.1|2014103|2014102|%h_rank_ta1,100,0,0,0
184,106000,"After the final corner, rushing out in front is\n%h_rank_ta1.",%w_0.1|2014105|2014104|%h_rank_ta1,100,0,0,0
185,106000,They've come around the final turn and\nentered the homestretch.,1044801,100,0,0,0
186,106001,"Now in front of the stands, they're all pushing\nforward in unison!",2014201|2014202,100,0,0,0
187,106001,This is where the race will be decided!,2014203|2014204,100,0,0,0
188,106001,They've shifted it up a gear now that they're\nnearing the stands!,2014205|2014206,100,0,0,0
189,106001,They've shifted it up a gear now that they're in\nfront of the stands!,2014201|2014206,100,0,0,0
190,106001,They're all pushing forward in unison as they\napproach the finish line!,2014205|2014202,100,0,0,0
191,108000,They're neck and neck coming up to the finish\nline!,3021801,100,0,0,0
192,108001,Neither of these two are conceding an inch!,2016601,100,0,0,0
193,108001,It's the final battle between these two!,2016701,100,0,0,0
194,108001,We'll test these two to the wire!,3021901,100,0,0,0
195,108001,It's a one-on-one duel between the two\nleaders!,2020101,100,0,0,0
196,108002,Three runners neck and neck! No one is giving\nup!,2016401|2016402,100,0,0,0
197,108002,It's a fierce competition between these three!,2016501,100,0,0,0
198,108002,"%h_rank1,\n%h_rank2, and\n%h_rank3 are racing neck and\nneck.",%h_rank1|%h_rank2|%h_rank3|2051801,100,0,0,0
199,108002,"%h_rank1,\n%h_rank2, and\n%h_rank3 are racing neck and\nneck.",%h_rank1|%h_rank2|%h_rank3|2055301,100,0,0,0
200,108002,"%h_rank1,\n%h_rank2, and\n%h_rank3 are now racing neck\nand neck.",%h_rank1|%h_rank2|%h_rank3|2055401,100,0,0,0
201,108002,"It's a three-way battle between\n%h_rank1,\n%h_rank2, and\n%h_rank3!",%h_rank1|%h_rank2|%h_rank3|2055501,100,0,0,0
202,108003,It's a free-for-all between the first four places!,3022101,100,0,0,0
203,108004,And now... it's %horse1?!,3022201|%horse1,100,0,0,0
205,108006,We might be in for a dead heat!,2016201,100,0,0,0
206,108006,It's still going. It's still going!,2016301|2016302,100,0,0,0
207,108007,In the lead is %h_rank1!,3022501|%h_rank1,100,0,0,0
208,108007,In the lead is %h_rank1.,2014401|%h_rank1,100,0,0,0
209,108007,In the lead is %h_rank1.,2014501|%h_rank1,100,0,0,0
210,108007,%h_rank1 out in front!,2014401|%h_rank1,100,0,0,0
211,108008,Still in the lead is %h_rank1!,2012601|%h_rank1,100,0,0,0
212,108008,Keeping the lead is %h_rank1.,2012701|%w_0.01|%h_rank1,100,0,0,0
213,108008,%h_rank1 keeps her lead out in\nfront!,2014501|%h_rank1|2014502,100,0,0,0
214,108009,"Will the leader, %h_rank1, go\nall the way?!",2014401|%h_rank1|2014402,100,0,0,0
215,108010,%h_rank1！,%h_rank1,100,0,0,0
216,108010,%h_rank_l1！,%h_rank_l1,100,0,0,0
217,109003,It's %h_rank_l1! She crosses the\nfinish line with no one in sight! Absolute\ndomination!,%w_0.1|%h_rank_l1|3022601|3022602,100,0,0,0
218,109000,It's %h_rank_l1! A perfect\nvictory! She didn't let anyone catch up to her!,%h_rank_l1|3022701|3022702,100,0,0,0
219,109000,It's %h_rank_l1! What an amazing\nrun! I'm sure we're all looking forward to her\nnext race!,%h_rank_l1|3022801|3022802,100,0,0,0
220,109000,It's %h_rank_l1! A brilliant run!\nShe certainly showed us who the main star of\nthis race was!,%h_rank_l1|3023301|3023302,100,0,0,0
221,109001,They cross the finish line shoulder to shoulder!\nHas %h_rank1 won it by a\nnose?!,3023801|%h_rank1|%w_0.01|3023802,100,0,0,0
222,109001,It's a photo finish! Has\n%h_rank1 won it by a nose?!,3023901|%h_rank1|3023902,100,0,0,0
224,109001,%h_rank_a1\n%h_rank_to2 cross the finish\nline shoulder to shoulder!,%h_rank_a1|%h_rank_to2|3036401,100,0,0,0
227,109002,All three cross the finish line shoulder to\nshoulder! Has %h_rank1\nmanaged to win it by a nose?!,3024201|%h_rank1|3024202,100,0,0,0
228,109002,And it's a three-way photo! Has\n%h_rank1 won it by a nose?!,3022001|%h_rank1|3037001,100,0,0,0
229,109004,The whole pack rushes across the finish line!,3024301,100,0,0,0
230,109004,Astounding! What a close finish!,3024601,100,0,0,0
231,109005,She made it look easy!\n%h_rank1 takes the win after\nan amazing race!,3022901|%h_rank1|3022902|3022903,100,0,0,0
232,109005,%h_rank1 flies past the post\nafter a true display of strength! That was an\noutstanding race!,3023001|%h_rank1|3023002|3023003,100,0,0,0
233,109005,Does anyone stand a chance against this\nUmamusume?!,3023101|%h_rank1|3023102|3023103,100,0,0,0
234,109005,She makes it look so easy!\n%h_rank1 flies past the post!\nWhat an outstanding race!,3022901|%h_rank1|3023002|3023003,100,0,0,0
235,109005,%h_rank1 wins it after a true\ndisplay of strength! Does anyone stand a\nchance against this Umamusume?!,3023001|%h_rank1|3023102|3023103,100,0,0,0
236,109005,%h_rank1 pushes through to\nthe front and takes the win! What an amazing\nrace!,3023101|%h_rank1|%w_0.01|3022902|3022903,100,0,0,0
237,109005,She makes it look so easy! It's\n%h_rank1 to win it! Does\nanyone stand a chance against this\nUmamusume?!,3022901|%h_rank1|3023102|3023103,100,0,0,0
238,109005,%h_rank1 has done it in a true\ndisplay of strength! What an amazing\nperformance!,3023001|%h_rank1|%w_0.01|3022902|3022903,100,0,0,0
239,109005,"Pushing through to the front,\n%h_rank1 flies past the winning\npost! That was an outstanding race!",3023101|%h_rank1|3023002|3023003,100,0,0,0
240,109006,"%h_rank_l1 comes in first place!\nShowing us her full potential, she wins the race!",%h_rank_l1|3023201|3023202,100,0,0,0
241,109006,"Well done, %h_rank_l1! She\nshowed us that her strength is more than the\nmargin of her win!",3023401|%h_rank_l1|3023402,100,0,0,0
242,109007,%h_rank_l1 takes first place! She\ndefeats the other runners and seizes victory!,3023501|%h_rank_l1|3023502,100,0,0,0
243,109007,%h_rank_ta1 wins! A great run\nearns her the victory!,%w_0.1|3023601|%h_rank_ta1|3023602,100,0,0,0
244,109007,%h_rank_l1 does it! Her\ndetermination wins her the glory at the end!,3023701|%h_rank_l1|3023702,100,0,0,0
245,109007,%h_rank_l1 takes first place! A\ngreat run earns her the victory!,3023501|%h_rank_l1|3023602,100,0,0,0
246,109007,%h_rank_ta1 wins! Her\ndetermination wins her the glory at the end!,%w_0.1|3023601|%h_rank_ta1|3023702,100,0,0,0
247,109007,%h_rank_l1 has done it! She\ndefeats the other runners and seizes victory!,3023701|%h_rank_l1|3023502,100,0,0,0
248,109007,%h_rank_l1 takes first place! Her\ndetermination wins her the glory at the end!,3023501|%h_rank_l1|3023702,100,0,0,0
249,109007,%h_rank_ta1 wins! She defeats the\nother runners and seizes victory!,%w_0.1|3023601|%h_rank_ta1|3023502,100,0,0,0
250,109007,%h_rank_l1 did it! A great run\nearns her the victory!,3023701|%h_rank_l1|3023602,100,0,0,0
258,109012,%h_rank_ta1 wins!,%w_0.1|3024701|%h_rank_ta1,100,0,0,0
259,109012,%h_rank_l1 claims victory!,%w_0.2|%h_rank_l1|3025001,100,0,0,0
260,109012,%h_rank_l1 dominates the race.,%w_0.2|%h_rank_l1|3037401,100,0,0,0
261,109012,That's the %race!\n%h_rank_l1 achieves a fantastic\nvictory!,%w_0.2|%race_wo|%w_0.01|%h_rank_l1|3024801,100,0,0,0
262,109202,It's %h_rank_l1! A brilliant\nvictory in the\n%race!,%w_0.2|%h_rank_l1|3024901|%race_wo,100,0,0,0
263,109202,That's the %race!\n%h_rank_no1 claims victory!,%w_0.2|%race_wo|%h_rank_no1|%c_0.02|3025101,100,0,0,0
264,109012,%h_rank_l1！\n%race_wo！,%w_0.2|%h_rank_l1|%race_wo,100,0,0,0
265,109009,%h_rank_l1 finishes in first place.,%h_rank_l1|3036501,100,0,0,0
266,109009,%h_rank_l1 finishes.,%h_rank_l1|3036801,100,0,0,0
267,109010,%h_rank_l1 surges to the finish!,%h_rank_l1|3036601,100,0,0,0
269,109011,In second place is %h_rank_l2.,%w_0.2|3037301|%h_rank_l2,100,0,0,0
270,109011,In second is %h_rank_l2. In third\nis %h_rank_l3.,%w_0.2|3024401|%h_rank_l2|%w_0.2|3024402|%h_rank_l3,100,0,0,0
271,109011,Second goes to %h_rank_l2. In\nthird place is %h_rank_l3.,%w_0.2|3024403|%h_rank_l2|3024404|%w_0.1|%h_rank_l3,100,0,0,0
272,109011,In second place is %h_rank_l2.\nComing in third is %h_rank_ta3.,%w_0.2|3024405|%h_rank_l2|3024406|%h_rank_ta3,100,0,0,0
273,109011,In second is %h_rank_l2. In third\nplace is %h_rank_l3.,%w_0.2|3024401|%h_rank_l2|3024404|%w_0.1|%h_rank_l3,100,0,0,0
274,109011,Second goes to %h_rank_l2.\nComing in third is %h_rank_ta3.,%w_0.2|3024403|%h_rank_l2|3024406|%h_rank_ta3,100,0,0,0
275,109011,In second place is %h_rank_l2. In\nthird place is %h_rank_l3.,%w_0.2|3024405|%h_rank_l2|3024404|%w_0.1|%h_rank_l3,100,0,0,0
276,109011,In second is %h_rank_l2. Coming\nin third is %h_rank_ta3.,%w_0.2|3024401|%h_rank_l2|3024406|%h_rank_ta3,100,0,0,0
277,109011,Second goes to %h_rank_l2. In\nthird is %h_rank_l3.,%w_0.2|3024403|%h_rank_l2|3024402|%h_rank_l3,100,0,0,0
278,109011,Finishing second is %h_rank_l2.\nIn third place is %h_rank_l3.,%w_0.2|3024405|%h_rank_l2|3024404|%w_0.1|%h_rank_l3,100,0,0,0
280,109013,%h_rank_ta1 takes first place with\na magnificant surge forward.,3037101|%h_rank_ta1,100,0,0,0
281,109013,%h_rank_l1 surges through!,%w_0.1|%h_rank_l1|3037201,100,0,0,0
284,109015,%h_rank_ta1 wins the brutal\nbattle of attrition.,%w_0.1|3092501|%h_rank_ta1,100,0,0,0
285,109016,"Taking first is %h_rank1.\nExhausted as she was, she still managed to run\naway with the lead.",%w_0.1|3092601|%h_rank1|3092602,100,0,0,0
286,109015,"It might have been a tough race, but in the\nend, this will go down as a fond memory for\n%h_rank_ta1.",%w_0.1|3092701|%h_rank_ta1,100,0,0,0
287,109100,A strong race for %h_rank_l1! No\none can catch her on Japanese dirt!,%w_0.1|3025201|%h_rank_l1|3025202,100,0,0,0
288,109101,%h_rank_l1 truly deserves to be\ncalled the fastest sprinter!,%w_0.1|3025301|%h_rank_l1,100,0,0,0
289,109102,%h_rank_l1 brilliantly takes the\ntitle of spring's greatest medium-distance\nrunner!,%w_0.1|%h_rank_l1|3025401,100,0,0,0
290,109103,The untainted queen of the cherry blossoms is\nreborn this year!,%w_0.1|3025501|%h_rank_ta1|3025502,100,0,0,0
291,109104,%h_rank_ta1 wins! Taking victory\nin the Satsuki Sho earns her one leg of the\nTriple Crown!,%w_0.1|3025601|%h_rank_ta1|3025602,100,0,0,0
292,109105,%h_rank_ta1 wins! She earns the\nname of the current greatest Umamusume!,%w_0.1|3025701|%h_rank_ta1|3025702,100,0,0,0
293,109106,%h_rank_l1 did it! She's crowned\nthe ruler of the mile on the turf of Fuchu!,%w_0.1|3025801|%h_rank_l1|3025802,100,0,0,0
294,109107,Taking the crown after a heated battle is\n%h_rank_ta1!,%w_0.1|3025901|%h_rank_ta1,100,0,0,0
295,109108,%h_rank1 wins the race! The\nqueen of the Oaks is %h_rank_ta1!,%w_0.1|%h_rank1|3026001|%h_rank_ta1,100,0,0,0
296,109109,She did it! %h_rank_ta1 wins the\nrace! She dominated the Derby!,%w_0.1|3026101|%h_rank_ta1|3026102,100,0,0,0
297,109110,%h_rank1 wins! Taking the\nthrone as queen of the mile for the first half of\nthis season is %h_rank_ta1!,%w_0.1|%h_rank1|3026201|%h_rank_ta1,100,0,0,0
298,109111,Well done! %h_rank_ta1 is the star\nof Takarazuka! Her dreams have come true!,%w_0.1|3026301|%h_rank_ta1|3026302,100,0,0,0
299,109112,"Coming out in front of that electrifying battle,\n%h_rank_ta1 wins the Sprinters\nStakes!",%w_0.1|3026401|%h_rank_ta1|3026402,100,0,0,0
300,109113,The queen has made her appearance in Kyoto\nthis fall! %h_rank_l1 wins the\nShuka Sho!,%w_0.1|3026501|%h_rank_l1|3026502,100,0,0,0
301,109114,%h_rank_ta1 wins! A stunning\nvictory on the chrysanthemum stage!,%w_0.1|3026601|%h_rank_ta1|3026602,100,0,0,0
302,109115,%h_rank_l1 did it! She overcame\nfierce foes and won the fall Tenno Sho!,%w_0.1|3026701|%h_rank_l1|3026702,100,0,0,0
303,109116,%h_rank_l1 has surmounted the\nhills of Kyoto! The queen has made a majestic\nreturn!,%w_0.1|3026801|%h_rank_l1|3026802,100,0,0,0
304,109117,%h_rank_l1 defeats her rival and\nis crowned the queen of the mile!,%w_0.1|%h_rank_l1|3026901,100,0,0,0
305,109118,%h_rank_l1 did it! She turned the\ntables on her would-be assassins and showed\nus a stunning victory!,%w_0.1|3027001|%h_rank_l1|3027002,100,0,0,0
306,109119,%h_rank_l1 wins the Champions\nCup and takes her throne to become queen of\nthe dirt!,%w_0.1|%h_rank_l1|3027101,100,0,0,0
307,109120,Rising to fame at Hanshin this December is\n%h_rank_ta1! We've witnessed the\nbirth of a new queen!,%w_0.1|3027201|%h_rank_ta1|3027202,100,0,0,0
308,109121,%h_rank_ta1 wins! Will she stir up\na storm in next year's Classics?!,%w_0.1|3027301|%h_rank_ta1|3027302,100,0,0,0
309,109122,"Taking the grand prix,\n%h_rank_ta1 wins the final\nshowdown of the year and takes all the glory!",%w_0.1|3027401|%h_rank_ta1|3027402,100,0,0,0
310,109123,%h_rank1 shows us what a\nfirst-class star looks like and takes the first\nstep on the road to the Classics!,%w_0.1|%h_rank1|3027501,100,0,0,0
315,109127,%h_rank_l1 did it! Her real\nchallenge starts here!,%h_rank_l1|3092401|%h_rank_no1|%c_0.01|3092402,100,0,0,0
316,109128,The winner of this beginners' race is\n%h_rank_ta1! This is the best start\nto summiting the Little Star Cup that\n%h_rank1 could have hoped\nfor!,3028001|%h_rank_ta1|%h_rank1|3028002,100,0,0,0
317,109129,"After a difficult battle,\n%h_rank_ta1 comes out on top!\nBut her real challenge starts here!",3028101|%h_rank_ta1|%h_rank_no1|%c_0.02|3028102,100,0,0,0
318,109130,Taking victory at the Virgo is\n%h_rank_ta1! She'll be running in\nthe Aries in the new season!,3028201|%h_rank_ta1|3028202,100,0,0,0
319,109131,The Aries conqueror is\n%h_rank_ta1! These are the fruits\nof her diligent training. Now comes the next\nstep: the Cassiopeia!,3028301|%h_rank_ta1|3028302,100,0,0,0
320,109132,Cassiopeia watches over\n%h_rank1 as she cross the\nfinish line first! Only one more race for the\nLittle Star Cup!,3028401|%c_0.02|%h_rank1|3028402,100,0,0,0
321,109133,The winner of the Little Star Cup is\n%h_rank_l1! She's earned a\nperfect record in preparation for her debut in\nthe Twinkle Series!,3028501|%h_rank_l1|3028502,100,0,0,0
322,109134,%legend shows us her\nunbelievable strength! She's the one to beat\nfor Little Star Cup contenders!,3028601|%legend|3028602,100,0,0,0
323,109135,Could this be the greatest generation ever?!\n%h_rank1 manages to defeat\nthe legend before even making her debut!,3028701|%h_rank1|3028702,100,0,0,0
324,109300,%h_rank1 put on a furious run\ndown that stretch!,%w_0.1|%h_rank1|3035301,100,0,0,0
334,112009,"Only 1,000 meters left.",%w_0.1|1029701,100,0,0,0
340,112012,400 meters left.,%w_0.1|2030101,100,0,0,0
341,112012,There's 400 meters to go.,%w_0.1|2043901,100,0,0,0
342,112012,400 meters until glory.,%w_0.1|2044001,100,0,0,0
343,112013,200 meters left.,%w_0.1|2030201,100,0,0,0
344,112013,200 meters left.,%w_0.1|2044901,100,0,0,0
347,112015,They've passed the first corner and are heading\ntoward the second.,%w_0.1|1042401,100,0,0,0
348,112015,They round the first corner and make for the\nsecond.,%w_0.1|1042501,100,0,0,0
349,112015,The Umamusume have passed the first corner\nand are heading into the second.,1043101,100,0,0,0
350,112015,Out of the first corner and into the second.,1030301,100,0,0,0
351,112022,They've passed the second corner and entered\nthe backstretch.,%w_0.1|1030401,100,0,0,0
352,112022,Leaving the second corner and heading into\nthe backstretch.,1043001,100,0,0,0
356,112020,Moving from the fourth corner into the final\nstretch.,%w_0.1|1030601,100,0,0,0
357,112020,The fourth corner.,%w_0.1|1044101,100,0,0,0
358,112020,Coming up to the fourth corner.,%w_0.1|1046001,100,0,0,0
359,112022,"Heading into the backstretch,\n%h_rank1 is in the lead.",1034101|%h_rank1,100,0,0,0
360,112021,"Coming into the backstretch, the leader and\nthe trailer are separated by %basin.",%w_0.1|1045701|%basin,100,0,0,0
361,112023,"Moving into the backstretch of the second lap,\nthe Umamusume are starting to feel the burn.",1034301,30,0,0,0
362,112024,%h_rank1 holds on to the lead\nas she enters the backstretch of the second\nlap.,1034201|%h_rank1,100,0,0,0
363,112025,They're about to pass in front of the stands on\nthe first lap.,%w_0.1|1045101,100,0,0,0
364,112025,They're passing in front of the stands for the\nfirst time.,%w_0.1|1045201,100,0,0,0
365,112025,"Welcomed by cheers from the stands, they\nrace down the homestretch for the first time.",1034001,100,0,0,0
367,112025,They're on the homestretch of the first lap.,1042601,100,0,0,0
368,112025,They run past the stands on their first lap.,1042701,100,0,0,0
370,112027,They're entering the middle of the backstretch.,1042901,100,0,0,0
372,112016,They're now approaching the second corner.,%w_0.1|1043401,100,0,0,0
385,112100,They're coming down Yodo Hill on the third\ncorner!,1030701,100,0,0,0
386,112101,They've passed the big elm and are heading\ninto the fourth corner.,%w_0.1|1030801,100,0,0,0
387,112102,Here comes the hill! The Nigawa slope starts\nhere!,1030901,100,0,0,0
388,112103,Anything can happen in rough-and-tumble\nFukushima!,1031001,100,0,0,0
389,112104,A cool breeze is blowing in Sapporo.,1031101,100,0,0,0
390,112105,They've passed the hill on the second corner\nand are heading into the backstretch.,1031201,100,0,0,0
391,112106,It's do or die on the Niigata final stretch!,1031301,100,0,0,0
392,112107,"We're at the third corner, and it's time for the\nBattle of Okehazama!",1031401,100,0,0,0
393,112108,The stretch here at Nakayama is short! Will the\nrunners at the back make it in time?,%w_0.1|1031501,100,0,0,0
394,112109,The wind blowing in from from the Tsugaru\nStrait is cold here on the Hakodate turf.,%w_0.1|1031601,100,0,0,0
395,112110,Who will be the one to win the rigorous Little\nStar Cup?!,1031701,100,0,0,0
396,112200,They're moving from turf to dirt.,1033801,100,0,0,0
397,112111,%h_player passes the big zelkova tree and is headed for the fourth corner.,%h_player|%w_0.01|1030801,100,0,0,0
431,112310,%horse1 is a little unsteady.,%horse1|2095601,100,0,0,0
432,112310,%horse1 seems to be at a slight\ndisadvantage.,%horse1|2095701,100,0,0,0
509,113000,And moving along the outside is\n%horse_ta2.,1074601|%horse_ta2,100,0,1,0
510,113000,Passing on the outside is\n%horse2.,1074701|%horse2,100,0,1,0
511,113000,And sticking to the outside is\n%horse2.,1074801|%horse2,100,0,1,0
512,113000,"From the outside, here comes\n%horse2!",1074901|%horse2,100,0,1,0
513,113000,On the outside is %horse2.,1075001|%horse2,100,0,1,0
514,113000,Moving along the outside is\n%horse2.,1075101|%horse2,100,0,1,0
515,113000,Positioned on the outside is\n%horse2.,1075201|%horse2,100,0,1,0
516,113000,Running on the outside is\n%horse2.,1075301|%horse2,100,0,1,0
517,113000,And coming around on the outside is\n%horse2.,1075401|%horse2,100,0,1,0
518,113000,Sticking to the outside is\n%horse2.,1075501|%w_0.01|%horse2,100,0,1,0
519,113000,Coming around on the outside is\n%horse2.,1075601|%horse2,100,0,1,0
520,113000,Staying on the outside is\n%horse2.,1076401|%w_0.02|%horse2,100,0,1,0
521,113002,And on the outside is %horse2.,1076501|%horse2,100,0,1,0
522,113001,And moving along the inside is\n%horse_ta2.,1072301|%horse_ta2,100,0,1,0
523,113001,And sticking to the inside is\n%horse2.,1072401|%horse2,100,0,1,0
524,113001,"From the inside, here comes\n%horse2!",1072501|%horse2,100,0,1,0
525,113001,On the inside is %horse2.,1072601|%horse2,100,0,1,0
526,113001,Moving along the inside is\n%horse2.,1072701|%horse2,100,0,1,0
527,113001,Positioned on the inside is\n%horse2.,1072801|%horse2,100,0,1,0
528,113001,Running on the inside is\n%horse2.,1072901|%horse2,100,0,1,0
529,113001,And coming around on the inside is\n%horse2.,1073001|%w_0.01|%horse2,100,0,1,0
530,113001,Sticking to the inside is\n%horse2.,1073101|%horse2,100,0,1,0
531,113001,Coming around on the inside is\n%horse2.,1073201|%w_0.01|%horse2,100,0,1,0
532,113001,Staying on the inside is %horse2.,1074101|%horse2,100,0,1,0
533,113001,Moving out from the inside is\n%horse2.,1073501|%horse2,100,0,1,0
534,113001,And on the inside is %horse2.,1074201|%horse2,100,0,1,0
535,113002,Farther outside is %horse2.,1075701|%horse2,100,0,1,0
536,113002,Coming in from farther out is\n%horse2.,1075801|%horse2,100,0,1,0
537,113002,Moving in from even farther out is\n%horse2.,1076601|%horse2,100,0,1,0
538,113003,Farther inside is %horse2.,1073301|%horse2,100,0,1,0
539,113003,Coming out from farther in is\n%horse2.,1073401|%horse2,100,0,1,0
540,113003,Moving out from even farther in is\n%horse2.,1074301|%horse2,100,0,1,0
541,113004,Next is %horse2.,%w_0.1|1076901|%horse2,100,0,1,0
542,113004,And coming up from behind is\n%horse2.,%w_0.1|1077001|%horse2,100,0,1,0
543,113004,Then %horse2.,%w_0.1|1077101|%horse2,100,0,1,0
544,113004,And then %horse2.,%w_0.1|1077201|%horse2,100,0,1,0
545,113004,And after her is %horse2.,%w_0.1|1077301|%horse2,100,0,1,0
546,113004,Behind her is %horse2.,%w_0.1|1077401|%horse2,100,0,1,0
547,113004,And then behind her is %horse2.,%w_0.1|1077501|%horse2,100,0,1,0
548,113004,And then comes %horse2.,%w_0.1|1077801|%horse2,100,0,1,0
549,113004,Moving behind her is %horse2.,%w_0.1|1077901|%horse2,100,0,1,0
550,113004,Next is %horse2.,%w_0.1|1078001|%horse2,100,0,1,0
551,113004,Then it's %horse2.,%w_0.1|1078101|%horse2,100,0,1,0
553,113005,Just on the inside is %horse1.,1074401|%horse1,100,0,1,0
554,113006,Just on the outside is %horse1.,1076701|%horse1,100,0,1,0
557,113007,%horse1 is coming up on her\nside.,%w_0.1|%horse1|2048501,100,0,1,0
558,113007,%horse1 comes up on her side.,%w_0.1|%horse1|2048601,100,0,1,0
559,113007,%horse1 closes in.,%w_0.1|%horse1|2048701,100,0,1,0
591,113012,%horse2 is giving chase.,%horse2|1062501,100,0,1,0
592,113012,Right next to her is %horse2.,1067501|%horse2,100,0,1,0
593,113012,Directly behind her is %horse2.,1010901|%horse2,100,0,1,0
594,113012,%horse2 is right behind.,%w_0.1|%horse2|1039401,100,0,1,0
595,113013,A little behind her is %horse2.,1038601|%w_0.01|%horse2,100,0,1,0
596,113013,Coming up slightly behind her is\n%horse2.,1038701|%horse2,100,0,1,0
597,113013,Watching from behind is\n%horse2.,1039301|%horse2,100,0,1,0
599,113015,One length away from her is\n%horse2.,%w_0.1|1062601|%horse2,100,0,1,0
600,113015,One length away is %horse2.,%w_0.1|1069601|%horse2,100,0,1,0
601,113016,Two lengths away from her is\n%horse2.,1062701|%horse2,100,0,1,0
602,113016,Two lengths away is %horse2.,1069701|%horse2,100,0,1,0
603,113017,Two to three lengths away is\n%horse2.,1067201|%horse2,100,0,1,0
604,113018,Three lengths away from her is\n%horse2.,1062801|%horse2,100,0,1,0
605,113018,Three lengths away is %horse2.,1069801|%horse2,100,0,1,0
606,113019,Three to four lengths away is\n%horse2.,1067401|%horse2,100,0,1,0
607,113020,Four lengths away from her is\n%horse2.,1062901|%horse2,100,0,1,0
608,113020,Four lengths away is %horse2.,1069901|%horse2,100,0,1,0
609,113021,Five lengths away from her is\n%horse2.,1063001|%horse2,100,0,1,0
610,113021,Five lengths away is %horse2.,1070001|%horse2,100,0,1,0
611,113021,About five lengths away is\n%horse2.,1067301|%horse2,100,0,1,0
618,113027,Far away from her is %horse2.,%w_0.1|1063201|%horse2,100,0,1,0
619,113028,Coming from the inside is\n%horse1.,1041801|%horse1,100,0,1,0
620,113028,%horse1 pushes forward from\nthe inside.,%horse1|1041801,100,0,1,0
621,113029,%horse1 pushes forward from\nthe outside.,%horse1|1041901,100,0,1,0
622,113029,Coming from the outside is\n%horse1.,1041901|%horse1,100,0,1,0
624,113031,%horse1 is staying in position.,%horse1|1057801,100,0,1,0
625,113031,%horse1 is here.,%horse1|1057901,100,0,1,0
626,113031,Here's %horse1.,%horse1|1058001,100,0,1,0
627,113032,Then %horse1.,%w_0.1|1038901|%horse1,100,0,1,0
628,113032,And then %horse1.,%w_0.1|1039001|%horse1,100,0,1,0
629,113033,Let's take another look at the rankings.,1010201,100,0,0,0
632,113100,"At the front, %h_rank1 has a\nlead of over 10 lengths!",1010501|%h_rank1|1010502,100,0,0,0
633,113101,"Out front is %h_rank1, moving\nalong smoothly.",1010601|%h_rank1|%w_0.03|1010602,100,0,0,0
634,113101,Still in front is %h_rank1 by\n%basin_l,2012601|%h_rank1|%w_0.01|%basin_l,100,0,0,0
635,113101,Keeping the lead is %h_rank1.,2012701|%h_rank1,100,0,0,0
636,113101,Still out in front is %h_rank1.,1037801|%h_rank1,100,0,0,0
637,113101,Still in the lead is %horse1.,%w_0.1|1038501|%horse1,100,0,0,0
638,113101,Still leading is %h_rank1.,%w_0.1|1058101|%w_0.01|%h_rank1,100,0,0,0
639,113101,%h_rank1 is keeping the lead.,%h_rank1|%w_0.01|1037901,100,0,0,0
640,113102,Leading the field is %h_rank1.,1010701|%h_rank1,100,0,0,0
642,113103,Currently in first place is\n%h_rank1. We've had a change\nof leader.,1010701|%h_rank1|1010702,100,0,0,0
643,113103,Now in the lead is %h_rank1.,1067801|%h_rank1,100,0,0,0
644,113103,And now in the lead is\n%h_rank1.,1067901|%h_rank1,100,0,0,0
645,113103,And now in the lead is\n%h_rank1.,1078901|%h_rank1,100,0,0,0
646,113103,And now %h_rank1 has the\nlead.,1079001|%w_0.01|%h_rank1|1079002,100,0,0,0
647,113103,And taking the lead is\n%h_rank_ta1.,1079101|%h_rank_ta1,100,0,0,0
648,113103,And now taking the lead is\n%h_rank1.,1079201|%w_0.01|%h_rank1,100,0,0,0
649,113105,Trailing far behind in second is\n%horse2.,1010801|1010802|%horse2,100,0,0,0
650,113105,"Far behind the leader, running in second is\n%horse2.",1010803|1010804|%horse2,100,0,0,0
651,113105,This gap is starting to look insurmountable.\nCurrently in second is %horse2.,1010805|1010806|%horse2,100,0,0,0
652,113105,"Trailing far behind, running in second is\n%horse2.",1010801|1010804|%horse2,100,0,0,0
653,113105,"Far behind the leader, currently in second is\n%horse2.",1010803|1010806|%horse2,100,0,0,0
654,113105,This gap is starting to look insurmountable. In\nsecond is %horse2.,1010805|1010802|%horse2,100,0,0,0
655,113105,"Trailing far behind, currently in second is\n%horse2.",1010801|1010806|%horse2,100,0,0,0
656,113105,"Far behind the leader, in second is\n%horse2.",1010803|1010802|%horse2,100,0,0,0
657,113105,This gap is starting to look insurmountable.\nRunning in second is %horse2.,1010805|1010804|%horse2,100,0,0,0
660,113107,Coming from the inside in second is\n%horse2!,2015701|%horse2,100,0,0,0
662,113109,Coming from the outside in second is\n%horse2!,2016001|%horse2,100,0,0,0
670,113112,%h_rank3 is in third.,%h_rank3|1058501,100,0,0,0
671,113112,And in third is %h_rank3.,1060201|%h_rank3,100,0,0,0
672,113112,Third is %h_rank3.,1063401|%h_rank3,100,0,0,0
673,113112,In third is %h_rank3.,1065101|%h_rank3,100,0,0,0
674,113113,%h_rank4 is in fourth.,%h_rank4|1058601,100,0,0,0
675,113113,And in fourth is %h_rank4.,1060301|%h_rank4,100,0,0,0
676,113113,Fourth is %h_rank4.,1063501|%h_rank4,100,0,0,0
677,113113,In fourth is %h_rank4.,1065201|%h_rank4,100,0,0,0
678,113114,%h_rank5 is in fifth.,%h_rank5|%w_0.01|1058701,100,0,0,0
679,113114,And in fifth is %h_rank5.,1060401|%h_rank5,100,0,0,0
680,113114,Fifth is %h_rank5.,1063601|%w_0.01|%h_rank5,100,0,0,0
681,113114,In fifth is %h_rank5.,1065301|%h_rank5,100,0,0,0
730,113127,In last place is %horse1.,1060001|%horse1,100,0,0,0
734,113127,%horse1 is in the last position.,%horse1|1078301,100,0,0,0
735,113127,%horse1 starts the race in last\nplace.,%horse1|1078401,100,0,0,0
738,113127,%horse1 is in last place.,%horse1|1038101,100,0,0,0
739,113127,%horse1 is the trailer.,%horse1|1038201,100,0,0,0
740,113127,And in last place is %horse1.,1039101|%horse1,100,0,0,0
741,113130,Alone at the back is %horse1.,1060001|%c_0.01|1039201|%horse1,100,0,0,0
742,113130,All alone is %horse1.,%w_0.1|1039201|%horse1,100,0,0,0
744,113128,Next to last is %horse1.,%w_0.1|1037501|%horse1,100,0,0,0
745,113129,%horse1 ends up racing from the\nback.,%horse1|1078501,100,0,0,0
746,113129,%horse1 unfortunately takes\nposition in the back.,%horse1|1078601,100,0,0,0
750,113131,Up to this point is the leading group.,%w_0.1|1092801,100,0,0,0
751,113131,The runners up to this point make up the\nleading group.,1092901,100,0,0,0
752,113132,In the leading group is\n%h_rank1.,1093001|%h_rank1,100,0,0,0
753,113133,Let's take a look at our leading group.,1093101,100,0,0,0
766,113200,How's this group looking?,2012201,100,100120,0,0
768,113200,How's %h_pop1 doing?,%h_pop1|1008401,100,100078,0,0
769,113201,%h_rank1 keeps the lead! An\ninteresting development indeed! Can she keep\nit up?,%h_rank1|1007701,100,100069,0,0
770,113201,%h_rank1 moves into the lead.\nWas this the right move?,%h_rank1|1007801,100,100072,0,0
771,113201,%h_rank1 triumphantly takes\nthe lead! Who could've seen that coming?,1008601|%h_rank1|1008602,100,100083,0,0
776,115000,It's getting chaotic as they are very\ntightly-packed here!,1008801|1008802,100,100088,0,0
777,115000,They've clustered together! It's a free-for-all!,%w_0.1|1008803|1008804,100,100088,0,0
778,115000,"Maybe they're all keeping each other in check.\nIn any case, they're proceeding cautiously!",1008805|1008806,100,112592,0,0
779,115001,"The runners have become a long, narrow line\nfrom first to last.",1008901|1008902,100,100089,0,0
780,115001,A large gap before we find the rear group. The\nrunners are really spreading out.,1008903|1008904,100,100089,0,0
781,115001,"The leader is setting a hot pace, with the pack\nstrung-out behind her.",1008905|1008906,100,100089,0,0
782,115001,Large gaps dot the runners from front to back.,1008901|1008904,100,100089,0,0
783,115001,"A large gap before we find the rear group. The\nrunners are forming a long, narrow line behind.",1008903|1008906,100,100089,0,0
784,115001,"The pace is a bit hot, as the runners have\nbecome a long, narrow line.",1008905|1008902,100,100089,0,0
785,115001,"The runners are forming a long, narrow line\nfrom first place to last.",1008901|1008906,100,100089,0,0
786,115001,"A large gap before we find the rear group. The\nrunners have become a long, narrow line.",1008903|1008902,100,100089,0,0
787,115001,The leader sets a quick pace. The runners are\nreally spreading out.,1008905|1008904,100,100089,0,0
890,115100,It's %h_rank1!\n%h_rank1 is in the lead! What\nan intense run!,%h_rank1|%w_0.1|2016801|%h_rank1|%w_0.01|2016802,100,0,0,0
892,115101,It's %h_rank1! Look at that\nstrength! She still has more in her!,%w_0.1|%h_rank1|2019101|2019102,100,0,0,0
893,115101,It's %h_rank1! Is this it?! She's\nleft the others behind!,%w_0.1|%h_rank1|2019201|2019202,100,0,0,0
894,115500,Can %h_rank1 make it all the\nway now?!,%h_rank1|2019501,100,0,0,1
895,115500,Can %h_rank1 keep pushing\nforward?!,%h_rank1|2019601,100,0,0,1
896,115500,It's %h_rank1! She can't lose!\nThis is it!,%h_rank1|2019701|2019702,100,0,0,0
897,115102,The runner coming up behind her is still 2\nlengths away!,2018201,100,0,0,0
898,115103,%h_rank1 is flying down the\ntrack! She's all alone out front!,%h_rank1|2019301|2019302,100,0,0,1
899,115103,%h_rank1's strength is\nunmatched! She's pulled completely ahead!,%h_rank1|2019401|2019402|2019403,100,0,0,1
900,115104,%h_rank1 is running hard!,%h_rank1|2012301|2012302,100,0,0,1
901,117006,%h_rank1 is flying along with\nease.,%w_0.1|%h_rank1|2012401,100,0,0,0
902,115104,Will %h_rank1 make it all the\nway to the finish line like this?,%h_rank1|2012501,100,0,0,0
903,115105,%h_rank1 and\n%h_rank2 are locked in a\nstruggle!,%h_rank1|%h_rank2|2014601,100,0,0,0
904,115105,%h_rank_a1\n%h_rank_to2 are duking it\nout!,%h_rank_a1|%h_rank_to2|2014701,100,0,0,0
905,115105,%h_rank_a1\n%h_rank_to2 both refuse to\ngive up the lead.,%h_rank_a1|%h_rank_to2|2014801,100,0,0,0
906,115106,"In front is %h_rank1, with\nsecond and third right behind her!",2014901|%h_rank1|2014902,100,0,0,0
907,115106,"The leader is %h_rank1, but\nsecond and third are close behind!",2015001|%h_rank1|2015002,100,0,0,0
908,115106,%h_rank1 is in the lead! But\nshe's only slightly ahead of second and third.,%h_rank1|2015101|2015102,100,0,0,0
909,115107,"In front is %h_rank1, but she's\nonly got a slight lead!",2015201|%h_rank1|2015202,100,0,0,0
910,115108,"Pulling ahead is %h_rank_ta1, but\nthe others are close behind!",%w_0.1|2015301|%h_rank_ta1|2015302,100,0,0,0
911,115200,Making a move from the inside is\n%horse_ta1!,2012901|%horse_ta1,100,0,0,0
912,115200,%horse1 sticks to the inside!\nLook at her go!,%horse1|2020701|2020702,100,0,0,0
915,115201,Moving from the center is\n%horse_ta1!,2013001|%horse_ta1,100,0,0,0
916,115201,From the center comes %horse1!\nShe's catching up!,2020801|%a_horse1|2020802,100,0,0,0
918,115201,%horse1 sticking to the center!,2017301|%a_horse1,100,0,0,0
919,115201,%horse1 weaves through the\ngroup and breaks out in front.,%horse1|2017201,100,0,0,0
920,115202,Approaching from the outside is\n%horse_ta1!,2013101|%horse_ta1,100,0,0,0
921,115202,Coming from the outside is\n%horse1! She's putting on a final\nburst of speed!,2020901|%a_horse1|2020902,100,0,0,0
922,115202,"Flying in from the outside,\n%horse_ta1!",2016101|%horse_ta1,100,0,0,0
924,115202,"Coming around on the outside,\n%horse_ta1!",2017501|%horse_ta1,100,0,0,0
925,115203,Rushing in from the extreme outside is\n%horse_ta1! This is amazing!,2021001|%horse_ta1|2021002,100,0,0,0
926,115203,Coming in from far outside is\n%horse1! What speed!,2017601|%a_horse1|2017602,100,0,0,0
927,115203,Making a move from far outside is\n%horse_ta1!,2013201|%horse_ta1,100,0,0,0
928,115203,%horse1 gets pushed far to the\noutside. But she catches up right away!,2088601|%a_horse1|2088602,100,0,0,0
929,115204,Here %horse1 goes.,2049001|%a_horse1,100,0,0,0
930,115204,%horse1 is going for it.,%horse1|2054101,100,0,0,0
931,115204,"Moving up, it's %horse1.",1080001|%w_0.01|%a_horse1,100,0,0,0
932,115204,%horse1 goes for it!,%horse1|1080101,100,0,0,0
933,115204,%horse1 makes her move.,%horse1|1048101,100,0,0,1
934,115204,%horse1 makes her way forward.,%horse1|2054301,100,0,0,1
935,115204,Making her way forward is\n%horse1.,2054201|%a_horse1,100,0,0,0
936,115204,%horse1 is making her way\nforward!,%horse1|2049301,100,0,0,1
937,115204,%horse1 is moving up.,%horse1|2049401,100,0,0,0
938,115204,Moving up is %horse1.,1048001|%a_horse1,100,0,0,0
939,115205,Bursting through to the front is\n%horse1.,2053701|%a_horse1,100,0,0,0
940,115205,%horse1 pushes her way\nforward.,%horse1|2050101,100,0,0,1
941,115205,Pushing her way forward is\n%horse1.,2054601|%w_0.01|%a_horse1,100,0,0,0
942,115206,%horse1 pushes all the way\nthrough.,2048401|%w_0.01|%a_horse1,100,0,0,0
943,115206,%horse1 brilliantly passes the\npack!,%horse1|2047501,100,0,0,1
944,115206,%horse1 comes from behind.,%w_0.1|%horse1|2054401,100,0,0,1
945,115206,Coming from behind is %horse1.,2049501|%a_horse1,100,0,0,0
946,115207,%horse1 speeds up as she aims\nfor the leaders!,%horse1|2050301,100,0,0,0
947,115208,%horse1 is closing in.,%horse1|1080501,100,0,0,0
948,115208,%horse1 closes in from behind.,%horse1|1080601,100,0,0,0
950,115209,%horse1 is close behind.,%horse1|3024101,100,0,0,0
951,115209,Close behind is %horse1.,2051701|%w_0.01|%a_horse1,100,0,0,0
952,115209,%horse1 is putting on the\npressure.,%horse1|2050001,100,0,0,0
953,115209,"%horse1, putting on the\npressure.",2054501|%a_horse1,100,0,0,0
954,115209,"%horse1, putting on the\npressure.",1048201|%w_0.01|%a_horse1,100,0,0,0
955,115209,%horse1 is pulling out all the\nstops!,%horse1|3022401,100,0,0,0
959,115212,Keeping the lead is %horse1.,2052301|%a_horse1,100,0,0,0
960,115212,She's holding out.,2049801,100,0,0,0
961,115212,She's doing it! She's holding out!,2047301,100,0,0,0
962,115212,She continues to hold out.,2019801,100,0,0,0
963,115213,Widening the lead is %horse1!,2052101|%a_horse1,100,0,0,0
964,115213,%horse1 pushes even further\nahead!,%horse1|2014301,100,0,0,0
966,115214,Running with all her might is\n%horse1.,2012301|%a_horse1,100,0,0,0
967,115214,Look at %horse1 run!,%horse1|%w_0.02|2012302,100,0,0,0
968,115215,What strength!,2016802,100,0,0,0
969,115215,Look at that strength!,2019101,100,0,0,0
970,115215,The speed! Look at that speed!,2019301,100,0,0,0
971,115215,She's strong!,2019401,100,0,0,0
972,115215,She's unstoppable!,2019402,100,0,0,0
973,115215,This is amazing!,2021002,100,0,0,0
974,115215,She's so strong.,1062201,100,0,0,0
975,115216,What incredible speed from\n%horse1!,%horse1|2020702,100,0,0,1
976,115216,%horse1 is catching up!,%horse1|2020802,100,0,0,1
977,115216,A final burst of speed from\n%horse1!,%horse1|2020902,100,0,0,1
978,115216,%horse1 pushes forward with\nincredible speed!,%horse1|2017602,100,0,0,1
979,115216,%horse1 vigorously makes her\nway forward.,%horse1|2052401,100,0,0,1
980,115216,%horse1 makes her way forward\nby leaps and bounds.,%horse1|2052501,100,0,0,1
981,115216,%horse1 pushes forward with\nincredible speed!,%horse1|1080401,100,0,0,1
982,115217,Is this all %horse1 has to give?!,%horse1|2050801,100,0,0,0
983,115217,Is this the end for %horse1?!,2054901|%w_0.01|%horse1,100,0,0,0
987,115218,She's closing the gap.,2018001,100,0,0,0
988,115218,Steadily closing in.,2055201,100,0,0,0
989,115218,Steadily closing in.,2051601,100,0,0,0
990,115218,Closing the gap is %horse1.,2055001|%a_horse1,100,0,0,0
991,115218,Closing the gap is %horse1.,2051201|%a_horse1,100,0,0,0
992,115219,Is she going to take over?!,3022301,100,0,0,0
993,117011,Can she surge through?,2051901,100,0,0,0
995,115220,%horse1 is coming up on her\nside.,%horse1|2048501,100,0,0,0
996,115220,%horse1 comes up on her side.,%horse1|2048601,100,0,0,0
997,115220,Coming up on the side is\n%horse1.,2048701|%a_horse1,100,0,0,0
998,115220,%horse_ta1 is coming up on the\nside.,2048801|%horse_ta1,100,0,0,0
999,115221,They're neck and neck!,2054001,100,0,0,0
1000,115221,They're running neck and neck!,2048901,100,0,0,0
1001,115222,They're stride for stride.,1061801,100,0,0,0
1002,115222,But they're neck and neck.,2051301,100,0,0,0
1003,115222,Who's going to take it?!,2051001,100,0,0,0
1004,115222,There's barely any distance between them!,2017701,100,0,0,0
1005,115222,Both of them refuse to give an inch.,2051101,100,0,0,0
1006,115223,%horse1 moves into the lead.,%horse1|1062101,100,0,0,0
1007,115223,%horse1 takes over the lead\nposition.,%horse1|1080301,100,0,0,0
1008,115223,Moving into the lead is %horse1.,2082401|%horse1,100,0,0,0
1009,115223,Taking over the lead position is\n%horse1.,2015401|%horse1,100,0,0,0
1019,115227,%horse1 breaks through!,%horse1|2019403,100,0,0,0
1020,115227,%horse1 pulls ahead here!,%horse1|2082301,100,0,0,0
1021,115227,%horse1 pulls ahead.,%horse1|2052201,100,0,0,0
1022,115228,%horse1 is slightly ahead.,%horse1|2017801,100,0,0,0
1023,115228,"With a slight lead, it's %horse1.",1082001|%horse1,100,0,0,0
1024,115228,%horse1 has a slight lead!,%horse1|2019901,100,0,0,0
1025,115228,Only slightly in the lead is\n%horse1.,2020001|%horse1,100,0,0,0
1026,115228,Slightly ahead is %horse1.,3082501|%horse1,100,0,0,0
1030,115302,%horse1 in the lead has\ncompletely lost her steam! She's going to be\novertaken.,%horse1|2018401|2018402,100,0,0,0
1032,115302,Has %horse1 lost her steam?!\nThe rest of the pack is steadily approaching!,%horse1|2018601|2018602,100,0,0,0
1034,115303,%horse1 is getting buried by the\ncrowd. Can she find her legs?,%horse1|2018901|2018902,100,0,0,0
1035,115301,%horse1's steps are getting\nheavy! Is it over for her?!,%horse1|2019001|2019002,100,0,0,0
1036,115301,%horse1 has lost her steam!,%horse1|2021401,100,0,0,0
1037,115301,Oh no! Is %horse1 out of\nstamina?!,2021501|%a_horse1|%w_0.02|2021502,100,0,0,0
1038,115302,%horse1 sinks into the rear\ngroup!,%horse1|2021601,100,0,0,0
1040,115302,%horse1 has sunk into the pack!,%horse1|2050701,100,0,0,0
1041,115400,And keeping an eye on the leader from the\ninside is %horse1!,2088301|%a_horse1,100,0,0,0
1042,115401,And keeping an eye on the leader from the\ncenter is %horse1!,2088401|%a_horse1,100,0,0,0
1043,115402,And keeping an eye on the leader from the\noutside is %horse1!,2088501|%a_horse1,100,0,0,0
1044,115403,"Now, who will make their move first?!",2013301,100,0,0,0
1045,115404,%horse1 is keeping an eye on\nthe situation from the inside.,%horse1|2013401,100,0,0,1
1046,115405,%horse1 is up to something.,%horse1|2013501,100,0,0,1
1047,115406,%horse1 is charging up on the\noutside.,%horse1|2013601,100,0,0,1
1048,115407,There's still a gap of over 1 length! Can she\ntake the lead?!,2017901|2017902,100,0,0,0
1049,115408,Coming in close is %horse2.,2018001|%a_horse2,100,0,0,0
1050,115409,There's still a decent difference. Will another\nrunner take the lead?!,%w_0.1|2018101|2018102,100,0,0,0
1053,117015,%h_rank1 is staying strong.,%h_rank1|2049701,100,0,0,0
1054,117016,%h_rank1 is staying strong.,%h_rank1|2049701,100,0,0,0
1056,115501,%horse1 is still looking good!,%horse1|2050901,100,0,0,1
1060,115504,%h_rank1 pushes ahead!,%h_rank1|2014301,100,0,0,0
1061,115505,%horse1、%l_basin,%w_0.1|%horse1|%l_basin,100,0,0,0
1062,115600,The rear keeps closing in! Can\n%horse1 stay ahead?!,2011801|%horse1|2011802,100,0,0,0
1063,115601,%horse1 remains held back.,%horse1|1047601,100,0,0,0
1065,115602,%horse_ta1 moves up smoothly.,1047701|%horse_ta1,100,0,0,0
1066,115602,"%horse_ta1, smoothly moving up.",1047801|%horse_ta1,100,0,0,0
1067,115603,%h_rank1 comfortably keeps\nher lead.,1080801|%a_h_rank1,100,0,0,0
1068,115604,Slowly moving in from far outside is\n%horse1.,1081001|%a_horse1,100,0,0,0
1069,115605,Weaving through the pack is\n%horse1.,1081101|%a_horse1,100,0,0,0
1070,115700,%horse1 is getting restless.,%w_0.1|%horse1|2096201,100,0,0,0
1071,115700,%horse1 pushes forward.,%w_0.1|%horse1|2096203,100,0,0,0
1072,115700,%horse1 is running at a quick\npace.,%w_0.1|%horse1|2096205,100,0,0,0
1073,117103,%horse1 is getting restless.,%horse1|2096201,100,0,0,0
1074,117104,%horse1 pushes forward.,%horse1|2096203,100,0,0,0
1075,117105,%horse1 is running at a quick\npace.,%w_0.1|%horse1|2096205,100,0,0,0
1076,117106,%horse1 is getting restless.,%horse1|2096201,100,100276,0,0
1077,117107,%horse1 pushes forward.,%horse1|2096203,100,100276,0,0
1078,117108,%horse1 is running at a quick\npace.,%w_0.1|%horse1|2096205,100,100276,0,0
1103,116005,Is %horse1 waking up?! Is she\ngoing to go for gold?!,2011901|%a_horse1|2011902,100,0,0,0
1112,116009,%h_rank1 is slightly ahead.,%h_rank1|2017801,100,0,0,0
1113,116009,%h_rank1 has a slight lead!,%h_rank1|2019901,100,0,0,0
1114,116009,Slightly ahead is %h_rank1!,2020001|%h_rank1,100,0,0,0
1164,116005,%horse1 steadily advances.,%horse1|1048301,100,0,0,0
1169,116005,Can %horse1 push forward?,%horse1|2050501,100,0,0,0
1236,116005,The rear group is quickly closing in!,1079701,100,0,0,0
1243,116005,%horse1 pushes forward with\nincredible speed!,%horse1|1080401,100,0,0,0
1250,116005,%horse1 prepares to make her\nmove.,%horse1|1081401,100,0,0,0
1269,200000,,,100,0,1,0
1270,117001,%h_player races from the back.\nWill she be okay?!,1007301|%h_player|1007302,100,100087,0,0
1271,117003,They're about to pass in front of the stands on\nthe first lap.,1045101,100,0,0,0
1272,117003,They're passing in front of the stands for the\nfirst time.,1045201,100,0,0,0
1273,117003,"Welcomed by cheers from the stands, they\nrace down the homestretch for the first time.",1034001,100,0,0,0
1274,117003,They run past the stands on their first lap.,1042701,100,0,0,0
1275,117004,%h_rank_ta1 wins!,%w_0.1|3024701|%h_rank_ta1,100,0,0,0
1276,117004,%h_rank_l1 claims victory!,%w_0.1|%h_rank_l1|3025001,100,0,0,0
1277,117004,%h_rank_l1 dominates the race.,%w_0.1|%h_rank_l1|3037401,100,0,0,0
1279,117005,It's %h_rank_l1! A brilliant\nvictory! She dominated this race!,%h_rank_l1|3024901|%race_wo,100,0,0,0
1281,117007,She surges through!,3037201,100,0,0,0
1282,117008,Is %horse1 going to take over?!,%w_0.01|%horse1|3022301,100,0,0,0
1283,117008,Will %horse1 surge past for the\nwin?,%w_0.01|%horse1|2051901,100,0,0,0
1284,117009,%h_rank1 won't concede her\nposition.,%h_rank1|2051401,100,0,0,0
1285,117009,%h_rank1 won't concede.,%h_rank1|2051501,100,0,0,0
1286,117010,Both of them refuse to give an inch. It's a dead\nheat!,2051101|2016201,100,0,0,0
1287,117012,%h_rank1 is running strong!,%h_rank1|%w_0.01|2016802,100,0,0,0
1288,117012,%h_rank1 is just incredible!,%h_rank1|2019101,100,0,0,0
1289,117013,There's barely any distance between them!,2017701,100,0,0,0
1290,117013,Both of them refuse to give an inch.,2051101,100,0,0,0
1291,117014,%h_rank2 desperately tries to\ncatch up!,%h_rank2|2020301,100,0,0,0
1292,117014,Closing the gap is %h_rank2!,2020401|%h_rank2,100,0,0,0
1293,117014,%h_rank2 pulls out all the\nstops!,%h_rank2|2021101,100,0,0,0
1294,117014,%h_rank2 is close behind!,%h_rank2|2021201,100,0,0,0
1295,117018,%horse1 pushes forward once\nmore!,%horse1|1046901,100,0,0,0
1296,117018,%horse1 retakes her place.,%horse1|1080901,100,0,0,0
1297,117019,The fight for second is between\n%h_rank2 and\n%h_rank3.,1067601|%h_rank2|%h_rank3,100,0,0,0
1298,117020,%h_rank4 is giving chase.,%h_rank4|1062501,100,0,1,0
1299,117021,%horse1 makes her way forward.,%horse1|2054301,100,0,0,0
1300,117021,Making her way forward is\n%horse1.,2054201|%a_horse1,100,0,0,0
1301,117021,%horse1 is making her way\nforward!,%horse1|2049301,100,0,0,0
1302,117021,%horse1 is moving up.,%horse1|2049401,100,0,0,0
1303,117021,Moving up is %horse1.,1048001|%a_horse1,100,0,0,0
1305,120001,The sun has completely set over\n%course. A field of %h_num_no is here to\nchallenge the %distance-meter %ground race.,1011801|%course|%ground|%distance|%race|%h_num_no,100,0,0,0
1306,120001,The stars are watching over\n%course. A field of %h_num_no is here to\nchallenge the %distance-meter %ground race.,1011901|%course|%ground|%distance|%race|%h_num_no,100,0,0,0
1307,120001,We're racing under a starry sky here at\n%course. A field of %h_num_no is here to\nchallenge the %distance-meter %ground race.,1012001|%course|%ground|%distance|%race|%h_num_no,100,0,0,0
1308,120002,Rain clouds are making things tense at\n%course. A field of %h_num_no is here to\nchallenge the %distance-meter %ground race.,1012101|%course|%ground|%distance|%race|%h_num_no,100,0,0,0
1309,120002,Raindrops are glittering in the lights at\n%course. A field of %h_num_no is here to\nchallenge the %distance-meter %ground race.,1012201|%course|%ground|%distance|%race|%h_num_no,100,0,0,0
1310,120002,This night rain may create trouble here at\n%course. A field of %h_num_no is here to\nchallenge the %distance-meter %ground race.,1012301|%course|%ground|%distance|%race|%h_num_no,100,0,0,0
1311,121001,Which Umamusume will be champion of the\ndirt? The dirt champion for the first half of the\nseason is decided here at the Teio Sho!,1091801,100,0,0,0
1312,121002,Which Umamusume will reign as the new\nchampion of the dirt? The new dirt champion\nwill be decided here at the Japan Dirt Derby!,1091901,100,0,0,0
1313,121003,A new hero will be born when the dirt\nchampion is decided here in Oi at the JBC\nLadies' Classic!,1092401,100,0,0,0
1314,121004,"A sandstorm is blowing in here at the Oi\nRacecourse as we prepare for the dirt race\ndecided by speed, the JBC Sprint!",1092201,100,0,0,0
1315,121005,"The masters of the dirt are gathered here\ntoday for the pinnacle of the dirt races, the\nJBC Classic!",1092101,100,0,0,0
1316,121006,"Skilled dirt runners have gathered here in Oi\nfor the definitive dirt race, the Tokyo\nDaishoten!",1092001,100,0,0,0
1317,122001,"Under the Oi night sky, the runners burst\nthrough the gate like shooting stars.",1032001,100,0,0,0
1318,122001,The dazzling running of the Umamusume lights\nup Oi Racecourse even after sunset.,1032101,100,0,0,0
1319,122001,The field dashes along the brilliantly lit Oi\nRacecourse.,1032201,100,0,0,0
1320,122002,"With the night sky hidden behind the rain\nclouds, the running Umamusume almost look\nlike shooting stars on the Oi track.",1032301,100,0,0,0
1321,170011,"The clouds may block out the moonlight, but\nthese Umamusume run with enough force to\nclear the skies.",1032401,100,0,0,0
1322,122003,"Under the bright lights, they face the greatest\nfinal stretch in southern Kanto!",1031801,100,0,0,0
1323,122004,"They face Oi's final stretch, one of the longest\nstraightaways of any regional track!",1031901,100,0,0,0
1324,123001,It's %h_rank_l1! She's won the\nTeio Sho and taken the title of champion of\nthe dirt!,%w_0.1|%h_rank_l1|3028801,100,0,0,0
1325,123002,The new champion of the dirt shines bright!\n%h_rank_l1 makes a name for\nherself as the new star of the dirt racing world!,%w_0.1|3028901|%h_rank_l1|3028902,100,0,0,0
1326,123003,It's %h_rank_l1! She wins the\nyear-end title of dirt champion!,%w_0.1|%h_rank_l1|3029001,100,0,0,0
1327,123004,It's %h_rank_l1! She's won the\nJBC Classic and now shines at the top of the\ndirt racing world!,%w_0.1|%h_rank_l1|3029101,100,0,0,0
1328,123005,It's %h_rank_l1! She wins the JBC\nSprint after showing us her top speed on the\ndirt!,%w_0.1|%h_rank_l1|3029201,100,0,0,0
1329,123006,It's %h_rank_l1! She wins the JBC\nLadies' Classic and carves her name into history\nas the queen of the dirt!,%w_0.1|%h_rank_l1|3029301,100,0,0,0
1330,117023,It's %horse1! What incredible\nspeed!,%horse1|2020702,100,0,0,0
1331,117023,It's %horse1! She's catching up!,%horse1|2020802,100,0,0,0
1332,117023,It's %horse1 with an astounding\nturn of foot!,%horse1|2020902,100,0,0,0
1333,117024,This is enough momentum to take the lead!,2017402,100,0,0,0
1335,117026,%h_player pushes forward!,%w_0.1|%h_player|2018301,100,0,0,0
1336,117027,%h_player is aiming for the lead.,%h_player|1080701,100,0,0,0
1337,117028,%h_player prepares to make her\nmove.,%h_player|1081401,100,0,0,0
1338,117029,%h_rank3 and\n%h_rank4 are fighting for third.,1067701|%h_rank3|%h_rank4,100,0,0,0
1340,117031,%h_rank5 desperately tries to\ncatch up!,%h_rank5|2020301,100,0,0,0
1341,117032,%h_rank1 is keeping the lead.,%h_rank1|1037901,100,0,0,0
1342,130100,"The current favorite is the Triple Crown\nchampion, %h_pop1.",1002701|1700201|%w_0.01|%h_pop1,100,0,0,0
1343,130100,"The most popular athlete in this race is the\nTriple Crown champion,\n%h_pop1. She's the favorite to\nwin.",1002801|1700201|%w_0.01|%h_pop1|1002802,100,0,0,0
1344,130100,"Now, introducing the favorite to win. It's the\nTriple Crown champion,\n%h_pop1.",1002901|1700201|%w_0.01|%h_pop1,100,0,0,0
1345,130100,"You guessed it! The favorite is the Triple\nCrown champion, %h_pop1.",1003001|1700201|%w_0.01|%h_pop1,100,0,0,0
1346,130102,"The second favorite is the Triple Crown\nchampion, %h_pop2.",1003101|1700201|%w_0.01|%h_pop2,100,0,0,0
1347,130102,"Now, introducing the second favorite. It's the\nTriple Crown champion,\n%h_pop2.",1003201|1700201|%h_pop2,100,0,0,0
1348,130102,"With more than enough skill to rival the top\npick, today's second favorite is the Triple\nCrown champion, %h_pop2.",1003301|1700201|%w_0.01|%h_pop2,100,0,0,0
1349,130102,"She might not be satisfied with this ranking,\nbut the second favorite is the Triple Crown\nchampion, %h_pop2.",%w_0.1|1003401|1700201|%h_pop2,100,0,0,0
1350,130103,"Now, introducing the second favorite. It's the\nTriple Crown champion,\n%h_pop2.",1003201|1700201|%h_pop2,100,0,0,0
1351,130103,"She might not be satisfied with this ranking,\nbut the second favorite is the Triple Crown\nchampion, %h_pop2.",%w_0.1|1003401|1700201|%h_pop2,100,0,0,0
1352,130104,"The third favorite is the Triple Crown\nchampion, %h_pop3.",%w_0.3|1003501|1700201|%h_pop3,100,0,0,0
1353,130104,"For the third favorite, we have the Triple\nCrown champion, %h_pop3.",%w_0.3|1003601|1700201|%h_pop3,100,0,0,0
1354,130104,"With her sights firmly set on the top spots, the\nthird favorite is the Triple Crown champion,\n%h_pop3.",%w_0.3|1003701|1700201|%h_pop3,100,0,0,0
1355,130104,"With the popularity and the skills to back it\nup, it's the Triple Crown champion,\n%h_pop3, today's third\nfavorite.",%w_0.3|1003801|1700201|%h_pop3|1003802,100,0,0,0
1356,130105,"Now, here's the undisputed star of the show.\nIt's the Triple Crown champion,\n%h_pop1. She's the favorite to\nwin.",1003901|1700201|%h_pop1|1002802,100,0,0,0
1357,130105,"Waiting for the start with an air of dignity is\nthe Triple Crown champion and today's\nfavorite, %h_pop1.",%w_0.1|1003903|1700201|%h_pop1|1002802,100,0,0,0
1358,130105,"Carrying the hopes of all the fans crowding the\nstands, the favorite for today is the Triple\nCrown champion, %h_pop1.",1003905|1700201|%h_pop1|1002802,100,0,0,0
1365,130106,"Taking her on is the Triple Crown champion,\n%h_pop2. This should be a\nshowdown to remember.",1004001|1700201|%h_pop2|1004002,100,0,0,0
1366,130106,"The second favorite and Triple Crown\nchampion, %h_pop2, can\ncertainly hold her own against today's top\nfavorite.",1004003|1700201|%h_pop2|1004004,100,0,0,0
1367,130106,"Now, here's the second favorite. The Triple\nCrown champion, %h_pop2, is\nfully set on clinching victory.",1004005|1700201|%h_pop2|1004006,100,0,0,0
1368,130106,"Taking her on is the Triple Crown champion,\n%h_pop2, who can certainly\nhold her own against the favorite.",1004001|1700201|%h_pop2|1004004,100,0,0,0
1369,130106,"The second favorite and Triple Crown\nchampion, %h_pop2, is fully\nset on clinching victory.",1004003|1700201|%h_pop2|1004006,100,0,0,0
1370,130106,"Now, here's the second favorite. The Triple\nCrown champion, %h_pop2,\nshould give us a showdown to remember.",1004005|1700201|%h_pop2|1004002,100,0,0,0
1371,130106,"Taking her on is the Triple Crown champion,\n%h_pop2, who is fully set on\nclinching victory.",1004001|1700201|%h_pop2|1004006,100,0,0,0
1372,130106,"The second favorite and Triple Crown\nchampion, %h_pop2, should\ngive us a showdown to remember.",1004003|1700201|%h_pop2|%w_0.02|1004002,100,0,0,0
1373,130106,"Now, here's the second favorite. The Triple\nCrown champion, %h_pop2,\ncan certainly hold her own against today's top\nfavorite.",1004005|1700201|%h_pop2|1004004,100,0,0,0
1374,130107,"The Triple Crown champion,\n%h_pop3, is currently the third\nfavorite. She's the hot pick of late!",%w_0.3|1700201|%h_pop3|1004101|1004102,100,0,0,0
1375,130107,"The Triple Crown champion,\n%h_pop3, is the third favorite.\nCan she overcome the odds?!",%w_0.3|1700201|%h_pop3|1004103|1004104,100,0,0,0
1377,130107,"The Triple Crown champion,\n%h_pop3, is currently the third\nfavorite. Can she overcome the odds?!",%w_0.3|1700201|%h_pop3|1004101|1004104,100,0,0,0
1378,130107,"The Triple Crown champion,\n%h_pop3, is the third favorite.\nHer superior ability is undeniable!",%w_0.3|1700201|%h_pop3|1004103|1004106,100,0,0,0
1380,130107,"The Triple Crown champion,\n%h_pop3, is currently the third\nfavorite. Her superior ability is undeniable!",%w_0.3|1700201|%h_pop3|1004101|1004106,100,0,0,0
1381,130107,"The Triple Crown champion,\n%h_pop3, is the third favorite.\nShe's the hot pick of late!",%w_0.3|1700201|%h_pop3|1004103|1004102,100,0,0,0
1383,130108,"All eyes are on the Triple Crown champion,\n%h_player, running in\n%p_waku_ban.",1088201|%c_0.02|1700201|%h_player|%p_waku_ban,100,0,0,0
1384,130110,"The current favorite is the undefeated Triple\nCrown champion, %h_pop1.",1002701|1700101|1700201|%h_pop1,100,0,0,0
1385,130110,"The most popular athlete in this race is the\nundefeated Triple Crown champion,\n%h_pop1. She's the favorite to\nwin.",1002801|1700101|1700201|%h_pop1|1002802,100,0,0,0
1386,130110,"Now, introducing the favorite to win. It's the\nundefeated Triple Crown champion,\n%h_pop1.",1002901|1700101|1700201|%h_pop1,100,0,0,0
1387,130110,"You guessed it! The favorite is the undefeated\nTriple Crown champion,\n%h_pop1.",1003001|1700101|1700201|%h_pop1,100,0,0,0
1388,130112,"The second favorite is the undefeated Triple\nCrown champion, %h_pop2.",1003101|1700101|1700201|%h_pop2,100,0,0,0
1389,130112,"Now, introducing the second favorite. It's the\nundefeated Triple Crown champion,\n%h_pop2.",1003201|1700101|1700201|%h_pop2,100,0,0,0
1390,130112,"With more than enough skill to rival the top\npick, today's second favorite is the undefeated\nTriple Crown champion,\n%h_pop2.",1003301|1700101|1700201|%h_pop2,100,0,0,0
1391,130112,"She might not be satisfied with this ranking,\nbut the second favorite is the undefeated\nTriple Crown champion,\n%h_pop2.",%w_0.1|1003401|1700101|1700201|%h_pop2,100,0,0,0
1392,130113,"Now, introducing the second favorite. It's the\nundefeated Triple Crown champion,\n%h_pop2.",1003201|1700101|1700201|%h_pop2,100,0,0,0
1393,130113,"She might not be satisfied with this ranking,\nbut the second favorite is the undefeated\nTriple Crown champion,\n%h_pop2.",%w_0.1|1003401|1700101|1700201|%h_pop2,100,0,0,0
1394,130114,"The third favorite is the undefeated Triple\nCrown champion, %h_pop3.",%w_0.3|1003501|1700101|1700201|%h_pop3,100,0,0,0
1395,130114,"For the third favorite, we have the undefeated\nTriple Crown champion,\n%h_pop3.",%w_0.3|1003601|1700101|1700201|%h_pop3,100,0,0,0
1396,130114,"With her sights firmly set on the top spots, the\nthird favorite is the undefeated Triple Crown\nchampion, %h_pop3.",%w_0.3|1003701|1700101|1700201|%h_pop3,100,0,0,0
1397,130114,"With the popularity and the skills to back it\nup, it's the undefeated Triple Crown champion,\n%h_pop3, today's third\nfavorite.",%w_0.3|1003801|1700101|1700201|%h_pop3|1003802,100,0,0,0
1398,130115,"Now, here's the undisputed star of the show.\nIt's the undefeated Triple Crown champion,\n%h_pop1. She's the favorite to\nwin.",1003901|1700101|1700201|%h_pop1|1002802,100,0,0,0
1399,130115,"Waiting for the start with an air of dignity is\nthe undefeated Triple Crown champion and\ntoday's favorite, %h_pop1.",%w_0.1|1003903|1700101|1700201|%h_pop1|1002802,100,0,0,0
1400,130115,"Carrying the hopes of all the fans crowding the\nstands, the favorite for today is the undefeated\nTriple Crown champion,\n%h_pop1.",1003905|1700101|1700201|%h_pop1|1002802,100,0,0,0
1407,130116,"Taking her on is the undefeated Triple Crown\nchampion, %h_pop2. This\nshould be a showdown to remember.",1004001|1700101|1700201|%h_pop2|1004002,100,0,0,0
1408,130116,"The second favorite and undefeated Triple\nCrown champion, %h_pop2,\ncan certainly hold her own against today's top\nfavorite.",1004003|1700101|1700201|%h_pop2|1004004,100,0,0,0
1409,130116,"Now, here's the second favorite: the Triple\nCrown champion, %h_pop2,\nwho is fully set on clinching victory.",1004005|1700101|1700201|%h_pop2|1004006,100,0,0,0
1410,130116,"Taking her on is the undefeated Triple Crown\nchampion, %h_pop2, who can\ncertainly hold her own against the favorite.",1004001|1700101|1700201|%h_pop2|1004004,100,0,0,0
1411,130116,"The second favorite and undefeated Triple\nCrown champion, %h_pop2, is\nfully set on clinching victory.",1004003|1700101|1700201|%h_pop2|1004006,100,0,0,0
1412,130116,"Now, here's the second favorite. The\nundefeated Triple Crown champion,\n%h_pop2, should give us a\nshowdown to remember.",1004005|1700101|1700201|%h_pop2|%w_0.02|1004002,100,0,0,0
1413,130116,"Taking her on is the undefeated Triple Crown\nchampion, %h_pop2, who is\nfully set on clinching victory.",1004001|1700101|1700201|%h_pop2|1004006,100,0,0,0
1414,130116,"The second favorite and undefeated Triple\nCrown champion, %h_pop2,\nshould give us a showdown to remember.",1004003|1700101|1700201|%h_pop2|1004002,100,0,0,0
1415,130116,"Now, here's the second favorite. The\nundefeated Triple Crown champion,\n%h_pop2, can certainly hold\nher own against today's top favorite.",1004005|1700101|1700201|%h_pop2|1004004,100,0,0,0
1416,130117,"The undefeated Triple Crown champion,\n%h_pop3, is currently the third\nfavorite. She's the hot pick of late!",%w_0.3|1700101|1700201|%h_pop3|1004101|1004102,100,0,0,0
1417,130117,"The undefeated Triple Crown champion,\n%h_pop3, is the third favorite.\nCan she overcome the odds?!",%w_0.3|1700101|1700201|%h_pop3|1004103|1004104,100,0,0,0
1419,130117,"The undefeated Triple Crown champion,\n%h_pop3, is currently the third\nfavorite. Can she overcome the odds?!",%w_0.3|1700101|1700201|%h_pop3|1004101|1004104,100,0,0,0
1420,130117,"The undefeated Triple Crown champion,\n%h_pop3, is the third favorite.\nHer superior ability is undeniable!",%w_0.3|1700101|1700201|%h_pop3|1004103|1004106,100,0,0,0
1422,130117,"The undefeated Triple Crown champion,\n%h_pop3, is currently the third\nfavorite. Her superior ability is undeniable!",%w_0.3|1700101|1700201|%h_pop3|1004101|1004106,100,0,0,0
1423,130117,"The undefeated Triple Crown champion,\n%h_pop3, is the third favorite.\nShe's the hot pick of late!",%w_0.3|1700101|1700201|%h_pop3|1004103|1004102,100,0,0,0
1425,130118,"All eyes are on the undefeated Triple Crown\nchampion, %h_player, running in\n%p_waku_ban.",1088201|1700101|1700201|%h_player|%p_waku_ban,100,0,0,0
1426,130200,"The current favorite is the Autumn Triple\nCrown champion, %h_pop1.",1002701|1700301|%h_pop1,100,0,0,0
1427,130200,"The most popular athlete in this race is the\nAutumn Triple Crown champion,\n%h_pop1. She's the favorite to\nwin.",1002801|1700301|%h_pop1|1002802,100,0,0,0
1428,130200,"Now, introducing the favorite to win. It's the\nAutumn Triple Crown champion,\n%h_pop1.",1002901|1700301|%h_pop1,100,0,0,0
1429,130200,"You guessed it! The favorite is the Autumn\nTriple Crown champion,\n%h_pop1.",1003001|1700301|%h_pop1,100,0,0,0
1430,130202,"The second favorite is the Autumn Triple\nCrown champion, %h_pop2.",1003101|1700301|%h_pop2,100,0,0,0
1431,130202,"Now to introduce the second favorite. It's the\nAutumn Triple Crown champion,\n%h_pop2.",1003201|1700301|%h_pop2,100,0,0,0
1432,130202,"With more than enough skill to rival the top\npick, today's second favorite is the Autumn\nTriple Crown champion,\n%h_pop2.",1003301|1700301|%h_pop2,100,0,0,0
1433,130202,"She might not be satisfied with this ranking,\nbut the second favorite is the Autumn Triple\nCrown champion, %h_pop2.",%w_0.1|1003401|1700301|%h_pop2,100,0,0,0
1434,130203,"Now to introduce the second favorite. It's the\nAutumn Triple Crown champion,\n%h_pop2.",1003201|1700301|%h_pop2,100,0,0,0
1435,130203,"She might not be satisfied with this ranking,\nbut the second favorite is the Autumn Triple\nCrown champion, %h_pop2.",%w_0.1|1003401|1700301|%h_pop2,100,0,0,0
1436,130204,"The third favorite is the Autumn Triple Crown\nchampion, %h_pop3.",%w_0.3|1003501|1700301|%h_pop3,100,0,0,0
1437,130204,"For the third favorite, we have the Autumn\nTriple Crown champion,\n%h_pop3.",%w_0.3|1003601|1700301|%h_pop3,100,0,0,0
1438,130204,"With her sights firmly set on the top spots, the\nthird favorite is the Autumn Triple Crown\nchampion, %h_pop3.",%w_0.3|1003701|1700301|%h_pop3,100,0,0,0
1439,130204,"With the popularity and the skills to back it\nup, it's the Autumn Triple Crown champion,\n%h_pop3, today's third\nfavorite.",%w_0.3|1003801|1700301|%h_pop3|1003802,100,0,0,0
1440,130205,"Now, here's the undisputed star of the show.\nIt's the Autumn Triple Crown champion,\n%h_pop1. She's the favorite to\nwin.",1003901|1700301|%h_pop1|1002802,100,0,0,0
1441,130205,"Waiting for the start with an air of dignity is\nthe Autumn Triple Crown champion and\ntoday's favorite, %h_pop1.",%w_0.1|1003903|1700301|%h_pop1|1002802,100,0,0,0
1442,130205,"Carrying the hopes of all the fans crowding the\nstands, the favorite for today is the Autumn\nTriple Crown champion,\n%h_pop1.",1003905|1700301|%h_pop1|1002802,100,0,0,0
1449,130206,"Taking her on is the Autumn Triple Crown\nchampion, %h_pop2. This\nshould be a showdown to remember.",1004001|1700301|%h_pop2|1004002,100,0,0,0
1450,130206,"The second favorite and Autumn Triple Crown\nchampion, %h_pop2, can\ncertainly hold her own against today's top\nfavorite.",1004003|1700301|%h_pop2|1004004,100,0,0,0
1451,130206,"And here's the second favorite. The Autumn\nTriple Crown champion,\n%h_pop2, fully intends to\nclinch the win.",1004005|1700301|%h_pop2|1004006,100,0,0,0
1452,130206,"Taking her on is the Autumn Triple Crown\nchampion, %h_pop2, who can\ncertainly hold her own against the favorite.",1004001|1700301|%h_pop2|1004004,100,0,0,0
1453,130206,"The second favorite and Autumn Triple Crown\nchampion, %h_pop2, is fully\nset on clinching victory.",1004003|1700301|%h_pop2|1004006,100,0,0,0
1454,130206,"Now, here's the second favorite. The Autumn\nTriple Crown champion,\n%h_pop2, should give us a\nshowdown to remember.",1004005|1700301|%h_pop2|1004002,100,0,0,0
1455,130206,"Taking her on is the Autumn Triple Crown\nchampion, %h_pop2, who is\nfully set on clinching victory.",1004001|1700301|%h_pop2|1004006,100,0,0,0
1456,130206,"The second favorite and Autumn Triple Crown\nchampion, %h_pop2, should\ngive us a showdown to remember.",1004003|1700301|%h_pop2|1004002,100,0,0,0
1457,130206,"Now, here's the second favorite. The Autumn\nTriple Crown champion,\n%h_pop2, can certainly hold\nher own against today's top favorite.",1004005|1700301|%h_pop2|1004004,100,0,0,0
1458,130207,"The Autumn Triple Crown champion,\n%h_pop3, is currently the third\nfavorite. She's the hot pick of late!",%w_0.3|1700301|%h_pop3|1004101|1004102,100,0,0,0
1459,130207,"The Autumn Triple Crown champion,\n%h_pop3, is the third favorite.\nCan she overcome the odds?!",%w_0.3|1700301|%h_pop3|1004103|1004104,100,0,0,0
1461,130207,"The Autumn Triple Crown champion,\n%h_pop3, is currently the third\nfavorite. Can she overcome the odds?!",%w_0.3|1700301|%h_pop3|1004101|1004104,100,0,0,0
1462,130207,"The Autumn Triple Crown champion,\n%h_pop3, is the third favorite.\nHer superior ability is undeniable!",%w_0.3|1700301|%h_pop3|1004103|1004106,100,0,0,0
1464,130207,"The Autumn Triple Crown champion,\n%h_pop3, is currently the third\nfavorite. Her superior ability is undeniable!",%w_0.3|1700301|%h_pop3|1004101|1004106,100,0,0,0
1465,130207,"The Autumn Triple Crown champion,\n%h_pop3, is the third favorite.\nShe's the hot pick of late!",%w_0.3|1700301|%h_pop3|1004103|1004102,100,0,0,0
1467,130208,"All eyes are on the Autumn Triple Crown\nchampion, %h_player, running in\n%p_waku_ban.",1088201|1700301|%h_player|%p_waku_ban,100,0,0,0
1468,130210,"The current favorite is the undefeated Autumn\nTriple Crown champion,\n%h_pop1.",1002701|1700101|1700301|%h_pop1,100,0,0,0
1469,130210,"The most popular athlete in this race is the\nundefeated Autumn Triple Crown champion,\n%h_pop1. She's the favorite to\nwin.",1002801|1700101|1700301|%h_pop1|1002802,100,0,0,0
1470,130210,"Now, introducing the favorite to win. It's the\nundefeated Autumn Triple Crown champion,\n%h_pop1.",1002901|1700101|1700301|%h_pop1,100,0,0,0
1471,130210,"You guessed it! The favorite is the Autumn\nTriple Crown champion,\n%h_pop1.",1003001|1700101|1700301|%h_pop1,100,0,0,0
1472,130212,"The second favorite is the undefeated Autumn\nTriple Crown champion,\n%h_pop2.",1003101|1700101|1700301|%h_pop2,100,0,0,0
1473,130212,"Now, introducing the second favorite. It's the\nundefeated Autumn Triple Crown champion,\n%h_pop2.",1003201|1700101|1700301|%h_pop2,100,0,0,0
1474,130212,"With more than enough skill to rival the top\npick, today's second favorite is the undefeated\nAutumn Triple Crown champion,\n%h_pop2.",1003301|1700101|1700301|%h_pop2,100,0,0,0
1475,130212,"She might not be satisfied with this ranking,\nbut the second favorite is the undefeated\nAutumn Triple Crown champion,\n%h_pop2.",%w_0.1|1003401|1700101|1700301|%h_pop2,100,0,0,0
1476,130213,"Now, introducing the second favorite. It's the\nundefeated Autumn Triple Crown champion,\n%h_pop2.",1003201|1700101|1700301|%h_pop2,100,0,0,0
1477,130213,"She might not be satisfied with this ranking,\nbut the second favorite is the undefeated\nAutumn Triple Crown champion,\n%h_pop2.",%w_0.1|1003401|1700101|1700301|%h_pop2,100,0,0,0
1478,130214,"The third favorite is the undefeated Autumn\nTriple Crown champion,\n%h_pop3.",%w_0.3|1003501|1700101|1700301|%h_pop3,100,0,0,0
1479,130214,"For the third favorite, we have the undefeated\nAutumn Triple Crown champion,\n%h_pop3.",%w_0.3|1003601|1700101|1700301|%h_pop3,100,0,0,0
1480,130214,"With her sights firmly set on the top spots, the\nthird favorite is the undefeated Autumn Triple\nCrown champion, %h_pop3.",%w_0.3|1003701|1700101|1700301|%h_pop3,100,0,0,0
1481,130214,"With the popularity and the skills to back it\nup, it's the undefeated Autumn Triple Crown\nchampion, %h_pop3, today's\nthird favorite.",%w_0.3|1003801|1700101|1700301|%h_pop3|1003802,100,0,0,0
1482,130215,"Now, here's the undisputed star of the show.\nIt's the undefeated Autumn Triple Crown\nchampion, %h_pop1. She's the\nfavorite to win.",1003901|1700101|1700301|%h_pop1|1002802,100,0,0,0
1483,130215,"Waiting for the start with an air of dignity is\nthe undefeated Autumn Triple Crown\nchampion and today's favorite,\n%h_pop1.",%w_0.1|1003903|1700101|1700301|%h_pop1|1002802,100,0,0,0
1484,130215,"Carrying the hopes of all the fans crowding the\nstands, the favorite for today is the undefeated\nAutumn Triple Crown champion,\n%h_pop1.",1003905|1700101|1700301|%h_pop1|1002802,100,0,0,0
1491,130216,"Taking her on is the undefeated Autumn Triple\nCrown champion, %h_pop2.\nThis should be a showdown to remember.",1004001|1700101|1700301|%h_pop2|1004002,100,0,0,0
1492,130216,"The second favorite and undefeated Autumn\nTriple Crown champion,\n%h_pop2, can certainly hold\nher own against today's top favorite.",1004003|1700101|1700301|%h_pop2|1004004,100,0,0,0
1493,130216,"Now, here's the second favorite. The\nundefeated Autumn Triple Crown champion,\n%h_pop2, is fully set on\nclinching victory.",1004005|1700101|1700301|%h_pop2|1004006,100,0,0,0
1494,130216,"Taking her on is the undefeated Autumn Triple\nCrown champion, %h_pop2,\nwho can certainly hold her own against the\nfavorite.",1004001|1700101|1700301|%h_pop2|1004004,100,0,0,0
1495,130216,"The second favorite and undefeated Autumn\nTriple Crown champion,\n%h_pop2, is fully set on\nclinching victory.",1004003|1700101|1700301|%h_pop2|%w_0.02|1004006,100,0,0,0
1496,130216,"Now, here's the second favorite. The\nundefeated Autumn Triple Crown champion,\n%h_pop2, should give us a\nshowdown to remember.",1004005|1700101|1700301|%h_pop2|%w_0.02|1004002,100,0,0,0
1497,130216,"Taking her on is the undefeated Autumn Triple\nCrown champion, %h_pop2,\nwho is fully set on clinching victory.",1004001|1700101|1700301|%h_pop2|1004006,100,0,0,0
1498,130216,"The second favorite and undefeated Autumn\nTriple Crown champion,\n%h_pop2, should give us a\nshowdown to remember.",1004003|1700101|1700301|%h_pop2|%w_0.02|1004002,100,0,0,0
1499,130216,"Now, here's the second favorite. The\nundefeated Autumn Triple Crown champion,\n%h_pop2, can certainly hold\nher own against today's top favorite.",1004005|1700101|1700301|%h_pop2|%w_0.02|1004004,100,0,0,0
1500,130217,"The undefeated Autumn Triple Crown\nchampion, %h_pop3, is\ncurrently the third favorite. She's the hot pick\nof late!",%w_0.3|1700101|1700301|%h_pop3|1004101|1004102,100,0,0,0
1501,130217,"The undefeated Autumn Triple Crown\nchampion, %h_pop3, is the\nthird favorite. Can she overcome the odds?!",%w_0.3|1700101|1700301|%h_pop3|1004103|1004104,100,0,0,0
1503,130217,"The undefeated Autumn Triple Crown\nchampion, %h_pop3, is\ncurrently the third favorite. Can she overcome\nthe odds?!",%w_0.3|1700101|1700301|%h_pop3|1004101|1004104,100,0,0,0
1504,130217,"The undefeated Autumn Triple Crown\nchampion, %h_pop3, is the\nthird favorite. Her superior ability is\nundeniable!",%w_0.3|1700101|1700301|%h_pop3|1004103|1004106,100,0,0,0
1506,130217,"The undefeated Autumn Triple Crown\nchampion, %h_pop3, is\ncurrently the third favorite. Her superior ability\nis undeniable!",%w_0.3|1700101|1700301|%h_pop3|1004101|1004106,100,0,0,0
1507,130217,"The undefeated Autumn Triple Crown\nchampion, %h_pop3, is the\nthird favorite. She's the hot pick of late!",%w_0.3|1700101|1700301|%h_pop3|1004103|1004102,100,0,0,0
1509,130218,"All eyes are on the undefeated Autumn Triple\nCrown champion, %h_player,\nrunning in %p_waku_ban.",1088201|1700101|1700301|%h_player|%p_waku_ban,100,0,0,0
1510,130300,"The current favorite is the holder of the Triple\nTiara, %h_pop1.",1002701|1700401|%h_pop1,100,0,0,0
1511,130300,"The most popular athlete in this race is the\nholder of the Triple Tiara,\n%h_pop1. She's the favorite to\nwin.",1002801|1700401|%h_pop1|1002802,100,0,0,0
1512,130300,"Now, introducing the favorite to win. It's the\nholder of the Triple Tiara,\n%h_pop1.",1002901|1700401|%h_pop1,100,0,0,0
1513,130300,"You guessed it! The favorite is the holder of\nthe Triple Tiara, %h_pop1.",1003001|1700401|%h_pop1,100,0,0,0
1514,130302,"The second favorite is the holder of the Triple\nTiara, %h_pop2.",1003101|1700401|%h_pop2,100,0,0,0
1515,130302,"Now, introducing the second favorite, it's the\nholder of the Triple Tiara,\n%h_pop2.",1003201|1700401|%h_pop2,100,0,0,0
1516,130302,"With more than enough skill to rival the top\npick, today's second favorite is the holder of\nthe Triple Tiara, %h_pop2.",1003301|1700401|%h_pop2,100,0,0,0
1517,130302,"She might not be satisfied with this ranking,\nbut the second favorite is the holder of the\nTriple Tiara, %h_pop2.",%w_0.1|1003401|1700401|%h_pop2,100,0,0,0
1518,130303,"Now, introducing the second favorite, it's the\nholder of the Triple Tiara,\n%h_pop2.",1003201|1700401|%h_pop2,100,0,0,0
1519,130303,"She might not be satisfied with this ranking,\nbut the second favorite is the holder of the\nTriple Tiara, %h_pop2.",%w_0.1|1003401|1700401|%h_pop2,100,0,0,0
1520,130304,"The third favorite is the holder of the Triple\nTiara, %h_pop3.",%w_0.3|1003501|1700401|%h_pop3,100,0,0,0
1521,130304,"For the third favorite, we have the holder of\nthe Triple Tiara, %h_pop3.",%w_0.3|1003601|1700401|%h_pop3,100,0,0,0
1522,130304,"With her sights firmly set on the top spots, the\nthird favorite is the holder of the Triple Tiara,\n%h_pop3.",%w_0.3|1003701|1700401|%h_pop3,100,0,0,0
1523,130304,"With the popularity and the skills to back it\nup, it's the holder of the Triple Tiara,\n%h_pop3, today's third\nfavorite.",%w_0.3|1003801|1700401|%h_pop3|1003802,100,0,0,0
1524,130305,"Now, here's the undisputed star of the show.\nIt's the holder of the Triple Tiara,\n%h_pop1. She's the favorite to\nwin.",1003901|1700401|%h_pop1|1002802,100,0,0,0
1525,130305,"Waiting for the start with an air of dignity is\nthe holder of the Triple Tiara and today's\nfavorite, %h_pop1.",%w_0.1|1003903|1700401|%h_pop1|1002802,100,0,0,0
1526,130305,"Carrying the hopes of all the fans crowding the\nstands, the favorite for today is the holder of\nthe Triple Tiara, %h_pop1.",1003905|1700401|%h_pop1|1002802,100,0,0,0
1533,130306,"Taking her on is the holder of the Triple Tiara,\n%h_pop2. This should be a\nshowdown to remember.",1004001|1700401|%h_pop2|1004002,100,0,0,0
1534,130306,"The second favorite and holder of the Triple\nTiara, %h_pop2, can certainly\nhold her own against today's top favorite.",1004003|1700401|%h_pop2|1004004,100,0,0,0
1535,130306,"Now, here's the second favorite. The holder of\nthe Triple Tiara, %h_pop2, is\nfully set on clinching victory.",1004005|1700401|%h_pop2|1004006,100,0,0,0
1536,130306,"Taking her on is the holder of the Triple Tiara,\n%h_pop2, who can certainly\nhold her own against the favorite.",1004001|1700401|%h_pop2|1004004,100,0,0,0
1537,130306,"The second favorite and holder of the Triple\nTiara, %h_pop2, is fully set on\nclinching victory.",1004003|1700401|%h_pop2|1004006,100,0,0,0
1538,130306,"Now, here's the second favorite. The holder of\nthe Triple Tiara, %h_pop2,\nshould give us a showdown to remember.",1004005|1700401|%h_pop2|%w_0.02|1004002,100,0,0,0
1539,130306,"Taking her on is the holder of the Triple Tiara,\n%h_pop2, who is fully set on\nclinching victory.",1004001|1700401|%h_pop2|1004006,100,0,0,0
1540,130306,"The second favorite and holder of the Triple\nTiara, %h_pop2, should give us\na showdown to remember.",1004003|1700401|%h_pop2|%w_0.02|1004002,100,0,0,0
1541,130306,"Now, here's the second favorite. The holder of\nthe Triple Tiara, %h_pop2, can\ncertainly hold her own against today's top\nfavorite.",1004005|1700401|%h_pop2|1004004,100,0,0,0
1542,130307,"The holder of the Triple Tiara,\n%h_pop3, is currently the third\nfavorite. She's the hot pick of late!",%w_0.3|1700401|%h_pop3|1004101|1004102,100,0,0,0
1543,130307,"The holder of the Triple Tiara,\n%h_pop3, is the third favorite.\nCan she overcome the odds?!",%w_0.3|1700401|%h_pop3|1004103|1004104,100,0,0,0
1545,130307,"The holder of the Triple Tiara,\n%h_pop3, is currently the third\nfavorite. Can she overcome the odds?!",%w_0.3|1700401|%h_pop3|1004101|1004104,100,0,0,0
1546,130307,"The holder of the Triple Tiara,\n%h_pop3, is the third favorite.\nHer superior ability is undeniable!",%w_0.3|1700401|%h_pop3|1004103|1004106,100,0,0,0
1548,130307,"The holder of the Triple Tiara,\n%h_pop3, is currently the third\nfavorite. Her superior ability is undeniable!",%w_0.3|1700401|%h_pop3|1004101|1004106,100,0,0,0
1549,130307,"The holder of the Triple Tiara,\n%h_pop3, is the third favorite.\nShe's the hot pick of late!",%w_0.3|1700401|%h_pop3|1004103|1004102,100,0,0,0
1551,130308,"All eyes are on the holder of the Triple Tiara,\n%h_player, running in\n%p_waku_ban.",1088201|1700401|%h_player|%w_0.02|%p_waku_ban,100,0,0,0
1552,130310,"The current favorite is the undefeated holder\nof the Triple Tiara, %h_pop1.",1002701|1700101|1700401|%h_pop1,100,0,0,0
1553,130310,"The most popular athlete in this race is the\nundefeated holder of the Triple Tiara,\n%h_pop1. She's the favorite to\nwin.",1002801|1700101|1700401|%h_pop1|1002802,100,0,0,0
1554,130310,"Now, introducing the favorite to win. It's the\nundefeated holder of the Triple Tiara,\n%h_pop1.",1002901|1700101|1700401|%h_pop1,100,0,0,0
1555,130310,"You guessed it! The favorite is the undefeated\nholder of the Triple Tiara,\n%h_pop1.",1003001|1700101|1700401|%h_pop1,100,0,0,0
1556,130312,"The second favorite is the undefeated holder\nof the Triple Tiara, %h_pop2.",1003101|1700101|1700401|%h_pop2,100,0,0,0
1557,130312,"Now, introducing the second favorite. It's the\nundefeated holder of the Triple Tiara,\n%h_pop2.",1003201|1700101|1700401|%h_pop2,100,0,0,0
1558,130312,"With more than enough skill to rival the top\npick, today's second favorite is the undefeated\nholder of the Triple Tiara,\n%h_pop2.",1003301|1700101|1700401|%h_pop2,100,0,0,0
1559,130312,"She might not be satisfied with this ranking,\nbut the second favorite is the undefeated\nholder of the Triple Tiara,\n%h_pop2.",%w_0.1|1003401|1700101|1700401|%h_pop2,100,0,0,0
1560,130313,"Now, introducing the second favorite. It's the\nundefeated holder of the Triple Tiara,\n%h_pop2.",1003201|1700101|1700401|%h_pop2,100,0,0,0
1561,130313,"She might not be satisfied with this ranking,\nbut the second favorite is the undefeated\nholder of the Triple Tiara,\n%h_pop2.",%w_0.1|1003401|1700101|1700401|%h_pop2,100,0,0,0
1562,130314,"The third favorite is the undefeated holder of\nthe Triple Tiara, %h_pop3.",%w_0.3|1003501|1700101|1700401|%h_pop3,100,0,0,0
1563,130314,"For the third favorite, we have the undefeated\nholder of the Triple Tiara,\n%h_pop3.",%w_0.3|1003601|1700101|1700401|%h_pop3,100,0,0,0
1564,130314,"With her sights firmly set on the top spots, the\nthird favorite is the undefeated holder of the\nTriple Tiara, %h_pop3.",%w_0.3|1003701|1700101|1700401|%h_pop3,100,0,0,0
1565,130314,"With the popularity and the skills to back it\nup, it's the undefeated holder of the Triple\nTiara, %h_pop3, today's third\nfavorite.",%w_0.3|1003801|1700101|1700401|%h_pop3|1003802,100,0,0,0
1566,130315,"Now, here's the undisputed star of the show.\nIt's the undefeated holder of the Triple Tiara,\n%h_pop1. She's the favorite to\nwin.",1003901|1700101|1700401|%h_pop1|1002802,100,0,0,0
1567,130315,"Waiting for the start with an air of dignity is\nthe undefeated holder of the Triple Tiara and\ntoday's favorite, %h_pop1.",%w_0.1|1003903|1700101|1700401|%h_pop1|1002802,100,0,0,0
1568,130315,"Carrying the hopes of all the fans crowding the\nstands, the favorite for today is the undefeated\nholder of the Triple Tiara,\n%h_pop1.",1003905|1700101|1700401|%h_pop1|1002802,100,0,0,0
1575,130316,"Taking her on is the undefeated holder of the\nTriple Tiara, %h_pop2. This\nshould be a showdown to remember.",1004001|1700101|1700401|%h_pop2|1004002,100,0,0,0
1576,130316,"The second favorite and undefeated holder of\nthe Triple Tiara, %h_pop2, can\ncertainly hold her own against today's top\nfavorite.",1004003|1700101|1700401|%h_pop2|1004004,100,0,0,0
1577,130316,"Now, here's the second favorite. The\nundefeated holder of the Triple Tiara,\n%h_pop2, is fully set on\nclinching victory.",1004005|1700101|1700401|%h_pop2|1004006,100,0,0,0
1578,130316,"Taking her on is the undefeated holder of the\nTriple Tiara, %h_pop2, who\ncan certainly hold her own against the favorite.",1004001|1700101|1700401|%h_pop2|1004004,100,0,0,0
1579,130316,"The second favorite and undefeated holder of\nthe Triple Tiara, %h_pop2, is\nfully set on clinching victory.",1004003|1700101|1700401|%h_pop2|1004006,100,0,0,0
1580,130316,"Now, here's the second favorite. The\nundefeated holder of the Triple Tiara,\n%h_pop2, should give us a\nshowdown to remember.",1004005|1700101|1700401|%h_pop2|1004002,100,0,0,0
1581,130316,"Taking her on is the undefeated holder of the\nTriple Tiara, %h_pop2, who is\nfully set on clinching victory.",1004001|1700101|1700401|%h_pop2|1004006,100,0,0,0
1582,130316,"The second favorite and undefeated holder of\nthe Triple Tiara, %h_pop2,\nshould give us a showdown to remember.",1004003|1700101|1700401|%h_pop2|1004002,100,0,0,0
1583,130316,"Now, here's the second favorite. The\nundefeated holder of the Triple Tiara,\n%h_pop2, can certainly hold\nher own against today's top favorite.",1004005|1700101|1700401|%h_pop2|1004004,100,0,0,0
1584,130317,"The undefeated holder of the Triple Tiara,\n%h_pop3, is currently the third\nfavorite. She's the hot pick of late!",%w_0.3|1700101|1700401|%h_pop3|1004101|1004102,100,0,0,0
1585,130317,"The undefeated holder of the Triple Tiara,\n%h_pop3, is the third favorite.\nCan she overcome the odds?!",%w_0.3|1700101|1700401|%h_pop3|1004103|1004104,100,0,0,0
1587,130317,"The undefeated holder of the Triple Tiara,\n%h_pop3, is currently the third\nfavorite. Can she overcome the odds?!",%w_0.3|1700101|1700401|%h_pop3|1004101|1004104,100,0,0,0
1588,130317,"The undefeated holder of the Triple Tiara,\n%h_pop3, is the third favorite.\nHer superior ability is undeniable!",%w_0.3|1700101|1700401|%h_pop3|1004103|1004106,100,0,0,0
1590,130317,"The undefeated holder of the Triple Tiara,\n%h_pop3, is currently the third\nfavorite. Her superior ability is undeniable!",%w_0.3|1700101|1700401|%h_pop3|1004101|1004106,100,0,0,0
1591,130317,"The undefeated holder of the Triple Tiara,\n%h_pop3, is the third favorite.\nShe's the hot pick of late!",%w_0.3|1700101|1700401|%h_pop3|1004103|1004102,100,0,0,0
1593,130318,"All eyes are on the undefeated holder of the\nTriple Tiara, %h_player, running in\n%p_waku_ban.",1088201|1700101|1700401|%h_player|%p_waku_ban,100,0,0,0
1594,130400,"The current favorite is the Spring Triple Crown\nchampion, %h_pop1.",1002701|1700501|%h_pop1,100,0,0,0
1595,130400,"The most popular athlete in this race is the\nSpring Triple Crown champion,\n%h_pop1. She's the favorite to\nwin.",1002801|1700501|%h_pop1|1002802,100,0,0,0
1596,130400,"Now, introducing the favorite to win. It's the\nSpring Triple Crown champion,\n%h_pop1.",1002901|1700501|%h_pop1,100,0,0,0
1597,130400,"You guessed it! The favorite is the Spring\nTriple Crown champion,\n%h_pop1.",1003001|1700501|%h_pop1,100,0,0,0
1598,130402,"The second favorite is the Spring Triple Crown\nchampion, %h_pop2.",1003101|1700501|%h_pop2,100,0,0,0
1599,130402,"Now, introducing the second favorite. It's the\nSpring Triple Crown champion,\n%h_pop2.",1003201|1700501|%h_pop2,100,0,0,0
1600,130402,"With more than enough skill to rival the top\npick, today's second favorite is the Spring\nTriple Crown champion,\n%h_pop2.",1003301|1700501|%h_pop2,100,0,0,0
1601,130402,"She might not be satisfied with this ranking,\nbut the second favorite is the Spring Triple\nCrown champion, %h_pop2.",%w_0.1|1003401|1700501|%h_pop2,100,0,0,0
1602,130403,"Now, introducing the second favorite. It's the\nSpring Triple Crown champion,\n%h_pop2.",1003201|1700501|%h_pop2,100,0,0,0
1603,130403,"She might not be satisfied with this ranking,\nbut the second favorite is the Spring Triple\nCrown champion, %h_pop2.",%w_0.1|1003401|1700501|%h_pop2,100,0,0,0
1604,130404,"The third favorite is the Spring Triple Crown\nchampion, %h_pop3.",%w_0.3|1003501|1700501|%h_pop3,100,0,0,0
1605,130404,"For the third favorite, we have the Spring\nTriple Crown champion,\n%h_pop3.",%w_0.3|1003601|1700501|%h_pop3,100,0,0,0
1606,130404,"With her sights firmly set on the top spots, the\nthird favorite is the Spring Triple Crown\nchampion, %h_pop3.",%w_0.3|1003701|1700501|%h_pop3,100,0,0,0
1607,130404,"With the popularity and the skills to back it\nup, it's the Spring Triple Crown champion,\n%h_pop3, today's third\nfavorite.",%w_0.3|1003801|1700501|%h_pop3|1003802,100,0,0,0
1608,130405,"Now, here's the undisputed star of the show.\nIt's the Spring Triple Crown champion,\n%h_pop1. She's the favorite to\nwin.",1003901|1700501|%h_pop1|1002802,100,0,0,0
1609,130405,"Waiting for the start with an air of dignity is\nthe Spring Triple Crown champion and today's\nfavorite, %h_pop1.",%w_0.1|1003903|1700501|%h_pop1|1002802,100,0,0,0
1610,130405,"Carrying the hopes of all the fans crowding the\nstands, the favorite for today is the Spring\nTriple Crown champion,\n%h_pop1.",1003905|1700501|%h_pop1|1002802,100,0,0,0
1617,130406,"Taking her on is the Spring Triple Crown\nchampion, %h_pop2. This\nshould be a showdown to remember.",1004001|1700501|%h_pop2|1004002,100,0,0,0
1618,130406,"The second favorite and Spring Triple Crown\nchampion, %h_pop2, can\ncertainly hold her own against today's top\nfavorite.",1004003|1700501|%h_pop2|1004004,100,0,0,0
1619,130406,"Now, here's the second favorite. The Spring\nTriple Crown champion,\n%h_pop2, is fully set on\nclinching victory.",1004005|1700501|%h_pop2|1004006,100,0,0,0
1620,130406,"Taking her on is the Spring Triple Crown\nchampion, %h_pop2, who can\ncertainly hold her own against the favorite.",1004001|1700501|%h_pop2|1004004,100,0,0,0
1621,130406,"The second favorite and Spring Triple Crown\nchampion, %h_pop2, is fully\nset on clinching victory.",1004003|1700501|%h_pop2|1004006,100,0,0,0
1622,130406,"Now, here's the second favorite. The Spring\nTriple Crown champion,\n%h_pop2, should give us a\nshowdown to remember.",1004005|1700501|%h_pop2|%w_0.02|1004002,100,0,0,0
1623,130406,"Taking her on is the Spring Triple Crown\nchampion, %h_pop2, who is\nfully set on clinching victory.",1004001|1700501|%h_pop2|1004006,100,0,0,0
1624,130406,"The second favorite and Spring Triple Crown\nchampion, %h_pop2, should\ngive us a showdown to remember.",1004003|1700501|%h_pop2|1004002,100,0,0,0
1625,130406,"Now, here's the second favorite. The Spring\nTriple Crown champion,\n%h_pop2, can certainly hold\nher own against today's top favorite.",1004005|1700501|%h_pop2|1004004,100,0,0,0
1626,130407,"The Spring Triple Crown champion,\n%h_pop3, is currently the third\nfavorite. She's the hot pick of late!",%w_0.3|1700501|%h_pop3|1004101|1004102,100,0,0,0
1627,130407,"The Spring Triple Crown champion,\n%h_pop3, is the third favorite.\nCan she overcome the odds?!",%w_0.3|1700501|%h_pop3|1004103|1004104,100,0,0,0
1629,130407,"The Spring Triple Crown champion,\n%h_pop3, is currently the third\nfavorite. Can she overcome the odds?!",%w_0.3|1700501|%h_pop3|1004101|1004104,100,0,0,0
1630,130407,"The Spring Triple Crown champion,\n%h_pop3, is the third favorite.\nHer superior ability is undeniable!",%w_0.3|1700501|%h_pop3|1004103|1004106,100,0,0,0
1632,130407,"The Spring Triple Crown champion,\n%h_pop3, is currently the third\nfavorite. Her superior ability is undeniable!",%w_0.3|1700501|%h_pop3|1004101|1004106,100,0,0,0
1633,130407,"The Spring Triple Crown champion,\n%h_pop3, is the third favorite.\nShe's the hot pick of late!",%w_0.3|1700501|%h_pop3|1004103|1004102,100,0,0,0
1635,130408,"All eyes are on the Spring Triple Crown\nchampion, %h_player, running in\n%p_waku_ban.",1088201|1700501|%h_player|%p_waku_ban,100,0,0,0
1636,130410,"The current favorite is the undefeated Spring\nTriple Crown champion,\n%h_pop1.",1002701|1700101|1700501|%h_pop1,100,0,0,0
1637,130410,"The most popular athlete in this race is the\nundefeated Spring Triple Crown champion,\n%h_pop1. She's the favorite to\nwin.",1002801|1700101|1700501|%h_pop1|1002802,100,0,0,0
1638,130410,"Now, introducing the favorite to win. It's the\nundefeated Spring Triple Crown champion,\n%h_pop1.",1002901|1700101|1700501|%h_pop1,100,0,0,0
1639,130410,"You guessed it! The favorite is the undefeated\nSpring Triple Crown champion,\n%h_pop1.",1003001|1700101|1700501|%h_pop1,100,0,0,0
1640,130412,"The second favorite is the undefeated Spring\nTriple Crown champion,\n%h_pop2.",1003101|1700101|1700501|%h_pop2,100,0,0,0
1641,130412,"Now, introducing the second favorite. It's the\nundefeated Spring Triple Crown champion,\n%h_pop2.",1003201|1700101|1700501|%h_pop2,100,0,0,0
1642,130412,"With more than enough skill to rival the top\npick, today's second favorite is the undefeated\nSpring Triple Crown champion,\n%h_pop2.",1003301|1700101|1700501|%h_pop2,100,0,0,0
1643,130412,"She might not be satisfied with this ranking,\nbut the second favorite is the undefeated\nSpring Triple Crown champion,\n%h_pop2.",%w_0.1|1003401|1700101|1700501|%h_pop2,100,0,0,0
1644,130413,"Now, introducing the second favorite. It's the\nundefeated Spring Triple Crown champion,\n%h_pop2.",1003201|1700101|1700501|%h_pop2,100,0,0,0
1645,130413,"She might not be satisfied with this ranking,\nbut the second favorite is the undefeated\nSpring Triple Crown champion,\n%h_pop2.",%w_0.1|1003401|1700101|1700501|%h_pop2,100,0,0,0
1646,130414,"The third favorite is the undefeated Spring\nTriple Crown champion,\n%h_pop3.",%w_0.3|1003501|1700101|1700501|%h_pop3,100,0,0,0
1647,130414,"For the third favorite, we have the undefeated\nSpring Triple Crown champion,\n%h_pop3.",%w_0.3|1003601|1700101|1700501|%h_pop3,100,0,0,0
1648,130414,"With her sights firmly set on the top spots, the\nthird favorite is the undefeated Spring Triple\nCrown champion, %h_pop3.",%w_0.3|1003701|1700101|1700501|%h_pop3,100,0,0,0
1649,130414,"With the popularity and the skills to back it\nup, it's the undefeated Spring Triple Crown\nchampion, %h_pop3, today's\nthird favorite.",%w_0.3|1003801|1700101|1700501|%h_pop3|1003802,100,0,0,0
1650,130415,"Now, here's the undisputed star of the show.\nIt's the undefeated Spring Triple Crown\nchampion, %h_pop1. She's the\nfavorite to win.",1003901|1700101|1700501|%h_pop1|1002802,100,0,0,0
1651,130415,"Waiting for the start with an air of dignity is\nthe undefeated Spring Triple Crown champion\nand today's favorite, %h_pop1.",%w_0.1|1003903|1700101|1700501|%h_pop1|1002802,100,0,0,0
1652,130415,"Carrying the hopes of all the fans crowding the\nstands, the favorite for today is the undefeated\nSpring Triple Crown champion,\n%h_pop1.",1003905|1700101|1700501|%h_pop1|1002802,100,0,0,0
1659,130416,"Taking her on is the undefeated Spring Triple\nCrown champion, %h_pop2.\nThis should be a showdown to remember.",1004001|1700101|1700501|%h_pop2|1004002,100,0,0,0
1660,130416,"The second favorite and undefeated Spring\nTriple Crown champion,\n%h_pop2, can certainly hold\nher own against today's top favorite.",1004003|1700101|1700501|%h_pop2|1004004,100,0,0,0
1661,130416,"Now, here's the second favorite. The\nundefeated Spring Triple Crown champion,\n%h_pop2, is fully set on\nclinching victory.",1004005|1700101|1700501|%h_pop2|1004006,100,0,0,0
1662,130416,"Taking her on is the undefeated Spring Triple\nCrown champion, %h_pop2,\nwho can certainly hold her own against the\nfavorite.",1004001|1700101|1700501|%h_pop2|1004004,100,0,0,0
1663,130416,"The second favorite and undefeated Spring\nTriple Crown champion,\n%h_pop2, is fully set on\nclinching victory.",1004003|1700101|1700501|%h_pop2|1004006,100,0,0,0
1664,130416,"Now, here's the second favorite. The\nundefeated Spring Triple Crown champion,\n%h_pop2, should give us a\nshowdown to remember.",1004005|1700101|1700501|%h_pop2|1004002,100,0,0,0
1665,130416,"Taking her on is the undefeated Spring Triple\nCrown champion, %h_pop2,\nwho is fully set on clinching victory.",1004001|1700101|1700501|%h_pop2|1004006,100,0,0,0
1666,130416,"The second favorite and undefeated Spring\nTriple Crown champion,\n%h_pop2, should give us a\nshowdown to remember.",1004003|1700101|1700501|%h_pop2|1004002,100,0,0,0
1667,130416,"Now, here's the second favorite. The\nundefeated Spring Triple Crown champion,\n%h_pop2, can certainly hold\nher own against today's top favorite.",1004005|1700101|1700501|%h_pop2|1004004,100,0,0,0
1668,130417,"The undefeated Spring Triple Crown champion,\n%h_pop3, is currently the third\nfavorite. She's the hot pick of late!",%w_0.3|1700101|1700501|%h_pop3|1004101|1004102,100,0,0,0
1669,130417,"The undefeated Spring Triple Crown champion,\n%h_pop3, is the third favorite.\nCan she overcome the odds?!",%w_0.3|1700101|1700501|%h_pop3|1004103|1004104,100,0,0,0
1671,130417,"The undefeated Spring Triple Crown champion,\n%h_pop3, is currently the third\nfavorite. Can she overcome the odds?!",%w_0.3|1700101|1700501|%h_pop3|1004101|1004104,100,0,0,0
1672,130417,"The undefeated Spring Triple Crown champion,\n%h_pop3, is the third favorite.\nHer superior ability is undeniable!",%w_0.3|1700101|1700501|%h_pop3|1004103|1004106,100,0,0,0
1674,130417,"The undefeated Spring Triple Crown champion,\n%h_pop3, is currently the third\nfavorite. Her superior ability is undeniable!",%w_0.3|1700101|1700501|%h_pop3|1004101|1004106,100,0,0,0
1675,130417,"The undefeated Spring Triple Crown champion,\n%h_pop3, is the third favorite.\nShe's the hot pick of late!",%w_0.3|1700101|1700501|%h_pop3|1004103|1004102,100,0,0,0
1677,130418,"All eyes are on the undefeated Spring Triple\nCrown champion, %h_player,\nrunning in %p_waku_ban.",1088201|1700101|1700501|%h_player|%p_waku_ban,100,0,0,0
1678,130500,"The current favorite is the Double Crown star,\n%h_pop1.",1002701|1700601|%h_pop1,100,0,0,0
1679,130500,"The most popular athlete in this race is the\nDouble Crown star, %h_pop1.\nShe's the favorite to win.",1002801|1700601|%h_pop1|1002802,100,0,0,0
1680,130500,"Now, introducing the favorite to win. It's the\nDouble Crown star, %h_pop1.",1002901|1700601|%h_pop1,100,0,0,0
1681,130500,"You guessed it! The favorite is the Double\nCrown star, %h_pop1.",1003001|1700601|%h_pop1,100,0,0,0
1682,130502,"The second favorite is the Double Crown star,\n%h_pop2.",1003101|1700601|%h_pop2,100,0,0,0
1683,130502,"Now, introducing the second favorite. It's the\nDouble Crown star, %h_pop2.",1003201|1700601|%w_0.02|%h_pop2,100,0,0,0
1684,130502,"With more than enough skill to rival the top\npick, today's second favorite is the Double\nCrown star, %h_pop2.",1003301|1700601|%w_0.02|%h_pop2,100,0,0,0
1685,130502,"She might not be satisfied with this ranking,\nbut the second favorite is the Double Crown\nstar, %h_pop2.",%w_0.1|1003401|1700601|%h_pop2,100,0,0,0
1686,130503,"Now, introducing the second favorite. It's the\nDouble Crown star, %h_pop2.",1003201|1700601|%h_pop2,100,0,0,0
1687,130503,"She might not be satisfied with this ranking,\nbut the second favorite is the Double Crown\nstar, %h_pop2.",%w_0.1|1003401|1700601|%h_pop2,100,0,0,0
1688,130504,"The third favorite is the Double Crown star,\n%h_pop3.",%w_0.3|1003501|1700601|%h_pop3,100,0,0,0
1689,130504,"For the third favorite, we have the Double\nCrown star, %h_pop3.",%w_0.3|1003601|1700601|%h_pop3,100,0,0,0
1690,130504,"With her sights firmly set on the top spots, the\nthird favorite is the Double Crown star,\n%h_pop3.",%w_0.3|1003701|1700601|%h_pop3,100,0,0,0
1691,130504,"With the popularity and the skills to back it\nup, it's the Double Crown star,\n%h_pop3, today's third\nfavorite.",%w_0.3|1003801|1700601|%h_pop3|1003802,100,0,0,0
1692,130505,"Now, here's the undisputed star of the show.\nIt's the Double Crown wonder,\n%h_pop1. She's the favorite to\nwin.",1003901|1700601|%h_pop1|1002802,100,0,0,0
1693,130505,"Waiting for the start with an air of dignity is\nthe Double Crown star and today's favorite,\n%h_pop1.",%w_0.1|1003903|1700601|%h_pop1|1002802,100,0,0,0
1694,130505,"Carrying the hopes of all the fans crowding the\nstands, the favorite for today is the Double\nCrown star, %h_pop1.",1003905|1700601|%h_pop1|1002802,100,0,0,0
1701,130506,"Taking her on is the Double Crown star,\n%h_pop2. This should be a\nshowdown to remember.",1004001|1700601|%h_pop2|1004002,100,0,0,0
1702,130506,"The second favorite and Double Crown star,\n%h_pop2, can certainly hold\nher own against today's top favorite.",1004003|1700601|%h_pop2|1004004,100,0,0,0
1703,130506,"Now, here's the second favorite. The Double\nCrown star, %h_pop2, is fully\nset on clinching victory.",1004005|1700601|%h_pop2|1004006,100,0,0,0
1704,130506,"Taking her on is the Double Crown star,\n%h_pop2, who can certainly\nhold her own against the favorite.",1004001|1700601|%h_pop2|1004004,100,0,0,0
1705,130506,"The second favorite and Double Crown star,\n%h_pop2, is fully set on\nclinching victory.",1004003|1700601|%h_pop2|1004006,100,0,0,0
1706,130506,"Now, here's the second favorite. The Double\nCrown star, %h_pop2, should\ngive us a showdown to remember.",1004005|1700601|%h_pop2|1004002,100,0,0,0
1707,130506,"Taking her on is the Double Crown star,\n%h_pop2, who is fully set on\nclinching victory.",1004001|1700601|%h_pop2|1004006,100,0,0,0
1708,130506,"The second favorite and Double Crown star,\n%h_pop2, should give us a\nshowdown to remember.",1004003|1700601|%h_pop2|1004002,100,0,0,0
1709,130506,"Now, here's the second favorite. The Double\nCrown star, %h_pop2, can\ncertainly hold her own against today's top\nfavorite.",1004005|1700601|%h_pop2|1004004,100,0,0,0
1710,130507,"The Double Crown star,\n%h_pop3, is currently the third\nfavorite. She's the hot pick of late!",%w_0.3|1700601|%h_pop3|1004101|1004102,100,0,0,0
1711,130507,"The Double Crown star,\n%h_pop3, is the third favorite.\nCan she overcome the odds?!",%w_0.3|1700601|%h_pop3|1004103|1004104,100,0,0,0
1713,130507,"The Double Crown star,\n%h_pop3, is currently the third\nfavorite. Can she overcome the odds?!",%w_0.3|1700601|%h_pop3|1004101|1004104,100,0,0,0
1714,130507,"The Double Crown star,\n%h_pop3, is the third favorite.\nHer superior ability is undeniable!",%w_0.3|1700601|%h_pop3|1004103|1004106,100,0,0,0
1716,130507,"The Double Crown star,\n%h_pop3, is currently the third\nfavorite. Her superior ability is undeniable!",%w_0.3|1700601|%h_pop3|1004101|1004106,100,0,0,0
1717,130507,"The Double Crown star,\n%h_pop3, is the third favorite.\nShe's the hot pick of late!",%w_0.3|1700601|%h_pop3|1004103|1004102,100,0,0,0
1719,130508,"All eyes are on the Double Crown star,\n%h_player, running in\n%p_waku_ban.",1088201|1700601|%h_player|%p_waku_ban,100,0,0,0
1720,130510,"The current favorite is the undefeated Double\nCrown star, %h_pop1.",1002701|1700101|1700601|%h_pop1,100,0,0,0
1721,130510,"The most popular athlete in this race is the\nundefeated Double Crown star,\n%h_pop1. She's the favorite to\nwin.",1002801|1700101|1700601|%h_pop1|1002802,100,0,0,0
1722,130510,"Now, introducing the favorite to win. It's the\nundefeated Double Crown star,\n%h_pop1.",1002901|1700101|1700601|%h_pop1,100,0,0,0
1723,130510,"You guessed it! The favorite is the undefeated\nDouble Crown star, %h_pop1.",1003001|1700101|1700601|%h_pop1,100,0,0,0
1724,130512,"The second favorite is the undefeated Double\nCrown star, %h_pop2.",1003101|1700101|1700601|%h_pop2,100,0,0,0
1725,130512,"Now, introducing the second favorite. It's the\nundefeated Double Crown star,\n%h_pop2.",1003201|1700101|1700601|%h_pop2,100,0,0,0
1726,130512,"With more than enough skill to rival the top\npick, today's second favorite is the undefeated\nDouble Crown star, %h_pop2.",1003301|1700101|1700601|%h_pop2,100,0,0,0
1727,130512,"She might not be satisfied with this ranking,\nbut the second favorite is the undefeated\nDouble Crown star, %h_pop2.",%w_0.1|1003401|1700101|1700601|%h_pop2,100,0,0,0
1728,130513,"Now, introducing the second favorite. It's the\nundefeated Double Crown star,\n%h_pop2.",1003201|1700101|1700601|%h_pop2,100,0,0,0
1729,130513,"She might not be satisfied with this ranking,\nbut the second favorite is the undefeated\nDouble Crown star, %h_pop2.",%w_0.1|1003401|1700101|1700601|%h_pop2,100,0,0,0
1730,130514,"The third favorite is the undefeated Double\nCrown star, %h_pop3.",%w_0.3|1003501|1700101|1700601|%h_pop3,100,0,0,0
1731,130514,"For the third favorite, we have the undefeated\nDouble Crown star, %h_pop3.",%w_0.3|1003601|1700101|1700601|%h_pop3,100,0,0,0
1732,130514,"With her sights firmly set on the top spots, the\nthird favorite is the undefeated Double Crown\nstar, %h_pop3.",%w_0.3|1003701|1700101|1700601|%h_pop3,100,0,0,0
1733,130514,"With the popularity and the skills to back it\nup, it's the undefeated Double Crown star,\n%h_pop3, today's third\nfavorite.",%w_0.3|1003801|1700101|1700601|%h_pop3|1003802,100,0,0,0
1734,130515,"Now, here's the undisputed star of the show.\nIt's the undefeated Double Crown wonder,\n%h_pop1. She's the favorite to\nwin.",1003901|1700101|1700601|%h_pop1|1002802,100,0,0,0
1735,130515,"Waiting for the start with an air of dignity is\nthe undefeated Double Crown star and today's\nfavorite, %h_pop1.",%w_0.1|1003903|1700101|1700601|%h_pop1|1002802,100,0,0,0
1736,130515,"Carrying the hopes of all the fans crowding the\nstands, the favorite for today is the undefeated\nDouble Crown star, %h_pop1.",1003905|1700101|1700601|%h_pop1|1002802,100,0,0,0
1743,130516,"Taking her on is the undefeated Double Crown\nstar, %h_pop2. This should be\na showdown to remember.",1004001|1700101|1700601|%h_pop2|1004002,100,0,0,0
1744,130516,"The second favorite and undefeated Double\nCrown star, %h_pop2, can\ncertainly hold her own against today's top\nfavorite.",1004003|1700101|1700601|%h_pop2|1004004,100,0,0,0
1745,130516,"Now, here's the second favorite. The\nundefeated Double Crown star,\n%h_pop2, is fully set on\nclinching victory.",1004005|1700101|1700601|%h_pop2|1004006,100,0,0,0
1746,130516,"Taking her on is the undefeated Double Crown\nstar, %h_pop2, who can\ncertainly hold her own against the favorite.",1004001|1700101|1700601|%h_pop2|1004004,100,0,0,0
1747,130516,"The second favorite and undefeated Double\nCrown star, %h_pop2, is fully\nset on clinching victory.",1004003|1700101|1700601|%h_pop2|1004006,100,0,0,0
1748,130516,"Now, here's the second favorite. The\nundefeated Double Crown star,\n%h_pop2, should give us a\nshowdown to remember.",1004005|1700101|1700601|%h_pop2|1004002,100,0,0,0
1749,130516,"Taking her on is the undefeated Double Crown\nstar, %h_pop2, who is fully set\non clinching victory.",1004001|1700101|1700601|%h_pop2|1004006,100,0,0,0
1750,130516,"The second favorite and undefeated Double\nCrown star, %h_pop2, should\ngive us a showdown to remember.",1004003|1700101|1700601|%h_pop2|1004002,100,0,0,0
1751,130516,"Now, here's the second favorite. The\nundefeated Double Crown star,\n%h_pop2, can certainly hold\nher own against today's top favorite.",1004005|1700101|1700601|%h_pop2|1004004,100,0,0,0
1752,130517,"The undefeated Double Crown star,\n%h_pop3, is currently the third\nfavorite. She's the hot pick of late!",%w_0.3|1700101|1700601|%h_pop3|1004101|1004102,100,0,0,0
1753,130517,"The undefeated Double Crown star,\n%h_pop3, is the third favorite.\nCan she overcome the odds?!",%w_0.3|1700101|1700601|%h_pop3|1004103|1004104,100,0,0,0
1755,130517,"The undefeated Double Crown star,\n%h_pop3, is currently the third\nfavorite. Can she overcome the odds?!",%w_0.3|1700101|1700601|%h_pop3|1004101|1004104,100,0,0,0
1756,130517,"The undefeated Double Crown star,\n%h_pop3, is the third favorite.\nHer superior ability is undeniable!",%w_0.3|1700101|1700601|%h_pop3|1004103|1004106,100,0,0,0
1758,130517,"The undefeated Double Crown star,\n%h_pop3, is currently the third\nfavorite. Her superior ability is undeniable!",%w_0.3|1700101|1700601|%h_pop3|1004101|1004106,100,0,0,0
1759,130517,"The undefeated Double Crown star,\n%h_pop3, is the third favorite.\nShe's the hot pick of late!",%w_0.3|1700101|1700601|%h_pop3|1004103|1004102,100,0,0,0
1761,130518,"All eyes are on the undefeated Double Crown\nstar, %h_player, running in\n%p_waku_ban.",1088201|1700101|1700601|%h_player|%p_waku_ban,100,0,0,0
1762,130600,"The current favorite is the dual mile wonder,\n%h_pop1.",1002701|1700701|%h_pop1,100,0,0,0
1763,130600,"The most popular athlete in this race is the\ndual mile wonder, %h_pop1.\nShe's the favorite to win.",1002801|1700701|%h_pop1|1002802,100,0,0,0
1764,130600,"Now, introducing the favorite to win. It's the\ndual mile wonder, %h_pop1.",1002901|1700701|%h_pop1,100,0,0,0
1765,130600,"You guessed it! The favorite is the dual mile\nwonder, %h_pop1.",1003001|1700701|%h_pop1,100,0,0,0
1766,130602,"The second favorite is the dual mile wonder,\n%h_pop2.",1003101|1700701|%h_pop2,100,0,0,0
1767,130602,"Now, introducing the second favorite. It's the\ndual mile wonder, %h_pop2.",1003201|1700701|%h_pop2,100,0,0,0
1768,130602,"With more than enough skill to rival the top\npick, today's second favorite is the dual mile\nwonder, %h_pop2.",1003301|1700701|%h_pop2,100,0,0,0
1769,130602,"She might not be satisfied with this ranking,\nbut the second favorite is the dual mile\nwonder, %h_pop2.",%w_0.1|1003401|1700701|%h_pop2,100,0,0,0
1770,130603,"Now, introducing the second favorite. It's the\ndual mile wonder, %h_pop2.",1003201|1700701|%h_pop2,100,0,0,0
1771,130603,"She might not be satisfied with this ranking,\nbut the second favorite is the dual mile\nwonder, %h_pop2.",%w_0.1|1003401|1700701|%h_pop2,100,0,0,0
1772,130604,"The third favorite is the dual mile wonder,\n%h_pop3.",%w_0.3|1003501|1700701|%h_pop3,100,0,0,0
1773,130604,"For the third favorite, we have the dual mile\nwonder, %h_pop3.",%w_0.3|1003601|1700701|%h_pop3,100,0,0,0
1774,130604,"With her sights firmly set on the top spots, the\nthird favorite is the dual mile wonder,\n%h_pop3.",%w_0.3|1003701|1700701|%h_pop3,100,0,0,0
1775,130604,"With the popularity and the skills to back it\nup, it's the dual mile wonder,\n%h_pop3, today's third\nfavorite.",%w_0.3|1003801|1700701|%h_pop3|1003802,100,0,0,0
1776,130605,"Now, here's the undisputed star of the show.\nIt's the dual mile wonder,\n%h_pop1. She's the favorite to\nwin.",1003901|1700701|%h_pop1|1002802,100,0,0,0
1777,130605,"Waiting for the start with an air of dignity is\nthe dual mile wonder and today's favorite,\n%h_pop1.",%w_0.1|1003903|1700701|%h_pop1|1002802,100,0,0,0
1778,130605,"Carrying the hopes of all the fans crowding the\nstands, the favorite for today is the dual mile\nwonder, %h_pop1.",1003905|1700701|%h_pop1|1002802,100,0,0,0
1785,130606,"Taking her on is the dual mile wonder,\n%h_pop2. This should be a\nshowdown to remember.",1004001|1700701|%h_pop2|1004002,100,0,0,0
1786,130606,"The second favorite and dual mile wonder,\n%h_pop2, can certainly hold\nher own against today's top favorite.",1004003|1700701|%h_pop2|1004004,100,0,0,0
1787,130606,"Now, here's the second favorite. The dual mile\nwonder, %h_pop2, is fully set\non clinching victory.",1004005|1700701|%h_pop2|1004006,100,0,0,0
1788,130606,"Taking her on is the dual mile wonder,\n%h_pop2, who can certainly\nhold her own against the favorite.",1004001|1700701|%h_pop2|1004004,100,0,0,0
1789,130606,"The second favorite and dual mile wonder,\n%h_pop2, is fully set on\nclinching victory.",1004003|1700701|%h_pop2|1004006,100,0,0,0
1790,130606,"Now, here's the second favorite. The dual mile\nwonder, %h_pop2, should give\nus a showdown to remember.",1004005|1700701|%h_pop2|1004002,100,0,0,0
1791,130606,"Taking her on is the dual mile wonder,\n%h_pop2, who is fully set on\nclinching victory.",1004001|1700701|%h_pop2|1004006,100,0,0,0
1792,130606,"The second favorite and dual mile wonder,\n%h_pop2, should give us a\nshowdown to remember.",1004003|1700701|%h_pop2|1004002,100,0,0,0
1793,130606,"Now, here's the second favorite. The dual mile\nwonder, %h_pop2, can\ncertainly hold her own against today's top\nfavorite.",1004005|1700701|%h_pop2|1004004,100,0,0,0
1794,130607,"The dual mile wonder,\n%h_pop3, is currently the third\nfavorite. She's the hot pick of late!",%w_0.3|1700701|%h_pop3|1004101|1004102,100,0,0,0
1795,130607,"The dual mile wonder,\n%h_pop3, is the third favorite.\nCan she overcome the odds?!",%w_0.3|1700701|%h_pop3|1004103|1004104,100,0,0,0
1797,130607,"The dual mile wonder,\n%h_pop3, is currently the third\nfavorite. Can she overcome the odds?!",%w_0.3|1700701|%h_pop3|1004101|1004104,100,0,0,0
1798,130607,"The dual mile wonder,\n%h_pop3, is the third favorite.\nHer superior ability is undeniable!",%w_0.3|1700701|%h_pop3|1004103|1004106,100,0,0,0
1800,130607,"The dual mile wonder,\n%h_pop3, is currently the third\nfavorite. Her superior ability is undeniable!",%w_0.3|1700701|%h_pop3|1004101|1004106,100,0,0,0
1801,130607,"The dual mile wonder,\n%h_pop3, is the third favorite.\nShe's the hot pick of late!",%w_0.3|1700701|%h_pop3|1004103|1004102,100,0,0,0
1803,130608,"All eyes are on the dual mile wonder,\n%h_player, running in\n%p_waku_ban.",1088201|1700701|%h_player|%p_waku_ban,100,0,0,0
1804,130610,"The current favorite is the undefeated dual\nmile wonder, %h_pop1.",1002701|1700101|1700701|%h_pop1,100,0,0,0
1805,130610,"The most popular athlete in this race is the\nundefeated dual mile wonder,\n%h_pop1. She's the favorite to\nwin.",1002801|1700101|1700701|%h_pop1|1002802,100,0,0,0
1806,130610,"Now, introducing the favorite to win. It's the\nundefeated dual mile wonder,\n%h_pop1.",1002901|1700101|1700701|%h_pop1,100,0,0,0
1807,130610,"You guessed it! The favorite is the undefeated\ndual mile wonder, %h_pop1.",1003001|1700101|1700701|%h_pop1,100,0,0,0
1808,130612,"The second favorite is the undefeated dual\nmile wonder, %h_pop2.",1003101|1700101|1700701|%h_pop2,100,0,0,0
1809,130612,"Now, introducing the second favorite. It's the\nundefeated dual mile wonder,\n%h_pop2.",1003201|1700101|1700701|%h_pop2,100,0,0,0
1810,130612,"With more than enough skill to rival the top\npick, today's second favorite is the undefeated\ndual mile wonder, %h_pop2.",1003301|1700101|1700701|%h_pop2,100,0,0,0
1811,130612,"She might not be satisfied with this ranking,\nbut the second favorite is the undefeated dual\nmile wonder, %h_pop2.",%w_0.1|1003401|1700101|1700701|%h_pop2,100,0,0,0
1812,130613,"Now, introducing the second favorite. It's the\nundefeated dual mile wonder,\n%h_pop2.",1003201|1700101|1700701|%h_pop2,100,0,0,0
1813,130613,"She might not be satisfied with this ranking,\nbut the second favorite is the undefeated dual\nmile wonder, %h_pop2.",%w_0.1|1003401|1700101|1700701|%h_pop2,100,0,0,0
1814,130614,"The third favorite is the undefeated dual mile\nwonder, %h_pop3.",%w_0.3|1003501|1700101|1700701|%h_pop3,100,0,0,0
1815,130614,"For the third favorite, we have the undefeated\ndual mile wonder, %h_pop3.",%w_0.3|1003601|1700101|1700701|%h_pop3,100,0,0,0
1816,130614,"With her sights firmly set on the top spots, the\nthird favorite is the undefeated dual mile\nwonder, %h_pop3.",%w_0.3|1003701|1700101|1700701|%h_pop3,100,0,0,0
1817,130614,"With the popularity and the skills to back it\nup, it's the undefeated dual mile wonder,\n%h_pop3, today's third\nfavorite.",%w_0.3|1003801|1700101|1700701|%h_pop3|1003802,100,0,0,0
1818,130615,"Now, here's the undisputed star of the show.\nIt's the undefeated dual mile wonder,\n%h_pop1. She's the favorite to\nwin.",1003901|1700101|1700701|%h_pop1|1002802,100,0,0,0
1819,130615,"Waiting for the start with an air of dignity is\nthe undefeated dual mile wonder and today's\nfavorite, %h_pop1.",%w_0.1|1003903|1700101|1700701|%h_pop1|1002802,100,0,0,0
1820,130615,"Carrying the hopes of all the fans crowding the\nstands, the favorite for today is the undefeated\ndual mile wonder, %h_pop1.",1003905|1700101|1700701|%h_pop1|1002802,100,0,0,0
1827,130616,"Taking her on is the undefeated dual mile\nwonder, %h_pop2. This should\nbe a showdown to remember.",1004001|1700101|1700701|%h_pop2|1004002,100,0,0,0
1828,130616,"The second favorite and undefeated dual mile\nwonder, %h_pop2, can\ncertainly hold her own against today's top\nfavorite.",1004003|1700101|1700701|%h_pop2|1004004,100,0,0,0
1829,130616,"Now, here's the second favorite. The\nundefeated dual mile wonder,\n%h_pop2, is fully set on\nclinching victory.",1004005|1700101|1700701|%h_pop2|1004006,100,0,0,0
1830,130616,"Taking her on is the undefeated dual mile\nwonder, %h_pop2, who can\ncertainly hold her own against the favorite.",1004001|1700101|1700701|%h_pop2|1004004,100,0,0,0
1831,130616,"The second favorite and undefeated dual mile\nwonder, %h_pop2, is fully set\non clinching victory.",1004003|1700101|1700701|%h_pop2|1004006,100,0,0,0
1832,130616,"Now, here's the second favorite. The\nundefeated dual mile wonder,\n%h_pop2, should give us a\nshowdown to remember.",1004005|1700101|1700701|%h_pop2|1004002,100,0,0,0
1833,130616,"Taking her on is the undefeated dual mile\nwonder, %h_pop2, who is fully\nset on clinching victory.",1004001|1700101|1700701|%h_pop2|1004006,100,0,0,0
1834,130616,"The second favorite and undefeated dual mile\nwonder, %h_pop2, should give\nus a showdown to remember.",1004003|1700101|1700701|%h_pop2|1004002,100,0,0,0
1835,130616,"Now, here's the second favorite. The\nundefeated dual mile wonder,\n%h_pop2, can certainly hold\nher own against today's top favorite.",1004005|1700101|1700701|%h_pop2|1004004,100,0,0,0
1836,130617,"The undefeated dual mile wonder,\n%h_pop3, is currently the third\nfavorite. She's the hot pick of late!",%w_0.3|1700101|1700701|%h_pop3|1004101|1004102,100,0,0,0
1837,130617,"The undefeated dual mile wonder,\n%h_pop3, is the third favorite.\nCan she overcome the odds?!",%w_0.3|1700101|1700701|%h_pop3|1004103|1004104,100,0,0,0
1839,130617,"The undefeated dual mile wonder,\n%h_pop3, is currently the third\nfavorite. Can she overcome the odds?!",%w_0.3|1700101|1700701|%h_pop3|1004101|1004104,100,0,0,0
1840,130617,"The undefeated dual mile wonder,\n%h_pop3, is the third favorite.\nHer superior ability is undeniable!",%w_0.3|1700101|1700701|%h_pop3|1004103|1004106,100,0,0,0
1842,130617,"The undefeated dual mile wonder,\n%h_pop3, is currently the third\nfavorite. Her superior ability is undeniable!",%w_0.3|1700101|1700701|%h_pop3|1004101|1004106,100,0,0,0
1843,130617,"The undefeated dual mile wonder,\n%h_pop3, is the third favorite.\nShe's the hot pick of late!",%w_0.3|1700101|1700701|%h_pop3|1004103|1004102,100,0,0,0
1845,130618,"All eyes are on the undefeated dual mile\nwonder, %h_player, running in\n%p_waku_ban.",1088201|1700101|1700701|%h_player|%p_waku_ban,100,0,0,0
1846,130700,"The current favorite is the dual sprint victor,\n%h_pop1.",1002701|1700801|%h_pop1,100,0,0,0
1847,130700,"The most popular athlete in this race is the\ndual sprint victor, %h_pop1.\nShe's the favorite to win.",1002801|1700801|%h_pop1|1002802,100,0,0,0
1848,130700,"Now, introducing the favorite to win. It's the\ndual sprint victor, %h_pop1.",1002901|1700801|%h_pop1,100,0,0,0
1849,130700,"You guessed it! The favorite is the dual sprint\nvictor, %h_pop1.",1003001|1700801|%h_pop1,100,0,0,0
1850,130702,"The second favorite is the dual sprint victor,\n%h_pop2.",1003101|1700801|%h_pop2,100,0,0,0
1851,130702,"Now, introducing the second favorite. It's the\ndual sprint victor, %h_pop2.",1003201|1700801|%h_pop2,100,0,0,0
1852,130702,"With more than enough skill to rival the top\npick, today's second favorite is the dual sprint\nvictor, %h_pop2.",1003301|1700801|%h_pop2,100,0,0,0
1853,130702,"She might not be satisfied with this ranking,\nbut the second favorite is the dual sprint\nvictor, %h_pop2.",%w_0.1|1003401|1700801|%h_pop2,100,0,0,0
1854,130703,"Now, introducing the second favorite. It's the\ndual sprint victor, %h_pop2.",1003201|1700801|%h_pop2,100,0,0,0
1855,130703,"She might not be satisfied with this ranking,\nbut the second favorite is the dual sprint\nvictor, %h_pop2.",%w_0.1|1003401|1700801|%h_pop2,100,0,0,0
1856,130704,"The third favorite is the dual sprint victor,\n%h_pop3.",%w_0.3|1003501|1700801|%h_pop3,100,0,0,0
1857,130704,"For the third favorite, we have the dual sprint\nvictor, %h_pop3.",%w_0.3|1003601|1700801|%h_pop3,100,0,0,0
1858,130704,"With her sights firmly set on the top spots, the\nthird favorite is the dual sprint victor,\n%h_pop3.",%w_0.3|1003701|1700801|%h_pop3,100,0,0,0
1859,130704,"With the popularity and the skills to back it\nup, it's the dual sprint victor,\n%h_pop3, today's third\nfavorite.",%w_0.3|1003801|1700801|%h_pop3|1003802,100,0,0,0
1860,130705,"Now, here's the undisputed star of the show.\nIt's the dual sprint victor,\n%h_pop1. She's the favorite to\nwin.",1003901|1700801|%w_0.02|%h_pop1|1002802,100,0,0,0
1861,130705,"Waiting for the start with an air of dignity is\nthe dual sprint victor and today's favorite,\n%h_pop1.",%w_0.1|1003903|1700801|%h_pop1|1002802,100,0,0,0
1862,130705,"Carrying the hopes of all the fans crowding the\nstands, the favorite for today is the dual sprint\nvictor, %h_pop1.",1003905|1700801|%w_0.01|%h_pop1|1002802,100,0,0,0
1869,130706,"Taking her on is the dual sprint victor,\n%h_pop2. This should be a\nshowdown to remember.",1004001|1700801|%h_pop2|1004002,100,0,0,0
1870,130706,"The second favorite and dual sprint victor,\n%h_pop2, can certainly hold\nher own against today's top favorite.",1004003|1700801|%h_pop2|1004004,100,0,0,0
1871,130706,"Now, here's the second favorite. The dual\nsprint victor, %h_pop2, is fully\nset on clinching victory.",1004005|1700801|%h_pop2|1004006,100,0,0,0
1872,130706,"Taking her on is the dual sprint victor,\n%h_pop2, who can certainly\nhold her own against the favorite.",1004001|1700801|%h_pop2|1004004,100,0,0,0
1873,130706,"The second favorite and dual sprint victor,\n%h_pop2, is fully set on\nclinching victory.",1004003|1700801|%h_pop2|1004006,100,0,0,0
1874,130706,"Now, here's the second favorite. The dual\nsprint victor, %h_pop2, should\ngive us a showdown to remember.",1004005|1700801|%h_pop2|1004002,100,0,0,0
1875,130706,"Taking her on is the dual sprint victor,\n%h_pop2, who is fully set on\nclinching victory.",1004001|1700801|%h_pop2|1004006,100,0,0,0
1876,130706,"The second favorite and dual sprint victor,\n%h_pop2, should give us a\nshowdown to remember.",1004003|1700801|%h_pop2|1004002,100,0,0,0
1877,130706,"Now, here's the second favorite. The dual\nsprint victor, %h_pop2, can\ncertainly hold her own against today's top\nfavorite.",1004005|1700801|%h_pop2|1004004,100,0,0,0
1878,130707,"The dual sprint victor,\n%h_pop3, is currently the third\nfavorite. She's the hot pick of late!",%w_0.3|1700801|%h_pop3|1004101|1004102,100,0,0,0
1879,130707,"The dual sprint victor,\n%h_pop3, is the third favorite.\nCan she overcome the odds?!",%w_0.3|1700801|%h_pop3|1004103|1004104,100,0,0,0
1881,130707,"The dual sprint victor,\n%h_pop3, is currently the third\nfavorite. Can she overcome the odds?!",%w_0.3|1700801|%h_pop3|1004101|1004104,100,0,0,0
1882,130707,"The dual sprint victor,\n%h_pop3, is the third favorite.\nHer superior ability is undeniable!",%w_0.3|1700801|%h_pop3|1004103|1004106,100,0,0,0
1884,130707,"The dual sprint victor,\n%h_pop3, is currently the third\nfavorite. Her superior ability is undeniable!",%w_0.3|1700801|%h_pop3|1004101|1004106,100,0,0,0
1885,130707,"The dual sprint victor,\n%h_pop3, is the third favorite.\nShe's the hot pick of late!",%w_0.3|1700801|%h_pop3|1004103|1004102,100,0,0,0
1887,130708,"All eyes are on the dual sprint victor,\n%h_player, running in\n%p_waku_ban.",1088201|1700801|%h_player|%p_waku_ban,100,0,0,0
1888,130710,"The current favorite is the undefeated dual\nsprint victor, %h_pop1.",1002701|1700101|1700801|%h_pop1,100,0,0,0
1889,130710,"The most popular athlete in this race is the\nundefeated dual sprint victor,\n%h_pop1. She's the favorite to\nwin.",1002801|1700101|1700801|%h_pop1|1002802,100,0,0,0
1890,130710,"Now, introducing the favorite to win. It's the\nundefeated dual sprint victor,\n%h_pop1.",1002901|1700101|1700801|%h_pop1,100,0,0,0
1891,130710,"You guessed it! The favorite is the undefeated\ndual sprint victor, %h_pop1.",1003001|1700101|1700801|%h_pop1,100,0,0,0
1892,130712,"The second favorite is the undefeated dual\nsprint victor, %h_pop2.",1003101|1700101|1700801|%h_pop2,100,0,0,0
1893,130712,"Now, introducing the second favorite. It's the\nundefeated dual sprint victor,\n%h_pop2.",1003201|1700101|1700801|%h_pop2,100,0,0,0
1894,130712,"With more than enough skill to rival the top\npick, today's second favorite is the undefeated\ndual sprint victor, %h_pop2.",1003301|1700101|1700801|%h_pop2,100,0,0,0
1895,130712,"She might not be satisfied with this ranking,\nbut the second favorite is the undefeated dual\nsprint victor, %h_pop2.",%w_0.1|1003401|1700101|1700801|%h_pop2,100,0,0,0
1896,130713,"Now, introducing the second favorite. It's the\nundefeated dual sprint victor,\n%h_pop2.",1003201|1700101|1700801|%h_pop2,100,0,0,0
1897,130713,"She might not be satisfied with this ranking,\nbut the second favorite is the undefeated dual\nsprint victor, %h_pop2.",%w_0.1|1003401|1700101|1700801|%h_pop2,100,0,0,0
1898,130714,"The third favorite is the undefeated dual sprint\nvictor, %h_pop3.",%w_0.3|1003501|1700101|1700801|%h_pop3,100,0,0,0
1899,130714,"For the third favorite, we have the undefeated\ndual sprint victor, %h_pop3.",%w_0.3|1003601|1700101|1700801|%h_pop3,100,0,0,0
1900,130714,"With her sights firmly set on the top spots, the\nthird favorite is the undefeated dual sprint\nvictor, %h_pop3.",%w_0.3|1003701|1700101|1700801|%h_pop3,100,0,0,0
1901,130714,"With the popularity and the skills to back it\nup, it's the undefeated dual sprint victor,\n%h_pop3, today's third\nfavorite.",%w_0.3|1003801|1700101|1700801|%h_pop3|1003802,100,0,0,0
1902,130715,"Now, here's the undisputed star of the show.\nIt's the undefeated dual sprint victor,\n%h_pop1. She's the favorite to\nwin.",1003901|1700101|1700801|%h_pop1|1002802,100,0,0,0
1903,130715,"Waiting for the start with an air of dignity is\nthe undefeated dual sprint victor and today's\nfavorite, %h_pop1.",%w_0.1|1003903|1700101|1700801|%h_pop1|1002802,100,0,0,0
1904,130715,"Carrying the hopes of all the fans crowding the\nstands, the favorite for today is the undefeated\ndual sprint victor, %h_pop1.",1003905|1700101|1700801|%h_pop1|1002802,100,0,0,0
1911,130716,"Taking her on is the undefeated dual sprint\nvictor, %h_pop2. This should\nbe a showdown to remember.",1004001|1700101|1700801|%h_pop2|%w_0.02|1004002,100,0,0,0
1912,130716,"The second favorite and undefeated dual\nsprint victor, %h_pop2, can\ncertainly hold her own against today's top\nfavorite.",1004003|1700101|1700801|%h_pop2|1004004,100,0,0,0
1913,130716,"Now, here's the second favorite. The\nundefeated dual sprint victor,\n%h_pop2, is fully set on\nclinching victory.",1004005|1700101|1700801|%h_pop2|1004006,100,0,0,0
1914,130716,"Taking her on is the undefeated dual sprint\nvictor, %h_pop2, who can\ncertainly hold her own against the favorite.",1004001|1700101|1700801|%h_pop2|1004004,100,0,0,0
1915,130716,"The second favorite and undefeated dual\nsprint victor, %h_pop2, is fully\nset on clinching victory.",1004003|1700101|1700801|%h_pop2|1004006,100,0,0,0
1916,130716,"Now, here's the second favorite. The\nundefeated dual sprint victor,\n%h_pop2, should give us a\nshowdown to remember.",1004005|1700101|1700801|%h_pop2|1004002,100,0,0,0
1917,130716,"Taking her on is the undefeated dual sprint\nvictor, %h_pop2, who is fully\nset on clinching victory.",1004001|1700101|1700801|%h_pop2|1004006,100,0,0,0
1918,130716,"The second favorite and undefeated dual\nsprint victor, %h_pop2, should\ngive us a showdown to remember.",1004003|1700101|1700801|%h_pop2|1004002,100,0,0,0
1919,130716,"Now, here's the second favorite. The\nundefeated dual sprint victor,\n%h_pop2, can certainly hold\nher own against today's top favorite.",1004005|1700101|1700801|%h_pop2|1004004,100,0,0,0
1920,130717,"The undefeated dual sprint victor,\n%h_pop3, is currently the third\nfavorite. She's the hot pick of late!",%w_0.3|1700101|1700801|%h_pop3|1004101|1004102,100,0,0,0
1921,130717,"The undefeated dual sprint victor,\n%h_pop3, is the third favorite.\nCan she overcome the odds?!",%w_0.3|1700101|1700801|%h_pop3|1004103|1004104,100,0,0,0
1923,130717,"The undefeated dual sprint victor,\n%h_pop3, is currently the third\nfavorite. Can she overcome the odds?!",%w_0.3|1700101|1700801|%h_pop3|1004101|1004104,100,0,0,0
1924,130717,"The undefeated dual sprint victor,\n%h_pop3, is the third favorite.\nHer superior ability is undeniable!",%w_0.3|1700101|1700801|%h_pop3|1004103|1004106,100,0,0,0
1926,130717,"The undefeated dual sprint victor,\n%h_pop3, is currently the third\nfavorite. Her superior ability is undeniable!",%w_0.3|1700101|1700801|%h_pop3|1004101|1004106,100,0,0,0
1927,130717,"The undefeated dual sprint victor,\n%h_pop3, is the third favorite.\nShe's the hot pick of late!",%w_0.3|1700101|1700801|%h_pop3|1004103|1004102,100,0,0,0
1929,130718,"All eyes are on the undefeated dual sprint\nvictor, %h_player, running in\n%p_waku_ban.",1088201|1700101|1700801|%h_player|%p_waku_ban,100,0,0,0
1930,130800,"The current favorite is the dual dirt champion,\n%h_pop1.",1002701|1700901|%h_pop1,100,0,0,0
1931,130800,"The most popular athlete in this race is the\ndual dirt champion, %h_pop1.\nShe's the favorite to win.",1002801|1700901|%h_pop1|%w_0.01|1002802,100,0,0,0
1932,130800,"Now, introducing the favorite to win. It's the\ndual dirt champion, %h_pop1.",1002901|1700901|%h_pop1,100,0,0,0
1933,130800,"You guessed it! The favorite is the dual dirt\nchampion, %h_pop1.",1003001|1700901|%h_pop1,100,0,0,0
1934,130802,"The second favorite is the dual dirt champion,\n%h_pop2.",1003101|1700901|%h_pop2,100,0,0,0
1935,130802,"Now, introducing the second favorite. It's the\ndual dirt champion, %h_pop2.",1003201|1700901|%h_pop2,100,0,0,0
1936,130802,"With more than enough skill to rival the top\npick, today's second favorite is the dual dirt\nchampion, %h_pop2.",1003301|1700901|%h_pop2,100,0,0,0
1937,130802,"She might not be satisfied with this ranking,\nbut the second favorite is the dual dirt\nchampion, %h_pop2.",%w_0.1|1003401|1700901|%h_pop2,100,0,0,0
1938,130803,"Now, introducing the second favorite. It's the\ndual dirt champion, %h_pop2.",1003201|1700901|%h_pop2,100,0,0,0
1939,130803,"She might not be satisfied with this ranking,\nbut the second favorite is the dual dirt\nchampion, %h_pop2.",%w_0.1|1003401|1700901|%h_pop2,100,0,0,0
1940,130804,"The third favorite is the dual dirt champion,\n%h_pop3.",%w_0.3|1003501|1700901|%h_pop3,100,0,0,0
1941,130804,"For the third favorite, we have the dual dirt\nchampion, %h_pop3.",%w_0.3|1003601|1700901|%h_pop3,100,0,0,0
1942,130804,"With her sights firmly set on the top spots, the\nthird favorite is the dual dirt champion,\n%h_pop3.",%w_0.3|1003701|1700901|%h_pop3,100,0,0,0
1943,130804,"With the popularity and the skills to back it\nup, it's the dual dirt champion,\n%h_pop3, today's third\nfavorite.",%w_0.3|1003801|1700901|%h_pop3|1003802,100,0,0,0
1944,130805,"Now, here's the undisputed star of the show.\nIt's the dual dirt champion,\n%h_pop1. She's the favorite to\nwin.",1003901|1700901|%h_pop1|1002802,100,0,0,0
1945,130805,"Waiting for the start with an air of dignity is\nthe dual dirt champion and today's favorite,\n%h_pop1.",%w_0.1|1003903|1700901|%h_pop1|1002802,100,0,0,0
1946,130805,"Carrying the hopes of all the fans crowding the\nstands, the favorite for today is the dual dirt\nchampion, %h_pop1.",1003905|1700901|%h_pop1|1002802,100,0,0,0
1953,130806,"Taking her on is the dual dirt champion,\n%h_pop2. This should be a\nshowdown to remember.",1004001|1700901|%h_pop2|1004002,100,0,0,0
1954,130806,"The second favorite and dual dirt champion,\n%h_pop2, can certainly hold\nher own against today's top favorite.",1004003|1700901|%h_pop2|1004004,100,0,0,0
1955,130806,"Now, here's the second favorite. The dual dirt\nchampion, %h_pop2, is fully\nset on clinching victory.",1004005|1700901|%h_pop2|1004006,100,0,0,0
1956,130806,"Taking her on is the dual dirt champion,\n%h_pop2, who can certainly\nhold her own against the favorite.",1004001|1700901|%h_pop2|1004004,100,0,0,0
1957,130806,"The second favorite and dual dirt champion,\n%h_pop2, is fully set on\nclinching victory.",1004003|1700901|%h_pop2|1004006,100,0,0,0
1958,130806,"Now, here's the second favorite. The dual dirt\nchampion, %h_pop2, should\ngive us a showdown to remember.",1004005|1700901|%h_pop2|1004002,100,0,0,0
1959,130806,"Taking her on is the dual dirt champion,\n%h_pop2, who is fully set on\nclinching victory.",1004001|1700901|%h_pop2|1004006,100,0,0,0
1960,130806,"The second favorite and dual dirt champion,\n%h_pop2, should give us a\nshowdown to remember.",1004003|1700901|%h_pop2|1004002,100,0,0,0
1961,130806,"Now, here's the second favorite. The dual dirt\nchampion, %h_pop2, can\ncertainly hold her own against today's top\nfavorite.",1004005|1700901|%h_pop2|1004004,100,0,0,0
1962,130807,"The dual dirt champion,\n%h_pop3, is currently the third\nfavorite. She's the hot pick of late!",%w_0.3|1700901|%h_pop3|1004101|1004102,100,0,0,0
1963,130807,"The dual dirt champion,\n%h_pop3, is the third favorite.\nCan she overcome the odds?!",%w_0.3|1700901|%h_pop3|1004103|1004104,100,0,0,0
1965,130807,"The dual dirt champion,\n%h_pop3, is currently the third\nfavorite. Can she overcome the odds?!",%w_0.3|1700901|%h_pop3|1004101|1004104,100,0,0,0
1966,130807,"The dual dirt champion,\n%h_pop3, is the third favorite.\nHer superior ability is undeniable!",%w_0.3|1700901|%h_pop3|1004103|1004106,100,0,0,0
1968,130807,"The dual dirt champion,\n%h_pop3, is currently the third\nfavorite. Her superior ability is undeniable!",%w_0.3|1700901|%h_pop3|1004101|1004106,100,0,0,0
1969,130807,"The dual dirt champion,\n%h_pop3, is the third favorite.\nShe's the hot pick of late!",%w_0.3|1700901|%h_pop3|1004103|1004102,100,0,0,0
1971,130808,"All eyes are on the dual dirt champion,\n%h_player, running in\n%p_waku_ban.",1088201|1700901|%h_player|%p_waku_ban,100,0,0,0
1972,130810,"The current favorite is the undefeated dual dirt\nchampion, %h_pop1.",1002701|1700101|1700901|%h_pop1,100,0,0,0
1973,130810,"The most popular athlete in this race is the\nundefeated dual dirt champion,\n%h_pop1. She's the favorite to\nwin.",1002801|1700101|1700901|%h_pop1|1002802,100,0,0,0
1974,130810,"Now, introducing the favorite to win. It's the\nundefeated dual dirt champion,\n%h_pop1.",1002901|1700101|1700901|%h_pop1,100,0,0,0
1975,130810,"You guessed it! The favorite is the undefeated\ndual dirt champion, %h_pop1.",1003001|1700101|1700901|%h_pop1,100,0,0,0
1976,130812,"The second favorite is the undefeated dual dirt\nchampion, %h_pop2.",1003101|1700101|1700901|%h_pop2,100,0,0,0
1977,130812,"Now, introducing the second favorite. It's the\nundefeated dual dirt champion,\n%h_pop2.",1003201|1700101|1700901|%h_pop2,100,0,0,0
1978,130812,"With more than enough skill to rival the top\npick, today's second favorite is the undefeated\ndual dirt champion, %h_pop2.",1003301|1700101|1700901|%h_pop2,100,0,0,0
1979,130812,"She might not be satisfied with this ranking,\nbut the second favorite is the undefeated dual\ndirt champion, %h_pop2.",%w_0.1|1003401|1700101|1700901|%h_pop2,100,0,0,0
1980,130813,"Now, introducing the second favorite. It's the\nundefeated dual dirt champion,\n%h_pop2.",1003201|1700101|1700901|%h_pop2,100,0,0,0
1981,130813,"She might not be satisfied with this ranking,\nbut the second favorite is the undefeated dual\ndirt champion, %h_pop2.",%w_0.1|1003401|1700101|1700901|%h_pop2,100,0,0,0
1982,130814,"The third favorite is the undefeated dual dirt\nchampion, %h_pop3.",%w_0.3|1003501|1700101|1700901|%h_pop3,100,0,0,0
1983,130814,"For the third favorite, we have the undefeated\ndual dirt champion, %h_pop3.",%w_0.3|1003601|1700101|1700901|%h_pop3,100,0,0,0
1984,130814,"With her sights firmly set on the top spots, the\nthird favorite is the undefeated dual dirt\nchampion, %h_pop3.",%w_0.3|1003701|1700101|1700901|%h_pop3,100,0,0,0
1985,130814,"With the popularity and the skills to back it\nup, it's the undefeated dual dirt champion,\n%h_pop3, today's third\nfavorite.",%w_0.3|1003801|1700101|1700901|%h_pop3|1003802,100,0,0,0
1986,130815,"Now, here's the undisputed star of the show.\nIt's the undefeated dual dirt champion,\n%h_pop1. She's the favorite to\nwin.",1003901|1700101|1700901|%h_pop1|1002802,100,0,0,0
1987,130815,"Waiting for the start with an air of dignity is\nthe undefeated dual dirt champion and today's\nfavorite, %h_pop1.",%w_0.1|1003903|1700101|1700901|%h_pop1|1002802,100,0,0,0
1988,130815,"Carrying the hopes of all the fans crowding the\nstands, the favorite for today is the undefeated\ndual dirt champion, %h_pop1.",1003905|1700101|1700901|%h_pop1|1002802,100,0,0,0
1995,130816,"Taking her on is the undefeated dual dirt\nchampion, %h_pop2. This\nshould be a showdown to remember.",1004001|1700101|1700901|%h_pop2|1004002,100,0,0,0
1996,130816,"The second favorite and undefeated dual dirt\nchampion, %h_pop2, can\ncertainly hold her own against today's top\nfavorite.",1004003|1700101|1700901|%h_pop2|1004004,100,0,0,0
1997,130816,"Now, here's the second favorite. The\nundefeated dual dirt champion,\n%h_pop2, is fully set on\nclinching victory.",1004005|1700101|1700901|%h_pop2|1004006,100,0,0,0
1998,130816,"Taking her on is the undefeated dual dirt\nchampion, %h_pop2, who can\ncertainly hold her own against the favorite.",1004001|1700101|1700901|%h_pop2|1004004,100,0,0,0
1999,130816,"The second favorite and undefeated dual dirt\nchampion, %h_pop2, is fully\nset on clinching victory.",1004003|1700101|1700901|%h_pop2|1004006,100,0,0,0
2000,130816,"Now, here's the second favorite. The\nundefeated dual dirt champion,\n%h_pop2, should give us a\nshowdown to remember.",1004005|1700101|1700901|%h_pop2|1004002,100,0,0,0
2001,130816,"Taking her on is the undefeated dual dirt\nchampion, %h_pop2, who is\nfully set on clinching victory.",1004001|1700101|1700901|%h_pop2|1004006,100,0,0,0
2002,130816,"The second favorite and undefeated dual dirt\nchampion, %h_pop2, should\ngive us a showdown to remember.",1004003|1700101|1700901|%h_pop2|1004002,100,0,0,0
2003,130816,"Now, here's the second favorite. The\nundefeated dual dirt champion,\n%h_pop2, can certainly hold\nher own against today's top favorite.",1004005|1700101|1700901|%h_pop2|1004004,100,0,0,0
2004,130817,"The undefeated dual dirt champion,\n%h_pop3, is currently the third\nfavorite. She's the hot pick of late!",%w_0.3|1700101|1700901|%h_pop3|1004101|1004102,100,0,0,0
2005,130817,"The undefeated dual dirt champion,\n%h_pop3, is the third favorite.\nCan she overcome the odds?!",%w_0.3|1700101|1700901|%h_pop3|1004103|1004104,100,0,0,0
2007,130817,"The undefeated dual dirt champion,\n%h_pop3, is currently the third\nfavorite. Can she overcome the odds?!",%w_0.3|1700101|1700901|%h_pop3|1004101|1004104,100,0,0,0
2008,130817,"The undefeated dual dirt champion,\n%h_pop3, is the third favorite.\nHer superior ability is undeniable!",%w_0.3|1700101|1700901|%h_pop3|1004103|1004106,100,0,0,0
2010,130817,"The undefeated dual dirt champion,\n%h_pop3, is currently the third\nfavorite. Her superior ability is undeniable!",%w_0.3|1700101|1700901|%h_pop3|1004101|1004106,100,0,0,0
2011,130817,"The undefeated dual dirt champion,\n%h_pop3, is the third favorite.\nShe's the hot pick of late!",%w_0.3|1700101|1700901|%h_pop3|1004103|1004102,100,0,0,0
2013,130818,"All eyes are on the undefeated dual dirt\nchampion, %h_player, running in\n%p_waku_ban.",1088201|1700101|1700901|%h_player|%p_waku_ban,100,0,0,0
2014,130900,"The current favorite is the grand prix hero,\n%h_pop1.",1002701|1701001|%h_pop1,100,0,0,0
2015,130900,"The most popular athlete in this race is the\ngrand prix hero, %h_pop1.\nShe's the favorite to win.",1002801|1701001|%h_pop1|1002802,100,0,0,0
2016,130900,"Now, introducing the favorite to win. It's the\ngrand prix hero, %h_pop1.",1002901|1701001|%h_pop1,100,0,0,0
2017,130900,"You guessed it! The favorite is the grand prix\nhero, %h_pop1.",1003001|1701001|%h_pop1,100,0,0,0
2018,130902,"The second favorite is the grand prix hero,\n%h_pop2.",1003101|1701001|%h_pop2,100,0,0,0
2019,130902,"Now, introducing the second favorite. It's the\ngrand prix hero, %h_pop2.",1003201|1701001|%h_pop2,100,0,0,0
2020,130902,"With more than enough skill to rival the top\npick, today's second favorite is the grand prix\nhero, %h_pop2.",1003301|1701001|%h_pop2,100,0,0,0
2021,130902,"She might not be satisfied with this ranking,\nbut the second favorite is the grand prix hero,\n%h_pop2.",%w_0.1|1003401|1701001|%h_pop2,100,0,0,0
2022,130903,"Now, introducing the second favorite. It's the\ngrand prix hero, %h_pop2.",1003201|1701001|%h_pop2,100,0,0,0
2023,130903,"She might not be satisfied with this ranking,\nbut the second favorite is the grand prix hero,\n%h_pop2.",%w_0.1|1003401|1701001|%h_pop2,100,0,0,0
2024,130904,"The third favorite is the grand prix hero,\n%h_pop3.",%w_0.3|1003501|1701001|%h_pop3,100,0,0,0
2025,130904,"For the third favorite, we have the grand prix\nhero, %h_pop3.",%w_0.3|1003601|1701001|%h_pop3,100,0,0,0
2026,130904,"With her sights firmly set on the top spots, the\nthird favorite is the grand prix hero,\n%h_pop3.",%w_0.3|1003701|1701001|%h_pop3,100,0,0,0
2027,130904,"With the popularity and the skills to back it\nup, it's the grand prix hero,\n%h_pop3, today's third\nfavorite.",%w_0.3|1003801|1701001|%h_pop3|1003802,100,0,0,0
2028,130905,"Now, here's the undisputed star of the show.\nIt's the grand prix hero,\n%h_pop1. She's the favorite to\nwin.",1003901|1701001|%h_pop1|1002802,100,0,0,0
2029,130905,"Waiting for the start with an air of dignity is\nthe grand prix hero and today's favorite,\n%h_pop1.",%w_0.1|1003903|1701001|%h_pop1|1002802,100,0,0,0
2030,130905,"Carrying the hopes of all the fans crowding the\nstands, the favorite for today is the grand prix\nhero, %h_pop1.",1003905|1701001|%h_pop1|1002802,100,0,0,0
2037,130906,"Taking her on is the grand prix hero,\n%h_pop2. This should be a\nshowdown to remember.",1004001|1701001|%h_pop2|1004002,100,0,0,0
2038,130906,"The second favorite and grand prix hero,\n%h_pop2, can certainly hold\nher own against today's top favorite.",1004003|1701001|%h_pop2|1004004,100,0,0,0
2039,130906,"Now, here's the second favorite. The grand prix\nhero, %h_pop2, is fully set on\nclinching victory.",1004005|1701001|%h_pop2|1004006,100,0,0,0
2040,130906,"Taking her on is the grand prix hero,\n%h_pop2, who can certainly\nhold her own against the favorite.",1004001|1701001|%h_pop2|1004004,100,0,0,0
2041,130906,"The second favorite and grand prix hero,\n%h_pop2, is fully set on\nclinching victory.",1004003|1701001|%h_pop2|1004006,100,0,0,0
2042,130906,"Now, here's the second favorite. The grand prix\nhero, %h_pop2, should give us\na showdown to remember.",1004005|1701001|%h_pop2|1004002,100,0,0,0
2043,130906,"Taking her on is the grand prix hero,\n%h_pop2, who is fully set on\nclinching victory.",1004001|1701001|%h_pop2|1004006,100,0,0,0
2044,130906,"The second favorite and grand prix hero,\n%h_pop2, should give us a\nshowdown to remember.",1004003|1701001|%h_pop2|1004002,100,0,0,0
2045,130906,"Now, here's the second favorite. The grand prix\nhero, %h_pop2, can certainly\nhold her own against today's top favorite.",1004005|1701001|%h_pop2|1004004,100,0,0,0
2046,130907,"The grand prix hero, %h_pop3,\nis currently the third favorite. She's the hot\npick of late!",%w_0.3|1701001|%h_pop3|1004101|1004102,100,0,0,0
2047,130907,"The grand prix hero, %h_pop3,\nis the third favorite. Can she overcome the\nodds?!",%w_0.3|1701001|%h_pop3|1004103|1004104,100,0,0,0
2049,130907,"The grand prix hero, %h_pop3,\nis currently the third favorite. Can she\novercome the odds?!",%w_0.3|1701001|%h_pop3|1004101|1004104,100,0,0,0
2050,130907,"The grand prix hero, %h_pop3,\nis the third favorite. Her superior ability is\nundeniable!",%w_0.3|1701001|%h_pop3|1004103|1004106,100,0,0,0
2052,130907,"The grand prix hero, %h_pop3,\nis currently the third favorite. Her superior\nability is undeniable!",%w_0.3|1701001|%h_pop3|1004101|1004106,100,0,0,0
2053,130907,"The grand prix hero, %h_pop3,\nis the third favorite. She's the hot pick of late!",%w_0.3|1701001|%h_pop3|1004103|1004102,100,0,0,0
2055,130908,"All eyes are on the grand prix hero,\n%h_player, running in\n%p_waku_ban.",1088201|1701001|%h_player|%p_waku_ban,100,0,0,0
2056,130910,"The current favorite is the undefeated grand\nprix hero, %h_pop1.",1002701|1700101|1701001|%h_pop1,100,0,0,0
2057,130910,"The most popular athlete in this race is the\nundefeated grand prix hero,\n%h_pop1. She's the favorite to\nwin.",1002801|1700101|1701001|%h_pop1|1002802,100,0,0,0
2058,130910,"Now, introducing the favorite to win. It's the\nundefeated grand prix hero,\n%h_pop1.",1002901|1700101|1701001|%h_pop1,100,0,0,0
2059,130910,"You guessed it! The favorite is the undefeated\ngrand prix hero, %h_pop1.",1003001|1700101|1701001|%h_pop1,100,0,0,0
2060,130912,"The second favorite is the undefeated grand\nprix hero, %h_pop2.",1003101|1700101|1701001|%h_pop2,100,0,0,0
2061,130912,"Now, introducing the second favorite. It's the\nundefeated grand prix hero,\n%h_pop2.",1003201|1700101|1701001|%h_pop2,100,0,0,0
2062,130912,"With more than enough skill to rival the top\npick, today's second favorite is the undefeated\ngrand prix hero, %h_pop2.",1003301|1700101|1701001|%h_pop2,100,0,0,0
2063,130912,"She might not be satisfied with this ranking,\nbut the second favorite is the undefeated\ngrand prix hero, %h_pop2.",%w_0.1|1003401|1700101|1701001|%h_pop2,100,0,0,0
2064,130913,"Now, introducing the second favorite. It's the\nundefeated grand prix hero,\n%h_pop2.",1003201|1700101|1701001|%h_pop2,100,0,0,0
2065,130913,"She might not be satisfied with this ranking,\nbut the second favorite is the undefeated\ngrand prix hero, %h_pop2.",%w_0.1|1003401|1700101|1701001|%h_pop2,100,0,0,0
2066,130914,"The third favorite is the undefeated grand prix\nhero, %h_pop3.",%w_0.3|1003501|1700101|1701001|%h_pop3,100,0,0,0
2067,130914,"For the third favorite, we have the undefeated\ngrand prix hero, %h_pop3.",%w_0.3|1003601|1700101|1701001|%h_pop3,100,0,0,0
2068,130914,"With her sights firmly set on the top spots, the\nthird favorite is the undefeated grand prix\nhero, %h_pop3.",%w_0.3|1003701|1700101|1701001|%h_pop3,100,0,0,0
2069,130914,"With the popularity and the skills to back it\nup, it's the undefeated grand prix hero,\n%h_pop3, today's third\nfavorite.",%w_0.3|1003801|1700101|1701001|%h_pop3|1003802,100,0,0,0
2070,130915,"Now, here's the undisputed star of the show.\nIt's the undefeated grand prix hero,\n%h_pop1. She's the favorite to\nwin.",1003901|1700101|1701001|%h_pop1|1002802,100,0,0,0
2071,130915,"Waiting for the start with an air of dignity is\nthe undefeated grand prix hero and today's\nfavorite, %h_pop1.",%w_0.1|1003903|1700101|1701001|%h_pop1|1002802,100,0,0,0
2072,130915,"Carrying the hopes of all the fans crowding the\nstands, the favorite for today is the undefeated\ngrand prix hero, %h_pop1.",1003905|1700101|1701001|%h_pop1|1002802,100,0,0,0
2079,130916,"Taking her on is the undefeated grand prix\nhero, %h_pop2. This should be\na showdown to remember.",1004001|1700101|1701001|%w_0.01|%h_pop2|1004002,100,0,0,0
2080,130916,"The second favorite and undefeated grand prix\nhero, %h_pop2, can certainly\nhold her own against today's top favorite.",1004003|1700101|1701001|%w_0.01|%h_pop2|1004004,100,0,0,0
2081,130916,"Now, here's the second favorite. The\nundefeated grand prix hero,\n%h_pop2, is fully set on\nclinching victory.",1004005|1700101|1701001|%w_0.01|%h_pop2|1004006,100,0,0,0
2082,130916,"Taking her on is the undefeated grand prix\nhero, %h_pop2, who can\ncertainly hold her own against the favorite.",1004001|1700101|1701001|%w_0.01|%h_pop2|1004004,100,0,0,0
2083,130916,"The second favorite and undefeated grand prix\nhero, %h_pop2, is fully set on\nclinching victory.",1004003|1700101|1701001|%w_0.01|%h_pop2|1004006,100,0,0,0
2084,130916,"Now, here's the second favorite. The\nundefeated grand prix hero,\n%h_pop2, should give us a\nshowdown to remember.",1004005|1700101|1701001|%w_0.01|%h_pop2|1004002,100,0,0,0
2085,130916,"Taking her on is the undefeated grand prix\nhero, %h_pop2, who is fully set\non clinching victory.",1004001|1700101|1701001|%w_0.01|%h_pop2|1004006,100,0,0,0
2086,130916,"The second favorite and undefeated grand prix\nhero, %h_pop2, should give us\na showdown to remember.",1004003|1700101|1701001|%w_0.01|%h_pop2|1004002,100,0,0,0
2087,130916,"Now, here's the second favorite. The\nundefeated grand prix hero,\n%h_pop2, can certainly hold\nher own against today's top favorite.",1004005|1700101|1701001|%w_0.01|%h_pop2|1004004,100,0,0,0
2088,130917,"The undefeated grand prix hero,\n%h_pop3, is currently the third\nfavorite. She's the hot pick of late!",%w_0.3|1700101|1701001|%h_pop3|1004101|1004102,100,0,0,0
2089,130917,"The undefeated grand prix hero,\n%h_pop3, is the third favorite.\nCan she overcome the odds?!",%w_0.3|1700101|1701001|%h_pop3|1004103|1004104,100,0,0,0
2091,130917,"The undefeated grand prix hero,\n%h_pop3, is currently the third\nfavorite. Can she overcome the odds?!",%w_0.3|1700101|1701001|%h_pop3|1004101|1004104,100,0,0,0
2092,130917,"The undefeated grand prix hero,\n%h_pop3, is the third favorite.\nHer superior ability is undeniable!",%w_0.3|1700101|1701001|%h_pop3|1004103|1004106,100,0,0,0
2094,130917,"The undefeated grand prix hero,\n%h_pop3, is currently the third\nfavorite. Her superior ability is undeniable!",%w_0.3|1700101|1701001|%h_pop3|1004101|1004106,100,0,0,0
2095,130917,"The undefeated grand prix hero,\n%h_pop3, is the third favorite.\nShe's the hot pick of late!",%w_0.3|1700101|1701001|%h_pop3|1004103|1004102,100,0,0,0
2097,130918,"All eyes are on the undefeated grand prix\nhero, %h_player, running in\n%p_waku_ban.",1088201|1700101|1701001|%h_player|%p_waku_ban,100,0,0,0
2098,131000,"The current favorite is the Derby champion,\n%h_pop1.",1002701|1701101|%h_pop1,100,0,0,0
2099,131000,"The most popular athlete in this race is the\nDerby champion, %h_pop1.\nShe's the favorite to win.",1002801|1701101|%h_pop1|1002802,100,0,0,0
2100,131000,"Now, introducing the favorite to win. It's the\nDerby champion, %h_pop1.",1002901|1701101|%h_pop1,100,0,0,0
2101,131000,"You guessed it! The favorite is the Derby\nchampion, %h_pop1.",1003001|1701101|%h_pop1,100,0,0,0
2102,131002,"The second favorite is the Derby champion,\n%h_pop2.",1003101|1701101|%h_pop2,100,0,0,0
2103,131002,"Now, introducing the second favorite. It's the\nDerby champion, %h_pop2.",1003201|1701101|%h_pop2,100,0,0,0
2104,131002,"With more than enough skill to rival the top\npick, today's second favorite is the Derby\nchampion, %h_pop2.",1003301|%c_0.02|1701101|%h_pop2,100,0,0,0
2105,131002,"She might not be satisfied with this ranking,\nbut the second favorite is the Derby champion,\n%h_pop2.",%w_0.1|1003401|1701101|%h_pop2,100,0,0,0
2106,131003,"Now, introducing the second favorite. It's the\nDerby champion, %h_pop2.",1003201|1701101|%h_pop2,100,0,0,0
2107,131003,"She might not be satisfied with this ranking,\nbut the second favorite is the Derby champion,\n%h_pop2.",%w_0.1|1003401|1701101|%h_pop2,100,0,0,0
2108,131004,"The third favorite is the Derby champion,\n%h_pop3.",%w_0.3|1003501|1701101|%h_pop3,100,0,0,0
2109,131004,"For the third favorite, we have the Derby\nchampion, %h_pop3.",%w_0.3|1003601|1701101|%h_pop3,100,0,0,0
2110,131004,"With her sights firmly set on the top spots, the\nthird favorite is the Derby champion,\n%h_pop3.",%w_0.3|1003701|1701101|%h_pop3,100,0,0,0
2111,131004,"With the popularity and the skills to back it\nup, it's the Derby champion,\n%h_pop3, today's third\nfavorite.",%w_0.3|1003801|1701101|%h_pop3|1003802,100,0,0,0
2112,131005,"Now, here's the undisputed star of the show.\nIt's the Derby champion,\n%h_pop1. She's the favorite to\nwin.",1003901|1701101|%h_pop1|1002802,100,0,0,0
2113,131005,"Waiting for the start with an air of dignity is\nthe Derby champion and today's favorite,\n%h_pop1.",%w_0.1|1003903|1701101|%h_pop1|1002802,100,0,0,0
2114,131005,"Carrying the hopes of all the fans crowding the\nstands, the favorite for today is the Derby\nchampion, %h_pop1.",1003905|1701101|%h_pop1|1002802,100,0,0,0
2121,131006,"Taking her on is the Derby champion,\n%h_pop2. This should be a\nshowdown to remember.",1004001|1701101|%h_pop2|1004002,100,0,0,0
2122,131006,"The second favorite and Derby champion,\n%h_pop2, can certainly hold\nher own against today's top favorite.",1004003|1701101|%h_pop2|1004004,100,0,0,0
2123,131006,"Now, here's the second favorite. The Derby\nchampion, %h_pop2, is fully\nset on clinching victory.",1004005|1701101|%h_pop2|1004006,100,0,0,0
2124,131006,"Taking her on is the Derby champion,\n%h_pop2, who can certainly\nhold her own against the favorite.",1004001|1701101|%h_pop2|1004004,100,0,0,0
2125,131006,"The second favorite and Derby champion,\n%h_pop2, is fully set on\nclinching victory.",1004003|1701101|%h_pop2|1004006,100,0,0,0
2126,131006,"Now, here's the second favorite. The Derby\nchampion, %h_pop2, should\ngive us a showdown to remember.",1004005|1701101|%h_pop2|1004002,100,0,0,0
2127,131006,"Taking her on is the Derby champion,\n%h_pop2, who is fully set on\nclinching victory.",1004001|1701101|%h_pop2|1004006,100,0,0,0
2128,131006,"The second favorite and Derby champion,\n%h_pop2, should give us a\nshowdown to remember.",1004003|1701101|%h_pop2|%w_0.02|1004002,100,0,0,0
2129,131006,"Now, here's the second favorite. The Derby\nchampion, %h_pop2, can\ncertainly hold her own against today's top\nfavorite.",1004005|1701101|%h_pop2|1004004,100,0,0,0
2130,131007,"The Derby champion,\n%h_pop3, is currently the third\nfavorite. She's the hot pick of late!",%w_0.3|1701101|%h_pop3|1004101|1004102,100,0,0,0
2131,131007,"The Derby champion,\n%h_pop3, is the third favorite.\nCan she overcome the odds?!",%w_0.3|1701101|%h_pop3|1004103|1004104,100,0,0,0
2133,131007,"The Derby champion,\n%h_pop3, is currently the third\nfavorite. Can she overcome the odds?!",%w_0.3|1701101|%h_pop3|1004101|1004104,100,0,0,0
2134,131007,"The Derby champion,\n%h_pop3, is the third favorite.\nHer superior ability is undeniable!",%w_0.3|1701101|%h_pop3|1004103|1004106,100,0,0,0
2136,131007,"The Derby champion,\n%h_pop3, is currently the third\nfavorite. Her superior ability is undeniable!",%w_0.3|1701101|%h_pop3|1004101|1004106,100,0,0,0
2137,131007,"The Derby champion,\n%h_pop3, is the third favorite.\nShe's the hot pick of late!",%w_0.3|1701101|%h_pop3|1004103|1004102,100,0,0,0
2139,131008,"All eyes are on the Derby champion,\n%h_player, running in\n%p_waku_ban.",1088201|1701101|%h_player|%p_waku_ban,100,0,0,0
2140,131010,"The current favorite is the undefeated Derby\nchampion, %h_pop1.",1002701|1700101|1701101|%h_pop1,100,0,0,0
2141,131010,"The most popular athlete in this race is the\nundefeated Derby champion,\n%h_pop1. She's the favorite to\nwin.",1002801|1700101|1701101|%h_pop1|1002802,100,0,0,0
2142,131010,"Now, introducing the favorite to win. It's the\nundefeated Derby champion,\n%h_pop1.",1002901|1700101|1701101|%h_pop1,100,0,0,0
2143,131010,"You guessed it! The favorite is the undefeated\nDerby champion, %h_pop1.",1003001|1700101|1701101|%h_pop1,100,0,0,0
2144,131012,"The second favorite is the undefeated Derby\nchampion, %h_pop2.",1003101|1700101|1701101|%h_pop2,100,0,0,0
2145,131012,"Now, introducing the second favorite. It's the\nundefeated Derby champion,\n%h_pop2.",1003201|1700101|1701101|%h_pop2,100,0,0,0
2146,131012,"With more than enough skill to rival the top\npick, today's second favorite is the undefeated\nDerby champion, %h_pop2.",1003301|1700101|1701101|%h_pop2,100,0,0,0
2147,131012,"She might not be satisfied with this ranking,\nbut the second favorite is the undefeated\nDerby champion, %h_pop2.",%w_0.1|1003401|1700101|1701101|%h_pop2,100,0,0,0
2148,131013,"Now, introducing the second favorite. It's the\nundefeated Derby champion,\n%h_pop2.",1003201|1700101|1701101|%h_pop2,100,0,0,0
2149,131013,"She might not be satisfied with this ranking,\nbut the second favorite is the undefeated\nDerby champion, %h_pop2.",%w_0.1|1003401|1700101|1701101|%h_pop2,100,0,0,0
2150,131014,"The third favorite is the undefeated Derby\nchampion, %h_pop3.",%w_0.3|1003501|1700101|1701101|%h_pop3,100,0,0,0
2151,131014,"For the third favorite, we have the undefeated\nDerby champion, %h_pop3.",%w_0.3|1003601|1700101|1701101|%h_pop3,100,0,0,0
2152,131014,"With her sights firmly set on the top spots, the\nthird favorite is the undefeated Derby\nchampion, %h_pop3.",%w_0.3|1003701|1700101|1701101|%h_pop3,100,0,0,0
2153,131014,"With the popularity and the skills to back it\nup, it's the undefeated Derby champion,\n%h_pop3, today's third\nfavorite.",%w_0.3|1003801|1700101|1701101|%h_pop3|1003802,100,0,0,0
2154,131015,"Now, here's the undisputed star of the show.\nIt's the undefeated Derby champion,\n%h_pop1. She's the favorite to\nwin.",1003901|1700101|1701101|%h_pop1|1002802,100,0,0,0
2155,131015,"Waiting for the start with an air of dignity is\nthe undefeated Derby champion and today's\nfavorite, %h_pop1.",%w_0.1|1003903|1700101|1701101|%h_pop1|%w_0.01|1002802,100,0,0,0
2156,131015,"Carrying the hopes of all the fans crowding the\nstands, the favorite for today is the undefeated\nDerby champion, %h_pop1.",1003905|1700101|1701101|%h_pop1|1002802,100,0,0,0
2163,131016,"Taking her on is the undefeated Derby\nchampion, %h_pop2. This\nshould be a showdown to remember.",1004001|1700101|1701101|%h_pop2|%w_0.02|1004002,100,0,0,0
2164,131016,"The second favorite and undefeated Derby\nchampion, %h_pop2, can\ncertainly hold her own against today's top\nfavorite.",1004003|1700101|1701101|%h_pop2|1004004,100,0,0,0
2165,131016,"Now, here's the second favorite. The\nundefeated Derby champion,\n%h_pop2, is fully set on\nclinching victory.",1004005|1700101|1701101|%h_pop2|1004006,100,0,0,0
2166,131016,"Taking her on is the undefeated Derby\nchampion, %h_pop2, who can\ncertainly hold her own against the favorite.",1004001|1700101|1701101|%h_pop2|1004004,100,0,0,0
2167,131016,"The second favorite and undefeated Derby\nchampion, %h_pop2, is fully\nset on clinching victory.",1004003|1700101|1701101|%h_pop2|1004006,100,0,0,0
2168,131016,"Now, here's the second favorite. The\nundefeated Derby champion,\n%h_pop2, should give us a\nshowdown to remember.",1004005|1700101|1701101|%h_pop2|1004002,100,0,0,0
2169,131016,"Taking her on is the undefeated Derby\nchampion, %h_pop2, who is\nfully set on clinching victory.",1004001|1700101|1701101|%h_pop2|1004006,100,0,0,0
2170,131016,"The second favorite and undefeated Derby\nchampion, %h_pop2, should\ngive us a showdown to remember.",1004003|1700101|1701101|%h_pop2|1004002,100,0,0,0
2171,131016,"Now, here's the second favorite. The\nundefeated Derby champion,\n%h_pop2, can certainly hold\nher own against today's top favorite.",1004005|1700101|1701101|%h_pop2|1004004,100,0,0,0
2172,131017,"The undefeated Derby champion,\n%h_pop3, is currently the third\nfavorite. She's the hot pick of late!",%w_0.3|1700101|1701101|%h_pop3|1004101|1004102,100,0,0,0
2173,131017,"The undefeated Derby champion,\n%h_pop3, is the third favorite.\nCan she overcome the odds?!",%w_0.3|1700101|1701101|%h_pop3|1004103|1004104,100,0,0,0
2175,131017,"The undefeated Derby champion,\n%h_pop3, is currently the third\nfavorite. Can she overcome the odds?!",%w_0.3|1700101|1701101|%h_pop3|1004101|1004104,100,0,0,0
2176,131017,"The undefeated Derby champion,\n%h_pop3, is the third favorite.\nHer superior ability is undeniable!",%w_0.3|1700101|1701101|%h_pop3|1004103|1004106,100,0,0,0
2178,131017,"The undefeated Derby champion,\n%h_pop3, is currently the third\nfavorite. Her superior ability is undeniable!",%w_0.3|1700101|1701101|%h_pop3|1004101|1004106,100,0,0,0
2179,131017,"The undefeated Derby champion,\n%h_pop3, is the third favorite.\nShe's the hot pick of late!",%w_0.3|1700101|1701101|%h_pop3|1004103|1004102,100,0,0,0
2181,131018,"All eyes are on the undefeated Derby\nchampion, %h_player, running in\n%p_waku_ban.",1088201|1700101|1701101|%h_player|%p_waku_ban,100,0,0,0
2182,131100,"The current favorite is the star of the Tenno\nSho, %h_pop1.",1002701|1701201|%h_pop1,100,0,0,0
2183,131100,"The most popular athlete in this race is the star\nof the Tenno Sho, %h_pop1.\nShe's the favorite to win.",1002801|1701201|%h_pop1|1002802,100,0,0,0
2184,131100,"Now, introducing the favorite to win. It's the\nstar of the Tenno Sho,\n%h_pop1.",1002901|1701201|%h_pop1,100,0,0,0
2185,131100,"You guessed it! The favorite is the star of the\nTenno Sho, %h_pop1.",1003001|1701201|%h_pop1,100,0,0,0
2186,131102,"The second favorite is the star of the Tenno\nSho, %h_pop2.",1003101|1701201|%h_pop2,100,0,0,0
2187,131102,"Now, introducing the second favorite. It's the\nstar of the Tenno Sho,\n%h_pop2.",1003201|1701201|%h_pop2,100,0,0,0
2188,131102,"With more than enough skill to rival the top\npick, today's second favorite is the star of the\nTenno Sho, %h_pop2.",1003301|1701201|%h_pop2,100,0,0,0
2189,131102,"She might not be satisfied with this ranking,\nbut the second favorite is the star of the Tenno\nSho, %h_pop2.",%w_0.1|1003401|1701201|%h_pop2,100,0,0,0
2190,131103,"Now, introducing the second favorite. It's the\nstar of the Tenno Sho,\n%h_pop2.",1003201|1701201|%h_pop2,100,0,0,0
2191,131103,"She might not be satisfied with this ranking,\nbut the second favorite is the star of the Tenno\nSho, %h_pop2.",%w_0.1|1003401|1701201|%h_pop2,100,0,0,0
2192,131104,"The third favorite is the star of the Tenno Sho,\n%h_pop3.",%w_0.3|1003501|1701201|%h_pop3,100,0,0,0
2193,131104,"For the third favorite, we have the star of the\nTenno Sho, %h_pop3.",%w_0.3|1003601|1701201|%h_pop3,100,0,0,0
2194,131104,"With her sights firmly set on the top spots, the\nthird favorite is the star of the Tenno Sho,\n%h_pop3.",%w_0.3|1003701|1701201|%h_pop3,100,0,0,0
2195,131104,"With the popularity and the skills to back it\nup, it's the star of the Tenno Sho,\n%h_pop3, today's third\nfavorite.",%w_0.3|1003801|1701201|%h_pop3|1003802,100,0,0,0
2196,131105,"Now, here's the undisputed star of the show.\nIt's the star of the Tenno Sho,\n%h_pop1. She's the favorite to\nwin.",1003901|1701201|%h_pop1|1002802,100,0,0,0
2197,131105,"Waiting for the start with an air of dignity is\nthe star of the Tenno Sho and today's favorite,\n%h_pop1.",%w_0.1|1003903|1701201|%h_pop1|1002802,100,0,0,0
2198,131105,"Carrying the hopes of all the fans crowding the\nstands, the favorite for today is the star of the\nTenno Sho, %h_pop1.",1003905|1701201|%h_pop1|1002802,100,0,0,0
2205,131106,"Taking her on is the star of the Tenno Sho,\n%h_pop2. This should be a\nshowdown to remember.",1004001|1701201|%h_pop2|1004002,100,0,0,0
2206,131106,"The second favorite and Tenno Sho champion,\n%h_pop2, can certainly hold\nher own against today's top favorite.",1004003|1701201|%h_pop2|1004004,100,0,0,0
2207,131106,"Now, here's the second favorite. The Tenno\nSho victor, %h_pop2, is fully\nset on clinching victory.",1004005|1701201|%h_pop2|1004006,100,0,0,0
2208,131106,"Taking her on is the star of the Tenno Sho,\n%h_pop2, who can certainly\nhold her own against the favorite.",1004001|1701201|%h_pop2|1004004,100,0,0,0
2209,131106,"The second favorite and Tenno Sho champion,\n%h_pop2, is fully set on\nclinching victory.",1004003|1701201|%h_pop2|1004006,100,0,0,0
2210,131106,"Now, here's the second favorite. The Tenno\nSho victor, %h_pop2, should\ngive us a showdown to remember.",1004005|1701201|%h_pop2|1004002,100,0,0,0
2211,131106,"Taking her on is the star of the Tenno Sho,\n%h_pop2, who is fully set on\nclinching victory.",1004001|1701201|%h_pop2|1004006,100,0,0,0
2212,131106,"The second favorite and Tenno Sho champion,\n%h_pop2, should give us a\nshowdown to remember.",1004003|1701201|%h_pop2|1004002,100,0,0,0
2213,131106,"Now, here's the second favorite. The Tenno\nSho victor, %h_pop2, can\ncertainly hold her own against today's top\nfavorite.",1004005|1701201|%h_pop2|1004004,100,0,0,0
2214,131107,"The Tenno Sho victor,\n%h_pop3, is currently the third\nfavorite. She's the hot pick of late!",%w_0.3|1701201|%h_pop3|1004101|1004102,100,0,0,0
2215,131107,"The Tenno Sho victor,\n%h_pop3, is the third favorite.\nCan she overcome the odds?!",%w_0.3|1701201|%h_pop3|1004103|1004104,100,0,0,0
2217,131107,"The Tenno Sho victor,\n%h_pop3, is currently the third\nfavorite. Can she overcome the odds?!",%w_0.3|1701201|%h_pop3|1004101|1004104,100,0,0,0
2218,131107,"The Tenno Sho victor,\n%h_pop3, is the third favorite.\nHer superior ability is undeniable!",%w_0.3|1701201|%h_pop3|1004103|1004106,100,0,0,0
2220,131107,"The Tenno Sho victor,\n%h_pop3, is currently the third\nfavorite. Her superior ability is undeniable!",%w_0.3|1701201|%h_pop3|1004101|1004106,100,0,0,0
2221,131107,"The Tenno Sho victor,\n%h_pop3, is the third favorite.\nShe's the hot pick of late!",%w_0.3|1701201|%h_pop3|1004103|1004102,100,0,0,0
2223,131108,"All eyes are on the Tenno Sho champion,\n%h_player, running in\n%p_waku_ban.",1088201|1701201|%h_player|%p_waku_ban,100,0,0,0
2224,131110,"The current favorite is the undefeated Tenno\nSho champion, %h_pop1.",1002701|1700101|1701201|%h_pop1,100,0,0,0
2225,131110,"The most popular athlete in this race is the\nundefeated Tenno Sho champion,\n%h_pop1. She's the favorite to\nwin.",1002801|1700101|1701201|%h_pop1|1002802,100,0,0,0
2226,131110,"Now, introducing the favorite to win. It's the\nundefeated Tenno Sho champion,\n%h_pop1.",1002901|1700101|1701201|%h_pop1,100,0,0,0
2227,131110,"You guessed it! The favorite is the undefeated\nTenno Sho champion,\n%h_pop1.",1003001|1700101|1701201|%h_pop1,100,0,0,0
2228,131112,"The second favorite is the undefeated Tenno\nSho champion, %h_pop2.",1003101|1700101|1701201|%h_pop2,100,0,0,0
2229,131112,"Now, introducing the second favorite. It's the\nundefeated Tenno Sho champion,\n%h_pop2.",1003201|1700101|1701201|%h_pop2,100,0,0,0
2230,131112,"With more than enough skill to rival the top\npick, today's second favorite is the undefeated\nTenno Sho champion,\n%h_pop2.",1003301|1700101|1701201|%h_pop2,100,0,0,0
2231,131112,"She might not be satisfied with this ranking,\nbut the second favorite is the undefeated\nTenno Sho champion,\n%h_pop2.",%w_0.1|1003401|1700101|1701201|%h_pop2,100,0,0,0
2232,131113,"Now, introducing the second favorite. It's the\nundefeated Tenno Sho champion,\n%h_pop2.",1003201|1700101|1701201|%h_pop2,100,0,0,0
2233,131113,"She might not be satisfied with this ranking,\nbut the second favorite is the undefeated\nTenno Sho champion,\n%h_pop2.",%w_0.1|1003401|1700101|1701201|%h_pop2,100,0,0,0
2234,131114,"The third favorite is the undefeated Tenno Sho\nchampion, %h_pop3.",%w_0.3|1003501|1700101|1701201|%h_pop3,100,0,0,0
2235,131114,"For the third favorite, we have the undefeated\nTenno Sho champion,\n%h_pop3.",%w_0.3|1003601|1700101|1701201|%h_pop3,100,0,0,0
2236,131114,"With her sights firmly set on the top spots, the\nthird favorite is the undefeated Tenno Sho\nchampion, %h_pop3.",%w_0.3|1003701|1700101|1701201|%h_pop3,100,0,0,0
2237,131114,"With the popularity and the skills to back it\nup, it's the undefeated Tenno Sho champion,\n%h_pop3, today's third\nfavorite.",%w_0.3|1003801|1700101|1701201|%h_pop3|1003802,100,0,0,0
2238,131115,"Now, here's the undisputed star of the show.\nIt's the undefeated Tenno Sho champion,\n%h_pop1. She's the favorite to\nwin.",1003901|1700101|1701201|%h_pop1|1002802,100,0,0,0
2239,131115,"Waiting for the start with an air of dignity is\nthe undefeated Tenno Sho champion and\ntoday's favorite, %h_pop1.",%w_0.1|1003903|1700101|1701201|%h_pop1|1002802,100,0,0,0
2240,131115,"Carrying the hopes of all the fans crowding the\nstands, the favorite for today is the undefeated\nTenno Sho champion,\n%h_pop1.",1003905|1700101|1701201|%h_pop1|1002802,100,0,0,0
2247,131116,"Taking her on is the undefeated Tenno Sho\nchampion, %h_pop2. This\nshould be a showdown to remember.",1004001|1700101|1701201|%h_pop2|1004002,100,0,0,0
2248,131116,"The second favorite and undefeated Tenno\nSho champion, %h_pop2, can\ncertainly hold her own against today's top\nfavorite.",1004003|1700101|1701201|%h_pop2|1004004,100,0,0,0
2249,131116,"Now, here's the second favorite. The\nundefeated Tenno Sho champion,\n%h_pop2, is fully set on\nclinching victory.",1004005|1700101|1701201|%h_pop2|1004006,100,0,0,0
2250,131116,"Taking her on is the undefeated Tenno Sho\nchampion, %h_pop2, who can\ncertainly hold her own against the favorite.",1004001|1700101|1701201|%h_pop2|1004004,100,0,0,0
2251,131116,"The second favorite and undefeated Tenno\nSho champion, %h_pop2, is\nfully set on clinching victory.",1004003|1700101|1701201|%h_pop2|1004006,100,0,0,0
2252,131116,"Now, here's the second favorite. The\nundefeated Tenno Sho champion,\n%h_pop2, should give us a\nshowdown to remember.",1004005|1700101|1701201|%h_pop2|1004002,100,0,0,0
2253,131116,"Taking her on is the undefeated Tenno Sho\nchampion, %h_pop2, who is\nfully set on clinching victory.",1004001|1700101|1701201|%h_pop2|1004006,100,0,0,0
2254,131116,"The second favorite and undefeated Tenno\nSho champion, %h_pop2,\nshould give us a showdown to remember.",1004003|1700101|1701201|%h_pop2|1004002,100,0,0,0
2255,131116,"Now, here's the second favorite. The\nundefeated Tenno Sho champion,\n%h_pop2, can certainly hold\nher own against today's top favorite.",1004005|1700101|1701201|%h_pop2|1004004,100,0,0,0
2256,131117,"The undefeated Tenno Sho champion,\n%h_pop3, is currently the third\nfavorite. She's the hot pick of late!",%w_0.3|1700101|1701201|%h_pop3|1004101|1004102,100,0,0,0
2257,131117,"The undefeated Tenno Sho champion,\n%h_pop3, is the third favorite.\nCan she overcome the odds?!",%w_0.3|1700101|1701201|%h_pop3|1004103|1004104,100,0,0,0
2259,131117,"The undefeated Tenno Sho champion,\n%h_pop3, is currently the third\nfavorite. Can she overcome the odds?!",%w_0.3|1700101|1701201|%h_pop3|1004101|1004104,100,0,0,0
2260,131117,"The undefeated Tenno Sho champion,\n%h_pop3, is the third favorite.\nHer superior ability is undeniable!",%w_0.3|1700101|1701201|%h_pop3|1004103|1004106,100,0,0,0
2262,131117,"The undefeated Tenno Sho champion,\n%h_pop3, is currently the third\nfavorite. Her superior ability is undeniable!",%w_0.3|1700101|1701201|%h_pop3|1004101|1004106,100,0,0,0
2263,131117,"The undefeated Tenno Sho champion,\n%h_pop3, is the third favorite.\nShe's the hot pick of late!",%w_0.3|1700101|1701201|%h_pop3|1004103|1004102,100,0,0,0
2265,131118,"All eyes are on the undefeated Tenno Sho\nchampion, %h_player, running in\n%p_waku_ban.",1088201|1700101|1701201|%h_player|%p_waku_ban,100,0,0,0
2266,131200,"The current favorite is the Satsuki Sho champ,\n%h_pop1.",1002701|1701301|%h_pop1,100,0,0,0
2267,131200,"The most popular athlete in this race is the\nSatsuki Sho champ, %h_pop1.\nShe's the favorite to win.",1002801|1701301|%h_pop1|1002802,100,0,0,0
2268,131200,"Now, introducing the favorite to win. It's the\nSatsuki Sho champ, %h_pop1.",1002901|1701301|%h_pop1,100,0,0,0
2269,131200,"You guessed it! The favorite is the Satsuki Sho\nchamp, %h_pop1.",1003001|1701301|%h_pop1,100,0,0,0
2270,131202,"The second favorite is the Satsuki Sho champ,\n%h_pop2.",1003101|1701301|%h_pop2,100,0,0,0
2271,131202,"Now, introducing the second favorite. It's the\nSatsuki Sho champ, %h_pop2.",1003201|1701301|%h_pop2,100,0,0,0
2272,131202,"With more than enough skill to rival the top\npick, today's second favorite is the Satsuki Sho\nchamp, %h_pop2.",1003301|1701301|%h_pop2,100,0,0,0
2273,131202,"She might not be satisfied with this ranking,\nbut the second favorite is the Satsuki Sho\nchamp, %h_pop2.",%w_0.1|1003401|1701301|%h_pop2,100,0,0,0
2274,131203,"Now, introducing the second favorite. It's the\nSatsuki Sho champ, %h_pop2.",1003201|1701301|%h_pop2,100,0,0,0
2275,131203,"She might not be satisfied with this ranking,\nbut the second favorite is the Satsuki Sho\nchamp, %h_pop2.",%w_0.1|1003401|1701301|%h_pop2,100,0,0,0
2276,131204,"The third favorite is the Satsuki Sho champ,\n%h_pop3.",%w_0.3|1003501|1701301|%h_pop3,100,0,0,0
2277,131204,"For the third favorite, we have the Satsuki Sho\nchamp, %h_pop3.",%w_0.3|1003601|1701301|%h_pop3,100,0,0,0
2278,131204,"With her sights firmly set on the top spots, the\nthird favorite is the Satsuki Sho champ,\n%h_pop3.",%w_0.3|1003701|1701301|%h_pop3,100,0,0,0
2279,131204,"With the popularity and the skills to back it\nup, it's the Satsuki Sho champ,\n%h_pop3, today's third\nfavorite.",%w_0.3|1003801|1701301|%h_pop3|1003802,100,0,0,0
2280,131205,"Now, here's the undisputed star of the show.\nIt's the Satsuki Sho champ,\n%h_pop1. She's the favorite to\nwin.",1003901|1701301|%h_pop1|1002802,100,0,0,0
2281,131205,"Waiting for the start with an air of dignity is\nthe Satsuki Sho champ and today's favorite,\n%h_pop1.",%w_0.1|1003903|1701301|%h_pop1|1002802,100,0,0,0
2282,131205,"Carrying the hopes of all the fans crowding the\nstands, the favorite for today is the Satsuki Sho\nchamp, %h_pop1.",1003905|1701301|%h_pop1|1002802,100,0,0,0
2289,131206,"Taking her on is the Satsuki Sho champ,\n%h_pop2. This should be a\nshowdown to remember.",1004001|1701301|%h_pop2|1004002,100,0,0,0
2290,131206,"The second favorite and Satsuki Sho champ,\n%h_pop2, can certainly hold\nher own against today's top favorite.",1004003|1701301|%h_pop2|1004004,100,0,0,0
2291,131206,"Now, here's the second favorite. The Satsuki\nSho champ, %h_pop2, is fully\nset on clinching victory.",1004005|1701301|%h_pop2|1004006,100,0,0,0
2292,131206,"Taking her on is the Satsuki Sho champ,\n%h_pop2, who can certainly\nhold her own against the favorite.",1004001|1701301|%h_pop2|1004004,100,0,0,0
2293,131206,"The second favorite and Satsuki Sho champ,\n%h_pop2, is fully set on\nclinching victory.",1004003|1701301|%h_pop2|1004006,100,0,0,0
2294,131206,"Now, here's the second favorite. The Satsuki\nSho champ, %h_pop2, should\ngive us a showdown to remember.",1004005|1701301|%h_pop2|1004002,100,0,0,0
2295,131206,"Taking her on is the Satsuki Sho champ,\n%h_pop2, who is fully set on\nclinching victory.",1004001|1701301|%h_pop2|1004006,100,0,0,0
2296,131206,"The second favorite and Satsuki Sho champ,\n%h_pop2, should give us a\nshowdown to remember.",1004003|1701301|%h_pop2|1004002,100,0,0,0
2297,131206,"Now, here's the second favorite. The Satsuki\nSho champ, %h_pop2, can\ncertainly hold her own against today's top\nfavorite.",1004005|1701301|%h_pop2|1004004,100,0,0,0
2298,131207,"The Satsuki Sho champ,\n%h_pop3, is currently the third\nfavorite. She's the hot pick of late!",%w_0.3|1701301|%h_pop3|1004101|1004102,100,0,0,0
2299,131207,"The Satsuki Sho champ,\n%h_pop3, is the third favorite.\nCan she overcome the odds?!",%w_0.3|1701301|%h_pop3|1004103|1004104,100,0,0,0
2301,131207,"The Satsuki Sho champ,\n%h_pop3, is currently the third\nfavorite. Can she overcome the odds?!",%w_0.3|1701301|%h_pop3|1004101|1004104,100,0,0,0
2302,131207,"The Satsuki Sho champ,\n%h_pop3, is the third favorite.\nHer superior ability is undeniable!",%w_0.3|1701301|%h_pop3|1004103|1004106,100,0,0,0
2304,131207,"The Satsuki Sho champ,\n%h_pop3, is currently the third\nfavorite. Her superior ability is undeniable!",%w_0.3|1701301|%h_pop3|1004101|1004106,100,0,0,0
2305,131207,"The Satsuki Sho champ,\n%h_pop3, is the third favorite.\nShe's the hot pick of late!",%w_0.3|1701301|%h_pop3|1004103|1004102,100,0,0,0
2307,131208,"All eyes are on the Satsuki Sho champ,\n%h_player, running in\n%p_waku_ban.",1088201|1701301|%h_player|%p_waku_ban,100,0,0,0
2308,131210,"The current favorite is the undefeated Satsuki\nSho champ, %h_pop1.",1002701|1700101|1701301|%h_pop1,100,0,0,0
2309,131210,"The most popular athlete in this race is the\nundefeated Satsuki Sho champ,\n%h_pop1. She's the favorite to\nwin.",1002801|1700101|1701301|%h_pop1|1002802,100,0,0,0
2310,131210,"Now, introducing the favorite to win. It's the\nundefeated Satsuki Sho champ,\n%h_pop1.",1002901|1700101|1701301|%h_pop1,100,0,0,0
2311,131210,"You guessed it! The favorite is the undefeated\nSatsuki Sho champ, %h_pop1.",1003001|1700101|1701301|%h_pop1,100,0,0,0
2312,131212,"The second favorite is the undefeated Satsuki\nSho champ, %h_pop2.",1003101|1700101|1701301|%h_pop2,100,0,0,0
2313,131212,"Now, introducing the second favorite. It's the\nundefeated Satsuki Sho champ,\n%h_pop2.",1003201|1700101|1701301|%h_pop2,100,0,0,0
2314,131212,"With more than enough skill to rival the top\npick, today's second favorite is the undefeated\nSatsuki Sho champ, %h_pop2.",1003301|1700101|1701301|%h_pop2,100,0,0,0
2315,131212,"She might not be satisfied with this ranking,\nbut the second favorite is the undefeated\nSatsuki Sho champ, %h_pop2.",%w_0.1|1003401|1700101|1701301|%h_pop2,100,0,0,0
2316,131213,"Now, introducing the second favorite. It's the\nundefeated Satsuki Sho champ,\n%h_pop2.",1003201|1700101|1701301|%h_pop2,100,0,0,0
2317,131213,"She might not be satisfied with this ranking,\nbut the second favorite is the undefeated\nSatsuki Sho champ, %h_pop2.",%w_0.1|1003401|1700101|1701301|%h_pop2,100,0,0,0
2318,131214,"The third favorite is the undefeated Satsuki\nSho champ, %h_pop3.",%w_0.3|1003501|1700101|1701301|%h_pop3,100,0,0,0
2319,131214,"For the third favorite, we have the undefeated\nSatsuki Sho champ, %h_pop3.",%w_0.3|1003601|1700101|1701301|%h_pop3,100,0,0,0
2320,131214,"With her sights firmly set on the top spots, the\nthird favorite is the undefeated Satsuki Sho\nchamp, %h_pop3.",%w_0.3|1003701|1700101|1701301|%h_pop3,100,0,0,0
2321,131214,"With the popularity and the skills to back it\nup, it's the undefeated Satsuki Sho champ,\n%h_pop3, today's third\nfavorite.",%w_0.3|1003801|1700101|1701301|%h_pop3|1003802,100,0,0,0
2322,131215,"Now, here's the undisputed star of the show.\nIt's the undefeated Satsuki Sho champ,\n%h_pop1. She's the favorite to\nwin.",1003901|1700101|1701301|%h_pop1|1002802,100,0,0,0
2323,131215,"Waiting for the start with an air of dignity is\nthe undefeated Satsuki Sho champ and today's\nfavorite, %h_pop1.",%w_0.1|1003903|1700101|1701301|%h_pop1|%w_0.02|1002802,100,0,0,0
2324,131215,"Carrying the hopes of all the fans crowding the\nstands, the favorite for today is the undefeated\nSatsuki Sho champ, %h_pop1.",1003905|1700101|1701301|%h_pop1|1002802,100,0,0,0
2331,131216,"Taking her on is the undefeated Satsuki Sho\nchamp, %h_pop2. This should\nbe a showdown to remember.",1004001|1700101|1701301|%h_pop2|1004002,100,0,0,0
2332,131216,"The second favorite and undefeated Satsuki\nSho champ, %h_pop2, can\ncertainly hold her own against today's top\nfavorite.",1004003|1700101|1701301|%h_pop2|1004004,100,0,0,0
2333,131216,"Now, here's the second favorite. The\nundefeated Satsuki Sho champ,\n%h_pop2, is fully set on\nclinching victory.",1004005|1700101|1701301|%h_pop2|1004006,100,0,0,0
2334,131216,"Taking her on is the undefeated Satsuki Sho\nchamp, %h_pop2, who can\ncertainly hold her own against the favorite.",1004001|1700101|1701301|%h_pop2|1004004,100,0,0,0
2335,131216,"The second favorite and undefeated Satsuki\nSho champ, %h_pop2, is fully\nset on clinching victory.",1004003|1700101|1701301|%h_pop2|1004006,100,0,0,0
2336,131216,"Now, here's the second favorite. The\nundefeated Satsuki Sho champ,\n%h_pop2, should give us a\nshowdown to remember.",1004005|1700101|1701301|%h_pop2|1004002,100,0,0,0
2337,131216,"Taking her on is the undefeated Satsuki Sho\nchamp, %h_pop2, who is fully\nset on clinching victory.",1004001|1700101|1701301|%h_pop2|1004006,100,0,0,0
2338,131216,"The second favorite and undefeated Satsuki\nSho champ, %h_pop2, should\ngive us a showdown to remember.",1004003|1700101|1701301|%h_pop2|1004002,100,0,0,0
2339,131216,"Now, here's the second favorite. The\nundefeated Satsuki Sho champ,\n%h_pop2, can certainly hold\nher own against today's top favorite.",1004005|1700101|1701301|%h_pop2|1004004,100,0,0,0
2340,131217,"The undefeated Satsuki Sho champ,\n%h_pop3, is currently the third\nfavorite. She's the hot pick of late!",%w_0.3|1700101|1701301|%h_pop3|1004101|1004102,100,0,0,0
2341,131217,"The undefeated Satsuki Sho champ,\n%h_pop3, is the third favorite.\nCan she overcome the odds?!",%w_0.3|1700101|1701301|%h_pop3|1004103|1004104,100,0,0,0
2343,131217,"The undefeated Satsuki Sho champ,\n%h_pop3, is currently the third\nfavorite. Can she overcome the odds?!",%w_0.3|1700101|1701301|%h_pop3|1004101|1004104,100,0,0,0
2344,131217,"The undefeated Satsuki Sho champ,\n%h_pop3, is the third favorite.\nHer superior ability is undeniable!",%w_0.3|1700101|1701301|%h_pop3|1004103|1004106,100,0,0,0
2346,131217,"The undefeated Satsuki Sho champ,\n%h_pop3, is currently the third\nfavorite. Her superior ability is undeniable!",%w_0.3|1700101|1701301|%h_pop3|1004101|1004106,100,0,0,0
2347,131217,"The undefeated Satsuki Sho champ,\n%h_pop3, is the third favorite.\nShe's the hot pick of late!",%w_0.3|1700101|1701301|%h_pop3|1004103|1004102,100,0,0,0
2349,131218,"All eyes are on the undefeated Satsuki Sho\nchamp, %h_player, running in\n%p_waku_ban.",1088201|1700101|1701301|%h_player|%p_waku_ban,100,0,0,0
2350,131300,"The current favorite is the Kikuka Sho\nconqueror, %h_pop1.",1002701|1701401|%h_pop1,100,0,0,0
2351,131300,"The most popular athlete in this race is the\nKikuka Sho conqueror,\n%h_pop1. She's the favorite to\nwin.",1002801|1701401|%h_pop1|1002802,100,0,0,0
2352,131300,"Now, introducing the favorite to win. It's the\nKikuka Sho conqueror,\n%h_pop1.",1002901|1701401|%h_pop1,100,0,0,0
2353,131300,"You guessed it! The favorite is the Kikuka Sho\nconqueror, %h_pop1.",1003001|1701401|%h_pop1,100,0,0,0
2354,131302,"The second favorite is the Kikuka Sho\nconqueror, %h_pop2.",1003101|1701401|%h_pop2,100,0,0,0
2355,131302,"Now, introducing the second favorite. It's the\nKikuka Sho conqueror,\n%h_pop2.",1003201|1701401|%h_pop2,100,0,0,0
2356,131302,"With more than enough skill to rival the top\npick, today's second favorite is the Kikuka Sho\nconqueror, %h_pop2.",1003301|1701401|%h_pop2,100,0,0,0
2357,131302,"She might not be satisfied with this ranking,\nbut the second favorite is the Kikuka Sho\nconqueror, %h_pop2.",%w_0.1|1003401|1701401|%h_pop2,100,0,0,0
2358,131303,"Now, introducing the second favorite. It's the\nKikuka Sho conqueror,\n%h_pop2.",1003201|1701401|%h_pop2,100,0,0,0
2359,131303,"She might not be satisfied with this ranking,\nbut the second favorite is the Kikuka Sho\nconqueror, %h_pop2.",%w_0.1|1003401|1701401|%h_pop2,100,0,0,0
2360,131304,"The third favorite is the Kikuka Sho conqueror,\n%h_pop3.",%w_0.3|1003501|1701401|%h_pop3,100,0,0,0
2361,131304,"For the third favorite, we have the Kikuka Sho\nconqueror, %h_pop3.",%w_0.3|1003601|1701401|%h_pop3,100,0,0,0
2362,131304,"With her sights firmly set on the top spots, the\nthird favorite is the Kikuka Sho conqueror,\n%h_pop3.",%w_0.3|1003701|1701401|%h_pop3,100,0,0,0
2363,131304,"With the popularity and the skills to back it\nup, it's the Kikuka Sho conqueror,\n%h_pop3, today's third\nfavorite.",%w_0.3|1003801|1701401|%h_pop3|1003802,100,0,0,0
2364,131305,"Now, here's the undisputed star of the show.\nIt's the Kikuka Sho conqueror,\n%h_pop1. She's the favorite to\nwin.",1003901|1701401|%h_pop1|%w_0.01|1002802,100,0,0,0
2365,131305,"Waiting for the start with an air of dignity is\nthe Kikuka Sho conqueror and today's favorite,\n%h_pop1.",%w_0.1|1003903|1701401|%h_pop1|1002802,100,0,0,0
2366,131305,"Carrying the hopes of all the fans crowding the\nstands, the favorite for today is the Kikuka Sho\nconqueror, %h_pop1.",1003905|1701401|%h_pop1|1002802,100,0,0,0
2373,131306,"Taking her on is the Kikuka Sho conqueror,\n%h_pop2. This should be a\nshowdown to remember.",1004001|1701401|%h_pop2|1004002,100,0,0,0
2374,131306,"The second favorite and Kikuka Sho\nconqueror, %h_pop2, can\ncertainly hold her own against today's top\nfavorite.",1004003|1701401|%h_pop2|1004004,100,0,0,0
2375,131306,"Now, here's the second favorite. The Kikuka\nSho conqueror, %h_pop2, is\nfully set on clinching victory.",1004005|1701401|%h_pop2|1004006,100,0,0,0
2376,131306,"Taking her on is the Kikuka Sho conqueror,\n%h_pop2, who can certainly\nhold her own against the favorite.",1004001|1701401|%h_pop2|1004004,100,0,0,0
2377,131306,"The second favorite and Kikuka Sho\nconqueror, %h_pop2, is fully\nset on clinching victory.",1004003|1701401|%h_pop2|1004006,100,0,0,0
2378,131306,"Now, here's the second favorite. The Kikuka\nSho conqueror, %h_pop2,\nshould give us a showdown to remember.",1004005|1701401|%h_pop2|1004002,100,0,0,0
2379,131306,"Taking her on is the Kikuka Sho conqueror,\n%h_pop2, who is fully set on\nclinching victory.",1004001|1701401|%h_pop2|1004006,100,0,0,0
2380,131306,"The second favorite and Kikuka Sho\nconqueror, %h_pop2, should\ngive us a showdown to remember.",1004003|1701401|%h_pop2|1004002,100,0,0,0
2381,131306,"Now, here's the second favorite. The Kikuka\nSho conqueror, %h_pop2, can\ncertainly hold her own against today's top\nfavorite.",1004005|1701401|%h_pop2|1004004,100,0,0,0
2382,131307,"The Kikuka Sho conqueror,\n%h_pop3, is currently the third\nfavorite. She's the hot pick of late!",%w_0.3|1701401|%h_pop3|1004101|1004102,100,0,0,0
2383,131307,"The Kikuka Sho conqueror,\n%h_pop3, is the third favorite.\nCan she overcome the odds?!",%w_0.3|1701401|%h_pop3|1004103|1004104,100,0,0,0
2385,131307,"The Kikuka Sho conqueror,\n%h_pop3, is currently the third\nfavorite. Can she overcome the odds?!",%w_0.3|1701401|%h_pop3|1004101|1004104,100,0,0,0
2386,131307,"The Kikuka Sho conqueror,\n%h_pop3, is the third favorite.\nHer superior ability is undeniable!",%w_0.3|1701401|%h_pop3|1004103|1004106,100,0,0,0
2388,131307,"The Kikuka Sho conqueror,\n%h_pop3, is currently the third\nfavorite. Her superior ability is undeniable!",%w_0.3|1701401|%h_pop3|1004101|1004106,100,0,0,0
2389,131307,"The Kikuka Sho conqueror,\n%h_pop3, is the third favorite.\nShe's the hot pick of late!",%w_0.3|1701401|%h_pop3|1004103|1004102,100,0,0,0
2391,131308,"All eyes are on the Kikuka Sho conqueror,\n%h_player, running in\n%p_waku_ban.",1088201|1701401|%h_player|%p_waku_ban,100,0,0,0
2392,131310,"The current favorite is the undefeated Kikuka\nSho conqueror, %h_pop1.",1002701|1700101|1701401|%h_pop1,100,0,0,0
2393,131310,"The most popular athlete in this race is the\nundefeated Kikuka Sho conqueror,\n%h_pop1. She's the favorite to\nwin.",1002801|1700101|1701401|%h_pop1|1002802,100,0,0,0
2394,131310,"Now, introducing the favorite to win. It's the\nundefeated Kikuka Sho conqueror,\n%h_pop1.",1002901|1700101|1701401|%h_pop1,100,0,0,0
2395,131310,"You guessed it! The favorite is the undefeated\nKikuka Sho conqueror,\n%h_pop1.",1003001|1700101|1701401|%h_pop1,100,0,0,0
2396,131312,"The second favorite is the undefeated Kikuka\nSho conqueror, %h_pop2.",1003101|1700101|1701401|%h_pop2,100,0,0,0
2397,131312,"Now, introducing the second favorite. It's the\nundefeated Kikuka Sho conqueror,\n%h_pop2.",1003201|1700101|1701401|%h_pop2,100,0,0,0
2398,131312,"With more than enough skill to rival the top\npick, today's second favorite is the undefeated\nKikuka Sho conqueror,\n%h_pop2.",1003301|1700101|1701401|%h_pop2,100,0,0,0
2399,131312,"She might not be satisfied with this ranking,\nbut the second favorite is the undefeated\nKikuka Sho conqueror,\n%h_pop2.",%w_0.1|1003401|1700101|1701401|%h_pop2,100,0,0,0
2400,131313,"Now, introducing the second favorite. It's the\nundefeated Kikuka Sho conqueror,\n%h_pop2.",1003201|1700101|1701401|%h_pop2,100,0,0,0
2401,131313,"She might not be satisfied with this ranking,\nbut the second favorite is the undefeated\nKikuka Sho conqueror,\n%h_pop2.",%w_0.1|1003401|1700101|1701401|%h_pop2,100,0,0,0
2402,131314,"The third favorite is the undefeated Kikuka\nSho conqueror, %h_pop3.",%w_0.3|1003501|1700101|1701401|%h_pop3,100,0,0,0
2403,131314,"For the third favorite, we have the undefeated\nKikuka Sho conqueror,\n%h_pop3.",%w_0.3|1003601|1700101|1701401|%h_pop3,100,0,0,0
2404,131314,"With her sights firmly set on the top spots, the\nthird favorite is the undefeated Kikuka Sho\nconqueror, %h_pop3.",%w_0.3|1003701|1700101|1701401|%h_pop3,100,0,0,0
2405,131314,"With the popularity and the skills to back it\nup, it's the undefeated Kikuka Sho conqueror,\n%h_pop3, today's third\nfavorite.",%w_0.3|1003801|1700101|1701401|%h_pop3|1003802,100,0,0,0
2406,131315,"Now, here's the undisputed star of the show.\nIt's the undefeated Kikuka Sho conqueror,\n%h_pop1. She's the favorite to\nwin.",1003901|1700101|1701401|%h_pop1|1002802,100,0,0,0
2407,131315,"Waiting for the start with an air of dignity is\nthe undefeated Kikuka Sho conqueror and\ntoday's favorite, %h_pop1.",%w_0.1|1003903|1700101|1701401|%h_pop1|1002802,100,0,0,0
2408,131315,"Carrying the hopes of all the fans crowding the\nstands, the favorite for today is the undefeated\nKikuka Sho conqueror,\n%h_pop1.",1003905|1700101|1701401|%h_pop1|1002802,100,0,0,0
2415,131316,"Taking her on is the undefeated Kikuka Sho\nconqueror, %h_pop2. This\nshould be a showdown to remember.",1004001|1700101|1701401|%h_pop2|1004002,100,0,0,0
2416,131316,"The second favorite and undefeated Kikuka\nSho conqueror, %h_pop2, can\ncertainly hold her own against today's top\nfavorite.",1004003|1700101|1701401|%h_pop2|1004004,100,0,0,0
2417,131316,"Now, here's the second favorite. The\nundefeated Kikuka Sho conqueror,\n%h_pop2, is fully set on\nclinching victory.",1004005|1700101|1701401|%h_pop2|1004006,100,0,0,0
2418,131316,"Taking her on is the undefeated Kikuka Sho\nconqueror, %h_pop2, who can\ncertainly hold her own against the favorite.",1004001|1700101|1701401|%h_pop2|1004004,100,0,0,0
2419,131316,"The second favorite and undefeated Kikuka\nSho conqueror, %h_pop2, is\nfully set on clinching victory.",1004003|1700101|1701401|%h_pop2|1004006,100,0,0,0
2420,131316,"Now, here's the second favorite. The\nundefeated Kikuka Sho conqueror,\n%h_pop2, should give us a\nshowdown to remember.",1004005|1700101|1701401|%h_pop2|1004002,100,0,0,0
2421,131316,"Taking her on is the undefeated Kikuka Sho\nconqueror, %h_pop2, who is\nfully set on clinching victory.",1004001|1700101|1701401|%h_pop2|1004006,100,0,0,0
2422,131316,"The second favorite and undefeated Kikuka\nSho conqueror, %h_pop2,\nshould give us a showdown to remember.",1004003|1700101|1701401|%h_pop2|1004002,100,0,0,0
2423,131316,"Now, here's the second favorite. The\nundefeated Kikuka Sho conqueror,\n%h_pop2, can certainly hold\nher own against today's top favorite.",1004005|1700101|1701401|%h_pop2|1004004,100,0,0,0
2424,131317,"The undefeated Kikuka Sho conqueror,\n%h_pop3, is currently the third\nfavorite. She's the hot pick of late!",%w_0.3|1700101|1701401|%h_pop3|1004101|1004102,100,0,0,0
2425,131317,"The undefeated Kikuka Sho conqueror,\n%h_pop3, is the third favorite.\nCan she overcome the odds?!",%w_0.3|1700101|1701401|%h_pop3|1004103|1004104,100,0,0,0
2427,131317,"The undefeated Kikuka Sho conqueror,\n%h_pop3, is currently the third\nfavorite. Can she overcome the odds?!",%w_0.3|1700101|1701401|%h_pop3|1004101|1004104,100,0,0,0
2428,131317,"The undefeated Kikuka Sho conqueror,\n%h_pop3, is the third favorite.\nHer superior ability is undeniable!",%w_0.3|1700101|1701401|%h_pop3|1004103|1004106,100,0,0,0
2430,131317,"The undefeated Kikuka Sho conqueror,\n%h_pop3, is currently the third\nfavorite. Her superior ability is undeniable!",%w_0.3|1700101|1701401|%h_pop3|1004101|1004106,100,0,0,0
2431,131317,"The undefeated Kikuka Sho conqueror,\n%h_pop3, is the third favorite.\nShe's the hot pick of late!",%w_0.3|1700101|1701401|%h_pop3|1004103|1004102,100,0,0,0
2433,131318,"All eyes are on the undefeated Kikuka Sho\nconqueror, %h_player, running in\n%p_waku_ban.",1088201|1700101|1701401|%h_player|%p_waku_ban,100,0,0,0
2434,131400,"The current favorite is the Japanese Oaks\nchampion, %h_pop1.",1002701|1701501|%h_pop1,100,0,0,0
2435,131400,"The most popular athlete in this race is the\nJapanese Oaks champion,\n%h_pop1. She's the favorite to\nwin.",1002801|1701501|%h_pop1|1002802,100,0,0,0
2436,131400,"Now, introducing the favorite to win. It's the\nJapanese Oaks champion,\n%h_pop1.",1002901|1701501|%h_pop1,100,0,0,0
2437,131400,"You guessed it! The favorite is the Japanese\nOaks champion, %h_pop1.",1003001|1701501|%h_pop1,100,0,0,0
2438,131402,"The second favorite is the Japanese Oaks\nchampion, %h_pop2.",1003101|1701501|%h_pop2,100,0,0,0
2439,131402,"Now, introducing the second favorite. It's the\nJapanese Oaks champion,\n%h_pop2.",1003201|1701501|%h_pop2,100,0,0,0
2440,131402,"With more than enough skill to rival the top\npick, today's second favorite is the Japanese\nOaks champion, %h_pop2.",1003301|1701501|%h_pop2,100,0,0,0
2441,131402,"She might not be satisfied with this ranking,\nbut the second favorite is the Japanese Oaks\nchampion, %h_pop2.",%w_0.1|1003401|1701501|%h_pop2,100,0,0,0
2442,131403,"Now, introducing the second favorite. It's the\nJapanese Oaks champion,\n%h_pop2.",1003201|1701501|%h_pop2,100,0,0,0
2443,131403,"She might not be satisfied with this ranking,\nbut the second favorite is the Japanese Oaks\nchampion, %h_pop2.",%w_0.1|1003401|1701501|%h_pop2,100,0,0,0
2444,131404,"The third favorite is the Japanese Oaks\nchampion, %h_pop3.",%w_0.3|1003501|1701501|%h_pop3,100,0,0,0
2445,131404,"For the third favorite, we have the Japanese\nOaks champion, %h_pop3.",%w_0.3|1003601|1701501|%h_pop3,100,0,0,0
2446,131404,"With her sights firmly set on the top spots, the\nthird favorite is the Japanese Oaks champion,\n%h_pop3.",%w_0.3|1003701|1701501|%h_pop3,100,0,0,0
2447,131404,"With the popularity and the skills to back it\nup, it's the Japanese Oaks champion,\n%h_pop3, today's third\nfavorite.",%w_0.3|1003801|1701501|%h_pop3|1003802,100,0,0,0
2448,131405,"Now, here's the undisputed star of the show.\nIt's the Japanese Oaks champion,\n%h_pop1. She's the favorite to\nwin.",1003901|1701501|%h_pop1|1002802,100,0,0,0
2449,131405,"Waiting for the start with an air of dignity is\nthe Japanese Oaks champion and today's\nfavorite, %h_pop1.",%w_0.1|1003903|1701501|%h_pop1|1002802,100,0,0,0
2450,131405,"Carrying the hopes of all the fans crowding the\nstands, the favorite for today is the Japanese\nOaks champion, %h_pop1.",1003905|1701501|%h_pop1|1002802,100,0,0,0
2457,131406,"Taking her on is the Japanese Oaks champion,\n%h_pop2. This should be a\nshowdown to remember.",1004001|1701501|%h_pop2|1004002,100,0,0,0
2458,131406,"The second favorite and Japanese Oaks\nchampion, %h_pop2, can\ncertainly hold her own against today's top\nfavorite.",1004003|1701501|%h_pop2|1004004,100,0,0,0
2459,131406,"Now, here's the second favorite. The Japanese\nOaks champion, %h_pop2, is\nfully set on clinching victory.",1004005|1701501|%h_pop2|1004006,100,0,0,0
2460,131406,"Taking her on is the Japanese Oaks champion,\n%h_pop2, who can certainly\nhold her own against the favorite.",1004001|1701501|%h_pop2|1004004,100,0,0,0
2461,131406,"The second favorite and Japanese Oaks\nchampion, %h_pop2, is fully\nset on clinching victory.",1004003|1701501|%h_pop2|1004006,100,0,0,0
2462,131406,"Now, here's the second favorite. The Japanese\nOaks champion, %h_pop2,\nshould give us a showdown to remember.",1004005|1701501|%h_pop2|1004002,100,0,0,0
2463,131406,"Taking her on is the Japanese Oaks champion,\n%h_pop2, who is fully set on\nclinching victory.",1004001|1701501|%h_pop2|1004006,100,0,0,0
2464,131406,"The second favorite and Japanese Oaks\nchampion, %h_pop2, should\ngive us a showdown to remember.",1004003|1701501|%h_pop2|1004002,100,0,0,0
2465,131406,"Now, here's the second favorite. The Japanese\nOaks champion, %h_pop2, can\ncertainly hold her own against today's top\nfavorite.",1004005|1701501|%h_pop2|1004004,100,0,0,0
2466,131407,"The Japanese Oaks champion,\n%h_pop3, is currently the third\nfavorite. She's the hot pick of late!",%w_0.3|1701501|%h_pop3|1004101|1004102,100,0,0,0
2467,131407,"The Japanese Oaks champion,\n%h_pop3, is the third favorite.\nCan she overcome the odds?!",%w_0.3|1701501|%h_pop3|1004103|1004104,100,0,0,0
2469,131407,"The Japanese Oaks champion,\n%h_pop3, is currently the third\nfavorite. Can she overcome the odds?!",%w_0.3|1701501|%h_pop3|1004101|1004104,100,0,0,0
2470,131407,"The Japanese Oaks champion,\n%h_pop3, is the third favorite.\nHer superior ability is undeniable!",%w_0.3|1701501|%h_pop3|1004103|1004106,100,0,0,0
2472,131407,"The Japanese Oaks champion,\n%h_pop3, is currently the third\nfavorite. Her superior ability is undeniable!",%w_0.3|1701501|%h_pop3|1004101|1004106,100,0,0,0
2473,131407,"The Japanese Oaks champion,\n%h_pop3, is the third favorite.\nShe's the hot pick of late!",%w_0.3|1701501|%h_pop3|1004103|1004102,100,0,0,0
2475,131408,"All eyes are on the Japanese Oaks champion,\n%h_player, running in\n%p_waku_ban.",1088201|1701501|%h_player|%p_waku_ban,100,0,0,0
2476,131410,"The current favorite is the undefeated\nJapanese Oaks champion,\n%h_pop1.",1002701|1700101|1701501|%h_pop1,100,0,0,0
2477,131410,"The most popular athlete in this race is the\nundefeated Japanese Oaks champion,\n%h_pop1. She's the favorite to\nwin.",1002801|1700101|1701501|%h_pop1|1002802,100,0,0,0
2478,131410,"Now, introducing the favorite to win. It's the\nundefeated Japanese Oaks champion,\n%h_pop1.",1002901|1700101|1701501|%h_pop1,100,0,0,0
2479,131410,"You guessed it! The favorite is the undefeated\nJapanese Oaks champion,\n%h_pop1.",1003001|1700101|1701501|%h_pop1,100,0,0,0
2480,131412,"The second favorite is the undefeated\nJapanese Oaks champion,\n%h_pop2.",1003101|1700101|1701501|%h_pop2,100,0,0,0
2481,131412,"Now, introducing the second favorite. It's the\nundefeated Japanese Oaks champion,\n%h_pop2.",1003201|1700101|1701501|%h_pop2,100,0,0,0
2482,131412,"With more than enough skill to rival the top\npick, today's second favorite is the undefeated\nJapanese Oaks champion,\n%h_pop2.",1003301|1700101|1701501|%h_pop2,100,0,0,0
2483,131412,"She might not be satisfied with this ranking,\nbut the second favorite is the undefeated\nJapanese Oaks champion,\n%h_pop2.",%w_0.1|1003401|1700101|1701501|%h_pop2,100,0,0,0
2484,131413,"Now, introducing the second favorite. It's the\nundefeated Japanese Oaks champion,\n%h_pop2.",1003201|1700101|1701501|%h_pop2,100,0,0,0
2485,131413,"She might not be satisfied with this ranking,\nbut the second favorite is the undefeated\nJapanese Oaks champion,\n%h_pop2.",%w_0.1|1003401|1700101|1701501|%h_pop2,100,0,0,0
2486,131414,"The third favorite is the undefeated Japanese\nOaks champion, %h_pop3.",%w_0.3|1003501|1700101|1701501|%h_pop3,100,0,0,0
2487,131414,"For the third favorite, we have the undefeated\nJapanese Oaks champion,\n%h_pop3.",%w_0.3|1003601|1700101|1701501|%h_pop3,100,0,0,0
2488,131414,"With her sights firmly set on the top spots, the\nthird favorite is the undefeated Japanese Oaks\nchampion, %h_pop3.",%w_0.3|1003701|1700101|1701501|%h_pop3,100,0,0,0
2489,131414,"With the popularity and the skills to back it\nup, it's the undefeated Japanese Oaks\nchampion, %h_pop3, today's\nthird favorite.",%w_0.3|1003801|1700101|1701501|%h_pop3|1003802,100,0,0,0
2490,131415,"Now, here's the undisputed star of the show.\nIt's the undefeated Japanese Oaks champion,\n%h_pop1. She's the favorite to\nwin.",1003901|1700101|1701501|%h_pop1|1002802,100,0,0,0
2491,131415,"Waiting for the start with an air of dignity is\nthe undefeated Japanese Oaks champion and\ntoday's favorite, %h_pop1.",%w_0.1|1003903|1700101|1701501|%h_pop1|1002802,100,0,0,0
2492,131415,"Carrying the hopes of all the fans crowding the\nstands, the favorite for today is the undefeated\nJapanese Oaks champion,\n%h_pop1.",1003905|1700101|1701501|%h_pop1|1002802,100,0,0,0
2499,131416,"Taking her on is the undefeated Japanese\nOaks champion, %h_pop2. This\nshould be a showdown to remember.",1004001|1700101|1701501|%h_pop2|1004002,100,0,0,0
2500,131416,"The second favorite and undefeated Japanese\nOaks champion, %h_pop2, can\ncertainly hold her own against today's top\nfavorite.",1004003|1700101|1701501|%h_pop2|1004004,100,0,0,0
2501,131416,"Now, here's the second favorite. The\nundefeated Japanese Oaks champion,\n%h_pop2, is fully set on\nclinching victory.",1004005|1700101|1701501|%h_pop2|1004006,100,0,0,0
2502,131416,"Taking her on is the undefeated Japanese\nOaks champion, %h_pop2,\nwho can certainly hold her own against the\nfavorite.",1004001|1700101|1701501|%h_pop2|1004004,100,0,0,0
2503,131416,"The second favorite and undefeated Japanese\nOaks champion, %h_pop2, is\nfully set on clinching victory.",1004003|1700101|1701501|%h_pop2|1004006,100,0,0,0
2504,131416,"Now, here's the second favorite. The\nundefeated Japanese Oaks champion,\n%h_pop2, should give us a\nshowdown to remember.",1004005|1700101|1701501|%h_pop2|1004002,100,0,0,0
2505,131416,"Taking her on is the undefeated Japanese\nOaks champion, %h_pop2,\nwho is fully set on clinching victory.",1004001|1700101|1701501|%h_pop2|1004006,100,0,0,0
2506,131416,"The second favorite and undefeated Japanese\nOaks champion, %h_pop2,\nshould give us a showdown to remember.",1004003|1700101|1701501|%h_pop2|1004002,100,0,0,0
2507,131416,"Now, here's the second favorite. The\nundefeated Japanese Oaks champion,\n%h_pop2, can certainly hold\nher own against today's top favorite.",1004005|1700101|1701501|%h_pop2|1004004,100,0,0,0
2508,131417,"The undefeated Japanese Oaks champion,\n%h_pop3, is currently the third\nfavorite. She's the hot pick of late!",%w_0.3|1700101|1701501|%h_pop3|1004101|1004102,100,0,0,0
2509,131417,"The undefeated Japanese Oaks champion,\n%h_pop3, is the third favorite.\nCan she overcome the odds?!",%w_0.3|1700101|1701501|%h_pop3|1004103|1004104,100,0,0,0
2511,131417,"The undefeated Japanese Oaks champion,\n%h_pop3, is currently the third\nfavorite. Can she overcome the odds?!",%w_0.3|1700101|1701501|%h_pop3|1004101|1004104,100,0,0,0
2512,131417,"The undefeated Japanese Oaks champion,\n%h_pop3, is the third favorite.\nHer superior ability is undeniable!",%w_0.3|1700101|1701501|%h_pop3|1004103|1004106,100,0,0,0
2514,131417,"The undefeated Japanese Oaks champion,\n%h_pop3, is currently the third\nfavorite. Her superior ability is undeniable!",%w_0.3|1700101|1701501|%h_pop3|1004101|1004106,100,0,0,0
2515,131417,"The undefeated Japanese Oaks champion,\n%h_pop3, is the third favorite.\nShe's the hot pick of late!",%w_0.3|1700101|1701501|%h_pop3|1004103|1004102,100,0,0,0
2517,131418,"All eyes are on the undefeated Japanese Oaks\nchampion, %h_player, running in\n%p_waku_ban.",1088201|1700101|1701501|%h_player|%p_waku_ban,100,0,0,0
2518,131500,"The current favorite is the Oka Sho victor,\n%h_pop1.",1002701|1701601|%h_pop1,100,0,0,0
2519,131500,"The most popular athlete in this race is the\nOka Sho victor, %h_pop1.\nShe's the favorite to win.",1002801|1701601|%h_pop1|1002802,100,0,0,0
2520,131500,"Now, introducing the favorite to win. It's the\nOka Sho victor, %h_pop1.",1002901|1701601|%h_pop1,100,0,0,0
2521,131500,"You guessed it! The favorite is the Oka Sho\nvictor, %h_pop1.",1003001|1701601|%h_pop1,100,0,0,0
2522,131502,"The second favorite is the Oka Sho victor,\n%h_pop2.",1003101|1701601|%h_pop2,100,0,0,0
2523,131502,"Now, introducing the second favorite. It's the\nOka Sho victor, %h_pop2.",1003201|1701601|%h_pop2,100,0,0,0
2524,131502,"With more than enough skill to rival the top\npick, today's second favorite is the Oka Sho\nvictor, %h_pop2.",1003301|1701601|%h_pop2,100,0,0,0
2525,131502,"She might not be satisfied with this ranking,\nbut the second favorite is the Oka Sho victor,\n%h_pop2.",%w_0.1|1003401|1701601|%w_0.02|%h_pop2,100,0,0,0
2526,131503,"Now, introducing the second favorite. It's the\nOka Sho victor, %h_pop2.",1003201|1701601|%h_pop2,100,0,0,0
2527,131503,"She might not be satisfied with this ranking,\nbut the second favorite is the Oka Sho victor,\n%h_pop2.",%w_0.1|1003401|1701601|%h_pop2,100,0,0,0
2528,131504,"The third favorite is the Oka Sho victor,\n%h_pop3.",%w_0.3|1003501|1701601|%h_pop3,100,0,0,0
2529,131504,"For the third favorite, we have the Oka Sho\nvictor, %h_pop3.",%w_0.3|1003601|1701601|%h_pop3,100,0,0,0
2530,131504,"With her sights firmly set on the top spots, the\nthird favorite is the Oka Sho victor,\n%h_pop3.",%w_0.3|1003701|1701601|%h_pop3,100,0,0,0
2531,131504,"With the popularity and the skills to back it\nup, it's the Oka Sho victor,\n%h_pop3, today's third\nfavorite.",%w_0.3|1003801|1701601|%h_pop3|1003802,100,0,0,0
2532,131505,"Now, here's the undisputed star of the show.\nIt's the Oka Sho victor,\n%h_pop1. She's the favorite to\nwin.",1003901|1701601|%h_pop1|1002802,100,0,0,0
2533,131505,"Waiting for the start with an air of dignity is\nthe Oka Sho victor and today's favorite,\n%h_pop1.",%w_0.1|1003903|1701601|%h_pop1|1002802,100,0,0,0
2534,131505,"Carrying the hopes of all the fans crowding the\nstands, the favorite for today is the Oka Sho\nvictor, %h_pop1.",1003905|1701601|%h_pop1|1002802,100,0,0,0
2541,131506,"Taking her on is the Oka Sho victor,\n%h_pop2. This should be a\nshowdown to remember.",1004001|1701601|%h_pop2|1004002,100,0,0,0
2542,131506,"The second favorite and Oka Sho victor,\n%h_pop2, can certainly hold\nher own against today's top favorite.",1004003|1701601|%h_pop2|1004004,100,0,0,0
2543,131506,"Now, here's the second favorite. The Oka Sho\nvictor, %h_pop2, is fully set on\nclinching victory.",1004005|1701601|%h_pop2|1004006,100,0,0,0
2544,131506,"Taking her on is the Oka Sho victor,\n%h_pop2, who can certainly\nhold her own against the favorite.",1004001|1701601|%h_pop2|1004004,100,0,0,0
2545,131506,"The second favorite and Oka Sho victor,\n%h_pop2, is fully set on\nclinching victory.",1004003|1701601|%h_pop2|1004006,100,0,0,0
2546,131506,"Now, here's the second favorite. The Oka Sho\nvictor, %h_pop2, should give\nus a showdown to remember.",1004005|1701601|%h_pop2|1004002,100,0,0,0
2547,131506,"Taking her on is the Oka Sho victor,\n%h_pop2, who is fully set on\nclinching victory.",1004001|1701601|%h_pop2|1004006,100,0,0,0
2548,131506,"The second favorite and Oka Sho victor,\n%h_pop2, should give us a\nshowdown to remember.",1004003|1701601|%h_pop2|1004002,100,0,0,0
2549,131506,"Now, here's the second favorite. The Oka Sho\nvictor, %h_pop2, can certainly\nhold her own against today's top favorite.",1004005|1701601|%h_pop2|1004004,100,0,0,0
2550,131507,"The Oka Sho victor, %h_pop3,\nis currently the third favorite. She's the hot\npick of late!",%w_0.3|1701601|%h_pop3|1004101|1004102,100,0,0,0
2551,131507,"The Oka Sho victor, %h_pop3,\nis the third favorite. Can she overcome the\nodds?!",%w_0.3|1701601|%h_pop3|1004103|1004104,100,0,0,0
2553,131507,"The Oka Sho victor, %h_pop3,\nis currently the third favorite. Can she\novercome the odds?!",%w_0.3|1701601|%h_pop3|1004101|1004104,100,0,0,0
2554,131507,"The Oka Sho victor, %h_pop3,\nis the third favorite. Her superior ability is\nundeniable!",%w_0.3|1701601|%h_pop3|1004103|1004106,100,0,0,0
2556,131507,"The Oka Sho victor, %h_pop3,\nis currently the third favorite. Her superior\nability is undeniable!",%w_0.3|1701601|%h_pop3|1004101|1004106,100,0,0,0
2557,131507,"The Oka Sho victor, %h_pop3,\nis the third favorite. She's the hot pick of late!",%w_0.3|1701601|%h_pop3|1004103|1004102,100,0,0,0
2559,131508,"All eyes are on the Oka Sho victor,\n%h_player, running in\n%p_waku_ban.",1088201|1701601|%h_player|%p_waku_ban,100,0,0,0
2560,131510,"The current favorite is the undefeated Oka Sho\nvictor, %h_pop1.",1002701|1700101|1701601|%h_pop1,100,0,0,0
2561,131510,"The most popular athlete in this race is the\nundefeated Oka Sho victor,\n%h_pop1. She's the favorite to\nwin.",1002801|1700101|1701601|%h_pop1|1002802,100,0,0,0
2562,131510,"Now, introducing the favorite to win. It's the\nundefeated Oka Sho victor,\n%h_pop1.",1002901|1700101|1701601|%h_pop1,100,0,0,0
2563,131510,"You guessed it! The favorite is the undefeated\nOka Sho victor, %h_pop1.",1003001|1700101|1701601|%h_pop1,100,0,0,0
2564,131512,"The second favorite is the undefeated Oka Sho\nvictor, %h_pop2.",1003101|1700101|1701601|%h_pop2,100,0,0,0
2565,131512,"Now, introducing the second favorite. It's the\nundefeated Oka Sho victor,\n%h_pop2.",1003201|1700101|1701601|%h_pop2,100,0,0,0
2566,131512,"With more than enough skill to rival the top\npick, today's second favorite is the undefeated\nOka Sho victor, %h_pop2.",1003301|1700101|1701601|%h_pop2,100,0,0,0
2567,131512,"She might not be satisfied with this ranking,\nbut the second favorite is the undefeated Oka\nSho victor, %h_pop2.",%w_0.1|1003401|1700101|1701601|%h_pop2,100,0,0,0
2568,131513,"Now, introducing the second favorite. It's the\nundefeated Oka Sho victor,\n%h_pop2.",1003201|1700101|1701601|%h_pop2,100,0,0,0
2569,131513,"She might not be satisfied with this ranking,\nbut the second favorite is the undefeated Oka\nSho victor, %h_pop2.",%w_0.1|1003401|1700101|1701601|%h_pop2,100,0,0,0
2570,131514,"The third favorite is the undefeated Oka Sho\nvictor, %h_pop3.",%w_0.3|1003501|1700101|1701601|%h_pop3,100,0,0,0
2571,131514,"For the third favorite, we have the undefeated\nOka Sho victor, %h_pop3.",%w_0.3|1003601|1700101|1701601|%h_pop3,100,0,0,0
2572,131514,"With her sights firmly set on the top spots, the\nthird favorite is the undefeated Oka Sho victor,\n%h_pop3.",%w_0.3|1003701|1700101|1701601|%h_pop3,100,0,0,0
2573,131514,"With the popularity and the skills to back it\nup, it's the undefeated Oka Sho victor,\n%h_pop3, today's third\nfavorite.",%w_0.3|1003801|1700101|1701601|%h_pop3|1003802,100,0,0,0
2574,131515,"Now, here's the undisputed star of the show.\nIt's the undefeated Oka Sho victor,\n%h_pop1. She's the favorite to\nwin.",1003901|1700101|1701601|%h_pop1|1002802,100,0,0,0
2575,131515,"Waiting for the start with an air of dignity is\nthe undefeated Oka Sho victor and today's\nfavorite, %h_pop1.",%w_0.1|1003903|1700101|1701601|%h_pop1|1002802,100,0,0,0
2576,131515,"Carrying the hopes of all the fans crowding the\nstands, the favorite for today is the undefeated\nOka Sho victor, %h_pop1.",1003905|1700101|1701601|%h_pop1|1002802,100,0,0,0
2583,131516,"Taking her on is the undefeated Oka Sho\nvictor, %h_pop2. This should\nbe a showdown to remember.",1004001|1700101|1701601|%h_pop2|1004002,100,0,0,0
2584,131516,"The second favorite and undefeated Oka Sho\nvictor, %h_pop2, can certainly\nhold her own against today's top favorite.",1004003|1700101|1701601|%h_pop2|1004004,100,0,0,0
2585,131516,"Now, here's the second favorite. The\nundefeated Oka Sho victor,\n%h_pop2, is fully set on\nclinching victory.",1004005|1700101|1701601|%h_pop2|1004006,100,0,0,0
2586,131516,"Taking her on is the undefeated Oka Sho\nvictor, %h_pop2, who can\ncertainly hold her own against the favorite.",1004001|1700101|1701601|%h_pop2|1004004,100,0,0,0
2587,131516,"The second favorite and undefeated Oka Sho\nvictor, %h_pop2, is fully set on\nclinching victory.",1004003|1700101|1701601|%h_pop2|1004006,100,0,0,0
2588,131516,"Now, here's the second favorite. The\nundefeated Oka Sho victor,\n%h_pop2, should give us a\nshowdown to remember.",1004005|1700101|1701601|%h_pop2|1004002,100,0,0,0
2589,131516,"Taking her on is the undefeated Oka Sho\nvictor, %h_pop2, who is fully\nset on clinching victory.",1004001|1700101|1701601|%h_pop2|1004006,100,0,0,0
2590,131516,"The second favorite and undefeated Oka Sho\nvictor, %h_pop2, should give\nus a showdown to remember.",1004003|1700101|1701601|%h_pop2|1004002,100,0,0,0
2591,131516,"Now, here's the second favorite. The\nundefeated Oka Sho victor,\n%h_pop2, can certainly hold\nher own against today's top favorite.",1004005|1700101|1701601|%h_pop2|1004004,100,0,0,0
2592,131517,"The undefeated Oka Sho victor,\n%h_pop3, is currently the third\nfavorite. She's the hot pick of late!",%w_0.3|1700101|1701601|%h_pop3|1004101|1004102,100,0,0,0
2593,131517,"The undefeated Oka Sho victor,\n%h_pop3, is the third favorite.\nCan she overcome the odds?!",%w_0.3|1700101|1701601|%h_pop3|1004103|1004104,100,0,0,0
2595,131517,"The undefeated Oka Sho victor,\n%h_pop3, is currently the third\nfavorite. Can she overcome the odds?!",%w_0.3|1700101|1701601|%h_pop3|1004101|1004104,100,0,0,0
2596,131517,"The undefeated Oka Sho victor,\n%h_pop3, is the third favorite.\nHer superior ability is undeniable!",%w_0.3|1700101|1701601|%h_pop3|1004103|1004106,100,0,0,0
2598,131517,"The undefeated Oka Sho victor,\n%h_pop3, is currently the third\nfavorite. Her superior ability is undeniable!",%w_0.3|1700101|1701601|%h_pop3|1004101|1004106,100,0,0,0
2599,131517,"The undefeated Oka Sho victor,\n%h_pop3, is the third favorite.\nShe's the hot pick of late!",%w_0.3|1700101|1701601|%h_pop3|1004103|1004102,100,0,0,0
2601,131518,"All eyes are on the undefeated Oka Sho victor,\n%h_player, running in\n%p_waku_ban.",1088201|1700101|1701601|%h_player|%p_waku_ban,100,0,0,0
2602,131600,"The current favorite is the Shuka Sho marvel,\n%h_pop1.",1002701|1701701|%h_pop1,100,0,0,0
2603,131600,"The most popular athlete in this race is the\nShuka Sho marvel, %h_pop1.\nShe's the favorite to win.",1002801|1701701|%h_pop1|1002802,100,0,0,0
2604,131600,"Now, introducing the favorite to win. It's the\nShuka Sho marvel, %h_pop1.",1002901|1701701|%h_pop1,100,0,0,0
2605,131600,"You guessed it! The favorite is the Shuka Sho\nmarvel, %h_pop1.",1003001|1701701|%h_pop1,100,0,0,0
2606,131602,"The second favorite is the Shuka Sho marvel,\n%h_pop2.",1003101|1701701|%h_pop2,100,0,0,0
2607,131602,"Now, introducing the second favorite. It's the\nShuka Sho marvel, %h_pop2.",1003201|1701701|%h_pop2,100,0,0,0
2608,131602,"With more than enough skill to rival the top\npick, today's second favorite is the Shuka Sho\nmarvel, %h_pop2.",1003301|1701701|%h_pop2,100,0,0,0
2609,131602,"She might not be satisfied with this ranking,\nbut the second favorite is the Shuka Sho\nmarvel, %h_pop2.",%w_0.1|1003401|1701701|%h_pop2,100,0,0,0
2610,131603,"Now, introducing the second favorite. It's the\nShuka Sho marvel, %h_pop2.",1003201|1701701|%h_pop2,100,0,0,0
2611,131603,"She might not be satisfied with this ranking,\nbut the second favorite is the Shuka Sho\nmarvel, %h_pop2.",%w_0.1|1003401|1701701|%h_pop2,100,0,0,0
2612,131604,"The third favorite is the Shuka Sho marvel,\n%h_pop3.",%w_0.3|1003501|1701701|%h_pop3,100,0,0,0
2613,131604,"For the third favorite, we have the Shuka Sho\nmarvel, %h_pop3.",%w_0.3|1003601|1701701|%h_pop3,100,0,0,0
2614,131604,"With her sights firmly set on the top spots, the\nthird favorite is the Shuka Sho marvel,\n%h_pop3.",%w_0.3|1003701|1701701|%h_pop3,100,0,0,0
2615,131604,"With the popularity and the skills to back it\nup, it's the Shuka Sho marvel,\n%h_pop3, today's third\nfavorite.",%w_0.3|1003801|1701701|%h_pop3|1003802,100,0,0,0
2616,131605,"Now, here's the undisputed star of the show.\nIt's the Shuka Sho marvel,\n%h_pop1. She's the favorite to\nwin.",1003901|1701701|%h_pop1|1002802,100,0,0,0
2617,131605,"Waiting for the start with an air of dignity is\nthe Shuka Sho marvel and today's favorite,\n%h_pop1.",%w_0.1|1003903|1701701|%h_pop1|1002802,100,0,0,0
2618,131605,"Carrying the hopes of all the fans crowding the\nstands, the favorite for today is the Shuka Sho\nmarvel, %h_pop1.",1003905|1701701|%h_pop1|1002802,100,0,0,0
2625,131606,"Taking her on is the Shuka Sho marvel,\n%h_pop2. This should be a\nshowdown to remember.",1004001|1701701|%h_pop2|1004002,100,0,0,0
2626,131606,"The second favorite and Shuka Sho marvel,\n%h_pop2, can certainly hold\nher own against today's top favorite.",1004003|1701701|%h_pop2|1004004,100,0,0,0
2627,131606,"Now, here's the second favorite. The Shuka\nSho marvel, %h_pop2, is fully\nset on clinching victory.",1004005|1701701|%h_pop2|1004006,100,0,0,0
2628,131606,"Taking her on is the Shuka Sho marvel,\n%h_pop2, who can certainly\nhold her own against the favorite.",1004001|1701701|%h_pop2|1004004,100,0,0,0
2629,131606,"The second favorite and Shuka Sho marvel,\n%h_pop2, is fully set on\nclinching victory.",1004003|1701701|%h_pop2|1004006,100,0,0,0
2630,131606,"Now, here's the second favorite. The Shuka\nSho marvel, %h_pop2, should\ngive us a showdown to remember.",1004005|1701701|%h_pop2|1004002,100,0,0,0
2631,131606,"Taking her on is the Shuka Sho marvel,\n%h_pop2, who is fully set on\nclinching victory.",1004001|1701701|%h_pop2|1004006,100,0,0,0
2632,131606,"The second favorite and Shuka Sho marvel,\n%h_pop2, should give us a\nshowdown to remember.",1004003|1701701|%h_pop2|1004002,100,0,0,0
2633,131606,"Now, here's the second favorite. The Shuka\nSho marvel, %h_pop2, can\ncertainly hold her own against today's top\nfavorite.",1004005|1701701|%h_pop2|1004004,100,0,0,0
2634,131607,"The Shuka Sho marvel,\n%h_pop3, is currently the third\nfavorite. She's the hot pick of late!",%w_0.3|1701701|%h_pop3|1004101|1004102,100,0,0,0
2635,131607,"The Shuka Sho marvel,\n%h_pop3, is the third favorite.\nCan she overcome the odds?!",%w_0.3|1701701|%h_pop3|1004103|1004104,100,0,0,0
2637,131607,"The Shuka Sho marvel,\n%h_pop3, is currently the third\nfavorite. Can she overcome the odds?!",%w_0.3|1701701|%h_pop3|1004101|1004104,100,0,0,0
2638,131607,"The Shuka Sho marvel,\n%h_pop3, is the third favorite.\nHer superior ability is undeniable!",%w_0.3|1701701|%h_pop3|1004103|1004106,100,0,0,0
2640,131607,"The Shuka Sho marvel,\n%h_pop3, is currently the third\nfavorite. Her superior ability is undeniable!",%w_0.3|1701701|%h_pop3|1004101|1004106,100,0,0,0
2641,131607,"The Shuka Sho marvel,\n%h_pop3, is the third favorite.\nShe's the hot pick of late!",%w_0.3|1701701|%h_pop3|1004103|1004102,100,0,0,0
2643,131608,"All eyes are on the Shuka Sho marvel,\n%h_player, running in\n%p_waku_ban.",1088201|1701701|%h_player|%p_waku_ban,100,0,0,0
2644,131610,"The current favorite is the undefeated Shuka\nSho marvel, %h_pop1.",1002701|1700101|1701701|%h_pop1,100,0,0,0
2645,131610,"The most popular athlete in this race is the\nundefeated Shuka Sho marvel,\n%h_pop1. She's the favorite to\nwin.",1002801|1700101|1701701|%w_0.01|%h_pop1|1002802,100,0,0,0
2646,131610,"Now, introducing the favorite to win. It's the\nundefeated Shuka Sho marvel,\n%h_pop1.",1002901|1700101|1701701|%h_pop1,100,0,0,0
2647,131610,"You guessed it! The favorite is the undefeated\nShuka Sho marvel, %h_pop1.",1003001|1700101|1701701|%h_pop1,100,0,0,0
2648,131612,"The second favorite is the undefeated Shuka\nSho marvel, %h_pop2.",1003101|1700101|1701701|%h_pop2,100,0,0,0
2649,131612,"Now, introducing the second favorite. It's the\nundefeated Shuka Sho marvel,\n%h_pop2.",1003201|1700101|1701701|%h_pop2,100,0,0,0
2650,131612,"With more than enough skill to rival the top\npick, today's second favorite is the undefeated\nShuka Sho marvel, %h_pop2.",1003301|1700101|1701701|%h_pop2,100,0,0,0
2651,131612,"She might not be satisfied with this ranking,\nbut the second favorite is the undefeated\nShuka Sho marvel, %h_pop2.",%w_0.1|1003401|1700101|1701701|%h_pop2,100,0,0,0
2652,131613,"Now, introducing the second favorite. It's the\nundefeated Shuka Sho marvel,\n%h_pop2.",1003201|1700101|1701701|%h_pop2,100,0,0,0
2653,131613,"She might not be satisfied with this ranking,\nbut the second favorite is the undefeated\nShuka Sho marvel, %h_pop2.",%w_0.1|1003401|1700101|1701701|%h_pop2,100,0,0,0
2654,131614,"The third favorite is the undefeated Shuka Sho\nmarvel, %h_pop3.",%w_0.3|1003501|1700101|1701701|%h_pop3,100,0,0,0
2655,131614,"For the third favorite, we have the undefeated\nShuka Sho marvel, %h_pop3.",%w_0.3|1003601|1700101|1701701|%h_pop3,100,0,0,0
2656,131614,"With her sights firmly set on the top spots, the\nthird favorite is the undefeated Shuka Sho\nmarvel, %h_pop3.",%w_0.3|1003701|1700101|1701701|%h_pop3,100,0,0,0
2657,131614,"With the popularity and the skills to back it\nup, it's the undefeated Shuka Sho marvel,\n%h_pop3, today's third\nfavorite.",%w_0.3|1003801|1700101|1701701|%h_pop3|1003802,100,0,0,0
2658,131615,"Now, here's the undisputed star of the show.\nIt's the undefeated Shuka Sho marvel,\n%h_pop1. She's the favorite to\nwin.",1003901|1700101|1701701|%h_pop1|1002802,100,0,0,0
2659,131615,"Waiting for the start with an air of dignity is\nthe undefeated Shuka Sho marvel and today's\nfavorite, %h_pop1.",%w_0.1|1003903|1700101|1701701|%h_pop1|1002802,100,0,0,0
2660,131615,"Carrying the hopes of all the fans crowding the\nstands, the favorite for today is the undefeated\nShuka Sho marvel, %h_pop1.",1003905|1700101|1701701|%h_pop1|1002802,100,0,0,0
2667,131616,"Taking her on is the undefeated Shuka Sho\nmarvel, %h_pop2. This should\nbe a showdown to remember.",1004001|1700101|1701701|%h_pop2|1004002,100,0,0,0
2668,131616,"The second favorite and undefeated Shuka Sho\nmarvel, %h_pop2, can\ncertainly hold her own against today's top\nfavorite.",1004003|1700101|1701701|%h_pop2|1004004,100,0,0,0
2669,131616,"Now, here's the second favorite. The\nundefeated Shuka Sho marvel,\n%h_pop2, is fully set on\nclinching victory.",1004005|1700101|1701701|%h_pop2|1004006,100,0,0,0
2670,131616,"Taking her on is the undefeated Shuka Sho\nmarvel, %h_pop2, who can\ncertainly hold her own against the favorite.",1004001|1700101|1701701|%h_pop2|1004004,100,0,0,0
2671,131616,"The second favorite and undefeated Shuka Sho\nmarvel, %h_pop2, is fully set\non clinching victory.",1004003|1700101|1701701|%h_pop2|1004006,100,0,0,0
2672,131616,"Now, here's the second favorite. The\nundefeated Shuka Sho marvel,\n%h_pop2, should give us a\nshowdown to remember.",1004005|1700101|1701701|%h_pop2|1004002,100,0,0,0
2673,131616,"Taking her on is the undefeated Shuka Sho\nmarvel, %h_pop2, who is fully\nset on clinching victory.",1004001|1700101|1701701|%h_pop2|1004006,100,0,0,0
2674,131616,"The second favorite and undefeated Shuka Sho\nmarvel, %h_pop2, should give\nus a showdown to remember.",1004003|1700101|1701701|%h_pop2|1004002,100,0,0,0
2675,131616,"Now, here's the second favorite. The\nundefeated Shuka Sho marvel,\n%h_pop2, can certainly hold\nher own against today's top favorite.",1004005|1700101|1701701|%h_pop2|1004004,100,0,0,0
2676,131617,"The undefeated Shuka Sho marvel,\n%h_pop3, is currently the third\nfavorite. She's the hot pick of late!",%w_0.3|1700101|1701701|%h_pop3|1004101|1004102,100,0,0,0
2677,131617,"The undefeated Shuka Sho marvel,\n%h_pop3, is the third favorite.\nCan she overcome the odds?!",%w_0.3|1700101|1701701|%h_pop3|1004103|1004104,100,0,0,0
2679,131617,"The undefeated Shuka Sho marvel,\n%h_pop3, is currently the third\nfavorite. Can she overcome the odds?!",%w_0.3|1700101|1701701|%h_pop3|1004101|1004104,100,0,0,0
2680,131617,"The undefeated Shuka Sho marvel,\n%h_pop3, is the third favorite.\nHer superior ability is undeniable!",%w_0.3|1700101|1701701|%h_pop3|1004103|1004106,100,0,0,0
2682,131617,"The undefeated Shuka Sho marvel,\n%h_pop3, is currently the third\nfavorite. Her superior ability is undeniable!",%w_0.3|1700101|1701701|%h_pop3|1004101|1004106,100,0,0,0
2683,131617,"The undefeated Shuka Sho marvel,\n%h_pop3, is the third favorite.\nShe's the hot pick of late!",%w_0.3|1700101|1701701|%h_pop3|1004103|1004102,100,0,0,0
2685,131618,"All eyes are on the undefeated Shuka Sho\nmarvel, %h_player, running in\n%p_waku_ban.",1088201|1700101|1701701|%h_player|%p_waku_ban,100,0,0,0
2686,131700,"The current favorite is the junior champion,\n%h_pop1.",1002701|1701801|%h_pop1,100,0,0,0
2687,131700,"The most popular athlete in this race is the\njunior champion, %h_pop1.\nShe's the favorite to win.",1002801|1701801|%h_pop1|1002802,100,0,0,0
2688,131700,"Now, introducing the favorite to win. It's the\njunior champion, %h_pop1.",1002901|1701801|%h_pop1,100,0,0,0
2689,131700,"You guessed it! The favorite is the junior\nchampion, %h_pop1.",1003001|1701801|%h_pop1,100,0,0,0
2690,131702,"The second favorite is the junior champion,\n%h_pop2.",1003101|1701801|%h_pop2,100,0,0,0
2691,131702,"Now, introducing the second favorite. It's the\njunior champion, %h_pop2.",1003201|1701801|%h_pop2,100,0,0,0
2692,131702,"With more than enough skill to rival the top\npick, today's second favorite is the junior\nchampion, %h_pop2.",1003301|1701801|%h_pop2,100,0,0,0
2693,131702,"She might not be satisfied with this ranking,\nbut the second favorite is the junior champion,\n%h_pop2.",%w_0.1|1003401|1701801|%h_pop2,100,0,0,0
2694,131703,"Now, introducing the second favorite. It's the\njunior champion, %h_pop2.",1003201|1701801|%h_pop2,100,0,0,0
2695,131703,"She might not be satisfied with this ranking,\nbut the second favorite is the junior champion,\n%h_pop2.",%w_0.1|1003401|1701801|%h_pop2,100,0,0,0
2696,131704,"The third favorite is the junior champion,\n%h_pop3.",%w_0.3|1003501|1701801|%h_pop3,100,0,0,0
2697,131704,"For the third favorite, we have the junior\nchampion, %h_pop3.",%w_0.3|1003601|1701801|%h_pop3,100,0,0,0
2698,131704,"With her sights firmly set on the top spots, the\nthird favorite is the junior champion,\n%h_pop3.",%w_0.3|1003701|1701801|%h_pop3,100,0,0,0
2699,131704,"With the popularity and the skills to back it\nup, it's the junior champion,\n%h_pop3, today's third\nfavorite.",%w_0.3|1003801|1701801|%h_pop3|1003802,100,0,0,0
2700,131705,"Now, here's the undisputed star of the show.\nIt's the junior champion,\n%h_pop1. She's the favorite to\nwin.",1003901|1701801|%h_pop1|1002802,100,0,0,0
2701,131705,"Waiting for the start with an air of dignity is\nthe junior champion and today's favorite,\n%h_pop1.",%w_0.1|1003903|1701801|%h_pop1|1002802,100,0,0,0
2702,131705,"Carrying the hopes of all the fans crowding the\nstands, the favorite for today is the junior\nchampion, %h_pop1.",1003905|1701801|%h_pop1|1002802,100,0,0,0
2709,131706,"Taking her on is the junior champion,\n%h_pop2. This should be a\nshowdown to remember.",1004001|1701801|%h_pop2|1004002,100,0,0,0
2710,131706,"The second favorite and junior champion,\n%h_pop2, can certainly hold\nher own against today's top favorite.",1004003|1701801|%h_pop2|1004004,100,0,0,0
2711,131706,"Now, here's the second favorite. The junior\nchampion, %h_pop2, is fully\nset on clinching victory.",1004005|1701801|%h_pop2|1004006,100,0,0,0
2712,131706,"Taking her on is the junior champion,\n%h_pop2, who can certainly\nhold her own against the favorite.",1004001|1701801|%h_pop2|1004004,100,0,0,0
2713,131706,"The second favorite and junior champion,\n%h_pop2, is fully set on\nclinching victory.",1004003|1701801|%h_pop2|1004006,100,0,0,0
2714,131706,"Now, here's the second favorite. The junior\nchampion, %h_pop2, should\ngive us a showdown to remember.",1004005|1701801|%h_pop2|1004002,100,0,0,0
2715,131706,"Taking her on is the junior champion,\n%h_pop2, who is fully set on\nclinching victory.",1004001|1701801|%h_pop2|1004006,100,0,0,0
2716,131706,"The second favorite and junior champion,\n%h_pop2, should give us a\nshowdown to remember.",1004003|1701801|%h_pop2|1004002,100,0,0,0
2717,131706,"Now, here's the second favorite. The junior\nchampion, %h_pop2, can\ncertainly hold her own against today's top\nfavorite.",1004005|1701801|%h_pop2|1004004,100,0,0,0
2718,131707,"The junior champion,\n%h_pop3, is currently the third\nfavorite. She's the hot pick of late!",%w_0.3|1701801|%h_pop3|1004101|1004102,100,0,0,0
2719,131707,"The junior champion,\n%h_pop3, is the third favorite.\nCan she overcome the odds?!",%w_0.3|1701801|%h_pop3|1004103|1004104,100,0,0,0
2721,131707,"The junior champion,\n%h_pop3, is currently the third\nfavorite. Can she overcome the odds?!",%w_0.3|1701801|%h_pop3|1004101|1004104,100,0,0,0
2722,131707,"The junior champion,\n%h_pop3, is the third favorite.\nHer superior ability is undeniable!",%w_0.3|1701801|%h_pop3|1004103|1004106,100,0,0,0
2724,131707,"The junior champion,\n%h_pop3, is currently the third\nfavorite. Her superior ability is undeniable!",%w_0.3|1701801|%h_pop3|1004101|1004106,100,0,0,0
2725,131707,"The junior champion,\n%h_pop3, is the third favorite.\nShe's the hot pick of late!",%w_0.3|1701801|%h_pop3|1004103|1004102,100,0,0,0
2727,131708,"All eyes are on the junior champion,\n%h_player, running in\n%p_waku_ban.",1088201|1701801|%h_player|%p_waku_ban,100,0,0,0
2728,131710,"The current favorite is the undefeated junior\nchampion, %h_pop1.",1002701|1700101|1701801|%h_pop1,100,0,0,0
2729,131710,"The most popular athlete in this race is the\nundefeated junior champion,\n%h_pop1. She's the favorite to\nwin.",1002801|1700101|1701801|%h_pop1|1002802,100,0,0,0
2730,131710,"Now, introducing the favorite to win. It's the\nundefeated junior champion,\n%h_pop1.",1002901|1700101|1701801|%h_pop1,100,0,0,0
2731,131710,"You guessed it! The favorite is the undefeated\njunior champion, %h_pop1.",1003001|1700101|1701801|%h_pop1,100,0,0,0
2732,131712,"The second favorite is the undefeated junior\nchampion, %h_pop2.",1003101|1700101|1701801|%h_pop2,100,0,0,0
2733,131712,"Now, introducing the second favorite. It's the\nundefeated junior champion,\n%h_pop2.",1003201|1700101|1701801|%h_pop2,100,0,0,0
2734,131712,"With more than enough skill to rival the top\npick, today's second favorite is the undefeated\njunior champion, %h_pop2.",1003301|1700101|1701801|%h_pop2,100,0,0,0
2735,131712,"She might not be satisfied with this ranking,\nbut the second favorite is the undefeated\njunior champion, %h_pop2.",%w_0.1|1003401|1700101|1701801|%h_pop2,100,0,0,0
2736,131713,"Now, introducing the second favorite. It's the\nundefeated junior champion,\n%h_pop2.",1003201|1700101|1701801|%h_pop2,100,0,0,0
2737,131713,"She might not be satisfied with this ranking,\nbut the second favorite is the undefeated\njunior champion, %h_pop2.",%w_0.1|1003401|1700101|1701801|%h_pop2,100,0,0,0
2738,131714,"The third favorite is the undefeated junior\nchampion, %h_pop3.",%w_0.3|1003501|1700101|1701801|%h_pop3,100,0,0,0
2739,131714,"For the third favorite, we have the undefeated\njunior champion, %h_pop3.",%w_0.3|1003601|1700101|1701801|%h_pop3,100,0,0,0
2740,131714,"With her sights firmly set on the top spots, the\nthird favorite is the undefeated junior\nchampion, %h_pop3.",%w_0.3|1003701|1700101|1701801|%h_pop3,100,0,0,0
2741,131714,"With the popularity and the skills to back it\nup, it's the undefeated junior champion,\n%h_pop3, today's third\nfavorite.",%w_0.3|1003801|1700101|1701801|%h_pop3|1003802,100,0,0,0
2742,131715,"Now, here's the undisputed star of the show.\nIt's the undefeated junior champion,\n%h_pop1. She's the favorite to\nwin.",1003901|1700101|1701801|%h_pop1|1002802,100,0,0,0
2743,131715,"Waiting for the start with an air of dignity is\nthe undefeated junior champion and today's\nfavorite, %h_pop1.",%w_0.1|1003903|1700101|1701801|%h_pop1|1002802,100,0,0,0
2744,131715,"Carrying the hopes of all the fans crowding the\nstands, the favorite for today is the undefeated\njunior champion, %h_pop1.",1003905|1700101|1701801|%h_pop1|1002802,100,0,0,0
2751,131716,"Taking her on is the undefeated junior\nchampion, %h_pop2. This\nshould be a showdown to remember.",1004001|1700101|1701801|%h_pop2|1004002,100,0,0,0
2752,131716,"The second favorite and undefeated junior\nchampion, %h_pop2, can\ncertainly hold her own against today's top\nfavorite.",1004003|1700101|1701801|%h_pop2|1004004,100,0,0,0
2753,131716,"Now, here's the second favorite. The\nundefeated junior champion,\n%h_pop2, is fully set on\nclinching victory.",1004005|1700101|1701801|%h_pop2|1004006,100,0,0,0
2754,131716,"Taking her on is the undefeated junior\nchampion, %h_pop2, who can\ncertainly hold her own against the favorite.",1004001|1700101|1701801|%h_pop2|1004004,100,0,0,0
2755,131716,"The second favorite and undefeated junior\nchampion, %h_pop2, is fully\nset on clinching victory.",1004003|1700101|1701801|%h_pop2|1004006,100,0,0,0
2756,131716,"Now, here's the second favorite. The\nundefeated junior champion,\n%h_pop2, should give us a\nshowdown to remember.",1004005|1700101|1701801|%h_pop2|1004002,100,0,0,0
2757,131716,"Taking her on is the undefeated junior\nchampion, %h_pop2, who is\nfully set on clinching victory.",1004001|1700101|1701801|%h_pop2|1004006,100,0,0,0
2758,131716,"The second favorite and undefeated junior\nchampion, %h_pop2, should\ngive us a showdown to remember.",1004003|1700101|1701801|%h_pop2|1004002,100,0,0,0
2759,131716,"Now, here's the second favorite. The\nundefeated junior champion,\n%h_pop2, can certainly hold\nher own against today's top favorite.",1004005|1700101|1701801|%h_pop2|1004004,100,0,0,0
2760,131717,"The undefeated junior champion,\n%h_pop3, is currently the third\nfavorite. She's the hot pick of late!",%w_0.3|1700101|1701801|%h_pop3|1004101|1004102,100,0,0,0
2761,131717,"The undefeated junior champion,\n%h_pop3, is the third favorite.\nCan she overcome the odds?!",%w_0.3|1700101|1701801|%h_pop3|1004103|1004104,100,0,0,0
2763,131717,"The undefeated junior champion,\n%h_pop3, is currently the third\nfavorite. Can she overcome the odds?!",%w_0.3|1700101|1701801|%h_pop3|1004101|1004104,100,0,0,0
2764,131717,"The undefeated junior champion,\n%h_pop3, is the third favorite.\nHer superior ability is undeniable!",%w_0.3|1700101|1701801|%h_pop3|1004103|1004106,100,0,0,0
2766,131717,"The undefeated junior champion,\n%h_pop3, is currently the third\nfavorite. Her superior ability is undeniable!",%w_0.3|1700101|1701801|%h_pop3|1004101|1004106,100,0,0,0
2767,131717,"The undefeated junior champion,\n%h_pop3, is the third favorite.\nShe's the hot pick of late!",%w_0.3|1700101|1701801|%h_pop3|1004103|1004102,100,0,0,0
2769,131718,"All eyes are on the undefeated junior\nchampion, %h_player, running in\n%p_waku_ban.",1088201|1700101|1701801|%h_player|%p_waku_ban,100,0,0,0
2770,131800,"The current favorite is the spring Tenno Sho\nchampion, %h_pop1.",1002701|1703301|%h_pop1,100,0,0,0
2771,131800,"The most popular athlete in this race is the\nspring Tenno Sho champion,\n%h_pop1. She's the favorite to\nwin.",1002801|1703301|%h_pop1|1002802,100,0,0,0
2772,131800,"Now, introducing the favorite to win. It's the\nspring Tenno Sho champion,\n%h_pop1.",1002901|1703301|%h_pop1,100,0,0,0
2773,131800,"You guessed it! The favorite is the spring\nTenno Sho champion,\n%h_pop1.",1003001|1703301|%h_pop1,100,0,0,0
2774,131802,"The second favorite is the spring Tenno Sho\nchampion, %h_pop2.",1003101|1703301|%h_pop2,100,0,0,0
2775,131802,"Now, introducing the second favorite. It's the\nspring Tenno Sho champion,\n%h_pop2.",1003201|1703301|%h_pop2,100,0,0,0
2776,131802,"With more than enough skill to rival the top\npick, today's second favorite is the spring\nTenno Sho champion,\n%h_pop2.",1003301|1703301|%h_pop2,100,0,0,0
2777,131802,"She might not be satisfied with this ranking,\nbut the second favorite is the spring Tenno Sho\nchampion, %h_pop2.",%w_0.1|1003401|1703301|%h_pop2,100,0,0,0
2778,131803,"Now, introducing the second favorite. It's the\nspring Tenno Sho champion,\n%h_pop2.",1003201|1703301|%h_pop2,100,0,0,0
2779,131803,"She might not be satisfied with this ranking,\nbut the second favorite is the spring Tenno Sho\nchampion, %h_pop2.",%w_0.1|1003401|1703301|%h_pop2,100,0,0,0
2780,131804,"The third favorite is the spring Tenno Sho\nchampion, %h_pop3.",%w_0.3|1003501|1703301|%h_pop3,100,0,0,0
2781,131804,"For the third favorite, we have the spring\nTenno Sho champion,\n%h_pop3.",%w_0.3|1003601|1703301|%h_pop3,100,0,0,0
2782,131804,"With her sights firmly set on the top spots, the\nthird favorite is the spring Tenno Sho\nchampion, %h_pop3.",%w_0.3|1003701|1703301|%h_pop3,100,0,0,0
2783,131804,"With the popularity and the skills to back it\nup, it's the spring Tenno Sho champion,\n%h_pop3, today's third\nfavorite.",%w_0.3|1003801|1703301|%h_pop3|1003802,100,0,0,0
2784,131805,"Now, here's the undisputed star of the show.\nIt's the spring Tenno Sho champion,\n%h_pop1. She's the favorite to\nwin.",1003901|1703301|%h_pop1|1002802,100,0,0,0
2785,131805,"Waiting for the start with an air of dignity is\nthe spring Tenno Sho champion and today's\nfavorite, %h_pop1.",%w_0.1|1003903|1703301|%h_pop1|1002802,100,0,0,0
2786,131805,"Carrying the hopes of all the fans crowding the\nstands, the favorite for today is the spring\nTenno Sho champion,\n%h_pop1.",1003905|1703301|%h_pop1|1002802,100,0,0,0
2793,131806,"Taking her on is the spring Tenno Sho\nchampion, %h_pop2. This\nshould be a showdown to remember.",1004001|1703301|%h_pop2|1004002,100,0,0,0
2794,131806,"The second favorite and spring Tenno Sho\nchampion, %h_pop2, can\ncertainly hold her own against today's top\nfavorite.",1004003|1703301|%h_pop2|1004004,100,0,0,0
2795,131806,"Now, here's the second favorite. The spring\nTenno Sho champion,\n%h_pop2, is fully set on\nclinching victory.",1004005|1703301|%h_pop2|1004006,100,0,0,0
2796,131806,"Taking her on is the spring Tenno Sho\nchampion, %h_pop2, who can\ncertainly hold her own against the favorite.",1004001|1703301|%h_pop2|1004004,100,0,0,0
2797,131806,"The second favorite and spring Tenno Sho\nchampion, %h_pop2, is fully\nset on clinching victory.",1004003|1703301|%h_pop2|1004006,100,0,0,0
2798,131806,"Now, here's the second favorite. The spring\nTenno Sho champion,\n%h_pop2, should give us a\nshowdown to remember.",1004005|1703301|%h_pop2|1004002,100,0,0,0
2799,131806,"Taking her on is the spring Tenno Sho\nchampion, %h_pop2, who is\nfully set on clinching victory.",1004001|1703301|%h_pop2|1004006,100,0,0,0
2800,131806,"The second favorite and spring Tenno Sho\nchampion, %h_pop2, should\ngive us a showdown to remember.",1004003|1703301|%h_pop2|1004002,100,0,0,0
2801,131806,"Now, here's the second favorite. The spring\nTenno Sho champion,\n%h_pop2, can certainly hold\nher own against today's top favorite.",1004005|1703301|%h_pop2|1004004,100,0,0,0
2802,131807,"The spring Tenno Sho champion,\n%h_pop3, is currently the third\nfavorite. She's the hot pick of late!",%w_0.3|1703301|%h_pop3|1004101|1004102,100,0,0,0
2803,131807,"The spring Tenno Sho champion,\n%h_pop3, is the third favorite.\nCan she overcome the odds?!",%w_0.3|1703301|%h_pop3|1004103|1004104,100,0,0,0
2805,131807,"The spring Tenno Sho champion,\n%h_pop3, is currently the third\nfavorite. Can she overcome the odds?!",%w_0.3|1703301|%h_pop3|1004101|1004104,100,0,0,0
2806,131807,"The spring Tenno Sho champion,\n%h_pop3, is the third favorite.\nHer superior ability is undeniable!",%w_0.3|1703301|%h_pop3|1004103|1004106,100,0,0,0
2808,131807,"The spring Tenno Sho champion,\n%h_pop3, is currently the third\nfavorite. Her superior ability is undeniable!",%w_0.3|1703301|%h_pop3|1004101|1004106,100,0,0,0
2809,131807,"The spring Tenno Sho champion,\n%h_pop3, is the third favorite.\nShe's the hot pick of late!",%w_0.3|1703301|%h_pop3|1004103|1004102,100,0,0,0
2811,131808,"All eyes are on the spring Tenno Sho\nchampion, %h_player, running in\n%p_waku_ban.",1088201|1703301|%h_player|%p_waku_ban,100,0,0,0
2812,131810,"The current favorite is the undefeated spring\nTenno Sho champion,\n%h_pop1.",1002701|1700101|1703301|%h_pop1,100,0,0,0
2813,131810,"The most popular athlete in this race is the\nundefeated spring Tenno Sho champion,\n%h_pop1. She's the favorite to\nwin.",1002801|1700101|1703301|%h_pop1|1002802,100,0,0,0
2814,131810,"Now, introducing the favorite to win. It's the\nundefeated spring Tenno Sho champion,\n%h_pop1.",1002901|1700101|1703301|%h_pop1,100,0,0,0
2815,131810,"You guessed it! The favorite is the undefeated\nspring Tenno Sho champion,\n%h_pop1.",1003001|1700101|1703301|%h_pop1,100,0,0,0
2816,131812,"The second favorite is the undefeated spring\nTenno Sho champion,\n%h_pop2.",1003101|1700101|1703301|%h_pop2,100,0,0,0
2817,131812,"Now, introducing the second favorite. It's the\nundefeated spring Tenno Sho champion,\n%h_pop2.",1003201|1700101|1703301|%h_pop2,100,0,0,0
2818,131812,"With more than enough skill to rival the top\npick, today's second favorite is the undefeated\nspring Tenno Sho champion,\n%h_pop2.",1003301|1700101|1703301|%h_pop2,100,0,0,0
2819,131812,"She might not be satisfied with this ranking,\nbut the second favorite is the undefeated\nspring Tenno Sho champion,\n%h_pop2.",%w_0.1|1003401|1700101|1703301|%h_pop2,100,0,0,0
2820,131813,"Now, introducing the second favorite. It's the\nundefeated spring Tenno Sho champion,\n%h_pop2.",1003201|1700101|1703301|%h_pop2,100,0,0,0
2821,131813,"She might not be satisfied with this ranking,\nbut the second favorite is the undefeated\nspring Tenno Sho champion,\n%h_pop2.",%w_0.1|1003401|1700101|1703301|%h_pop2,100,0,0,0
2822,131814,"The third favorite is the undefeated spring\nTenno Sho champion,\n%h_pop3.",%w_0.3|1003501|1700101|1703301|%h_pop3,100,0,0,0
2823,131814,"For the third favorite, we have the undefeated\nspring Tenno Sho champion,\n%h_pop3.",%w_0.3|1003601|1700101|1703301|%h_pop3,100,0,0,0
2824,131814,"With her sights firmly set on the top spots, the\nthird favorite is the undefeated spring Tenno\nSho champion, %h_pop3.",%w_0.3|1003701|1700101|1703301|%h_pop3,100,0,0,0
2825,131814,"With the popularity and the skills to back it\nup, it's the undefeated spring Tenno Sho\nchampion, %h_pop3, today's\nthird favorite.",%w_0.3|1003801|1700101|1703301|%h_pop3|1003802,100,0,0,0
2826,131815,"Now, here's the undisputed star of the show.\nIt's the undefeated spring Tenno Sho\nchampion, %h_pop1. She's the\nfavorite to win.",1003901|1700101|1703301|%h_pop1|1002802,100,0,0,0
2827,131815,"Waiting for the start with an air of dignity is\nthe undefeated spring Tenno Sho champion\nand today's favorite, %h_pop1.",%w_0.1|1003903|1700101|1703301|%h_pop1|1002802,100,0,0,0
2828,131815,"Carrying the hopes of all the fans crowding the\nstands, the favorite for today is the undefeated\nspring Tenno Sho champion,\n%h_pop1.",1003905|1700101|1703301|%h_pop1|1002802,100,0,0,0
2835,131816,"Taking her on is the undefeated spring Tenno\nSho champion, %h_pop2. This\nshould be a showdown to remember.",1004001|1700101|1703301|%h_pop2|1004002,100,0,0,0
2836,131816,"The second favorite and undefeated spring\nTenno Sho champion,\n%h_pop2, can certainly hold\nher own against today's top favorite.",1004003|1700101|1703301|%h_pop2|1004004,100,0,0,0
2837,131816,"Now, here's the second favorite. The\nundefeated spring Tenno Sho champion,\n%h_pop2, is fully set on\nclinching victory.",1004005|1700101|1703301|%h_pop2|1004006,100,0,0,0
2838,131816,"Taking her on is the undefeated spring Tenno\nSho champion, %h_pop2, who\ncan certainly hold her own against the favorite.",1004001|1700101|1703301|%h_pop2|1004004,100,0,0,0
2839,131816,"The second favorite and undefeated spring\nTenno Sho champion,\n%h_pop2, is fully set on\nclinching victory.",1004003|1700101|1703301|%h_pop2|1004006,100,0,0,0
2840,131816,"Now, here's the second favorite. The\nundefeated spring Tenno Sho champion,\n%h_pop2, should give us a\nshowdown to remember.",1004005|1700101|1703301|%h_pop2|%w_0.02|1004002,100,0,0,0
2841,131816,"Taking her on is the undefeated spring Tenno\nSho champion, %h_pop2, who\nis fully set on clinching victory.",1004001|1700101|1703301|%h_pop2|1004006,100,0,0,0
2842,131816,"The second favorite and undefeated spring\nTenno Sho champion,\n%h_pop2, should give us a\nshowdown to remember.",1004003|1700101|1703301|%h_pop2|1004002,100,0,0,0
2843,131816,"Now, here's the second favorite. The\nundefeated spring Tenno Sho champion,\n%h_pop2, can certainly hold\nher own against today's top favorite.",1004005|1700101|1703301|%h_pop2|1004004,100,0,0,0
2844,131817,"The undefeated spring Tenno Sho champion,\n%h_pop3, is currently the third\nfavorite. She's the hot pick of late!",%w_0.3|1700101|1703301|%h_pop3|1004101|1004102,100,0,0,0
2845,131817,"The undefeated spring Tenno Sho champion,\n%h_pop3, is the third favorite.\nCan she overcome the odds?!",%w_0.3|1700101|1703301|%h_pop3|1004103|1004104,100,0,0,0
2847,131817,"The undefeated spring Tenno Sho champion,\n%h_pop3, is currently the third\nfavorite. Can she overcome the odds?!",%w_0.3|1700101|1703301|%h_pop3|1004101|1004104,100,0,0,0
2848,131817,"The undefeated spring Tenno Sho champion,\n%h_pop3, is the third favorite.\nHer superior ability is undeniable!",%w_0.3|1700101|1703301|%h_pop3|1004103|1004106,100,0,0,0
2850,131817,"The undefeated spring Tenno Sho champion,\n%h_pop3, is currently the third\nfavorite. Her superior ability is undeniable!",%w_0.3|1700101|1703301|%h_pop3|1004101|1004106,100,0,0,0
2851,131817,"The undefeated spring Tenno Sho champion,\n%h_pop3, is the third favorite.\nShe's the hot pick of late!",%w_0.3|1700101|1703301|%h_pop3|1004103|1004102,100,0,0,0
2853,131818,"All eyes are on the undefeated spring Tenno\nSho champion, %h_player, running\nin %p_waku_ban.",1088201|1700101|1703301|%h_player|%p_waku_ban,100,0,0,0
2854,131900,"The current favorite is the defending\nchampion, %h_pop1.",1002701|1701901|%w_0.02|%h_pop1,100,0,0,0
2855,131900,"The most popular athlete in this race is the\ndefending champion,\n%h_pop1. She's the favorite to\nwin.",1002801|1701901|%w_0.02|%h_pop1|1002802,100,0,0,0
2856,131900,"Now, introducing the favorite to win. It's the\ndefending champion,\n%h_pop1.",1002901|1701901|%w_0.02|%h_pop1,100,0,0,0
2857,131900,"You guessed it! The favorite is the defending\nchampion, %h_pop1.",1003001|1701901|%w_0.02|%h_pop1,100,0,0,0
2858,131902,"The second favorite is the defending\nchampion, %h_pop2.",1003101|1701901|%w_0.02|%h_pop2,100,0,0,0
2859,131902,"Now, introducing the second favorite. It's the\ndefending champion,\n%h_pop2.",1003201|1701901|%w_0.02|%h_pop2,100,0,0,0
2860,131902,"With more than enough skill to rival the top\npick, today's second favorite is the defending\nchampion, %h_pop2.",1003301|1701901|%w_0.02|%h_pop2,100,0,0,0
2861,131902,"She might not be satisfied with this ranking,\nbut the second favorite is the defending\nchampion, %h_pop2.",%w_0.1|1003401|1701901|%w_0.02|%h_pop2,100,0,0,0
2862,131903,"Now, introducing the second favorite. It's the\ndefending champion,\n%h_pop2.",1003201|1701901|%h_pop2,100,0,0,0
2863,131903,"She might not be satisfied with this ranking,\nbut the second favorite is the defending\nchampion, %h_pop2.",%w_0.1|1003401|1701901|%h_pop2,100,0,0,0
2864,131904,"The third favorite is the defending champion,\n%h_pop3.",%w_0.3|1003501|1701901|%h_pop3,100,0,0,0
2865,131904,"For the third favorite, we have the defending\nchampion, %h_pop3.",%w_0.3|1003601|1701901|%h_pop3,100,0,0,0
2866,131904,"With her sights firmly set on the top spots, the\nthird favorite is the defending champion,\n%h_pop3.",%w_0.3|1003701|1701901|%h_pop3,100,0,0,0
2867,131904,"With the popularity and the skills to back it\nup, it's the defending champion,\n%h_pop3, today's third\nfavorite.",%w_0.3|1003801|1701901|%h_pop3|1003802,100,0,0,0
2868,131905,"Now, here's the undisputed star of the show.\nIt's the defending champion,\n%h_pop1. She's the favorite to\nwin.",1003901|1701901|%w_0.02|%h_pop1|1002802,100,0,0,0
2869,131905,"Waiting for the start with an air of dignity is\nthe defending champion and today's favorite,\n%h_pop1.",%w_0.1|1003903|1701901|%w_0.02|%h_pop1|1002802,100,0,0,0
2870,131905,"Carrying the hopes of all the fans crowding the\nstands, the favorite for today is the defending\nchampion, %h_pop1.",1003905|1701901|%w_0.02|%h_pop1|1002802,100,0,0,0
2877,131906,"Taking her on is the defending champion,\n%h_pop2. This should be a\nshowdown to remember.",1004001|1701901|%w_0.02|%h_pop2|1004002,100,0,0,0
2878,131906,"The second favorite and defending champion,\n%h_pop2, can certainly hold\nher own against today's top favorite.",1004003|1701901|%w_0.02|%h_pop2|1004004,100,0,0,0
2879,131906,"Now, here's the second favorite. The defending\nchampion, %h_pop2, is fully\nset on clinching victory.",1004005|1701901|%w_0.02|%h_pop2|1004006,100,0,0,0
2880,131906,"Taking her on is the defending champion,\n%h_pop2, who can certainly\nhold her own against the favorite.",1004001|1701901|%w_0.02|%h_pop2|1004004,100,0,0,0
2881,131906,"The second favorite and defending champion,\n%h_pop2, is fully set on\nclinching victory.",1004003|1701901|%w_0.02|%h_pop2|1004006,100,0,0,0
2882,131906,"Now, here's the second favorite. The defending\nchampion, %h_pop2, should\ngive us a showdown to remember.",1004005|1701901|%w_0.02|%h_pop2|1004002,100,0,0,0
2883,131906,"Taking her on is the defending champion,\n%h_pop2, who is fully set on\nclinching victory.",1004001|1701901|%w_0.02|%h_pop2|1004006,100,0,0,0
2884,131906,"The second favorite and defending champion,\n%h_pop2, should give us a\nshowdown to remember.",1004003|1701901|%w_0.02|%h_pop2|1004002,100,0,0,0
2885,131906,"Now, here's the second favorite. The defending\nchampion, %h_pop2, can\ncertainly hold her own against today's top\nfavorite.",1004005|1701901|%w_0.02|%h_pop2|1004004,100,0,0,0
2886,131907,"The defending champion,\n%h_pop3, is currently the third\nfavorite. She's the hot pick of late!",%w_0.3|1701901|%h_pop3|1004101|1004102,100,0,0,0
2887,131907,"The defending champion,\n%h_pop3, is the third favorite.\nCan she overcome the odds?!",%w_0.3|1701901|%h_pop3|1004103|1004104,100,0,0,0
2889,131907,"The defending champion,\n%h_pop3, is currently the third\nfavorite. Can she overcome the odds?!",%w_0.3|1701901|%h_pop3|1004101|1004104,100,0,0,0
2890,131907,"The defending champion,\n%h_pop3, is the third favorite.\nHer superior ability is undeniable!",%w_0.3|1701901|%h_pop3|1004103|1004106,100,0,0,0
2892,131907,"The defending champion,\n%h_pop3, is currently the third\nfavorite. Her superior ability is undeniable!",%w_0.3|1701901|%h_pop3|1004101|1004106,100,0,0,0
2893,131907,"The defending champion,\n%h_pop3, is the third favorite.\nShe's the hot pick of late!",%w_0.3|1701901|%h_pop3|1004103|1004102,100,0,0,0
2895,131908,"All eyes are on the defending champion,\n%h_player, running in\n%p_waku_ban.",1088201|%c_0.02|1701901|%w_0.02|%h_player|%p_waku_ban,100,0,0,0
2896,131910,"The current favorite is the undefeated\ndefending champion,\n%h_pop1.",1002701|1700101|1701901|%w_0.02|%h_pop1,100,0,0,0
2897,131910,"The most popular athlete in this race is the\nundefeated defending champion,\n%h_pop1. She's the favorite to\nwin.",1002801|1700101|1701901|%w_0.02|%h_pop1|1002802,100,0,0,0
2898,131910,"Now, introducing the favorite to win. It's the\nundefeated defending champion,\n%h_pop1.",1002901|1700101|1701901|%w_0.02|%h_pop1,100,0,0,0
2899,131910,"You guessed it! The favorite is the undefeated\ndefending champion,\n%h_pop1.",1003001|1700101|1701901|%w_0.02|%h_pop1,100,0,0,0
2900,131912,"The second favorite is the undefeated\ndefending champion,\n%h_pop2.",1003101|1700101|1701901|%w_0.02|%h_pop2,100,0,0,0
2901,131912,"Now, introducing the second favorite. It's the\nundefeated defending champion,\n%h_pop2.",1003201|1700101|1701901|%w_0.02|%h_pop2,100,0,0,0
2902,131912,"With more than enough skill to rival the top\npick, today's second favorite is the undefeated\ndefending champion,\n%h_pop2.",1003301|1700101|1701901|%w_0.02|%h_pop2,100,0,0,0
2903,131912,"She might not be satisfied with this ranking,\nbut the second favorite is the undefeated\ndefending champion,\n%h_pop2.",%w_0.1|1003401|1700101|1701901|%w_0.02|%h_pop2,100,0,0,0
2904,131913,"Now, introducing the second favorite. It's the\nundefeated defending champion,\n%h_pop2.",1003201|1700101|1701901|%h_pop2,100,0,0,0
2905,131913,"She might not be satisfied with this ranking,\nbut the second favorite is the undefeated\ndefending champion,\n%h_pop2.",%w_0.1|1003401|1700101|1701901|%h_pop2,100,0,0,0
2906,131914,"The third favorite is the undefeated defending\nchampion, %h_pop3.",%w_0.3|1003501|1700101|1701901|%h_pop3,100,0,0,0
2907,131914,"For the third favorite, we have the undefeated\ndefending champion,\n%h_pop3.",%w_0.3|1003601|1700101|1701901|%h_pop3,100,0,0,0
2908,131914,"With her sights firmly set on the top spots, the\nthird favorite is the undefeated defending\nchampion, %h_pop3.",%w_0.3|1003701|1700101|1701901|%h_pop3,100,0,0,0
2909,131914,"With the popularity and the skills to back it\nup, it's the undefeated defending champion,\n%h_pop3, today's third\nfavorite.",%w_0.3|1003801|1700101|1701901|%h_pop3|1003802,100,0,0,0
2910,131915,"Now, here's the undisputed star of the show.\nIt's the undefeated defending champion,\n%h_pop1. She's the favorite to\nwin.",1003901|1700101|1701901|%w_0.02|%h_pop1|1002802,100,0,0,0
2911,131915,"Waiting for the start with an air of dignity is\nthe undefeated defending champion and\ntoday's favorite, %h_pop1.",%w_0.1|1003903|1700101|1701901|%w_0.02|%h_pop1|1002802,100,0,0,0
2912,131915,"Carrying the hopes of all the fans crowding the\nstands, the favorite for today is the undefeated\ndefending champion,\n%h_pop1.",1003905|1700101|1701901|%w_0.02|%h_pop1|1002802,100,0,0,0
2919,131916,"Taking her on is the undefeated defending\nchampion, %h_pop2. This\nshould be a showdown to remember.",1004001|1700101|1701901|%w_0.02|%h_pop2|1004002,100,0,0,0
2920,131916,"The second favorite and undefeated defending\nchampion, %h_pop2, can\ncertainly hold her own against today's top\nfavorite.",1004003|1700101|1701901|%w_0.02|%h_pop2|1004004,100,0,0,0
2921,131916,"Now, here's the second favorite. The\nundefeated defending champion,\n%h_pop2, is fully set on\nclinching victory.",1004005|1700101|1701901|%w_0.02|%h_pop2|1004006,100,0,0,0
2922,131916,"Taking her on is the undefeated defending\nchampion, %h_pop2, who can\ncertainly hold her own against the favorite.",1004001|1700101|1701901|%w_0.02|%h_pop2|1004004,100,0,0,0
2923,131916,"The second favorite and undefeated defending\nchampion, %h_pop2, is fully\nset on clinching victory.",1004003|1700101|1701901|%w_0.02|%h_pop2|1004006,100,0,0,0
2924,131916,"Now, here's the second favorite. The\nundefeated defending champion,\n%h_pop2, should give us a\nshowdown to remember.",1004005|1700101|1701901|%w_0.02|%h_pop2|1004002,100,0,0,0
2925,131916,"Taking her on is the undefeated defending\nchampion, %h_pop2, who is\nfully set on clinching victory.",1004001|1700101|1701901|%w_0.02|%h_pop2|1004006,100,0,0,0
2926,131916,"The second favorite and undefeated defending\nchampion, %h_pop2, should\ngive us a showdown to remember.",1004003|1700101|1701901|%w_0.02|%h_pop2|1004002,100,0,0,0
2927,131916,"Now, here's the second favorite. The\nundefeated defending champion,\n%h_pop2, can certainly hold\nher own against today's top favorite.",1004005|1700101|1701901|%w_0.02|%h_pop2|1004004,100,0,0,0
2928,131917,"The undefeated defending champion,\n%h_pop3, is currently the third\nfavorite. She's the hot pick of late!",%w_0.3|1700101|1701901|%h_pop3|1004101|1004102,100,0,0,0
2929,131917,"The undefeated defending champion,\n%h_pop3, is the third favorite.\nCan she overcome the odds?!",%w_0.3|1700101|1701901|%h_pop3|1004103|1004104,100,0,0,0
2931,131917,"The undefeated defending champion,\n%h_pop3, is currently the third\nfavorite. Can she overcome the odds?!",%w_0.3|1700101|1701901|%h_pop3|1004101|1004104,100,0,0,0
2932,131917,"The undefeated defending champion,\n%h_pop3, is the third favorite.\nHer superior ability is undeniable!",%w_0.3|1700101|1701901|%h_pop3|1004103|1004106,100,0,0,0
2934,131917,"The undefeated defending champion,\n%h_pop3, is currently the third\nfavorite. Her superior ability is undeniable!",%w_0.3|1700101|1701901|%h_pop3|1004101|1004106,100,0,0,0
2935,131917,"The undefeated defending champion,\n%h_pop3, is the third favorite.\nShe's the hot pick of late!",%w_0.3|1700101|1701901|%h_pop3|1004103|1004102,100,0,0,0
2937,131918,"All eyes are on the undefeated defending\nchampion, %h_player, running in\n%p_waku_ban.",1088201|1700101|1701901|%w_0.02|%h_player|%p_waku_ban,100,0,0,0
2938,132001,Will she take the third crown and etch her\nname into the annals of history?!,1702001,100,0,0,0
2939,132001,Can she obtain her long-desired Triple Crown?,1702101,100,0,0,0
2940,132002,Can she win this race and take the Triple\nTiara?!,1702201,100,0,0,0
2941,132002,Can she obtain her long-desired Triple Crown?,1702101,100,0,0,0
2942,132003,She takes on the Derby for her second crown!,1702301,100,0,0,0
2943,132004,Can she take victory in the Japanese Oaks and\nwin her second crown?!,1702401,100,0,0,0
2944,132005,Can she bloom on the fall stage like she did in\nthe spring?!,1702501,100,0,0,0
2945,132006,The queen seeks her final crown on the fall\nstage.,1702601,100,0,0,0
2946,132007,Can she obtain her final crown on this\nchrysanthemum stage?!,1702701,100,0,0,0
2947,132008,"With her glorious stride, she aims for the final\ncrown.",1702801,100,0,0,0
2948,132009,Can our young champion prove her ability\ntoday?!,1702901,100,0,0,0
2949,132010,"Running against battle-hardened Umamusume,\nshe aims to become the greatest of her\ngeneration!",1703001,100,0,0,0
2950,132011,Will she be victorious in both spring and fall?,1703101,100,0,0,0
2951,132012,She's been waiting for this opportunity to win\nback-to-back titles.,1703201,100,0,0,0
2952,132101,Will she take the third crown and etch her\nname into the annals of history?!,1702001,100,0,0,0
2953,132101,Can she obtain her long-desired Triple Crown?,1702101,100,0,0,0
2954,132102,Can she win this race and take the Triple\nTiara?!,1702201,100,0,0,0
2955,132102,Can she obtain her long-desired Triple Crown?,1702101,100,0,0,0
2956,132103,She takes on the Derby for her second crown!,1702301,100,0,0,0
2957,132104,Can she take victory in the Japanese Oaks and\nwin her second crown?!,1702401,100,0,0,0
2958,132105,Can she bloom on the fall stage like she did in\nthe spring?!,1702501,100,0,0,0
2959,132106,The queen seeks her final crown on the fall\nstage.,1702601,100,0,0,0
2960,132107,Can she obtain her final crown on this\nchrysanthemum stage?!,1702701,100,0,0,0
2961,132108,"With her glorious stride, she aims for the final\ncrown.",1702801,100,0,0,0
2962,132109,Can our young champion prove her ability\ntoday?!,1702901,100,0,0,0
2963,132110,"Running against battle-hardened Umamusume,\nshe aims to become the greatest of her\ngeneration!",1703001,100,0,0,0
2964,132111,Will she be victorious in both spring and fall?,1703101,100,0,0,0
2965,132112,She's been waiting for this opportunity to win\nback-to-back titles.,1703201,100,0,0,0
2966,133001,%h_rank_l1 wins the Triple\nCrown! We've witnessed the birth of a\nchampion here today!,%w_0.1|%h_rank_l1|3029401,100,0,0,0
2967,133002,"%h_rank_l1 wins the Autumn\nTriple Crown! Plowing through the fall G1s, she\ncarves her name into history!",%w_0.1|%h_rank_l1|3029501,100,0,0,0
2968,133003,%h_rank_l1 wins the Triple\nCrown at last! History's greatest queen takes\nher throne! An eternal heroine has been born!,%w_0.1|%h_rank_l1|3027802,100,0,0,0
2969,133004,%h_rank_l1 wins the Spring\nTriple Crown! She's made an amazing\naccomplishment by defeating even the\nstrongest of competitors who stood in her way!,%w_0.1|%h_rank_l1|3029601,100,0,0,0
2970,133005,"She wins a Tenno Sho double! This is a\nspectacular, historic feat for\n%h_rank_l1!",%w_0.1|3027901|%h_rank_l1,100,0,0,0
2971,133006,%h_rank_l1 wins two consecutive\ngrand prix! She's shown us her true ability here\ntoday!,%w_0.1|%h_rank_l1|3029701,100,0,0,0
2972,133007,%h_rank_l1 wins two consecutive\nmile races! She stands on top of all other\nmilers!,%w_0.1|%h_rank_l1|3029801,100,0,0,0
2973,133008,%h_rank_l1 wins two consecutive\nsprints! We've witnessed the birth of the fastest\nUmamusume!,%w_0.1|%h_rank_l1|3029901,100,0,0,0
2974,133009,%h_rank_l1 wins two consecutive\ndirt races! She sits on the throne of the dirt\nworld!,%w_0.1|%h_rank_l1|3030001,100,0,0,0
2975,133010,%h_rank_l1 wins the Derby and\ntakes the Double Crown! Her legend will\ncontinue on to Kyoto in the fall!,%w_0.1|%h_rank_l1|3027602,100,0,0,0
2976,133011,It's %h_rank_l1! She's won both\nthe Oka Sho and the Japanese Oaks! A Double\nCrown star has been born!,%w_0.1|%h_rank_l1|3027702,100,0,0,0
2977,117034,%horse1 pulls ahead here!,%horse1|2082301,100,0,0,0
2978,117035,"%h_rank2 stays in second,\nkeeping a close eye on the situation!",%h_rank2|2015601,100,0,0,0
2979,117036,And watching all of this with great intent is\n%h_rank3.,1069201|%a_h_rank3,100,0,0,0
2980,117037,How's %h_pop1 doing?,%h_pop1|1008401,100,100078,0,0
2981,117038,How's %h_pop1 doing?,%h_pop1|1008401,100,100120,0,0
2982,117039,%h_rank1 keeps the lead! An\ninteresting development indeed! Can she keep\nit up?,%h_rank1|1007701,100,100069,0,0
2983,117040,%h_rank1 keeps the lead! An\ninteresting development indeed! Can she keep\nit up?,%h_rank1|1007701,100,100083,0,0
2984,117041,%h_rank1 moves into the lead.\nWas this the right move?,%h_rank1|1007801,100,100083,0,0
2985,117042,%h_rank1 moves into the lead.\nWas this the right move?,%h_rank1|1007801,100,100072,0,0
2986,117043,%h_rank1 triumphantly takes\nthe lead! Who could've seen that coming?,1008601|%h_rank1|1008602,100,100083,0,0
2987,117044,%h_rank1 triumphantly takes\nthe lead! Who could've seen that coming?,1008601|%h_rank1|1008602,100,100078,0,0
2988,117045,%h_rank_l1！\n%race_wo！,%w_0.1|%h_rank_l1|%race_wo,100,0,0,0
2989,117046,,,100,100016,0,0
2990,117047,Not a cloud in sight here at %course\nfor the %distance-meter %ground %race.\n%h_num_no runners take the field.,1000101|%course|%ground|%distance|%h_num_no,100,0,0,0
2991,117048,It's cloudy here at %course\nfor the %distance-meter %ground %race.\n%h_num_no runners take the field.,1000201|%course|%ground|%distance|%h_num_no,100,0,0,0
2992,117049,Rain is making for poor conditions here at\n%course. A field of %h_num_no is here to\nchallenge the %distance-meter %ground race.,1000301|%course|%ground|%distance|%h_num_no,100,0,0,0
2993,117050,"We've got clear, blue skies here at\n%course. A field of %h_num_no is here to\nchallenge the %distance-meter %ground race.",1000501|%course|%ground|%distance|%h_num_no,100,0,0,0
2994,117051,We've got a storm brewing here at\n%course. A field of %h_num_no is here to\nchallenge the %distance-meter %ground race.,1000601|%course|%ground|%distance|%h_num_no,100,0,0,0
2995,117052,The rain will certainly be a test here at\n%course. A field of %h_num_no is here to\nchallenge the %distance-meter %ground race.,1000701|%course|%ground|%distance|1000702,100,0,0,0
2996,117053,Snowing is falling here at\n%course for the %distance-meter\n%ground race.. Which Umamusume will prove\nvictorious?!,1000801|%course|1000802|%ground|%distance|1000803,100,0,0,0
2997,117054,The sun has completely set here at\n%course. A field of %h_num_no is here to\nchallenge the %distance-meter %ground race.,1011801|%course|%ground|%distance|%h_num_no,100,0,0,0
2998,117054,The stars are watching over the\n%course. A field of %h_num_no is here to\nchallenge the %distance-meter %ground race.,1011901|%course|%ground|%distance|%h_num_no,100,0,0,0
2999,117054,We're racing under a starry sky here at\n%course. A field of %h_num_no is here to\nchallenge the %distance-meter %ground race.,1012001|%course|%ground|%distance|%h_num_no,100,0,0,0
3000,117055,Rain clouds are making things tense at\n%course. A field of %h_num_no is here to\nchallenge the %distance-meter %ground race.,1012101|%course|%ground|%distance|%h_num_no,100,0,0,0
3001,117055,Raindrops are glittering in the lights at\n%course. A field of %h_num_no is here to\nchallenge the %distance-meter %ground race.,1012201|%course|%ground|%distance|%h_num_no,100,0,0,0
3002,117055,This night rain may create trouble here at\n%course. A field of %h_num_no is here to\nchallenge the %distance-meter %ground race.,1012301|%course|%ground|%distance|%h_num_no,100,0,0,0
3003,117056,It's %h_rank_l1! She wins the\n%race and\nadvances to the finals! Only one more step to\nthe top!,%w_0.1|%h_rank_l1|%race_wo,100,0,0,0
3004,117057,It's %h_rank_l1! She wins the\n%race and stands\nabove all other Umamusume!,%w_0.1|%h_rank_l1|%race_wo,100,0,0,0
3005,117058,The Team Race is about to begin! Who will\nclaim victory in this crucial first race?!,1092501,100,0,0,0
3006,117059,Which runner will make the necessary leap to\nescape demotion?!,1092601,100,0,0,0
3007,117060,"The second race is based on the results of the\nfirst, so each runner will be carrying the dreams\nof her team with her.",1092701,100,0,0,0
3008,117061,Can they carry over their win to the next race?!\nExpectations for the second race are rising!,1093801,100,0,0,0
3009,117062,The second race is about to begin! Will they be\nable to turn their regret into revenge this\nround?!,1093901,100,0,0,0
3010,117063,The third race is a big turning point. I'm sure\nthey're looking to achieve a good result to\ntake into the second half.,1094001,100,0,0,0
3011,117064,One team has placed first in all the races so\nfar. The spectators are getting more and more\nexcited!,1094101,100,0,0,0
3012,117065,This could be the last race for a certain team.\nLet's hope they can make a comeback!,1094201,100,0,0,0
3013,117066,Race number four! We're approaching the\nfinale! Can they keep up these results all the\nway to the end?!,1094301,100,0,0,0
3014,117067,"The crowd is electrified! Needless to say, we all\nknow which runner has the highest\nexpectations on her!",1094401,100,0,0,0
3015,117068,Is this their last chance to recover? It's finally\ntime for the pivotal fourth race.,1094501,100,0,0,0
3016,117069,It's time for the fifth and final race! Who can\ntake on the drive of the teams they've outrun\nand attain the glory for themselves?!,1094601,100,0,0,0
3017,117070,"One team has somehow managed to win every\nrace! Can they go the distance?! It's time to\nstart the final, decisive race!",1094701,100,0,0,0
3018,117071,This is definitely a race the struggling teams\nwill want to win! Can they grasp the final\nchance at glory?!,1094801,100,0,0,0
3019,117072,"With this field of lightning-fast sprinters, you\nwon't want to blink once we hit post time!",1094901,100,0,0,0
3020,117073,"With this many expert milers, it's anybody's\nrace!",1095001,100,0,0,0
3021,117074,"With such an abundance of medium-distance\ntalent, we're sure to see an amazing race\ntoday!",1095101,100,0,0,0
3022,117075,"With this many expert stayers, we're bound to\nsee some drama unfold on the track today!",1095201,100,0,0,0
3023,117076,Umamusume who excel on dirt are gathered\nhere today. Who will cross the finish line first?!,1095301,100,0,0,0
3024,117077,%h_rank_ta1 wins! She grabs the\nfirst win for her team and propels them to a\ngreat start!,%w_0.1|3030301|%h_rank_ta1|3030302,100,0,0,0
3025,117078,The second race goes to\n%h_rank_ta1! Her excellent\nrunning earned her team a victory!,%w_0.1|3030401|%h_rank_ta1|3030402,100,0,0,0
3026,117079,In first place is %h_rank_l1! She\nwins the third race and leads her team into an\nundisputed turnaround!,%w_0.1|3030501|%h_rank_l1|3030502,100,0,0,0
3027,117080,%h_rank_ta1 wins! This big win will\ngive them momentum for the final race!,%w_0.1|3030601|%h_rank_ta1|3030602,100,0,0,0
3028,117081,The fourth race goes to\n%h_rank_ta1! No one can stop this\nteam's momentum now!,%w_0.1|3030701|%h_rank_ta1|3030702,100,0,0,0
3029,117082,"Crossing the finish line first is\n%h_rank_ta1! Inspiring her team\nwith a magnificent run, she takes the fourth\nrace!",%w_0.1|3030801|%h_rank_ta1|3030802,100,0,0,0
3030,117083,The fifth and final race goes to\n%h_rank_ta1! She gives her team\nthe best results they could have asked for!,%w_0.1|3030901|%h_rank_ta1|3030902,100,0,0,0
3031,117084,"Victory in the fifth and final race goes to\n%h_rank_ta1! This bodes well for\ntheir score, but who will take the ultimate\nvictory?!",%w_0.1|3031001|%h_rank_ta1|3031002,100,0,0,0
3032,117085,%h_rank_ta1 wins! She gives us an\namazing run and a beautiful finale!,%w_0.1|3031101|%h_rank_ta1|3031102,100,0,0,0
3033,117086,The team sprint goes to\n%h_rank_ta1! What a fantastic\nvictory for her team!,%w_0.1|3031201|%h_rank_ta1|3031202,100,0,0,0
3034,117087,The team mile race goes to\n%h_rank_ta1! She gets a great win\nfor her team!,%w_0.1|3031301|%h_rank_ta1|3031302,100,0,0,0
3035,117088,The team medium-distance race goes to\n%h_rank_ta1! The wins just keep\ncoming!,%w_0.1|3031401|%h_rank_ta1|3031402,100,0,0,0
3036,117089,The team long-distance race goes to\n%h_rank_ta1! Her teammate's\nhopes and dreams were well placed!,%w_0.1|3031501|%h_rank_ta1|3031502,100,0,0,0
3037,117090,The team dirt race goes to\n%h_rank_ta1! She ran a great race\nfor her team!,%w_0.1|3031601|%h_rank_ta1|3031602,100,0,0,0
3038,140001,It's a sunny day here at %course\nfor the %distance-meter %ground\n%race. %h_num_no runners\ntake the field.,1000101|%course|%ground|%distance|%race|%h_num_no,100,0,0,0
3039,140002,It's a cloudy day here at %course\nfor the %distance-meter %ground\n%race. %h_num_no runners\ntake the field.,1000201|%course|%ground|%distance|%race|%h_num_no,100,0,0,0
3040,140003,Rain is making for poor conditions here at\n%course for the %distance-meter\n%ground %race. %h_num_no\nrunners take the field.,1000301|%course|%ground|%distance|%race|%h_num_no,100,0,0,0
3041,140004,Snow is falling here at %course\nfor the %distance-meter %ground\n%race. Which\nUmamusume will prove victorious?!,1000801|%course|1000802|%race|%ground|%distance|1000803,100,0,0,0
3042,140005,We've got beautiful blue skies here at the\n%course. The turf should be nice\nand firm for today's race!,1001101|%course|1001102,100,0,0,0
3043,140006,The sun is shining bright over\n%course. Dust dances in the air\nover the firm track.,1001201|%course|1001202,100,0,0,0
3044,140007,A few lazy clouds roll over\n%course. Track conditions have\nbeen downgraded since the rain yesterday.,1001301|%course|1001302,100,0,0,0
3045,140008,"The skies have cleared over\n%course. With the on-and-off\nrain we've had, track conditions are good but\nnot the best.",1001401|%course|1001402,100,0,0,0
3046,140009,"We've got gray skies over\n%course. The weather is still\nholding out, though, and the track is firm.",1001501|%course|1001502,100,0,0,0
3047,140010,"The skies are gloomy and overcast here at\n%course. It's not all bad though,\nthe turf is still in good condition.",1001701|%course|1001702,100,0,0,0
3048,140011,"Occasional rainfall is taunting us here at\n%course. However, the track has\nbeen confirmed to be in good condition.",1001801|%course|1001802,100,0,0,0
3049,140012,"The rain has soaked into the turf at\n%course. Unfortunately, this has\nmade for soft track conditions.",1001901|%course|1001902,100,0,0,0
3050,140013,Rain is pouring down here at\n%course. This will be a grueling\nrace on a soft dirt track.,1002001|%course|1002002,100,0,0,0
3051,140014,The continuing rain has worsened at\n%course. The track condition has\nbeen downgraded to heavy.,1002101|%course|1002102,100,0,0,0
3052,140015,"We've got heavy rainfall here at\n%course. The track is wet and\nslippery, rendering its condition heavy.",1002201|%course|1002202,100,0,0,0
3053,140016,"Snow continues falling here at\n%course. After clearing it away,\nthe turf's condition has been rated good.",1002301|%course|1002302,100,0,0,0
3054,140017,The dirt track at %course is in\ngood condition as the field gets ready to run\nthrough the billowing snow.,1002401|%course|1002402,100,0,0,0
3055,140018,Snow removal is in progress as it continues to\nblanket the ground. The\n%course track has been rated\nsoft.,1002501|%course|1002502,100,0,0,0
3056,140019,"The snow falls gently from the gray skies\nabove, softening the condition of\n%course's dirt track.",1002601|%course|1002602,100,0,0,0
3058,140020,"All eyes are on %h_player, who is\nfully set on clinching victory.",1088201|%h_player|1004006,100,0,0,0
3059,140020,"All eyes are on %h_player,\nrunning in %p_waku_ban.",1088201|%h_player|%w_0.04|%p_waku_ban,100,0,0,0
3060,140020,Can she overcome the odds?!\n%h_player is the hot pick of late!,1004104|%w_0.01|%h_player|1004102,100,0,0,0
3061,140021,"With the popularity and the skills to back it\nup, %legend should give us a\nshowdown to remember.",1003801|%legend|1004002,100,0,0,0
3062,140021,"Now, here's the undisputed star of the show.\nIt's %legend!",1003901|%legend,100,0,0,0
3063,140021,Waiting for the start with an air of dignity is\n%legend.,%w_0.1|1003903|%legend,100,0,0,0
3064,140021,"Carrying the hopes of all the fans crowding the\nstands, it's %legend.",1003905|%legend,100,0,0,0
4001,150001,"The favorite is %ban1, %h_pop1.\nShe's not about to lose here.",0000001|%ban1|%h_pop1,100,0,0,0
4002,150002,"All eyes are on the favorite: %ban1,\n%h_pop1.",0000002|%ban1|%h_pop1,100,0,0,0
4003,150003,"With the strength to hold her own, the second\nfavorite is %ban1, %h_pop2.",0000003|pop_10220|%ban1|%h_pop2,100,0,0,0
4004,150004,"All eyes are on the second favorite: %ban1,\n%h_pop2.",0000004|%ban1|%h_pop2,100,0,0,0
4005,150005,"Fully set on clinching victory, here's the third\nfavorite, %ban1, %h_pop3.",%w_0.3|0000005|%ban1|%h_pop3,100,0,0,0
4006,150006,"All eyes are on the third favorite: %ban1,\n%h_pop3.",%w_0.3|0000006|%ban1|%h_pop3,100,0,0,0
4007,151001,"The favorite, %ban1, %h_pop1.",pop_10100|%ban1|%h_pop1,100,0,0,0
4008,151001,"The favorite is %ban1, %h_pop1.",pop_10120|%ban1|%h_pop1,100,0,0,0
4009,151001,"%ban1, %h_pop1, is the favorite.",%ban1|%h_pop1|pop_10130,100,0,0,0
4010,151002,"The second favorite, %ban1,\n%h_pop2.",pop_10200|%ban1|%h_pop2,100,0,0,0
4011,151002,"The second favorite is %ban1,\n%h_pop2.",pop_10220|%ban1|%h_pop2,100,0,0,0
4012,151002,"%ban1, %h_pop2, is the second\nfavorite.",%ban1|%h_pop2|pop_10230,100,0,0,0
4013,151003,"The third favorite, %ban1,\n%h_pop3.",%w_0.3|pop_10300|%ban1|%h_pop3,100,0,0,0
4014,151003,"The third favorite is %ban1,\n%h_pop3.",%w_0.3|pop_10320|%ban1|%h_pop3,100,0,0,0
4015,151003,"%ban1, %h_pop3, is the third\nfavorite.",%w_0.3|%ban1|%h_pop3|pop_10330,100,0,0,0
4016,151004,"The fourth favorite, %ban1,\n%h_pop4.",pop_10400|%ban1|%h_pop4,100,0,0,0
4017,151004,"The fourth favorite is %ban1,\n%h_pop4.",pop_10420|%ban1|%h_pop4,100,0,0,0
4018,151004,"%ban1, %h_pop4, is the fourth\nfavorite.",%ban1|%h_pop4|pop_10430,100,0,0,0
4019,151005,"The fifth favorite, %ban1,\n%h_pop5.",pop_10500|%ban1|%h_pop5,100,0,0,0
4020,151005,"The fifth favorite is %ban1,\n%h_pop5.",pop_10520|%ban1|%h_pop5,100,0,0,0
4021,151005,"%ban1, %h_pop5, is the fifth\nfavorite.",%ban1|%h_pop5|pop_10530,100,0,0,0
4022,151006,"The sixth favorite, %ban1,\n%h_pop6.",pop_10600|%ban1|%h_pop6,100,0,0,0
4023,151006,"The sixth favorite is %ban1,\n%h_pop6.",pop_10620|%ban1|%h_pop6,100,0,0,0
4024,151006,"%ban1, %h_pop6, is the sixth\nfavorite.",%ban1|%h_pop6|pop_10630,100,0,0,0
4025,151007,"The seventh favorite, %ban1,\n%h_pop7.",pop_10700|%ban1|%h_pop7,100,0,0,0
4026,151007,"The seventh favorite is %ban1,\n%h_pop7.",pop_10720|%ban1|%h_pop7,100,0,0,0
4027,151007,"%ban1, %h_pop7, is the seventh\nfavorite.",%ban1|%h_pop7|pop_10730,100,0,0,0
4028,151008,"The eighth favorite, %ban1,\n%h_pop8.",pop_10800|%ban1|%h_pop8,100,0,0,0
4029,151008,"The eighth favorite is %ban1,\n%h_pop8.",pop_10820|%ban1|%h_pop8,100,0,0,0
4030,151008,"%ban1, %h_pop8, is the eighth\nfavorite.",%ban1|%h_pop8|pop_10830,100,0,0,0
4031,151009,"The ninth favorite, %ban1,\n%h_pop9.",pop_10900|%ban1|%h_pop9,100,0,0,0
4032,151009,"The ninth favorite is %ban1,\n%h_pop9.",pop_10920|%ban1|%h_pop9,100,0,0,0
4033,151009,"%ban1, %h_pop9, is the ninth\nfavorite.",%ban1|%h_pop9|pop_10930,100,0,0,0
4034,151010,"The tenth favorite, %ban1,\n%h_pop10.",pop_11000|%ban1|%h_pop10,100,0,0,0
4035,151010,"The tenth favorite is %ban1,\n%h_pop10.",pop_11020|%ban1|%h_pop10,100,0,0,0
4036,151010,"%ban1, %h_pop10, is the tenth\nfavorite.",%ban1|%h_pop10|pop_11030,100,0,0,0
4037,151011,"The eleventh favorite, %ban1,\n%h_pop11.",pop_11100|%ban1|%h_pop11,100,0,0,0
4038,151011,"The eleventh favorite is %ban1,\n%h_pop11.",pop_11120|%ban1|%h_pop11,100,0,0,0
4039,151011,"%ban1, %h_pop11, is the eleventh\nfavorite.",%ban1|%h_pop11|pop_11130,100,0,0,0
4040,151012,"The twelfth favorite, %ban1,\n%h_pop12.",pop_11200|%ban1|%h_pop12,100,0,0,0
4041,151012,"The twelfth favorite is %ban1,\n%h_pop12.",pop_11220|%ban1|%h_pop12,100,0,0,0
4042,151012,"%ban1, %h_pop12, is the twelfth\nfavorite.",%ban1|%h_pop12|pop_11230,100,0,0,0
4043,151013,"The thirteenth favorite, %ban1,\n%h_pop13.",pop_11300|%ban1|%h_pop13,100,0,0,0
4044,151013,"The thirteenth favorite is %ban1,\n%h_pop13.",pop_11320|%ban1|%h_pop13,100,0,0,0
4045,151013,"%ban1, %h_pop13, is the\nthirteenth favorite.",%ban1|%h_pop13|pop_11330,100,0,0,0
4046,151014,"The fourteenth favorite, %ban1,\n%h_pop14.",pop_11400|%ban1|%h_pop14,100,0,0,0
4047,151014,"The fourteenth favorite is %ban1,\n%h_pop14.",pop_11420|%ban1|%h_pop14,100,0,0,0
4048,151014,"%ban1, %h_pop14, is the\nfourteenth favorite.",%ban1|%h_pop14|pop_11430,100,0,0,0
4049,151015,"The fifteenth favorite, %ban1,\n%h_pop15.",pop_11500|%ban1|%h_pop15,100,0,0,0
4050,151015,"The fifteenth favorite is %ban1,\n%h_pop15.",pop_11520|%ban1|%h_pop15,100,0,0,0
4051,151015,"%ban1, %h_pop15, is the fifteenth\nfavorite.",%ban1|%h_pop15|pop_11530,100,0,0,0
4052,151016,"The sixteenth favorite, %ban1,\n%h_pop16.",pop_11600|%ban1|%h_pop16,100,0,0,0
4053,151016,"The sixteenth favorite is %ban1,\n%h_pop16.",pop_11620|%ban1|%h_pop16,100,0,0,0
4054,151016,"%ban1, %h_pop16, is the\nsixteenth favorite.",%ban1|%h_pop16|pop_11630,100,0,0,0
4055,151017,"The seventeenth favorite, %ban1,\n%h_pop17.",pop_11700|%ban1|%h_pop17,100,0,0,0
4056,151017,"The seventeenth favorite is %ban1,\n%h_pop17.",pop_11720|%ban1|%h_pop17,100,0,0,0
4057,151017,"%ban1, %h_pop17, is the\nseventeenth favorite.",%ban1|%h_pop17|pop_11730,100,0,0,0
4058,151018,"The eighteenth favorite, %ban1,\n%h_pop18.",pop_11800|%ban1|%h_pop18,100,0,0,0
4059,151018,"The eighteenth favorite is %ban1,\n%h_pop18.",pop_11820|%ban1|%h_pop18,100,0,0,0
4060,151018,"%ban1, %h_pop18, is the\neighteenth favorite.",%ban1|%h_pop18|pop_11830,100,0,0,0
4061,161001,She's done it! Special Week has finally\nachieved her dream of becoming Derby\nchampion!,%w_0.1|3101001,100,0,0,0
4062,161002,The main star of this glorious Sunday is Silence\nSuzuka! She had this win in her pocket from\nbefore the fourth corner!,%w_0.1|3101002,100,0,0,0
4063,161003,"Tokai Teio just achieved a monumental victory\nat the Satsuki Sho, following in the footsteps\nof the undefeated Rudolf!",%w_0.1|3101003,100,0,0,0
4064,161004,Maruzensky has a big lead! I don't think\nanyone can catch up! Just look at her go!,3101004,100,0,0,0
4065,161006,"It's Oguri! Oguri takes first place! The fans are\ngoing wild! It's the super Umamusume, Oguri\nCap!",%w_0.1|3101006,100,0,0,0
4066,161007,It's Gold Ship! She follows her Satsuki Sho and\nKikuka Sho wins with another gold at the grand\nprix!,%w_0.1|3101007,100,0,0,0
4067,161008,Vodka's in the lead! She's finally going to\nachieve her dream of becoming Derby\nchampion! And Vodka wins the race!,3101008,100,0,0,0
4068,161009,Daiwa Scarlet wins the race! The door to her\ndreams has opened! She takes another step up\nfrom the Tiara tour and wins the grand prix!,%w_0.1|3101009,100,0,0,0
4069,161010,Taiki Shuttle's strong! Taiki Shuttle takes it!\nShe wins by a landslide!,3101010,100,0,0,0
4070,161011,"The top Umamusume are truly spectacular!\nWhile Special Week put on a powerful\nperformance, Grass Wonder seized the win!",%w_0.1|3101011,100,0,0,0
4071,161013,"It's McQueen! McQueen takes it! We knew it\nwas a Mejiro, but it's McQueen with the win!",3101013,100,0,0,0
4072,161014,"It's El Condor Pasa! She's shown us her strength\nin the Fuchu 2,400 meter, and has taken out\nher rival!",%w_0.1|3101014,100,0,0,0
4073,161017,A flower has bloomed at the cloudy Kyoto\nRacecourse! She's won the Classic Triple Crown\nand etched her name in Japanese Umamusume\nhistory!,%w_0.1|3101017,100,0,0,0
4074,161018,It's Air Groove! What an overwhelming\nUmamusume! She ran with the power of a true\nempress!,%w_0.1|3101018,100,0,0,0
4075,161024,Taking the win is Mayano Top Gun! She finally\nwins on the chrysanthemum stage!,%w_0.1|3101024,100,0,0,0
4076,161027,"At this distance, there's no way Mejiro Ryan\ncan lose! She's the star of Takarazuka! Mejiro\nRyan does it!",%w_0.1|3101027,100,0,0,0
4077,161030,It's Rice Shower! She conquers the Yodo Hill\nand wins the Takarazuka Kinen!,%w_0.1|3101030,100,0,0,0
4078,161032,"Starting down the path to glory in the\nNakayama 2,000 meter, Agnes Tachyon wins\nher first crown!",%w_0.1|3101032,100,0,0,0
4079,161035,Winning Ticket has her long-awaited victory!\nShe takes the Japanese Derby!,%w_0.1|3101035,100,0,0,0
4080,161041,Sakura Bakushin O wins a G1! Sakura Bakushin\nO has staked her claim!,%w_0.1|3101041,100,0,0,0
4081,161045,Oguri Cap can't catch up! Super Creek blocks\nher path and wins a Tenno Sho double!,%w_0.1|3101045,100,0,0,0
4082,161052,"Go, Haru Urara, go! You can do it! We've\nwitnessed her first victory!",3101052,100,0,0,0
4083,161056,Luck shines on Kobe as Matikanefukukitaru\nfollows her Kyoto victory with another win!,%w_0.1|3101056,100,0,0,0
4084,161060,"It's Nice Nature! Nice Nature does it! After not\nquite grasping a G1, she pulls off a brilliant\nwin at the Arima Kinen!",%w_0.1|3101060,100,0,0,0
4085,161061,King Halo brushes past them all! What a\nformidable last push! She finally wins a G1!,%w_0.1|3101061,100,0,0,0
4086,161015,"It's T.M. Opera O! Building on her Tenno Sho\nwin, her voice rings out at the grand prix\ntoday!",%w_0.1|3101015,100,0,0,0
4087,161026,A haiku composed about Mihono Bourbon: So\nclose to the prize cresting the Nigawa hill\nalone in the lead.,2100001,100,0,0,0
4088,161023,"Biwa Hayahide crushes the Takarazuka Kinen!\nEffortlessly crossing the finish line, calm as\never, it's Biwa Hayahide!",3101023,100,0,0,0
4089,161038,And it's Curren Chan! Curren Chan crosses the\nfinish! She's going home from Nakayama with a\nG1 title!,%w_0.1|3101038,100,0,0,0
4090,161050,Narita Taishin somehow edges past the leader\nand secures victory! Her astounding skill wins\nher the Satsuki Sho!,3101050,100,0,0,0
4091,161046,Smart Falcon is out in front! She's running hard!\nNo one stands a chance against Smart Falcon\nhere!,3101046,100,0,0,0
4092,161016,Brian is all alone in the lead! Nothing can touch\nher! No one's even close as Brian shows her\nsuperiority and takes it!,3101016,100,0,0,0
4093,161020,Seiun Sky wins! Her victory's clear as the blue\nskies over Kyoto Racecourse today!,%w_0.1|3101020,100,0,0,0
4094,161012,"Suddenly from the outside, it's Hishi Amazon!\nShe's closed the distance!",3101012,100,0,0,0
4095,161005,Fuji Kiseki has unexpected company! But she\nwon't back down! This is true strength!,3101005,100,0,0,0
4096,161040,Gold City and her dazzling golden locks come\nin first place! The most beautiful Umamusume\nof the century proves her ability!,%w_0.1|3101040,100,0,0,0
4097,161058,Here's Doto! Doto's in the lead! Can Meisho\nDoto's persistence secure her the win?!,3101058,100,0,0,0
4098,161037,The Derby champion is Eishin Flash! She shines\nagain here in Fuchu!,%w_0.1|3101037,100,0,0,0
4099,161028,Fending off all her challengers to cross the post in first is Hishi Akebono!,%w_0.1|3101028,100,0,0,0
4100,161019,"What a performance from Agnes Digital! She shows that even on 2000-meter turf, she can dominate a G1 race!",%w_0.1|3101019,100,0,0,0
4101,161039,In first is Kawakami Princess! An undefeated Oaks champion is born! Kawakami Princess has done it!,%w_0.1|3101039,100,0,0,0
4102,161025,"From the outside, it's Manhattan! Manhattan swoops in from the outside! The others can't catch up!",3101025,100,0,0,0
4103,161048,Tosen Jordan does it! She perseveres! She claims her first G1 title!,%w_0.1|3101048,100,0,0,0
4104,161059,"She had just one dream for her classic year! And now, Dober has seen it through!",%w_0.1|3101059,100,0,0,0
4105,161022,Fine Motion has been crowned the undefeated queen of autumn! She goes unchallenged in her generation! Endless possibilities await!,%w_0.1|3101022,100,0,0,0
4106,161021,Tamamo Cross! It's Tamamo Cross! The senior-year runner overcomes her younger competition to consecutively conquer the spring and autumn Tenno Sho!,%w_0.1|3101021,100,0,0,0
4107,161069,Coming up on the outside is Sakura Chiyono O! Sakura Chiyono O takes the lead!,3101069,100,0,0,0
4108,161071,Mejiro Ardan forges to the front! Mejiro Ardan has the lead!,3101071,100,0,0,0
4109,161033,A brilliant star descends on the Japanese Derby in Admire Vega! She lights up the entire track in this critical moment!,3101033,100,0,0,0
4110,161062,I haven't seen a race like this in years! What an upset! Matikanetannhauser charged past the pack on the outside all the way to the finish!,3101062,100,0,0,0
4111,161068,"Listen to this applause! These roaring cheers! It's the last Kitasan festival of the year! With a daring gate-to-wire run, she takes the Arima Kinen!",3101068,100,0,0,0
4112,161067,Satono Diamond refused to give up this crown! Diamonds are finally shining through the clouds at Kyoto Racecourse!,3101067,100,0,0,0
4113,161074,It's Bright! It's Bright! The Mejiro family triumphs!,3101074,100,0,0,0
4114,161051,It's Nishino Flower! She went early on the straight and made a brilliant breakaway to win the Oka Sho!,3101051,100,0,0,0
4115,161072,"The winner of the Satsuki Sho, Yaeno Muteki, dances once again through 2,000 meters at Fuchu!",3101072,100,0,0,0
4116,161031,"It's Ines Fujin! What a comeback! After suffering defeat in the Satsuki Sho, she's claimed a stunning victory in the Japanese Derby!",3101031,100,0,0,0
4117,161064,"Palmer, it's Palmer! Palmer breaks away! Mejiro Palmer outruns everyone and conquers the Grand Prix!",3101064,100,0,0,0
4118,161034,Inari One from the inside! She's coming from the inside! Inari One is widening her lead!,3101034,100,0,0,0
4119,161044,Sweep Tosho finishes first! What a surge! This racer is magical! She takes the day!,3101044,100,0,0,0
4120,161036,From the Satsuki Sho to the Kikuka Sho! She's done it! It's Air Shakur!,3101036,100,0,0,0
4121,161053,"We're at the Takarazuka Kinen, where dreams are on the line. And I dream that Bamboo Memory will win it.",3101053,100,0,0,0
4122,161098,The star of spring is back for fall! Copano Rickey has won the JBC Classic!,3101098,100,0,0,0
4123,161029,It's Yukino Bijin! The pride of her hometown! The tenacity of Tohoku! Yukino Bijin pushes ahead with ease! What speed!,3101029,100,0,0,0
4124,161042,And Seeking the Pearl triumphs! An Umamusume like no other! Without question!,3101042,100,0,0,0
4125,161087,Aston Machan takes victory today! An amazing surge! She's shown the Sprinters Stakes what speed really is!,3101087,100,0,0,0
4126,161078,Yamanin Zephyr conquers the Yasuda Kinen! It's Yamanin Zephyr! Her last spurt was a sight to behold!,3101078,100,0,0,0
4127,161049,I can't believe it—Nakayama Festa! Nakayama Festa couldn't be stopped! She claims the win at the Takarazuka Kinen! The stands are roaring!,3101049,100,0,0,0
4128,161100,From the outside is Wonder Acute! It's Wonder Acute! Wonder Acute is charging through!,3101100,100,0,0,0
4129,161047,"And the winner is Zenno Rob Roy! After so many attempts, she gets her first G1 victory! The autumn shield is hers!",3101047,100,0,0,0
4130,161099,Hokko Tarumae has outshone everyone this tour! And now she's snagged her biggest win yet—the Tokyo Daishoten!,3101099,100,0,0,0
4131,161065,Daitaku wins again! It's Daitaku two years in a row! Daitaku Helios throws her hand high in triumph!,3101065,100,0,0,0
4132,161043,Shinko Windy rules the dirt in Fuchu! Look at her in all her glory as she reigns over Tokyo Racecourse!,3101043,100,0,0,0
4133,161057,Mr. C.B. has the lead! The very earth is rumbling under her feet!,3101057,100,0,0,0
4134,161066,"Let loose, Twin Turbo! Her turbo engines are at full blast as she speeds away!",3101066,100,0,0,0
4135,161085,"Daiichi Ruby takes first! Another in a line of brilliant runners, it's Daiichi Ruby! She's got her first G1!",3101085,100,0,0,0
4136,161083,Symboli Kris S wins the race! Her outrageous attempt at a senior year race earns her a G1 victory!,3101083,100,0,0,0
4137,161076,Sakura Laurel pulls ahead! She's carved the Sakura name into Grand Prix history! Sakura Laurel wins!,3101076,100,0,0,0
4138,161105,"A spectacular Satsuki Sho-Derby double crown! The skies are clouded, but this victory at Tokyo Racecourse is clear as day! It's Neo Universe!",3101105,100,0,0,0
4139,161106,"Another miracle at Hanshin Racecourse! The Tenno Sho and Kikuka Sho weren't just luck! Hishi Miracle, the Tenno-Kikuka champion, wins it!",3101106,100,0,0,0
4140,161084,Tanino Gimlet is truly unstoppable! This is the final spurt to end all final spurts!,3101084,100,0,0,0
4141,161055,A marvelous win in the Osaka Hai with energy to spare! This runner's ready for spring! It's absolute victory for Marvelous Sunday!,3101055,100,0,0,0
4142,161104,It's Katsuragi Ace with a magnificent surge! Katsuragi Ace makes an astounding breakaway to win the Japan Cup!,3101104,100,0,0,0
4143,161070,Sirius Symboli stays cool under pressure and stands tall as a Derby champion! She's truly a warrior of the racetrack!,3101070,100,0,0,0
5001,117025,In the lead is %h_rank1! And\nclose behind is %h_rank2!,2014501|%h_rank1|3024101|%h_rank2,100,0,0,0
5002,117025,In the lead is %h_rank1! And\nclose behind are %h_rank2 and\n%h_rank3!,2014501|%h_rank1|3024101|%h_rank2|%h_rank3,100,0,0,0
5003,117025,In the lead is %h_rank1! But\n%h_rank2 is putting on the\npressure!,2014501|%h_rank1|%h_rank2|2050001,100,0,0,0
5004,117025,In the lead is %h_rank1! But\n%h_rank2 and\n%h_rank3 are putting on the\npressure!,2014501|%h_rank1|%h_rank2|%h_rank3|2050001,100,0,0,0
5005,117017,Closing the gap is %h_rank2.,2051201|%w_0.01|%h_rank2,100,0,0,0
5006,117017,It's %h_rank1! Can she keep\npushing forward?!,%h_rank1|2019601,100,0,0,0
5007,117030,Keeping the lead is %h_rank1.,2012701|%h_rank1,100,0,0,0
5008,117030,Still in the lead is %h_rank1.,1038501|%h_rank1,100,0,0,0
5009,117030,%h_rank1 is putting on a\nfurious run!,%h_rank1|2020702,100,0,0,0
5010,109001,%h_rank_a2\n%h_rank_to1 cross the finish\nline shoulder to shoulder!,%h_rank_a2|%h_rank_to1|3036401,100,0,0,0
5011,109001,%h_rank1 reaches the finish\nline with %h_rank2 hot on her\nheels!,%h_rank1|3024101|%h_rank2|3024102,100,0,0,0
5012,109001,%h_rank2 reaches the finish\nline with %h_rank1 hot on her\nheels!,%h_rank2|3024101|%h_rank1|3024102,100,0,0,0
5013,109001,%h_rank_a1\n%h_rank_to2 cross the finish\nline together!,%h_rank_a1|%h_rank_to2|3036701,100,0,0,0
5014,109001,%h_rank_a2\n%h_rank_to1 cross the finish\nline together!,%h_rank_a2|%h_rank_to1|3036701,100,0,0,0
5015,118001,"She makes it look easy! Pulling farther from the\ngroup with each stride, she's safely in the lead!",3200001,100,0,0,0
5016,118001,She makes it look easy! Second place can't\ncatch up. This may very well be an\noverwhelming victory!,3200002,100,0,0,0
5017,118002,%h_rank_ta1 wins!,%w_0.1|3024701|%h_rank_ta1,100,0,0,0
5018,118002,%h_rank_l1 claims victory!,%h_rank_l1|3025001,100,0,0,0
5019,118002,%h_rank_l1 dominates the race.,%h_rank_l1|3037401,100,0,0,0
5020,119001,"With their future resting on the next race, the\nUmamusume will be putting their best feet\nforward!",1095401,100,0,0,0
5021,119002,%h_rank_ta1 wins! She takes out\nher rival and gets a massive first victory!,%w_0.1|3031701|%c_0.02|%h_rank_ta1|3031702,100,0,0,0
5022,119003,Glory is within reach! It's time for the Taurus\nCup!,1095901,100,0,0,0
5023,119004,%h_rank_ta1 wins! She claims a\nbrilliant victory at the Taurus Cup!,%w_0.1|3032201|%c_0.02|%h_rank_ta1|3032202,100,0,0,0
5024,160001,The Unity Cup team showdown is about to\nbegin! What kind of running will\n%team_honor %team_name\nshow us today?!,1800001|%team_honor|%team_name|1800002,100,0,0,0
5025,160002,The Unity Cup team showdown is about to\nbegin! %team_honor\n%team_name should show us some great\nrunning today!,1800001|%team_honor|%team_name|1800003,100,0,0,0
5026,160003,The Unity Cup team showdown is about to\nbegin! The fans are looking forward to\n%team_honor %team_name's\nperformance!,1800101|%team_honor|%team_name|1800102,100,0,0,0
5027,160004,The Unity Cup team showdown is about to\nbegin! Everyone is expecting a lot from\n%team_honor %team_name\ntoday!,1800101|1800103|%team_honor|%team_name,100,0,0,0
5028,160005,The Unity Cup team showdown is about to\nbegin! Will %team_honor\n%team_name be able to rack up another win\ntoday?!,1800001|%team_honor|%team_name|1800004,100,0,0,0
5029,160006,The Unity Cup team showdown is about to\nbegin! Will %team_name be able to make\ntheir mark?!,1800001|%team_name|1800005,100,0,0,0
5030,160007,"Boasting unbelievable strength, it's Team\nZenith! Taking them on is\n%team_honor %team_name!\nThis match will surely go down in history!",1800201|%w_0.04|1800202|%team_honor|%team_name|1800203,100,0,0,0
5031,160008,"Boasting unbelievable strength, it's Team\nZenith! Taking them on is\n%team_honor %team_name!\nWhich team will take the glory today?!",1800201|%w_0.04|1800202|%team_honor|%team_name|1800204,100,0,0,0
5032,160009,"Boasting unbelievable strength, it's Team\nZenith! Taking them on is\n%team_honor %team_name!\nWhich team will answer their fans' cheers?!",1800201|%w_0.04|1800202|%team_honor|%team_name|1800205,100,0,0,0
5033,160010,"Boasting unbelievable strength, it's Team\nZenith! Taking them on is\n%team_honor %team_name!\nThis should be a heated match!",1800201|%w_0.04|1800202|%team_honor|%team_name|1800206,100,0,0,0
5034,160011,"Boasting unbelievable strength, it's Team\nZenith! Taking them on is\n%team_honor %team_name!\nThis race will surely be the talk of the year!",1800201|%w_0.04|1800202|%team_honor|%team_name|1800207,100,0,0,0
5035,160012,"Boasting unbelievable strength, it's Team\nZenith! Taking them on is %team_name!\nHow will their match play out in the end?!",1800201|%w_0.04|1800202|%team_name|1800208,100,0,0,0
5036,160013,It's race two of the Unity Cup. Will\n%team_honor %team_name\nshow us some wonderful running once again?!,1800301|%team_honor|%team_name|1800302,100,0,0,0
5037,160014,It's %team_honor %team_name!\nAnd up against them is Team Zenith! We can\nexpect an exciting second race!,%team_honor|%team_name|1800401|1800402,100,0,0,0
5038,160015,Can %team_honor %team_name\ntake the win in race two as well?!,%team_honor|%team_name|1800403,100,0,0,0
5039,160016,The second race of the Unity Cup is about to\nbegin. Will %team_honor\n%team_name be able to make up for that\nfirst race?!,1800501|%team_honor|%team_name|1800502,100,0,0,0
5040,160017,Race three is the turning point. Will\n%team_honor %team_name live\nup to their fans' expectations?!,1800601|%team_honor|%team_name|1800602,100,0,0,0
5041,160018,It's %team_honor %team_name!\nAnd taking them on is Team Zenith! Which\nteam will progress into the second half on\ntop?!,%team_honor|%team_name|1800603|1800604,100,0,0,0
5042,160019,It's %team_honor %team_name!\nThey've taken first in every race so far!\nExpectations are high for this third race!,%team_honor|%team_name|1800701,100,0,0,0
5043,160020,%team_honor %team_name is in\na dominating position! Can Team Zenith make\na comeback?!,1800801|%team_honor|%team_name|1800802,100,0,0,0
5044,160021,Race three is the turning point. Will\n%team_honor %team_name be\ntaking good results into the second half?!,1800901|%team_honor|%team_name|1800902,100,0,0,0
5045,160022,Things are looking grim for\n%team_honor %team_name!\nLet's hope they can make a comeback!,1801001|%team_honor|%team_name|1801002,100,0,0,0
5046,160023,It's race four of the Unity Cup. Will\n%team_honor %team_name take\nthe win and proceed to the final race?!,1801101|%team_honor|%team_name|1801102,100,0,0,0
5047,160024,It's %team_honor %team_name!\nAnd up against them is Team Zenith! Who will\nset the pace for the final race?!,%team_honor|%team_name|1800401|1800404,100,0,0,0
5048,160025,Can %team_honor %team_name\nsecure victory in race four?!,%team_honor|%team_name|1801201,100,0,0,0
5049,160026,"%team_name has two wins, but Team Zenith\nis right on their tail as we start this exciting\nfourth race!",1801301|%team_name|1801302|1801303,100,0,0,0
5050,160027,This is %team_name's last chance! Can they\nwin this important fourth race?!,1801401|%team_name|1801402,100,0,0,0
5051,160028,It's time for the fifth and final race.\n%team_honor %team_name will\ncarry the hopes and dreams of the runners\nbefore them!,1801501|%team_honor|%team_name|1801502,100,0,0,0
5052,160029,It's %team_name! And up against them is\nTeam Zenith! What will happen in this\nmomentous final race?!,%team_name|1800401|1800405,100,0,0,0
5053,160030,It's time for the fifth and final race. Can\n%team_honor %team_name\nseize victory?!,1801501|%team_honor|%team_name|1801503,100,0,0,0
5054,160031,It's the momentous final race. Can\n%team_name claim the glory?!,1801601|%team_name|1801602,100,0,0,0
5055,160032,%h_rank_ta1 wins!\n%team_name takes a massive first win!,%w_0.1|3024701|%h_rank_ta1|%team_name|3033002,100,0,0,0
5056,160033,%h_rank_ta1 wins!\n%team_name takes a second victory!\nThey're making powerful strides toward\nwinning it all!,%w_0.1|3024701|%h_rank_ta1|%team_name|3033003,100,0,0,0
5057,160034,%h_rank_l1 does it! And taking\ntheir place in the pages of Unity Cup history is\n%team_name!,%w_0.1|3033101|%w_0.04|%h_rank_l1|3033102|%team_name,100,0,0,0
5058,160035,First place goes to %h_rank_l1!\nHer outstanding run earns a victory for her\nteam!,%w_0.1|3030501|%h_rank_l1|3030402,100,0,0,0
5059,160036,It's race two of the Unity Cup. Will\n%team_name show us some wonderful\nrunning once again?!,1800301|%team_name|1800302,100,0,0,0
5060,160037,It's %team_name! And up against them is\nTeam Zenith! We can expect an exciting\nsecond race!,%team_name|1800401|1800402,100,0,0,0
5061,160038,Can %team_name take the win in race two\nas well?!,%team_name|1800403,100,0,0,0
5062,160039,The second race of the Unity Cup is about to\nbegin. Will %team_name be able to make\nup for that first race?!,1800501|%team_name|1800502,100,0,0,0
5063,160040,Race three is the turning point. Will\n%team_name live up to their fans'\nexpectations?!,1800601|%team_name|1800602,100,0,0,0
5064,160041,It's %team_name! And taking them on is\nTeam Zenith! Which team will progress into the\nsecond half on top?!,%team_name|1800603|1800604,100,0,0,0
5065,160042,It's %team_name! They've taken first in\nevery race so far! Expectations are high for this\nthird race!,%team_name|1800701,100,0,0,0
5066,160043,%team_name is in a dominating position!\nCan Team Zenith make a comeback?!,1800801|%team_name|1800802,100,0,0,0
5067,160044,Race three is the turning point. Will\n%team_name be taking good results into\nthe second half?!,1800901|%team_name|1800902,100,0,0,0
5068,160045,Things are looking grim for %team_name!\nLet's hope they can make a comeback!,1801001|%team_name|1801002,100,0,0,0
5069,160046,It's race four of the Unity Cup. Will\n%team_name take the win and proceed to\nthe final race?!,1801101|%team_name|1801102,100,0,0,0
5070,160047,It's %team_name! And up against them is\nTeam Zenith! Who will set the pace for the\nfinal race?!,%team_name|1800401|1800404,100,0,0,0
5071,160048,Can %team_name secure victory in race\nfour?!,%team_name|1801201,100,0,0,0
5072,160049,"%team_name has two wins, but Team Zenith\nis right on their tail as we start this exciting\nfourth race!",1801301|%team_name|1801302|1801303,100,0,0,0
5073,160050,This is %team_name's last chance! Can they\nwin this important fourth race?!,1801401|%team_name|1801402,100,0,0,0
5074,160051,It's time for the fifth and final race.\n%team_name will carry the hopes and\ndreams of the runners before them!,1801501|%team_name|1801502,100,0,0,0
5075,160052,It's %team_name! And up against them is\nTeam Zenith! What will happen in this\nmomentous final race?!,%team_name|1800401|1800405,100,0,0,0
5076,160053,It's time for the fifth and final race. Can\n%team_name seize victory?!,1801501|%team_name|1801503,100,0,0,0
5077,160054,It's the momentous final race. Can\n%team_name claim the glory?!,1801601|%team_name|1801602,100,0,0,0
5078,160055,This is the Gemini Cup! This one race will\ndecide who is the top runner!,1096001,100,0,0,0
5079,160056,%h_rank_l1 does it! She blows\npast the finish line in brilliant fashion and\nclaims the Gemini Cup!,%w_0.1|3032301|%h_rank_l1|3032302,100,0,0,0
5080,160057,This is the last big chance for the remaining\ncompetitors! It's the Cancer Cup!,1096101,100,0,0,0
5081,160058,%h_rank_l1 wins it! She claims\nthe Cancer Cup and writes her name into the\nhistory books!,%w_0.1|3032401|%h_rank_l1|3032402,100,0,0,0
5082,160059,"At last, the curtain opens on the final race! It's\nthe Leo Cup!",1096201,100,0,0,0
5083,160060,Victory goes to %h_rank_l1! Her\nexcellent run earns her the Leo Cup!,%w_0.1|3032501|%h_rank_l1|3032502,100,0,0,0
5084,160061,Who will emerge victorious in this grand showdown and seize glory? It's the Virgo Cup finals!,1096301,100,0,0,0
5085,160062,It's %h_rank_ta1! She wins the final race and seizes glory in the Virgo Cup!,%w_0.1|3032601|%h_rank_ta1|3032602,100,0,0,0
5086,160063,We're about to see who can rise above! It's the Libra Cup finals!,1096401,100,0,0,0
5087,160064,%h_rank_l1 has done it! She's outrun the intense competition to shine victorious in the Libra Cup!,%w_0.1|3032701|%h_rank_l1|3032702,100,0,0,0
5088,160065,Who will attain glory? It's the Scorpio Cup finals!,1096501,100,0,0,0
5089,160066,The winner is %h_rank_l1! She conquers the Scorpio Cup and takes her throne!,%w_0.1|3032801|%h_rank_l1|3032802,100,0,0,0
5090,160067,"These runners have climbed their way to the top, and now the summit is one step away! It's the Sagittarius Cup finals!",1096601,100,0,0,0
5091,160068,The winner is %h_rank_l1! She conquers the Sagittarius Cup and stands on top of the racing world!,%w_0.1|3032901|%h_rank_l1|3032902,100,0,0,0
5092,160069,"Only the best have made it here, and now it's time to decide the best of the best. The Capricorn Cup finals begin!",1095501,100,0,0,0
5093,160070,"It's %h_rank_ta1! With all eyes on her, she seizes victory and takes the Capricorn Cup!",%w_0.1|3031801|%h_rank_ta1|3031802,100,0,0,0
5094,160071,Who will emerge on top? It's the Aquarius Cup finals!,1095601,100,0,0,0
5095,160072,%h_rank_l1 has done it! She takes the Aquarius Cup and the glory for herself!,3031901|%h_rank_l1|3031902,100,0,0,0
5096,160073,The greatest of the greats will be decided here at the Pisces Cup Finals!,1095701,100,0,0,0
5097,160074,Victory goes to %h_rank_l1! She fended off the strong competition to win the Pisces Cup!,3032001|%h_rank_l1|3032002,100,0,0,0
5098,160075,"After triumphing through so many races, this one last battle remains! The Aries Cup Finals!",1095801,100,0,0,0
5099,160076,"Victory belongs to %h_rank_l1! With a run worthy of a champion, she's claimed the Aries Cup!",3032101|%h_rank_l1|3032102,100,0,0,0
5100,160077,"At last, it's time for the Twinkle Star Climax! The first race sees a field of champions who have won countless races on their way here.",1801701,100,0,0,0
5101,160077,Each runner has overcome arduous competition to earn a spot in the Twinkle Star Climax! Who will prevail in this first race?,1801801,100,0,0,0
5102,160077,Who will fight her way through the fierce competition and shine as Twinkle Top Star? It's time for the first race of the Twinkle Star Climax!,1801901,100,0,0,0
5103,160078,"The Twinkle Star Climax begins! In this first race, we hope to see a race from %h_player befitting her title as Triple Crown champion!",1802001|1700201|%h_player|1802002,100,0,0,0
5104,160079,"The Twinkle Star Climax begins! In this first race, we hope to see a race from %h_player befitting her title as Autumn Triple Crown champion!",1802001|1700301|%h_player|1802002,100,0,0,0
5105,160080,"The Twinkle Star Climax begins! In this first race, we hope to see a race from %h_player befitting her role as the holder of the Triple Tiara!",1802001|1700401|%h_player|1802002,100,0,0,0
5106,160081,"The Twinkle Star Climax begins! In this first race, we hope to see a race from %h_player befitting her title as Spring Triple Crown champion!",1802001|1700501|%h_player|1802002,100,0,0,0
5107,160082,"The Twinkle Star Climax begins! In this first race, we hope to see a race from %h_player befitting a Dual Mile winner!",1802001|1700701|%h_player|1802002,100,0,0,0
5108,160083,"The Twinkle Star Climax begins! In this first race, we hope to see a race from %h_player befitting a Dual Sprint victor!",1802001|1700801|%h_player|1802002,100,0,0,0
5109,160084,"The Twinkle Star Climax begins! In this first race, we hope to see a race from %h_player befitting a Dual Dirt champion!",1802001|1700901|%h_player|1802002,100,0,0,0
5110,160085,Who will shoot ahead to take the title of Twinkle Top Star?! It's time for race two of the Twinkle Star Climax!,1802101,100,0,0,0
5111,160085,Who will build momentum going into the final round? We're moments away from the second race of the Twinkle Star Climax!,1802201,100,0,0,0
5112,160086,"%h_player has a head start towards victory, but can she bring out her inner strength once more? As the second race of the Twinkle Star Climax draws near, the crowd holds their breath!",1802301|%h_player|1802302,100,0,0,0
5113,160086,"The Twinkle Star Climax, race two! Will the current leader %h_player ride that momentum all the way to becoming the Twinkle Top Star?!",1802401|%h_player|1802402,100,0,0,0
5114,160087,It's finally time to see who deserves to be called best of the best! Race three of the Twinkle Star Climax begins now!,1802501,100,0,0,0
5115,160087,"The action has been breathtaking, and it all comes down to this third and final race in the Twinkle Star Climax! Who will shine as the Twinkle Top Star?!",1802601,100,0,0,0
5116,160088,"It's the third and final race of the Twinkle Star Climax! Our top rivals are %horse1 and %horse_to2, but victory can only belong to one!",1802701|%horse_a1|%horse_to2|1802702,100,0,0,0
5117,160089,"At last, the third and final race of the Twinkle Star Climax is upon us! Tied for the lead are %horse1 and %horse_to2—who will take the glory home?!",1802801|%horse_a1|%horse_to2|1802802,100,0,0,0
5118,160090,"This final race will decide it all—the Twinkle Star Climax, race three! Eyeing the prize from just within reach is %h_player, but can she pull off the comeback?!",1802901|%h_player|1802902,100,0,0,0
5119,160091,It's the third and final race of the Twinkle Star Climax! We've seen a display of dominance from %h_player thus far—will she be our Twinkle Top Star?!,1803001|%h_player|1803002,100,0,0,0
5120,160092,Sitting at the top of the rankings is %h_player. Will the ultimate glory go to her? The third and final race of the Twinkle Star Climax begins now!,1803101|%h_player|1803102,100,0,0,0
5121,160093,First across the finish is %h_player_ta! She gets a running start towards the throne!,1803201|%h_player_ta|1803202,100,0,0,0
5122,160093,And %h_player takes the win! She's a step ahead of her rivals in the race to Twinkle Top Star!,1803301|%h_player|1803302,100,0,0,0
5123,160094,The winner of race two is %h_player_ta! She'll ride this momentum into the final round!,1803401|%h_player_ta|1803402,100,0,0,0
5124,160095,First across the finish is %h_player_ta! That's two wins! She's solidified her lead in the race for glory!,1803501|%h_player_ta|1803502,100,0,0,0
5125,160096,%h_player has done it! This win puts her in first overall and is a giant step closer to the title of Twinkle Top Star!,1803601|%h_player|1803602,100,0,0,0
5126,160097,"%h_player_ta wins it! The long battle is over, and it's now time to crown our Twinkle Top Star!",1803701|%h_player_ta|1803702,100,0,0,0
5127,160097,"In first is %h_player! And with that, all three races of the Twinkle Star Climax come to an end, and our Twinkle Top Star is born!",1803801|%h_player|1803802,100,0,0,0
5128,160098,"The winner of race three is %h_player_ta! She was untouchable in that incredible run! And now, we have our champion of the racing world!",1803901|%h_player_ta|1803902,100,0,0,0
5129,160099,"She's done it! %h_player! An impossible comeback! She stepped up when it mattered most, and now the title of Twinkle Top Star is hers!",1804001|%h_player|1804002,100,0,0,0
5130,160100,,,100,0,1,0
5131,160101,,,100,160011,0,0
5132,160102,,,100,160013,0,0
5133,160103,,,100,160014,0,0
5135,160104,The two finish neck and neck! Did %h_rank1 have the advantage?!,3023801|%h_rank1|%w_0.01|3023802,100,0,0,0
5136,160105,The two finish neck and neck! Did %h_rank2 have the advantage?!,3023801|%h_rank2|%w_0.01|3023802,100,0,0,0
5137,160106,,,100,0,1,0
5138,160107,,,100,0,1,0
5139,170001,A new champion is born here today! It's the dawn of a new dirt G1 era at the Kawasaki Kinen!,1096701,100,0,0,0
5140,170002,The dust storm kings have gathered for the summer Kashiwa Kinen at Funabashi to prove who's the fastest storm of all!,1096801,100,0,0,0
5141,170003,It's the Mile Championship Nambu Hai showdown here at Morioka! Who will claim glory at the top of the mile tour?!,1097001,100,0,0,0
5142,170004,The fate of next year's dirt tour will be predicted by this heated race! And a star will be born at the Zen-Nippon Junior Yushun!,1096901,100,0,0,0
5143,170005,A new heroine will be born in Kawasaki! It's the battle of the dirt queens at the JBC Ladies' Classic!,1097201,100,0,0,0
5144,170006,A new heroine will be born in Funabashi! It's the battle of the dirt queens at the JBC Ladies' Classic!,1097301,100,0,0,0
5145,170007,A new heroine will be born in Morioka! It's the battle of the dirt queens at the JBC Ladies' Classic!,1097401,100,0,0,0
5146,170008,"A sandstorm is brewing at Kawasaki Racecourse, and speed is the name of the game for the JBC Sprint dirt race!",1097501,100,0,0,0
5147,170009,"A sandstorm is brewing at Funabashi Racecourse, and speed is the name of the game for the JBC Sprint dirt race!",1097601,100,0,0,0
5148,170010,"A sandstorm is brewing at Morioka Racecourse, and speed is the name of the game for the JBC Sprint dirt race!",1097701,100,0,0,0
5149,170012,Sparks fly under the night sky as the racers speed past the stands.,1100001,100,0,0,0
5150,170013,These Umamusume will be the brightest stars out tonight at Kawasaki.,1100101,100,0,0,0
5151,170013,"The sun may have set, but it's still bright here at Kawasaki Racecourse from these runners' shining performance.",1100201,100,0,0,0
5152,170013,The racers here today are sure to give a brilliant performance under the dazzling Kawasaki Racecourse lights.,1100301,100,0,0,0
5153,170014,"It's too cloudy to see the sky here at Kawasaki, but these racers are showing us a real meteor shower on the track.",1100401,100,0,0,0
5154,170015,These Umamusume will be the brightest stars out tonight at Funabashi.,1100501,100,0,0,0
5155,170015,"The sun may have set, but it's still bright here at Funabashi Racecourse from these runners' shining performance.",1100601,100,0,0,0
5156,170015,The racers here today are sure to give a brilliant performance under the dazzling Funabashi Racecourse lights.,1100701,100,0,0,0
5157,170016,"It's too cloudy to see the sky here at Funabashi, but these racers are showing us a real meteor shower on the track.",1100801,100,0,0,0
5158,170017,They're going through Funabashi's famous spiral curve into the stretch!,1100901,100,0,0,0
5159,170018,They're out of the deep pocket heading into the backstretch.,1101001,100,0,0,0
5160,170019,These Umamusume will be the brightest stars out tonight at Morioka.,1101101,100,0,0,0
5161,170019,"The sun may have set, but the performance from these runners is still shining bright here at Morioka Racecourse.",1101201,100,0,0,0
5162,170019,The racers here today are sure to give a brilliant performance under the dazzling Morioka Racecourse lights.,1101301,100,0,0,0
5163,170020,"It's too cloudy to see the sky here at Morioka, but these racers are showing us a real meteor shower on the track.",1101401,100,0,0,0
5164,170021,%h_rank_ta1 wins the Kawasaki Kinen! She's beaten her powerful opponents and stepped out onto the world stage!,3130001|%h_rank_ta1|3130002,100,0,0,0
5165,170022,It's %h_rank_ta1! She's claimed first in the Kashiwa Kinen and conquered the dirt mile tour at Funabashi!,%h_rank_l1|3130101,100,0,0,0
5166,170023,%h_rank_ta1 wins the Mile Championship Nambu Hai! She's shown us who's top of the dirt racing world!,3130301|%h_rank_ta1|3130302,100,0,0,0
5167,170024,She's beaten all the other up-and-comers at the Zen-Nippon Junior Yushun! %h_rank_l1 has leapt into the number one spot of dirt racing!,3130201|%h_rank_ta1,100,0,0,0
5168,170025,The sun has completely set over %course. A field of %h_num_no is here to challenge the %distance-meter %ground Sazanka TV Hai.,1011801|%course|%ground|%distance|%h_num_no,100,0,0,0
5169,170025,The stars are watching over %course. A field of %h_num_no is here to challenge the %distance-meter %ground Sazanka TV Hai.,1011901|%course|%ground|%distance|%h_num_no,100,0,0,0
5170,170025,We're racing under a starry sky here at %course. A field of %h_num_no is here to challenge the %distance-meter %ground Sazanka TV Hai.,1012001|%course|%ground|%distance|%h_num_no,100,0,0,0
5171,170026,Rain clouds are making things tense at %course. A field of %h_num_no is here to challenge the %distance-meter %ground Sazanka TV Hai.,1012101|%course|%ground|%distance|%h_num_no,100,0,0,0
5172,170026,Raindrops are glittering in the lights at %course. A field of %h_num_no is here to challenge the %distance-meter %ground Sazanka TV Hai.,1012201|%course|%ground|%distance|%h_num_no,100,0,0,0
5173,170026,This night rain may create trouble here at %course. A field of %h_num_no is here to challenge the %distance-meter %ground Sazanka TV Hai.,1012301|%course|%ground|%distance|%h_num_no,100,0,0,0
5174,170027,%h_rank_ta1 wins!,%w_0.1|3024701|%h_rank_ta1,100,0,0,0
5175,170027,%h_rank_l1 claims victory!,%w_0.2|%h_rank_l1|3025001,100,0,0,0
5176,170027,%h_rank_l1 dominates the race.,%w_0.2|%h_rank_l1|3037401,100,0,0,0
6000,300006,"This rain will certainly be a test here at %course for this %distance-meter %ground %race, but we're finally set to begin.",5000001|%course|%ground|%distance|%race|1000702,100,0,0,0
6001,300007,Snow is falling here at %course for this %distance-meter %ground %race. Which Umamusume will prove victorious?!,1000801|%course|1000802|%c_0.02|%race|%ground|%distance|5000002,100,0,0,0
6002,300008,We've got beautiful blue skies here at %course. The turf should be nice and firm for today's race!,1001101|%course|5000003,100,0,0,0
6003,300015,"Occasional rainfall is taunting us here at %course. However, it has been confirmed that the track is in good condition.",1001801|%course|5000004,100,0,0,0
6004,300016,"The rain has soaked into the turf at %course. Unfortunately, this has made for soft track conditions.",5000005|%course|1001902,100,0,0,0
6005,300018,The continuing rain has worsened at %course. The track condition has been downgraded to heavy.,1002101|%course|5000006,100,0,0,0
6006,300019,"We've got heavy rainfall here at %course. The track is wet and slippery, rendering its condition heavy!",1002201|%course|5000007,100,0,0,0
6007,300022,Snow removal is in progress as it continues to blanket the ground. %course's track has been rated soft.,5000008|%course|1002502,100,0,0,0
6008,300023,The snow falls gently from the gray skies above. %course's dirt track has been rated soft.,5000009|%c_0.05|%course|1002602,100,0,0,0
6009,300802,"She might not be satisfied with this ranking, but the second favorite is %h_pop2.",%w_0.3|5000010|%h_pop2,100,0,0,0
6012,300805,"Carrying the hopes of all the fans crowding the stands, the favorite for today is %h_pop1!",%w_0.1|5000011|1003904|%w_0.03|%h_pop1,100,0,0,0
6013,300806,Taking her on is %h_pop2. This should be a showdown to remember.,1004001|%h_pop2|5000012,100,0,0,0
6014,300806,"Now, here's the second favorite. %h_pop2 is fully set on clinching victory.",1004005|%h_pop2|5000013,100,0,0,0
6015,300806,"The second favorite, %h_pop2, is fully set on clinching victory.",1004003|%h_pop2|5000013,100,0,0,0
6016,300806,"Now, here's the second favorite. %h_pop2 should give us a showdown to remember.",1004005|%h_pop2|5000012,100,0,0,0
6017,300806,"Taking her on is %h_pop2, who is fully set on clinching victory.",1004001|%h_pop2|5000013,100,0,0,0
6018,300806,"The second favorite, %h_pop2, should give us a showdown to remember.",1004003|%h_pop2|5000012,100,0,0,0
6020,300807,%h_pop3 is the third favorite. Her superior ability is undeniable!,%w_0.3|%h_pop3|1004103|5000014,100,0,0,0
6021,300807,%h_pop3 is currently the third favorite. Her superior ability is undeniable!,%w_0.3|%h_pop3|1004101|5000014,100,0,0,0
6022,302001,%horse1 goes out for the early lead.,%horse1|5000015,100,0,0,0
6026,302004,%horse1 starts the race at the back of the pack with a bit of a stumble.,%horse1|5000019,100,0,0,0
6027,302005,We have a bit of a staggered start.,5000020,100,0,0,0
6028,302006,A good start from all runners.,5000021,100,0,0,0
6031,303001,"The hot ticket, %h_pop1, is in the lead!",1007901|%c_0.02|%h_pop1|5000024,100,0,0,0
6032,303003,%h_rank_a1 %h_rank_to2 are locked in a struggle for the lead.,%h_rank_a1|%h_rank_to2|5000025,100,0,0,0
6035,303006,"Now, can %h_rank_ta1 maintain her lead?",1006101|%h_rank_ta1|5000029,100,0,0,0
6037,303010,%h_rank_a1 %h_rank_to2 have been grappling for the lead from the opening leg.,%h_rank_a1|%h_rank_to2|5000031,100,0,0,0
6038,303015,%h_pop1 is currently the trailer! Could this all be part of her plan?!,%h_pop1|5000032,100,0,0,0
6039,303015,"Currently trailing is the favorite, %h_pop1. How do we take this?",1008101|%h_pop1|5000033,100,0,0,0
6040,303017,%h_pop1 is fighting an uphill battle. How will she handle it from here?,5000034|%h_pop1|5000035,100,0,0,0
6041,305000,No one's taken the lead! Will this be a battle on the final stretch?!,%w_0.1|5000036|5000037,100,0,0,0
6042,305000,They're saving their stamina for the end! Who will break out ahead first?!,%w_0.1|5000038|2013706,100,0,0,0
6043,305000,They're still fighting for the lead! Will this be a battle on the final stretch?!,%w_0.1|2013701|5000037,100,0,0,0
6044,305000,No one's taken the lead! Who will break out ahead first?!,%w_0.1|5000036|2013706,100,0,0,0
6045,305000,They're saving their stamina for the end! Will this race be decided on the final stretch?!,%w_0.1|5000038|2013702,100,0,0,0
6046,305000,No one's taken the lead! Will this race be decided on the final stretch?!,%w_0.1|5000036|2013702,100,0,0,0
6047,305000,They're saving their stamina for the end! Will this be a battle on the final stretch?!,%w_0.1|5000038|5000037,100,0,0,0
6048,306000,Coming out of the final corner first into the stretch is %h_rank_ta1.,%w_0.1|5000039|5000040|%h_rank_ta1,100,0,0,0
6049,306000,Leading out of the final corner and into the stretch is %h_rank_ta1.,%w_0.1|5000041|5000042|%h_rank_ta1,100,0,0,0
6051,306000,Out of the final corner and into the stretch at the head of the pack is %h_rank_ta1.,%w_0.1|5000039|5000042|%h_rank_ta1,100,0,0,0
6052,306000,Taking the lead out of the final corner is %h_rank_ta1.,%w_0.1|5000041|2014106|%h_rank_ta1,100,0,0,0
6054,306000,Leading out of the final corner is %h_rank_ta1.,%w_0.1|5000039|2014106|%h_rank_ta1,100,0,0,0
6055,306000,First out of the final corner into the stretch is %h_rank_ta1.,%w_0.1|5000041|5000040|%h_rank_ta1,100,0,0,0
6057,306001,"Now in front of the stands, they're all making their move!",5000044|5000045,100,0,0,0
6058,306001,Can they make the last push now that they're nearing the finish line?!,5000046|5000047,100,0,0,0
6059,306001,Can they make the last push now that they're in front of the stands?!,5000044|5000047,100,0,0,0
6060,306001,They're all making their move as they approach the finish line!,5000046|5000045,100,0,0,0
6061,308000,They're neck and neck!,5000051,100,0,0,0
6062,308001,These two are fighting for the lead!,5000052,100,0,0,0
6063,308001,It'll be a close finish between these two!,5000053,100,0,0,0
6064,308002,It's between these three! This race just turned up the heat!,5000054,100,0,0,0
6065,308002,"It's a three-way struggle between %h_rank1, %h_rank2, and %h_rank3!",%h_rank1|%h_rank2|%h_rank3|5000055,100,0,0,0
6066,308006,It's really a fierce clash now!,5000056,100,0,0,0
6067,309003,"It's %h_rank_l1! With a giant lead, she takes first unchallenged! She was unstoppable!",%w_0.1|%h_rank_l1|5000057|5000058,100,0,0,0
6068,309000,"It's %h_rank_l1! She's good! No, absolutely amazing! She was relentless against the competition!",%h_rank_l1|5000059|5000060,100,0,0,0
6069,309000,It's %h_rank_l1! She makes it look easy! I'm already excited for her next race!,%h_rank_l1|5000061|5000062,100,0,0,0
6070,309001,"They're shoulder to shoulder, inside and outside! Does %h_rank1 have the better position?!",5000063|%h_rank1|%w_0.01|3023802,100,0,0,0
6071,309001,%h_rank_a1 %h_rank_to2 are neck and neck! Will it be inside or outside?!,%h_rank_a1|%h_rank_to2|5000064,100,0,0,0
6072,309001,%h_rank_a2 %h_rank_to1 are neck and neck! Will it be inside or outside?!,%h_rank_a2|%h_rank_to1|5000064,100,0,0,0
6074,309004,The whole pack is rushing forward! Who will it be?!,5000066,100,0,0,0
6075,309004,It's close! Incredibly close!,5000067,100,0,0,0
6076,309005,No contest! %h_rank1 takes the win after a stunning race!,3022901|%h_rank1|3022902|5000068,100,0,0,0
6077,309005,%h_rank1 rushes right into first after an amazing display of skill! That was an astonishing race!,3023001|%h_rank1|5000069|3023003,100,0,0,0
6078,309005,%h_rank1 pushes to the front and wins it! This runner is truly fearsome!,3023101|%h_rank1|3023102|5000070,100,0,0,0
6079,309005,She makes it look so easy! %h_rank1 rushed right into first! An outstanding race!,3022901|%h_rank1|5000069|3023003,100,0,0,0
6080,309005,%h_rank1 takes the win after an amazing display of skill! This runner is truly fearsome!,3023001|%h_rank1|3023102|5000070,100,0,0,0
6081,309005,%h_rank1 pushes to the front and crosses the finish line! What an overwhelming victory!,3023101|%h_rank1|%w_0.01|3022902|5000068,100,0,0,0
6082,309005,She makes it look so easy! %h_rank1 takes the win! This runner is truly fearsome!,3022901|%h_rank1|3023102|5000070,100,0,0,0
6083,309005,%h_rank1 crosses the finish after an amazing display of skill! What an overwhelming victory!,3023001|%h_rank1|%w_0.01|3022902|5000068,100,0,0,0
6084,309005,%h_rank1 pushes to the front and rushes right into first! An outstanding race!,3023101|%h_rank1|5000069|3023003,100,0,0,0
6085,309006,%h_rank_l1 comes in first place! She showed us her full potential with her victory today!,%h_rank_l1|3023201|5000071,100,0,0,0
6086,309006,"Well done, %h_rank_l1! She\nshowed us that her strength is more than the\nmargin of her win!",3023401|%h_rank_l1|3023402,100,0,0,0
6090,309007,%h_rank_ta1 wins it! Her majestic performance has earned her the crown!,%w_0.1|3023601|%h_rank_ta1|5000074,100,0,0,0
6093,309007,%h_rank_ta1 wins it! She triumphs over the competition and takes the victory!,%w_0.1|3023601|%h_rank_ta1|5000072,100,0,0,0
6094,309012,It's %h_rank_l1! She takes the win!,%w_0.2|%h_rank_l1|5000075,100,0,0,0
6095,309009,%h_rank_l1 finishes in first place.,%h_rank_l1|5000076,100,0,0,0
6096,309010,And %h_rank_l1 edges into the lead!,%w_0.01|%h_rank_l1|5000077,100,0,0,0
6104,312020,Moving from the fourth corner into the final\nstretch.,%w_0.1|5000083,100,0,0,0
6105,312024,%h_rank1 holds on to the lead as she enters the backstretch on the second lap.,5000084|%h_rank1,100,0,0,0
6106,312025,"They're passing in front of the stands for the first lap, keeping calm for the moment.",%w_0.1|5000085,100,0,0,0
6107,312025,"Welcomed by cheers from the stands, the runners' excitement is palpable as they run the first homestretch.",5000086,100,0,0,0
6108,312016,They're now approaching the second corner.,%w_0.1|5000087,100,0,0,0
6109,312100,They're coming down Yodo Hill on the third corner! It's the moment of truth!,5000088,100,0,0,0
6110,312102,And now the hill! The Hanshin slope starts here!,5000089,100,0,0,0
6111,312103,Anything can happen in rough-and-tumble\nFukushima!,5000090,100,0,0,0
6112,312107,They're down the hill into the third corner. This is where the competition heats up!,5000091,100,0,0,0
6113,312108,The stretch here at Nakayama is short! Will the runners at the back make it in time?,%w_0.1|5000092,100,0,0,0
6114,312109,The wind blowing in from from the Tsugaru Strait is cold here on the Hakodate turf.,%w_0.1|5000093,100,0,0,0
6117,313033,Let's take another look at the rankings.,5000096,100,0,0,0
6118,313101,%h_rank1 is maintaining her lead.,%h_rank1|%w_0.01|5000097,100,0,0,0
6120,313131,The runners up to this point make up the leading group.,5000099,100,0,0,0
6121,313133,Let's see what's going on up front.,5000100,100,0,0,0
6122,313201,%h_rank1 still has the lead! An interesting development! Can she keep it up?,%h_rank1|5000101,100,0,0,0
6123,313201,"%h_rank1 still has the lead, but will she be able to keep it?",%h_rank1|5000102,100,0,0,0
6124,313201,%h_rank1 triumphantly takes the lead! I don't think anyone saw that coming!,1008601|%h_rank1|5000103,100,0,0,0
6125,315000,It's getting chaotic here as they're packed close together!,1008801|5000104,100,0,0,0
6126,315001,"The leader seems to be setting a high pace, as the pack is strung out behind her.",5000105|1008906,100,0,0,0
6127,315001,This pace could be a bit high. The runners are trailing out behind the lead.,5000105|1008902,100,0,0,0
6128,315001,How about this quick pace the leader's setting? The runners are really spreading out.,5000105|1008904,100,0,0,0
6129,315101,It's %h_rank1! So much power! And she still has more in her!,%w_0.1|%h_rank1|5000106|2019102,100,0,0,0
6130,315500,Can %h_rank1 break all the way out?!,%h_rank1|5000107,100,0,0,1
6131,315103,It's %h_rank1! She's going fast! She's flying alone out front!,%h_rank1|2019301|5000108,100,0,0,1
6136,315201,%a_horse1 comes from the center! Can she close the gap?!,2020801|%a_horse1|5000113,100,0,0,0
6137,315201,%a_horse1 is weaving through the pack.,%horse1|5000114,100,0,0,0
6143,315203,%a_horse1 has been pushed far to the outside. But she catches right up!,2088601|%a_horse1|5000120,100,0,0,0
6144,315206,%horse1 is taking over now!,%horse1|5000121,100,0,0,1
6145,315207,%horse1 is moving toward the front pack!,%horse1|5000122,100,0,0,0
6147,315222,There's barely any distance between them!,5000124,100,0,0,0
6148,315302,%horse1 in the lead has completely lost her steam! She's struggling!,%horse1|2018401|5000125,100,0,0,0
6149,315302,Has %horse1 lost steam?! The rest of the pack is steadily approaching!,%horse1|2018601|5000126,100,0,0,0
6150,315302,%horse1 sinks into the rear!,%horse1|5000127,100,0,0,0
6151,317015,%h_rank1 is holding out strong.,%h_rank1|5000128,100,0,0,0
6154,316005,Is %a_horse1 waking up?! Is she going to go straight for the lead?!,2011901|%a_horse1|5000131,100,0,0,0
6155,320002,This night rain may create trouble here at %course. A field of %h_num_no is here to challenge the %distance-meter %ground %race.,5000132|%course|%ground|%distance|%race|%h_num_no,100,0,0,0
6156,317024,That's enough momentum to take the lead!,5000133,100,0,0,0
6157,317027,%h_player is aiming for the lead.,%h_player|5000134,100,0,0,0
6158,330000,"Full of hidden potential, these runners now stand ready to start the Growth Race!",5061401,100,0,0,0
6159,330001,"%h_rank1 takes first place, showing some amazing potential!",3092601|%h_player|5061501,100,0,0,0
6160,330002,The best sprinters in the world will be competing in a breathless battle of speed in the WBC!,5061601,100,0,0,0
6161,330003,Every runner confident in their speed is here and ready to give a breathtaking race!,5061701,100,0,0,0
6162,330004,The elite runners here will compete to reach the pinnacle of mile racing!,5061801,100,0,0,0
6163,330005,"This mile race, where speed alone doesn't win the day, is the place where these runners can show how they truly shine!",5061901,100,0,0,0
6164,330006,"The WBC Classic, a true test of speed and stamina, will take everything these racers have!",5062001,100,0,0,0
6165,330007,This race requires both speed and stamina. Which Umamusume has what it takes to advance to the SWBC?,5062101,100,0,0,0
6166,330008,"The runners here have made stamina their pride, and I'm excited to see just what kind of performance they give today in the WBC!",5062201,100,0,0,0
6167,330009,The greatest stamina racers are taking on the WBC Long to compete for a chance at glory!,5062301,100,0,0,0
6168,330010,The powerhouse dirt runners are competing today to show who's the best of the best!,5062401,100,0,0,0
6169,330011,Which of these dirt speedsters will finish first in the WBC Dirt?!,5062501,100,0,0,0
6170,330012,Finishing first is %h_player! She grabs the glory in a spectacular WBC race!,%w_0.1|3092601|%h_player|5062601,100,0,0,0
6171,330013,"The runners here today all boast incredible speed, yet they aim for even greater heights here at the SWBC!",5062701,100,0,0,0
6172,330014,"These speedsters have been eagerly awaiting the SWBC. Don't blink, or you might miss the high-speed race that's about to begin!",5062801,100,0,0,0
6173,330015,The best milers around are all here to take the SWBC title. Everyone's eyes are sure to be glued to the amazing race we're about to see!,5062901,100,0,0,0
6174,330016,Pay close attention to these amazing milers! You won't want to miss seeing who stands victorious at the SWBC Mile!,5063001,100,0,0,0
6175,330017,These runners have both the speed and the stamina. I know everyone's been waiting to see how this SWBC turns out!,5063101,100,0,0,0
6176,330018,Today's a battle of speed and stamina between a chosen few. The SWBC Classic is about to begin!,5063201,100,0,0,0
6177,330019,"The runners here all boast the most stamina, but who can take home victory in the lengthy SWBC Long?!",5063301,100,0,0,0
6178,330020,The honor of the SWBC is on the line for these super stamina runners as the SWBC Long is about to begin!,5063401,100,0,0,0
6179,330021,The SWBC title lies at the end of this dirt road now as the runners here take on the SWBC Dirt!,5063501,100,0,0,0
6180,330022,Excitement is building as the competition heats up. All that's left is to see who wins the SWBC Dirt!,5063601,100,0,0,0
6181,330023,A spectacular win by %h_player_ta! She really did it! Victory in the SWBC is hers!,%w_0.1|5063702|%h_player_ta|5063701,100,0,0,0
6182,330024,The runners for today's race are all here to use their extreme speed to compete for the highest honor. The Grandmasters Sprint starts now!,5063801,100,0,0,0
6183,330025,The Three Goddesses look on as the frenetic Grandmasters is set to begin. Which runner will claim the title of the fastest?!,5063901,100,0,0,0
6184,330026,These mile masters are here to make their mark on mile history. The Grandmasters Mile starts now!,5064001,100,0,0,0
6185,330027,These elite few have conquered the competition to be here. Which of them will win the Grandmasters Mile and be blessed by the Three Goddesses themselves?!,5064101,100,0,0,0
6186,330028,A fitting race will decide the champion among the veterans gathered here. Who among them will take victory in the Grandmasters?!,5064201,100,0,0,0
6187,330029,Every racer here has earned a place at the top. The Three Goddesses bear witness as only one of them will take the glory today!,5064301,100,0,0,0
6188,330030,"Each of these runners has unwavering confidence in their stamina, but who will reign supreme in the Grandmasters Long?!",5064401,100,0,0,0
6189,330031,It's the final battle between the ultimate stamina racers. The Three Goddesses silently await the outcome of the Grandmasters Long!,5064501,100,0,0,0
6190,330032,"They're taking on the Grandmasters Dirt now, running to win the highest honor that waits at the end of the track!",5064601,100,0,0,0
6191,330033,"In this dirt dream race, a champion will be born. The Three Goddesses watch on as the Grandmasters Dirt begins!",5064701,100,0,0,0
6192,330034,History's just been made! %h_player_ta wins it! She reigns at the top of the Umamusume racing world!,%w_0.1|5064802|%h_player_ta|5064801,100,0,0,0
6193,300802,The second favorite is\n%h_pop2.,%w_0.3|1003101|%h_pop2,100,0,0,0
6194,300802,"Moving onto the second favorite, it's\n%h_pop2.",%w_0.3|1003201|%h_pop2,100,0,0,0
6195,300802,"With more than enough skill to rival the top\npick, today's second favorite is\n%h_pop2.",%w_0.3|1003301|%h_pop2,100,0,0,0
6196,300805,"Waiting for the start with an air of dignity is\ntoday's favorite, %h_pop1!",%w_0.1|1003903|1003904|%h_pop1,100,0,0,0
6197,300805,"Now, here's the undisputed star of the show.\nIt's %h_pop1!",%w_0.1|1003901|1003904|%h_pop1,100,0,0,0
6198,300806,"The second favorite, %h_pop2,\ncan certainly hold her own against today's top\nfavorite.",1004003|%h_pop2|1004004,100,0,0,0
6199,300806,"Taking her on is %h_pop2, who\ncan certainly hold her own against the favorite.",1004001|%h_pop2|1004004,100,0,0,0
6200,300806,"Now, here's the second favorite.\n%h_pop2 can certainly hold\nher own against today's top favorite.",1004005|%h_pop2|1004004,100,0,0,0
6201,300807,%h_pop3 is currently the third\nfavorite. She's the hot pick of late!,%w_0.3|%h_pop3|1004101|1004102,100,0,0,0
6202,300807,%h_pop3 is the third favorite.\nCan she overcome the odds?!,%w_0.3|%h_pop3|1004103|1004104,100,0,0,0
6203,300807,%h_pop3 is currently the third\nfavorite. Can she overcome the odds?!,%w_0.3|%h_pop3|1004101|1004104,100,0,0,0
6204,300807,%h_pop3 is the third favorite.\nShe's the hot pick of late!,%w_0.3|%h_pop3|1004103|1004102,100,0,0,0
6205,302001,%horse1 has an excellent start!,%horse1|1004801,100,0,0,0
6206,302001,Dashing ahead here is\n%horse_ta1.,1040401|%horse_ta1,100,0,0,0
6207,302001,A fine start for %horse1.,%horse1|1040201,100,0,0,0
6208,302001,%horse1 flies out of the gate.,%horse1|1040701,100,0,0,0
6209,302001,%horse_ta1 is off to a good start.,1040801|%horse_ta1,100,0,0,0
6210,302001,%horse1 breaks well.,%horse1|1040901,100,0,0,0
6211,302001,%horse1 is dashing ahead early.,%horse1|1041001,100,0,0,0
6212,302004,Oh no! Has %horse1 made a\nslow start?!,1005101|%horse1|1005102,100,0,0,0
6213,302004,%horse1 makes a slow start and\nbegins the race at the back.,%horse1|1040301,100,0,0,0
6214,302004,%horse1 is a little slow out of\nthe gate.,%horse1|1041101,100,0,0,0
6215,302004,%horse1 breaks rather poorly.,%horse1|1041201,100,0,0,0
6216,302006,A great start from all runners!,1040101,100,0,0,0
6217,303001,"The favorite, %h_pop1, takes\nan early lead.",1005501|%h_pop1|1005502,100,0,0,0
6218,303001,Can %h_pop1 take the lead?,%h_pop1|1041601,100,0,0,0
6219,303001,"And it's %h_pop1, of course.",1041501||%h_pop1,100,0,0,0
6220,303009,Next is %h_rank2.,%w_0.1|1041701|%h_rank2,100,0,0,0
6221,303010,The struggle between\n%h_rank1 and\n%h_rank2 continues.,%h_rank1|%h_rank2|1006701,100,0,0,0
6222,303010,%h_rank_a1\n%h_rank_to2 both refuse to\ngive up the lead.,%h_rank_a1|%h_rank_to2|1006801,100,0,0,0
6223,305000,They're still fighting for the lead! Will this race\nbe decided on the final stretch?!,%w_0.1|2013701|2013702,100,0,0,0
6224,305000,They're still vying for the lead! Who will be the\nfirst to break out ahead?!,%w_0.1|2013701|2013706,100,0,0,0
6225,305001,They're still going at it as they come into the\nfinal stretch!,2013801,100,0,0,0
6226,305001,The race will be decided on the final stretch!,2013901,100,0,0,0
6227,306000,Rounding the final corner in the lead is\n%h_rank_ta1.,%w_0.1|2014105|2014106|%h_rank_ta1,100,0,0,0
6228,306000,"After the final corner, first into the stretch is %h_rank_ta1.",%w_0.1|2014105|5000040|%h_rank_ta1,100,0,0,0
6229,306000,"After the final corner, leading into the stretch is %h_rank_ta1.",%w_0.1|2014105|5000042|%h_rank_ta1,100,0,0,0
6230,306000,They've come around the final turn and\nentered the homestretch.,1044801,100,0,0,0
6231,306001,This is where the race will be decided!,2014203|2014204,100,0,0,0
6232,308001,We'll test these two to the wire!,3021901,100,0,0,0
6233,308001,It's a one-on-one duel between the two\nleaders!,2020101,100,0,0,0
6234,308002,Three runners neck and neck! No one is giving\nup!,2016401|2016402,100,0,0,0
6235,308002,"%h_rank1,\n%h_rank2, and\n%h_rank3 are racing neck and\nneck.",%h_rank1|%h_rank2|%h_rank3|2051801,100,0,0,0
6236,308002,"%h_rank1,\n%h_rank2, and\n%h_rank3 are now racing neck\nand neck.",%h_rank1|%h_rank2|%h_rank3|2055401,100,0,0,0
6237,308006,It's still going. It's still going!,2016301|2016302,100,0,0,0
6238,308007,In the lead is %h_rank1.,2014401|%h_rank1,100,0,0,0
6239,308007,%h_rank1 out in front!,2014401|%h_rank1,100,0,0,0
6240,308008,Still in the lead is %h_rank1!,2012601|%h_rank1,100,0,0,0
6241,308008,Keeping the lead is %h_rank1.,2012701|%w_0.01|%h_rank1,100,0,0,0
6242,309000,It's %h_rank_l1! A brilliant run!\nShe certainly showed us who the main star of\nthis race was!,%h_rank_l1|3023301|3023302,100,0,0,0
6243,309001,It's a photo finish! Has\n%h_rank1 won it by a nose?!,3023901|%h_rank1|3023902,100,0,0,0
6244,309001,%h_rank1 reaches the finish\nline with %h_rank2 hot on her\nheels!,%h_rank1|3024101|%h_rank2|3024102,100,0,0,0
6245,309001,%h_rank2 reaches the finish\nline with %h_rank1 hot on her\nheels!,%h_rank2|3024101|%h_rank1|3024102,100,0,0,0
6246,309001,%h_rank_a1\n%h_rank_to2 cross the finish\nline together!,%h_rank_a1|%h_rank_to2|3036701,100,0,0,0
6247,309001,%h_rank_a2\n%h_rank_to1 cross the finish\nline together!,%h_rank_a2|%h_rank_to1|3036701,100,0,0,0
6249,309007,%h_rank_ta1 wins! A great run\nearns her the victory!,%w_0.1|3023601|%h_rank_ta1|3023602,100,0,0,0
6250,309012,%h_rank_l1 dominates the race.,%w_0.2|%h_rank_l1|3037401,100,0,0,0
6253,309009,%h_rank_l1 finishes.,%h_rank_l1|3036801,100,0,0,0
6254,309011,In second is %h_rank_l2. In third\nis %h_rank_l3.,%w_0.2|3024401|%h_rank_l2|%w_0.1|3024402|%h_rank_l3,100,0,0,0
6255,309011,Second goes to %h_rank_l2. In\nthird place is %h_rank_l3.,%w_0.2|3024403|%h_rank_l2|%w_0.1|3024404|%h_rank_l3,100,0,0,0
6256,309011,In second place is %h_rank_l2.\nComing in third is %h_rank_ta3.,%w_0.2|3024405|%h_rank_l2|%w_0.1|3024406|%h_rank_ta3,100,0,0,0
6257,309011,In second is %h_rank_l2. In third\nplace is %h_rank_l3.,%w_0.2|3024401|%h_rank_l2|%w_0.1|3024404|%h_rank_l3,100,0,0,0
6258,309011,Second goes to %h_rank_l2.\nComing in third is %h_rank_ta3.,%w_0.2|3024403|%h_rank_l2|%w_0.1|3024406|%h_rank_ta3,100,0,0,0
6259,309011,In second place is %h_rank_l2. In\nthird place is %h_rank_l3.,%w_0.2|3024405|%h_rank_l2|%w_0.1|3024404|%h_rank_l3,100,0,0,0
6260,309011,In second is %h_rank_l2. Coming\nin third is %h_rank_ta3.,%w_0.2|3024401|%h_rank_l2|%w_0.1|3024406|%h_rank_ta3,100,0,0,0
6261,309011,Second goes to %h_rank_l2. In\nthird is %h_rank_l3.,%w_0.2|3024403|%h_rank_l2|%w_0.1|3024402|%h_rank_l3,100,0,0,0
6262,309011,Finishing second is %h_rank_l2.\nIn third place is %h_rank_l3.,%w_0.2|3024405|%h_rank_l2|%w_0.1|3024404|%h_rank_l3,100,0,0,0
6263,312020,The fourth corner.,%w_0.1|1044101,100,0,0,0
6264,312020,Coming up to the fourth corner.,%w_0.1|1046001,100,0,0,0
6265,312025,They're passing in front of the stands for the\nfirst time.,%w_0.1|1045201,100,0,0,0
6266,312025,They're down the homestretch of the first lap.,1042601,100,0,0,0
6267,312025,They run past the stands on their first lap.,1042701,100,0,0,0
6268,313103,Currently in first place is\n%h_rank1. We've had a change\nof leader.,1010701|%h_rank1|1010702,100,0,0,0
6269,313103,Now in the lead is %h_rank1.,1067801|%h_rank1,100,0,0,0
6270,313103,And now in the lead is\n%h_rank1.,1067901|%h_rank1,100,0,0,0
6271,313103,And taking the lead is\n%h_rank_ta1.,1079101|%h_rank_ta1,100,0,0,0
6272,313103,And now taking the lead is\n%h_rank1.,1079201|%w_0.01|%h_rank1,100,0,0,0
6273,313112,%h_rank3 is in third.,%h_rank3|1058501,100,0,0,0
6274,313112,And in third is %h_rank3.,1060201|%h_rank3,100,0,0,0
6275,313112,In third is %h_rank3.,1065101|%h_rank3,100,0,0,0
6276,313113,%h_rank4 is in fourth.,%h_rank4|%w_0.05|1058601,100,0,0,0
6277,313113,And in fourth is %h_rank4.,1060301|%h_rank4,100,0,0,0
6278,313113,In fourth is %h_rank4.,1065201|%h_rank4,100,0,0,0
6279,313114,%h_rank5 is in fifth.,%h_rank5|%w_0.01|1058701,100,0,0,0
6280,313114,And in fifth is %h_rank5.,1060401|%h_rank5,100,0,0,0
6281,313114,In fifth is %h_rank5.,1065301|%h_rank5,100,0,0,0
6282,313131,Up to this point is the leading group.,%w_0.1|1092801,100,0,0,0
6283,315000,They've clustered together! It's a free-for-all!,%w_0.1|1008803|1008804,100,0,0,0
6284,315000,"Maybe they're all keeping each other in check.\nIn any case, they're proceeding cautiously!",1008805|1008806,100,0,0,0
6285,315001,"The runners have become a long, narrow line\nfrom first to last.",1008901|1008902,100,0,0,0
6286,315001,A large gap before we find the rear group. The\nrunners are really spreading out.,1008903|1008904,100,0,0,0
6287,315001,Large gaps dot the runners from front to back.,1008901|1008904,100,0,0,0
6288,315001,"A large gap before we find the rear group. The\nrunners are forming a long, narrow line behind.",1008903|1008906,100,0,0,0
6289,315001,"The runners are forming a long, narrow line\nfrom first place to last.",1008901|1008906,100,0,0,0
6290,315001,"A large gap before we find the rear group. The\nrunners have become a long, narrow line.",1008903|1008902,100,0,0,0
6291,315101,It's %h_rank1! Is this it?! She's\nleft the others behind!,%w_0.1|%h_rank1|2019201|2019202,100,0,0,0
6292,315500,Can %h_rank1 keep pushing\nforward?!,%h_rank1|2019601,100,0,0,1
6293,315500,It's %h_rank1! She can't lose!\nThis is it!,%h_rank1|2019701|2019702,100,0,0,0
6294,315103,%h_rank1's strength is\nunmatched! She's pulled completely ahead!,%h_rank1|2019401|2019402|2019403,100,0,0,1
6295,315106,"In front is %h_rank1, with\nsecond and third right behind her!",2014901|%h_rank1|2014902,100,0,0,0
6296,315106,%h_rank1 is in the lead! But\nshe's only slightly ahead of second and third.,%h_rank1|2015101|2015102,100,0,0,0
6297,315201,Moving from the center is\n%horse_ta1!,2013001|%horse_ta1,100,0,0,0
6298,315201,From the center comes %horse1!\nShe's catching up!,2020801|%a_horse1|2020802,100,0,0,0
6299,315201,%horse1 sticking to the center!,2017301|%a_horse1,100,0,0,0
6300,315202,Approaching from the outside is\n%horse_ta1!,2013101|%horse_ta1,100,0,0,0
6301,315202,"Flying in from the outside,\n%horse_ta1!",2016101|%horse_ta1,100,0,0,0
6302,315202,"Coming around on the outside,\n%horse_ta1!",2017501|%horse_ta1,100,0,0,0
6303,315203,%horse_ta1 rushes in from far outside! Incredible!,5000143|%horse_ta1|2021002,100,0,0,0
6304,315203,Making a move from far outside is\n%horse_ta1!,2013201|%horse_ta1,100,0,0,0
6305,315204,Here %horse1 goes.,2049001|%a_horse1,100,0,0,0
6306,315204,"Moving up, it's %horse1.",1080001|%w_0.01|%a_horse1,100,0,0,0
6307,315204,%horse1 goes for it!,%horse1|1080101,100,0,0,0
6308,315204,%horse1 makes her move.,%horse1|1048101,100,0,0,1
6309,315204,%horse1 makes her way forward.,%horse1|2054301,100,0,0,1
6310,315204,Making her way forward is\n%horse1.,2054201|%a_horse1,100,0,0,0
6311,315204,%horse1 is making her way\nforward!,%horse1|2049301,100,0,0,1
6312,315204,Moving up is %horse1.,1048001|%a_horse1,100,0,0,0
6313,315205,Bursting through to the front is\n%horse1.,2053701|%a_horse1,100,0,0,0
6314,315205,%horse1 pushes her way\nforward.,%horse1|2050101,100,0,0,1
6315,315206,%horse1 pushes all the way\nthrough.,2048401|%w_0.01|%a_horse1,100,0,0,0
6316,315206,Coming from behind is %horse1.,2049501|%a_horse1,100,0,0,0
6317,315209,%horse1 is close behind.,%horse1|3024101,100,0,0,0
6318,315209,"%horse1, putting on the\npressure.",1048201|%a_horse1,100,0,0,0
6319,315209,%horse1 is pulling out all the\nstops!,%horse1|3022401,100,0,0,0
6320,315215,What strength!,2016802,100,0,0,0
6321,315215,The speed! Look at that speed!,2019301,100,0,0,0
6322,315215,She's strong!,2019401,100,0,0,0
6323,315215,She's unstoppable!,2019402,100,0,0,0
6324,315215,This is amazing!,2021002,100,0,0,0
6325,315215,She's so strong.,1062201,100,0,0,0
6326,315217,Is this all %horse1 has to give?!,%horse1|2050801,100,0,0,0
6327,315218,She's closing the gap.,2018001,100,0,0,0
6328,315218,Steadily closing in.,2051601,100,0,0,0
6329,315218,Closing the gap is %horse1.,2051201|%a_horse1,100,0,0,0
6330,315222,They're stride for stride.,1061801,100,0,0,0
6331,315222,But they're neck and neck.,2051301,100,0,0,0
6332,315222,Who's going to take it?!,2051001,100,0,0,0
6333,315222,Both of them refuse to give an inch.,2051101,100,0,0,0
6334,315228,"With a slight lead, it's %horse1.",1082001|%horse1,100,0,0,0
6335,315228,%horse1 has a slight lead!,%horse1|2019901,100,0,0,0
6336,315228,Only slightly in the lead is\n%horse1.,2020001|%horse1,100,0,0,0
6337,315228,Slightly ahead is %horse1.,3082501|%horse1,100,0,0,0
6338,315302,%horse1 has sunk into the pack!,%horse1|2050701,100,0,0,0
6339,316005,%horse1 steadily advances.,%horse1|1048301,100,0,0,0
6340,316005,Can %horse1 push forward?,%horse1|2050501,100,0,0,0
6341,316005,The rear group is quickly closing in!,1079701,100,0,0,0
6342,316005,%horse1 pushes forward with\nincredible speed!,%horse1|1080401,100,0,0,0
6343,316005,%horse1 prepares to make her\nmove.,%horse1|1081401,100,0,0,0
6344,320002,Rain clouds are making things tense at\n%course. A field of %h_num_no is here to\nchallenge the %distance-meter %ground race.,1012101|%course|%ground|%distance|%race|%h_num_no,100,0,0,0
6345,320002,Raindrops are glittering in the lights at\n%course. A field of %h_num_no is here to\nchallenge the %distance-meter %ground race.,1012201|%course|%ground|%distance|%race|%h_num_no,100,0,0,0
6346,300803,"Moving onto the second favorite, it's\n%h_pop2.",%w_0.3|1003201|%h_pop2,100,0,0,0
6347,300803,"She might not be satisfied with this ranking, but the second favorite is %h_pop2.",%w_0.3|5000010|%h_pop2,100,0,0,0
6348,303007,Pulling ahead after a fierce battle is %h_rank_ta1.,5000135|%h_rank_ta1,100,0,0,0
6349,315220,%horse1 is coming up on her\nside.,%horse1|5000136,100,0,0,0
6350,315220,%horse1 comes up on her side.,%horse1|5000137,100,0,0,0
6351,315220,Coming up on the side is\n%horse1.,5000138|%a_horse1,100,0,0,0
6352,317020,%h_rank4 is giving chase.,%w_0.05|%h_rank4|5000139,100,0,1,0
6353,315220,%horse_ta1 is coming up on the\nside.,2048801|%horse_ta1,100,0,0,0
6354,340000,Moving from the fourth corner into the final\nstretch.,%w_0.1|5000140,100,0,0,0
6355,340000,The fourth corner.,%w_0.1|5000141,100,0,0,0
6356,340000,Coming up to the fourth corner.,%w_0.1|5000142,100,0,0,0
6357,309002,The three are shoulder to shoulder! It's too close! Does %h_rank1 have the edge?!,5000065|%h_rank1|3024202,100,0,0,0
6358,309002,And it's a three-way photo! Has\n%h_rank1 won it by a nose?!,3022001|%h_rank1|3037001,100,0,0,0
6359,309016,"%h_rank1 takes first. Her legs gave out towards the end, but she managed to keep the lead.",%w_0.1|3092601|%h_rank1|5000081,100,0,0,0
6363,315106,"In front is %h_rank1, with\nsecond and third right behind her!",2014901|%h_rank1|2014902,100,0,0,0
6364,315106,"The leader is %h_rank1, but second and third are pushing hard!",2015001|%h_rank1|5000109,100,0,0,0
6365,315106,%h_rank1 is in the lead! But\nshe's only slightly ahead of second and third.,%h_rank1|2015101|2015102,100,0,0,0
6366,340005,%horse1 is getting buried by the\ncrowd. Can she find her legs?,%horse1|5000144|5000145,100,0,0,0
6367,340003,%horse1's steps are getting\nheavy! Is it over for her?!,%horse1|5000146|5000147,100,0,0,0
6368,340003,%horse1 has lost her steam!,%horse1|5000148,100,0,0,0
6369,340003,Oh no! Is %horse1 out of stamina?!,5000149|%horse1|%w_0.02|5000150,100,0,0,0
6370,340001,%horse1 is getting restless.,%w_0.1|%horse1|5000151,100,0,0,0
6371,340001,%horse1 pushes forward.,%w_0.1|%horse1|5000152,100,0,0,0
6372,340001,%horse1 is running at a quick\npace.,%w_0.1|%horse1|5000153,100,0,0,0
6373,340002,Is this all %horse1 has to give?!,%horse1|5000154,100,0,0,0
6374,340004,%horse1 in the lead has completely lost her steam! She's struggling!,%horse1|5000155|5000156,100,0,0,0
6375,340004,Has %horse1 lost steam?! The rest of the pack is steadily approaching!,%horse1|5000157|5000158,100,0,0,0
6376,340004,%horse1 sinks into the rear!,%horse1|5000159,100,0,0,0
6377,340004,%horse1 has sunk into the pack!,%horse1|5000160,100,0,0,0
6378,340006,Is %horse1 waking up?! Is she going to go straight for the lead?!,5000161|%horse1|5000162,100,0,0,0
6379,340006,%horse1 steadily advances.,%horse1|5000163,100,0,0,0
6380,340006,Can %horse1 push forward?,%horse1|5000164,100,0,0,0
6381,340006,The rear group is quickly closing in!,5000165,100,0,0,0
6382,340006,%horse1 pushes forward with\nincredible speed!,%horse1|5000166,100,0,0,0
6383,340006,%horse1 prepares to make her\nmove.,%horse1|5000167,100,0,0,0
6384,340007,It's getting chaotic here as they're packed close together!,5000168|5000169,100,0,0,0
6385,340007,They've clustered together! It's a free-for-all!,%w_0.1|5000170|5000171,100,0,0,0
6386,340007,"Maybe they're all keeping each other in check.\nIn any case, they're proceeding cautiously!",5000172|5000173,100,0,0,0
6387,340008,"The leader seems to be setting a high pace, as the pack is strung out behind her.",5000174|5000177,100,0,0,0
6388,340008,This pace could be a bit high. The runners are trailing out behind the lead.,5000174|5000178,100,0,0,0
6389,340008,How about this quick pace the leader's setting? The runners are really spreading out.,5000174|5000179,100,0,0,0
6390,340008,"The runners have become a long, narrow line\nfrom first to last.",5000175|5000178,100,0,0,0
6391,340008,A large gap before we find the rear group. The\nrunners are really spreading out.,5000176|5000179,100,0,0,0
6392,340008,Large gaps dot the runners from front to back.,5000175|5000179,100,0,0,0
6393,340008,"A large gap before we find the rear group. The\nrunners are forming a long, narrow line behind.",5000176|5000177,100,0,0,0
6394,340008,"The runners are forming a long, narrow line\nfrom first place to last.",5000175|5000177,100,0,0,0
6395,340008,"A large gap before we find the rear group. The\nrunners have become a long, narrow line.",5000176|5000178,100,0,0,0
6396,300808,"All eyes are on %h_player,\nrunning in %p_waku_ban.",%w_0.1|1088201|%c_0.01|%h_player|%p_waku_ban,100,0,0,0
6397,340020,And leaving the pack to take the lead is\n%h_rank_ta1.,5000180|%h_rank_ta1,100,0,0,0
6398,340020,A textbook advance by\n%h_rank_ta1!,5000181|%h_rank_ta1,100,0,0,0
6399,340014,"Can the favorite, %h_pop1,\nlive up to everyone's expectations?!",5000185|%h_pop1,100,0,0,0
6400,340010,"Battling for the lead are\n%h_rank1,\n%h_rank2, and\n%h_rank3.",%w_0.1|5000189|%h_rank1|%w_0.1|%h_rank2|%w_0.1|%h_rank3,100,0,0,0
6401,340016,It's do or die on the Niigata final stretch!,5000187,100,0,0,0
6402,340017,They're moving from turf to dirt.,5000188,100,0,0,0
6403,340021,%h_rank1 is flying along with\nease.,%w_0.1|%h_rank1|5000196,100,0,0,0
6404,340015,%horse1 moves into the lead.,%horse1|5000192,100,0,0,0
6405,340015,%horse1 takes over the lead\nposition.,%horse1|5000195,100,0,0,0
6406,340015,Moving into the lead is %horse1.,5000205|%horse1,100,0,0,0
6407,340015,Taking over the lead position is\n%horse1.,5000197|%horse1,100,0,0,0
6408,340012,%h_player races from the back.\nWill she be okay?!,5000182|%h_player|5000183,100,0,0,0
6409,340009,%h_rank_a1 %h_rank_to2 are locked in a struggle for the lead.,%h_rank_a1|%h_rank_to2|5000206,100,0,0,0
6410,340011,%h_pop1 is currently the trailer! Could this all be part of her plan?!,%h_pop1|5000207,100,0,0,0
6411,340011,"Currently trailing is the favorite, %h_pop1. How do we take this?",5000184|%h_pop1|5000208,100,0,0,0
6412,340013,%h_pop1 is fighting an uphill battle. How will she handle it from here?,5000209|%h_pop1|5000210,100,0,0,0
6413,340022,%h_rank1 still has the lead! An interesting development! Can she keep it up?,%h_rank1|5000211,100,0,0,0
6414,340022,"%h_rank1 still has the lead, but will she be able to keep it?",%h_rank1|5000212,100,0,0,0
6415,340022,%h_rank1 triumphantly takes the lead! I don't think anyone saw that coming!,5000186|%h_rank1|5000213,100,0,0,0
6416,340019,Here %horse1 goes.,5000199|%horse1,100,0,0,0
6417,340019,"Moving up, it's %horse1.",5000193|%w_0.01|%horse1,100,0,0,0
6418,340019,%horse1 goes for it!,%horse1|5000194,100,0,0,0
6419,340019,%horse1 makes her move.,%horse1|5000191,100,0,0,1
6420,340019,%horse1 makes her way forward.,%horse1|5000204,100,0,0,1
6421,340019,Making her way forward is %horse1.,5000203|%horse1,100,0,0,0
6422,340019,%horse1 is making her way\nforward!,%horse1|5000200,100,0,0,1
6423,340019,Moving up is %horse1.,5000190|%horse1,100,0,0,0
6424,340018,She's closing the gap.,5000198,100,0,0,0
6425,340018,Steadily closing in.,5000202,100,0,0,0
6426,340018,Closing the gap is %horse1.,5000201|%horse1,100,0,0,0
6427,350001,Race 1 is about to begin! The teams look united and ready to win.,1804101|1804106,100,0,0,0
6428,350002,Race 2 is about to begin! The teams look united and ready to win.,1804102|1804106,100,0,0,0
6429,350003,Race 3 is about to begin! The teams look united and ready to win.,1804103|1804106,100,0,0,0
6430,350004,Race 4 is about to begin! The teams look united and ready to win.,1804104|1804106,100,0,0,0
6431,350005,Race 5 is about to begin! The teams look united and ready to win.,1804105|1804106,100,0,0,0
6432,350001,The first race begins now! The teams are hoping for a good result here to gain some momentum.,1804201|1804202,100,0,0,0
6433,350002,The second race is on! I'm excited to see how each team builds on their Race 1 results!,1804301|1804302,100,0,0,0
6434,350003,Race 3 is the turning point! How will they fare as we lead up to the second half?,1804401|1804402,100,0,0,0
6435,350004,"With only one race left after this, the runners are more eager than ever. Race 4 begins now!",1804501|1804502,100,0,0,0
6436,350005,"It's the fifth and final race, and the crowd is roaring with excitement! This is set to be an unbelievable competition!",1804601|1804602,100,0,0,0
6437,350006,A fierce battle is about to start! It's the race to be the greatest—the League of Heroes!,1804701|1804702,100,0,0,0
6438,350006,This race is sure to become a page in the legend of these twelve heroes. Only the heavens know how this clash will unfold!,1804801|1804802,100,0,0,0
6439,350006,"From this moment until the end of the race, these twelve are the greatest stars in the world!",1804901,100,0,0,0
6440,350006,"Rest assured, this race will be nothing short of legendary. With twelve heroes locked in battle against each other, the results are destined to be awe-inspiring!",1805001|%w_0.1|1805002,100,0,0,0
6441,350007,I sense some extraordinary spirit from one team. Expect a race surging with heart and soul!,1805101|1805102,100,0,0,0
6442,350007,How far will their desire to win push them? Everything's on the line in this make-or-break race!,1805201|1805202,100,0,0,0
6443,350008,It's the League of Heroes! The ultimate battle between the greatest of the great is set to begin!,1805301|%w_0.1|1805302,100,0,0,0
6444,350008,It's the League of Heroes! A brand-new legend is about to be written by the heroes here today!,1805301|%w_0.1|1805303,100,0,0,0
6445,350008,It's the League of Heroes! The legends assembled here are going to turn dreams into reality in this race!,1805301|%w_0.1|1805304,100,0,0,0
6446,350009,%h_rank_l1 takes first place in Race 1! A truly phenomenal display!,1805401|%h_rank_ta1|1805406,100,0,0,0
6447,350010,%h_rank_l1 takes first place in Race 2! A truly phenomenal display!,1805402|%h_rank_ta1|1805406,100,0,0,0
6448,350011,%h_rank_l1 takes first place in Race 3! A truly phenomenal display!,1805403|%h_rank_ta1|1805406,100,0,0,0
6449,350012,%h_rank_l1 takes first place in Race 4! A truly phenomenal display!,1805404|%h_rank_ta1|1805406,100,0,0,0
6450,350013,%h_rank_l1 takes first place in Race 5! A truly phenomenal display!,1805405|%h_rank_ta1|1805406,100,0,0,0
6451,350009,Total victory! %h_rank_no1 wins Race 1!,1805501|%h_rank_no1|3025101,100,0,0,0
6452,350010,Total victory! %h_rank_no1 wins Race 2!,1805502|%h_rank_no1|3025101,100,0,0,0
6453,350011,Total victory! %h_rank_no1 wins Race 3!,1805503|%h_rank_no1|3025101,100,0,0,0
6454,350012,Total victory! %h_rank_no1 wins Race 4!,1805504|%h_rank_no1|3025101,100,0,0,0
6455,350013,Total victory! %h_rank_no1 wins Race 5!,1805505|%h_rank_no1|3025101,100,0,0,0
6456,350009,%h_rank_l1 wins it! A towering achievement in the first round!,1805601|%h_rank_l1|1805602,100,0,0,0
6457,350010,Winning the second race is %h_rank_l1! That's a tremendous boost for her team!,1805701|%h_rank_l1|1805702,100,0,0,0
6458,350011,%h_rank_ta1 comes in first! That's a crucial win leading into the second half!,1805801|%h_rank_ta1|1805802,100,0,0,0
6459,350012,%h_rank_ta1 claims first! That's an incredible Race 4 win for her team!,1805901|%h_rank_ta1|1805902,100,0,0,0
6460,350013,%h_rank_ta1 wins in an astonishing finale! The best race was saved for last indeed!,1806001|%h_rank_ta1|1806002,100,0,0,0
6461,350014,"Taking first is %h_rank_l1! She ran a sensational race, showing who the true hero was here!",1806101|%h_rank_l1|1806102,100,0,0,0
6462,350014,%h_rank_ta1 finishes in first! Such tremendous power is the mark of a real hero!,1806201|%h_rank_ta1|1806202,100,0,0,0
6463,350014,"It's %h_rank_l1! With that win, she takes her place as the protagonist among legends!",%h_rank_l1|1806301,100,0,0,0
6464,350014,And %h_rank_l1 is the star of this race! The light of glory shines brightly upon this runner!,1806401|%h_rank_l1|1806402,100,0,0,0
6465,350014,%h_rank_l1 wins against all the other heroes! The fans are rightfully celebrating her glorious victory!,1806501|%h_rank_ta1|1806502,100,0,0,0
6466,350015,%h_rank_l1 places first! She ran spectacularly for the huge crowd here today!,1806601|%h_rank_l1|1806602,100,0,0,0
6467,350015,%h_rank_ta1 wins it! This legendary race will be spoken of for generations to come!,1806701|%h_rank_ta1|1806702,100,0,0,0
6468,350015,%h_rank_l1 is victorious in the race of a century! I could feel the heroism! A true superhero!,1806801|%h_rank_ta1|1806802,100,0,0,0
6469,360001,This one race decides it all! The Champions Meeting Mile finals begin!,1807101,100,0,0,0
6470,360001,It's time for the greatest race of all! Get ready for the Champions Meeting Mile finals!,1807201,100,0,0,0
6471,360002,%h_rank_l1 does it! She flies past the finish and takes the Champions Meeting Mile win!,1808101|%h_rank_l1|1808102,100,0,0,0
6472,360002,Victory goes to %h_rank_l1! That excellent run earns her place as the top miler!,1808201|%h_rank_l1|1808202,100,0,0,0
9000,900000,%h_rank1、%h_rank_l1\n%h_rank_no1、%h_rank_to1\n%h_rank_ta1、%h_rank_a1,%h_rank1|%w_0.2|%h_rank_l1|%w_0.2|%h_rank_no1|%w_0.2|%h_rank_to1|%w_0.2|%h_rank_ta1|%w_0.2|%h_rank_a1,100,0,0,0
9001,900001,%h_rank2、%h_rank_l2\n%h_rank_no2、%h_rank_to2\n%h_rank_ta2、%h_rank_a2,%h_rank2|%w_0.2|%h_rank_l2|%w_0.2|%h_rank_no2|%w_0.2|%h_rank_to2|%w_0.2|%h_rank_ta2|%w_0.2|%h_rank_a2,100,0,0,0
9002,900002,%h_rank3、%h_rank_l3\n%h_rank_no3、%h_rank_to3\n%h_rank_ta3、%h_rank_a3,%h_rank3|%w_0.2|%h_rank_l3|%w_0.2|%h_rank_no3|%w_0.2|%h_rank_to3|%w_0.2|%h_rank_ta3|%w_0.2|%h_rank_a3,100,0,0,0
9003,900003,%h_rank4、%h_rank_l4\n%h_rank_no4、%h_rank_to4\n%h_rank_ta4、%h_rank_a4,%h_rank4|%w_0.2|%h_rank_l4|%w_0.2|%h_rank_no4|%w_0.2|%h_rank_to4|%w_0.2|%h_rank_ta4|%w_0.2|%h_rank_a4,100,0,0,0
9004,900004,%h_rank5、%h_rank_l5\n%h_rank_no5、%h_rank_to5\n%h_rank_ta5、%h_rank_a5,%h_rank5|%w_0.2|%h_rank_l5|%w_0.2|%h_rank_no5|%w_0.2|%h_rank_to5|%w_0.2|%h_rank_ta5|%w_0.2|%h_rank_a5,100,0,0,0
9005,900005,%h_rank6、%h_rank_l6\n%h_rank_no6、%h_rank_to6\n%h_rank_ta6、%h_rank_a6,%h_rank6|%w_0.2|%h_rank_l6|%w_0.2|%h_rank_no6|%w_0.2|%h_rank_to6|%w_0.2|%h_rank_ta6|%w_0.2|%h_rank_a6,100,0,0,0
9006,900006,%h_rank7、%h_rank_l7\n%h_rank_no7、%h_rank_to7\n%h_rank_ta7、%h_rank_a7,%h_rank7|%w_0.2|%h_rank_l7|%w_0.2|%h_rank_no7|%w_0.2|%h_rank_to7|%w_0.2|%h_rank_ta7|%w_0.2|%h_rank_a7,100,0,0,0
9007,900007,%h_rank8、%h_rank_l8\n%h_rank_no8、%h_rank_to8\n%h_rank_ta8、%h_rank_a8,%h_rank8|%w_0.2|%h_rank_l8|%w_0.2|%h_rank_no8|%w_0.2|%h_rank_to8|%w_0.2|%h_rank_ta8|%w_0.2|%h_rank_a8,100,0,0,0
9008,900008,%h_rank9、%h_rank_l9\n%h_rank_no9、%h_rank_to9\n%h_rank_ta9、%h_rank_a9,%h_rank9|%w_0.2|%h_rank_l9|%w_0.2|%h_rank_no9|%w_0.2|%h_rank_to9|%w_0.2|%h_rank_ta9|%w_0.2|%h_rank_a9,100,0,0,0
9009,900009,%h_rank10、%h_rank_l10\n%h_rank_no10、%h_rank_to10\n%h_rank_ta10、%h_rank_a10,%h_rank10|%w_0.2|%h_rank_l10|%w_0.2|%h_rank_no10|%w_0.2|%h_rank_to10|%w_0.2|%h_rank_ta10|%w_0.2|%h_rank_a10,100,0,0,0
9010,900010,%h_rank11、%h_rank_l11\n%h_rank_no11、%h_rank_to11\n%h_rank_ta11、%h_rank_a11,%h_rank11|%w_0.2|%h_rank_l11|%w_0.2|%h_rank_no11|%w_0.2|%h_rank_to11|%w_0.2|%h_rank_ta11|%w_0.2|%h_rank_a11,100,0,0,0
9011,900011,%h_rank12、%h_rank_l12\n%h_rank_no12、%h_rank_to12\n%h_rank_ta12、%h_rank_a12,%h_rank12|%w_0.2|%h_rank_l12|%w_0.2|%h_rank_no12|%w_0.2|%h_rank_to12|%w_0.2|%h_rank_ta12|%w_0.2|%h_rank_a12,100,0,0,0
9012,900012,%h_rank13、%h_rank_l13\n%h_rank_no13、%h_rank_to13\n%h_rank_ta13、%h_rank_a13,%h_rank13|%w_0.2|%h_rank_l13|%w_0.2|%h_rank_no13|%w_0.2|%h_rank_to13|%w_0.2|%h_rank_ta13|%w_0.2|%h_rank_a13,100,0,0,0
9013,900013,%h_rank14、%h_rank_l14\n%h_rank_no14、%h_rank_to14\n%h_rank_ta14、%h_rank_a14,%h_rank14|%w_0.2|%h_rank_l14|%w_0.2|%h_rank_no14|%w_0.2|%h_rank_to14|%w_0.2|%h_rank_ta14|%w_0.2|%h_rank_a14,100,0,0,0
9014,900014,%h_rank15、%h_rank_l15\n%h_rank_no15、%h_rank_to15\n%h_rank_ta15、%h_rank_a15,%h_rank15|%w_0.2|%h_rank_l15|%w_0.2|%h_rank_no15|%w_0.2|%h_rank_to15|%w_0.2|%h_rank_ta15|%w_0.2|%h_rank_a15,100,0,0,0
9015,900015,%h_rank16、%h_rank_l16\n%h_rank_no16、%h_rank_to16\n%h_rank_ta16、%h_rank_a16,%h_rank16|%w_0.2|%h_rank_l16|%w_0.2|%h_rank_no16|%w_0.2|%h_rank_to16|%w_0.2|%h_rank_ta16|%w_0.2|%h_rank_a16,100,0,0,0
9016,900016,%h_rank17、%h_rank_l17\n%h_rank_no17、%h_rank_to17\n%h_rank_ta17、%h_rank_a17,%h_rank17|%w_0.2|%h_rank_l17|%w_0.2|%h_rank_no17|%w_0.2|%h_rank_to17|%w_0.2|%h_rank_ta17|%w_0.2|%h_rank_a17,100,0,0,0
9017,900017,%h_rank18、%h_rank_l18\n%h_rank_no18、%h_rank_to18\n%h_rank_ta18、%h_rank_a18,%h_rank18|%w_0.2|%h_rank_l18|%w_0.2|%h_rank_no18|%w_0.2|%h_rank_to18|%w_0.2|%h_rank_ta18|%w_0.2|%h_rank_a18,100,0,0,0
9018,900018,%h_rank1、%h_rank_no1\n%h_rank_to1、%h_rank_ta1\n%h_rank_a1,%h_rank1|%w_0.2|%h_rank_no1|%w_0.2|%h_rank_to1|%w_0.2|%h_rank_ta1|%w_0.2|%h_rank_a1,100,0,0,0
9019,900019,%h_rank2、%h_rank_no2\n%h_rank_to2、%h_rank_ta2\n%h_rank_a2,%h_rank2|%w_0.2|%h_rank_no2|%w_0.2|%h_rank_to2|%w_0.2|%h_rank_ta2|%w_0.2|%h_rank_a2,100,0,0,0
9020,900020,%h_rank3、%h_rank_no3\n%h_rank_to3、%h_rank_ta3\n%h_rank_a3,%h_rank3|%w_0.2|%h_rank_no3|%w_0.2|%h_rank_to3|%w_0.2|%h_rank_ta3|%w_0.2|%h_rank_a3,100,0,0,0
9021,900021,%h_rank4、%h_rank_no4\n%h_rank_to4、%h_rank_ta4\n%h_rank_a4,%h_rank4|%w_0.2|%h_rank_no4|%w_0.2|%h_rank_to4|%w_0.2|%h_rank_ta4|%w_0.2|%h_rank_a4,100,0,0,0
9022,900022,%h_rank5、%h_rank_no5\n%h_rank_to5、%h_rank_ta5\n%h_rank_a5,%h_rank5|%w_0.2|%h_rank_no5|%w_0.2|%h_rank_to5|%w_0.2|%h_rank_ta5|%w_0.2|%h_rank_a5,100,0,0,0
9023,900023,%h_rank6、%h_rank_no6\n%h_rank_to6、%h_rank_ta6\n%h_rank_a6,%h_rank6|%w_0.2|%h_rank_no6|%w_0.2|%h_rank_to6|%w_0.2|%h_rank_ta6|%w_0.2|%h_rank_a6,100,0,0,0
9024,900024,%h_rank7、%h_rank_no7\n%h_rank_to7、%h_rank_ta7\n%h_rank_a7,%h_rank7|%w_0.2|%h_rank_no7|%w_0.2|%h_rank_to7|%w_0.2|%h_rank_ta7|%w_0.2|%h_rank_a7,100,0,0,0
9025,900025,%h_rank8、%h_rank_no8\n%h_rank_to8、%h_rank_ta8\n%h_rank_a8,%h_rank8|%w_0.2|%h_rank_no8|%w_0.2|%h_rank_to8|%w_0.2|%h_rank_ta8|%w_0.2|%h_rank_a8,100,0,0,0
9026,900026,%h_rank9、%h_rank_no9\n%h_rank_to9、%h_rank_ta9\n%h_rank_a9,%h_rank9|%w_0.2|%h_rank_no9|%w_0.2|%h_rank_to9|%w_0.2|%h_rank_ta9|%w_0.2|%h_rank_a9,100,0,0,0
9027,900027,%h_rank10、%h_rank_no10\n%h_rank_to10、%h_rank_ta10\n%h_rank_a10,%h_rank10|%w_0.2|%h_rank_no10|%w_0.2|%h_rank_to10|%w_0.2|%h_rank_ta10|%w_0.2|%h_rank_a10,100,0,0,0
9028,900028,%h_rank11、%h_rank_no11\n%h_rank_to11、%h_rank_ta11\n%h_rank_a11,%h_rank11|%w_0.2|%h_rank_no11|%w_0.2|%h_rank_to11|%w_0.2|%h_rank_ta11|%w_0.2|%h_rank_a11,100,0,0,0
9029,900029,%h_rank12、%h_rank_no12\n%h_rank_to12、%h_rank_ta12\n%h_rank_a12,%h_rank12|%w_0.2|%h_rank_no12|%w_0.2|%h_rank_to12|%w_0.2|%h_rank_ta12|%w_0.2|%h_rank_a12,100,0,0,0
9030,900030,%h_rank13、%h_rank_no13\n%h_rank_to13、%h_rank_ta13\n%h_rank_a13,%h_rank13|%w_0.2|%h_rank_no13|%w_0.2|%h_rank_to13|%w_0.2|%h_rank_ta13|%w_0.2|%h_rank_a13,100,0,0,0
9031,900031,%h_rank14、%h_rank_no14\n%h_rank_to14、%h_rank_ta14\n%h_rank_a14,%h_rank14|%w_0.2|%h_rank_no14|%w_0.2|%h_rank_to14|%w_0.2|%h_rank_ta14|%w_0.2|%h_rank_a14,100,0,0,0
9032,900032,%h_rank15、%h_rank_no15\n%h_rank_to15、%h_rank_ta15\n%h_rank_a15,%h_rank15|%w_0.2|%h_rank_no15|%w_0.2|%h_rank_to15|%w_0.2|%h_rank_ta15|%w_0.2|%h_rank_a15,100,0,0,0
9033,900033,%h_rank16、%h_rank_no16\n%h_rank_to16、%h_rank_ta16\n%h_rank_a16,%h_rank16|%w_0.2|%h_rank_no16|%w_0.2|%h_rank_to16|%w_0.2|%h_rank_ta16|%w_0.2|%h_rank_a16,100,0,0,0
9034,900034,%h_rank17、%h_rank_no17\n%h_rank_to17、%h_rank_ta17\n%h_rank_a17,%h_rank17|%w_0.2|%h_rank_no17|%w_0.2|%h_rank_to17|%w_0.2|%h_rank_ta17|%w_0.2|%h_rank_a17,100,0,0,0
9035,900035,%h_rank18、%h_rank_no18\n%h_rank_to18、%h_rank_ta18\n%h_rank_a18,%h_rank18|%w_0.2|%h_rank_no18|%w_0.2|%h_rank_to18|%w_0.2|%h_rank_ta18|%w_0.2|%h_rank_a18,100,0,0,0
9036,370001,The elite who've made it to the end will clash in this decisive last race! Get ready for the Champions Meeting Dirt finals!,1807701,100,0,0,0
9037,370001,Who will reign victorious at the top?! The Champions Meeting Dirt finals begin!,1807801,100,0,0,0
9038,370002,%h_rank_l1 does it! She takes the crown in the Champions Meeting Dirt in stunning fashion!,1808701|%h_rank_l1|%w_0.05|1808702,100,0,0,0
9039,370002,The winner is %h_rank_ta1! An incredible performance earns her the throne as ruler of the dirt!,1808801|%h_rank_ta1|1808802,100,0,0,0
70000,117002,%h_player races from the back.\nWill she be okay?!,1007301|%h_player|1007302,100,100059,0,0
