id,bg_id,bg_sub,cue_name,sheet_name,bus_param_set_name,pos_x,pos_y,width,height
1,1,1110,snd_sfx_atmos_tokubetu_d,snd_sfx_atmos_tokubetu_d,Story_bg_9001_General_Indoor,14720000,0,10000,10000
2,1,9110,snd_sfx_atmos_tokubetu_d,snd_sfx_atmos_tokubetu_d,Story_bg_9001_General_Indoor,14720000,0,10000,10000
3,1,120,snd_sfx_atmos_tokubetu_e,snd_sfx_atmos_tokubetu_e,Story_bg_9001_General_Indoor,14720000,0,10000,10000
4,1,130,snd_sfx_atmos_room_n,snd_sfx_atmos_room_n,Story_bg_9001_General_Indoor,14720000,0,10000,10000
5,1,6130,snd_sfx_atmos_kyousitu_n,snd_sfx_atmos_kyousitu_n,Story_bg_9001_General_Indoor,14720000,0,10000,10000
6,1,7130,snd_sfx_atmos_room_n,snd_sfx_atmos_room_n,Story_bg_9001_General_Indoor,14720000,0,10000,10000
7,1,210,snd_sfx_atmos_tokubetu_r,snd_sfx_atmos_tokubetu_r,Story_bg_9001_General_Indoor,14720000,0,10000,10000
8,2,110,snd_sfx_atmos_hiroba_d,snd_sfx_atmos_hiroba_d,Story_bg_9002_General_Outdoor,800000,0,10000,10000
9,2,120,snd_sfx_atmos_hiroba_e,snd_sfx_atmos_hiroba_e,Story_bg_9002_General_Outdoor,800000,0,10000,10000
10,2,130,snd_sfx_atmos_hiroba_n,snd_sfx_atmos_hiroba_n,Story_bg_9002_General_Outdoor,0,0,10000,10000
11,2,410,snd_sfx_atmos_hiroba_c,snd_sfx_atmos_hiroba_c,Story_bg_9002_General_Outdoor,800000,0,10000,10000
12,3,110,snd_sfx_atmos_namiki_d,snd_sfx_atmos_namiki_d,Story_bg_9002_General_Outdoor,7640000,0,10000,10000
13,3,8111,snd_sfx_atmos_seiteikoumon_d,snd_sfx_atmos_seiteikoumon_d,Story_bg_9002_General_Outdoor,0,0,10000,10000
14,3,120,snd_sfx_atmos_namiki_e,snd_sfx_atmos_namiki_e,Story_bg_9002_General_Outdoor,7640000,0,10000,10000
15,3,130,snd_sfx_atmos_namiki_n,snd_sfx_atmos_namiki_n,Story_bg_9002_General_Outdoor,7640000,0,10000,10000
16,3,410,snd_sfx_atmos_namiki_c,snd_sfx_atmos_namiki_c,Story_bg_9002_General_Outdoor,7640000,0,10000,10000
17,4,110,snd_sfx_atmos_namiki_d,snd_sfx_atmos_namiki_d,Story_bg_9002_General_Outdoor,1280000,0,10000,10000
18,4,120,snd_sfx_atmos_namiki_e,snd_sfx_atmos_namiki_e,Story_bg_9002_General_Outdoor,1280000,0,10000,10000
19,4,130,snd_sfx_atmos_namiki_n,snd_sfx_atmos_namiki_n,Story_bg_9002_General_Outdoor,1280000,0,10000,10000
21,5,110,snd_sfx_atmos_namiki_d,snd_sfx_atmos_namiki_d,Story_bg_9002_General_Outdoor,-3500000,0,10000,10000
22,5,120,snd_sfx_atmos_namiki_e,snd_sfx_atmos_namiki_e,Story_bg_9002_General_Outdoor,-3500000,0,10000,10000
23,5,130,snd_sfx_atmos_namiki_n,snd_sfx_atmos_namiki_n,Story_bg_9002_General_Outdoor,-3500000,0,10000,10000
24,5,410,snd_sfx_atmos_namiki_c,snd_sfx_atmos_namiki_c,Story_bg_9002_General_Outdoor,-3500000,0,10000,10000
25,5,5110,snd_sfx_atmos_namiki_d,snd_sfx_atmos_namiki_d,Story_bg_9002_General_Outdoor,-3500000,0,10000,10000
26,5,3110,snd_sfx_atmos_namiki_d,snd_sfx_atmos_namiki_d,Story_bg_9002_General_Outdoor,-3500000,0,10000,10000
27,6,110,snd_sfx_atmos_kyousitu_d,snd_sfx_atmos_kyousitu_d,Story_bg_9001_General_Indoor,-11550000,0,10000,10000
28,6,120,snd_sfx_atmos_kyousitu_e,snd_sfx_atmos_kyousitu_e,Story_bg_9001_General_Indoor,-11550000,0,10000,10000
29,6,130,snd_sfx_atmos_kyousitu_n,snd_sfx_atmos_kyousitu_n,Story_bg_9001_General_Indoor,-11550000,0,10000,10000
30,7,110,snd_sfx_atmos_rouka_d,snd_sfx_atmos_rouka_d,Story_bg_9001_General_Indoor,6540000,0,10000,10000
31,7,8111,snd_sfx_atmos_seiteirouka_d,snd_sfx_atmos_seiteirouka_d,Story_bg_9001_General_Indoor,6540000,0,10000,10000
32,7,120,snd_sfx_atmos_rouka_e,snd_sfx_atmos_rouka_e,Story_bg_9001_General_Indoor,6540000,0,10000,10000
33,7,130,snd_sfx_atmos_rouka_n,snd_sfx_atmos_rouka_n,Story_bg_9001_General_Indoor,6540000,0,10000,10000
34,7,210,snd_sfx_atmos_rouka_r,snd_sfx_atmos_rouka_r,Story_bg_9001_General_Indoor,6540000,0,10000,10000
35,8,111,snd_sfx_atmos_rouka_d,snd_sfx_atmos_rouka_d,Story_bg_9001_General_Indoor,-3240000,0,10000,10000
36,8,120,snd_sfx_atmos_rouka_e,snd_sfx_atmos_rouka_e,Story_bg_9001_General_Indoor,-3240000,0,10000,10000
37,9,110,snd_sfx_atmos_training_d,snd_sfx_atmos_training_d,Story_bg_9002_General_Outdoor,-12960000,0,10000,10000
38,9,120,snd_sfx_atmos_training_e,snd_sfx_atmos_training_e,Story_bg_9002_General_Outdoor,-12960000,0,10000,10000
39,9,130,snd_sfx_atmos_namiki_n,snd_sfx_atmos_namiki_n,Story_bg_9002_General_Outdoor,-12960000,0,10000,10000
40,9,410,snd_sfx_atmos_training_c,snd_sfx_atmos_training_c,Story_bg_9002_General_Outdoor,-12960000,0,10000,10000
41,10,111,snd_sfx_atmos_namiki_d,snd_sfx_atmos_namiki_d,Story_bg_9002_General_Outdoor,1760000,0,10000,10000
42,10,112,snd_sfx_atmos_stagemob_d,snd_sfx_atmos_stagemob_d,Story_bg_9002_General_Outdoor,1760000,0,10000,10000
43,10,130,snd_sfx_atmos_stage_n,snd_sfx_atmos_stage_n,Story_bg_9002_General_Outdoor,1760000,0,10000,10000
44,11,110,snd_sfx_atmos_cafe_d,snd_sfx_atmos_cafe_d,Story_bg_0011_Cafeteria,0,0,10000,10000
45,11,6110,snd_sfx_atmos_cafe_d,snd_sfx_atmos_cafe_d,Story_bg_0011_Cafeteria,0,0,10000,10000
46,11,130,snd_sfx_atmos_cafe_n,snd_sfx_atmos_cafe_n,Story_bg_0011_Cafeteria,0,0,10000,10000
47,11,6130,snd_sfx_atmos_cafe_n,snd_sfx_atmos_cafe_n,Story_bg_0011_Cafeteria,0,0,10000,10000
48,12,10,snd_sfx_atmos_koubai_d,snd_sfx_atmos_koubai_d,Story_bg_9001_General_Indoor,5240000,0,10000,10000
49,13,110,snd_sfx_atmos_pool_d,snd_sfx_atmos_pool_d,Story_bg_0013_InddorPool,-10500000,0,10000,10000
50,13,130,snd_sfx_atmos_pool_n,snd_sfx_atmos_pool_n,Story_bg_0013_InddorPool,-10500000,0,10000,10000
51,14,110,snd_sfx_atmos_room_d_noext,snd_sfx_atmos_room_d_noext,Story_bg_0014_DanceStudio,-3820000,0,10000,10000
52,14,130,snd_sfx_atmos_room_n_noext,snd_sfx_atmos_room_n_noext,Story_bg_0014_DanceStudio,-3820000,0,10000,10000
53,15,110,snd_sfx_atmos_gym,snd_sfx_atmos_gym,Story_bg_0015_Gym,-380000,0,10000,10000
54,15,130,snd_sfx_atmos_room_n_noext,snd_sfx_atmos_room_n_noext,Story_bg_0015_Gym,-380000,0,10000,10000
55,16,110,snd_sfx_atmos_roof_d,snd_sfx_atmos_roof_d,Story_bg_9002_General_Outdoor,6000000,0,10000,10000
56,16,120,snd_sfx_atmos_roof_e,snd_sfx_atmos_roof_e,Story_bg_9002_General_Outdoor,6000000,0,10000,10000
57,16,130,snd_sfx_atmos_roof_n,snd_sfx_atmos_roof_n,Story_bg_9002_General_Outdoor,6000000,0,10000,10000
58,17,110,snd_sfx_atmos_room_d,snd_sfx_atmos_room_d,Story_bg_9001_General_Indoor,-1500000,0,10000,10000
59,17,130,snd_sfx_atmos_room_n,snd_sfx_atmos_room_n,Story_bg_9001_General_Indoor,-1500000,0,10000,10000
60,18,1,snd_sfx_atmos_koubai_d,snd_sfx_atmos_koubai_d,Story_bg_9001_General_Indoor,-7580000,0,10000,10000
61,19,110,snd_sfx_atmos_tokubetu_d,snd_sfx_atmos_tokubetu_d,Story_bg_9001_General_Indoor,3340000,0,10000,10000
62,19,130,snd_sfx_atmos_room_n,snd_sfx_atmos_room_n,Story_bg_9001_General_Indoor,3340000,0,10000,10000
63,20,110,snd_sfx_atmos_gymnasium_d,snd_sfx_atmos_gymnasium_d,Story_bg_0020_SchoolGym,5380000,0,10000,10000
64,20,111,snd_sfx_atmos_gymnasium_play,snd_sfx_atmos_gymnasium_play,Story_bg_0020_SchoolGym,5380000,0,10000,10000
65,20,130,snd_sfx_atmos_gymnasium_nomob_n,snd_sfx_atmos_gymnasium_nomob_n,Story_bg_0020_SchoolGym,5380000,0,10000,10000
66,20,210,snd_sfx_atmos_gymnasium_r,snd_sfx_atmos_gymnasium_r,Story_bg_0020_SchoolGym,5380000,0,10000,10000
67,21,110,snd_sfx_atmos_room_d,snd_sfx_atmos_room_d,Story_bg_9001_General_Indoor,-1150000,0,10000,10000
68,21,30,snd_sfx_atmos_room_n,snd_sfx_atmos_room_n,Story_bg_9001_General_Indoor,-1150000,0,10000,10000
69,22,110,snd_sfx_atmos_tokubetu_d,snd_sfx_atmos_tokubetu_d,Story_bg_9001_General_Indoor,-2000000,0,10000,10000
70,23,111,snd_sfx_atmos_entrance_d,snd_sfx_atmos_entrance_d,Story_bg_9002_General_Outdoor,2290000,0,10000,10000
71,24,111,snd_sfx_atmos_stand_d,snd_sfx_atmos_stand_d,Story_bg_9002_General_Outdoor,-3750000,0,10000,10000
72,25,110,snd_sfx_atmos_hikae_d,snd_sfx_atmos_hikae_d,Story_bg_9001_General_Indoor,-5160000,0,10000,10000
73,26,110,snd_sfx_atmos_backstage_d,snd_sfx_atmos_backstage_d,Story_bg_9001_General_Indoor,-5080000,0,10000,10000
74,26,120,snd_sfx_atmos_backstage_e,snd_sfx_atmos_backstage_e,Story_bg_9001_General_Indoor,-5080000,0,10000,10000
75,27,10,snd_sfx_atmos_room_n_noext,snd_sfx_atmos_room_n_noext,Story_bg_9001_General_Indoor,-6000000,0,10000,10000
76,28,111,snd_sfx_atmos_station_d,snd_sfx_atmos_station_d,Story_bg_9002_General_Outdoor,130000,0,10000,10000
77,28,121,snd_sfx_atmos_station_e,snd_sfx_atmos_station_e,Story_bg_9002_General_Outdoor,130000,0,10000,10000
78,28,131,snd_sfx_atmos_station_n,snd_sfx_atmos_station_n,Story_bg_9002_General_Outdoor,130000,0,10000,10000
79,28,410,snd_sfx_atmos_station_c,snd_sfx_atmos_station_c,Story_bg_9002_General_Outdoor,130000,0,10000,10000
80,29,111,snd_sfx_atmos_street_d,snd_sfx_atmos_street_d,Story_bg_9002_General_Outdoor,-8100000,0,10000,10000
81,29,121,snd_sfx_atmos_street_e,snd_sfx_atmos_street_e,Story_bg_9002_General_Outdoor,-8100000,0,10000,10000
82,29,131,snd_sfx_atmos_street_n,snd_sfx_atmos_street_n,Story_bg_9002_General_Outdoor,-8100000,0,10000,10000
83,29,6111,snd_sfx_atmos_street_d,snd_sfx_atmos_street_d,Story_bg_9002_General_Outdoor,-8100000,0,10000,10000
84,29,6131,snd_sfx_atmos_winterstreet,snd_sfx_atmos_winterstreet,Story_bg_9002_General_Outdoor,-8100000,0,10000,10000
85,30,111,snd_sfx_atmos_syoutengai_d,snd_sfx_atmos_syoutengai_d,Story_bg_9002_General_Outdoor,-6540000,0,10000,10000
86,30,121,snd_sfx_atmos_syoutengai_e,snd_sfx_atmos_syoutengai_e,Story_bg_9002_General_Outdoor,-6540000,0,10000,10000
87,30,131,snd_sfx_atmos_syoutengai_n,snd_sfx_atmos_syoutengai_n,Story_bg_9002_General_Outdoor,-6540000,0,10000,10000
88,31,111,snd_sfx_atmos_namiki_d,snd_sfx_atmos_namiki_d,Story_bg_9002_General_Outdoor,1910000,0,10000,10000
89,31,121,snd_sfx_atmos_namiki_e,snd_sfx_atmos_namiki_e,Story_bg_9002_General_Outdoor,1910000,0,10000,10000
90,31,130,snd_sfx_atmos_namiki_n,snd_sfx_atmos_namiki_n,Story_bg_9002_General_Outdoor,1910000,0,10000,10000
91,32,1,snd_sfx_atmos_shoppingmall,snd_sfx_atmos_shoppingmall,Story_bg_0032_ShoppingMall,7640000,0,10000,10000
92,33,111,snd_sfx_atmos_kasenjiki_d,snd_sfx_atmos_kasenjiki_d,Story_bg_9002_General_Outdoor,4200000,0,10000,10000
93,33,121,snd_sfx_atmos_kasenjiki_e,snd_sfx_atmos_kasenjiki_e,Story_bg_9002_General_Outdoor,4200000,0,10000,10000
94,33,130,snd_sfx_atmos_kasenjiki_n,snd_sfx_atmos_kasenjiki_n,Story_bg_9002_General_Outdoor,4200000,0,10000,10000
95,33,410,snd_sfx_atmos_kasenjiki_c,snd_sfx_atmos_kasenjiki_c,Story_bg_9002_General_Outdoor,4200000,0,10000,10000
96,34,111,snd_sfx_atmos_yuuenti_d,snd_sfx_atmos_yuuenti_d,Story_bg_9002_General_Outdoor,4090000,0,10000,10000
97,34,131,snd_sfx_atmos_yuuenti_n,snd_sfx_atmos_yuuenti_n,Story_bg_9002_General_Outdoor,4090000,0,10000,10000
98,35,1,snd_sfx_atmos_shoppingmall,snd_sfx_atmos_shoppingmall,Story_bg_0035_Theater,-1150000,0,10000,10000
99,36,1,snd_sfx_atmos_gamecenter,snd_sfx_atmos_gamecenter,Story_bg_9001_General_Indoor,-4370000,0,10000,10000
100,37,110,snd_sfx_atmos_aozora_d,snd_sfx_atmos_aozora_d,Story_bg_9002_General_Outdoor,1170000,0,10000,10000
101,37,120,snd_sfx_atmos_aozora_e,snd_sfx_atmos_aozora_e,Story_bg_9002_General_Outdoor,5680000,0,10000,10000
102,37,130,snd_sfx_atmos_aozora_n,snd_sfx_atmos_aozora_n,Story_bg_9002_General_Outdoor,4645000,0,10000,10000
103,37,530,snd_sfx_atmos_aozora_n,snd_sfx_atmos_aozora_n,Story_bg_9002_General_Outdoor,3400000,0,10000,10000
104,38,0,snd_sfx_atmos_room_n_noext,snd_sfx_atmos_room_n_noext,Story_bg_9001_General_Indoor,0,0,10000,10000
105,39,110,snd_sfx_atmos_namiki_d,snd_sfx_atmos_namiki_d,Story_bg_9002_General_Outdoor,10140000,0,10000,10000
106,39,9111,snd_sfx_atmos_hatumoude_d,snd_sfx_atmos_hatumoude_d,Story_bg_9002_General_Outdoor,-2240000,0,10000,10000
107,39,120,snd_sfx_atmos_namiki_e,snd_sfx_atmos_namiki_e,Story_bg_9002_General_Outdoor,10140000,0,10000,10000
108,39,130,snd_sfx_atmos_namiki_n,snd_sfx_atmos_namiki_n,Story_bg_9002_General_Outdoor,10140000,0,10000,10000
109,40,2110,snd_sfx_atmos_gassyuku_d,snd_sfx_atmos_gassyuku_d,Story_bg_9002_General_Outdoor,-11600000,0,10000,10000
110,40,2130,snd_sfx_atmos_gassyuku_n,snd_sfx_atmos_gassyuku_n,Story_bg_9002_General_Outdoor,-11600000,0,10000,10000
111,41,0,snd_sfx_atmos_gassyukuinside,snd_sfx_atmos_gassyukuinside,Story_bg_9001_General_Indoor,11550000,0,10000,10000
112,42,2111,snd_sfx_atmos_beach_d,snd_sfx_atmos_beach_d,Story_bg_9002_General_Outdoor,-9240000,0,10000,10000
113,42,2121,snd_sfx_atmos_beach_e,snd_sfx_atmos_beach_e,Story_bg_9002_General_Outdoor,-8050000,0,10000,10000
114,42,2130,snd_sfx_atmos_beach_n,snd_sfx_atmos_beach_n,Story_bg_9002_General_Outdoor,-9240000,0,10000,10000
115,43,2131,snd_sfx_atmos_maturi_n,snd_sfx_atmos_maturi_n,Story_bg_9002_General_Outdoor,1880000,0,10000,10000
116,44,0,snd_sfx_atmos_karaoke,snd_sfx_atmos_karaoke,Story_bg_9001_General_Indoor,11230000,0,10000,10000
117,45,1,snd_sfx_atmos_cafe_d,snd_sfx_atmos_cafe_d,Story_bg_0045_FastFood,-480000,0,10000,10000
118,46,1,snd_sfx_atmos_koubai_d,snd_sfx_atmos_koubai_d,Story_bg_9001_General_Indoor,-2160000,0,10000,10000
119,47,1,snd_sfx_atmos_shoppingmall,snd_sfx_atmos_shoppingmall,Story_bg_0047_Aquarium,-2780000,0,10000,10000
120,48,111,snd_sfx_atmos_shoppingmall,snd_sfx_atmos_shoppingmall,Story_bg_9002_General_Outdoor,3760000,0,10000,10000
121,49,1,snd_sfx_atmos_planetarium,snd_sfx_atmos_planetarium,Story_bg_0049_Planetarium,9530000,0,10000,10000
122,50,0,snd_sfx_atmos_kuukan,snd_sfx_atmos_kuukan,Story_bg_0050_UmaSpace,6600000,0,10000,10000
123,51,110,snd_sfx_atmos_mori_d,snd_sfx_atmos_mori_d,Story_bg_9002_General_Outdoor,-1520000,0,10000,10000
124,51,130,snd_sfx_atmos_mori_n,snd_sfx_atmos_mori_n,Story_bg_9002_General_Outdoor,-1520000,0,10000,10000
125,52,110,snd_sfx_atmos_kousyaura_d,snd_sfx_atmos_kousyaura_d,Story_bg_9002_General_Outdoor,-1440000,0,10000,10000
126,52,120,snd_sfx_atmos_kousyaura_e,snd_sfx_atmos_kousyaura_e,Story_bg_9002_General_Outdoor,-1440000,0,10000,10000
127,53,110,snd_sfx_atmos_namiki_d,snd_sfx_atmos_namiki_d,Story_bg_9002_General_Outdoor,8950000,0,10000,10000
128,53,120,snd_sfx_atmos_namiki_e,snd_sfx_atmos_namiki_e,Story_bg_9002_General_Outdoor,8950000,0,10000,10000
129,53,130,snd_sfx_atmos_namiki_n,snd_sfx_atmos_namiki_n,Story_bg_9002_General_Outdoor,8950000,0,10000,10000
130,54,110,snd_sfx_atmos_tikabado_d,snd_sfx_atmos_tikabado_d,Story_bg_0054_Tunnel,1920000,0,10000,10000
131,55,110,snd_sfx_atmos_paddock_d,snd_sfx_atmos_paddock_d,Story_bg_9002_General_Outdoor,3190000,0,10000,10000
132,56,111,snd_sfx_atmos_stand_d_mob,snd_sfx_atmos_stand_d_mob,Story_bg_9002_General_Outdoor,800000,0,10000,10000
133,57,110,snd_sfx_atmos_hatake_d,snd_sfx_atmos_hatake_d,Story_bg_9002_General_Outdoor,-4080000,0,10000,10000
134,58,11,snd_sfx_atmos_cafe_d,snd_sfx_atmos_cafe_d,Story_bg_9001_General_Indoor,4490000,0,10000,10000
135,59,110,snd_sfx_atmos_ryokan_d,snd_sfx_atmos_ryokan_d,Story_bg_9002_General_Outdoor,0,0,10000,10000
136,59,130,snd_sfx_atmos_ryokan_n,snd_sfx_atmos_ryokan_n,Story_bg_9002_General_Outdoor,0,0,10000,10000
137,60,110,snd_sfx_atmos_mujin_d,snd_sfx_atmos_mujin_d,Story_bg_9002_General_Outdoor,-420000,0,10000,10000
138,60,120,snd_sfx_atmos_mujin_e,snd_sfx_atmos_mujin_e,Story_bg_9002_General_Outdoor,-420000,0,10000,10000
139,60,130,snd_sfx_atmos_mujin_n,snd_sfx_atmos_mujin_n,Story_bg_9002_General_Outdoor,-420000,0,10000,10000
140,61,110,snd_sfx_atmos_inaka_d,snd_sfx_atmos_inaka_d,Story_bg_9002_General_Outdoor,0,0,10000,10000
141,61,130,snd_sfx_atmos_inaka_n,snd_sfx_atmos_inaka_n,Story_bg_9002_General_Outdoor,0,0,10000,10000
142,62,110,snd_sfx_atmos_pasture_d,snd_sfx_atmos_pasture_d,Story_bg_9002_General_Outdoor,-10380000,0,10000,10000
143,63,111,snd_sfx_atmos_airport_d,snd_sfx_atmos_airport_d,Story_bg_0063_AirportLobby,-10380000,0,10000,10000
144,64,110,snd_sfx_atmos_bus_d,snd_sfx_atmos_bus_d,Story_bg_9001_General_Indoor,3380000,0,10000,10000
145,65,111,snd_sfx_atmos_train_d,snd_sfx_atmos_train_d,Story_bg_9001_General_Indoor,-4120000,0,10000,10000
146,66,111,snd_sfx_atmos_platform_d,snd_sfx_atmos_platform_d,Story_bg_9002_General_Outdoor,-4480000,0,10000,10000
147,67,110,snd_sfx_atmos_inn_d,snd_sfx_atmos_inn_d,Story_bg_9001_General_Indoor,-480000,0,10000,10000
148,67,130,snd_sfx_atmos_room_n,snd_sfx_atmos_room_n,Story_bg_9001_General_Indoor,-480000,0,10000,10000
149,68,110,snd_sfx_atmos_opencafe_d,snd_sfx_atmos_opencafe_d,Story_bg_9002_General_Outdoor,9510000,0,10000,10000
150,69,111,snd_sfx_atmos_pondpark_d,snd_sfx_atmos_pondpark_d,Story_bg_9002_General_Outdoor,12880000,0,10000,10000
151,37,410,snd_sfx_atmos_aozora_c,snd_sfx_atmos_aozora_c,Story_bg_9002_General_Outdoor,0,0,10000,10000
152,70,110,snd_sfx_atmos_ground_d,snd_sfx_atmos_ground_d,Story_bg_9002_General_Outdoor,0,0,10000,10000
153,71,110,snd_sfx_atmos_ground_d,snd_sfx_atmos_ground_d,Story_bg_9002_General_Outdoor,0,0,10000,10000
154,72,110,snd_sfx_atmos_ground_d,snd_sfx_atmos_ground_d,Story_bg_9002_General_Outdoor,-11740000,0,10000,10000
155,74,110,snd_sfx_atmos_training_stand_d,snd_sfx_atmos_training_stand_d,Story_bg_9002_General_Outdoor,0,0,10000,10000
156,74,111,snd_sfx_atmos_training_stand_d_mob,snd_sfx_atmos_training_stand_d_mob,Story_bg_9002_General_Outdoor,0,0,10000,10000
157,75,1,snd_sfx_atmos_kaiken_d,snd_sfx_atmos_kaiken_d,Story_bg_0075_Press_Conference,0,0,10000,10000
158,74,120,snd_sfx_atmos_training_stand_e,snd_sfx_atmos_training_stand_e,Story_bg_9002_General_Outdoor,0,0,10000,10000
159,74,121,snd_sfx_atmos_training_stand_e_mob,snd_sfx_atmos_training_stand_e_mob,Story_bg_9002_General_Outdoor,0,0,10000,10000
160,37,210,snd_sfx_atmos_aozora_r,snd_sfx_atmos_aozora_r,Story_bg_9002_General_Outdoor,0,0,10000,10000
161,74,410,snd_sfx_atmos_training_stand_c,snd_sfx_atmos_training_stand_c,Story_bg_9002_General_Outdoor,0,0,10000,10000
162,74,411,snd_sfx_atmos_training_stand_c_mob,snd_sfx_atmos_training_stand_c_mob,Story_bg_9002_General_Outdoor,0,0,10000,10000
163,2,111,snd_sfx_atmos_hiroba_d_mob,snd_sfx_atmos_hiroba_d_mob,Story_bg_9002_General_Outdoor,800000,0,10000,10000
164,6,111,snd_sfx_atmos_kyousitu_d,snd_sfx_atmos_kyousitu_d,Story_bg_9001_General_Indoor,-11550000,0,10000,10000
165,11,111,snd_sfx_atmos_cafe_d,snd_sfx_atmos_cafe_d,Story_bg_0011_Cafeteria,0,0,10000,10000
166,24,112,snd_sfx_atmos_stand_d_mob,snd_sfx_atmos_stand_d_mob,Story_bg_9002_General_Outdoor,-3750000,0,10000,10000
167,74,112,snd_sfx_atmos_training_stand_d_mob_crowded,snd_sfx_atmos_training_stand_d_mob_crowded,Story_bg_9002_General_Outdoor,0,0,10000,10000
168,85,0,snd_sfx_atmos_room_d_noext,snd_sfx_atmos_room_d_noext,Story_bg_9001_General_Indoor,0,0,10000,10000
169,7,410,snd_sfx_atmos_rouka_c,snd_sfx_atmos_rouka_c,Story_bg_9001_General_Indoor,0,0,10000,10000
170,34,121,snd_sfx_atmos_yuuenti_e,snd_sfx_atmos_yuuenti_e,Story_bg_9002_General_Outdoor,4090000,0,10000,10000
171,74,130,snd_sfx_atmos_training_stand_n,snd_sfx_atmos_training_stand_n,Story_bg_9002_General_Outdoor,0,0,10000,10000
172,25,130,snd_sfx_atmos_hikae_d,snd_sfx_atmos_hikae_d,Story_bg_9001_General_Indoor,-5160000,0,10000,10000
173,77,112,snd_sfx_atmos_stand_d_mob,snd_sfx_atmos_stand_d_mob,Story_bg_9002_General_Outdoor,9190000,0,10000,10000
174,79,112,snd_sfx_atmos_stand_d_mob,snd_sfx_atmos_stand_d_mob,Story_bg_9002_General_Outdoor,10440000,0,10000,10000
175,26,130,snd_sfx_atmos_backstage_n,snd_sfx_atmos_backstage_n,Story_bg_9001_General_Indoor,-5080000,0,10000,10000
176,34,110,snd_sfx_atmos_yuuenti_d_nomob,snd_sfx_atmos_yuuenti_d_nomob,Story_bg_9002_General_Outdoor,4090000,0,10000,10000
177,34,120,snd_sfx_atmos_yuuenti_e_nomob,snd_sfx_atmos_yuuenti_e_nomob,Story_bg_9002_General_Outdoor,4090000,0,10000,10000
178,34,130,snd_sfx_atmos_yuuenti_n_nomob,snd_sfx_atmos_yuuenti_n_nomob,Story_bg_9002_General_Outdoor,4090000,0,10000,10000
179,79,132,snd_sfx_atmos_stand_n_mob,snd_sfx_atmos_stand_n_mob,Story_bg_9002_General_Outdoor,10440000,0,10000,10000
180,79,133,snd_sfx_atmos_stand_n_mob,snd_sfx_atmos_stand_n_mob,Story_bg_9002_General_Outdoor,10440000,0,10000,10000
181,69,121,snd_sfx_atmos_pondpark_e,snd_sfx_atmos_pondpark_e,Story_bg_9002_General_Outdoor,12880000,0,10000,10000
182,69,131,snd_sfx_atmos_pondpark_n,snd_sfx_atmos_pondpark_n,Story_bg_9002_General_Outdoor,12880000,0,10000,10000
183,68,111,snd_sfx_atmos_opencafe_d,snd_sfx_atmos_opencafe_d,Story_bg_9002_General_Outdoor,9510000,0,10000,10000
184,24,132,snd_sfx_atmos_stand_n_mob,snd_sfx_atmos_stand_n_mob,Story_bg_9002_General_Outdoor,-3750000,0,10000,10000
185,24,133,snd_sfx_atmos_stand_n_mob,snd_sfx_atmos_stand_n_mob,Story_bg_9002_General_Outdoor,-3750000,0,10000,10000
186,88,112,snd_sfx_atmos_stand_d_mob,snd_sfx_atmos_stand_d_mob,Story_bg_9002_General_Outdoor,165000,0,10000,10000
187,5,4110,snd_sfx_atmos_namiki_w,snd_sfx_atmos_namiki_w,Story_bg_9002_General_Outdoor,-3500000,0,10000,10000
188,5,4310,snd_sfx_atmos_namiki_w,snd_sfx_atmos_namiki_w,Story_bg_9002_General_Outdoor,-3500000,0,10000,10000
189,76,110,snd_sfx_atmos_race_track_d,snd_sfx_atmos_race_track_d,Story_bg_9002_General_Outdoor,-1280000,0,10000,10000
190,88,111,snd_sfx_atmos_zawazawa_d,snd_sfx_atmos_zawazawa_d,Story_bg_9002_General_Outdoor,165000,0,10000,10000
191,65,131,snd_sfx_atmos_train_d,snd_sfx_atmos_train_d,Story_bg_9001_General_Indoor,-4120000,0,10000,10000
192,76,120,snd_sfx_atmos_race_track_e,snd_sfx_atmos_race_track_e,Story_bg_9002_General_Outdoor,-1280000,0,10000,10000
193,65,121,snd_sfx_atmos_train_d,snd_sfx_atmos_train_d,Story_bg_9001_General_Indoor,-4120000,0,10000,10000
194,79,111,snd_sfx_atmos_zawazawa_d,snd_sfx_atmos_zawazawa_d,Story_bg_9002_General_Outdoor,10440000,0,10000,10000
195,64,130,snd_sfx_atmos_bus_d,snd_sfx_atmos_bus_d,Story_bg_9001_General_Indoor,3380000,0,10000,10000
196,22,130,snd_sfx_atmos_room_n,snd_sfx_atmos_room_n,Story_bg_9001_General_Indoor,-2000000,0,10000,10000
197,68,131,snd_sfx_atmos_opencafe_n,snd_sfx_atmos_opencafe_n,Story_bg_9002_General_Outdoor,9510000,0,10000,10000
198,37,630,snd_sfx_atmos_aozora_n,snd_sfx_atmos_aozora_n,Story_bg_9002_General_Outdoor,-7780000,0,10000,10000
199,89,1,snd_sfx_atmos_cafe_d,snd_sfx_atmos_cafe_d,Story_bg_0089_SchoolCafeteria,6110000,0,10000,10000
200,77,111,snd_sfx_atmos_zawazawa_d,snd_sfx_atmos_zawazawa_d,Story_bg_9002_General_Outdoor,9190000,0,10000,10000
201,78,111,snd_sfx_atmos_zawazawa_d,snd_sfx_atmos_zawazawa_d,Story_bg_9002_General_Outdoor,11120000,0,10000,10000
202,28,112,snd_sfx_atmos_station_d,snd_sfx_atmos_station_d,Story_bg_9002_General_Outdoor,130000,0,10000,10000
203,92,111,snd_sfx_atmos_beach_d,snd_sfx_atmos_beach_d,Story_bg_9002_General_Outdoor,4645000,0,10000,10000
204,24,142,snd_sfx_atmos_stand_mob,snd_sfx_atmos_stand_mob,Story_bg_9002_General_Outdoor,-3750000,0,10000,10000
205,78,112,snd_sfx_atmos_stand_d_mob,snd_sfx_atmos_stand_d_mob,Story_bg_9002_General_Outdoor,11120000,0,10000,10000
206,3,10111,snd_sfx_atmos_seiteikoumon_d,snd_sfx_atmos_seiteikoumon_d,Story_bg_9002_General_Outdoor,3840000,0,10000,10000
207,57,130,snd_sfx_atmos_namiki_n,snd_sfx_atmos_namiki_n,Story_bg_9002_General_Outdoor,-4080000,0,10000,10000
208,64,120,snd_sfx_atmos_bus_d,snd_sfx_atmos_bus_d,Story_bg_9001_General_Indoor,3380000,0,10000,10000
209,68,121,snd_sfx_atmos_opencafe_e,snd_sfx_atmos_opencafe_e,Story_bg_9002_General_Outdoor,9510000,0,10000,10000
210,2,8111,snd_sfx_atmos_hiroba_d_mob,snd_sfx_atmos_hiroba_d_mob,Story_bg_9002_General_Outdoor,0,0,10000,10000
211,92,121,snd_sfx_atmos_beach_e,snd_sfx_atmos_beach_e,Story_bg_9002_General_Outdoor,0,0,10000,10000
212,91,100,snd_sfx_atmos_room_d_noext,snd_sfx_atmos_room_d_noext,Story_bg_9001_General_Indoor,5620000,0,10000,10000
213,74,10112,snd_sfx_atmos_stand_d_mob,snd_sfx_atmos_stand_d_mob,Story_bg_9002_General_Outdoor,-3270000,0,10000,10000
214,76,410,snd_sfx_atmos_race_track_c,snd_sfx_atmos_race_track_c,Story_bg_9002_General_Outdoor,-1280000,0,10000,10000
215,95,110,snd_sfx_atmos_namiki_d,snd_sfx_atmos_namiki_d,Story_bg_9002_General_Outdoor,520000,0,10000,10000
216,96,110,snd_sfx_atmos_training_d,snd_sfx_atmos_training_d,Story_bg_9002_General_Outdoor,-970000,0,10000,10000
217,88,411,snd_sfx_atmos_zawazawa_c,snd_sfx_atmos_zawazawa_c,Story_bg_9002_General_Outdoor,4320000,0,10000,10000
218,88,412,snd_sfx_atmos_stand_c_mob,snd_sfx_atmos_stand_c_mob,Story_bg_9002_General_Outdoor,4320000,0,10000,10000
219,79,411,snd_sfx_atmos_zawazawa_c,snd_sfx_atmos_zawazawa_c,Story_bg_9002_General_Outdoor,10400000,0,10000,10000
220,79,412,snd_sfx_atmos_stand_c_mob,snd_sfx_atmos_stand_c_mob,Story_bg_9002_General_Outdoor,10400000,0,10000,10000
221,24,411,snd_sfx_atmos_stand_c,snd_sfx_atmos_stand_c,Story_bg_9002_General_Outdoor,-3750000,0,10000,10000
222,24,412,snd_sfx_atmos_stand_c_mob,snd_sfx_atmos_stand_c_mob,Story_bg_9002_General_Outdoor,-3750000,0,10000,10000
223,55,410,snd_sfx_atmos_paddock_c,snd_sfx_atmos_paddock_c,Story_bg_9002_General_Outdoor,3200000,0,10000,10000
224,77,411,snd_sfx_atmos_zawazawa_c,snd_sfx_atmos_zawazawa_c,Story_bg_9002_General_Outdoor,9190000,0,10000,10000
225,77,412,snd_sfx_atmos_stand_c_mob,snd_sfx_atmos_stand_c_mob,Story_bg_9002_General_Outdoor,9190000,0,10000,10000
226,56,411,snd_sfx_atmos_stand_c_mob,snd_sfx_atmos_stand_c_mob,Story_bg_9002_General_Outdoor,810000,0,10000,10000
227,23,121,snd_sfx_atmos_entrance_e,snd_sfx_atmos_entrance_e,Story_bg_9002_General_Outdoor,2290000,0,10000,10000
228,78,411,snd_sfx_atmos_zawazawa_c,snd_sfx_atmos_zawazawa_c,Story_bg_9002_General_Outdoor,11120000,0,10000,10000
229,78,412,snd_sfx_atmos_stand_c_mob,snd_sfx_atmos_stand_c_mob,Story_bg_9002_General_Outdoor,11120000,0,10000,10000
230,57,120,snd_sfx_atmos_hatake_e,snd_sfx_atmos_hatake_e,Story_bg_9002_General_Outdoor,-4080000,0,10000,10000
231,9,140,snd_sfx_atmos_namiki_n,snd_sfx_atmos_namiki_n,Story_bg_9002_General_Outdoor,-12960000,0,10000,10000
232,97,100,snd_sfx_atmos_canteen_nomob,snd_sfx_atmos_canteen_nomob,Story_bg_9001_General_Indoor,10100000,0,10000,10000
233,97,101,snd_sfx_atmos_canteen_mob,snd_sfx_atmos_canteen_mob,Story_bg_9001_General_Indoor,10100000,0,10000,10000
234,90,0,snd_sfx_atmos_room_d_noext,snd_sfx_atmos_room_d_noext,Story_bg_9001_General_Indoor,1670000,0,10000,10000
235,42,2110,snd_sfx_atmos_beach_nomob_d,snd_sfx_atmos_beach_nomob_d,Story_bg_9002_General_Outdoor,-8000000,0,10000,10000
236,42,2120,snd_sfx_atmos_beach_nomob_e,snd_sfx_atmos_beach_nomob_e,Story_bg_9002_General_Outdoor,-7990000,0,10000,10000
237,103,110,snd_sfx_atmos_gymnasium_d,snd_sfx_atmos_gymnasium_d,Story_bg_0020_SchoolGym,5380000,0,10000,10000
238,103,111,snd_sfx_atmos_gymnasium_d_mob,snd_sfx_atmos_gymnasium_d_mob,Story_bg_0020_SchoolGym,5380000,0,10000,10000
239,104,110,snd_sfx_atmos_gymnasium_d,snd_sfx_atmos_gymnasium_d,Story_bg_0020_SchoolGym,120000,0,10000,10000
240,95,1110,snd_sfx_atmos_aozora_d,snd_sfx_atmos_aozora_d,Story_bg_9002_General_Outdoor,-3990000,0,10000,10000
241,105,111,snd_sfx_atmos_entrance_d,snd_sfx_atmos_entrance_d,Story_bg_9002_General_Outdoor,-2860000,0,10000,10000
242,30,411,snd_sfx_atmos_syoutengai_c,snd_sfx_atmos_syoutengai_c,Story_bg_9002_General_Outdoor,-6540000,0,10000,10000
243,23,411,snd_sfx_atmos_entrance_c,snd_sfx_atmos_entrance_c,Story_bg_9002_General_Outdoor,2290000,0,10000,10000
244,107,10,snd_sfx_atmos_room_d_noext,snd_sfx_atmos_room_d_noext,Story_bg_9001_General_Indoor,1660000,10000,10000,10000
245,105,411,snd_sfx_atmos_entrance_d,snd_sfx_atmos_entrance_d,Story_bg_9002_General_Outdoor,-2860000,0,10000,10000
246,103,11110,snd_sfx_atmos_rouka_n,snd_sfx_atmos_rouka_n,Story_bg_0020_SchoolGym,5380000,0,10000,10000
247,103,11111,snd_sfx_atmos_stagemob_d,snd_sfx_atmos_stagemob_d,Story_bg_0020_SchoolGym,5380000,0,10000,10000
248,107,20,snd_sfx_atmos_room_d_noext,snd_sfx_atmos_room_d_noext,Story_bg_9001_General_Indoor,1660000,0,10000,10000
249,107,30,snd_sfx_atmos_room_n_noext,snd_sfx_atmos_room_n_noext,Story_bg_9001_General_Indoor,1660000,10000,10000,10000
250,106,0,snd_sfx_atmos_stage_n,snd_sfx_atmos_stage_n,Story_bg_0103_LiveStage,-3480000,0,10000,10000
251,29,411,snd_sfx_atmos_street_d,snd_sfx_atmos_street_d,Story_bg_9002_General_Outdoor,-8080000,0,10000,10000
252,105,121,snd_sfx_atmos_entrance_e,snd_sfx_atmos_entrance_e,Story_bg_9002_General_Outdoor,-2860000,0,10000,10000
253,95,120,snd_sfx_atmos_aozora_e,snd_sfx_atmos_aozora_e,Story_bg_9002_General_Outdoor,520000,0,10000,10000
254,17,140,snd_sfx_atmos_room_n,snd_sfx_atmos_room_n,Story_bg_9001_General_Indoor,-1500000,0,10000,10000
255,10,121,snd_sfx_atmos_namiki_e,snd_sfx_atmos_namiki_e,Story_bg_9002_General_Outdoor,1750000,0,10000,10000
256,109,111,snd_sfx_atmos_zawazawa_d,snd_sfx_atmos_zawazawa_d,Story_bg_9002_General_Outdoor,9050000,0,10000,10000
257,108,111,snd_sfx_atmos_zawazawa_d,snd_sfx_atmos_zawazawa_d,Story_bg_9002_General_Outdoor,7960000,0,10000,10000
258,109,411,snd_sfx_atmos_zawazawa_d,snd_sfx_atmos_zawazawa_d,Story_bg_9002_General_Outdoor,9050000,0,10000,10000
259,108,411,snd_sfx_atmos_zawazawa_d,snd_sfx_atmos_zawazawa_d,Story_bg_9002_General_Outdoor,7960000,0,10000,10000
260,98,0,snd_sfx_atmos_room_d,snd_sfx_atmos_room_d,Story_bg_9001_General_Indoor,-3150000,0,10000,10000
261,98,1,snd_sfx_atmos_room_d,snd_sfx_atmos_room_d,Story_bg_9001_General_Indoor,-3150000,0,10000,10000
262,91,120,snd_sfx_atmos_room_d,snd_sfx_atmos_room_d,Story_bg_9001_General_Indoor,5620000,0,10000,10000
263,101,0,snd_sfx_atmos_shoppingmall,snd_sfx_atmos_shoppingmall,Story_bg_9001_General_Indoor,-3765000,0,10009,10000
264,110,110,snd_sfx_atmos_aozora_c,snd_sfx_atmos_aozora_c,Story_bg_9002_General_Outdoor,0,0,10000,10000
265,111,110,snd_sfx_atmos_namiki_d,snd_sfx_atmos_namiki_d,Story_bg_9002_General_Outdoor,7960000,0,10000,10000
266,111,120,snd_sfx_atmos_namiki_e,snd_sfx_atmos_namiki_e,Story_bg_9002_General_Outdoor,7960000,0,10000,10000
267,111,130,snd_sfx_atmos_namiki_n,snd_sfx_atmos_namiki_n,Story_bg_9002_General_Outdoor,7965000,0,10009,10000
268,110,410,snd_sfx_atmos_aozora_c,snd_sfx_atmos_aozora_c,Story_bg_9002_General_Outdoor,0,0,10000,10000
269,49,0,snd_sfx_atmos_planetarium,snd_sfx_atmos_planetarium,Story_bg_0049_Planetarium,9530000,0,10000,10000
270,112,110,snd_sfx_atmos_aozora_d,snd_sfx_atmos_aozora_d,Story_bg_9002_General_Outdoor,6180000,0,10000,10000
271,113,110,snd_sfx_atmos_aozora_d,snd_sfx_atmos_aozora_d,Story_bg_9002_General_Outdoor,7400000,0,10000,10000
272,115,110,snd_sfx_atmos_hiroba_d,snd_sfx_atmos_hiroba_d,Story_bg_9002_General_Outdoor,1860000,0,10000,10000
273,115,120,snd_sfx_atmos_hiroba_e,snd_sfx_atmos_hiroba_e,Story_bg_9002_General_Outdoor,1860000,0,10000,10000
274,112,410,snd_sfx_atmos_aozora_c,snd_sfx_atmos_aozora_c,Story_bg_9002_General_Outdoor,6180000,0,10000,10000
275,113,410,snd_sfx_atmos_aozora_c,snd_sfx_atmos_aozora_c,Story_bg_9002_General_Outdoor,7400000,0,10000,10000
276,114,111,snd_sfx_atmos_zawazawa_d,snd_sfx_atmos_zawazawa_d,Story_bg_9002_General_Outdoor,11100000,0,10000,10000
277,114,121,snd_sfx_atmos_zawazawa_e,snd_sfx_atmos_zawazawa_e,Story_bg_9002_General_Outdoor,11100000,0,10000,10000
278,114,131,snd_sfx_atmos_aozora_cheer_n,snd_sfx_atmos_aozora_cheer_n,Story_bg_9002_General_Outdoor,11100000,0,10000,10000
279,118,0,snd_sfx_atmos_room_d_noext,snd_sfx_atmos_room_d_noext,Story_bg_0050_UmaSpace,0,0,10000,10000
280,114,133,snd_sfx_atmos_stand_n_mob,snd_sfx_atmos_stand_n_mob,Story_bg_9002_General_Outdoor,11100000,0,10000,10000
281,116,111,snd_sfx_atmos_entrance_d,snd_sfx_atmos_entrance_d,Story_bg_9002_General_Outdoor,560000,0,10000,10000
282,117,110,snd_sfx_atmos_inn_d,snd_sfx_atmos_inn_d,Story_bg_9001_General_Indoor,-2580000,50000,10000,10000
283,119,110,snd_sfx_atmos_kasenjiki_d,snd_sfx_atmos_kasenjiki_d,Story_bg_9002_General_Outdoor,11100000,0,10000,10000
284,116,121,snd_sfx_atmos_entrance_e,snd_sfx_atmos_entrance_e,Story_bg_9002_General_Outdoor,560000,0,10000,10000
285,120,131,snd_sfx_atmos_stagemob_d,snd_sfx_atmos_stagemob_d,Story_bg_0103_LiveStage,0,0,10000,10000
286,116,411,snd_sfx_atmos_entrance_c,snd_sfx_atmos_entrance_c,Story_bg_9002_General_Outdoor,560000,0,10000,10000
287,121,110,snd_sfx_atmos_room_d,snd_sfx_atmos_room_d,Story_bg_9001_General_Indoor,6500000,0,10000,10000
288,122,110,snd_sfx_atmos_namiki_d,snd_sfx_atmos_namiki_d,Story_bg_9002_General_Outdoor,-1000000,0,10000,10000
289,123,110,snd_sfx_atmos_mori_d,snd_sfx_atmos_mori_d,Story_bg_9002_General_Outdoor,-720000,0,10000,10000
290,1,140,snd_sfx_atmos_room_n,snd_sfx_atmos_room_n,Story_bg_9001_General_Indoor,14720000,0,10000,10000
291,126,110,snd_sfx_atmos_namiki_d,snd_sfx_atmos_namiki_d,Story_bg_9002_General_Outdoor,5000000,0,10000,10000
292,125,111,snd_sfx_atmos_cafe_d,snd_sfx_atmos_cafe_d,Story_bg_9001_General_Indoor,6640000,0,10000,10000
293,127,110,snd_sfx_atmos_room_d_noext,snd_sfx_atmos_room_d_noext,Story_bg_9001_General_Indoor,150000,0,10000,10000
294,126,120,snd_sfx_atmos_namiki_e,snd_sfx_atmos_namiki_e,Story_bg_9002_General_Outdoor,5000000,0,10000,10000
295,127,120,snd_sfx_atmos_room_d_noext,snd_sfx_atmos_room_d_noext,Story_bg_9001_General_Indoor,150000,0,10000,10000
296,124,2110,snd_sfx_atmos_namiki_d,snd_sfx_atmos_namiki_d,Story_bg_9001_General_Indoor,3180000,0,10000,10000
297,124,2111,snd_sfx_atmos_namiki_d,snd_sfx_atmos_namiki_d,Story_bg_9001_General_Indoor,3180000,0,10000,10000
298,124,2112,snd_sfx_atmos_namiki_d,snd_sfx_atmos_namiki_d,Story_bg_9001_General_Indoor,3180000,0,10000,10000
299,124,4110,snd_sfx_atmos_namiki_d,snd_sfx_atmos_namiki_d,Story_bg_9001_General_Indoor,3180000,0,10000,10000
300,124,4111,snd_sfx_atmos_namiki_d,snd_sfx_atmos_namiki_d,Story_bg_9001_General_Indoor,3180000,0,10000,10000
301,124,4112,snd_sfx_atmos_namiki_d,snd_sfx_atmos_namiki_d,Story_bg_9001_General_Indoor,3180000,0,10000,10000
302,24,130,snd_sfx_atmos_training_stand_n,snd_sfx_atmos_training_stand_n,Story_bg_9002_General_Outdoor,-3750000,0,10000,10000
303,124,1110,snd_sfx_atmos_namiki_d,snd_sfx_atmos_namiki_d,Story_bg_9001_General_Indoor,3180000,0,10000,10000
304,124,1111,snd_sfx_atmos_namiki_d,snd_sfx_atmos_namiki_d,Story_bg_9001_General_Indoor,3180000,0,10000,10000
305,124,1112,snd_sfx_atmos_namiki_d,snd_sfx_atmos_namiki_d,Story_bg_9001_General_Indoor,3180000,0,10000,10000
306,124,3110,snd_sfx_atmos_namiki_d,snd_sfx_atmos_namiki_d,Story_bg_9001_General_Indoor,3180000,0,10000,10000
307,124,3111,snd_sfx_atmos_namiki_d,snd_sfx_atmos_namiki_d,Story_bg_9001_General_Indoor,3180000,0,10000,10000
308,124,3112,snd_sfx_atmos_namiki_d,snd_sfx_atmos_namiki_d,Story_bg_9001_General_Indoor,3180000,0,10000,10000
309,119,120,snd_sfx_atmos_kasenjiki_e,snd_sfx_atmos_kasenjiki_e,Story_bg_9002_General_Outdoor,11100000,0,10000,10000
310,10,110,snd_sfx_atmos_namiki_d,snd_sfx_atmos_namiki_d,Story_bg_9002_General_Outdoor,1760000,0,10000,10000
311,31,110,snd_sfx_atmos_namiki_d,snd_sfx_atmos_namiki_d,Story_bg_9002_General_Outdoor,1910000,0,10000,10000
312,33,120,snd_sfx_atmos_kasenjiki_e,snd_sfx_atmos_kasenjiki_e,Story_bg_9002_General_Outdoor,4200000,0,10000,10000
313,128,110,snd_sfx_atmos_mori_d,snd_sfx_atmos_mori_d,Story_bg_9002_General_Outdoor,80000,0,10000,10000
314,129,110,snd_sfx_atmos_mori_d,snd_sfx_atmos_mori_d,Story_bg_9002_General_Outdoor,-960000,0,10000,10000
315,130,0,snd_sfx_atmos_room_d_noext,snd_sfx_atmos_room_d_noext,Story_bg_9001_General_Indoor,-5125000,0,10009,10000
316,130,1,snd_sfx_atmos_room_d_noext,snd_sfx_atmos_room_d_noext,Story_bg_9001_General_Indoor,-5125000,0,10009,10000
317,131,111,snd_sfx_atmos_pool_d,snd_sfx_atmos_pool_d,Story_bg_0013_InddorPool,1020000,0,10000,10000
318,134,111,snd_sfx_atmos_street_d,snd_sfx_atmos_street_d,Story_bg_9002_General_Outdoor,160000,0,10000,10000
319,135,111,snd_sfx_atmos_room_d_noext,snd_sfx_atmos_room_d_noext,Story_bg_9001_General_Indoor,-4250000,0,10000,10000
320,77,130,snd_sfx_atmos_roof_n,snd_sfx_atmos_roof_n,Story_bg_9002_General_Outdoor,9190000,0,10000,10000
321,131,130,snd_sfx_atmos_pool_n,snd_sfx_atmos_pool_n,Story_bg_0013_InddorPool,1020000,0,10000,10000
322,131,131,snd_sfx_atmos_pool_n,snd_sfx_atmos_pool_n,Story_bg_0013_InddorPool,1020000,0,10000,10000
323,133,110,snd_sfx_atmos_namiki_d,snd_sfx_atmos_namiki_d,Story_bg_9002_General_Outdoor,-3445000,0,10009,10000
324,133,112,snd_sfx_atmos_stagemob_d,snd_sfx_atmos_stagemob_d,Story_bg_9002_General_Outdoor,-3445000,0,10009,10000
325,24,110,snd_sfx_atmos_roof_d,snd_sfx_atmos_roof_d,Story_bg_9002_General_Outdoor,-3750000,0,10000,10000
326,77,110,snd_sfx_atmos_roof_d,snd_sfx_atmos_roof_d,Story_bg_9002_General_Outdoor,9190000,0,10000,10000
327,132,1,snd_sfx_atmos_zawazawa_e,snd_sfx_atmos_zawazawa_e,Story_bg_0103_LiveStage,-7445000,0,10009,10000
328,119,130,snd_sfx_atmos_kasenjiki_n,snd_sfx_atmos_kasenjiki_n,Story_bg_9002_General_Outdoor,11100000,0,10000,10000
329,138,110,snd_sfx_atmos_room_d_noext,snd_sfx_atmos_room_d_noext,Story_bg_9001_General_Indoor,160000,0,10000,10000
330,136,111,snd_sfx_atmos_cafe_d,snd_sfx_atmos_cafe_d,Story_bg_9001_General_Indoor,-2400000,0,10000,10000
331,137,110,snd_sfx_atmos_room_d_noext,snd_sfx_atmos_room_d_noext,Story_bg_9001_General_Indoor,1665000,0,10009,10000
332,139,110,snd_sfx_atmos_room_d_noext,snd_sfx_atmos_room_d_noext,Story_bg_0011_Cafeteria,-8585000,0,10009,10000
333,139,111,snd_sfx_atmos_canteen_nomob,snd_sfx_atmos_canteen_nomob,Story_bg_0011_Cafeteria,-8585000,0,10009,10000
334,140,110,snd_sfx_atmos_room_d_noext,snd_sfx_atmos_room_d_noext,Story_bg_9001_General_Indoor,-1040000,0,10000,10000
335,42,2150,snd_sfx_atmos_beach_nomob_d,snd_sfx_atmos_beach_nomob_d,Story_bg_9002_General_Outdoor,-8105000,0,10009,10000
336,37,150,snd_sfx_atmos_aozora_d,snd_sfx_atmos_aozora_d,Story_bg_9002_General_Outdoor,-3195000,0,10009,10000
337,140,130,snd_sfx_atmos_room_n_noext,snd_sfx_atmos_room_n_noext,Story_bg_9001_General_Indoor,-1040000,0,10000,10000
338,134,120,snd_sfx_atmos_namiki_e,snd_sfx_atmos_namiki_e,Story_bg_9002_General_Outdoor,160000,0,10000,10000
339,134,121,snd_sfx_atmos_street_e,snd_sfx_atmos_street_e,Story_bg_9002_General_Outdoor,160000,0,10000,10000
340,142,111,snd_sfx_atmos_koubai_d,snd_sfx_atmos_koubai_d,Story_bg_9001_General_Indoor,4130000,0,10000,10000
341,79,110,snd_sfx_atmos_roof_d,snd_sfx_atmos_roof_d,Story_bg_9002_General_Outdoor,10440000,0,10000,10000
342,79,134,snd_sfx_atmos_roof_n,snd_sfx_atmos_roof_n,Story_bg_9002_General_Outdoor,10440000,0,10000,10000
343,141,110,snd_sfx_atmos_room_d_noext,snd_sfx_atmos_room_d_noext,Story_bg_9001_General_Indoor,3040000,0,10000,10000
344,141,130,snd_sfx_atmos_room_n_noext,snd_sfx_atmos_room_n_noext,Story_bg_9001_General_Indoor,3040000,0,10000,10000
345,145,111,snd_sfx_atmos_koubai_d,snd_sfx_atmos_koubai_d,Story_bg_9001_General_Indoor,200000,0,10000,10000
346,143,110,snd_sfx_atmos_room_d_noext,snd_sfx_atmos_room_d_noext,Story_bg_9001_General_Indoor,-840000,0,10000,10000
347,144,0,snd_sfx_atmos_room_d_noext,snd_sfx_atmos_room_d_noext,Story_bg_0050_UmaSpace,9410000,0,10000,10000
348,114,411,snd_sfx_atmos_zawazawa_c,snd_sfx_atmos_zawazawa_c,Story_bg_9002_General_Outdoor,11100000,0,10000,10000
349,4,7110,snd_sfx_atmos_namiki_d,snd_sfx_atmos_namiki_d,Story_bg_9002_General_Outdoor,1280000,0,10000,10000
350,4,7111,snd_sfx_atmos_seiteikoumon_d,snd_sfx_atmos_seiteikoumon_d,Story_bg_9002_General_Outdoor,1275000,0,10000,10000
351,78,110,snd_sfx_atmos_roof_d,snd_sfx_atmos_roof_d,Story_bg_9002_General_Outdoor,11115000,0,10009,10000
352,78,130,snd_sfx_atmos_roof_n,snd_sfx_atmos_roof_n,Story_bg_9002_General_Outdoor,11115000,0,10009,10000
353,147,0,snd_sfx_atmos_room_n_noext,snd_sfx_atmos_room_n_noext,Story_bg_9001_General_Indoor,200000,0,10000,10000
354,34,7111,snd_sfx_atmos_yuuenti_d,snd_sfx_atmos_yuuenti_d,Story_bg_9002_General_Outdoor,4090000,0,10000,10000
355,29,7111,snd_sfx_atmos_street_d,snd_sfx_atmos_street_d,Story_bg_9002_General_Outdoor,-8100000,0,10000,10000
356,146,130,snd_sfx_atmos_aozora_n,snd_sfx_atmos_aozora_n,Story_bg_9002_General_Outdoor,-8160000,0,10000,10000
357,34,7131,snd_sfx_atmos_yuuenti_n,snd_sfx_atmos_yuuenti_n,Story_bg_9002_General_Outdoor,4090000,0,10000,10000
358,153,1,snd_sfx_atmos_jacuzzi_d,snd_sfx_atmos_jacuzzi_d,Story_bg_0013_InddorPool,-560000,0,10000,10000
359,148,111,snd_sfx_atmos_room_d_noext,snd_sfx_atmos_room_d_noext,Story_bg_9001_General_Indoor,-5740000,0,10000,10000
360,149,111,snd_sfx_atmos_koubai_d,snd_sfx_atmos_koubai_d,Story_bg_9001_General_Indoor,-3625000,0,10009,10000
361,150,131,snd_sfx_atmos_maturi_n,snd_sfx_atmos_maturi_n,Story_bg_9002_General_Outdoor,8620000,0,10000,10000
362,61,150,snd_sfx_atmos_inaka_n,snd_sfx_atmos_inaka_n,Story_bg_9002_General_Outdoor,0,0,10000,10000
363,152,130,snd_sfx_atmos_namiki_n,snd_sfx_atmos_namiki_n,Story_bg_9002_General_Outdoor,9780000,0,10000,10000
364,151,131,snd_sfx_atmos_maturi_n,snd_sfx_atmos_maturi_n,Story_bg_9002_General_Outdoor,985000,0,10009,10000
365,37,710,snd_sfx_atmos_blizzard,snd_sfx_atmos_blizzard,Story_bg_9002_General_Outdoor,-6415000,0,10009,10000
366,157,6310,snd_sfx_atmos_namiki_winter_d,snd_sfx_atmos_namiki_winter_d,Story_bg_9002_General_Outdoor,5580000,0,10000,10000
367,156,0,snd_sfx_atmos_room_d,snd_sfx_atmos_room_d,Story_bg_9001_General_Indoor,7475000,0,10009,10000
368,136,110,snd_sfx_atmos_canteen_nomob,snd_sfx_atmos_canteen_nomob,Story_bg_9001_General_Indoor,-2400000,0,10000,10000
369,155,6000,snd_sfx_atmos_room_winter_stove,snd_sfx_atmos_room_winter_stove,Story_bg_9001_General_Indoor,6980000,0,10000,10000
370,155,6001,snd_sfx_atmos_room_winter_stove,snd_sfx_atmos_room_winter_stove,Story_bg_9001_General_Indoor,6980000,0,10000,10000
371,154,110,snd_sfx_atmos_room_d,snd_sfx_atmos_room_d,Story_bg_9001_General_Indoor,-7160000,0,10000,10000
372,51,310,snd_sfx_atmos_namiki_winter_d,snd_sfx_atmos_namiki_winter_d,Story_bg_9002_General_Outdoor,-1520000,0,10000,10000
373,150,130,snd_sfx_atmos_namiki_n,snd_sfx_atmos_namiki_n,Story_bg_9002_General_Outdoor,8620000,0,10000,10000
374,128,310,snd_sfx_atmos_winter_wind_howling,snd_sfx_atmos_winter_wind_howling,Story_bg_9002_General_Outdoor,80000,0,10000,10000
375,161,0,snd_sfx_atmos_room_d,snd_sfx_atmos_room_d,Story_bg_9001_General_Indoor,6500000,0,10000,10000
376,24,410,snd_sfx_atmos_stand_cloudy_nomob,snd_sfx_atmos_stand_cloudy_nomob,Story_bg_9002_General_Outdoor,-3750000,0,10000,10000
378,78,410,snd_sfx_atmos_stand_cloudy_nomob,snd_sfx_atmos_stand_cloudy_nomob,Story_bg_9002_General_Outdoor,11120000,0,10000,10000
380,88,410,snd_sfx_atmos_stand_cloudy_nomob,snd_sfx_atmos_stand_cloudy_nomob,Story_bg_9002_General_Outdoor,4320000,0,10000,10000
381,158,110,snd_sfx_atmos_aozora_d,snd_sfx_atmos_aozora_d,Story_bg_9001_General_Indoor,-5855000,0,10009,10000
382,159,110,snd_sfx_atmos_room_d,snd_sfx_atmos_room_d,Story_bg_9001_General_Indoor,1880000,0,10000,10000
383,160,111,snd_sfx_atmos_wide_room_quiet,snd_sfx_atmos_wide_room_quiet,Story_bg_9001_General_Indoor,540000,0,10000,10000
384,160,112,snd_sfx_atmos_wide_room_quiet,snd_sfx_atmos_wide_room_quiet,Story_bg_9001_General_Indoor,540000,0,10000,10000
385,162,110,snd_sfx_atmos_gymnasium_d,snd_sfx_atmos_gymnasium_d,Story_bg_0020_SchoolGym,4080000,0,10000,10000
386,51,12110,snd_sfx_atmos_namiki_d,snd_sfx_atmos_namiki_d,Story_bg_9002_General_Outdoor,-1520000,0,10000,10000
387,99,111,snd_sfx_atmos_street_d,snd_sfx_atmos_street_d,Story_bg_9002_General_Outdoor,820000,0,10000,10000
388,29,311,snd_sfx_atmos_winterstreet,snd_sfx_atmos_winterstreet,Story_bg_9002_General_Outdoor,-8100000,0,10000,10000
389,148,110,snd_sfx_atmos_room_d_noext,snd_sfx_atmos_room_d_noext,Story_bg_9001_General_Indoor,-5740000,0,10000,10000
390,164,1,snd_sfx_atmos_theater_mob,snd_sfx_atmos_theater_mob,Story_bg_9001_General_Indoor,4130000,0,10000,10000
391,165,111,snd_sfx_atmos_paddock_d,snd_sfx_atmos_paddock_d,Story_bg_9002_General_Outdoor,-830000,0,10000,10000
392,163,111,snd_sfx_atmos_street_d,snd_sfx_atmos_street_d,Story_bg_9002_General_Outdoor,-4715000,0,10009,10000
393,166,110,snd_sfx_atmos_room_d,snd_sfx_atmos_room_d,Story_bg_9001_General_Indoor,-70000,0,10000,10000
394,37,111,snd_sfx_atmos_dash_full_speed_d,snd_sfx_atmos_dash_full_speed_d,Story_bg_9002_General_Outdoor,-12675000,0,10009,10000
395,70,150,snd_sfx_atmos_ground_d,snd_sfx_atmos_ground_d,Story_bg_9002_General_Outdoor,0,0,10000,10000
396,74,150,snd_sfx_atmos_ground_d,snd_sfx_atmos_ground_d,Story_bg_9002_General_Outdoor,0,0,10000,10000
397,119,150,snd_sfx_atmos_race_track_d,snd_sfx_atmos_race_track_d,Story_bg_9002_General_Outdoor,11100000,0,10000,10000
398,33,110,snd_sfx_atmos_kasenjiki_d,snd_sfx_atmos_kasenjiki_d,Story_bg_9002_General_Outdoor,4200000,0,10000,10000
399,33,150,snd_sfx_atmos_aozora_d,snd_sfx_atmos_aozora_d,Story_bg_9002_General_Outdoor,4230000,0,10000,10000
400,111,150,snd_sfx_atmos_aozora_d,snd_sfx_atmos_aozora_d,Story_bg_9002_General_Outdoor,7960000,0,10000,10000
401,92,110,snd_sfx_atmos_beach_e,snd_sfx_atmos_beach_e,Story_bg_9002_General_Outdoor,4645000,0,10009,10000
402,131,110,snd_sfx_atmos_pool_d,snd_sfx_atmos_pool_d,Story_bg_0013_InddorPool,1020000,0,10000,10000
403,167,1,snd_sfx_atmos_kitchen_wide_mob,snd_sfx_atmos_kitchen_wide_mob,Story_bg_9001_General_Indoor,900000,0,10000,10000
404,169,131,snd_sfx_atmos_hall_party_mob,snd_sfx_atmos_hall_party_mob,Story_bg_0020_SchoolGym,5380000,0,10000,10000
405,90,13000,snd_sfx_atmos_room_d_noext,snd_sfx_atmos_room_d_noext,Story_bg_9001_General_Indoor,1670000,0,10000,10000
406,39,9110,snd_sfx_atmos_namiki_d,snd_sfx_atmos_namiki_d,Story_bg_9002_General_Outdoor,-2240000,0,10000,10000
407,174,0,snd_sfx_atmos_room_n_noext,snd_sfx_atmos_room_n_noext,Story_bg_0050_UmaSpace,0,0,10000,10000
408,168,1,snd_sfx_atmos_koubai_d,snd_sfx_atmos_koubai_d,Story_bg_9001_General_Indoor,-7665000,0,10009,10000
409,69,4311,snd_sfx_atmos_winter_pondpark_mob_d,snd_sfx_atmos_winter_pondpark_mob_d,Story_bg_9002_General_Outdoor,12880000,0,10000,10000
410,169,132,snd_sfx_atmos_hall_party_mob,snd_sfx_atmos_hall_party_mob,Story_bg_0020_SchoolGym,5380000,0,10000,10000
411,69,4321,snd_sfx_atmos_winter_pondpark_mob_e,snd_sfx_atmos_winter_pondpark_mob_e,Story_bg_9002_General_Outdoor,12880000,0,10000,10000
412,172,1,snd_sfx_atmos_billiard_mob,snd_sfx_atmos_billiard_mob,Story_bg_9001_General_Indoor,15685000,0,10000,10000
413,170,131,snd_sfx_atmos_hall_party_mob,snd_sfx_atmos_hall_party_mob,Story_bg_0020_SchoolGym,9770000,0,10000,10000
414,165,411,snd_sfx_atmos_paddock_c,snd_sfx_atmos_paddock_c,Story_bg_9002_General_Outdoor,-830000,0,10000,10000
415,171,0,snd_sfx_atmos_room_d_noext,snd_sfx_atmos_room_d_noext,Story_bg_9001_General_Indoor,3910000,0,10000,10000
416,178,0,,,Story_bg_9001_General_Indoor,0,0,10000,10000
417,179,0,,,Story_bg_9001_General_Indoor,0,0,10000,10000
418,20,10111,snd_sfx_atmos_gymnasium_d_mob,snd_sfx_atmos_gymnasium_d_mob,Story_bg_0020_SchoolGym,5380000,0,10000,10000
419,104,132,snd_sfx_atmos_theater_mob,snd_sfx_atmos_theater_mob,Story_bg_0020_SchoolGym,120000,0,10000,10000
420,173,111,snd_sfx_atmos_seiteikoumon_d,snd_sfx_atmos_seiteikoumon_d,Story_bg_9002_General_Outdoor,-14170000,0,10000,10000
421,180,0,,,Story_bg_9001_General_Indoor,0,0,10000,10000
422,175,110,snd_sfx_atmos_namiki_d,snd_sfx_atmos_namiki_d,Story_bg_9002_General_Outdoor,-2295000,0,10009,10000
423,176,110,snd_sfx_atmos_wide_room_quiet,snd_sfx_atmos_wide_room_quiet,Story_bg_9001_General_Indoor,-570000,0,10000,10000
424,177,111,snd_sfx_atmos_seiteirouka_d,snd_sfx_atmos_seiteirouka_d,Story_bg_9001_General_Indoor,3960000,0,10000,10000
425,70,10111,snd_sfx_atmos_training_stand_d_mob,snd_sfx_atmos_training_stand_d_mob,Story_bg_9002_General_Outdoor,0,0,10000,10000
426,178,1,snd_sfx_atmos_room_n_noext,snd_sfx_atmos_room_n_noext,Story_bg_0050_UmaSpace,-13670000,0,10000,10000
427,181,110,snd_sfx_atmos_namiki_d,snd_sfx_atmos_namiki_d,Story_bg_9002_General_Outdoor,14430000,0,10000,10000
428,182,112,snd_sfx_atmos_stagemob_d,snd_sfx_atmos_stagemob_d,Story_bg_9002_General_Outdoor,1910000,0,10000,10000
429,183,0,snd_sfx_atmos_room_n_noext,snd_sfx_atmos_room_n_noext,Story_bg_9001_General_Indoor,8700000,0,10000,10000
430,185,112,snd_sfx_atmos_training_stand_d_mob,snd_sfx_atmos_training_stand_d_mob,Story_bg_9002_General_Outdoor,4670000,0,10000,10000
431,184,0,snd_sfx_atmos_room_n_noext,snd_sfx_atmos_room_n_noext,Story_bg_9001_General_Indoor,3520000,0,10000,10000
432,187,0,,,,0,0,10000,10000
433,187,1,,,,0,0,10000,10000
434,187,2,,,,0,0,10000,10000
435,187,3,,,,0,0,10000,10000
436,182,412,snd_sfx_atmos_stagemob_d,snd_sfx_atmos_stagemob_d,Story_bg_9002_General_Outdoor,1910000,0,10000,10000
437,186,0,snd_sfx_atmos_room_n_noext,snd_sfx_atmos_room_n_noext,Story_bg_9001_General_Indoor,-1160000,0,10000,10000
438,186,1,snd_sfx_atmos_room_n_noext,snd_sfx_atmos_room_n_noext,Story_bg_9001_General_Indoor,1490000,0,10000,10000
439,186,2,snd_sfx_atmos_room_n_noext,snd_sfx_atmos_room_n_noext,Story_bg_9001_General_Indoor,-1160000,0,10000,10000
440,186,3,snd_sfx_atmos_room_n_noext,snd_sfx_atmos_room_n_noext,Story_bg_9001_General_Indoor,1490000,0,10000,10000
441,190,111,snd_sfx_atmos_gassyuku_d,snd_sfx_atmos_gassyuku_d,Story_bg_9002_General_Outdoor,1290000,0,10000,10000
442,188,110,snd_sfx_atmos_hatake_d,snd_sfx_atmos_hatake_d,Story_bg_9002_General_Outdoor,7690000,0,10000,10000
443,191,111,snd_sfx_atmos_shoppingmall,snd_sfx_atmos_shoppingmall,Story_bg_9002_General_Outdoor,10710000,0,10000,10000
444,189,111,snd_sfx_atmos_hatake_d,snd_sfx_atmos_hatake_d,Story_bg_9002_General_Outdoor,-1240000,0,10000,10000
445,190,131,snd_sfx_atmos_barbecue_n,snd_sfx_atmos_barbecue_n,Story_bg_9002_General_Outdoor,1290000,0,10000,10000
446,10,3110,snd_sfx_atmos_namiki_d,snd_sfx_atmos_namiki_d,Story_bg_9002_General_Outdoor,1760000,0,10000,10000
447,10,5110,snd_sfx_atmos_namiki_d,snd_sfx_atmos_namiki_d,Story_bg_9002_General_Outdoor,1760000,0,10000,10000
448,189,130,snd_sfx_atmos_namiki_n,snd_sfx_atmos_namiki_n,Story_bg_9002_General_Outdoor,-1240000,0,10000,10000
449,10,4110,snd_sfx_atmos_namiki_w,snd_sfx_atmos_namiki_w,Story_bg_9002_General_Outdoor,1760000,0,10000,10000
450,95,410,snd_sfx_atmos_namiki_c,snd_sfx_atmos_namiki_c,Story_bg_9002_General_Outdoor,520000,0,10000,10000
451,192,111,snd_sfx_atmos_beach_d,snd_sfx_atmos_beach_d,Story_bg_9002_General_Outdoor,-1240000,0,10000,10000
452,192,120,snd_sfx_atmos_beach_nomob_e,snd_sfx_atmos_beach_nomob_e,Story_bg_9002_General_Outdoor,-1240000,0,10000,10000
453,194,0,snd_sfx_atmos_hikae_d,snd_sfx_atmos_hikae_d,Story_bg_9001_General_Indoor,2010000,0,10000,10000
454,193,110,snd_sfx_atmos_namiki_d,snd_sfx_atmos_namiki_d,Story_bg_9002_General_Outdoor,-730000,0,10000,10000
455,202,0,snd_sfx_atmos_room_d_noext,snd_sfx_atmos_room_d_noext,Story_bg_9001_General_Indoor,0,0,10000,10000
456,200,0,snd_sfx_atmos_room_d_noext,snd_sfx_atmos_room_d_noext,Story_bg_9001_General_Indoor,4180000,0,10000,10000
457,201,110,snd_sfx_atmos_stand_d_mob,snd_sfx_atmos_stand_d_mob,Story_bg_9002_General_Outdoor,0,0,10000,10000
458,196,111,snd_sfx_atmos_steampunk_city_d,snd_sfx_atmos_steampunk_city_d,Story_bg_9002_General_Outdoor,5070000,0,10000,10000
459,195,111,snd_sfx_atmos_steampunk_city_d,snd_sfx_atmos_steampunk_city_d,Story_bg_9002_General_Outdoor,-1950000,0,10000,10000
460,197,110,snd_sfx_atmos_gymnasium_r,snd_sfx_atmos_gymnasium_r,Story_bg_0013_InddorPool,-7680000,0,10000,10000
461,198,111,snd_sfx_atmos_restaurant_mob,snd_sfx_atmos_restaurant_mob,Story_bg_9001_General_Indoor,10170000,0,10000,10000
463,199,0,snd_sfx_atmos_room_d_noext,snd_sfx_atmos_room_d_noext,Story_bg_9001_General_Indoor,15170000,0,10000,10000
464,204,111,snd_sfx_atmos_zawazawa_d,snd_sfx_atmos_zawazawa_d,Story_bg_9002_General_Outdoor,6370000,0,10000,10000
465,204,112,snd_sfx_atmos_stand_d_mob,snd_sfx_atmos_stand_d_mob,Story_bg_9002_General_Outdoor,6370000,0,10000,10000
466,203,110,snd_sfx_atmos_rouka_d,snd_sfx_atmos_rouka_d,Story_bg_9001_General_Indoor,290000,0,10000,10000
467,6,8113,snd_sfx_atmos_kyousitu_d,snd_sfx_atmos_kyousitu_d,Story_bg_9001_General_Indoor,-4210000,0,10000,10000
468,204,411,snd_sfx_atmos_zawazawa_c,snd_sfx_atmos_zawazawa_c,Story_bg_9002_General_Outdoor,6370000,0,10000,10000
469,204,412,snd_sfx_atmos_stand_c_mob,snd_sfx_atmos_stand_c_mob,Story_bg_9002_General_Outdoor,6370000,0,10000,10000
470,10,8123,snd_sfx_atmos_campfire_e_mob,snd_sfx_atmos_campfire_e_mob,Story_bg_9002_General_Outdoor,1765000,0,10009,10000
471,206,110,snd_sfx_atmos_namiki_d,snd_sfx_atmos_namiki_d,Story_bg_9002_General_Outdoor,0,0,10000,10000
472,207,0,snd_sfx_atmos_wide_room_quiet,snd_sfx_atmos_wide_room_quiet,Story_bg_9001_General_Indoor,3600000,0,10000,10000
473,110,120,snd_sfx_atmos_aozora_e,snd_sfx_atmos_aozora_e,Story_bg_9002_General_Outdoor,6020000,0,10000,10000
474,209,110,snd_sfx_atmos_street_d,snd_sfx_atmos_street_d,Story_bg_9002_General_Outdoor,4750000,0,10000,10000
475,206,130,snd_sfx_atmos_campfire_n_nomob,snd_sfx_atmos_campfire_n_nomob,Story_bg_9002_General_Outdoor,0,0,10000,10000
476,208,0,snd_sfx_atmos_wide_room_quiet,snd_sfx_atmos_wide_room_quiet,Story_bg_9001_General_Indoor,-10710000,0,10000,10000
477,110,130,snd_sfx_atmos_aozora_n,snd_sfx_atmos_aozora_n,Story_bg_9002_General_Outdoor,6080000,0,10000,10000
478,177,131,snd_sfx_atmos_rouka_n,snd_sfx_atmos_rouka_n,Story_bg_9001_General_Indoor,3960000,0,10000,10000
479,55,120,snd_sfx_atmos_paddock_d,snd_sfx_atmos_paddock_d,Story_bg_9002_General_Outdoor,3190000,0,10000,10000
480,210,111,snd_sfx_atmos_harbor_d,snd_sfx_atmos_harbor_d,Story_bg_9002_General_Outdoor,-1860000,0,10000,10000
481,211,6112,snd_sfx_atmos_zawazawa_d,snd_sfx_atmos_zawazawa_d,Story_bg_9002_General_Outdoor,-1440000,0,10000,10000
482,55,130,snd_sfx_atmos_roof_n,snd_sfx_atmos_roof_n,Story_bg_9002_General_Outdoor,3190000,0,10000,10000
483,210,410,snd_sfx_atmos_harbor_c,snd_sfx_atmos_harbor_c,Story_bg_9002_General_Outdoor,-1860000,0,10000,10000
484,211,6132,snd_sfx_atmos_stagemob_d,snd_sfx_atmos_stagemob_d,Story_bg_9002_General_Outdoor,-1440000,0,10000,10000
485,212,111,snd_sfx_atmos_zawazawa_d,snd_sfx_atmos_zawazawa_d,Story_bg_9002_General_Outdoor,0,0,10000,10000
486,213,130,snd_sfx_atmos_planetarium,snd_sfx_atmos_planetarium,Story_bg_0020_SchoolGym,-4210000,0,10000,10000
487,215,112,snd_sfx_atmos_hatumoude_d,snd_sfx_atmos_hatumoude_d,Story_bg_9002_General_Outdoor,-820000,0,10000,10000
488,217,130,snd_sfx_atmos_training_stand_n,snd_sfx_atmos_training_stand_n,Story_bg_9002_General_Outdoor,-1800000,0,10000,10000
489,110,430,snd_sfx_atmos_race_track_c,snd_sfx_atmos_race_track_c,Story_bg_9002_General_Outdoor,6080000,0,10000,10000
491,216,133,snd_sfx_atmos_training_stand_n,snd_sfx_atmos_training_stand_n,Story_bg_9002_General_Outdoor,720000,0,10000,10000
492,217,132,snd_sfx_atmos_training_stand_n,snd_sfx_atmos_training_stand_n,Story_bg_9002_General_Outdoor,-1800000,0,10000,10000
493,214,110,snd_sfx_atmos_namiki_d,snd_sfx_atmos_namiki_d,Story_bg_9002_General_Outdoor,-820000,0,10000,10000
494,215,131,snd_sfx_atmos_namiki_n,snd_sfx_atmos_namiki_n,Story_bg_9002_General_Outdoor,-820000,0,10000,10000
495,119,410,snd_sfx_atmos_race_track_c,snd_sfx_atmos_race_track_c,Story_bg_9002_General_Outdoor,11100000,0,10000,10000
496,219,110,snd_sfx_atmos_namiki_d,snd_sfx_atmos_namiki_d,Story_bg_9002_General_Outdoor,-3910000,0,10000,10000
497,220,111,snd_sfx_atmos_room_d,snd_sfx_atmos_room_d,Story_bg_9001_General_Indoor,40000,0,10000,10000
498,225,0,snd_sfx_atmos_gymnasium_d,snd_sfx_atmos_gymnasium_d,Story_bg_0020_SchoolGym,0,0,10000,10000
499,218,110,snd_sfx_atmos_room_d_noext,snd_sfx_atmos_room_d_noext,Story_bg_9001_General_Indoor,1470000,0,10000,10000
500,218,111,snd_sfx_atmos_cafe_d,snd_sfx_atmos_cafe_d,Story_bg_9001_General_Indoor,1470000,0,10000,10000
501,226,0,snd_sfx_atmos_kuukan,snd_sfx_atmos_kuukan,Story_bg_9002_General_Outdoor,0,0,10000,10000
502,218,120,snd_sfx_atmos_room_d_noext,snd_sfx_atmos_room_d_noext,Story_bg_9001_General_Indoor,1470000,0,10000,10000
503,218,121,snd_sfx_atmos_cafe_d,snd_sfx_atmos_cafe_d,Story_bg_9001_General_Indoor,1470000,0,10000,10000
504,223,110,snd_sfx_atmos_cafe_d,snd_sfx_atmos_cafe_d,Story_bg_0011_Cafeteria,4100000,0,10000,10000
505,224,0,snd_sfx_atmos_gymnasium_r,snd_sfx_atmos_gymnasium_r,Story_bg_0103_LiveStage,0,0,10000,10000
506,222,110,snd_sfx_atmos_room_d_noext,snd_sfx_atmos_room_d_noext,Story_bg_9001_General_Indoor,0,0,10000,10000
507,56,121,snd_sfx_atmos_stand_d_mob,snd_sfx_atmos_stand_d_mob,Story_bg_9002_General_Outdoor,810000,0,10000,10000
508,122,120,snd_sfx_atmos_namiki_e,snd_sfx_atmos_namiki_e,Story_bg_9002_General_Outdoor,-1000000,0,10000,10000
509,221,1,snd_sfx_atmos_zawazawa_d,snd_sfx_atmos_zawazawa_d,Story_bg_9001_General_Indoor,30000,0,10000,10000
510,134,110,snd_sfx_atmos_namiki_d,snd_sfx_atmos_namiki_d,Story_bg_9002_General_Outdoor,160000,0,10000,10000
511,166,130,snd_sfx_atmos_room_n_noext,snd_sfx_atmos_room_n_noext,Story_bg_9002_General_Outdoor,-70000,0,10000,10000
512,2,3110,snd_sfx_atmos_hiroba_d,snd_sfx_atmos_hiroba_d,Story_bg_9002_General_Outdoor,800000,0,10000,10000
513,2,5110,snd_sfx_atmos_hiroba_d,snd_sfx_atmos_hiroba_d,Story_bg_9002_General_Outdoor,800000,0,10000,10000
514,229,110,snd_sfx_atmos_namiki_d,snd_sfx_atmos_namiki_d,Story_bg_9002_General_Outdoor,2160000,0,10000,10000
515,229,111,snd_sfx_atmos_namiki_d,snd_sfx_atmos_namiki_d,Story_bg_9002_General_Outdoor,2160000,0,10000,10000
516,2,4110,snd_sfx_atmos_hiroba_d,snd_sfx_atmos_hiroba_d,Story_bg_9002_General_Outdoor,800000,0,10000,10000
517,227,0,snd_sfx_atmos_room_d_noext,snd_sfx_atmos_room_d_noext,Story_bg_9001_General_Indoor,1690000,0,10000,10000
518,229,121,snd_sfx_atmos_namiki_e,snd_sfx_atmos_namiki_e,Story_bg_9002_General_Outdoor,2160000,0,10000,10000
519,235,0,snd_sfx_atmos_hiroba_d,snd_sfx_atmos_hiroba_d,Story_bg_9002_General_Outdoor,0,0,10000,10000
520,228,111,snd_sfx_atmos_zawazawa_d,snd_sfx_atmos_zawazawa_d,Story_bg_9002_General_Outdoor,-11400000,0,10000,10000
521,228,131,snd_sfx_atmos_zawazawa_n,snd_sfx_atmos_zawazawa_n,Story_bg_9002_General_Outdoor,-11400000,0,10000,10000
522,231,0,snd_sfx_atmos_fire_burning,snd_sfx_atmos_fire_burning,Story_bg_9001_General_Indoor,-790000,0,10000,10000
523,212,411,snd_sfx_atmos_zawazawa_c,snd_sfx_atmos_zawazawa_c,Story_bg_9002_General_Outdoor,0,0,10000,10000
524,230,110,snd_sfx_atmos_ground_d,snd_sfx_atmos_ground_d,Story_bg_9002_General_Outdoor,14370000,0,10000,10000
525,234,0,snd_sfx_atmos_aozora_d,snd_sfx_atmos_aozora_d,Story_bg_9002_General_Outdoor,0,0,10000,10000
526,232,110,snd_sfx_atmos_room_d_noext,snd_sfx_atmos_room_d_noext,Story_bg_9001_General_Indoor,-3335000,0,10000,10000
527,232,112,snd_sfx_atmos_shoppingmall,snd_sfx_atmos_shoppingmall,Story_bg_9001_General_Indoor,-3335000,0,10000,10000
528,232,410,snd_sfx_atmos_room_d_noext,snd_sfx_atmos_room_d_noext,Story_bg_9001_General_Indoor,-3335000,0,10000,10000
529,232,412,snd_sfx_atmos_shoppingmall,snd_sfx_atmos_shoppingmall,Story_bg_9001_General_Indoor,-3335000,0,10000,10000
530,230,10112,snd_sfx_atmos_zawazawa_d,snd_sfx_atmos_zawazawa_d,Story_bg_9002_General_Outdoor,14370000,0,10000,10000
531,232,120,snd_sfx_atmos_room_d_noext,snd_sfx_atmos_room_d_noext,Story_bg_9001_General_Indoor,-3335000,0,10000,10000
534,236,110,snd_sfx_atmos_room_d_noext,snd_sfx_atmos_room_d_noext,Story_bg_9001_General_Indoor,2910000,0,10000,10000
535,237,111,snd_sfx_atmos_bar_diner,snd_sfx_atmos_bar_diner,Story_bg_9001_General_Indoor,12840000,0,10000,10000
536,239,111,snd_sfx_atmos_entrance_paris_d_mob,snd_sfx_atmos_entrance_paris_d_mob,Story_bg_9002_General_Outdoor,9200000,0,10000,10000
537,239,112,snd_sfx_atmos_entrance_paris_d_mob,snd_sfx_atmos_entrance_paris_d_mob,Story_bg_9002_General_Outdoor,9200000,0,10000,10000
538,239,411,snd_sfx_atmos_entrance_paris_c_mob,snd_sfx_atmos_entrance_paris_c_mob,Story_bg_9002_General_Outdoor,9200000,0,10000,10000
539,239,412,snd_sfx_atmos_entrance_paris_c_mob,snd_sfx_atmos_entrance_paris_c_mob,Story_bg_9002_General_Outdoor,9200000,0,10000,10000
540,236,120,snd_sfx_atmos_room_d_noext,snd_sfx_atmos_room_d_noext,Story_bg_9001_General_Indoor,2910000,0,10000,10000
541,236,130,snd_sfx_atmos_room_n_noext,snd_sfx_atmos_room_n_noext,Story_bg_9001_General_Indoor,2910000,0,10000,10000
542,236,140,snd_sfx_atmos_room_n_noext,snd_sfx_atmos_room_n_noext,Story_bg_9001_General_Indoor,2910000,0,10000,10000
543,240,110,snd_sfx_atmos_resort_pool_outdoor_d,snd_sfx_atmos_resort_pool_outdoor_d,Story_bg_9002_General_Outdoor,6630000,0,10000,10000
544,243,2110,snd_sfx_atmos_street_paris_river_d,snd_sfx_atmos_street_paris_river_d,Story_bg_9002_General_Outdoor,-50000,0,10000,10000
545,244,112,snd_sfx_atmos_street_d,snd_sfx_atmos_street_d,Story_bg_9002_General_Outdoor,630000,0,10000,10000
546,240,120,snd_sfx_atmos_resort_pool_outdoor_n,snd_sfx_atmos_resort_pool_outdoor_n,Story_bg_9002_General_Outdoor,6630000,0,10000,10000
547,242,110,snd_sfx_atmos_stand_paris_d_mob,snd_sfx_atmos_stand_paris_d_mob,Story_bg_9002_General_Outdoor,-2090000,0,10000,10000
548,243,3110,snd_sfx_atmos_street_paris_river_d,snd_sfx_atmos_street_paris_river_d,Story_bg_9002_General_Outdoor,-50000,0,10000,10000
549,241,111,snd_sfx_atmos_resort_street_d,snd_sfx_atmos_resort_street_d,Story_bg_9002_General_Outdoor,1580000,0,10000,10000
550,245,110,snd_sfx_atmos_stand_paris_d_nomob,snd_sfx_atmos_stand_paris_d_nomob,Story_bg_9002_General_Outdoor,9200000,0,10000,10000
551,245,111,snd_sfx_atmos_stand_paris_d,snd_sfx_atmos_stand_paris_d,Story_bg_9002_General_Outdoor,9200000,0,10000,10000
552,245,112,snd_sfx_atmos_stand_paris_d_mob,snd_sfx_atmos_stand_paris_d_mob,Story_bg_9002_General_Outdoor,9200000,0,10000,10000
553,246,110,snd_sfx_atmos_wide_room_quiet,snd_sfx_atmos_wide_room_quiet,Story_bg_9001_General_Indoor,100000,0,10000,10000
554,70,130,snd_sfx_atmos_roof_n,snd_sfx_atmos_roof_n,Story_bg_9002_General_Outdoor,14380000,0,10000,10000
555,157,110,snd_sfx_atmos_namiki_d,snd_sfx_atmos_namiki_d,Story_bg_9002_General_Outdoor,5580000,0,10000,10000
556,247,2,snd_sfx_atmos_cafe_d,snd_sfx_atmos_cafe_d,Story_bg_9001_General_Indoor,1730000,0,10000,10000
557,245,410,snd_sfx_atmos_stand_paris_c_nomob,snd_sfx_atmos_stand_paris_c_nomob,Story_bg_9002_General_Outdoor,9200000,0,10000,10000
558,245,411,snd_sfx_atmos_stand_paris_c,snd_sfx_atmos_stand_paris_c,Story_bg_9002_General_Outdoor,9200000,0,10000,10000
559,245,412,snd_sfx_atmos_stand_paris_c_mob,snd_sfx_atmos_stand_paris_c_mob,Story_bg_9002_General_Outdoor,9200000,0,10000,10000
560,251,0,,,,0,0,10000,10000
561,251,1,,,,0,0,10000,10000
562,252,0,,,,0,0,10000,10000
563,253,0,,,,0,0,10000,10000
564,181,130,snd_sfx_atmos_namiki_n,snd_sfx_atmos_namiki_n,Story_bg_9002_General_Outdoor,14430000,0,10000,10000
565,212,130,snd_sfx_atmos_training_stand_n,snd_sfx_atmos_training_stand_n,Story_bg_9002_General_Outdoor,0,0,10000,10000
566,249,0,snd_sfx_atmos_winter_wind_howling,snd_sfx_atmos_winter_wind_howling,Story_bg_9002_General_Outdoor,210000,0,10000,10000
567,250,0,snd_sfx_atmos_room_n_noext,snd_sfx_atmos_room_n_noext,Story_bg_0015_Gym,-9820000,0,10000,10000
568,123,130,snd_sfx_atmos_mori_n,snd_sfx_atmos_mori_n,Story_bg_9002_General_Outdoor,-720000,0,10000,10000
569,192,115,snd_sfx_atmos_beach_d,snd_sfx_atmos_beach_d,Story_bg_9002_General_Outdoor,-1240000,0,10000,10000
570,246,130,snd_sfx_atmos_wide_room_quiet,snd_sfx_atmos_wide_room_quiet,Story_bg_9001_General_Indoor,100000,0,10000,10000
571,248,130,snd_sfx_atmos_syoutengai_n,snd_sfx_atmos_syoutengai_n,Story_bg_9002_General_Outdoor,1340000,0,10000,10000
572,31,410,snd_sfx_atmos_namiki_c,snd_sfx_atmos_namiki_c,Story_bg_9002_General_Outdoor,1910000,0,10000,10000
573,242,410,snd_sfx_atmos_stand_paris_c_mob,snd_sfx_atmos_stand_paris_c_mob,Story_bg_9002_General_Outdoor,-2090000,0,10000,10000
574,121,140,snd_sfx_atmos_room_n_noext,snd_sfx_atmos_room_n_noext,Story_bg_9001_General_Indoor,6505000,0,10000,10000
575,259,111,snd_sfx_atmos_gymnasium_nomob_n,snd_sfx_atmos_gymnasium_nomob_n,Story_bg_0020_SchoolGym,5380000,0,10000,10000
576,212,110,snd_sfx_atmos_roof_d,snd_sfx_atmos_roof_d,Story_bg_9002_General_Outdoor,0,0,10000,10000
577,212,410,snd_sfx_atmos_stand_cloudy_nomob,snd_sfx_atmos_stand_cloudy_nomob,Story_bg_9002_General_Outdoor,0,0,10000,10000
578,257,7410,snd_sfx_atmos_aozora_c,snd_sfx_atmos_aozora_c,Story_bg_9002_General_Outdoor,1330000,0,10000,10000
579,258,131,snd_sfx_atmos_street_n,snd_sfx_atmos_street_n,Story_bg_9002_General_Outdoor,-1900000,0,10000,10000
580,255,110,snd_sfx_atmos_room_d,snd_sfx_atmos_room_d,Story_bg_9001_General_Indoor,15770000,0,10000,10000
581,256,110,snd_sfx_atmos_room_d_noext,snd_sfx_atmos_room_d_noext,Story_bg_9001_General_Indoor,-6910000,0,10000,10000
582,245,130,snd_sfx_atmos_stand_paris_n_nomob,snd_sfx_atmos_stand_paris_n_nomob,Story_bg_9002_General_Outdoor,9200000,0,10000,10000
583,257,7430,snd_sfx_atmos_campfire_n_nomob,snd_sfx_atmos_campfire_n_nomob,Story_bg_9002_General_Outdoor,1330000,0,10000,10000
584,114,431,snd_sfx_atmos_zawazawa_n,snd_sfx_atmos_zawazawa_n,Story_bg_9002_General_Outdoor,11100000,0,10000,10000
585,260,110,snd_sfx_atmos_namiki_d,snd_sfx_atmos_namiki_d,Story_bg_9002_General_Outdoor,4140000,0,10000,10000
586,261,110,snd_sfx_atmos_namiki_d,snd_sfx_atmos_namiki_d,Story_bg_9002_General_Outdoor,650000,0,10000,10000
587,262,0,snd_sfx_atmos_kaiken_d,snd_sfx_atmos_kaiken_d,Story_bg_0075_Press_Conference,1765000,0,10009,10000
588,261,136,snd_sfx_atmos_zawazawa_n,snd_sfx_atmos_zawazawa_n,Story_bg_9002_General_Outdoor,650000,0,10000,10000
589,104,112,snd_sfx_atmos_gymnasium_d,snd_sfx_atmos_gymnasium_d,Story_bg_0020_SchoolGym,120000,0,10000,10000
590,260,133,snd_sfx_atmos_namiki_n,snd_sfx_atmos_namiki_n,Story_bg_9002_General_Outdoor,4140000,0,10000,10000
591,185,110,snd_sfx_atmos_namiki_d,snd_sfx_atmos_namiki_d,Story_bg_9002_General_Outdoor,4670000,0,10000,10000
592,34,6131,snd_sfx_atmos_yuuenti_n,snd_sfx_atmos_yuuenti_n,Story_bg_9002_General_Outdoor,4100000,0,10000,10000
593,146,6131,snd_sfx_atmos_zawazawa_n,snd_sfx_atmos_zawazawa_n,Story_bg_9002_General_Outdoor,-8160000,0,10000,10000
594,264,110,snd_sfx_atmos_training_stand_d,snd_sfx_atmos_training_stand_d,Story_bg_9002_General_Outdoor,970000,0,10000,10000
595,264,111,snd_sfx_atmos_training_stand_d_mob,snd_sfx_atmos_training_stand_d_mob,Story_bg_9002_General_Outdoor,970000,0,10000,10000
596,264,112,snd_sfx_atmos_training_stand_d_mob,snd_sfx_atmos_training_stand_d_mob,Story_bg_9002_General_Outdoor,970000,0,10000,10000
597,263,2111,snd_sfx_atmos_street_losangeles_d,snd_sfx_atmos_street_losangeles_d,Story_bg_9002_General_Outdoor,3430000,0,10000,10000
598,38,1,snd_sfx_atmos_room_n_noext,snd_sfx_atmos_room_n_noext,Story_bg_9001_General_Indoor,0,0,10000,10000
599,1,2111,snd_sfx_atmos_tokubetu_d,snd_sfx_atmos_tokubetu_d,Story_bg_9001_General_Indoor,0,0,10000,10000
600,1,4111,snd_sfx_atmos_tokubetu_d,snd_sfx_atmos_tokubetu_d,Story_bg_9001_General_Indoor,0,0,10000,10000
601,1,5111,snd_sfx_atmos_tokubetu_d,snd_sfx_atmos_tokubetu_d,Story_bg_9001_General_Indoor,0,0,10000,10000
602,1,12111,snd_sfx_atmos_tokubetu_d,snd_sfx_atmos_tokubetu_d,Story_bg_9001_General_Indoor,0,0,10000,10000
603,88,110,snd_sfx_atmos_roof_d,snd_sfx_atmos_roof_d,Story_bg_9002_General_Outdoor,0,0,10000,10000
604,230,4110,snd_sfx_atmos_namiki_winter_d,snd_sfx_atmos_namiki_winter_d,Story_bg_9002_General_Outdoor,14370000,0,10000,10000
605,265,131,snd_sfx_atmos_dubai_creek_street_n,snd_sfx_atmos_dubai_creek_street_n,Story_bg_9002_General_Outdoor,4295000,0,10009,10000
606,266,112,snd_sfx_atmos_entrance_d,snd_sfx_atmos_entrance_d,Story_bg_9002_General_Outdoor,-10460000,0,10000,10000
607,267,111,snd_sfx_atmos_entrance_d,snd_sfx_atmos_entrance_d,Story_bg_9002_General_Outdoor,7010000,0,10000,10000
609,269,111,snd_sfx_atmos_training_stand_d_mob_crowded,snd_sfx_atmos_training_stand_d_mob_crowded,Story_bg_9002_General_Outdoor,-3270000,0,10000,10000
610,230,3110,snd_sfx_atmos_ground_d,snd_sfx_atmos_ground_d,Story_bg_9002_General_Outdoor,14370000,0,10000,10000
611,230,5110,snd_sfx_atmos_ground_d,snd_sfx_atmos_ground_d,Story_bg_9002_General_Outdoor,14370000,0,10000,10000
612,270,0,snd_sfx_atmos_ambi_pandrabox,snd_sfx_atmos_ambi_pandrabox,Story_bg_0050_UmaSpace,9930000,0,10000,10000
613,3,9110,snd_sfx_atmos_namiki_winter_d,snd_sfx_atmos_namiki_winter_d,Story_bg_9002_General_Outdoor,9175000,0,10009,10000
614,233,111,snd_sfx_atmos_theater_mob,snd_sfx_atmos_theater_mob,Story_bg_9001_General_Indoor,2000000,0,10000,10000
615,271,0,snd_sfx_atmos_room_d_noext,snd_sfx_atmos_room_d_noext,Story_bg_9001_General_Indoor,2160000,0,10000,10000
616,271,1,snd_sfx_atmos_room_d_noext,snd_sfx_atmos_room_d_noext,Story_bg_9001_General_Indoor,2160000,0,10000,10000
617,272,110,snd_sfx_atmos_ground_d,snd_sfx_atmos_ground_d,Story_bg_9002_General_Outdoor,-7490000,0,10000,10000
618,272,111,snd_sfx_atmos_training_stand_d_mob,snd_sfx_atmos_training_stand_d_mob,Story_bg_9002_General_Outdoor,-7490000,0,10000,10000
619,218,130,snd_sfx_atmos_room_n_noext,snd_sfx_atmos_room_n_noext,Story_bg_9001_General_Indoor,1470000,0,10000,10000
620,271,40,snd_sfx_atmos_room_n_noext,snd_sfx_atmos_room_n_noext,Story_bg_9001_General_Indoor,2160000,0,10000,10000
621,271,13002,snd_sfx_atmos_hall_party_mob,snd_sfx_atmos_hall_party_mob,Story_bg_9001_General_Indoor,2160000,0,10000,10000
622,273,110,snd_sfx_atmos_room_d,snd_sfx_atmos_room_d,Story_bg_9001_General_Indoor,5630000,0,10000,10000
623,56,131,snd_sfx_atmos_stand_n_mob,snd_sfx_atmos_stand_n_mob,Story_bg_9002_General_Outdoor,810000,0,10000,10000
624,212,120,snd_sfx_atmos_roof_e,snd_sfx_atmos_roof_e,Story_bg_9002_General_Outdoor,0,0,10000,10000
625,212,121,snd_sfx_atmos_zawazawa_e,snd_sfx_atmos_zawazawa_e,Story_bg_9002_General_Outdoor,0,0,10000,10000
626,275,110,snd_sfx_atmos_super_express,snd_sfx_atmos_super_express,Story_bg_9001_General_Indoor,-1395000,0,10009,10000
627,276,0,snd_sfx_atmos_aozora_d,snd_sfx_atmos_aozora_d,Story_bg_9002_General_Outdoor,1170000,0,10000,10000
628,276,1,snd_sfx_atmos_aozora_d,snd_sfx_atmos_aozora_d,Story_bg_9002_General_Outdoor,0,0,10000,10000
629,277,110,snd_sfx_atmos_training_stand_d,snd_sfx_atmos_training_stand_d,Story_bg_9002_General_Outdoor,0,0,10000,10000
630,278,110,snd_sfx_atmos_stand_d,snd_sfx_atmos_stand_d,Story_bg_9002_General_Outdoor,0,0,10000,10000
631,56,431,snd_sfx_atmos_stand_c_mob,snd_sfx_atmos_stand_c_mob,Story_bg_9002_General_Outdoor,810000,0,10000,10000
632,212,112,snd_sfx_atmos_zawazawa_d,snd_sfx_atmos_zawazawa_d,Story_bg_9002_General_Outdoor,0,0,10000,10000
633,212,122,snd_sfx_atmos_zawazawa_e,snd_sfx_atmos_zawazawa_e,Story_bg_9002_General_Outdoor,0,0,10000,10000
635,212,132,snd_sfx_atmos_zawazawa_n,snd_sfx_atmos_zawazawa_n,Story_bg_9002_General_Outdoor,0,0,10000,10000
636,212,412,snd_sfx_atmos_zawazawa_c,snd_sfx_atmos_zawazawa_c,Story_bg_9002_General_Outdoor,0,0,10000,10000
637,212,430,snd_sfx_atmos_stand_cloudy_nomob,snd_sfx_atmos_stand_cloudy_nomob,Story_bg_9002_General_Outdoor,0,0,10000,10000
640,231,1,snd_sfx_atmos_fire_burning,snd_sfx_atmos_fire_burning,Story_bg_9001_General_Indoor,-790000,0,10000,10000
643,274,110,snd_sfx_atmos_namiki_d,snd_sfx_atmos_namiki_d,Story_bg_9002_General_Outdoor,1010000,0,10000,10000
644,57,5110,snd_sfx_atmos_hatake_d,snd_sfx_atmos_hatake_d,Story_bg_9002_General_Outdoor,-4080000,0,10000,10000
645,275,130,snd_sfx_atmos_super_express,snd_sfx_atmos_super_express,Story_bg_9001_General_Indoor,-1395000,0,10009,10000
646,279,30,snd_sfx_atmos_hall_party_mob,snd_sfx_atmos_hall_party_mob,Story_bg_0020_SchoolGym,120000,0,10000,10000
647,281,110,snd_sfx_atmos_stand_usa_d,snd_sfx_atmos_stand_usa_d,Story_bg_9002_General_Outdoor,-1930000,0,10000,10000
648,283,111,snd_sfx_atmos_onsen_city_d,snd_sfx_atmos_onsen_city_d,Story_bg_9002_General_Outdoor,14130000,0,10000,10000
649,284,0,snd_sfx_atmos_cyber_space,snd_sfx_atmos_cyber_space,Story_bg_0050_UmaSpace,13810000,0,10000,10000
650,280,0,snd_sfx_atmos_room_d_noext,snd_sfx_atmos_room_d_noext,Story_bg_9001_General_Indoor,505000,0,10009,10000
651,57,3110,snd_sfx_atmos_hatake_d,snd_sfx_atmos_hatake_d,Story_bg_9002_General_Outdoor,-4080000,0,10000,10000
652,57,4110,snd_sfx_atmos_namiki_winter_d,snd_sfx_atmos_namiki_winter_d,Story_bg_9002_General_Outdoor,-4080000,0,10000,10000
653,286,110,snd_sfx_atmos_hatake_d,snd_sfx_atmos_hatake_d,Story_bg_9002_General_Outdoor,-4080000,0,10000,10000
654,286,113,snd_sfx_atmos_hatake_d,snd_sfx_atmos_hatake_d,Story_bg_9002_General_Outdoor,-4080000,0,10000,10000
655,288,0,snd_sfx_atmos_room_d_noext,snd_sfx_atmos_room_d_noext,Story_bg_9001_General_Indoor,1720000,0,10000,10000
656,287,112,snd_sfx_atmos_seiteikoumon_d,snd_sfx_atmos_seiteikoumon_d,Story_bg_9002_General_Outdoor,3630000,0,10000,10000
657,285,110,snd_sfx_atmos_namiki_d,snd_sfx_atmos_namiki_d,Story_bg_9002_General_Outdoor,2780000,0,10000,10000
658,285,113,snd_sfx_atmos_namiki_d,snd_sfx_atmos_namiki_d,Story_bg_9002_General_Outdoor,2780000,0,10000,10000
659,289,111,snd_sfx_atmos_ship_wheelhouse,snd_sfx_atmos_ship_wheelhouse,Story_bg_9001_General_Indoor,5100000,0,10000,10000
660,293,110,snd_sfx_atmos_room_d_noext,snd_sfx_atmos_room_d_noext,Story_bg_9001_General_Indoor,4580000,0,10000,10000
661,164,0,snd_sfx_atmos_wide_room_quiet,snd_sfx_atmos_wide_room_quiet,Story_bg_9001_General_Indoor,4130000,0,10000,10000
662,290,0,snd_sfx_atmos_horror_indoor,snd_sfx_atmos_horror_indoor,Story_bg_9001_General_Indoor,1710000,0,10000,10000
663,291,0,snd_sfx_atmos_horror_indoor,snd_sfx_atmos_horror_indoor,Story_bg_9001_General_Indoor,5240000,0,10000,10000
664,286,120,snd_sfx_atmos_hatake_e,snd_sfx_atmos_hatake_e,Story_bg_9001_General_Indoor,-4080000,0,10000,10000
665,292,111,snd_sfx_atmos_koubai_d,snd_sfx_atmos_koubai_d,Story_bg_9001_General_Indoor,-780000,0,10000,10000
666,295,111,snd_sfx_atmos_wide_room_quiet,snd_sfx_atmos_wide_room_quiet,Story_bg_9001_General_Indoor,850000,0,10000,10000
667,168,0,snd_sfx_atmos_room_d_noext,snd_sfx_atmos_room_d_noext,Story_bg_9001_General_Indoor,-7665000,0,10009,10000
668,37,430,snd_sfx_atmos_horror_indoor,snd_sfx_atmos_horror_indoor,Story_bg_9002_General_Outdoor,0,0,10000,10000
669,286,123,snd_sfx_atmos_hatake_e,snd_sfx_atmos_hatake_e,Story_bg_9002_General_Outdoor,-4080000,0,10000,10000
670,297,110,snd_sfx_atmos_gymnasium_r,snd_sfx_atmos_gymnasium_r,Story_bg_0015_Gym,1330000,0,10000,10000
671,296,110,snd_sfx_atmos_room_d,snd_sfx_atmos_room_d,Story_bg_9001_General_Indoor,-2050000,0,10000,10000
672,185,120,snd_sfx_atmos_namiki_e,snd_sfx_atmos_namiki_e,Story_bg_9002_General_Outdoor,4670000,0,10000,10000
673,185,122,snd_sfx_atmos_training_stand_e_mob,snd_sfx_atmos_training_stand_e_mob,Story_bg_9002_General_Outdoor,4670000,0,10000,10000
674,300,110,snd_sfx_atmos_roof_d,snd_sfx_atmos_roof_d,Story_bg_9002_General_Outdoor,8890000,0,10000,10000
675,300,111,snd_sfx_atmos_zawazawa_d,snd_sfx_atmos_zawazawa_d,Story_bg_9002_General_Outdoor,8890000,0,10000,10000
676,300,112,snd_sfx_atmos_stand_d_mob,snd_sfx_atmos_stand_d_mob,Story_bg_9002_General_Outdoor,8890000,0,10000,10000
677,185,130,snd_sfx_atmos_namiki_n,snd_sfx_atmos_namiki_n,Story_bg_9002_General_Outdoor,4670000,0,10000,10000
678,185,132,snd_sfx_atmos_stand_n_mob,snd_sfx_atmos_stand_n_mob,Story_bg_9002_General_Outdoor,4670000,0,10000,10000
679,300,410,snd_sfx_atmos_training_stand_c,snd_sfx_atmos_training_stand_c,Story_bg_9002_General_Outdoor,8890000,0,10000,10000
680,300,411,snd_sfx_atmos_zawazawa_c,snd_sfx_atmos_zawazawa_c,Story_bg_9002_General_Outdoor,8890000,0,10000,10000
681,300,412,snd_sfx_atmos_stand_c_mob,snd_sfx_atmos_stand_c_mob,Story_bg_9002_General_Outdoor,8890000,0,10000,10000
682,301,110,snd_sfx_atmos_mujin_d,snd_sfx_atmos_mujin_d,Story_bg_9002_General_Outdoor,230000,0,10000,10000
683,282,0,snd_sfx_atmos_sea_wave,snd_sfx_atmos_sea_wave,Story_bg_9002_General_Outdoor,-2700000,0,10000,10000
684,301,120,snd_sfx_atmos_beach_nomob_e,snd_sfx_atmos_beach_nomob_e,Story_bg_9002_General_Outdoor,230000,0,10000,10000
685,301,130,snd_sfx_atmos_beach_n,snd_sfx_atmos_beach_n,Story_bg_9002_General_Outdoor,230000,0,10000,10000
686,302,0,snd_sfx_atmos_dash_full_speed_spark,snd_sfx_atmos_dash_full_speed_spark,Story_bg_9002_General_Outdoor,110000,0,10000,10000
687,28,411,snd_sfx_atmos_station_c,snd_sfx_atmos_station_c,Story_bg_9002_General_Outdoor,130000,0,10000,10000
688,299,0,snd_sfx_atmos_koubai_d,snd_sfx_atmos_koubai_d,Story_bg_9001_General_Indoor,-250000,0,10000,10000
689,181,120,snd_sfx_atmos_namiki_e,snd_sfx_atmos_namiki_e,Story_bg_9002_General_Outdoor,14430000,0,10000,10000
690,29,110,snd_sfx_atmos_street_d,snd_sfx_atmos_street_d,Story_bg_9002_General_Outdoor,-8100000,0,10000,10000
691,305,0,snd_sfx_atmos_room_d_noext,snd_sfx_atmos_room_d_noext,Story_bg_9001_General_Indoor,3520000,0,10000,10000
692,298,110,snd_sfx_atmos_street_d,snd_sfx_atmos_street_d,Story_bg_9002_General_Outdoor,4140000,0,10000,10000
693,307,111,snd_sfx_atmos_paddock_usa_d,snd_sfx_atmos_paddock_usa_d,Story_bg_9002_General_Outdoor,630000,0,10000,10000
694,303,110,snd_sfx_atmos_robot_laboratory,snd_sfx_atmos_robot_laboratory,Story_bg_0035_Theater,1010000,0,10000,10000
695,306,131,snd_sfx_atmos_namiki_n,snd_sfx_atmos_namiki_n,Story_bg_9002_General_Outdoor,3670000,0,10000,10000
696,303,140,snd_sfx_atmos_room_n_noext,snd_sfx_atmos_room_n_noext,Story_bg_0035_Theater,1010000,0,10000,10000
697,6,113,snd_sfx_atmos_room_d_noext,snd_sfx_atmos_room_d_noext,Story_bg_9001_General_Indoor,-4210000,0,10000,10000
698,308,0,snd_sfx_atmos_room_d_noext,snd_sfx_atmos_room_d_noext,Story_bg_9001_General_Indoor,-9740000,0,10000,10000
699,311,110,snd_sfx_atmos_zawazawa_d,snd_sfx_atmos_zawazawa_d,Story_bg_9002_General_Outdoor,-2320000,0,10000,10000
700,311,111,snd_sfx_atmos_stagemob_d,snd_sfx_atmos_stagemob_d,Story_bg_9002_General_Outdoor,-2320000,0,10000,10000
702,304,0,snd_sfx_atmos_cyber_space,snd_sfx_atmos_cyber_space,Story_bg_9001_General_Indoor,0,0,10000,10000
703,36,0,snd_sfx_atmos_gamecenter,snd_sfx_atmos_gamecenter,Story_bg_9001_General_Indoor,-4370000,0,10000,10000
704,310,110,snd_sfx_atmos_namiki_d,snd_sfx_atmos_namiki_d,Story_bg_9002_General_Outdoor,930000,0,10000,10000
705,310,111,snd_sfx_atmos_stand_d_mob,snd_sfx_atmos_stand_d_mob,Story_bg_9002_General_Outdoor,930000,0,10000,10000
706,309,110,snd_sfx_atmos_room_d_noext,snd_sfx_atmos_room_d_noext,Story_bg_0020_SchoolGym,3790000,0,10000,10000
707,259,114,snd_sfx_atmos_stand_girl,snd_sfx_atmos_stand_girl,Story_bg_0020_SchoolGym,5380000,0,10000,10000
708,310,120,snd_sfx_atmos_namiki_w,snd_sfx_atmos_namiki_w,Story_bg_9002_General_Outdoor,930000,0,10000,10000
709,310,121,snd_sfx_atmos_stand_n_mob,snd_sfx_atmos_stand_n_mob,Story_bg_9002_General_Outdoor,930000,0,10000,10000
710,312,111,snd_sfx_atmos_namiki_d,snd_sfx_atmos_namiki_d,Story_bg_9002_General_Outdoor,13950000,0,10000,10000
711,312,110,snd_sfx_atmos_namiki_d,snd_sfx_atmos_namiki_d,Story_bg_9002_General_Outdoor,13950000,0,10000,10000
712,313,0,snd_sfx_atmos_room_d_noext,snd_sfx_atmos_room_d_noext,Story_bg_9001_General_Indoor,30000,0,10000,10000
713,313,5,snd_sfx_atmos_stand_small_mob,snd_sfx_atmos_stand_small_mob,Story_bg_9001_General_Indoor,30000,0,10000,10000
714,314,0,snd_sfx_atmos_underwater,snd_sfx_atmos_underwater,Story_bg_0050_UmaSpace,14590000,0,10000,10000
715,315,1110,snd_sfx_atmos_namiki_d,snd_sfx_atmos_namiki_d,Story_bg_9002_General_Outdoor,6990000,0,10000,10000
716,315,2110,snd_sfx_atmos_namiki_d,snd_sfx_atmos_namiki_d,Story_bg_9002_General_Outdoor,6990000,0,10000,10000
717,315,3110,snd_sfx_atmos_namiki_w,snd_sfx_atmos_namiki_w,Story_bg_9002_General_Outdoor,6990000,0,10000,10000
718,315,4110,snd_sfx_atmos_namiki_winter_d,snd_sfx_atmos_namiki_winter_d,Story_bg_9002_General_Outdoor,6990000,0,10000,10000
719,318,110,snd_sfx_atmos_shine_sparkle,snd_sfx_atmos_shine_sparkle,Story_bg_9001_General_Indoor,0,0,10000,10000
720,283,121,snd_sfx_atmos_onsen_city_e,snd_sfx_atmos_onsen_city_e,Story_bg_9002_General_Outdoor,14130000,0,10000,10000
721,283,131,snd_sfx_atmos_onsen_city_n,snd_sfx_atmos_onsen_city_n,Story_bg_9002_General_Outdoor,14130000,0,10000,10000
722,316,111,snd_sfx_atmos_zawazawa_d,snd_sfx_atmos_zawazawa_d,Story_bg_9002_General_Outdoor,1050000,0,10000,10000
723,316,112,snd_sfx_atmos_zawazawa_d,snd_sfx_atmos_zawazawa_d,Story_bg_9002_General_Outdoor,1050000,0,10000,10000
724,317,111,snd_sfx_atmos_yuuenti_d,snd_sfx_atmos_yuuenti_d,Story_bg_9002_General_Outdoor,1280000,0,10000,10000
725,66,121,snd_sfx_atmos_platform_e,snd_sfx_atmos_platform_e,Story_bg_9002_General_Outdoor,-4480000,0,10000,10000
726,146,6111,snd_sfx_atmos_zawazawa_d,snd_sfx_atmos_zawazawa_d,Story_bg_9002_General_Outdoor,-8160000,0,10000,10000
727,146,6112,snd_sfx_atmos_zawazawa_d,snd_sfx_atmos_zawazawa_d,Story_bg_9002_General_Outdoor,-8160000,0,10000,10000
728,316,6111,snd_sfx_atmos_zawazawa_d,snd_sfx_atmos_zawazawa_d,Story_bg_9002_General_Outdoor,1050000,0,10000,10000
729,316,6112,snd_sfx_atmos_zawazawa_d,snd_sfx_atmos_zawazawa_d,Story_bg_9002_General_Outdoor,1050000,0,10000,10000
730,317,6111,snd_sfx_atmos_yuuenti_d,snd_sfx_atmos_yuuenti_d,Story_bg_9002_General_Outdoor,1280000,0,10000,10000
731,283,4311,snd_sfx_atmos_onsen_city_d,snd_sfx_atmos_onsen_city_d,Story_bg_9002_General_Outdoor,14130000,0,10000,10000
732,319,110,snd_sfx_atmos_ground_d,snd_sfx_atmos_ground_d,Story_bg_9002_General_Outdoor,1760000,0,10000,10000
733,319,111,snd_sfx_atmos_ground_d,snd_sfx_atmos_ground_d,Story_bg_9002_General_Outdoor,1760000,0,10000,10000
734,320,110,snd_sfx_atmos_tikabado_d,snd_sfx_atmos_tikabado_d,Story_bg_0054_Tunnel,-800000,0,10000,10000
735,321,112,snd_sfx_atmos_gymnasium_d,snd_sfx_atmos_gymnasium_d,Story_bg_0020_SchoolGym,5380000,0,10000,10000
736,5,4330,snd_sfx_atmos_namiki_w,snd_sfx_atmos_namiki_w,Story_bg_9002_General_Outdoor,-3500000,0,10000,10000
737,56,112,snd_sfx_atmos_stand_d_mob,snd_sfx_atmos_stand_d_mob,Story_bg_9002_General_Outdoor,810000,0,10000,10000
738,56,412,snd_sfx_atmos_stand_c_mob,snd_sfx_atmos_stand_c_mob,Story_bg_9002_General_Outdoor,810000,0,10000,10000
740,322,111,snd_sfx_atmos_street_d,snd_sfx_atmos_street_d,Story_bg_9002_General_Outdoor,-1100000,0,10000,10000
741,323,110,snd_sfx_atmos_room_d_noext,snd_sfx_atmos_room_d_noext,Story_bg_9001_General_Indoor,330000,0,10000,10000
742,323,111,snd_sfx_atmos_hall_party_mob,snd_sfx_atmos_hall_party_mob,Story_bg_9001_General_Indoor,330000,0,10000,10000
743,324,110,snd_sfx_atmos_room_d_noext,snd_sfx_atmos_room_d_noext,Story_bg_9001_General_Indoor,2940000,0,10000,10000
744,325,0,snd_sfx_atmos_namiki_w,snd_sfx_atmos_namiki_w,Story_bg_9002_General_Outdoor,2940000,0,10000,10000
745,326,0,snd_sfx_atmos_namiki_w,snd_sfx_atmos_namiki_w,Story_bg_9002_General_Outdoor,2940000,0,10000,10000
746,327,0,snd_sfx_atmos_namiki_w,snd_sfx_atmos_namiki_w,Story_bg_9002_General_Outdoor,2940000,0,10000,10000
747,327,1,snd_sfx_atmos_namiki_w,snd_sfx_atmos_namiki_w,Story_bg_9002_General_Outdoor,2940000,0,10000,10000
748,70,4315,snd_sfx_atmos_training_stand_d_mob,snd_sfx_atmos_training_stand_d_mob,Story_bg_9002_General_Outdoor,0,0,10000,10000
749,70,4353,snd_sfx_atmos_ground_d,snd_sfx_atmos_ground_d,Story_bg_9002_General_Outdoor,0,0,10000,10000
750,70,4355,snd_sfx_atmos_training_stand_d_mob,snd_sfx_atmos_training_stand_d_mob,Story_bg_9002_General_Outdoor,0,0,10000,10000
751,283,4330,snd_sfx_atmos_onsen_city_n,snd_sfx_atmos_onsen_city_n,Story_bg_9002_General_Outdoor,14130000,0,10000,10000
752,317,6110,snd_sfx_atmos_yuuenti_d,snd_sfx_atmos_yuuenti_d,Story_bg_9002_General_Outdoor,1280000,0,10000,10000
753,329,0,snd_sfx_atmos_koubai_d,snd_sfx_atmos_koubai_d,Story_bg_9001_General_Indoor,-9370000,0,10000,10000
754,330,0,snd_sfx_atmos_room_d,snd_sfx_atmos_room_d,Story_bg_9001_General_Indoor,-3180000,0,10000,10000
755,165,121,snd_sfx_atmos_paddock_d,snd_sfx_atmos_paddock_d,Story_bg_9002_General_Outdoor,-835000,0,10000,10000
756,165,131,snd_sfx_atmos_paddock_c,snd_sfx_atmos_paddock_c,Story_bg_9002_General_Outdoor,-835000,0,10000,10000
757,331,0,snd_sfx_atmos_room_d_noext,snd_sfx_atmos_room_d_noext,Story_bg_0020_SchoolGym,10000,0,10000,10000
758,336,31,snd_sfx_atmos_hall_party_mob,snd_sfx_atmos_hall_party_mob,Story_bg_0020_SchoolGym,10100000,-10000,10000,10000
759,170,133,snd_sfx_atmos_hall_party_mob,snd_sfx_atmos_hall_party_mob,Story_bg_0020_SchoolGym,9770000,0,10000,10000
760,332,0,snd_sfx_atmos_room_d_noext,snd_sfx_atmos_room_d_noext,Story_bg_9001_General_Indoor,560000,0,10000,10000
761,332,1,snd_sfx_atmos_koubai_d,snd_sfx_atmos_koubai_d,Story_bg_9001_General_Indoor,560000,0,10000,10000
762,334,110,snd_sfx_atmos_namiki_d,snd_sfx_atmos_namiki_d,Story_bg_9002_General_Outdoor,9160000,0,10000,10000
763,334,150,snd_sfx_atmos_namiki_d,snd_sfx_atmos_namiki_d,Story_bg_9002_General_Outdoor,9160000,0,10000,10000
764,70,120,snd_sfx_atmos_ground_d,snd_sfx_atmos_ground_d,Story_bg_9002_General_Outdoor,0,0,10000,10000
765,333,110,snd_sfx_atmos_room_d_noext,snd_sfx_atmos_room_d_noext,Story_bg_9001_General_Indoor,10000,0,10000,10000
766,333,111,snd_sfx_atmos_shoppingmall,snd_sfx_atmos_shoppingmall,Story_bg_9001_General_Indoor,10000,0,10000,10000
767,53,3110,snd_sfx_atmos_namiki_d,snd_sfx_atmos_namiki_d,Story_bg_9002_General_Outdoor,8950000,0,10000,10000
768,53,4110,snd_sfx_atmos_namiki_d,snd_sfx_atmos_namiki_d,Story_bg_9002_General_Outdoor,8950000,0,10000,10000
769,53,5110,snd_sfx_atmos_namiki_d,snd_sfx_atmos_namiki_d,Story_bg_9002_General_Outdoor,8950000,0,10000,10000
770,165,110,snd_sfx_atmos_namiki_d,snd_sfx_atmos_namiki_d,Story_bg_9002_General_Outdoor,-835000,0,10009,10000
771,335,110,snd_sfx_atmos_namiki_d,snd_sfx_atmos_namiki_d,Story_bg_9002_General_Outdoor,-820000,0,10000,10000
772,335,112,snd_sfx_atmos_hatumoude_d,snd_sfx_atmos_hatumoude_d,Story_bg_9002_General_Outdoor,-820000,0,10000,10000
773,337,110,snd_sfx_atmos_namiki_d,snd_sfx_atmos_namiki_d,Story_bg_9002_General_Outdoor,-3400000,0,10000,10000
774,338,110,snd_sfx_atmos_room_d_noext,snd_sfx_atmos_room_d_noext,Story_bg_9001_General_Indoor,-13910000,0,10000,10000
775,339,110,snd_sfx_atmos_mujin_sea,snd_sfx_atmos_mujin_sea,Story_bg_9002_General_Outdoor,1050000,0,10000,10000
776,340,110,snd_sfx_atmos_jungle,snd_sfx_atmos_jungle,Story_bg_9002_General_Outdoor,560000,0,10000,10000
777,320,130,snd_sfx_atmos_room_n_noext,snd_sfx_atmos_room_n_noext,Story_bg_0054_Tunnel,-800000,0,10000,10000
778,337,17131,snd_sfx_atmos_stagemob_d,snd_sfx_atmos_stagemob_d,Story_bg_9002_General_Outdoor,-3400000,0,10000,10000
779,10,17132,snd_sfx_atmos_stagemob_d,snd_sfx_atmos_stagemob_d,Story_bg_9002_General_Outdoor,1765000,0,10009,10000
780,3,5110,snd_sfx_atmos_namiki_d,snd_sfx_atmos_namiki_d,Story_bg_9002_General_Outdoor,7640000,0,10000,10000
781,121,130,snd_sfx_atmos_room_n,snd_sfx_atmos_room_n,Story_bg_9001_General_Indoor,6505000,0,10009,10000
782,21,150,snd_sfx_atmos_room_d,snd_sfx_atmos_room_d,Story_bg_9001_General_Indoor,-1150000,0,10000,10000
783,341,110,snd_sfx_atmos_mujin_briefing_room,snd_sfx_atmos_mujin_briefing_room,Story_bg_9002_General_Outdoor,12040000,0,10000,10000
784,342,110,snd_sfx_atmos_jungle,snd_sfx_atmos_jungle,Story_bg_9002_General_Outdoor,-1150000,0,10000,10000
785,342,111,snd_sfx_atmos_mujin_traning,snd_sfx_atmos_mujin_traning,Story_bg_9002_General_Outdoor,2340000,0,10000,10000
786,343,112,snd_sfx_atmos_mujin_traning_build,snd_sfx_atmos_mujin_traning_build,Story_bg_9002_General_Outdoor,2160000,0,10000,10000
787,344,0,snd_sfx_atmos_room_d_noext,snd_sfx_atmos_room_d_noext,Story_bg_9001_General_Indoor,15700000,0,10000,10000
788,128,120,snd_sfx_atmos_mori_d,snd_sfx_atmos_mori_d,Story_bg_9002_General_Outdoor,80000,0,10000,10000
790,3,3110,snd_sfx_atmos_namiki_d,snd_sfx_atmos_namiki_d,Story_bg_9002_General_Outdoor,7640000,0,10000,10000
791,3,4110,snd_sfx_atmos_namiki_w,snd_sfx_atmos_namiki_w,Story_bg_9002_General_Outdoor,9175000,0,10009,10000
792,346,110,snd_sfx_atmos_namiki_d,snd_sfx_atmos_namiki_d,Story_bg_9002_General_Outdoor,12940000,0,10000,10000
793,347,100,snd_sfx_atmos_wide_room_quiet,snd_sfx_atmos_wide_room_quiet,Story_bg_9001_General_Indoor,-11310000,0,10000,10000
794,348,110,snd_sfx_atmos_ryokan_d,snd_sfx_atmos_ryokan_d,Story_bg_9002_General_Outdoor,13900000,0,10000,10000
795,349,0,snd_sfx_atmos_room_d_noext,snd_sfx_atmos_room_d_noext,Story_bg_9001_General_Indoor,2360000,0,10000,10000
796,350,110,snd_sfx_atmos_namiki_d,snd_sfx_atmos_namiki_d,Story_bg_9002_General_Outdoor,9175000,0,10009,10000
797,306,17130,snd_sfx_atmos_namiki_n,snd_sfx_atmos_namiki_n,Story_bg_9002_General_Outdoor,3670000,0,10000,10000
798,6,17120,snd_sfx_atmos_kyousitu_d,snd_sfx_atmos_kyousitu_d,Story_bg_9001_General_Indoor,-11550000,0,10000,10000
799,351,110,snd_sfx_atmos_roof_d,snd_sfx_atmos_roof_d,Story_bg_9002_General_Outdoor,8670000,0,10000,10000
800,351,111,snd_sfx_atmos_zawazawa_d,snd_sfx_atmos_zawazawa_d,Story_bg_9002_General_Outdoor,8670000,0,10000,10000
801,352,110,snd_sfx_atmos_resort_pool_outdoor_d,snd_sfx_atmos_resort_pool_outdoor_d,Story_bg_9002_General_Outdoor,2340000,0,10000,10000
802,352,120,snd_sfx_atmos_resort_pool_outdoor_n,snd_sfx_atmos_resort_pool_outdoor_n,Story_bg_9002_General_Outdoor,2340000,0,10000,10000
803,353,110,snd_sfx_atmos_water_slider,snd_sfx_atmos_water_slider,Story_bg_0013_InddorPool,-14850000,0,10000,10000
804,354,0,snd_sfx_atmos_pool_d,snd_sfx_atmos_pool_d,Story_bg_0013_InddorPool,340000,0,10000,10000
805,355,110,snd_sfx_atmos_onsen_city_d,snd_sfx_atmos_onsen_city_d,Story_bg_9002_General_Outdoor,14740000,0,10000,10000
806,356,110,snd_sfx_atmos_onsen_roten,snd_sfx_atmos_onsen_roten,Story_bg_9002_General_Outdoor,-7330000,0,10000,10000
807,356,130,snd_sfx_atmos_onsen_roten_n,snd_sfx_atmos_onsen_roten_n,Story_bg_9002_General_Outdoor,-7330000,0,10000,10000
808,356,120,snd_sfx_atmos_onsen_roten,snd_sfx_atmos_onsen_roten,Story_bg_9002_General_Outdoor,-7330000,0,10000,10000
809,356,150,snd_sfx_atmos_onsen_roten,snd_sfx_atmos_onsen_roten,Story_bg_9002_General_Outdoor,-7330000,0,10000,10000
810,357,0,snd_sfx_atmos_ambi_pandrabox,snd_sfx_atmos_ambi_pandrabox,Story_bg_0050_UmaSpace,15510000,0,10000,10000
811,357,3,snd_sfx_atmos_ambi_pandrabox,snd_sfx_atmos_ambi_pandrabox,Story_bg_0050_UmaSpace,15510000,0,10000,10000
812,357,4,snd_sfx_atmos_ambi_pandrabox,snd_sfx_atmos_ambi_pandrabox,Story_bg_0050_UmaSpace,15510000,0,10000,10000
813,358,0,snd_sfx_atmos_namiki_w,snd_sfx_atmos_namiki_w,Story_bg_9002_General_Outdoor,0,0,10000,10000
814,359,110,snd_sfx_atmos_namiki_d,snd_sfx_atmos_namiki_d,Story_bg_9002_General_Outdoor,2340000,0,10000,10000
815,360,110,snd_sfx_atmos_inn_d,snd_sfx_atmos_inn_d,Story_bg_9001_General_Indoor,-6115000,0,10009,10000
816,361,110,snd_sfx_atmos_namiki_d,snd_sfx_atmos_namiki_d,Story_bg_9002_General_Outdoor,-5020000,0,10000,10000
817,20,140,snd_sfx_atmos_namiki_d,snd_sfx_atmos_namiki_d,Story_bg_9002_General_Outdoor,5380000,0,10000,10000
818,330,30,snd_sfx_atmos_namiki_d,snd_sfx_atmos_namiki_d,Story_bg_9002_General_Outdoor,-3180000,0,10000,10000
819,1,1113,snd_sfx_atmos_tokubetu_d,snd_sfx_atmos_tokubetu_d,Story_bg_9001_General_Indoor,14720000,0,10000,10000
820,1,2113,snd_sfx_atmos_tokubetu_d,snd_sfx_atmos_tokubetu_d,Story_bg_9001_General_Indoor,14720000,0,10000,10000
821,1,3113,snd_sfx_atmos_tokubetu_d,snd_sfx_atmos_tokubetu_d,Story_bg_9001_General_Indoor,14720000,0,10000,10000
822,1,4113,snd_sfx_atmos_tokubetu_d,snd_sfx_atmos_tokubetu_d,Story_bg_9001_General_Indoor,14720000,0,10000,10000
823,1,6113,snd_sfx_atmos_tokubetu_d,snd_sfx_atmos_tokubetu_d,Story_bg_9001_General_Indoor,9175000,0,10000,10000
824,1,7113,snd_sfx_atmos_tokubetu_d,snd_sfx_atmos_tokubetu_d,Story_bg_9001_General_Indoor,9175000,0,10000,10000
825,1,9113,snd_sfx_atmos_tokubetu_d,snd_sfx_atmos_tokubetu_d,Story_bg_9001_General_Indoor,9175000,0,10000,10000
826,362,110,snd_sfx_atmos_ryokan_d,snd_sfx_atmos_ryokan_d,Story_bg_9002_General_Outdoor,-530000,0,10000,10000
827,363,110,snd_sfx_atmos_onsen_roten,snd_sfx_atmos_onsen_roten,Story_bg_9002_General_Outdoor,2880000,0,10000,10000
828,364,110,snd_sfx_atmos_roof_d,snd_sfx_atmos_roof_d,Story_bg_9002_General_Outdoor,-13810000,0,10000,10000
829,365,111,snd_sfx_atmos_zawazawa_d,snd_sfx_atmos_zawazawa_d,Story_bg_9002_General_Outdoor,-13810000,0,10000,10000
830,365,130,snd_sfx_atmos_roof_n,snd_sfx_atmos_roof_n,Story_bg_9002_General_Outdoor,-13810000,0,10000,10000
831,365,131,snd_sfx_atmos_zawazawa_n,snd_sfx_atmos_zawazawa_n,Story_bg_9002_General_Outdoor,-13810000,0,10000,10000
832,365,410,snd_sfx_atmos_stand_cloudy_nomob,snd_sfx_atmos_stand_cloudy_nomob,Story_bg_9002_General_Outdoor,-13810000,0,10000,10000
833,365,411,snd_sfx_atmos_zawazawa_d,snd_sfx_atmos_zawazawa_d,Story_bg_9002_General_Outdoor,-13810000,0,10000,10000
834,366,0,snd_sfx_atmos_gymnasium_r,snd_sfx_atmos_gymnasium_r,Story_bg_0103_LiveStage,325000,0,10009,10000
835,367,110,snd_sfx_atmos_tokubetu_d,snd_sfx_atmos_tokubetu_d,Story_bg_9001_General_Indoor,5650000,0,10000,10000
836,368,110,snd_sfx_atmos_namiki_d,snd_sfx_atmos_namiki_d,Story_bg_9002_General_Outdoor,1005000,0,10009,10000
837,368,111,snd_sfx_atmos_zawazawa_d,snd_sfx_atmos_zawazawa_d,Story_bg_9002_General_Outdoor,1005000,0,10009,10000
838,369,110,snd_sfx_atmos_room_d_noext,snd_sfx_atmos_room_d_noext,Story_bg_9001_General_Indoor,-600000,0,10000,10000
839,370,110,snd_sfx_atmos_namiki_w,snd_sfx_atmos_namiki_w,Story_bg_9002_General_Outdoor,1950000,0,10000,10000
840,371,110,snd_sfx_atmos_namiki_w,snd_sfx_atmos_namiki_w,Story_bg_9002_General_Outdoor,2340000,0,10000,10000
841,371,111,snd_sfx_atmos_paddock_usa_d,snd_sfx_atmos_paddock_usa_d,Story_bg_9002_General_Outdoor,2340000,0,10000,10000
842,371,112,snd_sfx_atmos_paddock_usa_d,snd_sfx_atmos_paddock_usa_d,Story_bg_9002_General_Outdoor,2340000,0,10000,10000
843,249,17000,snd_sfx_atmos_winter_wind_howling,snd_sfx_atmos_winter_wind_howling,Story_bg_9002_General_Outdoor,210000,0,10000,10000
844,20,6130,snd_sfx_atmos_gymnasium_nomob_n,snd_sfx_atmos_gymnasium_nomob_n,Story_bg_0020_SchoolGym,5380000,0,10000,10000
845,2,6130,snd_sfx_atmos_hiroba_n,snd_sfx_atmos_hiroba_n,Story_bg_9002_General_Outdoor,0,0,10000,10000
846,7,17130,snd_sfx_atmos_rouka_n,snd_sfx_atmos_rouka_n,Story_bg_9001_General_Indoor,6540000,0,10000,10000
847,6,18130,snd_sfx_atmos_kyousitu_n,snd_sfx_atmos_kyousitu_n,Story_bg_9001_General_Indoor,-4210000,0,10000,10000
848,372,110,snd_sfx_atmos_namiki_w,snd_sfx_atmos_namiki_w,Story_bg_9002_General_Outdoor,-4790000,0,10000,10000
849,372,111,snd_sfx_atmos_stand_usa_d,snd_sfx_atmos_stand_usa_d,Story_bg_9002_General_Outdoor,-4790000,0,10000,10000
850,372,112,snd_sfx_atmos_stand_usa_d_mob,snd_sfx_atmos_stand_usa_d_mob,Story_bg_9002_General_Outdoor,-4790000,0,10000,10000
852,373,111,snd_sfx_atmos_paddock_usa_d,snd_sfx_atmos_paddock_usa_d,Story_bg_9002_General_Outdoor,-3660000,0,10000,10000
853,373,112,snd_sfx_atmos_paddock_usa_d,snd_sfx_atmos_paddock_usa_d,Story_bg_9002_General_Outdoor,-3660000,0,10000,10000
854,374,110,snd_sfx_atmos_namiki_w,snd_sfx_atmos_namiki_w,Story_bg_9002_General_Outdoor,380000,0,10000,10000
855,375,110,snd_sfx_atmos_namiki_w,snd_sfx_atmos_namiki_w,Story_bg_9002_General_Outdoor,0,0,10000,10000
856,376,120,snd_sfx_atmos_namiki_w,snd_sfx_atmos_namiki_w,Story_bg_9002_General_Outdoor,-9770000,0,10000,10000
858,377,111,snd_sfx_atmos_street_paris_river_d,snd_sfx_atmos_street_paris_river_d,Story_bg_9002_General_Outdoor,-90000,0,10000,10000
859,378,120,snd_sfx_atmos_namiki_w,snd_sfx_atmos_namiki_w,Story_bg_9002_General_Outdoor,-11480000,0,10000,10000
860,337,1110,snd_sfx_atmos_namiki_d,snd_sfx_atmos_namiki_d,Story_bg_9002_General_Outdoor,-3400000,0,10000,10000
861,337,3110,snd_sfx_atmos_namiki_d,snd_sfx_atmos_namiki_d,Story_bg_9002_General_Outdoor,-3400000,0,10000,10000
862,337,4110,snd_sfx_atmos_namiki_w,snd_sfx_atmos_namiki_w,Story_bg_9002_General_Outdoor,-3400000,0,10000,10000
863,300,130,snd_sfx_atmos_winter_wind_howling,snd_sfx_atmos_winter_wind_howling,Story_bg_9002_General_Outdoor,8890000,0,10000,10000
864,67,17110,snd_sfx_atmos_inn_d,snd_sfx_atmos_inn_d,Story_bg_9001_General_Indoor,-480000,0,10000,10000
865,89,0,snd_sfx_atmos_room_d,snd_sfx_atmos_room_d,Story_bg_0089_SchoolCafeteria,6105000,0,10009,10000
866,379,0,snd_sfx_atmos_room_d_noext,snd_sfx_atmos_room_d_noext,Story_bg_9001_General_Indoor,14810000,0,10000,10000
867,167,17000,snd_sfx_atmos_wide_room_quiet,snd_sfx_atmos_wide_room_quiet,Story_bg_9001_General_Indoor,125000,0,10000,10000
868,167,18000,snd_sfx_atmos_wide_room_quiet,snd_sfx_atmos_wide_room_quiet,Story_bg_9001_General_Indoor,15340000,0,10000,10000
872,380,111,snd_sfx_atmos_namiki_d,snd_sfx_atmos_namiki_d,Story_bg_9002_General_Outdoor,-13810000,0,10000,10000
873,260,17110,snd_sfx_atmos_namiki_d,snd_sfx_atmos_namiki_d,Story_bg_9002_General_Outdoor,4990000,0,10000,10000
874,381,110,snd_sfx_atmos_namiki_d,snd_sfx_atmos_namiki_d,Story_bg_9002_General_Outdoor,0,0,10000,10000
875,381,111,snd_sfx_atmos_namiki_d,snd_sfx_atmos_namiki_d,Story_bg_9002_General_Outdoor,4300000,0,10000,10000
876,381,112,snd_sfx_atmos_zawazawa_d,snd_sfx_atmos_zawazawa_d,Story_bg_9002_General_Outdoor,4300000,0,10000,10000
877,382,110,snd_sfx_atmos_room_d,snd_sfx_atmos_room_d,Story_bg_9001_General_Indoor,6000000,0,10000,10000
878,4,5110,snd_sfx_atmos_namiki_d,snd_sfx_atmos_namiki_d,Story_bg_9002_General_Outdoor,1280000,0,10000,10000
879,4,3110,snd_sfx_atmos_namiki_d,snd_sfx_atmos_namiki_d,Story_bg_9002_General_Outdoor,1280000,0,10000,10000
880,4,4110,snd_sfx_atmos_namiki_d,snd_sfx_atmos_namiki_d,Story_bg_9002_General_Outdoor,1280000,0,10000,10000
890,383,1,snd_sfx_atmos_koubai_d,snd_sfx_atmos_koubai_d,Story_bg_9001_General_Indoor,3310000,0,10000,10000
891,111,430,snd_sfx_atmos_namiki_c,snd_sfx_atmos_namiki_c,Story_bg_9002_General_Outdoor,7960000,0,10000,10000
892,4,2110,snd_sfx_atmos_namiki_d,snd_sfx_atmos_namiki_d,Story_bg_9002_General_Outdoor,1280000,0,10000,10000
894,170,17131,snd_sfx_atmos_hall_party_mob,snd_sfx_atmos_hall_party_mob,Story_bg_0020_SchoolGym,9770000,0,10000,10000
896,265,111,snd_sfx_atmos_street_d,snd_sfx_atmos_street_d,Story_bg_9002_General_Outdoor,4290000,0,10000,10000
898,385,130,snd_sfx_atmos_stand_n_mob,snd_sfx_atmos_stand_n_mob,Story_bg_9002_General_Outdoor,0,0,10000,10000
899,386,0,snd_sfx_atmos_room_d_noext,snd_sfx_atmos_room_d_noext,Story_bg_9001_General_Indoor,3860000,0,10000,10000
901,387,131,snd_sfx_atmos_hall_party_mob,snd_sfx_atmos_hall_party_mob,Story_bg_0020_SchoolGym,5380000,0,10000,10000
902,381,20111,snd_sfx_atmos_namiki_d,snd_sfx_atmos_namiki_d,Story_bg_9002_General_Outdoor,4300000,0,10000,10000
903,381,20112,snd_sfx_atmos_zawazawa_d,snd_sfx_atmos_zawazawa_d,Story_bg_9002_General_Outdoor,4300000,0,10000,10000
904,381,21111,snd_sfx_atmos_namiki_d,snd_sfx_atmos_namiki_d,Story_bg_9002_General_Outdoor,4300000,0,10000,10000
905,381,21112,snd_sfx_atmos_zawazawa_d,snd_sfx_atmos_zawazawa_d,Story_bg_9002_General_Outdoor,4300000,0,10000,10000
906,381,22111,snd_sfx_atmos_namiki_d,snd_sfx_atmos_namiki_d,Story_bg_9002_General_Outdoor,4300000,0,10000,10000
907,381,22112,snd_sfx_atmos_zawazawa_d,snd_sfx_atmos_zawazawa_d,Story_bg_9002_General_Outdoor,4300000,0,10000,10000
908,381,23111,snd_sfx_atmos_namiki_d,snd_sfx_atmos_namiki_d,Story_bg_9002_General_Outdoor,4300000,0,10000,10000
909,381,23112,snd_sfx_atmos_zawazawa_d,snd_sfx_atmos_zawazawa_d,Story_bg_9002_General_Outdoor,4300000,0,10000,10000
910,381,24111,snd_sfx_atmos_namiki_d,snd_sfx_atmos_namiki_d,Story_bg_9002_General_Outdoor,4300000,0,10000,10000
911,381,24112,snd_sfx_atmos_zawazawa_d,snd_sfx_atmos_zawazawa_d,Story_bg_9002_General_Outdoor,4300000,0,10000,10000
912,381,25111,snd_sfx_atmos_namiki_d,snd_sfx_atmos_namiki_d,Story_bg_9002_General_Outdoor,4300000,0,10000,10000
913,381,25112,snd_sfx_atmos_zawazawa_d,snd_sfx_atmos_zawazawa_d,Story_bg_9002_General_Outdoor,4300000,0,10000,10000
914,381,26111,snd_sfx_atmos_namiki_d,snd_sfx_atmos_namiki_d,Story_bg_9002_General_Outdoor,4300000,0,10000,10000
915,381,26112,snd_sfx_atmos_zawazawa_d,snd_sfx_atmos_zawazawa_d,Story_bg_9002_General_Outdoor,4300000,0,10000,10000
916,381,27111,snd_sfx_atmos_namiki_d,snd_sfx_atmos_namiki_d,Story_bg_9002_General_Outdoor,4300000,0,10000,10000
917,381,27112,snd_sfx_atmos_zawazawa_d,snd_sfx_atmos_zawazawa_d,Story_bg_9002_General_Outdoor,4300000,0,10000,10000
918,381,28111,snd_sfx_atmos_namiki_d,snd_sfx_atmos_namiki_d,Story_bg_9002_General_Outdoor,4300000,0,10000,10000
919,381,28112,snd_sfx_atmos_zawazawa_d,snd_sfx_atmos_zawazawa_d,Story_bg_9002_General_Outdoor,4300000,0,10000,10000
920,381,29111,snd_sfx_atmos_namiki_d,snd_sfx_atmos_namiki_d,Story_bg_9002_General_Outdoor,4300000,0,10000,10000
921,381,29112,snd_sfx_atmos_zawazawa_d,snd_sfx_atmos_zawazawa_d,Story_bg_9002_General_Outdoor,4300000,0,10000,10000
922,32,0,snd_sfx_atmos_room_d_noext,snd_sfx_atmos_room_d_noext,Story_bg_0032_ShoppingMall,7640000,0,10000,10000
923,372,130,snd_sfx_atmos_namiki_n,snd_sfx_atmos_namiki_n,Story_bg_9002_General_Outdoor,-4790000,0,10000,10000
924,384,1,snd_sfx_atmos_room_d_noext,snd_sfx_atmos_room_d_noext,Story_bg_9001_General_Indoor,-430000,0,10000,10000
926,388,112,snd_sfx_atmos_zawazawa_d,snd_sfx_atmos_zawazawa_d,Story_bg_9002_General_Outdoor,-1390000,0,10000,10000
927,72,10111,snd_sfx_atmos_training_stand_d_mob,snd_sfx_atmos_training_stand_d_mob,Story_bg_9002_General_Outdoor,-11740000,0,10000,10000
931,333,411,snd_sfx_atmos_shoppingmall,snd_sfx_atmos_shoppingmall,Story_bg_9001_General_Indoor,10000,0,10000,10000
934,40,2150,snd_sfx_atmos_gassyuku_d,snd_sfx_atmos_gassyuku_d,Story_bg_9002_General_Outdoor,-11600000,0,10000,10000
935,389,0,snd_sfx_atmos_room_d_noext,snd_sfx_atmos_room_d_noext,Story_bg_9001_General_Indoor,14490000,0,10000,10000
936,390,0,snd_sfx_atmos_room_d_noext,snd_sfx_atmos_room_d_noext,Story_bg_9001_General_Indoor,915000,0,10000,10000
937,391,0,snd_sfx_atmos_room_n_noext,snd_sfx_atmos_room_n_noext,Story_bg_9001_General_Indoor,1490000,0,10000,10000
938,391,17000,snd_sfx_atmos_room_n_noext,snd_sfx_atmos_room_n_noext,Story_bg_9001_General_Indoor,1490000,0,10000,10000
939,392,0,snd_sfx_atmos_room_n_noext,snd_sfx_atmos_room_n_noext,Story_bg_9001_General_Indoor,4375000,0,10000,10000
940,393,130,snd_sfx_atmos_namiki_n,snd_sfx_atmos_namiki_n,Story_bg_9002_General_Outdoor,-10510000,0,10000,10000
941,127,17110,snd_sfx_atmos_room_d_noext,snd_sfx_atmos_room_d_noext,Story_bg_9001_General_Indoor,155000,0,10000,10000
947,381,29110,snd_sfx_atmos_namiki_d,snd_sfx_atmos_namiki_d,Story_bg_9002_General_Outdoor,4300000,0,10000,10000
948,394,110,snd_sfx_atmos_namiki_w,snd_sfx_atmos_namiki_w,Story_bg_9002_General_Outdoor,-4450000,0,10000,10000
