id,chara_id,target_scene,target_cut,target_type,value
1001001,1001,0,0,0,1
1001002,1001,1,0,0,1
1001003,1001,1,1,0,1
1001004,1001,1,2,0,1
1001005,1001,1,3,0,2
1001006,1001,1,4,0,1
1001007,1001,1,5,0,1
1001008,1001,4,0,0,1
1001009,1001,7,0,0,2
1001010,1001,8,0,0,1
1001011,1001,3,1,0,5
1001012,1001,6,0,1,1
1001100,1001,2,103010,0,2
1001101,1001,2,103020,0,3
1001102,1001,2,103030,0,4
1001103,1001,2,103050,0,3
1001104,1001,2,103040,0,1
1001105,1001,2,105010,0,3
1001106,1001,2,105020,0,1
1001107,1001,2,105030,0,2
1001200,1001,2,101045,1,1
1001201,1001,2,102040,1,1
1001202,1001,2,101014,0,2
1001203,1001,2,101042,0,2
1001204,1001,2,101012,0,1
1001205,1001,2,101031,0,1
1001206,1001,2,101031,1,1
1001207,1001,2,101032,0,1
1001208,1001,2,101032,1,1
1001209,1001,2,101033,0,1
1001210,1001,2,101033,1,1
1001211,1001,2,101034,0,1
1001212,1001,2,101034,1,1
1001213,1001,2,102030,0,1
1001214,1001,2,102030,1,1
1001215,1001,2,104015,0,1
1001216,1001,2,104045,0,3
1001217,1001,2,106010,0,1
1001218,1001,2,106020,0,1
1001219,1001,2,106020,1,1
1001220,1001,2,106030,0,1
1001221,1001,2,106050,0,1
1001222,1001,2,106050,1,1
1001223,1001,2,106110,0,1
1001224,1001,2,106120,0,1
1001225,1001,2,106120,1,1
1001226,1001,2,106130,0,1
1001227,1001,2,106140,0,1
1001228,1001,2,106150,0,1
1001229,1001,2,106210,0,1
1001230,1001,2,106220,0,1
1001231,1001,2,106220,1,2
1001232,1001,2,106230,0,1
1001233,1001,2,106250,0,1
1001234,1001,9,1,0,1
1001235,1001,9,2,0,1
1001236,1001,9,3,0,1
1001237,1001,9,4,0,1
1001238,1001,9,3,4,4
1001239,1001,9,5,0,1
1001240,1001,9,6,0,1
1001241,1001,9,6,1,1
1001242,1001,9,6,2,1
1001243,1001,9,7,0,1
1001244,1001,9,7,1,2
1001245,1001,9,7,2,1
1001246,1001,9,7,3,2
1001247,1001,9,7,4,1
1001248,1001,9,7,5,2
1001249,1001,9,7,6,1
1001250,1001,9,8,0,1
1001251,1001,9,9,0,1
1001252,1001,2,108010,0,1
1001253,1001,2,108020,0,1
1001254,1001,2,108030,0,1
1001255,1001,2,108040,0,1
1001256,1001,2,107011,0,1
1001257,1001,2,107012,0,1
1001258,1001,2,107013,0,1
1001259,1001,2,107021,0,1
1001260,1001,2,107022,0,1
1001261,1001,2,107023,0,1
1001262,1001,2,107031,0,1
1001263,1001,2,107032,0,1
1001264,1001,2,107033,0,1
1001265,1001,2,107041,0,1
1001266,1001,2,107042,0,1
1001267,1001,2,107043,0,1
1001268,1001,2,107051,0,1
1001269,1001,2,107052,0,1
1001270,1001,2,107053,0,1
1001271,1001,10,0,0,1
1001272,1001,2,107030,0,1
1001273,1001,2,107030,1,1
1001274,1001,2,107040,1,1
1001275,1001,10,1,0,1
1001276,1001,5,9,0,1
1001277,1001,11,0,0,1
1001278,1001,11,1,0,1
1001279,1001,11,2,0,1
1001280,1001,2,109010,0,1
1001281,1001,2,109020,0,1
1001282,1001,2,109030,0,1
1001283,1001,5,0,6,1
1001286,1001,1013,1,0,1
1001287,1001,1013,2,0,1
1001288,1001,1013,3,0,1
1001289,1001,1013,4,0,1
1001290,1001,1013,5,0,6
1001291,1001,1013,6,0,1
1001292,1001,1013,7,0,1
1001293,1001,1013,8,0,1
1001294,1001,1013,9,0,1
1001295,1001,1013,10,0,1
1001401,1001,1014,1,0,4
1001402,1001,1014,2,0,1
1001403,1001,1014,3,0,1
1001404,1001,1014,4,0,1
1001405,1001,1014,5,0,1
1001406,1001,1014,6,0,1
1001407,1001,1014,6,1,1
1001408,1001,1014,6,2,1
1001409,1001,1014,7,0,1
1001410,1001,1014,7,1,1
1001411,1001,1014,7,2,1
1001412,1001,1014,8,0,1
1001413,1001,1014,8,1,1
1001414,1001,1014,8,2,1
1001415,1001,1014,9,0,1
1001416,1001,1014,10,0,1
1001300,1001,5,0,0,3
1001301,1001,5,1,6,1
1001302,1001,5,1,7,4
1001303,1001,5,2,1,5
1001304,1001,5,0,1,1
1001305,1001,5,0,2,1
1001306,1001,5,0,3,1
1001307,1001,5,0,4,1
1001308,1001,0,2,0,1
1001309,1001,0,3,0,1
1001310,1001,0,4,0,1
1001311,1001,0,5,0,1
1001312,1001,0,6,0,0
1001313,1001,5,0,5,1
1001400,1001,5,1,8,1
1002001,1002,0,0,0,1
1002002,1002,1,0,0,3
1002003,1002,1,1,0,2
1002004,1002,1,2,0,3
1002005,1002,1,3,0,4
1002006,1002,1,4,0,3
1002007,1002,1,5,0,3
1002008,1002,4,0,0,2
1002009,1002,7,0,0,1
1002010,1002,8,0,0,1
1002011,1002,3,1,0,2
1002012,1002,6,0,1,2
1002100,1002,2,103010,0,6
1002101,1002,2,103020,0,6
1002102,1002,2,103030,0,3
1002103,1002,2,103050,0,2
1002104,1002,2,103040,0,2
1002105,1002,2,105010,0,2
1002106,1002,2,105020,0,2
1002107,1002,2,105030,0,1
1002200,1002,2,101045,1,6
1002201,1002,2,102040,1,6
1002202,1002,2,101014,0,3
1002203,1002,2,101042,0,3
1002204,1002,2,101012,0,2
1002205,1002,2,101031,0,1
1002206,1002,2,101031,1,1
1002207,1002,2,101032,0,1
1002208,1002,2,101032,1,1
1002209,1002,2,101033,0,1
1002210,1002,2,101033,1,1
1002211,1002,2,101034,0,1
1002212,1002,2,101034,1,1
1002213,1002,2,102030,0,1
1002214,1002,2,102030,1,1
1002215,1002,2,104015,0,2
1002216,1002,2,104045,0,2
1002217,1002,2,106010,0,2
1002218,1002,2,106020,0,2
1002219,1002,2,106020,1,1
1002220,1002,2,106030,0,2
1002221,1002,2,106050,0,2
1002222,1002,2,106050,1,1
1002223,1002,2,106110,0,2
1002224,1002,2,106120,0,2
1002225,1002,2,106120,1,2
1002226,1002,2,106130,0,2
1002227,1002,2,106140,0,2
1002228,1002,2,106150,0,2
1002229,1002,2,106210,0,2
1002230,1002,2,106220,0,2
1002231,1002,2,106220,1,2
1002232,1002,2,106230,0,2
1002233,1002,2,106250,0,1
1002234,1002,9,1,0,1
1002235,1002,9,2,0,2
1002236,1002,9,3,0,2
1002237,1002,9,4,0,3
1002238,1002,9,3,4,5
1002239,1002,9,5,0,4
1002240,1002,9,6,0,2
1002241,1002,9,6,1,2
1002242,1002,9,6,2,3
1002243,1002,9,7,0,3
1002244,1002,9,7,1,3
1002245,1002,9,7,2,3
1002246,1002,9,7,3,3
1002247,1002,9,7,4,5
1002248,1002,9,7,5,3
1002249,1002,9,7,6,4
1002250,1002,9,8,0,3
1002251,1002,9,9,0,2
1002252,1002,2,108010,0,2
1002253,1002,2,108020,0,2
1002254,1002,2,108030,0,2
1002255,1002,2,108040,0,2
1002256,1002,2,107011,0,2
1002257,1002,2,107012,0,2
1002258,1002,2,107013,0,2
1002259,1002,2,107021,0,2
1002260,1002,2,107022,0,2
1002261,1002,2,107023,0,2
1002262,1002,2,107031,0,2
1002263,1002,2,107032,0,2
1002264,1002,2,107033,0,2
1002265,1002,2,107041,0,2
1002266,1002,2,107042,0,2
1002267,1002,2,107043,0,2
1002268,1002,2,107051,0,2
1002269,1002,2,107052,0,2
1002270,1002,2,107053,0,2
1002271,1002,10,0,0,1
1002272,1002,2,107030,0,1
1002273,1002,2,107030,1,1
1002274,1002,2,107040,1,6
1002275,1002,10,1,0,2
1002276,1002,5,9,0,2
1002277,1002,11,0,0,1
1002278,1002,11,1,0,2
1002279,1002,11,2,0,2
1002280,1002,2,109010,0,2
1002281,1002,2,109020,0,3
1002282,1002,2,109030,0,2
1002283,1002,5,0,6,3
1002286,1002,1013,1,0,3
1002287,1002,1013,2,0,2
1002288,1002,1013,3,0,2
1002289,1002,1013,4,0,3
1002290,1002,1013,5,0,3
1002291,1002,1013,6,0,2
1002292,1002,1013,7,0,2
1002293,1002,1013,8,0,1
1002294,1002,1013,9,0,2
1002295,1002,1013,10,0,1
1002401,1002,1014,1,0,8
1002402,1002,1014,2,0,2
1002403,1002,1014,3,0,1
1002404,1002,1014,4,0,1
1002405,1002,1014,5,0,4
1002406,1002,1014,6,0,2
1002407,1002,1014,6,1,1
1002408,1002,1014,6,2,1
1002409,1002,1014,7,0,2
1002410,1002,1014,7,1,1
1002411,1002,1014,7,2,1
1002412,1002,1014,8,0,2
1002413,1002,1014,8,1,1
1002414,1002,1014,8,2,1
1002415,1002,1014,9,0,2
1002416,1002,1014,10,0,2
1002300,1002,5,0,0,6
1002301,1002,5,1,6,5
1002302,1002,5,1,7,7
1002303,1002,5,2,1,6
1002304,1002,5,0,1,2
1002305,1002,5,0,2,2
1002306,1002,5,0,3,1
1002307,1002,5,0,4,3
1002308,1002,0,2,0,2
1002309,1002,0,3,0,3
1002310,1002,0,4,0,3
1002311,1002,0,5,0,3
1002312,1002,0,6,0,0
1002313,1002,5,0,5,2
1002400,1002,5,1,8,2
1003001,1003,0,0,0,1
1003002,1003,1,0,0,2
1003003,1003,1,1,0,2
1003004,1003,1,2,0,2
1003005,1003,1,3,0,4
1003006,1003,1,4,0,2
1003007,1003,1,5,0,1
1003008,1003,4,0,0,1
1003009,1003,7,0,0,2
1003010,1003,8,0,0,1
1003011,1003,3,1,0,7
1003012,1003,6,0,1,4
1003100,1003,2,103010,0,2
1003101,1003,2,103020,0,5
1003102,1003,2,103030,0,1
1003103,1003,2,103050,0,1
1003104,1003,2,103040,0,3
1003105,1003,2,105010,0,3
1003106,1003,2,105020,0,3
1003107,1003,2,105030,0,2
1003200,1003,2,101045,1,4
1003201,1003,2,102040,1,4
1003202,1003,2,101014,0,1
1003203,1003,2,101042,0,1
1003204,1003,2,101012,0,1
1003205,1003,2,101031,0,1
1003206,1003,2,101031,1,1
1003207,1003,2,101032,0,1
1003208,1003,2,101032,1,1
1003209,1003,2,101033,0,1
1003210,1003,2,101033,1,1
1003211,1003,2,101034,0,1
1003212,1003,2,101034,1,1
1003213,1003,2,102030,0,1
1003214,1003,2,102030,1,1
1003215,1003,2,104015,0,1
1003216,1003,2,104045,0,3
1003217,1003,2,106010,0,1
1003218,1003,2,106020,0,1
1003219,1003,2,106020,1,1
1003220,1003,2,106030,0,1
1003221,1003,2,106050,0,1
1003222,1003,2,106050,1,1
1003223,1003,2,106110,0,1
1003224,1003,2,106120,0,1
1003225,1003,2,106120,1,1
1003226,1003,2,106130,0,3
1003227,1003,2,106140,0,1
1003228,1003,2,106150,0,1
1003229,1003,2,106210,0,2
1003230,1003,2,106220,0,1
1003231,1003,2,106220,1,1
1003232,1003,2,106230,0,1
1003233,1003,2,106250,0,1
1003234,1003,9,1,0,1
1003235,1003,9,2,0,1
1003236,1003,9,3,0,1
1003237,1003,9,4,0,1
1003238,1003,9,3,4,4
1003239,1003,9,5,0,1
1003240,1003,9,6,0,1
1003241,1003,9,6,1,1
1003242,1003,9,6,2,2
1003243,1003,9,7,0,2
1003244,1003,9,7,1,2
1003245,1003,9,7,2,2
1003246,1003,9,7,3,2
1003247,1003,9,7,4,2
1003248,1003,9,7,5,2
1003249,1003,9,7,6,2
1003250,1003,9,8,0,2
1003251,1003,9,9,0,1
1003252,1003,2,108010,0,1
1003253,1003,2,108020,0,1
1003254,1003,2,108030,0,1
1003255,1003,2,108040,0,1
1003256,1003,2,107011,0,1
1003257,1003,2,107012,0,1
1003258,1003,2,107013,0,1
1003259,1003,2,107021,0,1
1003260,1003,2,107022,0,1
1003261,1003,2,107023,0,1
1003262,1003,2,107031,0,1
1003263,1003,2,107032,0,1
1003264,1003,2,107033,0,1
1003265,1003,2,107041,0,1
1003266,1003,2,107042,0,1
1003267,1003,2,107043,0,1
1003268,1003,2,107051,0,1
1003269,1003,2,107052,0,1
1003270,1003,2,107053,0,1
1003271,1003,10,0,0,1
1003272,1003,2,107030,0,1
1003273,1003,2,107030,1,1
1003274,1003,2,107040,1,4
1003275,1003,10,1,0,1
1003276,1003,5,9,0,1
1003277,1003,11,0,0,1
1003278,1003,11,1,0,1
1003279,1003,11,2,0,1
1003280,1003,2,109010,0,1
1003281,1003,2,109020,0,1
1003282,1003,2,109030,0,3
1003283,1003,5,0,6,2
1003286,1003,1013,1,0,2
1003287,1003,1013,2,0,1
1003288,1003,1013,3,0,1
1003289,1003,1013,4,0,1
1003290,1003,1013,5,0,1
1003291,1003,1013,6,0,3
1003292,1003,1013,7,0,1
1003293,1003,1013,8,0,1
1003294,1003,1013,9,0,1
1003295,1003,1013,10,0,1
1003401,1003,1014,1,0,1
1003402,1003,1014,2,0,3
1003403,1003,1014,3,0,2
1003404,1003,1014,4,0,2
1003405,1003,1014,5,0,2
1003406,1003,1014,6,0,1
1003407,1003,1014,6,1,1
1003408,1003,1014,6,2,1
1003409,1003,1014,7,0,3
1003410,1003,1014,7,1,1
1003411,1003,1014,7,2,1
1003412,1003,1014,8,0,3
1003413,1003,1014,8,1,1
1003414,1003,1014,8,2,1
1003415,1003,1014,9,0,1
1003416,1003,1014,10,0,1
1003300,1003,5,0,0,5
1003301,1003,5,1,6,3
1003302,1003,5,1,7,2
1003303,1003,5,2,1,5
1003304,1003,5,0,1,3
1003305,1003,5,0,2,3
1003306,1003,5,0,3,1
1003307,1003,5,0,4,2
1003308,1003,0,2,0,1
1003309,1003,0,3,0,2
1003310,1003,0,4,0,2
1003311,1003,0,5,0,2
1003312,1003,0,6,0,1
1003313,1003,5,0,5,2
1003400,1003,5,1,8,2
1004001,1004,0,0,0,2
1004002,1004,1,0,0,5
1004003,1004,1,1,0,1
1004004,1004,1,2,0,5
1004005,1004,1,3,0,1
1004006,1004,1,4,0,1
1004007,1004,1,5,0,3
1004008,1004,4,0,0,2
1004009,1004,7,0,0,2
1004010,1004,8,0,0,1
1004011,1004,3,1,0,7
1004012,1004,6,0,1,5
1004100,1004,2,103010,0,1
1004101,1004,2,103020,0,5
1004102,1004,2,103030,0,3
1004103,1004,2,103050,0,2
1004104,1004,2,103040,0,4
1004105,1004,2,105010,0,2
1004106,1004,2,105020,0,2
1004107,1004,2,105030,0,3
1004200,1004,2,101045,1,3
1004201,1004,2,102040,1,3
1004202,1004,2,101014,0,1
1004203,1004,2,101042,0,2
1004204,1004,2,101012,0,2
1004205,1004,2,101031,0,1
1004206,1004,2,101031,1,1
1004207,1004,2,101032,0,1
1004208,1004,2,101032,1,1
1004209,1004,2,101033,0,1
1004210,1004,2,101033,1,1
1004211,1004,2,101034,0,1
1004212,1004,2,101034,1,1
1004213,1004,2,102030,0,1
1004214,1004,2,102030,1,1
1004215,1004,2,104015,0,2
1004216,1004,2,104045,0,1
1004217,1004,2,106010,0,1
1004218,1004,2,106020,0,1
1004219,1004,2,106020,1,1
1004220,1004,2,106030,0,1
1004221,1004,2,106050,0,1
1004222,1004,2,106050,1,2
1004223,1004,2,106110,0,1
1004224,1004,2,106120,0,1
1004225,1004,2,106120,1,2
1004226,1004,2,106130,0,1
1004227,1004,2,106140,0,1
1004228,1004,2,106150,0,1
1004229,1004,2,106210,0,1
1004230,1004,2,106220,0,1
1004231,1004,2,106220,1,2
1004232,1004,2,106230,0,2
1004233,1004,2,106250,0,1
1004234,1004,9,1,0,1
1004235,1004,9,2,0,1
1004236,1004,9,3,0,1
1004237,1004,9,4,0,3
1004238,1004,9,3,4,4
1004239,1004,9,5,0,4
1004240,1004,9,6,0,1
1004241,1004,9,6,1,1
1004242,1004,9,6,2,3
1004243,1004,9,7,0,2
1004244,1004,9,7,1,3
1004245,1004,9,7,2,3
1004246,1004,9,7,3,4
1004247,1004,9,7,4,3
1004248,1004,9,7,5,3
1004249,1004,9,7,6,2
1004250,1004,9,8,0,3
1004251,1004,9,9,0,1
1004252,1004,2,108010,0,2
1004253,1004,2,108020,0,2
1004254,1004,2,108030,0,2
1004255,1004,2,108040,0,2
1004256,1004,2,107011,0,1
1004257,1004,2,107012,0,1
1004258,1004,2,107013,0,1
1004259,1004,2,107021,0,1
1004260,1004,2,107022,0,1
1004261,1004,2,107023,0,1
1004262,1004,2,107031,0,1
1004263,1004,2,107032,0,1
1004264,1004,2,107033,0,1
1004265,1004,2,107041,0,2
1004266,1004,2,107042,0,2
1004267,1004,2,107043,0,2
1004268,1004,2,107051,0,1
1004269,1004,2,107052,0,1
1004270,1004,2,107053,0,1
1004271,1004,10,0,0,1
1004272,1004,2,107030,0,1
1004273,1004,2,107030,1,1
1004274,1004,2,107040,1,3
1004275,1004,10,1,0,1
1004276,1004,5,9,0,1
1004277,1004,11,0,0,1
1004278,1004,11,1,0,1
1004279,1004,11,2,0,1
1004280,1004,2,109010,0,1
1004281,1004,2,109020,0,1
1004282,1004,2,109030,0,1
1004283,1004,5,0,6,3
1004286,1004,1013,1,0,4
1004287,1004,1013,2,0,2
1004288,1004,1013,3,0,2
1004289,1004,1013,4,0,2
1004290,1004,1013,5,0,3
1004291,1004,1013,6,0,1
1004292,1004,1013,7,0,2
1004293,1004,1013,8,0,1
1004294,1004,1013,9,0,1
1004295,1004,1013,10,0,1
1004401,1004,1014,1,0,3
1004402,1004,1014,2,0,1
1004403,1004,1014,3,0,1
1004404,1004,1014,4,0,1
1004405,1004,1014,5,0,1
1004406,1004,1014,6,0,2
1004407,1004,1014,6,1,1
1004408,1004,1014,6,2,1
1004409,1004,1014,7,0,1
1004410,1004,1014,7,1,1
1004411,1004,1014,7,2,1
1004412,1004,1014,8,0,1
1004413,1004,1014,8,1,1
1004414,1004,1014,8,2,1
1004415,1004,1014,9,0,1
1004416,1004,1014,10,0,1
1004300,1004,5,0,0,5
1004301,1004,5,1,6,1
1004302,1004,5,1,7,4
1004303,1004,5,2,1,7
1004304,1004,5,0,1,2
1004305,1004,5,0,2,2
1004306,1004,5,0,3,1
1004307,1004,5,0,4,5
1004308,1004,0,2,0,2
1004309,1004,0,3,0,5
1004310,1004,0,4,0,2
1004311,1004,0,5,0,5
1004312,1004,0,6,0,0
1004313,1004,5,0,5,1
1004400,1004,5,1,8,2
1005001,1005,0,0,0,2
1005002,1005,1,0,0,5
1005003,1005,1,1,0,2
1005004,1005,1,2,0,5
1005005,1005,1,3,0,2
1005006,1005,1,4,0,2
1005007,1005,1,5,0,3
1005008,1005,4,0,0,1
1005009,1005,7,0,0,1
1005010,1005,8,0,0,1
1005011,1005,3,1,0,6
1005012,1005,6,0,1,4
1005100,1005,2,103010,0,5
1005101,1005,2,103020,0,7
1005102,1005,2,103030,0,2
1005103,1005,2,103050,0,2
1005104,1005,2,103040,0,4
1005105,1005,2,105010,0,1
1005106,1005,2,105020,0,2
1005107,1005,2,105030,0,3
1005200,1005,2,101045,1,5
1005201,1005,2,102040,1,5
1005202,1005,2,101014,0,3
1005203,1005,2,101042,0,3
1005204,1005,2,101012,0,2
1005205,1005,2,101031,0,1
1005206,1005,2,101031,1,1
1005207,1005,2,101032,0,1
1005208,1005,2,101032,1,1
1005209,1005,2,101033,0,1
1005210,1005,2,101033,1,1
1005211,1005,2,101034,0,1
1005212,1005,2,101034,1,1
1005213,1005,2,102030,0,1
1005214,1005,2,102030,1,1
1005215,1005,2,104015,0,2
1005216,1005,2,104045,0,2
1005217,1005,2,106010,0,2
1005218,1005,2,106020,0,2
1005219,1005,2,106020,1,1
1005220,1005,2,106030,0,1
1005221,1005,2,106050,0,1
1005222,1005,2,106050,1,2
1005223,1005,2,106110,0,2
1005224,1005,2,106120,0,2
1005225,1005,2,106120,1,2
1005226,1005,2,106130,0,2
1005227,1005,2,106140,0,2
1005228,1005,2,106150,0,2
1005229,1005,2,106210,0,2
1005230,1005,2,106220,0,2
1005231,1005,2,106220,1,1
1005232,1005,2,106230,0,2
1005233,1005,2,106250,0,1
1005234,1005,9,1,0,1
1005235,1005,9,2,0,2
1005236,1005,9,3,0,3
1005237,1005,9,4,0,2
1005238,1005,9,3,4,6
1005239,1005,9,5,0,5
1005240,1005,9,6,0,3
1005241,1005,9,6,1,3
1005242,1005,9,6,2,4
1005243,1005,9,7,0,4
1005244,1005,9,7,1,4
1005245,1005,9,7,2,2
1005246,1005,9,7,3,4
1005247,1005,9,7,4,4
1005248,1005,9,7,5,3
1005249,1005,9,7,6,4
1005250,1005,9,8,0,4
1005251,1005,9,9,0,2
1005252,1005,2,108010,0,2
1005253,1005,2,108020,0,2
1005254,1005,2,108030,0,2
1005255,1005,2,108040,0,2
1005256,1005,2,107011,0,2
1005257,1005,2,107012,0,2
1005258,1005,2,107013,0,2
1005259,1005,2,107021,0,2
1005260,1005,2,107022,0,2
1005261,1005,2,107023,0,2
1005262,1005,2,107031,0,2
1005263,1005,2,107032,0,2
1005264,1005,2,107033,0,2
1005265,1005,2,107041,0,2
1005266,1005,2,107042,0,2
1005267,1005,2,107043,0,2
1005268,1005,2,107051,0,2
1005269,1005,2,107052,0,2
1005270,1005,2,107053,0,2
1005271,1005,10,0,0,2
1005272,1005,2,107030,0,1
1005273,1005,2,107030,1,1
1005274,1005,2,107040,1,5
1005275,1005,10,1,0,2
1005276,1005,5,9,0,2
1005277,1005,11,0,0,1
1005278,1005,11,1,0,2
1005279,1005,11,2,0,3
1005280,1005,2,109010,0,2
1005281,1005,2,109020,0,2
1005282,1005,2,109030,0,2
1005283,1005,5,0,6,2
1005286,1005,1013,1,0,4
1005287,1005,1013,2,0,4
1005288,1005,1013,3,0,5
1005289,1005,1013,4,0,2
1005290,1005,1013,5,0,3
1005291,1005,1013,6,0,2
1005292,1005,1013,7,0,3
1005293,1005,1013,8,0,1
1005294,1005,1013,9,0,2
1005295,1005,1013,10,0,1
1005401,1005,1014,1,0,1
1005402,1005,1014,2,0,1
1005403,1005,1014,3,0,2
1005404,1005,1014,4,0,2
1005405,1005,1014,5,0,4
1005406,1005,1014,6,0,1
1005407,1005,1014,6,1,1
1005408,1005,1014,6,2,1
1005409,1005,1014,7,0,2
1005410,1005,1014,7,1,1
1005411,1005,1014,7,2,1
1005412,1005,1014,8,0,2
1005413,1005,1014,8,1,1
1005414,1005,1014,8,2,1
1005415,1005,1014,9,0,2
1005416,1005,1014,10,0,2
1005300,1005,5,0,0,7
1005301,1005,5,1,6,1
1005302,1005,5,1,7,1
1005303,1005,5,2,1,6
1005304,1005,5,0,1,3
1005305,1005,5,0,2,3
1005306,1005,5,0,3,1
1005307,1005,5,0,4,5
1005308,1005,0,2,0,2
1005309,1005,0,3,0,5
1005310,1005,0,4,0,2
1005311,1005,0,5,0,5
1005312,1005,0,6,0,0
1005313,1005,5,0,5,2
1005400,1005,5,1,8,2
1006001,1006,0,0,0,1
1006002,1006,1,0,0,5
1006003,1006,1,1,0,3
1006004,1006,1,2,0,5
1006005,1006,1,3,0,2
1006006,1006,1,4,0,3
1006007,1006,1,5,0,5
1006008,1006,4,0,0,2
1006009,1006,7,0,0,1
1006010,1006,8,0,0,1
1006011,1006,3,1,0,2
1006012,1006,6,0,1,5
1006100,1006,2,103010,0,5
1006101,1006,2,103020,0,6
1006102,1006,2,103030,0,5
1006103,1006,2,103050,0,4
1006104,1006,2,103040,0,6
1006105,1006,2,105010,0,1
1006106,1006,2,105020,0,1
1006107,1006,2,105030,0,1
1006200,1006,2,101045,1,1
1006201,1006,2,102040,1,1
1006202,1006,2,101014,0,3
1006203,1006,2,101042,0,3
1006204,1006,2,101012,0,2
1006205,1006,2,101031,0,2
1006206,1006,2,101031,1,2
1006207,1006,2,101032,0,2
1006208,1006,2,101032,1,2
1006209,1006,2,101033,0,2
1006210,1006,2,101033,1,2
1006211,1006,2,101034,0,2
1006212,1006,2,101034,1,2
1006213,1006,2,102030,0,2
1006214,1006,2,102030,1,2
1006215,1006,2,104015,0,2
1006216,1006,2,104045,0,2
1006217,1006,2,106010,0,2
1006218,1006,2,106020,0,2
1006219,1006,2,106020,1,1
1006220,1006,2,106030,0,1
1006221,1006,2,106050,0,1
1006222,1006,2,106050,1,1
1006223,1006,2,106110,0,2
1006224,1006,2,106120,0,2
1006225,1006,2,106120,1,1
1006226,1006,2,106130,0,1
1006227,1006,2,106140,0,2
1006228,1006,2,106150,0,2
1006229,1006,2,106210,0,2
1006230,1006,2,106220,0,2
1006231,1006,2,106220,1,1
1006232,1006,2,106230,0,2
1006233,1006,2,106250,0,1
1006234,1006,9,1,0,1
1006235,1006,9,2,0,2
1006236,1006,9,3,0,1
1006237,1006,9,4,0,1
1006238,1006,9,3,4,1
1006239,1006,9,5,0,4
1006240,1006,9,6,0,2
1006241,1006,9,6,1,2
1006242,1006,9,6,2,3
1006243,1006,9,7,0,5
1006244,1006,9,7,1,1
1006245,1006,9,7,2,3
1006246,1006,9,7,3,2
1006247,1006,9,7,4,5
1006248,1006,9,7,5,5
1006249,1006,9,7,6,5
1006250,1006,9,8,0,5
1006251,1006,9,9,0,2
1006252,1006,2,108010,0,3
1006253,1006,2,108020,0,3
1006254,1006,2,108030,0,3
1006255,1006,2,108040,0,3
1006256,1006,2,107011,0,2
1006257,1006,2,107012,0,2
1006258,1006,2,107013,0,2
1006259,1006,2,107021,0,2
1006260,1006,2,107022,0,2
1006261,1006,2,107023,0,2
1006262,1006,2,107031,0,2
1006263,1006,2,107032,0,2
1006264,1006,2,107033,0,2
1006265,1006,2,107041,0,2
1006266,1006,2,107042,0,2
1006267,1006,2,107043,0,2
1006268,1006,2,107051,0,2
1006269,1006,2,107052,0,2
1006270,1006,2,107053,0,2
1006271,1006,10,0,0,2
1006272,1006,2,107030,0,2
1006273,1006,2,107030,1,2
1006274,1006,2,107040,1,1
1006275,1006,10,1,0,2
1006276,1006,5,9,0,2
1006277,1006,11,0,0,2
1006278,1006,11,1,0,1
1006279,1006,11,2,0,2
1006280,1006,2,109010,0,2
1006281,1006,2,109020,0,3
1006282,1006,2,109030,0,4
1006283,1006,5,0,6,2
1006286,1006,1013,1,0,4
1006287,1006,1013,2,0,2
1006288,1006,1013,3,0,3
1006289,1006,1013,4,0,5
1006290,1006,1013,5,0,6
1006291,1006,1013,6,0,2
1006292,1006,1013,7,0,3
1006293,1006,1013,8,0,1
1006294,1006,1013,9,0,2
1006295,1006,1013,10,0,1
1006401,1006,1014,1,0,4
1006402,1006,1014,2,0,1
1006403,1006,1014,3,0,1
1006404,1006,1014,4,0,1
1006405,1006,1014,5,0,1
1006406,1006,1014,6,0,3
1006407,1006,1014,6,1,1
1006408,1006,1014,6,2,1
1006409,1006,1014,7,0,1
1006410,1006,1014,7,1,1
1006411,1006,1014,7,2,1
1006412,1006,1014,8,0,4
1006413,1006,1014,8,1,1
1006414,1006,1014,8,2,1
1006415,1006,1014,9,0,1
1006416,1006,1014,10,0,1
1006300,1006,5,0,0,6
1006301,1006,5,1,6,4
1006302,1006,5,1,7,7
1006303,1006,5,2,1,4
1006304,1006,5,0,1,3
1006305,1006,5,0,2,3
1006306,1006,5,0,3,1
1006307,1006,5,0,4,5
1006308,1006,0,2,0,1
1006309,1006,0,3,0,5
1006310,1006,0,4,0,2
1006311,1006,0,5,0,5
1006312,1006,0,6,0,0
1006313,1006,5,0,5,3
1006400,1006,5,1,8,2
1007001,1007,0,0,0,5
1007002,1007,1,0,0,2
1007003,1007,1,1,0,2
1007004,1007,1,2,0,2
1007005,1007,1,3,0,1
1007006,1007,1,4,0,2
1007007,1007,1,5,0,4
1007008,1007,4,0,0,1
1007009,1007,7,0,0,2
1007010,1007,8,0,0,1
1007011,1007,3,1,0,3
1007012,1007,6,0,1,4
1007100,1007,2,103010,0,4
1007101,1007,2,103020,0,2
1007102,1007,2,103030,0,4
1007103,1007,2,103050,0,5
1007104,1007,2,103040,0,3
1007105,1007,2,105010,0,1
1007106,1007,2,105020,0,1
1007107,1007,2,105030,0,2
1007200,1007,2,101045,1,2
1007201,1007,2,102040,1,2
1007202,1007,2,101014,0,1
1007203,1007,2,101042,0,1
1007204,1007,2,101012,0,1
1007205,1007,2,101031,0,2
1007206,1007,2,101031,1,2
1007207,1007,2,101032,0,2
1007208,1007,2,101032,1,2
1007209,1007,2,101033,0,2
1007210,1007,2,101033,1,2
1007211,1007,2,101034,0,2
1007212,1007,2,101034,1,2
1007213,1007,2,102030,0,2
1007214,1007,2,102030,1,2
1007215,1007,2,104015,0,1
1007216,1007,2,104045,0,1
1007217,1007,2,106010,0,1
1007218,1007,2,106020,0,1
1007219,1007,2,106020,1,2
1007220,1007,2,106030,0,1
1007221,1007,2,106050,0,1
1007222,1007,2,106050,1,1
1007223,1007,2,106110,0,1
1007224,1007,2,106120,0,1
1007225,1007,2,106120,1,1
1007226,1007,2,106130,0,1
1007227,1007,2,106140,0,1
1007228,1007,2,106150,0,2
1007229,1007,2,106210,0,2
1007230,1007,2,106220,0,1
1007231,1007,2,106220,1,2
1007232,1007,2,106230,0,1
1007233,1007,2,106250,0,1
1007234,1007,9,1,0,2
1007235,1007,9,2,0,1
1007236,1007,9,3,0,1
1007237,1007,9,4,0,1
1007238,1007,9,3,4,4
1007239,1007,9,5,0,2
1007240,1007,9,6,0,5
1007241,1007,9,6,1,3
1007242,1007,9,6,2,4
1007243,1007,9,7,0,4
1007244,1007,9,7,1,2
1007245,1007,9,7,2,5
1007246,1007,9,7,3,6
1007247,1007,9,7,4,6
1007248,1007,9,7,5,1
1007249,1007,9,7,6,1
1007250,1007,9,8,0,4
1007251,1007,9,9,0,1
1007252,1007,2,108010,0,1
1007253,1007,2,108020,0,3
1007254,1007,2,108030,0,1
1007255,1007,2,108040,0,3
1007256,1007,2,107011,0,1
1007257,1007,2,107012,0,1
1007258,1007,2,107013,0,1
1007259,1007,2,107021,0,1
1007260,1007,2,107022,0,1
1007261,1007,2,107023,0,1
1007262,1007,2,107031,0,1
1007263,1007,2,107032,0,1
1007264,1007,2,107033,0,1
1007265,1007,2,107041,0,1
1007266,1007,2,107042,0,1
1007267,1007,2,107043,0,1
1007268,1007,2,107051,0,1
1007269,1007,2,107052,0,1
1007270,1007,2,107053,0,1
1007271,1007,10,0,0,1
1007272,1007,2,107030,0,2
1007273,1007,2,107030,1,2
1007274,1007,2,107040,1,2
1007275,1007,10,1,0,1
1007276,1007,5,9,0,1
1007277,1007,11,0,0,2
1007278,1007,11,1,0,1
1007279,1007,11,2,0,3
1007280,1007,2,109010,0,3
1007281,1007,2,109020,0,1
1007282,1007,2,109030,0,3
1007283,1007,5,0,6,1
1007286,1007,1013,1,0,2
1007287,1007,1013,2,0,4
1007288,1007,1013,3,0,3
1007289,1007,1013,4,0,4
1007290,1007,1013,5,0,4
1007291,1007,1013,6,0,3
1007292,1007,1013,7,0,3
1007293,1007,1013,8,0,1
1007294,1007,1013,9,0,3
1007295,1007,1013,10,0,1
1007401,1007,1014,1,0,6
1007402,1007,1014,2,0,3
1007403,1007,1014,3,0,2
1007404,1007,1014,4,0,2
1007405,1007,1014,5,0,2
1007406,1007,1014,6,0,1
1007407,1007,1014,6,1,1
1007408,1007,1014,6,2,1
1007409,1007,1014,7,0,3
1007410,1007,1014,7,1,1
1007411,1007,1014,7,2,1
1007412,1007,1014,8,0,3
1007413,1007,1014,8,1,1
1007414,1007,1014,8,2,1
1007415,1007,1014,9,0,3
1007416,1007,1014,10,0,1
1007300,1007,5,0,0,2
1007301,1007,5,1,6,3
1007302,1007,5,1,7,2
1007303,1007,5,2,1,3
1007304,1007,5,0,1,3
1007305,1007,5,0,2,3
1007306,1007,5,0,3,1
1007307,1007,5,0,4,2
1007308,1007,0,2,0,5
1007309,1007,0,3,0,2
1007310,1007,0,4,0,2
1007311,1007,0,5,0,2
1007312,1007,0,6,0,1
1007313,1007,5,0,5,2
1007400,1007,5,1,8,1
1008001,1008,0,0,0,5
1008002,1008,1,0,0,2
1008003,1008,1,1,0,2
1008004,1008,1,2,0,2
1008005,1008,1,3,0,4
1008006,1008,1,4,0,2
1008007,1008,1,5,0,2
1008008,1008,4,0,0,2
1008009,1008,7,0,0,2
1008010,1008,8,0,0,1
1008011,1008,3,1,0,6
1008012,1008,6,0,1,3
1008100,1008,2,103010,0,5
1008101,1008,2,103020,0,7
1008102,1008,2,103030,0,5
1008103,1008,2,103050,0,3
1008104,1008,2,103040,0,3
1008105,1008,2,105010,0,1
1008106,1008,2,105020,0,3
1008107,1008,2,105030,0,3
1008200,1008,2,101045,1,2
1008201,1008,2,102040,1,2
1008202,1008,2,101014,0,1
1008203,1008,2,101042,0,1
1008204,1008,2,101012,0,1
1008205,1008,2,101031,0,1
1008206,1008,2,101031,1,1
1008207,1008,2,101032,0,1
1008208,1008,2,101032,1,1
1008209,1008,2,101033,0,1
1008210,1008,2,101033,1,1
1008211,1008,2,101034,0,1
1008212,1008,2,101034,1,1
1008213,1008,2,102030,0,1
1008214,1008,2,102030,1,1
1008215,1008,2,104015,0,1
1008216,1008,2,104045,0,1
1008217,1008,2,106010,0,1
1008218,1008,2,106020,0,1
1008219,1008,2,106020,1,1
1008220,1008,2,106030,0,1
1008221,1008,2,106050,0,1
1008222,1008,2,106050,1,1
1008223,1008,2,106110,0,1
1008224,1008,2,106120,0,1
1008225,1008,2,106120,1,1
1008226,1008,2,106130,0,1
1008227,1008,2,106140,0,1
1008228,1008,2,106150,0,2
1008229,1008,2,106210,0,2
1008230,1008,2,106220,0,1
1008231,1008,2,106220,1,1
1008232,1008,2,106230,0,1
1008233,1008,2,106250,0,1
1008234,1008,9,1,0,1
1008235,1008,9,2,0,1
1008236,1008,9,3,0,1
1008237,1008,9,4,0,1
1008238,1008,9,3,4,4
1008239,1008,9,5,0,3
1008240,1008,9,6,0,3
1008241,1008,9,6,1,3
1008242,1008,9,6,2,2
1008243,1008,9,7,0,4
1008244,1008,9,7,1,4
1008245,1008,9,7,2,2
1008246,1008,9,7,3,2
1008247,1008,9,7,4,2
1008248,1008,9,7,5,4
1008249,1008,9,7,6,2
1008250,1008,9,8,0,2
1008251,1008,9,9,0,1
1008252,1008,2,108010,0,1
1008253,1008,2,108020,0,3
1008254,1008,2,108030,0,1
1008255,1008,2,108040,0,3
1008256,1008,2,107011,0,1
1008257,1008,2,107012,0,1
1008258,1008,2,107013,0,1
1008259,1008,2,107021,0,1
1008260,1008,2,107022,0,1
1008261,1008,2,107023,0,1
1008262,1008,2,107031,0,1
1008263,1008,2,107032,0,1
1008264,1008,2,107033,0,1
1008265,1008,2,107041,0,1
1008266,1008,2,107042,0,1
1008267,1008,2,107043,0,1
1008268,1008,2,107051,0,1
1008269,1008,2,107052,0,1
1008270,1008,2,107053,0,3
1008271,1008,10,0,0,2
1008272,1008,2,107030,0,1
1008273,1008,2,107030,1,1
1008274,1008,2,107040,1,2
1008275,1008,10,1,0,1
1008276,1008,5,9,0,1
1008277,1008,11,0,0,2
1008278,1008,11,1,0,1
1008279,1008,11,2,0,3
1008280,1008,2,109010,0,1
1008281,1008,2,109020,0,2
1008282,1008,2,109030,0,3
1008283,1008,5,0,6,2
1008286,1008,1013,1,0,2
1008287,1008,1013,2,0,3
1008288,1008,1013,3,0,3
1008289,1008,1013,4,0,4
1008290,1008,1013,5,0,2
1008291,1008,1013,6,0,3
1008292,1008,1013,7,0,1
1008293,1008,1013,8,0,1
1008294,1008,1013,9,0,3
1008295,1008,1013,10,0,1
1008401,1008,1014,1,0,1
1008402,1008,1014,2,0,3
1008403,1008,1014,3,0,3
1008404,1008,1014,4,0,2
1008405,1008,1014,5,0,1
1008406,1008,1014,6,0,1
1008407,1008,1014,6,1,1
1008408,1008,1014,6,2,1
1008409,1008,1014,7,0,3
1008410,1008,1014,7,1,1
1008411,1008,1014,7,2,1
1008412,1008,1014,8,0,1
1008413,1008,1014,8,1,1
1008414,1008,1014,8,2,1
1008415,1008,1014,9,0,3
1008416,1008,1014,10,0,1
1008300,1008,5,0,0,7
1008301,1008,5,1,6,3
1008302,1008,5,1,7,2
1008303,1008,5,2,1,6
1008304,1008,5,0,1,3
1008305,1008,5,0,2,3
1008306,1008,5,0,3,1
1008307,1008,5,0,4,2
1008308,1008,0,2,0,5
1008309,1008,0,3,0,2
1008310,1008,0,4,0,2
1008311,1008,0,5,0,2
1008312,1008,0,6,0,1
1008313,1008,5,0,5,2
1008400,1008,5,1,8,1
1009001,1009,0,0,0,1
1009002,1009,1,0,0,5
1009003,1009,1,1,0,1
1009004,1009,1,2,0,5
1009005,1009,1,3,0,4
1009006,1009,1,4,0,1
1009007,1009,1,5,0,5
1009008,1009,4,0,0,1
1009009,1009,7,0,0,2
1009010,1009,8,0,0,1
1009011,1009,3,1,0,7
1009012,1009,6,0,1,2
1009100,1009,2,103010,0,5
1009101,1009,2,103020,0,5
1009102,1009,2,103030,0,3
1009103,1009,2,103050,0,2
1009104,1009,2,103040,0,4
1009105,1009,2,105010,0,2
1009106,1009,2,105020,0,2
1009107,1009,2,105030,0,1
1009200,1009,2,101045,1,5
1009201,1009,2,102040,1,5
1009202,1009,2,101014,0,2
1009203,1009,2,101042,0,2
1009204,1009,2,101012,0,1
1009205,1009,2,101031,0,1
1009206,1009,2,101031,1,1
1009207,1009,2,101032,0,1
1009208,1009,2,101032,1,1
1009209,1009,2,101033,0,1
1009210,1009,2,101033,1,1
1009211,1009,2,101034,0,1
1009212,1009,2,101034,1,1
1009213,1009,2,102030,0,1
1009214,1009,2,102030,1,1
1009215,1009,2,104015,0,1
1009216,1009,2,104045,0,1
1009217,1009,2,106010,0,2
1009218,1009,2,106020,0,1
1009219,1009,2,106020,1,1
1009220,1009,2,106030,0,1
1009221,1009,2,106050,0,2
1009222,1009,2,106050,1,2
1009223,1009,2,106110,0,1
1009224,1009,2,106120,0,1
1009225,1009,2,106120,1,1
1009226,1009,2,106130,0,2
1009227,1009,2,106140,0,1
1009228,1009,2,106150,0,2
1009229,1009,2,106210,0,1
1009230,1009,2,106220,0,1
1009231,1009,2,106220,1,1
1009232,1009,2,106230,0,2
1009233,1009,2,106250,0,1
1009234,1009,9,1,0,1
1009235,1009,9,2,0,2
1009236,1009,9,3,0,2
1009237,1009,9,4,0,3
1009238,1009,9,3,4,2
1009239,1009,9,5,0,1
1009240,1009,9,6,0,4
1009241,1009,9,6,1,2
1009242,1009,9,6,2,3
1009243,1009,9,7,0,3
1009244,1009,9,7,1,3
1009245,1009,9,7,2,1
1009246,1009,9,7,3,3
1009247,1009,9,7,4,3
1009248,1009,9,7,5,3
1009249,1009,9,7,6,1
1009250,1009,9,8,0,3
1009251,1009,9,9,0,1
1009252,1009,2,108010,0,4
1009253,1009,2,108020,0,1
1009254,1009,2,108030,0,2
1009255,1009,2,108040,0,2
1009256,1009,2,107011,0,2
1009257,1009,2,107012,0,2
1009258,1009,2,107013,0,2
1009259,1009,2,107021,0,2
1009260,1009,2,107022,0,2
1009261,1009,2,107023,0,2
1009262,1009,2,107031,0,1
1009263,1009,2,107032,0,1
1009264,1009,2,107033,0,1
1009265,1009,2,107041,0,2
1009266,1009,2,107042,0,2
1009267,1009,2,107043,0,2
1009268,1009,2,107051,0,2
1009269,1009,2,107052,0,2
1009270,1009,2,107053,0,2
1009271,1009,10,0,0,2
1009272,1009,2,107030,0,1
1009273,1009,2,107030,1,1
1009274,1009,2,107040,1,5
1009275,1009,10,1,0,2
1009276,1009,5,9,0,2
1009277,1009,11,0,0,1
1009278,1009,11,1,0,2
1009279,1009,11,2,0,2
1009280,1009,2,109010,0,2
1009281,1009,2,109020,0,2
1009282,1009,2,109030,0,2
1009283,1009,5,0,6,3
1009286,1009,1013,1,0,3
1009287,1009,1013,2,0,2
1009288,1009,1013,3,0,2
1009289,1009,1013,4,0,3
1009290,1009,1013,5,0,3
1009291,1009,1013,6,0,2
1009292,1009,1013,7,0,2
1009293,1009,1013,8,0,1
1009294,1009,1013,9,0,2
1009295,1009,1013,10,0,1
1009401,1009,1014,1,0,8
1009402,1009,1014,2,0,1
1009403,1009,1014,3,0,1
1009404,1009,1014,4,0,1
1009405,1009,1014,5,0,4
1009406,1009,1014,6,0,2
1009407,1009,1014,6,1,1
1009408,1009,1014,6,2,1
1009409,1009,1014,7,0,2
1009410,1009,1014,7,1,1
1009411,1009,1014,7,2,1
1009412,1009,1014,8,0,2
1009413,1009,1014,8,1,1
1009414,1009,1014,8,2,1
1009415,1009,1014,9,0,1
1009416,1009,1014,10,0,2
1009300,1009,5,0,0,5
1009301,1009,5,1,6,1
1009302,1009,5,1,7,6
1009303,1009,5,2,1,7
1009304,1009,5,0,1,1
1009305,1009,5,0,2,1
1009306,1009,5,0,3,1
1009307,1009,5,0,4,5
1009308,1009,0,2,0,1
1009309,1009,0,3,0,5
1009310,1009,0,4,0,2
1009311,1009,0,5,0,5
1009312,1009,0,6,0,0
1009313,1009,5,0,5,1
1009400,1009,5,1,8,2
1010001,1010,0,0,0,1
1010002,1010,1,0,0,4
1010003,1010,1,1,0,2
1010004,1010,1,2,0,1
1010005,1010,1,3,0,1
1010006,1010,1,4,0,2
1010007,1010,1,5,0,1
1010008,1010,4,0,0,2
1010009,1010,7,0,0,2
1010010,1010,8,0,0,1
1010011,1010,3,1,0,1
1010012,1010,6,0,1,4
1010100,1010,2,103010,0,4
1010101,1010,2,103020,0,4
1010102,1010,2,103030,0,4
1010103,1010,2,103050,0,5
1010104,1010,2,103040,0,5
1010105,1010,2,105010,0,3
1010106,1010,2,105020,0,1
1010107,1010,2,105030,0,2
1010200,1010,2,101045,1,4
1010201,1010,2,102040,1,4
1010202,1010,2,101014,0,1
1010203,1010,2,101042,0,1
1010204,1010,2,101012,0,1
1010205,1010,2,101031,0,1
1010206,1010,2,101031,1,1
1010207,1010,2,101032,0,1
1010208,1010,2,101032,1,1
1010209,1010,2,101033,0,1
1010210,1010,2,101033,1,1
1010211,1010,2,101034,0,1
1010212,1010,2,101034,1,1
1010213,1010,2,102030,0,1
1010214,1010,2,102030,1,1
1010215,1010,2,104015,0,1
1010216,1010,2,104045,0,3
1010217,1010,2,106010,0,1
1010218,1010,2,106020,0,1
1010219,1010,2,106020,1,1
1010220,1010,2,106030,0,1
1010221,1010,2,106050,0,1
1010222,1010,2,106050,1,1
1010223,1010,2,106110,0,1
1010224,1010,2,106120,0,1
1010225,1010,2,106120,1,1
1010226,1010,2,106130,0,1
1010227,1010,2,106140,0,1
1010228,1010,2,106150,0,1
1010229,1010,2,106210,0,1
1010230,1010,2,106220,0,1
1010231,1010,2,106220,1,2
1010232,1010,2,106230,0,1
1010233,1010,2,106250,0,1
1010234,1010,9,1,0,1
1010235,1010,9,2,0,1
1010236,1010,9,3,0,1
1010237,1010,9,4,0,1
1010238,1010,9,3,4,1
1010239,1010,9,5,0,2
1010240,1010,9,6,0,1
1010241,1010,9,6,1,1
1010242,1010,9,6,2,6
1010243,1010,9,7,0,2
1010244,1010,9,7,1,5
1010245,1010,9,7,2,2
1010246,1010,9,7,3,1
1010247,1010,9,7,4,1
1010248,1010,9,7,5,2
1010249,1010,9,7,6,2
1010250,1010,9,8,0,1
1010251,1010,9,9,0,1
1010252,1010,2,108010,0,1
1010253,1010,2,108020,0,1
1010254,1010,2,108030,0,1
1010255,1010,2,108040,0,1
1010256,1010,2,107011,0,1
1010257,1010,2,107012,0,1
1010258,1010,2,107013,0,1
1010259,1010,2,107021,0,1
1010260,1010,2,107022,0,1
1010261,1010,2,107023,0,1
1010262,1010,2,107031,0,1
1010263,1010,2,107032,0,1
1010264,1010,2,107033,0,1
1010265,1010,2,107041,0,1
1010266,1010,2,107042,0,1
1010267,1010,2,107043,0,1
1010268,1010,2,107051,0,1
1010269,1010,2,107052,0,1
1010270,1010,2,107053,0,1
1010271,1010,10,0,0,1
1010272,1010,2,107030,0,1
1010273,1010,2,107030,1,1
1010274,1010,2,107040,1,4
1010275,1010,10,1,0,1
1010276,1010,5,9,0,1
1010277,1010,11,0,0,1
1010278,1010,11,1,0,1
1010279,1010,11,2,0,1
1010280,1010,2,109010,0,1
1010281,1010,2,109020,0,1
1010282,1010,2,109030,0,1
1010283,1010,5,0,6,1
1010286,1010,1013,1,0,1
1010287,1010,1013,2,0,6
1010288,1010,1013,3,0,1
1010289,1010,1013,4,0,1
1010290,1010,1013,5,0,5
1010291,1010,1013,6,0,1
1010292,1010,1013,7,0,1
1010293,1010,1013,8,0,1
1010294,1010,1013,9,0,1
1010295,1010,1013,10,0,1
1010401,1010,1014,1,0,3
1010402,1010,1014,2,0,3
1010403,1010,1014,3,0,3
1010404,1010,1014,4,0,2
1010405,1010,1014,5,0,2
1010406,1010,1014,6,0,1
1010407,1010,1014,6,1,1
1010408,1010,1014,6,2,1
1010409,1010,1014,7,0,3
1010410,1010,1014,7,1,1
1010411,1010,1014,7,2,1
1010412,1010,1014,8,0,3
1010413,1010,1014,8,1,1
1010414,1010,1014,8,2,1
1010415,1010,1014,9,0,1
1010416,1010,1014,10,0,1
1010300,1010,5,0,0,4
1010301,1010,5,1,6,3
1010302,1010,5,1,7,2
1010303,1010,5,2,1,3
1010304,1010,5,0,1,1
1010305,1010,5,0,2,1
1010306,1010,5,0,3,1
1010307,1010,5,0,4,1
1010308,1010,0,2,0,1
1010309,1010,0,3,0,1
1010310,1010,0,4,0,1
1010311,1010,0,5,0,1
1010312,1010,0,6,0,0
1010313,1010,5,0,5,2
1010400,1010,5,1,8,1
1011001,1011,0,0,0,4
1011002,1011,1,0,0,3
1011003,1011,1,1,0,3
1011004,1011,1,2,0,3
1011005,1011,1,3,0,4
1011006,1011,1,4,0,3
1011007,1011,1,5,0,3
1011008,1011,4,0,0,1
1011009,1011,7,0,0,1
1011010,1011,8,0,0,1
1011011,1011,3,1,0,2
1011012,1011,6,0,1,6
1011100,1011,2,103010,0,6
1011101,1011,2,103020,0,1
1011102,1011,2,103030,0,3
1011103,1011,2,103050,0,2
1011104,1011,2,103040,0,2
1011105,1011,2,105010,0,2
1011106,1011,2,105020,0,2
1011107,1011,2,105030,0,1
1011200,1011,2,101045,1,3
1011201,1011,2,102040,1,3
1011202,1011,2,101014,0,2
1011203,1011,2,101042,0,3
1011204,1011,2,101012,0,2
1011205,1011,2,101031,0,1
1011206,1011,2,101031,1,1
1011207,1011,2,101032,0,1
1011208,1011,2,101032,1,1
1011209,1011,2,101033,0,1
1011210,1011,2,101033,1,1
1011211,1011,2,101034,0,1
1011212,1011,2,101034,1,1
1011213,1011,2,102030,0,1
1011214,1011,2,102030,1,1
1011215,1011,2,104015,0,2
1011216,1011,2,104045,0,2
1011217,1011,2,106010,0,2
1011218,1011,2,106020,0,2
1011219,1011,2,106020,1,2
1011220,1011,2,106030,0,1
1011221,1011,2,106050,0,2
1011222,1011,2,106050,1,2
1011223,1011,2,106110,0,2
1011224,1011,2,106120,0,2
1011225,1011,2,106120,1,2
1011226,1011,2,106130,0,2
1011227,1011,2,106140,0,2
1011228,1011,2,106150,0,2
1011229,1011,2,106210,0,1
1011230,1011,2,106220,0,2
1011231,1011,2,106220,1,1
1011232,1011,2,106230,0,2
1011233,1011,2,106250,0,2
1011234,1011,9,1,0,1
1011235,1011,9,2,0,2
1011236,1011,9,3,0,2
1011237,1011,9,4,0,3
1011238,1011,9,3,4,5
1011239,1011,9,5,0,4
1011240,1011,9,6,0,2
1011241,1011,9,6,1,2
1011242,1011,9,6,2,3
1011243,1011,9,7,0,3
1011244,1011,9,7,1,3
1011245,1011,9,7,2,3
1011246,1011,9,7,3,3
1011247,1011,9,7,4,4
1011248,1011,9,7,5,6
1011249,1011,9,7,6,3
1011250,1011,9,8,0,3
1011251,1011,9,9,0,2
1011252,1011,2,108010,0,4
1011253,1011,2,108020,0,2
1011254,1011,2,108030,0,4
1011255,1011,2,108040,0,2
1011256,1011,2,107011,0,2
1011257,1011,2,107012,0,2
1011258,1011,2,107013,0,2
1011259,1011,2,107021,0,2
1011260,1011,2,107022,0,2
1011261,1011,2,107023,0,2
1011262,1011,2,107031,0,2
1011263,1011,2,107032,0,2
1011264,1011,2,107033,0,2
1011265,1011,2,107041,0,2
1011266,1011,2,107042,0,2
1011267,1011,2,107043,0,2
1011268,1011,2,107051,0,2
1011269,1011,2,107052,0,2
1011270,1011,2,107053,0,2
1011271,1011,10,0,0,2
1011272,1011,2,107030,0,1
1011273,1011,2,107030,1,1
1011274,1011,2,107040,1,3
1011275,1011,10,1,0,2
1011276,1011,5,9,0,2
1011277,1011,11,0,0,1
1011278,1011,11,1,0,2
1011279,1011,11,2,0,2
1011280,1011,2,109010,0,2
1011281,1011,2,109020,0,1
1011282,1011,2,109030,0,2
1011283,1011,5,0,6,3
1011286,1011,1013,1,0,3
1011287,1011,1013,2,0,5
1011288,1011,1013,3,0,2
1011289,1011,1013,4,0,3
1011290,1011,1013,5,0,3
1011291,1011,1013,6,0,2
1011292,1011,1013,7,0,2
1011293,1011,1013,8,0,1
1011294,1011,1013,9,0,2
1011295,1011,1013,10,0,1
1011401,1011,1014,1,0,8
1011402,1011,1014,2,0,2
1011403,1011,1014,3,0,1
1011404,1011,1014,4,0,1
1011405,1011,1014,5,0,4
1011406,1011,1014,6,0,2
1011407,1011,1014,6,1,1
1011408,1011,1014,6,2,1
1011409,1011,1014,7,0,2
1011410,1011,1014,7,1,1
1011411,1011,1014,7,2,1
1011412,1011,1014,8,0,2
1011413,1011,1014,8,1,1
1011414,1011,1014,8,2,1
1011415,1011,1014,9,0,2
1011416,1011,1014,10,0,2
1011300,1011,5,0,0,1
1011301,1011,5,1,6,2
1011302,1011,5,1,7,6
1011303,1011,5,2,1,4
1011304,1011,5,0,1,1
1011305,1011,5,0,2,1
1011306,1011,5,0,3,1
1011307,1011,5,0,4,3
1011308,1011,0,2,0,4
1011309,1011,0,3,0,3
1011310,1011,0,4,0,3
1011311,1011,0,5,0,3
1011312,1011,0,6,0,0
1011313,1011,5,0,5,3
1011400,1011,5,1,8,2
1012001,1012,0,0,0,5
1012002,1012,1,0,0,2
1012003,1012,1,1,0,2
1012004,1012,1,2,0,2
1012005,1012,1,3,0,2
1012006,1012,1,4,0,2
1012007,1012,1,5,0,2
1012008,1012,4,0,0,2
1012009,1012,7,0,0,2
1012010,1012,8,0,0,1
1012011,1012,3,1,0,5
1012012,1012,6,0,1,3
1012100,1012,2,103010,0,2
1012101,1012,2,103020,0,2
1012102,1012,2,103030,0,5
1012103,1012,2,103050,0,3
1012104,1012,2,103040,0,3
1012105,1012,2,105010,0,1
1012106,1012,2,105020,0,1
1012107,1012,2,105030,0,3
1012200,1012,2,101045,1,2
1012201,1012,2,102040,1,2
1012202,1012,2,101014,0,1
1012203,1012,2,101042,0,1
1012204,1012,2,101012,0,1
1012205,1012,2,101031,0,1
1012206,1012,2,101031,1,1
1012207,1012,2,101032,0,1
1012208,1012,2,101032,1,1
1012209,1012,2,101033,0,1
1012210,1012,2,101033,1,1
1012211,1012,2,101034,0,1
1012212,1012,2,101034,1,1
1012213,1012,2,102030,0,1
1012214,1012,2,102030,1,1
1012215,1012,2,104015,0,1
1012216,1012,2,104045,0,1
1012217,1012,2,106010,0,1
1012218,1012,2,106020,0,1
1012219,1012,2,106020,1,1
1012220,1012,2,106030,0,1
1012221,1012,2,106050,0,1
1012222,1012,2,106050,1,1
1012223,1012,2,106110,0,1
1012224,1012,2,106120,0,1
1012225,1012,2,106120,1,1
1012226,1012,2,106130,0,1
1012227,1012,2,106140,0,1
1012228,1012,2,106150,0,2
1012229,1012,2,106210,0,2
1012230,1012,2,106220,0,1
1012231,1012,2,106220,1,1
1012232,1012,2,106230,0,1
1012233,1012,2,106250,0,1
1012234,1012,9,1,0,1
1012235,1012,9,2,0,2
1012236,1012,9,3,0,1
1012237,1012,9,4,0,2
1012238,1012,9,3,4,1
1012239,1012,9,5,0,3
1012240,1012,9,6,0,3
1012241,1012,9,6,1,3
1012242,1012,9,6,2,2
1012243,1012,9,7,0,4
1012244,1012,9,7,1,1
1012245,1012,9,7,2,2
1012246,1012,9,7,3,2
1012247,1012,9,7,4,2
1012248,1012,9,7,5,4
1012249,1012,9,7,6,2
1012250,1012,9,8,0,2
1012251,1012,9,9,0,1
1012252,1012,2,108010,0,3
1012253,1012,2,108020,0,3
1012254,1012,2,108030,0,3
1012255,1012,2,108040,0,3
1012256,1012,2,107011,0,1
1012257,1012,2,107012,0,1
1012258,1012,2,107013,0,1
1012259,1012,2,107021,0,1
1012260,1012,2,107022,0,1
1012261,1012,2,107023,0,1
1012262,1012,2,107031,0,1
1012263,1012,2,107032,0,1
1012264,1012,2,107033,0,1
1012265,1012,2,107041,0,1
1012266,1012,2,107042,0,1
1012267,1012,2,107043,0,1
1012268,1012,2,107051,0,1
1012269,1012,2,107052,0,1
1012270,1012,2,107053,0,1
1012271,1012,10,0,0,2
1012272,1012,2,107030,0,1
1012273,1012,2,107030,1,1
1012274,1012,2,107040,1,2
1012275,1012,10,1,0,1
1012276,1012,5,9,0,1
1012277,1012,11,0,0,2
1012278,1012,11,1,0,2
1012279,1012,11,2,0,3
1012280,1012,2,109010,0,2
1012281,1012,2,109020,0,2
1012282,1012,2,109030,0,3
1012283,1012,5,0,6,2
1012286,1012,1013,1,0,2
1012287,1012,1013,2,0,3
1012288,1012,1013,3,0,3
1012289,1012,1013,4,0,4
1012290,1012,1013,5,0,4
1012291,1012,1013,6,0,3
1012292,1012,1013,7,0,3
1012293,1012,1013,8,0,1
1012294,1012,1013,9,0,3
1012295,1012,1013,10,0,1
1012401,1012,1014,1,0,1
1012402,1012,1014,2,0,3
1012403,1012,1014,3,0,3
1012404,1012,1014,4,0,2
1012405,1012,1014,5,0,1
1012406,1012,1014,6,0,1
1012407,1012,1014,6,1,1
1012408,1012,1014,6,2,1
1012409,1012,1014,7,0,3
1012410,1012,1014,7,1,1
1012411,1012,1014,7,2,1
1012412,1012,1014,8,0,1
1012413,1012,1014,8,1,1
1012414,1012,1014,8,2,1
1012415,1012,1014,9,0,3
1012416,1012,1014,10,0,1
1012300,1012,5,0,0,2
1012301,1012,5,1,6,3
1012302,1012,5,1,7,2
1012303,1012,5,2,1,5
1012304,1012,5,0,1,3
1012305,1012,5,0,2,3
1012306,1012,5,0,3,1
1012307,1012,5,0,4,2
1012308,1012,0,2,0,2
1012309,1012,0,3,0,2
1012310,1012,0,4,0,2
1012311,1012,0,5,0,2
1012312,1012,0,6,0,1
1012313,1012,5,0,5,2
1012400,1012,5,1,8,2
1013001,1013,0,0,0,4
1013002,1013,1,0,0,3
1013003,1013,1,1,0,3
1013004,1013,1,2,0,3
1013005,1013,1,3,0,2
1013006,1013,1,4,0,3
1013007,1013,1,5,0,3
1013008,1013,4,0,0,1
1013009,1013,7,0,0,1
1013010,1013,8,0,0,1
1013011,1013,3,1,0,4
1013012,1013,6,0,1,6
1013100,1013,2,103010,0,6
1013101,1013,2,103020,0,1
1013102,1013,2,103030,0,3
1013103,1013,2,103050,0,2
1013104,1013,2,103040,0,2
1013105,1013,2,105010,0,2
1013106,1013,2,105020,0,2
1013107,1013,2,105030,0,1
1013200,1013,2,101045,1,1
1013201,1013,2,102040,1,1
1013202,1013,2,101014,0,3
1013203,1013,2,101042,0,3
1013204,1013,2,101012,0,2
1013205,1013,2,101031,0,1
1013206,1013,2,101031,1,1
1013207,1013,2,101032,0,1
1013208,1013,2,101032,1,1
1013209,1013,2,101033,0,1
1013210,1013,2,101033,1,1
1013211,1013,2,101034,0,1
1013212,1013,2,101034,1,1
1013213,1013,2,102030,0,1
1013214,1013,2,102030,1,1
1013215,1013,2,104015,0,2
1013216,1013,2,104045,0,2
1013217,1013,2,106010,0,2
1013218,1013,2,106020,0,2
1013219,1013,2,106020,1,2
1013220,1013,2,106030,0,1
1013221,1013,2,106050,0,2
1013222,1013,2,106050,1,2
1013223,1013,2,106110,0,2
1013224,1013,2,106120,0,2
1013225,1013,2,106120,1,2
1013226,1013,2,106130,0,2
1013227,1013,2,106140,0,2
1013228,1013,2,106150,0,2
1013229,1013,2,106210,0,2
1013230,1013,2,106220,0,2
1013231,1013,2,106220,1,2
1013232,1013,2,106230,0,2
1013233,1013,2,106250,0,2
1013234,1013,9,1,0,3
1013235,1013,9,2,0,2
1013236,1013,9,3,0,2
1013237,1013,9,4,0,3
1013238,1013,9,3,4,5
1013239,1013,9,5,0,4
1013240,1013,9,6,0,4
1013241,1013,9,6,1,2
1013242,1013,9,6,2,5
1013243,1013,9,7,0,3
1013244,1013,9,7,1,1
1013245,1013,9,7,2,3
1013246,1013,9,7,3,5
1013247,1013,9,7,4,6
1013248,1013,9,7,5,6
1013249,1013,9,7,6,6
1013250,1013,9,8,0,3
1013251,1013,9,9,0,1
1013252,1013,2,108010,0,2
1013253,1013,2,108020,0,2
1013254,1013,2,108030,0,2
1013255,1013,2,108040,0,2
1013256,1013,2,107011,0,2
1013257,1013,2,107012,0,2
1013258,1013,2,107013,0,2
1013259,1013,2,107021,0,2
1013260,1013,2,107022,0,2
1013261,1013,2,107023,0,2
1013262,1013,2,107031,0,2
1013263,1013,2,107032,0,2
1013264,1013,2,107033,0,2
1013265,1013,2,107041,0,2
1013266,1013,2,107042,0,2
1013267,1013,2,107043,0,2
1013268,1013,2,107051,0,2
1013269,1013,2,107052,0,2
1013270,1013,2,107053,0,2
1013271,1013,10,0,0,2
1013272,1013,2,107030,0,1
1013273,1013,2,107030,1,1
1013274,1013,2,107040,1,1
1013275,1013,10,1,0,2
1013276,1013,5,9,0,2
1013277,1013,11,0,0,1
1013278,1013,11,1,0,2
1013279,1013,11,2,0,2
1013280,1013,2,109010,0,2
1013281,1013,2,109020,0,3
1013282,1013,2,109030,0,2
1013283,1013,5,0,6,3
1013286,1013,1013,1,0,3
1013287,1013,1013,2,0,5
1013288,1013,1013,3,0,4
1013289,1013,1013,4,0,5
1013290,1013,1013,5,0,2
1013291,1013,1013,6,0,2
1013292,1013,1013,7,0,2
1013293,1013,1013,8,0,1
1013294,1013,1013,9,0,2
1013295,1013,1013,10,0,1
1013401,1013,1014,1,0,8
1013402,1013,1014,2,0,2
1013403,1013,1014,3,0,1
1013404,1013,1014,4,0,1
1013405,1013,1014,5,0,4
1013406,1013,1014,6,0,2
1013407,1013,1014,6,1,1
1013408,1013,1014,6,2,1
1013409,1013,1014,7,0,2
1013410,1013,1014,7,1,1
1013411,1013,1014,7,2,1
1013412,1013,1014,8,0,2
1013413,1013,1014,8,1,1
1013414,1013,1014,8,2,1
1013415,1013,1014,9,0,2
1013416,1013,1014,10,0,2
1013300,1013,5,0,0,1
1013301,1013,5,1,6,5
1013302,1013,5,1,7,6
1013303,1013,5,2,1,7
1013304,1013,5,0,1,1
1013305,1013,5,0,2,1
1013306,1013,5,0,3,1
1013307,1013,5,0,4,3
1013308,1013,0,2,0,4
1013309,1013,0,3,0,3
1013310,1013,0,4,0,3
1013311,1013,0,5,0,3
1013312,1013,0,6,0,0
1013313,1013,5,0,5,3
1013400,1013,5,1,8,2
1014001,1014,0,0,0,5
1014002,1014,1,0,0,2
1014003,1014,1,1,0,2
1014004,1014,1,2,0,2
1014005,1014,1,3,0,4
1014006,1014,1,4,0,2
1014007,1014,1,5,0,2
1014008,1014,4,0,0,2
1014009,1014,7,0,0,2
1014010,1014,8,0,0,1
1014011,1014,3,1,0,1
1014012,1014,6,0,1,3
1014100,1014,2,103010,0,4
1014101,1014,2,103020,0,4
1014102,1014,2,103030,0,4
1014103,1014,2,103050,0,5
1014104,1014,2,103040,0,3
1014105,1014,2,105010,0,3
1014106,1014,2,105020,0,1
1014107,1014,2,105030,0,2
1014200,1014,2,101045,1,1
1014201,1014,2,102040,1,1
1014202,1014,2,101014,0,1
1014203,1014,2,101042,0,2
1014204,1014,2,101012,0,1
1014205,1014,2,101031,0,1
1014206,1014,2,101031,1,1
1014207,1014,2,101032,0,1
1014208,1014,2,101032,1,1
1014209,1014,2,101033,0,1
1014210,1014,2,101033,1,1
1014211,1014,2,101034,0,1
1014212,1014,2,101034,1,1
1014213,1014,2,102030,0,1
1014214,1014,2,102030,1,1
1014215,1014,2,104015,0,1
1014216,1014,2,104045,0,3
1014217,1014,2,106010,0,1
1014218,1014,2,106020,0,1
1014219,1014,2,106020,1,1
1014220,1014,2,106030,0,1
1014221,1014,2,106050,0,1
1014222,1014,2,106050,1,1
1014223,1014,2,106110,0,1
1014224,1014,2,106120,0,1
1014225,1014,2,106120,1,1
1014226,1014,2,106130,0,1
1014227,1014,2,106140,0,1
1014228,1014,2,106150,0,2
1014229,1014,2,106210,0,2
1014230,1014,2,106220,0,1
1014231,1014,2,106220,1,1
1014232,1014,2,106230,0,1
1014233,1014,2,106250,0,1
1014234,1014,9,1,0,1
1014235,1014,9,2,0,1
1014236,1014,9,3,0,1
1014237,1014,9,4,0,1
1014238,1014,9,3,4,1
1014239,1014,9,5,0,5
1014240,1014,9,6,0,3
1014241,1014,9,6,1,3
1014242,1014,9,6,2,2
1014243,1014,9,7,0,4
1014244,1014,9,7,1,3
1014245,1014,9,7,2,2
1014246,1014,9,7,3,2
1014247,1014,9,7,4,2
1014248,1014,9,7,5,4
1014249,1014,9,7,6,2
1014250,1014,9,8,0,2
1014251,1014,9,9,0,1
1014252,1014,2,108010,0,1
1014253,1014,2,108020,0,3
1014254,1014,2,108030,0,1
1014255,1014,2,108040,0,1
1014256,1014,2,107011,0,1
1014257,1014,2,107012,0,1
1014258,1014,2,107013,0,1
1014259,1014,2,107021,0,1
1014260,1014,2,107022,0,1
1014261,1014,2,107023,0,1
1014262,1014,2,107031,0,1
1014263,1014,2,107032,0,1
1014264,1014,2,107033,0,1
1014265,1014,2,107041,0,1
1014266,1014,2,107042,0,1
1014267,1014,2,107043,0,1
1014268,1014,2,107051,0,1
1014269,1014,2,107052,0,1
1014270,1014,2,107053,0,1
1014271,1014,10,0,0,1
1014272,1014,2,107030,0,1
1014273,1014,2,107030,1,1
1014274,1014,2,107040,1,1
1014275,1014,10,1,0,1
1014276,1014,5,9,0,1
1014277,1014,11,0,0,2
1014278,1014,11,1,0,1
1014279,1014,11,2,0,1
1014280,1014,2,109010,0,1
1014281,1014,2,109020,0,1
1014282,1014,2,109030,0,1
1014283,1014,5,0,6,2
1014286,1014,1013,1,0,2
1014287,1014,1013,2,0,1
1014288,1014,1013,3,0,1
1014289,1014,1013,4,0,1
1014290,1014,1013,5,0,4
1014291,1014,1013,6,0,3
1014292,1014,1013,7,0,1
1014293,1014,1013,8,0,1
1014294,1014,1013,9,0,3
1014295,1014,1013,10,0,1
1014401,1014,1014,1,0,1
1014402,1014,1014,2,0,3
1014403,1014,1014,3,0,1
1014404,1014,1014,4,0,2
1014405,1014,1014,5,0,2
1014406,1014,1014,6,0,1
1014407,1014,1014,6,1,1
1014408,1014,1014,6,2,1
1014409,1014,1014,7,0,3
1014410,1014,1014,7,1,1
1014411,1014,1014,7,2,1
1014412,1014,1014,8,0,3
1014413,1014,1014,8,1,1
1014414,1014,1014,8,2,1
1014415,1014,1014,9,0,1
1014416,1014,1014,10,0,1
1014300,1014,5,0,0,4
1014301,1014,5,1,6,3
1014302,1014,5,1,7,3
1014303,1014,5,2,1,5
1014304,1014,5,0,1,3
1014305,1014,5,0,2,3
1014306,1014,5,0,3,1
1014307,1014,5,0,4,2
1014308,1014,0,2,0,5
1014309,1014,0,3,0,2
1014310,1014,0,4,0,2
1014311,1014,0,5,0,2
1014312,1014,0,6,0,1
1014313,1014,5,0,5,2
1014400,1014,5,1,8,1
1015001,1015,0,0,0,1
1015002,1015,1,0,0,6
1015003,1015,1,1,0,2
1015004,1015,1,2,0,5
1015005,1015,1,3,0,1
1015006,1015,1,4,0,2
1015007,1015,1,5,0,5
1015008,1015,4,0,0,1
1015009,1015,7,0,0,2
1015010,1015,8,0,0,1
1015011,1015,3,1,0,6
1015012,1015,6,0,1,4
1015100,1015,2,103010,0,5
1015101,1015,2,103020,0,7
1015102,1015,2,103030,0,2
1015103,1015,2,103050,0,3
1015104,1015,2,103040,0,4
1015105,1015,2,105010,0,1
1015106,1015,2,105020,0,2
1015107,1015,2,105030,0,3
1015200,1015,2,101045,1,5
1015201,1015,2,102040,1,5
1015202,1015,2,101014,0,1
1015203,1015,2,101042,0,3
1015204,1015,2,101012,0,2
1015205,1015,2,101031,0,2
1015206,1015,2,101031,1,2
1015207,1015,2,101032,0,2
1015208,1015,2,101032,1,2
1015209,1015,2,101033,0,2
1015210,1015,2,101033,1,2
1015211,1015,2,101034,0,2
1015212,1015,2,101034,1,2
1015213,1015,2,102030,0,2
1015214,1015,2,102030,1,2
1015215,1015,2,104015,0,2
1015216,1015,2,104045,0,2
1015217,1015,2,106010,0,2
1015218,1015,2,106020,0,1
1015219,1015,2,106020,1,2
1015220,1015,2,106030,0,1
1015221,1015,2,106050,0,1
1015222,1015,2,106050,1,2
1015223,1015,2,106110,0,2
1015224,1015,2,106120,0,1
1015225,1015,2,106120,1,1
1015226,1015,2,106130,0,2
1015227,1015,2,106140,0,1
1015228,1015,2,106150,0,2
1015229,1015,2,106210,0,2
1015230,1015,2,106220,0,2
1015231,1015,2,106220,1,1
1015232,1015,2,106230,0,2
1015233,1015,2,106250,0,1
1015234,1015,9,1,0,1
1015235,1015,9,2,0,2
1015236,1015,9,3,0,3
1015237,1015,9,4,0,2
1015238,1015,9,3,4,6
1015239,1015,9,5,0,5
1015240,1015,9,6,0,3
1015241,1015,9,6,1,3
1015242,1015,9,6,2,4
1015243,1015,9,7,0,4
1015244,1015,9,7,1,2
1015245,1015,9,7,2,5
1015246,1015,9,7,3,4
1015247,1015,9,7,4,5
1015248,1015,9,7,5,4
1015249,1015,9,7,6,4
1015250,1015,9,8,0,4
1015251,1015,9,9,0,1
1015252,1015,2,108010,0,4
1015253,1015,2,108020,0,2
1015254,1015,2,108030,0,3
1015255,1015,2,108040,0,4
1015256,1015,2,107011,0,2
1015257,1015,2,107012,0,2
1015258,1015,2,107013,0,2
1015259,1015,2,107021,0,2
1015260,1015,2,107022,0,2
1015261,1015,2,107023,0,2
1015262,1015,2,107031,0,1
1015263,1015,2,107032,0,1
1015264,1015,2,107033,0,1
1015265,1015,2,107041,0,2
1015266,1015,2,107042,0,2
1015267,1015,2,107043,0,2
1015268,1015,2,107051,0,2
1015269,1015,2,107052,0,2
1015270,1015,2,107053,0,2
1015271,1015,10,0,0,2
1015272,1015,2,107030,0,2
1015273,1015,2,107030,1,2
1015274,1015,2,107040,1,5
1015275,1015,10,1,0,3
1015276,1015,5,9,0,3
1015277,1015,11,0,0,2
1015278,1015,11,1,0,2
1015279,1015,11,2,0,3
1015280,1015,2,109010,0,2
1015281,1015,2,109020,0,2
1015282,1015,2,109030,0,3
1015283,1015,5,0,6,2
1015286,1015,1013,1,0,4
1015287,1015,1013,2,0,4
1015288,1015,1013,3,0,5
1015289,1015,1013,4,0,2
1015290,1015,1013,5,0,2
1015291,1015,1013,6,0,3
1015292,1015,1013,7,0,3
1015293,1015,1013,8,0,1
1015294,1015,1013,9,0,3
1015295,1015,1013,10,0,1
1015401,1015,1014,1,0,3
1015402,1015,1014,2,0,3
1015403,1015,1014,3,0,3
1015404,1015,1014,4,0,2
1015405,1015,1014,5,0,1
1015406,1015,1014,6,0,1
1015407,1015,1014,6,1,1
1015408,1015,1014,6,2,1
1015409,1015,1014,7,0,1
1015410,1015,1014,7,1,1
1015411,1015,1014,7,2,1
1015412,1015,1014,8,0,2
1015413,1015,1014,8,1,1
1015414,1015,1014,8,2,1
1015415,1015,1014,9,0,2
1015416,1015,1014,10,0,1
1015300,1015,5,0,0,7
1015301,1015,5,1,6,3
1015302,1015,5,1,7,1
1015303,1015,5,2,1,6
1015304,1015,5,0,1,3
1015305,1015,5,0,2,3
1015306,1015,5,0,3,1
1015307,1015,5,0,4,5
1015308,1015,0,2,0,1
1015309,1015,0,3,0,5
1015310,1015,0,4,0,2
1015311,1015,0,5,0,5
1015312,1015,0,6,0,0
1015313,1015,5,0,5,2
1015400,1015,5,1,8,2
1016001,1016,0,0,0,5
1016002,1016,1,0,0,5
1016003,1016,1,1,0,2
1016004,1016,1,2,0,5
1016005,1016,1,3,0,4
1016006,1016,1,4,0,2
1016007,1016,1,5,0,5
1016008,1016,4,0,0,2
1016009,1016,7,0,0,1
1016010,1016,8,0,0,1
1016011,1016,3,1,0,6
1016012,1016,6,0,1,5
1016100,1016,2,103010,0,5
1016101,1016,2,103020,0,7
1016102,1016,2,103030,0,5
1016103,1016,2,103050,0,3
1016104,1016,2,103040,0,4
1016105,1016,2,105010,0,1
1016106,1016,2,105020,0,2
1016107,1016,2,105030,0,3
1016200,1016,2,101045,1,2
1016201,1016,2,102040,1,2
1016202,1016,2,101014,0,3
1016203,1016,2,101042,0,3
1016204,1016,2,101012,0,2
1016205,1016,2,101031,0,1
1016206,1016,2,101031,1,1
1016207,1016,2,101032,0,1
1016208,1016,2,101032,1,1
1016209,1016,2,101033,0,1
1016210,1016,2,101033,1,1
1016211,1016,2,101034,0,1
1016212,1016,2,101034,1,1
1016213,1016,2,102030,0,1
1016214,1016,2,102030,1,1
1016215,1016,2,104015,0,2
1016216,1016,2,104045,0,2
1016217,1016,2,106010,0,2
1016218,1016,2,106020,0,2
1016219,1016,2,106020,1,2
1016220,1016,2,106030,0,2
1016221,1016,2,106050,0,2
1016222,1016,2,106050,1,1
1016223,1016,2,106110,0,2
1016224,1016,2,106120,0,2
1016225,1016,2,106120,1,1
1016226,1016,2,106130,0,2
1016227,1016,2,106140,0,2
1016228,1016,2,106150,0,2
1016229,1016,2,106210,0,2
1016230,1016,2,106220,0,2
1016231,1016,2,106220,1,1
1016232,1016,2,106230,0,2
1016233,1016,2,106250,0,2
1016234,1016,9,1,0,2
1016235,1016,9,2,0,2
1016236,1016,9,3,0,3
1016237,1016,9,4,0,2
1016238,1016,9,3,4,3
1016239,1016,9,5,0,5
1016240,1016,9,6,0,3
1016241,1016,9,6,1,3
1016242,1016,9,6,2,4
1016243,1016,9,7,0,4
1016244,1016,9,7,1,4
1016245,1016,9,7,2,5
1016246,1016,9,7,3,4
1016247,1016,9,7,4,5
1016248,1016,9,7,5,4
1016249,1016,9,7,6,4
1016250,1016,9,8,0,5
1016251,1016,9,9,0,2
1016252,1016,2,108010,0,3
1016253,1016,2,108020,0,3
1016254,1016,2,108030,0,3
1016255,1016,2,108040,0,3
1016256,1016,2,107011,0,2
1016257,1016,2,107012,0,2
1016258,1016,2,107013,0,2
1016259,1016,2,107021,0,2
1016260,1016,2,107022,0,2
1016261,1016,2,107023,0,2
1016262,1016,2,107031,0,2
1016263,1016,2,107032,0,2
1016264,1016,2,107033,0,2
1016265,1016,2,107041,0,2
1016266,1016,2,107042,0,2
1016267,1016,2,107043,0,2
1016268,1016,2,107051,0,2
1016269,1016,2,107052,0,2
1016270,1016,2,107053,0,2
1016271,1016,10,0,0,2
1016272,1016,2,107030,0,1
1016273,1016,2,107030,1,1
1016274,1016,2,107040,1,2
1016275,1016,10,1,0,3
1016276,1016,5,9,0,3
1016277,1016,11,0,0,2
1016278,1016,11,1,0,2
1016279,1016,11,2,0,3
1016280,1016,2,109010,0,3
1016281,1016,2,109020,0,3
1016282,1016,2,109030,0,4
1016283,1016,5,0,6,2
1016286,1016,1013,1,0,4
1016287,1016,1013,2,0,4
1016288,1016,1013,3,0,3
1016289,1016,1013,4,0,4
1016290,1016,1013,5,0,2
1016291,1016,1013,6,0,3
1016292,1016,1013,7,0,3
1016293,1016,1013,8,0,1
1016294,1016,1013,9,0,3
1016295,1016,1013,10,0,1
1016401,1016,1014,1,0,2
1016402,1016,1014,2,0,2
1016403,1016,1014,3,0,3
1016404,1016,1014,4,0,4
1016405,1016,1014,5,0,3
1016406,1016,1014,6,0,3
1016407,1016,1014,6,1,1
1016408,1016,1014,6,2,1
1016409,1016,1014,7,0,4
1016410,1016,1014,7,1,1
1016411,1016,1014,7,2,1
1016412,1016,1014,8,0,4
1016413,1016,1014,8,1,1
1016414,1016,1014,8,2,1
1016415,1016,1014,9,0,4
1016416,1016,1014,10,0,2
1016300,1016,5,0,0,7
1016301,1016,5,1,6,4
1016302,1016,5,1,7,3
1016303,1016,5,2,1,6
1016304,1016,5,0,1,3
1016305,1016,5,0,2,3
1016306,1016,5,0,3,1
1016307,1016,5,0,4,5
1016308,1016,0,2,0,5
1016309,1016,0,3,0,5
1016310,1016,0,4,0,2
1016311,1016,0,5,0,5
1016312,1016,0,6,0,0
1016313,1016,5,0,5,2
1016400,1016,5,1,8,2
1017001,1017,0,0,0,1
1017002,1017,1,0,0,5
1017003,1017,1,1,0,3
1017004,1017,1,2,0,5
1017005,1017,1,3,0,4
1017006,1017,1,4,0,3
1017007,1017,1,5,0,5
1017008,1017,4,0,0,1
1017009,1017,7,0,0,1
1017010,1017,8,0,0,1
1017011,1017,3,1,0,2
1017012,1017,6,0,1,5
1017100,1017,2,103010,0,5
1017101,1017,2,103020,0,7
1017102,1017,2,103030,0,2
1017103,1017,2,103050,0,4
1017104,1017,2,103040,0,4
1017105,1017,2,105010,0,1
1017106,1017,2,105020,0,2
1017107,1017,2,105030,0,1
1017200,1017,2,101045,1,5
1017201,1017,2,102040,1,5
1017202,1017,2,101014,0,3
1017203,1017,2,101042,0,3
1017204,1017,2,101012,0,2
1017205,1017,2,101031,0,1
1017206,1017,2,101031,1,1
1017207,1017,2,101032,0,1
1017208,1017,2,101032,1,1
1017209,1017,2,101033,0,1
1017210,1017,2,101033,1,1
1017211,1017,2,101034,0,1
1017212,1017,2,101034,1,1
1017213,1017,2,102030,0,1
1017214,1017,2,102030,1,1
1017215,1017,2,104015,0,2
1017216,1017,2,104045,0,2
1017217,1017,2,106010,0,2
1017218,1017,2,106020,0,2
1017219,1017,2,106020,1,2
1017220,1017,2,106030,0,2
1017221,1017,2,106050,0,2
1017222,1017,2,106050,1,2
1017223,1017,2,106110,0,2
1017224,1017,2,106120,0,2
1017225,1017,2,106120,1,2
1017226,1017,2,106130,0,2
1017227,1017,2,106140,0,2
1017228,1017,2,106150,0,2
1017229,1017,2,106210,0,2
1017230,1017,2,106220,0,2
1017231,1017,2,106220,1,1
1017232,1017,2,106230,0,2
1017233,1017,2,106250,0,2
1017234,1017,9,1,0,1
1017235,1017,9,2,0,2
1017236,1017,9,3,0,3
1017237,1017,9,4,0,2
1017238,1017,9,3,4,6
1017239,1017,9,5,0,5
1017240,1017,9,6,0,3
1017241,1017,9,6,1,3
1017242,1017,9,6,2,4
1017243,1017,9,7,0,4
1017244,1017,9,7,1,1
1017245,1017,9,7,2,5
1017246,1017,9,7,3,4
1017247,1017,9,7,4,4
1017248,1017,9,7,5,4
1017249,1017,9,7,6,4
1017250,1017,9,8,0,4
1017251,1017,9,9,0,2
1017252,1017,2,108010,0,4
1017253,1017,2,108020,0,3
1017254,1017,2,108030,0,3
1017255,1017,2,108040,0,4
1017256,1017,2,107011,0,2
1017257,1017,2,107012,0,2
1017258,1017,2,107013,0,2
1017259,1017,2,107021,0,2
1017260,1017,2,107022,0,2
1017261,1017,2,107023,0,2
1017262,1017,2,107031,0,2
1017263,1017,2,107032,0,2
1017264,1017,2,107033,0,2
1017265,1017,2,107041,0,2
1017266,1017,2,107042,0,2
1017267,1017,2,107043,0,2
1017268,1017,2,107051,0,2
1017269,1017,2,107052,0,2
1017270,1017,2,107053,0,2
1017271,1017,10,0,0,2
1017272,1017,2,107030,0,1
1017273,1017,2,107030,1,1
1017274,1017,2,107040,1,5
1017275,1017,10,1,0,3
1017276,1017,5,9,0,3
1017277,1017,11,0,0,2
1017278,1017,11,1,0,2
1017279,1017,11,2,0,3
1017280,1017,2,109010,0,2
1017281,1017,2,109020,0,3
1017282,1017,2,109030,0,4
1017283,1017,5,0,6,2
1017286,1017,1013,1,0,4
1017287,1017,1013,2,0,4
1017288,1017,1013,3,0,4
1017289,1017,1013,4,0,2
1017290,1017,1013,5,0,2
1017291,1017,1013,6,0,3
1017292,1017,1013,7,0,3
1017293,1017,1013,8,0,1
1017294,1017,1013,9,0,2
1017295,1017,1013,10,0,1
1017401,1017,1014,1,0,8
1017402,1017,1014,2,0,1
1017403,1017,1014,3,0,2
1017404,1017,1014,4,0,4
1017405,1017,1014,5,0,4
1017406,1017,1014,6,0,3
1017407,1017,1014,6,1,1
1017408,1017,1014,6,2,1
1017409,1017,1014,7,0,2
1017410,1017,1014,7,1,1
1017411,1017,1014,7,2,1
1017412,1017,1014,8,0,2
1017413,1017,1014,8,1,1
1017414,1017,1014,8,2,1
1017415,1017,1014,9,0,2
1017416,1017,1014,10,0,2
1017300,1017,5,0,0,7
1017301,1017,5,1,6,4
1017302,1017,5,1,7,1
1017303,1017,5,2,1,6
1017304,1017,5,0,1,3
1017305,1017,5,0,2,3
1017306,1017,5,0,3,1
1017307,1017,5,0,4,5
1017308,1017,0,2,0,1
1017309,1017,0,3,0,5
1017310,1017,0,4,0,2
1017311,1017,0,5,0,5
1017312,1017,0,6,0,0
1017313,1017,5,0,5,3
1017400,1017,5,1,8,2
1018001,1018,0,0,0,1
1018002,1018,1,0,0,5
1018003,1018,1,1,0,3
1018004,1018,1,2,0,5
1018005,1018,1,3,0,2
1018006,1018,1,4,0,3
1018007,1018,1,5,0,5
1018008,1018,4,0,0,2
1018009,1018,7,0,0,1
1018010,1018,8,0,0,1
1018011,1018,3,1,0,6
1018012,1018,6,0,1,5
1018100,1018,2,103010,0,5
1018101,1018,2,103020,0,7
1018102,1018,2,103030,0,2
1018103,1018,2,103050,0,2
1018104,1018,2,103040,0,4
1018105,1018,2,105010,0,1
1018106,1018,2,105020,0,2
1018107,1018,2,105030,0,1
1018200,1018,2,101045,1,5
1018201,1018,2,102040,1,5
1018202,1018,2,101014,0,3
1018203,1018,2,101042,0,3
1018204,1018,2,101012,0,2
1018205,1018,2,101031,0,1
1018206,1018,2,101031,1,1
1018207,1018,2,101032,0,1
1018208,1018,2,101032,1,1
1018209,1018,2,101033,0,1
1018210,1018,2,101033,1,1
1018211,1018,2,101034,0,1
1018212,1018,2,101034,1,1
1018213,1018,2,102030,0,1
1018214,1018,2,102030,1,1
1018215,1018,2,104015,0,2
1018216,1018,2,104045,0,2
1018217,1018,2,106010,0,2
1018218,1018,2,106020,0,2
1018219,1018,2,106020,1,2
1018220,1018,2,106030,0,2
1018221,1018,2,106050,0,2
1018222,1018,2,106050,1,2
1018223,1018,2,106110,0,2
1018224,1018,2,106120,0,2
1018225,1018,2,106120,1,2
1018226,1018,2,106130,0,2
1018227,1018,2,106140,0,2
1018228,1018,2,106150,0,2
1018229,1018,2,106210,0,2
1018230,1018,2,106220,0,2
1018231,1018,2,106220,1,1
1018232,1018,2,106230,0,2
1018233,1018,2,106250,0,2
1018234,1018,9,1,0,1
1018235,1018,9,2,0,2
1018236,1018,9,3,0,3
1018237,1018,9,4,0,2
1018238,1018,9,3,4,6
1018239,1018,9,5,0,5
1018240,1018,9,6,0,4
1018241,1018,9,6,1,3
1018242,1018,9,6,2,5
1018243,1018,9,7,0,4
1018244,1018,9,7,1,3
1018245,1018,9,7,2,5
1018246,1018,9,7,3,4
1018247,1018,9,7,4,4
1018248,1018,9,7,5,3
1018249,1018,9,7,6,6
1018250,1018,9,8,0,5
1018251,1018,9,9,0,2
1018252,1018,2,108010,0,4
1018253,1018,2,108020,0,3
1018254,1018,2,108030,0,3
1018255,1018,2,108040,0,4
1018256,1018,2,107011,0,2
1018257,1018,2,107012,0,2
1018258,1018,2,107013,0,2
1018259,1018,2,107021,0,2
1018260,1018,2,107022,0,2
1018261,1018,2,107023,0,2
1018262,1018,2,107031,0,2
1018263,1018,2,107032,0,2
1018264,1018,2,107033,0,2
1018265,1018,2,107041,0,2
1018266,1018,2,107042,0,2
1018267,1018,2,107043,0,2
1018268,1018,2,107051,0,2
1018269,1018,2,107052,0,2
1018270,1018,2,107053,0,2
1018271,1018,10,0,0,2
1018272,1018,2,107030,0,1
1018273,1018,2,107030,1,1
1018274,1018,2,107040,1,5
1018275,1018,10,1,0,2
1018276,1018,5,9,0,2
1018277,1018,11,0,0,2
1018278,1018,11,1,0,2
1018279,1018,11,2,0,2
1018280,1018,2,109010,0,2
1018281,1018,2,109020,0,3
1018282,1018,2,109030,0,4
1018283,1018,5,0,6,2
1018286,1018,1013,1,0,4
1018287,1018,1013,2,0,5
1018288,1018,1013,3,0,4
1018289,1018,1013,4,0,2
1018290,1018,1013,5,0,2
1018291,1018,1013,6,0,2
1018292,1018,1013,7,0,3
1018293,1018,1013,8,0,1
1018294,1018,1013,9,0,4
1018295,1018,1013,10,0,1
1018401,1018,1014,1,0,8
1018402,1018,1014,2,0,1
1018403,1018,1014,3,0,1
1018404,1018,1014,4,0,4
1018405,1018,1014,5,0,3
1018406,1018,1014,6,0,3
1018407,1018,1014,6,1,1
1018408,1018,1014,6,2,1
1018409,1018,1014,7,0,2
1018410,1018,1014,7,1,1
1018411,1018,1014,7,2,1
1018412,1018,1014,8,0,2
1018413,1018,1014,8,1,1
1018414,1018,1014,8,2,1
1018415,1018,1014,9,0,2
1018416,1018,1014,10,0,2
1018300,1018,5,0,0,7
1018301,1018,5,1,6,4
1018302,1018,5,1,7,1
1018303,1018,5,2,1,7
1018304,1018,5,0,1,3
1018305,1018,5,0,2,3
1018306,1018,5,0,3,1
1018307,1018,5,0,4,5
1018308,1018,0,2,0,1
1018309,1018,0,3,0,5
1018310,1018,0,4,0,2
1018311,1018,0,5,0,5
1018312,1018,0,6,0,0
1018313,1018,5,0,5,3
1018400,1018,5,1,8,2
1019001,1019,0,0,0,1
1019002,1019,1,0,0,4
1019003,1019,1,1,0,1
1019004,1019,1,2,0,1
1019005,1019,1,3,0,1
1019006,1019,1,4,0,1
1019007,1019,1,5,0,1
1019008,1019,4,0,0,1
1019009,1019,7,0,0,2
1019010,1019,8,0,0,1
1019011,1019,3,1,0,1
1019012,1019,6,0,1,1
1019100,1019,2,103010,0,4
1019101,1019,2,103020,0,5
1019102,1019,2,103030,0,1
1019103,1019,2,103050,0,1
1019104,1019,2,103040,0,5
1019105,1019,2,105010,0,3
1019106,1019,2,105020,0,3
1019107,1019,2,105030,0,2
1019200,1019,2,101045,1,4
1019201,1019,2,102040,1,4
1019202,1019,2,101014,0,1
1019203,1019,2,101042,0,2
1019204,1019,2,101012,0,1
1019205,1019,2,101031,0,1
1019206,1019,2,101031,1,1
1019207,1019,2,101032,0,1
1019208,1019,2,101032,1,1
1019209,1019,2,101033,0,1
1019210,1019,2,101033,1,1
1019211,1019,2,101034,0,1
1019212,1019,2,101034,1,1
1019213,1019,2,102030,0,1
1019214,1019,2,102030,1,1
1019215,1019,2,104015,0,1
1019216,1019,2,104045,0,3
1019217,1019,2,106010,0,1
1019218,1019,2,106020,0,1
1019219,1019,2,106020,1,1
1019220,1019,2,106030,0,1
1019221,1019,2,106050,0,1
1019222,1019,2,106050,1,1
1019223,1019,2,106110,0,1
1019224,1019,2,106120,0,1
1019225,1019,2,106120,1,1
1019226,1019,2,106130,0,3
1019227,1019,2,106140,0,1
1019228,1019,2,106150,0,1
1019229,1019,2,106210,0,1
1019230,1019,2,106220,0,1
1019231,1019,2,106220,1,2
1019232,1019,2,106230,0,1
1019233,1019,2,106250,0,1
1019234,1019,9,1,0,1
1019235,1019,9,2,0,1
1019236,1019,9,3,0,1
1019237,1019,9,4,0,1
1019238,1019,9,3,4,4
1019239,1019,9,5,0,7
1019240,1019,9,6,0,6
1019241,1019,9,6,1,1
1019242,1019,9,6,2,1
1019243,1019,9,7,0,1
1019244,1019,9,7,1,5
1019245,1019,9,7,2,1
1019246,1019,9,7,3,1
1019247,1019,9,7,4,3
1019248,1019,9,7,5,1
1019249,1019,9,7,6,2
1019250,1019,9,8,0,1
1019251,1019,9,9,0,1
1019252,1019,2,108010,0,1
1019253,1019,2,108020,0,1
1019254,1019,2,108030,0,1
1019255,1019,2,108040,0,1
1019256,1019,2,107011,0,1
1019257,1019,2,107012,0,1
1019258,1019,2,107013,0,1
1019259,1019,2,107021,0,1
1019260,1019,2,107022,0,1
1019261,1019,2,107023,0,1
1019262,1019,2,107031,0,1
1019263,1019,2,107032,0,1
1019264,1019,2,107033,0,1
1019265,1019,2,107041,0,1
1019266,1019,2,107042,0,1
1019267,1019,2,107043,0,1
1019268,1019,2,107051,0,1
1019269,1019,2,107052,0,1
1019270,1019,2,107053,0,1
1019271,1019,10,0,0,1
1019272,1019,2,107030,0,1
1019273,1019,2,107030,1,1
1019274,1019,2,107040,1,4
1019275,1019,10,1,0,1
1019276,1019,5,9,0,1
1019277,1019,11,0,0,1
1019278,1019,11,1,0,1
1019279,1019,11,2,0,1
1019280,1019,2,109010,0,1
1019281,1019,2,109020,0,1
1019282,1019,2,109030,0,3
1019283,1019,5,0,6,1
1019286,1019,1013,1,0,5
1019287,1019,1013,2,0,6
1019288,1019,1013,3,0,2
1019289,1019,1013,4,0,1
1019290,1019,1013,5,0,5
1019291,1019,1013,6,0,1
1019292,1019,1013,7,0,1
1019293,1019,1013,8,0,1
1019294,1019,1013,9,0,1
1019295,1019,1013,10,0,1
1019401,1019,1014,1,0,7
1019402,1019,1014,2,0,4
1019403,1019,1014,3,0,1
1019404,1019,1014,4,0,3
1019405,1019,1014,5,0,2
1019406,1019,1014,6,0,1
1019407,1019,1014,6,1,1
1019408,1019,1014,6,2,1
1019409,1019,1014,7,0,1
1019410,1019,1014,7,1,1
1019411,1019,1014,7,2,1
1019412,1019,1014,8,0,1
1019413,1019,1014,8,1,1
1019414,1019,1014,8,2,1
1019415,1019,1014,9,0,1
1019416,1019,1014,10,0,3
1019300,1019,5,0,0,5
1019301,1019,5,1,6,2
1019302,1019,5,1,7,5
1019303,1019,5,2,1,1
1019304,1019,5,0,1,1
1019305,1019,5,0,2,1
1019306,1019,5,0,3,1
1019307,1019,5,0,4,1
1019308,1019,0,2,0,1
1019309,1019,0,3,0,1
1019310,1019,0,4,0,1
1019311,1019,0,5,0,1
1019312,1019,0,6,0,0
1019313,1019,5,0,5,1
1019400,1019,5,1,8,1
1020001,1020,0,0,0,1
1020002,1020,1,0,0,5
1020003,1020,1,1,0,2
1020004,1020,1,2,0,5
1020005,1020,1,3,0,1
1020006,1020,1,4,0,2
1020007,1020,1,5,0,5
1020008,1020,4,0,0,2
1020009,1020,7,0,0,2
1020010,1020,8,0,0,1
1020011,1020,3,1,0,4
1020012,1020,6,0,1,2
1020100,1020,2,103010,0,5
1020101,1020,2,103020,0,4
1020102,1020,2,103030,0,5
1020103,1020,2,103050,0,1
1020104,1020,2,103040,0,6
1020105,1020,2,105010,0,1
1020106,1020,2,105020,0,2
1020107,1020,2,105030,0,3
1020200,1020,2,101045,1,5
1020201,1020,2,102040,1,5
1020202,1020,2,101014,0,2
1020203,1020,2,101042,0,3
1020204,1020,2,101012,0,2
1020205,1020,2,101031,0,2
1020206,1020,2,101031,1,2
1020207,1020,2,101032,0,2
1020208,1020,2,101032,1,2
1020209,1020,2,101033,0,2
1020210,1020,2,101033,1,2
1020211,1020,2,101034,0,2
1020212,1020,2,101034,1,2
1020213,1020,2,102030,0,2
1020214,1020,2,102030,1,2
1020215,1020,2,104015,0,1
1020216,1020,2,104045,0,1
1020217,1020,2,106010,0,1
1020218,1020,2,106020,0,1
1020219,1020,2,106020,1,1
1020220,1020,2,106030,0,1
1020221,1020,2,106050,0,1
1020222,1020,2,106050,1,1
1020223,1020,2,106110,0,1
1020224,1020,2,106120,0,2
1020225,1020,2,106120,1,1
1020226,1020,2,106130,0,2
1020227,1020,2,106140,0,1
1020228,1020,2,106150,0,2
1020229,1020,2,106210,0,2
1020230,1020,2,106220,0,2
1020231,1020,2,106220,1,1
1020232,1020,2,106230,0,2
1020233,1020,2,106250,0,1
1020234,1020,9,1,0,2
1020235,1020,9,2,0,2
1020236,1020,9,3,0,1
1020237,1020,9,4,0,2
1020238,1020,9,3,4,4
1020239,1020,9,5,0,3
1020240,1020,9,6,0,2
1020241,1020,9,6,1,2
1020242,1020,9,6,2,2
1020243,1020,9,7,0,2
1020244,1020,9,7,1,2
1020245,1020,9,7,2,3
1020246,1020,9,7,3,3
1020247,1020,9,7,4,3
1020248,1020,9,7,5,3
1020249,1020,9,7,6,1
1020250,1020,9,8,0,2
1020251,1020,9,9,0,2
1020252,1020,2,108010,0,1
1020253,1020,2,108020,0,1
1020254,1020,2,108030,0,1
1020255,1020,2,108040,0,3
1020256,1020,2,107011,0,1
1020257,1020,2,107012,0,1
1020258,1020,2,107013,0,1
1020259,1020,2,107021,0,1
1020260,1020,2,107022,0,1
1020261,1020,2,107023,0,1
1020262,1020,2,107031,0,1
1020263,1020,2,107032,0,1
1020264,1020,2,107033,0,1
1020265,1020,2,107041,0,2
1020266,1020,2,107042,0,2
1020267,1020,2,107043,0,2
1020268,1020,2,107051,0,1
1020269,1020,2,107052,0,1
1020270,1020,2,107053,0,1
1020271,1020,10,0,0,1
1020272,1020,2,107030,0,2
1020273,1020,2,107030,1,2
1020274,1020,2,107040,1,5
1020275,1020,10,1,0,1
1020276,1020,5,9,0,1
1020277,1020,11,0,0,2
1020278,1020,11,1,0,1
1020279,1020,11,2,0,1
1020280,1020,2,109010,0,1
1020281,1020,2,109020,0,3
1020282,1020,2,109030,0,1
1020283,1020,5,0,6,2
1020286,1020,1013,1,0,4
1020287,1020,1013,2,0,1
1020288,1020,1013,3,0,3
1020289,1020,1013,4,0,2
1020290,1020,1013,5,0,5
1020291,1020,1013,6,0,3
1020292,1020,1013,7,0,3
1020293,1020,1013,8,0,1
1020294,1020,1013,9,0,1
1020295,1020,1013,10,0,1
1020401,1020,1014,1,0,1
1020402,1020,1014,2,0,1
1020403,1020,1014,3,0,1
1020404,1020,1014,4,0,1
1020405,1020,1014,5,0,1
1020406,1020,1014,6,0,1
1020407,1020,1014,6,1,1
1020408,1020,1014,6,2,1
1020409,1020,1014,7,0,1
1020410,1020,1014,7,1,1
1020411,1020,1014,7,2,1
1020412,1020,1014,8,0,3
1020413,1020,1014,8,1,1
1020414,1020,1014,8,2,1
1020415,1020,1014,9,0,1
1020416,1020,1014,10,0,1
1020300,1020,5,0,0,4
1020301,1020,5,1,6,3
1020302,1020,5,1,7,5
1020303,1020,5,2,1,4
1020304,1020,5,0,1,2
1020305,1020,5,0,2,2
1020306,1020,5,0,3,1
1020307,1020,5,0,4,5
1020308,1020,0,2,0,1
1020309,1020,0,3,0,5
1020310,1020,0,4,0,2
1020311,1020,0,5,0,5
1020312,1020,0,6,0,0
1020313,1020,5,0,5,2
1020400,1020,5,1,8,2
1021001,1021,0,0,0,5
1021002,1021,1,0,0,2
1021003,1021,1,1,0,2
1021004,1021,1,2,0,2
1021005,1021,1,3,0,2
1021006,1021,1,4,0,2
1021007,1021,1,5,0,2
1021008,1021,4,0,0,1
1021009,1021,7,0,0,2
1021010,1021,8,0,0,1
1021011,1021,3,1,0,3
1021012,1021,6,0,1,3
1021100,1021,2,103010,0,2
1021101,1021,2,103020,0,1
1021102,1021,2,103030,0,4
1021103,1021,2,103050,0,3
1021104,1021,2,103040,0,3
1021105,1021,2,105010,0,1
1021106,1021,2,105020,0,2
1021107,1021,2,105030,0,3
1021200,1021,2,101045,1,1
1021201,1021,2,102040,1,1
1021202,1021,2,101014,0,1
1021203,1021,2,101042,0,1
1021204,1021,2,101012,0,1
1021205,1021,2,101031,0,1
1021206,1021,2,101031,1,1
1021207,1021,2,101032,0,1
1021208,1021,2,101032,1,1
1021209,1021,2,101033,0,1
1021210,1021,2,101033,1,1
1021211,1021,2,101034,0,1
1021212,1021,2,101034,1,1
1021213,1021,2,102030,0,1
1021214,1021,2,102030,1,1
1021215,1021,2,104015,0,1
1021216,1021,2,104045,0,3
1021217,1021,2,106010,0,1
1021218,1021,2,106020,0,1
1021219,1021,2,106020,1,1
1021220,1021,2,106030,0,1
1021221,1021,2,106050,0,1
1021222,1021,2,106050,1,1
1021223,1021,2,106110,0,1
1021224,1021,2,106120,0,1
1021225,1021,2,106120,1,1
1021226,1021,2,106130,0,1
1021227,1021,2,106140,0,1
1021228,1021,2,106150,0,2
1021229,1021,2,106210,0,2
1021230,1021,2,106220,0,1
1021231,1021,2,106220,1,1
1021232,1021,2,106230,0,1
1021233,1021,2,106250,0,1
1021234,1021,9,1,0,1
1021235,1021,9,2,0,1
1021236,1021,9,3,0,1
1021237,1021,9,4,0,1
1021238,1021,9,3,4,4
1021239,1021,9,5,0,3
1021240,1021,9,6,0,3
1021241,1021,9,6,1,3
1021242,1021,9,6,2,2
1021243,1021,9,7,0,1
1021244,1021,9,7,1,4
1021245,1021,9,7,2,2
1021246,1021,9,7,3,2
1021247,1021,9,7,4,2
1021248,1021,9,7,5,4
1021249,1021,9,7,6,2
1021250,1021,9,8,0,2
1021251,1021,9,9,0,1
1021252,1021,2,108010,0,1
1021253,1021,2,108020,0,1
1021254,1021,2,108030,0,1
1021255,1021,2,108040,0,3
1021256,1021,2,107011,0,1
1021257,1021,2,107012,0,1
1021258,1021,2,107013,0,1
1021259,1021,2,107021,0,1
1021260,1021,2,107022,0,1
1021261,1021,2,107023,0,1
1021262,1021,2,107031,0,1
1021263,1021,2,107032,0,1
1021264,1021,2,107033,0,1
1021265,1021,2,107041,0,1
1021266,1021,2,107042,0,1
1021267,1021,2,107043,0,1
1021268,1021,2,107051,0,1
1021269,1021,2,107052,0,1
1021270,1021,2,107053,0,1
1021271,1021,10,0,0,2
1021272,1021,2,107030,0,1
1021273,1021,2,107030,1,1
1021274,1021,2,107040,1,1
1021275,1021,10,1,0,3
1021276,1021,5,9,0,3
1021277,1021,11,0,0,2
1021278,1021,11,1,0,1
1021279,1021,11,2,0,3
1021280,1021,2,109010,0,1
1021281,1021,2,109020,0,2
1021282,1021,2,109030,0,3
1021283,1021,5,0,6,2
1021286,1021,1013,1,0,2
1021287,1021,1013,2,0,3
1021288,1021,1013,3,0,3
1021289,1021,1013,4,0,4
1021290,1021,1013,5,0,4
1021291,1021,1013,6,0,3
1021292,1021,1013,7,0,3
1021293,1021,1013,8,0,1
1021294,1021,1013,9,0,3
1021295,1021,1013,10,0,1
1021401,1021,1014,1,0,1
1021402,1021,1014,2,0,3
1021403,1021,1014,3,0,3
1021404,1021,1014,4,0,2
1021405,1021,1014,5,0,2
1021406,1021,1014,6,0,1
1021407,1021,1014,6,1,1
1021408,1021,1014,6,2,1
1021409,1021,1014,7,0,3
1021410,1021,1014,7,1,1
1021411,1021,1014,7,2,1
1021412,1021,1014,8,0,3
1021413,1021,1014,8,1,1
1021414,1021,1014,8,2,1
1021415,1021,1014,9,0,3
1021416,1021,1014,10,0,1
1021300,1021,5,0,0,1
1021301,1021,5,1,6,3
1021302,1021,5,1,7,2
1021303,1021,5,2,1,3
1021304,1021,5,0,1,3
1021305,1021,5,0,2,3
1021306,1021,5,0,3,1
1021307,1021,5,0,4,2
1021308,1021,0,2,0,5
1021309,1021,0,3,0,2
1021310,1021,0,4,0,2
1021311,1021,0,5,0,2
1021312,1021,0,6,0,1
1021313,1021,5,0,5,2
1021400,1021,5,1,8,1
1022001,1022,0,0,0,2
1022002,1022,1,0,0,3
1022003,1022,1,1,0,3
1022004,1022,1,2,0,3
1022005,1022,1,3,0,1
1022006,1022,1,4,0,3
1022007,1022,1,5,0,1
1022008,1022,4,0,0,2
1022009,1022,7,0,0,1
1022010,1022,8,0,0,1
1022011,1022,3,1,0,7
1022012,1022,6,0,1,6
1022100,1022,2,103010,0,1
1022101,1022,2,103020,0,4
1022102,1022,2,103030,0,4
1022103,1022,2,103050,0,2
1022104,1022,2,103040,0,1
1022105,1022,2,105010,0,2
1022106,1022,2,105020,0,2
1022107,1022,2,105030,0,1
1022200,1022,2,101045,1,3
1022201,1022,2,102040,1,3
1022202,1022,2,101014,0,2
1022203,1022,2,101042,0,3
1022204,1022,2,101012,0,2
1022205,1022,2,101031,0,1
1022206,1022,2,101031,1,1
1022207,1022,2,101032,0,1
1022208,1022,2,101032,1,1
1022209,1022,2,101033,0,1
1022210,1022,2,101033,1,1
1022211,1022,2,101034,0,1
1022212,1022,2,101034,1,1
1022213,1022,2,102030,0,1
1022214,1022,2,102030,1,1
1022215,1022,2,104015,0,2
1022216,1022,2,104045,0,2
1022217,1022,2,106010,0,2
1022218,1022,2,106020,0,2
1022219,1022,2,106020,1,1
1022220,1022,2,106030,0,1
1022221,1022,2,106050,0,1
1022222,1022,2,106050,1,2
1022223,1022,2,106110,0,2
1022224,1022,2,106120,0,2
1022225,1022,2,106120,1,2
1022226,1022,2,106130,0,2
1022227,1022,2,106140,0,2
1022228,1022,2,106150,0,1
1022229,1022,2,106210,0,1
1022230,1022,2,106220,0,1
1022231,1022,2,106220,1,2
1022232,1022,2,106230,0,2
1022233,1022,2,106250,0,1
1022234,1022,9,1,0,1
1022235,1022,9,2,0,2
1022236,1022,9,3,0,2
1022237,1022,9,4,0,3
1022238,1022,9,3,4,5
1022239,1022,9,5,0,4
1022240,1022,9,6,0,2
1022241,1022,9,6,1,2
1022242,1022,9,6,2,5
1022243,1022,9,7,0,3
1022244,1022,9,7,1,3
1022245,1022,9,7,2,3
1022246,1022,9,7,3,1
1022247,1022,9,7,4,3
1022248,1022,9,7,5,3
1022249,1022,9,7,6,6
1022250,1022,9,8,0,3
1022251,1022,9,9,0,1
1022252,1022,2,108010,0,4
1022253,1022,2,108020,0,2
1022254,1022,2,108030,0,2
1022255,1022,2,108040,0,4
1022256,1022,2,107011,0,2
1022257,1022,2,107012,0,2
1022258,1022,2,107013,0,2
1022259,1022,2,107021,0,2
1022260,1022,2,107022,0,2
1022261,1022,2,107023,0,2
1022262,1022,2,107031,0,1
1022263,1022,2,107032,0,1
1022264,1022,2,107033,0,1
1022265,1022,2,107041,0,2
1022266,1022,2,107042,0,2
1022267,1022,2,107043,0,2
1022268,1022,2,107051,0,2
1022269,1022,2,107052,0,2
1022270,1022,2,107053,0,2
1022271,1022,10,0,0,1
1022272,1022,2,107030,0,1
1022273,1022,2,107030,1,1
1022274,1022,2,107040,1,3
1022275,1022,10,1,0,2
1022276,1022,5,9,0,2
1022277,1022,11,0,0,1
1022278,1022,11,1,0,2
1022279,1022,11,2,0,1
1022280,1022,2,109010,0,1
1022281,1022,2,109020,0,1
1022282,1022,2,109030,0,2
1022283,1022,5,0,6,3
1022286,1022,1013,1,0,3
1022287,1022,1013,2,0,2
1022288,1022,1013,3,0,2
1022289,1022,1013,4,0,3
1022290,1022,1013,5,0,3
1022291,1022,1013,6,0,2
1022292,1022,1013,7,0,2
1022293,1022,1013,8,0,1
1022294,1022,1013,9,0,2
1022295,1022,1013,10,0,1
1022401,1022,1014,1,0,8
1022402,1022,1014,2,0,1
1022403,1022,1014,3,0,3
1022404,1022,1014,4,0,1
1022405,1022,1014,5,0,4
1022406,1022,1014,6,0,2
1022407,1022,1014,6,1,1
1022408,1022,1014,6,2,1
1022409,1022,1014,7,0,2
1022410,1022,1014,7,1,1
1022411,1022,1014,7,2,1
1022412,1022,1014,8,0,2
1022413,1022,1014,8,1,1
1022414,1022,1014,8,2,1
1022415,1022,1014,9,0,2
1022416,1022,1014,10,0,2
1022300,1022,5,0,0,4
1022301,1022,5,1,6,2
1022302,1022,5,1,7,6
1022303,1022,5,2,1,7
1022304,1022,5,0,1,1
1022305,1022,5,0,2,1
1022306,1022,5,0,3,1
1022307,1022,5,0,4,3
1022308,1022,0,2,0,2
1022309,1022,0,3,0,3
1022310,1022,0,4,0,3
1022311,1022,0,5,0,3
1022312,1022,0,6,0,0
1022313,1022,5,0,5,3
1022400,1022,5,1,8,2
1023001,1023,0,0,0,1
1023002,1023,1,0,0,5
1023003,1023,1,1,0,3
1023004,1023,1,2,0,5
1023005,1023,1,3,0,2
1023006,1023,1,4,0,3
1023007,1023,1,5,0,5
1023008,1023,4,0,0,1
1023009,1023,7,0,0,1
1023010,1023,8,0,0,1
1023011,1023,3,1,0,6
1023012,1023,6,0,1,5
1023100,1023,2,103010,0,5
1023101,1023,2,103020,0,4
1023102,1023,2,103030,0,2
1023103,1023,2,103050,0,2
1023104,1023,2,103040,0,4
1023105,1023,2,105010,0,2
1023106,1023,2,105020,0,2
1023107,1023,2,105030,0,1
1023200,1023,2,101045,1,5
1023201,1023,2,102040,1,5
1023202,1023,2,101014,0,3
1023203,1023,2,101042,0,3
1023204,1023,2,101012,0,2
1023205,1023,2,101031,0,2
1023206,1023,2,101031,1,2
1023207,1023,2,101032,0,2
1023208,1023,2,101032,1,2
1023209,1023,2,101033,0,2
1023210,1023,2,101033,1,2
1023211,1023,2,101034,0,2
1023212,1023,2,101034,1,2
1023213,1023,2,102030,0,2
1023214,1023,2,102030,1,2
1023215,1023,2,104015,0,2
1023216,1023,2,104045,0,2
1023217,1023,2,106010,0,2
1023218,1023,2,106020,0,2
1023219,1023,2,106020,1,2
1023220,1023,2,106030,0,1
1023221,1023,2,106050,0,2
1023222,1023,2,106050,1,2
1023223,1023,2,106110,0,2
1023224,1023,2,106120,0,2
1023225,1023,2,106120,1,2
1023226,1023,2,106130,0,2
1023227,1023,2,106140,0,2
1023228,1023,2,106150,0,2
1023229,1023,2,106210,0,2
1023230,1023,2,106220,0,2
1023231,1023,2,106220,1,1
1023232,1023,2,106230,0,2
1023233,1023,2,106250,0,1
1023234,1023,9,1,0,1
1023235,1023,9,2,0,2
1023236,1023,9,3,0,3
1023237,1023,9,4,0,2
1023238,1023,9,3,4,6
1023239,1023,9,5,0,4
1023240,1023,9,6,0,2
1023241,1023,9,6,1,2
1023242,1023,9,6,2,3
1023243,1023,9,7,0,3
1023244,1023,9,7,1,1
1023245,1023,9,7,2,3
1023246,1023,9,7,3,6
1023247,1023,9,7,4,4
1023248,1023,9,7,5,3
1023249,1023,9,7,6,3
1023250,1023,9,8,0,3
1023251,1023,9,9,0,2
1023252,1023,2,108010,0,3
1023253,1023,2,108020,0,3
1023254,1023,2,108030,0,3
1023255,1023,2,108040,0,2
1023256,1023,2,107011,0,2
1023257,1023,2,107012,0,2
1023258,1023,2,107013,0,2
1023259,1023,2,107021,0,2
1023260,1023,2,107022,0,2
1023261,1023,2,107023,0,2
1023262,1023,2,107031,0,2
1023263,1023,2,107032,0,2
1023264,1023,2,107033,0,2
1023265,1023,2,107041,0,2
1023266,1023,2,107042,0,2
1023267,1023,2,107043,0,2
1023268,1023,2,107051,0,2
1023269,1023,2,107052,0,2
1023270,1023,2,107053,0,2
1023271,1023,10,0,0,2
1023272,1023,2,107030,0,2
1023273,1023,2,107030,1,2
1023274,1023,2,107040,1,5
1023275,1023,10,1,0,3
1023276,1023,5,9,0,3
1023277,1023,11,0,0,1
1023278,1023,11,1,0,2
1023279,1023,11,2,0,2
1023280,1023,2,109010,0,2
1023281,1023,2,109020,0,3
1023282,1023,2,109030,0,2
1023283,1023,5,0,6,3
1023286,1023,1013,1,0,4
1023287,1023,1013,2,0,5
1023288,1023,1013,3,0,2
1023289,1023,1013,4,0,2
1023290,1023,1013,5,0,3
1023291,1023,1013,6,0,2
1023292,1023,1013,7,0,2
1023293,1023,1013,8,0,1
1023294,1023,1013,9,0,4
1023295,1023,1013,10,0,1
1023401,1023,1014,1,0,8
1023402,1023,1014,2,0,1
1023403,1023,1014,3,0,1
1023404,1023,1014,4,0,4
1023405,1023,1014,5,0,4
1023406,1023,1014,6,0,3
1023407,1023,1014,6,1,1
1023408,1023,1014,6,2,1
1023409,1023,1014,7,0,2
1023410,1023,1014,7,1,1
1023411,1023,1014,7,2,1
1023412,1023,1014,8,0,2
1023413,1023,1014,8,1,1
1023414,1023,1014,8,2,1
1023415,1023,1014,9,0,2
1023416,1023,1014,10,0,2
1023300,1023,5,0,0,4
1023301,1023,5,1,6,4
1023302,1023,5,1,7,1
1023303,1023,5,2,1,6
1023304,1023,5,0,1,3
1023305,1023,5,0,2,3
1023306,1023,5,0,3,1
1023307,1023,5,0,4,5
1023308,1023,0,2,0,1
1023309,1023,0,3,0,5
1023310,1023,0,4,0,2
1023311,1023,0,5,0,5
1023312,1023,0,6,0,0
1023313,1023,5,0,5,3
1023400,1023,5,1,8,2
1024001,1024,0,0,0,1
1024002,1024,1,0,0,4
1024003,1024,1,1,0,4
1024004,1024,1,2,0,1
1024005,1024,1,3,0,1
1024006,1024,1,4,0,4
1024007,1024,1,5,0,4
1024008,1024,4,0,0,2
1024009,1024,7,0,0,2
1024010,1024,8,0,0,1
1024011,1024,3,1,0,1
1024012,1024,6,0,1,1
1024100,1024,2,103010,0,4
1024101,1024,2,103020,0,5
1024102,1024,2,103030,0,1
1024103,1024,2,103050,0,1
1024104,1024,2,103040,0,5
1024105,1024,2,105010,0,3
1024106,1024,2,105020,0,3
1024107,1024,2,105030,0,2
1024200,1024,2,101045,1,4
1024201,1024,2,102040,1,4
1024202,1024,2,101014,0,1
1024203,1024,2,101042,0,2
1024204,1024,2,101012,0,1
1024205,1024,2,101031,0,1
1024206,1024,2,101031,1,1
1024207,1024,2,101032,0,1
1024208,1024,2,101032,1,1
1024209,1024,2,101033,0,1
1024210,1024,2,101033,1,1
1024211,1024,2,101034,0,1
1024212,1024,2,101034,1,1
1024213,1024,2,102030,0,1
1024214,1024,2,102030,1,1
1024215,1024,2,104015,0,1
1024216,1024,2,104045,0,3
1024217,1024,2,106010,0,1
1024218,1024,2,106020,0,1
1024219,1024,2,106020,1,1
1024220,1024,2,106030,0,1
1024221,1024,2,106050,0,1
1024222,1024,2,106050,1,1
1024223,1024,2,106110,0,1
1024224,1024,2,106120,0,1
1024225,1024,2,106120,1,1
1024226,1024,2,106130,0,3
1024227,1024,2,106140,0,1
1024228,1024,2,106150,0,1
1024229,1024,2,106210,0,1
1024230,1024,2,106220,0,1
1024231,1024,2,106220,1,2
1024232,1024,2,106230,0,1
1024233,1024,2,106250,0,1
1024234,1024,9,1,0,1
1024235,1024,9,2,0,1
1024236,1024,9,3,0,1
1024237,1024,9,4,0,1
1024238,1024,9,3,4,4
1024239,1024,9,5,0,2
1024240,1024,9,6,0,1
1024241,1024,9,6,1,1
1024242,1024,9,6,2,6
1024243,1024,9,7,0,2
1024244,1024,9,7,1,5
1024245,1024,9,7,2,2
1024246,1024,9,7,3,1
1024247,1024,9,7,4,1
1024248,1024,9,7,5,1
1024249,1024,9,7,6,1
1024250,1024,9,8,0,1
1024251,1024,9,9,0,1
1024252,1024,2,108010,0,1
1024253,1024,2,108020,0,1
1024254,1024,2,108030,0,1
1024255,1024,2,108040,0,1
1024256,1024,2,107011,0,1
1024257,1024,2,107012,0,1
1024258,1024,2,107013,0,1
1024259,1024,2,107021,0,1
1024260,1024,2,107022,0,1
1024261,1024,2,107023,0,1
1024262,1024,2,107031,0,1
1024263,1024,2,107032,0,1
1024264,1024,2,107033,0,1
1024265,1024,2,107041,0,1
1024266,1024,2,107042,0,1
1024267,1024,2,107043,0,1
1024268,1024,2,107051,0,1
1024269,1024,2,107052,0,1
1024270,1024,2,107053,0,1
1024271,1024,10,0,0,1
1024272,1024,2,107030,0,1
1024273,1024,2,107030,1,1
1024274,1024,2,107040,1,4
1024275,1024,10,1,0,1
1024276,1024,5,9,0,1
1024277,1024,11,0,0,1
1024278,1024,11,1,0,1
1024279,1024,11,2,0,1
1024280,1024,2,109010,0,1
1024281,1024,2,109020,0,1
1024282,1024,2,109030,0,3
1024283,1024,5,0,6,1
1024286,1024,1013,1,0,1
1024287,1024,1013,2,0,6
1024288,1024,1013,3,0,1
1024289,1024,1013,4,0,1
1024290,1024,1013,5,0,1
1024291,1024,1013,6,0,1
1024292,1024,1013,7,0,1
1024293,1024,1013,8,0,1
1024294,1024,1013,9,0,1
1024295,1024,1013,10,0,1
1024401,1024,1014,1,0,7
1024402,1024,1014,2,0,3
1024403,1024,1014,3,0,2
1024404,1024,1014,4,0,1
1024405,1024,1014,5,0,2
1024406,1024,1014,6,0,1
1024407,1024,1014,6,1,1
1024408,1024,1014,6,2,1
1024409,1024,1014,7,0,3
1024410,1024,1014,7,1,1
1024411,1024,1014,7,2,1
1024412,1024,1014,8,0,1
1024413,1024,1014,8,1,1
1024414,1024,1014,8,2,1
1024415,1024,1014,9,0,1
1024416,1024,1014,10,0,1
1024300,1024,5,0,0,5
1024301,1024,5,1,6,1
1024302,1024,5,1,7,4
1024303,1024,5,2,1,1
1024304,1024,5,0,1,1
1024305,1024,5,0,2,1
1024306,1024,5,0,3,1
1024307,1024,5,0,4,1
1024308,1024,0,2,0,2
1024309,1024,0,3,0,1
1024310,1024,0,4,0,1
1024311,1024,0,5,0,1
1024312,1024,0,6,0,0
1024313,1024,5,0,5,4
1024400,1024,5,1,8,1
1025001,1025,0,0,0,4
1025002,1025,1,0,0,3
1025003,1025,1,1,0,3
1025004,1025,1,2,0,3
1025005,1025,1,3,0,1
1025006,1025,1,4,0,3
1025007,1025,1,5,0,3
1025008,1025,4,0,0,1
1025009,1025,7,0,0,1
1025010,1025,8,0,0,1
1025011,1025,3,1,0,2
1025012,1025,6,0,1,6
1025100,1025,2,103010,0,6
1025101,1025,2,103020,0,6
1025102,1025,2,103030,0,5
1025103,1025,2,103050,0,4
1025104,1025,2,103040,0,6
1025105,1025,2,105010,0,1
1025106,1025,2,105020,0,2
1025107,1025,2,105030,0,1
1025200,1025,2,101045,1,6
1025201,1025,2,102040,1,6
1025202,1025,2,101014,0,3
1025203,1025,2,101042,0,3
1025204,1025,2,101012,0,2
1025205,1025,2,101031,0,2
1025206,1025,2,101031,1,2
1025207,1025,2,101032,0,2
1025208,1025,2,101032,1,2
1025209,1025,2,101033,0,2
1025210,1025,2,101033,1,2
1025211,1025,2,101034,0,2
1025212,1025,2,101034,1,2
1025213,1025,2,102030,0,2
1025214,1025,2,102030,1,2
1025215,1025,2,104015,0,2
1025216,1025,2,104045,0,2
1025217,1025,2,106010,0,2
1025218,1025,2,106020,0,2
1025219,1025,2,106020,1,2
1025220,1025,2,106030,0,2
1025221,1025,2,106050,0,2
1025222,1025,2,106050,1,2
1025223,1025,2,106110,0,2
1025224,1025,2,106120,0,2
1025225,1025,2,106120,1,2
1025226,1025,2,106130,0,2
1025227,1025,2,106140,0,2
1025228,1025,2,106150,0,2
1025229,1025,2,106210,0,1
1025230,1025,2,106220,0,2
1025231,1025,2,106220,1,1
1025232,1025,2,106230,0,2
1025233,1025,2,106250,0,2
1025234,1025,9,1,0,1
1025235,1025,9,2,0,2
1025236,1025,9,3,0,3
1025237,1025,9,4,0,3
1025238,1025,9,3,4,6
1025239,1025,9,5,0,6
1025240,1025,9,6,0,4
1025241,1025,9,6,1,4
1025242,1025,9,6,2,5
1025243,1025,9,7,0,5
1025244,1025,9,7,1,3
1025245,1025,9,7,2,4
1025246,1025,9,7,3,3
1025247,1025,9,7,4,5
1025248,1025,9,7,5,6
1025249,1025,9,7,6,4
1025250,1025,9,8,0,5
1025251,1025,9,9,0,2
1025252,1025,2,108010,0,4
1025253,1025,2,108020,0,2
1025254,1025,2,108030,0,2
1025255,1025,2,108040,0,2
1025256,1025,2,107011,0,2
1025257,1025,2,107012,0,2
1025258,1025,2,107013,0,2
1025259,1025,2,107021,0,2
1025260,1025,2,107022,0,2
1025261,1025,2,107023,0,2
1025262,1025,2,107031,0,2
1025263,1025,2,107032,0,2
1025264,1025,2,107033,0,2
1025265,1025,2,107041,0,2
1025266,1025,2,107042,0,2
1025267,1025,2,107043,0,2
1025268,1025,2,107051,0,2
1025269,1025,2,107052,0,2
1025270,1025,2,107053,0,2
1025271,1025,10,0,0,2
1025272,1025,2,107030,0,2
1025273,1025,2,107030,1,2
1025274,1025,2,107040,1,6
1025275,1025,10,1,0,2
1025276,1025,5,9,0,2
1025277,1025,11,0,0,1
1025278,1025,11,1,0,2
1025279,1025,11,2,0,2
1025280,1025,2,109010,0,3
1025281,1025,2,109020,0,3
1025282,1025,2,109030,0,4
1025283,1025,5,0,6,3
1025286,1025,1013,1,0,4
1025287,1025,1013,2,0,5
1025288,1025,1013,3,0,4
1025289,1025,1013,4,0,5
1025290,1025,1013,5,0,3
1025291,1025,1013,6,0,2
1025292,1025,1013,7,0,2
1025293,1025,1013,8,0,1
1025294,1025,1013,9,0,2
1025295,1025,1013,10,0,1
1025401,1025,1014,1,0,8
1025402,1025,1014,2,0,2
1025403,1025,1014,3,0,1
1025404,1025,1014,4,0,4
1025405,1025,1014,5,0,3
1025406,1025,1014,6,0,3
1025407,1025,1014,6,1,1
1025408,1025,1014,6,2,1
1025409,1025,1014,7,0,2
1025410,1025,1014,7,1,1
1025411,1025,1014,7,2,1
1025412,1025,1014,8,0,4
1025413,1025,1014,8,1,1
1025414,1025,1014,8,2,1
1025415,1025,1014,9,0,2
1025416,1025,1014,10,0,2
1025300,1025,5,0,0,6
1025301,1025,5,1,6,2
1025302,1025,5,1,7,6
1025303,1025,5,2,1,2
1025304,1025,5,0,1,2
1025305,1025,5,0,2,2
1025306,1025,5,0,3,1
1025307,1025,5,0,4,3
1025308,1025,0,2,0,4
1025309,1025,0,3,0,3
1025310,1025,0,4,0,3
1025311,1025,0,5,0,3
1025312,1025,0,6,0,0
1025313,1025,5,0,5,3
1025400,1025,5,1,8,2
1026001,1026,0,0,0,1
1026002,1026,1,0,0,5
1026003,1026,1,1,0,3
1026004,1026,1,2,0,5
1026005,1026,1,3,0,1
1026006,1026,1,4,0,3
1026007,1026,1,5,0,5
1026008,1026,4,0,0,2
1026009,1026,7,0,0,1
1026010,1026,8,0,0,1
1026011,1026,3,1,0,6
1026012,1026,6,0,1,2
1026100,1026,2,103010,0,5
1026101,1026,2,103020,0,6
1026102,1026,2,103030,0,5
1026103,1026,2,103050,0,4
1026104,1026,2,103040,0,6
1026105,1026,2,105010,0,1
1026106,1026,2,105020,0,2
1026107,1026,2,105030,0,1
1026200,1026,2,101045,1,1
1026201,1026,2,102040,1,1
1026202,1026,2,101014,0,3
1026203,1026,2,101042,0,3
1026204,1026,2,101012,0,2
1026205,1026,2,101031,0,1
1026206,1026,2,101031,1,1
1026207,1026,2,101032,0,1
1026208,1026,2,101032,1,1
1026209,1026,2,101033,0,1
1026210,1026,2,101033,1,1
1026211,1026,2,101034,0,1
1026212,1026,2,101034,1,1
1026213,1026,2,102030,0,1
1026214,1026,2,102030,1,1
1026215,1026,2,104015,0,2
1026216,1026,2,104045,0,2
1026217,1026,2,106010,0,2
1026218,1026,2,106020,0,2
1026219,1026,2,106020,1,1
1026220,1026,2,106030,0,2
1026221,1026,2,106050,0,2
1026222,1026,2,106050,1,1
1026223,1026,2,106110,0,2
1026224,1026,2,106120,0,2
1026225,1026,2,106120,1,2
1026226,1026,2,106130,0,2
1026227,1026,2,106140,0,2
1026228,1026,2,106150,0,2
1026229,1026,2,106210,0,2
1026230,1026,2,106220,0,2
1026231,1026,2,106220,1,1
1026232,1026,2,106230,0,2
1026233,1026,2,106250,0,2
1026234,1026,9,1,0,1
1026235,1026,9,2,0,2
1026236,1026,9,3,0,3
1026237,1026,9,4,0,2
1026238,1026,9,3,4,6
1026239,1026,9,5,0,6
1026240,1026,9,6,0,4
1026241,1026,9,6,1,4
1026242,1026,9,6,2,5
1026243,1026,9,7,0,5
1026244,1026,9,7,1,3
1026245,1026,9,7,2,4
1026246,1026,9,7,3,6
1026247,1026,9,7,4,4
1026248,1026,9,7,5,5
1026249,1026,9,7,6,4
1026250,1026,9,8,0,5
1026251,1026,9,9,0,2
1026252,1026,2,108010,0,2
1026253,1026,2,108020,0,2
1026254,1026,2,108030,0,3
1026255,1026,2,108040,0,2
1026256,1026,2,107011,0,2
1026257,1026,2,107012,0,2
1026258,1026,2,107013,0,2
1026259,1026,2,107021,0,2
1026260,1026,2,107022,0,2
1026261,1026,2,107023,0,2
1026262,1026,2,107031,0,2
1026263,1026,2,107032,0,2
1026264,1026,2,107033,0,2
1026265,1026,2,107041,0,2
1026266,1026,2,107042,0,2
1026267,1026,2,107043,0,2
1026268,1026,2,107051,0,2
1026269,1026,2,107052,0,2
1026270,1026,2,107053,0,2
1026271,1026,10,0,0,2
1026272,1026,2,107030,0,1
1026273,1026,2,107030,1,1
1026274,1026,2,107040,1,1
1026275,1026,10,1,0,3
1026276,1026,5,9,0,3
1026277,1026,11,0,0,2
1026278,1026,11,1,0,2
1026279,1026,11,2,0,2
1026280,1026,2,109010,0,3
1026281,1026,2,109020,0,3
1026282,1026,2,109030,0,4
1026283,1026,5,0,6,3
1026286,1026,1013,1,0,4
1026287,1026,1013,2,0,5
1026288,1026,1013,3,0,4
1026289,1026,1013,4,0,5
1026290,1026,1013,5,0,2
1026291,1026,1013,6,0,2
1026292,1026,1013,7,0,2
1026293,1026,1013,8,0,1
1026294,1026,1013,9,0,2
1026295,1026,1013,10,0,1
1026401,1026,1014,1,0,2
1026402,1026,1014,2,0,2
1026403,1026,1014,3,0,1
1026404,1026,1014,4,0,4
1026405,1026,1014,5,0,3
1026406,1026,1014,6,0,3
1026407,1026,1014,6,1,1
1026408,1026,1014,6,2,1
1026409,1026,1014,7,0,2
1026410,1026,1014,7,1,1
1026411,1026,1014,7,2,1
1026412,1026,1014,8,0,4
1026413,1026,1014,8,1,1
1026414,1026,1014,8,2,1
1026415,1026,1014,9,0,4
1026416,1026,1014,10,0,2
1026300,1026,5,0,0,6
1026301,1026,5,1,6,4
1026302,1026,5,1,7,7
1026303,1026,5,2,1,6
1026304,1026,5,0,1,3
1026305,1026,5,0,2,3
1026306,1026,5,0,3,1
1026307,1026,5,0,4,5
1026308,1026,0,2,0,2
1026309,1026,0,3,0,5
1026310,1026,0,4,0,2
1026311,1026,0,5,0,5
1026312,1026,0,6,0,0
1026313,1026,5,0,5,3
1026400,1026,5,1,8,2
1027001,1027,0,0,0,1
1027002,1027,1,0,0,2
1027003,1027,1,1,0,2
1027004,1027,1,2,0,2
1027005,1027,1,3,0,2
1027006,1027,1,4,0,2
1027007,1027,1,5,0,2
1027008,1027,4,0,0,1
1027009,1027,7,0,0,2
1027010,1027,8,0,0,1
1027011,1027,3,1,0,3
1027012,1027,6,0,1,3
1027100,1027,2,103010,0,2
1027101,1027,2,103020,0,5
1027102,1027,2,103030,0,4
1027103,1027,2,103050,0,3
1027104,1027,2,103040,0,4
1027105,1027,2,105010,0,2
1027106,1027,2,105020,0,3
1027107,1027,2,105030,0,3
1027200,1027,2,101045,1,1
1027201,1027,2,102040,1,1
1027202,1027,2,101014,0,1
1027203,1027,2,101042,0,1
1027204,1027,2,101012,0,1
1027205,1027,2,101031,0,1
1027206,1027,2,101031,1,1
1027207,1027,2,101032,0,1
1027208,1027,2,101032,1,1
1027209,1027,2,101033,0,1
1027210,1027,2,101033,1,1
1027211,1027,2,101034,0,1
1027212,1027,2,101034,1,1
1027213,1027,2,102030,0,1
1027214,1027,2,102030,1,1
1027215,1027,2,104015,0,1
1027216,1027,2,104045,0,1
1027217,1027,2,106010,0,1
1027218,1027,2,106020,0,1
1027219,1027,2,106020,1,1
1027220,1027,2,106030,0,1
1027221,1027,2,106050,0,2
1027222,1027,2,106050,1,2
1027223,1027,2,106110,0,1
1027224,1027,2,106120,0,1
1027225,1027,2,106120,1,1
1027226,1027,2,106130,0,1
1027227,1027,2,106140,0,1
1027228,1027,2,106150,0,2
1027229,1027,2,106210,0,1
1027230,1027,2,106220,0,1
1027231,1027,2,106220,1,1
1027232,1027,2,106230,0,1
1027233,1027,2,106250,0,1
1027234,1027,9,1,0,1
1027235,1027,9,2,0,1
1027236,1027,9,3,0,1
1027237,1027,9,4,0,1
1027238,1027,9,3,4,1
1027239,1027,9,5,0,3
1027240,1027,9,6,0,3
1027241,1027,9,6,1,1
1027242,1027,9,6,2,2
1027243,1027,9,7,0,2
1027244,1027,9,7,1,2
1027245,1027,9,7,2,1
1027246,1027,9,7,3,2
1027247,1027,9,7,4,2
1027248,1027,9,7,5,4
1027249,1027,9,7,6,2
1027250,1027,9,8,0,2
1027251,1027,9,9,0,1
1027252,1027,2,108010,0,1
1027253,1027,2,108020,0,3
1027254,1027,2,108030,0,3
1027255,1027,2,108040,0,3
1027256,1027,2,107011,0,1
1027257,1027,2,107012,0,1
1027258,1027,2,107013,0,1
1027259,1027,2,107021,0,1
1027260,1027,2,107022,0,1
1027261,1027,2,107023,0,1
1027262,1027,2,107031,0,1
1027263,1027,2,107032,0,1
1027264,1027,2,107033,0,1
1027265,1027,2,107041,0,1
1027266,1027,2,107042,0,1
1027267,1027,2,107043,0,1
1027268,1027,2,107051,0,1
1027269,1027,2,107052,0,1
1027270,1027,2,107053,0,1
1027271,1027,10,0,0,1
1027272,1027,2,107030,0,1
1027273,1027,2,107030,1,1
1027274,1027,2,107040,1,1
1027275,1027,10,1,0,3
1027276,1027,5,9,0,3
1027277,1027,11,0,0,2
1027278,1027,11,1,0,1
1027279,1027,11,2,0,1
1027280,1027,2,109010,0,1
1027281,1027,2,109020,0,2
1027282,1027,2,109030,0,1
1027283,1027,5,0,6,2
1027286,1027,1013,1,0,2
1027287,1027,1013,2,0,3
1027288,1027,1013,3,0,3
1027289,1027,1013,4,0,2
1027290,1027,1013,5,0,1
1027291,1027,1013,6,0,3
1027292,1027,1013,7,0,1
1027293,1027,1013,8,0,1
1027294,1027,1013,9,0,3
1027295,1027,1013,10,0,1
1027401,1027,1014,1,0,8
1027402,1027,1014,2,0,1
1027403,1027,1014,3,0,3
1027404,1027,1014,4,0,1
1027405,1027,1014,5,0,1
1027406,1027,1014,6,0,1
1027407,1027,1014,6,1,1
1027408,1027,1014,6,2,1
1027409,1027,1014,7,0,1
1027410,1027,1014,7,1,1
1027411,1027,1014,7,2,1
1027412,1027,1014,8,0,1
1027413,1027,1014,8,1,1
1027414,1027,1014,8,2,1
1027415,1027,1014,9,0,1
1027416,1027,1014,10,0,1
1027300,1027,5,0,0,5
1027301,1027,5,1,6,3
1027302,1027,5,1,7,2
1027303,1027,5,2,1,5
1027304,1027,5,0,1,3
1027305,1027,5,0,2,3
1027306,1027,5,0,3,1
1027307,1027,5,0,4,2
1027308,1027,0,2,0,1
1027309,1027,0,3,0,2
1027310,1027,0,4,0,2
1027311,1027,0,5,0,2
1027312,1027,0,6,0,1
1027313,1027,5,0,5,2
1027400,1027,5,1,8,2
1028001,1028,0,0,0,1
1028002,1028,1,0,0,1
1028003,1028,1,1,0,4
1028004,1028,1,2,0,1
1028005,1028,1,3,0,1
1028006,1028,1,4,0,4
1028007,1028,1,5,0,4
1028008,1028,4,0,0,2
1028009,1028,7,0,0,1
1028010,1028,8,0,0,1
1028011,1028,3,1,0,1
1028012,1028,6,0,1,1
1028100,1028,2,103010,0,4
1028101,1028,2,103020,0,3
1028102,1028,2,103030,0,1
1028103,1028,2,103050,0,1
1028104,1028,2,103040,0,5
1028105,1028,2,105010,0,3
1028106,1028,2,105020,0,1
1028107,1028,2,105030,0,2
1028200,1028,2,101045,1,4
1028201,1028,2,102040,1,4
1028202,1028,2,101014,0,2
1028203,1028,2,101042,0,2
1028204,1028,2,101012,0,1
1028205,1028,2,101031,0,1
1028206,1028,2,101031,1,1
1028207,1028,2,101032,0,1
1028208,1028,2,101032,1,1
1028209,1028,2,101033,0,1
1028210,1028,2,101033,1,1
1028211,1028,2,101034,0,1
1028212,1028,2,101034,1,1
1028213,1028,2,102030,0,1
1028214,1028,2,102030,1,1
1028215,1028,2,104015,0,1
1028216,1028,2,104045,0,3
1028217,1028,2,106010,0,1
1028218,1028,2,106020,0,1
1028219,1028,2,106020,1,1
1028220,1028,2,106030,0,1
1028221,1028,2,106050,0,1
1028222,1028,2,106050,1,2
1028223,1028,2,106110,0,1
1028224,1028,2,106120,0,1
1028225,1028,2,106120,1,1
1028226,1028,2,106130,0,1
1028227,1028,2,106140,0,1
1028228,1028,2,106150,0,1
1028229,1028,2,106210,0,1
1028230,1028,2,106220,0,1
1028231,1028,2,106220,1,2
1028232,1028,2,106230,0,1
1028233,1028,2,106250,0,1
1028234,1028,9,1,0,1
1028235,1028,9,2,0,1
1028236,1028,9,3,0,1
1028237,1028,9,4,0,3
1028238,1028,9,3,4,1
1028239,1028,9,5,0,2
1028240,1028,9,6,0,1
1028241,1028,9,6,1,1
1028242,1028,9,6,2,6
1028243,1028,9,7,0,1
1028244,1028,9,7,1,2
1028245,1028,9,7,2,1
1028246,1028,9,7,3,2
1028247,1028,9,7,4,1
1028248,1028,9,7,5,2
1028249,1028,9,7,6,1
1028250,1028,9,8,0,1
1028251,1028,9,9,0,1
1028252,1028,2,108010,0,1
1028253,1028,2,108020,0,1
1028254,1028,2,108030,0,1
1028255,1028,2,108040,0,1
1028256,1028,2,107011,0,1
1028257,1028,2,107012,0,1
1028258,1028,2,107013,0,1
1028259,1028,2,107021,0,1
1028260,1028,2,107022,0,1
1028261,1028,2,107023,0,1
1028262,1028,2,107031,0,1
1028263,1028,2,107032,0,1
1028264,1028,2,107033,0,1
1028265,1028,2,107041,0,2
1028266,1028,2,107042,0,2
1028267,1028,2,107043,0,1
1028268,1028,2,107051,0,1
1028269,1028,2,107052,0,1
1028270,1028,2,107053,0,1
1028271,1028,10,0,0,1
1028272,1028,2,107030,0,1
1028273,1028,2,107030,1,1
1028274,1028,2,107040,1,4
1028275,1028,10,1,0,1
1028276,1028,5,9,0,1
1028277,1028,11,0,0,1
1028278,1028,11,1,0,1
1028279,1028,11,2,0,1
1028280,1028,2,109010,0,1
1028281,1028,2,109020,0,1
1028282,1028,2,109030,0,1
1028283,1028,5,0,6,1
1028286,1028,1013,1,0,1
1028287,1028,1013,2,0,1
1028288,1028,1013,3,0,1
1028289,1028,1013,4,0,1
1028290,1028,1013,5,0,1
1028291,1028,1013,6,0,1
1028292,1028,1013,7,0,1
1028293,1028,1013,8,0,1
1028294,1028,1013,9,0,1
1028295,1028,1013,10,0,1
1028401,1028,1014,1,0,4
1028402,1028,1014,2,0,1
1028403,1028,1014,3,0,1
1028404,1028,1014,4,0,1
1028405,1028,1014,5,0,2
1028406,1028,1014,6,0,1
1028407,1028,1014,6,1,1
1028408,1028,1014,6,2,1
1028409,1028,1014,7,0,1
1028410,1028,1014,7,1,1
1028411,1028,1014,7,2,1
1028412,1028,1014,8,0,1
1028413,1028,1014,8,1,1
1028414,1028,1014,8,2,1
1028415,1028,1014,9,0,1
1028416,1028,1014,10,0,3
1028300,1028,5,0,0,3
1028301,1028,5,1,6,1
1028302,1028,5,1,7,5
1028303,1028,5,2,1,1
1028304,1028,5,0,1,1
1028305,1028,5,0,2,1
1028306,1028,5,0,3,1
1028307,1028,5,0,4,1
1028308,1028,0,2,0,1
1028309,1028,0,3,0,1
1028310,1028,0,4,0,1
1028311,1028,0,5,0,1
1028312,1028,0,6,0,0
1028313,1028,5,0,5,4
1028400,1028,5,1,8,1
1029001,1029,0,0,0,1
1029002,1029,1,0,0,1
1029003,1029,1,1,0,1
1029004,1029,1,2,0,1
1029005,1029,1,3,0,2
1029006,1029,1,4,0,1
1029007,1029,1,5,0,1
1029008,1029,4,0,0,1
1029009,1029,7,0,0,1
1029010,1029,8,0,0,1
1029011,1029,3,1,0,4
1029012,1029,6,0,1,1
1029100,1029,2,103010,0,2
1029101,1029,2,103020,0,3
1029102,1029,2,103030,0,4
1029103,1029,2,103050,0,1
1029104,1029,2,103040,0,1
1029105,1029,2,105010,0,2
1029106,1029,2,105020,0,3
1029107,1029,2,105030,0,2
1029200,1029,2,101045,1,1
1029201,1029,2,102040,1,1
1029202,1029,2,101014,0,2
1029203,1029,2,101042,0,1
1029204,1029,2,101012,0,1
1029205,1029,2,101031,0,2
1029206,1029,2,101031,1,2
1029207,1029,2,101032,0,2
1029208,1029,2,101032,1,2
1029209,1029,2,101033,0,2
1029210,1029,2,101033,1,2
1029211,1029,2,101034,0,2
1029212,1029,2,101034,1,2
1029213,1029,2,102030,0,2
1029214,1029,2,102030,1,2
1029215,1029,2,104015,0,1
1029216,1029,2,104045,0,1
1029217,1029,2,106010,0,1
1029218,1029,2,106020,0,1
1029219,1029,2,106020,1,1
1029220,1029,2,106030,0,1
1029221,1029,2,106050,0,1
1029222,1029,2,106050,1,2
1029223,1029,2,106110,0,1
1029224,1029,2,106120,0,1
1029225,1029,2,106120,1,1
1029226,1029,2,106130,0,3
1029227,1029,2,106140,0,1
1029228,1029,2,106150,0,1
1029229,1029,2,106210,0,1
1029230,1029,2,106220,0,1
1029231,1029,2,106220,1,2
1029232,1029,2,106230,0,1
1029233,1029,2,106250,0,1
1029234,1029,9,1,0,1
1029235,1029,9,2,0,1
1029236,1029,9,3,0,1
1029237,1029,9,4,0,1
1029238,1029,9,3,4,4
1029239,1029,9,5,0,1
1029240,1029,9,6,0,1
1029241,1029,9,6,1,1
1029242,1029,9,6,2,1
1029243,1029,9,7,0,1
1029244,1029,9,7,1,5
1029245,1029,9,7,2,3
1029246,1029,9,7,3,1
1029247,1029,9,7,4,1
1029248,1029,9,7,5,2
1029249,1029,9,7,6,1
1029250,1029,9,8,0,1
1029251,1029,9,9,0,1
1029252,1029,2,108010,0,1
1029253,1029,2,108020,0,1
1029254,1029,2,108030,0,1
1029255,1029,2,108040,0,2
1029256,1029,2,107011,0,1
1029257,1029,2,107012,0,1
1029258,1029,2,107013,0,1
1029259,1029,2,107021,0,1
1029260,1029,2,107022,0,1
1029261,1029,2,107023,0,1
1029262,1029,2,107031,0,1
1029263,1029,2,107032,0,1
1029264,1029,2,107033,0,1
1029265,1029,2,107041,0,2
1029266,1029,2,107042,0,2
1029267,1029,2,107043,0,1
1029268,1029,2,107051,0,1
1029269,1029,2,107052,0,1
1029270,1029,2,107053,0,1
1029271,1029,10,0,0,1
1029272,1029,2,107030,0,2
1029273,1029,2,107030,1,2
1029274,1029,2,107040,1,1
1029275,1029,10,1,0,1
1029276,1029,5,9,0,1
1029277,1029,11,0,0,1
1029278,1029,11,1,0,1
1029279,1029,11,2,0,1
1029280,1029,2,109010,0,1
1029281,1029,2,109020,0,1
1029282,1029,2,109030,0,1
1029283,1029,5,0,6,1
1029286,1029,1013,1,0,1
1029287,1029,1013,2,0,1
1029288,1029,1013,3,0,1
1029289,1029,1013,4,0,1
1029290,1029,1013,5,0,3
1029291,1029,1013,6,0,1
1029292,1029,1013,7,0,1
1029293,1029,1013,8,0,1
1029294,1029,1013,9,0,1
1029295,1029,1013,10,0,1
1029401,1029,1014,1,0,7
1029402,1029,1014,2,0,4
1029403,1029,1014,3,0,1
1029404,1029,1014,4,0,3
1029405,1029,1014,5,0,2
1029406,1029,1014,6,0,1
1029407,1029,1014,6,1,1
1029408,1029,1014,6,2,1
1029409,1029,1014,7,0,1
1029410,1029,1014,7,1,1
1029411,1029,1014,7,2,1
1029412,1029,1014,8,0,2
1029413,1029,1014,8,1,1
1029414,1029,1014,8,2,1
1029415,1029,1014,9,0,1
1029416,1029,1014,10,0,3
1029300,1029,5,0,0,3
1029301,1029,5,1,6,2
1029302,1029,5,1,7,5
1029303,1029,5,2,1,4
1029304,1029,5,0,1,2
1029305,1029,5,0,2,2
1029306,1029,5,0,3,1
1029307,1029,5,0,4,1
1029308,1029,0,2,0,1
1029309,1029,0,3,0,1
1029310,1029,0,4,0,1
1029311,1029,0,5,0,1
1029312,1029,0,6,0,0
1029313,1029,5,0,5,1
1029400,1029,5,1,8,1
1030001,1030,0,0,0,1
1030002,1030,1,0,0,3
1030003,1030,1,1,0,3
1030004,1030,1,2,0,3
1030005,1030,1,3,0,2
1030006,1030,1,4,0,3
1030007,1030,1,5,0,1
1030008,1030,4,0,0,2
1030009,1030,7,0,0,1
1030010,1030,8,0,0,1
1030011,1030,3,1,0,4
1030012,1030,6,0,1,6
1030100,1030,2,103010,0,6
1030101,1030,2,103020,0,3
1030102,1030,2,103030,0,3
1030103,1030,2,103050,0,4
1030104,1030,2,103040,0,2
1030105,1030,2,105010,0,2
1030106,1030,2,105020,0,1
1030107,1030,2,105030,0,1
1030200,1030,2,101045,1,6
1030201,1030,2,102040,1,6
1030202,1030,2,101014,0,2
1030203,1030,2,101042,0,3
1030204,1030,2,101012,0,2
1030205,1030,2,101031,0,2
1030206,1030,2,101031,1,2
1030207,1030,2,101032,0,2
1030208,1030,2,101032,1,2
1030209,1030,2,101033,0,2
1030210,1030,2,101033,1,2
1030211,1030,2,101034,0,2
1030212,1030,2,101034,1,2
1030213,1030,2,102030,0,2
1030214,1030,2,102030,1,2
1030215,1030,2,104015,0,2
1030216,1030,2,104045,0,1
1030217,1030,2,106010,0,1
1030218,1030,2,106020,0,1
1030219,1030,2,106020,1,1
1030220,1030,2,106030,0,1
1030221,1030,2,106050,0,1
1030222,1030,2,106050,1,2
1030223,1030,2,106110,0,1
1030224,1030,2,106120,0,1
1030225,1030,2,106120,1,2
1030226,1030,2,106130,0,3
1030227,1030,2,106140,0,1
1030228,1030,2,106150,0,1
1030229,1030,2,106210,0,1
1030230,1030,2,106220,0,2
1030231,1030,2,106220,1,2
1030232,1030,2,106230,0,1
1030233,1030,2,106250,0,1
1030234,1030,9,1,0,1
1030235,1030,9,2,0,1
1030236,1030,9,3,0,1
1030237,1030,9,4,0,3
1030238,1030,9,3,4,4
1030239,1030,9,5,0,4
1030240,1030,9,6,0,6
1030241,1030,9,6,1,2
1030242,1030,9,6,2,1
1030243,1030,9,7,0,3
1030244,1030,9,7,1,5
1030245,1030,9,7,2,3
1030246,1030,9,7,3,1
1030247,1030,9,7,4,1
1030248,1030,9,7,5,1
1030249,1030,9,7,6,1
1030250,1030,9,8,0,1
1030251,1030,9,9,0,1
1030252,1030,2,108010,0,2
1030253,1030,2,108020,0,2
1030254,1030,2,108030,0,2
1030255,1030,2,108040,0,2
1030256,1030,2,107011,0,1
1030257,1030,2,107012,0,1
1030258,1030,2,107013,0,1
1030259,1030,2,107021,0,1
1030260,1030,2,107022,0,1
1030261,1030,2,107023,0,1
1030262,1030,2,107031,0,1
1030263,1030,2,107032,0,1
1030264,1030,2,107033,0,1
1030265,1030,2,107041,0,2
1030266,1030,2,107042,0,2
1030267,1030,2,107043,0,2
1030268,1030,2,107051,0,1
1030269,1030,2,107052,0,1
1030270,1030,2,107053,0,3
1030271,1030,10,0,0,1
1030272,1030,2,107030,0,2
1030273,1030,2,107030,1,2
1030274,1030,2,107040,1,6
1030275,1030,10,1,0,2
1030276,1030,5,9,0,2
1030277,1030,11,0,0,1
1030278,1030,11,1,0,1
1030279,1030,11,2,0,2
1030280,1030,2,109010,0,2
1030281,1030,2,109020,0,1
1030282,1030,2,109030,0,2
1030283,1030,5,0,6,1
1030286,1030,1013,1,0,5
1030287,1030,1013,2,0,2
1030288,1030,1013,3,0,2
1030289,1030,1013,4,0,3
1030290,1030,1013,5,0,5
1030291,1030,1013,6,0,1
1030292,1030,1013,7,0,2
1030293,1030,1013,8,0,1
1030294,1030,1013,9,0,2
1030295,1030,1013,10,0,1
1030401,1030,1014,1,0,5
1030402,1030,1014,2,0,4
1030403,1030,1014,3,0,1
1030404,1030,1014,4,0,3
1030405,1030,1014,5,0,4
1030406,1030,1014,6,0,2
1030407,1030,1014,6,1,1
1030408,1030,1014,6,2,1
1030409,1030,1014,7,0,1
1030410,1030,1014,7,1,1
1030411,1030,1014,7,2,1
1030412,1030,1014,8,0,2
1030413,1030,1014,8,1,1
1030414,1030,1014,8,2,1
1030415,1030,1014,9,0,2
1030416,1030,1014,10,0,3
1030300,1030,5,0,0,3
1030301,1030,5,1,6,2
1030302,1030,5,1,7,7
1030303,1030,5,2,1,2
1030304,1030,5,0,1,1
1030305,1030,5,0,2,1
1030306,1030,5,0,3,1
1030307,1030,5,0,4,3
1030308,1030,0,2,0,1
1030309,1030,0,3,0,3
1030310,1030,0,4,0,3
1030311,1030,0,5,0,3
1030312,1030,0,6,0,0
1030313,1030,5,0,5,3
1030400,1030,5,1,8,2
1031001,1031,0,0,0,1
1031002,1031,1,0,0,1
1031003,1031,1,1,0,1
1031004,1031,1,2,0,1
1031005,1031,1,3,0,2
1031006,1031,1,4,0,1
1031007,1031,1,5,0,1
1031008,1031,4,0,0,1
1031009,1031,7,0,0,2
1031010,1031,8,0,0,1
1031011,1031,3,1,0,5
1031012,1031,6,0,1,3
1031100,1031,2,103010,0,2
1031101,1031,2,103020,0,5
1031102,1031,2,103030,0,4
1031103,1031,2,103050,0,6
1031104,1031,2,103040,0,1
1031105,1031,2,105010,0,2
1031106,1031,2,105020,0,3
1031107,1031,2,105030,0,1
1031200,1031,2,101045,1,1
1031201,1031,2,102040,1,1
1031202,1031,2,101014,0,1
1031203,1031,2,101042,0,2
1031204,1031,2,101012,0,1
1031205,1031,2,101031,0,2
1031206,1031,2,101031,1,2
1031207,1031,2,101032,0,2
1031208,1031,2,101032,1,2
1031209,1031,2,101033,0,2
1031210,1031,2,101033,1,2
1031211,1031,2,101034,0,2
1031212,1031,2,101034,1,2
1031213,1031,2,102030,0,2
1031214,1031,2,102030,1,2
1031215,1031,2,104015,0,1
1031216,1031,2,104045,0,1
1031217,1031,2,106010,0,1
1031218,1031,2,106020,0,1
1031219,1031,2,106020,1,1
1031220,1031,2,106030,0,1
1031221,1031,2,106050,0,1
1031222,1031,2,106050,1,1
1031223,1031,2,106110,0,1
1031224,1031,2,106120,0,1
1031225,1031,2,106120,1,1
1031226,1031,2,106130,0,1
1031227,1031,2,106140,0,1
1031228,1031,2,106150,0,2
1031229,1031,2,106210,0,1
1031230,1031,2,106220,0,1
1031231,1031,2,106220,1,1
1031232,1031,2,106230,0,1
1031233,1031,2,106250,0,1
1031234,1031,9,1,0,1
1031235,1031,9,2,0,1
1031236,1031,9,3,0,2
1031237,1031,9,4,0,2
1031238,1031,9,3,4,5
1031239,1031,9,5,0,3
1031240,1031,9,6,0,2
1031241,1031,9,6,1,1
1031242,1031,9,6,2,2
1031243,1031,9,7,0,2
1031244,1031,9,7,1,1
1031245,1031,9,7,2,2
1031246,1031,9,7,3,4
1031247,1031,9,7,4,3
1031248,1031,9,7,5,3
1031249,1031,9,7,6,2
1031250,1031,9,8,0,2
1031251,1031,9,9,0,1
1031252,1031,2,108010,0,2
1031253,1031,2,108020,0,1
1031254,1031,2,108030,0,1
1031255,1031,2,108040,0,2
1031256,1031,2,107011,0,1
1031257,1031,2,107012,0,1
1031258,1031,2,107013,0,1
1031259,1031,2,107021,0,1
1031260,1031,2,107022,0,1
1031261,1031,2,107023,0,1
1031262,1031,2,107031,0,1
1031263,1031,2,107032,0,1
1031264,1031,2,107033,0,1
1031265,1031,2,107041,0,2
1031266,1031,2,107042,0,2
1031267,1031,2,107043,0,1
1031268,1031,2,107051,0,1
1031269,1031,2,107052,0,1
1031270,1031,2,107053,0,1
1031271,1031,10,0,0,2
1031272,1031,2,107030,0,2
1031273,1031,2,107030,1,2
1031274,1031,2,107040,1,1
1031275,1031,10,1,0,2
1031276,1031,5,9,0,2
1031277,1031,11,0,0,1
1031278,1031,11,1,0,1
1031279,1031,11,2,0,1
1031280,1031,2,109010,0,1
1031281,1031,2,109020,0,1
1031282,1031,2,109030,0,1
1031283,1031,5,0,6,2
1031286,1031,1013,1,0,2
1031287,1031,1013,2,0,1
1031288,1031,1013,3,0,3
1031289,1031,1013,4,0,2
1031290,1031,1013,5,0,1
1031291,1031,1013,6,0,3
1031292,1031,1013,7,0,1
1031293,1031,1013,8,0,1
1031294,1031,1013,9,0,1
1031295,1031,1013,10,0,1
1031401,1031,1014,1,0,1
1031402,1031,1014,2,0,1
1031403,1031,1014,3,0,3
1031404,1031,1014,4,0,1
1031405,1031,1014,5,0,1
1031406,1031,1014,6,0,1
1031407,1031,1014,6,1,1
1031408,1031,1014,6,2,1
1031409,1031,1014,7,0,1
1031410,1031,1014,7,1,1
1031411,1031,1014,7,2,1
1031412,1031,1014,8,0,1
1031413,1031,1014,8,1,1
1031414,1031,1014,8,2,1
1031415,1031,1014,9,0,1
1031416,1031,1014,10,0,1
1031300,1031,5,0,0,5
1031301,1031,5,1,6,3
1031302,1031,5,1,7,2
1031303,1031,5,2,1,5
1031304,1031,5,0,1,1
1031305,1031,5,0,2,1
1031306,1031,5,0,3,1
1031307,1031,5,0,4,1
1031308,1031,0,2,0,1
1031309,1031,0,3,0,1
1031310,1031,0,4,0,1
1031311,1031,0,5,0,1
1031312,1031,0,6,0,0
1031313,1031,5,0,5,1
1031400,1031,5,1,8,1
1032001,1032,0,0,0,1
1032002,1032,1,0,0,5
1032003,1032,1,1,0,3
1032004,1032,1,2,0,5
1032005,1032,1,3,0,1
1032006,1032,1,4,0,3
1032007,1032,1,5,0,5
1032008,1032,4,0,0,2
1032009,1032,7,0,0,2
1032010,1032,8,0,0,1
1032011,1032,3,1,0,6
1032012,1032,6,0,1,5
1032100,1032,2,103010,0,5
1032101,1032,2,103020,0,2
1032102,1032,2,103030,0,5
1032103,1032,2,103050,0,4
1032104,1032,2,103040,0,6
1032105,1032,2,105010,0,2
1032106,1032,2,105020,0,2
1032107,1032,2,105030,0,3
1032200,1032,2,101045,1,5
1032201,1032,2,102040,1,5
1032202,1032,2,101014,0,3
1032203,1032,2,101042,0,3
1032204,1032,2,101012,0,2
1032205,1032,2,101031,0,1
1032206,1032,2,101031,1,1
1032207,1032,2,101032,0,1
1032208,1032,2,101032,1,1
1032209,1032,2,101033,0,1
1032210,1032,2,101033,1,1
1032211,1032,2,101034,0,1
1032212,1032,2,101034,1,1
1032213,1032,2,102030,0,1
1032214,1032,2,102030,1,1
1032215,1032,2,104015,0,2
1032216,1032,2,104045,0,2
1032217,1032,2,106010,0,2
1032218,1032,2,106020,0,2
1032219,1032,2,106020,1,1
1032220,1032,2,106030,0,1
1032221,1032,2,106050,0,1
1032222,1032,2,106050,1,1
1032223,1032,2,106110,0,2
1032224,1032,2,106120,0,2
1032225,1032,2,106120,1,2
1032226,1032,2,106130,0,2
1032227,1032,2,106140,0,2
1032228,1032,2,106150,0,2
1032229,1032,2,106210,0,2
1032230,1032,2,106220,0,2
1032231,1032,2,106220,1,1
1032232,1032,2,106230,0,2
1032233,1032,2,106250,0,1
1032234,1032,9,1,0,2
1032235,1032,9,2,0,2
1032236,1032,9,3,0,3
1032237,1032,9,4,0,2
1032238,1032,9,3,4,6
1032239,1032,9,5,0,5
1032240,1032,9,6,0,4
1032241,1032,9,6,1,4
1032242,1032,9,6,2,4
1032243,1032,9,7,0,3
1032244,1032,9,7,1,4
1032245,1032,9,7,2,4
1032246,1032,9,7,3,5
1032247,1032,9,7,4,4
1032248,1032,9,7,5,5
1032249,1032,9,7,6,4
1032250,1032,9,8,0,5
1032251,1032,9,9,0,2
1032252,1032,2,108010,0,4
1032253,1032,2,108020,0,2
1032254,1032,2,108030,0,3
1032255,1032,2,108040,0,4
1032256,1032,2,107011,0,2
1032257,1032,2,107012,0,2
1032258,1032,2,107013,0,2
1032259,1032,2,107021,0,2
1032260,1032,2,107022,0,2
1032261,1032,2,107023,0,2
1032262,1032,2,107031,0,2
1032263,1032,2,107032,0,2
1032264,1032,2,107033,0,2
1032265,1032,2,107041,0,2
1032266,1032,2,107042,0,2
1032267,1032,2,107043,0,2
1032268,1032,2,107051,0,2
1032269,1032,2,107052,0,2
1032270,1032,2,107053,0,2
1032271,1032,10,0,0,2
1032272,1032,2,107030,0,1
1032273,1032,2,107030,1,1
1032274,1032,2,107040,1,5
1032275,1032,10,1,0,2
1032276,1032,5,9,0,2
1032277,1032,11,0,0,2
1032278,1032,11,1,0,2
1032279,1032,11,2,0,3
1032280,1032,2,109010,0,2
1032281,1032,2,109020,0,3
1032282,1032,2,109030,0,4
1032283,1032,5,0,6,2
1032286,1032,1013,1,0,4
1032287,1032,1013,2,0,5
1032288,1032,1013,3,0,4
1032289,1032,1013,4,0,5
1032290,1032,1013,5,0,2
1032291,1032,1013,6,0,2
1032292,1032,1013,7,0,3
1032293,1032,1013,8,0,1
1032294,1032,1013,9,0,4
1032295,1032,1013,10,0,1
1032401,1032,1014,1,0,6
1032402,1032,1014,2,0,2
1032403,1032,1014,3,0,1
1032404,1032,1014,4,0,4
1032405,1032,1014,5,0,3
1032406,1032,1014,6,0,3
1032407,1032,1014,6,1,1
1032408,1032,1014,6,2,1
1032409,1032,1014,7,0,4
1032410,1032,1014,7,1,1
1032411,1032,1014,7,2,1
1032412,1032,1014,8,0,4
1032413,1032,1014,8,1,1
1032414,1032,1014,8,2,1
1032415,1032,1014,9,0,4
1032416,1032,1014,10,0,2
1032300,1032,5,0,0,6
1032301,1032,5,1,6,4
1032302,1032,5,1,7,1
1032303,1032,5,2,1,6
1032304,1032,5,0,1,2
1032305,1032,5,0,2,2
1032306,1032,5,0,3,1
1032307,1032,5,0,4,5
1032308,1032,0,2,0,1
1032309,1032,0,3,0,5
1032310,1032,0,4,0,2
1032311,1032,0,5,0,5
1032312,1032,0,6,0,0
1032313,1032,5,0,5,3
1032400,1032,5,1,8,2
1033001,1033,0,0,0,1
1033002,1033,1,0,0,5
1033003,1033,1,1,0,3
1033004,1033,1,2,0,5
1033005,1033,1,3,0,4
1033006,1033,1,4,0,3
1033007,1033,1,5,0,5
1033008,1033,4,0,0,1
1033009,1033,7,0,0,1
1033010,1033,8,0,0,1
1033011,1033,3,1,0,2
1033012,1033,6,0,1,2
1033100,1033,2,103010,0,5
1033101,1033,2,103020,0,6
1033102,1033,2,103030,0,5
1033103,1033,2,103050,0,4
1033104,1033,2,103040,0,6
1033105,1033,2,105010,0,1
1033106,1033,2,105020,0,2
1033107,1033,2,105030,0,1
1033200,1033,2,101045,1,6
1033201,1033,2,102040,1,6
1033202,1033,2,101014,0,3
1033203,1033,2,101042,0,3
1033204,1033,2,101012,0,2
1033205,1033,2,101031,0,1
1033206,1033,2,101031,1,1
1033207,1033,2,101032,0,1
1033208,1033,2,101032,1,1
1033209,1033,2,101033,0,1
1033210,1033,2,101033,1,1
1033211,1033,2,101034,0,1
1033212,1033,2,101034,1,1
1033213,1033,2,102030,0,1
1033214,1033,2,102030,1,1
1033215,1033,2,104015,0,2
1033216,1033,2,104045,0,2
1033217,1033,2,106010,0,2
1033218,1033,2,106020,0,2
1033219,1033,2,106020,1,2
1033220,1033,2,106030,0,2
1033221,1033,2,106050,0,2
1033222,1033,2,106050,1,2
1033223,1033,2,106110,0,2
1033224,1033,2,106120,0,2
1033225,1033,2,106120,1,2
1033226,1033,2,106130,0,2
1033227,1033,2,106140,0,2
1033228,1033,2,106150,0,2
1033229,1033,2,106210,0,2
1033230,1033,2,106220,0,2
1033231,1033,2,106220,1,1
1033232,1033,2,106230,0,2
1033233,1033,2,106250,0,2
1033234,1033,9,1,0,1
1033235,1033,9,2,0,2
1033236,1033,9,3,0,3
1033237,1033,9,4,0,2
1033238,1033,9,3,4,6
1033239,1033,9,5,0,6
1033240,1033,9,6,0,4
1033241,1033,9,6,1,4
1033242,1033,9,6,2,5
1033243,1033,9,7,0,3
1033244,1033,9,7,1,4
1033245,1033,9,7,2,4
1033246,1033,9,7,3,6
1033247,1033,9,7,4,5
1033248,1033,9,7,5,6
1033249,1033,9,7,6,4
1033250,1033,9,8,0,5
1033251,1033,9,9,0,2
1033252,1033,2,108010,0,4
1033253,1033,2,108020,0,2
1033254,1033,2,108030,0,3
1033255,1033,2,108040,0,4
1033256,1033,2,107011,0,2
1033257,1033,2,107012,0,2
1033258,1033,2,107013,0,2
1033259,1033,2,107021,0,2
1033260,1033,2,107022,0,2
1033261,1033,2,107023,0,2
1033262,1033,2,107031,0,2
1033263,1033,2,107032,0,2
1033264,1033,2,107033,0,2
1033265,1033,2,107041,0,2
1033266,1033,2,107042,0,2
1033267,1033,2,107043,0,2
1033268,1033,2,107051,0,2
1033269,1033,2,107052,0,2
1033270,1033,2,107053,0,2
1033271,1033,10,0,0,2
1033272,1033,2,107030,0,1
1033273,1033,2,107030,1,1
1033274,1033,2,107040,1,6
1033275,1033,10,1,0,3
1033276,1033,5,9,0,3
1033277,1033,11,0,0,2
1033278,1033,11,1,0,2
1033279,1033,11,2,0,2
1033280,1033,2,109010,0,3
1033281,1033,2,109020,0,3
1033282,1033,2,109030,0,4
1033283,1033,5,0,6,3
1033286,1033,1013,1,0,4
1033287,1033,1013,2,0,5
1033288,1033,1013,3,0,4
1033289,1033,1013,4,0,5
1033290,1033,1013,5,0,2
1033291,1033,1013,6,0,2
1033292,1033,1013,7,0,2
1033293,1033,1013,8,0,1
1033294,1033,1013,9,0,4
1033295,1033,1013,10,0,1
1033401,1033,1014,1,0,2
1033402,1033,1014,2,0,2
1033403,1033,1014,3,0,1
1033404,1033,1014,4,0,4
1033405,1033,1014,5,0,3
1033406,1033,1014,6,0,3
1033407,1033,1014,6,1,1
1033408,1033,1014,6,2,1
1033409,1033,1014,7,0,2
1033410,1033,1014,7,1,1
1033411,1033,1014,7,2,1
1033412,1033,1014,8,0,4
1033413,1033,1014,8,1,1
1033414,1033,1014,8,2,1
1033415,1033,1014,9,0,4
1033416,1033,1014,10,0,2
1033300,1033,5,0,0,6
1033301,1033,5,1,6,4
1033302,1033,5,1,7,6
1033303,1033,5,2,1,2
1033304,1033,5,0,1,2
1033305,1033,5,0,2,2
1033306,1033,5,0,3,1
1033307,1033,5,0,4,5
1033308,1033,0,2,0,2
1033309,1033,0,3,0,5
1033310,1033,0,4,0,2
1033311,1033,0,5,0,5
1033312,1033,0,6,0,0
1033313,1033,5,0,5,3
1033400,1033,5,1,8,2
1034001,1034,0,0,0,5
1034002,1034,1,0,0,2
1034003,1034,1,1,0,2
1034004,1034,1,2,0,2
1034005,1034,1,3,0,2
1034006,1034,1,4,0,2
1034007,1034,1,5,0,2
1034008,1034,4,0,0,2
1034009,1034,7,0,0,2
1034010,1034,8,0,0,1
1034011,1034,3,1,0,3
1034012,1034,6,0,1,3
1034100,1034,2,103010,0,2
1034101,1034,2,103020,0,1
1034102,1034,2,103030,0,4
1034103,1034,2,103050,0,3
1034104,1034,2,103040,0,3
1034105,1034,2,105010,0,1
1034106,1034,2,105020,0,3
1034107,1034,2,105030,0,3
1034200,1034,2,101045,1,2
1034201,1034,2,102040,1,2
1034202,1034,2,101014,0,1
1034203,1034,2,101042,0,1
1034204,1034,2,101012,0,1
1034205,1034,2,101031,0,1
1034206,1034,2,101031,1,1
1034207,1034,2,101032,0,1
1034208,1034,2,101032,1,1
1034209,1034,2,101033,0,1
1034210,1034,2,101033,1,1
1034211,1034,2,101034,0,1
1034212,1034,2,101034,1,1
1034213,1034,2,102030,0,1
1034214,1034,2,102030,1,1
1034215,1034,2,104015,0,1
1034216,1034,2,104045,0,3
1034217,1034,2,106010,0,1
1034218,1034,2,106020,0,1
1034219,1034,2,106020,1,1
1034220,1034,2,106030,0,1
1034221,1034,2,106050,0,1
1034222,1034,2,106050,1,1
1034223,1034,2,106110,0,1
1034224,1034,2,106120,0,1
1034225,1034,2,106120,1,1
1034226,1034,2,106130,0,1
1034227,1034,2,106140,0,1
1034228,1034,2,106150,0,2
1034229,1034,2,106210,0,2
1034230,1034,2,106220,0,1
1034231,1034,2,106220,1,1
1034232,1034,2,106230,0,1
1034233,1034,2,106250,0,1
1034234,1034,9,1,0,1
1034235,1034,9,2,0,1
1034236,1034,9,3,0,1
1034237,1034,9,4,0,1
1034238,1034,9,3,4,4
1034239,1034,9,5,0,3
1034240,1034,9,6,0,3
1034241,1034,9,6,1,3
1034242,1034,9,6,2,4
1034243,1034,9,7,0,2
1034244,1034,9,7,1,2
1034245,1034,9,7,2,2
1034246,1034,9,7,3,2
1034247,1034,9,7,4,2
1034248,1034,9,7,5,4
1034249,1034,9,7,6,2
1034250,1034,9,8,0,2
1034251,1034,9,9,0,1
1034252,1034,2,108010,0,3
1034253,1034,2,108020,0,3
1034254,1034,2,108030,0,3
1034255,1034,2,108040,0,3
1034256,1034,2,107011,0,1
1034257,1034,2,107012,0,1
1034258,1034,2,107013,0,1
1034259,1034,2,107021,0,1
1034260,1034,2,107022,0,1
1034261,1034,2,107023,0,1
1034262,1034,2,107031,0,1
1034263,1034,2,107032,0,1
1034264,1034,2,107033,0,1
1034265,1034,2,107041,0,1
1034266,1034,2,107042,0,1
1034267,1034,2,107043,0,1
1034268,1034,2,107051,0,1
1034269,1034,2,107052,0,1
1034270,1034,2,107053,0,1
1034271,1034,10,0,0,2
1034272,1034,2,107030,0,1
1034273,1034,2,107030,1,1
1034274,1034,2,107040,1,2
1034275,1034,10,1,0,1
1034276,1034,5,9,0,1
1034277,1034,11,0,0,2
1034278,1034,11,1,0,1
1034279,1034,11,2,0,3
1034280,1034,2,109010,0,2
1034281,1034,2,109020,0,2
1034282,1034,2,109030,0,3
1034283,1034,5,0,6,2
1034286,1034,1013,1,0,2
1034287,1034,1013,2,0,3
1034288,1034,1013,3,0,3
1034289,1034,1013,4,0,4
1034290,1034,1013,5,0,4
1034291,1034,1013,6,0,3
1034292,1034,1013,7,0,3
1034293,1034,1013,8,0,1
1034294,1034,1013,9,0,3
1034295,1034,1013,10,0,1
1034401,1034,1014,1,0,1
1034402,1034,1014,2,0,3
1034403,1034,1014,3,0,3
1034404,1034,1014,4,0,2
1034405,1034,1014,5,0,1
1034406,1034,1014,6,0,1
1034407,1034,1014,6,1,1
1034408,1034,1014,6,2,1
1034409,1034,1014,7,0,3
1034410,1034,1014,7,1,1
1034411,1034,1014,7,2,1
1034412,1034,1014,8,0,3
1034413,1034,1014,8,1,1
1034414,1034,1014,8,2,1
1034415,1034,1014,9,0,3
1034416,1034,1014,10,0,1
1034300,1034,5,0,0,1
1034301,1034,5,1,6,3
1034302,1034,5,1,7,2
1034303,1034,5,2,1,3
1034304,1034,5,0,1,3
1034305,1034,5,0,2,3
1034306,1034,5,0,3,1
1034307,1034,5,0,4,2
1034308,1034,0,2,0,5
1034309,1034,0,3,0,2
1034310,1034,0,4,0,2
1034311,1034,0,5,0,2
1034312,1034,0,6,0,1
1034313,1034,5,0,5,2
1034400,1034,5,1,8,1
1035001,1035,0,0,0,1
1035002,1035,1,0,0,2
1035003,1035,1,1,0,2
1035004,1035,1,2,0,2
1035005,1035,1,3,0,2
1035006,1035,1,4,0,2
1035007,1035,1,5,0,2
1035008,1035,4,0,0,1
1035009,1035,7,0,0,2
1035010,1035,8,0,0,1
1035011,1035,3,1,0,5
1035012,1035,6,0,1,3
1035100,1035,2,103010,0,4
1035101,1035,2,103020,0,2
1035102,1035,2,103030,0,4
1035103,1035,2,103050,0,3
1035104,1035,2,103040,0,5
1035105,1035,2,105010,0,3
1035106,1035,2,105020,0,1
1035107,1035,2,105030,0,2
1035200,1035,2,101045,1,4
1035201,1035,2,102040,1,4
1035202,1035,2,101014,0,1
1035203,1035,2,101042,0,1
1035204,1035,2,101012,0,1
1035205,1035,2,101031,0,1
1035206,1035,2,101031,1,1
1035207,1035,2,101032,0,1
1035208,1035,2,101032,1,1
1035209,1035,2,101033,0,1
1035210,1035,2,101033,1,1
1035211,1035,2,101034,0,1
1035212,1035,2,101034,1,1
1035213,1035,2,102030,0,1
1035214,1035,2,102030,1,1
1035215,1035,2,104015,0,1
1035216,1035,2,104045,0,3
1035217,1035,2,106010,0,1
1035218,1035,2,106020,0,1
1035219,1035,2,106020,1,1
1035220,1035,2,106030,0,1
1035221,1035,2,106050,0,1
1035222,1035,2,106050,1,1
1035223,1035,2,106110,0,1
1035224,1035,2,106120,0,1
1035225,1035,2,106120,1,1
1035226,1035,2,106130,0,1
1035227,1035,2,106140,0,1
1035228,1035,2,106150,0,1
1035229,1035,2,106210,0,1
1035230,1035,2,106220,0,1
1035231,1035,2,106220,1,1
1035232,1035,2,106230,0,1
1035233,1035,2,106250,0,1
1035234,1035,9,1,0,1
1035235,1035,9,2,0,1
1035236,1035,9,3,0,1
1035237,1035,9,4,0,1
1035238,1035,9,3,4,1
1035239,1035,9,5,0,2
1035240,1035,9,6,0,3
1035241,1035,9,6,1,3
1035242,1035,9,6,2,2
1035243,1035,9,7,0,2
1035244,1035,9,7,1,2
1035245,1035,9,7,2,1
1035246,1035,9,7,3,2
1035247,1035,9,7,4,2
1035248,1035,9,7,5,2
1035249,1035,9,7,6,2
1035250,1035,9,8,0,2
1035251,1035,9,9,0,1
1035252,1035,2,108010,0,1
1035253,1035,2,108020,0,1
1035254,1035,2,108030,0,1
1035255,1035,2,108040,0,1
1035256,1035,2,107011,0,1
1035257,1035,2,107012,0,1
1035258,1035,2,107013,0,1
1035259,1035,2,107021,0,1
1035260,1035,2,107022,0,1
1035261,1035,2,107023,0,1
1035262,1035,2,107031,0,1
1035263,1035,2,107032,0,1
1035264,1035,2,107033,0,1
1035265,1035,2,107041,0,1
1035266,1035,2,107042,0,1
1035267,1035,2,107043,0,1
1035268,1035,2,107051,0,1
1035269,1035,2,107052,0,1
1035270,1035,2,107053,0,1
1035271,1035,10,0,0,1
1035272,1035,2,107030,0,1
1035273,1035,2,107030,1,1
1035274,1035,2,107040,1,4
1035275,1035,10,1,0,1
1035276,1035,5,9,0,1
1035277,1035,11,0,0,2
1035278,1035,11,1,0,1
1035279,1035,11,2,0,1
1035280,1035,2,109010,0,1
1035281,1035,2,109020,0,1
1035282,1035,2,109030,0,3
1035283,1035,5,0,6,1
1035286,1035,1013,1,0,1
1035287,1035,1013,2,0,5
1035288,1035,1013,3,0,3
1035289,1035,1013,4,0,1
1035290,1035,1013,5,0,4
1035291,1035,1013,6,0,3
1035292,1035,1013,7,0,1
1035293,1035,1013,8,0,1
1035294,1035,1013,9,0,1
1035295,1035,1013,10,0,1
1035401,1035,1014,1,0,1
1035402,1035,1014,2,0,3
1035403,1035,1014,3,0,3
1035404,1035,1014,4,0,1
1035405,1035,1014,5,0,2
1035406,1035,1014,6,0,1
1035407,1035,1014,6,1,1
1035408,1035,1014,6,2,1
1035409,1035,1014,7,0,3
1035410,1035,1014,7,1,1
1035411,1035,1014,7,2,1
1035412,1035,1014,8,0,1
1035413,1035,1014,8,1,1
1035414,1035,1014,8,2,1
1035415,1035,1014,9,0,1
1035416,1035,1014,10,0,1
1035300,1035,5,0,0,2
1035301,1035,5,1,6,3
1035302,1035,5,1,7,5
1035303,1035,5,2,1,5
1035304,1035,5,0,1,3
1035305,1035,5,0,2,3
1035306,1035,5,0,3,1
1035307,1035,5,0,4,2
1035308,1035,0,2,0,1
1035309,1035,0,3,0,2
1035310,1035,0,4,0,2
1035311,1035,0,5,0,2
1035312,1035,0,6,0,1
1035313,1035,5,0,5,2
1035400,1035,5,1,8,1
1036001,1036,0,0,0,5
1036002,1036,1,0,0,5
1036003,1036,1,1,0,2
1036004,1036,1,2,0,5
1036005,1036,1,3,0,4
1036006,1036,1,4,0,2
1036007,1036,1,5,0,5
1036008,1036,4,0,0,2
1036009,1036,7,0,0,1
1036010,1036,8,0,0,1
1036011,1036,3,1,0,6
1036012,1036,6,0,1,5
1036100,1036,2,103010,0,5
1036101,1036,2,103020,0,2
1036102,1036,2,103030,0,5
1036103,1036,2,103050,0,3
1036104,1036,2,103040,0,4
1036105,1036,2,105010,0,1
1036106,1036,2,105020,0,2
1036107,1036,2,105030,0,1
1036200,1036,2,101045,1,5
1036201,1036,2,102040,1,5
1036202,1036,2,101014,0,3
1036203,1036,2,101042,0,3
1036204,1036,2,101012,0,2
1036205,1036,2,101031,0,1
1036206,1036,2,101031,1,1
1036207,1036,2,101032,0,1
1036208,1036,2,101032,1,1
1036209,1036,2,101033,0,1
1036210,1036,2,101033,1,1
1036211,1036,2,101034,0,1
1036212,1036,2,101034,1,1
1036213,1036,2,102030,0,1
1036214,1036,2,102030,1,1
1036215,1036,2,104015,0,2
1036216,1036,2,104045,0,2
1036217,1036,2,106010,0,2
1036218,1036,2,106020,0,2
1036219,1036,2,106020,1,2
1036220,1036,2,106030,0,2
1036221,1036,2,106050,0,2
1036222,1036,2,106050,1,2
1036223,1036,2,106110,0,2
1036224,1036,2,106120,0,2
1036225,1036,2,106120,1,2
1036226,1036,2,106130,0,2
1036227,1036,2,106140,0,2
1036228,1036,2,106150,0,2
1036229,1036,2,106210,0,2
1036230,1036,2,106220,0,2
1036231,1036,2,106220,1,1
1036232,1036,2,106230,0,2
1036233,1036,2,106250,0,2
1036234,1036,9,1,0,1
1036235,1036,9,2,0,2
1036236,1036,9,3,0,3
1036237,1036,9,4,0,2
1036238,1036,9,3,4,6
1036239,1036,9,5,0,5
1036240,1036,9,6,0,4
1036241,1036,9,6,1,4
1036242,1036,9,6,2,4
1036243,1036,9,7,0,4
1036244,1036,9,7,1,4
1036245,1036,9,7,2,4
1036246,1036,9,7,3,4
1036247,1036,9,7,4,5
1036248,1036,9,7,5,4
1036249,1036,9,7,6,4
1036250,1036,9,8,0,5
1036251,1036,9,9,0,2
1036252,1036,2,108010,0,4
1036253,1036,2,108020,0,3
1036254,1036,2,108030,0,3
1036255,1036,2,108040,0,3
1036256,1036,2,107011,0,2
1036257,1036,2,107012,0,2
1036258,1036,2,107013,0,2
1036259,1036,2,107021,0,2
1036260,1036,2,107022,0,2
1036261,1036,2,107023,0,2
1036262,1036,2,107031,0,2
1036263,1036,2,107032,0,2
1036264,1036,2,107033,0,2
1036265,1036,2,107041,0,2
1036266,1036,2,107042,0,2
1036267,1036,2,107043,0,2
1036268,1036,2,107051,0,2
1036269,1036,2,107052,0,2
1036270,1036,2,107053,0,2
1036271,1036,10,0,0,2
1036272,1036,2,107030,0,1
1036273,1036,2,107030,1,1
1036274,1036,2,107040,1,5
1036275,1036,10,1,0,3
1036276,1036,5,9,0,3
1036277,1036,11,0,0,2
1036278,1036,11,1,0,2
1036279,1036,11,2,0,3
1036280,1036,2,109010,0,3
1036281,1036,2,109020,0,3
1036282,1036,2,109030,0,4
1036283,1036,5,0,6,2
1036286,1036,1013,1,0,4
1036287,1036,1013,2,0,4
1036288,1036,1013,3,0,4
1036289,1036,1013,4,0,4
1036290,1036,1013,5,0,2
1036291,1036,1013,6,0,3
1036292,1036,1013,7,0,3
1036293,1036,1013,8,0,1
1036294,1036,1013,9,0,3
1036295,1036,1013,10,0,1
1036401,1036,1014,1,0,2
1036402,1036,1014,2,0,2
1036403,1036,1014,3,0,1
1036404,1036,1014,4,0,1
1036405,1036,1014,5,0,3
1036406,1036,1014,6,0,3
1036407,1036,1014,6,1,1
1036408,1036,1014,6,2,1
1036409,1036,1014,7,0,4
1036410,1036,1014,7,1,1
1036411,1036,1014,7,2,1
1036412,1036,1014,8,0,4
1036413,1036,1014,8,1,1
1036414,1036,1014,8,2,1
1036415,1036,1014,9,0,4
1036416,1036,1014,10,0,2
1036300,1036,5,0,0,2
1036301,1036,5,1,6,4
1036302,1036,5,1,7,3
1036303,1036,5,2,1,6
1036304,1036,5,0,1,3
1036305,1036,5,0,2,3
1036306,1036,5,0,3,1
1036307,1036,5,0,4,5
1036308,1036,0,2,0,5
1036309,1036,0,3,0,5
1036310,1036,0,4,0,2
1036311,1036,0,5,0,5
1036312,1036,0,6,0,0
1036313,1036,5,0,5,2
1036400,1036,5,1,8,2
1037001,1037,0,0,0,2
1037002,1037,1,0,0,6
1037003,1037,1,1,0,3
1037004,1037,1,2,0,5
1037005,1037,1,3,0,2
1037006,1037,1,4,0,3
1037007,1037,1,5,0,3
1037008,1037,4,0,0,1
1037009,1037,7,0,0,1
1037010,1037,8,0,0,1
1037011,1037,3,1,0,6
1037012,1037,6,0,1,5
1037100,1037,2,103010,0,6
1037101,1037,2,103020,0,7
1037102,1037,2,103030,0,2
1037103,1037,2,103050,0,4
1037104,1037,2,103040,0,2
1037105,1037,2,105010,0,2
1037106,1037,2,105020,0,2
1037107,1037,2,105030,0,1
1037200,1037,2,101045,1,3
1037201,1037,2,102040,1,3
1037202,1037,2,101014,0,3
1037203,1037,2,101042,0,3
1037204,1037,2,101012,0,2
1037205,1037,2,101031,0,1
1037206,1037,2,101031,1,1
1037207,1037,2,101032,0,1
1037208,1037,2,101032,1,1
1037209,1037,2,101033,0,1
1037210,1037,2,101033,1,1
1037211,1037,2,101034,0,1
1037212,1037,2,101034,1,1
1037213,1037,2,102030,0,1
1037214,1037,2,102030,1,1
1037215,1037,2,104015,0,2
1037216,1037,2,104045,0,2
1037217,1037,2,106010,0,2
1037218,1037,2,106020,0,2
1037219,1037,2,106020,1,2
1037220,1037,2,106030,0,1
1037221,1037,2,106050,0,2
1037222,1037,2,106050,1,2
1037223,1037,2,106110,0,2
1037224,1037,2,106120,0,2
1037225,1037,2,106120,1,2
1037226,1037,2,106130,0,2
1037227,1037,2,106140,0,2
1037228,1037,2,106150,0,2
1037229,1037,2,106210,0,2
1037230,1037,2,106220,0,2
1037231,1037,2,106220,1,1
1037232,1037,2,106230,0,2
1037233,1037,2,106250,0,1
1037234,1037,9,1,0,1
1037235,1037,9,2,0,2
1037236,1037,9,3,0,2
1037237,1037,9,4,0,2
1037238,1037,9,3,4,5
1037239,1037,9,5,0,6
1037240,1037,9,6,0,4
1037241,1037,9,6,1,2
1037242,1037,9,6,2,3
1037243,1037,9,7,0,3
1037244,1037,9,7,1,3
1037245,1037,9,7,2,3
1037246,1037,9,7,3,6
1037247,1037,9,7,4,4
1037248,1037,9,7,5,6
1037249,1037,9,7,6,3
1037250,1037,9,8,0,3
1037251,1037,9,9,0,2
1037252,1037,2,108010,0,2
1037253,1037,2,108020,0,2
1037254,1037,2,108030,0,2
1037255,1037,2,108040,0,2
1037256,1037,2,107011,0,2
1037257,1037,2,107012,0,2
1037258,1037,2,107013,0,2
1037259,1037,2,107021,0,2
1037260,1037,2,107022,0,2
1037261,1037,2,107023,0,2
1037262,1037,2,107031,0,2
1037263,1037,2,107032,0,2
1037264,1037,2,107033,0,2
1037265,1037,2,107041,0,2
1037266,1037,2,107042,0,2
1037267,1037,2,107043,0,2
1037268,1037,2,107051,0,2
1037269,1037,2,107052,0,2
1037270,1037,2,107053,0,2
1037271,1037,10,0,0,2
1037272,1037,2,107030,0,1
1037273,1037,2,107030,1,1
1037274,1037,2,107040,1,3
1037275,1037,10,1,0,2
1037276,1037,5,9,0,2
1037277,1037,11,0,0,2
1037278,1037,11,1,0,2
1037279,1037,11,2,0,2
1037280,1037,2,109010,0,2
1037281,1037,2,109020,0,2
1037282,1037,2,109030,0,2
1037283,1037,5,0,6,3
1037286,1037,1013,1,0,3
1037287,1037,1013,2,0,2
1037288,1037,1013,3,0,2
1037289,1037,1013,4,0,3
1037290,1037,1013,5,0,3
1037291,1037,1013,6,0,2
1037292,1037,1013,7,0,2
1037293,1037,1013,8,0,1
1037294,1037,1013,9,0,2
1037295,1037,1013,10,0,1
1037401,1037,1014,1,0,8
1037402,1037,1014,2,0,1
1037403,1037,1014,3,0,1
1037404,1037,1014,4,0,4
1037405,1037,1014,5,0,4
1037406,1037,1014,6,0,3
1037407,1037,1014,6,1,1
1037408,1037,1014,6,2,1
1037409,1037,1014,7,0,2
1037410,1037,1014,7,1,1
1037411,1037,1014,7,2,1
1037412,1037,1014,8,0,2
1037413,1037,1014,8,1,1
1037414,1037,1014,8,2,1
1037415,1037,1014,9,0,2
1037416,1037,1014,10,0,2
1037300,1037,5,0,0,3
1037301,1037,5,1,6,4
1037302,1037,5,1,7,6
1037303,1037,5,2,1,6
1037304,1037,5,0,1,2
1037305,1037,5,0,2,2
1037306,1037,5,0,3,1
1037307,1037,5,0,4,5
1037308,1037,0,2,0,2
1037309,1037,0,3,0,5
1037310,1037,0,4,0,2
1037311,1037,0,5,0,5
1037312,1037,0,6,0,0
1037313,1037,5,0,5,3
1037400,1037,5,1,8,2
1038001,1038,0,0,0,2
1038002,1038,1,0,0,4
1038003,1038,1,1,0,4
1038004,1038,1,2,0,1
1038005,1038,1,3,0,1
1038006,1038,1,4,0,4
1038007,1038,1,5,0,1
1038008,1038,4,0,0,2
1038009,1038,7,0,0,2
1038010,1038,8,0,0,1
1038011,1038,3,1,0,1
1038012,1038,6,0,1,2
1038100,1038,2,103010,0,1
1038101,1038,2,103020,0,5
1038102,1038,2,103030,0,4
1038103,1038,2,103050,0,4
1038104,1038,2,103040,0,2
1038105,1038,2,105010,0,2
1038106,1038,2,105020,0,3
1038107,1038,2,105030,0,2
1038200,1038,2,101045,1,3
1038201,1038,2,102040,1,3
1038202,1038,2,101014,0,2
1038203,1038,2,101042,0,3
1038204,1038,2,101012,0,2
1038205,1038,2,101031,0,1
1038206,1038,2,101031,1,1
1038207,1038,2,101032,0,1
1038208,1038,2,101032,1,1
1038209,1038,2,101033,0,1
1038210,1038,2,101033,1,1
1038211,1038,2,101034,0,1
1038212,1038,2,101034,1,1
1038213,1038,2,102030,0,1
1038214,1038,2,102030,1,1
1038215,1038,2,104015,0,2
1038216,1038,2,104045,0,1
1038217,1038,2,106010,0,1
1038218,1038,2,106020,0,1
1038219,1038,2,106020,1,1
1038220,1038,2,106030,0,1
1038221,1038,2,106050,0,2
1038222,1038,2,106050,1,2
1038223,1038,2,106110,0,1
1038224,1038,2,106120,0,1
1038225,1038,2,106120,1,2
1038226,1038,2,106130,0,3
1038227,1038,2,106140,0,1
1038228,1038,2,106150,0,1
1038229,1038,2,106210,0,1
1038230,1038,2,106220,0,1
1038231,1038,2,106220,1,2
1038232,1038,2,106230,0,1
1038233,1038,2,106250,0,1
1038234,1038,9,1,0,1
1038235,1038,9,2,0,1
1038236,1038,9,3,0,1
1038237,1038,9,4,0,3
1038238,1038,9,3,4,1
1038239,1038,9,5,0,2
1038240,1038,9,6,0,1
1038241,1038,9,6,1,1
1038242,1038,9,6,2,1
1038243,1038,9,7,0,2
1038244,1038,9,7,1,2
1038245,1038,9,7,2,3
1038246,1038,9,7,3,1
1038247,1038,9,7,4,2
1038248,1038,9,7,5,1
1038249,1038,9,7,6,1
1038250,1038,9,8,0,1
1038251,1038,9,9,0,1
1038252,1038,2,108010,0,2
1038253,1038,2,108020,0,1
1038254,1038,2,108030,0,2
1038255,1038,2,108040,0,2
1038256,1038,2,107011,0,1
1038257,1038,2,107012,0,1
1038258,1038,2,107013,0,1
1038259,1038,2,107021,0,1
1038260,1038,2,107022,0,1
1038261,1038,2,107023,0,1
1038262,1038,2,107031,0,1
1038263,1038,2,107032,0,1
1038264,1038,2,107033,0,1
1038265,1038,2,107041,0,2
1038266,1038,2,107042,0,2
1038267,1038,2,107043,0,1
1038268,1038,2,107051,0,1
1038269,1038,2,107052,0,1
1038270,1038,2,107053,0,1
1038271,1038,10,0,0,1
1038272,1038,2,107030,0,1
1038273,1038,2,107030,1,1
1038274,1038,2,107040,1,3
1038275,1038,10,1,0,1
1038276,1038,5,9,0,1
1038277,1038,11,0,0,1
1038278,1038,11,1,0,1
1038279,1038,11,2,0,1
1038280,1038,2,109010,0,1
1038281,1038,2,109020,0,1
1038282,1038,2,109030,0,1
1038283,1038,5,0,6,1
1038286,1038,1013,1,0,1
1038287,1038,1013,2,0,1
1038288,1038,1013,3,0,1
1038289,1038,1013,4,0,1
1038290,1038,1013,5,0,1
1038291,1038,1013,6,0,1
1038292,1038,1013,7,0,1
1038293,1038,1013,8,0,1
1038294,1038,1013,9,0,1
1038295,1038,1013,10,0,1
1038401,1038,1014,1,0,7
1038402,1038,1014,2,0,1
1038403,1038,1014,3,0,1
1038404,1038,1014,4,0,1
1038405,1038,1014,5,0,1
1038406,1038,1014,6,0,2
1038407,1038,1014,6,1,1
1038408,1038,1014,6,2,1
1038409,1038,1014,7,0,1
1038410,1038,1014,7,1,1
1038411,1038,1014,7,2,1
1038412,1038,1014,8,0,1
1038413,1038,1014,8,1,1
1038414,1038,1014,8,2,1
1038415,1038,1014,9,0,1
1038416,1038,1014,10,0,3
1038300,1038,5,0,0,5
1038301,1038,5,1,6,1
1038302,1038,5,1,7,4
1038303,1038,5,2,1,1
1038304,1038,5,0,1,2
1038305,1038,5,0,2,2
1038306,1038,5,0,3,1
1038307,1038,5,0,4,1
1038308,1038,0,2,0,2
1038309,1038,0,3,0,1
1038310,1038,0,4,0,1
1038311,1038,0,5,0,1
1038312,1038,0,6,0,0
1038313,1038,5,0,5,4
1038400,1038,5,1,8,1
1039001,1039,0,0,0,2
1039002,1039,1,0,0,1
1039003,1039,1,1,0,2
1039004,1039,1,2,0,1
1039005,1039,1,3,0,4
1039006,1039,1,4,0,2
1039007,1039,1,5,0,1
1039008,1039,4,0,0,1
1039009,1039,7,0,0,2
1039010,1039,8,0,0,1
1039011,1039,3,1,0,7
1039012,1039,6,0,1,3
1039100,1039,2,103010,0,3
1039101,1039,2,103020,0,5
1039102,1039,2,103030,0,3
1039103,1039,2,103050,0,2
1039104,1039,2,103040,0,3
1039105,1039,2,105010,0,3
1039106,1039,2,105020,0,1
1039107,1039,2,105030,0,2
1039200,1039,2,101045,1,4
1039201,1039,2,102040,1,4
1039202,1039,2,101014,0,1
1039203,1039,2,101042,0,1
1039204,1039,2,101012,0,1
1039205,1039,2,101031,0,1
1039206,1039,2,101031,1,1
1039207,1039,2,101032,0,1
1039208,1039,2,101032,1,1
1039209,1039,2,101033,0,1
1039210,1039,2,101033,1,1
1039211,1039,2,101034,0,1
1039212,1039,2,101034,1,1
1039213,1039,2,102030,0,1
1039214,1039,2,102030,1,1
1039215,1039,2,104015,0,1
1039216,1039,2,104045,0,3
1039217,1039,2,106010,0,1
1039218,1039,2,106020,0,1
1039219,1039,2,106020,1,1
1039220,1039,2,106030,0,1
1039221,1039,2,106050,0,1
1039222,1039,2,106050,1,1
1039223,1039,2,106110,0,1
1039224,1039,2,106120,0,1
1039225,1039,2,106120,1,1
1039226,1039,2,106130,0,1
1039227,1039,2,106140,0,1
1039228,1039,2,106150,0,1
1039229,1039,2,106210,0,1
1039230,1039,2,106220,0,1
1039231,1039,2,106220,1,2
1039232,1039,2,106230,0,1
1039233,1039,2,106250,0,1
1039234,1039,9,1,0,1
1039235,1039,9,2,0,1
1039236,1039,9,3,0,1
1039237,1039,9,4,0,1
1039238,1039,9,3,4,4
1039239,1039,9,5,0,2
1039240,1039,9,6,0,6
1039241,1039,9,6,1,1
1039242,1039,9,6,2,6
1039243,1039,9,7,0,2
1039244,1039,9,7,1,1
1039245,1039,9,7,2,5
1039246,1039,9,7,3,2
1039247,1039,9,7,4,1
1039248,1039,9,7,5,2
1039249,1039,9,7,6,2
1039250,1039,9,8,0,2
1039251,1039,9,9,0,1
1039252,1039,2,108010,0,1
1039253,1039,2,108020,0,1
1039254,1039,2,108030,0,1
1039255,1039,2,108040,0,1
1039256,1039,2,107011,0,1
1039257,1039,2,107012,0,1
1039258,1039,2,107013,0,1
1039259,1039,2,107021,0,1
1039260,1039,2,107022,0,1
1039261,1039,2,107023,0,1
1039262,1039,2,107031,0,1
1039263,1039,2,107032,0,1
1039264,1039,2,107033,0,1
1039265,1039,2,107041,0,1
1039266,1039,2,107042,0,1
1039267,1039,2,107043,0,1
1039268,1039,2,107051,0,1
1039269,1039,2,107052,0,1
1039270,1039,2,107053,0,1
1039271,1039,10,0,0,1
1039272,1039,2,107030,0,1
1039273,1039,2,107030,1,1
1039274,1039,2,107040,1,4
1039275,1039,10,1,0,1
1039276,1039,5,9,0,1
1039277,1039,11,0,0,1
1039278,1039,11,1,0,1
1039279,1039,11,2,0,1
1039280,1039,2,109010,0,1
1039281,1039,2,109020,0,1
1039282,1039,2,109030,0,3
1039283,1039,5,0,6,1
1039286,1039,1013,1,0,1
1039287,1039,1013,2,0,3
1039288,1039,1013,3,0,1
1039289,1039,1013,4,0,1
1039290,1039,1013,5,0,4
1039291,1039,1013,6,0,1
1039292,1039,1013,7,0,1
1039293,1039,1013,8,0,1
1039294,1039,1013,9,0,1
1039295,1039,1013,10,0,1
1039401,1039,1014,1,0,4
1039402,1039,1014,2,0,3
1039403,1039,1014,3,0,3
1039404,1039,1014,4,0,2
1039405,1039,1014,5,0,2
1039406,1039,1014,6,0,1
1039407,1039,1014,6,1,1
1039408,1039,1014,6,2,1
1039409,1039,1014,7,0,3
1039410,1039,1014,7,1,1
1039411,1039,1014,7,2,1
1039412,1039,1014,8,0,3
1039413,1039,1014,8,1,1
1039414,1039,1014,8,2,1
1039415,1039,1014,9,0,1
1039416,1039,1014,10,0,1
1039300,1039,5,0,0,5
1039301,1039,5,1,6,1
1039302,1039,5,1,7,2
1039303,1039,5,2,1,7
1039304,1039,5,0,1,1
1039305,1039,5,0,2,1
1039306,1039,5,0,3,1
1039307,1039,5,0,4,1
1039308,1039,0,2,0,2
1039309,1039,0,3,0,1
1039310,1039,0,4,0,1
1039311,1039,0,5,0,1
1039312,1039,0,6,0,0
1039313,1039,5,0,5,2
1039400,1039,5,1,8,1
1040001,1040,0,0,0,2
1040002,1040,1,0,0,6
1040003,1040,1,1,0,3
1040004,1040,1,2,0,5
1040005,1040,1,3,0,2
1040006,1040,1,4,0,3
1040007,1040,1,5,0,3
1040008,1040,4,0,0,2
1040009,1040,7,0,0,1
1040010,1040,8,0,0,1
1040011,1040,3,1,0,6
1040012,1040,6,0,1,5
1040100,1040,2,103010,0,5
1040101,1040,2,103020,0,7
1040102,1040,2,103030,0,2
1040103,1040,2,103050,0,2
1040104,1040,2,103040,0,4
1040105,1040,2,105010,0,1
1040106,1040,2,105020,0,2
1040107,1040,2,105030,0,3
1040200,1040,2,101045,1,5
1040201,1040,2,102040,1,5
1040202,1040,2,101014,0,3
1040203,1040,2,101042,0,2
1040204,1040,2,101012,0,2
1040205,1040,2,101031,0,1
1040206,1040,2,101031,1,1
1040207,1040,2,101032,0,1
1040208,1040,2,101032,1,1
1040209,1040,2,101033,0,1
1040210,1040,2,101033,1,1
1040211,1040,2,101034,0,1
1040212,1040,2,101034,1,1
1040213,1040,2,102030,0,1
1040214,1040,2,102030,1,1
1040215,1040,2,104015,0,2
1040216,1040,2,104045,0,2
1040217,1040,2,106010,0,2
1040218,1040,2,106020,0,2
1040219,1040,2,106020,1,2
1040220,1040,2,106030,0,1
1040221,1040,2,106050,0,2
1040222,1040,2,106050,1,2
1040223,1040,2,106110,0,2
1040224,1040,2,106120,0,2
1040225,1040,2,106120,1,2
1040226,1040,2,106130,0,2
1040227,1040,2,106140,0,2
1040228,1040,2,106150,0,2
1040229,1040,2,106210,0,2
1040230,1040,2,106220,0,2
1040231,1040,2,106220,1,1
1040232,1040,2,106230,0,2
1040233,1040,2,106250,0,1
1040234,1040,9,1,0,1
1040235,1040,9,2,0,2
1040236,1040,9,3,0,3
1040237,1040,9,4,0,2
1040238,1040,9,3,4,6
1040239,1040,9,5,0,5
1040240,1040,9,6,0,3
1040241,1040,9,6,1,3
1040242,1040,9,6,2,4
1040243,1040,9,7,0,4
1040244,1040,9,7,1,3
1040245,1040,9,7,2,3
1040246,1040,9,7,3,4
1040247,1040,9,7,4,5
1040248,1040,9,7,5,3
1040249,1040,9,7,6,4
1040250,1040,9,8,0,5
1040251,1040,9,9,0,2
1040252,1040,2,108010,0,3
1040253,1040,2,108020,0,3
1040254,1040,2,108030,0,3
1040255,1040,2,108040,0,2
1040256,1040,2,107011,0,2
1040257,1040,2,107012,0,2
1040258,1040,2,107013,0,2
1040259,1040,2,107021,0,2
1040260,1040,2,107022,0,2
1040261,1040,2,107023,0,2
1040262,1040,2,107031,0,2
1040263,1040,2,107032,0,2
1040264,1040,2,107033,0,2
1040265,1040,2,107041,0,2
1040266,1040,2,107042,0,2
1040267,1040,2,107043,0,2
1040268,1040,2,107051,0,2
1040269,1040,2,107052,0,2
1040270,1040,2,107053,0,2
1040271,1040,10,0,0,2
1040272,1040,2,107030,0,1
1040273,1040,2,107030,1,1
1040274,1040,2,107040,1,5
1040275,1040,10,1,0,3
1040276,1040,5,9,0,3
1040277,1040,11,0,0,2
1040278,1040,11,1,0,2
1040279,1040,11,2,0,2
1040280,1040,2,109010,0,2
1040281,1040,2,109020,0,2
1040282,1040,2,109030,0,2
1040283,1040,5,0,6,3
1040286,1040,1013,1,0,4
1040287,1040,1013,2,0,1
1040288,1040,1013,3,0,2
1040289,1040,1013,4,0,3
1040290,1040,1013,5,0,5
1040291,1040,1013,6,0,2
1040292,1040,1013,7,0,2
1040293,1040,1013,8,0,1
1040294,1040,1013,9,0,4
1040295,1040,1013,10,0,1
1040401,1040,1014,1,0,8
1040402,1040,1014,2,0,1
1040403,1040,1014,3,0,1
1040404,1040,1014,4,0,4
1040405,1040,1014,5,0,3
1040406,1040,1014,6,0,3
1040407,1040,1014,6,1,1
1040408,1040,1014,6,2,1
1040409,1040,1014,7,0,2
1040410,1040,1014,7,1,1
1040411,1040,1014,7,2,1
1040412,1040,1014,8,0,2
1040413,1040,1014,8,1,1
1040414,1040,1014,8,2,1
1040415,1040,1014,9,0,4
1040416,1040,1014,10,0,2
1040300,1040,5,0,0,7
1040301,1040,5,1,6,4
1040302,1040,5,1,7,6
1040303,1040,5,2,1,6
1040304,1040,5,0,1,3
1040305,1040,5,0,2,3
1040306,1040,5,0,3,1
1040307,1040,5,0,4,5
1040308,1040,0,2,0,2
1040309,1040,0,3,0,5
1040310,1040,0,4,0,2
1040311,1040,0,5,0,5
1040312,1040,0,6,0,0
1040313,1040,5,0,5,3
1040400,1040,5,1,8,2
1041001,1041,0,0,0,1
1041002,1041,1,0,0,2
1041003,1041,1,1,0,2
1041004,1041,1,2,0,2
1041005,1041,1,3,0,1
1041006,1041,1,4,0,2
1041007,1041,1,5,0,2
1041008,1041,4,0,0,1
1041009,1041,7,0,0,2
1041010,1041,8,0,0,1
1041011,1041,3,1,0,3
1041012,1041,6,0,1,3
1041100,1041,2,103010,0,4
1041101,1041,2,103020,0,2
1041102,1041,2,103030,0,4
1041103,1041,2,103050,0,5
1041104,1041,2,103040,0,5
1041105,1041,2,105010,0,3
1041106,1041,2,105020,0,1
1041107,1041,2,105030,0,2
1041200,1041,2,101045,1,1
1041201,1041,2,102040,1,1
1041202,1041,2,101014,0,1
1041203,1041,2,101042,0,1
1041204,1041,2,101012,0,1
1041205,1041,2,101031,0,1
1041206,1041,2,101031,1,1
1041207,1041,2,101032,0,1
1041208,1041,2,101032,1,1
1041209,1041,2,101033,0,1
1041210,1041,2,101033,1,1
1041211,1041,2,101034,0,1
1041212,1041,2,101034,1,1
1041213,1041,2,102030,0,1
1041214,1041,2,102030,1,1
1041215,1041,2,104015,0,1
1041216,1041,2,104045,0,3
1041217,1041,2,106010,0,1
1041218,1041,2,106020,0,1
1041219,1041,2,106020,1,1
1041220,1041,2,106030,0,1
1041221,1041,2,106050,0,1
1041222,1041,2,106050,1,1
1041223,1041,2,106110,0,1
1041224,1041,2,106120,0,1
1041225,1041,2,106120,1,1
1041226,1041,2,106130,0,1
1041227,1041,2,106140,0,1
1041228,1041,2,106150,0,1
1041229,1041,2,106210,0,1
1041230,1041,2,106220,0,1
1041231,1041,2,106220,1,1
1041232,1041,2,106230,0,1
1041233,1041,2,106250,0,1
1041234,1041,9,1,0,1
1041235,1041,9,2,0,1
1041236,1041,9,3,0,1
1041237,1041,9,4,0,1
1041238,1041,9,3,4,4
1041239,1041,9,5,0,1
1041240,1041,9,6,0,6
1041241,1041,9,6,1,3
1041242,1041,9,6,2,2
1041243,1041,9,7,0,2
1041244,1041,9,7,1,2
1041245,1041,9,7,2,1
1041246,1041,9,7,3,2
1041247,1041,9,7,4,1
1041248,1041,9,7,5,2
1041249,1041,9,7,6,2
1041250,1041,9,8,0,2
1041251,1041,9,9,0,1
1041252,1041,2,108010,0,1
1041253,1041,2,108020,0,1
1041254,1041,2,108030,0,1
1041255,1041,2,108040,0,1
1041256,1041,2,107011,0,1
1041257,1041,2,107012,0,1
1041258,1041,2,107013,0,1
1041259,1041,2,107021,0,1
1041260,1041,2,107022,0,1
1041261,1041,2,107023,0,1
1041262,1041,2,107031,0,1
1041263,1041,2,107032,0,1
1041264,1041,2,107033,0,1
1041265,1041,2,107041,0,1
1041266,1041,2,107042,0,1
1041267,1041,2,107043,0,1
1041268,1041,2,107051,0,1
1041269,1041,2,107052,0,1
1041270,1041,2,107053,0,1
1041271,1041,10,0,0,2
1041272,1041,2,107030,0,1
1041273,1041,2,107030,1,1
1041274,1041,2,107040,1,1
1041275,1041,10,1,0,1
1041276,1041,5,9,0,1
1041277,1041,11,0,0,1
1041278,1041,11,1,0,1
1041279,1041,11,2,0,1
1041280,1041,2,109010,0,1
1041281,1041,2,109020,0,1
1041282,1041,2,109030,0,3
1041283,1041,5,0,6,2
1041286,1041,1013,1,0,2
1041287,1041,1013,2,0,1
1041288,1041,1013,3,0,1
1041289,1041,1013,4,0,1
1041290,1041,1013,5,0,4
1041291,1041,1013,6,0,3
1041292,1041,1013,7,0,1
1041293,1041,1013,8,0,1
1041294,1041,1013,9,0,1
1041295,1041,1013,10,0,1
1041401,1041,1014,1,0,1
1041402,1041,1014,2,0,3
1041403,1041,1014,3,0,3
1041404,1041,1014,4,0,2
1041405,1041,1014,5,0,2
1041406,1041,1014,6,0,1
1041407,1041,1014,6,1,1
1041408,1041,1014,6,2,1
1041409,1041,1014,7,0,1
1041410,1041,1014,7,1,1
1041411,1041,1014,7,2,1
1041412,1041,1014,8,0,1
1041413,1041,1014,8,1,1
1041414,1041,1014,8,2,1
1041415,1041,1014,9,0,1
1041416,1041,1014,10,0,1
1041300,1041,5,0,0,4
1041301,1041,5,1,6,1
1041302,1041,5,1,7,5
1041303,1041,5,2,1,3
1041304,1041,5,0,1,1
1041305,1041,5,0,2,1
1041306,1041,5,0,3,1
1041307,1041,5,0,4,2
1041308,1041,0,2,0,1
1041309,1041,0,3,0,2
1041310,1041,0,4,0,2
1041311,1041,0,5,0,2
1041312,1041,0,6,0,1
1041313,1041,5,0,5,2
1041400,1041,5,1,8,1
1042001,1042,0,0,0,2
1042002,1042,1,0,0,5
1042003,1042,1,1,0,1
1042004,1042,1,2,0,5
1042005,1042,1,3,0,1
1042006,1042,1,4,0,1
1042007,1042,1,5,0,5
1042008,1042,4,0,0,2
1042009,1042,7,0,0,2
1042010,1042,8,0,0,1
1042011,1042,3,1,0,7
1042012,1042,6,0,1,4
1042100,1042,2,103010,0,5
1042101,1042,2,103020,0,4
1042102,1042,2,103030,0,5
1042103,1042,2,103050,0,2
1042104,1042,2,103040,0,4
1042105,1042,2,105010,0,2
1042106,1042,2,105020,0,2
1042107,1042,2,105030,0,3
1042200,1042,2,101045,1,5
1042201,1042,2,102040,1,5
1042202,1042,2,101014,0,1
1042203,1042,2,101042,0,1
1042204,1042,2,101012,0,1
1042205,1042,2,101031,0,2
1042206,1042,2,101031,1,2
1042207,1042,2,101032,0,2
1042208,1042,2,101032,1,2
1042209,1042,2,101033,0,2
1042210,1042,2,101033,1,2
1042211,1042,2,101034,0,2
1042212,1042,2,101034,1,2
1042213,1042,2,102030,0,2
1042214,1042,2,102030,1,2
1042215,1042,2,104015,0,1
1042216,1042,2,104045,0,1
1042217,1042,2,106010,0,1
1042218,1042,2,106020,0,1
1042219,1042,2,106020,1,2
1042220,1042,2,106030,0,1
1042221,1042,2,106050,0,2
1042222,1042,2,106050,1,2
1042223,1042,2,106110,0,1
1042224,1042,2,106120,0,1
1042225,1042,2,106120,1,2
1042226,1042,2,106130,0,1
1042227,1042,2,106140,0,1
1042228,1042,2,106150,0,1
1042229,1042,2,106210,0,1
1042230,1042,2,106220,0,1
1042231,1042,2,106220,1,1
1042232,1042,2,106230,0,1
1042233,1042,2,106250,0,1
1042234,1042,9,1,0,1
1042235,1042,9,2,0,1
1042236,1042,9,3,0,1
1042237,1042,9,4,0,2
1042238,1042,9,3,4,4
1042239,1042,9,5,0,1
1042240,1042,9,6,0,3
1042241,1042,9,6,1,3
1042242,1042,9,6,2,2
1042243,1042,9,7,0,2
1042244,1042,9,7,1,2
1042245,1042,9,7,2,2
1042246,1042,9,7,3,1
1042247,1042,9,7,4,2
1042248,1042,9,7,5,3
1042249,1042,9,7,6,2
1042250,1042,9,8,0,4
1042251,1042,9,9,0,1
1042252,1042,2,108010,0,4
1042253,1042,2,108020,0,3
1042254,1042,2,108030,0,1
1042255,1042,2,108040,0,4
1042256,1042,2,107011,0,1
1042257,1042,2,107012,0,1
1042258,1042,2,107013,0,1
1042259,1042,2,107021,0,1
1042260,1042,2,107022,0,1
1042261,1042,2,107023,0,1
1042262,1042,2,107031,0,1
1042263,1042,2,107032,0,1
1042264,1042,2,107033,0,1
1042265,1042,2,107041,0,1
1042266,1042,2,107042,0,1
1042267,1042,2,107043,0,1
1042268,1042,2,107051,0,1
1042269,1042,2,107052,0,1
1042270,1042,2,107053,0,1
1042271,1042,10,0,0,2
1042272,1042,2,107030,0,2
1042273,1042,2,107030,1,2
1042274,1042,2,107040,1,5
1042275,1042,10,1,0,1
1042276,1042,5,9,0,1
1042277,1042,11,0,0,1
1042278,1042,11,1,0,1
1042279,1042,11,2,0,1
1042280,1042,2,109010,0,2
1042281,1042,2,109020,0,2
1042282,1042,2,109030,0,1
1042283,1042,5,0,6,3
1042286,1042,1013,1,0,3
1042287,1042,1013,2,0,4
1042288,1042,1013,3,0,5
1042289,1042,1013,4,0,2
1042290,1042,1013,5,0,1
1042291,1042,1013,6,0,3
1042292,1042,1013,7,0,1
1042293,1042,1013,8,0,1
1042294,1042,1013,9,0,1
1042295,1042,1013,10,0,1
1042401,1042,1014,1,0,3
1042402,1042,1014,2,0,1
1042403,1042,1014,3,0,2
1042404,1042,1014,4,0,2
1042405,1042,1014,5,0,1
1042406,1042,1014,6,0,1
1042407,1042,1014,6,1,1
1042408,1042,1014,6,2,1
1042409,1042,1014,7,0,1
1042410,1042,1014,7,1,1
1042411,1042,1014,7,2,1
1042412,1042,1014,8,0,1
1042413,1042,1014,8,1,1
1042414,1042,1014,8,2,1
1042415,1042,1014,9,0,1
1042416,1042,1014,10,0,1
1042300,1042,5,0,0,4
1042301,1042,5,1,6,3
1042302,1042,5,1,7,4
1042303,1042,5,2,1,7
1042304,1042,5,0,1,3
1042305,1042,5,0,2,3
1042306,1042,5,0,3,1
1042307,1042,5,0,4,5
1042308,1042,0,2,0,2
1042309,1042,0,3,0,5
1042310,1042,0,4,0,2
1042311,1042,0,5,0,5
1042312,1042,0,6,0,0
1042313,1042,5,0,5,1
1042400,1042,5,1,8,1
1043001,1043,0,0,0,1
1043002,1043,1,0,0,2
1043003,1043,1,1,0,2
1043004,1043,1,2,0,2
1043005,1043,1,3,0,2
1043006,1043,1,4,0,2
1043007,1043,1,5,0,2
1043008,1043,4,0,0,1
1043009,1043,7,0,0,2
1043010,1043,8,0,0,1
1043011,1043,3,1,0,3
1043012,1043,6,0,1,3
1043100,1043,2,103010,0,2
1043101,1043,2,103020,0,2
1043102,1043,2,103030,0,5
1043103,1043,2,103050,0,5
1043104,1043,2,103040,0,3
1043105,1043,2,105010,0,3
1043106,1043,2,105020,0,1
1043107,1043,2,105030,0,2
1043200,1043,2,101045,1,2
1043201,1043,2,102040,1,2
1043202,1043,2,101014,0,1
1043203,1043,2,101042,0,1
1043204,1043,2,101012,0,1
1043205,1043,2,101031,0,1
1043206,1043,2,101031,1,1
1043207,1043,2,101032,0,1
1043208,1043,2,101032,1,1
1043209,1043,2,101033,0,1
1043210,1043,2,101033,1,1
1043211,1043,2,101034,0,1
1043212,1043,2,101034,1,1
1043213,1043,2,102030,0,1
1043214,1043,2,102030,1,1
1043215,1043,2,104015,0,1
1043216,1043,2,104045,0,3
1043217,1043,2,106010,0,1
1043218,1043,2,106020,0,1
1043219,1043,2,106020,1,1
1043220,1043,2,106030,0,1
1043221,1043,2,106050,0,1
1043222,1043,2,106050,1,1
1043223,1043,2,106110,0,1
1043224,1043,2,106120,0,1
1043225,1043,2,106120,1,1
1043226,1043,2,106130,0,1
1043227,1043,2,106140,0,1
1043228,1043,2,106150,0,1
1043229,1043,2,106210,0,1
1043230,1043,2,106220,0,1
1043231,1043,2,106220,1,1
1043232,1043,2,106230,0,1
1043233,1043,2,106250,0,1
1043234,1043,9,1,0,2
1043235,1043,9,2,0,1
1043236,1043,9,3,0,1
1043237,1043,9,4,0,1
1043238,1043,9,3,4,4
1043239,1043,9,5,0,1
1043240,1043,9,6,0,5
1043241,1043,9,6,1,3
1043242,1043,9,6,2,6
1043243,1043,9,7,0,2
1043244,1043,9,7,1,2
1043245,1043,9,7,2,5
1043246,1043,9,7,3,5
1043247,1043,9,7,4,1
1043248,1043,9,7,5,2
1043249,1043,9,7,6,1
1043250,1043,9,8,0,2
1043251,1043,9,9,0,1
1043252,1043,2,108010,0,1
1043253,1043,2,108020,0,1
1043254,1043,2,108030,0,1
1043255,1043,2,108040,0,1
1043256,1043,2,107011,0,1
1043257,1043,2,107012,0,1
1043258,1043,2,107013,0,1
1043259,1043,2,107021,0,1
1043260,1043,2,107022,0,1
1043261,1043,2,107023,0,1
1043262,1043,2,107031,0,1
1043263,1043,2,107032,0,1
1043264,1043,2,107033,0,1
1043265,1043,2,107041,0,1
1043266,1043,2,107042,0,1
1043267,1043,2,107043,0,1
1043268,1043,2,107051,0,1
1043269,1043,2,107052,0,1
1043270,1043,2,107053,0,1
1043271,1043,10,0,0,2
1043272,1043,2,107030,0,1
1043273,1043,2,107030,1,1
1043274,1043,2,107040,1,2
1043275,1043,10,1,0,1
1043276,1043,5,9,0,1
1043277,1043,11,0,0,1
1043278,1043,11,1,0,1
1043279,1043,11,2,0,1
1043280,1043,2,109010,0,1
1043281,1043,2,109020,0,1
1043282,1043,2,109030,0,3
1043283,1043,5,0,6,1
1043286,1043,1013,1,0,1
1043287,1043,1013,2,0,6
1043288,1043,1013,3,0,3
1043289,1043,1013,4,0,4
1043290,1043,1013,5,0,5
1043291,1043,1013,6,0,3
1043292,1043,1013,7,0,1
1043293,1043,1013,8,0,1
1043294,1043,1013,9,0,3
1043295,1043,1013,10,0,1
1043401,1043,1014,1,0,7
1043402,1043,1014,2,0,3
1043403,1043,1014,3,0,3
1043404,1043,1014,4,0,2
1043405,1043,1014,5,0,2
1043406,1043,1014,6,0,1
1043407,1043,1014,6,1,1
1043408,1043,1014,6,2,1
1043409,1043,1014,7,0,3
1043410,1043,1014,7,1,1
1043411,1043,1014,7,2,1
1043412,1043,1014,8,0,3
1043413,1043,1014,8,1,1
1043414,1043,1014,8,2,1
1043415,1043,1014,9,0,3
1043416,1043,1014,10,0,1
1043300,1043,5,0,0,2
1043301,1043,5,1,6,3
1043302,1043,5,1,7,2
1043303,1043,5,2,1,3
1043304,1043,5,0,1,3
1043305,1043,5,0,2,3
1043306,1043,5,0,3,1
1043307,1043,5,0,4,2
1043308,1043,0,2,0,1
1043309,1043,0,3,0,2
1043310,1043,0,4,0,2
1043311,1043,0,5,0,2
1043312,1043,0,6,0,1
1043313,1043,5,0,5,2
1043400,1043,5,1,8,1
1044001,1044,0,0,0,1
1044002,1044,1,0,0,2
1044003,1044,1,1,0,4
1044004,1044,1,2,0,2
1044005,1044,1,3,0,2
1044006,1044,1,4,0,4
1044007,1044,1,5,0,1
1044008,1044,4,0,0,2
1044009,1044,7,0,0,1
1044010,1044,8,0,0,1
1044011,1044,3,1,0,1
1044012,1044,6,0,1,1
1044100,1044,2,103010,0,1
1044101,1044,2,103020,0,3
1044102,1044,2,103030,0,1
1044103,1044,2,103050,0,1
1044104,1044,2,103040,0,3
1044105,1044,2,105010,0,3
1044106,1044,2,105020,0,3
1044107,1044,2,105030,0,2
1044200,1044,2,101045,1,4
1044201,1044,2,102040,1,4
1044202,1044,2,101014,0,1
1044203,1044,2,101042,0,1
1044204,1044,2,101012,0,1
1044205,1044,2,101031,0,3
1044206,1044,2,101031,1,3
1044207,1044,2,101032,0,3
1044208,1044,2,101032,1,3
1044209,1044,2,101033,0,3
1044210,1044,2,101033,1,3
1044211,1044,2,101034,0,3
1044212,1044,2,101034,1,3
1044213,1044,2,102030,0,3
1044214,1044,2,102030,1,3
1044215,1044,2,104015,0,1
1044216,1044,2,104045,0,1
1044217,1044,2,106010,0,1
1044218,1044,2,106020,0,1
1044219,1044,2,106020,1,1
1044220,1044,2,106030,0,1
1044221,1044,2,106050,0,1
1044222,1044,2,106050,1,1
1044223,1044,2,106110,0,1
1044224,1044,2,106120,0,1
1044225,1044,2,106120,1,1
1044226,1044,2,106130,0,3
1044227,1044,2,106140,0,1
1044228,1044,2,106150,0,1
1044229,1044,2,106210,0,1
1044230,1044,2,106220,0,1
1044231,1044,2,106220,1,1
1044232,1044,2,106230,0,1
1044233,1044,2,106250,0,1
1044234,1044,9,1,0,2
1044235,1044,9,2,0,1
1044236,1044,9,3,0,1
1044237,1044,9,4,0,3
1044238,1044,9,3,4,4
1044239,1044,9,5,0,2
1044240,1044,9,6,0,1
1044241,1044,9,6,1,3
1044242,1044,9,6,2,2
1044243,1044,9,7,0,2
1044244,1044,9,7,1,5
1044245,1044,9,7,2,1
1044246,1044,9,7,3,5
1044247,1044,9,7,4,1
1044248,1044,9,7,5,1
1044249,1044,9,7,6,1
1044250,1044,9,8,0,1
1044251,1044,9,9,0,1
1044252,1044,2,108010,0,1
1044253,1044,2,108020,0,1
1044254,1044,2,108030,0,1
1044255,1044,2,108040,0,1
1044256,1044,2,107011,0,1
1044257,1044,2,107012,0,1
1044258,1044,2,107013,0,1
1044259,1044,2,107021,0,1
1044260,1044,2,107022,0,1
1044261,1044,2,107023,0,1
1044262,1044,2,107031,0,1
1044263,1044,2,107032,0,1
1044264,1044,2,107033,0,1
1044265,1044,2,107041,0,2
1044266,1044,2,107042,0,2
1044267,1044,2,107043,0,2
1044268,1044,2,107051,0,1
1044269,1044,2,107052,0,1
1044270,1044,2,107053,0,1
1044271,1044,10,0,0,2
1044272,1044,2,107030,0,3
1044273,1044,2,107030,1,3
1044274,1044,2,107040,1,4
1044275,1044,10,1,0,1
1044276,1044,5,9,0,1
1044277,1044,11,0,0,1
1044278,1044,11,1,0,1
1044279,1044,11,2,0,1
1044280,1044,2,109010,0,1
1044281,1044,2,109020,0,1
1044282,1044,2,109030,0,1
1044283,1044,5,0,6,1
1044286,1044,1013,1,0,1
1044287,1044,1013,2,0,1
1044288,1044,1013,3,0,1
1044289,1044,1013,4,0,2
1044290,1044,1013,5,0,1
1044291,1044,1013,6,0,1
1044292,1044,1013,7,0,1
1044293,1044,1013,8,0,1
1044294,1044,1013,9,0,1
1044295,1044,1013,10,0,1
1044401,1044,1014,1,0,1
1044402,1044,1014,2,0,1
1044403,1044,1014,3,0,1
1044404,1044,1014,4,0,1
1044405,1044,1014,5,0,2
1044406,1044,1014,6,0,1
1044407,1044,1014,6,1,1
1044408,1044,1014,6,2,1
1044409,1044,1014,7,0,3
1044410,1044,1014,7,1,1
1044411,1044,1014,7,2,1
1044412,1044,1014,8,0,1
1044413,1044,1014,8,1,1
1044414,1044,1014,8,2,1
1044415,1044,1014,9,0,1
1044416,1044,1014,10,0,3
1044300,1044,5,0,0,3
1044301,1044,5,1,6,4
1044302,1044,5,1,7,5
1044303,1044,5,2,1,1
1044304,1044,5,0,1,1
1044305,1044,5,0,2,1
1044306,1044,5,0,3,1
1044307,1044,5,0,4,2
1044308,1044,0,2,0,1
1044309,1044,0,3,0,2
1044310,1044,0,4,0,2
1044311,1044,0,5,0,2
1044312,1044,0,6,0,1
1044313,1044,5,0,5,4
1044400,1044,5,1,8,1
1045001,1045,0,0,0,2
1045002,1045,1,0,0,3
1045003,1045,1,1,0,3
1045004,1045,1,2,0,3
1045005,1045,1,3,0,2
1045006,1045,1,4,0,3
1045007,1045,1,5,0,1
1045008,1045,4,0,0,1
1045009,1045,7,0,0,1
1045010,1045,8,0,0,1
1045011,1045,3,1,0,7
1045012,1045,6,0,1,6
1045100,1045,2,103010,0,3
1045101,1045,2,103020,0,3
1045102,1045,2,103030,0,3
1045103,1045,2,103050,0,2
1045104,1045,2,103040,0,2
1045105,1045,2,105010,0,2
1045106,1045,2,105020,0,2
1045107,1045,2,105030,0,1
1045200,1045,2,101045,1,3
1045201,1045,2,102040,1,3
1045202,1045,2,101014,0,2
1045203,1045,2,101042,0,3
1045204,1045,2,101012,0,2
1045205,1045,2,101031,0,2
1045206,1045,2,101031,1,2
1045207,1045,2,101032,0,2
1045208,1045,2,101032,1,2
1045209,1045,2,101033,0,2
1045210,1045,2,101033,1,2
1045211,1045,2,101034,0,2
1045212,1045,2,101034,1,2
1045213,1045,2,102030,0,2
1045214,1045,2,102030,1,2
1045215,1045,2,104015,0,2
1045216,1045,2,104045,0,1
1045217,1045,2,106010,0,2
1045218,1045,2,106020,0,1
1045219,1045,2,106020,1,1
1045220,1045,2,106030,0,1
1045221,1045,2,106050,0,2
1045222,1045,2,106050,1,2
1045223,1045,2,106110,0,1
1045224,1045,2,106120,0,1
1045225,1045,2,106120,1,2
1045226,1045,2,106130,0,1
1045227,1045,2,106140,0,1
1045228,1045,2,106150,0,1
1045229,1045,2,106210,0,1
1045230,1045,2,106220,0,1
1045231,1045,2,106220,1,2
1045232,1045,2,106230,0,2
1045233,1045,2,106250,0,1
1045234,1045,9,1,0,1
1045235,1045,9,2,0,1
1045236,1045,9,3,0,2
1045237,1045,9,4,0,3
1045238,1045,9,3,4,5
1045239,1045,9,5,0,4
1045240,1045,9,6,0,1
1045241,1045,9,6,1,1
1045242,1045,9,6,2,1
1045243,1045,9,7,0,3
1045244,1045,9,7,1,3
1045245,1045,9,7,2,3
1045246,1045,9,7,3,3
1045247,1045,9,7,4,3
1045248,1045,9,7,5,3
1045249,1045,9,7,6,3
1045250,1045,9,8,0,3
1045251,1045,9,9,0,1
1045252,1045,2,108010,0,2
1045253,1045,2,108020,0,2
1045254,1045,2,108030,0,2
1045255,1045,2,108040,0,2
1045256,1045,2,107011,0,2
1045257,1045,2,107012,0,2
1045258,1045,2,107013,0,2
1045259,1045,2,107021,0,2
1045260,1045,2,107022,0,2
1045261,1045,2,107023,0,2
1045262,1045,2,107031,0,2
1045263,1045,2,107032,0,2
1045264,1045,2,107033,0,2
1045265,1045,2,107041,0,2
1045266,1045,2,107042,0,2
1045267,1045,2,107043,0,2
1045268,1045,2,107051,0,2
1045269,1045,2,107052,0,2
1045270,1045,2,107053,0,2
1045271,1045,10,0,0,1
1045272,1045,2,107030,0,2
1045273,1045,2,107030,1,2
1045274,1045,2,107040,1,3
1045275,1045,10,1,0,2
1045276,1045,5,9,0,2
1045277,1045,11,0,0,1
1045278,1045,11,1,0,1
1045279,1045,11,2,0,2
1045280,1045,2,109010,0,2
1045281,1045,2,109020,0,1
1045282,1045,2,109030,0,2
1045283,1045,5,0,6,3
1045286,1045,1013,1,0,3
1045287,1045,1013,2,0,2
1045288,1045,1013,3,0,4
1045289,1045,1013,4,0,3
1045290,1045,1013,5,0,3
1045291,1045,1013,6,0,1
1045292,1045,1013,7,0,2
1045293,1045,1013,8,0,1
1045294,1045,1013,9,0,2
1045295,1045,1013,10,0,1
1045401,1045,1014,1,0,8
1045402,1045,1014,2,0,1
1045403,1045,1014,3,0,1
1045404,1045,1014,4,0,1
1045405,1045,1014,5,0,1
1045406,1045,1014,6,0,2
1045407,1045,1014,6,1,1
1045408,1045,1014,6,2,1
1045409,1045,1014,7,0,2
1045410,1045,1014,7,1,1
1045411,1045,1014,7,2,1
1045412,1045,1014,8,0,2
1045413,1045,1014,8,1,1
1045414,1045,1014,8,2,1
1045415,1045,1014,9,0,2
1045416,1045,1014,10,0,3
1045300,1045,5,0,0,3
1045301,1045,5,1,6,2
1045302,1045,5,1,7,7
1045303,1045,5,2,1,7
1045304,1045,5,0,1,1
1045305,1045,5,0,2,1
1045306,1045,5,0,3,1
1045307,1045,5,0,4,3
1045308,1045,0,2,0,2
1045309,1045,0,3,0,3
1045310,1045,0,4,0,3
1045311,1045,0,5,0,3
1045312,1045,0,6,0,0
1045313,1045,5,0,5,3
1045400,1045,5,1,8,2
1046001,1046,0,0,0,2
1046002,1046,1,0,0,4
1046003,1046,1,1,0,4
1046004,1046,1,2,0,1
1046005,1046,1,3,0,2
1046006,1046,1,4,0,4
1046007,1046,1,5,0,4
1046008,1046,4,0,0,2
1046009,1046,7,0,0,2
1046010,1046,8,0,0,1
1046011,1046,3,1,0,1
1046012,1046,6,0,1,2
1046100,1046,2,103010,0,1
1046101,1046,2,103020,0,5
1046102,1046,2,103030,0,1
1046103,1046,2,103050,0,1
1046104,1046,2,103040,0,1
1046105,1046,2,105010,0,3
1046106,1046,2,105020,0,3
1046107,1046,2,105030,0,2
1046200,1046,2,101045,1,1
1046201,1046,2,102040,1,1
1046202,1046,2,101014,0,2
1046203,1046,2,101042,0,2
1046204,1046,2,101012,0,1
1046205,1046,2,101031,0,2
1046206,1046,2,101031,1,2
1046207,1046,2,101032,0,2
1046208,1046,2,101032,1,2
1046209,1046,2,101033,0,2
1046210,1046,2,101033,1,2
1046211,1046,2,101034,0,2
1046212,1046,2,101034,1,2
1046213,1046,2,102030,0,2
1046214,1046,2,102030,1,2
1046215,1046,2,104015,0,1
1046216,1046,2,104045,0,1
1046217,1046,2,106010,0,1
1046218,1046,2,106020,0,1
1046219,1046,2,106020,1,1
1046220,1046,2,106030,0,1
1046221,1046,2,106050,0,1
1046222,1046,2,106050,1,1
1046223,1046,2,106110,0,1
1046224,1046,2,106120,0,1
1046225,1046,2,106120,1,1
1046226,1046,2,106130,0,3
1046227,1046,2,106140,0,1
1046228,1046,2,106150,0,1
1046229,1046,2,106210,0,1
1046230,1046,2,106220,0,1
1046231,1046,2,106220,1,2
1046232,1046,2,106230,0,1
1046233,1046,2,106250,0,1
1046234,1046,9,1,0,1
1046235,1046,9,2,0,1
1046236,1046,9,3,0,1
1046237,1046,9,4,0,1
1046238,1046,9,3,4,4
1046239,1046,9,5,0,2
1046240,1046,9,6,0,1
1046241,1046,9,6,1,1
1046242,1046,9,6,2,6
1046243,1046,9,7,0,1
1046244,1046,9,7,1,5
1046245,1046,9,7,2,2
1046246,1046,9,7,3,1
1046247,1046,9,7,4,3
1046248,1046,9,7,5,1
1046249,1046,9,7,6,1
1046250,1046,9,8,0,1
1046251,1046,9,9,0,1
1046252,1046,2,108010,0,1
1046253,1046,2,108020,0,1
1046254,1046,2,108030,0,1
1046255,1046,2,108040,0,1
1046256,1046,2,107011,0,1
1046257,1046,2,107012,0,1
1046258,1046,2,107013,0,1
1046259,1046,2,107021,0,1
1046260,1046,2,107022,0,1
1046261,1046,2,107023,0,1
1046262,1046,2,107031,0,1
1046263,1046,2,107032,0,1
1046264,1046,2,107033,0,1
1046265,1046,2,107041,0,2
1046266,1046,2,107042,0,2
1046267,1046,2,107043,0,1
1046268,1046,2,107051,0,1
1046269,1046,2,107052,0,1
1046270,1046,2,107053,0,1
1046271,1046,10,0,0,1
1046272,1046,2,107030,0,2
1046273,1046,2,107030,1,2
1046274,1046,2,107040,1,1
1046275,1046,10,1,0,1
1046276,1046,5,9,0,1
1046277,1046,11,0,0,1
1046278,1046,11,1,0,1
1046279,1046,11,2,0,1
1046280,1046,2,109010,0,1
1046281,1046,2,109020,0,1
1046282,1046,2,109030,0,1
1046283,1046,5,0,6,1
1046286,1046,1013,1,0,1
1046287,1046,1013,2,0,1
1046288,1046,1013,3,0,1
1046289,1046,1013,4,0,1
1046290,1046,1013,5,0,1
1046291,1046,1013,6,0,1
1046292,1046,1013,7,0,1
1046293,1046,1013,8,0,1
1046294,1046,1013,9,0,1
1046295,1046,1013,10,0,1
1046401,1046,1014,1,0,7
1046402,1046,1014,2,0,1
1046403,1046,1014,3,0,1
1046404,1046,1014,4,0,1
1046405,1046,1014,5,0,1
1046406,1046,1014,6,0,1
1046407,1046,1014,6,1,1
1046408,1046,1014,6,2,1
1046409,1046,1014,7,0,1
1046410,1046,1014,7,1,1
1046411,1046,1014,7,2,1
1046412,1046,1014,8,0,1
1046413,1046,1014,8,1,1
1046414,1046,1014,8,2,1
1046415,1046,1014,9,0,1
1046416,1046,1014,10,0,3
1046300,1046,5,0,0,5
1046301,1046,5,1,6,1
1046302,1046,5,1,7,4
1046303,1046,5,2,1,1
1046304,1046,5,0,1,2
1046305,1046,5,0,2,2
1046306,1046,5,0,3,1
1046307,1046,5,0,4,1
1046308,1046,0,2,0,2
1046309,1046,0,3,0,1
1046310,1046,0,4,0,1
1046311,1046,0,5,0,1
1046312,1046,0,6,0,0
1046313,1046,5,0,5,4
1046400,1046,5,1,8,2
1047001,1047,0,0,0,1
1047002,1047,1,0,0,3
1047003,1047,1,1,0,3
1047004,1047,1,2,0,3
1047005,1047,1,3,0,2
1047006,1047,1,4,0,3
1047007,1047,1,5,0,3
1047008,1047,4,0,0,1
1047009,1047,7,0,0,1
1047010,1047,8,0,0,1
1047011,1047,3,1,0,2
1047012,1047,6,0,1,6
1047100,1047,2,103010,0,6
1047101,1047,2,103020,0,6
1047102,1047,2,103030,0,3
1047103,1047,2,103050,0,4
1047104,1047,2,103040,0,2
1047105,1047,2,105010,0,2
1047106,1047,2,105020,0,2
1047107,1047,2,105030,0,1
1047200,1047,2,101045,1,6
1047201,1047,2,102040,1,6
1047202,1047,2,101014,0,2
1047203,1047,2,101042,0,3
1047204,1047,2,101012,0,2
1047205,1047,2,101031,0,2
1047206,1047,2,101031,1,2
1047207,1047,2,101032,0,2
1047208,1047,2,101032,1,2
1047209,1047,2,101033,0,2
1047210,1047,2,101033,1,2
1047211,1047,2,101034,0,2
1047212,1047,2,101034,1,2
1047213,1047,2,102030,0,2
1047214,1047,2,102030,1,2
1047215,1047,2,104015,0,2
1047216,1047,2,104045,0,1
1047217,1047,2,106010,0,2
1047218,1047,2,106020,0,2
1047219,1047,2,106020,1,1
1047220,1047,2,106030,0,1
1047221,1047,2,106050,0,1
1047222,1047,2,106050,1,1
1047223,1047,2,106110,0,1
1047224,1047,2,106120,0,2
1047225,1047,2,106120,1,2
1047226,1047,2,106130,0,3
1047227,1047,2,106140,0,2
1047228,1047,2,106150,0,2
1047229,1047,2,106210,0,2
1047230,1047,2,106220,0,2
1047231,1047,2,106220,1,2
1047232,1047,2,106230,0,2
1047233,1047,2,106250,0,2
1047234,1047,9,1,0,1
1047235,1047,9,2,0,1
1047236,1047,9,3,0,1
1047237,1047,9,4,0,3
1047238,1047,9,3,4,4
1047239,1047,9,5,0,4
1047240,1047,9,6,0,2
1047241,1047,9,6,1,2
1047242,1047,9,6,2,3
1047243,1047,9,7,0,3
1047244,1047,9,7,1,5
1047245,1047,9,7,2,3
1047246,1047,9,7,3,1
1047247,1047,9,7,4,4
1047248,1047,9,7,5,1
1047249,1047,9,7,6,3
1047250,1047,9,8,0,1
1047251,1047,9,9,0,1
1047252,1047,2,108010,0,2
1047253,1047,2,108020,0,2
1047254,1047,2,108030,0,2
1047255,1047,2,108040,0,2
1047256,1047,2,107011,0,2
1047257,1047,2,107012,0,2
1047258,1047,2,107013,0,2
1047259,1047,2,107021,0,2
1047260,1047,2,107022,0,2
1047261,1047,2,107023,0,2
1047262,1047,2,107031,0,2
1047263,1047,2,107032,0,2
1047264,1047,2,107033,0,2
1047265,1047,2,107041,0,2
1047266,1047,2,107042,0,2
1047267,1047,2,107043,0,2
1047268,1047,2,107051,0,2
1047269,1047,2,107052,0,2
1047270,1047,2,107053,0,2
1047271,1047,10,0,0,1
1047272,1047,2,107030,0,2
1047273,1047,2,107030,1,2
1047274,1047,2,107040,1,6
1047275,1047,10,1,0,2
1047276,1047,5,9,0,2
1047277,1047,11,0,0,1
1047278,1047,11,1,0,1
1047279,1047,11,2,0,2
1047280,1047,2,109010,0,2
1047281,1047,2,109020,0,3
1047282,1047,2,109030,0,2
1047283,1047,5,0,6,3
1047286,1047,1013,1,0,5
1047287,1047,1013,2,0,2
1047288,1047,1013,3,0,2
1047289,1047,1013,4,0,3
1047290,1047,1013,5,0,3
1047291,1047,1013,6,0,1
1047292,1047,1013,7,0,2
1047293,1047,1013,8,0,1
1047294,1047,1013,9,0,2
1047295,1047,1013,10,0,1
1047401,1047,1014,1,0,5
1047402,1047,1014,2,0,4
1047403,1047,1014,3,0,4
1047404,1047,1014,4,0,3
1047405,1047,1014,5,0,1
1047406,1047,1014,6,0,2
1047407,1047,1014,6,1,1
1047408,1047,1014,6,2,1
1047409,1047,1014,7,0,2
1047410,1047,1014,7,1,1
1047411,1047,1014,7,2,1
1047412,1047,1014,8,0,2
1047413,1047,1014,8,1,1
1047414,1047,1014,8,2,1
1047415,1047,1014,9,0,2
1047416,1047,1014,10,0,3
1047300,1047,5,0,0,6
1047301,1047,5,1,6,5
1047302,1047,5,1,7,7
1047303,1047,5,2,1,2
1047304,1047,5,0,1,2
1047305,1047,5,0,2,2
1047306,1047,5,0,3,1
1047307,1047,5,0,4,3
1047308,1047,0,2,0,1
1047309,1047,0,3,0,3
1047310,1047,0,4,0,3
1047311,1047,0,5,0,3
1047312,1047,0,6,0,0
1047313,1047,5,0,5,3
1047400,1047,5,1,8,1
1048001,1048,0,0,0,1
1048002,1048,1,0,0,4
1048003,1048,1,1,0,1
1048004,1048,1,2,0,1
1048005,1048,1,3,0,2
1048006,1048,1,4,0,1
1048007,1048,1,5,0,1
1048008,1048,4,0,0,2
1048009,1048,7,0,0,2
1048010,1048,8,0,0,1
1048011,1048,3,1,0,3
1048012,1048,6,0,1,4
1048100,1048,2,103010,0,3
1048101,1048,2,103020,0,5
1048102,1048,2,103030,0,4
1048103,1048,2,103050,0,6
1048104,1048,2,103040,0,1
1048105,1048,2,105010,0,2
1048106,1048,2,105020,0,1
1048107,1048,2,105030,0,2
1048200,1048,2,101045,1,1
1048201,1048,2,102040,1,1
1048202,1048,2,101014,0,1
1048203,1048,2,101042,0,1
1048204,1048,2,101012,0,1
1048205,1048,2,101031,0,1
1048206,1048,2,101031,1,1
1048207,1048,2,101032,0,1
1048208,1048,2,101032,1,1
1048209,1048,2,101033,0,1
1048210,1048,2,101033,1,1
1048211,1048,2,101034,0,1
1048212,1048,2,101034,1,1
1048213,1048,2,102030,0,1
1048214,1048,2,102030,1,1
1048215,1048,2,104015,0,1
1048216,1048,2,104045,0,1
1048217,1048,2,106010,0,1
1048218,1048,2,106020,0,1
1048219,1048,2,106020,1,1
1048220,1048,2,106030,0,1
1048221,1048,2,106050,0,1
1048222,1048,2,106050,1,1
1048223,1048,2,106110,0,1
1048224,1048,2,106120,0,1
1048225,1048,2,106120,1,1
1048226,1048,2,106130,0,1
1048227,1048,2,106140,0,1
1048228,1048,2,106150,0,1
1048229,1048,2,106210,0,1
1048230,1048,2,106220,0,1
1048231,1048,2,106220,1,2
1048232,1048,2,106230,0,1
1048233,1048,2,106250,0,1
1048234,1048,9,1,0,3
1048235,1048,9,2,0,1
1048236,1048,9,3,0,1
1048237,1048,9,4,0,1
1048238,1048,9,3,4,4
1048239,1048,9,5,0,3
1048240,1048,9,6,0,1
1048241,1048,9,6,1,3
1048242,1048,9,6,2,2
1048243,1048,9,7,0,2
1048244,1048,9,7,1,1
1048245,1048,9,7,2,2
1048246,1048,9,7,3,5
1048247,1048,9,7,4,2
1048248,1048,9,7,5,2
1048249,1048,9,7,6,1
1048250,1048,9,8,0,2
1048251,1048,9,9,0,1
1048252,1048,2,108010,0,1
1048253,1048,2,108020,0,1
1048254,1048,2,108030,0,1
1048255,1048,2,108040,0,1
1048256,1048,2,107011,0,1
1048257,1048,2,107012,0,1
1048258,1048,2,107013,0,1
1048259,1048,2,107021,0,1
1048260,1048,2,107022,0,1
1048261,1048,2,107023,0,1
1048262,1048,2,107031,0,1
1048263,1048,2,107032,0,1
1048264,1048,2,107033,0,1
1048265,1048,2,107041,0,1
1048266,1048,2,107042,0,1
1048267,1048,2,107043,0,1
1048268,1048,2,107051,0,1
1048269,1048,2,107052,0,1
1048270,1048,2,107053,0,1
1048271,1048,10,0,0,1
1048272,1048,2,107030,0,1
1048273,1048,2,107030,1,1
1048274,1048,2,107040,1,1
1048275,1048,10,1,0,1
1048276,1048,5,9,0,1
1048277,1048,11,0,0,1
1048278,1048,11,1,0,1
1048279,1048,11,2,0,1
1048280,1048,2,109010,0,1
1048281,1048,2,109020,0,1
1048282,1048,2,109030,0,1
1048283,1048,5,0,6,1
1048286,1048,1013,1,0,2
1048287,1048,1013,2,0,3
1048288,1048,1013,3,0,3
1048289,1048,1013,4,0,4
1048290,1048,1013,5,0,4
1048291,1048,1013,6,0,3
1048292,1048,1013,7,0,1
1048293,1048,1013,8,0,1
1048294,1048,1013,9,0,3
1048295,1048,1013,10,0,1
1048401,1048,1014,1,0,1
1048402,1048,1014,2,0,1
1048403,1048,1014,3,0,3
1048404,1048,1014,4,0,1
1048405,1048,1014,5,0,2
1048406,1048,1014,6,0,1
1048407,1048,1014,6,1,1
1048408,1048,1014,6,2,1
1048409,1048,1014,7,0,3
1048410,1048,1014,7,1,1
1048411,1048,1014,7,2,1
1048412,1048,1014,8,0,3
1048413,1048,1014,8,1,1
1048414,1048,1014,8,2,1
1048415,1048,1014,9,0,3
1048416,1048,1014,10,0,1
1048300,1048,5,0,0,5
1048301,1048,5,1,6,3
1048302,1048,5,1,7,4
1048303,1048,5,2,1,3
1048304,1048,5,0,1,2
1048305,1048,5,0,2,2
1048306,1048,5,0,3,1
1048307,1048,5,0,4,1
1048308,1048,0,2,0,1
1048309,1048,0,3,0,1
1048310,1048,0,4,0,1
1048311,1048,0,5,0,1
1048312,1048,0,6,0,0
1048313,1048,5,0,5,1
1048400,1048,5,1,8,1
1049001,1049,0,0,0,1
1049002,1049,1,0,0,5
1049003,1049,1,1,0,2
1049004,1049,1,2,0,5
1049005,1049,1,3,0,1
1049006,1049,1,4,0,2
1049007,1049,1,5,0,5
1049008,1049,4,0,0,1
1049009,1049,7,0,0,2
1049010,1049,8,0,0,1
1049011,1049,3,1,0,6
1049012,1049,6,0,1,5
1049100,1049,2,103010,0,5
1049101,1049,2,103020,0,7
1049102,1049,2,103030,0,5
1049103,1049,2,103050,0,3
1049104,1049,2,103040,0,4
1049105,1049,2,105010,0,1
1049106,1049,2,105020,0,2
1049107,1049,2,105030,0,3
1049200,1049,2,101045,1,2
1049201,1049,2,102040,1,2
1049202,1049,2,101014,0,3
1049203,1049,2,101042,0,3
1049204,1049,2,101012,0,2
1049205,1049,2,101031,0,2
1049206,1049,2,101031,1,2
1049207,1049,2,101032,0,2
1049208,1049,2,101032,1,2
1049209,1049,2,101033,0,2
1049210,1049,2,101033,1,2
1049211,1049,2,101034,0,2
1049212,1049,2,101034,1,2
1049213,1049,2,102030,0,2
1049214,1049,2,102030,1,2
1049215,1049,2,104015,0,2
1049216,1049,2,104045,0,2
1049217,1049,2,106010,0,2
1049218,1049,2,106020,0,2
1049219,1049,2,106020,1,2
1049220,1049,2,106030,0,2
1049221,1049,2,106050,0,2
1049222,1049,2,106050,1,2
1049223,1049,2,106110,0,2
1049224,1049,2,106120,0,2
1049225,1049,2,106120,1,1
1049226,1049,2,106130,0,2
1049227,1049,2,106140,0,2
1049228,1049,2,106150,0,2
1049229,1049,2,106210,0,2
1049230,1049,2,106220,0,2
1049231,1049,2,106220,1,1
1049232,1049,2,106230,0,2
1049233,1049,2,106250,0,2
1049234,1049,9,1,0,1
1049235,1049,9,2,0,2
1049236,1049,9,3,0,3
1049237,1049,9,4,0,2
1049238,1049,9,3,4,3
1049239,1049,9,5,0,5
1049240,1049,9,6,0,3
1049241,1049,9,6,1,3
1049242,1049,9,6,2,4
1049243,1049,9,7,0,4
1049244,1049,9,7,1,4
1049245,1049,9,7,2,5
1049246,1049,9,7,3,4
1049247,1049,9,7,4,5
1049248,1049,9,7,5,4
1049249,1049,9,7,6,4
1049250,1049,9,8,0,4
1049251,1049,9,9,0,2
1049252,1049,2,108010,0,3
1049253,1049,2,108020,0,3
1049254,1049,2,108030,0,3
1049255,1049,2,108040,0,3
1049256,1049,2,107011,0,2
1049257,1049,2,107012,0,2
1049258,1049,2,107013,0,2
1049259,1049,2,107021,0,2
1049260,1049,2,107022,0,2
1049261,1049,2,107023,0,2
1049262,1049,2,107031,0,2
1049263,1049,2,107032,0,2
1049264,1049,2,107033,0,2
1049265,1049,2,107041,0,2
1049266,1049,2,107042,0,2
1049267,1049,2,107043,0,2
1049268,1049,2,107051,0,2
1049269,1049,2,107052,0,2
1049270,1049,2,107053,0,2
1049271,1049,10,0,0,2
1049272,1049,2,107030,0,2
1049273,1049,2,107030,1,2
1049274,1049,2,107040,1,2
1049275,1049,10,1,0,3
1049276,1049,5,9,0,3
1049277,1049,11,0,0,2
1049278,1049,11,1,0,2
1049279,1049,11,2,0,3
1049280,1049,2,109010,0,2
1049281,1049,2,109020,0,3
1049282,1049,2,109030,0,4
1049283,1049,5,0,6,2
1049286,1049,1013,1,0,4
1049287,1049,1013,2,0,4
1049288,1049,1013,3,0,3
1049289,1049,1013,4,0,4
1049290,1049,1013,5,0,2
1049291,1049,1013,6,0,3
1049292,1049,1013,7,0,3
1049293,1049,1013,8,0,1
1049294,1049,1013,9,0,3
1049295,1049,1013,10,0,1
1049401,1049,1014,1,0,6
1049402,1049,1014,2,0,1
1049403,1049,1014,3,0,3
1049404,1049,1014,4,0,4
1049405,1049,1014,5,0,3
1049406,1049,1014,6,0,3
1049407,1049,1014,6,1,1
1049408,1049,1014,6,2,1
1049409,1049,1014,7,0,4
1049410,1049,1014,7,1,1
1049411,1049,1014,7,2,1
1049412,1049,1014,8,0,3
1049413,1049,1014,8,1,1
1049414,1049,1014,8,2,1
1049415,1049,1014,9,0,3
1049416,1049,1014,10,0,2
1049300,1049,5,0,0,2
1049301,1049,5,1,6,4
1049302,1049,5,1,7,3
1049303,1049,5,2,1,6
1049304,1049,5,0,1,3
1049305,1049,5,0,2,3
1049306,1049,5,0,3,1
1049307,1049,5,0,4,5
1049308,1049,0,2,0,1
1049309,1049,0,3,0,5
1049310,1049,0,4,0,2
1049311,1049,0,5,0,5
1049312,1049,0,6,0,0
1049313,1049,5,0,5,2
1049400,1049,5,1,8,2
1050001,1050,0,0,0,5
1050002,1050,1,0,0,5
1050003,1050,1,1,0,3
1050004,1050,1,2,0,5
1050005,1050,1,3,0,4
1050006,1050,1,4,0,3
1050007,1050,1,5,0,5
1050008,1050,4,0,0,2
1050009,1050,7,0,0,1
1050010,1050,8,0,0,1
1050011,1050,3,1,0,4
1050012,1050,6,0,1,3
1050100,1050,2,103010,0,5
1050101,1050,2,103020,0,6
1050102,1050,2,103030,0,5
1050103,1050,2,103050,0,1
1050104,1050,2,103040,0,6
1050105,1050,2,105010,0,1
1050106,1050,2,105020,0,2
1050107,1050,2,105030,0,1
1050200,1050,2,101045,1,5
1050201,1050,2,102040,1,5
1050202,1050,2,101014,0,3
1050203,1050,2,101042,0,3
1050204,1050,2,101012,0,2
1050205,1050,2,101031,0,1
1050206,1050,2,101031,1,1
1050207,1050,2,101032,0,1
1050208,1050,2,101032,1,1
1050209,1050,2,101033,0,1
1050210,1050,2,101033,1,1
1050211,1050,2,101034,0,1
1050212,1050,2,101034,1,1
1050213,1050,2,102030,0,1
1050214,1050,2,102030,1,1
1050215,1050,2,104015,0,1
1050216,1050,2,104045,0,2
1050217,1050,2,106010,0,2
1050218,1050,2,106020,0,2
1050219,1050,2,106020,1,2
1050220,1050,2,106030,0,2
1050221,1050,2,106050,0,2
1050222,1050,2,106050,1,2
1050223,1050,2,106110,0,2
1050224,1050,2,106120,0,2
1050225,1050,2,106120,1,2
1050226,1050,2,106130,0,2
1050227,1050,2,106140,0,2
1050228,1050,2,106150,0,2
1050229,1050,2,106210,0,2
1050230,1050,2,106220,0,2
1050231,1050,2,106220,1,1
1050232,1050,2,106230,0,2
1050233,1050,2,106250,0,2
1050234,1050,9,1,0,1
1050235,1050,9,2,0,2
1050236,1050,9,3,0,3
1050237,1050,9,4,0,2
1050238,1050,9,3,4,6
1050239,1050,9,5,0,5
1050240,1050,9,6,0,4
1050241,1050,9,6,1,4
1050242,1050,9,6,2,4
1050243,1050,9,7,0,3
1050244,1050,9,7,1,4
1050245,1050,9,7,2,5
1050246,1050,9,7,3,4
1050247,1050,9,7,4,5
1050248,1050,9,7,5,4
1050249,1050,9,7,6,4
1050250,1050,9,8,0,5
1050251,1050,9,9,0,2
1050252,1050,2,108010,0,3
1050253,1050,2,108020,0,3
1050254,1050,2,108030,0,3
1050255,1050,2,108040,0,3
1050256,1050,2,107011,0,2
1050257,1050,2,107012,0,2
1050258,1050,2,107013,0,2
1050259,1050,2,107021,0,2
1050260,1050,2,107022,0,2
1050261,1050,2,107023,0,2
1050262,1050,2,107031,0,2
1050263,1050,2,107032,0,2
1050264,1050,2,107033,0,2
1050265,1050,2,107041,0,2
1050266,1050,2,107042,0,2
1050267,1050,2,107043,0,2
1050268,1050,2,107051,0,2
1050269,1050,2,107052,0,2
1050270,1050,2,107053,0,2
1050271,1050,10,0,0,2
1050272,1050,2,107030,0,1
1050273,1050,2,107030,1,1
1050274,1050,2,107040,1,5
1050275,1050,10,1,0,3
1050276,1050,5,9,0,3
1050277,1050,11,0,0,2
1050278,1050,11,1,0,2
1050279,1050,11,2,0,2
1050280,1050,2,109010,0,3
1050281,1050,2,109020,0,3
1050282,1050,2,109030,0,4
1050283,1050,5,0,6,2
1050286,1050,1013,1,0,4
1050287,1050,1013,2,0,4
1050288,1050,1013,3,0,4
1050289,1050,1013,4,0,5
1050290,1050,1013,5,0,2
1050291,1050,1013,6,0,3
1050292,1050,1013,7,0,3
1050293,1050,1013,8,0,1
1050294,1050,1013,9,0,3
1050295,1050,1013,10,0,1
1050401,1050,1014,1,0,2
1050402,1050,1014,2,0,1
1050403,1050,1014,3,0,1
1050404,1050,1014,4,0,4
1050405,1050,1014,5,0,3
1050406,1050,1014,6,0,3
1050407,1050,1014,6,1,1
1050408,1050,1014,6,2,1
1050409,1050,1014,7,0,2
1050410,1050,1014,7,1,1
1050411,1050,1014,7,2,1
1050412,1050,1014,8,0,2
1050413,1050,1014,8,1,1
1050414,1050,1014,8,2,1
1050415,1050,1014,9,0,4
1050416,1050,1014,10,0,2
1050300,1050,5,0,0,6
1050301,1050,5,1,6,4
1050302,1050,5,1,7,3
1050303,1050,5,2,1,4
1050304,1050,5,0,1,3
1050305,1050,5,0,2,3
1050306,1050,5,0,3,1
1050307,1050,5,0,4,5
1050308,1050,0,2,0,5
1050309,1050,0,3,0,5
1050310,1050,0,4,0,2
1050311,1050,0,5,0,5
1050312,1050,0,6,0,0
1050313,1050,5,0,5,3
1050400,1050,5,1,8,2
1051001,1051,0,0,0,2
1051002,1051,1,0,0,3
1051003,1051,1,1,0,3
1051004,1051,1,2,0,3
1051005,1051,1,3,0,2
1051006,1051,1,4,0,3
1051007,1051,1,5,0,3
1051008,1051,4,0,0,1
1051009,1051,7,0,0,2
1051010,1051,8,0,0,1
1051011,1051,3,1,0,1
1051012,1051,6,0,1,2
1051100,1051,2,103010,0,3
1051101,1051,2,103020,0,3
1051102,1051,2,103030,0,1
1051103,1051,2,103050,0,4
1051104,1051,2,103040,0,2
1051105,1051,2,105010,0,2
1051106,1051,2,105020,0,3
1051107,1051,2,105030,0,1
1051200,1051,2,101045,1,3
1051201,1051,2,102040,1,3
1051202,1051,2,101014,0,2
1051203,1051,2,101042,0,3
1051204,1051,2,101012,0,2
1051205,1051,2,101031,0,1
1051206,1051,2,101031,1,1
1051207,1051,2,101032,0,1
1051208,1051,2,101032,1,1
1051209,1051,2,101033,0,1
1051210,1051,2,101033,1,1
1051211,1051,2,101034,0,1
1051212,1051,2,101034,1,1
1051213,1051,2,102030,0,1
1051214,1051,2,102030,1,1
1051215,1051,2,104015,0,2
1051216,1051,2,104045,0,1
1051217,1051,2,106010,0,1
1051218,1051,2,106020,0,1
1051219,1051,2,106020,1,1
1051220,1051,2,106030,0,1
1051221,1051,2,106050,0,2
1051222,1051,2,106050,1,2
1051223,1051,2,106110,0,1
1051224,1051,2,106120,0,1
1051225,1051,2,106120,1,2
1051226,1051,2,106130,0,3
1051227,1051,2,106140,0,1
1051228,1051,2,106150,0,1
1051229,1051,2,106210,0,1
1051230,1051,2,106220,0,1
1051231,1051,2,106220,1,2
1051232,1051,2,106230,0,1
1051233,1051,2,106250,0,1
1051234,1051,9,1,0,1
1051235,1051,9,2,0,1
1051236,1051,9,3,0,2
1051237,1051,9,4,0,3
1051238,1051,9,3,4,5
1051239,1051,9,5,0,1
1051240,1051,9,6,0,2
1051241,1051,9,6,1,2
1051242,1051,9,6,2,3
1051243,1051,9,7,0,1
1051244,1051,9,7,1,1
1051245,1051,9,7,2,3
1051246,1051,9,7,3,1
1051247,1051,9,7,4,1
1051248,1051,9,7,5,1
1051249,1051,9,7,6,1
1051250,1051,9,8,0,1
1051251,1051,9,9,0,1
1051252,1051,2,108010,0,2
1051253,1051,2,108020,0,2
1051254,1051,2,108030,0,2
1051255,1051,2,108040,0,2
1051256,1051,2,107011,0,1
1051257,1051,2,107012,0,1
1051258,1051,2,107013,0,1
1051259,1051,2,107021,0,1
1051260,1051,2,107022,0,1
1051261,1051,2,107023,0,1
1051262,1051,2,107031,0,1
1051263,1051,2,107032,0,1
1051264,1051,2,107033,0,1
1051265,1051,2,107041,0,2
1051266,1051,2,107042,0,2
1051267,1051,2,107043,0,2
1051268,1051,2,107051,0,1
1051269,1051,2,107052,0,1
1051270,1051,2,107053,0,1
1051271,1051,10,0,0,1
1051272,1051,2,107030,0,1
1051273,1051,2,107030,1,1
1051274,1051,2,107040,1,3
1051275,1051,10,1,0,1
1051276,1051,5,9,0,1
1051277,1051,11,0,0,1
1051278,1051,11,1,0,1
1051279,1051,11,2,0,1
1051280,1051,2,109010,0,1
1051281,1051,2,109020,0,1
1051282,1051,2,109030,0,1
1051283,1051,5,0,6,1
1051286,1051,1013,1,0,5
1051287,1051,1013,2,0,1
1051288,1051,1013,3,0,2
1051289,1051,1013,4,0,3
1051290,1051,1013,5,0,3
1051291,1051,1013,6,0,1
1051292,1051,1013,7,0,2
1051293,1051,1013,8,0,1
1051294,1051,1013,9,0,2
1051295,1051,1013,10,0,1
1051401,1051,1014,1,0,7
1051402,1051,1014,2,0,1
1051403,1051,1014,3,0,1
1051404,1051,1014,4,0,1
1051405,1051,1014,5,0,2
1051406,1051,1014,6,0,2
1051407,1051,1014,6,1,1
1051408,1051,1014,6,2,1
1051409,1051,1014,7,0,1
1051410,1051,1014,7,1,1
1051411,1051,1014,7,2,1
1051412,1051,1014,8,0,2
1051413,1051,1014,8,1,1
1051414,1051,1014,8,2,1
1051415,1051,1014,9,0,2
1051416,1051,1014,10,0,3
1051300,1051,5,0,0,3
1051301,1051,5,1,6,2
1051302,1051,5,1,7,7
1051303,1051,5,2,1,1
1051304,1051,5,0,1,1
1051305,1051,5,0,2,1
1051306,1051,5,0,3,1
1051307,1051,5,0,4,3
1051308,1051,0,2,0,2
1051309,1051,0,3,0,3
1051310,1051,0,4,0,3
1051311,1051,0,5,0,3
1051312,1051,0,6,0,0
1051313,1051,5,0,5,3
1051400,1051,5,1,8,1
1052001,1052,0,0,0,3
1052002,1052,1,0,0,4
1052003,1052,1,1,0,4
1052004,1052,1,2,0,1
1052005,1052,1,3,0,5
1052006,1052,1,4,0,4
1052007,1052,1,5,0,4
1052008,1052,4,0,0,2
1052009,1052,7,0,0,2
1052010,1052,8,0,0,1
1052011,1052,3,1,0,1
1052012,1052,6,0,1,1
1052100,1052,2,103010,0,4
1052101,1052,2,103020,0,3
1052102,1052,2,103030,0,4
1052103,1052,2,103050,0,5
1052104,1052,2,103040,0,5
1052105,1052,2,105010,0,3
1052106,1052,2,105020,0,1
1052107,1052,2,105030,0,2
1052200,1052,2,101045,1,4
1052201,1052,2,102040,1,4
1052202,1052,2,101014,0,1
1052203,1052,2,101042,0,2
1052204,1052,2,101012,0,1
1052205,1052,2,101031,0,2
1052206,1052,2,101031,1,2
1052207,1052,2,101032,0,2
1052208,1052,2,101032,1,2
1052209,1052,2,101033,0,2
1052210,1052,2,101033,1,2
1052211,1052,2,101034,0,2
1052212,1052,2,101034,1,2
1052213,1052,2,102030,0,2
1052214,1052,2,102030,1,2
1052215,1052,2,104015,0,1
1052216,1052,2,104045,0,3
1052217,1052,2,106010,0,1
1052218,1052,2,106020,0,1
1052219,1052,2,106020,1,1
1052220,1052,2,106030,0,1
1052221,1052,2,106050,0,1
1052222,1052,2,106050,1,1
1052223,1052,2,106110,0,1
1052224,1052,2,106120,0,1
1052225,1052,2,106120,1,1
1052226,1052,2,106130,0,1
1052227,1052,2,106140,0,1
1052228,1052,2,106150,0,1
1052229,1052,2,106210,0,1
1052230,1052,2,106220,0,1
1052231,1052,2,106220,1,2
1052232,1052,2,106230,0,1
1052233,1052,2,106250,0,1
1052234,1052,9,1,0,2
1052235,1052,9,2,0,1
1052236,1052,9,3,0,1
1052237,1052,9,4,0,1
1052238,1052,9,3,4,4
1052239,1052,9,5,0,2
1052240,1052,9,6,0,6
1052241,1052,9,6,1,1
1052242,1052,9,6,2,6
1052243,1052,9,7,0,1
1052244,1052,9,7,1,5
1052245,1052,9,7,2,1
1052246,1052,9,7,3,2
1052247,1052,9,7,4,1
1052248,1052,9,7,5,2
1052249,1052,9,7,6,1
1052250,1052,9,8,0,1
1052251,1052,9,9,0,1
1052252,1052,2,108010,0,1
1052253,1052,2,108020,0,1
1052254,1052,2,108030,0,1
1052255,1052,2,108040,0,1
1052256,1052,2,107011,0,1
1052257,1052,2,107012,0,1
1052258,1052,2,107013,0,1
1052259,1052,2,107021,0,1
1052260,1052,2,107022,0,1
1052261,1052,2,107023,0,1
1052262,1052,2,107031,0,1
1052263,1052,2,107032,0,1
1052264,1052,2,107033,0,1
1052265,1052,2,107041,0,1
1052266,1052,2,107042,0,1
1052267,1052,2,107043,0,1
1052268,1052,2,107051,0,1
1052269,1052,2,107052,0,1
1052270,1052,2,107053,0,1
1052271,1052,10,0,0,1
1052272,1052,2,107030,0,2
1052273,1052,2,107030,1,2
1052274,1052,2,107040,1,4
1052275,1052,10,1,0,1
1052276,1052,5,9,0,1
1052277,1052,11,0,0,1
1052278,1052,11,1,0,1
1052279,1052,11,2,0,1
1052280,1052,2,109010,0,1
1052281,1052,2,109020,0,1
1052282,1052,2,109030,0,3
1052283,1052,5,0,6,1
1052286,1052,1013,1,0,1
1052287,1052,1013,2,0,6
1052288,1052,1013,3,0,1
1052289,1052,1013,4,0,1
1052290,1052,1013,5,0,1
1052291,1052,1013,6,0,1
1052292,1052,1013,7,0,1
1052293,1052,1013,8,0,1
1052294,1052,1013,9,0,1
1052295,1052,1013,10,0,1
1052401,1052,1014,1,0,4
1052402,1052,1014,2,0,4
1052403,1052,1014,3,0,4
1052404,1052,1014,4,0,1
1052405,1052,1014,5,0,2
1052406,1052,1014,6,0,1
1052407,1052,1014,6,1,1
1052408,1052,1014,6,2,1
1052409,1052,1014,7,0,3
1052410,1052,1014,7,1,1
1052411,1052,1014,7,2,1
1052412,1052,1014,8,0,1
1052413,1052,1014,8,1,1
1052414,1052,1014,8,2,1
1052415,1052,1014,9,0,1
1052416,1052,1014,10,0,1
1052300,1052,5,0,0,3
1052301,1052,5,1,6,1
1052302,1052,5,1,7,5
1052303,1052,5,2,1,1
1052304,1052,5,0,1,1
1052305,1052,5,0,2,1
1052306,1052,5,0,3,1
1052307,1052,5,0,4,1
1052308,1052,0,2,0,3
1052309,1052,0,3,0,1
1052310,1052,0,4,0,1
1052311,1052,0,5,0,1
1052312,1052,0,6,0,0
1052313,1052,5,0,5,4
1052400,1052,5,1,8,1
1053001,1053,0,0,0,1
1053002,1053,1,0,0,2
1053003,1053,1,1,0,2
1053004,1053,1,2,0,2
1053005,1053,1,3,0,2
1053006,1053,1,4,0,2
1053007,1053,1,5,0,2
1053008,1053,4,0,0,1
1053009,1053,7,0,0,2
1053010,1053,8,0,0,1
1053011,1053,3,1,0,5
1053012,1053,6,0,1,3
1053100,1053,2,103010,0,2
1053101,1053,2,103020,0,1
1053102,1053,2,103030,0,4
1053103,1053,2,103050,0,3
1053104,1053,2,103040,0,3
1053105,1053,2,105010,0,2
1053106,1053,2,105020,0,1
1053107,1053,2,105030,0,2
1053200,1053,2,101045,1,2
1053201,1053,2,102040,1,2
1053202,1053,2,101014,0,1
1053203,1053,2,101042,0,1
1053204,1053,2,101012,0,1
1053205,1053,2,101031,0,1
1053206,1053,2,101031,1,1
1053207,1053,2,101032,0,1
1053208,1053,2,101032,1,1
1053209,1053,2,101033,0,1
1053210,1053,2,101033,1,1
1053211,1053,2,101034,0,1
1053212,1053,2,101034,1,1
1053213,1053,2,102030,0,1
1053214,1053,2,102030,1,1
1053215,1053,2,104015,0,1
1053216,1053,2,104045,0,1
1053217,1053,2,106010,0,1
1053218,1053,2,106020,0,1
1053219,1053,2,106020,1,2
1053220,1053,2,106030,0,1
1053221,1053,2,106050,0,2
1053222,1053,2,106050,1,2
1053223,1053,2,106110,0,1
1053224,1053,2,106120,0,1
1053225,1053,2,106120,1,1
1053226,1053,2,106130,0,1
1053227,1053,2,106140,0,2
1053228,1053,2,106150,0,2
1053229,1053,2,106210,0,1
1053230,1053,2,106220,0,1
1053231,1053,2,106220,1,1
1053232,1053,2,106230,0,1
1053233,1053,2,106250,0,2
1053234,1053,9,1,0,1
1053235,1053,9,2,0,1
1053236,1053,9,3,0,1
1053237,1053,9,4,0,2
1053238,1053,9,3,4,4
1053239,1053,9,5,0,3
1053240,1053,9,6,0,3
1053241,1053,9,6,1,3
1053242,1053,9,6,2,2
1053243,1053,9,7,0,1
1053244,1053,9,7,1,1
1053245,1053,9,7,2,1
1053246,1053,9,7,3,2
1053247,1053,9,7,4,4
1053248,1053,9,7,5,4
1053249,1053,9,7,6,4
1053250,1053,9,8,0,2
1053251,1053,9,9,0,1
1053252,1053,2,108010,0,1
1053253,1053,2,108020,0,1
1053254,1053,2,108030,0,1
1053255,1053,2,108040,0,3
1053256,1053,2,107011,0,1
1053257,1053,2,107012,0,1
1053258,1053,2,107013,0,1
1053259,1053,2,107021,0,1
1053260,1053,2,107022,0,1
1053261,1053,2,107023,0,1
1053262,1053,2,107031,0,1
1053263,1053,2,107032,0,1
1053264,1053,2,107033,0,1
1053265,1053,2,107041,0,1
1053266,1053,2,107042,0,1
1053267,1053,2,107043,0,1
1053268,1053,2,107051,0,1
1053269,1053,2,107052,0,1
1053270,1053,2,107053,0,1
1053271,1053,10,0,0,2
1053272,1053,2,107030,0,1
1053273,1053,2,107030,1,1
1053274,1053,2,107040,1,2
1053275,1053,10,1,0,1
1053276,1053,5,9,0,1
1053277,1053,11,0,0,2
1053278,1053,11,1,0,2
1053279,1053,11,2,0,3
1053280,1053,2,109010,0,2
1053281,1053,2,109020,0,2
1053282,1053,2,109030,0,3
1053283,1053,5,0,6,2
1053286,1053,1013,1,0,2
1053287,1053,1013,2,0,3
1053288,1053,1013,3,0,3
1053289,1053,1013,4,0,2
1053290,1053,1013,5,0,1
1053291,1053,1013,6,0,3
1053292,1053,1013,7,0,3
1053293,1053,1013,8,0,1
1053294,1053,1013,9,0,3
1053295,1053,1013,10,0,1
1053401,1053,1014,1,0,1
1053402,1053,1014,2,0,1
1053403,1053,1014,3,0,3
1053404,1053,1014,4,0,1
1053405,1053,1014,5,0,1
1053406,1053,1014,6,0,1
1053407,1053,1014,6,1,1
1053408,1053,1014,6,2,1
1053409,1053,1014,7,0,1
1053410,1053,1014,7,1,1
1053411,1053,1014,7,2,1
1053412,1053,1014,8,0,1
1053413,1053,1014,8,1,1
1053414,1053,1014,8,2,1
1053415,1053,1014,9,0,1
1053416,1053,1014,10,0,1
1053300,1053,5,0,0,1
1053301,1053,5,1,6,3
1053302,1053,5,1,7,2
1053303,1053,5,2,1,5
1053304,1053,5,0,1,3
1053305,1053,5,0,2,3
1053306,1053,5,0,3,1
1053307,1053,5,0,4,2
1053308,1053,0,2,0,1
1053309,1053,0,3,0,2
1053310,1053,0,4,0,2
1053311,1053,0,5,0,2
1053312,1053,0,6,0,1
1053313,1053,5,0,5,2
1053400,1053,5,1,8,1
1054001,1054,0,0,0,5
1054002,1054,1,0,0,2
1054003,1054,1,1,0,2
1054004,1054,1,2,0,2
1054005,1054,1,3,0,2
1054006,1054,1,4,0,2
1054007,1054,1,5,0,2
1054008,1054,4,0,0,2
1054009,1054,7,0,0,2
1054010,1054,8,0,0,1
1054011,1054,3,1,0,5
1054012,1054,6,0,1,3
1054100,1054,2,103010,0,2
1054101,1054,2,103020,0,2
1054102,1054,2,103030,0,4
1054103,1054,2,103050,0,5
1054104,1054,2,103040,0,3
1054105,1054,2,105010,0,3
1054106,1054,2,105020,0,3
1054107,1054,2,105030,0,2
1054200,1054,2,101045,1,4
1054201,1054,2,102040,1,4
1054202,1054,2,101014,0,1
1054203,1054,2,101042,0,1
1054204,1054,2,101012,0,1
1054205,1054,2,101031,0,1
1054206,1054,2,101031,1,1
1054207,1054,2,101032,0,1
1054208,1054,2,101032,1,1
1054209,1054,2,101033,0,1
1054210,1054,2,101033,1,1
1054211,1054,2,101034,0,1
1054212,1054,2,101034,1,1
1054213,1054,2,102030,0,1
1054214,1054,2,102030,1,1
1054215,1054,2,104015,0,1
1054216,1054,2,104045,0,3
1054217,1054,2,106010,0,1
1054218,1054,2,106020,0,1
1054219,1054,2,106020,1,1
1054220,1054,2,106030,0,1
1054221,1054,2,106050,0,2
1054222,1054,2,106050,1,2
1054223,1054,2,106110,0,1
1054224,1054,2,106120,0,1
1054225,1054,2,106120,1,1
1054226,1054,2,106130,0,1
1054227,1054,2,106140,0,1
1054228,1054,2,106150,0,1
1054229,1054,2,106210,0,1
1054230,1054,2,106220,0,1
1054231,1054,2,106220,1,1
1054232,1054,2,106230,0,1
1054233,1054,2,106250,0,1
1054234,1054,9,1,0,1
1054235,1054,9,2,0,1
1054236,1054,9,3,0,1
1054237,1054,9,4,0,1
1054238,1054,9,3,4,4
1054239,1054,9,5,0,1
1054240,1054,9,6,0,1
1054241,1054,9,6,1,1
1054242,1054,9,6,2,2
1054243,1054,9,7,0,1
1054244,1054,9,7,1,1
1054245,1054,9,7,2,2
1054246,1054,9,7,3,2
1054247,1054,9,7,4,2
1054248,1054,9,7,5,2
1054249,1054,9,7,6,2
1054250,1054,9,8,0,2
1054251,1054,9,9,0,1
1054252,1054,2,108010,0,1
1054253,1054,2,108020,0,3
1054254,1054,2,108030,0,1
1054255,1054,2,108040,0,1
1054256,1054,2,107011,0,1
1054257,1054,2,107012,0,1
1054258,1054,2,107013,0,1
1054259,1054,2,107021,0,1
1054260,1054,2,107022,0,1
1054261,1054,2,107023,0,1
1054262,1054,2,107031,0,1
1054263,1054,2,107032,0,1
1054264,1054,2,107033,0,1
1054265,1054,2,107041,0,1
1054266,1054,2,107042,0,1
1054267,1054,2,107043,0,1
1054268,1054,2,107051,0,1
1054269,1054,2,107052,0,1
1054270,1054,2,107053,0,1
1054271,1054,10,0,0,1
1054272,1054,2,107030,0,1
1054273,1054,2,107030,1,1
1054274,1054,2,107040,1,4
1054275,1054,10,1,0,1
1054276,1054,5,9,0,1
1054277,1054,11,0,0,1
1054278,1054,11,1,0,1
1054279,1054,11,2,0,1
1054280,1054,2,109010,0,1
1054281,1054,2,109020,0,2
1054282,1054,2,109030,0,3
1054283,1054,5,0,6,1
1054286,1054,1013,1,0,2
1054287,1054,1013,2,0,1
1054288,1054,1013,3,0,3
1054289,1054,1013,4,0,1
1054290,1054,1013,5,0,1
1054291,1054,1013,6,0,1
1054292,1054,1013,7,0,1
1054293,1054,1013,8,0,1
1054294,1054,1013,9,0,1
1054295,1054,1013,10,0,1
1054401,1054,1014,1,0,7
1054402,1054,1014,2,0,1
1054403,1054,1014,3,0,1
1054404,1054,1014,4,0,1
1054405,1054,1014,5,0,2
1054406,1054,1014,6,0,1
1054407,1054,1014,6,1,1
1054408,1054,1014,6,2,1
1054409,1054,1014,7,0,3
1054410,1054,1014,7,1,1
1054411,1054,1014,7,2,1
1054412,1054,1014,8,0,1
1054413,1054,1014,8,1,1
1054414,1054,1014,8,2,1
1054415,1054,1014,9,0,1
1054416,1054,1014,10,0,1
1054300,1054,5,0,0,2
1054301,1054,5,1,6,3
1054302,1054,5,1,7,2
1054303,1054,5,2,1,3
1054304,1054,5,0,1,3
1054305,1054,5,0,2,3
1054306,1054,5,0,3,1
1054307,1054,5,0,4,2
1054308,1054,0,2,0,5
1054309,1054,0,3,0,2
1054310,1054,0,4,0,2
1054311,1054,0,5,0,2
1054312,1054,0,6,0,1
1054313,1054,5,0,5,2
1054400,1054,5,1,8,1
1055001,1055,0,0,0,1
1055002,1055,1,0,0,4
1055003,1055,1,1,0,1
1055004,1055,1,2,0,1
1055005,1055,1,3,0,5
1055006,1055,1,4,0,1
1055007,1055,1,5,0,4
1055008,1055,4,0,0,1
1055009,1055,7,0,0,2
1055010,1055,8,0,0,1
1055011,1055,3,1,0,3
1055012,1055,6,0,1,1
1055100,1055,2,103010,0,4
1055101,1055,2,103020,0,3
1055102,1055,2,103030,0,1
1055103,1055,2,103050,0,6
1055104,1055,2,103040,0,5
1055105,1055,2,105010,0,3
1055106,1055,2,105020,0,1
1055107,1055,2,105030,0,2
1055200,1055,2,101045,1,4
1055201,1055,2,102040,1,4
1055202,1055,2,101014,0,1
1055203,1055,2,101042,0,1
1055204,1055,2,101012,0,1
1055205,1055,2,101031,0,1
1055206,1055,2,101031,1,1
1055207,1055,2,101032,0,1
1055208,1055,2,101032,1,1
1055209,1055,2,101033,0,1
1055210,1055,2,101033,1,1
1055211,1055,2,101034,0,1
1055212,1055,2,101034,1,1
1055213,1055,2,102030,0,1
1055214,1055,2,102030,1,1
1055215,1055,2,104015,0,2
1055216,1055,2,104045,0,1
1055217,1055,2,106010,0,1
1055218,1055,2,106020,0,1
1055219,1055,2,106020,1,1
1055220,1055,2,106030,0,1
1055221,1055,2,106050,0,1
1055222,1055,2,106050,1,1
1055223,1055,2,106110,0,1
1055224,1055,2,106120,0,1
1055225,1055,2,106120,1,1
1055226,1055,2,106130,0,3
1055227,1055,2,106140,0,1
1055228,1055,2,106150,0,1
1055229,1055,2,106210,0,1
1055230,1055,2,106220,0,1
1055231,1055,2,106220,1,2
1055232,1055,2,106230,0,1
1055233,1055,2,106250,0,1
1055234,1055,9,1,0,1
1055235,1055,9,2,0,1
1055236,1055,9,3,0,1
1055237,1055,9,4,0,3
1055238,1055,9,3,4,1
1055239,1055,9,5,0,2
1055240,1055,9,6,0,1
1055241,1055,9,6,1,1
1055242,1055,9,6,2,6
1055243,1055,9,7,0,2
1055244,1055,9,7,1,5
1055245,1055,9,7,2,2
1055246,1055,9,7,3,2
1055247,1055,9,7,4,1
1055248,1055,9,7,5,2
1055249,1055,9,7,6,2
1055250,1055,9,8,0,1
1055251,1055,9,9,0,1
1055252,1055,2,108010,0,1
1055253,1055,2,108020,0,1
1055254,1055,2,108030,0,1
1055255,1055,2,108040,0,1
1055256,1055,2,107011,0,1
1055257,1055,2,107012,0,1
1055258,1055,2,107013,0,1
1055259,1055,2,107021,0,1
1055260,1055,2,107022,0,1
1055261,1055,2,107023,0,1
1055262,1055,2,107031,0,1
1055263,1055,2,107032,0,1
1055264,1055,2,107033,0,1
1055265,1055,2,107041,0,1
1055266,1055,2,107042,0,1
1055267,1055,2,107043,0,1
1055268,1055,2,107051,0,1
1055269,1055,2,107052,0,1
1055270,1055,2,107053,0,1
1055271,1055,10,0,0,1
1055272,1055,2,107030,0,1
1055273,1055,2,107030,1,1
1055274,1055,2,107040,1,4
1055275,1055,10,1,0,1
1055276,1055,5,9,0,1
1055277,1055,11,0,0,1
1055278,1055,11,1,0,1
1055279,1055,11,2,0,1
1055280,1055,2,109010,0,1
1055281,1055,2,109020,0,1
1055282,1055,2,109030,0,1
1055283,1055,5,0,6,1
1055286,1055,1013,1,0,1
1055287,1055,1013,2,0,1
1055288,1055,1013,3,0,1
1055289,1055,1013,4,0,1
1055290,1055,1013,5,0,1
1055291,1055,1013,6,0,1
1055292,1055,1013,7,0,1
1055293,1055,1013,8,0,1
1055294,1055,1013,9,0,1
1055295,1055,1013,10,0,1
1055401,1055,1014,1,0,3
1055402,1055,1014,2,0,3
1055403,1055,1014,3,0,1
1055404,1055,1014,4,0,1
1055405,1055,1014,5,0,2
1055406,1055,1014,6,0,1
1055407,1055,1014,6,1,1
1055408,1055,1014,6,2,1
1055409,1055,1014,7,0,3
1055410,1055,1014,7,1,1
1055411,1055,1014,7,2,1
1055412,1055,1014,8,0,1
1055413,1055,1014,8,1,1
1055414,1055,1014,8,2,1
1055415,1055,1014,9,0,1
1055416,1055,1014,10,0,1
1055300,1055,5,0,0,4
1055301,1055,5,1,6,1
1055302,1055,5,1,7,4
1055303,1055,5,2,1,3
1055304,1055,5,0,1,1
1055305,1055,5,0,2,1
1055306,1055,5,0,3,1
1055307,1055,5,0,4,1
1055308,1055,0,2,0,1
1055309,1055,0,3,0,1
1055310,1055,0,4,0,1
1055311,1055,0,5,0,1
1055312,1055,0,6,0,0
1055313,1055,5,0,5,1
1055400,1055,5,1,8,1
1056001,1056,0,0,0,1
1056002,1056,1,0,0,1
1056003,1056,1,1,0,1
1056004,1056,1,2,0,1
1056005,1056,1,3,0,1
1056006,1056,1,4,0,1
1056007,1056,1,5,0,1
1056008,1056,4,0,0,2
1056009,1056,7,0,0,2
1056010,1056,8,0,0,1
1056011,1056,3,1,0,3
1056012,1056,6,0,1,1
1056100,1056,2,103010,0,1
1056101,1056,2,103020,0,1
1056102,1056,2,103030,0,1
1056103,1056,2,103050,0,1
1056104,1056,2,103040,0,6
1056105,1056,2,105010,0,3
1056106,1056,2,105020,0,1
1056107,1056,2,105030,0,2
1056200,1056,2,101045,1,1
1056201,1056,2,102040,1,1
1056202,1056,2,101014,0,1
1056203,1056,2,101042,0,1
1056204,1056,2,101012,0,1
1056205,1056,2,101031,0,1
1056206,1056,2,101031,1,1
1056207,1056,2,101032,0,1
1056208,1056,2,101032,1,1
1056209,1056,2,101033,0,1
1056210,1056,2,101033,1,1
1056211,1056,2,101034,0,1
1056212,1056,2,101034,1,1
1056213,1056,2,102030,0,1
1056214,1056,2,102030,1,1
1056215,1056,2,104015,0,1
1056216,1056,2,104045,0,3
1056217,1056,2,106010,0,1
1056218,1056,2,106020,0,1
1056219,1056,2,106020,1,1
1056220,1056,2,106030,0,1
1056221,1056,2,106050,0,1
1056222,1056,2,106050,1,1
1056223,1056,2,106110,0,1
1056224,1056,2,106120,0,1
1056225,1056,2,106120,1,1
1056226,1056,2,106130,0,1
1056227,1056,2,106140,0,1
1056228,1056,2,106150,0,1
1056229,1056,2,106210,0,1
1056230,1056,2,106220,0,1
1056231,1056,2,106220,1,1
1056232,1056,2,106230,0,1
1056233,1056,2,106250,0,1
1056234,1056,9,1,0,1
1056235,1056,9,2,0,1
1056236,1056,9,3,0,1
1056237,1056,9,4,0,1
1056238,1056,9,3,4,4
1056239,1056,9,5,0,2
1056240,1056,9,6,0,6
1056241,1056,9,6,1,1
1056242,1056,9,6,2,6
1056243,1056,9,7,0,2
1056244,1056,9,7,1,1
1056245,1056,9,7,2,1
1056246,1056,9,7,3,1
1056247,1056,9,7,4,2
1056248,1056,9,7,5,2
1056249,1056,9,7,6,5
1056250,1056,9,8,0,1
1056251,1056,9,9,0,1
1056252,1056,2,108010,0,1
1056253,1056,2,108020,0,1
1056254,1056,2,108030,0,1
1056255,1056,2,108040,0,1
1056256,1056,2,107011,0,1
1056257,1056,2,107012,0,1
1056258,1056,2,107013,0,1
1056259,1056,2,107021,0,1
1056260,1056,2,107022,0,1
1056261,1056,2,107023,0,1
1056262,1056,2,107031,0,1
1056263,1056,2,107032,0,1
1056264,1056,2,107033,0,1
1056265,1056,2,107041,0,1
1056266,1056,2,107042,0,1
1056267,1056,2,107043,0,1
1056268,1056,2,107051,0,1
1056269,1056,2,107052,0,1
1056270,1056,2,107053,0,1
1056271,1056,10,0,0,1
1056272,1056,2,107030,0,1
1056273,1056,2,107030,1,1
1056274,1056,2,107040,1,1
1056275,1056,10,1,0,1
1056276,1056,5,9,0,1
1056277,1056,11,0,0,1
1056278,1056,11,1,0,1
1056279,1056,11,2,0,1
1056280,1056,2,109010,0,1
1056281,1056,2,109020,0,1
1056282,1056,2,109030,0,1
1056283,1056,5,0,6,1
1056286,1056,1013,1,0,1
1056287,1056,1013,2,0,6
1056288,1056,1013,3,0,1
1056289,1056,1013,4,0,1
1056290,1056,1013,5,0,5
1056291,1056,1013,6,0,1
1056292,1056,1013,7,0,1
1056293,1056,1013,8,0,1
1056294,1056,1013,9,0,1
1056295,1056,1013,10,0,1
1056401,1056,1014,1,0,6
1056402,1056,1014,2,0,4
1056403,1056,1014,3,0,2
1056404,1056,1014,4,0,3
1056405,1056,1014,5,0,2
1056406,1056,1014,6,0,1
1056407,1056,1014,6,1,1
1056408,1056,1014,6,2,1
1056409,1056,1014,7,0,3
1056410,1056,1014,7,1,1
1056411,1056,1014,7,2,1
1056412,1056,1014,8,0,1
1056413,1056,1014,8,1,1
1056414,1056,1014,8,2,1
1056415,1056,1014,9,0,1
1056416,1056,1014,10,0,1
1056300,1056,5,0,0,1
1056301,1056,5,1,6,1
1056302,1056,5,1,7,4
1056303,1056,5,2,1,3
1056304,1056,5,0,1,1
1056305,1056,5,0,2,1
1056306,1056,5,0,3,1
1056307,1056,5,0,4,1
1056308,1056,0,2,0,1
1056309,1056,0,3,0,1
1056310,1056,0,4,0,1
1056311,1056,0,5,0,1
1056312,1056,0,6,0,0
1056313,1056,5,0,5,1
1056400,1056,5,1,8,1
1057001,1057,0,0,0,2
1057002,1057,1,0,0,3
1057003,1057,1,1,0,3
1057004,1057,1,2,0,3
1057005,1057,1,3,0,2
1057006,1057,1,4,0,2
1057007,1057,1,5,0,3
1057008,1057,4,0,0,2
1057009,1057,7,0,0,2
1057010,1057,8,0,0,1
1057011,1057,3,1,0,1
1057012,1057,6,0,1,2
1057100,1057,2,103010,0,2
1057101,1057,2,103020,0,4
1057102,1057,2,103030,0,5
1057103,1057,2,103050,0,1
1057104,1057,2,103040,0,4
1057105,1057,2,105010,0,1
1057106,1057,2,105020,0,3
1057107,1057,2,105030,0,3
1057200,1057,2,101045,1,5
1057201,1057,2,102040,1,5
1057202,1057,2,101014,0,3
1057203,1057,2,101042,0,3
1057204,1057,2,101012,0,2
1057205,1057,2,101031,0,2
1057206,1057,2,101031,1,2
1057207,1057,2,101032,0,2
1057208,1057,2,101032,1,2
1057209,1057,2,101033,0,2
1057210,1057,2,101033,1,2
1057211,1057,2,101034,0,2
1057212,1057,2,101034,1,2
1057213,1057,2,102030,0,2
1057214,1057,2,102030,1,2
1057215,1057,2,104015,0,2
1057216,1057,2,104045,0,2
1057217,1057,2,106010,0,2
1057218,1057,2,106020,0,2
1057219,1057,2,106020,1,2
1057220,1057,2,106030,0,1
1057221,1057,2,106050,0,2
1057222,1057,2,106050,1,2
1057223,1057,2,106110,0,2
1057224,1057,2,106120,0,2
1057225,1057,2,106120,1,2
1057226,1057,2,106130,0,2
1057227,1057,2,106140,0,2
1057228,1057,2,106150,0,1
1057229,1057,2,106210,0,1
1057230,1057,2,106220,0,2
1057231,1057,2,106220,1,1
1057232,1057,2,106230,0,2
1057233,1057,2,106250,0,1
1057234,1057,9,1,0,3
1057235,1057,9,2,0,2
1057236,1057,9,3,0,3
1057237,1057,9,4,0,2
1057238,1057,9,3,4,6
1057239,1057,9,5,0,5
1057240,1057,9,6,0,3
1057241,1057,9,6,1,3
1057242,1057,9,6,2,4
1057243,1057,9,7,0,1
1057244,1057,9,7,1,3
1057245,1057,9,7,2,3
1057246,1057,9,7,3,3
1057247,1057,9,7,4,5
1057248,1057,9,7,5,3
1057249,1057,9,7,6,4
1057250,1057,9,8,0,4
1057251,1057,9,9,0,2
1057252,1057,2,108010,0,3
1057253,1057,2,108020,0,3
1057254,1057,2,108030,0,3
1057255,1057,2,108040,0,3
1057256,1057,2,107011,0,2
1057257,1057,2,107012,0,2
1057258,1057,2,107013,0,2
1057259,1057,2,107021,0,2
1057260,1057,2,107022,0,2
1057261,1057,2,107023,0,2
1057262,1057,2,107031,0,2
1057263,1057,2,107032,0,2
1057264,1057,2,107033,0,2
1057265,1057,2,107041,0,2
1057266,1057,2,107042,0,2
1057267,1057,2,107043,0,2
1057268,1057,2,107051,0,2
1057269,1057,2,107052,0,2
1057270,1057,2,107053,0,2
1057271,1057,10,0,0,2
1057272,1057,2,107030,0,2
1057273,1057,2,107030,1,2
1057274,1057,2,107040,1,5
1057275,1057,10,1,0,3
1057276,1057,5,9,0,3
1057277,1057,11,0,0,1
1057278,1057,11,1,0,2
1057279,1057,11,2,0,3
1057280,1057,2,109010,0,2
1057281,1057,2,109020,0,2
1057282,1057,2,109030,0,4
1057283,1057,5,0,6,3
1057286,1057,1013,1,0,4
1057287,1057,1013,2,0,4
1057288,1057,1013,3,0,4
1057289,1057,1013,4,0,2
1057290,1057,1013,5,0,3
1057291,1057,1013,6,0,2
1057292,1057,1013,7,0,3
1057293,1057,1013,8,0,1
1057294,1057,1013,9,0,4
1057295,1057,1013,10,0,1
1057401,1057,1014,1,0,1
1057402,1057,1014,2,0,1
1057403,1057,1014,3,0,1
1057404,1057,1014,4,0,1
1057405,1057,1014,5,0,3
1057406,1057,1014,6,0,1
1057407,1057,1014,6,1,1
1057408,1057,1014,6,2,1
1057409,1057,1014,7,0,4
1057410,1057,1014,7,1,1
1057411,1057,1014,7,2,1
1057412,1057,1014,8,0,2
1057413,1057,1014,8,1,1
1057414,1057,1014,8,2,1
1057415,1057,1014,9,0,1
1057416,1057,1014,10,0,2
1057300,1057,5,0,0,1
1057301,1057,5,1,6,4
1057302,1057,5,1,7,1
1057303,1057,5,2,1,6
1057304,1057,5,0,1,3
1057305,1057,5,0,2,3
1057306,1057,5,0,3,1
1057307,1057,5,0,4,3
1057308,1057,0,2,0,2
1057309,1057,0,3,0,3
1057310,1057,0,4,0,3
1057311,1057,0,5,0,3
1057312,1057,0,6,0,0
1057313,1057,5,0,5,3
1057400,1057,5,1,8,2
1058001,1058,0,0,0,2
1058002,1058,1,0,0,3
1058003,1058,1,1,0,3
1058004,1058,1,2,0,3
1058005,1058,1,3,0,1
1058006,1058,1,4,0,3
1058007,1058,1,5,0,3
1058008,1058,4,0,0,2
1058009,1058,7,0,0,1
1058010,1058,8,0,0,1
1058011,1058,3,1,0,2
1058012,1058,6,0,1,2
1058100,1058,2,103010,0,6
1058101,1058,2,103020,0,1
1058102,1058,2,103030,0,3
1058103,1058,2,103050,0,4
1058104,1058,2,103040,0,6
1058105,1058,2,105010,0,2
1058106,1058,2,105020,0,2
1058107,1058,2,105030,0,1
1058200,1058,2,101045,1,6
1058201,1058,2,102040,1,6
1058202,1058,2,101014,0,2
1058203,1058,2,101042,0,2
1058204,1058,2,101012,0,2
1058205,1058,2,101031,0,1
1058206,1058,2,101031,1,1
1058207,1058,2,101032,0,1
1058208,1058,2,101032,1,1
1058209,1058,2,101033,0,1
1058210,1058,2,101033,1,1
1058211,1058,2,101034,0,1
1058212,1058,2,101034,1,1
1058213,1058,2,102030,0,1
1058214,1058,2,102030,1,1
1058215,1058,2,104015,0,2
1058216,1058,2,104045,0,1
1058217,1058,2,106010,0,2
1058218,1058,2,106020,0,1
1058219,1058,2,106020,1,1
1058220,1058,2,106030,0,1
1058221,1058,2,106050,0,2
1058222,1058,2,106050,1,2
1058223,1058,2,106110,0,1
1058224,1058,2,106120,0,2
1058225,1058,2,106120,1,2
1058226,1058,2,106130,0,1
1058227,1058,2,106140,0,1
1058228,1058,2,106150,0,1
1058229,1058,2,106210,0,2
1058230,1058,2,106220,0,1
1058231,1058,2,106220,1,2
1058232,1058,2,106230,0,1
1058233,1058,2,106250,0,1
1058234,1058,9,1,0,1
1058235,1058,9,2,0,1
1058236,1058,9,3,0,2
1058237,1058,9,4,0,1
1058238,1058,9,3,4,2
1058239,1058,9,5,0,2
1058240,1058,9,6,0,6
1058241,1058,9,6,1,2
1058242,1058,9,6,2,1
1058243,1058,9,7,0,3
1058244,1058,9,7,1,3
1058245,1058,9,7,2,1
1058246,1058,9,7,3,5
1058247,1058,9,7,4,1
1058248,1058,9,7,5,5
1058249,1058,9,7,6,5
1058250,1058,9,8,0,1
1058251,1058,9,9,0,1
1058252,1058,2,108010,0,2
1058253,1058,2,108020,0,2
1058254,1058,2,108030,0,2
1058255,1058,2,108040,0,2
1058256,1058,2,107011,0,2
1058257,1058,2,107012,0,2
1058258,1058,2,107013,0,2
1058259,1058,2,107021,0,2
1058260,1058,2,107022,0,2
1058261,1058,2,107023,0,2
1058262,1058,2,107031,0,1
1058263,1058,2,107032,0,1
1058264,1058,2,107033,0,1
1058265,1058,2,107041,0,2
1058266,1058,2,107042,0,2
1058267,1058,2,107043,0,2
1058268,1058,2,107051,0,2
1058269,1058,2,107052,0,2
1058270,1058,2,107053,0,2
1058271,1058,10,0,0,1
1058272,1058,2,107030,0,1
1058273,1058,2,107030,1,1
1058274,1058,2,107040,1,6
1058275,1058,10,1,0,2
1058276,1058,5,9,0,2
1058277,1058,11,0,0,1
1058278,1058,11,1,0,1
1058279,1058,11,2,0,2
1058280,1058,2,109010,0,1
1058281,1058,2,109020,0,1
1058282,1058,2,109030,0,2
1058283,1058,5,0,6,1
1058286,1058,1013,1,0,5
1058287,1058,1013,2,0,2
1058288,1058,1013,3,0,2
1058289,1058,1013,4,0,3
1058290,1058,1013,5,0,5
1058291,1058,1013,6,0,1
1058292,1058,1013,7,0,2
1058293,1058,1013,8,0,1
1058294,1058,1013,9,0,2
1058295,1058,1013,10,0,1
1058401,1058,1014,1,0,5
1058402,1058,1014,2,0,4
1058403,1058,1014,3,0,4
1058404,1058,1014,4,0,3
1058405,1058,1014,5,0,1
1058406,1058,1014,6,0,2
1058407,1058,1014,6,1,2
1058408,1058,1014,6,2,2
1058409,1058,1014,7,0,1
1058410,1058,1014,7,1,2
1058411,1058,1014,7,2,2
1058412,1058,1014,8,0,2
1058413,1058,1014,8,1,2
1058414,1058,1014,8,2,2
1058415,1058,1014,9,0,1
1058416,1058,1014,10,0,3
1058300,1058,5,0,0,4
1058301,1058,5,1,6,2
1058302,1058,5,1,7,7
1058303,1058,5,2,1,2
1058304,1058,5,0,1,1
1058305,1058,5,0,2,1
1058306,1058,5,0,3,1
1058307,1058,5,0,4,3
1058308,1058,0,2,0,2
1058309,1058,0,3,0,3
1058310,1058,0,4,0,3
1058311,1058,0,5,0,3
1058312,1058,0,6,0,0
1058313,1058,5,0,5,3
1058400,1058,5,1,8,1
1059001,1059,0,0,0,1
1059002,1059,1,0,0,5
1059003,1059,1,1,0,3
1059004,1059,1,2,0,5
1059005,1059,1,3,0,4
1059006,1059,1,4,0,3
1059007,1059,1,5,0,5
1059008,1059,4,0,0,1
1059009,1059,7,0,0,1
1059010,1059,8,0,0,1
1059011,1059,3,1,0,6
1059012,1059,6,0,1,2
1059100,1059,2,103010,0,6
1059101,1059,2,103020,0,6
1059102,1059,2,103030,0,3
1059103,1059,2,103050,0,1
1059104,1059,2,103040,0,4
1059105,1059,2,105010,0,2
1059106,1059,2,105020,0,2
1059107,1059,2,105030,0,1
1059200,1059,2,101045,1,6
1059201,1059,2,102040,1,6
1059202,1059,2,101014,0,3
1059203,1059,2,101042,0,3
1059204,1059,2,101012,0,2
1059205,1059,2,101031,0,1
1059206,1059,2,101031,1,1
1059207,1059,2,101032,0,1
1059208,1059,2,101032,1,1
1059209,1059,2,101033,0,1
1059210,1059,2,101033,1,1
1059211,1059,2,101034,0,1
1059212,1059,2,101034,1,1
1059213,1059,2,102030,0,1
1059214,1059,2,102030,1,1
1059215,1059,2,104015,0,2
1059216,1059,2,104045,0,2
1059217,1059,2,106010,0,2
1059218,1059,2,106020,0,2
1059219,1059,2,106020,1,2
1059220,1059,2,106030,0,1
1059221,1059,2,106050,0,2
1059222,1059,2,106050,1,2
1059223,1059,2,106110,0,2
1059224,1059,2,106120,0,2
1059225,1059,2,106120,1,2
1059226,1059,2,106130,0,2
1059227,1059,2,106140,0,2
1059228,1059,2,106150,0,2
1059229,1059,2,106210,0,2
1059230,1059,2,106220,0,2
1059231,1059,2,106220,1,1
1059232,1059,2,106230,0,2
1059233,1059,2,106250,0,2
1059234,1059,9,1,0,1
1059235,1059,9,2,0,2
1059236,1059,9,3,0,2
1059237,1059,9,4,0,3
1059238,1059,9,3,4,5
1059239,1059,9,5,0,4
1059240,1059,9,6,0,2
1059241,1059,9,6,1,2
1059242,1059,9,6,2,5
1059243,1059,9,7,0,3
1059244,1059,9,7,1,3
1059245,1059,9,7,2,3
1059246,1059,9,7,3,3
1059247,1059,9,7,4,3
1059248,1059,9,7,5,3
1059249,1059,9,7,6,6
1059250,1059,9,8,0,3
1059251,1059,9,9,0,2
1059252,1059,2,108010,0,2
1059253,1059,2,108020,0,2
1059254,1059,2,108030,0,2
1059255,1059,2,108040,0,2
1059256,1059,2,107011,0,2
1059257,1059,2,107012,0,2
1059258,1059,2,107013,0,2
1059259,1059,2,107021,0,2
1059260,1059,2,107022,0,2
1059261,1059,2,107023,0,2
1059262,1059,2,107031,0,2
1059263,1059,2,107032,0,2
1059264,1059,2,107033,0,2
1059265,1059,2,107041,0,2
1059266,1059,2,107042,0,2
1059267,1059,2,107043,0,2
1059268,1059,2,107051,0,2
1059269,1059,2,107052,0,2
1059270,1059,2,107053,0,2
1059271,1059,10,0,0,1
1059272,1059,2,107030,0,1
1059273,1059,2,107030,1,1
1059274,1059,2,107040,1,6
1059275,1059,10,1,0,3
1059276,1059,5,9,0,3
1059277,1059,11,0,0,2
1059278,1059,11,1,0,2
1059279,1059,11,2,0,2
1059280,1059,2,109010,0,2
1059281,1059,2,109020,0,2
1059282,1059,2,109030,0,2
1059283,1059,5,0,6,3
1059286,1059,1013,1,0,3
1059287,1059,1013,2,0,2
1059288,1059,1013,3,0,4
1059289,1059,1013,4,0,3
1059290,1059,1013,5,0,3
1059291,1059,1013,6,0,2
1059292,1059,1013,7,0,2
1059293,1059,1013,8,0,1
1059294,1059,1013,9,0,2
1059295,1059,1013,10,0,1
1059401,1059,1014,1,0,8
1059402,1059,1014,2,0,1
1059403,1059,1014,3,0,1
1059404,1059,1014,4,0,1
1059405,1059,1014,5,0,4
1059406,1059,1014,6,0,3
1059407,1059,1014,6,1,1
1059408,1059,1014,6,2,1
1059409,1059,1014,7,0,2
1059410,1059,1014,7,1,1
1059411,1059,1014,7,2,1
1059412,1059,1014,8,0,2
1059413,1059,1014,8,1,1
1059414,1059,1014,8,2,1
1059415,1059,1014,9,0,2
1059416,1059,1014,10,0,2
1059300,1059,5,0,0,5
1059301,1059,5,1,6,5
1059302,1059,5,1,7,6
1059303,1059,5,2,1,6
1059304,1059,5,0,1,3
1059305,1059,5,0,2,3
1059306,1059,5,0,3,1
1059307,1059,5,0,4,5
1059308,1059,0,2,0,1
1059309,1059,0,3,0,5
1059310,1059,0,4,0,2
1059311,1059,0,5,0,5
1059312,1059,0,6,0,0
1059313,1059,5,0,5,3
1059400,1059,5,1,8,2
1060001,1060,0,0,0,1
1060002,1060,1,0,0,5
1060003,1060,1,1,0,1
1060004,1060,1,2,0,5
1060005,1060,1,3,0,3
1060006,1060,1,4,0,1
1060007,1060,1,5,0,5
1060008,1060,4,0,0,2
1060009,1060,7,0,0,1
1060010,1060,8,0,0,1
1060011,1060,3,1,0,4
1060012,1060,6,0,1,1
1060100,1060,2,103010,0,5
1060101,1060,2,103020,0,6
1060102,1060,2,103030,0,1
1060103,1060,2,103050,0,3
1060104,1060,2,103040,0,6
1060105,1060,2,105010,0,2
1060106,1060,2,105020,0,2
1060107,1060,2,105030,0,1
1060200,1060,2,101045,1,5
1060201,1060,2,102040,1,5
1060202,1060,2,101014,0,2
1060203,1060,2,101042,0,2
1060204,1060,2,101012,0,2
1060205,1060,2,101031,0,1
1060206,1060,2,101031,1,1
1060207,1060,2,101032,0,1
1060208,1060,2,101032,1,1
1060209,1060,2,101033,0,1
1060210,1060,2,101033,1,1
1060211,1060,2,101034,0,1
1060212,1060,2,101034,1,1
1060213,1060,2,102030,0,1
1060214,1060,2,102030,1,1
1060215,1060,2,104015,0,1
1060216,1060,2,104045,0,2
1060217,1060,2,106010,0,1
1060218,1060,2,106020,0,1
1060219,1060,2,106020,1,1
1060220,1060,2,106030,0,1
1060221,1060,2,106050,0,1
1060222,1060,2,106050,1,1
1060223,1060,2,106110,0,2
1060224,1060,2,106120,0,1
1060225,1060,2,106120,1,1
1060226,1060,2,106130,0,2
1060227,1060,2,106140,0,1
1060228,1060,2,106150,0,1
1060229,1060,2,106210,0,1
1060230,1060,2,106220,0,1
1060231,1060,2,106220,1,2
1060232,1060,2,106230,0,2
1060233,1060,2,106250,0,1
1060234,1060,9,1,0,1
1060235,1060,9,2,0,1
1060236,1060,9,3,0,1
1060237,1060,9,4,0,2
1060238,1060,9,3,4,1
1060239,1060,9,5,0,3
1060240,1060,9,6,0,2
1060241,1060,9,6,1,2
1060242,1060,9,6,2,3
1060243,1060,9,7,0,3
1060244,1060,9,7,1,4
1060245,1060,9,7,2,2
1060246,1060,9,7,3,3
1060247,1060,9,7,4,3
1060248,1060,9,7,5,3
1060249,1060,9,7,6,5
1060250,1060,9,8,0,2
1060251,1060,9,9,0,1
1060252,1060,2,108010,0,2
1060253,1060,2,108020,0,1
1060254,1060,2,108030,0,1
1060255,1060,2,108040,0,2
1060256,1060,2,107011,0,1
1060257,1060,2,107012,0,1
1060258,1060,2,107013,0,1
1060259,1060,2,107021,0,1
1060260,1060,2,107022,0,1
1060261,1060,2,107023,0,1
1060262,1060,2,107031,0,1
1060263,1060,2,107032,0,1
1060264,1060,2,107033,0,1
1060265,1060,2,107041,0,2
1060266,1060,2,107042,0,2
1060267,1060,2,107043,0,2
1060268,1060,2,107051,0,1
1060269,1060,2,107052,0,1
1060270,1060,2,107053,0,1
1060271,1060,10,0,0,1
1060272,1060,2,107030,0,1
1060273,1060,2,107030,1,1
1060274,1060,2,107040,1,5
1060275,1060,10,1,0,1
1060276,1060,5,9,0,1
1060277,1060,11,0,0,1
1060278,1060,11,1,0,1
1060279,1060,11,2,0,1
1060280,1060,2,109010,0,2
1060281,1060,2,109020,0,2
1060282,1060,2,109030,0,1
1060283,1060,5,0,6,1
1060286,1060,1013,1,0,5
1060287,1060,1013,2,0,1
1060288,1060,1013,3,0,2
1060289,1060,1013,4,0,2
1060290,1060,1013,5,0,3
1060291,1060,1013,6,0,1
1060292,1060,1013,7,0,1
1060293,1060,1013,8,0,1
1060294,1060,1013,9,0,3
1060295,1060,1013,10,0,1
1060401,1060,1014,1,0,1
1060402,1060,1014,2,0,1
1060403,1060,1014,3,0,1
1060404,1060,1014,4,0,1
1060405,1060,1014,5,0,1
1060406,1060,1014,6,0,1
1060407,1060,1014,6,1,1
1060408,1060,1014,6,2,1
1060409,1060,1014,7,0,1
1060410,1060,1014,7,1,1
1060411,1060,1014,7,2,1
1060412,1060,1014,8,0,1
1060413,1060,1014,8,1,1
1060414,1060,1014,8,2,1
1060415,1060,1014,9,0,1
1060416,1060,1014,10,0,1
1060300,1060,5,0,0,1
1060301,1060,5,1,6,1
1060302,1060,5,1,7,5
1060303,1060,5,2,1,4
1060304,1060,5,0,1,2
1060305,1060,5,0,2,2
1060306,1060,5,0,3,1
1060307,1060,5,0,4,5
1060308,1060,0,2,0,1
1060309,1060,0,3,0,5
1060310,1060,0,4,0,2
1060311,1060,0,5,0,5
1060312,1060,0,6,0,0
1060313,1060,5,0,5,1
1060400,1060,5,1,8,1
1061001,1061,0,0,0,2
1061002,1061,1,0,0,5
1061003,1061,1,1,0,1
1061004,1061,1,2,0,5
1061005,1061,1,3,0,4
1061006,1061,1,4,0,1
1061007,1061,1,5,0,5
1061008,1061,4,0,0,1
1061009,1061,7,0,0,2
1061010,1061,8,0,0,1
1061011,1061,3,1,0,3
1061012,1061,6,0,1,5
1061100,1061,2,103010,0,5
1061101,1061,2,103020,0,5
1061102,1061,2,103030,0,3
1061103,1061,2,103050,0,1
1061104,1061,2,103040,0,4
1061105,1061,2,105010,0,1
1061106,1061,2,105020,0,2
1061107,1061,2,105030,0,1
1061200,1061,2,101045,1,5
1061201,1061,2,102040,1,5
1061202,1061,2,101014,0,1
1061203,1061,2,101042,0,2
1061204,1061,2,101012,0,1
1061205,1061,2,101031,0,1
1061206,1061,2,101031,1,1
1061207,1061,2,101032,0,1
1061208,1061,2,101032,1,1
1061209,1061,2,101033,0,1
1061210,1061,2,101033,1,1
1061211,1061,2,101034,0,1
1061212,1061,2,101034,1,1
1061213,1061,2,102030,0,1
1061214,1061,2,102030,1,1
1061215,1061,2,104015,0,1
1061216,1061,2,104045,0,2
1061217,1061,2,106010,0,1
1061218,1061,2,106020,0,1
1061219,1061,2,106020,1,1
1061220,1061,2,106030,0,1
1061221,1061,2,106050,0,1
1061222,1061,2,106050,1,1
1061223,1061,2,106110,0,2
1061224,1061,2,106120,0,1
1061225,1061,2,106120,1,2
1061226,1061,2,106130,0,2
1061227,1061,2,106140,0,1
1061228,1061,2,106150,0,1
1061229,1061,2,106210,0,1
1061230,1061,2,106220,0,1
1061231,1061,2,106220,1,2
1061232,1061,2,106230,0,1
1061233,1061,2,106250,0,1
1061234,1061,9,1,0,1
1061235,1061,9,2,0,1
1061236,1061,9,3,0,1
1061237,1061,9,4,0,2
1061238,1061,9,3,4,4
1061239,1061,9,5,0,5
1061240,1061,9,6,0,4
1061241,1061,9,6,1,2
1061242,1061,9,6,2,5
1061243,1061,9,7,0,4
1061244,1061,9,7,1,2
1061245,1061,9,7,2,5
1061246,1061,9,7,3,4
1061247,1061,9,7,4,4
1061248,1061,9,7,5,1
1061249,1061,9,7,6,6
1061250,1061,9,8,0,4
1061251,1061,9,9,0,1
1061252,1061,2,108010,0,2
1061253,1061,2,108020,0,2
1061254,1061,2,108030,0,2
1061255,1061,2,108040,0,2
1061256,1061,2,107011,0,1
1061257,1061,2,107012,0,1
1061258,1061,2,107013,0,1
1061259,1061,2,107021,0,1
1061260,1061,2,107022,0,1
1061261,1061,2,107023,0,1
1061262,1061,2,107031,0,1
1061263,1061,2,107032,0,1
1061264,1061,2,107033,0,1
1061265,1061,2,107041,0,2
1061266,1061,2,107042,0,2
1061267,1061,2,107043,0,2
1061268,1061,2,107051,0,1
1061269,1061,2,107052,0,1
1061270,1061,2,107053,0,1
1061271,1061,10,0,0,2
1061272,1061,2,107030,0,1
1061273,1061,2,107030,1,1
1061274,1061,2,107040,1,5
1061275,1061,10,1,0,2
1061276,1061,5,9,0,2
1061277,1061,11,0,0,1
1061278,1061,11,1,0,2
1061279,1061,11,2,0,2
1061280,1061,2,109010,0,2
1061281,1061,2,109020,0,2
1061282,1061,2,109030,0,2
1061283,1061,5,0,6,3
1061286,1061,1013,1,0,3
1061287,1061,1013,2,0,2
1061288,1061,1013,3,0,2
1061289,1061,1013,4,0,3
1061290,1061,1013,5,0,3
1061291,1061,1013,6,0,2
1061292,1061,1013,7,0,1
1061293,1061,1013,8,0,1
1061294,1061,1013,9,0,2
1061295,1061,1013,10,0,1
1061401,1061,1014,1,0,1
1061402,1061,1014,2,0,1
1061403,1061,1014,3,0,1
1061404,1061,1014,4,0,2
1061405,1061,1014,5,0,4
1061406,1061,1014,6,0,1
1061407,1061,1014,6,1,1
1061408,1061,1014,6,2,1
1061409,1061,1014,7,0,2
1061410,1061,1014,7,1,1
1061411,1061,1014,7,2,1
1061412,1061,1014,8,0,2
1061413,1061,1014,8,1,1
1061414,1061,1014,8,2,1
1061415,1061,1014,9,0,2
1061416,1061,1014,10,0,2
1061300,1061,5,0,0,5
1061301,1061,5,1,6,5
1061302,1061,5,1,7,1
1061303,1061,5,2,1,7
1061304,1061,5,0,1,2
1061305,1061,5,0,2,2
1061306,1061,5,0,3,1
1061307,1061,5,0,4,5
1061308,1061,0,2,0,2
1061309,1061,0,3,0,5
1061310,1061,0,4,0,2
1061311,1061,0,5,0,5
1061312,1061,0,6,0,0
1061313,1061,5,0,5,1
1061400,1061,5,1,8,1
2001001,2001,0,0,0,1
2001002,2001,1,0,0,3
2001003,2001,1,1,0,3
2001004,2001,1,2,0,3
2001005,2001,1,3,0,2
2001006,2001,1,4,0,3
2001007,2001,1,5,0,3
2001008,2001,4,0,0,1
2001009,2001,7,0,0,1
2001010,2001,8,0,0,1
2001011,2001,3,1,0,2
2001012,2001,6,0,1,6
2001100,2001,2,103010,0,6
2001101,2001,2,103020,0,6
2001102,2001,2,103030,0,2
2001103,2001,2,103050,0,4
2001104,2001,2,103040,0,2
2001105,2001,2,105010,0,1
2001106,2001,2,105020,0,3
2001107,2001,2,105030,0,1
2001200,2001,2,101045,1,6
2001201,2001,2,102040,1,6
2001202,2001,2,101014,0,3
2001203,2001,2,101042,0,3
2001204,2001,2,101012,0,2
2001205,2001,2,101031,0,1
2001206,2001,2,101031,1,1
2001207,2001,2,101032,0,1
2001208,2001,2,101032,1,1
2001209,2001,2,101033,0,1
2001210,2001,2,101033,1,1
2001211,2001,2,101034,0,1
2001212,2001,2,101034,1,1
2001213,2001,2,102030,0,1
2001214,2001,2,102030,1,1
2001215,2001,2,104015,0,2
2001216,2001,2,104045,0,2
2001217,2001,2,106010,0,2
2001218,2001,2,106020,0,2
2001219,2001,2,106020,1,2
2001220,2001,2,106030,0,1
2001221,2001,2,106050,0,2
2001222,2001,2,106050,1,2
2001223,2001,2,106110,0,2
2001224,2001,2,106120,0,2
2001225,2001,2,106120,1,2
2001226,2001,2,106130,0,2
2001227,2001,2,106140,0,2
2001228,2001,2,106150,0,1
2001229,2001,2,106210,0,1
2001230,2001,2,106220,0,2
2001231,2001,2,106220,1,1
2001232,2001,2,106230,0,2
2001233,2001,2,106250,0,1
2001234,2001,9,1,0,1
2001235,2001,9,2,0,1
2001236,2001,9,3,0,1
2001237,2001,9,4,0,1
2001238,2001,9,3,4,1
2001239,2001,9,5,0,1
2001240,2001,9,6,0,1
2001241,2001,9,6,1,1
2001242,2001,9,6,2,1
2001243,2001,9,7,0,1
2001244,2001,9,7,1,1
2001245,2001,9,7,2,1
2001246,2001,9,7,3,1
2001247,2001,9,7,4,1
2001248,2001,9,7,5,1
2001249,2001,9,7,6,1
2001250,2001,9,8,0,1
2001251,2001,9,9,0,1
2001252,2001,2,108010,0,1
2001253,2001,2,108020,0,1
2001254,2001,2,108030,0,1
2001255,2001,2,108040,0,1
2001256,2001,2,107011,0,2
2001257,2001,2,107012,0,2
2001258,2001,2,107013,0,2
2001259,2001,2,107021,0,2
2001260,2001,2,107022,0,2
2001261,2001,2,107023,0,2
2001262,2001,2,107031,0,2
2001263,2001,2,107032,0,2
2001264,2001,2,107033,0,2
2001265,2001,2,107041,0,2
2001266,2001,2,107042,0,2
2001267,2001,2,107043,0,2
2001268,2001,2,107051,0,2
2001269,2001,2,107052,0,2
2001270,2001,2,107053,0,2
2001271,2001,10,0,0,2
2001272,2001,2,107030,0,1
2001273,2001,2,107030,1,1
2001274,2001,2,107040,1,6
2001275,2001,10,1,0,2
2001276,2001,5,9,0,2
2001277,2001,11,0,0,1
2001278,2001,11,1,0,1
2001279,2001,11,2,0,1
2001280,2001,2,109010,0,1
2001281,2001,2,109020,0,1
2001282,2001,2,109030,0,1
2001283,2001,5,0,6,2
2001286,2001,1013,1,0,1
2001287,2001,1013,2,0,1
2001288,2001,1013,3,0,1
2001289,2001,1013,4,0,0
2001290,2001,1013,5,0,0
2001291,2001,1013,6,0,0
2001292,2001,1013,7,0,1
2001293,2001,1013,8,0,1
2001294,2001,1013,9,0,0
2001295,2001,1013,10,0,1
2001401,2001,1014,1,0,1
2001402,2001,1014,2,0,1
2001403,2001,1014,3,0,1
2001404,2001,1014,4,0,1
2001405,2001,1014,5,0,1
2001406,2001,1014,6,0,1
2001407,2001,1014,6,1,1
2001408,2001,1014,6,2,1
2001409,2001,1014,7,0,1
2001410,2001,1014,7,1,1
2001411,2001,1014,7,2,1
2001412,2001,1014,8,0,1
2001413,2001,1014,8,1,1
2001414,2001,1014,8,2,1
2001415,2001,1014,9,0,1
2001416,2001,1014,10,0,1
2001300,2001,5,0,0,6
2001301,2001,5,1,6,2
2001302,2001,5,1,7,5
2001303,2001,5,2,1,2
2001304,2001,5,0,1,2
2001305,2001,5,0,2,2
2001306,2001,5,0,3,1
2001307,2001,5,0,4,3
2001308,2001,0,2,0,1
2001309,2001,0,3,0,3
2001310,2001,0,4,0,3
2001311,2001,0,5,0,3
2001312,2001,0,6,0,0
2001313,2001,5,0,5,3
2001400,2001,5,1,8,1
9001001,9001,0,0,0,4
9001002,9001,1,0,0,3
9001003,9001,1,1,0,3
9001004,9001,1,2,0,3
9001005,9001,1,3,0,2
9001006,9001,1,4,0,3
9001007,9001,1,5,0,3
9001008,9001,4,0,0,2
9001009,9001,7,0,0,1
9001010,9001,8,0,0,1
9001011,9001,3,1,0,1
9001012,9001,6,0,1,2
9001100,9001,2,103010,0,1
9001101,9001,2,103020,0,1
9001102,9001,2,103030,0,1
9001103,9001,2,103050,0,1
9001104,9001,2,103040,0,1
9001105,9001,2,105010,0,2
9001106,9001,2,105020,0,2
9001107,9001,2,105030,0,2
9001200,9001,2,101045,1,1
9001201,9001,2,102040,1,1
9001202,9001,2,101014,0,2
9001203,9001,2,101042,0,2
9001204,9001,2,101012,0,2
9001205,9001,2,101031,0,1
9001206,9001,2,101031,1,1
9001207,9001,2,101032,0,1
9001208,9001,2,101032,1,1
9001209,9001,2,101033,0,1
9001210,9001,2,101033,1,1
9001211,9001,2,101034,0,1
9001212,9001,2,101034,1,1
9001213,9001,2,102030,0,1
9001214,9001,2,102030,1,1
9001215,9001,2,104015,0,1
9001216,9001,2,104045,0,1
9001217,9001,2,106010,0,1
9001218,9001,2,106020,0,1
9001219,9001,2,106020,1,1
9001220,9001,2,106030,0,1
9001221,9001,2,106050,0,1
9001222,9001,2,106050,1,1
9001223,9001,2,106110,0,1
9001224,9001,2,106120,0,1
9001225,9001,2,106120,1,1
9001226,9001,2,106130,0,1
9001227,9001,2,106140,0,1
9001228,9001,2,106150,0,1
9001229,9001,2,106210,0,1
9001230,9001,2,106220,0,1
9001231,9001,2,106220,1,1
9001232,9001,2,106230,0,1
9001233,9001,2,106250,0,1
9001234,9001,9,1,0,1
9001235,9001,9,2,0,1
9001236,9001,9,3,0,1
9001237,9001,9,4,0,1
9001238,9001,9,3,4,1
9001239,9001,9,5,0,1
9001240,9001,9,6,0,1
9001241,9001,9,6,1,1
9001242,9001,9,6,2,1
9001243,9001,9,7,0,1
9001244,9001,9,7,1,1
9001245,9001,9,7,2,1
9001246,9001,9,7,3,1
9001247,9001,9,7,4,1
9001248,9001,9,7,5,1
9001249,9001,9,7,6,1
9001250,9001,9,8,0,1
9001251,9001,9,9,0,1
9001252,9001,2,108010,0,1
9001253,9001,2,108020,0,1
9001254,9001,2,108030,0,1
9001255,9001,2,108040,0,1
9001256,9001,2,107011,0,1
9001257,9001,2,107012,0,1
9001258,9001,2,107013,0,1
9001259,9001,2,107021,0,1
9001260,9001,2,107022,0,1
9001261,9001,2,107023,0,1
9001262,9001,2,107031,0,1
9001263,9001,2,107032,0,1
9001264,9001,2,107033,0,1
9001265,9001,2,107041,0,1
9001266,9001,2,107042,0,1
9001267,9001,2,107043,0,1
9001268,9001,2,107051,0,1
9001269,9001,2,107052,0,1
9001270,9001,2,107053,0,1
9001271,9001,10,0,0,1
9001272,9001,2,107030,0,1
9001273,9001,2,107030,1,1
9001274,9001,2,107040,1,1
9001275,9001,10,1,0,1
9001276,9001,5,9,0,1
9001277,9001,11,0,0,1
9001278,9001,11,1,0,1
9001279,9001,11,2,0,1
9001280,9001,2,109010,0,1
9001281,9001,2,109020,0,1
9001282,9001,2,109030,0,1
9001283,9001,5,0,6,2
9001286,9001,1013,1,0,1
9001287,9001,1013,2,0,1
9001288,9001,1013,3,0,1
9001289,9001,1013,4,0,0
9001290,9001,1013,5,0,0
9001291,9001,1013,6,0,0
9001292,9001,1013,7,0,1
9001293,9001,1013,8,0,1
9001294,9001,1013,9,0,0
9001295,9001,1013,10,0,1
9001401,9001,1014,1,0,1
9001402,9001,1014,2,0,1
9001403,9001,1014,3,0,1
9001404,9001,1014,4,0,1
9001405,9001,1014,5,0,1
9001406,9001,1014,6,0,1
9001407,9001,1014,6,1,1
9001408,9001,1014,6,2,1
9001409,9001,1014,7,0,1
9001410,9001,1014,7,1,1
9001411,9001,1014,7,2,1
9001412,9001,1014,8,0,1
9001413,9001,1014,8,1,1
9001414,9001,1014,8,2,1
9001415,9001,1014,9,0,1
9001416,9001,1014,10,0,1
9001300,9001,5,0,0,1
9001301,9001,5,1,6,2
9001302,9001,5,1,7,2
9001303,9001,5,2,1,2
9001304,9001,5,0,1,2
9001305,9001,5,0,2,2
9001306,9001,5,0,3,1
9001307,9001,5,0,4,3
9001308,9001,0,2,0,2
9001309,9001,0,3,0,3
9001310,9001,0,4,0,3
9001311,9001,0,5,0,3
9001312,9001,0,6,0,0
9001313,9001,5,0,5,3
9001400,9001,5,1,8,1
9002001,9002,0,0,0,1
9002002,9002,1,0,0,3
9002003,9002,1,1,0,3
9002004,9002,1,2,0,3
9002005,9002,1,3,0,2
9002006,9002,1,4,0,3
9002007,9002,1,5,0,3
9002008,9002,4,0,0,2
9002009,9002,7,0,0,1
9002010,9002,8,0,0,1
9002011,9002,3,1,0,1
9002012,9002,6,0,1,2
9002100,9002,2,103010,0,1
9002101,9002,2,103020,0,1
9002102,9002,2,103030,0,1
9002103,9002,2,103050,0,1
9002104,9002,2,103040,0,1
9002105,9002,2,105010,0,2
9002106,9002,2,105020,0,2
9002107,9002,2,105030,0,2
9002200,9002,2,101045,1,1
9002201,9002,2,102040,1,1
9002202,9002,2,101014,0,2
9002203,9002,2,101042,0,2
9002204,9002,2,101012,0,2
9002205,9002,2,101031,0,1
9002206,9002,2,101031,1,1
9002207,9002,2,101032,0,1
9002208,9002,2,101032,1,1
9002209,9002,2,101033,0,1
9002210,9002,2,101033,1,1
9002211,9002,2,101034,0,1
9002212,9002,2,101034,1,1
9002213,9002,2,102030,0,1
9002214,9002,2,102030,1,1
9002215,9002,2,104015,0,1
9002216,9002,2,104045,0,1
9002217,9002,2,106010,0,1
9002218,9002,2,106020,0,1
9002219,9002,2,106020,1,1
9002220,9002,2,106030,0,1
9002221,9002,2,106050,0,1
9002222,9002,2,106050,1,1
9002223,9002,2,106110,0,1
9002224,9002,2,106120,0,1
9002225,9002,2,106120,1,1
9002226,9002,2,106130,0,1
9002227,9002,2,106140,0,1
9002228,9002,2,106150,0,1
9002229,9002,2,106210,0,1
9002230,9002,2,106220,0,1
9002231,9002,2,106220,1,1
9002232,9002,2,106230,0,1
9002233,9002,2,106250,0,1
9002234,9002,9,1,0,1
9002235,9002,9,2,0,1
9002236,9002,9,3,0,1
9002237,9002,9,4,0,1
9002238,9002,9,3,4,1
9002239,9002,9,5,0,1
9002240,9002,9,6,0,1
9002241,9002,9,6,1,1
9002242,9002,9,6,2,1
9002243,9002,9,7,0,1
9002244,9002,9,7,1,1
9002245,9002,9,7,2,1
9002246,9002,9,7,3,1
9002247,9002,9,7,4,1
9002248,9002,9,7,5,1
9002249,9002,9,7,6,1
9002250,9002,9,8,0,1
9002251,9002,9,9,0,1
9002252,9002,2,108010,0,1
9002253,9002,2,108020,0,1
9002254,9002,2,108030,0,1
9002255,9002,2,108040,0,1
9002256,9002,2,107011,0,1
9002257,9002,2,107012,0,1
9002258,9002,2,107013,0,1
9002259,9002,2,107021,0,1
9002260,9002,2,107022,0,1
9002261,9002,2,107023,0,1
9002262,9002,2,107031,0,1
9002263,9002,2,107032,0,1
9002264,9002,2,107033,0,1
9002265,9002,2,107041,0,1
9002266,9002,2,107042,0,1
9002267,9002,2,107043,0,1
9002268,9002,2,107051,0,1
9002269,9002,2,107052,0,1
9002270,9002,2,107053,0,1
9002271,9002,10,0,0,1
9002272,9002,2,107030,0,1
9002273,9002,2,107030,1,1
9002274,9002,2,107040,1,1
9002275,9002,10,1,0,1
9002276,9002,5,9,0,1
9002277,9002,11,0,0,1
9002278,9002,11,1,0,1
9002279,9002,11,2,0,1
9002280,9002,2,109010,0,1
9002281,9002,2,109020,0,1
9002282,9002,2,109030,0,1
9002283,9002,5,0,6,2
9002286,9002,1013,1,0,1
9002287,9002,1013,2,0,1
9002288,9002,1013,3,0,1
9002289,9002,1013,4,0,0
9002290,9002,1013,5,0,0
9002291,9002,1013,6,0,0
9002292,9002,1013,7,0,1
9002293,9002,1013,8,0,1
9002294,9002,1013,9,0,0
9002295,9002,1013,10,0,1
9002401,9002,1014,1,0,1
9002402,9002,1014,2,0,1
9002403,9002,1014,3,0,1
9002404,9002,1014,4,0,1
9002405,9002,1014,5,0,1
9002406,9002,1014,6,0,1
9002407,9002,1014,6,1,1
9002408,9002,1014,6,2,1
9002409,9002,1014,7,0,1
9002410,9002,1014,7,1,1
9002411,9002,1014,7,2,1
9002412,9002,1014,8,0,1
9002413,9002,1014,8,1,1
9002414,9002,1014,8,2,1
9002415,9002,1014,9,0,1
9002416,9002,1014,10,0,1
9002300,9002,5,0,0,1
9002301,9002,5,1,6,2
9002302,9002,5,1,7,2
9002303,9002,5,2,1,2
9002304,9002,5,0,1,2
9002305,9002,5,0,2,2
9002306,9002,5,0,3,1
9002307,9002,5,0,4,3
9002308,9002,0,2,0,2
9002309,9002,0,3,0,3
9002310,9002,0,4,0,3
9002311,9002,0,5,0,3
9002312,9002,0,6,0,0
9002313,9002,5,0,5,3
9002400,9002,5,1,8,1
9003001,9003,0,0,0,1
9003002,9003,1,0,0,3
9003003,9003,1,1,0,3
9003004,9003,1,2,0,3
9003005,9003,1,3,0,2
9003006,9003,1,4,0,3
9003007,9003,1,5,0,3
9003008,9003,4,0,0,2
9003009,9003,7,0,0,1
9003010,9003,8,0,0,1
9003011,9003,3,1,0,1
9003012,9003,6,0,1,2
9003100,9003,2,103010,0,1
9003101,9003,2,103020,0,1
9003102,9003,2,103030,0,1
9003103,9003,2,103050,0,1
9003104,9003,2,103040,0,1
9003105,9003,2,105010,0,2
9003106,9003,2,105020,0,2
9003107,9003,2,105030,0,2
9003200,9003,2,101045,1,1
9003201,9003,2,102040,1,1
9003202,9003,2,101014,0,2
9003203,9003,2,101042,0,2
9003204,9003,2,101012,0,2
9003205,9003,2,101031,0,1
9003206,9003,2,101031,1,1
9003207,9003,2,101032,0,1
9003208,9003,2,101032,1,1
9003209,9003,2,101033,0,1
9003210,9003,2,101033,1,1
9003211,9003,2,101034,0,1
9003212,9003,2,101034,1,1
9003213,9003,2,102030,0,1
9003214,9003,2,102030,1,1
9003215,9003,2,104015,0,1
9003216,9003,2,104045,0,1
9003217,9003,2,106010,0,1
9003218,9003,2,106020,0,1
9003219,9003,2,106020,1,1
9003220,9003,2,106030,0,1
9003221,9003,2,106050,0,1
9003222,9003,2,106050,1,1
9003223,9003,2,106110,0,1
9003224,9003,2,106120,0,1
9003225,9003,2,106120,1,1
9003226,9003,2,106130,0,1
9003227,9003,2,106140,0,1
9003228,9003,2,106150,0,1
9003229,9003,2,106210,0,1
9003230,9003,2,106220,0,1
9003231,9003,2,106220,1,1
9003232,9003,2,106230,0,1
9003233,9003,2,106250,0,1
9003234,9003,9,1,0,1
9003235,9003,9,2,0,1
9003236,9003,9,3,0,1
9003237,9003,9,4,0,1
9003238,9003,9,3,4,1
9003239,9003,9,5,0,1
9003240,9003,9,6,0,1
9003241,9003,9,6,1,1
9003242,9003,9,6,2,1
9003243,9003,9,7,0,1
9003244,9003,9,7,1,1
9003245,9003,9,7,2,1
9003246,9003,9,7,3,1
9003247,9003,9,7,4,1
9003248,9003,9,7,5,1
9003249,9003,9,7,6,1
9003250,9003,9,8,0,1
9003251,9003,9,9,0,1
9003252,9003,2,108010,0,1
9003253,9003,2,108020,0,1
9003254,9003,2,108030,0,1
9003255,9003,2,108040,0,1
9003256,9003,2,107011,0,1
9003257,9003,2,107012,0,1
9003258,9003,2,107013,0,1
9003259,9003,2,107021,0,1
9003260,9003,2,107022,0,1
9003261,9003,2,107023,0,1
9003262,9003,2,107031,0,1
9003263,9003,2,107032,0,1
9003264,9003,2,107033,0,1
9003265,9003,2,107041,0,1
9003266,9003,2,107042,0,1
9003267,9003,2,107043,0,1
9003268,9003,2,107051,0,1
9003269,9003,2,107052,0,1
9003270,9003,2,107053,0,1
9003271,9003,10,0,0,1
9003272,9003,2,107030,0,1
9003273,9003,2,107030,1,1
9003274,9003,2,107040,1,1
9003275,9003,10,1,0,1
9003276,9003,5,9,0,1
9003277,9003,11,0,0,1
9003278,9003,11,1,0,1
9003279,9003,11,2,0,1
9003280,9003,2,109010,0,1
9003281,9003,2,109020,0,1
9003282,9003,2,109030,0,1
9003283,9003,5,0,6,2
9003286,9003,1013,1,0,1
9003287,9003,1013,2,0,1
9003288,9003,1013,3,0,1
9003289,9003,1013,4,0,0
9003290,9003,1013,5,0,0
9003291,9003,1013,6,0,0
9003292,9003,1013,7,0,1
9003293,9003,1013,8,0,1
9003294,9003,1013,9,0,0
9003295,9003,1013,10,0,1
9003401,9003,1014,1,0,1
9003402,9003,1014,2,0,1
9003403,9003,1014,3,0,1
9003404,9003,1014,4,0,1
9003405,9003,1014,5,0,1
9003406,9003,1014,6,0,1
9003407,9003,1014,6,1,1
9003408,9003,1014,6,2,1
9003409,9003,1014,7,0,1
9003410,9003,1014,7,1,1
9003411,9003,1014,7,2,1
9003412,9003,1014,8,0,1
9003413,9003,1014,8,1,1
9003414,9003,1014,8,2,1
9003415,9003,1014,9,0,1
9003416,9003,1014,10,0,1
9003300,9003,5,0,0,1
9003301,9003,5,1,6,2
9003302,9003,5,1,7,2
9003303,9003,5,2,1,2
9003304,9003,5,0,1,2
9003305,9003,5,0,2,2
9003306,9003,5,0,3,1
9003307,9003,5,0,4,3
9003308,9003,0,2,0,2
9003309,9003,0,3,0,3
9003310,9003,0,4,0,3
9003311,9003,0,5,0,3
9003312,9003,0,6,0,0
9003313,9003,5,0,5,3
9003400,9003,5,1,8,1
9004001,9004,0,0,0,1
9004002,9004,1,0,0,3
9004003,9004,1,1,0,3
9004004,9004,1,2,0,3
9004005,9004,1,3,0,2
9004006,9004,1,4,0,3
9004007,9004,1,5,0,3
9004008,9004,4,0,0,2
9004009,9004,7,0,0,1
9004010,9004,8,0,0,1
9004011,9004,3,1,0,1
9004012,9004,6,0,1,2
9004100,9004,2,103010,0,1
9004101,9004,2,103020,0,1
9004102,9004,2,103030,0,1
9004103,9004,2,103050,0,1
9004104,9004,2,103040,0,1
9004105,9004,2,105010,0,2
9004106,9004,2,105020,0,2
9004107,9004,2,105030,0,2
9004200,9004,2,101045,1,1
9004201,9004,2,102040,1,1
9004202,9004,2,101014,0,2
9004203,9004,2,101042,0,2
9004204,9004,2,101012,0,2
9004205,9004,2,101031,0,1
9004206,9004,2,101031,1,1
9004207,9004,2,101032,0,1
9004208,9004,2,101032,1,1
9004209,9004,2,101033,0,1
9004210,9004,2,101033,1,1
9004211,9004,2,101034,0,1
9004212,9004,2,101034,1,1
9004213,9004,2,102030,0,1
9004214,9004,2,102030,1,1
9004215,9004,2,104015,0,1
9004216,9004,2,104045,0,1
9004217,9004,2,106010,0,1
9004218,9004,2,106020,0,1
9004219,9004,2,106020,1,1
9004220,9004,2,106030,0,1
9004221,9004,2,106050,0,1
9004222,9004,2,106050,1,1
9004223,9004,2,106110,0,1
9004224,9004,2,106120,0,1
9004225,9004,2,106120,1,1
9004226,9004,2,106130,0,1
9004227,9004,2,106140,0,1
9004228,9004,2,106150,0,1
9004229,9004,2,106210,0,1
9004230,9004,2,106220,0,1
9004231,9004,2,106220,1,1
9004232,9004,2,106230,0,1
9004233,9004,2,106250,0,1
9004234,9004,9,1,0,1
9004235,9004,9,2,0,1
9004236,9004,9,3,0,1
9004237,9004,9,4,0,1
9004238,9004,9,3,4,1
9004239,9004,9,5,0,1
9004240,9004,9,6,0,1
9004241,9004,9,6,1,1
9004242,9004,9,6,2,1
9004243,9004,9,7,0,1
9004244,9004,9,7,1,1
9004245,9004,9,7,2,1
9004246,9004,9,7,3,1
9004247,9004,9,7,4,1
9004248,9004,9,7,5,1
9004249,9004,9,7,6,1
9004250,9004,9,8,0,1
9004251,9004,9,9,0,1
9004252,9004,2,108010,0,1
9004253,9004,2,108020,0,1
9004254,9004,2,108030,0,1
9004255,9004,2,108040,0,1
9004256,9004,2,107011,0,1
9004257,9004,2,107012,0,1
9004258,9004,2,107013,0,1
9004259,9004,2,107021,0,1
9004260,9004,2,107022,0,1
9004261,9004,2,107023,0,1
9004262,9004,2,107031,0,1
9004263,9004,2,107032,0,1
9004264,9004,2,107033,0,1
9004265,9004,2,107041,0,1
9004266,9004,2,107042,0,1
9004267,9004,2,107043,0,1
9004268,9004,2,107051,0,1
9004269,9004,2,107052,0,1
9004270,9004,2,107053,0,1
9004271,9004,10,0,0,1
9004272,9004,2,107030,0,1
9004273,9004,2,107030,1,1
9004274,9004,2,107040,1,1
9004275,9004,10,1,0,1
9004276,9004,5,9,0,1
9004277,9004,11,0,0,1
9004278,9004,11,1,0,1
9004279,9004,11,2,0,1
9004280,9004,2,109010,0,1
9004281,9004,2,109020,0,1
9004282,9004,2,109030,0,1
9004283,9004,5,0,6,2
9004286,9004,1013,1,0,1
9004287,9004,1013,2,0,1
9004288,9004,1013,3,0,1
9004289,9004,1013,4,0,0
9004290,9004,1013,5,0,0
9004291,9004,1013,6,0,0
9004292,9004,1013,7,0,1
9004293,9004,1013,8,0,1
9004294,9004,1013,9,0,0
9004295,9004,1013,10,0,1
9004401,9004,1014,1,0,1
9004402,9004,1014,2,0,1
9004403,9004,1014,3,0,1
9004404,9004,1014,4,0,1
9004405,9004,1014,5,0,1
9004406,9004,1014,6,0,1
9004407,9004,1014,6,1,1
9004408,9004,1014,6,2,1
9004409,9004,1014,7,0,1
9004410,9004,1014,7,1,1
9004411,9004,1014,7,2,1
9004412,9004,1014,8,0,1
9004413,9004,1014,8,1,1
9004414,9004,1014,8,2,1
9004415,9004,1014,9,0,1
9004416,9004,1014,10,0,1
9004300,9004,5,0,0,1
9004301,9004,5,1,6,2
9004302,9004,5,1,7,2
9004303,9004,5,2,1,2
9004304,9004,5,0,1,2
9004305,9004,5,0,2,2
9004306,9004,5,0,3,1
9004307,9004,5,0,4,3
9004308,9004,0,2,0,2
9004309,9004,0,3,0,3
9004310,9004,0,4,0,3
9004311,9004,0,5,0,3
9004312,9004,0,6,0,0
9004313,9004,5,0,5,3
9004400,9004,5,1,8,1
9005001,9005,0,0,0,2
9005002,9005,1,0,0,3
9005003,9005,1,1,0,3
9005004,9005,1,2,0,3
9005005,9005,1,3,0,2
9005006,9005,1,4,0,3
9005007,9005,1,5,0,3
9005008,9005,4,0,0,2
9005009,9005,7,0,0,1
9005010,9005,8,0,0,1
9005011,9005,3,1,0,1
9005012,9005,6,0,1,2
9005100,9005,2,103010,0,1
9005101,9005,2,103020,0,1
9005102,9005,2,103030,0,1
9005103,9005,2,103050,0,1
9005104,9005,2,103040,0,1
9005105,9005,2,105010,0,2
9005106,9005,2,105020,0,2
9005107,9005,2,105030,0,2
9005200,9005,2,101045,1,1
9005201,9005,2,102040,1,1
9005202,9005,2,101014,0,2
9005203,9005,2,101042,0,2
9005204,9005,2,101012,0,2
9005205,9005,2,101031,0,1
9005206,9005,2,101031,1,1
9005207,9005,2,101032,0,1
9005208,9005,2,101032,1,1
9005209,9005,2,101033,0,1
9005210,9005,2,101033,1,1
9005211,9005,2,101034,0,1
9005212,9005,2,101034,1,1
9005213,9005,2,102030,0,1
9005214,9005,2,102030,1,1
9005215,9005,2,104015,0,1
9005216,9005,2,104045,0,1
9005217,9005,2,106010,0,1
9005218,9005,2,106020,0,1
9005219,9005,2,106020,1,1
9005220,9005,2,106030,0,1
9005221,9005,2,106050,0,1
9005222,9005,2,106050,1,1
9005223,9005,2,106110,0,1
9005224,9005,2,106120,0,1
9005225,9005,2,106120,1,1
9005226,9005,2,106130,0,1
9005227,9005,2,106140,0,1
9005228,9005,2,106150,0,1
9005229,9005,2,106210,0,1
9005230,9005,2,106220,0,1
9005231,9005,2,106220,1,1
9005232,9005,2,106230,0,1
9005233,9005,2,106250,0,1
9005234,9005,9,1,0,1
9005235,9005,9,2,0,1
9005236,9005,9,3,0,1
9005237,9005,9,4,0,1
9005238,9005,9,3,4,1
9005239,9005,9,5,0,1
9005240,9005,9,6,0,1
9005241,9005,9,6,1,1
9005242,9005,9,6,2,1
9005243,9005,9,7,0,1
9005244,9005,9,7,1,1
9005245,9005,9,7,2,1
9005246,9005,9,7,3,1
9005247,9005,9,7,4,1
9005248,9005,9,7,5,1
9005249,9005,9,7,6,1
9005250,9005,9,8,0,1
9005251,9005,9,9,0,1
9005252,9005,2,108010,0,1
9005253,9005,2,108020,0,1
9005254,9005,2,108030,0,1
9005255,9005,2,108040,0,1
9005256,9005,2,107011,0,1
9005257,9005,2,107012,0,1
9005258,9005,2,107013,0,1
9005259,9005,2,107021,0,1
9005260,9005,2,107022,0,1
9005261,9005,2,107023,0,1
9005262,9005,2,107031,0,1
9005263,9005,2,107032,0,1
9005264,9005,2,107033,0,1
9005265,9005,2,107041,0,1
9005266,9005,2,107042,0,1
9005267,9005,2,107043,0,1
9005268,9005,2,107051,0,1
9005269,9005,2,107052,0,1
9005270,9005,2,107053,0,1
9005271,9005,10,0,0,1
9005272,9005,2,107030,0,1
9005273,9005,2,107030,1,1
9005274,9005,2,107040,1,1
9005275,9005,10,1,0,1
9005276,9005,5,9,0,1
9005277,9005,11,0,0,1
9005278,9005,11,1,0,1
9005279,9005,11,2,0,1
9005280,9005,2,109010,0,1
9005281,9005,2,109020,0,1
9005282,9005,2,109030,0,1
9005283,9005,5,0,6,2
9005286,9005,1013,1,0,1
9005287,9005,1013,2,0,1
9005288,9005,1013,3,0,1
9005289,9005,1013,4,0,0
9005290,9005,1013,5,0,0
9005291,9005,1013,6,0,0
9005292,9005,1013,7,0,1
9005293,9005,1013,8,0,1
9005294,9005,1013,9,0,0
9005295,9005,1013,10,0,1
9005401,9005,1014,1,0,1
9005402,9005,1014,2,0,1
9005403,9005,1014,3,0,1
9005404,9005,1014,4,0,1
9005405,9005,1014,5,0,1
9005406,9005,1014,6,0,1
9005407,9005,1014,6,1,1
9005408,9005,1014,6,2,1
9005409,9005,1014,7,0,1
9005410,9005,1014,7,1,1
9005411,9005,1014,7,2,1
9005412,9005,1014,8,0,1
9005413,9005,1014,8,1,1
9005414,9005,1014,8,2,1
9005415,9005,1014,9,0,1
9005416,9005,1014,10,0,1
9005300,9005,5,0,0,1
9005301,9005,5,1,6,2
9005302,9005,5,1,7,2
9005303,9005,5,2,1,2
9005304,9005,5,0,1,2
9005305,9005,5,0,2,2
9005306,9005,5,0,3,1
9005307,9005,5,0,4,3
9005308,9005,0,2,0,2
9005309,9005,0,3,0,3
9005310,9005,0,4,0,3
9005311,9005,0,5,0,3
9005312,9005,0,6,0,0
9005313,9005,5,0,5,3
9005400,9005,5,1,8,1
9006001,9006,0,0,0,1
9006002,9006,1,0,0,3
9006003,9006,1,1,0,3
9006004,9006,1,2,0,3
9006005,9006,1,3,0,2
9006006,9006,1,4,0,3
9006007,9006,1,5,0,3
9006008,9006,4,0,0,2
9006009,9006,7,0,0,1
9006010,9006,8,0,0,1
9006011,9006,3,1,0,1
9006012,9006,6,0,1,2
9006100,9006,2,103010,0,1
9006101,9006,2,103020,0,1
9006102,9006,2,103030,0,1
9006103,9006,2,103050,0,1
9006104,9006,2,103040,0,1
9006105,9006,2,105010,0,2
9006106,9006,2,105020,0,2
9006107,9006,2,105030,0,2
9006200,9006,2,101045,1,1
9006201,9006,2,102040,1,1
9006202,9006,2,101014,0,2
9006203,9006,2,101042,0,2
9006204,9006,2,101012,0,2
9006205,9006,2,101031,0,1
9006206,9006,2,101031,1,1
9006207,9006,2,101032,0,1
9006208,9006,2,101032,1,1
9006209,9006,2,101033,0,1
9006210,9006,2,101033,1,1
9006211,9006,2,101034,0,1
9006212,9006,2,101034,1,1
9006213,9006,2,102030,0,1
9006214,9006,2,102030,1,1
9006215,9006,2,104015,0,1
9006216,9006,2,104045,0,1
9006217,9006,2,106010,0,1
9006218,9006,2,106020,0,1
9006219,9006,2,106020,1,1
9006220,9006,2,106030,0,1
9006221,9006,2,106050,0,1
9006222,9006,2,106050,1,1
9006223,9006,2,106110,0,1
9006224,9006,2,106120,0,1
9006225,9006,2,106120,1,1
9006226,9006,2,106130,0,1
9006227,9006,2,106140,0,1
9006228,9006,2,106150,0,1
9006229,9006,2,106210,0,1
9006230,9006,2,106220,0,1
9006231,9006,2,106220,1,1
9006232,9006,2,106230,0,1
9006233,9006,2,106250,0,1
9006234,9006,9,1,0,1
9006235,9006,9,2,0,1
9006236,9006,9,3,0,1
9006237,9006,9,4,0,1
9006238,9006,9,3,4,1
9006239,9006,9,5,0,1
9006240,9006,9,6,0,1
9006241,9006,9,6,1,1
9006242,9006,9,6,2,1
9006243,9006,9,7,0,1
9006244,9006,9,7,1,1
9006245,9006,9,7,2,1
9006246,9006,9,7,3,1
9006247,9006,9,7,4,1
9006248,9006,9,7,5,1
9006249,9006,9,7,6,1
9006250,9006,9,8,0,1
9006251,9006,9,9,0,1
9006252,9006,2,108010,0,1
9006253,9006,2,108020,0,1
9006254,9006,2,108030,0,1
9006255,9006,2,108040,0,1
9006256,9006,2,107011,0,1
9006257,9006,2,107012,0,1
9006258,9006,2,107013,0,1
9006259,9006,2,107021,0,1
9006260,9006,2,107022,0,1
9006261,9006,2,107023,0,1
9006262,9006,2,107031,0,1
9006263,9006,2,107032,0,1
9006264,9006,2,107033,0,1
9006265,9006,2,107041,0,1
9006266,9006,2,107042,0,1
9006267,9006,2,107043,0,1
9006268,9006,2,107051,0,1
9006269,9006,2,107052,0,1
9006270,9006,2,107053,0,1
9006271,9006,10,0,0,1
9006272,9006,2,107030,0,1
9006273,9006,2,107030,1,1
9006274,9006,2,107040,1,1
9006275,9006,10,1,0,1
9006276,9006,5,9,0,1
9006277,9006,11,0,0,1
9006278,9006,11,1,0,1
9006279,9006,11,2,0,1
9006280,9006,2,109010,0,1
9006281,9006,2,109020,0,1
9006282,9006,2,109030,0,1
9006283,9006,5,0,6,2
9006286,9006,1013,1,0,1
9006287,9006,1013,2,0,1
9006288,9006,1013,3,0,1
9006289,9006,1013,4,0,0
9006290,9006,1013,5,0,0
9006291,9006,1013,6,0,0
9006292,9006,1013,7,0,1
9006293,9006,1013,8,0,1
9006294,9006,1013,9,0,0
9006295,9006,1013,10,0,1
9006401,9006,1014,1,0,1
9006402,9006,1014,2,0,1
9006403,9006,1014,3,0,1
9006404,9006,1014,4,0,1
9006405,9006,1014,5,0,1
9006406,9006,1014,6,0,1
9006407,9006,1014,6,1,1
9006408,9006,1014,6,2,1
9006409,9006,1014,7,0,1
9006410,9006,1014,7,1,1
9006411,9006,1014,7,2,1
9006412,9006,1014,8,0,1
9006413,9006,1014,8,1,1
9006414,9006,1014,8,2,1
9006415,9006,1014,9,0,1
9006416,9006,1014,10,0,1
9006300,9006,5,0,0,1
9006301,9006,5,1,6,2
9006302,9006,5,1,7,2
9006303,9006,5,2,1,2
9006304,9006,5,0,1,2
9006305,9006,5,0,2,2
9006306,9006,5,0,3,1
9006307,9006,5,0,4,3
9006308,9006,0,2,0,2
9006309,9006,0,3,0,3
9006310,9006,0,4,0,3
9006311,9006,0,5,0,3
9006312,9006,0,6,0,0
9006313,9006,5,0,5,3
9006400,9006,5,1,8,1
9007001,9007,0,0,0,2
9007002,9007,1,0,0,3
9007003,9007,1,1,0,3
9007004,9007,1,2,0,3
9007005,9007,1,3,0,2
9007006,9007,1,4,0,3
9007007,9007,1,5,0,3
9007008,9007,4,0,0,2
9007009,9007,7,0,0,1
9007010,9007,8,0,0,1
9007011,9007,3,1,0,1
9007012,9007,6,0,1,2
9007100,9007,2,103010,0,1
9007101,9007,2,103020,0,1
9007102,9007,2,103030,0,1
9007103,9007,2,103050,0,1
9007104,9007,2,103040,0,1
9007105,9007,2,105010,0,2
9007106,9007,2,105020,0,2
9007107,9007,2,105030,0,2
9007200,9007,2,101045,1,1
9007201,9007,2,102040,1,1
9007202,9007,2,101014,0,2
9007203,9007,2,101042,0,2
9007204,9007,2,101012,0,2
9007205,9007,2,101031,0,1
9007206,9007,2,101031,1,1
9007207,9007,2,101032,0,1
9007208,9007,2,101032,1,1
9007209,9007,2,101033,0,1
9007210,9007,2,101033,1,1
9007211,9007,2,101034,0,1
9007212,9007,2,101034,1,1
9007213,9007,2,102030,0,1
9007214,9007,2,102030,1,1
9007215,9007,2,104015,0,1
9007216,9007,2,104045,0,1
9007217,9007,2,106010,0,1
9007218,9007,2,106020,0,1
9007219,9007,2,106020,1,1
9007220,9007,2,106030,0,1
9007221,9007,2,106050,0,1
9007222,9007,2,106050,1,1
9007223,9007,2,106110,0,1
9007224,9007,2,106120,0,1
9007225,9007,2,106120,1,1
9007226,9007,2,106130,0,1
9007227,9007,2,106140,0,1
9007228,9007,2,106150,0,1
9007229,9007,2,106210,0,1
9007230,9007,2,106220,0,1
9007231,9007,2,106220,1,1
9007232,9007,2,106230,0,1
9007233,9007,2,106250,0,1
9007234,9007,9,1,0,1
9007235,9007,9,2,0,1
9007236,9007,9,3,0,1
9007237,9007,9,4,0,1
9007238,9007,9,3,4,1
9007239,9007,9,5,0,1
9007240,9007,9,6,0,1
9007241,9007,9,6,1,1
9007242,9007,9,6,2,1
9007243,9007,9,7,0,1
9007244,9007,9,7,1,1
9007245,9007,9,7,2,1
9007246,9007,9,7,3,1
9007247,9007,9,7,4,1
9007248,9007,9,7,5,1
9007249,9007,9,7,6,1
9007250,9007,9,8,0,1
9007251,9007,9,9,0,1
9007252,9007,2,108010,0,1
9007253,9007,2,108020,0,1
9007254,9007,2,108030,0,1
9007255,9007,2,108040,0,1
9007256,9007,2,107011,0,1
9007257,9007,2,107012,0,1
9007258,9007,2,107013,0,1
9007259,9007,2,107021,0,1
9007260,9007,2,107022,0,1
9007261,9007,2,107023,0,1
9007262,9007,2,107031,0,1
9007263,9007,2,107032,0,1
9007264,9007,2,107033,0,1
9007265,9007,2,107041,0,1
9007266,9007,2,107042,0,1
9007267,9007,2,107043,0,1
9007268,9007,2,107051,0,1
9007269,9007,2,107052,0,1
9007270,9007,2,107053,0,1
9007271,9007,10,0,0,1
9007272,9007,2,107030,0,1
9007273,9007,2,107030,1,1
9007274,9007,2,107040,1,1
9007275,9007,10,1,0,1
9007276,9007,5,9,0,1
9007277,9007,11,0,0,1
9007278,9007,11,1,0,1
9007279,9007,11,2,0,1
9007280,9007,2,109010,0,1
9007281,9007,2,109020,0,1
9007282,9007,2,109030,0,1
9007283,9007,5,0,6,2
9007286,9007,1013,1,0,1
9007287,9007,1013,2,0,1
9007288,9007,1013,3,0,1
9007289,9007,1013,4,0,0
9007290,9007,1013,5,0,0
9007291,9007,1013,6,0,0
9007292,9007,1013,7,0,1
9007293,9007,1013,8,0,1
9007294,9007,1013,9,0,0
9007295,9007,1013,10,0,1
9007401,9007,1014,1,0,1
9007402,9007,1014,2,0,1
9007403,9007,1014,3,0,1
9007404,9007,1014,4,0,1
9007405,9007,1014,5,0,1
9007406,9007,1014,6,0,1
9007407,9007,1014,6,1,1
9007408,9007,1014,6,2,1
9007409,9007,1014,7,0,1
9007410,9007,1014,7,1,1
9007411,9007,1014,7,2,1
9007412,9007,1014,8,0,1
9007413,9007,1014,8,1,1
9007414,9007,1014,8,2,1
9007415,9007,1014,9,0,1
9007416,9007,1014,10,0,1
9007300,9007,5,0,0,1
9007301,9007,5,1,6,2
9007302,9007,5,1,7,2
9007303,9007,5,2,1,2
9007304,9007,5,0,1,2
9007305,9007,5,0,2,2
9007306,9007,5,0,3,1
9007307,9007,5,0,4,3
9007308,9007,0,2,0,2
9007309,9007,0,3,0,3
9007310,9007,0,4,0,3
9007311,9007,0,5,0,3
9007312,9007,0,6,0,0
9007313,9007,5,0,5,3
9007400,9007,5,1,8,1
9008001,9008,0,0,0,4
9008002,9008,1,0,0,3
9008003,9008,1,1,0,3
9008004,9008,1,2,0,3
9008005,9008,1,3,0,2
9008006,9008,1,4,0,3
9008007,9008,1,5,0,3
9008008,9008,4,0,0,2
9008009,9008,7,0,0,1
9008010,9008,8,0,0,1
9008011,9008,3,1,0,1
9008012,9008,6,0,1,2
9008100,9008,2,103010,0,1
9008101,9008,2,103020,0,1
9008102,9008,2,103030,0,1
9008103,9008,2,103050,0,1
9008104,9008,2,103040,0,1
9008105,9008,2,105010,0,2
9008106,9008,2,105020,0,2
9008107,9008,2,105030,0,2
9008200,9008,2,101045,1,1
9008201,9008,2,102040,1,1
9008202,9008,2,101014,0,2
9008203,9008,2,101042,0,2
9008204,9008,2,101012,0,2
9008205,9008,2,101031,0,1
9008206,9008,2,101031,1,1
9008207,9008,2,101032,0,1
9008208,9008,2,101032,1,1
9008209,9008,2,101033,0,1
9008210,9008,2,101033,1,1
9008211,9008,2,101034,0,1
9008212,9008,2,101034,1,1
9008213,9008,2,102030,0,1
9008214,9008,2,102030,1,1
9008215,9008,2,104015,0,1
9008216,9008,2,104045,0,1
9008217,9008,2,106010,0,1
9008218,9008,2,106020,0,1
9008219,9008,2,106020,1,1
9008220,9008,2,106030,0,1
9008221,9008,2,106050,0,1
9008222,9008,2,106050,1,1
9008223,9008,2,106110,0,1
9008224,9008,2,106120,0,1
9008225,9008,2,106120,1,1
9008226,9008,2,106130,0,1
9008227,9008,2,106140,0,1
9008228,9008,2,106150,0,1
9008229,9008,2,106210,0,1
9008230,9008,2,106220,0,1
9008231,9008,2,106220,1,1
9008232,9008,2,106230,0,1
9008233,9008,2,106250,0,1
9008234,9008,9,1,0,1
9008235,9008,9,2,0,1
9008236,9008,9,3,0,1
9008237,9008,9,4,0,1
9008238,9008,9,3,4,1
9008239,9008,9,5,0,1
9008240,9008,9,6,0,1
9008241,9008,9,6,1,1
9008242,9008,9,6,2,1
9008243,9008,9,7,0,1
9008244,9008,9,7,1,1
9008245,9008,9,7,2,1
9008246,9008,9,7,3,1
9008247,9008,9,7,4,1
9008248,9008,9,7,5,1
9008249,9008,9,7,6,1
9008250,9008,9,8,0,1
9008251,9008,9,9,0,1
9008252,9008,2,108010,0,1
9008253,9008,2,108020,0,1
9008254,9008,2,108030,0,1
9008255,9008,2,108040,0,1
9008256,9008,2,107011,0,1
9008257,9008,2,107012,0,1
9008258,9008,2,107013,0,1
9008259,9008,2,107021,0,1
9008260,9008,2,107022,0,1
9008261,9008,2,107023,0,1
9008262,9008,2,107031,0,1
9008263,9008,2,107032,0,1
9008264,9008,2,107033,0,1
9008265,9008,2,107041,0,1
9008266,9008,2,107042,0,1
9008267,9008,2,107043,0,1
9008268,9008,2,107051,0,1
9008269,9008,2,107052,0,1
9008270,9008,2,107053,0,1
9008271,9008,10,0,0,1
9008272,9008,2,107030,0,1
9008273,9008,2,107030,1,1
9008274,9008,2,107040,1,1
9008275,9008,10,1,0,1
9008276,9008,5,9,0,1
9008277,9008,11,0,0,1
9008278,9008,11,1,0,1
9008279,9008,11,2,0,1
9008280,9008,2,109010,0,1
9008281,9008,2,109020,0,1
9008282,9008,2,109030,0,1
9008283,9008,5,0,6,2
9008286,9008,1013,1,0,1
9008287,9008,1013,2,0,1
9008288,9008,1013,3,0,1
9008289,9008,1013,4,0,0
9008290,9008,1013,5,0,0
9008291,9008,1013,6,0,0
9008292,9008,1013,7,0,1
9008293,9008,1013,8,0,1
9008294,9008,1013,9,0,0
9008295,9008,1013,10,0,1
9008401,9008,1014,1,0,1
9008402,9008,1014,2,0,1
9008403,9008,1014,3,0,1
9008404,9008,1014,4,0,1
9008405,9008,1014,5,0,1
9008406,9008,1014,6,0,1
9008407,9008,1014,6,1,1
9008408,9008,1014,6,2,1
9008409,9008,1014,7,0,1
9008410,9008,1014,7,1,1
9008411,9008,1014,7,2,1
9008412,9008,1014,8,0,1
9008413,9008,1014,8,1,1
9008414,9008,1014,8,2,1
9008415,9008,1014,9,0,1
9008416,9008,1014,10,0,1
9008300,9008,5,0,0,1
9008301,9008,5,1,6,2
9008302,9008,5,1,7,2
9008303,9008,5,2,1,2
9008304,9008,5,0,1,2
9008305,9008,5,0,2,2
9008306,9008,5,0,3,1
9008307,9008,5,0,4,3
9008308,9008,0,2,0,2
9008309,9008,0,3,0,3
9008310,9008,0,4,0,3
9008311,9008,0,5,0,3
9008312,9008,0,6,0,0
9008313,9008,5,0,5,3
9008400,9008,5,1,8,1
9043001,9043,0,0,0,1
9043002,9043,1,0,0,3
9043003,9043,1,1,0,3
9043004,9043,1,2,0,3
9043005,9043,1,3,0,2
9043006,9043,1,4,0,3
9043007,9043,1,5,0,3
9043008,9043,4,0,0,2
9043009,9043,7,0,0,1
9043010,9043,8,0,0,1
9043011,9043,3,1,0,1
9043012,9043,6,0,1,2
9043100,9043,2,103010,0,1
9043101,9043,2,103020,0,1
9043102,9043,2,103030,0,1
9043103,9043,2,103050,0,1
9043104,9043,2,103040,0,1
9043105,9043,2,105010,0,2
9043106,9043,2,105020,0,2
9043107,9043,2,105030,0,2
9043200,9043,2,101045,1,1
9043201,9043,2,102040,1,1
9043202,9043,2,101014,0,2
9043203,9043,2,101042,0,2
9043204,9043,2,101012,0,2
9043205,9043,2,101031,0,1
9043206,9043,2,101031,1,1
9043207,9043,2,101032,0,1
9043208,9043,2,101032,1,1
9043209,9043,2,101033,0,1
9043210,9043,2,101033,1,1
9043211,9043,2,101034,0,1
9043212,9043,2,101034,1,1
9043213,9043,2,102030,0,1
9043214,9043,2,102030,1,1
9043215,9043,2,104015,0,1
9043216,9043,2,104045,0,1
9043217,9043,2,106010,0,1
9043218,9043,2,106020,0,1
9043219,9043,2,106020,1,1
9043220,9043,2,106030,0,1
9043221,9043,2,106050,0,1
9043222,9043,2,106050,1,1
9043223,9043,2,106110,0,1
9043224,9043,2,106120,0,1
9043225,9043,2,106120,1,1
9043226,9043,2,106130,0,1
9043227,9043,2,106140,0,1
9043228,9043,2,106150,0,1
9043229,9043,2,106210,0,1
9043230,9043,2,106220,0,1
9043231,9043,2,106220,1,1
9043232,9043,2,106230,0,1
9043233,9043,2,106250,0,1
9043234,9043,9,1,0,1
9043235,9043,9,2,0,1
9043236,9043,9,3,0,1
9043237,9043,9,4,0,1
9043238,9043,9,3,4,1
9043239,9043,9,5,0,1
9043240,9043,9,6,0,1
9043241,9043,9,6,1,1
9043242,9043,9,6,2,1
9043243,9043,9,7,0,1
9043244,9043,9,7,1,1
9043245,9043,9,7,2,1
9043246,9043,9,7,3,1
9043247,9043,9,7,4,1
9043248,9043,9,7,5,1
9043249,9043,9,7,6,1
9043250,9043,9,8,0,1
9043251,9043,9,9,0,1
9043252,9043,2,108010,0,1
9043253,9043,2,108020,0,1
9043254,9043,2,108030,0,1
9043255,9043,2,108040,0,1
9043256,9043,2,107011,0,1
9043257,9043,2,107012,0,1
9043258,9043,2,107013,0,1
9043259,9043,2,107021,0,1
9043260,9043,2,107022,0,1
9043261,9043,2,107023,0,1
9043262,9043,2,107031,0,1
9043263,9043,2,107032,0,1
9043264,9043,2,107033,0,1
9043265,9043,2,107041,0,1
9043266,9043,2,107042,0,1
9043267,9043,2,107043,0,1
9043268,9043,2,107051,0,1
9043269,9043,2,107052,0,1
9043270,9043,2,107053,0,1
9043271,9043,10,0,0,1
9043272,9043,2,107030,0,1
9043273,9043,2,107030,1,1
9043274,9043,2,107040,1,1
9043275,9043,10,1,0,1
9043276,9043,5,9,0,1
9043277,9043,11,0,0,1
9043278,9043,11,1,0,1
9043279,9043,11,2,0,1
9043280,9043,2,109010,0,1
9043281,9043,2,109020,0,1
9043282,9043,2,109030,0,1
9043283,9043,5,0,6,2
9043286,9043,1013,1,0,1
9043287,9043,1013,2,0,1
9043288,9043,1013,3,0,1
9043289,9043,1013,4,0,0
9043290,9043,1013,5,0,0
9043291,9043,1013,6,0,0
9043292,9043,1013,7,0,1
9043293,9043,1013,8,0,1
9043294,9043,1013,9,0,0
9043295,9043,1013,10,0,1
9043401,9043,1014,1,0,1
9043402,9043,1014,2,0,1
9043403,9043,1014,3,0,1
9043404,9043,1014,4,0,1
9043405,9043,1014,5,0,1
9043406,9043,1014,6,0,1
9043407,9043,1014,6,1,1
9043408,9043,1014,6,2,1
9043409,9043,1014,7,0,1
9043410,9043,1014,7,1,1
9043411,9043,1014,7,2,1
9043412,9043,1014,8,0,1
9043413,9043,1014,8,1,1
9043414,9043,1014,8,2,1
9043415,9043,1014,9,0,1
9043416,9043,1014,10,0,1
9043300,9043,5,0,0,1
9043301,9043,5,1,6,2
9043302,9043,5,1,7,2
9043303,9043,5,2,1,2
9043304,9043,5,0,1,2
9043305,9043,5,0,2,2
9043306,9043,5,0,3,1
9043307,9043,5,0,4,3
9043308,9043,0,2,0,2
9043309,9043,0,3,0,3
9043310,9043,0,4,0,3
9043311,9043,0,5,0,3
9043312,9043,0,6,0,0
9043313,9043,5,0,5,3
9043400,9043,5,1,8,1
9044001,9044,0,0,0,4
9044002,9044,1,0,0,3
9044003,9044,1,1,0,3
9044004,9044,1,2,0,3
9044005,9044,1,3,0,2
9044006,9044,1,4,0,3
9044007,9044,1,5,0,3
9044008,9044,4,0,0,2
9044009,9044,7,0,0,1
9044010,9044,8,0,0,1
9044011,9044,3,1,0,1
9044012,9044,6,0,1,2
9044100,9044,2,103010,0,1
9044101,9044,2,103020,0,1
9044102,9044,2,103030,0,1
9044103,9044,2,103050,0,1
9044104,9044,2,103040,0,1
9044105,9044,2,105010,0,2
9044106,9044,2,105020,0,2
9044107,9044,2,105030,0,2
9044200,9044,2,101045,1,1
9044201,9044,2,102040,1,1
9044202,9044,2,101014,0,2
9044203,9044,2,101042,0,2
9044204,9044,2,101012,0,2
9044205,9044,2,101031,0,1
9044206,9044,2,101031,1,1
9044207,9044,2,101032,0,1
9044208,9044,2,101032,1,1
9044209,9044,2,101033,0,1
9044210,9044,2,101033,1,1
9044211,9044,2,101034,0,1
9044212,9044,2,101034,1,1
9044213,9044,2,102030,0,1
9044214,9044,2,102030,1,1
9044215,9044,2,104015,0,1
9044216,9044,2,104045,0,1
9044217,9044,2,106010,0,1
9044218,9044,2,106020,0,1
9044219,9044,2,106020,1,1
9044220,9044,2,106030,0,1
9044221,9044,2,106050,0,1
9044222,9044,2,106050,1,1
9044223,9044,2,106110,0,1
9044224,9044,2,106120,0,1
9044225,9044,2,106120,1,1
9044226,9044,2,106130,0,1
9044227,9044,2,106140,0,1
9044228,9044,2,106150,0,1
9044229,9044,2,106210,0,1
9044230,9044,2,106220,0,1
9044231,9044,2,106220,1,1
9044232,9044,2,106230,0,1
9044233,9044,2,106250,0,1
9044234,9044,9,1,0,1
9044235,9044,9,2,0,1
9044236,9044,9,3,0,1
9044237,9044,9,4,0,1
9044238,9044,9,3,4,1
9044239,9044,9,5,0,1
9044240,9044,9,6,0,1
9044241,9044,9,6,1,1
9044242,9044,9,6,2,1
9044243,9044,9,7,0,1
9044244,9044,9,7,1,1
9044245,9044,9,7,2,1
9044246,9044,9,7,3,1
9044247,9044,9,7,4,1
9044248,9044,9,7,5,1
9044249,9044,9,7,6,1
9044250,9044,9,8,0,1
9044251,9044,9,9,0,1
9044252,9044,2,108010,0,1
9044253,9044,2,108020,0,1
9044254,9044,2,108030,0,1
9044255,9044,2,108040,0,1
9044256,9044,2,107011,0,1
9044257,9044,2,107012,0,1
9044258,9044,2,107013,0,1
9044259,9044,2,107021,0,1
9044260,9044,2,107022,0,1
9044261,9044,2,107023,0,1
9044262,9044,2,107031,0,1
9044263,9044,2,107032,0,1
9044264,9044,2,107033,0,1
9044265,9044,2,107041,0,1
9044266,9044,2,107042,0,1
9044267,9044,2,107043,0,1
9044268,9044,2,107051,0,1
9044269,9044,2,107052,0,1
9044270,9044,2,107053,0,1
9044271,9044,10,0,0,1
9044272,9044,2,107030,0,1
9044273,9044,2,107030,1,1
9044274,9044,2,107040,1,1
9044275,9044,10,1,0,1
9044276,9044,5,9,0,1
9044277,9044,11,0,0,1
9044278,9044,11,1,0,1
9044279,9044,11,2,0,1
9044280,9044,2,109010,0,1
9044281,9044,2,109020,0,1
9044282,9044,2,109030,0,1
9044283,9044,5,0,6,2
9044286,9044,1013,1,0,1
9044287,9044,1013,2,0,1
9044288,9044,1013,3,0,1
9044289,9044,1013,4,0,0
9044290,9044,1013,5,0,0
9044291,9044,1013,6,0,0
9044292,9044,1013,7,0,1
9044293,9044,1013,8,0,1
9044294,9044,1013,9,0,0
9044295,9044,1013,10,0,1
9044401,9044,1014,1,0,1
9044402,9044,1014,2,0,1
9044403,9044,1014,3,0,1
9044404,9044,1014,4,0,1
9044405,9044,1014,5,0,1
9044406,9044,1014,6,0,1
9044407,9044,1014,6,1,1
9044408,9044,1014,6,2,1
9044409,9044,1014,7,0,1
9044410,9044,1014,7,1,1
9044411,9044,1014,7,2,1
9044412,9044,1014,8,0,1
9044413,9044,1014,8,1,1
9044414,9044,1014,8,2,1
9044415,9044,1014,9,0,1
9044416,9044,1014,10,0,1
9044300,9044,5,0,0,1
9044301,9044,5,1,6,2
9044302,9044,5,1,7,2
9044303,9044,5,2,1,2
9044304,9044,5,0,1,2
9044305,9044,5,0,2,2
9044306,9044,5,0,3,1
9044307,9044,5,0,4,3
9044308,9044,0,2,0,2
9044309,9044,0,3,0,3
9044310,9044,0,4,0,3
9044311,9044,0,5,0,3
9044312,9044,0,6,0,0
9044313,9044,5,0,5,3
9044400,9044,5,1,8,1
9045001,9045,0,0,0,7
9045002,9045,1,0,0,3
9045003,9045,1,1,0,3
9045004,9045,1,2,0,3
9045005,9045,1,3,0,2
9045006,9045,1,4,0,3
9045007,9045,1,5,0,3
9045008,9045,4,0,0,2
9045009,9045,7,0,0,1
9045010,9045,8,0,0,1
9045011,9045,3,1,0,1
9045012,9045,6,0,1,2
9045100,9045,2,103010,0,1
9045101,9045,2,103020,0,1
9045102,9045,2,103030,0,1
9045103,9045,2,103050,0,1
9045104,9045,2,103040,0,1
9045105,9045,2,105010,0,2
9045106,9045,2,105020,0,2
9045107,9045,2,105030,0,2
9045200,9045,2,101045,1,1
9045201,9045,2,102040,1,1
9045202,9045,2,101014,0,2
9045203,9045,2,101042,0,2
9045204,9045,2,101012,0,2
9045205,9045,2,101031,0,1
9045206,9045,2,101031,1,1
9045207,9045,2,101032,0,1
9045208,9045,2,101032,1,1
9045209,9045,2,101033,0,1
9045210,9045,2,101033,1,1
9045211,9045,2,101034,0,1
9045212,9045,2,101034,1,1
9045213,9045,2,102030,0,1
9045214,9045,2,102030,1,1
9045215,9045,2,104015,0,1
9045216,9045,2,104045,0,1
9045217,9045,2,106010,0,1
9045218,9045,2,106020,0,1
9045219,9045,2,106020,1,1
9045220,9045,2,106030,0,1
9045221,9045,2,106050,0,1
9045222,9045,2,106050,1,1
9045223,9045,2,106110,0,1
9045224,9045,2,106120,0,1
9045225,9045,2,106120,1,1
9045226,9045,2,106130,0,1
9045227,9045,2,106140,0,1
9045228,9045,2,106150,0,1
9045229,9045,2,106210,0,1
9045230,9045,2,106220,0,1
9045231,9045,2,106220,1,1
9045232,9045,2,106230,0,1
9045233,9045,2,106250,0,1
9045234,9045,9,1,0,1
9045235,9045,9,2,0,1
9045236,9045,9,3,0,1
9045237,9045,9,4,0,1
9045238,9045,9,3,4,1
9045239,9045,9,5,0,1
9045240,9045,9,6,0,1
9045241,9045,9,6,1,1
9045242,9045,9,6,2,1
9045243,9045,9,7,0,1
9045244,9045,9,7,1,1
9045245,9045,9,7,2,1
9045246,9045,9,7,3,1
9045247,9045,9,7,4,1
9045248,9045,9,7,5,1
9045249,9045,9,7,6,1
9045250,9045,9,8,0,1
9045251,9045,9,9,0,1
9045252,9045,2,108010,0,1
9045253,9045,2,108020,0,1
9045254,9045,2,108030,0,1
9045255,9045,2,108040,0,1
9045256,9045,2,107011,0,1
9045257,9045,2,107012,0,1
9045258,9045,2,107013,0,1
9045259,9045,2,107021,0,1
9045260,9045,2,107022,0,1
9045261,9045,2,107023,0,1
9045262,9045,2,107031,0,1
9045263,9045,2,107032,0,1
9045264,9045,2,107033,0,1
9045265,9045,2,107041,0,1
9045266,9045,2,107042,0,1
9045267,9045,2,107043,0,1
9045268,9045,2,107051,0,1
9045269,9045,2,107052,0,1
9045270,9045,2,107053,0,1
9045271,9045,10,0,0,1
9045272,9045,2,107030,0,1
9045273,9045,2,107030,1,1
9045274,9045,2,107040,1,1
9045275,9045,10,1,0,1
9045276,9045,5,9,0,1
9045277,9045,11,0,0,1
9045278,9045,11,1,0,1
9045279,9045,11,2,0,1
9045280,9045,2,109010,0,1
9045281,9045,2,109020,0,1
9045282,9045,2,109030,0,1
9045283,9045,5,0,6,2
9045286,9045,1013,1,0,1
9045287,9045,1013,2,0,1
9045288,9045,1013,3,0,1
9045289,9045,1013,4,0,0
9045290,9045,1013,5,0,0
9045291,9045,1013,6,0,0
9045292,9045,1013,7,0,1
9045293,9045,1013,8,0,1
9045294,9045,1013,9,0,0
9045295,9045,1013,10,0,1
9045401,9045,1014,1,0,1
9045402,9045,1014,2,0,1
9045403,9045,1014,3,0,1
9045404,9045,1014,4,0,1
9045405,9045,1014,5,0,1
9045406,9045,1014,6,0,1
9045407,9045,1014,6,1,1
9045408,9045,1014,6,2,1
9045409,9045,1014,7,0,1
9045410,9045,1014,7,1,1
9045411,9045,1014,7,2,1
9045412,9045,1014,8,0,1
9045413,9045,1014,8,1,1
9045414,9045,1014,8,2,1
9045415,9045,1014,9,0,1
9045416,9045,1014,10,0,1
9045300,9045,5,0,0,1
9045301,9045,5,1,6,2
9045302,9045,5,1,7,2
9045303,9045,5,2,1,2
9045304,9045,5,0,1,2
9045305,9045,5,0,2,2
9045306,9045,5,0,3,1
9045307,9045,5,0,4,3
9045308,9045,0,2,0,2
9045309,9045,0,3,0,3
9045310,9045,0,4,0,3
9045311,9045,0,5,0,3
9045312,9045,0,6,0,0
9045313,9045,5,0,5,3
9045400,9045,5,1,8,1
1062001,1062,0,0,0,1
1062002,1062,1,0,0,4
1062003,1062,1,1,0,1
1062004,1062,1,2,0,4
1062005,1062,1,3,0,1
1062006,1062,1,4,0,1
1062007,1062,1,5,0,4
1062008,1062,4,0,0,1
1062009,1062,7,0,0,2
1062010,1062,8,0,0,2
1062011,1062,3,1,0,1
1062012,1062,6,0,1,1
1062100,1062,2,103010,0,1
1062101,1062,2,103020,0,3
1062102,1062,2,103030,0,3
1062103,1062,2,103050,0,3
1062104,1062,2,103040,0,1
1062105,1062,2,105010,0,3
1062106,1062,2,105020,0,3
1062107,1062,2,105030,0,2
1062200,1062,2,101045,1,1
1062201,1062,2,102040,1,1
1062202,1062,2,101014,0,2
1062203,1062,2,101042,0,1
1062204,1062,2,101012,0,1
1062205,1062,2,101031,0,1
1062206,1062,2,101031,1,1
1062207,1062,2,101032,0,1
1062208,1062,2,101032,1,1
1062209,1062,2,101033,0,1
1062210,1062,2,101033,1,1
1062211,1062,2,101034,0,1
1062212,1062,2,101034,1,1
1062213,1062,2,102030,0,1
1062214,1062,2,102030,1,1
1062215,1062,2,104015,0,1
1062216,1062,2,104045,0,3
1062217,1062,2,106010,0,1
1062218,1062,2,106020,0,1
1062219,1062,2,106020,1,1
1062220,1062,2,106030,0,1
1062221,1062,2,106050,0,1
1062222,1062,2,106050,1,1
1062223,1062,2,106110,0,1
1062224,1062,2,106120,0,1
1062225,1062,2,106120,1,1
1062226,1062,2,106130,0,1
1062227,1062,2,106140,0,1
1062228,1062,2,106150,0,1
1062229,1062,2,106210,0,1
1062230,1062,2,106220,0,1
1062231,1062,2,106220,1,2
1062232,1062,2,106230,0,1
1062233,1062,2,106250,0,1
1062234,1062,9,1,0,1
1062235,1062,9,2,0,1
1062236,1062,9,3,0,1
1062237,1062,9,4,0,1
1062238,1062,9,3,4,4
1062239,1062,9,5,0,1
1062240,1062,9,6,0,6
1062241,1062,9,6,1,1
1062242,1062,9,6,2,1
1062243,1062,9,7,0,1
1062244,1062,9,7,1,1
1062245,1062,9,7,2,1
1062246,1062,9,7,3,1
1062247,1062,9,7,4,2
1062248,1062,9,7,5,2
1062249,1062,9,7,6,5
1062250,1062,9,8,0,1
1062251,1062,9,9,0,1
1062252,1062,2,108010,0,1
1062253,1062,2,108020,0,1
1062254,1062,2,108030,0,1
1062255,1062,2,108040,0,1
1062256,1062,2,107011,0,1
1062257,1062,2,107012,0,1
1062258,1062,2,107013,0,1
1062259,1062,2,107021,0,1
1062260,1062,2,107022,0,1
1062261,1062,2,107023,0,1
1062262,1062,2,107031,0,1
1062263,1062,2,107032,0,1
1062264,1062,2,107033,0,1
1062265,1062,2,107041,0,1
1062266,1062,2,107042,0,1
1062267,1062,2,107043,0,1
1062268,1062,2,107051,0,1
1062269,1062,2,107052,0,1
1062270,1062,2,107053,0,1
1062271,1062,10,0,0,1
1062272,1062,2,107030,0,1
1062273,1062,2,107030,1,1
1062274,1062,2,107040,1,1
1062275,1062,10,1,0,1
1062276,1062,5,9,0,1
1062277,1062,11,0,0,1
1062278,1062,11,1,0,1
1062279,1062,11,2,0,1
1062280,1062,2,109010,0,1
1062281,1062,2,109020,0,1
1062282,1062,2,109030,0,1
1062283,1062,5,0,6,1
1062286,1062,1013,1,0,1
1062287,1062,1013,2,0,6
1062288,1062,1013,3,0,1
1062289,1062,1013,4,0,1
1062290,1062,1013,5,0,1
1062291,1062,1013,6,0,1
1062292,1062,1013,7,0,1
1062293,1062,1013,8,0,1
1062294,1062,1013,9,0,1
1062295,1062,1013,10,0,1
1062401,1062,1014,1,0,4
1062402,1062,1014,2,0,3
1062403,1062,1014,3,0,1
1062404,1062,1014,4,0,1
1062405,1062,1014,5,0,2
1062406,1062,1014,6,0,1
1062407,1062,1014,6,1,1
1062408,1062,1014,6,2,1
1062409,1062,1014,7,0,3
1062410,1062,1014,7,1,1
1062411,1062,1014,7,2,1
1062412,1062,1014,8,0,1
1062413,1062,1014,8,1,1
1062414,1062,1014,8,2,1
1062415,1062,1014,9,0,1
1062416,1062,1014,10,0,3
1062300,1062,5,0,0,3
1062301,1062,5,1,6,1
1062302,1062,5,1,7,5
1062303,1062,5,2,1,1
1062304,1062,5,0,1,1
1062305,1062,5,0,2,1
1062306,1062,5,0,3,1
1062307,1062,5,0,4,4
1062308,1062,0,2,0,2
1062309,1062,0,3,0,1
1062310,1062,0,4,0,1
1062311,1062,0,5,0,1
1062312,1062,0,6,0,0
1062313,1062,5,0,5,1
1062400,1062,5,1,8,1
1063001,1063,0,0,0,4
1063002,1063,1,0,0,5
1063003,1063,1,1,0,3
1063004,1063,1,2,0,5
1063005,1063,1,3,0,2
1063006,1063,1,4,0,3
1063007,1063,1,5,0,3
1063008,1063,4,0,0,2
1063009,1063,7,0,0,2
1063010,1063,8,0,0,1
1063011,1063,3,1,0,2
1063012,1063,6,0,1,3
1063100,1063,2,103010,0,6
1063101,1063,2,103020,0,1
1063102,1063,2,103030,0,2
1063103,1063,2,103050,0,2
1063104,1063,2,103040,0,2
1063105,1063,2,105010,0,2
1063106,1063,2,105020,0,2
1063107,1063,2,105030,0,1
1063200,1063,2,101045,1,5
1063201,1063,2,102040,1,5
1063202,1063,2,101014,0,3
1063203,1063,2,101042,0,3
1063204,1063,2,101012,0,1
1063205,1063,2,101031,0,1
1063206,1063,2,101031,1,1
1063207,1063,2,101032,0,1
1063208,1063,2,101032,1,1
1063209,1063,2,101033,0,1
1063210,1063,2,101033,1,1
1063211,1063,2,101034,0,1
1063212,1063,2,101034,1,1
1063213,1063,2,102030,0,1
1063214,1063,2,102030,1,1
1063215,1063,2,104015,0,2
1063216,1063,2,104045,0,2
1063217,1063,2,106010,0,2
1063218,1063,2,106020,0,2
1063219,1063,2,106020,1,2
1063220,1063,2,106030,0,1
1063221,1063,2,106050,0,2
1063222,1063,2,106050,1,2
1063223,1063,2,106110,0,2
1063224,1063,2,106120,0,2
1063225,1063,2,106120,1,2
1063226,1063,2,106130,0,2
1063227,1063,2,106140,0,2
1063228,1063,2,106150,0,2
1063229,1063,2,106210,0,2
1063230,1063,2,106220,0,2
1063231,1063,2,106220,1,1
1063232,1063,2,106230,0,2
1063233,1063,2,106250,0,1
1063234,1063,9,1,0,1
1063235,1063,9,2,0,2
1063236,1063,9,3,0,3
1063237,1063,9,4,0,2
1063238,1063,9,3,4,6
1063239,1063,9,5,0,4
1063240,1063,9,6,0,4
1063241,1063,9,6,1,4
1063242,1063,9,6,2,3
1063243,1063,9,7,0,3
1063244,1063,9,7,1,3
1063245,1063,9,7,2,3
1063246,1063,9,7,3,6
1063247,1063,9,7,4,2
1063248,1063,9,7,5,6
1063249,1063,9,7,6,5
1063250,1063,9,8,0,3
1063251,1063,9,9,0,2
1063252,1063,2,108010,0,2
1063253,1063,2,108020,0,2
1063254,1063,2,108030,0,2
1063255,1063,2,108040,0,2
1063256,1063,2,107011,0,2
1063257,1063,2,107012,0,2
1063258,1063,2,107013,0,2
1063259,1063,2,107021,0,2
1063260,1063,2,107022,0,2
1063261,1063,2,107023,0,2
1063262,1063,2,107031,0,2
1063263,1063,2,107032,0,2
1063264,1063,2,107033,0,2
1063265,1063,2,107041,0,2
1063266,1063,2,107042,0,2
1063267,1063,2,107043,0,2
1063268,1063,2,107051,0,2
1063269,1063,2,107052,0,2
1063270,1063,2,107053,0,2
1063271,1063,10,0,0,2
1063272,1063,2,107030,0,1
1063273,1063,2,107030,1,1
1063274,1063,2,107040,1,5
1063275,1063,10,1,0,2
1063276,1063,5,9,0,2
1063277,1063,11,0,0,2
1063278,1063,11,1,0,2
1063279,1063,11,2,0,2
1063280,1063,2,109010,0,2
1063281,1063,2,109020,0,2
1063282,1063,2,109030,0,2
1063283,1063,5,0,6,3
1063286,1063,1013,1,0,3
1063287,1063,1013,2,0,2
1063288,1063,1013,3,0,5
1063289,1063,1013,4,0,3
1063290,1063,1013,5,0,3
1063291,1063,1013,6,0,2
1063292,1063,1013,7,0,2
1063293,1063,1013,8,0,1
1063294,1063,1013,9,0,2
1063295,1063,1013,10,0,1
1063401,1063,1014,1,0,8
1063402,1063,1014,2,0,1
1063403,1063,1014,3,0,2
1063404,1063,1014,4,0,4
1063405,1063,1014,5,0,4
1063406,1063,1014,6,0,3
1063407,1063,1014,6,1,1
1063408,1063,1014,6,2,1
1063409,1063,1014,7,0,2
1063410,1063,1014,7,1,1
1063411,1063,1014,7,2,1
1063412,1063,1014,8,0,2
1063413,1063,1014,8,1,1
1063414,1063,1014,8,2,1
1063415,1063,1014,9,0,2
1063416,1063,1014,10,0,2
1063300,1063,5,0,0,6
1063301,1063,5,1,6,5
1063302,1063,5,1,7,7
1063303,1063,5,2,1,7
1063304,1063,5,0,1,3
1063305,1063,5,0,2,3
1063306,1063,5,0,3,1
1063307,1063,5,0,4,5
1063308,1063,0,2,0,4
1063309,1063,0,3,0,5
1063310,1063,0,4,0,2
1063311,1063,0,5,0,5
1063312,1063,0,6,0,0
1063313,1063,5,0,5,3
1063400,1063,5,1,8,2
1064001,1064,0,0,0,1
1064002,1064,1,0,0,2
1064003,1064,1,1,0,2
1064004,1064,1,2,0,2
1064005,1064,1,3,0,1
1064006,1064,1,4,0,2
1064007,1064,1,5,0,2
1064008,1064,4,0,0,1
1064009,1064,7,0,0,2
1064010,1064,8,0,0,1
1064011,1064,3,1,0,3
1064012,1064,6,0,1,4
1064100,1064,2,103010,0,2
1064101,1064,2,103020,0,4
1064102,1064,2,103030,0,5
1064103,1064,2,103050,0,1
1064104,1064,2,103040,0,6
1064105,1064,2,105010,0,2
1064106,1064,2,105020,0,2
1064107,1064,2,105030,0,3
1064200,1064,2,101045,1,4
1064201,1064,2,102040,1,4
1064202,1064,2,101014,0,2
1064203,1064,2,101042,0,2
1064204,1064,2,101012,0,1
1064205,1064,2,101031,0,1
1064206,1064,2,101031,1,1
1064207,1064,2,101032,0,1
1064208,1064,2,101032,1,1
1064209,1064,2,101033,0,1
1064210,1064,2,101033,1,1
1064211,1064,2,101034,0,1
1064212,1064,2,101034,1,1
1064213,1064,2,102030,0,1
1064214,1064,2,102030,1,1
1064215,1064,2,104015,0,1
1064216,1064,2,104045,0,1
1064217,1064,2,106010,0,1
1064218,1064,2,106020,0,1
1064219,1064,2,106020,1,1
1064220,1064,2,106030,0,1
1064221,1064,2,106050,0,1
1064222,1064,2,106050,1,1
1064223,1064,2,106110,0,1
1064224,1064,2,106120,0,1
1064225,1064,2,106120,1,2
1064226,1064,2,106130,0,1
1064227,1064,2,106140,0,1
1064228,1064,2,106150,0,1
1064229,1064,2,106210,0,1
1064230,1064,2,106220,0,1
1064231,1064,2,106220,1,2
1064232,1064,2,106230,0,1
1064233,1064,2,106250,0,1
1064234,1064,9,1,0,1
1064235,1064,9,2,0,1
1064236,1064,9,3,0,2
1064237,1064,9,4,0,2
1064238,1064,9,3,4,2
1064239,1064,9,5,0,1
1064240,1064,9,6,0,1
1064241,1064,9,6,1,2
1064242,1064,9,6,2,2
1064243,1064,9,7,0,2
1064244,1064,9,7,1,1
1064245,1064,9,7,2,2
1064246,1064,9,7,3,4
1064247,1064,9,7,4,3
1064248,1064,9,7,5,4
1064249,1064,9,7,6,5
1064250,1064,9,8,0,4
1064251,1064,9,9,0,1
1064252,1064,2,108010,0,1
1064253,1064,2,108020,0,1
1064254,1064,2,108030,0,1
1064255,1064,2,108040,0,2
1064256,1064,2,107011,0,1
1064257,1064,2,107012,0,1
1064258,1064,2,107013,0,1
1064259,1064,2,107021,0,1
1064260,1064,2,107022,0,1
1064261,1064,2,107023,0,1
1064262,1064,2,107031,0,1
1064263,1064,2,107032,0,1
1064264,1064,2,107033,0,1
1064265,1064,2,107041,0,1
1064266,1064,2,107042,0,1
1064267,1064,2,107043,0,1
1064268,1064,2,107051,0,1
1064269,1064,2,107052,0,1
1064270,1064,2,107053,0,1
1064271,1064,10,0,0,1
1064272,1064,2,107030,0,1
1064273,1064,2,107030,1,1
1064274,1064,2,107040,1,4
1064275,1064,10,1,0,1
1064276,1064,5,9,0,1
1064277,1064,11,0,0,1
1064278,1064,11,1,0,1
1064279,1064,11,2,0,1
1064280,1064,2,109010,0,1
1064281,1064,2,109020,0,1
1064282,1064,2,109030,0,1
1064283,1064,5,0,6,2
1064286,1064,1013,1,0,2
1064287,1064,1013,2,0,3
1064288,1064,1013,3,0,2
1064289,1064,1013,4,0,2
1064290,1064,1013,5,0,1
1064291,1064,1013,6,0,3
1064292,1064,1013,7,0,1
1064293,1064,1013,8,0,1
1064294,1064,1013,9,0,2
1064295,1064,1013,10,0,1
1064401,1064,1014,1,0,1
1064402,1064,1014,2,0,3
1064403,1064,1014,3,0,1
1064404,1064,1014,4,0,1
1064405,1064,1014,5,0,4
1064406,1064,1014,6,0,1
1064407,1064,1014,6,1,1
1064408,1064,1014,6,2,1
1064409,1064,1014,7,0,1
1064410,1064,1014,7,1,1
1064411,1064,1014,7,2,1
1064412,1064,1014,8,0,1
1064413,1064,1014,8,1,1
1064414,1064,1014,8,2,1
1064415,1064,1014,9,0,1
1064416,1064,1014,10,0,1
1064300,1064,5,0,0,5
1064301,1064,5,1,6,3
1064302,1064,5,1,7,3
1064303,1064,5,2,1,5
1064304,1064,5,0,1,1
1064305,1064,5,0,2,1
1064306,1064,5,0,3,1
1064307,1064,5,0,4,2
1064308,1064,0,2,0,1
1064309,1064,0,3,0,2
1064310,1064,0,4,0,2
1064311,1064,0,5,0,2
1064312,1064,0,6,0,1
1064313,1064,5,0,5,2
1064400,1064,5,1,8,1
1065001,1065,0,0,0,3
1065002,1065,1,0,0,4
1065003,1065,1,1,0,2
1065004,1065,1,2,0,4
1065005,1065,1,3,0,5
1065006,1065,1,4,0,2
1065007,1065,1,5,0,4
1065008,1065,4,0,0,2
1065009,1065,7,0,0,2
1065010,1065,8,0,0,1
1065011,1065,3,1,0,7
1065012,1065,6,0,1,5
1065100,1065,2,103010,0,2
1065101,1065,2,103020,0,2
1065102,1065,2,103030,0,4
1065103,1065,2,103050,0,5
1065104,1065,2,103040,0,1
1065105,1065,2,105010,0,3
1065106,1065,2,105020,0,1
1065107,1065,2,105030,0,2
1065200,1065,2,101045,1,4
1065201,1065,2,102040,1,4
1065202,1065,2,101014,0,1
1065203,1065,2,101042,0,2
1065204,1065,2,101012,0,1
1065205,1065,2,101031,0,1
1065206,1065,2,101031,1,1
1065207,1065,2,101032,0,1
1065208,1065,2,101032,1,1
1065209,1065,2,101033,0,1
1065210,1065,2,101033,1,1
1065211,1065,2,101034,0,1
1065212,1065,2,101034,1,1
1065213,1065,2,102030,0,1
1065214,1065,2,102030,1,1
1065215,1065,2,104015,0,1
1065216,1065,2,104045,0,3
1065217,1065,2,106010,0,1
1065218,1065,2,106020,0,1
1065219,1065,2,106020,1,1
1065220,1065,2,106030,0,1
1065221,1065,2,106050,0,1
1065222,1065,2,106050,1,1
1065223,1065,2,106110,0,1
1065224,1065,2,106120,0,1
1065225,1065,2,106120,1,1
1065226,1065,2,106130,0,1
1065227,1065,2,106140,0,1
1065228,1065,2,106150,0,1
1065229,1065,2,106210,0,1
1065230,1065,2,106220,0,1
1065231,1065,2,106220,1,2
1065232,1065,2,106230,0,1
1065233,1065,2,106250,0,1
1065234,1065,9,1,0,2
1065235,1065,9,2,0,1
1065236,1065,9,3,0,1
1065237,1065,9,4,0,1
1065238,1065,9,3,4,4
1065239,1065,9,5,0,2
1065240,1065,9,6,0,5
1065241,1065,9,6,1,1
1065242,1065,9,6,2,6
1065243,1065,9,7,0,1
1065244,1065,9,7,1,2
1065245,1065,9,7,2,1
1065246,1065,9,7,3,5
1065247,1065,9,7,4,1
1065248,1065,9,7,5,1
1065249,1065,9,7,6,1
1065250,1065,9,8,0,1
1065251,1065,9,9,0,1
1065252,1065,2,108010,0,1
1065253,1065,2,108020,0,1
1065254,1065,2,108030,0,1
1065255,1065,2,108040,0,1
1065256,1065,2,107011,0,1
1065257,1065,2,107012,0,1
1065258,1065,2,107013,0,1
1065259,1065,2,107021,0,1
1065260,1065,2,107022,0,1
1065261,1065,2,107023,0,1
1065262,1065,2,107031,0,1
1065263,1065,2,107032,0,1
1065264,1065,2,107033,0,1
1065265,1065,2,107041,0,1
1065266,1065,2,107042,0,1
1065267,1065,2,107043,0,1
1065268,1065,2,107051,0,1
1065269,1065,2,107052,0,1
1065270,1065,2,107053,0,1
1065271,1065,10,0,0,1
1065272,1065,2,107030,0,1
1065273,1065,2,107030,1,1
1065274,1065,2,107040,1,4
1065275,1065,10,1,0,1
1065276,1065,5,9,0,1
1065277,1065,11,0,0,1
1065278,1065,11,1,0,1
1065279,1065,11,2,0,1
1065280,1065,2,109010,0,1
1065281,1065,2,109020,0,1
1065282,1065,2,109030,0,3
1065283,1065,5,0,6,1
1065286,1065,1013,1,0,2
1065287,1065,1013,2,0,6
1065288,1065,1013,3,0,1
1065289,1065,1013,4,0,1
1065290,1065,1013,5,0,4
1065291,1065,1013,6,0,1
1065292,1065,1013,7,0,1
1065293,1065,1013,8,0,1
1065294,1065,1013,9,0,1
1065295,1065,1013,10,0,1
1065401,1065,1014,1,0,4
1065402,1065,1014,2,0,3
1065403,1065,1014,3,0,3
1065404,1065,1014,4,0,2
1065405,1065,1014,5,0,2
1065406,1065,1014,6,0,1
1065407,1065,1014,6,1,1
1065408,1065,1014,6,2,1
1065409,1065,1014,7,0,3
1065410,1065,1014,7,1,1
1065411,1065,1014,7,2,1
1065412,1065,1014,8,0,1
1065413,1065,1014,8,1,1
1065414,1065,1014,8,2,1
1065415,1065,1014,9,0,3
1065416,1065,1014,10,0,1
1065300,1065,5,0,0,5
1065301,1065,5,1,6,3
1065302,1065,5,1,7,5
1065303,1065,5,2,1,3
1065304,1065,5,0,1,1
1065305,1065,5,0,2,1
1065306,1065,5,0,3,1
1065307,1065,5,0,4,4
1065308,1065,0,2,0,3
1065309,1065,0,3,0,1
1065310,1065,0,4,0,1
1065311,1065,0,5,0,1
1065312,1065,0,6,0,0
1065313,1065,5,0,5,2
1065400,1065,5,1,8,1
1066001,1066,0,0,0,3
1066002,1066,1,0,0,2
1066003,1066,1,1,0,2
1066004,1066,1,2,0,2
1066005,1066,1,3,0,2
1066006,1066,1,4,0,2
1066007,1066,1,5,0,2
1066008,1066,4,0,0,1
1066009,1066,7,0,0,2
1066010,1066,8,0,0,1
1066011,1066,3,1,0,1
1066012,1066,6,0,1,1
1066100,1066,2,103010,0,4
1066101,1066,2,103020,0,2
1066102,1066,2,103030,0,1
1066103,1066,2,103050,0,5
1066104,1066,2,103040,0,5
1066105,1066,2,105010,0,3
1066106,1066,2,105020,0,1
1066107,1066,2,105030,0,2
1066200,1066,2,101045,1,4
1066201,1066,2,102040,1,4
1066202,1066,2,101014,0,1
1066203,1066,2,101042,0,2
1066204,1066,2,101012,0,1
1066205,1066,2,101031,0,1
1066206,1066,2,101031,1,1
1066207,1066,2,101032,0,1
1066208,1066,2,101032,1,1
1066209,1066,2,101033,0,1
1066210,1066,2,101033,1,1
1066211,1066,2,101034,0,1
1066212,1066,2,101034,1,1
1066213,1066,2,102030,0,1
1066214,1066,2,102030,1,1
1066215,1066,2,104015,0,1
1066216,1066,2,104045,0,3
1066217,1066,2,106010,0,1
1066218,1066,2,106020,0,1
1066219,1066,2,106020,1,1
1066220,1066,2,106030,0,1
1066221,1066,2,106050,0,1
1066222,1066,2,106050,1,1
1066223,1066,2,106110,0,1
1066224,1066,2,106120,0,1
1066225,1066,2,106120,1,1
1066226,1066,2,106130,0,1
1066227,1066,2,106140,0,1
1066228,1066,2,106150,0,1
1066229,1066,2,106210,0,1
1066230,1066,2,106220,0,1
1066231,1066,2,106220,1,1
1066232,1066,2,106230,0,1
1066233,1066,2,106250,0,1
1066234,1066,9,1,0,2
1066235,1066,9,2,0,1
1066236,1066,9,3,0,1
1066237,1066,9,4,0,1
1066238,1066,9,3,4,1
1066239,1066,9,5,0,2
1066240,1066,9,6,0,5
1066241,1066,9,6,1,1
1066242,1066,9,6,2,6
1066243,1066,9,7,0,2
1066244,1066,9,7,1,2
1066245,1066,9,7,2,1
1066246,1066,9,7,3,2
1066247,1066,9,7,4,1
1066248,1066,9,7,5,1
1066249,1066,9,7,6,1
1066250,1066,9,8,0,2
1066251,1066,9,9,0,1
1066252,1066,2,108010,0,1
1066253,1066,2,108020,0,1
1066254,1066,2,108030,0,1
1066255,1066,2,108040,0,1
1066256,1066,2,107011,0,1
1066257,1066,2,107012,0,1
1066258,1066,2,107013,0,1
1066259,1066,2,107021,0,1
1066260,1066,2,107022,0,1
1066261,1066,2,107023,0,1
1066262,1066,2,107031,0,1
1066263,1066,2,107032,0,1
1066264,1066,2,107033,0,1
1066265,1066,2,107041,0,1
1066266,1066,2,107042,0,1
1066267,1066,2,107043,0,1
1066268,1066,2,107051,0,1
1066269,1066,2,107052,0,1
1066270,1066,2,107053,0,1
1066271,1066,10,0,0,1
1066272,1066,2,107030,0,1
1066273,1066,2,107030,1,1
1066274,1066,2,107040,1,4
1066275,1066,10,1,0,1
1066276,1066,5,9,0,1
1066277,1066,11,0,0,2
1066278,1066,11,1,0,1
1066279,1066,11,2,0,1
1066280,1066,2,109010,0,1
1066281,1066,2,109020,0,1
1066282,1066,2,109030,0,3
1066283,1066,5,0,6,1
1066286,1066,1013,1,0,1
1066287,1066,1013,2,0,6
1066288,1066,1013,3,0,1
1066289,1066,1013,4,0,1
1066290,1066,1013,5,0,4
1066291,1066,1013,6,0,1
1066292,1066,1013,7,0,1
1066293,1066,1013,8,0,1
1066294,1066,1013,9,0,1
1066295,1066,1013,10,0,1
1066401,1066,1014,1,0,7
1066402,1066,1014,2,0,4
1066403,1066,1014,3,0,3
1066404,1066,1014,4,0,2
1066405,1066,1014,5,0,2
1066406,1066,1014,6,0,1
1066407,1066,1014,6,1,1
1066408,1066,1014,6,2,1
1066409,1066,1014,7,0,3
1066410,1066,1014,7,1,1
1066411,1066,1014,7,2,1
1066412,1066,1014,8,0,1
1066413,1066,1014,8,1,1
1066414,1066,1014,8,2,1
1066415,1066,1014,9,0,3
1066416,1066,1014,10,0,1
1066300,1066,5,0,0,7
1066301,1066,5,1,6,3
1066302,1066,5,1,7,5
1066303,1066,5,2,1,3
1066304,1066,5,0,1,1
1066305,1066,5,0,2,1
1066306,1066,5,0,3,1
1066307,1066,5,0,4,2
1066308,1066,0,2,0,3
1066309,1066,0,3,0,2
1066310,1066,0,4,0,2
1066311,1066,0,5,0,2
1066312,1066,0,6,0,1
1066313,1066,5,0,5,2
1066400,1066,5,1,8,1
1067001,1067,0,0,0,2
1067002,1067,1,0,0,3
1067003,1067,1,1,0,3
1067004,1067,1,2,0,3
1067005,1067,1,3,0,4
1067006,1067,1,4,0,3
1067007,1067,1,5,0,3
1067008,1067,4,0,0,2
1067009,1067,7,0,0,2
1067010,1067,8,0,0,2
1067011,1067,3,1,0,4
1067012,1067,6,0,1,5
1067100,1067,2,103010,0,3
1067101,1067,2,103020,0,5
1067102,1067,2,103030,0,2
1067103,1067,2,103050,0,2
1067104,1067,2,103040,0,2
1067105,1067,2,105010,0,2
1067106,1067,2,105020,0,3
1067107,1067,2,105030,0,1
1067200,1067,2,101045,1,3
1067201,1067,2,102040,1,3
1067202,1067,2,101014,0,3
1067203,1067,2,101042,0,3
1067204,1067,2,101012,0,2
1067205,1067,2,101031,0,1
1067206,1067,2,101031,1,1
1067207,1067,2,101032,0,1
1067208,1067,2,101032,1,1
1067209,1067,2,101033,0,1
1067210,1067,2,101033,1,1
1067211,1067,2,101034,0,1
1067212,1067,2,101034,1,1
1067213,1067,2,102030,0,1
1067214,1067,2,102030,1,1
1067215,1067,2,104015,0,2
1067216,1067,2,104045,0,1
1067217,1067,2,106010,0,1
1067218,1067,2,106020,0,1
1067219,1067,2,106020,1,1
1067220,1067,2,106030,0,1
1067221,1067,2,106050,0,2
1067222,1067,2,106050,1,2
1067223,1067,2,106110,0,2
1067224,1067,2,106120,0,1
1067225,1067,2,106120,1,2
1067226,1067,2,106130,0,3
1067227,1067,2,106140,0,1
1067228,1067,2,106150,0,1
1067229,1067,2,106210,0,1
1067230,1067,2,106220,0,1
1067231,1067,2,106220,1,2
1067232,1067,2,106230,0,1
1067233,1067,2,106250,0,1
1067234,1067,9,1,0,1
1067235,1067,9,2,0,1
1067236,1067,9,3,0,2
1067237,1067,9,4,0,3
1067238,1067,9,3,4,5
1067239,1067,9,5,0,4
1067240,1067,9,6,0,2
1067241,1067,9,6,1,2
1067242,1067,9,6,2,5
1067243,1067,9,7,0,3
1067244,1067,9,7,1,3
1067245,1067,9,7,2,3
1067246,1067,9,7,3,3
1067247,1067,9,7,4,6
1067248,1067,9,7,5,3
1067249,1067,9,7,6,6
1067250,1067,9,8,0,3
1067251,1067,9,9,0,1
1067252,1067,2,108010,0,2
1067253,1067,2,108020,0,2
1067254,1067,2,108030,0,2
1067255,1067,2,108040,0,2
1067256,1067,2,107011,0,1
1067257,1067,2,107012,0,1
1067258,1067,2,107013,0,1
1067259,1067,2,107021,0,1
1067260,1067,2,107022,0,1
1067261,1067,2,107023,0,1
1067262,1067,2,107031,0,1
1067263,1067,2,107032,0,1
1067264,1067,2,107033,0,1
1067265,1067,2,107041,0,2
1067266,1067,2,107042,0,2
1067267,1067,2,107043,0,2
1067268,1067,2,107051,0,1
1067269,1067,2,107052,0,1
1067270,1067,2,107053,0,1
1067271,1067,10,0,0,2
1067272,1067,2,107030,0,1
1067273,1067,2,107030,1,1
1067274,1067,2,107040,1,3
1067275,1067,10,1,0,2
1067276,1067,5,9,0,2
1067277,1067,11,0,0,1
1067278,1067,11,1,0,2
1067279,1067,11,2,0,2
1067280,1067,2,109010,0,2
1067281,1067,2,109020,0,1
1067282,1067,2,109030,0,2
1067283,1067,5,0,6,3
1067286,1067,1013,1,0,3
1067287,1067,1013,2,0,2
1067288,1067,1013,3,0,2
1067289,1067,1013,4,0,3
1067290,1067,1013,5,0,3
1067291,1067,1013,6,0,2
1067292,1067,1013,7,0,2
1067293,1067,1013,8,0,1
1067294,1067,1013,9,0,2
1067295,1067,1013,10,0,1
1067401,1067,1014,1,0,8
1067402,1067,1014,2,0,1
1067403,1067,1014,3,0,1
1067404,1067,1014,4,0,1
1067405,1067,1014,5,0,4
1067406,1067,1014,6,0,2
1067407,1067,1014,6,1,1
1067408,1067,1014,6,2,1
1067409,1067,1014,7,0,2
1067410,1067,1014,7,1,1
1067411,1067,1014,7,2,1
1067412,1067,1014,8,0,2
1067413,1067,1014,8,1,1
1067414,1067,1014,8,2,1
1067415,1067,1014,9,0,2
1067416,1067,1014,10,0,2
1067300,1067,5,0,0,6
1067301,1067,5,1,6,5
1067302,1067,5,1,7,7
1067303,1067,5,2,1,1
1067304,1067,5,0,1,2
1067305,1067,5,0,2,2
1067306,1067,5,0,3,1
1067307,1067,5,0,4,3
1067308,1067,0,2,0,2
1067309,1067,0,3,0,3
1067310,1067,0,4,0,3
1067311,1067,0,5,0,3
1067312,1067,0,6,0,0
1067313,1067,5,0,5,3
1067400,1067,5,1,8,2
1068001,1068,0,0,0,1
1068002,1068,1,0,0,2
1068003,1068,1,1,0,2
1068004,1068,1,2,0,2
1068005,1068,1,3,0,2
1068006,1068,1,4,0,2
1068007,1068,1,5,0,2
1068008,1068,4,0,0,1
1068009,1068,7,0,0,2
1068010,1068,8,0,0,2
1068011,1068,3,1,0,3
1068012,1068,6,0,1,4
1068100,1068,2,103010,0,2
1068101,1068,2,103020,0,1
1068102,1068,2,103030,0,1
1068103,1068,2,103050,0,1
1068104,1068,2,103040,0,1
1068105,1068,2,105010,0,2
1068106,1068,2,105020,0,1
1068107,1068,2,105030,0,2
1068200,1068,2,101045,1,1
1068201,1068,2,102040,1,1
1068202,1068,2,101014,0,2
1068203,1068,2,101042,0,2
1068204,1068,2,101012,0,1
1068205,1068,2,101031,0,1
1068206,1068,2,101031,1,1
1068207,1068,2,101032,0,1
1068208,1068,2,101032,1,1
1068209,1068,2,101033,0,1
1068210,1068,2,101033,1,1
1068211,1068,2,101034,0,1
1068212,1068,2,101034,1,1
1068213,1068,2,102030,0,1
1068214,1068,2,102030,1,1
1068215,1068,2,104015,0,1
1068216,1068,2,104045,0,1
1068217,1068,2,106010,0,1
1068218,1068,2,106020,0,1
1068219,1068,2,106020,1,1
1068220,1068,2,106030,0,1
1068221,1068,2,106050,0,1
1068222,1068,2,106050,1,1
1068223,1068,2,106110,0,1
1068224,1068,2,106120,0,1
1068225,1068,2,106120,1,1
1068226,1068,2,106130,0,1
1068227,1068,2,106140,0,1
1068228,1068,2,106150,0,1
1068229,1068,2,106210,0,1
1068230,1068,2,106220,0,1
1068231,1068,2,106220,1,1
1068232,1068,2,106230,0,1
1068233,1068,2,106250,0,1
1068234,1068,9,1,0,1
1068235,1068,9,2,0,1
1068236,1068,9,3,0,1
1068237,1068,9,4,0,1
1068238,1068,9,3,4,4
1068239,1068,9,5,0,3
1068240,1068,9,6,0,1
1068241,1068,9,6,1,1
1068242,1068,9,6,2,2
1068243,1068,9,7,0,1
1068244,1068,9,7,1,2
1068245,1068,9,7,2,5
1068246,1068,9,7,3,2
1068247,1068,9,7,4,2
1068248,1068,9,7,5,2
1068249,1068,9,7,6,2
1068250,1068,9,8,0,2
1068251,1068,9,9,0,1
1068252,1068,2,108010,0,1
1068253,1068,2,108020,0,1
1068254,1068,2,108030,0,1
1068255,1068,2,108040,0,3
1068256,1068,2,107011,0,1
1068257,1068,2,107012,0,1
1068258,1068,2,107013,0,1
1068259,1068,2,107021,0,1
1068260,1068,2,107022,0,1
1068261,1068,2,107023,0,1
1068262,1068,2,107031,0,1
1068263,1068,2,107032,0,1
1068264,1068,2,107033,0,1
1068265,1068,2,107041,0,1
1068266,1068,2,107042,0,1
1068267,1068,2,107043,0,1
1068268,1068,2,107051,0,1
1068269,1068,2,107052,0,1
1068270,1068,2,107053,0,1
1068271,1068,10,0,0,1
1068272,1068,2,107030,0,1
1068273,1068,2,107030,1,1
1068274,1068,2,107040,1,1
1068275,1068,10,1,0,1
1068276,1068,5,9,0,1
1068277,1068,11,0,0,1
1068278,1068,11,1,0,1
1068279,1068,11,2,0,1
1068280,1068,2,109010,0,1
1068281,1068,2,109020,0,1
1068282,1068,2,109030,0,3
1068283,1068,5,0,6,2
1068286,1068,1013,1,0,2
1068287,1068,1013,2,0,3
1068288,1068,1013,3,0,3
1068289,1068,1013,4,0,2
1068290,1068,1013,5,0,1
1068291,1068,1013,6,0,3
1068292,1068,1013,7,0,1
1068293,1068,1013,8,0,1
1068294,1068,1013,9,0,3
1068295,1068,1013,10,0,1
1068401,1068,1014,1,0,1
1068402,1068,1014,2,0,1
1068403,1068,1014,3,0,2
1068404,1068,1014,4,0,2
1068405,1068,1014,5,0,1
1068406,1068,1014,6,0,1
1068407,1068,1014,6,1,1
1068408,1068,1014,6,2,1
1068409,1068,1014,7,0,3
1068410,1068,1014,7,1,1
1068411,1068,1014,7,2,1
1068412,1068,1014,8,0,3
1068413,1068,1014,8,1,1
1068414,1068,1014,8,2,1
1068415,1068,1014,9,0,1
1068416,1068,1014,10,0,1
1068300,1068,5,0,0,2
1068301,1068,5,1,6,1
1068302,1068,5,1,7,5
1068303,1068,5,2,1,3
1068304,1068,5,0,1,1
1068305,1068,5,0,2,1
1068306,1068,5,0,3,1
1068307,1068,5,0,4,2
1068308,1068,0,2,0,1
1068309,1068,0,3,0,2
1068310,1068,0,4,0,2
1068311,1068,0,5,0,2
1068312,1068,0,6,0,1
1068313,1068,5,0,5,2
1068400,1068,5,1,8,1
1069001,1069,0,0,0,1
1069002,1069,1,0,0,2
1069003,1069,1,1,0,1
1069004,1069,1,2,0,2
1069005,1069,1,3,0,2
1069006,1069,1,4,0,1
1069007,1069,1,5,0,1
1069008,1069,4,0,0,1
1069009,1069,7,0,0,1
1069010,1069,8,0,0,1
1069011,1069,3,1,0,3
1069012,1069,6,0,1,4
1069100,1069,2,103010,0,1
1069101,1069,2,103020,0,1
1069102,1069,2,103030,0,2
1069103,1069,2,103050,0,4
1069104,1069,2,103040,0,2
1069105,1069,2,105010,0,3
1069106,1069,2,105020,0,3
1069107,1069,2,105030,0,2
1069200,1069,2,101045,1,3
1069201,1069,2,102040,1,3
1069202,1069,2,101014,0,2
1069203,1069,2,101042,0,2
1069204,1069,2,101012,0,1
1069205,1069,2,101031,0,1
1069206,1069,2,101031,1,1
1069207,1069,2,101032,0,1
1069208,1069,2,101032,1,1
1069209,1069,2,101033,0,1
1069210,1069,2,101033,1,1
1069211,1069,2,101034,0,1
1069212,1069,2,101034,1,1
1069213,1069,2,102030,0,1
1069214,1069,2,102030,1,1
1069215,1069,2,104015,0,1
1069216,1069,2,104045,0,3
1069217,1069,2,106010,0,1
1069218,1069,2,106020,0,1
1069219,1069,2,106020,1,1
1069220,1069,2,106030,0,1
1069221,1069,2,106050,0,1
1069222,1069,2,106050,1,1
1069223,1069,2,106110,0,1
1069224,1069,2,106120,0,1
1069225,1069,2,106120,1,1
1069226,1069,2,106130,0,1
1069227,1069,2,106140,0,1
1069228,1069,2,106150,0,1
1069229,1069,2,106210,0,1
1069230,1069,2,106220,0,1
1069231,1069,2,106220,1,2
1069232,1069,2,106230,0,1
1069233,1069,2,106250,0,1
1069234,1069,9,1,0,1
1069235,1069,9,2,0,1
1069236,1069,9,3,0,1
1069237,1069,9,4,0,3
1069238,1069,9,3,4,4
1069239,1069,9,5,0,1
1069240,1069,9,6,0,1
1069241,1069,9,6,1,1
1069242,1069,9,6,2,1
1069243,1069,9,7,0,1
1069244,1069,9,7,1,1
1069245,1069,9,7,2,1
1069246,1069,9,7,3,1
1069247,1069,9,7,4,2
1069248,1069,9,7,5,1
1069249,1069,9,7,6,1
1069250,1069,9,8,0,1
1069251,1069,9,9,0,1
1069252,1069,2,108010,0,1
1069253,1069,2,108020,0,1
1069254,1069,2,108030,0,1
1069255,1069,2,108040,0,1
1069256,1069,2,107011,0,1
1069257,1069,2,107012,0,1
1069258,1069,2,107013,0,1
1069259,1069,2,107021,0,1
1069260,1069,2,107022,0,1
1069261,1069,2,107023,0,1
1069262,1069,2,107031,0,1
1069263,1069,2,107032,0,1
1069264,1069,2,107033,0,1
1069265,1069,2,107041,0,2
1069266,1069,2,107042,0,2
1069267,1069,2,107043,0,1
1069268,1069,2,107051,0,1
1069269,1069,2,107052,0,1
1069270,1069,2,107053,0,1
1069271,1069,10,0,0,1
1069272,1069,2,107030,0,1
1069273,1069,2,107030,1,1
1069274,1069,2,107040,1,3
1069275,1069,10,1,0,1
1069276,1069,5,9,0,1
1069277,1069,11,0,0,1
1069278,1069,11,1,0,1
1069279,1069,11,2,0,1
1069280,1069,2,109010,0,1
1069281,1069,2,109020,0,1
1069282,1069,2,109030,0,1
1069283,1069,5,0,6,1
1069286,1069,1013,1,0,5
1069287,1069,1013,2,0,1
1069288,1069,1013,3,0,1
1069289,1069,1013,4,0,1
1069290,1069,1013,5,0,5
1069291,1069,1013,6,0,1
1069292,1069,1013,7,0,1
1069293,1069,1013,8,0,1
1069294,1069,1013,9,0,1
1069295,1069,1013,10,0,1
1069401,1069,1014,1,0,5
1069402,1069,1014,2,0,1
1069403,1069,1014,3,0,1
1069404,1069,1014,4,0,1
1069405,1069,1014,5,0,1
1069406,1069,1014,6,0,1
1069407,1069,1014,6,1,1
1069408,1069,1014,6,2,1
1069409,1069,1014,7,0,1
1069410,1069,1014,7,1,1
1069411,1069,1014,7,2,1
1069412,1069,1014,8,0,1
1069413,1069,1014,8,1,1
1069414,1069,1014,8,2,1
1069415,1069,1014,9,0,1
1069416,1069,1014,10,0,3
1069300,1069,5,0,0,2
1069301,1069,5,1,6,1
1069302,1069,5,1,7,4
1069303,1069,5,2,1,1
1069304,1069,5,0,1,1
1069305,1069,5,0,2,1
1069306,1069,5,0,3,1
1069307,1069,5,0,4,2
1069308,1069,0,2,0,1
1069309,1069,0,3,0,2
1069310,1069,0,4,0,2
1069311,1069,0,5,0,2
1069312,1069,0,6,0,1
1069313,1069,5,0,5,1
1069400,1069,5,1,8,1
1071001,1071,0,0,0,4
1071002,1071,1,0,0,5
1071003,1071,1,1,0,3
1071004,1071,1,2,0,3
1071005,1071,1,3,0,2
1071006,1071,1,4,0,3
1071007,1071,1,5,0,3
1071008,1071,4,0,0,1
1071009,1071,7,0,0,1
1071010,1071,8,0,0,1
1071011,1071,3,1,0,3
1071012,1071,6,0,1,4
1071100,1071,2,103010,0,6
1071101,1071,2,103020,0,6
1071102,1071,2,103030,0,2
1071103,1071,2,103050,0,2
1071104,1071,2,103040,0,6
1071105,1071,2,105010,0,2
1071106,1071,2,105020,0,2
1071107,1071,2,105030,0,1
1071200,1071,2,101045,1,3
1071201,1071,2,102040,1,3
1071202,1071,2,101014,0,3
1071203,1071,2,101042,0,3
1071204,1071,2,101012,0,2
1071205,1071,2,101031,0,1
1071206,1071,2,101031,1,1
1071207,1071,2,101032,0,1
1071208,1071,2,101032,1,1
1071209,1071,2,101033,0,1
1071210,1071,2,101033,1,1
1071211,1071,2,101034,0,1
1071212,1071,2,101034,1,1
1071213,1071,2,102030,0,1
1071214,1071,2,102030,1,1
1071215,1071,2,104015,0,2
1071216,1071,2,104045,0,2
1071217,1071,2,106010,0,2
1071218,1071,2,106020,0,2
1071219,1071,2,106020,1,1
1071220,1071,2,106030,0,1
1071221,1071,2,106050,0,2
1071222,1071,2,106050,1,2
1071223,1071,2,106110,0,2
1071224,1071,2,106120,0,2
1071225,1071,2,106120,1,2
1071226,1071,2,106130,0,2
1071227,1071,2,106140,0,2
1071228,1071,2,106150,0,2
1071229,1071,2,106210,0,2
1071230,1071,2,106220,0,2
1071231,1071,2,106220,1,2
1071232,1071,2,106230,0,2
1071233,1071,2,106250,0,2
1071234,1071,9,1,0,1
1071235,1071,9,2,0,2
1071236,1071,9,3,0,2
1071237,1071,9,4,0,3
1071238,1071,9,3,4,2
1071239,1071,9,5,0,4
1071240,1071,9,6,0,4
1071241,1071,9,6,1,2
1071242,1071,9,6,2,5
1071243,1071,9,7,0,3
1071244,1071,9,7,1,3
1071245,1071,9,7,2,3
1071246,1071,9,7,3,3
1071247,1071,9,7,4,6
1071248,1071,9,7,5,3
1071249,1071,9,7,6,6
1071250,1071,9,8,0,3
1071251,1071,9,9,0,2
1071252,1071,2,108010,0,4
1071253,1071,2,108020,0,2
1071254,1071,2,108030,0,2
1071255,1071,2,108040,0,2
1071256,1071,2,107011,0,2
1071257,1071,2,107012,0,2
1071258,1071,2,107013,0,2
1071259,1071,2,107021,0,2
1071260,1071,2,107022,0,2
1071261,1071,2,107023,0,2
1071262,1071,2,107031,0,2
1071263,1071,2,107032,0,2
1071264,1071,2,107033,0,2
1071265,1071,2,107041,0,2
1071266,1071,2,107042,0,2
1071267,1071,2,107043,0,2
1071268,1071,2,107051,0,2
1071269,1071,2,107052,0,2
1071270,1071,2,107053,0,2
1071271,1071,10,0,0,1
1071272,1071,2,107030,0,1
1071273,1071,2,107030,1,1
1071274,1071,2,107040,1,3
1071275,1071,10,1,0,3
1071276,1071,5,9,0,3
1071277,1071,11,0,0,1
1071278,1071,11,1,0,2
1071279,1071,11,2,0,2
1071280,1071,2,109010,0,2
1071281,1071,2,109020,0,2
1071282,1071,2,109030,0,2
1071283,1071,5,0,6,3
1071286,1071,1013,1,0,3
1071287,1071,1013,2,0,2
1071288,1071,1013,3,0,2
1071289,1071,1013,4,0,3
1071290,1071,1013,5,0,3
1071291,1071,1013,6,0,2
1071292,1071,1013,7,0,2
1071293,1071,1013,8,0,1
1071294,1071,1013,9,0,2
1071295,1071,1013,10,0,1
1071401,1071,1014,1,0,8
1071402,1071,1014,2,0,2
1071403,1071,1014,3,0,1
1071404,1071,1014,4,0,1
1071405,1071,1014,5,0,4
1071406,1071,1014,6,0,2
1071407,1071,1014,6,1,1
1071408,1071,1014,6,2,1
1071409,1071,1014,7,0,2
1071410,1071,1014,7,1,1
1071411,1071,1014,7,2,1
1071412,1071,1014,8,0,2
1071413,1071,1014,8,1,1
1071414,1071,1014,8,2,1
1071415,1071,1014,9,0,2
1071416,1071,1014,10,0,2
1071300,1071,5,0,0,2
1071301,1071,5,1,6,5
1071302,1071,5,1,7,6
1071303,1071,5,2,1,7
1071304,1071,5,0,1,2
1071305,1071,5,0,2,2
1071306,1071,5,0,3,1
1071307,1071,5,0,4,3
1071308,1071,0,2,0,4
1071309,1071,0,3,0,5
1071310,1071,0,4,0,2
1071311,1071,0,5,0,5
1071312,1071,0,6,0,0
1071313,1071,5,0,5,3
1071400,1071,5,1,8,2
1072001,1072,0,0,0,1
1072002,1072,1,0,0,5
1072003,1072,1,1,0,2
1072004,1072,1,2,0,5
1072005,1072,1,3,0,2
1072006,1072,1,4,0,2
1072007,1072,1,5,0,5
1072008,1072,4,0,0,1
1072009,1072,7,0,0,1
1072010,1072,8,0,0,1
1072011,1072,3,1,0,3
1072012,1072,6,0,1,4
1072100,1072,2,103010,0,5
1072101,1072,2,103020,0,2
1072102,1072,2,103030,0,2
1072103,1072,2,103050,0,3
1072104,1072,2,103040,0,3
1072105,1072,2,105010,0,1
1072106,1072,2,105020,0,2
1072107,1072,2,105030,0,1
1072200,1072,2,101045,1,2
1072201,1072,2,102040,1,2
1072202,1072,2,101014,0,3
1072203,1072,2,101042,0,2
1072204,1072,2,101012,0,2
1072205,1072,2,101031,0,1
1072206,1072,2,101031,1,1
1072207,1072,2,101032,0,1
1072208,1072,2,101032,1,1
1072209,1072,2,101033,0,1
1072210,1072,2,101033,1,1
1072211,1072,2,101034,0,1
1072212,1072,2,101034,1,1
1072213,1072,2,102030,0,1
1072214,1072,2,102030,1,1
1072215,1072,2,104015,0,2
1072216,1072,2,104045,0,2
1072217,1072,2,106010,0,2
1072218,1072,2,106020,0,2
1072219,1072,2,106020,1,2
1072220,1072,2,106030,0,2
1072221,1072,2,106050,0,2
1072222,1072,2,106050,1,1
1072223,1072,2,106110,0,2
1072224,1072,2,106120,0,2
1072225,1072,2,106120,1,1
1072226,1072,2,106130,0,2
1072227,1072,2,106140,0,2
1072228,1072,2,106150,0,2
1072229,1072,2,106210,0,2
1072230,1072,2,106220,0,2
1072231,1072,2,106220,1,1
1072232,1072,2,106230,0,2
1072233,1072,2,106250,0,2
1072234,1072,9,1,0,1
1072235,1072,9,2,0,2
1072236,1072,9,3,0,3
1072237,1072,9,4,0,2
1072238,1072,9,3,4,3
1072239,1072,9,5,0,1
1072240,1072,9,6,0,4
1072241,1072,9,6,1,4
1072242,1072,9,6,2,3
1072243,1072,9,7,0,5
1072244,1072,9,7,1,1
1072245,1072,9,7,2,1
1072246,1072,9,7,3,6
1072247,1072,9,7,4,4
1072248,1072,9,7,5,5
1072249,1072,9,7,6,4
1072250,1072,9,8,0,5
1072251,1072,9,9,0,2
1072252,1072,2,108010,0,3
1072253,1072,2,108020,0,3
1072254,1072,2,108030,0,3
1072255,1072,2,108040,0,3
1072256,1072,2,107011,0,2
1072257,1072,2,107012,0,2
1072258,1072,2,107013,0,2
1072259,1072,2,107021,0,2
1072260,1072,2,107022,0,2
1072261,1072,2,107023,0,2
1072262,1072,2,107031,0,2
1072263,1072,2,107032,0,2
1072264,1072,2,107033,0,2
1072265,1072,2,107041,0,2
1072266,1072,2,107042,0,2
1072267,1072,2,107043,0,2
1072268,1072,2,107051,0,2
1072269,1072,2,107052,0,2
1072270,1072,2,107053,0,2
1072271,1072,10,0,0,2
1072272,1072,2,107030,0,1
1072273,1072,2,107030,1,1
1072274,1072,2,107040,1,2
1072275,1072,10,1,0,2
1072276,1072,5,9,0,2
1072277,1072,11,0,0,2
1072278,1072,11,1,0,2
1072279,1072,11,2,0,3
1072280,1072,2,109010,0,3
1072281,1072,2,109020,0,3
1072282,1072,2,109030,0,4
1072283,1072,5,0,6,2
1072286,1072,1013,1,0,4
1072287,1072,1013,2,0,4
1072288,1072,1013,3,0,4
1072289,1072,1013,4,0,5
1072290,1072,1013,5,0,2
1072291,1072,1013,6,0,2
1072292,1072,1013,7,0,3
1072293,1072,1013,8,0,1
1072294,1072,1013,9,0,3
1072295,1072,1013,10,0,1
1072401,1072,1014,1,0,2
1072402,1072,1014,2,0,1
1072403,1072,1014,3,0,2
1072404,1072,1014,4,0,4
1072405,1072,1014,5,0,3
1072406,1072,1014,6,0,3
1072407,1072,1014,6,1,1
1072408,1072,1014,6,2,1
1072409,1072,1014,7,0,1
1072410,1072,1014,7,1,1
1072411,1072,1014,7,2,1
1072412,1072,1014,8,0,4
1072413,1072,1014,8,1,1
1072414,1072,1014,8,2,1
1072415,1072,1014,9,0,2
1072416,1072,1014,10,0,2
1072300,1072,5,0,0,2
1072301,1072,5,1,6,4
1072302,1072,5,1,7,2
1072303,1072,5,2,1,4
1072304,1072,5,0,1,3
1072305,1072,5,0,2,3
1072306,1072,5,0,3,1
1072307,1072,5,0,4,5
1072308,1072,0,2,0,1
1072309,1072,0,3,0,5
1072310,1072,0,4,0,2
1072311,1072,0,5,0,5
1072312,1072,0,6,0,0
1072313,1072,5,0,5,2
1072400,1072,5,1,8,2
2002001,2002,0,0,0,5
2002002,2002,1,0,0,2
2002003,2002,1,1,0,2
2002004,2002,1,2,0,2
2002005,2002,1,3,0,1
2002006,2002,1,4,0,2
2002007,2002,1,5,0,2
2002008,2002,4,0,0,1
2002009,2002,7,0,0,1
2002010,2002,8,0,0,1
2002011,2002,3,1,0,2
2002012,2002,6,0,1,6
2002100,2002,2,103010,0,6
2002101,2002,2,103020,0,6
2002102,2002,2,103030,0,2
2002103,2002,2,103050,0,4
2002104,2002,2,103040,0,2
2002105,2002,2,105010,0,1
2002106,2002,2,105020,0,2
2002107,2002,2,105030,0,3
2002200,2002,2,101045,1,6
2002201,2002,2,102040,1,6
2002202,2002,2,101014,0,3
2002203,2002,2,101042,0,3
2002204,2002,2,101012,0,2
2002205,2002,2,101031,0,1
2002206,2002,2,101031,1,1
2002207,2002,2,101032,0,1
2002208,2002,2,101032,1,1
2002209,2002,2,101033,0,1
2002210,2002,2,101033,1,1
2002211,2002,2,101034,0,1
2002212,2002,2,101034,1,1
2002213,2002,2,102030,0,1
2002214,2002,2,102030,1,1
2002215,2002,2,104015,0,1
2002216,2002,2,104045,0,2
2002217,2002,2,106010,0,1
2002218,2002,2,106020,0,1
2002219,2002,2,106020,1,2
2002220,2002,2,106030,0,1
2002221,2002,2,106050,0,1
2002222,2002,2,106050,1,1
2002223,2002,2,106110,0,1
2002224,2002,2,106120,0,1
2002225,2002,2,106120,1,1
2002226,2002,2,106130,0,1
2002227,2002,2,106140,0,1
2002228,2002,2,106150,0,1
2002229,2002,2,106210,0,1
2002230,2002,2,106220,0,1
2002231,2002,2,106220,1,1
2002232,2002,2,106230,0,1
2002233,2002,2,106250,0,1
2002234,2002,9,1,0,1
2002235,2002,9,2,0,1
2002236,2002,9,3,0,1
2002237,2002,9,4,0,1
2002238,2002,9,3,4,1
2002239,2002,9,5,0,1
2002240,2002,9,6,0,1
2002241,2002,9,6,1,1
2002242,2002,9,6,2,1
2002243,2002,9,7,0,1
2002244,2002,9,7,1,1
2002245,2002,9,7,2,1
2002246,2002,9,7,3,1
2002247,2002,9,7,4,1
2002248,2002,9,7,5,1
2002249,2002,9,7,6,1
2002250,2002,9,8,0,1
2002251,2002,9,9,0,1
2002252,2002,2,108010,0,1
2002253,2002,2,108020,0,1
2002254,2002,2,108030,0,1
2002255,2002,2,108040,0,1
2002256,2002,2,107011,0,1
2002257,2002,2,107012,0,1
2002258,2002,2,107013,0,1
2002259,2002,2,107021,0,1
2002260,2002,2,107022,0,1
2002261,2002,2,107023,0,1
2002262,2002,2,107031,0,1
2002263,2002,2,107032,0,1
2002264,2002,2,107033,0,1
2002265,2002,2,107041,0,1
2002266,2002,2,107042,0,1
2002267,2002,2,107043,0,1
2002268,2002,2,107051,0,1
2002269,2002,2,107052,0,1
2002270,2002,2,107053,0,1
2002271,2002,10,0,0,1
2002272,2002,2,107030,0,1
2002273,2002,2,107030,1,1
2002274,2002,2,107040,1,6
2002275,2002,10,1,0,3
2002276,2002,5,9,0,3
2002277,2002,11,0,0,2
2002278,2002,11,1,0,1
2002279,2002,11,2,0,1
2002280,2002,2,109010,0,1
2002281,2002,2,109020,0,1
2002282,2002,2,109030,0,1
2002283,2002,5,0,6,2
2002286,2002,1013,1,0,1
2002287,2002,1013,2,0,1
2002288,2002,1013,3,0,1
2002289,2002,1013,4,0,0
2002290,2002,1013,5,0,0
2002291,2002,1013,6,0,0
2002292,2002,1013,7,0,1
2002293,2002,1013,8,0,1
2002294,2002,1013,9,0,0
2002295,2002,1013,10,0,1
2002401,2002,1014,1,0,1
2002402,2002,1014,2,0,1
2002403,2002,1014,3,0,1
2002404,2002,1014,4,0,1
2002405,2002,1014,5,0,1
2002406,2002,1014,6,0,1
2002407,2002,1014,6,1,1
2002408,2002,1014,6,2,1
2002409,2002,1014,7,0,1
2002410,2002,1014,7,1,1
2002411,2002,1014,7,2,1
2002412,2002,1014,8,0,1
2002413,2002,1014,8,1,1
2002414,2002,1014,8,2,1
2002415,2002,1014,9,0,1
2002416,2002,1014,10,0,1
2002300,2002,5,0,0,6
2002301,2002,5,1,6,2
2002302,2002,5,1,7,5
2002303,2002,5,2,1,2
2002304,2002,5,0,1,2
2002305,2002,5,0,2,2
2002306,2002,5,0,3,1
2002307,2002,5,0,4,2
2002308,2002,0,2,0,1
2002309,2002,0,3,0,2
2002310,2002,0,4,0,2
2002311,2002,0,5,0,2
2002312,2002,0,6,0,1
2002313,2002,5,0,5,2
2002400,2002,5,1,8,1
2003001,2003,0,0,0,1
2003002,2003,1,0,0,5
2003003,2003,1,1,0,1
2003004,2003,1,2,0,5
2003005,2003,1,3,0,4
2003006,2003,1,4,0,1
2003007,2003,1,5,0,5
2003008,2003,4,0,0,1
2003009,2003,7,0,0,1
2003010,2003,8,0,0,1
2003011,2003,3,1,0,2
2003012,2003,6,0,1,6
2003100,2003,2,103010,0,6
2003101,2003,2,103020,0,6
2003102,2003,2,103030,0,2
2003103,2003,2,103050,0,4
2003104,2003,2,103040,0,2
2003105,2003,2,105010,0,1
2003106,2003,2,105020,0,2
2003107,2003,2,105030,0,3
2003200,2003,2,101045,1,6
2003201,2003,2,102040,1,6
2003202,2003,2,101014,0,3
2003203,2003,2,101042,0,3
2003204,2003,2,101012,0,2
2003205,2003,2,101031,0,1
2003206,2003,2,101031,1,1
2003207,2003,2,101032,0,1
2003208,2003,2,101032,1,1
2003209,2003,2,101033,0,1
2003210,2003,2,101033,1,1
2003211,2003,2,101034,0,1
2003212,2003,2,101034,1,1
2003213,2003,2,102030,0,1
2003214,2003,2,102030,1,1
2003215,2003,2,104015,0,2
2003216,2003,2,104045,0,2
2003217,2003,2,106010,0,2
2003218,2003,2,106020,0,2
2003219,2003,2,106020,1,2
2003220,2003,2,106030,0,2
2003221,2003,2,106050,0,2
2003222,2003,2,106050,1,2
2003223,2003,2,106110,0,2
2003224,2003,2,106120,0,2
2003225,2003,2,106120,1,2
2003226,2003,2,106130,0,2
2003227,2003,2,106140,0,2
2003228,2003,2,106150,0,2
2003229,2003,2,106210,0,2
2003230,2003,2,106220,0,2
2003231,2003,2,106220,1,1
2003232,2003,2,106230,0,2
2003233,2003,2,106250,0,2
2003234,2003,9,1,0,1
2003235,2003,9,2,0,1
2003236,2003,9,3,0,1
2003237,2003,9,4,0,1
2003238,2003,9,3,4,1
2003239,2003,9,5,0,1
2003240,2003,9,6,0,1
2003241,2003,9,6,1,1
2003242,2003,9,6,2,1
2003243,2003,9,7,0,1
2003244,2003,9,7,1,1
2003245,2003,9,7,2,1
2003246,2003,9,7,3,1
2003247,2003,9,7,4,1
2003248,2003,9,7,5,1
2003249,2003,9,7,6,1
2003250,2003,9,8,0,1
2003251,2003,9,9,0,1
2003252,2003,2,108010,0,1
2003253,2003,2,108020,0,1
2003254,2003,2,108030,0,1
2003255,2003,2,108040,0,1
2003256,2003,2,107011,0,2
2003257,2003,2,107012,0,2
2003258,2003,2,107013,0,2
2003259,2003,2,107021,0,2
2003260,2003,2,107022,0,2
2003261,2003,2,107023,0,2
2003262,2003,2,107031,0,2
2003263,2003,2,107032,0,2
2003264,2003,2,107033,0,2
2003265,2003,2,107041,0,2
2003266,2003,2,107042,0,2
2003267,2003,2,107043,0,2
2003268,2003,2,107051,0,2
2003269,2003,2,107052,0,2
2003270,2003,2,107053,0,2
2003271,2003,10,0,0,1
2003272,2003,2,107030,0,1
2003273,2003,2,107030,1,1
2003274,2003,2,107040,1,6
2003275,2003,10,1,0,2
2003276,2003,5,9,0,2
2003277,2003,11,0,0,1
2003278,2003,11,1,0,1
2003279,2003,11,2,0,1
2003280,2003,2,109010,0,3
2003281,2003,2,109020,0,2
2003282,2003,2,109030,0,2
2003283,2003,5,0,6,2
2003286,2003,1013,1,0,1
2003287,2003,1013,2,0,1
2003288,2003,1013,3,0,1
2003289,2003,1013,4,0,0
2003290,2003,1013,5,0,0
2003291,2003,1013,6,0,0
2003292,2003,1013,7,0,1
2003293,2003,1013,8,0,1
2003294,2003,1013,9,0,0
2003295,2003,1013,10,0,1
2003401,2003,1014,1,0,1
2003402,2003,1014,2,0,1
2003403,2003,1014,3,0,1
2003404,2003,1014,4,0,1
2003405,2003,1014,5,0,1
2003406,2003,1014,6,0,1
2003407,2003,1014,6,1,1
2003408,2003,1014,6,2,1
2003409,2003,1014,7,0,1
2003410,2003,1014,7,1,1
2003411,2003,1014,7,2,1
2003412,2003,1014,8,0,1
2003413,2003,1014,8,1,1
2003414,2003,1014,8,2,1
2003415,2003,1014,9,0,1
2003416,2003,1014,10,0,1
2003300,2003,5,0,0,6
2003301,2003,5,1,6,2
2003302,2003,5,1,7,5
2003303,2003,5,2,1,2
2003304,2003,5,0,1,2
2003305,2003,5,0,2,2
2003306,2003,5,0,3,1
2003307,2003,5,0,4,5
2003308,2003,0,2,0,1
2003309,2003,0,3,0,5
2003310,2003,0,4,0,2
2003311,2003,0,5,0,5
2003312,2003,0,6,0,0
2003313,2003,5,0,5,1
2003400,2003,5,1,8,1
1070001,1070,0,0,0,1
1070002,1070,1,0,0,5
1070003,1070,1,1,0,2
1070004,1070,1,2,0,2
1070005,1070,1,3,0,4
1070006,1070,1,4,0,2
1070007,1070,1,5,0,5
1070008,1070,4,0,0,1
1070009,1070,7,0,0,1
1070010,1070,8,0,0,1
1070011,1070,3,1,0,2
1070012,1070,6,0,1,6
1070100,1070,2,103010,0,5
1070101,1070,2,103020,0,7
1070102,1070,2,103030,0,5
1070103,1070,2,103050,0,3
1070104,1070,2,103040,0,4
1070105,1070,2,105010,0,1
1070106,1070,2,105020,0,2
1070107,1070,2,105030,0,3
1070200,1070,2,101045,1,2
1070201,1070,2,102040,1,2
1070202,1070,2,101014,0,3
1070203,1070,2,101042,0,2
1070204,1070,2,101012,0,2
1070205,1070,2,101031,0,1
1070206,1070,2,101031,1,1
1070207,1070,2,101032,0,1
1070208,1070,2,101032,1,1
1070209,1070,2,101033,0,1
1070210,1070,2,101033,1,1
1070211,1070,2,101034,0,1
1070212,1070,2,101034,1,1
1070213,1070,2,102030,0,1
1070214,1070,2,102030,1,1
1070215,1070,2,104015,0,2
1070216,1070,2,104045,0,2
1070217,1070,2,106010,0,2
1070218,1070,2,106020,0,2
1070219,1070,2,106020,1,2
1070220,1070,2,106030,0,2
1070221,1070,2,106050,0,2
1070222,1070,2,106050,1,2
1070223,1070,2,106110,0,2
1070224,1070,2,106120,0,2
1070225,1070,2,106120,1,2
1070226,1070,2,106130,0,2
1070227,1070,2,106140,0,2
1070228,1070,2,106150,0,2
1070229,1070,2,106210,0,2
1070230,1070,2,106220,0,2
1070231,1070,2,106220,1,1
1070232,1070,2,106230,0,2
1070233,1070,2,106250,0,2
1070234,1070,9,1,0,1
1070235,1070,9,2,0,2
1070236,1070,9,3,0,3
1070237,1070,9,4,0,2
1070238,1070,9,3,4,3
1070239,1070,9,5,0,5
1070240,1070,9,6,0,3
1070241,1070,9,6,1,3
1070242,1070,9,6,2,4
1070243,1070,9,7,0,4
1070244,1070,9,7,1,4
1070245,1070,9,7,2,5
1070246,1070,9,7,3,4
1070247,1070,9,7,4,6
1070248,1070,9,7,5,4
1070249,1070,9,7,6,6
1070250,1070,9,8,0,4
1070251,1070,9,9,0,2
1070252,1070,2,108010,0,3
1070253,1070,2,108020,0,3
1070254,1070,2,108030,0,3
1070255,1070,2,108040,0,3
1070256,1070,2,107011,0,2
1070257,1070,2,107012,0,2
1070258,1070,2,107013,0,2
1070259,1070,2,107021,0,2
1070260,1070,2,107022,0,2
1070261,1070,2,107023,0,2
1070262,1070,2,107031,0,2
1070263,1070,2,107032,0,2
1070264,1070,2,107033,0,2
1070265,1070,2,107041,0,2
1070266,1070,2,107042,0,2
1070267,1070,2,107043,0,2
1070268,1070,2,107051,0,2
1070269,1070,2,107052,0,2
1070270,1070,2,107053,0,2
1070271,1070,10,0,0,2
1070272,1070,2,107030,0,1
1070273,1070,2,107030,1,1
1070274,1070,2,107040,1,2
1070275,1070,10,1,0,3
1070276,1070,5,9,0,3
1070277,1070,11,0,0,2
1070278,1070,11,1,0,2
1070279,1070,11,2,0,3
1070280,1070,2,109010,0,2
1070281,1070,2,109020,0,2
1070282,1070,2,109030,0,4
1070283,1070,5,0,6,2
1070286,1070,1013,1,0,4
1070287,1070,1013,2,0,4
1070288,1070,1013,3,0,3
1070289,1070,1013,4,0,4
1070290,1070,1013,5,0,2
1070291,1070,1013,6,0,3
1070292,1070,1013,7,0,3
1070293,1070,1013,8,0,1
1070294,1070,1013,9,0,4
1070295,1070,1013,10,0,1
1070401,1070,1014,1,0,2
1070402,1070,1014,2,0,1
1070403,1070,1014,3,0,1
1070404,1070,1014,4,0,4
1070405,1070,1014,5,0,3
1070406,1070,1014,6,0,3
1070407,1070,1014,6,1,1
1070408,1070,1014,6,2,1
1070409,1070,1014,7,0,4
1070410,1070,1014,7,1,1
1070411,1070,1014,7,2,1
1070412,1070,1014,8,0,4
1070413,1070,1014,8,1,1
1070414,1070,1014,8,2,1
1070415,1070,1014,9,0,3
1070416,1070,1014,10,0,2
1070300,1070,5,0,0,6
1070301,1070,5,1,6,4
1070302,1070,5,1,7,3
1070303,1070,5,2,1,6
1070304,1070,5,0,1,3
1070305,1070,5,0,2,3
1070306,1070,5,0,3,1
1070307,1070,5,0,4,2
1070308,1070,0,2,0,1
1070309,1070,0,3,0,5
1070310,1070,0,4,0,2
1070311,1070,0,5,0,5
1070312,1070,0,6,0,0
1070313,1070,5,0,5,2
1070400,1070,5,1,8,2
1074001,1074,0,0,0,4
1074002,1074,1,0,0,3
1074003,1074,1,1,0,4
1074004,1074,1,2,0,3
1074005,1074,1,3,0,1
1074006,1074,1,4,0,4
1074007,1074,1,5,0,3
1074008,1074,4,0,0,1
1074009,1074,7,0,0,2
1074010,1074,8,0,0,2
1074011,1074,3,1,0,3
1074012,1074,6,0,1,4
1074100,1074,2,103010,0,3
1074101,1074,2,103020,0,1
1074102,1074,2,103030,0,2
1074103,1074,2,103050,0,2
1074104,1074,2,103040,0,2
1074105,1074,2,105010,0,2
1074106,1074,2,105020,0,2
1074107,1074,2,105030,0,1
1074200,1074,2,101045,1,5
1074201,1074,2,102040,1,5
1074202,1074,2,101014,0,2
1074203,1074,2,101042,0,1
1074204,1074,2,101012,0,2
1074205,1074,2,101031,0,1
1074206,1074,2,101031,1,1
1074207,1074,2,101032,0,1
1074208,1074,2,101032,1,1
1074209,1074,2,101033,0,1
1074210,1074,2,101033,1,1
1074211,1074,2,101034,0,1
1074212,1074,2,101034,1,1
1074213,1074,2,102030,0,1
1074214,1074,2,102030,1,1
1074215,1074,2,104015,0,2
1074216,1074,2,104045,0,1
1074217,1074,2,106010,0,1
1074218,1074,2,106020,0,1
1074219,1074,2,106020,1,1
1074220,1074,2,106030,0,1
1074221,1074,2,106050,0,2
1074222,1074,2,106050,1,2
1074223,1074,2,106110,0,2
1074224,1074,2,106120,0,1
1074225,1074,2,106120,1,2
1074226,1074,2,106130,0,3
1074227,1074,2,106140,0,1
1074228,1074,2,106150,0,1
1074229,1074,2,106210,0,1
1074230,1074,2,106220,0,2
1074231,1074,2,106220,1,2
1074232,1074,2,106230,0,1
1074233,1074,2,106250,0,1
1074234,1074,9,1,0,3
1074235,1074,9,2,0,2
1074236,1074,9,3,0,2
1074237,1074,9,4,0,3
1074238,1074,9,3,4,5
1074239,1074,9,5,0,6
1074240,1074,9,6,0,4
1074241,1074,9,6,1,2
1074242,1074,9,6,2,3
1074243,1074,9,7,0,3
1074244,1074,9,7,1,3
1074245,1074,9,7,2,3
1074246,1074,9,7,3,3
1074247,1074,9,7,4,3
1074248,1074,9,7,5,6
1074249,1074,9,7,6,1
1074250,1074,9,8,0,3
1074251,1074,9,9,0,1
1074252,1074,2,108010,0,2
1074253,1074,2,108020,0,2
1074254,1074,2,108030,0,2
1074255,1074,2,108040,0,2
1074256,1074,2,107011,0,2
1074257,1074,2,107012,0,2
1074258,1074,2,107013,0,2
1074259,1074,2,107021,0,2
1074260,1074,2,107022,0,2
1074261,1074,2,107023,0,2
1074262,1074,2,107031,0,2
1074263,1074,2,107032,0,2
1074264,1074,2,107033,0,2
1074265,1074,2,107041,0,2
1074266,1074,2,107042,0,2
1074267,1074,2,107043,0,2
1074268,1074,2,107051,0,2
1074269,1074,2,107052,0,2
1074270,1074,2,107053,0,2
1074271,1074,10,0,0,1
1074272,1074,2,107030,0,1
1074273,1074,2,107030,1,1
1074274,1074,2,107040,1,5
1074275,1074,10,1,0,2
1074276,1074,5,9,0,2
1074277,1074,11,0,0,1
1074278,1074,11,1,0,1
1074279,1074,11,2,0,2
1074280,1074,2,109010,0,1
1074281,1074,2,109020,0,1
1074282,1074,2,109030,0,2
1074283,1074,5,0,6,3
1074286,1074,1013,1,0,3
1074287,1074,1013,2,0,5
1074288,1074,1013,3,0,2
1074289,1074,1013,4,0,3
1074290,1074,1013,5,0,3
1074291,1074,1013,6,0,2
1074292,1074,1013,7,0,2
1074293,1074,1013,8,0,1
1074294,1074,1013,9,0,2
1074295,1074,1013,10,0,1
1074401,1074,1014,1,0,8
1074402,1074,1014,2,0,2
1074403,1074,1014,3,0,1
1074404,1074,1014,4,0,1
1074405,1074,1014,5,0,4
1074406,1074,1014,6,0,2
1074407,1074,1014,6,1,1
1074408,1074,1014,6,2,1
1074409,1074,1014,7,0,2
1074410,1074,1014,7,1,1
1074411,1074,1014,7,2,1
1074412,1074,1014,8,0,2
1074413,1074,1014,8,1,1
1074414,1074,1014,8,2,1
1074415,1074,1014,9,0,2
1074416,1074,1014,10,0,3
1074300,1074,5,0,0,2
1074301,1074,5,1,6,5
1074302,1074,5,1,7,6
1074303,1074,5,2,1,7
1074304,1074,5,0,1,2
1074305,1074,5,0,2,2
1074306,1074,5,0,3,1
1074307,1074,5,0,4,3
1074308,1074,0,2,0,4
1074309,1074,0,3,0,3
1074310,1074,0,4,0,3
1074311,1074,0,5,0,3
1074312,1074,0,6,0,0
1074313,1074,5,0,5,4
1074400,1074,5,1,8,1
1077001,1077,0,0,0,1
1077002,1077,1,0,0,2
1077003,1077,1,1,0,2
1077004,1077,1,2,0,2
1077005,1077,1,3,0,2
1077006,1077,1,4,0,2
1077007,1077,1,5,0,2
1077008,1077,4,0,0,1
1077009,1077,7,0,0,2
1077010,1077,8,0,0,1
1077011,1077,3,1,0,3
1077012,1077,6,0,1,4
1077100,1077,2,103010,0,2
1077101,1077,2,103020,0,7
1077102,1077,2,103030,0,3
1077103,1077,2,103050,0,1
1077104,1077,2,103040,0,4
1077105,1077,2,105010,0,2
1077106,1077,2,105020,0,3
1077107,1077,2,105030,0,1
1077200,1077,2,101045,1,1
1077201,1077,2,102040,1,1
1077202,1077,2,101014,0,3
1077203,1077,2,101042,0,2
1077204,1077,2,101012,0,2
1077205,1077,2,101031,0,1
1077206,1077,2,101031,1,1
1077207,1077,2,101032,0,1
1077208,1077,2,101032,1,1
1077209,1077,2,101033,0,1
1077210,1077,2,101033,1,1
1077211,1077,2,101034,0,1
1077212,1077,2,101034,1,1
1077213,1077,2,102030,0,1
1077214,1077,2,102030,1,1
1077215,1077,2,104015,0,1
1077216,1077,2,104045,0,3
1077217,1077,2,106010,0,1
1077218,1077,2,106020,0,1
1077219,1077,2,106020,1,1
1077220,1077,2,106030,0,1
1077221,1077,2,106050,0,2
1077222,1077,2,106050,1,2
1077223,1077,2,106110,0,1
1077224,1077,2,106120,0,1
1077225,1077,2,106120,1,1
1077226,1077,2,106130,0,1
1077227,1077,2,106140,0,1
1077228,1077,2,106150,0,2
1077229,1077,2,106210,0,1
1077230,1077,2,106220,0,1
1077231,1077,2,106220,1,1
1077232,1077,2,106230,0,1
1077233,1077,2,106250,0,1
1077234,1077,9,1,0,1
1077235,1077,9,2,0,1
1077236,1077,9,3,0,1
1077237,1077,9,4,0,2
1077238,1077,9,3,4,1
1077239,1077,9,5,0,3
1077240,1077,9,6,0,1
1077241,1077,9,6,1,1
1077242,1077,9,6,2,2
1077243,1077,9,7,0,4
1077244,1077,9,7,1,1
1077245,1077,9,7,2,5
1077246,1077,9,7,3,2
1077247,1077,9,7,4,4
1077248,1077,9,7,5,4
1077249,1077,9,7,6,4
1077250,1077,9,8,0,2
1077251,1077,9,9,0,1
1077252,1077,2,108010,0,1
1077253,1077,2,108020,0,1
1077254,1077,2,108030,0,2
1077255,1077,2,108040,0,2
1077256,1077,2,107011,0,1
1077257,1077,2,107012,0,1
1077258,1077,2,107013,0,1
1077259,1077,2,107021,0,1
1077260,1077,2,107022,0,1
1077261,1077,2,107023,0,1
1077262,1077,2,107031,0,1
1077263,1077,2,107032,0,1
1077264,1077,2,107033,0,1
1077265,1077,2,107041,0,2
1077266,1077,2,107042,0,2
1077267,1077,2,107043,0,2
1077268,1077,2,107051,0,1
1077269,1077,2,107052,0,1
1077270,1077,2,107053,0,1
1077271,1077,10,0,0,1
1077272,1077,2,107030,0,1
1077273,1077,2,107030,1,1
1077274,1077,2,107040,1,1
1077275,1077,10,1,0,1
1077276,1077,5,9,0,1
1077277,1077,11,0,0,1
1077278,1077,11,1,0,1
1077279,1077,11,2,0,1
1077280,1077,2,109010,0,1
1077281,1077,2,109020,0,2
1077282,1077,2,109030,0,1
1077283,1077,5,0,6,2
1077286,1077,1013,1,0,4
1077287,1077,1013,2,0,1
1077288,1077,1013,3,0,3
1077289,1077,1013,4,0,2
1077290,1077,1013,5,0,1
1077291,1077,1013,6,0,1
1077292,1077,1013,7,0,1
1077293,1077,1013,8,0,1
1077294,1077,1013,9,0,2
1077295,1077,1013,10,0,1
1077401,1077,1014,1,0,1
1077402,1077,1014,2,0,1
1077403,1077,1014,3,0,1
1077404,1077,1014,4,0,1
1077405,1077,1014,5,0,1
1077406,1077,1014,6,0,1
1077407,1077,1014,6,1,1
1077408,1077,1014,6,2,1
1077409,1077,1014,7,0,1
1077410,1077,1014,7,1,1
1077411,1077,1014,7,2,1
1077412,1077,1014,8,0,1
1077413,1077,1014,8,1,1
1077414,1077,1014,8,2,1
1077415,1077,1014,9,0,1
1077416,1077,1014,10,0,1
1077300,1077,5,0,0,2
1077301,1077,5,1,6,1
1077302,1077,5,1,7,2
1077303,1077,5,2,1,5
1077304,1077,5,0,1,3
1077305,1077,5,0,2,3
1077306,1077,5,0,3,1
1077307,1077,5,0,4,2
1077308,1077,0,2,0,1
1077309,1077,0,3,0,2
1077310,1077,0,4,0,2
1077311,1077,0,5,0,2
1077312,1077,0,6,0,1
1077313,1077,5,0,5,2
1077400,1077,5,1,8,2
1073001,1073,0,0,0,1
1073002,1073,1,0,0,2
1073003,1073,1,1,0,2
1073004,1073,1,2,0,2
1073005,1073,1,3,0,2
1073006,1073,1,4,0,2
1073007,1073,1,5,0,4
1073008,1073,4,0,0,1
1073009,1073,7,0,0,2
1073010,1073,8,0,0,1
1073011,1073,3,1,0,3
1073012,1073,6,0,1,3
1073100,1073,2,103010,0,2
1073101,1073,2,103020,0,2
1073102,1073,2,103030,0,4
1073103,1073,2,103050,0,5
1073104,1073,2,103040,0,1
1073105,1073,2,105010,0,3
1073106,1073,2,105020,0,3
1073107,1073,2,105030,0,2
1073200,1073,2,101045,1,4
1073201,1073,2,102040,1,4
1073202,1073,2,101014,0,1
1073203,1073,2,101042,0,2
1073204,1073,2,101012,0,1
1073205,1073,2,101031,0,1
1073206,1073,2,101031,1,1
1073207,1073,2,101032,0,1
1073208,1073,2,101032,1,1
1073209,1073,2,101033,0,1
1073210,1073,2,101033,1,1
1073211,1073,2,101034,0,1
1073212,1073,2,101034,1,1
1073213,1073,2,102030,0,1
1073214,1073,2,102030,1,1
1073215,1073,2,104015,0,1
1073216,1073,2,104045,0,3
1073217,1073,2,106010,0,1
1073218,1073,2,106020,0,1
1073219,1073,2,106020,1,1
1073220,1073,2,106030,0,1
1073221,1073,2,106050,0,1
1073222,1073,2,106050,1,1
1073223,1073,2,106110,0,1
1073224,1073,2,106120,0,1
1073225,1073,2,106120,1,2
1073226,1073,2,106130,0,1
1073227,1073,2,106140,0,1
1073228,1073,2,106150,0,1
1073229,1073,2,106210,0,1
1073230,1073,2,106220,0,1
1073231,1073,2,106220,1,1
1073232,1073,2,106230,0,1
1073233,1073,2,106250,0,1
1073234,1073,9,1,0,1
1073235,1073,9,2,0,1
1073236,1073,9,3,0,1
1073237,1073,9,4,0,1
1073238,1073,9,3,4,4
1073239,1073,9,5,0,3
1073240,1073,9,6,0,6
1073241,1073,9,6,1,1
1073242,1073,9,6,2,6
1073243,1073,9,7,0,2
1073244,1073,9,7,1,2
1073245,1073,9,7,2,1
1073246,1073,9,7,3,2
1073247,1073,9,7,4,2
1073248,1073,9,7,5,2
1073249,1073,9,7,6,2
1073250,1073,9,8,0,2
1073251,1073,9,9,0,1
1073252,1073,2,108010,0,1
1073253,1073,2,108020,0,1
1073254,1073,2,108030,0,1
1073255,1073,2,108040,0,1
1073256,1073,2,107011,0,1
1073257,1073,2,107012,0,1
1073258,1073,2,107013,0,1
1073259,1073,2,107021,0,1
1073260,1073,2,107022,0,1
1073261,1073,2,107023,0,1
1073262,1073,2,107031,0,1
1073263,1073,2,107032,0,1
1073264,1073,2,107033,0,1
1073265,1073,2,107041,0,1
1073266,1073,2,107042,0,1
1073267,1073,2,107043,0,1
1073268,1073,2,107051,0,1
1073269,1073,2,107052,0,1
1073270,1073,2,107053,0,1
1073271,1073,10,0,0,1
1073272,1073,2,107030,0,1
1073273,1073,2,107030,1,1
1073274,1073,2,107040,1,4
1073275,1073,10,1,0,1
1073276,1073,5,9,0,1
1073277,1073,11,0,0,1
1073278,1073,11,1,0,1
1073279,1073,11,2,0,1
1073280,1073,2,109010,0,1
1073281,1073,2,109020,0,1
1073282,1073,2,109030,0,1
1073283,1073,5,0,6,1
1073286,1073,1013,1,0,1
1073287,1073,1013,2,0,6
1073288,1073,1013,3,0,1
1073289,1073,1013,4,0,1
1073290,1073,1013,5,0,1
1073291,1073,1013,6,0,1
1073292,1073,1013,7,0,1
1073293,1073,1013,8,0,1
1073294,1073,1013,9,0,1
1073295,1073,1013,10,0,1
1073401,1073,1014,1,0,1
1073402,1073,1014,2,0,4
1073403,1073,1014,3,0,1
1073404,1073,1014,4,0,1
1073405,1073,1014,5,0,2
1073406,1073,1014,6,0,1
1073407,1073,1014,6,1,1
1073408,1073,1014,6,2,1
1073409,1073,1014,7,0,3
1073410,1073,1014,7,1,1
1073411,1073,1014,7,2,1
1073412,1073,1014,8,0,3
1073413,1073,1014,8,1,1
1073414,1073,1014,8,2,1
1073415,1073,1014,9,0,1
1073416,1073,1014,10,0,1
1073300,1073,5,0,0,6
1073301,1073,5,1,6,2
1073302,1073,5,1,7,2
1073303,1073,5,2,1,3
1073304,1073,5,0,1,1
1073305,1073,5,0,2,1
1073306,1073,5,0,3,1
1073307,1073,5,0,4,2
1073308,1073,0,2,0,5
1073309,1073,0,3,0,2
1073310,1073,0,4,0,2
1073311,1073,0,5,0,2
1073312,1073,0,6,0,1
1073313,1073,5,0,5,2
1073400,1073,5,1,8,1
1078001,1078,0,0,0,2
1078002,1078,1,0,0,3
1078003,1078,1,1,0,2
1078004,1078,1,2,0,3
1078005,1078,1,3,0,4
1078006,1078,1,4,0,3
1078007,1078,1,5,0,3
1078008,1078,4,0,0,1
1078009,1078,7,0,0,1
1078010,1078,8,0,0,1
1078011,1078,3,1,0,2
1078012,1078,6,0,1,6
1078100,1078,2,103010,0,3
1078101,1078,2,103020,0,6
1078102,1078,2,103030,0,2
1078103,1078,2,103050,0,4
1078104,1078,2,103040,0,2
1078105,1078,2,105010,0,2
1078106,1078,2,105020,0,2
1078107,1078,2,105030,0,1
1078200,1078,2,101045,1,3
1078201,1078,2,102040,1,3
1078202,1078,2,101014,0,3
1078203,1078,2,101042,0,3
1078204,1078,2,101012,0,2
1078205,1078,2,101031,0,1
1078206,1078,2,101031,1,1
1078207,1078,2,101032,0,1
1078208,1078,2,101032,1,1
1078209,1078,2,101033,0,1
1078210,1078,2,101033,1,1
1078211,1078,2,101034,0,1
1078212,1078,2,101034,1,1
1078213,1078,2,102030,0,1
1078214,1078,2,102030,1,1
1078215,1078,2,104015,0,2
1078216,1078,2,104045,0,2
1078217,1078,2,106010,0,1
1078218,1078,2,106020,0,2
1078219,1078,2,106020,1,1
1078220,1078,2,106030,0,1
1078221,1078,2,106050,0,2
1078222,1078,2,106050,1,2
1078223,1078,2,106110,0,2
1078224,1078,2,106120,0,1
1078225,1078,2,106120,1,2
1078226,1078,2,106130,0,3
1078227,1078,2,106140,0,2
1078228,1078,2,106150,0,1
1078229,1078,2,106210,0,1
1078230,1078,2,106220,0,2
1078231,1078,2,106220,1,2
1078232,1078,2,106230,0,2
1078233,1078,2,106250,0,1
1078234,1078,9,1,0,3
1078235,1078,9,2,0,2
1078236,1078,9,3,0,2
1078237,1078,9,4,0,3
1078238,1078,9,3,4,5
1078239,1078,9,5,0,6
1078240,1078,9,6,0,2
1078241,1078,9,6,1,2
1078242,1078,9,6,2,5
1078243,1078,9,7,0,5
1078244,1078,9,7,1,5
1078245,1078,9,7,2,4
1078246,1078,9,7,3,3
1078247,1078,9,7,4,5
1078248,1078,9,7,5,5
1078249,1078,9,7,6,3
1078250,1078,9,8,0,3
1078251,1078,9,9,0,2
1078252,1078,2,108010,0,2
1078253,1078,2,108020,0,2
1078254,1078,2,108030,0,2
1078255,1078,2,108040,0,2
1078256,1078,2,107011,0,2
1078257,1078,2,107012,0,2
1078258,1078,2,107013,0,2
1078259,1078,2,107021,0,2
1078260,1078,2,107022,0,2
1078261,1078,2,107023,0,2
1078262,1078,2,107031,0,2
1078263,1078,2,107032,0,2
1078264,1078,2,107033,0,2
1078265,1078,2,107041,0,2
1078266,1078,2,107042,0,2
1078267,1078,2,107043,0,2
1078268,1078,2,107051,0,2
1078269,1078,2,107052,0,2
1078270,1078,2,107053,0,2
1078271,1078,10,0,0,1
1078272,1078,2,107030,0,1
1078273,1078,2,107030,1,1
1078274,1078,2,107040,1,3
1078275,1078,10,1,0,2
1078276,1078,5,9,0,2
1078277,1078,11,0,0,2
1078278,1078,11,1,0,1
1078279,1078,11,2,0,2
1078280,1078,2,109010,0,2
1078281,1078,2,109020,0,3
1078282,1078,2,109030,0,2
1078283,1078,5,0,6,3
1078286,1078,1013,1,0,3
1078287,1078,1013,2,0,5
1078288,1078,1013,3,0,4
1078289,1078,1013,4,0,5
1078290,1078,1013,5,0,3
1078291,1078,1013,6,0,2
1078292,1078,1013,7,0,2
1078293,1078,1013,8,0,1
1078294,1078,1013,9,0,2
1078295,1078,1013,10,0,1
1078401,1078,1014,1,0,7
1078402,1078,1014,2,0,2
1078403,1078,1014,3,0,1
1078404,1078,1014,4,0,1
1078405,1078,1014,5,0,4
1078406,1078,1014,6,0,3
1078407,1078,1014,6,1,1
1078408,1078,1014,6,2,1
1078409,1078,1014,7,0,2
1078410,1078,1014,7,1,1
1078411,1078,1014,7,2,1
1078412,1078,1014,8,0,2
1078413,1078,1014,8,1,1
1078414,1078,1014,8,2,1
1078415,1078,1014,9,0,2
1078416,1078,1014,10,0,3
1078300,1078,5,0,0,6
1078301,1078,5,1,6,2
1078302,1078,5,1,7,7
1078303,1078,5,2,1,4
1078304,1078,5,0,1,2
1078305,1078,5,0,2,2
1078306,1078,5,0,3,1
1078307,1078,5,0,4,3
1078308,1078,0,2,0,2
1078309,1078,0,3,0,3
1078310,1078,0,4,0,3
1078311,1078,0,5,0,3
1078312,1078,0,6,0,0
1078313,1078,5,0,5,2
1078400,1078,5,1,8,2
2004001,2004,0,0,0,2
2004002,2004,1,0,0,5
2004003,2004,1,1,0,2
2004004,2004,1,2,0,5
2004005,2004,1,3,0,4
2004006,2004,1,4,0,3
2004007,2004,1,5,0,5
2004008,2004,4,0,0,1
2004009,2004,7,0,0,1
2004010,2004,8,0,0,1
2004011,2004,3,1,0,2
2004012,2004,6,0,1,6
2004100,2004,2,103010,0,6
2004101,2004,2,103020,0,6
2004102,2004,2,103030,0,2
2004103,2004,2,103050,0,4
2004104,2004,2,103040,0,2
2004105,2004,2,105010,0,1
2004106,2004,2,105020,0,2
2004107,2004,2,105030,0,2
2004200,2004,2,101045,1,6
2004201,2004,2,102040,1,6
2004202,2004,2,101014,0,3
2004203,2004,2,101042,0,3
2004204,2004,2,101012,0,2
2004205,2004,2,101031,0,1
2004206,2004,2,101031,1,1
2004207,2004,2,101032,0,1
2004208,2004,2,101032,1,1
2004209,2004,2,101033,0,1
2004210,2004,2,101033,1,1
2004211,2004,2,101034,0,1
2004212,2004,2,101034,1,1
2004213,2004,2,102030,0,1
2004214,2004,2,102030,1,1
2004215,2004,2,104015,0,2
2004216,2004,2,104045,0,2
2004217,2004,2,106010,0,2
2004218,2004,2,106020,0,2
2004219,2004,2,106020,1,2
2004220,2004,2,106030,0,1
2004221,2004,2,106050,0,2
2004222,2004,2,106050,1,2
2004223,2004,2,106110,0,2
2004224,2004,2,106120,0,2
2004225,2004,2,106120,1,2
2004226,2004,2,106130,0,2
2004227,2004,2,106140,0,2
2004228,2004,2,106150,0,2
2004229,2004,2,106210,0,2
2004230,2004,2,106220,0,2
2004231,2004,2,106220,1,2
2004232,2004,2,106230,0,2
2004233,2004,2,106250,0,2
2004234,2004,9,1,0,1
2004235,2004,9,2,0,1
2004236,2004,9,3,0,1
2004237,2004,9,4,0,1
2004238,2004,9,3,4,1
2004239,2004,9,5,0,1
2004240,2004,9,6,0,1
2004241,2004,9,6,1,1
2004242,2004,9,6,2,1
2004243,2004,9,7,0,1
2004244,2004,9,7,1,1
2004245,2004,9,7,2,1
2004246,2004,9,7,3,1
2004247,2004,9,7,4,1
2004248,2004,9,7,5,1
2004249,2004,9,7,6,1
2004250,2004,9,8,0,1
2004251,2004,9,9,0,1
2004252,2004,2,108010,0,1
2004253,2004,2,108020,0,1
2004254,2004,2,108030,0,1
2004255,2004,2,108040,0,1
2004256,2004,2,107011,0,2
2004257,2004,2,107012,0,2
2004258,2004,2,107013,0,2
2004259,2004,2,107021,0,2
2004260,2004,2,107022,0,2
2004261,2004,2,107023,0,2
2004262,2004,2,107031,0,2
2004263,2004,2,107032,0,2
2004264,2004,2,107033,0,2
2004265,2004,2,107041,0,2
2004266,2004,2,107042,0,2
2004267,2004,2,107043,0,2
2004268,2004,2,107051,0,2
2004269,2004,2,107052,0,2
2004270,2004,2,107053,0,2
2004271,2004,10,0,0,1
2004272,2004,2,107030,0,1
2004273,2004,2,107030,1,1
2004274,2004,2,107040,1,6
2004275,2004,10,1,0,2
2004276,2004,5,9,0,2
2004277,2004,11,0,0,1
2004278,2004,11,1,0,2
2004279,2004,11,2,0,2
2004280,2004,2,109010,0,2
2004281,2004,2,109020,0,2
2004282,2004,2,109030,0,4
2004283,2004,5,0,6,2
2004286,2004,1013,1,0,1
2004287,2004,1013,2,0,1
2004288,2004,1013,3,0,1
2004289,2004,1013,4,0,0
2004290,2004,1013,5,0,0
2004291,2004,1013,6,0,0
2004292,2004,1013,7,0,2
2004293,2004,1013,8,0,1
2004294,2004,1013,9,0,0
2004295,2004,1013,10,0,1
2004401,2004,1014,1,0,1
2004402,2004,1014,2,0,1
2004403,2004,1014,3,0,1
2004404,2004,1014,4,0,1
2004405,2004,1014,5,0,1
2004406,2004,1014,6,0,1
2004407,2004,1014,6,1,1
2004408,2004,1014,6,2,1
2004409,2004,1014,7,0,1
2004410,2004,1014,7,1,1
2004411,2004,1014,7,2,1
2004412,2004,1014,8,0,1
2004413,2004,1014,8,1,1
2004414,2004,1014,8,2,1
2004415,2004,1014,9,0,1
2004416,2004,1014,10,0,1
2004300,2004,5,0,0,6
2004301,2004,5,1,6,2
2004302,2004,5,1,7,5
2004303,2004,5,2,1,2
2004304,2004,5,0,1,2
2004305,2004,5,0,2,2
2004306,2004,5,0,3,1
2004307,2004,5,0,4,5
2004308,2004,0,2,0,1
2004309,2004,0,3,0,5
2004310,2004,0,4,0,2
2004311,2004,0,5,0,5
2004312,2004,0,6,0,0
2004313,2004,5,0,5,2
2004400,2004,5,1,8,1
1079001,1079,0,0,0,1
1079002,1079,1,0,0,5
1079003,1079,1,1,0,3
1079004,1079,1,2,0,5
1079005,1079,1,3,0,4
1079006,1079,1,4,0,3
1079007,1079,1,5,0,5
1079008,1079,4,0,0,1
1079009,1079,7,0,0,1
1079010,1079,8,0,0,1
1079011,1079,3,1,0,5
1079012,1079,6,0,1,1
1079100,1079,2,103010,0,5
1079101,1079,2,103020,0,6
1079102,1079,2,103030,0,5
1079103,1079,2,103050,0,4
1079104,1079,2,103040,0,6
1079105,1079,2,105010,0,1
1079106,1079,2,105020,0,2
1079107,1079,2,105030,0,1
1079200,1079,2,101045,1,1
1079201,1079,2,102040,1,1
1079202,1079,2,101014,0,3
1079203,1079,2,101042,0,3
1079204,1079,2,101012,0,2
1079205,1079,2,101031,0,1
1079206,1079,2,101031,1,1
1079207,1079,2,101032,0,1
1079208,1079,2,101032,1,1
1079209,1079,2,101033,0,1
1079210,1079,2,101033,1,1
1079211,1079,2,101034,0,1
1079212,1079,2,101034,1,1
1079213,1079,2,102030,0,1
1079214,1079,2,102030,1,1
1079215,1079,2,104015,0,2
1079216,1079,2,104045,0,3
1079217,1079,2,106010,0,2
1079218,1079,2,106020,0,2
1079219,1079,2,106020,1,2
1079220,1079,2,106030,0,2
1079221,1079,2,106050,0,2
1079222,1079,2,106050,1,2
1079223,1079,2,106110,0,1
1079224,1079,2,106120,0,2
1079225,1079,2,106120,1,2
1079226,1079,2,106130,0,2
1079227,1079,2,106140,0,2
1079228,1079,2,106150,0,2
1079229,1079,2,106210,0,2
1079230,1079,2,106220,0,2
1079231,1079,2,106220,1,1
1079232,1079,2,106230,0,2
1079233,1079,2,106250,0,1
1079234,1079,9,1,0,1
1079235,1079,9,2,0,2
1079236,1079,9,3,0,3
1079237,1079,9,4,0,2
1079238,1079,9,3,4,6
1079239,1079,9,5,0,4
1079240,1079,9,6,0,2
1079241,1079,9,6,1,2
1079242,1079,9,6,2,3
1079243,1079,9,7,0,3
1079244,1079,9,7,1,1
1079245,1079,9,7,2,2
1079246,1079,9,7,3,6
1079247,1079,9,7,4,4
1079248,1079,9,7,5,5
1079249,1079,9,7,6,3
1079250,1079,9,8,0,5
1079251,1079,9,9,0,2
1079252,1079,2,108010,0,3
1079253,1079,2,108020,0,3
1079254,1079,2,108030,0,3
1079255,1079,2,108040,0,2
1079256,1079,2,107011,0,2
1079257,1079,2,107012,0,2
1079258,1079,2,107013,0,2
1079259,1079,2,107021,0,2
1079260,1079,2,107022,0,2
1079261,1079,2,107023,0,2
1079262,1079,2,107031,0,2
1079263,1079,2,107032,0,2
1079264,1079,2,107033,0,2
1079265,1079,2,107041,0,2
1079266,1079,2,107042,0,2
1079267,1079,2,107043,0,2
1079268,1079,2,107051,0,2
1079269,1079,2,107052,0,2
1079270,1079,2,107053,0,2
1079271,1079,10,0,0,1
1079272,1079,2,107030,0,1
1079273,1079,2,107030,1,1
1079274,1079,2,107040,1,1
1079275,1079,10,1,0,2
1079276,1079,5,9,0,2
1079277,1079,11,0,0,2
1079278,1079,11,1,0,2
1079279,1079,11,2,0,2
1079280,1079,2,109010,0,3
1079281,1079,2,109020,0,3
1079282,1079,2,109030,0,2
1079283,1079,5,0,6,2
1079286,1079,1013,1,0,4
1079287,1079,1013,2,0,4
1079288,1079,1013,3,0,2
1079289,1079,1013,4,0,5
1079290,1079,1013,5,0,2
1079291,1079,1013,6,0,2
1079292,1079,1013,7,0,2
1079293,1079,1013,8,0,1
1079294,1079,1013,9,0,3
1079295,1079,1013,10,0,1
1079401,1079,1014,1,0,8
1079402,1079,1014,2,0,1
1079403,1079,1014,3,0,3
1079404,1079,1014,4,0,4
1079405,1079,1014,5,0,4
1079406,1079,1014,6,0,3
1079407,1079,1014,6,1,1
1079408,1079,1014,6,2,1
1079409,1079,1014,7,0,1
1079410,1079,1014,7,1,1
1079411,1079,1014,7,2,1
1079412,1079,1014,8,0,4
1079413,1079,1014,8,1,1
1079414,1079,1014,8,2,1
1079415,1079,1014,9,0,1
1079416,1079,1014,10,0,1
1079300,1079,5,0,0,3
1079301,1079,5,1,6,4
1079302,1079,5,1,7,7
1079303,1079,5,2,1,4
1079304,1079,5,0,1,3
1079305,1079,5,0,2,3
1079306,1079,5,0,3,1
1079307,1079,5,0,4,5
1079308,1079,0,2,0,1
1079309,1079,0,3,0,5
1079310,1079,0,4,0,2
1079311,1079,0,5,0,5
1079312,1079,0,6,0,0
1079313,1079,5,0,5,3
1079400,1079,5,1,8,2
1080001,1080,0,0,0,1
1080002,1080,1,0,0,2
1080003,1080,1,1,0,1
1080004,1080,1,2,0,2
1080005,1080,1,3,0,2
1080006,1080,1,4,0,1
1080007,1080,1,5,0,2
1080008,1080,4,0,0,1
1080009,1080,7,0,0,2
1080010,1080,8,0,0,1
1080011,1080,3,1,0,5
1080012,1080,6,0,1,1
1080100,1080,2,103010,0,5
1080101,1080,2,103020,0,4
1080102,1080,2,103030,0,4
1080103,1080,2,103050,0,3
1080104,1080,2,103040,0,4
1080105,1080,2,105010,0,1
1080106,1080,2,105020,0,3
1080107,1080,2,105030,0,3
1080200,1080,2,101045,1,5
1080201,1080,2,102040,1,5
1080202,1080,2,101014,0,1
1080203,1080,2,101042,0,1
1080204,1080,2,101012,0,2
1080205,1080,2,101031,0,1
1080206,1080,2,101031,1,1
1080207,1080,2,101032,0,1
1080208,1080,2,101032,1,1
1080209,1080,2,101033,0,1
1080210,1080,2,101033,1,1
1080211,1080,2,101034,0,1
1080212,1080,2,101034,1,1
1080213,1080,2,102030,0,1
1080214,1080,2,102030,1,1
1080215,1080,2,104015,0,2
1080216,1080,2,104045,0,1
1080217,1080,2,106010,0,2
1080218,1080,2,106020,0,2
1080219,1080,2,106020,1,1
1080220,1080,2,106030,0,1
1080221,1080,2,106050,0,1
1080222,1080,2,106050,1,1
1080223,1080,2,106110,0,1
1080224,1080,2,106120,0,2
1080225,1080,2,106120,1,1
1080226,1080,2,106130,0,2
1080227,1080,2,106140,0,1
1080228,1080,2,106150,0,2
1080229,1080,2,106210,0,2
1080230,1080,2,106220,0,2
1080231,1080,2,106220,1,1
1080232,1080,2,106230,0,2
1080233,1080,2,106250,0,1
1080234,1080,9,1,0,1
1080235,1080,9,2,0,1
1080236,1080,9,3,0,1
1080237,1080,9,4,0,2
1080238,1080,9,3,4,4
1080239,1080,9,5,0,3
1080240,1080,9,6,0,5
1080241,1080,9,6,1,3
1080242,1080,9,6,2,4
1080243,1080,9,7,0,1
1080244,1080,9,7,1,5
1080245,1080,9,7,2,2
1080246,1080,9,7,3,4
1080247,1080,9,7,4,3
1080248,1080,9,7,5,4
1080249,1080,9,7,6,5
1080250,1080,9,8,0,2
1080251,1080,9,9,0,1
1080252,1080,2,108010,0,1
1080253,1080,2,108020,0,1
1080254,1080,2,108030,0,1
1080255,1080,2,108040,0,3
1080256,1080,2,107011,0,2
1080257,1080,2,107012,0,2
1080258,1080,2,107013,0,2
1080259,1080,2,107021,0,2
1080260,1080,2,107022,0,2
1080261,1080,2,107023,0,2
1080262,1080,2,107031,0,2
1080263,1080,2,107032,0,2
1080264,1080,2,107033,0,2
1080265,1080,2,107041,0,2
1080266,1080,2,107042,0,2
1080267,1080,2,107043,0,2
1080268,1080,2,107051,0,2
1080269,1080,2,107052,0,2
1080270,1080,2,107053,0,2
1080271,1080,10,0,0,1
1080272,1080,2,107030,0,1
1080273,1080,2,107030,1,1
1080274,1080,2,107040,1,5
1080275,1080,10,1,0,2
1080276,1080,5,9,0,2
1080277,1080,11,0,0,1
1080278,1080,11,1,0,1
1080279,1080,11,2,0,3
1080280,1080,2,109010,0,2
1080281,1080,2,109020,0,2
1080282,1080,2,109030,0,1
1080283,1080,5,0,6,2
1080286,1080,1013,1,0,2
1080287,1080,1013,2,0,3
1080288,1080,1013,3,0,1
1080289,1080,1013,4,0,4
1080290,1080,1013,5,0,4
1080291,1080,1013,6,0,3
1080292,1080,1013,7,0,1
1080293,1080,1013,8,0,1
1080294,1080,1013,9,0,3
1080295,1080,1013,10,0,1
1080401,1080,1014,1,0,6
1080402,1080,1014,2,0,3
1080403,1080,1014,3,0,1
1080404,1080,1014,4,0,2
1080405,1080,1014,5,0,1
1080406,1080,1014,6,0,1
1080407,1080,1014,6,1,1
1080408,1080,1014,6,2,1
1080409,1080,1014,7,0,3
1080410,1080,1014,7,1,1
1080411,1080,1014,7,2,1
1080412,1080,1014,8,0,3
1080413,1080,1014,8,1,1
1080414,1080,1014,8,2,1
1080415,1080,1014,9,0,1
1080416,1080,1014,10,0,1
1080300,1080,5,0,0,3
1080301,1080,5,1,6,3
1080302,1080,5,1,7,4
1080303,1080,5,2,1,4
1080304,1080,5,0,1,1
1080305,1080,5,0,2,1
1080306,1080,5,0,3,1
1080307,1080,5,0,4,2
1080308,1080,0,2,0,1
1080309,1080,0,3,0,2
1080310,1080,0,4,0,2
1080311,1080,0,5,0,2
1080312,1080,0,6,0,1
1080313,1080,5,0,5,1
1080400,1080,5,1,8,1
1081001,1081,0,0,0,5
1081002,1081,1,0,0,2
1081003,1081,1,1,0,2
1081004,1081,1,2,0,2
1081005,1081,1,3,0,2
1081006,1081,1,4,0,2
1081007,1081,1,5,0,2
1081008,1081,4,0,0,1
1081009,1081,7,0,0,2
1081010,1081,8,0,0,1
1081011,1081,3,1,0,1
1081012,1081,6,0,1,1
1081100,1081,2,103010,0,5
1081101,1081,2,103020,0,2
1081102,1081,2,103030,0,4
1081103,1081,2,103050,0,1
1081104,1081,2,103040,0,3
1081105,1081,2,105010,0,1
1081106,1081,2,105020,0,1
1081107,1081,2,105030,0,3
1081200,1081,2,101045,1,2
1081201,1081,2,102040,1,2
1081202,1081,2,101014,0,2
1081203,1081,2,101042,0,2
1081204,1081,2,101012,0,1
1081205,1081,2,101031,0,1
1081206,1081,2,101031,1,1
1081207,1081,2,101032,0,1
1081208,1081,2,101032,1,1
1081209,1081,2,101033,0,1
1081210,1081,2,101033,1,1
1081211,1081,2,101034,0,1
1081212,1081,2,101034,1,1
1081213,1081,2,102030,0,1
1081214,1081,2,102030,1,1
1081215,1081,2,104015,0,1
1081216,1081,2,104045,0,3
1081217,1081,2,106010,0,1
1081218,1081,2,106020,0,1
1081219,1081,2,106020,1,1
1081220,1081,2,106030,0,1
1081221,1081,2,106050,0,1
1081222,1081,2,106050,1,1
1081223,1081,2,106110,0,1
1081224,1081,2,106120,0,1
1081225,1081,2,106120,1,1
1081226,1081,2,106130,0,1
1081227,1081,2,106140,0,1
1081228,1081,2,106150,0,1
1081229,1081,2,106210,0,1
1081230,1081,2,106220,0,1
1081231,1081,2,106220,1,1
1081232,1081,2,106230,0,2
1081233,1081,2,106250,0,1
1081234,1081,9,1,0,1
1081235,1081,9,2,0,1
1081236,1081,9,3,0,1
1081237,1081,9,4,0,1
1081238,1081,9,3,4,4
1081239,1081,9,5,0,5
1081240,1081,9,6,0,3
1081241,1081,9,6,1,3
1081242,1081,9,6,2,4
1081243,1081,9,7,0,2
1081244,1081,9,7,1,4
1081245,1081,9,7,2,4
1081246,1081,9,7,3,4
1081247,1081,9,7,4,4
1081248,1081,9,7,5,4
1081249,1081,9,7,6,5
1081250,1081,9,8,0,4
1081251,1081,9,9,0,1
1081252,1081,2,108010,0,3
1081253,1081,2,108020,0,3
1081254,1081,2,108030,0,3
1081255,1081,2,108040,0,3
1081256,1081,2,107011,0,1
1081257,1081,2,107012,0,1
1081258,1081,2,107013,0,1
1081259,1081,2,107021,0,1
1081260,1081,2,107022,0,1
1081261,1081,2,107023,0,1
1081262,1081,2,107031,0,1
1081263,1081,2,107032,0,1
1081264,1081,2,107033,0,1
1081265,1081,2,107041,0,1
1081266,1081,2,107042,0,1
1081267,1081,2,107043,0,1
1081268,1081,2,107051,0,1
1081269,1081,2,107052,0,1
1081270,1081,2,107053,0,1
1081271,1081,10,0,0,2
1081272,1081,2,107030,0,1
1081273,1081,2,107030,1,1
1081274,1081,2,107040,1,2
1081275,1081,10,1,0,3
1081276,1081,5,9,0,3
1081277,1081,11,0,0,1
1081278,1081,11,1,0,1
1081279,1081,11,2,0,3
1081280,1081,2,109010,0,2
1081281,1081,2,109020,0,2
1081282,1081,2,109030,0,3
1081283,1081,5,0,6,1
1081286,1081,1013,1,0,2
1081287,1081,1013,2,0,4
1081288,1081,1013,3,0,3
1081289,1081,1013,4,0,4
1081290,1081,1013,5,0,2
1081291,1081,1013,6,0,3
1081292,1081,1013,7,0,3
1081293,1081,1013,8,0,1
1081294,1081,1013,9,0,1
1081295,1081,1013,10,0,3
1081401,1081,1014,1,0,1
1081402,1081,1014,2,0,1
1081403,1081,1014,3,0,1
1081404,1081,1014,4,0,2
1081405,1081,1014,5,0,3
1081406,1081,1014,6,0,1
1081407,1081,1014,6,1,1
1081408,1081,1014,6,2,1
1081409,1081,1014,7,0,1
1081410,1081,1014,7,1,1
1081411,1081,1014,7,2,1
1081412,1081,1014,8,0,3
1081413,1081,1014,8,1,1
1081414,1081,1014,8,2,1
1081415,1081,1014,9,0,3
1081416,1081,1014,10,0,1
1081300,1081,5,0,0,1
1081301,1081,5,1,6,3
1081302,1081,5,1,7,2
1081303,1081,5,2,1,5
1081304,1081,5,0,1,1
1081305,1081,5,0,2,1
1081306,1081,5,0,3,1
1081307,1081,5,0,4,2
1081308,1081,0,2,0,5
1081309,1081,0,3,0,5
1081310,1081,0,4,0,2
1081311,1081,0,5,0,2
1081312,1081,0,6,0,0
1081313,1081,5,0,5,2
1081400,1081,5,1,8,1
1082001,1082,0,0,0,2
1082002,1082,1,0,0,3
1082003,1082,1,1,0,3
1082004,1082,1,2,0,3
1082005,1082,1,3,0,2
1082006,1082,1,4,0,1
1082007,1082,1,5,0,3
1082008,1082,4,0,0,1
1082009,1082,7,0,0,2
1082010,1082,8,0,0,1
1082011,1082,3,1,0,5
1082012,1082,6,0,1,1
1082100,1082,2,103010,0,1
1082101,1082,2,103020,0,5
1082102,1082,2,103030,0,3
1082103,1082,2,103050,0,2
1082104,1082,2,103040,0,2
1082105,1082,2,105010,0,2
1082106,1082,2,105020,0,2
1082107,1082,2,105030,0,2
1082200,1082,2,101045,1,6
1082201,1082,2,102040,1,6
1082202,1082,2,101014,0,3
1082203,1082,2,101042,0,3
1082204,1082,2,101012,0,2
1082205,1082,2,101031,0,1
1082206,1082,2,101031,1,1
1082207,1082,2,101032,0,1
1082208,1082,2,101032,1,1
1082209,1082,2,101033,0,1
1082210,1082,2,101033,1,1
1082211,1082,2,101034,0,1
1082212,1082,2,101034,1,1
1082213,1082,2,102030,0,1
1082214,1082,2,102030,1,1
1082215,1082,2,104015,0,2
1082216,1082,2,104045,0,2
1082217,1082,2,106010,0,2
1082218,1082,2,106020,0,2
1082219,1082,2,106020,1,2
1082220,1082,2,106030,0,1
1082221,1082,2,106050,0,2
1082222,1082,2,106050,1,2
1082223,1082,2,106110,0,2
1082224,1082,2,106120,0,2
1082225,1082,2,106120,1,2
1082226,1082,2,106130,0,3
1082227,1082,2,106140,0,2
1082228,1082,2,106150,0,2
1082229,1082,2,106210,0,1
1082230,1082,2,106220,0,2
1082231,1082,2,106220,1,2
1082232,1082,2,106230,0,2
1082233,1082,2,106250,0,1
1082234,1082,9,1,0,1
1082235,1082,9,2,0,2
1082236,1082,9,3,0,2
1082237,1082,9,4,0,3
1082238,1082,9,3,4,5
1082239,1082,9,5,0,4
1082240,1082,9,6,0,2
1082241,1082,9,6,1,2
1082242,1082,9,6,2,3
1082243,1082,9,7,0,3
1082244,1082,9,7,1,3
1082245,1082,9,7,2,3
1082246,1082,9,7,3,3
1082247,1082,9,7,4,3
1082248,1082,9,7,5,3
1082249,1082,9,7,6,4
1082250,1082,9,8,0,3
1082251,1082,9,9,0,1
1082252,1082,2,108010,0,2
1082253,1082,2,108020,0,2
1082254,1082,2,108030,0,2
1082255,1082,2,108040,0,2
1082256,1082,2,107011,0,2
1082257,1082,2,107012,0,2
1082258,1082,2,107013,0,2
1082259,1082,2,107021,0,2
1082260,1082,2,107022,0,2
1082261,1082,2,107023,0,2
1082262,1082,2,107031,0,2
1082263,1082,2,107032,0,2
1082264,1082,2,107033,0,2
1082265,1082,2,107041,0,2
1082266,1082,2,107042,0,2
1082267,1082,2,107043,0,2
1082268,1082,2,107051,0,2
1082269,1082,2,107052,0,2
1082270,1082,2,107053,0,2
1082271,1082,10,0,0,1
1082272,1082,2,107030,0,1
1082273,1082,2,107030,1,1
1082274,1082,2,107040,1,6
1082275,1082,10,1,0,2
1082276,1082,5,9,0,2
1082277,1082,11,0,0,1
1082278,1082,11,1,0,1
1082279,1082,11,2,0,1
1082280,1082,2,109010,0,2
1082281,1082,2,109020,0,1
1082282,1082,2,109030,0,2
1082283,1082,5,0,6,3
1082286,1082,1013,1,0,3
1082287,1082,1013,2,0,2
1082288,1082,1013,3,0,2
1082289,1082,1013,4,0,3
1082290,1082,1013,5,0,3
1082291,1082,1013,6,0,2
1082292,1082,1013,7,0,2
1082293,1082,1013,8,0,1
1082294,1082,1013,9,0,2
1082295,1082,1013,10,0,1
1082401,1082,1014,1,0,8
1082402,1082,1014,2,0,1
1082403,1082,1014,3,0,1
1082404,1082,1014,4,0,1
1082405,1082,1014,5,0,4
1082406,1082,1014,6,0,2
1082407,1082,1014,6,1,1
1082408,1082,1014,6,2,1
1082409,1082,1014,7,0,2
1082410,1082,1014,7,1,1
1082411,1082,1014,7,2,1
1082412,1082,1014,8,0,2
1082413,1082,1014,8,1,1
1082414,1082,1014,8,2,1
1082415,1082,1014,9,0,2
1082416,1082,1014,10,0,3
1082300,1082,5,0,0,3
1082301,1082,5,1,6,2
1082302,1082,5,1,7,4
1082303,1082,5,2,1,7
1082304,1082,5,0,1,2
1082305,1082,5,0,2,2
1082306,1082,5,0,3,1
1082307,1082,5,0,4,3
1082308,1082,0,2,0,2
1082309,1082,0,3,0,3
1082310,1082,0,4,0,3
1082311,1082,0,5,0,3
1082312,1082,0,6,0,0
1082313,1082,5,0,5,3
1082400,1082,5,1,8,2
1083001,1083,0,0,0,1
1083002,1083,1,0,0,5
1083003,1083,1,1,0,2
1083004,1083,1,2,0,5
1083005,1083,1,3,0,2
1083006,1083,1,4,0,2
1083007,1083,1,5,0,5
1083008,1083,4,0,0,1
1083009,1083,7,0,0,1
1083010,1083,8,0,0,1
1083011,1083,3,1,0,5
1083012,1083,6,0,1,1
1083100,1083,2,103010,0,5
1083101,1083,2,103020,0,6
1083102,1083,2,103030,0,5
1083103,1083,2,103050,0,4
1083104,1083,2,103040,0,4
1083105,1083,2,105010,0,1
1083106,1083,2,105020,0,2
1083107,1083,2,105030,0,1
1083200,1083,2,101045,1,6
1083201,1083,2,102040,1,6
1083202,1083,2,101014,0,3
1083203,1083,2,101042,0,3
1083204,1083,2,101012,0,2
1083205,1083,2,101031,0,1
1083206,1083,2,101031,1,1
1083207,1083,2,101032,0,1
1083208,1083,2,101032,1,1
1083209,1083,2,101033,0,1
1083210,1083,2,101033,1,1
1083211,1083,2,101034,0,1
1083212,1083,2,101034,1,1
1083213,1083,2,102030,0,1
1083214,1083,2,102030,1,1
1083215,1083,2,104015,0,2
1083216,1083,2,104045,0,2
1083217,1083,2,106010,0,2
1083218,1083,2,106020,0,2
1083219,1083,2,106020,1,2
1083220,1083,2,106030,0,2
1083221,1083,2,106050,0,2
1083222,1083,2,106050,1,2
1083223,1083,2,106110,0,2
1083224,1083,2,106120,0,2
1083225,1083,2,106120,1,2
1083226,1083,2,106130,0,2
1083227,1083,2,106140,0,2
1083228,1083,2,106150,0,2
1083229,1083,2,106210,0,2
1083230,1083,2,106220,0,2
1083231,1083,2,106220,1,1
1083232,1083,2,106230,0,2
1083233,1083,2,106250,0,2
1083234,1083,9,1,0,1
1083235,1083,9,2,0,2
1083236,1083,9,3,0,3
1083237,1083,9,4,0,2
1083238,1083,9,3,4,5
1083239,1083,9,5,0,5
1083240,1083,9,6,0,4
1083241,1083,9,6,1,4
1083242,1083,9,6,2,4
1083243,1083,9,7,0,5
1083244,1083,9,7,1,4
1083245,1083,9,7,2,4
1083246,1083,9,7,3,6
1083247,1083,9,7,4,5
1083248,1083,9,7,5,5
1083249,1083,9,7,6,4
1083250,1083,9,8,0,5
1083251,1083,9,9,0,2
1083252,1083,2,108010,0,3
1083253,1083,2,108020,0,3
1083254,1083,2,108030,0,3
1083255,1083,2,108040,0,3
1083256,1083,2,107011,0,2
1083257,1083,2,107012,0,2
1083258,1083,2,107013,0,2
1083259,1083,2,107021,0,2
1083260,1083,2,107022,0,2
1083261,1083,2,107023,0,2
1083262,1083,2,107031,0,2
1083263,1083,2,107032,0,2
1083264,1083,2,107033,0,2
1083265,1083,2,107041,0,2
1083266,1083,2,107042,0,2
1083267,1083,2,107043,0,2
1083268,1083,2,107051,0,2
1083269,1083,2,107052,0,2
1083270,1083,2,107053,0,2
1083271,1083,10,0,0,2
1083272,1083,2,107030,0,1
1083273,1083,2,107030,1,1
1083274,1083,2,107040,1,6
1083275,1083,10,1,0,3
1083276,1083,5,9,0,3
1083277,1083,11,0,0,2
1083278,1083,11,1,0,2
1083279,1083,11,2,0,3
1083280,1083,2,109010,0,3
1083281,1083,2,109020,0,3
1083282,1083,2,109030,0,4
1083283,1083,5,0,6,2
1083286,1083,1013,1,0,4
1083287,1083,1013,2,0,4
1083288,1083,1013,3,0,3
1083289,1083,1013,4,0,5
1083290,1083,1013,5,0,2
1083291,1083,1013,6,0,2
1083292,1083,1013,7,0,3
1083293,1083,1013,8,0,1
1083294,1083,1013,9,0,2
1083295,1083,1013,10,0,1
1083401,1083,1014,1,0,2
1083402,1083,1014,2,0,2
1083403,1083,1014,3,0,3
1083404,1083,1014,4,0,4
1083405,1083,1014,5,0,3
1083406,1083,1014,6,0,3
1083407,1083,1014,6,1,1
1083408,1083,1014,6,2,1
1083409,1083,1014,7,0,2
1083410,1083,1014,7,1,1
1083411,1083,1014,7,2,1
1083412,1083,1014,8,0,4
1083413,1083,1014,8,1,1
1083414,1083,1014,8,2,1
1083415,1083,1014,9,0,4
1083416,1083,1014,10,0,2
1083300,1083,5,0,0,3
1083301,1083,5,1,6,4
1083302,1083,5,1,7,7
1083303,1083,5,2,1,4
1083304,1083,5,0,1,3
1083305,1083,5,0,2,3
1083306,1083,5,0,3,1
1083307,1083,5,0,4,5
1083308,1083,0,2,0,1
1083309,1083,0,3,0,5
1083310,1083,0,4,0,2
1083311,1083,0,5,0,5
1083312,1083,0,6,0,0
1083313,1083,5,0,5,2
1083400,1083,5,1,8,2
1084001,1084,0,0,0,5
1084002,1084,1,0,0,5
1084003,1084,1,1,0,2
1084004,1084,1,2,0,5
1084005,1084,1,3,0,2
1084006,1084,1,4,0,2
1084007,1084,1,5,0,2
1084008,1084,4,0,0,1
1084009,1084,7,0,0,2
1084010,1084,8,0,0,1
1084011,1084,3,1,0,5
1084012,1084,6,0,1,1
1084100,1084,2,103010,0,5
1084101,1084,2,103020,0,2
1084102,1084,2,103030,0,5
1084103,1084,2,103050,0,1
1084104,1084,2,103040,0,4
1084105,1084,2,105010,0,1
1084106,1084,2,105020,0,2
1084107,1084,2,105030,0,3
1084200,1084,2,101045,1,2
1084201,1084,2,102040,1,2
1084202,1084,2,101014,0,3
1084203,1084,2,101042,0,1
1084204,1084,2,101012,0,1
1084205,1084,2,101031,0,1
1084206,1084,2,101031,1,1
1084207,1084,2,101032,0,1
1084208,1084,2,101032,1,1
1084209,1084,2,101033,0,1
1084210,1084,2,101033,1,1
1084211,1084,2,101034,0,1
1084212,1084,2,101034,1,1
1084213,1084,2,102030,0,1
1084214,1084,2,102030,1,1
1084215,1084,2,104015,0,2
1084216,1084,2,104045,0,2
1084217,1084,2,106010,0,2
1084218,1084,2,106020,0,2
1084219,1084,2,106020,1,2
1084220,1084,2,106030,0,1
1084221,1084,2,106050,0,2
1084222,1084,2,106050,1,2
1084223,1084,2,106110,0,2
1084224,1084,2,106120,0,2
1084225,1084,2,106120,1,1
1084226,1084,2,106130,0,2
1084227,1084,2,106140,0,2
1084228,1084,2,106150,0,2
1084229,1084,2,106210,0,2
1084230,1084,2,106220,0,2
1084231,1084,2,106220,1,1
1084232,1084,2,106230,0,2
1084233,1084,2,106250,0,1
1084234,1084,9,1,0,1
1084235,1084,9,2,0,2
1084236,1084,9,3,0,3
1084237,1084,9,4,0,2
1084238,1084,9,3,4,3
1084239,1084,9,5,0,5
1084240,1084,9,6,0,3
1084241,1084,9,6,1,3
1084242,1084,9,6,2,4
1084243,1084,9,7,0,4
1084244,1084,9,7,1,4
1084245,1084,9,7,2,5
1084246,1084,9,7,3,4
1084247,1084,9,7,4,5
1084248,1084,9,7,5,4
1084249,1084,9,7,6,4
1084250,1084,9,8,0,4
1084251,1084,9,9,0,2
1084252,1084,2,108010,0,3
1084253,1084,2,108020,0,3
1084254,1084,2,108030,0,3
1084255,1084,2,108040,0,3
1084256,1084,2,107011,0,2
1084257,1084,2,107012,0,2
1084258,1084,2,107013,0,2
1084259,1084,2,107021,0,2
1084260,1084,2,107022,0,2
1084261,1084,2,107023,0,2
1084262,1084,2,107031,0,2
1084263,1084,2,107032,0,2
1084264,1084,2,107033,0,2
1084265,1084,2,107041,0,2
1084266,1084,2,107042,0,2
1084267,1084,2,107043,0,2
1084268,1084,2,107051,0,2
1084269,1084,2,107052,0,2
1084270,1084,2,107053,0,4
1084271,1084,10,0,0,2
1084272,1084,2,107030,0,1
1084273,1084,2,107030,1,1
1084274,1084,2,107040,1,2
1084275,1084,10,1,0,3
1084276,1084,5,9,0,3
1084277,1084,11,0,0,2
1084278,1084,11,1,0,2
1084279,1084,11,2,0,3
1084280,1084,2,109010,0,2
1084281,1084,2,109020,0,2
1084282,1084,2,109030,0,4
1084283,1084,5,0,6,2
1084286,1084,1013,1,0,4
1084287,1084,1013,2,0,4
1084288,1084,1013,3,0,5
1084289,1084,1013,4,0,4
1084290,1084,1013,5,0,4
1084291,1084,1013,6,0,3
1084292,1084,1013,7,0,3
1084293,1084,1013,8,0,1
1084294,1084,1013,9,0,4
1084295,1084,1013,10,0,1
1084401,1084,1014,1,0,6
1084402,1084,1014,2,0,1
1084403,1084,1014,3,0,3
1084404,1084,1014,4,0,2
1084405,1084,1014,5,0,3
1084406,1084,1014,6,0,3
1084407,1084,1014,6,1,1
1084408,1084,1014,6,2,1
1084409,1084,1014,7,0,4
1084410,1084,1014,7,1,1
1084411,1084,1014,7,2,1
1084412,1084,1014,8,0,4
1084413,1084,1014,8,1,1
1084414,1084,1014,8,2,1
1084415,1084,1014,9,0,3
1084416,1084,1014,10,0,1
1084300,1084,5,0,0,3
1084301,1084,5,1,6,3
1084302,1084,5,1,7,1
1084303,1084,5,2,1,6
1084304,1084,5,0,1,3
1084305,1084,5,0,2,3
1084306,1084,5,0,3,1
1084307,1084,5,0,4,5
1084308,1084,0,2,0,5
1084309,1084,0,3,0,5
1084310,1084,0,4,0,2
1084311,1084,0,5,0,5
1084312,1084,0,6,0,0
1084313,1084,5,0,5,2
1084400,1084,5,1,8,2
1085001,1085,0,0,0,4
1085002,1085,1,0,0,7
1085003,1085,1,1,0,3
1085004,1085,1,2,0,5
1085005,1085,1,3,0,4
1085006,1085,1,4,0,3
1085007,1085,1,5,0,3
1085008,1085,4,0,0,1
1085009,1085,7,0,0,1
1085010,1085,8,0,0,1
1085011,1085,3,1,0,5
1085012,1085,6,0,1,1
1085100,1085,2,103010,0,6
1085101,1085,2,103020,0,6
1085102,1085,2,103030,0,2
1085103,1085,2,103050,0,2
1085104,1085,2,103040,0,2
1085105,1085,2,105010,0,1
1085106,1085,2,105020,0,2
1085107,1085,2,105030,0,1
1085200,1085,2,101045,1,6
1085201,1085,2,102040,1,6
1085202,1085,2,101014,0,3
1085203,1085,2,101042,0,3
1085204,1085,2,101012,0,2
1085205,1085,2,101031,0,1
1085206,1085,2,101031,1,1
1085207,1085,2,101032,0,1
1085208,1085,2,101032,1,1
1085209,1085,2,101033,0,1
1085210,1085,2,101033,1,1
1085211,1085,2,101034,0,1
1085212,1085,2,101034,1,1
1085213,1085,2,102030,0,1
1085214,1085,2,102030,1,1
1085215,1085,2,104015,0,2
1085216,1085,2,104045,0,2
1085217,1085,2,106010,0,2
1085218,1085,2,106020,0,2
1085219,1085,2,106020,1,2
1085220,1085,2,106030,0,2
1085221,1085,2,106050,0,2
1085222,1085,2,106050,1,2
1085223,1085,2,106110,0,2
1085224,1085,2,106120,0,2
1085225,1085,2,106120,1,2
1085226,1085,2,106130,0,2
1085227,1085,2,106140,0,2
1085228,1085,2,106150,0,2
1085229,1085,2,106210,0,2
1085230,1085,2,106220,0,2
1085231,1085,2,106220,1,1
1085232,1085,2,106230,0,2
1085233,1085,2,106250,0,2
1085234,1085,9,1,0,1
1085235,1085,9,2,0,2
1085236,1085,9,3,0,3
1085237,1085,9,4,0,2
1085238,1085,9,3,4,3
1085239,1085,9,5,0,6
1085240,1085,9,6,0,4
1085241,1085,9,6,1,4
1085242,1085,9,6,2,5
1085243,1085,9,7,0,3
1085244,1085,9,7,1,1
1085245,1085,9,7,2,4
1085246,1085,9,7,3,6
1085247,1085,9,7,4,6
1085248,1085,9,7,5,6
1085249,1085,9,7,6,6
1085250,1085,9,8,0,5
1085251,1085,9,9,0,2
1085252,1085,2,108010,0,4
1085253,1085,2,108020,0,2
1085254,1085,2,108030,0,4
1085255,1085,2,108040,0,4
1085256,1085,2,107011,0,2
1085257,1085,2,107012,0,2
1085258,1085,2,107013,0,2
1085259,1085,2,107021,0,2
1085260,1085,2,107022,0,2
1085261,1085,2,107023,0,2
1085262,1085,2,107031,0,2
1085263,1085,2,107032,0,2
1085264,1085,2,107033,0,2
1085265,1085,2,107041,0,2
1085266,1085,2,107042,0,2
1085267,1085,2,107043,0,2
1085268,1085,2,107051,0,2
1085269,1085,2,107052,0,2
1085270,1085,2,107053,0,2
1085271,1085,10,0,0,2
1085272,1085,2,107030,0,1
1085273,1085,2,107030,1,1
1085274,1085,2,107040,1,6
1085275,1085,10,1,0,3
1085276,1085,5,9,0,3
1085277,1085,11,0,0,2
1085278,1085,11,1,0,2
1085279,1085,11,2,0,2
1085280,1085,2,109010,0,3
1085281,1085,2,109020,0,3
1085282,1085,2,109030,0,2
1085283,1085,5,0,6,3
1085286,1085,1013,1,0,4
1085287,1085,1013,2,0,5
1085288,1085,1013,3,0,4
1085289,1085,1013,4,0,5
1085290,1085,1013,5,0,2
1085291,1085,1013,6,0,2
1085292,1085,1013,7,0,2
1085293,1085,1013,8,0,1
1085294,1085,1013,9,0,2
1085295,1085,1013,10,0,1
1085401,1085,1014,1,0,2
1085402,1085,1014,2,0,2
1085403,1085,1014,3,0,1
1085404,1085,1014,4,0,4
1085405,1085,1014,5,0,4
1085406,1085,1014,6,0,3
1085407,1085,1014,6,1,1
1085408,1085,1014,6,2,1
1085409,1085,1014,7,0,2
1085410,1085,1014,7,1,1
1085411,1085,1014,7,2,1
1085412,1085,1014,8,0,4
1085413,1085,1014,8,1,1
1085414,1085,1014,8,2,1
1085415,1085,1014,9,0,2
1085416,1085,1014,10,0,2
1085300,1085,5,0,0,3
1085301,1085,5,1,6,4
1085302,1085,5,1,7,6
1085303,1085,5,2,1,7
1085304,1085,5,0,1,2
1085305,1085,5,0,2,2
1085306,1085,5,0,3,1
1085307,1085,5,0,4,5
1085308,1085,0,2,0,4
1085309,1085,0,3,0,5
1085310,1085,0,4,0,3
1085311,1085,0,5,0,3
1085312,1085,0,6,0,0
1085313,1085,5,0,5,3
1085400,1085,5,1,8,2
1086001,1086,0,0,0,2
1086002,1086,1,0,0,5
1086003,1086,1,1,0,3
1086004,1086,1,2,0,5
1086005,1086,1,3,0,4
1086006,1086,1,4,0,3
1086007,1086,1,5,0,5
1086008,1086,4,0,0,1
1086009,1086,7,0,0,1
1086010,1086,8,0,0,1
1086011,1086,3,1,0,5
1086012,1086,6,0,1,1
1086100,1086,2,103010,0,6
1086101,1086,2,103020,0,1
1086102,1086,2,103030,0,2
1086103,1086,2,103050,0,2
1086104,1086,2,103040,0,4
1086105,1086,2,105010,0,1
1086106,1086,2,105020,0,2
1086107,1086,2,105030,0,1
1086200,1086,2,101045,1,3
1086201,1086,2,102040,1,3
1086202,1086,2,101014,0,3
1086203,1086,2,101042,0,3
1086204,1086,2,101012,0,2
1086205,1086,2,101031,0,1
1086206,1086,2,101031,1,1
1086207,1086,2,101032,0,1
1086208,1086,2,101032,1,1
1086209,1086,2,101033,0,1
1086210,1086,2,101033,1,1
1086211,1086,2,101034,0,1
1086212,1086,2,101034,1,1
1086213,1086,2,102030,0,1
1086214,1086,2,102030,1,1
1086215,1086,2,104015,0,2
1086216,1086,2,104045,0,2
1086217,1086,2,106010,0,2
1086218,1086,2,106020,0,2
1086219,1086,2,106020,1,2
1086220,1086,2,106030,0,2
1086221,1086,2,106050,0,2
1086222,1086,2,106050,1,2
1086223,1086,2,106110,0,2
1086224,1086,2,106120,0,2
1086225,1086,2,106120,1,2
1086226,1086,2,106130,0,2
1086227,1086,2,106140,0,2
1086228,1086,2,106150,0,2
1086229,1086,2,106210,0,2
1086230,1086,2,106220,0,2
1086231,1086,2,106220,1,1
1086232,1086,2,106230,0,2
1086233,1086,2,106250,0,2
1086234,1086,9,1,0,3
1086235,1086,9,2,0,2
1086236,1086,9,3,0,3
1086237,1086,9,4,0,2
1086238,1086,9,3,4,3
1086239,1086,9,5,0,6
1086240,1086,9,6,0,4
1086241,1086,9,6,1,4
1086242,1086,9,6,2,5
1086243,1086,9,7,0,3
1086244,1086,9,7,1,3
1086245,1086,9,7,2,3
1086246,1086,9,7,3,6
1086247,1086,9,7,4,6
1086248,1086,9,7,5,6
1086249,1086,9,7,6,6
1086250,1086,9,8,0,3
1086251,1086,9,9,0,2
1086252,1086,2,108010,0,4
1086253,1086,2,108020,0,2
1086254,1086,2,108030,0,4
1086255,1086,2,108040,0,4
1086256,1086,2,107011,0,2
1086257,1086,2,107012,0,2
1086258,1086,2,107013,0,2
1086259,1086,2,107021,0,2
1086260,1086,2,107022,0,2
1086261,1086,2,107023,0,2
1086262,1086,2,107031,0,2
1086263,1086,2,107032,0,2
1086264,1086,2,107033,0,2
1086265,1086,2,107041,0,2
1086266,1086,2,107042,0,2
1086267,1086,2,107043,0,2
1086268,1086,2,107051,0,2
1086269,1086,2,107052,0,2
1086270,1086,2,107053,0,2
1086271,1086,10,0,0,2
1086272,1086,2,107030,0,1
1086273,1086,2,107030,1,1
1086274,1086,2,107040,1,3
1086275,1086,10,1,0,3
1086276,1086,5,9,0,3
1086277,1086,11,0,0,2
1086278,1086,11,1,0,2
1086279,1086,11,2,0,2
1086280,1086,2,109010,0,2
1086281,1086,2,109020,0,3
1086282,1086,2,109030,0,2
1086283,1086,5,0,6,3
1086286,1086,1013,1,0,4
1086287,1086,1013,2,0,5
1086288,1086,1013,3,0,4
1086289,1086,1013,4,0,5
1086290,1086,1013,5,0,2
1086291,1086,1013,6,0,2
1086292,1086,1013,7,0,2
1086293,1086,1013,8,0,1
1086294,1086,1013,9,0,4
1086295,1086,1013,10,0,1
1086401,1086,1014,1,0,2
1086402,1086,1014,2,0,2
1086403,1086,1014,3,0,1
1086404,1086,1014,4,0,4
1086405,1086,1014,5,0,3
1086406,1086,1014,6,0,3
1086407,1086,1014,6,1,1
1086408,1086,1014,6,2,1
1086409,1086,1014,7,0,2
1086410,1086,1014,7,1,1
1086411,1086,1014,7,2,1
1086412,1086,1014,8,0,4
1086413,1086,1014,8,1,1
1086414,1086,1014,8,2,1
1086415,1086,1014,9,0,4
1086416,1086,1014,10,0,2
1086300,1086,5,0,0,3
1086301,1086,5,1,6,4
1086302,1086,5,1,7,6
1086303,1086,5,2,1,7
1086304,1086,5,0,1,3
1086305,1086,5,0,2,3
1086306,1086,5,0,3,1
1086307,1086,5,0,4,5
1086308,1086,0,2,0,2
1086309,1086,0,3,0,5
1086310,1086,0,4,0,2
1086311,1086,0,5,0,5
1086312,1086,0,6,0,0
1086313,1086,5,0,5,3
1086400,1086,5,1,8,2
1087001,1087,0,0,0,2
1087002,1087,1,0,0,4
1087003,1087,1,1,0,3
1087004,1087,1,2,0,4
1087005,1087,1,3,0,2
1087006,1087,1,4,0,3
1087007,1087,1,5,0,1
1087008,1087,4,0,0,1
1087009,1087,7,0,0,2
1087010,1087,8,0,0,1
1087011,1087,3,1,0,5
1087012,1087,6,0,1,1
1087100,1087,2,103010,0,1
1087101,1087,2,103020,0,3
1087102,1087,2,103030,0,1
1087103,1087,2,103050,0,2
1087104,1087,2,103040,0,6
1087105,1087,2,105010,0,3
1087106,1087,2,105020,0,3
1087107,1087,2,105030,0,2
1087200,1087,2,101045,1,3
1087201,1087,2,102040,1,3
1087202,1087,2,101014,0,2
1087203,1087,2,101042,0,2
1087204,1087,2,101012,0,1
1087205,1087,2,101031,0,1
1087206,1087,2,101031,1,1
1087207,1087,2,101032,0,1
1087208,1087,2,101032,1,1
1087209,1087,2,101033,0,1
1087210,1087,2,101033,1,1
1087211,1087,2,101034,0,1
1087212,1087,2,101034,1,1
1087213,1087,2,102030,0,1
1087214,1087,2,102030,1,1
1087215,1087,2,104015,0,2
1087216,1087,2,104045,0,1
1087217,1087,2,106010,0,1
1087218,1087,2,106020,0,2
1087219,1087,2,106020,1,1
1087220,1087,2,106030,0,1
1087221,1087,2,106050,0,1
1087222,1087,2,106050,1,1
1087223,1087,2,106110,0,2
1087224,1087,2,106120,0,1
1087225,1087,2,106120,1,1
1087226,1087,2,106130,0,3
1087227,1087,2,106140,0,1
1087228,1087,2,106150,0,1
1087229,1087,2,106210,0,1
1087230,1087,2,106220,0,2
1087231,1087,2,106220,1,2
1087232,1087,2,106230,0,1
1087233,1087,2,106250,0,1
1087234,1087,9,1,0,1
1087235,1087,9,2,0,1
1087236,1087,9,3,0,2
1087237,1087,9,4,0,3
1087238,1087,9,3,4,4
1087239,1087,9,5,0,4
1087240,1087,9,6,0,2
1087241,1087,9,6,1,2
1087242,1087,9,6,2,3
1087243,1087,9,7,0,3
1087244,1087,9,7,1,5
1087245,1087,9,7,2,5
1087246,1087,9,7,3,1
1087247,1087,9,7,4,1
1087248,1087,9,7,5,1
1087249,1087,9,7,6,1
1087250,1087,9,8,0,1
1087251,1087,9,9,0,1
1087252,1087,2,108010,0,2
1087253,1087,2,108020,0,2
1087254,1087,2,108030,0,2
1087255,1087,2,108040,0,2
1087256,1087,2,107011,0,1
1087257,1087,2,107012,0,1
1087258,1087,2,107013,0,1
1087259,1087,2,107021,0,1
1087260,1087,2,107022,0,1
1087261,1087,2,107023,0,1
1087262,1087,2,107031,0,1
1087263,1087,2,107032,0,1
1087264,1087,2,107033,0,1
1087265,1087,2,107041,0,2
1087266,1087,2,107042,0,2
1087267,1087,2,107043,0,2
1087268,1087,2,107051,0,1
1087269,1087,2,107052,0,1
1087270,1087,2,107053,0,1
1087271,1087,10,0,0,1
1087272,1087,2,107030,0,1
1087273,1087,2,107030,1,1
1087274,1087,2,107040,1,3
1087275,1087,10,1,0,1
1087276,1087,5,9,0,1
1087277,1087,11,0,0,1
1087278,1087,11,1,0,1
1087279,1087,11,2,0,1
1087280,1087,2,109010,0,1
1087281,1087,2,109020,0,1
1087282,1087,2,109030,0,2
1087283,1087,5,0,6,3
1087286,1087,1013,1,0,1
1087287,1087,1013,2,0,1
1087288,1087,1013,3,0,2
1087289,1087,1013,4,0,1
1087290,1087,1013,5,0,3
1087291,1087,1013,6,0,1
1087292,1087,1013,7,0,1
1087293,1087,1013,8,0,1
1087294,1087,1013,9,0,1
1087295,1087,1013,10,0,1
1087401,1087,1014,1,0,7
1087402,1087,1014,2,0,1
1087403,1087,1014,3,0,1
1087404,1087,1014,4,0,1
1087405,1087,1014,5,0,4
1087406,1087,1014,6,0,2
1087407,1087,1014,6,1,1
1087408,1087,1014,6,2,1
1087409,1087,1014,7,0,1
1087410,1087,1014,7,1,1
1087411,1087,1014,7,2,1
1087412,1087,1014,8,0,1
1087413,1087,1014,8,1,1
1087414,1087,1014,8,2,1
1087415,1087,1014,9,0,1
1087416,1087,1014,10,0,3
1087300,1087,5,0,0,3
1087301,1087,5,1,6,2
1087302,1087,5,1,7,5
1087303,1087,5,2,1,1
1087304,1087,5,0,1,2
1087305,1087,5,0,2,2
1087306,1087,5,0,3,1
1087307,1087,5,0,4,4
1087308,1087,0,2,0,2
1087309,1087,0,3,0,1
1087310,1087,0,4,0,1
1087311,1087,0,5,0,1
1087312,1087,0,6,0,0
1087313,1087,5,0,5,3
1087400,1087,5,1,8,1
1088001,1088,0,0,0,1
1088002,1088,1,0,0,2
1088003,1088,1,1,0,2
1088004,1088,1,2,0,2
1088005,1088,1,3,0,2
1088006,1088,1,4,0,2
1088007,1088,1,5,0,2
1088008,1088,4,0,0,1
1088009,1088,7,0,0,2
1088010,1088,8,0,0,1
1088011,1088,3,1,0,5
1088012,1088,6,0,1,1
1088100,1088,2,103010,0,2
1088101,1088,2,103020,0,5
1088102,1088,2,103030,0,4
1088103,1088,2,103050,0,1
1088104,1088,2,103040,0,2
1088105,1088,2,105010,0,2
1088106,1088,2,105020,0,3
1088107,1088,2,105030,0,3
1088200,1088,2,101045,1,5
1088201,1088,2,102040,1,5
1088202,1088,2,101014,0,2
1088203,1088,2,101042,0,1
1088204,1088,2,101012,0,2
1088205,1088,2,101031,0,1
1088206,1088,2,101031,1,1
1088207,1088,2,101032,0,1
1088208,1088,2,101032,1,1
1088209,1088,2,101033,0,1
1088210,1088,2,101033,1,1
1088211,1088,2,101034,0,1
1088212,1088,2,101034,1,1
1088213,1088,2,102030,0,1
1088214,1088,2,102030,1,1
1088215,1088,2,104015,0,2
1088216,1088,2,104045,0,1
1088217,1088,2,106010,0,1
1088218,1088,2,106020,0,1
1088219,1088,2,106020,1,1
1088220,1088,2,106030,0,1
1088221,1088,2,106050,0,2
1088222,1088,2,106050,1,2
1088223,1088,2,106110,0,2
1088224,1088,2,106120,0,2
1088225,1088,2,106120,1,2
1088226,1088,2,106130,0,2
1088227,1088,2,106140,0,2
1088228,1088,2,106150,0,1
1088229,1088,2,106210,0,1
1088230,1088,2,106220,0,1
1088231,1088,2,106220,1,2
1088232,1088,2,106230,0,2
1088233,1088,2,106250,0,1
1088234,1088,9,1,0,1
1088235,1088,9,2,0,1
1088236,1088,9,3,0,2
1088237,1088,9,4,0,2
1088238,1088,9,3,4,2
1088239,1088,9,5,0,4
1088240,1088,9,6,0,3
1088241,1088,9,6,1,3
1088242,1088,9,6,2,2
1088243,1088,9,7,0,4
1088244,1088,9,7,1,1
1088245,1088,9,7,2,1
1088246,1088,9,7,3,4
1088247,1088,9,7,4,3
1088248,1088,9,7,5,3
1088249,1088,9,7,6,6
1088250,1088,9,8,0,4
1088251,1088,9,9,0,1
1088252,1088,2,108010,0,2
1088253,1088,2,108020,0,2
1088254,1088,2,108030,0,2
1088255,1088,2,108040,0,2
1088256,1088,2,107011,0,1
1088257,1088,2,107012,0,1
1088258,1088,2,107013,0,1
1088259,1088,2,107021,0,1
1088260,1088,2,107022,0,1
1088261,1088,2,107023,0,1
1088262,1088,2,107031,0,1
1088263,1088,2,107032,0,1
1088264,1088,2,107033,0,1
1088265,1088,2,107041,0,2
1088266,1088,2,107042,0,2
1088267,1088,2,107043,0,2
1088268,1088,2,107051,0,1
1088269,1088,2,107052,0,1
1088270,1088,2,107053,0,1
1088271,1088,10,0,0,2
1088272,1088,2,107030,0,1
1088273,1088,2,107030,1,1
1088274,1088,2,107040,1,5
1088275,1088,10,1,0,1
1088276,1088,5,9,0,1
1088277,1088,11,0,0,1
1088278,1088,11,1,0,1
1088279,1088,11,2,0,1
1088280,1088,2,109010,0,2
1088281,1088,2,109020,0,2
1088282,1088,2,109030,0,2
1088283,1088,5,0,6,3
1088286,1088,1013,1,0,3
1088287,1088,1013,2,0,2
1088288,1088,1013,3,0,5
1088289,1088,1013,4,0,2
1088290,1088,1013,5,0,2
1088291,1088,1013,6,0,3
1088292,1088,1013,7,0,3
1088293,1088,1013,8,0,1
1088294,1088,1013,9,0,3
1088295,1088,1013,10,0,1
1088401,1088,1014,1,0,1
1088402,1088,1014,2,0,1
1088403,1088,1014,3,0,2
1088404,1088,1014,4,0,2
1088405,1088,1014,5,0,1
1088406,1088,1014,6,0,1
1088407,1088,1014,6,1,1
1088408,1088,1014,6,2,1
1088409,1088,1014,7,0,2
1088410,1088,1014,7,1,1
1088411,1088,1014,7,2,1
1088412,1088,1014,8,0,2
1088413,1088,1014,8,1,1
1088414,1088,1014,8,2,1
1088415,1088,1014,9,0,2
1088416,1088,1014,10,0,2
1088300,1088,5,0,0,3
1088301,1088,5,1,6,3
1088302,1088,5,1,7,2
1088303,1088,5,2,1,5
1088304,1088,5,0,1,1
1088305,1088,5,0,2,1
1088306,1088,5,0,3,1
1088307,1088,5,0,4,2
1088308,1088,0,2,0,1
1088309,1088,0,3,0,2
1088310,1088,0,4,0,2
1088311,1088,0,5,0,2
1088312,1088,0,6,0,1
1088313,1088,5,0,5,2
1088400,1088,5,1,8,2
1089001,1089,0,0,0,4
1089002,1089,1,0,0,5
1089003,1089,1,1,0,3
1089004,1089,1,2,0,5
1089005,1089,1,3,0,4
1089006,1089,1,4,0,3
1089007,1089,1,5,0,5
1089008,1089,4,0,0,1
1089009,1089,7,0,0,1
1089010,1089,8,0,0,1
1089011,1089,3,1,0,5
1089012,1089,6,0,1,1
1089100,1089,2,103010,0,6
1089101,1089,2,103020,0,6
1089102,1089,2,103030,0,2
1089103,1089,2,103050,0,4
1089104,1089,2,103040,0,6
1089105,1089,2,105010,0,1
1089106,1089,2,105020,0,2
1089107,1089,2,105030,0,1
1089200,1089,2,101045,1,6
1089201,1089,2,102040,1,6
1089202,1089,2,101014,0,3
1089203,1089,2,101042,0,3
1089204,1089,2,101012,0,2
1089205,1089,2,101031,0,1
1089206,1089,2,101031,1,1
1089207,1089,2,101032,0,1
1089208,1089,2,101032,1,1
1089209,1089,2,101033,0,1
1089210,1089,2,101033,1,1
1089211,1089,2,101034,0,1
1089212,1089,2,101034,1,1
1089213,1089,2,102030,0,1
1089214,1089,2,102030,1,1
1089215,1089,2,104015,0,2
1089216,1089,2,104045,0,2
1089217,1089,2,106010,0,2
1089218,1089,2,106020,0,2
1089219,1089,2,106020,1,1
1089220,1089,2,106030,0,2
1089221,1089,2,106050,0,2
1089222,1089,2,106050,1,1
1089223,1089,2,106110,0,2
1089224,1089,2,106120,0,2
1089225,1089,2,106120,1,2
1089226,1089,2,106130,0,2
1089227,1089,2,106140,0,2
1089228,1089,2,106150,0,2
1089229,1089,2,106210,0,2
1089230,1089,2,106220,0,2
1089231,1089,2,106220,1,1
1089232,1089,2,106230,0,2
1089233,1089,2,106250,0,2
1089234,1089,9,1,0,1
1089235,1089,9,2,0,2
1089236,1089,9,3,0,1
1089237,1089,9,4,0,1
1089238,1089,9,3,4,1
1089239,1089,9,5,0,4
1089240,1089,9,6,0,2
1089241,1089,9,6,1,2
1089242,1089,9,6,2,3
1089243,1089,9,7,0,5
1089244,1089,9,7,1,5
1089245,1089,9,7,2,4
1089246,1089,9,7,3,5
1089247,1089,9,7,4,5
1089248,1089,9,7,5,5
1089249,1089,9,7,6,5
1089250,1089,9,8,0,5
1089251,1089,9,9,0,1
1089252,1089,2,108010,0,2
1089253,1089,2,108020,0,2
1089254,1089,2,108030,0,3
1089255,1089,2,108040,0,2
1089256,1089,2,107011,0,2
1089257,1089,2,107012,0,2
1089258,1089,2,107013,0,2
1089259,1089,2,107021,0,2
1089260,1089,2,107022,0,2
1089261,1089,2,107023,0,2
1089262,1089,2,107031,0,2
1089263,1089,2,107032,0,2
1089264,1089,2,107033,0,2
1089265,1089,2,107041,0,2
1089266,1089,2,107042,0,2
1089267,1089,2,107043,0,2
1089268,1089,2,107051,0,2
1089269,1089,2,107052,0,2
1089270,1089,2,107053,0,2
1089271,1089,10,0,0,1
1089272,1089,2,107030,0,1
1089273,1089,2,107030,1,1
1089274,1089,2,107040,1,6
1089275,1089,10,1,0,2
1089276,1089,5,9,0,2
1089277,1089,11,0,0,2
1089278,1089,11,1,0,1
1089279,1089,11,2,0,1
1089280,1089,2,109010,0,2
1089281,1089,2,109020,0,1
1089282,1089,2,109030,0,1
1089283,1089,5,0,6,3
1089286,1089,1013,1,0,5
1089287,1089,1013,2,0,2
1089288,1089,1013,3,0,4
1089289,1089,1013,4,0,5
1089290,1089,1013,5,0,5
1089291,1089,1013,6,0,2
1089292,1089,1013,7,0,2
1089293,1089,1013,8,0,1
1089294,1089,1013,9,0,2
1089295,1089,1013,10,0,1
1089401,1089,1014,1,0,5
1089402,1089,1014,2,0,1
1089403,1089,1014,3,0,4
1089404,1089,1014,4,0,3
1089405,1089,1014,5,0,4
1089406,1089,1014,6,0,3
1089407,1089,1014,6,1,1
1089408,1089,1014,6,2,1
1089409,1089,1014,7,0,1
1089410,1089,1014,7,1,1
1089411,1089,1014,7,2,1
1089412,1089,1014,8,0,2
1089413,1089,1014,8,1,1
1089414,1089,1014,8,2,1
1089415,1089,1014,9,0,2
1089416,1089,1014,10,0,3
1089300,1089,5,0,0,3
1089301,1089,5,1,6,2
1089302,1089,5,1,7,7
1089303,1089,5,2,1,2
1089304,1089,5,0,1,2
1089305,1089,5,0,2,2
1089306,1089,5,0,3,1
1089307,1089,5,0,4,5
1089308,1089,0,2,0,4
1089309,1089,0,3,0,5
1089310,1089,0,4,0,2
1089311,1089,0,5,0,5
1089312,1089,0,6,0,0
1089313,1089,5,0,5,3
1089400,1089,5,1,8,1
1090001,1090,0,0,0,2
1090002,1090,1,0,0,3
1090003,1090,1,1,0,3
1090004,1090,1,2,0,3
1090005,1090,1,3,0,4
1090006,1090,1,4,0,3
1090007,1090,1,5,0,3
1090008,1090,4,0,0,1
1090009,1090,7,0,0,1
1090010,1090,8,0,0,1
1090011,1090,3,1,0,1
1090012,1090,6,0,1,1
1090100,1090,2,103010,0,3
1090101,1090,2,103020,0,4
1090102,1090,2,103030,0,2
1090103,1090,2,103050,0,2
1090104,1090,2,103040,0,2
1090105,1090,2,105010,0,1
1090106,1090,2,105020,0,2
1090107,1090,2,105030,0,1
1090200,1090,2,101045,1,5
1090201,1090,2,102040,1,5
1090202,1090,2,101014,0,3
1090203,1090,2,101042,0,3
1090204,1090,2,101012,0,2
1090205,1090,2,101031,0,1
1090206,1090,2,101031,1,1
1090207,1090,2,101032,0,1
1090208,1090,2,101032,1,1
1090209,1090,2,101033,0,1
1090210,1090,2,101033,1,1
1090211,1090,2,101034,0,1
1090212,1090,2,101034,1,1
1090213,1090,2,102030,0,1
1090214,1090,2,102030,1,1
1090215,1090,2,104015,0,2
1090216,1090,2,104045,0,2
1090217,1090,2,106010,0,2
1090218,1090,2,106020,0,2
1090219,1090,2,106020,1,2
1090220,1090,2,106030,0,2
1090221,1090,2,106050,0,2
1090222,1090,2,106050,1,2
1090223,1090,2,106110,0,2
1090224,1090,2,106120,0,2
1090225,1090,2,106120,1,2
1090226,1090,2,106130,0,2
1090227,1090,2,106140,0,2
1090228,1090,2,106150,0,2
1090229,1090,2,106210,0,2
1090230,1090,2,106220,0,2
1090231,1090,2,106220,1,2
1090232,1090,2,106230,0,2
1090233,1090,2,106250,0,1
1090234,1090,9,1,0,1
1090235,1090,9,2,0,2
1090236,1090,9,3,0,2
1090237,1090,9,4,0,3
1090238,1090,9,3,4,5
1090239,1090,9,5,0,6
1090240,1090,9,6,0,4
1090241,1090,9,6,1,3
1090242,1090,9,6,2,5
1090243,1090,9,7,0,3
1090244,1090,9,7,1,1
1090245,1090,9,7,2,3
1090246,1090,9,7,3,3
1090247,1090,9,7,4,4
1090248,1090,9,7,5,3
1090249,1090,9,7,6,3
1090250,1090,9,8,0,3
1090251,1090,9,9,0,2
1090252,1090,2,108010,0,2
1090253,1090,2,108020,0,2
1090254,1090,2,108030,0,2
1090255,1090,2,108040,0,2
1090256,1090,2,107011,0,2
1090257,1090,2,107012,0,2
1090258,1090,2,107013,0,2
1090259,1090,2,107021,0,2
1090260,1090,2,107022,0,2
1090261,1090,2,107023,0,2
1090262,1090,2,107031,0,1
1090263,1090,2,107032,0,1
1090264,1090,2,107033,0,1
1090265,1090,2,107041,0,2
1090266,1090,2,107042,0,2
1090267,1090,2,107043,0,2
1090268,1090,2,107051,0,2
1090269,1090,2,107052,0,2
1090270,1090,2,107053,0,2
1090271,1090,10,0,0,1
1090272,1090,2,107030,0,1
1090273,1090,2,107030,1,1
1090274,1090,2,107040,1,5
1090275,1090,10,1,0,2
1090276,1090,5,9,0,2
1090277,1090,11,0,0,2
1090278,1090,11,1,0,2
1090279,1090,11,2,0,2
1090280,1090,2,109010,0,2
1090281,1090,2,109020,0,2
1090282,1090,2,109030,0,2
1090283,1090,5,0,6,3
1090286,1090,1013,1,0,3
1090287,1090,1013,2,0,5
1090288,1090,1013,3,0,2
1090289,1090,1013,4,0,3
1090290,1090,1013,5,0,3
1090291,1090,1013,6,0,2
1090292,1090,1013,7,0,2
1090293,1090,1013,8,0,1
1090294,1090,1013,9,0,2
1090295,1090,1013,10,0,1
1090401,1090,1014,1,0,8
1090402,1090,1014,2,0,1
1090403,1090,1014,3,0,1
1090404,1090,1014,4,0,1
1090405,1090,1014,5,0,4
1090406,1090,1014,6,0,3
1090407,1090,1014,6,1,1
1090408,1090,1014,6,2,1
1090409,1090,1014,7,0,2
1090410,1090,1014,7,1,1
1090411,1090,1014,7,2,1
1090412,1090,1014,8,0,2
1090413,1090,1014,8,1,1
1090414,1090,1014,8,2,1
1090415,1090,1014,9,0,2
1090416,1090,1014,10,0,3
1090300,1090,5,0,0,1
1090301,1090,5,1,6,5
1090302,1090,5,1,7,6
1090303,1090,5,2,1,7
1090304,1090,5,0,1,2
1090305,1090,5,0,2,2
1090306,1090,5,0,3,1
1090307,1090,5,0,4,3
1090308,1090,0,2,0,2
1090309,1090,0,3,0,3
1090310,1090,0,4,0,3
1090311,1090,0,5,0,3
1090312,1090,0,6,0,0
1090313,1090,5,0,5,3
1090400,1090,5,1,8,2
1091001,1091,0,0,0,3
1091002,1091,1,0,0,1
1091003,1091,1,1,0,4
1091004,1091,1,2,0,4
1091005,1091,1,3,0,2
1091006,1091,1,4,0,1
1091007,1091,1,5,0,4
1091008,1091,4,0,0,1
1091009,1091,7,0,0,2
1091010,1091,8,0,0,1
1091011,1091,3,1,0,5
1091012,1091,6,0,1,1
1091100,1091,2,103010,0,4
1091101,1091,2,103020,0,5
1091102,1091,2,103030,0,1
1091103,1091,2,103050,0,5
1091104,1091,2,103040,0,5
1091105,1091,2,105010,0,2
1091106,1091,2,105020,0,3
1091107,1091,2,105030,0,2
1091200,1091,2,101045,1,4
1091201,1091,2,102040,1,4
1091202,1091,2,101014,0,2
1091203,1091,2,101042,0,1
1091204,1091,2,101012,0,1
1091205,1091,2,101031,0,1
1091206,1091,2,101031,1,1
1091207,1091,2,101032,0,1
1091208,1091,2,101032,1,1
1091209,1091,2,101033,0,1
1091210,1091,2,101033,1,1
1091211,1091,2,101034,0,1
1091212,1091,2,101034,1,1
1091213,1091,2,102030,0,1
1091214,1091,2,102030,1,1
1091215,1091,2,104015,0,1
1091216,1091,2,104045,0,3
1091217,1091,2,106010,0,1
1091218,1091,2,106020,0,1
1091219,1091,2,106020,1,1
1091220,1091,2,106030,0,1
1091221,1091,2,106050,0,1
1091222,1091,2,106050,1,1
1091223,1091,2,106110,0,1
1091224,1091,2,106120,0,1
1091225,1091,2,106120,1,1
1091226,1091,2,106130,0,3
1091227,1091,2,106140,0,1
1091228,1091,2,106150,0,1
1091229,1091,2,106210,0,1
1091230,1091,2,106220,0,1
1091231,1091,2,106220,1,2
1091232,1091,2,106230,0,1
1091233,1091,2,106250,0,1
1091234,1091,9,1,0,2
1091235,1091,9,2,0,1
1091236,1091,9,3,0,1
1091237,1091,9,4,0,1
1091238,1091,9,3,4,4
1091239,1091,9,5,0,2
1091240,1091,9,6,0,1
1091241,1091,9,6,1,1
1091242,1091,9,6,2,6
1091243,1091,9,7,0,2
1091244,1091,9,7,1,2
1091245,1091,9,7,2,1
1091246,1091,9,7,3,1
1091247,1091,9,7,4,3
1091248,1091,9,7,5,1
1091249,1091,9,7,6,1
1091250,1091,9,8,0,1
1091251,1091,9,9,0,1
1091252,1091,2,108010,0,1
1091253,1091,2,108020,0,1
1091254,1091,2,108030,0,1
1091255,1091,2,108040,0,1
1091256,1091,2,107011,0,1
1091257,1091,2,107012,0,1
1091258,1091,2,107013,0,1
1091259,1091,2,107021,0,1
1091260,1091,2,107022,0,1
1091261,1091,2,107023,0,1
1091262,1091,2,107031,0,1
1091263,1091,2,107032,0,1
1091264,1091,2,107033,0,1
1091265,1091,2,107041,0,2
1091266,1091,2,107042,0,2
1091267,1091,2,107043,0,2
1091268,1091,2,107051,0,1
1091269,1091,2,107052,0,1
1091270,1091,2,107053,0,1
1091271,1091,10,0,0,1
1091272,1091,2,107030,0,1
1091273,1091,2,107030,1,1
1091274,1091,2,107040,1,4
1091275,1091,10,1,0,1
1091276,1091,5,9,0,1
1091277,1091,11,0,0,1
1091278,1091,11,1,0,1
1091279,1091,11,2,0,1
1091280,1091,2,109010,0,1
1091281,1091,2,109020,0,1
1091282,1091,2,109030,0,1
1091283,1091,5,0,6,1
1091286,1091,1013,1,0,1
1091287,1091,1013,2,0,6
1091288,1091,1013,3,0,1
1091289,1091,1013,4,0,1
1091290,1091,1013,5,0,1
1091291,1091,1013,6,0,1
1091292,1091,1013,7,0,1
1091293,1091,1013,8,0,1
1091294,1091,1013,9,0,1
1091295,1091,1013,10,0,1
1091401,1091,1014,1,0,7
1091402,1091,1014,2,0,1
1091403,1091,1014,3,0,1
1091404,1091,1014,4,0,1
1091405,1091,1014,5,0,2
1091406,1091,1014,6,0,1
1091407,1091,1014,6,1,1
1091408,1091,1014,6,2,1
1091409,1091,1014,7,0,3
1091410,1091,1014,7,1,1
1091411,1091,1014,7,2,1
1091412,1091,1014,8,0,1
1091413,1091,1014,8,1,1
1091414,1091,1014,8,2,1
1091415,1091,1014,9,0,1
1091416,1091,1014,10,0,3
1091300,1091,5,0,0,3
1091301,1091,5,1,6,1
1091302,1091,5,1,7,5
1091303,1091,5,2,1,1
1091304,1091,5,0,1,1
1091305,1091,5,0,2,1
1091306,1091,5,0,3,1
1091307,1091,5,0,4,4
1091308,1091,0,2,0,3
1091309,1091,0,3,0,1
1091310,1091,0,4,0,1
1091311,1091,0,5,0,1
1091312,1091,0,6,0,0
1091313,1091,5,0,5,4
1091400,1091,5,1,8,1
1092001,1092,0,0,0,1
1092002,1092,1,0,0,1
1092003,1092,1,1,0,1
1092004,1092,1,2,0,1
1092005,1092,1,3,0,1
1092006,1092,1,4,0,1
1092007,1092,1,5,0,1
1092008,1092,4,0,0,1
1092009,1092,7,0,0,1
1092010,1092,8,0,0,1
1092011,1092,3,1,0,1
1092012,1092,6,0,1,1
1092100,1092,2,103010,0,3
1092101,1092,2,103020,0,6
1092102,1092,2,103030,0,3
1092103,1092,2,103050,0,4
1092104,1092,2,103040,0,6
1092105,1092,2,105010,0,3
1092106,1092,2,105020,0,3
1092107,1092,2,105030,0,1
1092200,1092,2,101045,1,3
1092201,1092,2,102040,1,3
1092202,1092,2,101014,0,2
1092203,1092,2,101042,0,1
1092204,1092,2,101012,0,1
1092205,1092,2,101031,0,1
1092206,1092,2,101031,1,1
1092207,1092,2,101032,0,1
1092208,1092,2,101032,1,1
1092209,1092,2,101033,0,1
1092210,1092,2,101033,1,1
1092211,1092,2,101034,0,1
1092212,1092,2,101034,1,1
1092213,1092,2,102030,0,1
1092214,1092,2,102030,1,1
1092215,1092,2,104015,0,1
1092216,1092,2,104045,0,3
1092217,1092,2,106010,0,1
1092218,1092,2,106020,0,1
1092219,1092,2,106020,1,1
1092220,1092,2,106030,0,1
1092221,1092,2,106050,0,2
1092222,1092,2,106050,1,2
1092223,1092,2,106110,0,1
1092224,1092,2,106120,0,1
1092225,1092,2,106120,1,1
1092226,1092,2,106130,0,3
1092227,1092,2,106140,0,1
1092228,1092,2,106150,0,1
1092229,1092,2,106210,0,1
1092230,1092,2,106220,0,1
1092231,1092,2,106220,1,2
1092232,1092,2,106230,0,1
1092233,1092,2,106250,0,1
1092234,1092,9,1,0,1
1092235,1092,9,2,0,1
1092236,1092,9,3,0,2
1092237,1092,9,4,0,3
1092238,1092,9,3,4,4
1092239,1092,9,5,0,1
1092240,1092,9,6,0,1
1092241,1092,9,6,1,1
1092242,1092,9,6,2,1
1092243,1092,9,7,0,1
1092244,1092,9,7,1,2
1092245,1092,9,7,2,1
1092246,1092,9,7,3,1
1092247,1092,9,7,4,1
1092248,1092,9,7,5,2
1092249,1092,9,7,6,1
1092250,1092,9,8,0,1
1092251,1092,9,9,0,1
1092252,1092,2,108010,0,2
1092253,1092,2,108020,0,2
1092254,1092,2,108030,0,2
1092255,1092,2,108040,0,2
1092256,1092,2,107011,0,1
1092257,1092,2,107012,0,1
1092258,1092,2,107013,0,1
1092259,1092,2,107021,0,1
1092260,1092,2,107022,0,1
1092261,1092,2,107023,0,1
1092262,1092,2,107031,0,1
1092263,1092,2,107032,0,1
1092264,1092,2,107033,0,1
1092265,1092,2,107041,0,2
1092266,1092,2,107042,0,2
1092267,1092,2,107043,0,2
1092268,1092,2,107051,0,1
1092269,1092,2,107052,0,1
1092270,1092,2,107053,0,1
1092271,1092,10,0,0,1
1092272,1092,2,107030,0,1
1092273,1092,2,107030,1,1
1092274,1092,2,107040,1,3
1092275,1092,10,1,0,1
1092276,1092,5,9,0,1
1092277,1092,11,0,0,1
1092278,1092,11,1,0,1
1092279,1092,11,2,0,1
1092280,1092,2,109010,0,1
1092281,1092,2,109020,0,1
1092282,1092,2,109030,0,1
1092283,1092,5,0,6,1
1092286,1092,1013,1,0,5
1092287,1092,1013,2,0,1
1092288,1092,1013,3,0,2
1092289,1092,1013,4,0,1
1092290,1092,1013,5,0,3
1092291,1092,1013,6,0,1
1092292,1092,1013,7,0,1
1092293,1092,1013,8,0,1
1092294,1092,1013,9,0,1
1092295,1092,1013,10,0,1
1092401,1092,1014,1,0,1
1092402,1092,1014,2,0,1
1092403,1092,1014,3,0,1
1092404,1092,1014,4,0,1
1092405,1092,1014,5,0,1
1092406,1092,1014,6,0,1
1092407,1092,1014,6,1,1
1092408,1092,1014,6,2,1
1092409,1092,1014,7,0,1
1092410,1092,1014,7,1,1
1092411,1092,1014,7,2,1
1092412,1092,1014,8,0,1
1092413,1092,1014,8,1,1
1092414,1092,1014,8,2,1
1092415,1092,1014,9,0,1
1092416,1092,1014,10,0,3
1092300,1092,5,0,0,1
1092301,1092,5,1,6,2
1092302,1092,5,1,7,4
1092303,1092,5,2,1,4
1092304,1092,5,0,1,2
1092305,1092,5,0,2,2
1092306,1092,5,0,3,1
1092307,1092,5,0,4,1
1092308,1092,0,2,0,1
1092309,1092,0,3,0,1
1092310,1092,0,4,0,3
1092311,1092,0,5,0,3
1092312,1092,0,6,0,0
1092313,1092,5,0,5,1
1092400,1092,5,1,8,1
1093001,1093,0,0,0,1
1093002,1093,1,0,0,3
1093003,1093,1,1,0,2
1093004,1093,1,2,0,5
1093005,1093,1,3,0,2
1093006,1093,1,4,0,2
1093007,1093,1,5,0,5
1093008,1093,4,0,0,1
1093009,1093,7,0,0,1
1093010,1093,8,0,0,1
1093011,1093,3,1,0,5
1093012,1093,6,0,1,1
1093100,1093,2,103010,0,5
1093101,1093,2,103020,0,6
1093102,1093,2,103030,0,2
1093103,1093,2,103050,0,3
1093104,1093,2,103040,0,6
1093105,1093,2,105010,0,2
1093106,1093,2,105020,0,2
1093107,1093,2,105030,0,1
1093200,1093,2,101045,1,5
1093201,1093,2,102040,1,5
1093202,1093,2,101014,0,3
1093203,1093,2,101042,0,3
1093204,1093,2,101012,0,2
1093205,1093,2,101031,0,1
1093206,1093,2,101031,1,1
1093207,1093,2,101032,0,1
1093208,1093,2,101032,1,1
1093209,1093,2,101033,0,1
1093210,1093,2,101033,1,1
1093211,1093,2,101034,0,1
1093212,1093,2,101034,1,1
1093213,1093,2,102030,0,1
1093214,1093,2,102030,1,1
1093215,1093,2,104015,0,2
1093216,1093,2,104045,0,2
1093217,1093,2,106010,0,2
1093218,1093,2,106020,0,2
1093219,1093,2,106020,1,1
1093220,1093,2,106030,0,1
1093221,1093,2,106050,0,2
1093222,1093,2,106050,1,2
1093223,1093,2,106110,0,2
1093224,1093,2,106120,0,2
1093225,1093,2,106120,1,2
1093226,1093,2,106130,0,2
1093227,1093,2,106140,0,2
1093228,1093,2,106150,0,2
1093229,1093,2,106210,0,2
1093230,1093,2,106220,0,2
1093231,1093,2,106220,1,1
1093232,1093,2,106230,0,2
1093233,1093,2,106250,0,1
1093234,1093,9,1,0,1
1093235,1093,9,2,0,2
1093236,1093,9,3,0,2
1093237,1093,9,4,0,2
1093238,1093,9,3,4,5
1093239,1093,9,5,0,4
1093240,1093,9,6,0,2
1093241,1093,9,6,1,2
1093242,1093,9,6,2,3
1093243,1093,9,7,0,5
1093244,1093,9,7,1,3
1093245,1093,9,7,2,3
1093246,1093,9,7,3,5
1093247,1093,9,7,4,5
1093248,1093,9,7,5,3
1093249,1093,9,7,6,4
1093250,1093,9,8,0,4
1093251,1093,9,9,0,2
1093252,1093,2,108010,0,2
1093253,1093,2,108020,0,2
1093254,1093,2,108030,0,2
1093255,1093,2,108040,0,2
1093256,1093,2,107011,0,2
1093257,1093,2,107012,0,2
1093258,1093,2,107013,0,2
1093259,1093,2,107021,0,2
1093260,1093,2,107022,0,2
1093261,1093,2,107023,0,2
1093262,1093,2,107031,0,2
1093263,1093,2,107032,0,2
1093264,1093,2,107033,0,2
1093265,1093,2,107041,0,2
1093266,1093,2,107042,0,2
1093267,1093,2,107043,0,2
1093268,1093,2,107051,0,2
1093269,1093,2,107052,0,2
1093270,1093,2,107053,0,2
1093271,1093,10,0,0,2
1093272,1093,2,107030,0,1
1093273,1093,2,107030,1,1
1093274,1093,2,107040,1,5
1093275,1093,10,1,0,2
1093276,1093,5,9,0,2
1093277,1093,11,0,0,2
1093278,1093,11,1,0,1
1093279,1093,11,2,0,2
1093280,1093,2,109010,0,2
1093281,1093,2,109020,0,2
1093282,1093,2,109030,0,2
1093283,1093,5,0,6,3
1093286,1093,1013,1,0,4
1093287,1093,1013,2,0,2
1093288,1093,1013,3,0,2
1093289,1093,1013,4,0,2
1093290,1093,1013,5,0,3
1093291,1093,1013,6,0,2
1093292,1093,1013,7,0,2
1093293,1093,1013,8,0,1
1093294,1093,1013,9,0,2
1093295,1093,1013,10,0,1
1093401,1093,1014,1,0,8
1093402,1093,1014,2,0,1
1093403,1093,1014,3,0,1
1093404,1093,1014,4,0,1
1093405,1093,1014,5,0,4
1093406,1093,1014,6,0,2
1093407,1093,1014,6,1,1
1093408,1093,1014,6,2,1
1093409,1093,1014,7,0,1
1093410,1093,1014,7,1,1
1093411,1093,1014,7,2,1
1093412,1093,1014,8,0,2
1093413,1093,1014,8,1,1
1093414,1093,1014,8,2,1
1093415,1093,1014,9,0,2
1093416,1093,1014,10,0,2
1093300,1093,5,0,0,3
1093301,1093,5,1,6,5
1093302,1093,5,1,7,7
1093303,1093,5,2,1,4
1093304,1093,5,0,1,1
1093305,1093,5,0,2,1
1093306,1093,5,0,3,1
1093307,1093,5,0,4,5
1093308,1093,0,2,0,1
1093309,1093,0,3,0,3
1093310,1093,0,4,0,3
1093311,1093,0,5,0,3
1093312,1093,0,6,0,0
1093313,1093,5,0,5,2
1093400,1093,5,1,8,2
1094001,1094,0,0,0,5
1094002,1094,1,0,0,2
1094003,1094,1,1,0,2
1094004,1094,1,2,0,2
1094005,1094,1,3,0,2
1094006,1094,1,4,0,2
1094007,1094,1,5,0,2
1094008,1094,4,0,0,1
1094009,1094,7,0,0,2
1094010,1094,8,0,0,1
1094011,1094,3,1,0,5
1094012,1094,6,0,1,1
1094100,1094,2,103010,0,2
1094101,1094,2,103020,0,2
1094102,1094,2,103030,0,5
1094103,1094,2,103050,0,5
1094104,1094,2,103040,0,3
1094105,1094,2,105010,0,1
1094106,1094,2,105020,0,1
1094107,1094,2,105030,0,3
1094200,1094,2,101045,1,2
1094201,1094,2,102040,1,2
1094202,1094,2,101014,0,2
1094203,1094,2,101042,0,2
1094204,1094,2,101012,0,1
1094205,1094,2,101031,0,1
1094206,1094,2,101031,1,1
1094207,1094,2,101032,0,1
1094208,1094,2,101032,1,1
1094209,1094,2,101033,0,1
1094210,1094,2,101033,1,1
1094211,1094,2,101034,0,1
1094212,1094,2,101034,1,1
1094213,1094,2,102030,0,1
1094214,1094,2,102030,1,1
1094215,1094,2,104015,0,1
1094216,1094,2,104045,0,3
1094217,1094,2,106010,0,1
1094218,1094,2,106020,0,1
1094219,1094,2,106020,1,1
1094220,1094,2,106030,0,1
1094221,1094,2,106050,0,1
1094222,1094,2,106050,1,1
1094223,1094,2,106110,0,1
1094224,1094,2,106120,0,1
1094225,1094,2,106120,1,1
1094226,1094,2,106130,0,1
1094227,1094,2,106140,0,1
1094228,1094,2,106150,0,1
1094229,1094,2,106210,0,1
1094230,1094,2,106220,0,1
1094231,1094,2,106220,1,1
1094232,1094,2,106230,0,1
1094233,1094,2,106250,0,1
1094234,1094,9,1,0,2
1094235,1094,9,2,0,1
1094236,1094,9,3,0,1
1094237,1094,9,4,0,2
1094238,1094,9,3,4,4
1094239,1094,9,5,0,5
1094240,1094,9,6,0,3
1094241,1094,9,6,1,3
1094242,1094,9,6,2,4
1094243,1094,9,7,0,4
1094244,1094,9,7,1,2
1094245,1094,9,7,2,2
1094246,1094,9,7,3,2
1094247,1094,9,7,4,2
1094248,1094,9,7,5,4
1094249,1094,9,7,6,2
1094250,1094,9,8,0,4
1094251,1094,9,9,0,1
1094252,1094,2,108010,0,1
1094253,1094,2,108020,0,3
1094254,1094,2,108030,0,3
1094255,1094,2,108040,0,3
1094256,1094,2,107011,0,1
1094257,1094,2,107012,0,1
1094258,1094,2,107013,0,1
1094259,1094,2,107021,0,1
1094260,1094,2,107022,0,1
1094261,1094,2,107023,0,1
1094262,1094,2,107031,0,1
1094263,1094,2,107032,0,1
1094264,1094,2,107033,0,1
1094265,1094,2,107041,0,1
1094266,1094,2,107042,0,1
1094267,1094,2,107043,0,1
1094268,1094,2,107051,0,1
1094269,1094,2,107052,0,1
1094270,1094,2,107053,0,1
1094271,1094,10,0,0,2
1094272,1094,2,107030,0,1
1094273,1094,2,107030,1,1
1094274,1094,2,107040,1,2
1094275,1094,10,1,0,1
1094276,1094,5,9,0,1
1094277,1094,11,0,0,2
1094278,1094,11,1,0,1
1094279,1094,11,2,0,3
1094280,1094,2,109010,0,1
1094281,1094,2,109020,0,2
1094282,1094,2,109030,0,3
1094283,1094,5,0,6,2
1094286,1094,1013,1,0,2
1094287,1094,1013,2,0,3
1094288,1094,1013,3,0,3
1094289,1094,1013,4,0,4
1094290,1094,1013,5,0,4
1094291,1094,1013,6,0,3
1094292,1094,1013,7,0,3
1094293,1094,1013,8,0,1
1094294,1094,1013,9,0,3
1094295,1094,1013,10,0,1
1094401,1094,1014,1,0,1
1094402,1094,1014,2,0,1
1094403,1094,1014,3,0,3
1094404,1094,1014,4,0,2
1094405,1094,1014,5,0,1
1094406,1094,1014,6,0,1
1094407,1094,1014,6,1,1
1094408,1094,1014,6,2,1
1094409,1094,1014,7,0,3
1094410,1094,1014,7,1,1
1094411,1094,1014,7,2,1
1094412,1094,1014,8,0,3
1094413,1094,1014,8,1,1
1094414,1094,1014,8,2,1
1094415,1094,1014,9,0,3
1094416,1094,1014,10,0,1
1094300,1094,5,0,0,3
1094301,1094,5,1,6,3
1094302,1094,5,1,7,2
1094303,1094,5,2,1,5
1094304,1094,5,0,1,1
1094305,1094,5,0,2,1
1094306,1094,5,0,3,1
1094307,1094,5,0,4,2
1094308,1094,0,2,0,5
1094309,1094,0,3,0,2
1094310,1094,0,4,0,2
1094311,1094,0,5,0,2
1094312,1094,0,6,0,1
1094313,1094,5,0,5,2
1094400,1094,5,1,8,2
1095001,1095,0,0,0,1
1095002,1095,1,0,0,5
1095003,1095,1,1,0,3
1095004,1095,1,2,0,5
1095005,1095,1,3,0,2
1095006,1095,1,4,0,3
1095007,1095,1,5,0,5
1095008,1095,4,0,0,1
1095009,1095,7,0,0,1
1095010,1095,8,0,0,1
1095011,1095,3,1,0,1
1095012,1095,6,0,1,1
1095100,1095,2,103010,0,6
1095101,1095,2,103020,0,6
1095102,1095,2,103030,0,2
1095103,1095,2,103050,0,4
1095104,1095,2,103040,0,2
1095105,1095,2,105010,0,1
1095106,1095,2,105020,0,2
1095107,1095,2,105030,0,1
1095200,1095,2,101045,1,6
1095201,1095,2,102040,1,6
1095202,1095,2,101014,0,3
1095203,1095,2,101042,0,3
1095204,1095,2,101012,0,2
1095205,1095,2,101031,0,1
1095206,1095,2,101031,1,1
1095207,1095,2,101032,0,1
1095208,1095,2,101032,1,1
1095209,1095,2,101033,0,1
1095210,1095,2,101033,1,1
1095211,1095,2,101034,0,1
1095212,1095,2,101034,1,1
1095213,1095,2,102030,0,1
1095214,1095,2,102030,1,1
1095215,1095,2,104015,0,2
1095216,1095,2,104045,0,2
1095217,1095,2,106010,0,2
1095218,1095,2,106020,0,2
1095219,1095,2,106020,1,2
1095220,1095,2,106030,0,2
1095221,1095,2,106050,0,2
1095222,1095,2,106050,1,1
1095223,1095,2,106110,0,2
1095224,1095,2,106120,0,2
1095225,1095,2,106120,1,2
1095226,1095,2,106130,0,2
1095227,1095,2,106140,0,1
1095228,1095,2,106150,0,2
1095229,1095,2,106210,0,2
1095230,1095,2,106220,0,2
1095231,1095,2,106220,1,1
1095232,1095,2,106230,0,2
1095233,1095,2,106250,0,2
1095234,1095,9,1,0,1
1095235,1095,9,2,0,2
1095236,1095,9,3,0,3
1095237,1095,9,4,0,2
1095238,1095,9,3,4,6
1095239,1095,9,5,0,6
1095240,1095,9,6,0,4
1095241,1095,9,6,1,4
1095242,1095,9,6,2,5
1095243,1095,9,7,0,3
1095244,1095,9,7,1,3
1095245,1095,9,7,2,5
1095246,1095,9,7,3,2
1095247,1095,9,7,4,2
1095248,1095,9,7,5,5
1095249,1095,9,7,6,4
1095250,1095,9,8,0,5
1095251,1095,9,9,0,2
1095252,1095,2,108010,0,3
1095253,1095,2,108020,0,2
1095254,1095,2,108030,0,3
1095255,1095,2,108040,0,3
1095256,1095,2,107011,0,2
1095257,1095,2,107012,0,2
1095258,1095,2,107013,0,2
1095259,1095,2,107021,0,2
1095260,1095,2,107022,0,2
1095261,1095,2,107023,0,2
1095262,1095,2,107031,0,2
1095263,1095,2,107032,0,2
1095264,1095,2,107033,0,2
1095265,1095,2,107041,0,2
1095266,1095,2,107042,0,2
1095267,1095,2,107043,0,2
1095268,1095,2,107051,0,2
1095269,1095,2,107052,0,2
1095270,1095,2,107053,0,2
1095271,1095,10,0,0,1
1095272,1095,2,107030,0,1
1095273,1095,2,107030,1,1
1095274,1095,2,107040,1,6
1095275,1095,10,1,0,2
1095276,1095,5,9,0,2
1095277,1095,11,0,0,2
1095278,1095,11,1,0,2
1095279,1095,11,2,0,2
1095280,1095,2,109010,0,3
1095281,1095,2,109020,0,3
1095282,1095,2,109030,0,4
1095283,1095,5,0,6,2
1095286,1095,1013,1,0,4
1095287,1095,1013,2,0,5
1095288,1095,1013,3,0,4
1095289,1095,1013,4,0,5
1095290,1095,1013,5,0,2
1095291,1095,1013,6,0,2
1095292,1095,1013,7,0,2
1095293,1095,1013,8,0,1
1095294,1095,1013,9,0,2
1095295,1095,1013,10,0,1
1095401,1095,1014,1,0,2
1095402,1095,1014,2,0,2
1095403,1095,1014,3,0,2
1095404,1095,1014,4,0,4
1095405,1095,1014,5,0,3
1095406,1095,1014,6,0,3
1095407,1095,1014,6,1,1
1095408,1095,1014,6,2,1
1095409,1095,1014,7,0,2
1095410,1095,1014,7,1,1
1095411,1095,1014,7,2,1
1095412,1095,1014,8,0,4
1095413,1095,1014,8,1,1
1095414,1095,1014,8,2,1
1095415,1095,1014,9,0,2
1095416,1095,1014,10,0,2
1095300,1095,5,0,0,1
1095301,1095,5,1,6,4
1095302,1095,5,1,7,7
1095303,1095,5,2,1,4
1095304,1095,5,0,1,3
1095305,1095,5,0,2,3
1095306,1095,5,0,3,1
1095307,1095,5,0,4,5
1095308,1095,0,2,0,1
1095309,1095,0,3,0,5
1095310,1095,0,4,0,3
1095311,1095,0,5,0,5
1095312,1095,0,6,0,0
1095313,1095,5,0,5,3
1095400,1095,5,1,8,2
1096001,1096,0,0,0,5
1096002,1096,1,0,0,2
1096003,1096,1,1,0,2
1096004,1096,1,2,0,2
1096005,1096,1,3,0,2
1096006,1096,1,4,0,4
1096007,1096,1,5,0,2
1096008,1096,4,0,0,1
1096009,1096,7,0,0,2
1096010,1096,8,0,0,1
1096011,1096,3,1,0,5
1096012,1096,6,0,1,1
1096100,1096,2,103010,0,2
1096101,1096,2,103020,0,1
1096102,1096,2,103030,0,1
1096103,1096,2,103050,0,1
1096104,1096,2,103040,0,3
1096105,1096,2,105010,0,3
1096106,1096,2,105020,0,1
1096107,1096,2,105030,0,2
1096200,1096,2,101045,1,2
1096201,1096,2,102040,1,2
1096202,1096,2,101014,0,2
1096203,1096,2,101042,0,1
1096204,1096,2,101012,0,1
1096205,1096,2,101031,0,1
1096206,1096,2,101031,1,1
1096207,1096,2,101032,0,1
1096208,1096,2,101032,1,1
1096209,1096,2,101033,0,1
1096210,1096,2,101033,1,1
1096211,1096,2,101034,0,1
1096212,1096,2,101034,1,1
1096213,1096,2,102030,0,1
1096214,1096,2,102030,1,1
1096215,1096,2,104015,0,1
1096216,1096,2,104045,0,3
1096217,1096,2,106010,0,1
1096218,1096,2,106020,0,1
1096219,1096,2,106020,1,1
1096220,1096,2,106030,0,1
1096221,1096,2,106050,0,1
1096222,1096,2,106050,1,1
1096223,1096,2,106110,0,1
1096224,1096,2,106120,0,1
1096225,1096,2,106120,1,1
1096226,1096,2,106130,0,1
1096227,1096,2,106140,0,1
1096228,1096,2,106150,0,1
1096229,1096,2,106210,0,1
1096230,1096,2,106220,0,1
1096231,1096,2,106220,1,1
1096232,1096,2,106230,0,1
1096233,1096,2,106250,0,1
1096234,1096,9,1,0,2
1096235,1096,9,2,0,1
1096236,1096,9,3,0,1
1096237,1096,9,4,0,1
1096238,1096,9,3,4,1
1096239,1096,9,5,0,3
1096240,1096,9,6,0,5
1096241,1096,9,6,1,3
1096242,1096,9,6,2,2
1096243,1096,9,7,0,2
1096244,1096,9,7,1,4
1096245,1096,9,7,2,2
1096246,1096,9,7,3,5
1096247,1096,9,7,4,2
1096248,1096,9,7,5,4
1096249,1096,9,7,6,2
1096250,1096,9,8,0,2
1096251,1096,9,9,0,1
1096252,1096,2,108010,0,1
1096253,1096,2,108020,0,1
1096254,1096,2,108030,0,1
1096255,1096,2,108040,0,3
1096256,1096,2,107011,0,1
1096257,1096,2,107012,0,1
1096258,1096,2,107013,0,1
1096259,1096,2,107021,0,1
1096260,1096,2,107022,0,1
1096261,1096,2,107023,0,1
1096262,1096,2,107031,0,1
1096263,1096,2,107032,0,1
1096264,1096,2,107033,0,1
1096265,1096,2,107041,0,1
1096266,1096,2,107042,0,1
1096267,1096,2,107043,0,1
1096268,1096,2,107051,0,1
1096269,1096,2,107052,0,1
1096270,1096,2,107053,0,1
1096271,1096,10,0,0,1
1096272,1096,2,107030,0,1
1096273,1096,2,107030,1,1
1096274,1096,2,107040,1,2
1096275,1096,10,1,0,1
1096276,1096,5,9,0,1
1096277,1096,11,0,0,1
1096278,1096,11,1,0,1
1096279,1096,11,2,0,1
1096280,1096,2,109010,0,1
1096281,1096,2,109020,0,1
1096282,1096,2,109030,0,3
1096283,1096,5,0,6,1
1096286,1096,1013,1,0,1
1096287,1096,1013,2,0,3
1096288,1096,1013,3,0,1
1096289,1096,1013,4,0,4
1096290,1096,1013,5,0,4
1096291,1096,1013,6,0,3
1096292,1096,1013,7,0,1
1096293,1096,1013,8,0,1
1096294,1096,1013,9,0,3
1096295,1096,1013,10,0,1
1096401,1096,1014,1,0,6
1096402,1096,1014,2,0,4
1096403,1096,1014,3,0,3
1096404,1096,1014,4,0,2
1096405,1096,1014,5,0,2
1096406,1096,1014,6,0,1
1096407,1096,1014,6,1,1
1096408,1096,1014,6,2,1
1096409,1096,1014,7,0,3
1096410,1096,1014,7,1,1
1096411,1096,1014,7,2,1
1096412,1096,1014,8,0,3
1096413,1096,1014,8,1,1
1096414,1096,1014,8,2,1
1096415,1096,1014,9,0,3
1096416,1096,1014,10,0,1
1096300,1096,5,0,0,3
1096301,1096,5,1,6,3
1096302,1096,5,1,7,4
1096303,1096,5,2,1,3
1096304,1096,5,0,1,1
1096305,1096,5,0,2,1
1096306,1096,5,0,3,1
1096307,1096,5,0,4,2
1096308,1096,0,2,0,5
1096309,1096,0,3,0,5
1096310,1096,0,4,0,2
1096311,1096,0,5,0,2
1096312,1096,0,6,0,0
1096313,1096,5,0,5,2
1096400,1096,5,1,8,1
1097001,1097,0,0,0,4
1097002,1097,1,0,0,3
1097003,1097,1,1,0,3
1097004,1097,1,2,0,3
1097005,1097,1,3,0,2
1097006,1097,1,4,0,3
1097007,1097,1,5,0,3
1097008,1097,4,0,0,1
1097009,1097,7,0,0,1
1097010,1097,8,0,0,1
1097011,1097,3,1,0,1
1097012,1097,6,0,1,1
1097100,1097,2,103010,0,6
1097101,1097,2,103020,0,6
1097102,1097,2,103030,0,3
1097103,1097,2,103050,0,2
1097104,1097,2,103040,0,2
1097105,1097,2,105010,0,2
1097106,1097,2,105020,0,2
1097107,1097,2,105030,0,1
1097200,1097,2,101045,1,6
1097201,1097,2,102040,1,6
1097202,1097,2,101014,0,3
1097203,1097,2,101042,0,3
1097204,1097,2,101012,0,2
1097205,1097,2,101031,0,1
1097206,1097,2,101031,1,1
1097207,1097,2,101032,0,1
1097208,1097,2,101032,1,1
1097209,1097,2,101033,0,1
1097210,1097,2,101033,1,1
1097211,1097,2,101034,0,1
1097212,1097,2,101034,1,1
1097213,1097,2,102030,0,1
1097214,1097,2,102030,1,1
1097215,1097,2,104015,0,2
1097216,1097,2,104045,0,2
1097217,1097,2,106010,0,2
1097218,1097,2,106020,0,2
1097219,1097,2,106020,1,1
1097220,1097,2,106030,0,1
1097221,1097,2,106050,0,2
1097222,1097,2,106050,1,2
1097223,1097,2,106110,0,2
1097224,1097,2,106120,0,2
1097225,1097,2,106120,1,2
1097226,1097,2,106130,0,2
1097227,1097,2,106140,0,2
1097228,1097,2,106150,0,1
1097229,1097,2,106210,0,2
1097230,1097,2,106220,0,2
1097231,1097,2,106220,1,2
1097232,1097,2,106230,0,2
1097233,1097,2,106250,0,1
1097234,1097,9,1,0,1
1097235,1097,9,2,0,2
1097236,1097,9,3,0,2
1097237,1097,9,4,0,3
1097238,1097,9,3,4,5
1097239,1097,9,5,0,4
1097240,1097,9,6,0,4
1097241,1097,9,6,1,2
1097242,1097,9,6,2,5
1097243,1097,9,7,0,3
1097244,1097,9,7,1,3
1097245,1097,9,7,2,3
1097246,1097,9,7,3,3
1097247,1097,9,7,4,3
1097248,1097,9,7,5,1
1097249,1097,9,7,6,3
1097250,1097,9,8,0,3
1097251,1097,9,9,0,2
1097252,1097,2,108010,0,2
1097253,1097,2,108020,0,2
1097254,1097,2,108030,0,2
1097255,1097,2,108040,0,2
1097256,1097,2,107011,0,2
1097257,1097,2,107012,0,2
1097258,1097,2,107013,0,2
1097259,1097,2,107021,0,2
1097260,1097,2,107022,0,2
1097261,1097,2,107023,0,2
1097262,1097,2,107031,0,2
1097263,1097,2,107032,0,2
1097264,1097,2,107033,0,2
1097265,1097,2,107041,0,2
1097266,1097,2,107042,0,2
1097267,1097,2,107043,0,2
1097268,1097,2,107051,0,2
1097269,1097,2,107052,0,2
1097270,1097,2,107053,0,2
1097271,1097,10,0,0,1
1097272,1097,2,107030,0,1
1097273,1097,2,107030,1,1
1097274,1097,2,107040,1,6
1097275,1097,10,1,0,2
1097276,1097,5,9,0,2
1097277,1097,11,0,0,1
1097278,1097,11,1,0,1
1097279,1097,11,2,0,2
1097280,1097,2,109010,0,2
1097281,1097,2,109020,0,3
1097282,1097,2,109030,0,2
1097283,1097,5,0,6,3
1097286,1097,1013,1,0,3
1097287,1097,1013,2,0,5
1097288,1097,1013,3,0,4
1097289,1097,1013,4,0,5
1097290,1097,1013,5,0,3
1097291,1097,1013,6,0,2
1097292,1097,1013,7,0,2
1097293,1097,1013,8,0,1
1097294,1097,1013,9,0,2
1097295,1097,1013,10,0,1
1097401,1097,1014,1,0,8
1097402,1097,1014,2,0,2
1097403,1097,1014,3,0,1
1097404,1097,1014,4,0,1
1097405,1097,1014,5,0,4
1097406,1097,1014,6,0,3
1097407,1097,1014,6,1,1
1097408,1097,1014,6,2,1
1097409,1097,1014,7,0,2
1097410,1097,1014,7,1,1
1097411,1097,1014,7,2,1
1097412,1097,1014,8,0,2
1097413,1097,1014,8,1,1
1097414,1097,1014,8,2,1
1097415,1097,1014,9,0,2
1097416,1097,1014,10,0,3
1097300,1097,5,0,0,1
1097301,1097,5,1,6,5
1097302,1097,5,1,7,6
1097303,1097,5,2,1,2
1097304,1097,5,0,1,2
1097305,1097,5,0,2,2
1097306,1097,5,0,3,1
1097307,1097,5,0,4,3
1097308,1097,0,2,0,4
1097309,1097,0,3,0,3
1097310,1097,0,4,0,3
1097311,1097,0,5,0,3
1097312,1097,0,6,0,0
1097313,1097,5,0,5,3
1097400,1097,5,1,8,2
1098001,1098,0,0,0,1
1098002,1098,1,0,0,2
1098003,1098,1,1,0,1
1098004,1098,1,2,0,2
1098005,1098,1,3,0,2
1098006,1098,1,4,0,1
1098007,1098,1,5,0,4
1098008,1098,4,0,0,1
1098009,1098,7,0,0,1
1098010,1098,8,0,0,1
1098011,1098,3,1,0,5
1098012,1098,6,0,1,1
1098100,1098,2,103010,0,4
1098101,1098,2,103020,0,5
1098102,1098,2,103030,0,1
1098103,1098,2,103050,0,3
1098104,1098,2,103040,0,1
1098105,1098,2,105010,0,3
1098106,1098,2,105020,0,1
1098107,1098,2,105030,0,2
1098200,1098,2,101045,1,4
1098201,1098,2,102040,1,4
1098202,1098,2,101014,0,2
1098203,1098,2,101042,0,1
1098204,1098,2,101012,0,1
1098205,1098,2,101031,0,1
1098206,1098,2,101031,1,1
1098207,1098,2,101032,0,1
1098208,1098,2,101032,1,1
1098209,1098,2,101033,0,1
1098210,1098,2,101033,1,1
1098211,1098,2,101034,0,1
1098212,1098,2,101034,1,1
1098213,1098,2,102030,0,1
1098214,1098,2,102030,1,1
1098215,1098,2,104015,0,1
1098216,1098,2,104045,0,3
1098217,1098,2,106010,0,1
1098218,1098,2,106020,0,1
1098219,1098,2,106020,1,1
1098220,1098,2,106030,0,1
1098221,1098,2,106050,0,1
1098222,1098,2,106050,1,1
1098223,1098,2,106110,0,1
1098224,1098,2,106120,0,1
1098225,1098,2,106120,1,1
1098226,1098,2,106130,0,3
1098227,1098,2,106140,0,1
1098228,1098,2,106150,0,1
1098229,1098,2,106210,0,1
1098230,1098,2,106220,0,1
1098231,1098,2,106220,1,1
1098232,1098,2,106230,0,1
1098233,1098,2,106250,0,1
1098234,1098,9,1,0,1
1098235,1098,9,2,0,1
1098236,1098,9,3,0,1
1098237,1098,9,4,0,2
1098238,1098,9,3,4,1
1098239,1098,9,5,0,2
1098240,1098,9,6,0,1
1098241,1098,9,6,1,1
1098242,1098,9,6,2,6
1098243,1098,9,7,0,2
1098244,1098,9,7,1,2
1098245,1098,9,7,2,1
1098246,1098,9,7,3,2
1098247,1098,9,7,4,1
1098248,1098,9,7,5,2
1098249,1098,9,7,6,2
1098250,1098,9,8,0,2
1098251,1098,9,9,0,1
1098252,1098,2,108010,0,1
1098253,1098,2,108020,0,1
1098254,1098,2,108030,0,1
1098255,1098,2,108040,0,1
1098256,1098,2,107011,0,1
1098257,1098,2,107012,0,1
1098258,1098,2,107013,0,1
1098259,1098,2,107021,0,1
1098260,1098,2,107022,0,1
1098261,1098,2,107023,0,1
1098262,1098,2,107031,0,1
1098263,1098,2,107032,0,1
1098264,1098,2,107033,0,1
1098265,1098,2,107041,0,1
1098266,1098,2,107042,0,1
1098267,1098,2,107043,0,1
1098268,1098,2,107051,0,1
1098269,1098,2,107052,0,1
1098270,1098,2,107053,0,1
1098271,1098,10,0,0,1
1098272,1098,2,107030,0,1
1098273,1098,2,107030,1,1
1098274,1098,2,107040,1,4
1098275,1098,10,1,0,1
1098276,1098,5,9,0,1
1098277,1098,11,0,0,1
1098278,1098,11,1,0,1
1098279,1098,11,2,0,1
1098280,1098,2,109010,0,1
1098281,1098,2,109020,0,1
1098282,1098,2,109030,0,1
1098283,1098,5,0,6,1
1098286,1098,1013,1,0,1
1098287,1098,1013,2,0,1
1098288,1098,1013,3,0,1
1098289,1098,1013,4,0,1
1098290,1098,1013,5,0,1
1098291,1098,1013,6,0,1
1098292,1098,1013,7,0,1
1098293,1098,1013,8,0,1
1098294,1098,1013,9,0,1
1098295,1098,1013,10,0,1
1098401,1098,1014,1,0,1
1098402,1098,1014,2,0,3
1098403,1098,1014,3,0,1
1098404,1098,1014,4,0,1
1098405,1098,1014,5,0,2
1098406,1098,1014,6,0,1
1098407,1098,1014,6,1,1
1098408,1098,1014,6,2,1
1098409,1098,1014,7,0,3
1098410,1098,1014,7,1,1
1098411,1098,1014,7,2,1
1098412,1098,1014,8,0,1
1098413,1098,1014,8,1,1
1098414,1098,1014,8,2,1
1098415,1098,1014,9,0,1
1098416,1098,1014,10,0,1
1098300,1098,5,0,0,3
1098301,1098,5,1,6,1
1098302,1098,5,1,7,4
1098303,1098,5,2,1,3
1098304,1098,5,0,1,1
1098305,1098,5,0,2,1
1098306,1098,5,0,3,1
1098307,1098,5,0,4,2
1098308,1098,0,2,0,2
1098309,1098,0,3,0,2
1098310,1098,0,4,0,2
1098311,1098,0,5,0,2
1098312,1098,0,6,0,1
1098313,1098,5,0,5,1
1098400,1098,5,1,8,1
1099001,1099,0,0,0,2
1099002,1099,1,0,0,1
1099003,1099,1,1,0,1
1099004,1099,1,2,0,1
1099005,1099,1,3,0,2
1099006,1099,1,4,0,1
1099007,1099,1,5,0,1
1099008,1099,4,0,0,1
1099009,1099,7,0,0,1
1099010,1099,8,0,0,1
1099011,1099,3,1,0,5
1099012,1099,6,0,1,1
1099100,1099,2,103010,0,2
1099101,1099,2,103020,0,5
1099102,1099,2,103030,0,2
1099103,1099,2,103050,0,4
1099104,1099,2,103040,0,2
1099105,1099,2,105010,0,2
1099106,1099,2,105020,0,3
1099107,1099,2,105030,0,1
1099200,1099,2,101045,1,5
1099201,1099,2,102040,1,5
1099202,1099,2,101014,0,3
1099203,1099,2,101042,0,3
1099204,1099,2,101012,0,2
1099205,1099,2,101031,0,1
1099206,1099,2,101031,1,1
1099207,1099,2,101032,0,1
1099208,1099,2,101032,1,1
1099209,1099,2,101033,0,1
1099210,1099,2,101033,1,1
1099211,1099,2,101034,0,1
1099212,1099,2,101034,1,1
1099213,1099,2,102030,0,1
1099214,1099,2,102030,1,1
1099215,1099,2,104015,0,1
1099216,1099,2,104045,0,1
1099217,1099,2,106010,0,1
1099218,1099,2,106020,0,1
1099219,1099,2,106020,1,1
1099220,1099,2,106030,0,1
1099221,1099,2,106050,0,1
1099222,1099,2,106050,1,1
1099223,1099,2,106110,0,1
1099224,1099,2,106120,0,1
1099225,1099,2,106120,1,2
1099226,1099,2,106130,0,2
1099227,1099,2,106140,0,1
1099228,1099,2,106150,0,1
1099229,1099,2,106210,0,1
1099230,1099,2,106220,0,1
1099231,1099,2,106220,1,2
1099232,1099,2,106230,0,1
1099233,1099,2,106250,0,1
1099234,1099,9,1,0,1
1099235,1099,9,2,0,2
1099236,1099,9,3,0,2
1099237,1099,9,4,0,3
1099238,1099,9,3,4,5
1099239,1099,9,5,0,1
1099240,1099,9,6,0,2
1099241,1099,9,6,1,1
1099242,1099,9,6,2,1
1099243,1099,9,7,0,1
1099244,1099,9,7,1,1
1099245,1099,9,7,2,3
1099246,1099,9,7,3,3
1099247,1099,9,7,4,3
1099248,1099,9,7,5,3
1099249,1099,9,7,6,1
1099250,1099,9,8,0,1
1099251,1099,9,9,0,1
1099252,1099,2,108010,0,2
1099253,1099,2,108020,0,2
1099254,1099,2,108030,0,2
1099255,1099,2,108040,0,2
1099256,1099,2,107011,0,1
1099257,1099,2,107012,0,1
1099258,1099,2,107013,0,1
1099259,1099,2,107021,0,1
1099260,1099,2,107022,0,1
1099261,1099,2,107023,0,1
1099262,1099,2,107031,0,1
1099263,1099,2,107032,0,1
1099264,1099,2,107033,0,1
1099265,1099,2,107041,0,2
1099266,1099,2,107042,0,2
1099267,1099,2,107043,0,2
1099268,1099,2,107051,0,1
1099269,1099,2,107052,0,1
1099270,1099,2,107053,0,1
1099271,1099,10,0,0,2
1099272,1099,2,107030,0,1
1099273,1099,2,107030,1,1
1099274,1099,2,107040,1,5
1099275,1099,10,1,0,1
1099276,1099,5,9,0,1
1099277,1099,11,0,0,1
1099278,1099,11,1,0,1
1099279,1099,11,2,0,1
1099280,1099,2,109010,0,1
1099281,1099,2,109020,0,1
1099282,1099,2,109030,0,1
1099283,1099,5,0,6,3
1099286,1099,1013,1,0,5
1099287,1099,1013,2,0,2
1099288,1099,1013,3,0,2
1099289,1099,1013,4,0,3
1099290,1099,1013,5,0,3
1099291,1099,1013,6,0,1
1099292,1099,1013,7,0,2
1099293,1099,1013,8,0,1
1099294,1099,1013,9,0,2
1099295,1099,1013,10,0,1
1099401,1099,1014,1,0,8
1099402,1099,1014,2,0,1
1099403,1099,1014,3,0,1
1099404,1099,1014,4,0,1
1099405,1099,1014,5,0,1
1099406,1099,1014,6,0,1
1099407,1099,1014,6,1,1
1099408,1099,1014,6,2,1
1099409,1099,1014,7,0,1
1099410,1099,1014,7,1,1
1099411,1099,1014,7,2,1
1099412,1099,1014,8,0,2
1099413,1099,1014,8,1,1
1099414,1099,1014,8,2,1
1099415,1099,1014,9,0,2
1099416,1099,1014,10,0,3
1099300,1099,5,0,0,3
1099301,1099,5,1,6,2
1099302,1099,5,1,7,4
1099303,1099,5,2,1,1
1099304,1099,5,0,1,2
1099305,1099,5,0,2,2
1099306,1099,5,0,3,1
1099307,1099,5,0,4,1
1099308,1099,0,2,0,2
1099309,1099,0,3,0,1
1099310,1099,0,4,0,1
1099311,1099,0,5,0,1
1099312,1099,0,6,0,0
1099313,1099,5,0,5,1
1099400,1099,5,1,8,2
1100001,1100,0,0,0,2
1100002,1100,1,0,0,3
1100003,1100,1,1,0,3
1100004,1100,1,2,0,3
1100005,1100,1,3,0,1
1100006,1100,1,4,0,3
1100007,1100,1,5,0,3
1100008,1100,4,0,0,1
1100009,1100,7,0,0,2
1100010,1100,8,0,0,1
1100011,1100,3,1,0,5
1100012,1100,6,0,1,1
1100100,1100,2,103010,0,3
1100101,1100,2,103020,0,1
1100102,1100,2,103030,0,2
1100103,1100,2,103050,0,4
1100104,1100,2,103040,0,2
1100105,1100,2,105010,0,2
1100106,1100,2,105020,0,2
1100107,1100,2,105030,0,1
1100200,1100,2,101045,1,3
1100201,1100,2,102040,1,3
1100202,1100,2,101014,0,3
1100203,1100,2,101042,0,2
1100204,1100,2,101012,0,2
1100205,1100,2,101031,0,1
1100206,1100,2,101031,1,1
1100207,1100,2,101032,0,1
1100208,1100,2,101032,1,1
1100209,1100,2,101033,0,1
1100210,1100,2,101033,1,1
1100211,1100,2,101034,0,1
1100212,1100,2,101034,1,1
1100213,1100,2,102030,0,1
1100214,1100,2,102030,1,1
1100215,1100,2,104015,0,2
1100216,1100,2,104045,0,1
1100217,1100,2,106010,0,2
1100218,1100,2,106020,0,2
1100219,1100,2,106020,1,1
1100220,1100,2,106030,0,1
1100221,1100,2,106050,0,2
1100222,1100,2,106050,1,2
1100223,1100,2,106110,0,2
1100224,1100,2,106120,0,1
1100225,1100,2,106120,1,2
1100226,1100,2,106130,0,1
1100227,1100,2,106140,0,2
1100228,1100,2,106150,0,1
1100229,1100,2,106210,0,1
1100230,1100,2,106220,0,2
1100231,1100,2,106220,1,2
1100232,1100,2,106230,0,1
1100233,1100,2,106250,0,2
1100234,1100,9,1,0,1
1100235,1100,9,2,0,2
1100236,1100,9,3,0,2
1100237,1100,9,4,0,3
1100238,1100,9,3,4,2
1100239,1100,9,5,0,4
1100240,1100,9,6,0,2
1100241,1100,9,6,1,2
1100242,1100,9,6,2,3
1100243,1100,9,7,0,3
1100244,1100,9,7,1,3
1100245,1100,9,7,2,3
1100246,1100,9,7,3,5
1100247,1100,9,7,4,3
1100248,1100,9,7,5,5
1100249,1100,9,7,6,3
1100250,1100,9,8,0,3
1100251,1100,9,9,0,1
1100252,1100,2,108010,0,2
1100253,1100,2,108020,0,2
1100254,1100,2,108030,0,2
1100255,1100,2,108040,0,2
1100256,1100,2,107011,0,2
1100257,1100,2,107012,0,2
1100258,1100,2,107013,0,2
1100259,1100,2,107021,0,2
1100260,1100,2,107022,0,2
1100261,1100,2,107023,0,2
1100262,1100,2,107031,0,2
1100263,1100,2,107032,0,2
1100264,1100,2,107033,0,2
1100265,1100,2,107041,0,2
1100266,1100,2,107042,0,2
1100267,1100,2,107043,0,2
1100268,1100,2,107051,0,2
1100269,1100,2,107052,0,2
1100270,1100,2,107053,0,2
1100271,1100,10,0,0,1
1100272,1100,2,107030,0,1
1100273,1100,2,107030,1,1
1100274,1100,2,107040,1,3
1100275,1100,10,1,0,2
1100276,1100,5,9,0,2
1100277,1100,11,0,0,1
1100278,1100,11,1,0,1
1100279,1100,11,2,0,2
1100280,1100,2,109010,0,1
1100281,1100,2,109020,0,1
1100282,1100,2,109030,0,2
1100283,1100,5,0,6,3
1100286,1100,1013,1,0,3
1100287,1100,1013,2,0,5
1100288,1100,1013,3,0,2
1100289,1100,1013,4,0,3
1100290,1100,1013,5,0,3
1100291,1100,1013,6,0,1
1100292,1100,1013,7,0,2
1100293,1100,1013,8,0,1
1100294,1100,1013,9,0,2
1100295,1100,1013,10,0,1
1100401,1100,1014,1,0,7
1100402,1100,1014,2,0,2
1100403,1100,1014,3,0,1
1100404,1100,1014,4,0,1
1100405,1100,1014,5,0,4
1100406,1100,1014,6,0,2
1100407,1100,1014,6,1,1
1100408,1100,1014,6,2,1
1100409,1100,1014,7,0,1
1100410,1100,1014,7,1,1
1100411,1100,1014,7,2,1
1100412,1100,1014,8,0,2
1100413,1100,1014,8,1,1
1100414,1100,1014,8,2,1
1100415,1100,1014,9,0,2
1100416,1100,1014,10,0,3
1100300,1100,5,0,0,3
1100301,1100,5,1,6,5
1100302,1100,5,1,7,6
1100303,1100,5,2,1,4
1100304,1100,5,0,1,2
1100305,1100,5,0,2,2
1100306,1100,5,0,3,1
1100307,1100,5,0,4,3
1100308,1100,0,2,0,2
1100309,1100,0,3,0,3
1100310,1100,0,4,0,3
1100311,1100,0,5,0,3
1100312,1100,0,6,0,0
1100313,1100,5,0,5,3
1100400,1100,5,1,8,2
1102001,1102,0,0,0,1
1102002,1102,1,0,0,5
1102003,1102,1,1,0,2
1102004,1102,1,2,0,5
1102005,1102,1,3,0,2
1102006,1102,1,4,0,2
1102007,1102,1,5,0,5
1102008,1102,4,0,0,1
1102009,1102,7,0,0,2
1102010,1102,8,0,0,1
1102011,1102,3,1,0,5
1102012,1102,6,0,1,1
1102100,1102,2,103010,0,5
1102101,1102,2,103020,0,1
1102102,1102,2,103030,0,4
1102103,1102,2,103050,0,3
1102104,1102,2,103040,0,6
1102105,1102,2,105010,0,1
1102106,1102,2,105020,0,2
1102107,1102,2,105030,0,3
1102200,1102,2,101045,1,5
1102201,1102,2,102040,1,5
1102202,1102,2,101014,0,1
1102203,1102,2,101042,0,2
1102204,1102,2,101012,0,2
1102205,1102,2,101031,0,2
1102206,1102,2,101031,1,2
1102207,1102,2,101032,0,2
1102208,1102,2,101032,1,2
1102209,1102,2,101033,0,2
1102210,1102,2,101033,1,2
1102211,1102,2,101034,0,2
1102212,1102,2,101034,1,2
1102213,1102,2,102030,0,2
1102214,1102,2,102030,1,2
1102215,1102,2,104015,0,1
1102216,1102,2,104045,0,2
1102217,1102,2,106010,0,2
1102218,1102,2,106020,0,1
1102219,1102,2,106020,1,1
1102220,1102,2,106030,0,1
1102221,1102,2,106050,0,2
1102222,1102,2,106050,1,2
1102223,1102,2,106110,0,1
1102224,1102,2,106120,0,1
1102225,1102,2,106120,1,2
1102226,1102,2,106130,0,2
1102227,1102,2,106140,0,2
1102228,1102,2,106150,0,1
1102229,1102,2,106210,0,2
1102230,1102,2,106220,0,2
1102231,1102,2,106220,1,1
1102232,1102,2,106230,0,2
1102233,1102,2,106250,0,1
1102234,1102,9,1,0,3
1102235,1102,9,2,0,2
1102236,1102,9,3,0,1
1102237,1102,9,4,0,2
1102238,1102,9,3,4,4
1102239,1102,9,5,0,5
1102240,1102,9,6,0,3
1102241,1102,9,6,1,3
1102242,1102,9,6,2,4
1102243,1102,9,7,0,4
1102244,1102,9,7,1,2
1102245,1102,9,7,2,1
1102246,1102,9,7,3,4
1102247,1102,9,7,4,2
1102248,1102,9,7,5,4
1102249,1102,9,7,6,5
1102250,1102,9,8,0,4
1102251,1102,9,9,0,1
1102252,1102,2,108010,0,3
1102253,1102,2,108020,0,3
1102254,1102,2,108030,0,1
1102255,1102,2,108040,0,4
1102256,1102,2,107011,0,2
1102257,1102,2,107012,0,2
1102258,1102,2,107013,0,2
1102259,1102,2,107021,0,2
1102260,1102,2,107022,0,2
1102261,1102,2,107023,0,2
1102262,1102,2,107031,0,2
1102263,1102,2,107032,0,2
1102264,1102,2,107033,0,2
1102265,1102,2,107041,0,2
1102266,1102,2,107042,0,2
1102267,1102,2,107043,0,2
1102268,1102,2,107051,0,2
1102269,1102,2,107052,0,2
1102270,1102,2,107053,0,2
1102271,1102,10,0,0,1
1102272,1102,2,107030,0,2
1102273,1102,2,107030,1,2
1102274,1102,2,107040,1,5
1102275,1102,10,1,0,2
1102276,1102,5,9,0,2
1102277,1102,11,0,0,1
1102278,1102,11,1,0,1
1102279,1102,11,2,0,1
1102280,1102,2,109010,0,2
1102281,1102,2,109020,0,2
1102282,1102,2,109030,0,2
1102283,1102,5,0,6,3
1102286,1102,1013,1,0,4
1102287,1102,1013,2,0,4
1102288,1102,1013,3,0,5
1102289,1102,1013,4,0,2
1102290,1102,1013,5,0,3
1102291,1102,1013,6,0,3
1102292,1102,1013,7,0,1
1102293,1102,1013,8,0,1
1102294,1102,1013,9,0,3
1102295,1102,1013,10,0,1
1102401,1102,1014,1,0,3
1102402,1102,1014,2,0,3
1102403,1102,1014,3,0,2
1102404,1102,1014,4,0,2
1102405,1102,1014,5,0,1
1102406,1102,1014,6,0,1
1102407,1102,1014,6,1,1
1102408,1102,1014,6,2,1
1102409,1102,1014,7,0,1
1102410,1102,1014,7,1,1
1102411,1102,1014,7,2,1
1102412,1102,1014,8,0,1
1102413,1102,1014,8,1,1
1102414,1102,1014,8,2,1
1102415,1102,1014,9,0,1
1102416,1102,1014,10,0,1
1102300,1102,5,0,0,3
1102301,1102,5,1,6,3
1102302,1102,5,1,7,1
1102303,1102,5,2,1,6
1102304,1102,5,0,1,3
1102305,1102,5,0,2,3
1102306,1102,5,0,3,1
1102307,1102,5,0,4,5
1102308,1102,0,2,0,1
1102309,1102,0,3,0,5
1102310,1102,0,4,0,2
1102311,1102,0,5,0,5
1102312,1102,0,6,0,0
1102313,1102,5,0,5,2
1102400,1102,5,1,8,1
1103001,1103,0,0,0,2
1103002,1103,1,0,0,1
1103003,1103,1,1,0,1
1103004,1103,1,2,0,1
1103005,1103,1,3,0,2
1103006,1103,1,4,0,1
1103007,1103,1,5,0,3
1103008,1103,4,0,0,1
1103009,1103,7,0,0,2
1103010,1103,8,0,0,1
1103011,1103,3,1,0,1
1103012,1103,6,0,1,1
1103100,1103,2,103010,0,5
1103101,1103,2,103020,0,5
1103102,1103,2,103030,0,4
1103103,1103,2,103050,0,4
1103104,1103,2,103040,0,2
1103105,1103,2,105010,0,2
1103106,1103,2,105020,0,2
1103107,1103,2,105030,0,1
1103200,1103,2,101045,1,3
1103201,1103,2,102040,1,3
1103202,1103,2,101014,0,2
1103203,1103,2,101042,0,2
1103204,1103,2,101012,0,1
1103205,1103,2,101031,0,1
1103206,1103,2,101031,1,1
1103207,1103,2,101032,0,1
1103208,1103,2,101032,1,1
1103209,1103,2,101033,0,1
1103210,1103,2,101033,1,1
1103211,1103,2,101034,0,1
1103212,1103,2,101034,1,1
1103213,1103,2,102030,0,1
1103214,1103,2,102030,1,1
1103215,1103,2,104015,0,1
1103216,1103,2,104045,0,3
1103217,1103,2,106010,0,1
1103218,1103,2,106020,0,1
1103219,1103,2,106020,1,2
1103220,1103,2,106030,0,1
1103221,1103,2,106050,0,1
1103222,1103,2,106050,1,1
1103223,1103,2,106110,0,1
1103224,1103,2,106120,0,2
1103225,1103,2,106120,1,2
1103226,1103,2,106130,0,3
1103227,1103,2,106140,0,2
1103228,1103,2,106150,0,2
1103229,1103,2,106210,0,1
1103230,1103,2,106220,0,1
1103231,1103,2,106220,1,2
1103232,1103,2,106230,0,2
1103233,1103,2,106250,0,1
1103234,1103,9,1,0,1
1103235,1103,9,2,0,2
1103236,1103,9,3,0,3
1103237,1103,9,4,0,2
1103238,1103,9,3,4,6
1103239,1103,9,5,0,5
1103240,1103,9,6,0,6
1103241,1103,9,6,1,1
1103242,1103,9,6,2,1
1103243,1103,9,7,0,1
1103244,1103,9,7,1,4
1103245,1103,9,7,2,1
1103246,1103,9,7,3,5
1103247,1103,9,7,4,1
1103248,1103,9,7,5,1
1103249,1103,9,7,6,5
1103250,1103,9,8,0,1
1103251,1103,9,9,0,2
1103252,1103,2,108010,0,2
1103253,1103,2,108020,0,2
1103254,1103,2,108030,0,2
1103255,1103,2,108040,0,2
1103256,1103,2,107011,0,1
1103257,1103,2,107012,0,1
1103258,1103,2,107013,0,1
1103259,1103,2,107021,0,1
1103260,1103,2,107022,0,1
1103261,1103,2,107023,0,1
1103262,1103,2,107031,0,1
1103263,1103,2,107032,0,1
1103264,1103,2,107033,0,1
1103265,1103,2,107041,0,1
1103266,1103,2,107042,0,1
1103267,1103,2,107043,0,1
1103268,1103,2,107051,0,1
1103269,1103,2,107052,0,1
1103270,1103,2,107053,0,1
1103271,1103,10,0,0,1
1103272,1103,2,107030,0,1
1103273,1103,2,107030,1,1
1103274,1103,2,107040,1,3
1103275,1103,10,1,0,1
1103276,1103,5,9,0,1
1103277,1103,11,0,0,1
1103278,1103,11,1,0,1
1103279,1103,11,2,0,1
1103280,1103,2,109010,0,1
1103281,1103,2,109020,0,1
1103282,1103,2,109030,0,1
1103283,1103,5,0,6,1
1103286,1103,1013,1,0,1
1103287,1103,1013,2,0,1
1103288,1103,1013,3,0,5
1103289,1103,1013,4,0,3
1103290,1103,1013,5,0,3
1103291,1103,1013,6,0,1
1103292,1103,1013,7,0,1
1103293,1103,1013,8,0,1
1103294,1103,1013,9,0,1
1103295,1103,1013,10,0,1
1103401,1103,1014,1,0,1
1103402,1103,1014,2,0,1
1103403,1103,1014,3,0,1
1103404,1103,1014,4,0,1
1103405,1103,1014,5,0,1
1103406,1103,1014,6,0,1
1103407,1103,1014,6,1,1
1103408,1103,1014,6,2,1
1103409,1103,1014,7,0,2
1103410,1103,1014,7,1,1
1103411,1103,1014,7,2,1
1103412,1103,1014,8,0,1
1103413,1103,1014,8,1,1
1103414,1103,1014,8,2,1
1103415,1103,1014,9,0,1
1103416,1103,1014,10,0,3
1103300,1103,5,0,0,1
1103301,1103,5,1,6,2
1103302,1103,5,1,7,1
1103303,1103,5,2,1,7
1103304,1103,5,0,1,2
1103305,1103,5,0,2,2
1103306,1103,5,0,3,1
1103307,1103,5,0,4,1
1103308,1103,0,2,0,2
1103309,1103,0,3,0,2
1103310,1103,0,4,0,2
1103311,1103,0,5,0,2
1103312,1103,0,6,0,1
1103313,1103,5,0,5,1
1103400,1103,5,1,8,2
1076001,1076,0,0,0,1
1076002,1076,1,0,0,3
1076003,1076,1,1,0,3
1076004,1076,1,2,0,3
1076005,1076,1,3,0,2
1076006,1076,1,4,0,3
1076007,1076,1,5,0,1
1076008,1076,4,0,0,1
1076009,1076,7,0,0,2
1076010,1076,8,0,0,1
1076011,1076,3,1,0,5
1076012,1076,6,0,1,2
1076100,1076,2,103010,0,1
1076101,1076,2,103020,0,5
1076102,1076,2,103030,0,3
1076103,1076,2,103050,0,2
1076104,1076,2,103040,0,2
1076105,1076,2,105010,0,2
1076106,1076,2,105020,0,3
1076107,1076,2,105030,0,1
1076200,1076,2,101045,1,3
1076201,1076,2,102040,1,3
1076202,1076,2,101014,0,3
1076203,1076,2,101042,0,3
1076204,1076,2,101012,0,2
1076205,1076,2,101031,0,2
1076206,1076,2,101031,1,2
1076207,1076,2,101032,0,2
1076208,1076,2,101032,1,2
1076209,1076,2,101033,0,2
1076210,1076,2,101033,1,2
1076211,1076,2,101034,0,2
1076212,1076,2,101034,1,2
1076213,1076,2,102030,0,2
1076214,1076,2,102030,1,2
1076215,1076,2,104015,0,2
1076216,1076,2,104045,0,1
1076217,1076,2,106010,0,1
1076218,1076,2,106020,0,2
1076219,1076,2,106020,1,1
1076220,1076,2,106030,0,1
1076221,1076,2,106050,0,2
1076222,1076,2,106050,1,2
1076223,1076,2,106110,0,2
1076224,1076,2,106120,0,1
1076225,1076,2,106120,1,2
1076226,1076,2,106130,0,3
1076227,1076,2,106140,0,1
1076228,1076,2,106150,0,1
1076229,1076,2,106210,0,1
1076230,1076,2,106220,0,2
1076231,1076,2,106220,1,2
1076232,1076,2,106230,0,2
1076233,1076,2,106250,0,1
1076234,1076,9,1,0,1
1076235,1076,9,2,0,1
1076236,1076,9,3,0,2
1076237,1076,9,4,0,3
1076238,1076,9,3,4,5
1076239,1076,9,5,0,4
1076240,1076,9,6,0,2
1076241,1076,9,6,1,2
1076242,1076,9,6,2,1
1076243,1076,9,7,0,3
1076244,1076,9,7,1,3
1076245,1076,9,7,2,3
1076246,1076,9,7,3,3
1076247,1076,9,7,4,3
1076248,1076,9,7,5,3
1076249,1076,9,7,6,4
1076250,1076,9,8,0,3
1076251,1076,9,9,0,1
1076252,1076,2,108010,0,2
1076253,1076,2,108020,0,2
1076254,1076,2,108030,0,2
1076255,1076,2,108040,0,2
1076256,1076,2,107011,0,2
1076257,1076,2,107012,0,2
1076258,1076,2,107013,0,2
1076259,1076,2,107021,0,2
1076260,1076,2,107022,0,2
1076261,1076,2,107023,0,2
1076262,1076,2,107031,0,1
1076263,1076,2,107032,0,1
1076264,1076,2,107033,0,1
1076265,1076,2,107041,0,2
1076266,1076,2,107042,0,2
1076267,1076,2,107043,0,2
1076268,1076,2,107051,0,2
1076269,1076,2,107052,0,2
1076270,1076,2,107053,0,2
1076271,1076,10,0,0,1
1076272,1076,2,107030,0,2
1076273,1076,2,107030,1,2
1076274,1076,2,107040,1,3
1076275,1076,10,1,0,2
1076276,1076,5,9,0,2
1076277,1076,11,0,0,1
1076278,1076,11,1,0,1
1076279,1076,11,2,0,2
1076280,1076,2,109010,0,2
1076281,1076,2,109020,0,1
1076282,1076,2,109030,0,2
1076283,1076,5,0,6,3
1076286,1076,1013,1,0,3
1076287,1076,1013,2,0,2
1076288,1076,1013,3,0,2
1076289,1076,1013,4,0,3
1076290,1076,1013,5,0,3
1076291,1076,1013,6,0,1
1076292,1076,1013,7,0,1
1076293,1076,1013,8,0,1
1076294,1076,1013,9,0,2
1076295,1076,1013,10,0,1
1076401,1076,1014,1,0,1
1076402,1076,1014,2,0,1
1076403,1076,1014,3,0,1
1076404,1076,1014,4,0,1
1076405,1076,1014,5,0,4
1076406,1076,1014,6,0,2
1076407,1076,1014,6,1,1
1076408,1076,1014,6,2,1
1076409,1076,1014,7,0,2
1076410,1076,1014,7,1,1
1076411,1076,1014,7,2,1
1076412,1076,1014,8,0,2
1076413,1076,1014,8,1,1
1076414,1076,1014,8,2,1
1076415,1076,1014,9,0,2
1076416,1076,1014,10,0,3
1076300,1076,5,0,0,3
1076301,1076,5,1,6,5
1076302,1076,5,1,7,4
1076303,1076,5,2,1,4
1076304,1076,5,0,1,1
1076305,1076,5,0,2,1
1076306,1076,5,0,3,1
1076307,1076,5,0,4,3
1076308,1076,0,2,0,1
1076309,1076,0,3,0,3
1076310,1076,0,4,0,3
1076311,1076,0,5,0,3
1076312,1076,0,6,0,0
1076313,1076,5,0,5,3
1076400,1076,5,1,8,2
9040001,9040,0,0,0,1
9040002,9040,1,0,0,2
9040003,9040,1,1,0,2
9040004,9040,1,2,0,2
9040005,9040,1,3,0,4
9040006,9040,1,4,0,2
9040007,9040,1,5,0,3
9040008,9040,4,0,0,2
9040009,9040,7,0,0,1
9040010,9040,8,0,0,1
9040011,9040,3,1,0,1
9040012,9040,6,0,1,2
9040100,9040,2,103010,0,1
9040101,9040,2,103020,0,1
9040102,9040,2,103030,0,1
9040103,9040,2,103050,0,1
9040104,9040,2,103040,0,1
9040105,9040,2,105010,0,2
9040106,9040,2,105020,0,2
9040107,9040,2,105030,0,2
9040200,9040,2,101045,1,5
9040201,9040,2,102040,1,5
9040202,9040,2,101014,0,2
9040203,9040,2,101042,0,2
9040204,9040,2,101012,0,2
9040205,9040,2,101031,0,1
9040206,9040,2,101031,1,1
9040207,9040,2,101032,0,1
9040208,9040,2,101032,1,1
9040209,9040,2,101033,0,1
9040210,9040,2,101033,1,1
9040211,9040,2,101034,0,1
9040212,9040,2,101034,1,1
9040213,9040,2,102030,0,1
9040214,9040,2,102030,1,1
9040215,9040,2,104015,0,2
9040216,9040,2,104045,0,2
9040217,9040,2,106010,0,2
9040218,9040,2,106020,0,2
9040219,9040,2,106020,1,2
9040220,9040,2,106030,0,1
9040221,9040,2,106050,0,2
9040222,9040,2,106050,1,2
9040223,9040,2,106110,0,2
9040224,9040,2,106120,0,2
9040225,9040,2,106120,1,2
9040226,9040,2,106130,0,2
9040227,9040,2,106140,0,2
9040228,9040,2,106150,0,2
9040229,9040,2,106210,0,2
9040230,9040,2,106220,0,2
9040231,9040,2,106220,1,1
9040232,9040,2,106230,0,2
9040233,9040,2,106250,0,2
9040234,9040,9,1,0,1
9040235,9040,9,2,0,1
9040236,9040,9,3,0,1
9040237,9040,9,4,0,1
9040238,9040,9,3,4,1
9040239,9040,9,5,0,1
9040240,9040,9,6,0,1
9040241,9040,9,6,1,1
9040242,9040,9,6,2,1
9040243,9040,9,7,0,1
9040244,9040,9,7,1,1
9040245,9040,9,7,2,1
9040246,9040,9,7,3,1
9040247,9040,9,7,4,1
9040248,9040,9,7,5,1
9040249,9040,9,7,6,1
9040250,9040,9,8,0,1
9040251,9040,9,9,0,1
9040252,9040,2,108010,0,1
9040253,9040,2,108020,0,1
9040254,9040,2,108030,0,1
9040255,9040,2,108040,0,1
9040256,9040,2,107011,0,2
9040257,9040,2,107012,0,2
9040258,9040,2,107013,0,2
9040259,9040,2,107021,0,2
9040260,9040,2,107022,0,2
9040261,9040,2,107023,0,2
9040262,9040,2,107031,0,2
9040263,9040,2,107032,0,2
9040264,9040,2,107033,0,2
9040265,9040,2,107041,0,2
9040266,9040,2,107042,0,2
9040267,9040,2,107043,0,2
9040268,9040,2,107051,0,2
9040269,9040,2,107052,0,2
9040270,9040,2,107053,0,2
9040271,9040,10,0,0,1
9040272,9040,2,107030,0,1
9040273,9040,2,107030,1,1
9040274,9040,2,107040,1,5
9040275,9040,10,1,0,2
9040276,9040,5,9,0,2
9040277,9040,11,0,0,1
9040278,9040,11,1,0,1
9040279,9040,11,2,0,1
9040280,9040,2,109010,0,2
9040281,9040,2,109020,0,2
9040282,9040,2,109030,0,2
9040283,9040,5,0,6,2
9040286,9040,1013,1,0,1
9040287,9040,1013,2,0,1
9040288,9040,1013,3,0,1
9040289,9040,1013,4,0,0
9040290,9040,1013,5,0,0
9040291,9040,1013,6,0,0
9040292,9040,1013,7,0,1
9040293,9040,1013,8,0,1
9040294,9040,1013,9,0,0
9040295,9040,1013,10,0,1
9040401,9040,1014,1,0,1
9040402,9040,1014,2,0,1
9040403,9040,1014,3,0,1
9040404,9040,1014,4,0,1
9040405,9040,1014,5,0,1
9040406,9040,1014,6,0,1
9040407,9040,1014,6,1,1
9040408,9040,1014,6,2,1
9040409,9040,1014,7,0,1
9040410,9040,1014,7,1,1
9040411,9040,1014,7,2,1
9040412,9040,1014,8,0,1
9040413,9040,1014,8,1,1
9040414,9040,1014,8,2,1
9040415,9040,1014,9,0,1
9040416,9040,1014,10,0,1
9040300,9040,5,0,0,1
9040301,9040,5,1,6,2
9040302,9040,5,1,7,2
9040303,9040,5,2,1,2
9040304,9040,5,0,1,2
9040305,9040,5,0,2,2
9040306,9040,5,0,3,1
9040307,9040,5,0,4,2
9040308,9040,0,2,0,1
9040309,9040,0,3,0,2
9040310,9040,0,4,0,2
9040311,9040,0,5,0,2
9040312,9040,0,6,0,1
9040313,9040,5,0,5,2
9040400,9040,5,1,8,1
9041001,9041,0,0,0,5
9041002,9041,1,0,0,3
9041003,9041,1,1,0,3
9041004,9041,1,2,0,3
9041005,9041,1,3,0,4
9041006,9041,1,4,0,3
9041007,9041,1,5,0,3
9041008,9041,4,0,0,2
9041009,9041,7,0,0,1
9041010,9041,8,0,0,1
9041011,9041,3,1,0,1
9041012,9041,6,0,1,2
9041100,9041,2,103010,0,1
9041101,9041,2,103020,0,1
9041102,9041,2,103030,0,1
9041103,9041,2,103050,0,1
9041104,9041,2,103040,0,1
9041105,9041,2,105010,0,2
9041106,9041,2,105020,0,2
9041107,9041,2,105030,0,2
9041200,9041,2,101045,1,3
9041201,9041,2,102040,1,3
9041202,9041,2,101014,0,2
9041203,9041,2,101042,0,2
9041204,9041,2,101012,0,2
9041205,9041,2,101031,0,1
9041206,9041,2,101031,1,1
9041207,9041,2,101032,0,1
9041208,9041,2,101032,1,1
9041209,9041,2,101033,0,1
9041210,9041,2,101033,1,1
9041211,9041,2,101034,0,1
9041212,9041,2,101034,1,1
9041213,9041,2,102030,0,1
9041214,9041,2,102030,1,1
9041215,9041,2,104015,0,2
9041216,9041,2,104045,0,2
9041217,9041,2,106010,0,2
9041218,9041,2,106020,0,2
9041219,9041,2,106020,1,2
9041220,9041,2,106030,0,1
9041221,9041,2,106050,0,2
9041222,9041,2,106050,1,2
9041223,9041,2,106110,0,2
9041224,9041,2,106120,0,2
9041225,9041,2,106120,1,2
9041226,9041,2,106130,0,2
9041227,9041,2,106140,0,2
9041228,9041,2,106150,0,2
9041229,9041,2,106210,0,2
9041230,9041,2,106220,0,2
9041231,9041,2,106220,1,1
9041232,9041,2,106230,0,2
9041233,9041,2,106250,0,2
9041234,9041,9,1,0,1
9041235,9041,9,2,0,1
9041236,9041,9,3,0,1
9041237,9041,9,4,0,1
9041238,9041,9,3,4,1
9041239,9041,9,5,0,1
9041240,9041,9,6,0,1
9041241,9041,9,6,1,1
9041242,9041,9,6,2,1
9041243,9041,9,7,0,1
9041244,9041,9,7,1,1
9041245,9041,9,7,2,1
9041246,9041,9,7,3,1
9041247,9041,9,7,4,1
9041248,9041,9,7,5,1
9041249,9041,9,7,6,1
9041250,9041,9,8,0,1
9041251,9041,9,9,0,1
9041252,9041,2,108010,0,1
9041253,9041,2,108020,0,1
9041254,9041,2,108030,0,1
9041255,9041,2,108040,0,1
9041256,9041,2,107011,0,2
9041257,9041,2,107012,0,2
9041258,9041,2,107013,0,2
9041259,9041,2,107021,0,2
9041260,9041,2,107022,0,2
9041261,9041,2,107023,0,2
9041262,9041,2,107031,0,2
9041263,9041,2,107032,0,2
9041264,9041,2,107033,0,2
9041265,9041,2,107041,0,2
9041266,9041,2,107042,0,2
9041267,9041,2,107043,0,2
9041268,9041,2,107051,0,2
9041269,9041,2,107052,0,2
9041270,9041,2,107053,0,2
9041271,9041,10,0,0,1
9041272,9041,2,107030,0,1
9041273,9041,2,107030,1,1
9041274,9041,2,107040,1,3
9041275,9041,10,1,0,2
9041276,9041,5,9,0,2
9041277,9041,11,0,0,1
9041278,9041,11,1,0,2
9041279,9041,11,2,0,2
9041280,9041,2,109010,0,2
9041281,9041,2,109020,0,1
9041282,9041,2,109030,0,2
9041283,9041,5,0,6,2
9041286,9041,1013,1,0,1
9041287,9041,1013,2,0,1
9041288,9041,1013,3,0,1
9041289,9041,1013,4,0,0
9041290,9041,1013,5,0,0
9041291,9041,1013,6,0,0
9041292,9041,1013,7,0,2
9041293,9041,1013,8,0,1
9041294,9041,1013,9,0,0
9041295,9041,1013,10,0,1
9041401,9041,1014,1,0,1
9041402,9041,1014,2,0,1
9041403,9041,1014,3,0,1
9041404,9041,1014,4,0,1
9041405,9041,1014,5,0,1
9041406,9041,1014,6,0,1
9041407,9041,1014,6,1,1
9041408,9041,1014,6,2,1
9041409,9041,1014,7,0,1
9041410,9041,1014,7,1,1
9041411,9041,1014,7,2,1
9041412,9041,1014,8,0,1
9041413,9041,1014,8,1,1
9041414,9041,1014,8,2,1
9041415,9041,1014,9,0,1
9041416,9041,1014,10,0,1
9041300,9041,5,0,0,1
9041301,9041,5,1,6,2
9041302,9041,5,1,7,2
9041303,9041,5,2,1,2
9041304,9041,5,0,1,2
9041305,9041,5,0,2,2
9041306,9041,5,0,3,1
9041307,9041,5,0,4,3
9041308,9041,0,2,0,5
9041309,9041,0,3,0,3
9041310,9041,0,4,0,3
9041311,9041,0,5,0,3
9041312,9041,0,6,0,0
9041313,9041,5,0,5,3
9041400,9041,5,1,8,1
9042001,9042,0,0,0,2
9042002,9042,1,0,0,5
9042003,9042,1,1,0,2
9042004,9042,1,2,0,5
9042005,9042,1,3,0,4
9042006,9042,1,4,0,2
9042007,9042,1,5,0,3
9042008,9042,4,0,0,2
9042009,9042,7,0,0,1
9042010,9042,8,0,0,1
9042011,9042,3,1,0,1
9042012,9042,6,0,1,2
9042100,9042,2,103010,0,1
9042101,9042,2,103020,0,1
9042102,9042,2,103030,0,1
9042103,9042,2,103050,0,1
9042104,9042,2,103040,0,1
9042105,9042,2,105010,0,2
9042106,9042,2,105020,0,2
9042107,9042,2,105030,0,2
9042200,9042,2,101045,1,2
9042201,9042,2,102040,1,2
9042202,9042,2,101014,0,2
9042203,9042,2,101042,0,2
9042204,9042,2,101012,0,2
9042205,9042,2,101031,0,1
9042206,9042,2,101031,1,1
9042207,9042,2,101032,0,1
9042208,9042,2,101032,1,1
9042209,9042,2,101033,0,1
9042210,9042,2,101033,1,1
9042211,9042,2,101034,0,1
9042212,9042,2,101034,1,1
9042213,9042,2,102030,0,1
9042214,9042,2,102030,1,1
9042215,9042,2,104015,0,2
9042216,9042,2,104045,0,2
9042217,9042,2,106010,0,2
9042218,9042,2,106020,0,2
9042219,9042,2,106020,1,2
9042220,9042,2,106030,0,1
9042221,9042,2,106050,0,2
9042222,9042,2,106050,1,2
9042223,9042,2,106110,0,2
9042224,9042,2,106120,0,2
9042225,9042,2,106120,1,2
9042226,9042,2,106130,0,2
9042227,9042,2,106140,0,2
9042228,9042,2,106150,0,2
9042229,9042,2,106210,0,2
9042230,9042,2,106220,0,2
9042231,9042,2,106220,1,1
9042232,9042,2,106230,0,2
9042233,9042,2,106250,0,2
9042234,9042,9,1,0,1
9042235,9042,9,2,0,1
9042236,9042,9,3,0,1
9042237,9042,9,4,0,1
9042238,9042,9,3,4,1
9042239,9042,9,5,0,1
9042240,9042,9,6,0,1
9042241,9042,9,6,1,1
9042242,9042,9,6,2,1
9042243,9042,9,7,0,1
9042244,9042,9,7,1,1
9042245,9042,9,7,2,1
9042246,9042,9,7,3,1
9042247,9042,9,7,4,1
9042248,9042,9,7,5,1
9042249,9042,9,7,6,1
9042250,9042,9,8,0,1
9042251,9042,9,9,0,1
9042252,9042,2,108010,0,1
9042253,9042,2,108020,0,1
9042254,9042,2,108030,0,1
9042255,9042,2,108040,0,1
9042256,9042,2,107011,0,2
9042257,9042,2,107012,0,2
9042258,9042,2,107013,0,2
9042259,9042,2,107021,0,2
9042260,9042,2,107022,0,2
9042261,9042,2,107023,0,2
9042262,9042,2,107031,0,2
9042263,9042,2,107032,0,2
9042264,9042,2,107033,0,2
9042265,9042,2,107041,0,2
9042266,9042,2,107042,0,2
9042267,9042,2,107043,0,2
9042268,9042,2,107051,0,2
9042269,9042,2,107052,0,2
9042270,9042,2,107053,0,2
9042271,9042,10,0,0,1
9042272,9042,2,107030,0,1
9042273,9042,2,107030,1,1
9042274,9042,2,107040,1,2
9042275,9042,10,1,0,2
9042276,9042,5,9,0,2
9042277,9042,11,0,0,2
9042278,9042,11,1,0,2
9042279,9042,11,2,0,3
9042280,9042,2,109010,0,3
9042281,9042,2,109020,0,2
9042282,9042,2,109030,0,2
9042283,9042,5,0,6,2
9042286,9042,1013,1,0,1
9042287,9042,1013,2,0,1
9042288,9042,1013,3,0,1
9042289,9042,1013,4,0,0
9042290,9042,1013,5,0,0
9042291,9042,1013,6,0,0
9042292,9042,1013,7,0,3
9042293,9042,1013,8,0,1
9042294,9042,1013,9,0,0
9042295,9042,1013,10,0,1
9042401,9042,1014,1,0,1
9042402,9042,1014,2,0,1
9042403,9042,1014,3,0,1
9042404,9042,1014,4,0,1
9042405,9042,1014,5,0,1
9042406,9042,1014,6,0,1
9042407,9042,1014,6,1,1
9042408,9042,1014,6,2,1
9042409,9042,1014,7,0,1
9042410,9042,1014,7,1,1
9042411,9042,1014,7,2,1
9042412,9042,1014,8,0,1
9042413,9042,1014,8,1,1
9042414,9042,1014,8,2,1
9042415,9042,1014,9,0,1
9042416,9042,1014,10,0,1
9042300,9042,5,0,0,1
9042301,9042,5,1,6,2
9042302,9042,5,1,7,2
9042303,9042,5,2,1,2
9042304,9042,5,0,1,2
9042305,9042,5,0,2,2
9042306,9042,5,0,3,1
9042307,9042,5,0,4,5
9042308,9042,0,2,0,2
9042309,9042,0,3,0,5
9042310,9042,0,4,0,2
9042311,9042,0,5,0,5
9042312,9042,0,6,0,0
9042313,9042,5,0,5,2
9042400,9042,5,1,8,1
1104001,1104,0,0,0,5
1104002,1104,1,0,0,5
1104003,1104,1,1,0,2
1104004,1104,1,2,0,5
1104005,1104,1,3,0,2
1104006,1104,1,4,0,2
1104007,1104,1,5,0,2
1104008,1104,4,0,0,1
1104009,1104,7,0,0,2
1104010,1104,8,0,0,1
1104011,1104,3,1,0,5
1104012,1104,6,0,1,1
1104100,1104,2,103010,0,5
1104101,1104,2,103020,0,7
1104102,1104,2,103030,0,5
1104103,1104,2,103050,0,1
1104104,1104,2,103040,0,3
1104105,1104,2,105010,0,1
1104106,1104,2,105020,0,1
1104107,1104,2,105030,0,3
1104200,1104,2,101045,1,2
1104201,1104,2,102040,1,2
1104202,1104,2,101014,0,2
1104203,1104,2,101042,0,2
1104204,1104,2,101012,0,1
1104205,1104,2,101031,0,1
1104206,1104,2,101031,1,1
1104207,1104,2,101032,0,1
1104208,1104,2,101032,1,1
1104209,1104,2,101033,0,1
1104210,1104,2,101033,1,1
1104211,1104,2,101034,0,1
1104212,1104,2,101034,1,1
1104213,1104,2,102030,0,1
1104214,1104,2,102030,1,1
1104215,1104,2,104015,0,1
1104216,1104,2,104045,0,1
1104217,1104,2,106010,0,1
1104218,1104,2,106020,0,1
1104219,1104,2,106020,1,1
1104220,1104,2,106030,0,1
1104221,1104,2,106050,0,2
1104222,1104,2,106050,1,2
1104223,1104,2,106110,0,1
1104224,1104,2,106120,0,1
1104225,1104,2,106120,1,1
1104226,1104,2,106130,0,1
1104227,1104,2,106140,0,1
1104228,1104,2,106150,0,2
1104229,1104,2,106210,0,2
1104230,1104,2,106220,0,1
1104231,1104,2,106220,1,1
1104232,1104,2,106230,0,2
1104233,1104,2,106250,0,2
1104234,1104,9,1,0,1
1104235,1104,9,2,0,2
1104236,1104,9,3,0,1
1104237,1104,9,4,0,2
1104238,1104,9,3,4,4
1104239,1104,9,5,0,3
1104240,1104,9,6,0,3
1104241,1104,9,6,1,3
1104242,1104,9,6,2,4
1104243,1104,9,7,0,4
1104244,1104,9,7,1,2
1104245,1104,9,7,2,2
1104246,1104,9,7,3,2
1104247,1104,9,7,4,1
1104248,1104,9,7,5,4
1104249,1104,9,7,6,2
1104250,1104,9,8,0,4
1104251,1104,9,9,0,1
1104252,1104,2,108010,0,3
1104253,1104,2,108020,0,3
1104254,1104,2,108030,0,3
1104255,1104,2,108040,0,3
1104256,1104,2,107011,0,2
1104257,1104,2,107012,0,1
1104258,1104,2,107013,0,1
1104259,1104,2,107021,0,1
1104260,1104,2,107022,0,1
1104261,1104,2,107023,0,1
1104262,1104,2,107031,0,1
1104263,1104,2,107032,0,1
1104264,1104,2,107033,0,1
1104265,1104,2,107041,0,1
1104266,1104,2,107042,0,1
1104267,1104,2,107043,0,1
1104268,1104,2,107051,0,1
1104269,1104,2,107052,0,1
1104270,1104,2,107053,0,1
1104271,1104,10,0,0,2
1104272,1104,2,107030,0,1
1104273,1104,2,107030,1,1
1104274,1104,2,107040,1,2
1104275,1104,10,1,0,1
1104276,1104,5,9,0,1
1104277,1104,11,0,0,2
1104278,1104,11,1,0,1
1104279,1104,11,2,0,3
1104280,1104,2,109010,0,2
1104281,1104,2,109020,0,2
1104282,1104,2,109030,0,3
1104283,1104,5,0,6,2
1104286,1104,1013,1,0,2
1104287,1104,1013,2,0,3
1104288,1104,1013,3,0,3
1104289,1104,1013,4,0,4
1104290,1104,1013,5,0,4
1104291,1104,1013,6,0,3
1104292,1104,1013,7,0,3
1104293,1104,1013,8,0,1
1104294,1104,1013,9,0,3
1104295,1104,1013,10,0,1
1104401,1104,1014,1,0,1
1104402,1104,1014,2,0,1
1104403,1104,1014,3,0,3
1104404,1104,1014,4,0,2
1104405,1104,1014,5,0,1
1104406,1104,1014,6,0,1
1104407,1104,1014,6,1,1
1104408,1104,1014,6,2,1
1104409,1104,1014,7,0,1
1104410,1104,1014,7,1,1
1104411,1104,1014,7,2,1
1104412,1104,1014,8,0,3
1104413,1104,1014,8,1,1
1104414,1104,1014,8,2,1
1104415,1104,1014,9,0,3
1104416,1104,1014,10,0,1
1104300,1104,5,0,0,3
1104301,1104,5,1,6,3
1104302,1104,5,1,7,2
1104303,1104,5,2,1,6
1104304,1104,5,0,1,1
1104305,1104,5,0,2,1
1104306,1104,5,0,3,1
1104307,1104,5,0,4,5
1104308,1104,0,2,0,5
1104309,1104,0,3,0,5
1104310,1104,0,4,0,2
1104311,1104,0,5,0,5
1104312,1104,0,6,0,0
1104313,1104,5,0,5,2
1104400,1104,5,1,8,2
1105001,1105,0,0,0,1
1105002,1105,1,0,0,3
1105003,1105,1,1,0,3
1105004,1105,1,2,0,3
1105005,1105,1,3,0,2
1105006,1105,1,4,0,3
1105007,1105,1,5,0,3
1105008,1105,4,0,0,1
1105009,1105,7,0,0,1
1105010,1105,8,0,0,1
1105011,1105,3,1,0,1
1105012,1105,6,0,1,1
1105100,1105,2,103010,0,6
1105101,1105,2,103020,0,6
1105102,1105,2,103030,0,2
1105103,1105,2,103050,0,4
1105104,1105,2,103040,0,6
1105105,1105,2,105010,0,2
1105106,1105,2,105020,0,2
1105107,1105,2,105030,0,1
1105200,1105,2,101045,1,6
1105201,1105,2,102040,1,1
1105202,1105,2,101014,0,3
1105203,1105,2,101042,0,3
1105204,1105,2,101012,0,2
1105205,1105,2,101031,0,1
1105206,1105,2,101031,1,1
1105207,1105,2,101032,0,1
1105208,1105,2,101032,1,1
1105209,1105,2,101033,0,1
1105210,1105,2,101033,1,1
1105211,1105,2,101034,0,1
1105212,1105,2,101034,1,1
1105213,1105,2,102030,0,1
1105214,1105,2,102030,1,1
1105215,1105,2,104015,0,2
1105216,1105,2,104045,0,2
1105217,1105,2,106010,0,2
1105218,1105,2,106020,0,2
1105219,1105,2,106020,1,2
1105220,1105,2,106030,0,1
1105221,1105,2,106050,0,2
1105222,1105,2,106050,1,2
1105223,1105,2,106110,0,2
1105224,1105,2,106120,0,2
1105225,1105,2,106120,1,2
1105226,1105,2,106130,0,2
1105227,1105,2,106140,0,2
1105228,1105,2,106150,0,2
1105229,1105,2,106210,0,2
1105230,1105,2,106220,0,2
1105231,1105,2,106220,1,1
1105232,1105,2,106230,0,2
1105233,1105,2,106250,0,1
1105234,1105,9,1,0,3
1105235,1105,9,2,0,2
1105236,1105,9,3,0,3
1105237,1105,9,4,0,3
1105238,1105,9,3,4,6
1105239,1105,9,5,0,6
1105240,1105,9,6,0,2
1105241,1105,9,6,1,4
1105242,1105,9,6,2,3
1105243,1105,9,7,0,5
1105244,1105,9,7,1,5
1105245,1105,9,7,2,4
1105246,1105,9,7,3,5
1105247,1105,9,7,4,5
1105248,1105,9,7,5,5
1105249,1105,9,7,6,5
1105250,1105,9,8,0,5
1105251,1105,9,9,0,2
1105252,1105,2,108010,0,2
1105253,1105,2,108020,0,2
1105254,1105,2,108030,0,2
1105255,1105,2,108040,0,2
1105256,1105,2,107011,0,2
1105257,1105,2,107012,0,2
1105258,1105,2,107013,0,2
1105259,1105,2,107021,0,2
1105260,1105,2,107022,0,2
1105261,1105,2,107023,0,2
1105262,1105,2,107031,0,2
1105263,1105,2,107032,0,2
1105264,1105,2,107033,0,2
1105265,1105,2,107041,0,2
1105266,1105,2,107042,0,2
1105267,1105,2,107043,0,2
1105268,1105,2,107051,0,2
1105269,1105,2,107052,0,2
1105270,1105,2,107053,0,2
1105271,1105,10,0,0,2
1105272,1105,2,107030,0,1
1105273,1105,2,107030,1,1
1105274,1105,2,107040,1,1
1105275,1105,10,1,0,2
1105276,1105,5,9,0,2
1105277,1105,11,0,0,2
1105278,1105,11,1,0,2
1105279,1105,11,2,0,2
1105280,1105,2,109010,0,3
1105281,1105,2,109020,0,3
1105282,1105,2,109030,0,4
1105283,1105,5,0,6,3
1105286,1105,1013,1,0,4
1105287,1105,1013,2,0,5
1105288,1105,1013,3,0,4
1105289,1105,1013,4,0,5
1105290,1105,1013,5,0,3
1105291,1105,1013,6,0,2
1105292,1105,1013,7,0,2
1105293,1105,1013,8,0,1
1105294,1105,1013,9,0,2
1105295,1105,1013,10,0,1
1105401,1105,1014,1,0,8
1105402,1105,1014,2,0,2
1105403,1105,1014,3,0,4
1105404,1105,1014,4,0,4
1105405,1105,1014,5,0,4
1105406,1105,1014,6,0,3
1105407,1105,1014,6,1,1
1105408,1105,1014,6,2,1
1105409,1105,1014,7,0,2
1105410,1105,1014,7,1,1
1105411,1105,1014,7,2,1
1105412,1105,1014,8,0,4
1105413,1105,1014,8,1,1
1105414,1105,1014,8,2,1
1105415,1105,1014,9,0,2
1105416,1105,1014,10,0,2
1105300,1105,5,0,0,1
1105301,1105,5,1,6,4
1105302,1105,5,1,7,7
1105303,1105,5,2,1,2
1105304,1105,5,0,1,2
1105305,1105,5,0,2,2
1105306,1105,5,0,3,1
1105307,1105,5,0,4,3
1105308,1105,0,2,0,1
1105309,1105,0,3,0,3
1105310,1105,0,4,0,3
1105311,1105,0,5,0,3
1105312,1105,0,6,0,0
1105313,1105,5,0,5,3
1105400,1105,5,1,8,2
1106001,1106,0,0,0,1
1106002,1106,1,0,0,3
1106003,1106,1,1,0,3
1106004,1106,1,2,0,3
1106005,1106,1,3,0,1
1106006,1106,1,4,0,3
1106007,1106,1,5,0,1
1106008,1106,4,0,0,1
1106009,1106,7,0,0,1
1106010,1106,8,0,0,1
1106011,1106,3,1,0,1
1106012,1106,6,0,1,1
1106100,1106,2,103010,0,2
1106101,1106,2,103020,0,6
1106102,1106,2,103030,0,3
1106103,1106,2,103050,0,3
1106104,1106,2,103040,0,6
1106105,1106,2,105010,0,2
1106106,1106,2,105020,0,2
1106107,1106,2,105030,0,2
1106200,1106,2,101045,1,6
1106201,1106,2,102040,1,6
1106202,1106,2,101014,0,2
1106203,1106,2,101042,0,2
1106204,1106,2,101012,0,1
1106205,1106,2,101031,0,2
1106206,1106,2,101031,1,2
1106207,1106,2,101032,0,2
1106208,1106,2,101032,1,2
1106209,1106,2,101033,0,2
1106210,1106,2,101033,1,2
1106211,1106,2,101034,0,2
1106212,1106,2,101034,1,2
1106213,1106,2,102030,0,2
1106214,1106,2,102030,1,2
1106215,1106,2,104015,0,1
1106216,1106,2,104045,0,3
1106217,1106,2,106010,0,1
1106218,1106,2,106020,0,1
1106219,1106,2,106020,1,1
1106220,1106,2,106030,0,1
1106221,1106,2,106050,0,1
1106222,1106,2,106050,1,1
1106223,1106,2,106110,0,1
1106224,1106,2,106120,0,1
1106225,1106,2,106120,1,1
1106226,1106,2,106130,0,1
1106227,1106,2,106140,0,1
1106228,1106,2,106150,0,1
1106229,1106,2,106210,0,1
1106230,1106,2,106220,0,1
1106231,1106,2,106220,1,2
1106232,1106,2,106230,0,1
1106233,1106,2,106250,0,1
1106234,1106,9,1,0,1
1106235,1106,9,2,0,1
1106236,1106,9,3,0,1
1106237,1106,9,4,0,1
1106238,1106,9,3,4,4
1106239,1106,9,5,0,3
1106240,1106,9,6,0,6
1106241,1106,9,6,1,1
1106242,1106,9,6,2,3
1106243,1106,9,7,0,1
1106244,1106,9,7,1,5
1106245,1106,9,7,2,3
1106246,1106,9,7,3,5
1106247,1106,9,7,4,3
1106248,1106,9,7,5,1
1106249,1106,9,7,6,5
1106250,1106,9,8,0,1
1106251,1106,9,9,0,1
1106252,1106,2,108010,0,1
1106253,1106,2,108020,0,1
1106254,1106,2,108030,0,1
1106255,1106,2,108040,0,1
1106256,1106,2,107011,0,1
1106257,1106,2,107012,0,1
1106258,1106,2,107013,0,1
1106259,1106,2,107021,0,1
1106260,1106,2,107022,0,1
1106261,1106,2,107023,0,1
1106262,1106,2,107031,0,1
1106263,1106,2,107032,0,1
1106264,1106,2,107033,0,1
1106265,1106,2,107041,0,1
1106266,1106,2,107042,0,1
1106267,1106,2,107043,0,1
1106268,1106,2,107051,0,1
1106269,1106,2,107052,0,1
1106270,1106,2,107053,0,1
1106271,1106,10,0,0,1
1106272,1106,2,107030,0,2
1106273,1106,2,107030,1,2
1106274,1106,2,107040,1,6
1106275,1106,10,1,0,1
1106276,1106,5,9,0,1
1106277,1106,11,0,0,1
1106278,1106,11,1,0,1
1106279,1106,11,2,0,1
1106280,1106,2,109010,0,1
1106281,1106,2,109020,0,1
1106282,1106,2,109030,0,1
1106283,1106,5,0,6,1
1106286,1106,1013,1,0,5
1106287,1106,1013,2,0,1
1106288,1106,1013,3,0,2
1106289,1106,1013,4,0,1
1106290,1106,1013,5,0,1
1106291,1106,1013,6,0,1
1106292,1106,1013,7,0,1
1106293,1106,1013,8,0,1
1106294,1106,1013,9,0,1
1106295,1106,1013,10,0,1
1106401,1106,1014,1,0,4
1106402,1106,1014,2,0,4
1106403,1106,1014,3,0,1
1106404,1106,1014,4,0,3
1106405,1106,1014,5,0,1
1106406,1106,1014,6,0,1
1106407,1106,1014,6,1,1
1106408,1106,1014,6,2,1
1106409,1106,1014,7,0,1
1106410,1106,1014,7,1,1
1106411,1106,1014,7,2,1
1106412,1106,1014,8,0,1
1106413,1106,1014,8,1,1
1106414,1106,1014,8,2,1
1106415,1106,1014,9,0,1
1106416,1106,1014,10,0,3
1106300,1106,5,0,0,1
1106301,1106,5,1,6,1
1106302,1106,5,1,7,5
1106303,1106,5,2,1,4
1106304,1106,5,0,1,2
1106305,1106,5,0,2,2
1106306,1106,5,0,3,1
1106307,1106,5,0,4,3
1106308,1106,0,2,0,1
1106309,1106,0,3,0,3
1106310,1106,0,4,0,3
1106311,1106,0,5,0,3
1106312,1106,0,6,0,0
1106313,1106,5,0,5,3
1106400,1106,5,1,8,1
1107001,1107,0,0,0,5
1107002,1107,1,0,0,2
1107003,1107,1,1,0,2
1107004,1107,1,2,0,2
1107005,1107,1,3,0,2
1107006,1107,1,4,0,2
1107007,1107,1,5,0,2
1107008,1107,4,0,0,1
1107009,1107,7,0,0,2
1107010,1107,8,0,0,1
1107011,1107,3,1,0,1
1107012,1107,6,0,1,1
1107100,1107,2,103010,0,2
1107101,1107,2,103020,0,7
1107102,1107,2,103030,0,5
1107103,1107,2,103050,0,5
1107104,1107,2,103040,0,3
1107105,1107,2,105010,0,1
1107106,1107,2,105020,0,1
1107107,1107,2,105030,0,3
1107200,1107,2,101045,1,1
1107201,1107,2,102040,1,1
1107202,1107,2,101014,0,3
1107203,1107,2,101042,0,1
1107204,1107,2,101012,0,2
1107205,1107,2,101031,0,1
1107206,1107,2,101031,1,1
1107207,1107,2,101032,0,1
1107208,1107,2,101032,1,1
1107209,1107,2,101033,0,1
1107210,1107,2,101033,1,1
1107211,1107,2,101034,0,1
1107212,1107,2,101034,1,1
1107213,1107,2,102030,0,1
1107214,1107,2,102030,1,1
1107215,1107,2,104015,0,1
1107216,1107,2,104045,0,1
1107217,1107,2,106010,0,1
1107218,1107,2,106020,0,1
1107219,1107,2,106020,1,1
1107220,1107,2,106030,0,1
1107221,1107,2,106050,0,1
1107222,1107,2,106050,1,1
1107223,1107,2,106110,0,1
1107224,1107,2,106120,0,1
1107225,1107,2,106120,1,1
1107226,1107,2,106130,0,1
1107227,1107,2,106140,0,1
1107228,1107,2,106150,0,1
1107229,1107,2,106210,0,1
1107230,1107,2,106220,0,1
1107231,1107,2,106220,1,1
1107232,1107,2,106230,0,1
1107233,1107,2,106250,0,1
1107234,1107,9,1,0,2
1107235,1107,9,2,0,1
1107236,1107,9,3,0,1
1107237,1107,9,4,0,1
1107238,1107,9,3,4,1
1107239,1107,9,5,0,5
1107240,1107,9,6,0,3
1107241,1107,9,6,1,3
1107242,1107,9,6,2,4
1107243,1107,9,7,0,4
1107244,1107,9,7,1,4
1107245,1107,9,7,2,2
1107246,1107,9,7,3,4
1107247,1107,9,7,4,1
1107248,1107,9,7,5,4
1107249,1107,9,7,6,2
1107250,1107,9,8,0,4
1107251,1107,9,9,0,1
1107252,1107,2,108010,0,1
1107253,1107,2,108020,0,3
1107254,1107,2,108030,0,3
1107255,1107,2,108040,0,3
1107256,1107,2,107011,0,1
1107257,1107,2,107012,0,1
1107258,1107,2,107013,0,1
1107259,1107,2,107021,0,1
1107260,1107,2,107022,0,1
1107261,1107,2,107023,0,1
1107262,1107,2,107031,0,1
1107263,1107,2,107032,0,1
1107264,1107,2,107033,0,1
1107265,1107,2,107041,0,1
1107266,1107,2,107042,0,1
1107267,1107,2,107043,0,1
1107268,1107,2,107051,0,1
1107269,1107,2,107052,0,1
1107270,1107,2,107053,0,1
1107271,1107,10,0,0,2
1107272,1107,2,107030,0,1
1107273,1107,2,107030,1,1
1107274,1107,2,107040,1,1
1107275,1107,10,1,0,1
1107276,1107,5,9,0,1
1107277,1107,11,0,0,1
1107278,1107,11,1,0,1
1107279,1107,11,2,0,1
1107280,1107,2,109010,0,1
1107281,1107,2,109020,0,2
1107282,1107,2,109030,0,3
1107283,1107,5,0,6,2
1107286,1107,1013,1,0,2
1107287,1107,1013,2,0,3
1107288,1107,1013,3,0,5
1107289,1107,1013,4,0,4
1107290,1107,1013,5,0,4
1107291,1107,1013,6,0,3
1107292,1107,1013,7,0,1
1107293,1107,1013,8,0,1
1107294,1107,1013,9,0,3
1107295,1107,1013,10,0,1
1107401,1107,1014,1,0,3
1107402,1107,1014,2,0,3
1107403,1107,1014,3,0,3
1107404,1107,1014,4,0,2
1107405,1107,1014,5,0,1
1107406,1107,1014,6,0,1
1107407,1107,1014,6,1,1
1107408,1107,1014,6,2,1
1107409,1107,1014,7,0,1
1107410,1107,1014,7,1,1
1107411,1107,1014,7,2,1
1107412,1107,1014,8,0,3
1107413,1107,1014,8,1,1
1107414,1107,1014,8,2,1
1107415,1107,1014,9,0,1
1107416,1107,1014,10,0,1
1107300,1107,5,0,0,1
1107301,1107,5,1,6,3
1107302,1107,5,1,7,3
1107303,1107,5,2,1,5
1107304,1107,5,0,1,1
1107305,1107,5,0,2,1
1107306,1107,5,0,3,1
1107307,1107,5,0,4,2
1107308,1107,0,2,0,5
1107309,1107,0,3,0,2
1107310,1107,0,4,0,2
1107311,1107,0,5,0,2
1107312,1107,0,6,0,1
1107313,1107,5,0,5,2
1107400,1107,5,1,8,1
1108001,1108,0,0,0,1
1108002,1108,1,0,0,5
1108003,1108,1,1,0,2
1108004,1108,1,2,0,5
1108005,1108,1,3,0,4
1108006,1108,1,4,0,2
1108007,1108,1,5,0,5
1108008,1108,4,0,0,1
1108009,1108,7,0,0,1
1108010,1108,8,0,0,1
1108011,1108,3,1,0,1
1108012,1108,6,0,1,1
1108100,1108,2,103010,0,5
1108101,1108,2,103020,0,6
1108102,1108,2,103030,0,5
1108103,1108,2,103050,0,4
1108104,1108,2,103040,0,4
1108105,1108,2,105010,0,1
1108106,1108,2,105020,0,2
1108107,1108,2,105030,0,3
1108200,1108,2,101045,1,6
1108201,1108,2,102040,1,6
1108202,1108,2,101014,0,3
1108203,1108,2,101042,0,3
1108204,1108,2,101012,0,2
1108205,1108,2,101031,0,1
1108206,1108,2,101031,1,1
1108207,1108,2,101032,0,1
1108208,1108,2,101032,1,1
1108209,1108,2,101033,0,1
1108210,1108,2,101033,1,1
1108211,1108,2,101034,0,1
1108212,1108,2,101034,1,1
1108213,1108,2,102030,0,1
1108214,1108,2,102030,1,1
1108215,1108,2,104015,0,2
1108216,1108,2,104045,0,2
1108217,1108,2,106010,0,2
1108218,1108,2,106020,0,2
1108219,1108,2,106020,1,2
1108220,1108,2,106030,0,2
1108221,1108,2,106050,0,2
1108222,1108,2,106050,1,2
1108223,1108,2,106110,0,2
1108224,1108,2,106120,0,2
1108225,1108,2,106120,1,2
1108226,1108,2,106130,0,2
1108227,1108,2,106140,0,2
1108228,1108,2,106150,0,2
1108229,1108,2,106210,0,2
1108230,1108,2,106220,0,2
1108231,1108,2,106220,1,1
1108232,1108,2,106230,0,2
1108233,1108,2,106250,0,2
1108234,1108,9,1,0,1
1108235,1108,9,2,0,2
1108236,1108,9,3,0,3
1108237,1108,9,4,0,2
1108238,1108,9,3,4,6
1108239,1108,9,5,0,5
1108240,1108,9,6,0,4
1108241,1108,9,6,1,4
1108242,1108,9,6,2,4
1108243,1108,9,7,0,5
1108244,1108,9,7,1,3
1108245,1108,9,7,2,5
1108246,1108,9,7,3,6
1108247,1108,9,7,4,4
1108248,1108,9,7,5,5
1108249,1108,9,7,6,5
1108250,1108,9,8,0,5
1108251,1108,9,9,0,2
1108252,1108,2,108010,0,3
1108253,1108,2,108020,0,3
1108254,1108,2,108030,0,3
1108255,1108,2,108040,0,3
1108256,1108,2,107011,0,2
1108257,1108,2,107012,0,2
1108258,1108,2,107013,0,2
1108259,1108,2,107021,0,2
1108260,1108,2,107022,0,2
1108261,1108,2,107023,0,2
1108262,1108,2,107031,0,2
1108263,1108,2,107032,0,2
1108264,1108,2,107033,0,2
1108265,1108,2,107041,0,2
1108266,1108,2,107042,0,2
1108267,1108,2,107043,0,2
1108268,1108,2,107051,0,2
1108269,1108,2,107052,0,2
1108270,1108,2,107053,0,2
1108271,1108,10,0,0,2
1108272,1108,2,107030,0,1
1108273,1108,2,107030,1,1
1108274,1108,2,107040,1,6
1108275,1108,10,1,0,3
1108276,1108,5,9,0,3
1108277,1108,11,0,0,2
1108278,1108,11,1,0,2
1108279,1108,11,2,0,3
1108280,1108,2,109010,0,2
1108281,1108,2,109020,0,3
1108282,1108,2,109030,0,4
1108283,1108,5,0,6,2
1108286,1108,1013,1,0,4
1108287,1108,1013,2,0,4
1108288,1108,1013,3,0,4
1108289,1108,1013,4,0,5
1108290,1108,1013,5,0,2
1108291,1108,1013,6,0,2
1108292,1108,1013,7,0,3
1108293,1108,1013,8,0,1
1108294,1108,1013,9,0,3
1108295,1108,1013,10,0,1
1108401,1108,1014,1,0,8
1108402,1108,1014,2,0,2
1108403,1108,1014,3,0,3
1108404,1108,1014,4,0,4
1108405,1108,1014,5,0,3
1108406,1108,1014,6,0,3
1108407,1108,1014,6,1,1
1108408,1108,1014,6,2,1
1108409,1108,1014,7,0,2
1108410,1108,1014,7,1,1
1108411,1108,1014,7,2,1
1108412,1108,1014,8,0,4
1108413,1108,1014,8,1,1
1108414,1108,1014,8,2,1
1108415,1108,1014,9,0,2
1108416,1108,1014,10,0,2
1108300,1108,5,0,0,1
1108301,1108,5,1,6,4
1108302,1108,5,1,7,1
1108303,1108,5,2,1,6
1108304,1108,5,0,1,3
1108305,1108,5,0,2,3
1108306,1108,5,0,3,1
1108307,1108,5,0,4,5
1108308,1108,0,2,0,1
1108309,1108,0,3,0,5
1108310,1108,0,4,0,2
1108311,1108,0,5,0,5
1108312,1108,0,6,0,0
1108313,1108,5,0,5,2
1108400,1108,5,1,8,2
2005001,2005,0,0,0,1
2005002,2005,1,0,0,1
2005003,2005,1,1,0,1
2005004,2005,1,2,0,1
2005005,2005,1,3,0,4
2005006,2005,1,4,0,1
2005007,2005,1,5,0,1
2005008,2005,4,0,0,1
2005009,2005,7,0,0,1
2005010,2005,8,0,0,1
2005011,2005,3,1,0,1
2005012,2005,6,0,1,1
2005100,2005,2,103010,0,1
2005101,2005,2,103020,0,1
2005102,2005,2,103030,0,1
2005103,2005,2,103050,0,1
2005104,2005,2,103040,0,1
2005105,2005,2,105010,0,2
2005106,2005,2,105020,0,2
2005107,2005,2,105030,0,2
2005200,2005,2,101045,1,1
2005201,2005,2,102040,1,1
2005202,2005,2,101014,0,1
2005203,2005,2,101042,0,1
2005204,2005,2,101012,0,1
2005205,2005,2,101031,0,1
2005206,2005,2,101031,1,1
2005207,2005,2,101032,0,1
2005208,2005,2,101032,1,1
2005209,2005,2,101033,0,1
2005210,2005,2,101033,1,1
2005211,2005,2,101034,0,1
2005212,2005,2,101034,1,1
2005213,2005,2,102030,0,1
2005214,2005,2,102030,1,1
2005215,2005,2,104015,0,1
2005216,2005,2,104045,0,1
2005217,2005,2,106010,0,1
2005218,2005,2,106020,0,1
2005219,2005,2,106020,1,1
2005220,2005,2,106030,0,1
2005221,2005,2,106050,0,1
2005222,2005,2,106050,1,1
2005223,2005,2,106110,0,1
2005224,2005,2,106120,0,1
2005225,2005,2,106120,1,1
2005226,2005,2,106130,0,3
2005227,2005,2,106140,0,1
2005228,2005,2,106150,0,1
2005229,2005,2,106210,0,1
2005230,2005,2,106220,0,1
2005231,2005,2,106220,1,1
2005232,2005,2,106230,0,1
2005233,2005,2,106250,0,1
2005234,2005,9,1,0,1
2005235,2005,9,2,0,1
2005236,2005,9,3,0,1
2005237,2005,9,4,0,1
2005238,2005,9,3,4,1
2005239,2005,9,5,0,1
2005240,2005,9,6,0,1
2005241,2005,9,6,1,1
2005242,2005,9,6,2,1
2005243,2005,9,7,0,1
2005244,2005,9,7,1,1
2005245,2005,9,7,2,1
2005246,2005,9,7,3,1
2005247,2005,9,7,4,1
2005248,2005,9,7,5,1
2005249,2005,9,7,6,1
2005250,2005,9,8,0,1
2005251,2005,9,9,0,1
2005252,2005,2,108010,0,1
2005253,2005,2,108020,0,1
2005254,2005,2,108030,0,1
2005255,2005,2,108040,0,1
2005256,2005,2,107011,0,1
2005257,2005,2,107012,0,1
2005258,2005,2,107013,0,1
2005259,2005,2,107021,0,1
2005260,2005,2,107022,0,1
2005261,2005,2,107023,0,1
2005262,2005,2,107031,0,1
2005263,2005,2,107032,0,1
2005264,2005,2,107033,0,1
2005265,2005,2,107041,0,1
2005266,2005,2,107042,0,1
2005267,2005,2,107043,0,1
2005268,2005,2,107051,0,1
2005269,2005,2,107052,0,1
2005270,2005,2,107053,0,1
2005271,2005,10,0,0,1
2005272,2005,2,107030,0,1
2005273,2005,2,107030,1,1
2005274,2005,2,107040,1,1
2005275,2005,10,1,0,1
2005276,2005,5,9,0,1
2005277,2005,11,0,0,1
2005278,2005,11,1,0,1
2005279,2005,11,2,0,1
2005280,2005,2,109010,0,1
2005281,2005,2,109020,0,1
2005282,2005,2,109030,0,1
2005283,2005,5,0,6,1
2005286,2005,1013,1,0,1
2005287,2005,1013,2,0,1
2005288,2005,1013,3,0,1
2005289,2005,1013,4,0,0
2005290,2005,1013,5,0,0
2005291,2005,1013,6,0,0
2005292,2005,1013,7,0,1
2005293,2005,1013,8,0,1
2005294,2005,1013,9,0,0
2005295,2005,1013,10,0,1
2005401,2005,1014,1,0,1
2005402,2005,1014,2,0,1
2005403,2005,1014,3,0,1
2005404,2005,1014,4,0,1
2005405,2005,1014,5,0,1
2005406,2005,1014,6,0,1
2005407,2005,1014,6,1,1
2005408,2005,1014,6,2,1
2005409,2005,1014,7,0,1
2005410,2005,1014,7,1,1
2005411,2005,1014,7,2,1
2005412,2005,1014,8,0,1
2005413,2005,1014,8,1,1
2005414,2005,1014,8,2,1
2005415,2005,1014,9,0,1
2005416,2005,1014,10,0,1
2005300,2005,5,0,0,1
2005301,2005,5,1,6,1
2005302,2005,5,1,7,1
2005303,2005,5,2,1,1
2005304,2005,5,0,1,1
2005305,2005,5,0,2,1
2005306,2005,5,0,3,1
2005307,2005,5,0,4,1
2005308,2005,0,2,0,1
2005309,2005,0,3,0,1
2005310,2005,0,4,0,1
2005311,2005,0,5,0,1
2005312,2005,0,6,0,0
2005313,2005,5,0,5,1
2005400,2005,5,1,8,1
2006001,2006,0,0,0,2
2006002,2006,1,0,0,5
2006003,2006,1,1,0,2
2006004,2006,1,2,0,2
2006005,2006,1,3,0,2
2006006,2006,1,4,0,2
2006007,2006,1,5,0,1
2006008,2006,4,0,0,1
2006009,2006,7,0,0,1
2006010,2006,8,0,0,1
2006011,2006,3,1,0,1
2006012,2006,6,0,1,1
2006100,2006,2,103010,0,1
2006101,2006,2,103020,0,1
2006102,2006,2,103030,0,1
2006103,2006,2,103050,0,1
2006104,2006,2,103040,0,1
2006105,2006,2,105010,0,2
2006106,2006,2,105020,0,2
2006107,2006,2,105030,0,2
2006200,2006,2,101045,1,1
2006201,2006,2,102040,1,1
2006202,2006,2,101014,0,1
2006203,2006,2,101042,0,1
2006204,2006,2,101012,0,1
2006205,2006,2,101031,0,1
2006206,2006,2,101031,1,1
2006207,2006,2,101032,0,1
2006208,2006,2,101032,1,1
2006209,2006,2,101033,0,1
2006210,2006,2,101033,1,1
2006211,2006,2,101034,0,1
2006212,2006,2,101034,1,1
2006213,2006,2,102030,0,1
2006214,2006,2,102030,1,1
2006215,2006,2,104015,0,2
2006216,2006,2,104045,0,2
2006217,2006,2,106010,0,2
2006218,2006,2,106020,0,2
2006219,2006,2,106020,1,2
2006220,2006,2,106030,0,2
2006221,2006,2,106050,0,2
2006222,2006,2,106050,1,2
2006223,2006,2,106110,0,2
2006224,2006,2,106120,0,2
2006225,2006,2,106120,1,2
2006226,2006,2,106130,0,2
2006227,2006,2,106140,0,2
2006228,2006,2,106150,0,2
2006229,2006,2,106210,0,2
2006230,2006,2,106220,0,2
2006231,2006,2,106220,1,1
2006232,2006,2,106230,0,2
2006233,2006,2,106250,0,2
2006234,2006,9,1,0,1
2006235,2006,9,2,0,1
2006236,2006,9,3,0,1
2006237,2006,9,4,0,1
2006238,2006,9,3,4,1
2006239,2006,9,5,0,1
2006240,2006,9,6,0,1
2006241,2006,9,6,1,1
2006242,2006,9,6,2,1
2006243,2006,9,7,0,1
2006244,2006,9,7,1,1
2006245,2006,9,7,2,1
2006246,2006,9,7,3,1
2006247,2006,9,7,4,1
2006248,2006,9,7,5,1
2006249,2006,9,7,6,1
2006250,2006,9,8,0,1
2006251,2006,9,9,0,1
2006252,2006,2,108010,0,1
2006253,2006,2,108020,0,1
2006254,2006,2,108030,0,1
2006255,2006,2,108040,0,1
2006256,2006,2,107011,0,2
2006257,2006,2,107012,0,2
2006258,2006,2,107013,0,2
2006259,2006,2,107021,0,2
2006260,2006,2,107022,0,2
2006261,2006,2,107023,0,2
2006262,2006,2,107031,0,2
2006263,2006,2,107032,0,2
2006264,2006,2,107033,0,2
2006265,2006,2,107041,0,2
2006266,2006,2,107042,0,2
2006267,2006,2,107043,0,2
2006268,2006,2,107051,0,2
2006269,2006,2,107052,0,2
2006270,2006,2,107053,0,2
2006271,2006,10,0,0,1
2006272,2006,2,107030,0,1
2006273,2006,2,107030,1,1
2006274,2006,2,107040,1,1
2006275,2006,10,1,0,2
2006276,2006,5,9,0,2
2006277,2006,11,0,0,1
2006278,2006,11,1,0,2
2006279,2006,11,2,0,2
2006280,2006,2,109010,0,2
2006281,2006,2,109020,0,2
2006282,2006,2,109030,0,2
2006283,2006,5,0,6,1
2006286,2006,1013,1,0,1
2006287,2006,1013,2,0,1
2006288,2006,1013,3,0,1
2006289,2006,1013,4,0,0
2006290,2006,1013,5,0,0
2006291,2006,1013,6,0,0
2006292,2006,1013,7,0,2
2006293,2006,1013,8,0,1
2006294,2006,1013,9,0,0
2006295,2006,1013,10,0,1
2006401,2006,1014,1,0,1
2006402,2006,1014,2,0,1
2006403,2006,1014,3,0,1
2006404,2006,1014,4,0,1
2006405,2006,1014,5,0,1
2006406,2006,1014,6,0,1
2006407,2006,1014,6,1,1
2006408,2006,1014,6,2,1
2006409,2006,1014,7,0,1
2006410,2006,1014,7,1,1
2006411,2006,1014,7,2,1
2006412,2006,1014,8,0,1
2006413,2006,1014,8,1,1
2006414,2006,1014,8,2,1
2006415,2006,1014,9,0,1
2006416,2006,1014,10,0,1
2006300,2006,5,0,0,1
2006301,2006,5,1,6,1
2006302,2006,5,1,7,1
2006303,2006,5,2,1,1
2006304,2006,5,0,1,1
2006305,2006,5,0,2,1
2006306,2006,5,0,3,1
2006307,2006,5,0,4,2
2006308,2006,0,2,0,2
2006309,2006,0,3,0,5
2006310,2006,0,4,0,2
2006311,2006,0,5,0,5
2006312,2006,0,6,0,0
2006313,2006,5,0,5,2
2006400,2006,5,1,8,1
1075001,1075,0,0,0,4
1075002,1075,1,0,0,3
1075003,1075,1,1,0,1
1075004,1075,1,2,0,3
1075005,1075,1,3,0,2
1075006,1075,1,4,0,1
1075007,1075,1,5,0,3
1075008,1075,4,0,0,1
1075009,1075,7,0,0,2
1075010,1075,8,0,0,1
1075011,1075,3,1,0,1
1075012,1075,6,0,1,1
1075100,1075,2,103010,0,3
1075101,1075,2,103020,0,6
1075102,1075,2,103030,0,2
1075103,1075,2,103050,0,2
1075104,1075,2,103040,0,6
1075105,1075,2,105010,0,2
1075106,1075,2,105020,0,2
1075107,1075,2,105030,0,1
1075200,1075,2,101045,1,3
1075201,1075,2,102040,1,3
1075202,1075,2,101014,0,3
1075203,1075,2,101042,0,1
1075204,1075,2,101012,0,2
1075205,1075,2,101031,0,1
1075206,1075,2,101031,1,1
1075207,1075,2,101032,0,1
1075208,1075,2,101032,1,1
1075209,1075,2,101033,0,1
1075210,1075,2,101033,1,1
1075211,1075,2,101034,0,1
1075212,1075,2,101034,1,1
1075213,1075,2,102030,0,1
1075214,1075,2,102030,1,1
1075215,1075,2,104015,0,2
1075216,1075,2,104045,0,1
1075217,1075,2,106010,0,2
1075218,1075,2,106020,0,2
1075219,1075,2,106020,1,1
1075220,1075,2,106030,0,2
1075221,1075,2,106050,0,2
1075222,1075,2,106050,1,2
1075223,1075,2,106110,0,1
1075224,1075,2,106120,0,2
1075225,1075,2,106120,1,2
1075226,1075,2,106130,0,2
1075227,1075,2,106140,0,2
1075228,1075,2,106150,0,2
1075229,1075,2,106210,0,2
1075230,1075,2,106220,0,2
1075231,1075,2,106220,1,1
1075232,1075,2,106230,0,2
1075233,1075,2,106250,0,1
1075234,1075,9,1,0,1
1075235,1075,9,2,0,2
1075236,1075,9,3,0,2
1075237,1075,9,4,0,3
1075238,1075,9,3,4,2
1075239,1075,9,5,0,4
1075240,1075,9,6,0,2
1075241,1075,9,6,1,2
1075242,1075,9,6,2,3
1075243,1075,9,7,0,3
1075244,1075,9,7,1,1
1075245,1075,9,7,2,3
1075246,1075,9,7,3,1
1075247,1075,9,7,4,5
1075248,1075,9,7,5,3
1075249,1075,9,7,6,0
1075250,1075,9,8,0,3
1075251,1075,9,9,0,1
1075252,1075,2,108010,0,2
1075253,1075,2,108020,0,2
1075254,1075,2,108030,0,5
1075255,1075,2,108040,0,2
1075256,1075,2,107011,0,2
1075257,1075,2,107012,0,2
1075258,1075,2,107013,0,2
1075259,1075,2,107021,0,2
1075260,1075,2,107022,0,2
1075261,1075,2,107023,0,2
1075262,1075,2,107031,0,2
1075263,1075,2,107032,0,2
1075264,1075,2,107033,0,2
1075265,1075,2,107041,0,2
1075266,1075,2,107042,0,2
1075267,1075,2,107043,0,2
1075268,1075,2,107051,0,2
1075269,1075,2,107052,0,2
1075270,1075,2,107053,0,2
1075271,1075,10,0,0,2
1075272,1075,2,107030,0,1
1075273,1075,2,107030,1,1
1075274,1075,2,107040,1,3
1075275,1075,10,1,0,2
1075276,1075,5,9,0,2
1075277,1075,11,0,0,1
1075278,1075,11,1,0,1
1075279,1075,11,2,0,2
1075280,1075,2,109010,0,1
1075281,1075,2,109020,0,1
1075282,1075,2,109030,0,2
1075283,1075,5,0,6,3
1075286,1075,1013,1,0,3
1075287,1075,1013,2,0,2
1075288,1075,1013,3,0,2
1075289,1075,1013,4,0,3
1075290,1075,1013,5,0,3
1075291,1075,1013,6,0,2
1075292,1075,1013,7,0,2
1075293,1075,1013,8,0,1
1075294,1075,1013,9,0,2
1075295,1075,1013,10,0,1
1075401,1075,1014,1,0,8
1075402,1075,1014,2,0,1
1075403,1075,1014,3,0,1
1075404,1075,1014,4,0,1
1075405,1075,1014,5,0,4
1075406,1075,1014,6,0,1
1075407,1075,1014,6,1,1
1075408,1075,1014,6,2,1
1075409,1075,1014,7,0,2
1075410,1075,1014,7,1,1
1075411,1075,1014,7,2,1
1075412,1075,1014,8,0,1
1075413,1075,1014,8,1,1
1075414,1075,1014,8,2,1
1075415,1075,1014,9,0,1
1075416,1075,1014,10,0,2
1075300,1075,5,0,0,1
1075301,1075,5,1,6,5
1075302,1075,5,1,7,6
1075303,1075,5,2,1,4
1075304,1075,5,0,1,2
1075305,1075,5,0,2,2
1075306,1075,5,0,3,1
1075307,1075,5,0,4,3
1075308,1075,0,2,0,4
1075309,1075,0,3,0,3
1075310,1075,0,4,0,3
1075311,1075,0,5,0,3
1075312,1075,0,6,0,0
1075313,1075,5,0,5,1
1075400,1075,5,1,8,2
1109001,1109,0,0,0,1
1109002,1109,1,0,0,1
1109003,1109,1,1,0,1
1109004,1109,1,2,0,1
1109005,1109,1,3,0,2
1109006,1109,1,4,0,1
1109007,1109,1,5,0,1
1109008,1109,4,0,0,1
1109009,1109,7,0,0,2
1109010,1109,8,0,0,1
1109011,1109,3,1,0,1
1109012,1109,6,0,1,1
1109100,1109,2,103010,0,4
1109101,1109,2,103020,0,3
1109102,1109,2,103030,0,1
1109103,1109,2,103050,0,1
1109104,1109,2,103040,0,1
1109105,1109,2,105010,0,3
1109106,1109,2,105020,0,3
1109107,1109,2,105030,0,2
1109200,1109,2,101045,1,1
1109201,1109,2,102040,1,1
1109202,1109,2,101014,0,2
1109203,1109,2,101042,0,2
1109204,1109,2,101012,0,1
1109205,1109,2,101031,0,1
1109206,1109,2,101031,1,1
1109207,1109,2,101032,0,1
1109208,1109,2,101032,1,1
1109209,1109,2,101033,0,1
1109210,1109,2,101033,1,1
1109211,1109,2,101034,0,1
1109212,1109,2,101034,1,1
1109213,1109,2,102030,0,1
1109214,1109,2,102030,1,1
1109215,1109,2,104015,0,1
1109216,1109,2,104045,0,3
1109217,1109,2,106010,0,1
1109218,1109,2,106020,0,1
1109219,1109,2,106020,1,1
1109220,1109,2,106030,0,1
1109221,1109,2,106050,0,1
1109222,1109,2,106050,1,1
1109223,1109,2,106110,0,1
1109224,1109,2,106120,0,1
1109225,1109,2,106120,1,1
1109226,1109,2,106130,0,3
1109227,1109,2,106140,0,1
1109228,1109,2,106150,0,1
1109229,1109,2,106210,0,1
1109230,1109,2,106220,0,1
1109231,1109,2,106220,1,2
1109232,1109,2,106230,0,1
1109233,1109,2,106250,0,1
1109234,1109,9,1,0,1
1109235,1109,9,2,0,1
1109236,1109,9,3,0,1
1109237,1109,9,4,0,1
1109238,1109,9,3,4,4
1109239,1109,9,5,0,1
1109240,1109,9,6,0,1
1109241,1109,9,6,1,1
1109242,1109,9,6,2,1
1109243,1109,9,7,0,1
1109244,1109,9,7,1,5
1109245,1109,9,7,2,1
1109246,1109,9,7,3,1
1109247,1109,9,7,4,1
1109248,1109,9,7,5,1
1109249,1109,9,7,6,1
1109250,1109,9,8,0,1
1109251,1109,9,9,0,1
1109252,1109,2,108010,0,1
1109253,1109,2,108020,0,1
1109254,1109,2,108030,0,1
1109255,1109,2,108040,0,1
1109256,1109,2,107011,0,1
1109257,1109,2,107012,0,1
1109258,1109,2,107013,0,1
1109259,1109,2,107021,0,1
1109260,1109,2,107022,0,1
1109261,1109,2,107023,0,1
1109262,1109,2,107031,0,1
1109263,1109,2,107032,0,1
1109264,1109,2,107033,0,1
1109265,1109,2,107041,0,1
1109266,1109,2,107042,0,1
1109267,1109,2,107043,0,1
1109268,1109,2,107051,0,1
1109269,1109,2,107052,0,1
1109270,1109,2,107053,0,1
1109271,1109,10,0,0,1
1109272,1109,2,107030,0,1
1109273,1109,2,107030,1,1
1109274,1109,2,107040,1,1
1109275,1109,10,1,0,1
1109276,1109,5,9,0,1
1109277,1109,11,0,0,1
1109278,1109,11,1,0,1
1109279,1109,11,2,0,1
1109280,1109,2,109010,0,1
1109281,1109,2,109020,0,1
1109282,1109,2,109030,0,1
1109283,1109,5,0,6,1
1109286,1109,1013,1,0,5
1109287,1109,1013,2,0,1
1109288,1109,1013,3,0,1
1109289,1109,1013,4,0,1
1109290,1109,1013,5,0,5
1109291,1109,1013,6,0,1
1109292,1109,1013,7,0,1
1109293,1109,1013,8,0,1
1109294,1109,1013,9,0,1
1109295,1109,1013,10,0,1
1109401,1109,1014,1,0,7
1109402,1109,1014,2,0,4
1109403,1109,1014,3,0,1
1109404,1109,1014,4,0,3
1109405,1109,1014,5,0,1
1109406,1109,1014,6,0,1
1109407,1109,1014,6,1,1
1109408,1109,1014,6,2,1
1109409,1109,1014,7,0,1
1109410,1109,1014,7,1,1
1109411,1109,1014,7,2,1
1109412,1109,1014,8,0,1
1109413,1109,1014,8,1,1
1109414,1109,1014,8,2,1
1109415,1109,1014,9,0,1
1109416,1109,1014,10,0,3
1109300,1109,5,0,0,1
1109301,1109,5,1,6,1
1109302,1109,5,1,7,5
1109303,1109,5,2,1,1
1109304,1109,5,0,1,2
1109305,1109,5,0,2,2
1109306,1109,5,0,3,1
1109307,1109,5,0,4,1
1109308,1109,0,2,0,1
1109309,1109,0,3,0,1
1109310,1109,0,4,0,1
1109311,1109,0,5,0,3
1109312,1109,0,6,0,0
1109313,1109,5,0,5,1
1109400,1109,5,1,8,1
1110001,1110,0,0,0,1
1110002,1110,1,0,0,5
1110003,1110,1,1,0,2
1110004,1110,1,2,0,5
1110005,1110,1,3,0,2
1110006,1110,1,4,0,2
1110007,1110,1,5,0,3
1110008,1110,4,0,0,1
1110009,1110,7,0,0,1
1110010,1110,8,0,0,1
1110011,1110,3,1,0,1
1110012,1110,6,0,1,1
1110100,1110,2,103010,0,3
1110101,1110,2,103020,0,6
1110102,1110,2,103030,0,2
1110103,1110,2,103050,0,4
1110104,1110,2,103040,0,4
1110105,1110,2,105010,0,1
1110106,1110,2,105020,0,2
1110107,1110,2,105030,0,1
1110200,1110,2,101045,1,6
1110201,1110,2,102040,1,6
1110202,1110,2,101014,0,3
1110203,1110,2,101042,0,3
1110204,1110,2,101012,0,2
1110205,1110,2,101031,0,1
1110206,1110,2,101031,1,1
1110207,1110,2,101032,0,1
1110208,1110,2,101032,1,1
1110209,1110,2,101033,0,1
1110210,1110,2,101033,1,1
1110211,1110,2,101034,0,1
1110212,1110,2,101034,1,1
1110213,1110,2,102030,0,1
1110214,1110,2,102030,1,1
1110215,1110,2,104015,0,2
1110216,1110,2,104045,0,2
1110217,1110,2,106010,0,2
1110218,1110,2,106020,0,2
1110219,1110,2,106020,1,2
1110220,1110,2,106030,0,2
1110221,1110,2,106050,0,2
1110222,1110,2,106050,1,2
1110223,1110,2,106110,0,2
1110224,1110,2,106120,0,2
1110225,1110,2,106120,1,2
1110226,1110,2,106130,0,2
1110227,1110,2,106140,0,2
1110228,1110,2,106150,0,2
1110229,1110,2,106210,0,2
1110230,1110,2,106220,0,2
1110231,1110,2,106220,1,1
1110232,1110,2,106230,0,2
1110233,1110,2,106250,0,2
1110234,1110,9,1,0,1
1110235,1110,9,2,0,2
1110236,1110,9,3,0,3
1110237,1110,9,4,0,2
1110238,1110,9,3,4,3
1110239,1110,9,5,0,4
1110240,1110,9,6,0,2
1110241,1110,9,6,1,2
1110242,1110,9,6,2,3
1110243,1110,9,7,0,3
1110244,1110,9,7,1,1
1110245,1110,9,7,2,3
1110246,1110,9,7,3,3
1110247,1110,9,7,4,3
1110248,1110,9,7,5,3
1110249,1110,9,7,6,4
1110250,1110,9,8,0,3
1110251,1110,9,9,0,2
1110252,1110,2,108010,0,2
1110253,1110,2,108020,0,2
1110254,1110,2,108030,0,2
1110255,1110,2,108040,0,2
1110256,1110,2,107011,0,2
1110257,1110,2,107012,0,2
1110258,1110,2,107013,0,2
1110259,1110,2,107021,0,2
1110260,1110,2,107022,0,2
1110261,1110,2,107023,0,2
1110262,1110,2,107031,0,2
1110263,1110,2,107032,0,2
1110264,1110,2,107033,0,2
1110265,1110,2,107041,0,2
1110266,1110,2,107042,0,2
1110267,1110,2,107043,0,2
1110268,1110,2,107051,0,2
1110269,1110,2,107052,0,2
1110270,1110,2,107053,0,2
1110271,1110,10,0,0,2
1110272,1110,2,107030,0,1
1110273,1110,2,107030,1,1
1110274,1110,2,107040,1,6
1110275,1110,10,1,0,2
1110276,1110,5,9,0,2
1110277,1110,11,0,0,1
1110278,1110,11,1,0,1
1110279,1110,11,2,0,2
1110280,1110,2,109010,0,2
1110281,1110,2,109020,0,2
1110282,1110,2,109030,0,2
1110283,1110,5,0,6,3
1110286,1110,1013,1,0,3
1110287,1110,1013,2,0,5
1110288,1110,1013,3,0,2
1110289,1110,1013,4,0,3
1110290,1110,1013,5,0,3
1110291,1110,1013,6,0,2
1110292,1110,1013,7,0,3
1110293,1110,1013,8,0,1
1110294,1110,1013,9,0,2
1110295,1110,1013,10,0,1
1110401,1110,1014,1,0,8
1110402,1110,1014,2,0,1
1110403,1110,1014,3,0,3
1110404,1110,1014,4,0,1
1110405,1110,1014,5,0,4
1110406,1110,1014,6,0,2
1110407,1110,1014,6,1,1
1110408,1110,1014,6,2,1
1110409,1110,1014,7,0,2
1110410,1110,1014,7,1,1
1110411,1110,1014,7,2,1
1110412,1110,1014,8,0,2
1110413,1110,1014,8,1,1
1110414,1110,1014,8,2,1
1110415,1110,1014,9,0,2
1110416,1110,1014,10,0,2
1110300,1110,5,0,0,1
1110301,1110,5,1,6,5
1110302,1110,5,1,7,1
1110303,1110,5,2,1,7
1110304,1110,5,0,1,3
1110305,1110,5,0,2,3
1110306,1110,5,0,3,1
1110307,1110,5,0,4,5
1110308,1110,0,2,0,1
1110309,1110,0,3,0,3
1110310,1110,0,4,0,3
1110311,1110,0,5,0,5
1110312,1110,0,6,0,0
1110313,1110,5,0,5,2
1110400,1110,5,1,8,2
1111001,1111,0,0,0,4
1111002,1111,1,0,0,3
1111003,1111,1,1,0,3
1111004,1111,1,2,0,3
1111005,1111,1,3,0,2
1111006,1111,1,4,0,3
1111007,1111,1,5,0,3
1111008,1111,4,0,0,1
1111009,1111,7,0,0,1
1111010,1111,8,0,0,1
1111011,1111,3,1,0,1
1111012,1111,6,0,1,1
1111100,1111,2,103010,0,6
1111101,1111,2,103020,0,6
1111102,1111,2,103030,0,2
1111103,1111,2,103050,0,2
1111104,1111,2,103040,0,2
1111105,1111,2,105010,0,1
1111106,1111,2,105020,0,2
1111107,1111,2,105030,0,1
1111200,1111,2,101045,1,6
1111201,1111,2,102040,1,6
1111202,1111,2,101014,0,3
1111203,1111,2,101042,0,3
1111204,1111,2,101012,0,2
1111205,1111,2,101031,0,1
1111206,1111,2,101031,1,1
1111207,1111,2,101032,0,1
1111208,1111,2,101032,1,1
1111209,1111,2,101033,0,1
1111210,1111,2,101033,1,1
1111211,1111,2,101034,0,1
1111212,1111,2,101034,1,1
1111213,1111,2,102030,0,1
1111214,1111,2,102030,1,1
1111215,1111,2,104015,0,2
1111216,1111,2,104045,0,2
1111217,1111,2,106010,0,2
1111218,1111,2,106020,0,2
1111219,1111,2,106020,1,2
1111220,1111,2,106030,0,2
1111221,1111,2,106050,0,2
1111222,1111,2,106050,1,2
1111223,1111,2,106110,0,2
1111224,1111,2,106120,0,2
1111225,1111,2,106120,1,2
1111226,1111,2,106130,0,2
1111227,1111,2,106140,0,2
1111228,1111,2,106150,0,2
1111229,1111,2,106210,0,2
1111230,1111,2,106220,0,2
1111231,1111,2,106220,1,1
1111232,1111,2,106230,0,2
1111233,1111,2,106250,0,2
1111234,1111,9,1,0,1
1111235,1111,9,2,0,2
1111236,1111,9,3,0,2
1111237,1111,9,4,0,3
1111238,1111,9,3,4,5
1111239,1111,9,5,0,6
1111240,1111,9,6,0,2
1111241,1111,9,6,1,2
1111242,1111,9,6,2,5
1111243,1111,9,7,0,3
1111244,1111,9,7,1,3
1111245,1111,9,7,2,3
1111246,1111,9,7,3,3
1111247,1111,9,7,4,4
1111248,1111,9,7,5,6
1111249,1111,9,7,6,3
1111250,1111,9,8,0,3
1111251,1111,9,9,0,2
1111252,1111,2,108010,0,4
1111253,1111,2,108020,0,2
1111254,1111,2,108030,0,2
1111255,1111,2,108040,0,4
1111256,1111,2,107011,0,2
1111257,1111,2,107012,0,2
1111258,1111,2,107013,0,2
1111259,1111,2,107021,0,2
1111260,1111,2,107022,0,2
1111261,1111,2,107023,0,2
1111262,1111,2,107031,0,2
1111263,1111,2,107032,0,2
1111264,1111,2,107033,0,2
1111265,1111,2,107041,0,2
1111266,1111,2,107042,0,2
1111267,1111,2,107043,0,2
1111268,1111,2,107051,0,2
1111269,1111,2,107052,0,2
1111270,1111,2,107053,0,2
1111271,1111,10,0,0,2
1111272,1111,2,107030,0,1
1111273,1111,2,107030,1,1
1111274,1111,2,107040,1,6
1111275,1111,10,1,0,2
1111276,1111,5,9,0,2
1111277,1111,11,0,0,2
1111278,1111,11,1,0,2
1111279,1111,11,2,0,2
1111280,1111,2,109010,0,2
1111281,1111,2,109020,0,3
1111282,1111,2,109030,0,2
1111283,1111,5,0,6,3
1111286,1111,1013,1,0,3
1111287,1111,1013,2,0,2
1111288,1111,1013,3,0,4
1111289,1111,1013,4,0,5
1111290,1111,1013,5,0,3
1111291,1111,1013,6,0,2
1111292,1111,1013,7,0,2
1111293,1111,1013,8,0,1
1111294,1111,1013,9,0,2
1111295,1111,1013,10,0,1
1111401,1111,1014,1,0,8
1111402,1111,1014,2,0,1
1111403,1111,1014,3,0,1
1111404,1111,1014,4,0,4
1111405,1111,1014,5,0,4
1111406,1111,1014,6,0,1
1111407,1111,1014,6,1,1
1111408,1111,1014,6,2,1
1111409,1111,1014,7,0,2
1111410,1111,1014,7,1,1
1111411,1111,1014,7,2,1
1111412,1111,1014,8,0,2
1111413,1111,1014,8,1,1
1111414,1111,1014,8,2,1
1111415,1111,1014,9,0,2
1111416,1111,1014,10,0,2
1111300,1111,5,0,0,1
1111301,1111,5,1,6,5
1111302,1111,5,1,7,6
1111303,1111,5,2,1,2
1111304,1111,5,0,1,3
1111305,1111,5,0,2,3
1111306,1111,5,0,3,1
1111307,1111,5,0,4,3
1111308,1111,0,2,0,4
1111309,1111,0,3,0,3
1111310,1111,0,4,0,3
1111311,1111,0,5,0,3
1111312,1111,0,6,0,0
1111313,1111,5,0,5,3
1111400,1111,5,1,8,2
1112001,1112,0,0,0,2
1112002,1112,1,0,0,2
1112003,1112,1,1,0,2
1112004,1112,1,2,0,2
1112005,1112,1,3,0,4
1112006,1112,1,4,0,2
1112007,1112,1,5,0,2
1112008,1112,4,0,0,1
1112009,1112,7,0,0,2
1112010,1112,8,0,0,1
1112011,1112,3,1,0,1
1112012,1112,6,0,1,1
1112100,1112,2,103010,0,1
1112101,1112,2,103020,0,4
1112102,1112,2,103030,0,4
1112103,1112,2,103050,0,1
1112104,1112,2,103040,0,3
1112105,1112,2,105010,0,1
1112106,1112,2,105020,0,3
1112107,1112,2,105030,0,3
1112200,1112,2,101045,1,5
1112201,1112,2,102040,1,5
1112202,1112,2,101014,0,1
1112203,1112,2,101042,0,1
1112204,1112,2,101012,0,1
1112205,1112,2,101031,0,1
1112206,1112,2,101031,1,1
1112207,1112,2,101032,0,1
1112208,1112,2,101032,1,1
1112209,1112,2,101033,0,1
1112210,1112,2,101033,1,1
1112211,1112,2,101034,0,1
1112212,1112,2,101034,1,1
1112213,1112,2,102030,0,1
1112214,1112,2,102030,1,1
1112215,1112,2,104015,0,2
1112216,1112,2,104045,0,2
1112217,1112,2,106010,0,1
1112218,1112,2,106020,0,1
1112219,1112,2,106020,1,1
1112220,1112,2,106030,0,1
1112221,1112,2,106050,0,1
1112222,1112,2,106050,1,2
1112223,1112,2,106110,0,1
1112224,1112,2,106120,0,1
1112225,1112,2,106120,1,2
1112226,1112,2,106130,0,2
1112227,1112,2,106140,0,1
1112228,1112,2,106150,0,1
1112229,1112,2,106210,0,1
1112230,1112,2,106220,0,2
1112231,1112,2,106220,1,2
1112232,1112,2,106230,0,1
1112233,1112,2,106250,0,1
1112234,1112,9,1,0,1
1112235,1112,9,2,0,1
1112236,1112,9,3,0,3
1112237,1112,9,4,0,2
1112238,1112,9,3,4,3
1112239,1112,9,5,0,5
1112240,1112,9,6,0,3
1112241,1112,9,6,1,3
1112242,1112,9,6,2,2
1112243,1112,9,7,0,2
1112244,1112,9,7,1,2
1112245,1112,9,7,2,2
1112246,1112,9,7,3,4
1112247,1112,9,7,4,2
1112248,1112,9,7,5,3
1112249,1112,9,7,6,4
1112250,1112,9,8,0,4
1112251,1112,9,9,0,1
1112252,1112,2,108010,0,3
1112253,1112,2,108020,0,3
1112254,1112,2,108030,0,3
1112255,1112,2,108040,0,4
1112256,1112,2,107011,0,2
1112257,1112,2,107012,0,2
1112258,1112,2,107013,0,2
1112259,1112,2,107021,0,2
1112260,1112,2,107022,0,2
1112261,1112,2,107023,0,2
1112262,1112,2,107031,0,2
1112263,1112,2,107032,0,2
1112264,1112,2,107033,0,2
1112265,1112,2,107041,0,2
1112266,1112,2,107042,0,2
1112267,1112,2,107043,0,2
1112268,1112,2,107051,0,2
1112269,1112,2,107052,0,2
1112270,1112,2,107053,0,2
1112271,1112,10,0,0,2
1112272,1112,2,107030,0,1
1112273,1112,2,107030,1,1
1112274,1112,2,107040,1,5
1112275,1112,10,1,0,2
1112276,1112,5,9,0,2
1112277,1112,11,0,0,1
1112278,1112,11,1,0,2
1112279,1112,11,2,0,3
1112280,1112,2,109010,0,2
1112281,1112,2,109020,0,2
1112282,1112,2,109030,0,3
1112283,1112,5,0,6,2
1112286,1112,1013,1,0,4
1112287,1112,1013,2,0,4
1112288,1112,1013,3,0,3
1112289,1112,1013,4,0,2
1112290,1112,1013,5,0,2
1112291,1112,1013,6,0,3
1112292,1112,1013,7,0,3
1112293,1112,1013,8,0,1
1112294,1112,1013,9,0,4
1112295,1112,1013,10,0,1
1112401,1112,1014,1,0,1
1112402,1112,1014,2,0,1
1112403,1112,1014,3,0,1
1112404,1112,1014,4,0,2
1112405,1112,1014,5,0,1
1112406,1112,1014,6,0,1
1112407,1112,1014,6,1,1
1112408,1112,1014,6,2,1
1112409,1112,1014,7,0,3
1112410,1112,1014,7,1,1
1112411,1112,1014,7,2,1
1112412,1112,1014,8,0,1
1112413,1112,1014,8,1,1
1112414,1112,1014,8,2,1
1112415,1112,1014,9,0,3
1112416,1112,1014,10,0,1
1112300,1112,5,0,0,1
1112301,1112,5,1,6,3
1112302,1112,5,1,7,4
1112303,1112,5,2,1,5
1112304,1112,5,0,1,1
1112305,1112,5,0,2,1
1112306,1112,5,0,3,1
1112307,1112,5,0,4,2
1112308,1112,0,2,0,2
1112309,1112,0,3,0,2
1112310,1112,0,4,0,2
1112311,1112,0,5,0,2
1112312,1112,0,6,0,1
1112313,1112,5,0,5,2
1112400,1112,5,1,8,2
1113001,1113,0,0,0,1
1113002,1113,1,0,0,1
1113003,1113,1,1,0,4
1113004,1113,1,2,0,1
1113005,1113,1,3,0,1
1113006,1113,1,4,0,4
1113007,1113,1,5,0,4
1113008,1113,4,0,0,1
1113009,1113,7,0,0,2
1113010,1113,8,0,0,1
1113011,1113,3,1,0,1
1113012,1113,6,0,1,1
1113100,1113,2,103010,0,1
1113101,1113,2,103020,0,5
1113102,1113,2,103030,0,1
1113103,1113,2,103050,0,1
1113104,1113,2,103040,0,1
1113105,1113,2,105010,0,3
1113106,1113,2,105020,0,3
1113107,1113,2,105030,0,2
1113200,1113,2,101045,1,1
1113201,1113,2,102040,1,1
1113202,1113,2,101014,0,2
1113203,1113,2,101042,0,2
1113204,1113,2,101012,0,1
1113205,1113,2,101031,0,1
1113206,1113,2,101031,1,1
1113207,1113,2,101032,0,1
1113208,1113,2,101032,1,1
1113209,1113,2,101033,0,1
1113210,1113,2,101033,1,1
1113211,1113,2,101034,0,1
1113212,1113,2,101034,1,1
1113213,1113,2,102030,0,1
1113214,1113,2,102030,1,1
1113215,1113,2,104015,0,1
1113216,1113,2,104045,0,3
1113217,1113,2,106010,0,1
1113218,1113,2,106020,0,1
1113219,1113,2,106020,1,1
1113220,1113,2,106030,0,1
1113221,1113,2,106050,0,1
1113222,1113,2,106050,1,1
1113223,1113,2,106110,0,1
1113224,1113,2,106120,0,1
1113225,1113,2,106120,1,2
1113226,1113,2,106130,0,3
1113227,1113,2,106140,0,1
1113228,1113,2,106150,0,1
1113229,1113,2,106210,0,1
1113230,1113,2,106220,0,1
1113231,1113,2,106220,1,2
1113232,1113,2,106230,0,1
1113233,1113,2,106250,0,1
1113234,1113,9,1,0,2
1113235,1113,9,2,0,1
1113236,1113,9,3,0,1
1113237,1113,9,4,0,1
1113238,1113,9,3,4,4
1113239,1113,9,5,0,2
1113240,1113,9,6,0,1
1113241,1113,9,6,1,1
1113242,1113,9,6,2,6
1113243,1113,9,7,0,2
1113244,1113,9,7,1,5
1113245,1113,9,7,2,2
1113246,1113,9,7,3,5
1113247,1113,9,7,4,2
1113248,1113,9,7,5,1
1113249,1113,9,7,6,1
1113250,1113,9,8,0,2
1113251,1113,9,9,0,1
1113252,1113,2,108010,0,1
1113253,1113,2,108020,0,1
1113254,1113,2,108030,0,1
1113255,1113,2,108040,0,1
1113256,1113,2,107011,0,1
1113257,1113,2,107012,0,1
1113258,1113,2,107013,0,1
1113259,1113,2,107021,0,1
1113260,1113,2,107022,0,1
1113261,1113,2,107023,0,1
1113262,1113,2,107031,0,1
1113263,1113,2,107032,0,1
1113264,1113,2,107033,0,1
1113265,1113,2,107041,0,1
1113266,1113,2,107042,0,1
1113267,1113,2,107043,0,1
1113268,1113,2,107051,0,1
1113269,1113,2,107052,0,1
1113270,1113,2,107053,0,1
1113271,1113,10,0,0,1
1113272,1113,2,107030,0,1
1113273,1113,2,107030,1,1
1113274,1113,2,107040,1,1
1113275,1113,10,1,0,1
1113276,1113,5,9,0,1
1113277,1113,11,0,0,1
1113278,1113,11,1,0,1
1113279,1113,11,2,0,1
1113280,1113,2,109010,0,1
1113281,1113,2,109020,0,1
1113282,1113,2,109030,0,1
1113283,1113,5,0,6,1
1113286,1113,1013,1,0,2
1113287,1113,1013,2,0,6
1113288,1113,1013,3,0,1
1113289,1113,1013,4,0,1
1113290,1113,1013,5,0,6
1113291,1113,1013,6,0,1
1113292,1113,1013,7,0,1
1113293,1113,1013,8,0,1
1113294,1113,1013,9,0,1
1113295,1113,1013,10,0,1
1113401,1113,1014,1,0,4
1113402,1113,1014,2,0,3
1113403,1113,1014,3,0,1
1113404,1113,1014,4,0,2
1113405,1113,1014,5,0,1
1113406,1113,1014,6,0,1
1113407,1113,1014,6,1,1
1113408,1113,1014,6,2,1
1113409,1113,1014,7,0,3
1113410,1113,1014,7,1,1
1113411,1113,1014,7,2,1
1113412,1113,1014,8,0,3
1113413,1113,1014,8,1,1
1113414,1113,1014,8,2,1
1113415,1113,1014,9,0,1
1113416,1113,1014,10,0,3
1113300,1113,5,0,0,1
1113301,1113,5,1,6,2
1113302,1113,5,1,7,5
1113303,1113,5,2,1,1
1113304,1113,5,0,1,1
1113305,1113,5,0,2,1
1113306,1113,5,0,3,1
1113307,1113,5,0,4,1
1113308,1113,0,2,0,1
1113309,1113,0,3,0,1
1113310,1113,0,4,0,1
1113311,1113,0,5,0,1
1113312,1113,0,6,0,0
1113313,1113,5,0,5,4
1113400,1113,5,1,8,1
1114001,1114,0,0,0,4
1114002,1114,1,0,0,3
1114003,1114,1,1,0,1
1114004,1114,1,2,0,3
1114005,1114,1,3,0,2
1114006,1114,1,4,0,1
1114007,1114,1,5,0,3
1114008,1114,4,0,0,1
1114009,1114,7,0,0,2
1114010,1114,8,0,0,1
1114011,1114,3,1,0,1
1114012,1114,6,0,1,1
1114100,1114,2,103010,0,1
1114101,1114,2,103020,0,5
1114102,1114,2,103030,0,3
1114103,1114,2,103050,0,2
1114104,1114,2,103040,0,2
1114105,1114,2,105010,0,2
1114106,1114,2,105020,0,2
1114107,1114,2,105030,0,1
1114200,1114,2,101045,1,3
1114201,1114,2,102040,1,3
1114202,1114,2,101014,0,3
1114203,1114,2,101042,0,3
1114204,1114,2,101012,0,2
1114205,1114,2,101031,0,1
1114206,1114,2,101031,1,1
1114207,1114,2,101032,0,1
1114208,1114,2,101032,1,1
1114209,1114,2,101033,0,1
1114210,1114,2,101033,1,1
1114211,1114,2,101034,0,1
1114212,1114,2,101034,1,1
1114213,1114,2,102030,0,1
1114214,1114,2,102030,1,1
1114215,1114,2,104015,0,1
1114216,1114,2,104045,0,1
1114217,1114,2,106010,0,1
1114218,1114,2,106020,0,1
1114219,1114,2,106020,1,1
1114220,1114,2,106030,0,1
1114221,1114,2,106050,0,2
1114222,1114,2,106050,1,2
1114223,1114,2,106110,0,1
1114224,1114,2,106120,0,1
1114225,1114,2,106120,1,2
1114226,1114,2,106130,0,3
1114227,1114,2,106140,0,1
1114228,1114,2,106150,0,1
1114229,1114,2,106210,0,1
1114230,1114,2,106220,0,2
1114231,1114,2,106220,1,2
1114232,1114,2,106230,0,1
1114233,1114,2,106250,0,1
1114234,1114,9,1,0,1
1114235,1114,9,2,0,1
1114236,1114,9,3,0,1
1114237,1114,9,4,0,1
1114238,1114,9,3,4,4
1114239,1114,9,5,0,1
1114240,1114,9,6,0,1
1114241,1114,9,6,1,1
1114242,1114,9,6,2,1
1114243,1114,9,7,0,1
1114244,1114,9,7,1,1
1114245,1114,9,7,2,1
1114246,1114,9,7,3,4
1114247,1114,9,7,4,1
1114248,1114,9,7,5,3
1114249,1114,9,7,6,1
1114250,1114,9,8,0,1
1114251,1114,9,9,0,1
1114252,1114,2,108010,0,2
1114253,1114,2,108020,0,2
1114254,1114,2,108030,0,2
1114255,1114,2,108040,0,2
1114256,1114,2,107011,0,2
1114257,1114,2,107012,0,2
1114258,1114,2,107013,0,2
1114259,1114,2,107021,0,2
1114260,1114,2,107022,0,2
1114261,1114,2,107023,0,2
1114262,1114,2,107031,0,2
1114263,1114,2,107032,0,2
1114264,1114,2,107033,0,2
1114265,1114,2,107041,0,2
1114266,1114,2,107042,0,2
1114267,1114,2,107043,0,2
1114268,1114,2,107051,0,2
1114269,1114,2,107052,0,2
1114270,1114,2,107053,0,2
1114271,1114,10,0,0,1
1114272,1114,2,107030,0,1
1114273,1114,2,107030,1,1
1114274,1114,2,107040,1,3
1114275,1114,10,1,0,2
1114276,1114,5,9,0,2
1114277,1114,11,0,0,1
1114278,1114,11,1,0,1
1114279,1114,11,2,0,2
1114280,1114,2,109010,0,1
1114281,1114,2,109020,0,1
1114282,1114,2,109030,0,2
1114283,1114,5,0,6,3
1114286,1114,1013,1,0,3
1114287,1114,1013,2,0,2
1114288,1114,1013,3,0,2
1114289,1114,1013,4,0,3
1114290,1114,1013,5,0,3
1114291,1114,1013,6,0,1
1114292,1114,1013,7,0,2
1114293,1114,1013,8,0,1
1114294,1114,1013,9,0,2
1114295,1114,1013,10,0,1
1114401,1114,1014,1,0,8
1114402,1114,1014,2,0,1
1114403,1114,1014,3,0,1
1114404,1114,1014,4,0,1
1114405,1114,1014,5,0,1
1114406,1114,1014,6,0,1
1114407,1114,1014,6,1,1
1114408,1114,1014,6,2,1
1114409,1114,1014,7,0,1
1114410,1114,1014,7,1,1
1114411,1114,1014,7,2,1
1114412,1114,1014,8,0,1
1114413,1114,1014,8,1,1
1114414,1114,1014,8,2,1
1114415,1114,1014,9,0,1
1114416,1114,1014,10,0,3
1114300,1114,5,0,0,1
1114301,1114,5,1,6,1
1114302,1114,5,1,7,5
1114303,1114,5,2,1,2
1114304,1114,5,0,1,2
1114305,1114,5,0,2,2
1114306,1114,5,0,3,1
1114307,1114,5,0,4,3
1114308,1114,0,2,0,4
1114309,1114,0,3,0,3
1114310,1114,0,4,0,3
1114311,1114,0,5,0,3
1114312,1114,0,6,0,0
1114313,1114,5,0,5,1
1114400,1114,5,1,8,2
1115001,1115,0,0,0,5
1115002,1115,1,0,0,5
1115003,1115,1,1,0,2
1115004,1115,1,2,0,5
1115005,1115,1,3,0,4
1115006,1115,1,4,0,2
1115007,1115,1,5,0,5
1115008,1115,4,0,0,1
1115009,1115,7,0,0,1
1115010,1115,8,0,0,1
1115011,1115,3,1,0,1
1115012,1115,6,0,1,1
1115100,1115,2,103010,0,5
1115101,1115,2,103020,0,7
1115102,1115,2,103030,0,5
1115103,1115,2,103050,0,3
1115104,1115,2,103040,0,4
1115105,1115,2,105010,0,1
1115106,1115,2,105020,0,2
1115107,1115,2,105030,0,3
1115200,1115,2,101045,1,5
1115201,1115,2,102040,1,5
1115202,1115,2,101014,0,3
1115203,1115,2,101042,0,3
1115204,1115,2,101012,0,2
1115205,1115,2,101031,0,1
1115206,1115,2,101031,1,1
1115207,1115,2,101032,0,1
1115208,1115,2,101032,1,1
1115209,1115,2,101033,0,1
1115210,1115,2,101033,1,1
1115211,1115,2,101034,0,1
1115212,1115,2,101034,1,1
1115213,1115,2,102030,0,1
1115214,1115,2,102030,1,1
1115215,1115,2,104015,0,2
1115216,1115,2,104045,0,2
1115217,1115,2,106010,0,2
1115218,1115,2,106020,0,2
1115219,1115,2,106020,1,2
1115220,1115,2,106030,0,2
1115221,1115,2,106050,0,2
1115222,1115,2,106050,1,2
1115223,1115,2,106110,0,2
1115224,1115,2,106120,0,2
1115225,1115,2,106120,1,2
1115226,1115,2,106130,0,2
1115227,1115,2,106140,0,2
1115228,1115,2,106150,0,2
1115229,1115,2,106210,0,2
1115230,1115,2,106220,0,2
1115231,1115,2,106220,1,1
1115232,1115,2,106230,0,2
1115233,1115,2,106250,0,2
1115234,1115,9,1,0,3
1115235,1115,9,2,0,2
1115236,1115,9,3,0,3
1115237,1115,9,4,0,2
1115238,1115,9,3,4,3
1115239,1115,9,5,0,5
1115240,1115,9,6,0,3
1115241,1115,9,6,1,3
1115242,1115,9,6,2,4
1115243,1115,9,7,0,4
1115244,1115,9,7,1,4
1115245,1115,9,7,2,5
1115246,1115,9,7,3,6
1115247,1115,9,7,4,6
1115248,1115,9,7,5,4
1115249,1115,9,7,6,6
1115250,1115,9,8,0,4
1115251,1115,9,9,0,2
1115252,1115,2,108010,0,4
1115253,1115,2,108020,0,3
1115254,1115,2,108030,0,3
1115255,1115,2,108040,0,3
1115256,1115,2,107011,0,2
1115257,1115,2,107012,0,2
1115258,1115,2,107013,0,2
1115259,1115,2,107021,0,2
1115260,1115,2,107022,0,2
1115261,1115,2,107023,0,2
1115262,1115,2,107031,0,2
1115263,1115,2,107032,0,2
1115264,1115,2,107033,0,2
1115265,1115,2,107041,0,2
1115266,1115,2,107042,0,2
1115267,1115,2,107043,0,2
1115268,1115,2,107051,0,2
1115269,1115,2,107052,0,2
1115270,1115,2,107053,0,2
1115271,1115,10,0,0,2
1115272,1115,2,107030,0,1
1115273,1115,2,107030,1,1
1115274,1115,2,107040,1,5
1115275,1115,10,1,0,3
1115276,1115,5,9,0,3
1115277,1115,11,0,0,2
1115278,1115,11,1,0,2
1115279,1115,11,2,0,3
1115280,1115,2,109010,0,3
1115281,1115,2,109020,0,3
1115282,1115,2,109030,0,4
1115283,1115,5,0,6,2
1115286,1115,1013,1,0,4
1115287,1115,1013,2,0,4
1115288,1115,1013,3,0,4
1115289,1115,1013,4,0,5
1115290,1115,1013,5,0,2
1115291,1115,1013,6,0,3
1115292,1115,1013,7,0,3
1115293,1115,1013,8,0,1
1115294,1115,1013,9,0,4
1115295,1115,1013,10,0,1
1115401,1115,1014,1,0,2
1115402,1115,1014,2,0,2
1115403,1115,1014,3,0,1
1115404,1115,1014,4,0,4
1115405,1115,1014,5,0,3
1115406,1115,1014,6,0,3
1115407,1115,1014,6,1,1
1115408,1115,1014,6,2,1
1115409,1115,1014,7,0,4
1115410,1115,1014,7,1,1
1115411,1115,1014,7,2,1
1115412,1115,1014,8,0,4
1115413,1115,1014,8,1,1
1115414,1115,1014,8,2,1
1115415,1115,1014,9,0,4
1115416,1115,1014,10,0,2
1115300,1115,5,0,0,1
1115301,1115,5,1,6,4
1115302,1115,5,1,7,3
1115303,1115,5,2,1,6
1115304,1115,5,0,1,3
1115305,1115,5,0,2,3
1115306,1115,5,0,3,1
1115307,1115,5,0,4,5
1115308,1115,0,2,0,5
1115309,1115,0,3,0,5
1115310,1115,0,4,0,2
1115311,1115,0,5,0,5
1115312,1115,0,6,0,0
1115313,1115,5,0,5,2
1115400,1115,5,1,8,2
1116001,1116,0,0,0,2
1116002,1116,1,0,0,5
1116003,1116,1,1,0,2
1116004,1116,1,2,0,5
1116005,1116,1,3,0,4
1116006,1116,1,4,0,2
1116007,1116,1,5,0,5
1116008,1116,4,0,0,1
1116009,1116,7,0,0,1
1116010,1116,8,0,0,1
1116011,1116,3,1,0,1
1116012,1116,6,0,1,1
1116100,1116,2,103010,0,5
1116101,1116,2,103020,0,7
1116102,1116,2,103030,0,5
1116103,1116,2,103050,0,4
1116104,1116,2,103040,0,4
1116105,1116,2,105010,0,1
1116106,1116,2,105020,0,2
1116107,1116,2,105030,0,1
1116200,1116,2,101045,1,5
1116201,1116,2,102040,1,5
1116202,1116,2,101014,0,3
1116203,1116,2,101042,0,3
1116204,1116,2,101012,0,2
1116205,1116,2,101031,0,1
1116206,1116,2,101031,1,1
1116207,1116,2,101032,0,1
1116208,1116,2,101032,1,1
1116209,1116,2,101033,0,1
1116210,1116,2,101033,1,1
1116211,1116,2,101034,0,1
1116212,1116,2,101034,1,1
1116213,1116,2,102030,0,1
1116214,1116,2,102030,1,1
1116215,1116,2,104015,0,2
1116216,1116,2,104045,0,2
1116217,1116,2,106010,0,2
1116218,1116,2,106020,0,2
1116219,1116,2,106020,1,2
1116220,1116,2,106030,0,2
1116221,1116,2,106050,0,2
1116222,1116,2,106050,1,2
1116223,1116,2,106110,0,2
1116224,1116,2,106120,0,2
1116225,1116,2,106120,1,2
1116226,1116,2,106130,0,2
1116227,1116,2,106140,0,2
1116228,1116,2,106150,0,2
1116229,1116,2,106210,0,2
1116230,1116,2,106220,0,2
1116231,1116,2,106220,1,1
1116232,1116,2,106230,0,2
1116233,1116,2,106250,0,2
1116234,1116,9,1,0,1
1116235,1116,9,2,0,2
1116236,1116,9,3,0,3
1116237,1116,9,4,0,2
1116238,1116,9,3,4,3
1116239,1116,9,5,0,6
1116240,1116,9,6,0,4
1116241,1116,9,6,1,3
1116242,1116,9,6,2,5
1116243,1116,9,7,0,3
1116244,1116,9,7,1,4
1116245,1116,9,7,2,5
1116246,1116,9,7,3,4
1116247,1116,9,7,4,6
1116248,1116,9,7,5,4
1116249,1116,9,7,6,6
1116250,1116,9,8,0,4
1116251,1116,9,9,0,2
1116252,1116,2,108010,0,4
1116253,1116,2,108020,0,2
1116254,1116,2,108030,0,5
1116255,1116,2,108040,0,4
1116256,1116,2,107011,0,2
1116257,1116,2,107012,0,2
1116258,1116,2,107013,0,2
1116259,1116,2,107021,0,2
1116260,1116,2,107022,0,2
1116261,1116,2,107023,0,2
1116262,1116,2,107031,0,2
1116263,1116,2,107032,0,2
1116264,1116,2,107033,0,2
1116265,1116,2,107041,0,2
1116266,1116,2,107042,0,2
1116267,1116,2,107043,0,2
1116268,1116,2,107051,0,2
1116269,1116,2,107052,0,2
1116270,1116,2,107053,0,2
1116271,1116,10,0,0,2
1116272,1116,2,107030,0,1
1116273,1116,2,107030,1,1
1116274,1116,2,107040,1,5
1116275,1116,10,1,0,3
1116276,1116,5,9,0,3
1116277,1116,11,0,0,2
1116278,1116,11,1,0,2
1116279,1116,11,2,0,3
1116280,1116,2,109010,0,2
1116281,1116,2,109020,0,3
1116282,1116,2,109030,0,4
1116283,1116,5,0,6,2
1116286,1116,1013,1,0,4
1116287,1116,1013,2,0,5
1116288,1116,1013,3,0,4
1116289,1116,1013,4,0,5
1116290,1116,1013,5,0,2
1116291,1116,1013,6,0,2
1116292,1116,1013,7,0,3
1116293,1116,1013,8,0,1
1116294,1116,1013,9,0,4
1116295,1116,1013,10,0,1
1116401,1116,1014,1,0,2
1116402,1116,1014,2,0,1
1116403,1116,1014,3,0,3
1116404,1116,1014,4,0,4
1116405,1116,1014,5,0,3
1116406,1116,1014,6,0,3
1116407,1116,1014,6,1,1
1116408,1116,1014,6,2,1
1116409,1116,1014,7,0,2
1116410,1116,1014,7,1,1
1116411,1116,1014,7,2,1
1116412,1116,1014,8,0,4
1116413,1116,1014,8,1,1
1116414,1116,1014,8,2,1
1116415,1116,1014,9,0,2
1116416,1116,1014,10,0,2
1116300,1116,5,0,0,1
1116301,1116,5,1,6,4
1116302,1116,5,1,7,6
1116303,1116,5,2,1,7
1116304,1116,5,0,1,3
1116305,1116,5,0,2,3
1116306,1116,5,0,3,1
1116307,1116,5,0,4,5
1116308,1116,0,2,0,2
1116309,1116,0,3,0,5
1116310,1116,0,4,0,2
1116311,1116,0,5,0,5
1116312,1116,0,6,0,0
1116313,1116,5,0,5,2
1116400,1116,5,1,8,2
1117001,1117,0,0,0,1
1117002,1117,1,0,0,3
1117003,1117,1,1,0,1
1117004,1117,1,2,0,2
1117005,1117,1,3,0,2
1117006,1117,1,4,0,1
1117007,1117,1,5,0,3
1117008,1117,4,0,0,1
1117009,1117,7,0,0,1
1117010,1117,8,0,0,1
1117011,1117,3,1,0,1
1117012,1117,6,0,1,1
1117100,1117,2,103010,0,2
1117101,1117,2,103020,0,6
1117102,1117,2,103030,0,2
1117103,1117,2,103050,0,2
1117104,1117,2,103040,0,6
1117105,1117,2,105010,0,2
1117106,1117,2,105020,0,3
1117107,1117,2,105030,0,1
1117200,1117,2,101045,1,6
1117201,1117,2,102040,1,6
1117202,1117,2,101014,0,3
1117203,1117,2,101042,0,3
1117204,1117,2,101012,0,2
1117205,1117,2,101031,0,1
1117206,1117,2,101031,1,1
1117207,1117,2,101032,0,1
1117208,1117,2,101032,1,1
1117209,1117,2,101033,0,1
1117210,1117,2,101033,1,1
1117211,1117,2,101034,0,1
1117212,1117,2,101034,1,1
1117213,1117,2,102030,0,1
1117214,1117,2,102030,1,1
1117215,1117,2,104015,0,2
1117216,1117,2,104045,0,2
1117217,1117,2,106010,0,2
1117218,1117,2,106020,0,2
1117219,1117,2,106020,1,1
1117220,1117,2,106030,0,2
1117221,1117,2,106050,0,2
1117222,1117,2,106050,1,2
1117223,1117,2,106110,0,2
1117224,1117,2,106120,0,2
1117225,1117,2,106120,1,2
1117226,1117,2,106130,0,2
1117227,1117,2,106140,0,2
1117228,1117,2,106150,0,2
1117229,1117,2,106210,0,2
1117230,1117,2,106220,0,2
1117231,1117,2,106220,1,1
1117232,1117,2,106230,0,2
1117233,1117,2,106250,0,2
1117234,1117,9,1,0,1
1117235,1117,9,2,0,2
1117236,1117,9,3,0,2
1117237,1117,9,4,0,2
1117238,1117,9,3,4,5
1117239,1117,9,5,0,1
1117240,1117,9,6,0,2
1117241,1117,9,6,1,2
1117242,1117,9,6,2,3
1117243,1117,9,7,0,5
1117244,1117,9,7,1,3
1117245,1117,9,7,2,1
1117246,1117,9,7,3,3
1117247,1117,9,7,4,4
1117248,1117,9,7,5,3
1117249,1117,9,7,6,4
1117250,1117,9,8,0,3
1117251,1117,9,9,0,1
1117252,1117,2,108010,0,2
1117253,1117,2,108020,0,2
1117254,1117,2,108030,0,2
1117255,1117,2,108040,0,2
1117256,1117,2,107011,0,2
1117257,1117,2,107012,0,2
1117258,1117,2,107013,0,2
1117259,1117,2,107021,0,2
1117260,1117,2,107022,0,2
1117261,1117,2,107023,0,2
1117262,1117,2,107031,0,2
1117263,1117,2,107032,0,2
1117264,1117,2,107033,0,2
1117265,1117,2,107041,0,2
1117266,1117,2,107042,0,2
1117267,1117,2,107043,0,2
1117268,1117,2,107051,0,2
1117269,1117,2,107052,0,2
1117270,1117,2,107053,0,2
1117271,1117,10,0,0,1
1117272,1117,2,107030,0,1
1117273,1117,2,107030,1,1
1117274,1117,2,107040,1,6
1117275,1117,10,1,0,2
1117276,1117,5,9,0,2
1117277,1117,11,0,0,2
1117278,1117,11,1,0,1
1117279,1117,11,2,0,2
1117280,1117,2,109010,0,2
1117281,1117,2,109020,0,1
1117282,1117,2,109030,0,2
1117283,1117,5,0,6,3
1117286,1117,1013,1,0,5
1117287,1117,1013,2,0,1
1117288,1117,1013,3,0,2
1117289,1117,1013,4,0,2
1117290,1117,1013,5,0,3
1117291,1117,1013,6,0,1
1117292,1117,1013,7,0,2
1117293,1117,1013,8,0,1
1117294,1117,1013,9,0,2
1117295,1117,1013,10,0,1
1117401,1117,1014,1,0,8
1117402,1117,1014,2,0,1
1117403,1117,1014,3,0,1
1117404,1117,1014,4,0,1
1117405,1117,1014,5,0,1
1117406,1117,1014,6,0,1
1117407,1117,1014,6,1,1
1117408,1117,1014,6,2,1
1117409,1117,1014,7,0,1
1117410,1117,1014,7,1,1
1117411,1117,1014,7,2,1
1117412,1117,1014,8,0,2
1117413,1117,1014,8,1,1
1117414,1117,1014,8,2,1
1117415,1117,1014,9,0,1
1117416,1117,1014,10,0,3
1117300,1117,5,0,0,1
1117301,1117,5,1,6,1
1117302,1117,5,1,7,7
1117303,1117,5,2,1,2
1117304,1117,5,0,1,1
1117305,1117,5,0,2,1
1117306,1117,5,0,3,1
1117307,1117,5,0,4,2
1117308,1117,0,2,0,1
1117309,1117,0,3,0,5
1117310,1117,0,4,0,3
1117311,1117,0,5,0,3
1117312,1117,0,6,0,0
1117313,1117,5,0,5,1
1117400,1117,5,1,8,2
1118001,1118,0,0,0,1
1118002,1118,1,0,0,5
1118003,1118,1,1,0,3
1118004,1118,1,2,0,5
1118005,1118,1,3,0,1
1118006,1118,1,4,0,3
1118007,1118,1,5,0,5
1118008,1118,4,0,0,1
1118009,1118,7,0,0,1
1118010,1118,8,0,0,1
1118011,1118,3,1,0,1
1118012,1118,6,0,1,1
1118100,1118,2,103010,0,5
1118101,1118,2,103020,0,6
1118102,1118,2,103030,0,5
1118103,1118,2,103050,0,4
1118104,1118,2,103040,0,4
1118105,1118,2,105010,0,1
1118106,1118,2,105020,0,2
1118107,1118,2,105030,0,1
1118200,1118,2,101045,1,6
1118201,1118,2,102040,1,6
1118202,1118,2,101014,0,3
1118203,1118,2,101042,0,3
1118204,1118,2,101012,0,2
1118205,1118,2,101031,0,1
1118206,1118,2,101031,1,1
1118207,1118,2,101032,0,1
1118208,1118,2,101032,1,1
1118209,1118,2,101033,0,1
1118210,1118,2,101033,1,1
1118211,1118,2,101034,0,1
1118212,1118,2,101034,1,1
1118213,1118,2,102030,0,1
1118214,1118,2,102030,1,1
1118215,1118,2,104015,0,2
1118216,1118,2,104045,0,2
1118217,1118,2,106010,0,2
1118218,1118,2,106020,0,2
1118219,1118,2,106020,1,2
1118220,1118,2,106030,0,2
1118221,1118,2,106050,0,2
1118222,1118,2,106050,1,2
1118223,1118,2,106110,0,2
1118224,1118,2,106120,0,2
1118225,1118,2,106120,1,2
1118226,1118,2,106130,0,2
1118227,1118,2,106140,0,2
1118228,1118,2,106150,0,2
1118229,1118,2,106210,0,2
1118230,1118,2,106220,0,2
1118231,1118,2,106220,1,1
1118232,1118,2,106230,0,2
1118233,1118,2,106250,0,2
1118234,1118,9,1,0,1
1118235,1118,9,2,0,2
1118236,1118,9,3,0,3
1118237,1118,9,4,0,2
1118238,1118,9,3,4,6
1118239,1118,9,5,0,6
1118240,1118,9,6,0,4
1118241,1118,9,6,1,4
1118242,1118,9,6,2,5
1118243,1118,9,7,0,3
1118244,1118,9,7,1,1
1118245,1118,9,7,2,1
1118246,1118,9,7,3,6
1118247,1118,9,7,4,4
1118248,1118,9,7,5,6
1118249,1118,9,7,6,6
1118250,1118,9,8,0,5
1118251,1118,9,9,0,2
1118252,1118,2,108010,0,4
1118253,1118,2,108020,0,1
1118254,1118,2,108030,0,4
1118255,1118,2,108040,0,4
1118256,1118,2,107011,0,2
1118257,1118,2,107012,0,2
1118258,1118,2,107013,0,2
1118259,1118,2,107021,0,2
1118260,1118,2,107022,0,2
1118261,1118,2,107023,0,2
1118262,1118,2,107031,0,2
1118263,1118,2,107032,0,2
1118264,1118,2,107033,0,2
1118265,1118,2,107041,0,2
1118266,1118,2,107042,0,2
1118267,1118,2,107043,0,2
1118268,1118,2,107051,0,2
1118269,1118,2,107052,0,2
1118270,1118,2,107053,0,2
1118271,1118,10,0,0,2
1118272,1118,2,107030,0,1
1118273,1118,2,107030,1,1
1118274,1118,2,107040,1,6
1118275,1118,10,1,0,3
1118276,1118,5,9,0,3
1118277,1118,11,0,0,2
1118278,1118,11,1,0,2
1118279,1118,11,2,0,2
1118280,1118,2,109010,0,3
1118281,1118,2,109020,0,3
1118282,1118,2,109030,0,4
1118283,1118,5,0,6,3
1118286,1118,1013,1,0,4
1118287,1118,1013,2,0,5
1118288,1118,1013,3,0,4
1118289,1118,1013,4,0,5
1118290,1118,1013,5,0,2
1118291,1118,1013,6,0,2
1118292,1118,1013,7,0,2
1118293,1118,1013,8,0,1
1118294,1118,1013,9,0,4
1118295,1118,1013,10,0,1
1118401,1118,1014,1,0,2
1118402,1118,1014,2,0,2
1118403,1118,1014,3,0,1
1118404,1118,1014,4,0,4
1118405,1118,1014,5,0,3
1118406,1118,1014,6,0,3
1118407,1118,1014,6,1,1
1118408,1118,1014,6,2,1
1118409,1118,1014,7,0,2
1118410,1118,1014,7,1,1
1118411,1118,1014,7,2,1
1118412,1118,1014,8,0,4
1118413,1118,1014,8,1,1
1118414,1118,1014,8,2,1
1118415,1118,1014,9,0,4
1118416,1118,1014,10,0,2
1118300,1118,5,0,0,1
1118301,1118,5,1,6,4
1118302,1118,5,1,7,7
1118303,1118,5,2,1,2
1118304,1118,5,0,1,3
1118305,1118,5,0,2,3
1118306,1118,5,0,3,1
1118307,1118,5,0,4,3
1118308,1118,0,2,0,1
1118309,1118,0,3,0,5
1118310,1118,0,4,0,2
1118311,1118,0,5,0,3
1118312,1118,0,6,0,0
1118313,1118,5,0,5,3
1118400,1118,5,1,8,2
1119001,1119,0,0,0,1
1119002,1119,1,0,0,3
1119003,1119,1,1,0,3
1119004,1119,1,2,0,5
1119005,1119,1,3,0,2
1119006,1119,1,4,0,3
1119007,1119,1,5,0,5
1119008,1119,4,0,0,1
1119009,1119,7,0,0,1
1119010,1119,8,0,0,1
1119011,1119,3,1,0,1
1119012,1119,6,0,1,1
1119100,1119,2,103010,0,5
1119101,1119,2,103020,0,6
1119102,1119,2,103030,0,5
1119103,1119,2,103050,0,4
1119104,1119,2,103040,0,4
1119105,1119,2,105010,0,1
1119106,1119,2,105020,0,2
1119107,1119,2,105030,0,1
1119200,1119,2,101045,1,6
1119201,1119,2,102040,1,6
1119202,1119,2,101014,0,3
1119203,1119,2,101042,0,3
1119204,1119,2,101012,0,2
1119205,1119,2,101031,0,1
1119206,1119,2,101031,1,1
1119207,1119,2,101032,0,1
1119208,1119,2,101032,1,1
1119209,1119,2,101033,0,1
1119210,1119,2,101033,1,1
1119211,1119,2,101034,0,1
1119212,1119,2,101034,1,1
1119213,1119,2,102030,0,1
1119214,1119,2,102030,1,1
1119215,1119,2,104015,0,2
1119216,1119,2,104045,0,2
1119217,1119,2,106010,0,2
1119218,1119,2,106020,0,2
1119219,1119,2,106020,1,2
1119220,1119,2,106030,0,2
1119221,1119,2,106050,0,2
1119222,1119,2,106050,1,2
1119223,1119,2,106110,0,2
1119224,1119,2,106120,0,2
1119225,1119,2,106120,1,2
1119226,1119,2,106130,0,2
1119227,1119,2,106140,0,2
1119228,1119,2,106150,0,2
1119229,1119,2,106210,0,2
1119230,1119,2,106220,0,2
1119231,1119,2,106220,1,1
1119232,1119,2,106230,0,2
1119233,1119,2,106250,0,2
1119234,1119,9,1,0,1
1119235,1119,9,2,0,2
1119236,1119,9,3,0,3
1119237,1119,9,4,0,2
1119238,1119,9,3,4,6
1119239,1119,9,5,0,6
1119240,1119,9,6,0,4
1119241,1119,9,6,1,2
1119242,1119,9,6,2,5
1119243,1119,9,7,0,3
1119244,1119,9,7,1,1
1119245,1119,9,7,2,3
1119246,1119,9,7,3,3
1119247,1119,9,7,4,6
1119248,1119,9,7,5,3
1119249,1119,9,7,6,6
1119250,1119,9,8,0,3
1119251,1119,9,9,0,2
1119252,1119,2,108010,0,4
1119253,1119,2,108020,0,2
1119254,1119,2,108030,0,4
1119255,1119,2,108040,0,4
1119256,1119,2,107011,0,2
1119257,1119,2,107012,0,2
1119258,1119,2,107013,0,2
1119259,1119,2,107021,0,2
1119260,1119,2,107022,0,2
1119261,1119,2,107023,0,2
1119262,1119,2,107031,0,2
1119263,1119,2,107032,0,2
1119264,1119,2,107033,0,2
1119265,1119,2,107041,0,2
1119266,1119,2,107042,0,2
1119267,1119,2,107043,0,2
1119268,1119,2,107051,0,2
1119269,1119,2,107052,0,2
1119270,1119,2,107053,0,2
1119271,1119,10,0,0,2
1119272,1119,2,107030,0,1
1119273,1119,2,107030,1,1
1119274,1119,2,107040,1,6
1119275,1119,10,1,0,3
1119276,1119,5,9,0,3
1119277,1119,11,0,0,2
1119278,1119,11,1,0,2
1119279,1119,11,2,0,2
1119280,1119,2,109010,0,2
1119281,1119,2,109020,0,3
1119282,1119,2,109030,0,2
1119283,1119,5,0,6,3
1119286,1119,1013,1,0,3
1119287,1119,1013,2,0,5
1119288,1119,1013,3,0,4
1119289,1119,1013,4,0,3
1119290,1119,1013,5,0,2
1119291,1119,1013,6,0,2
1119292,1119,1013,7,0,2
1119293,1119,1013,8,0,1
1119294,1119,1013,9,0,4
1119295,1119,1013,10,0,1
1119401,1119,1014,1,0,8
1119402,1119,1014,2,0,2
1119403,1119,1014,3,0,1
1119404,1119,1014,4,0,4
1119405,1119,1014,5,0,4
1119406,1119,1014,6,0,3
1119407,1119,1014,6,1,1
1119408,1119,1014,6,2,1
1119409,1119,1014,7,0,2
1119410,1119,1014,7,1,1
1119411,1119,1014,7,2,1
1119412,1119,1014,8,0,2
1119413,1119,1014,8,1,1
1119414,1119,1014,8,2,1
1119415,1119,1014,9,0,4
1119416,1119,1014,10,0,2
1119300,1119,5,0,0,1
1119301,1119,5,1,6,4
1119302,1119,5,1,7,6
1119303,1119,5,2,1,6
1119304,1119,5,0,1,3
1119305,1119,5,0,2,3
1119306,1119,5,0,3,1
1119307,1119,5,0,4,5
1119308,1119,0,2,0,1
1119309,1119,0,3,0,5
1119310,1119,0,4,0,2
1119311,1119,0,5,0,5
1119312,1119,0,6,0,0
1119313,1119,5,0,5,3
1119400,1119,5,1,8,2
1120001,1120,0,0,0,1
1120002,1120,1,0,0,5
1120003,1120,1,1,0,2
1120004,1120,1,2,0,5
1120005,1120,1,3,0,2
1120006,1120,1,4,0,2
1120007,1120,1,5,0,5
1120008,1120,4,0,0,1
1120009,1120,7,0,0,1
1120010,1120,8,0,0,1
1120011,1120,3,1,0,1
1120012,1120,6,0,1,1
1120100,1120,2,103010,0,5
1120101,1120,2,103020,0,2
1120102,1120,2,103030,0,5
1120103,1120,2,103050,0,5
1120104,1120,2,103040,0,3
1120105,1120,2,105010,0,1
1120106,1120,2,105020,0,1
1120107,1120,2,105030,0,1
1120200,1120,2,101045,1,1
1120201,1120,2,102040,1,1
1120202,1120,2,101014,0,2
1120203,1120,2,101042,0,1
1120204,1120,2,101012,0,1
1120205,1120,2,101031,0,1
1120206,1120,2,101031,1,1
1120207,1120,2,101032,0,1
1120208,1120,2,101032,1,1
1120209,1120,2,101033,0,1
1120210,1120,2,101033,1,1
1120211,1120,2,101034,0,1
1120212,1120,2,101034,1,1
1120213,1120,2,102030,0,1
1120214,1120,2,102030,1,1
1120215,1120,2,104015,0,2
1120216,1120,2,104045,0,2
1120217,1120,2,106010,0,2
1120218,1120,2,106020,0,2
1120219,1120,2,106020,1,2
1120220,1120,2,106030,0,2
1120221,1120,2,106050,0,2
1120222,1120,2,106050,1,2
1120223,1120,2,106110,0,2
1120224,1120,2,106120,0,2
1120225,1120,2,106120,1,2
1120226,1120,2,106130,0,2
1120227,1120,2,106140,0,2
1120228,1120,2,106150,0,2
1120229,1120,2,106210,0,2
1120230,1120,2,106220,0,2
1120231,1120,2,106220,1,1
1120232,1120,2,106230,0,2
1120233,1120,2,106250,0,2
1120234,1120,9,1,0,2
1120235,1120,9,2,0,2
1120236,1120,9,3,0,1
1120237,1120,9,4,0,1
1120238,1120,9,3,4,4
1120239,1120,9,5,0,5
1120240,1120,9,6,0,4
1120241,1120,9,6,1,4
1120242,1120,9,6,2,4
1120243,1120,9,7,0,5
1120244,1120,9,7,1,4
1120245,1120,9,7,2,4
1120246,1120,9,7,3,6
1120247,1120,9,7,4,4
1120248,1120,9,7,5,4
1120249,1120,9,7,6,5
1120250,1120,9,8,0,5
1120251,1120,9,9,0,2
1120252,1120,2,108010,0,3
1120253,1120,2,108020,0,3
1120254,1120,2,108030,0,3
1120255,1120,2,108040,0,3
1120256,1120,2,107011,0,2
1120257,1120,2,107012,0,2
1120258,1120,2,107013,0,2
1120259,1120,2,107021,0,2
1120260,1120,2,107022,0,2
1120261,1120,2,107023,0,2
1120262,1120,2,107031,0,2
1120263,1120,2,107032,0,2
1120264,1120,2,107033,0,2
1120265,1120,2,107041,0,2
1120266,1120,2,107042,0,2
1120267,1120,2,107043,0,2
1120268,1120,2,107051,0,2
1120269,1120,2,107052,0,2
1120270,1120,2,107053,0,2
1120271,1120,10,0,0,2
1120272,1120,2,107030,0,1
1120273,1120,2,107030,1,1
1120274,1120,2,107040,1,1
1120275,1120,10,1,0,2
1120276,1120,5,9,0,2
1120277,1120,11,0,0,2
1120278,1120,11,1,0,2
1120279,1120,11,2,0,3
1120280,1120,2,109010,0,3
1120281,1120,2,109020,0,3
1120282,1120,2,109030,0,4
1120283,1120,5,0,6,1
1120286,1120,1013,1,0,4
1120287,1120,1013,2,0,4
1120288,1120,1013,3,0,4
1120289,1120,1013,4,0,4
1120290,1120,1013,5,0,2
1120291,1120,1013,6,0,2
1120292,1120,1013,7,0,3
1120293,1120,1013,8,0,1
1120294,1120,1013,9,0,3
1120295,1120,1013,10,0,1
1120401,1120,1014,1,0,2
1120402,1120,1014,2,0,1
1120403,1120,1014,3,0,3
1120404,1120,1014,4,0,4
1120405,1120,1014,5,0,3
1120406,1120,1014,6,0,3
1120407,1120,1014,6,1,3
1120408,1120,1014,6,2,3
1120409,1120,1014,7,0,4
1120410,1120,1014,7,1,3
1120411,1120,1014,7,2,3
1120412,1120,1014,8,0,4
1120413,1120,1014,8,1,3
1120414,1120,1014,8,2,3
1120415,1120,1014,9,0,4
1120416,1120,1014,10,0,2
1120300,1120,5,0,0,1
1120301,1120,5,1,6,4
1120302,1120,5,1,7,2
1120303,1120,5,2,1,4
1120304,1120,5,0,1,3
1120305,1120,5,0,2,3
1120306,1120,5,0,3,1
1120307,1120,5,0,4,5
1120308,1120,0,2,0,1
1120309,1120,0,3,0,5
1120310,1120,0,4,0,2
1120311,1120,0,5,0,5
1120312,1120,0,6,0,0
1120313,1120,5,0,5,2
1120400,1120,5,1,8,1
1121001,1121,0,0,0,2
1121002,1121,1,0,0,2
1121003,1121,1,1,0,2
1121004,1121,1,2,0,2
1121005,1121,1,3,0,2
1121006,1121,1,4,0,2
1121007,1121,1,5,0,3
1121008,1121,4,0,0,1
1121009,1121,7,0,0,2
1121010,1121,8,0,0,1
1121011,1121,3,1,0,1
1121012,1121,6,0,1,1
1121100,1121,2,103010,0,5
1121101,1121,2,103020,0,7
1121102,1121,2,103030,0,4
1121103,1121,2,103050,0,3
1121104,1121,2,103040,0,4
1121105,1121,2,105010,0,2
1121106,1121,2,105020,0,2
1121107,1121,2,105030,0,1
1121200,1121,2,101045,1,5
1121201,1121,2,102040,1,5
1121202,1121,2,101014,0,1
1121203,1121,2,101042,0,1
1121204,1121,2,101012,0,1
1121205,1121,2,101031,0,1
1121206,1121,2,101031,1,1
1121207,1121,2,101032,0,1
1121208,1121,2,101032,1,1
1121209,1121,2,101033,0,1
1121210,1121,2,101033,1,1
1121211,1121,2,101034,0,1
1121212,1121,2,101034,1,1
1121213,1121,2,102030,0,1
1121214,1121,2,102030,1,1
1121215,1121,2,104015,0,1
1121216,1121,2,104045,0,1
1121217,1121,2,106010,0,2
1121218,1121,2,106020,0,2
1121219,1121,2,106020,1,2
1121220,1121,2,106030,0,1
1121221,1121,2,106050,0,1
1121222,1121,2,106050,1,1
1121223,1121,2,106110,0,1
1121224,1121,2,106120,0,1
1121225,1121,2,106120,1,2
1121226,1121,2,106130,0,1
1121227,1121,2,106140,0,1
1121228,1121,2,106150,0,2
1121229,1121,2,106210,0,2
1121230,1121,2,106220,0,1
1121231,1121,2,106220,1,1
1121232,1121,2,106230,0,2
1121233,1121,2,106250,0,1
1121234,1121,9,1,0,1
1121235,1121,9,2,0,2
1121236,1121,9,3,0,2
1121237,1121,9,4,0,2
1121238,1121,9,3,4,5
1121239,1121,9,5,0,1
1121240,1121,9,6,0,4
1121241,1121,9,6,1,3
1121242,1121,9,6,2,3
1121243,1121,9,7,0,4
1121244,1121,9,7,1,3
1121245,1121,9,7,2,1
1121246,1121,9,7,3,2
1121247,1121,9,7,4,4
1121248,1121,9,7,5,4
1121249,1121,9,7,6,4
1121250,1121,9,8,0,4
1121251,1121,9,9,0,1
1121252,1121,2,108010,0,2
1121253,1121,2,108020,0,3
1121254,1121,2,108030,0,3
1121255,1121,2,108040,0,4
1121256,1121,2,107011,0,2
1121257,1121,2,107012,0,2
1121258,1121,2,107013,0,2
1121259,1121,2,107021,0,2
1121260,1121,2,107022,0,2
1121261,1121,2,107023,0,2
1121262,1121,2,107031,0,2
1121263,1121,2,107032,0,2
1121264,1121,2,107033,0,2
1121265,1121,2,107041,0,2
1121266,1121,2,107042,0,2
1121267,1121,2,107043,0,2
1121268,1121,2,107051,0,2
1121269,1121,2,107052,0,2
1121270,1121,2,107053,0,2
1121271,1121,10,0,0,1
1121272,1121,2,107030,0,1
1121273,1121,2,107030,1,1
1121274,1121,2,107040,1,5
1121275,1121,10,1,0,2
1121276,1121,5,9,0,2
1121277,1121,11,0,0,2
1121278,1121,11,1,0,1
1121279,1121,11,2,0,3
1121280,1121,2,109010,0,2
1121281,1121,2,109020,0,2
1121282,1121,2,109030,0,2
1121283,1121,5,0,6,2
1121286,1121,1013,1,0,3
1121287,1121,1013,2,0,2
1121288,1121,1013,3,0,2
1121289,1121,1013,4,0,3
1121290,1121,1013,5,0,1
1121291,1121,1013,6,0,1
1121292,1121,1013,7,0,1
1121293,1121,1013,8,0,1
1121294,1121,1013,9,0,3
1121295,1121,1013,10,0,1
1121401,1121,1014,1,0,1
1121402,1121,1014,2,0,1
1121403,1121,1014,3,0,2
1121404,1121,1014,4,0,2
1121405,1121,1014,5,0,1
1121406,1121,1014,6,0,1
1121407,1121,1014,6,1,1
1121408,1121,1014,6,2,1
1121409,1121,1014,7,0,2
1121410,1121,1014,7,1,1
1121411,1121,1014,7,2,1
1121412,1121,1014,8,0,2
1121413,1121,1014,8,1,1
1121414,1121,1014,8,2,1
1121415,1121,1014,9,0,1
1121416,1121,1014,10,0,2
1121300,1121,5,0,0,1
1121301,1121,5,1,6,5
1121302,1121,5,1,7,2
1121303,1121,5,2,1,7
1121304,1121,5,0,1,1
1121305,1121,5,0,2,1
1121306,1121,5,0,3,1
1121307,1121,5,0,4,2
1121308,1121,0,2,0,2
1121309,1121,0,3,0,3
1121310,1121,0,4,0,2
1121311,1121,0,5,0,3
1121312,1121,0,6,0,0
1121313,1121,5,0,5,2
1121400,1121,5,1,8,1
1124001,1124,0,0,0,1
1124002,1124,1,0,0,2
1124003,1124,1,1,0,2
1124004,1124,1,2,0,2
1124005,1124,1,3,0,4
1124006,1124,1,4,0,2
1124007,1124,1,5,0,2
1124008,1124,4,0,0,1
1124009,1124,7,0,0,2
1124010,1124,8,0,0,1
1124011,1124,3,1,0,1
1124012,1124,6,0,1,1
1124100,1124,2,103010,0,5
1124101,1124,2,103020,0,7
1124102,1124,2,103030,0,5
1124103,1124,2,103050,0,1
1124104,1124,2,103040,0,4
1124105,1124,2,105010,0,1
1124106,1124,2,105020,0,2
1124107,1124,2,105030,0,3
1124200,1124,2,101045,1,1
1124201,1124,2,102040,1,1
1124202,1124,2,101014,0,1
1124203,1124,2,101042,0,3
1124204,1124,2,101012,0,2
1124205,1124,2,101031,0,1
1124206,1124,2,101031,1,1
1124207,1124,2,101032,0,1
1124208,1124,2,101032,1,1
1124209,1124,2,101033,0,1
1124210,1124,2,101033,1,1
1124211,1124,2,101034,0,1
1124212,1124,2,101034,1,1
1124213,1124,2,102030,0,1
1124214,1124,2,102030,1,1
1124215,1124,2,104015,0,2
1124216,1124,2,104045,0,2
1124217,1124,2,106010,0,2
1124218,1124,2,106020,0,2
1124219,1124,2,106020,1,2
1124220,1124,2,106030,0,1
1124221,1124,2,106050,0,1
1124222,1124,2,106050,1,2
1124223,1124,2,106110,0,1
1124224,1124,2,106120,0,1
1124225,1124,2,106120,1,1
1124226,1124,2,106130,0,2
1124227,1124,2,106140,0,2
1124228,1124,2,106150,0,1
1124229,1124,2,106210,0,2
1124230,1124,2,106220,0,2
1124231,1124,2,106220,1,1
1124232,1124,2,106230,0,2
1124233,1124,2,106250,0,2
1124234,1124,9,1,0,1
1124235,1124,9,2,0,2
1124236,1124,9,3,0,3
1124237,1124,9,4,0,2
1124238,1124,9,3,4,6
1124239,1124,9,5,0,5
1124240,1124,9,6,0,3
1124241,1124,9,6,1,3
1124242,1124,9,6,2,4
1124243,1124,9,7,0,4
1124244,1124,9,7,1,2
1124245,1124,9,7,2,2
1124246,1124,9,7,3,4
1124247,1124,9,7,4,4
1124248,1124,9,7,5,4
1124249,1124,9,7,6,4
1124250,1124,9,8,0,2
1124251,1124,9,9,0,1
1124252,1124,2,108010,0,3
1124253,1124,2,108020,0,3
1124254,1124,2,108030,0,3
1124255,1124,2,108040,0,3
1124256,1124,2,107011,0,2
1124257,1124,2,107012,0,2
1124258,1124,2,107013,0,2
1124259,1124,2,107021,0,2
1124260,1124,2,107022,0,2
1124261,1124,2,107023,0,2
1124262,1124,2,107031,0,2
1124263,1124,2,107032,0,2
1124264,1124,2,107033,0,2
1124265,1124,2,107041,0,2
1124266,1124,2,107042,0,2
1124267,1124,2,107043,0,2
1124268,1124,2,107051,0,2
1124269,1124,2,107052,0,2
1124270,1124,2,107053,0,2
1124271,1124,10,0,0,2
1124272,1124,2,107030,0,1
1124273,1124,2,107030,1,1
1124274,1124,2,107040,1,1
1124275,1124,10,1,0,2
1124276,1124,5,9,0,2
1124277,1124,11,0,0,2
1124278,1124,11,1,0,2
1124279,1124,11,2,0,3
1124280,1124,2,109010,0,2
1124281,1124,2,109020,0,2
1124282,1124,2,109030,0,1
1124283,1124,5,0,6,2
1124286,1124,1013,1,0,4
1124287,1124,1013,2,0,4
1124288,1124,1013,3,0,3
1124289,1124,1013,4,0,2
1124290,1124,1013,5,0,3
1124291,1124,1013,6,0,3
1124292,1124,1013,7,0,3
1124293,1124,1013,8,0,1
1124294,1124,1013,9,0,3
1124295,1124,1013,10,0,1
1124401,1124,1014,1,0,1
1124402,1124,1014,2,0,1
1124403,1124,1014,3,0,2
1124404,1124,1014,4,0,1
1124405,1124,1014,5,0,1
1124406,1124,1014,6,0,1
1124407,1124,1014,6,1,1
1124408,1124,1014,6,2,1
1124409,1124,1014,7,0,2
1124410,1124,1014,7,1,1
1124411,1124,1014,7,2,1
1124412,1124,1014,8,0,1
1124413,1124,1014,8,1,1
1124414,1124,1014,8,2,1
1124415,1124,1014,9,0,2
1124416,1124,1014,10,0,2
1124300,1124,5,0,0,1
1124301,1124,5,1,6,1
1124302,1124,5,1,7,3
1124303,1124,5,2,1,6
1124304,1124,5,0,1,3
1124305,1124,5,0,2,3
1124306,1124,5,0,3,1
1124307,1124,5,0,4,2
1124308,1124,0,2,0,1
1124309,1124,0,3,0,5
1124310,1124,0,4,0,2
1124311,1124,0,5,0,2
1124312,1124,0,6,0,0
1124313,1124,5,0,5,2
1124400,1124,5,1,8,2
1126001,1126,0,0,0,2
1126002,1126,1,0,0,3
1126003,1126,1,1,0,3
1126004,1126,1,2,0,3
1126005,1126,1,3,0,2
1126006,1126,1,4,0,3
1126007,1126,1,5,0,3
1126008,1126,4,0,0,1
1126009,1126,7,0,0,2
1126010,1126,8,0,0,1
1126011,1126,3,1,0,1
1126012,1126,6,0,1,1
1126100,1126,2,103010,0,3
1126101,1126,2,103020,0,6
1126102,1126,2,103030,0,2
1126103,1126,2,103050,0,2
1126104,1126,2,103040,0,2
1126105,1126,2,105010,0,2
1126106,1126,2,105020,0,2
1126107,1126,2,105030,0,1
1126200,1126,2,101045,1,3
1126201,1126,2,102040,1,3
1126202,1126,2,101014,0,3
1126203,1126,2,101042,0,3
1126204,1126,2,101012,0,2
1126205,1126,2,101031,0,1
1126206,1126,2,101031,1,1
1126207,1126,2,101032,0,1
1126208,1126,2,101032,1,1
1126209,1126,2,101033,0,1
1126210,1126,2,101033,1,1
1126211,1126,2,101034,0,1
1126212,1126,2,101034,1,1
1126213,1126,2,102030,0,1
1126214,1126,2,102030,1,1
1126215,1126,2,104015,0,2
1126216,1126,2,104045,0,1
1126217,1126,2,106010,0,2
1126218,1126,2,106020,0,2
1126219,1126,2,106020,1,2
1126220,1126,2,106030,0,1
1126221,1126,2,106050,0,1
1126222,1126,2,106050,1,2
1126223,1126,2,106110,0,2
1126224,1126,2,106120,0,2
1126225,1126,2,106120,1,2
1126226,1126,2,106130,0,1
1126227,1126,2,106140,0,2
1126228,1126,2,106150,0,1
1126229,1126,2,106210,0,1
1126230,1126,2,106220,0,2
1126231,1126,2,106220,1,2
1126232,1126,2,106230,0,2
1126233,1126,2,106250,0,1
1126234,1126,9,1,0,1
1126235,1126,9,2,0,2
1126236,1126,9,3,0,2
1126237,1126,9,4,0,3
1126238,1126,9,3,4,2
1126239,1126,9,5,0,6
1126240,1126,9,6,0,4
1126241,1126,9,6,1,2
1126242,1126,9,6,2,5
1126243,1126,9,7,0,3
1126244,1126,9,7,1,4
1126245,1126,9,7,2,5
1126246,1126,9,7,3,3
1126247,1126,9,7,4,6
1126248,1126,9,7,5,6
1126249,1126,9,7,6,5
1126250,1126,9,8,0,3
1126251,1126,9,9,0,2
1126252,1126,2,108010,0,2
1126253,1126,2,108020,0,2
1126254,1126,2,108030,0,2
1126255,1126,2,108040,0,4
1126256,1126,2,107011,0,2
1126257,1126,2,107012,0,2
1126258,1126,2,107013,0,2
1126259,1126,2,107021,0,2
1126260,1126,2,107022,0,2
1126261,1126,2,107023,0,2
1126262,1126,2,107031,0,2
1126263,1126,2,107032,0,2
1126264,1126,2,107033,0,2
1126265,1126,2,107041,0,2
1126266,1126,2,107042,0,2
1126267,1126,2,107043,0,2
1126268,1126,2,107051,0,2
1126269,1126,2,107052,0,2
1126270,1126,2,107053,0,2
1126271,1126,10,0,0,2
1126272,1126,2,107030,0,1
1126273,1126,2,107030,1,1
1126274,1126,2,107040,1,3
1126275,1126,10,1,0,2
1126276,1126,5,9,0,2
1126277,1126,11,0,0,2
1126278,1126,11,1,0,1
1126279,1126,11,2,0,2
1126280,1126,2,109010,0,2
1126281,1126,2,109020,0,3
1126282,1126,2,109030,0,2
1126283,1126,5,0,6,3
1126286,1126,1013,1,0,3
1126287,1126,1013,2,0,5
1126288,1126,1013,3,0,4
1126289,1126,1013,4,0,5
1126290,1126,1013,5,0,3
1126291,1126,1013,6,0,2
1126292,1126,1013,7,0,2
1126293,1126,1013,8,0,1
1126294,1126,1013,9,0,2
1126295,1126,1013,10,0,1
1126401,1126,1014,1,0,8
1126402,1126,1014,2,0,2
1126403,1126,1014,3,0,2
1126404,1126,1014,4,0,4
1126405,1126,1014,5,0,1
1126406,1126,1014,6,0,1
1126407,1126,1014,6,1,1
1126408,1126,1014,6,2,1
1126409,1126,1014,7,0,2
1126410,1126,1014,7,1,1
1126411,1126,1014,7,2,1
1126412,1126,1014,8,0,2
1126413,1126,1014,8,1,1
1126414,1126,1014,8,2,1
1126415,1126,1014,9,0,2
1126416,1126,1014,10,0,2
1126300,1126,5,0,0,1
1126301,1126,5,1,6,2
1126302,1126,5,1,7,6
1126303,1126,5,2,1,7
1126304,1126,5,0,1,2
1126305,1126,5,0,2,2
1126306,1126,5,0,3,1
1126307,1126,5,0,4,3
1126308,1126,0,2,0,2
1126309,1126,0,3,0,3
1126310,1126,0,4,0,3
1126311,1126,0,5,0,3
1126312,1126,0,6,0,0
1126313,1126,5,0,5,3
1126400,1126,5,1,8,2
1127001,1127,0,0,0,1
1127002,1127,1,0,0,5
1127003,1127,1,1,0,2
1127004,1127,1,2,0,5
1127005,1127,1,3,0,2
1127006,1127,1,4,0,2
1127007,1127,1,5,0,2
1127008,1127,4,0,0,1
1127009,1127,7,0,0,1
1127010,1127,8,0,0,1
1127011,1127,3,1,0,1
1127012,1127,6,0,1,1
1127100,1127,2,103010,0,5
1127101,1127,2,103020,0,2
1127102,1127,2,103030,0,4
1127103,1127,2,103050,0,3
1127104,1127,2,103040,0,4
1127105,1127,2,105010,0,1
1127106,1127,2,105020,0,1
1127107,1127,2,105030,0,3
1127200,1127,2,101045,1,1
1127201,1127,2,102040,1,1
1127202,1127,2,101014,0,1
1127203,1127,2,101042,0,2
1127204,1127,2,101012,0,1
1127205,1127,2,101031,0,1
1127206,1127,2,101031,1,1
1127207,1127,2,101032,0,1
1127208,1127,2,101032,1,1
1127209,1127,2,101033,0,1
1127210,1127,2,101033,1,1
1127211,1127,2,101034,0,1
1127212,1127,2,101034,1,1
1127213,1127,2,102030,0,1
1127214,1127,2,102030,1,1
1127215,1127,2,104015,0,1
1127216,1127,2,104045,0,2
1127217,1127,2,106010,0,2
1127218,1127,2,106020,0,2
1127219,1127,2,106020,1,1
1127220,1127,2,106030,0,2
1127221,1127,2,106050,0,2
1127222,1127,2,106050,1,1
1127223,1127,2,106110,0,1
1127224,1127,2,106120,0,1
1127225,1127,2,106120,1,1
1127226,1127,2,106130,0,2
1127227,1127,2,106140,0,2
1127228,1127,2,106150,0,2
1127229,1127,2,106210,0,2
1127230,1127,2,106220,0,2
1127231,1127,2,106220,1,1
1127232,1127,2,106230,0,1
1127233,1127,2,106250,0,2
1127234,1127,9,1,0,1
1127235,1127,9,2,0,1
1127236,1127,9,3,0,3
1127237,1127,9,4,0,2
1127238,1127,9,3,4,6
1127239,1127,9,5,0,3
1127240,1127,9,6,0,4
1127241,1127,9,6,1,3
1127242,1127,9,6,2,4
1127243,1127,9,7,0,4
1127244,1127,9,7,1,2
1127245,1127,9,7,2,1
1127246,1127,9,7,3,2
1127247,1127,9,7,4,4
1127248,1127,9,7,5,5
1127249,1127,9,7,6,4
1127250,1127,9,8,0,5
1127251,1127,9,9,0,2
1127252,1127,2,108010,0,3
1127253,1127,2,108020,0,3
1127254,1127,2,108030,0,3
1127255,1127,2,108040,0,3
1127256,1127,2,107011,0,2
1127257,1127,2,107012,0,2
1127258,1127,2,107013,0,2
1127259,1127,2,107021,0,2
1127260,1127,2,107022,0,2
1127261,1127,2,107023,0,2
1127262,1127,2,107031,0,2
1127263,1127,2,107032,0,2
1127264,1127,2,107033,0,2
1127265,1127,2,107041,0,2
1127266,1127,2,107042,0,2
1127267,1127,2,107043,0,2
1127268,1127,2,107051,0,2
1127269,1127,2,107052,0,2
1127270,1127,2,107053,0,2
1127271,1127,10,0,0,2
1127272,1127,2,107030,0,1
1127273,1127,2,107030,1,1
1127274,1127,2,107040,1,1
1127275,1127,10,1,0,3
1127276,1127,5,9,0,3
1127277,1127,11,0,0,2
1127278,1127,11,1,0,1
1127279,1127,11,2,0,3
1127280,1127,2,109010,0,2
1127281,1127,2,109020,0,2
1127282,1127,2,109030,0,3
1127283,1127,5,0,6,1
1127286,1127,1013,1,0,4
1127287,1127,1013,2,0,2
1127288,1127,1013,3,0,3
1127289,1127,1013,4,0,2
1127290,1127,1013,5,0,2
1127291,1127,1013,6,0,1
1127292,1127,1013,7,0,3
1127293,1127,1013,8,0,1
1127294,1127,1013,9,0,3
1127295,1127,1013,10,0,1
1127401,1127,1014,1,0,8
1127402,1127,1014,2,0,1
1127403,1127,1014,3,0,3
1127404,1127,1014,4,0,3
1127405,1127,1014,5,0,1
1127406,1127,1014,6,0,1
1127407,1127,1014,6,1,1
1127408,1127,1014,6,2,1
1127409,1127,1014,7,0,1
1127410,1127,1014,7,1,1
1127411,1127,1014,7,2,1
1127412,1127,1014,8,0,1
1127413,1127,1014,8,1,1
1127414,1127,1014,8,2,1
1127415,1127,1014,9,0,2
1127416,1127,1014,10,0,1
1127300,1127,5,0,0,1
1127301,1127,5,1,6,4
1127302,1127,5,1,7,3
1127303,1127,5,2,1,5
1127304,1127,5,0,1,3
1127305,1127,5,0,2,3
1127306,1127,5,0,3,1
1127307,1127,5,0,4,5
1127308,1127,0,2,0,1
1127309,1127,0,3,0,5
1127310,1127,0,4,0,2
1127311,1127,0,5,0,5
1127312,1127,0,6,0,0
1127313,1127,5,0,5,2
1127400,1127,5,1,8,2
1129001,1129,0,0,0,1
1129002,1129,1,0,0,5
1129003,1129,1,1,0,2
1129004,1129,1,2,0,2
1129005,1129,1,3,0,4
1129006,1129,1,4,0,2
1129007,1129,1,5,0,5
1129008,1129,4,0,0,1
1129009,1129,7,0,0,2
1129010,1129,8,0,0,1
1129011,1129,3,1,0,1
1129012,1129,6,0,1,1
1129100,1129,2,103010,0,5
1129101,1129,2,103020,0,7
1129102,1129,2,103030,0,3
1129103,1129,2,103050,0,1
1129104,1129,2,103040,0,2
1129105,1129,2,105010,0,1
1129106,1129,2,105020,0,2
1129107,1129,2,105030,0,1
1129200,1129,2,101045,1,1
1129201,1129,2,102040,1,1
1129202,1129,2,101014,0,1
1129203,1129,2,101042,0,1
1129204,1129,2,101012,0,2
1129205,1129,2,101031,0,1
1129206,1129,2,101031,1,1
1129207,1129,2,101032,0,1
1129208,1129,2,101032,1,1
1129209,1129,2,101033,0,1
1129210,1129,2,101033,1,1
1129211,1129,2,101034,0,1
1129212,1129,2,101034,1,1
1129213,1129,2,102030,0,1
1129214,1129,2,102030,1,1
1129215,1129,2,104015,0,2
1129216,1129,2,104045,0,2
1129217,1129,2,106010,0,2
1129218,1129,2,106020,0,2
1129219,1129,2,106020,1,2
1129220,1129,2,106030,0,2
1129221,1129,2,106050,0,1
1129222,1129,2,106050,1,2
1129223,1129,2,106110,0,1
1129224,1129,2,106120,0,1
1129225,1129,2,106120,1,2
1129226,1129,2,106130,0,2
1129227,1129,2,106140,0,2
1129228,1129,2,106150,0,1
1129229,1129,2,106210,0,2
1129230,1129,2,106220,0,2
1129231,1129,2,106220,1,1
1129232,1129,2,106230,0,2
1129233,1129,2,106250,0,1
1129234,1129,9,1,0,1
1129235,1129,9,2,0,1
1129236,1129,9,3,0,3
1129237,1129,9,4,0,2
1129238,1129,9,3,4,6
1129239,1129,9,5,0,5
1129240,1129,9,6,0,2
1129241,1129,9,6,1,2
1129242,1129,9,6,2,2
1129243,1129,9,7,0,4
1129244,1129,9,7,1,2
1129245,1129,9,7,2,4
1129246,1129,9,7,3,3
1129247,1129,9,7,4,4
1129248,1129,9,7,5,4
1129249,1129,9,7,6,6
1129250,1129,9,8,0,4
1129251,1129,9,9,0,1
1129252,1129,2,108010,0,2
1129253,1129,2,108020,0,1
1129254,1129,2,108030,0,1
1129255,1129,2,108040,0,4
1129256,1129,2,107011,0,2
1129257,1129,2,107012,0,2
1129258,1129,2,107013,0,2
1129259,1129,2,107021,0,2
1129260,1129,2,107022,0,2
1129261,1129,2,107023,0,2
1129262,1129,2,107031,0,2
1129263,1129,2,107032,0,2
1129264,1129,2,107033,0,2
1129265,1129,2,107041,0,2
1129266,1129,2,107042,0,2
1129267,1129,2,107043,0,2
1129268,1129,2,107051,0,2
1129269,1129,2,107052,0,2
1129270,1129,2,107053,0,2
1129271,1129,10,0,0,2
1129272,1129,2,107030,0,1
1129273,1129,2,107030,1,1
1129274,1129,2,107040,1,1
1129275,1129,10,1,0,2
1129276,1129,5,9,0,2
1129277,1129,11,0,0,1
1129278,1129,11,1,0,1
1129279,1129,11,2,0,1
1129280,1129,2,109010,0,2
1129281,1129,2,109020,0,2
1129282,1129,2,109030,0,2
1129283,1129,5,0,6,3
1129286,1129,1013,1,0,4
1129287,1129,1013,2,0,2
1129288,1129,1013,3,0,2
1129289,1129,1013,4,0,2
1129290,1129,1013,5,0,2
1129291,1129,1013,6,0,3
1129292,1129,1013,7,0,3
1129293,1129,1013,8,0,1
1129294,1129,1013,9,0,3
1129295,1129,1013,10,0,1
1129401,1129,1014,1,0,1
1129402,1129,1014,2,0,1
1129403,1129,1014,3,0,3
1129404,1129,1014,4,0,4
1129405,1129,1014,5,0,4
1129406,1129,1014,6,0,2
1129407,1129,1014,6,1,1
1129408,1129,1014,6,2,1
1129409,1129,1014,7,0,2
1129410,1129,1014,7,1,1
1129411,1129,1014,7,2,1
1129412,1129,1014,8,0,2
1129413,1129,1014,8,1,1
1129414,1129,1014,8,2,1
1129415,1129,1014,9,0,2
1129416,1129,1014,10,0,2
1129300,1129,5,0,0,1
1129301,1129,5,1,6,1
1129302,1129,5,1,7,3
1129303,1129,5,2,1,5
1129304,1129,5,0,1,1
1129305,1129,5,0,2,1
1129306,1129,5,0,3,1
1129307,1129,5,0,4,2
1129308,1129,0,2,0,1
1129309,1129,0,3,0,5
1129310,1129,0,4,0,2
1129311,1129,0,5,0,2
1129312,1129,0,6,0,0
1129313,1129,5,0,5,2
1129400,1129,5,1,8,2
1133001,1133,0,0,0,4
1133002,1133,1,0,0,3
1133003,1133,1,1,0,3
1133004,1133,1,2,0,3
1133005,1133,1,3,0,2
1133006,1133,1,4,0,3
1133007,1133,1,5,0,3
1133008,1133,4,0,0,1
1133009,1133,7,0,0,1
1133010,1133,8,0,0,1
1133011,1133,3,1,0,1
1133012,1133,6,0,1,1
1133100,1133,2,103010,0,6
1133101,1133,2,103020,0,6
1133102,1133,2,103030,0,2
1133103,1133,2,103050,0,4
1133104,1133,2,103040,0,2
1133105,1133,2,105010,0,2
1133106,1133,2,105020,0,2
1133107,1133,2,105030,0,1
1133200,1133,2,101045,1,6
1133201,1133,2,102040,1,6
1133202,1133,2,101014,0,3
1133203,1133,2,101042,0,3
1133204,1133,2,101012,0,2
1133205,1133,2,101031,0,1
1133206,1133,2,101031,1,1
1133207,1133,2,101032,0,1
1133208,1133,2,101032,1,1
1133209,1133,2,101033,0,1
1133210,1133,2,101033,1,1
1133211,1133,2,101034,0,1
1133212,1133,2,101034,1,1
1133213,1133,2,102030,0,1
1133214,1133,2,102030,1,1
1133215,1133,2,104015,0,2
1133216,1133,2,104045,0,2
1133217,1133,2,106010,0,2
1133218,1133,2,106020,0,2
1133219,1133,2,106020,1,1
1133220,1133,2,106030,0,1
1133221,1133,2,106050,0,1
1133222,1133,2,106050,1,2
1133223,1133,2,106110,0,2
1133224,1133,2,106120,0,2
1133225,1133,2,106120,1,2
1133226,1133,2,106130,0,2
1133227,1133,2,106140,0,1
1133228,1133,2,106150,0,1
1133229,1133,2,106210,0,1
1133230,1133,2,106220,0,2
1133231,1133,2,106220,1,2
1133232,1133,2,106230,0,2
1133233,1133,2,106250,0,1
1133234,1133,9,1,0,1
1133235,1133,9,2,0,2
1133236,1133,9,3,0,2
1133237,1133,9,4,0,3
1133238,1133,9,3,4,2
1133239,1133,9,5,0,4
1133240,1133,9,6,0,2
1133241,1133,9,6,1,2
1133242,1133,9,6,2,3
1133243,1133,9,7,0,3
1133244,1133,9,7,1,5
1133245,1133,9,7,2,1
1133246,1133,9,7,3,3
1133247,1133,9,7,4,4
1133248,1133,9,7,5,5
1133249,1133,9,7,6,3
1133250,1133,9,8,0,3
1133251,1133,9,9,0,1
1133252,1133,2,108010,0,2
1133253,1133,2,108020,0,2
1133254,1133,2,108030,0,2
1133255,1133,2,108040,0,2
1133256,1133,2,107011,0,2
1133257,1133,2,107012,0,2
1133258,1133,2,107013,0,2
1133259,1133,2,107021,0,2
1133260,1133,2,107022,0,2
1133261,1133,2,107023,0,2
1133262,1133,2,107031,0,2
1133263,1133,2,107032,0,2
1133264,1133,2,107033,0,2
1133265,1133,2,107041,0,2
1133266,1133,2,107042,0,2
1133267,1133,2,107043,0,2
1133268,1133,2,107051,0,2
1133269,1133,2,107052,0,2
1133270,1133,2,107053,0,2
1133271,1133,10,0,0,1
1133272,1133,2,107030,0,1
1133273,1133,2,107030,1,1
1133274,1133,2,107040,1,6
1133275,1133,10,1,0,2
1133276,1133,5,9,0,2
1133277,1133,11,0,0,1
1133278,1133,11,1,0,1
1133279,1133,11,2,0,2
1133280,1133,2,109010,0,2
1133281,1133,2,109020,0,1
1133282,1133,2,109030,0,2
1133283,1133,5,0,6,3
1133286,1133,1013,1,0,3
1133287,1133,1013,2,0,2
1133288,1133,1013,3,0,2
1133289,1133,1013,4,0,3
1133290,1133,1013,5,0,3
1133291,1133,1013,6,0,2
1133292,1133,1013,7,0,2
1133293,1133,1013,8,0,1
1133294,1133,1013,9,0,2
1133295,1133,1013,10,0,1
1133401,1133,1014,1,0,8
1133402,1133,1014,2,0,4
1133403,1133,1014,3,0,1
1133404,1133,1014,4,0,3
1133405,1133,1014,5,0,4
1133406,1133,1014,6,0,2
1133407,1133,1014,6,1,1
1133408,1133,1014,6,2,1
1133409,1133,1014,7,0,2
1133410,1133,1014,7,1,1
1133411,1133,1014,7,2,1
1133412,1133,1014,8,0,2
1133413,1133,1014,8,1,1
1133414,1133,1014,8,2,1
1133415,1133,1014,9,0,2
1133416,1133,1014,10,0,3
1133300,1133,5,0,0,1
1133301,1133,5,1,6,5
1133302,1133,5,1,7,6
1133303,1133,5,2,1,2
1133304,1133,5,0,1,2
1133305,1133,5,0,2,2
1133306,1133,5,0,3,1
1133307,1133,5,0,4,3
1133308,1133,0,2,0,4
1133309,1133,0,3,0,3
1133310,1133,0,4,0,3
1133311,1133,0,5,0,3
1133312,1133,0,6,0,0
1133313,1133,5,0,5,3
1133400,1133,5,1,8,2
2007001,2007,0,0,0,3
2007002,2007,1,0,0,2
2007003,2007,1,1,0,2
2007004,2007,1,2,0,2
2007005,2007,1,3,0,1
2007006,2007,1,4,0,2
2007007,2007,1,5,0,2
2007008,2007,4,0,0,1
2007009,2007,7,0,0,1
2007010,2007,8,0,0,1
2007011,2007,3,1,0,1
2007012,2007,6,0,1,1
2007100,2007,2,103010,0,1
2007101,2007,2,103020,0,1
2007102,2007,2,103030,0,1
2007103,2007,2,103050,0,1
2007104,2007,2,103040,0,1
2007105,2007,2,105010,0,1
2007106,2007,2,105020,0,1
2007107,2007,2,105030,0,1
2007200,2007,2,101045,1,1
2007201,2007,2,102040,1,1
2007202,2007,2,101014,0,1
2007203,2007,2,101042,0,1
2007204,2007,2,101012,0,1
2007205,2007,2,101031,0,1
2007206,2007,2,101031,1,1
2007207,2007,2,101032,0,1
2007208,2007,2,101032,1,1
2007209,2007,2,101033,0,1
2007210,2007,2,101033,1,1
2007211,2007,2,101034,0,1
2007212,2007,2,101034,1,1
2007213,2007,2,102030,0,1
2007214,2007,2,102030,1,1
2007215,2007,2,104015,0,1
2007216,2007,2,104045,0,1
2007217,2007,2,106010,0,1
2007218,2007,2,106020,0,1
2007219,2007,2,106020,1,1
2007220,2007,2,106030,0,1
2007221,2007,2,106050,0,1
2007222,2007,2,106050,1,1
2007223,2007,2,106110,0,1
2007224,2007,2,106120,0,1
2007225,2007,2,106120,1,1
2007226,2007,2,106130,0,1
2007227,2007,2,106140,0,1
2007228,2007,2,106150,0,1
2007229,2007,2,106210,0,1
2007230,2007,2,106220,0,1
2007231,2007,2,106220,1,1
2007232,2007,2,106230,0,2
2007233,2007,2,106250,0,1
2007234,2007,9,1,0,1
2007235,2007,9,2,0,1
2007236,2007,9,3,0,1
2007237,2007,9,4,0,1
2007238,2007,9,3,4,1
2007239,2007,9,5,0,1
2007240,2007,9,6,0,1
2007241,2007,9,6,1,1
2007242,2007,9,6,2,1
2007243,2007,9,7,0,1
2007244,2007,9,7,1,1
2007245,2007,9,7,2,1
2007246,2007,9,7,3,1
2007247,2007,9,7,4,1
2007248,2007,9,7,5,1
2007249,2007,9,7,6,1
2007250,2007,9,8,0,1
2007251,2007,9,9,0,1
2007252,2007,2,108010,0,1
2007253,2007,2,108020,0,1
2007254,2007,2,108030,0,1
2007255,2007,2,108040,0,1
2007256,2007,2,107011,0,1
2007257,2007,2,107012,0,1
2007258,2007,2,107013,0,1
2007259,2007,2,107021,0,1
2007260,2007,2,107022,0,1
2007261,2007,2,107023,0,1
2007262,2007,2,107031,0,1
2007263,2007,2,107032,0,1
2007264,2007,2,107033,0,1
2007265,2007,2,107041,0,1
2007266,2007,2,107042,0,1
2007267,2007,2,107043,0,1
2007268,2007,2,107051,0,1
2007269,2007,2,107052,0,1
2007270,2007,2,107053,0,1
2007271,2007,10,0,0,1
2007272,2007,2,107030,0,1
2007273,2007,2,107030,1,1
2007274,2007,2,107040,1,1
2007275,2007,10,1,0,1
2007276,2007,5,9,0,1
2007277,2007,11,0,0,1
2007278,2007,11,1,0,1
2007279,2007,11,2,0,1
2007280,2007,2,109010,0,1
2007281,2007,2,109020,0,1
2007282,2007,2,109030,0,1
2007283,2007,5,0,6,1
2007286,2007,1013,1,0,1
2007287,2007,1013,2,0,1
2007288,2007,1013,3,0,1
2007289,2007,1013,4,0,0
2007290,2007,1013,5,0,0
2007291,2007,1013,6,0,0
2007292,2007,1013,7,0,1
2007293,2007,1013,8,0,1
2007294,2007,1013,9,0,0
2007295,2007,1013,10,0,1
2007401,2007,1014,1,0,1
2007402,2007,1014,2,0,1
2007403,2007,1014,3,0,1
2007404,2007,1014,4,0,1
2007405,2007,1014,5,0,1
2007406,2007,1014,6,0,1
2007407,2007,1014,6,1,1
2007408,2007,1014,6,2,1
2007409,2007,1014,7,0,1
2007410,2007,1014,7,1,1
2007411,2007,1014,7,2,1
2007412,2007,1014,8,0,1
2007413,2007,1014,8,1,1
2007414,2007,1014,8,2,1
2007415,2007,1014,9,0,1
2007416,2007,1014,10,0,1
2007300,2007,5,0,0,1
2007301,2007,5,1,6,1
2007302,2007,5,1,7,1
2007303,2007,5,2,1,1
2007304,2007,5,0,1,1
2007305,2007,5,0,2,1
2007306,2007,5,0,3,1
2007307,2007,5,0,4,2
2007308,2007,0,2,0,3
2007309,2007,0,3,0,2
2007310,2007,0,4,0,2
2007311,2007,0,5,0,2
2007312,2007,0,6,0,1
2007313,2007,5,0,5,2
2007400,2007,5,1,8,1
2008001,2008,0,0,0,1
2008002,2008,1,0,0,1
2008003,2008,1,1,0,1
2008004,2008,1,2,0,1
2008005,2008,1,3,0,1
2008006,2008,1,4,0,1
2008007,2008,1,5,0,1
2008008,2008,4,0,0,1
2008009,2008,7,0,0,1
2008010,2008,8,0,0,1
2008011,2008,3,1,0,1
2008012,2008,6,0,1,1
2008100,2008,2,103010,0,1
2008101,2008,2,103020,0,1
2008102,2008,2,103030,0,1
2008103,2008,2,103050,0,1
2008104,2008,2,103040,0,1
2008105,2008,2,105010,0,1
2008106,2008,2,105020,0,1
2008107,2008,2,105030,0,1
2008200,2008,2,101045,1,1
2008201,2008,2,102040,1,1
2008202,2008,2,101014,0,1
2008203,2008,2,101042,0,1
2008204,2008,2,101012,0,1
2008205,2008,2,101031,0,1
2008206,2008,2,101031,1,1
2008207,2008,2,101032,0,1
2008208,2008,2,101032,1,1
2008209,2008,2,101033,0,1
2008210,2008,2,101033,1,1
2008211,2008,2,101034,0,1
2008212,2008,2,101034,1,1
2008213,2008,2,102030,0,1
2008214,2008,2,102030,1,1
2008215,2008,2,104015,0,1
2008216,2008,2,104045,0,1
2008217,2008,2,106010,0,0
2008218,2008,2,106020,0,0
2008219,2008,2,106020,1,0
2008220,2008,2,106030,0,0
2008221,2008,2,106050,0,0
2008222,2008,2,106050,1,0
2008223,2008,2,106110,0,0
2008224,2008,2,106120,0,0
2008225,2008,2,106120,1,0
2008226,2008,2,106130,0,0
2008227,2008,2,106140,0,0
2008228,2008,2,106150,0,0
2008229,2008,2,106210,0,0
2008230,2008,2,106220,0,0
2008231,2008,2,106220,1,0
2008232,2008,2,106230,0,0
2008233,2008,2,106250,0,0
2008234,2008,9,1,0,1
2008235,2008,9,2,0,1
2008236,2008,9,3,0,1
2008237,2008,9,4,0,1
2008238,2008,9,3,4,1
2008239,2008,9,5,0,1
2008240,2008,9,6,0,1
2008241,2008,9,6,1,1
2008242,2008,9,6,2,1
2008243,2008,9,7,0,1
2008244,2008,9,7,1,1
2008245,2008,9,7,2,1
2008246,2008,9,7,3,1
2008247,2008,9,7,4,1
2008248,2008,9,7,5,1
2008249,2008,9,7,6,1
2008250,2008,9,8,0,1
2008251,2008,9,9,0,1
2008252,2008,2,108010,0,0
2008253,2008,2,108020,0,0
2008254,2008,2,108030,0,0
2008255,2008,2,108040,0,0
2008256,2008,2,107011,0,0
2008257,2008,2,107012,0,0
2008258,2008,2,107013,0,0
2008259,2008,2,107021,0,0
2008260,2008,2,107022,0,0
2008261,2008,2,107023,0,0
2008262,2008,2,107031,0,0
2008263,2008,2,107032,0,0
2008264,2008,2,107033,0,0
2008265,2008,2,107041,0,0
2008266,2008,2,107042,0,0
2008267,2008,2,107043,0,0
2008268,2008,2,107051,0,0
2008269,2008,2,107052,0,0
2008270,2008,2,107053,0,0
2008271,2008,10,0,0,1
2008272,2008,2,107030,0,1
2008273,2008,2,107030,1,1
2008274,2008,2,107040,1,1
2008275,2008,10,1,0,1
2008276,2008,5,9,0,1
2008277,2008,11,0,0,1
2008278,2008,11,1,0,1
2008279,2008,11,2,0,1
2008280,2008,2,109010,0,1
2008281,2008,2,109020,0,1
2008282,2008,2,109030,0,1
2008283,2008,5,0,6,1
2008286,2008,1013,1,0,1
2008287,2008,1013,2,0,1
2008288,2008,1013,3,0,1
2008289,2008,1013,4,0,0
2008290,2008,1013,5,0,0
2008291,2008,1013,6,0,0
2008292,2008,1013,7,0,1
2008293,2008,1013,8,0,1
2008294,2008,1013,9,0,0
2008295,2008,1013,10,0,1
2008401,2008,1014,1,0,1
2008402,2008,1014,2,0,1
2008403,2008,1014,3,0,1
2008404,2008,1014,4,0,1
2008405,2008,1014,5,0,1
2008406,2008,1014,6,0,1
2008407,2008,1014,6,1,1
2008408,2008,1014,6,2,1
2008409,2008,1014,7,0,1
2008410,2008,1014,7,1,1
2008411,2008,1014,7,2,1
2008412,2008,1014,8,0,1
2008413,2008,1014,8,1,1
2008414,2008,1014,8,2,1
2008415,2008,1014,9,0,1
2008416,2008,1014,10,0,1
2008300,2008,5,0,0,1
2008301,2008,5,1,6,1
2008302,2008,5,1,7,1
2008303,2008,5,2,1,1
2008304,2008,5,0,1,1
2008305,2008,5,0,2,1
2008306,2008,5,0,3,1
2008307,2008,5,0,4,1
2008308,2008,0,2,0,1
2008309,2008,0,3,0,1
2008310,2008,0,4,0,1
2008311,2008,0,5,0,1
2008312,2008,0,6,0,0
2008313,2008,5,0,5,1
2008400,2008,5,1,8,1
1131001,1131,0,0,0,1
1131002,1131,1,0,0,2
1131003,1131,1,1,0,2
1131004,1131,1,2,0,2
1131005,1131,1,3,0,4
1131006,1131,1,4,0,1
1131007,1131,1,5,0,2
1131008,1131,4,0,0,1
1131009,1131,7,0,0,2
1131010,1131,8,0,0,1
1131011,1131,3,1,0,1
1131012,1131,6,0,1,1
1131100,1131,2,103010,0,2
1131101,1131,2,103020,0,4
1131102,1131,2,103030,0,1
1131103,1131,2,103050,0,1
1131104,1131,2,103040,0,3
1131105,1131,2,105010,0,3
1131106,1131,2,105020,0,3
1131107,1131,2,105030,0,2
1131200,1131,2,101045,1,4
1131201,1131,2,102040,1,4
1131202,1131,2,101014,0,1
1131203,1131,2,101042,0,2
1131204,1131,2,101012,0,1
1131205,1131,2,101031,0,1
1131206,1131,2,101031,1,1
1131207,1131,2,101032,0,1
1131208,1131,2,101032,1,1
1131209,1131,2,101033,0,1
1131210,1131,2,101033,1,1
1131211,1131,2,101034,0,1
1131212,1131,2,101034,1,1
1131213,1131,2,102030,0,1
1131214,1131,2,102030,1,1
1131215,1131,2,104015,0,1
1131216,1131,2,104045,0,3
1131217,1131,2,106010,0,1
1131218,1131,2,106020,0,1
1131219,1131,2,106020,1,2
1131220,1131,2,106030,0,1
1131221,1131,2,106050,0,1
1131222,1131,2,106050,1,1
1131223,1131,2,106110,0,1
1131224,1131,2,106120,0,1
1131225,1131,2,106120,1,1
1131226,1131,2,106130,0,1
1131227,1131,2,106140,0,1
1131228,1131,2,106150,0,1
1131229,1131,2,106210,0,1
1131230,1131,2,106220,0,1
1131231,1131,2,106220,1,1
1131232,1131,2,106230,0,1
1131233,1131,2,106250,0,1
1131234,1131,9,1,0,1
1131235,1131,9,2,0,1
1131236,1131,9,3,0,1
1131237,1131,9,4,0,1
1131238,1131,9,3,4,1
1131239,1131,9,5,0,1
1131240,1131,9,6,0,1
1131241,1131,9,6,1,1
1131242,1131,9,6,2,2
1131243,1131,9,7,0,2
1131244,1131,9,7,1,1
1131245,1131,9,7,2,2
1131246,1131,9,7,3,5
1131247,1131,9,7,4,1
1131248,1131,9,7,5,2
1131249,1131,9,7,6,2
1131250,1131,9,8,0,2
1131251,1131,9,9,0,1
1131252,1131,2,108010,0,1
1131253,1131,2,108020,0,1
1131254,1131,2,108030,0,1
1131255,1131,2,108040,0,1
1131256,1131,2,107011,0,1
1131257,1131,2,107012,0,1
1131258,1131,2,107013,0,1
1131259,1131,2,107021,0,1
1131260,1131,2,107022,0,1
1131261,1131,2,107023,0,1
1131262,1131,2,107031,0,1
1131263,1131,2,107032,0,1
1131264,1131,2,107033,0,1
1131265,1131,2,107041,0,1
1131266,1131,2,107042,0,1
1131267,1131,2,107043,0,1
1131268,1131,2,107051,0,1
1131269,1131,2,107052,0,1
1131270,1131,2,107053,0,1
1131271,1131,10,0,0,2
1131272,1131,2,107030,0,1
1131273,1131,2,107030,1,1
1131274,1131,2,107040,1,4
1131275,1131,10,1,0,1
1131276,1131,5,9,0,1
1131277,1131,11,0,0,1
1131278,1131,11,1,0,1
1131279,1131,11,2,0,1
1131280,1131,2,109010,0,1
1131281,1131,2,109020,0,1
1131282,1131,2,109030,0,1
1131283,1131,5,0,6,2
1131286,1131,1013,1,0,2
1131287,1131,1013,2,0,1
1131288,1131,1013,3,0,1
1131289,1131,1013,4,0,2
1131290,1131,1013,5,0,1
1131291,1131,1013,6,0,1
1131292,1131,1013,7,0,1
1131293,1131,1013,8,0,1
1131294,1131,1013,9,0,1
1131295,1131,1013,10,0,1
1131401,1131,1014,1,0,7
1131402,1131,1014,2,0,3
1131403,1131,1014,3,0,3
1131404,1131,1014,4,0,1
1131405,1131,1014,5,0,2
1131406,1131,1014,6,0,1
1131407,1131,1014,6,1,1
1131408,1131,1014,6,2,1
1131409,1131,1014,7,0,3
1131410,1131,1014,7,1,1
1131411,1131,1014,7,2,1
1131412,1131,1014,8,0,1
1131413,1131,1014,8,1,1
1131414,1131,1014,8,2,1
1131415,1131,1014,9,0,1
1131416,1131,1014,10,0,1
1131300,1131,5,0,0,1
1131301,1131,5,1,6,3
1131302,1131,5,1,7,4
1131303,1131,5,2,1,3
1131304,1131,5,0,1,1
1131305,1131,5,0,2,1
1131306,1131,5,0,3,1
1131307,1131,5,0,4,2
1131308,1131,0,2,0,1
1131309,1131,0,3,0,1
1131310,1131,0,4,0,1
1131311,1131,0,5,0,1
1131312,1131,0,6,0,0
1131313,1131,5,0,5,2
1131400,1131,5,1,8,2
1128001,1128,0,0,0,3
1128002,1128,1,0,0,2
1128003,1128,1,1,0,2
1128004,1128,1,2,0,2
1128005,1128,1,3,0,1
1128006,1128,1,4,0,4
1128007,1128,1,5,0,4
1128008,1128,4,0,0,1
1128009,1128,7,0,0,2
1128010,1128,8,0,0,1
1128011,1128,3,1,0,1
1128012,1128,6,0,1,1
1128100,1128,2,103010,0,4
1128101,1128,2,103020,0,4
1128102,1128,2,103030,0,1
1128103,1128,2,103050,0,5
1128104,1128,2,103040,0,5
1128105,1128,2,105010,0,1
1128106,1128,2,105020,0,1
1128107,1128,2,105030,0,1
1128200,1128,2,101045,1,4
1128201,1128,2,102040,1,4
1128202,1128,2,101014,0,2
1128203,1128,2,101042,0,2
1128204,1128,2,101012,0,1
1128205,1128,2,101031,0,1
1128206,1128,2,101031,1,1
1128207,1128,2,101032,0,1
1128208,1128,2,101032,1,1
1128209,1128,2,101033,0,1
1128210,1128,2,101033,1,1
1128211,1128,2,101034,0,1
1128212,1128,2,101034,1,1
1128213,1128,2,102030,0,1
1128214,1128,2,102030,1,1
1128215,1128,2,104015,0,1
1128216,1128,2,104045,0,1
1128217,1128,2,106010,0,1
1128218,1128,2,106020,0,1
1128219,1128,2,106020,1,1
1128220,1128,2,106030,0,1
1128221,1128,2,106050,0,1
1128222,1128,2,106050,1,1
1128223,1128,2,106110,0,1
1128224,1128,2,106120,0,1
1128225,1128,2,106120,1,1
1128226,1128,2,106130,0,1
1128227,1128,2,106140,0,1
1128228,1128,2,106150,0,1
1128229,1128,2,106210,0,1
1128230,1128,2,106220,0,1
1128231,1128,2,106220,1,1
1128232,1128,2,106230,0,1
1128233,1128,2,106250,0,1
1128234,1128,9,1,0,1
1128235,1128,9,2,0,1
1128236,1128,9,3,0,1
1128237,1128,9,4,0,1
1128238,1128,9,3,4,4
1128239,1128,9,5,0,1
1128240,1128,9,6,0,1
1128241,1128,9,6,1,1
1128242,1128,9,6,2,1
1128243,1128,9,7,0,1
1128244,1128,9,7,1,1
1128245,1128,9,7,2,1
1128246,1128,9,7,3,1
1128247,1128,9,7,4,1
1128248,1128,9,7,5,1
1128249,1128,9,7,6,1
1128250,1128,9,8,0,2
1128251,1128,9,9,0,1
1128252,1128,2,108010,0,1
1128253,1128,2,108020,0,1
1128254,1128,2,108030,0,1
1128255,1128,2,108040,0,1
1128256,1128,2,107011,0,1
1128257,1128,2,107012,0,1
1128258,1128,2,107013,0,1
1128259,1128,2,107021,0,1
1128260,1128,2,107022,0,1
1128261,1128,2,107023,0,1
1128262,1128,2,107031,0,1
1128263,1128,2,107032,0,1
1128264,1128,2,107033,0,1
1128265,1128,2,107041,0,1
1128266,1128,2,107042,0,1
1128267,1128,2,107043,0,1
1128268,1128,2,107051,0,1
1128269,1128,2,107052,0,1
1128270,1128,2,107053,0,1
1128271,1128,10,0,0,1
1128272,1128,2,107030,0,1
1128273,1128,2,107030,1,1
1128274,1128,2,107040,1,4
1128275,1128,10,1,0,1
1128276,1128,5,9,0,1
1128277,1128,11,0,0,1
1128278,1128,11,1,0,1
1128279,1128,11,2,0,1
1128280,1128,2,109010,0,1
1128281,1128,2,109020,0,1
1128282,1128,2,109030,0,1
1128283,1128,5,0,6,1
1128286,1128,1013,1,0,1
1128287,1128,1013,2,0,6
1128288,1128,1013,3,0,1
1128289,1128,1013,4,0,1
1128290,1128,1013,5,0,1
1128291,1128,1013,6,0,1
1128292,1128,1013,7,0,1
1128293,1128,1013,8,0,1
1128294,1128,1013,9,0,1
1128295,1128,1013,10,0,1
1128401,1128,1014,1,0,4
1128402,1128,1014,2,0,3
1128403,1128,1014,3,0,3
1128404,1128,1014,4,0,1
1128405,1128,1014,5,0,1
1128406,1128,1014,6,0,1
1128407,1128,1014,6,1,1
1128408,1128,1014,6,2,1
1128409,1128,1014,7,0,3
1128410,1128,1014,7,1,1
1128411,1128,1014,7,2,1
1128412,1128,1014,8,0,1
1128413,1128,1014,8,1,1
1128414,1128,1014,8,2,1
1128415,1128,1014,9,0,1
1128416,1128,1014,10,0,1
1128300,1128,5,0,0,1
1128301,1128,5,1,6,1
1128302,1128,5,1,7,1
1128303,1128,5,2,1,3
1128304,1128,5,0,1,1
1128305,1128,5,0,2,1
1128306,1128,5,0,3,1
1128307,1128,5,0,4,2
1128308,1128,0,2,0,3
1128309,1128,0,3,0,1
1128310,1128,0,4,0,1
1128311,1128,0,5,0,2
1128312,1128,0,6,0,0
1128313,1128,5,0,5,2
1128400,1128,5,1,8,1
1132001,1132,0,0,0,2
1132002,1132,1,0,0,1
1132003,1132,1,1,0,1
1132004,1132,1,2,0,1
1132005,1132,1,3,0,2
1132006,1132,1,4,0,1
1132007,1132,1,5,0,1
1132008,1132,4,0,0,1
1132009,1132,7,0,0,2
1132010,1132,8,0,0,1
1132011,1132,3,1,0,1
1132012,1132,6,0,1,1
1132100,1132,2,103010,0,3
1132101,1132,2,103020,0,5
1132102,1132,2,103030,0,3
1132103,1132,2,103050,0,2
1132104,1132,2,103040,0,2
1132105,1132,2,105010,0,2
1132106,1132,2,105020,0,2
1132107,1132,2,105030,0,1
1132200,1132,2,101045,1,3
1132201,1132,2,102040,1,3
1132202,1132,2,101014,0,3
1132203,1132,2,101042,0,3
1132204,1132,2,101012,0,2
1132205,1132,2,101031,0,1
1132206,1132,2,101031,1,1
1132207,1132,2,101032,0,1
1132208,1132,2,101032,1,1
1132209,1132,2,101033,0,1
1132210,1132,2,101033,1,1
1132211,1132,2,101034,0,1
1132212,1132,2,101034,1,1
1132213,1132,2,102030,0,1
1132214,1132,2,102030,1,1
1132215,1132,2,104015,0,1
1132216,1132,2,104045,0,1
1132217,1132,2,106010,0,1
1132218,1132,2,106020,0,1
1132219,1132,2,106020,1,1
1132220,1132,2,106030,0,1
1132221,1132,2,106050,0,1
1132222,1132,2,106050,1,2
1132223,1132,2,106110,0,1
1132224,1132,2,106120,0,1
1132225,1132,2,106120,1,2
1132226,1132,2,106130,0,2
1132227,1132,2,106140,0,1
1132228,1132,2,106150,0,1
1132229,1132,2,106210,0,1
1132230,1132,2,106220,0,1
1132231,1132,2,106220,1,2
1132232,1132,2,106230,0,1
1132233,1132,2,106250,0,1
1132234,1132,9,1,0,1
1132235,1132,9,2,0,1
1132236,1132,9,3,0,1
1132237,1132,9,4,0,3
1132238,1132,9,3,4,4
1132239,1132,9,5,0,4
1132240,1132,9,6,0,1
1132241,1132,9,6,1,1
1132242,1132,9,6,2,1
1132243,1132,9,7,0,1
1132244,1132,9,7,1,2
1132245,1132,9,7,2,2
1132246,1132,9,7,3,1
1132247,1132,9,7,4,3
1132248,1132,9,7,5,1
1132249,1132,9,7,6,1
1132250,1132,9,8,0,1
1132251,1132,9,9,0,1
1132252,1132,2,108010,0,2
1132253,1132,2,108020,0,1
1132254,1132,2,108030,0,1
1132255,1132,2,108040,0,1
1132256,1132,2,107011,0,2
1132257,1132,2,107012,0,2
1132258,1132,2,107013,0,2
1132259,1132,2,107021,0,2
1132260,1132,2,107022,0,2
1132261,1132,2,107023,0,2
1132262,1132,2,107031,0,1
1132263,1132,2,107032,0,1
1132264,1132,2,107033,0,1
1132265,1132,2,107041,0,2
1132266,1132,2,107042,0,2
1132267,1132,2,107043,0,2
1132268,1132,2,107051,0,2
1132269,1132,2,107052,0,2
1132270,1132,2,107053,0,2
1132271,1132,10,0,0,1
1132272,1132,2,107030,0,1
1132273,1132,2,107030,1,1
1132274,1132,2,107040,1,3
1132275,1132,10,1,0,2
1132276,1132,5,9,0,2
1132277,1132,11,0,0,1
1132278,1132,11,1,0,2
1132279,1132,11,2,0,2
1132280,1132,2,109010,0,1
1132281,1132,2,109020,0,1
1132282,1132,2,109030,0,2
1132283,1132,5,0,6,3
1132286,1132,1013,1,0,3
1132287,1132,1013,2,0,2
1132288,1132,1013,3,0,2
1132289,1132,1013,4,0,3
1132290,1132,1013,5,0,3
1132291,1132,1013,6,0,1
1132292,1132,1013,7,0,2
1132293,1132,1013,8,0,1
1132294,1132,1013,9,0,1
1132295,1132,1013,10,0,1
1132401,1132,1014,1,0,1
1132402,1132,1014,2,0,1
1132403,1132,1014,3,0,1
1132404,1132,1014,4,0,1
1132405,1132,1014,5,0,1
1132406,1132,1014,6,0,2
1132407,1132,1014,6,1,1
1132408,1132,1014,6,2,1
1132409,1132,1014,7,0,2
1132410,1132,1014,7,1,1
1132411,1132,1014,7,2,1
1132412,1132,1014,8,0,1
1132413,1132,1014,8,1,1
1132414,1132,1014,8,2,1
1132415,1132,1014,9,0,1
1132416,1132,1014,10,0,3
1132300,1132,5,0,0,1
1132301,1132,5,1,6,1
1132302,1132,5,1,7,5
1132303,1132,5,2,1,1
1132304,1132,5,0,1,1
1132305,1132,5,0,2,1
1132306,1132,5,0,3,1
1132307,1132,5,0,4,1
1132308,1132,0,2,0,2
1132309,1132,0,3,0,3
1132310,1132,0,4,0,3
1132311,1132,0,5,0,3
1132312,1132,0,6,0,0
1132313,1132,5,0,5,1
1132400,1132,5,1,8,2
9046001,9046,0,0,0,2
9046002,9046,1,0,0,3
9046003,9046,1,1,0,3
9046004,9046,1,2,0,3
9046005,9046,1,3,0,2
9046006,9046,1,4,0,3
9046007,9046,1,5,0,3
9046008,9046,4,0,0,2
9046009,9046,7,0,0,1
9046010,9046,8,0,0,1
9046011,9046,3,1,0,1
9046012,9046,6,0,1,2
9046100,9046,2,103010,0,1
9046101,9046,2,103020,0,1
9046102,9046,2,103030,0,1
9046103,9046,2,103050,0,1
9046104,9046,2,103040,0,1
9046105,9046,2,105010,0,2
9046106,9046,2,105020,0,2
9046107,9046,2,105030,0,2
9046200,9046,2,101045,1,3
9046201,9046,2,102040,1,3
9046202,9046,2,101014,0,2
9046203,9046,2,101042,0,2
9046204,9046,2,101012,0,2
9046205,9046,2,101031,0,1
9046206,9046,2,101031,1,1
9046207,9046,2,101032,0,1
9046208,9046,2,101032,1,1
9046209,9046,2,101033,0,1
9046210,9046,2,101033,1,1
9046211,9046,2,101034,0,1
9046212,9046,2,101034,1,1
9046213,9046,2,102030,0,1
9046214,9046,2,102030,1,1
9046215,9046,2,104015,0,2
9046216,9046,2,104045,0,2
9046217,9046,2,106010,0,2
9046218,9046,2,106020,0,2
9046219,9046,2,106020,1,2
9046220,9046,2,106030,0,1
9046221,9046,2,106050,0,1
9046222,9046,2,106050,1,2
9046223,9046,2,106110,0,2
9046224,9046,2,106120,0,2
9046225,9046,2,106120,1,2
9046226,9046,2,106130,0,1
9046227,9046,2,106140,0,2
9046228,9046,2,106150,0,1
9046229,9046,2,106210,0,2
9046230,9046,2,106220,0,2
9046231,9046,2,106220,1,1
9046232,9046,2,106230,0,2
9046233,9046,2,106250,0,1
9046234,9046,9,1,0,1
9046235,9046,9,2,0,1
9046236,9046,9,3,0,1
9046237,9046,9,4,0,1
9046238,9046,9,3,4,1
9046239,9046,9,5,0,1
9046240,9046,9,6,0,1
9046241,9046,9,6,1,1
9046242,9046,9,6,2,1
9046243,9046,9,7,0,1
9046244,9046,9,7,1,1
9046245,9046,9,7,2,1
9046246,9046,9,7,3,1
9046247,9046,9,7,4,1
9046248,9046,9,7,5,1
9046249,9046,9,7,6,1
9046250,9046,9,8,0,1
9046251,9046,9,9,0,1
9046252,9046,2,108010,0,1
9046253,9046,2,108020,0,1
9046254,9046,2,108030,0,1
9046255,9046,2,108040,0,1
9046256,9046,2,107011,0,2
9046257,9046,2,107012,0,2
9046258,9046,2,107013,0,2
9046259,9046,2,107021,0,2
9046260,9046,2,107022,0,2
9046261,9046,2,107023,0,2
9046262,9046,2,107031,0,2
9046263,9046,2,107032,0,2
9046264,9046,2,107033,0,2
9046265,9046,2,107041,0,2
9046266,9046,2,107042,0,2
9046267,9046,2,107043,0,2
9046268,9046,2,107051,0,2
9046269,9046,2,107052,0,2
9046270,9046,2,107053,0,2
9046271,9046,10,0,0,1
9046272,9046,2,107030,0,1
9046273,9046,2,107030,1,1
9046274,9046,2,107040,1,3
9046275,9046,10,1,0,2
9046276,9046,5,9,0,2
9046277,9046,11,0,0,1
9046278,9046,11,1,0,2
9046279,9046,11,2,0,2
9046280,9046,2,109010,0,2
9046281,9046,2,109020,0,2
9046282,9046,2,109030,0,2
9046283,9046,5,0,6,2
9046286,9046,1013,1,0,1
9046287,9046,1013,2,0,1
9046288,9046,1013,3,0,1
9046289,9046,1013,4,0,0
9046290,9046,1013,5,0,0
9046291,9046,1013,6,0,0
9046292,9046,1013,7,0,2
9046293,9046,1013,8,0,1
9046294,9046,1013,9,0,0
9046295,9046,1013,10,0,1
9046401,9046,1014,1,0,1
9046402,9046,1014,2,0,1
9046403,9046,1014,3,0,1
9046404,9046,1014,4,0,1
9046405,9046,1014,5,0,1
9046406,9046,1014,6,0,1
9046407,9046,1014,6,1,1
9046408,9046,1014,6,2,1
9046409,9046,1014,7,0,1
9046410,9046,1014,7,1,1
9046411,9046,1014,7,2,1
9046412,9046,1014,8,0,1
9046413,9046,1014,8,1,1
9046414,9046,1014,8,2,1
9046415,9046,1014,9,0,1
9046416,9046,1014,10,0,1
9046300,9046,5,0,0,1
9046301,9046,5,1,6,2
9046302,9046,5,1,7,2
9046303,9046,5,2,1,2
9046304,9046,5,0,1,2
9046305,9046,5,0,2,2
9046306,9046,5,0,3,1
9046307,9046,5,0,4,3
9046308,9046,0,2,0,2
9046309,9046,0,3,0,2
9046310,9046,0,4,0,2
9046311,9046,0,5,0,2
9046312,9046,0,6,0,1
9046313,9046,5,0,5,3
9046400,9046,5,1,8,1
9047001,9047,0,0,0,1
9047002,9047,1,0,0,5
9047003,9047,1,1,0,3
9047004,9047,1,2,0,5
9047005,9047,1,3,0,4
9047006,9047,1,4,0,2
9047007,9047,1,5,0,5
9047008,9047,4,0,0,2
9047009,9047,7,0,0,1
9047010,9047,8,0,0,1
9047011,9047,3,1,0,1
9047012,9047,6,0,1,2
9047100,9047,2,103010,0,1
9047101,9047,2,103020,0,1
9047102,9047,2,103030,0,1
9047103,9047,2,103050,0,1
9047104,9047,2,103040,0,1
9047105,9047,2,105010,0,2
9047106,9047,2,105020,0,2
9047107,9047,2,105030,0,2
9047200,9047,2,101045,1,5
9047201,9047,2,102040,1,5
9047202,9047,2,101014,0,2
9047203,9047,2,101042,0,2
9047204,9047,2,101012,0,2
9047205,9047,2,101031,0,1
9047206,9047,2,101031,1,1
9047207,9047,2,101032,0,1
9047208,9047,2,101032,1,1
9047209,9047,2,101033,0,1
9047210,9047,2,101033,1,1
9047211,9047,2,101034,0,1
9047212,9047,2,101034,1,1
9047213,9047,2,102030,0,1
9047214,9047,2,102030,1,1
9047215,9047,2,104015,0,2
9047216,9047,2,104045,0,2
9047217,9047,2,106010,0,2
9047218,9047,2,106020,0,2
9047219,9047,2,106020,1,2
9047220,9047,2,106030,0,1
9047221,9047,2,106050,0,1
9047222,9047,2,106050,1,2
9047223,9047,2,106110,0,1
9047224,9047,2,106120,0,1
9047225,9047,2,106120,1,1
9047226,9047,2,106130,0,2
9047227,9047,2,106140,0,2
9047228,9047,2,106150,0,2
9047229,9047,2,106210,0,2
9047230,9047,2,106220,0,2
9047231,9047,2,106220,1,1
9047232,9047,2,106230,0,2
9047233,9047,2,106250,0,2
9047234,9047,9,1,0,1
9047235,9047,9,2,0,1
9047236,9047,9,3,0,1
9047237,9047,9,4,0,1
9047238,9047,9,3,4,1
9047239,9047,9,5,0,1
9047240,9047,9,6,0,1
9047241,9047,9,6,1,1
9047242,9047,9,6,2,1
9047243,9047,9,7,0,1
9047244,9047,9,7,1,1
9047245,9047,9,7,2,1
9047246,9047,9,7,3,1
9047247,9047,9,7,4,1
9047248,9047,9,7,5,1
9047249,9047,9,7,6,1
9047250,9047,9,8,0,1
9047251,9047,9,9,0,1
9047252,9047,2,108010,0,1
9047253,9047,2,108020,0,1
9047254,9047,2,108030,0,1
9047255,9047,2,108040,0,1
9047256,9047,2,107011,0,2
9047257,9047,2,107012,0,2
9047258,9047,2,107013,0,2
9047259,9047,2,107021,0,2
9047260,9047,2,107022,0,2
9047261,9047,2,107023,0,2
9047262,9047,2,107031,0,2
9047263,9047,2,107032,0,2
9047264,9047,2,107033,0,2
9047265,9047,2,107041,0,2
9047266,9047,2,107042,0,2
9047267,9047,2,107043,0,2
9047268,9047,2,107051,0,2
9047269,9047,2,107052,0,2
9047270,9047,2,107053,0,2
9047271,9047,10,0,0,1
9047272,9047,2,107030,0,1
9047273,9047,2,107030,1,1
9047274,9047,2,107040,1,5
9047275,9047,10,1,0,2
9047276,9047,5,9,0,2
9047277,9047,11,0,0,2
9047278,9047,11,1,0,2
9047279,9047,11,2,0,3
9047280,9047,2,109010,0,2
9047281,9047,2,109020,0,2
9047282,9047,2,109030,0,1
9047283,9047,5,0,6,2
9047286,9047,1013,1,0,1
9047287,9047,1013,2,0,1
9047288,9047,1013,3,0,1
9047289,9047,1013,4,0,0
9047290,9047,1013,5,0,0
9047291,9047,1013,6,0,0
9047292,9047,1013,7,0,3
9047293,9047,1013,8,0,1
9047294,9047,1013,9,0,0
9047295,9047,1013,10,0,1
9047401,9047,1014,1,0,1
9047402,9047,1014,2,0,1
9047403,9047,1014,3,0,1
9047404,9047,1014,4,0,1
9047405,9047,1014,5,0,1
9047406,9047,1014,6,0,1
9047407,9047,1014,6,1,1
9047408,9047,1014,6,2,1
9047409,9047,1014,7,0,1
9047410,9047,1014,7,1,1
9047411,9047,1014,7,2,1
9047412,9047,1014,8,0,1
9047413,9047,1014,8,1,1
9047414,9047,1014,8,2,1
9047415,9047,1014,9,0,1
9047416,9047,1014,10,0,1
9047300,9047,5,0,0,1
9047301,9047,5,1,6,2
9047302,9047,5,1,7,2
9047303,9047,5,2,1,2
9047304,9047,5,0,1,2
9047305,9047,5,0,2,2
9047306,9047,5,0,3,1
9047307,9047,5,0,4,5
9047308,9047,0,2,0,1
9047309,9047,0,3,0,3
9047310,9047,0,4,0,3
9047311,9047,0,5,0,3
9047312,9047,0,6,0,0
9047313,9047,5,0,5,3
9047400,9047,5,1,8,1
9048001,9048,0,0,0,2
9048002,9048,1,0,0,1
9048003,9048,1,1,0,1
9048004,9048,1,2,0,1
9048005,9048,1,3,0,5
9048006,9048,1,4,0,1
9048007,9048,1,5,0,4
9048008,9048,4,0,0,2
9048009,9048,7,0,0,1
9048010,9048,8,0,0,1
9048011,9048,3,1,0,1
9048012,9048,6,0,1,2
9048100,9048,2,103010,0,1
9048101,9048,2,103020,0,1
9048102,9048,2,103030,0,1
9048103,9048,2,103050,0,1
9048104,9048,2,103040,0,1
9048105,9048,2,105010,0,2
9048106,9048,2,105020,0,2
9048107,9048,2,105030,0,2
9048200,9048,2,101045,1,3
9048201,9048,2,102040,1,3
9048202,9048,2,101014,0,2
9048203,9048,2,101042,0,2
9048204,9048,2,101012,0,2
9048205,9048,2,101031,0,1
9048206,9048,2,101031,1,1
9048207,9048,2,101032,0,1
9048208,9048,2,101032,1,1
9048209,9048,2,101033,0,1
9048210,9048,2,101033,1,1
9048211,9048,2,101034,0,1
9048212,9048,2,101034,1,1
9048213,9048,2,102030,0,1
9048214,9048,2,102030,1,1
9048215,9048,2,104015,0,2
9048216,9048,2,104045,0,2
9048217,9048,2,106010,0,1
9048218,9048,2,106020,0,1
9048219,9048,2,106020,1,1
9048220,9048,2,106030,0,1
9048221,9048,2,106050,0,1
9048222,9048,2,106050,1,2
9048223,9048,2,106110,0,1
9048224,9048,2,106120,0,1
9048225,9048,2,106120,1,1
9048226,9048,2,106130,0,3
9048227,9048,2,106140,0,1
9048228,9048,2,106150,0,1
9048229,9048,2,106210,0,1
9048230,9048,2,106220,0,1
9048231,9048,2,106220,1,2
9048232,9048,2,106230,0,1
9048233,9048,2,106250,0,1
9048234,9048,9,1,0,1
9048235,9048,9,2,0,1
9048236,9048,9,3,0,1
9048237,9048,9,4,0,1
9048238,9048,9,3,4,1
9048239,9048,9,5,0,1
9048240,9048,9,6,0,1
9048241,9048,9,6,1,1
9048242,9048,9,6,2,1
9048243,9048,9,7,0,1
9048244,9048,9,7,1,1
9048245,9048,9,7,2,1
9048246,9048,9,7,3,1
9048247,9048,9,7,4,1
9048248,9048,9,7,5,1
9048249,9048,9,7,6,1
9048250,9048,9,8,0,1
9048251,9048,9,9,0,1
9048252,9048,2,108010,0,1
9048253,9048,2,108020,0,1
9048254,9048,2,108030,0,1
9048255,9048,2,108040,0,1
9048256,9048,2,107011,0,1
9048257,9048,2,107012,0,1
9048258,9048,2,107013,0,1
9048259,9048,2,107021,0,1
9048260,9048,2,107022,0,1
9048261,9048,2,107023,0,1
9048262,9048,2,107031,0,1
9048263,9048,2,107032,0,1
9048264,9048,2,107033,0,1
9048265,9048,2,107041,0,1
9048266,9048,2,107042,0,1
9048267,9048,2,107043,0,1
9048268,9048,2,107051,0,1
9048269,9048,2,107052,0,1
9048270,9048,2,107053,0,1
9048271,9048,10,0,0,1
9048272,9048,2,107030,0,1
9048273,9048,2,107030,1,1
9048274,9048,2,107040,1,3
9048275,9048,10,1,0,1
9048276,9048,5,9,0,1
9048277,9048,11,0,0,1
9048278,9048,11,1,0,2
9048279,9048,11,2,0,2
9048280,9048,2,109010,0,2
9048281,9048,2,109020,0,1
9048282,9048,2,109030,0,1
9048283,9048,5,0,6,2
9048286,9048,1013,1,0,1
9048287,9048,1013,2,0,1
9048288,9048,1013,3,0,1
9048289,9048,1013,4,0,0
9048290,9048,1013,5,0,0
9048291,9048,1013,6,0,0
9048292,9048,1013,7,0,2
9048293,9048,1013,8,0,1
9048294,9048,1013,9,0,0
9048295,9048,1013,10,0,1
9048401,9048,1014,1,0,1
9048402,9048,1014,2,0,1
9048403,9048,1014,3,0,1
9048404,9048,1014,4,0,1
9048405,9048,1014,5,0,1
9048406,9048,1014,6,0,1
9048407,9048,1014,6,1,1
9048408,9048,1014,6,2,1
9048409,9048,1014,7,0,1
9048410,9048,1014,7,1,1
9048411,9048,1014,7,2,1
9048412,9048,1014,8,0,1
9048413,9048,1014,8,1,1
9048414,9048,1014,8,2,1
9048415,9048,1014,9,0,1
9048416,9048,1014,10,0,1
9048300,9048,5,0,0,1
9048301,9048,5,1,6,2
9048302,9048,5,1,7,2
9048303,9048,5,2,1,2
9048304,9048,5,0,1,2
9048305,9048,5,0,2,2
9048306,9048,5,0,3,1
9048307,9048,5,0,4,1
9048308,9048,0,2,0,2
9048309,9048,0,3,0,5
9048310,9048,0,4,0,2
9048311,9048,0,5,0,5
9048312,9048,0,6,0,0
9048313,9048,5,0,5,1
9048400,9048,5,1,8,1
1130001,1130,0,0,0,4
1130002,1130,1,0,0,3
1130003,1130,1,1,0,3
1130004,1130,1,2,0,5
1130005,1130,1,3,0,4
1130006,1130,1,4,0,3
1130007,1130,1,5,0,3
1130008,1130,4,0,0,1
1130009,1130,7,0,0,1
1130010,1130,8,0,0,1
1130011,1130,3,1,0,1
1130012,1130,6,0,1,1
1130100,1130,2,103010,0,6
1130101,1130,2,103020,0,1
1130102,1130,2,103030,0,2
1130103,1130,2,103050,0,1
1130104,1130,2,103040,0,4
1130105,1130,2,105010,0,2
1130106,1130,2,105020,0,2
1130107,1130,2,105030,0,1
1130200,1130,2,101045,1,5
1130201,1130,2,102040,1,5
1130202,1130,2,101014,0,3
1130203,1130,2,101042,0,3
1130204,1130,2,101012,0,2
1130205,1130,2,101031,0,1
1130206,1130,2,101031,1,1
1130207,1130,2,101032,0,1
1130208,1130,2,101032,1,1
1130209,1130,2,101033,0,1
1130210,1130,2,101033,1,1
1130211,1130,2,101034,0,1
1130212,1130,2,101034,1,1
1130213,1130,2,102030,0,1
1130214,1130,2,102030,1,1
1130215,1130,2,104015,0,1
1130216,1130,2,104045,0,3
1130217,1130,2,106010,0,2
1130218,1130,2,106020,0,2
1130219,1130,2,106020,1,1
1130220,1130,2,106030,0,1
1130221,1130,2,106050,0,1
1130222,1130,2,106050,1,2
1130223,1130,2,106110,0,2
1130224,1130,2,106120,0,1
1130225,1130,2,106120,1,2
1130226,1130,2,106130,0,2
1130227,1130,2,106140,0,1
1130228,1130,2,106150,0,1
1130229,1130,2,106210,0,2
1130230,1130,2,106220,0,2
1130231,1130,2,106220,1,1
1130232,1130,2,106230,0,1
1130233,1130,2,106250,0,1
1130234,1130,9,1,0,1
1130235,1130,9,2,0,2
1130236,1130,9,3,0,2
1130237,1130,9,4,0,3
1130238,1130,9,3,4,2
1130239,1130,9,5,0,6
1130240,1130,9,6,0,2
1130241,1130,9,6,1,2
1130242,1130,9,6,2,3
1130243,1130,9,7,0,3
1130244,1130,9,7,1,3
1130245,1130,9,7,2,3
1130246,1130,9,7,3,3
1130247,1130,9,7,4,3
1130248,1130,9,7,5,3
1130249,1130,9,7,6,3
1130250,1130,9,8,0,3
1130251,1130,9,9,0,2
1130252,1130,2,108010,0,4
1130253,1130,2,108020,0,2
1130254,1130,2,108030,0,4
1130255,1130,2,108040,0,4
1130256,1130,2,107011,0,2
1130257,1130,2,107012,0,2
1130258,1130,2,107013,0,2
1130259,1130,2,107021,0,2
1130260,1130,2,107022,0,2
1130261,1130,2,107023,0,2
1130262,1130,2,107031,0,2
1130263,1130,2,107032,0,2
1130264,1130,2,107033,0,2
1130265,1130,2,107041,0,2
1130266,1130,2,107042,0,2
1130267,1130,2,107043,0,2
1130268,1130,2,107051,0,2
1130269,1130,2,107052,0,2
1130270,1130,2,107053,0,2
1130271,1130,10,0,0,2
1130272,1130,2,107030,0,1
1130273,1130,2,107030,1,1
1130274,1130,2,107040,1,5
1130275,1130,10,1,0,2
1130276,1130,5,9,0,2
1130277,1130,11,0,0,2
1130278,1130,11,1,0,2
1130279,1130,11,2,0,2
1130280,1130,2,109010,0,2
1130281,1130,2,109020,0,2
1130282,1130,2,109030,0,2
1130283,1130,5,0,6,3
1130286,1130,1013,1,0,3
1130287,1130,1013,2,0,5
1130288,1130,1013,3,0,4
1130289,1130,1013,4,0,3
1130290,1130,1013,5,0,3
1130291,1130,1013,6,0,2
1130292,1130,1013,7,0,2
1130293,1130,1013,8,0,1
1130294,1130,1013,9,0,4
1130295,1130,1013,10,0,1
1130401,1130,1014,1,0,8
1130402,1130,1014,2,0,1
1130403,1130,1014,3,0,2
1130404,1130,1014,4,0,4
1130405,1130,1014,5,0,4
1130406,1130,1014,6,0,2
1130407,1130,1014,6,1,1
1130408,1130,1014,6,2,1
1130409,1130,1014,7,0,2
1130410,1130,1014,7,1,1
1130411,1130,1014,7,2,1
1130412,1130,1014,8,0,2
1130413,1130,1014,8,1,1
1130414,1130,1014,8,2,1
1130415,1130,1014,9,0,2
1130416,1130,1014,10,0,2
1130300,1130,5,0,0,1
1130301,1130,5,1,6,5
1130302,1130,5,1,7,6
1130303,1130,5,2,1,7
1130304,1130,5,0,1,3
1130305,1130,5,0,2,3
1130306,1130,5,0,3,1
1130307,1130,5,0,4,5
1130308,1130,0,2,0,4
1130309,1130,0,3,0,1
1130310,1130,0,4,0,3
1130311,1130,0,5,0,1
1130312,1130,0,6,0,0
1130313,1130,5,0,5,3
1130400,1130,5,1,8,2
1134001,1134,0,0,0,4
1134002,1134,1,0,0,3
1134003,1134,1,1,0,3
1134004,1134,1,2,0,3
1134005,1134,1,3,0,1
1134006,1134,1,4,0,3
1134007,1134,1,5,0,3
1134008,1134,4,0,0,1
1134009,1134,7,0,0,1
1134010,1134,8,0,0,1
1134011,1134,3,1,0,1
1134012,1134,6,0,1,1
1134100,1134,2,103010,0,6
1134101,1134,2,103020,0,6
1134102,1134,2,103030,0,2
1134103,1134,2,103050,0,2
1134104,1134,2,103040,0,2
1134105,1134,2,105010,0,2
1134106,1134,2,105020,0,2
1134107,1134,2,105030,0,1
1134200,1134,2,101045,1,6
1134201,1134,2,102040,1,6
1134202,1134,2,101014,0,3
1134203,1134,2,101042,0,3
1134204,1134,2,101012,0,2
1134205,1134,2,101031,0,1
1134206,1134,2,101031,1,1
1134207,1134,2,101032,0,1
1134208,1134,2,101032,1,1
1134209,1134,2,101033,0,1
1134210,1134,2,101033,1,1
1134211,1134,2,101034,0,1
1134212,1134,2,101034,1,1
1134213,1134,2,102030,0,1
1134214,1134,2,102030,1,1
1134215,1134,2,104015,0,2
1134216,1134,2,104045,0,1
1134217,1134,2,106010,0,2
1134218,1134,2,106020,0,2
1134219,1134,2,106020,1,1
1134220,1134,2,106030,0,1
1134221,1134,2,106050,0,1
1134222,1134,2,106050,1,2
1134223,1134,2,106110,0,2
1134224,1134,2,106120,0,2
1134225,1134,2,106120,1,2
1134226,1134,2,106130,0,2
1134227,1134,2,106140,0,2
1134228,1134,2,106150,0,1
1134229,1134,2,106210,0,1
1134230,1134,2,106220,0,2
1134231,1134,2,106220,1,2
1134232,1134,2,106230,0,2
1134233,1134,2,106250,0,1
1134234,1134,9,1,0,1
1134235,1134,9,2,0,2
1134236,1134,9,3,0,2
1134237,1134,9,4,0,3
1134238,1134,9,3,4,5
1134239,1134,9,5,0,4
1134240,1134,9,6,0,2
1134241,1134,9,6,1,2
1134242,1134,9,6,2,3
1134243,1134,9,7,0,3
1134244,1134,9,7,1,1
1134245,1134,9,7,2,3
1134246,1134,9,7,3,1
1134247,1134,9,7,4,5
1134248,1134,9,7,5,3
1134249,1134,9,7,6,3
1134250,1134,9,8,0,3
1134251,1134,9,9,0,1
1134252,1134,2,108010,0,4
1134253,1134,2,108020,0,2
1134254,1134,2,108030,0,2
1134255,1134,2,108040,0,2
1134256,1134,2,107011,0,2
1134257,1134,2,107012,0,2
1134258,1134,2,107013,0,2
1134259,1134,2,107021,0,2
1134260,1134,2,107022,0,2
1134261,1134,2,107023,0,2
1134262,1134,2,107031,0,2
1134263,1134,2,107032,0,2
1134264,1134,2,107033,0,2
1134265,1134,2,107041,0,2
1134266,1134,2,107042,0,2
1134267,1134,2,107043,0,2
1134268,1134,2,107051,0,2
1134269,1134,2,107052,0,2
1134270,1134,2,107053,0,2
1134271,1134,10,0,0,1
1134272,1134,2,107030,0,1
1134273,1134,2,107030,1,1
1134274,1134,2,107040,1,6
1134275,1134,10,1,0,2
1134276,1134,5,9,0,2
1134277,1134,11,0,0,2
1134278,1134,11,1,0,1
1134279,1134,11,2,0,2
1134280,1134,2,109010,0,2
1134281,1134,2,109020,0,1
1134282,1134,2,109030,0,2
1134283,1134,5,0,6,3
1134286,1134,1013,1,0,3
1134287,1134,1013,2,0,2
1134288,1134,1013,3,0,2
1134289,1134,1013,4,0,3
1134290,1134,1013,5,0,3
1134291,1134,1013,6,0,2
1134292,1134,1013,7,0,2
1134293,1134,1013,8,0,1
1134294,1134,1013,9,0,2
1134295,1134,1013,10,0,1
1134401,1134,1014,1,0,8
1134402,1134,1014,2,0,1
1134403,1134,1014,3,0,2
1134404,1134,1014,4,0,1
1134405,1134,1014,5,0,4
1134406,1134,1014,6,0,2
1134407,1134,1014,6,1,1
1134408,1134,1014,6,2,1
1134409,1134,1014,7,0,2
1134410,1134,1014,7,1,1
1134411,1134,1014,7,2,1
1134412,1134,1014,8,0,2
1134413,1134,1014,8,1,1
1134414,1134,1014,8,2,1
1134415,1134,1014,9,0,2
1134416,1134,1014,10,0,2
1134300,1134,5,0,0,1
1134301,1134,5,1,6,5
1134302,1134,5,1,7,7
1134303,1134,5,2,1,2
1134304,1134,5,0,1,2
1134305,1134,5,0,2,2
1134306,1134,5,0,3,1
1134307,1134,5,0,4,3
1134308,1134,0,2,0,4
1134309,1134,0,3,0,3
1134310,1134,0,4,0,3
1134311,1134,0,5,0,3
1134312,1134,0,6,0,0
1134313,1134,5,0,5,3
1134400,1134,5,1,8,2
9049001,9049,0,0,0,5
9049002,9049,1,0,0,1
9049003,9049,1,1,0,1
9049004,9049,1,2,0,1
9049005,9049,1,3,0,1
9049006,9049,1,4,0,1
9049007,9049,1,5,0,1
9049008,9049,4,0,0,1
9049009,9049,7,0,0,1
9049010,9049,8,0,0,1
9049011,9049,3,1,0,1
9049012,9049,6,0,1,1
9049100,9049,2,103010,0,1
9049101,9049,2,103020,0,1
9049102,9049,2,103030,0,1
9049103,9049,2,103050,0,1
9049104,9049,2,103040,0,1
9049105,9049,2,105010,0,1
9049106,9049,2,105020,0,1
9049107,9049,2,105030,0,1
9049200,9049,2,101045,1,1
9049201,9049,2,102040,1,1
9049202,9049,2,101014,0,1
9049203,9049,2,101042,0,1
9049204,9049,2,101012,0,1
9049205,9049,2,101031,0,1
9049206,9049,2,101031,1,1
9049207,9049,2,101032,0,1
9049208,9049,2,101032,1,1
9049209,9049,2,101033,0,1
9049210,9049,2,101033,1,1
9049211,9049,2,101034,0,1
9049212,9049,2,101034,1,1
9049213,9049,2,102030,0,1
9049214,9049,2,102030,1,1
9049215,9049,2,104015,0,1
9049216,9049,2,104045,0,1
9049217,9049,2,106010,0,1
9049218,9049,2,106020,0,1
9049219,9049,2,106020,1,1
9049220,9049,2,106030,0,1
9049221,9049,2,106050,0,1
9049222,9049,2,106050,1,1
9049223,9049,2,106110,0,1
9049224,9049,2,106120,0,1
9049225,9049,2,106120,1,1
9049226,9049,2,106130,0,1
9049227,9049,2,106140,0,1
9049228,9049,2,106150,0,1
9049229,9049,2,106210,0,1
9049230,9049,2,106220,0,1
9049231,9049,2,106220,1,1
9049232,9049,2,106230,0,1
9049233,9049,2,106250,0,1
9049234,9049,9,1,0,1
9049235,9049,9,2,0,1
9049236,9049,9,3,0,1
9049237,9049,9,4,0,1
9049238,9049,9,3,4,1
9049239,9049,9,5,0,1
9049240,9049,9,6,0,1
9049241,9049,9,6,1,1
9049242,9049,9,6,2,1
9049243,9049,9,7,0,1
9049244,9049,9,7,1,1
9049245,9049,9,7,2,1
9049246,9049,9,7,3,1
9049247,9049,9,7,4,1
9049248,9049,9,7,5,1
9049249,9049,9,7,6,1
9049250,9049,9,8,0,1
9049251,9049,9,9,0,1
9049252,9049,2,108010,0,1
9049253,9049,2,108020,0,1
9049254,9049,2,108030,0,1
9049255,9049,2,108040,0,1
9049256,9049,2,107011,0,1
9049257,9049,2,107012,0,1
9049258,9049,2,107013,0,1
9049259,9049,2,107021,0,1
9049260,9049,2,107022,0,1
9049261,9049,2,107023,0,1
9049262,9049,2,107031,0,1
9049263,9049,2,107032,0,1
9049264,9049,2,107033,0,1
9049265,9049,2,107041,0,1
9049266,9049,2,107042,0,1
9049267,9049,2,107043,0,1
9049268,9049,2,107051,0,1
9049269,9049,2,107052,0,1
9049270,9049,2,107053,0,1
9049271,9049,10,0,0,1
9049272,9049,2,107030,0,1
9049273,9049,2,107030,1,1
9049274,9049,2,107040,1,1
9049275,9049,10,1,0,1
9049276,9049,5,9,0,1
9049277,9049,11,0,0,1
9049278,9049,11,1,0,1
9049279,9049,11,2,0,1
9049280,9049,2,109010,0,1
9049281,9049,2,109020,0,1
9049282,9049,2,109030,0,1
9049283,9049,5,0,6,1
9049286,9049,1013,1,0,1
9049287,9049,1013,2,0,1
9049288,9049,1013,3,0,1
9049289,9049,1013,4,0,0
9049290,9049,1013,5,0,0
9049291,9049,1013,6,0,0
9049292,9049,1013,7,0,1
9049293,9049,1013,8,0,1
9049294,9049,1013,9,0,0
9049295,9049,1013,10,0,1
9049401,9049,1014,1,0,1
9049402,9049,1014,2,0,1
9049403,9049,1014,3,0,1
9049404,9049,1014,4,0,1
9049405,9049,1014,5,0,1
9049406,9049,1014,6,0,1
9049407,9049,1014,6,1,1
9049408,9049,1014,6,2,1
9049409,9049,1014,7,0,1
9049410,9049,1014,7,1,1
9049411,9049,1014,7,2,1
9049412,9049,1014,8,0,1
9049413,9049,1014,8,1,1
9049414,9049,1014,8,2,1
9049415,9049,1014,9,0,1
9049416,9049,1014,10,0,1
9049300,9049,5,0,0,1
9049301,9049,5,1,6,1
9049302,9049,5,1,7,1
9049303,9049,5,2,1,1
9049304,9049,5,0,1,1
9049305,9049,5,0,2,1
9049306,9049,5,0,3,1
9049307,9049,5,0,4,1
9049308,9049,0,2,0,5
9049309,9049,0,3,0,1
9049310,9049,0,4,0,1
9049311,9049,0,5,0,1
9049312,9049,0,6,0,0
9049313,9049,5,0,5,1
9049400,9049,5,1,8,1
9050001,9050,0,0,0,6
9050002,9050,1,0,0,1
9050003,9050,1,1,0,1
9050004,9050,1,2,0,1
9050005,9050,1,3,0,1
9050006,9050,1,4,0,1
9050007,9050,1,5,0,1
9050008,9050,4,0,0,1
9050009,9050,7,0,0,1
9050010,9050,8,0,0,1
9050011,9050,3,1,0,1
9050012,9050,6,0,1,1
9050100,9050,2,103010,0,1
9050101,9050,2,103020,0,1
9050102,9050,2,103030,0,1
9050103,9050,2,103050,0,1
9050104,9050,2,103040,0,1
9050105,9050,2,105010,0,1
9050106,9050,2,105020,0,1
9050107,9050,2,105030,0,1
9050200,9050,2,101045,1,1
9050201,9050,2,102040,1,1
9050202,9050,2,101014,0,1
9050203,9050,2,101042,0,1
9050204,9050,2,101012,0,1
9050205,9050,2,101031,0,1
9050206,9050,2,101031,1,1
9050207,9050,2,101032,0,1
9050208,9050,2,101032,1,1
9050209,9050,2,101033,0,1
9050210,9050,2,101033,1,1
9050211,9050,2,101034,0,1
9050212,9050,2,101034,1,1
9050213,9050,2,102030,0,1
9050214,9050,2,102030,1,1
9050215,9050,2,104015,0,1
9050216,9050,2,104045,0,1
9050217,9050,2,106010,0,1
9050218,9050,2,106020,0,1
9050219,9050,2,106020,1,1
9050220,9050,2,106030,0,1
9050221,9050,2,106050,0,1
9050222,9050,2,106050,1,1
9050223,9050,2,106110,0,1
9050224,9050,2,106120,0,1
9050225,9050,2,106120,1,1
9050226,9050,2,106130,0,1
9050227,9050,2,106140,0,1
9050228,9050,2,106150,0,1
9050229,9050,2,106210,0,1
9050230,9050,2,106220,0,1
9050231,9050,2,106220,1,1
9050232,9050,2,106230,0,1
9050233,9050,2,106250,0,1
9050234,9050,9,1,0,1
9050235,9050,9,2,0,1
9050236,9050,9,3,0,1
9050237,9050,9,4,0,1
9050238,9050,9,3,4,1
9050239,9050,9,5,0,1
9050240,9050,9,6,0,1
9050241,9050,9,6,1,1
9050242,9050,9,6,2,1
9050243,9050,9,7,0,1
9050244,9050,9,7,1,1
9050245,9050,9,7,2,1
9050246,9050,9,7,3,1
9050247,9050,9,7,4,1
9050248,9050,9,7,5,1
9050249,9050,9,7,6,1
9050250,9050,9,8,0,1
9050251,9050,9,9,0,1
9050252,9050,2,108010,0,1
9050253,9050,2,108020,0,1
9050254,9050,2,108030,0,1
9050255,9050,2,108040,0,1
9050256,9050,2,107011,0,1
9050257,9050,2,107012,0,1
9050258,9050,2,107013,0,1
9050259,9050,2,107021,0,1
9050260,9050,2,107022,0,1
9050261,9050,2,107023,0,1
9050262,9050,2,107031,0,1
9050263,9050,2,107032,0,1
9050264,9050,2,107033,0,1
9050265,9050,2,107041,0,1
9050266,9050,2,107042,0,1
9050267,9050,2,107043,0,1
9050268,9050,2,107051,0,1
9050269,9050,2,107052,0,1
9050270,9050,2,107053,0,1
9050271,9050,10,0,0,1
9050272,9050,2,107030,0,1
9050273,9050,2,107030,1,1
9050274,9050,2,107040,1,1
9050275,9050,10,1,0,1
9050276,9050,5,9,0,1
9050277,9050,11,0,0,1
9050278,9050,11,1,0,1
9050279,9050,11,2,0,1
9050280,9050,2,109010,0,1
9050281,9050,2,109020,0,1
9050282,9050,2,109030,0,1
9050283,9050,5,0,6,1
9050286,9050,1013,1,0,1
9050287,9050,1013,2,0,1
9050288,9050,1013,3,0,1
9050289,9050,1013,4,0,0
9050290,9050,1013,5,0,0
9050291,9050,1013,6,0,0
9050292,9050,1013,7,0,3
9050293,9050,1013,8,0,1
9050294,9050,1013,9,0,0
9050295,9050,1013,10,0,1
9050401,9050,1014,1,0,1
9050402,9050,1014,2,0,1
9050403,9050,1014,3,0,1
9050404,9050,1014,4,0,1
9050405,9050,1014,5,0,1
9050406,9050,1014,6,0,1
9050407,9050,1014,6,1,1
9050408,9050,1014,6,2,1
9050409,9050,1014,7,0,1
9050410,9050,1014,7,1,1
9050411,9050,1014,7,2,1
9050412,9050,1014,8,0,1
9050413,9050,1014,8,1,1
9050414,9050,1014,8,2,1
9050415,9050,1014,9,0,1
9050416,9050,1014,10,0,1
9050300,9050,5,0,0,1
9050301,9050,5,1,6,1
9050302,9050,5,1,7,1
9050303,9050,5,2,1,1
9050304,9050,5,0,1,1
9050305,9050,5,0,2,1
9050306,9050,5,0,3,1
9050307,9050,5,0,4,1
9050308,9050,0,2,0,6
9050309,9050,0,3,0,1
9050310,9050,0,4,0,1
9050311,9050,0,5,0,1
9050312,9050,0,6,0,0
9050313,9050,5,0,5,1
9050400,9050,5,1,8,1
9051001,9051,0,0,0,6
9051002,9051,1,0,0,1
9051003,9051,1,1,0,1
9051004,9051,1,2,0,1
9051005,9051,1,3,0,1
9051006,9051,1,4,0,1
9051007,9051,1,5,0,1
9051008,9051,4,0,0,1
9051009,9051,7,0,0,1
9051010,9051,8,0,0,1
9051011,9051,3,1,0,1
9051012,9051,6,0,1,1
9051100,9051,2,103010,0,1
9051101,9051,2,103020,0,1
9051102,9051,2,103030,0,1
9051103,9051,2,103050,0,1
9051104,9051,2,103040,0,1
9051105,9051,2,105010,0,1
9051106,9051,2,105020,0,1
9051107,9051,2,105030,0,1
9051200,9051,2,101045,1,1
9051201,9051,2,102040,1,1
9051202,9051,2,101014,0,1
9051203,9051,2,101042,0,1
9051204,9051,2,101012,0,1
9051205,9051,2,101031,0,1
9051206,9051,2,101031,1,1
9051207,9051,2,101032,0,1
9051208,9051,2,101032,1,1
9051209,9051,2,101033,0,1
9051210,9051,2,101033,1,1
9051211,9051,2,101034,0,1
9051212,9051,2,101034,1,1
9051213,9051,2,102030,0,1
9051214,9051,2,102030,1,1
9051215,9051,2,104015,0,1
9051216,9051,2,104045,0,1
9051217,9051,2,106010,0,1
9051218,9051,2,106020,0,1
9051219,9051,2,106020,1,1
9051220,9051,2,106030,0,1
9051221,9051,2,106050,0,1
9051222,9051,2,106050,1,1
9051223,9051,2,106110,0,1
9051224,9051,2,106120,0,1
9051225,9051,2,106120,1,1
9051226,9051,2,106130,0,1
9051227,9051,2,106140,0,1
9051228,9051,2,106150,0,1
9051229,9051,2,106210,0,1
9051230,9051,2,106220,0,1
9051231,9051,2,106220,1,1
9051232,9051,2,106230,0,1
9051233,9051,2,106250,0,1
9051234,9051,9,1,0,1
9051235,9051,9,2,0,1
9051236,9051,9,3,0,1
9051237,9051,9,4,0,1
9051238,9051,9,3,4,1
9051239,9051,9,5,0,1
9051240,9051,9,6,0,1
9051241,9051,9,6,1,1
9051242,9051,9,6,2,1
9051243,9051,9,7,0,1
9051244,9051,9,7,1,1
9051245,9051,9,7,2,1
9051246,9051,9,7,3,1
9051247,9051,9,7,4,1
9051248,9051,9,7,5,1
9051249,9051,9,7,6,1
9051250,9051,9,8,0,1
9051251,9051,9,9,0,1
9051252,9051,2,108010,0,1
9051253,9051,2,108020,0,1
9051254,9051,2,108030,0,1
9051255,9051,2,108040,0,1
9051256,9051,2,107011,0,1
9051257,9051,2,107012,0,1
9051258,9051,2,107013,0,1
9051259,9051,2,107021,0,1
9051260,9051,2,107022,0,1
9051261,9051,2,107023,0,1
9051262,9051,2,107031,0,1
9051263,9051,2,107032,0,1
9051264,9051,2,107033,0,1
9051265,9051,2,107041,0,1
9051266,9051,2,107042,0,1
9051267,9051,2,107043,0,1
9051268,9051,2,107051,0,1
9051269,9051,2,107052,0,1
9051270,9051,2,107053,0,1
9051271,9051,10,0,0,1
9051272,9051,2,107030,0,1
9051273,9051,2,107030,1,1
9051274,9051,2,107040,1,1
9051275,9051,10,1,0,1
9051276,9051,5,9,0,1
9051277,9051,11,0,0,1
9051278,9051,11,1,0,1
9051279,9051,11,2,0,1
9051280,9051,2,109010,0,1
9051281,9051,2,109020,0,1
9051282,9051,2,109030,0,1
9051283,9051,5,0,6,1
9051286,9051,1013,1,0,1
9051287,9051,1013,2,0,1
9051288,9051,1013,3,0,1
9051289,9051,1013,4,0,0
9051290,9051,1013,5,0,0
9051291,9051,1013,6,0,0
9051292,9051,1013,7,0,2
9051293,9051,1013,8,0,1
9051294,9051,1013,9,0,0
9051295,9051,1013,10,0,1
9051401,9051,1014,1,0,1
9051402,9051,1014,2,0,1
9051403,9051,1014,3,0,1
9051404,9051,1014,4,0,1
9051405,9051,1014,5,0,1
9051406,9051,1014,6,0,1
9051407,9051,1014,6,1,1
9051408,9051,1014,6,2,1
9051409,9051,1014,7,0,1
9051410,9051,1014,7,1,1
9051411,9051,1014,7,2,1
9051412,9051,1014,8,0,1
9051413,9051,1014,8,1,1
9051414,9051,1014,8,2,1
9051415,9051,1014,9,0,1
9051416,9051,1014,10,0,1
9051300,9051,5,0,0,1
9051301,9051,5,1,6,1
9051302,9051,5,1,7,1
9051303,9051,5,2,1,1
9051304,9051,5,0,1,1
9051305,9051,5,0,2,1
9051306,9051,5,0,3,1
9051307,9051,5,0,4,1
9051308,9051,0,2,0,6
9051309,9051,0,3,0,1
9051310,9051,0,4,0,1
9051311,9051,0,5,0,1
9051312,9051,0,6,0,0
9051313,9051,5,0,5,1
9051400,9051,5,1,8,1
1135001,1135,0,0,0,5
1135002,1135,1,0,0,5
1135003,1135,1,1,0,2
1135004,1135,1,2,0,5
1135005,1135,1,3,0,4
1135006,1135,1,4,0,2
1135007,1135,1,5,0,5
1135008,1135,4,0,0,1
1135009,1135,7,0,0,2
1135010,1135,8,0,0,1
1135011,1135,3,1,0,1
1135012,1135,6,0,1,1
1135100,1135,2,103010,0,5
1135101,1135,2,103020,0,2
1135102,1135,2,103030,0,5
1135103,1135,2,103050,0,1
1135104,1135,2,103040,0,4
1135105,1135,2,105010,0,1
1135106,1135,2,105020,0,2
1135107,1135,2,105030,0,3
1135200,1135,2,101045,1,1
1135201,1135,2,102040,1,1
1135202,1135,2,101014,0,1
1135203,1135,2,101042,0,1
1135204,1135,2,101012,0,2
1135205,1135,2,101031,0,1
1135206,1135,2,101031,1,1
1135207,1135,2,101032,0,1
1135208,1135,2,101032,1,1
1135209,1135,2,101033,0,1
1135210,1135,2,101033,1,1
1135211,1135,2,101034,0,1
1135212,1135,2,101034,1,1
1135213,1135,2,102030,0,1
1135214,1135,2,102030,1,1
1135215,1135,2,104015,0,1
1135216,1135,2,104045,0,2
1135217,1135,2,106010,0,2
1135218,1135,2,106020,0,2
1135219,1135,2,106020,1,2
1135220,1135,2,106030,0,1
1135221,1135,2,106050,0,1
1135222,1135,2,106050,1,1
1135223,1135,2,106110,0,2
1135224,1135,2,106120,0,1
1135225,1135,2,106120,1,1
1135226,1135,2,106130,0,2
1135227,1135,2,106140,0,2
1135228,1135,2,106150,0,1
1135229,1135,2,106210,0,2
1135230,1135,2,106220,0,2
1135231,1135,2,106220,1,1
1135232,1135,2,106230,0,2
1135233,1135,2,106250,0,1
1135234,1135,9,1,0,1
1135235,1135,9,2,0,1
1135236,1135,9,3,0,3
1135237,1135,9,4,0,1
1135238,1135,9,3,4,3
1135239,1135,9,5,0,3
1135240,1135,9,6,0,3
1135241,1135,9,6,1,2
1135242,1135,9,6,2,4
1135243,1135,9,7,0,5
1135244,1135,9,7,1,5
1135245,1135,9,7,2,2
1135246,1135,9,7,3,5
1135247,1135,9,7,4,5
1135248,1135,9,7,5,2
1135249,1135,9,7,6,4
1135250,1135,9,8,0,4
1135251,1135,9,9,0,1
1135252,1135,2,108010,0,3
1135253,1135,2,108020,0,3
1135254,1135,2,108030,0,3
1135255,1135,2,108040,0,3
1135256,1135,2,107011,0,2
1135257,1135,2,107012,0,2
1135258,1135,2,107013,0,2
1135259,1135,2,107021,0,2
1135260,1135,2,107022,0,2
1135261,1135,2,107023,0,2
1135262,1135,2,107031,0,2
1135263,1135,2,107032,0,2
1135264,1135,2,107033,0,2
1135265,1135,2,107041,0,2
1135266,1135,2,107042,0,2
1135267,1135,2,107043,0,2
1135268,1135,2,107051,0,2
1135269,1135,2,107052,0,2
1135270,1135,2,107053,0,2
1135271,1135,10,0,0,2
1135272,1135,2,107030,0,1
1135273,1135,2,107030,1,1
1135274,1135,2,107040,1,1
1135275,1135,10,1,0,3
1135276,1135,5,9,0,3
1135277,1135,11,0,0,2
1135278,1135,11,1,0,2
1135279,1135,11,2,0,3
1135280,1135,2,109010,0,2
1135281,1135,2,109020,0,2
1135282,1135,2,109030,0,4
1135283,1135,5,0,6,2
1135286,1135,1013,1,0,4
1135287,1135,1013,2,0,4
1135288,1135,1013,3,0,4
1135289,1135,1013,4,0,2
1135290,1135,1013,5,0,2
1135291,1135,1013,6,0,3
1135292,1135,1013,7,0,3
1135293,1135,1013,8,0,1
1135294,1135,1013,9,0,4
1135295,1135,1013,10,0,1
1135401,1135,1014,1,0,6
1135402,1135,1014,2,0,3
1135403,1135,1014,3,0,2
1135404,1135,1014,4,0,1
1135405,1135,1014,5,0,3
1135406,1135,1014,6,0,1
1135407,1135,1014,6,1,1
1135408,1135,1014,6,2,1
1135409,1135,1014,7,0,4
1135410,1135,1014,7,1,1
1135411,1135,1014,7,2,1
1135412,1135,1014,8,0,3
1135413,1135,1014,8,1,1
1135414,1135,1014,8,2,1
1135415,1135,1014,9,0,3
1135416,1135,1014,10,0,2
1135300,1135,5,0,0,1
1135301,1135,5,1,6,3
1135302,1135,5,1,7,2
1135303,1135,5,2,1,6
1135304,1135,5,0,1,3
1135305,1135,5,0,2,3
1135306,1135,5,0,3,1
1135307,1135,5,0,4,5
1135308,1135,0,2,0,5
1135309,1135,0,3,0,5
1135310,1135,0,4,0,2
1135311,1135,0,5,0,5
1135312,1135,0,6,0,0
1135313,1135,5,0,5,2
1135400,1135,5,1,8,2
1139001,1139,0,0,0,1
1139002,1139,1,0,0,1
1139003,1139,1,1,0,1
1139004,1139,1,2,0,1
1139005,1139,1,3,0,1
1139006,1139,1,4,0,1
1139007,1139,1,5,0,1
1139008,1139,4,0,0,1
1139009,1139,7,0,0,1
1139010,1139,8,0,0,1
1139011,1139,3,1,0,1
1139012,1139,6,0,1,1
1139100,1139,2,103010,0,1
1139101,1139,2,103020,0,1
1139102,1139,2,103030,0,1
1139103,1139,2,103050,0,1
1139104,1139,2,103040,0,1
1139105,1139,2,105010,0,1
1139106,1139,2,105020,0,1
1139107,1139,2,105030,0,1
1139200,1139,2,101045,1,1
1139201,1139,2,102040,1,1
1139202,1139,2,101014,0,1
1139203,1139,2,101042,0,1
1139204,1139,2,101012,0,1
1139205,1139,2,101031,0,1
1139206,1139,2,101031,1,1
1139207,1139,2,101032,0,1
1139208,1139,2,101032,1,1
1139209,1139,2,101033,0,1
1139210,1139,2,101033,1,1
1139211,1139,2,101034,0,1
1139212,1139,2,101034,1,1
1139213,1139,2,102030,0,1
1139214,1139,2,102030,1,1
1139215,1139,2,104015,0,1
1139216,1139,2,104045,0,1
1139217,1139,2,106010,0,1
1139218,1139,2,106020,0,1
1139219,1139,2,106020,1,1
1139220,1139,2,106030,0,1
1139221,1139,2,106050,0,1
1139222,1139,2,106050,1,1
1139223,1139,2,106110,0,1
1139224,1139,2,106120,0,1
1139225,1139,2,106120,1,1
1139226,1139,2,106130,0,1
1139227,1139,2,106140,0,1
1139228,1139,2,106150,0,1
1139229,1139,2,106210,0,1
1139230,1139,2,106220,0,1
1139231,1139,2,106220,1,1
1139232,1139,2,106230,0,1
1139233,1139,2,106250,0,1
1139234,1139,9,1,0,1
1139235,1139,9,2,0,1
1139236,1139,9,3,0,1
1139237,1139,9,4,0,1
1139238,1139,9,3,4,1
1139239,1139,9,5,0,1
1139240,1139,9,6,0,1
1139241,1139,9,6,1,1
1139242,1139,9,6,2,1
1139243,1139,9,7,0,1
1139244,1139,9,7,1,1
1139245,1139,9,7,2,1
1139246,1139,9,7,3,1
1139247,1139,9,7,4,1
1139248,1139,9,7,5,1
1139249,1139,9,7,6,1
1139250,1139,9,8,0,1
1139251,1139,9,9,0,1
1139252,1139,2,108010,0,1
1139253,1139,2,108020,0,1
1139254,1139,2,108030,0,1
1139255,1139,2,108040,0,1
1139256,1139,2,107011,0,1
1139257,1139,2,107012,0,1
1139258,1139,2,107013,0,1
1139259,1139,2,107021,0,1
1139260,1139,2,107022,0,1
1139261,1139,2,107023,0,1
1139262,1139,2,107031,0,1
1139263,1139,2,107032,0,1
1139264,1139,2,107033,0,1
1139265,1139,2,107041,0,1
1139266,1139,2,107042,0,1
1139267,1139,2,107043,0,1
1139268,1139,2,107051,0,1
1139269,1139,2,107052,0,1
1139270,1139,2,107053,0,1
1139271,1139,10,0,0,1
1139272,1139,2,107030,0,1
1139273,1139,2,107030,1,1
1139274,1139,2,107040,1,1
1139275,1139,10,1,0,1
1139276,1139,5,9,0,1
1139277,1139,11,0,0,1
1139278,1139,11,1,0,1
1139279,1139,11,2,0,1
1139280,1139,2,109010,0,1
1139281,1139,2,109020,0,1
1139282,1139,2,109030,0,1
1139283,1139,5,0,6,1
1139286,1139,1013,1,0,4
1139287,1139,1013,2,0,4
1139288,1139,1013,3,0,3
1139289,1139,1013,4,0,2
1139290,1139,1013,5,0,2
1139291,1139,1013,6,0,3
1139292,1139,1013,7,0,3
1139293,1139,1013,8,0,1
1139294,1139,1013,9,0,4
1139295,1139,1013,10,0,1
1139401,1139,1014,1,0,1
1139402,1139,1014,2,0,1
1139403,1139,1014,3,0,1
1139404,1139,1014,4,0,1
1139405,1139,1014,5,0,1
1139406,1139,1014,6,0,1
1139407,1139,1014,6,1,1
1139408,1139,1014,6,2,1
1139409,1139,1014,7,0,1
1139410,1139,1014,7,1,1
1139411,1139,1014,7,2,1
1139412,1139,1014,8,0,1
1139413,1139,1014,8,1,1
1139414,1139,1014,8,2,1
1139415,1139,1014,9,0,1
1139416,1139,1014,10,0,1
1139300,1139,5,0,0,1
1139301,1139,5,1,6,1
1139302,1139,5,1,7,1
1139303,1139,5,2,1,1
1139304,1139,5,0,1,1
1139305,1139,5,0,2,1
1139306,1139,5,0,3,1
1139307,1139,5,0,4,1
1139308,1139,0,2,0,1
1139309,1139,0,3,0,1
1139310,1139,0,4,0,1
1139311,1139,0,5,0,1
1139312,1139,0,6,0,0
1139313,1139,5,0,5,1
1139400,1139,5,1,8,1
1136001,1136,0,0,0,2
1136002,1136,1,0,0,3
1136003,1136,1,1,0,3
1136004,1136,1,2,0,3
1136005,1136,1,3,0,2
1136006,1136,1,4,0,3
1136007,1136,1,5,0,3
1136008,1136,4,0,0,1
1136009,1136,7,0,0,2
1136010,1136,8,0,0,1
1136011,1136,3,1,0,1
1136012,1136,6,0,1,1
1136100,1136,2,103010,0,3
1136101,1136,2,103020,0,4
1136102,1136,2,103030,0,3
1136103,1136,2,103050,0,2
1136104,1136,2,103040,0,2
1136105,1136,2,105010,0,2
1136106,1136,2,105020,0,2
1136107,1136,2,105030,0,1
1136200,1136,2,101045,1,3
1136201,1136,2,102040,1,3
1136202,1136,2,101014,0,3
1136203,1136,2,101042,0,3
1136204,1136,2,101012,0,2
1136205,1136,2,101031,0,1
1136206,1136,2,101031,1,1
1136207,1136,2,101032,0,1
1136208,1136,2,101032,1,1
1136209,1136,2,101033,0,1
1136210,1136,2,101033,1,1
1136211,1136,2,101034,0,1
1136212,1136,2,101034,1,1
1136213,1136,2,102030,0,1
1136214,1136,2,102030,1,1
1136215,1136,2,104015,0,1
1136216,1136,2,104045,0,3
1136217,1136,2,106010,0,1
1136218,1136,2,106020,0,2
1136219,1136,2,106020,1,1
1136220,1136,2,106030,0,1
1136221,1136,2,106050,0,1
1136222,1136,2,106050,1,1
1136223,1136,2,106110,0,2
1136224,1136,2,106120,0,1
1136225,1136,2,106120,1,2
1136226,1136,2,106130,0,2
1136227,1136,2,106140,0,1
1136228,1136,2,106150,0,1
1136229,1136,2,106210,0,2
1136230,1136,2,106220,0,2
1136231,1136,2,106220,1,2
1136232,1136,2,106230,0,1
1136233,1136,2,106250,0,1
1136234,1136,9,1,0,1
1136235,1136,9,2,0,1
1136236,1136,9,3,0,2
1136237,1136,9,4,0,3
1136238,1136,9,3,4,5
1136239,1136,9,5,0,2
1136240,1136,9,6,0,4
1136241,1136,9,6,1,2
1136242,1136,9,6,2,3
1136243,1136,9,7,0,3
1136244,1136,9,7,1,3
1136245,1136,9,7,2,1
1136246,1136,9,7,3,1
1136247,1136,9,7,4,4
1136248,1136,9,7,5,6
1136249,1136,9,7,6,1
1136250,1136,9,8,0,3
1136251,1136,9,9,0,1
1136252,1136,2,108010,0,4
1136253,1136,2,108020,0,2
1136254,1136,2,108030,0,2
1136255,1136,2,108040,0,2
1136256,1136,2,107011,0,2
1136257,1136,2,107012,0,2
1136258,1136,2,107013,0,2
1136259,1136,2,107021,0,2
1136260,1136,2,107022,0,2
1136261,1136,2,107023,0,2
1136262,1136,2,107031,0,1
1136263,1136,2,107032,0,1
1136264,1136,2,107033,0,1
1136265,1136,2,107041,0,1
1136266,1136,2,107042,0,1
1136267,1136,2,107043,0,1
1136268,1136,2,107051,0,2
1136269,1136,2,107052,0,2
1136270,1136,2,107053,0,2
1136271,1136,10,0,0,1
1136272,1136,2,107030,0,1
1136273,1136,2,107030,1,1
1136274,1136,2,107040,1,3
1136275,1136,10,1,0,2
1136276,1136,5,9,0,2
1136277,1136,11,0,0,1
1136278,1136,11,1,0,1
1136279,1136,11,2,0,2
1136280,1136,2,109010,0,2
1136281,1136,2,109020,0,2
1136282,1136,2,109030,0,2
1136283,1136,5,0,6,3
1136286,1136,1013,1,0,3
1136287,1136,1013,2,0,2
1136288,1136,1013,3,0,2
1136289,1136,1013,4,0,3
1136290,1136,1013,5,0,3
1136291,1136,1013,6,0,2
1136292,1136,1013,7,0,2
1136293,1136,1013,8,0,1
1136294,1136,1013,9,0,2
1136295,1136,1013,10,0,2
1136401,1136,1014,1,0,8
1136402,1136,1014,2,0,1
1136403,1136,1014,3,0,1
1136404,1136,1014,4,0,1
1136405,1136,1014,5,0,4
1136406,1136,1014,6,0,2
1136407,1136,1014,6,1,1
1136408,1136,1014,6,2,1
1136409,1136,1014,7,0,2
1136410,1136,1014,7,1,1
1136411,1136,1014,7,2,1
1136412,1136,1014,8,0,2
1136413,1136,1014,8,1,1
1136414,1136,1014,8,2,1
1136415,1136,1014,9,0,2
1136416,1136,1014,10,0,3
1136300,1136,5,0,0,1
1136301,1136,5,1,6,5
1136302,1136,5,1,7,6
1136303,1136,5,2,1,7
1136304,1136,5,0,1,2
1136305,1136,5,0,2,2
1136306,1136,5,0,3,1
1136307,1136,5,0,4,3
1136308,1136,0,2,0,2
1136309,1136,0,3,0,3
1136310,1136,0,4,0,3
1136311,1136,0,5,0,3
1136312,1136,0,6,0,0
1136313,1136,5,0,5,3
1136400,1136,5,1,8,2
1140001,1140,0,0,0,4
1140002,1140,1,0,0,3
1140003,1140,1,1,0,4
1140004,1140,1,2,0,3
1140005,1140,1,3,0,2
1140006,1140,1,4,0,3
1140007,1140,1,5,0,3
1140008,1140,4,0,0,1
1140009,1140,7,0,0,1
1140010,1140,8,0,0,1
1140011,1140,3,1,0,1
1140012,1140,6,0,1,1
1140100,1140,2,103010,0,6
1140101,1140,2,103020,0,6
1140102,1140,2,103030,0,2
1140103,1140,2,103050,0,4
1140104,1140,2,103040,0,6
1140105,1140,2,105010,0,2
1140106,1140,2,105020,0,2
1140107,1140,2,105030,0,1
1140200,1140,2,101045,1,3
1140201,1140,2,102040,1,3
1140202,1140,2,101014,0,3
1140203,1140,2,101042,0,3
1140204,1140,2,101012,0,2
1140205,1140,2,101031,0,1
1140206,1140,2,101031,1,1
1140207,1140,2,101032,0,1
1140208,1140,2,101032,1,1
1140209,1140,2,101033,0,1
1140210,1140,2,101033,1,1
1140211,1140,2,101034,0,1
1140212,1140,2,101034,1,1
1140213,1140,2,102030,0,1
1140214,1140,2,102030,1,1
1140215,1140,2,104015,0,2
1140216,1140,2,104045,0,2
1140217,1140,2,106010,0,2
1140218,1140,2,106020,0,2
1140219,1140,2,106020,1,2
1140220,1140,2,106030,0,2
1140221,1140,2,106050,0,1
1140222,1140,2,106050,1,2
1140223,1140,2,106110,0,2
1140224,1140,2,106120,0,2
1140225,1140,2,106120,1,2
1140226,1140,2,106130,0,2
1140227,1140,2,106140,0,2
1140228,1140,2,106150,0,1
1140229,1140,2,106210,0,1
1140230,1140,2,106220,0,1
1140231,1140,2,106220,1,2
1140232,1140,2,106230,0,2
1140233,1140,2,106250,0,1
1140234,1140,9,1,0,1
1140235,1140,9,2,0,2
1140236,1140,9,3,0,2
1140237,1140,9,4,0,3
1140238,1140,9,3,4,5
1140239,1140,9,5,0,6
1140240,1140,9,6,0,4
1140241,1140,9,6,1,4
1140242,1140,9,6,2,5
1140243,1140,9,7,0,5
1140244,1140,9,7,1,5
1140245,1140,9,7,2,1
1140246,1140,9,7,3,4
1140247,1140,9,7,4,3
1140248,1140,9,7,5,3
1140249,1140,9,7,6,5
1140250,1140,9,8,0,3
1140251,1140,9,9,0,2
1140252,1140,2,108010,0,2
1140253,1140,2,108020,0,2
1140254,1140,2,108030,0,2
1140255,1140,2,108040,0,2
1140256,1140,2,107011,0,2
1140257,1140,2,107012,0,2
1140258,1140,2,107013,0,2
1140259,1140,2,107021,0,2
1140260,1140,2,107022,0,2
1140261,1140,2,107023,0,2
1140262,1140,2,107031,0,2
1140263,1140,2,107032,0,2
1140264,1140,2,107033,0,2
1140265,1140,2,107041,0,2
1140266,1140,2,107042,0,2
1140267,1140,2,107043,0,2
1140268,1140,2,107051,0,2
1140269,1140,2,107052,0,2
1140270,1140,2,107053,0,2
1140271,1140,10,0,0,1
1140272,1140,2,107030,0,1
1140273,1140,2,107030,1,1
1140274,1140,2,107040,1,3
1140275,1140,10,1,0,3
1140276,1140,5,9,0,3
1140277,1140,11,0,0,1
1140278,1140,11,1,0,1
1140279,1140,11,2,0,2
1140280,1140,2,109010,0,2
1140281,1140,2,109020,0,3
1140282,1140,2,109030,0,2
1140283,1140,5,0,6,3
1140286,1140,1013,1,0,5
1140287,1140,1013,2,0,5
1140288,1140,1013,3,0,2
1140289,1140,1013,4,0,5
1140290,1140,1013,5,0,3
1140291,1140,1013,6,0,1
1140292,1140,1013,7,0,2
1140293,1140,1013,8,0,1
1140294,1140,1013,9,0,2
1140295,1140,1013,10,0,2
1140401,1140,1014,1,0,5
1140402,1140,1014,2,0,1
1140403,1140,1014,3,0,4
1140404,1140,1014,4,0,3
1140405,1140,1014,5,0,4
1140406,1140,1014,6,0,1
1140407,1140,1014,6,1,1
1140408,1140,1014,6,2,1
1140409,1140,1014,7,0,2
1140410,1140,1014,7,1,1
1140411,1140,1014,7,2,1
1140412,1140,1014,8,0,2
1140413,1140,1014,8,1,1
1140414,1140,1014,8,2,1
1140415,1140,1014,9,0,2
1140416,1140,1014,10,0,3
1140300,1140,5,0,0,1
1140301,1140,5,1,6,5
1140302,1140,5,1,7,7
1140303,1140,5,2,1,2
1140304,1140,5,0,1,2
1140305,1140,5,0,2,2
1140306,1140,5,0,3,1
1140307,1140,5,0,4,3
1140308,1140,0,2,0,4
1140309,1140,0,3,0,3
1140310,1140,0,4,0,3
1140311,1140,0,5,0,3
1140312,1140,0,6,0,0
1140313,1140,5,0,5,4
1140400,1140,5,1,8,2
1137001,1137,0,0,0,1
1137002,1137,1,0,0,2
1137003,1137,1,1,0,2
1137004,1137,1,2,0,2
1137005,1137,1,3,0,2
1137006,1137,1,4,0,2
1137007,1137,1,5,0,2
1137008,1137,4,0,0,1
1137009,1137,7,0,0,2
1137010,1137,8,0,0,1
1137011,1137,3,1,0,1
1137012,1137,6,0,1,1
1137100,1137,2,103010,0,4
1137101,1137,2,103020,0,2
1137102,1137,2,103030,0,4
1137103,1137,2,103050,0,1
1137104,1137,2,103040,0,3
1137105,1137,2,105010,0,3
1137106,1137,2,105020,0,3
1137107,1137,2,105030,0,2
1137200,1137,2,101045,1,1
1137201,1137,2,102040,1,1
1137202,1137,2,101014,0,1
1137203,1137,2,101042,0,1
1137204,1137,2,101012,0,1
1137205,1137,2,101031,0,1
1137206,1137,2,101031,1,1
1137207,1137,2,101032,0,1
1137208,1137,2,101032,1,1
1137209,1137,2,101033,0,1
1137210,1137,2,101033,1,1
1137211,1137,2,101034,0,1
1137212,1137,2,101034,1,1
1137213,1137,2,102030,0,1
1137214,1137,2,102030,1,1
1137215,1137,2,104015,0,1
1137216,1137,2,104045,0,3
1137217,1137,2,106010,0,1
1137218,1137,2,106020,0,1
1137219,1137,2,106020,1,1
1137220,1137,2,106030,0,1
1137221,1137,2,106050,0,1
1137222,1137,2,106050,1,1
1137223,1137,2,106110,0,1
1137224,1137,2,106120,0,1
1137225,1137,2,106120,1,1
1137226,1137,2,106130,0,1
1137227,1137,2,106140,0,1
1137228,1137,2,106150,0,1
1137229,1137,2,106210,0,1
1137230,1137,2,106220,0,1
1137231,1137,2,106220,1,1
1137232,1137,2,106230,0,1
1137233,1137,2,106250,0,1
1137234,1137,9,1,0,1
1137235,1137,9,2,0,1
1137236,1137,9,3,0,1
1137237,1137,9,4,0,2
1137238,1137,9,3,4,4
1137239,1137,9,5,0,3
1137240,1137,9,6,0,6
1137241,1137,9,6,1,1
1137242,1137,9,6,2,6
1137243,1137,9,7,0,2
1137244,1137,9,7,1,2
1137245,1137,9,7,2,1
1137246,1137,9,7,3,2
1137247,1137,9,7,4,4
1137248,1137,9,7,5,2
1137249,1137,9,7,6,2
1137250,1137,9,8,0,4
1137251,1137,9,9,0,1
1137252,1137,2,108010,0,1
1137253,1137,2,108020,0,1
1137254,1137,2,108030,0,1
1137255,1137,2,108040,0,1
1137256,1137,2,107011,0,1
1137257,1137,2,107012,0,1
1137258,1137,2,107013,0,1
1137259,1137,2,107021,0,1
1137260,1137,2,107022,0,1
1137261,1137,2,107023,0,1
1137262,1137,2,107031,0,1
1137263,1137,2,107032,0,1
1137264,1137,2,107033,0,1
1137265,1137,2,107041,0,1
1137266,1137,2,107042,0,1
1137267,1137,2,107043,0,1
1137268,1137,2,107051,0,1
1137269,1137,2,107052,0,1
1137270,1137,2,107053,0,1
1137271,1137,10,0,0,1
1137272,1137,2,107030,0,1
1137273,1137,2,107030,1,1
1137274,1137,2,107040,1,1
1137275,1137,10,1,0,1
1137276,1137,5,9,0,1
1137277,1137,11,0,0,2
1137278,1137,11,1,0,1
1137279,1137,11,2,0,1
1137280,1137,2,109010,0,1
1137281,1137,2,109020,0,1
1137282,1137,2,109030,0,1
1137283,1137,5,0,6,2
1137286,1137,1013,1,0,2
1137287,1137,1013,2,0,1
1137288,1137,1013,3,0,3
1137289,1137,1013,4,0,2
1137290,1137,1013,5,0,1
1137291,1137,1013,6,0,3
1137292,1137,1013,7,0,1
1137293,1137,1013,8,0,1
1137294,1137,1013,9,0,3
1137295,1137,1013,10,0,1
1137401,1137,1014,1,0,1
1137402,1137,1014,2,0,3
1137403,1137,1014,3,0,3
1137404,1137,1014,4,0,2
1137405,1137,1014,5,0,2
1137406,1137,1014,6,0,1
1137407,1137,1014,6,1,1
1137408,1137,1014,6,2,1
1137409,1137,1014,7,0,3
1137410,1137,1014,7,1,1
1137411,1137,1014,7,2,1
1137412,1137,1014,8,0,3
1137413,1137,1014,8,1,1
1137414,1137,1014,8,2,1
1137415,1137,1014,9,0,3
1137416,1137,1014,10,0,1
1137300,1137,5,0,0,1
1137301,1137,5,1,6,1
1137302,1137,5,1,7,2
1137303,1137,5,2,1,5
1137304,1137,5,0,1,1
1137305,1137,5,0,2,1
1137306,1137,5,0,3,1
1137307,1137,5,0,4,2
1137308,1137,0,2,0,1
1137309,1137,0,3,0,2
1137310,1137,0,4,0,2
1137311,1137,0,5,0,2
1137312,1137,0,6,0,1
1137313,1137,5,0,5,2
1137400,1137,5,1,8,1
1138001,1138,0,0,0,1
1138002,1138,1,0,0,2
1138003,1138,1,1,0,2
1138004,1138,1,2,0,5
1138005,1138,1,3,0,2
1138006,1138,1,4,0,2
1138007,1138,1,5,0,5
1138008,1138,4,0,0,1
1138009,1138,7,0,0,2
1138010,1138,8,0,0,1
1138011,1138,3,1,0,1
1138012,1138,6,0,1,1
1138100,1138,2,103010,0,5
1138101,1138,2,103020,0,7
1138102,1138,2,103030,0,5
1138103,1138,2,103050,0,1
1138104,1138,2,103040,0,4
1138105,1138,2,105010,0,1
1138106,1138,2,105020,0,1
1138107,1138,2,105030,0,3
1138200,1138,2,101045,1,5
1138201,1138,2,102040,1,5
1138202,1138,2,101014,0,3
1138203,1138,2,101042,0,3
1138204,1138,2,101012,0,2
1138205,1138,2,101031,0,1
1138206,1138,2,101031,1,1
1138207,1138,2,101032,0,1
1138208,1138,2,101032,1,1
1138209,1138,2,101033,0,1
1138210,1138,2,101033,1,1
1138211,1138,2,101034,0,1
1138212,1138,2,101034,1,1
1138213,1138,2,102030,0,1
1138214,1138,2,102030,1,1
1138215,1138,2,104015,0,2
1138216,1138,2,104045,0,2
1138217,1138,2,106010,0,1
1138218,1138,2,106020,0,1
1138219,1138,2,106020,1,2
1138220,1138,2,106030,0,1
1138221,1138,2,106050,0,1
1138222,1138,2,106050,1,2
1138223,1138,2,106110,0,1
1138224,1138,2,106120,0,1
1138225,1138,2,106120,1,1
1138226,1138,2,106130,0,3
1138227,1138,2,106140,0,1
1138228,1138,2,106150,0,1
1138229,1138,2,106210,0,1
1138230,1138,2,106220,0,1
1138231,1138,2,106220,1,1
1138232,1138,2,106230,0,1
1138233,1138,2,106250,0,1
1138234,1138,9,1,0,1
1138235,1138,9,2,0,1
1138236,1138,9,3,0,1
1138237,1138,9,4,0,2
1138238,1138,9,3,4,4
1138239,1138,9,5,0,5
1138240,1138,9,6,0,1
1138241,1138,9,6,1,2
1138242,1138,9,6,2,2
1138243,1138,9,7,0,2
1138244,1138,9,7,1,2
1138245,1138,9,7,2,2
1138246,1138,9,7,3,2
1138247,1138,9,7,4,4
1138248,1138,9,7,5,4
1138249,1138,9,7,6,4
1138250,1138,9,8,0,4
1138251,1138,9,9,0,1
1138252,1138,2,108010,0,1
1138253,1138,2,108020,0,3
1138254,1138,2,108030,0,1
1138255,1138,2,108040,0,2
1138256,1138,2,107011,0,2
1138257,1138,2,107012,0,1
1138258,1138,2,107013,0,1
1138259,1138,2,107021,0,1
1138260,1138,2,107022,0,1
1138261,1138,2,107023,0,1
1138262,1138,2,107031,0,1
1138263,1138,2,107032,0,1
1138264,1138,2,107033,0,1
1138265,1138,2,107041,0,1
1138266,1138,2,107042,0,1
1138267,1138,2,107043,0,1
1138268,1138,2,107051,0,1
1138269,1138,2,107052,0,1
1138270,1138,2,107053,0,1
1138271,1138,10,0,0,2
1138272,1138,2,107030,0,1
1138273,1138,2,107030,1,1
1138274,1138,2,107040,1,5
1138275,1138,10,1,0,2
1138276,1138,5,9,0,2
1138277,1138,11,0,0,1
1138278,1138,11,1,0,1
1138279,1138,11,2,0,3
1138280,1138,2,109010,0,1
1138281,1138,2,109020,0,2
1138282,1138,2,109030,0,1
1138283,1138,5,0,6,2
1138286,1138,1013,1,0,4
1138287,1138,1013,2,0,4
1138288,1138,1013,3,0,5
1138289,1138,1013,4,0,2
1138290,1138,1013,5,0,2
1138291,1138,1013,6,0,3
1138292,1138,1013,7,0,3
1138293,1138,1013,8,0,1
1138294,1138,1013,9,0,4
1138295,1138,1013,10,0,1
1138401,1138,1014,1,0,1
1138402,1138,1014,2,0,1
1138403,1138,1014,3,0,1
1138404,1138,1014,4,0,2
1138405,1138,1014,5,0,1
1138406,1138,1014,6,0,1
1138407,1138,1014,6,1,1
1138408,1138,1014,6,2,1
1138409,1138,1014,7,0,2
1138410,1138,1014,7,1,1
1138411,1138,1014,7,2,1
1138412,1138,1014,8,0,1
1138413,1138,1014,8,1,1
1138414,1138,1014,8,2,1
1138415,1138,1014,9,0,3
1138416,1138,1014,10,0,2
1138300,1138,5,0,0,1
1138301,1138,5,1,6,3
1138302,1138,5,1,7,3
1138303,1138,5,2,1,6
1138304,1138,5,0,1,1
1138305,1138,5,0,2,1
1138306,1138,5,0,3,1
1138307,1138,5,0,4,5
1138308,1138,0,2,0,1
1138309,1138,0,3,0,2
1138310,1138,0,4,0,2
1138311,1138,0,5,0,2
1138312,1138,0,6,0,1
1138313,1138,5,0,5,2
1138400,1138,5,1,8,2
1141001,1141,0,0,0,1
1141002,1141,1,0,0,2
1141003,1141,1,1,0,2
1141004,1141,1,2,0,2
1141005,1141,1,3,0,2
1141006,1141,1,4,0,2
1141007,1141,1,5,0,1
1141008,1141,4,0,0,1
1141009,1141,7,0,0,1
1141010,1141,8,0,0,1
1141011,1141,3,1,0,1
1141012,1141,6,0,1,1
1141100,1141,2,103010,0,1
1141101,1141,2,103020,0,1
1141102,1141,2,103030,0,1
1141103,1141,2,103050,0,1
1141104,1141,2,103040,0,1
1141105,1141,2,105010,0,1
1141106,1141,2,105020,0,1
1141107,1141,2,105030,0,1
1141200,1141,2,101045,1,1
1141201,1141,2,102040,1,1
1141202,1141,2,101014,0,1
1141203,1141,2,101042,0,1
1141204,1141,2,101012,0,1
1141205,1141,2,101031,0,1
1141206,1141,2,101031,1,1
1141207,1141,2,101032,0,1
1141208,1141,2,101032,1,1
1141209,1141,2,101033,0,1
1141210,1141,2,101033,1,1
1141211,1141,2,101034,0,1
1141212,1141,2,101034,1,1
1141213,1141,2,102030,0,1
1141214,1141,2,102030,1,1
1141215,1141,2,104015,0,1
1141216,1141,2,104045,0,1
1141217,1141,2,106010,0,1
1141218,1141,2,106020,0,1
1141219,1141,2,106020,1,1
1141220,1141,2,106030,0,1
1141221,1141,2,106050,0,1
1141222,1141,2,106050,1,1
1141223,1141,2,106110,0,1
1141224,1141,2,106120,0,1
1141225,1141,2,106120,1,1
1141226,1141,2,106130,0,1
1141227,1141,2,106140,0,1
1141228,1141,2,106150,0,1
1141229,1141,2,106210,0,1
1141230,1141,2,106220,0,1
1141231,1141,2,106220,1,1
1141232,1141,2,106230,0,1
1141233,1141,2,106250,0,1
1141234,1141,9,1,0,1
1141235,1141,9,2,0,1
1141236,1141,9,3,0,1
1141237,1141,9,4,0,1
1141238,1141,9,3,4,1
1141239,1141,9,5,0,1
1141240,1141,9,6,0,1
1141241,1141,9,6,1,1
1141242,1141,9,6,2,1
1141243,1141,9,7,0,1
1141244,1141,9,7,1,1
1141245,1141,9,7,2,1
1141246,1141,9,7,3,1
1141247,1141,9,7,4,1
1141248,1141,9,7,5,1
1141249,1141,9,7,6,1
1141250,1141,9,8,0,1
1141251,1141,9,9,0,1
1141252,1141,2,108010,0,1
1141253,1141,2,108020,0,1
1141254,1141,2,108030,0,1
1141255,1141,2,108040,0,1
1141256,1141,2,107011,0,1
1141257,1141,2,107012,0,1
1141258,1141,2,107013,0,1
1141259,1141,2,107021,0,1
1141260,1141,2,107022,0,1
1141261,1141,2,107023,0,1
1141262,1141,2,107031,0,1
1141263,1141,2,107032,0,1
1141264,1141,2,107033,0,1
1141265,1141,2,107041,0,1
1141266,1141,2,107042,0,1
1141267,1141,2,107043,0,1
1141268,1141,2,107051,0,1
1141269,1141,2,107052,0,1
1141270,1141,2,107053,0,1
1141271,1141,10,0,0,1
1141272,1141,2,107030,0,1
1141273,1141,2,107030,1,1
1141274,1141,2,107040,1,1
1141275,1141,10,1,0,1
1141276,1141,5,9,0,1
1141277,1141,11,0,0,1
1141278,1141,11,1,0,1
1141279,1141,11,2,0,1
1141280,1141,2,109010,0,1
1141281,1141,2,109020,0,1
1141282,1141,2,109030,0,1
1141283,1141,5,0,6,1
1141286,1141,1013,1,0,2
1141287,1141,1013,2,0,4
1141288,1141,1013,3,0,5
1141289,1141,1013,4,0,2
1141290,1141,1013,5,0,4
1141291,1141,1013,6,0,3
1141292,1141,1013,7,0,1
1141293,1141,1013,8,0,1
1141294,1141,1013,9,0,3
1141295,1141,1013,10,0,1
1141401,1141,1014,1,0,1
1141402,1141,1014,2,0,3
1141403,1141,1014,3,0,3
1141404,1141,1014,4,0,2
1141405,1141,1014,5,0,2
1141406,1141,1014,6,0,1
1141407,1141,1014,6,1,1
1141408,1141,1014,6,2,1
1141409,1141,1014,7,0,3
1141410,1141,1014,7,1,1
1141411,1141,1014,7,2,1
1141412,1141,1014,8,0,3
1141413,1141,1014,8,1,1
1141414,1141,1014,8,2,1
1141415,1141,1014,9,0,3
1141416,1141,1014,10,0,1
1141300,1141,5,0,0,1
1141301,1141,5,1,6,1
1141302,1141,5,1,7,1
1141303,1141,5,2,1,1
1141304,1141,5,0,1,1
1141305,1141,5,0,2,1
1141306,1141,5,0,3,1
1141307,1141,5,0,4,2
1141308,1141,0,2,0,1
1141309,1141,0,3,0,1
1141310,1141,0,4,0,1
1141311,1141,0,5,0,1
1141312,1141,0,6,0,0
1141313,1141,5,0,5,2
1141400,1141,5,1,8,1
1142001,1142,0,0,0,1
1142002,1142,1,0,0,3
1142003,1142,1,1,0,3
1142004,1142,1,2,0,3
1142005,1142,1,3,0,4
1142006,1142,1,4,0,3
1142007,1142,1,5,0,1
1142008,1142,4,0,0,1
1142009,1142,7,0,0,1
1142010,1142,8,0,0,1
1142011,1142,3,1,0,1
1142012,1142,6,0,1,1
1142100,1142,2,103010,0,1
1142101,1142,2,103020,0,1
1142102,1142,2,103030,0,1
1142103,1142,2,103050,0,1
1142104,1142,2,103040,0,1
1142105,1142,2,105010,0,1
1142106,1142,2,105020,0,1
1142107,1142,2,105030,0,1
1142200,1142,2,101045,1,1
1142201,1142,2,102040,1,1
1142202,1142,2,101014,0,1
1142203,1142,2,101042,0,1
1142204,1142,2,101012,0,1
1142205,1142,2,101031,0,1
1142206,1142,2,101031,1,1
1142207,1142,2,101032,0,1
1142208,1142,2,101032,1,1
1142209,1142,2,101033,0,1
1142210,1142,2,101033,1,1
1142211,1142,2,101034,0,1
1142212,1142,2,101034,1,1
1142213,1142,2,102030,0,1
1142214,1142,2,102030,1,1
1142215,1142,2,104015,0,1
1142216,1142,2,104045,0,1
1142217,1142,2,106010,0,1
1142218,1142,2,106020,0,1
1142219,1142,2,106020,1,1
1142220,1142,2,106030,0,1
1142221,1142,2,106050,0,1
1142222,1142,2,106050,1,1
1142223,1142,2,106110,0,1
1142224,1142,2,106120,0,1
1142225,1142,2,106120,1,1
1142226,1142,2,106130,0,1
1142227,1142,2,106140,0,1
1142228,1142,2,106150,0,1
1142229,1142,2,106210,0,1
1142230,1142,2,106220,0,1
1142231,1142,2,106220,1,1
1142232,1142,2,106230,0,1
1142233,1142,2,106250,0,1
1142234,1142,9,1,0,1
1142235,1142,9,2,0,1
1142236,1142,9,3,0,1
1142237,1142,9,4,0,1
1142238,1142,9,3,4,1
1142239,1142,9,5,0,1
1142240,1142,9,6,0,1
1142241,1142,9,6,1,1
1142242,1142,9,6,2,1
1142243,1142,9,7,0,1
1142244,1142,9,7,1,1
1142245,1142,9,7,2,1
1142246,1142,9,7,3,1
1142247,1142,9,7,4,1
1142248,1142,9,7,5,1
1142249,1142,9,7,6,1
1142250,1142,9,8,0,1
1142251,1142,9,9,0,1
1142252,1142,2,108010,0,1
1142253,1142,2,108020,0,1
1142254,1142,2,108030,0,1
1142255,1142,2,108040,0,1
1142256,1142,2,107011,0,1
1142257,1142,2,107012,0,1
1142258,1142,2,107013,0,1
1142259,1142,2,107021,0,1
1142260,1142,2,107022,0,1
1142261,1142,2,107023,0,1
1142262,1142,2,107031,0,1
1142263,1142,2,107032,0,1
1142264,1142,2,107033,0,1
1142265,1142,2,107041,0,1
1142266,1142,2,107042,0,1
1142267,1142,2,107043,0,1
1142268,1142,2,107051,0,1
1142269,1142,2,107052,0,1
1142270,1142,2,107053,0,1
1142271,1142,10,0,0,1
1142272,1142,2,107030,0,1
1142273,1142,2,107030,1,1
1142274,1142,2,107040,1,1
1142275,1142,10,1,0,1
1142276,1142,5,9,0,1
1142277,1142,11,0,0,1
1142278,1142,11,1,0,1
1142279,1142,11,2,0,1
1142280,1142,2,109010,0,1
1142281,1142,2,109020,0,1
1142282,1142,2,109030,0,1
1142283,1142,5,0,6,1
1142286,1142,1013,1,0,3
1142287,1142,1013,2,0,2
1142288,1142,1013,3,0,2
1142289,1142,1013,4,0,3
1142290,1142,1013,5,0,3
1142291,1142,1013,6,0,2
1142292,1142,1013,7,0,2
1142293,1142,1013,8,0,1
1142294,1142,1013,9,0,2
1142295,1142,1013,10,0,1
1142401,1142,1014,1,0,8
1142402,1142,1014,2,0,1
1142403,1142,1014,3,0,2
1142404,1142,1014,4,0,1
1142405,1142,1014,5,0,4
1142406,1142,1014,6,0,1
1142407,1142,1014,6,1,1
1142408,1142,1014,6,2,1
1142409,1142,1014,7,0,2
1142410,1142,1014,7,1,1
1142411,1142,1014,7,2,1
1142412,1142,1014,8,0,2
1142413,1142,1014,8,1,1
1142414,1142,1014,8,2,1
1142415,1142,1014,9,0,2
1142416,1142,1014,10,0,2
1142300,1142,5,0,0,1
1142301,1142,5,1,6,1
1142302,1142,5,1,7,1
1142303,1142,5,2,1,1
1142304,1142,5,0,1,1
1142305,1142,5,0,2,1
1142306,1142,5,0,3,1
1142307,1142,5,0,4,3
1142308,1142,0,2,0,1
1142309,1142,0,3,0,1
1142310,1142,0,4,0,1
1142311,1142,0,5,0,1
1142312,1142,0,6,0,0
1142313,1142,5,0,5,3
1142400,1142,5,1,8,1
1143001,1143,0,0,0,2
1143002,1143,1,0,0,3
1143003,1143,1,1,0,1
1143004,1143,1,2,0,3
1143005,1143,1,3,0,2
1143006,1143,1,4,0,3
1143007,1143,1,5,0,3
1143008,1143,4,0,0,1
1143009,1143,7,0,0,2
1143010,1143,8,0,0,1
1143011,1143,3,1,0,1
1143012,1143,6,0,1,1
1143100,1143,2,103010,0,3
1143101,1143,2,103020,0,6
1143102,1143,2,103030,0,2
1143103,1143,2,103050,0,2
1143104,1143,2,103040,0,2
1143105,1143,2,105010,0,2
1143106,1143,2,105020,0,2
1143107,1143,2,105030,0,1
1143200,1143,2,101045,1,3
1143201,1143,2,102040,1,3
1143202,1143,2,101014,0,3
1143203,1143,2,101042,0,3
1143204,1143,2,101012,0,2
1143205,1143,2,101031,0,1
1143206,1143,2,101031,1,1
1143207,1143,2,101032,0,1
1143208,1143,2,101032,1,1
1143209,1143,2,101033,0,1
1143210,1143,2,101033,1,1
1143211,1143,2,101034,0,1
1143212,1143,2,101034,1,1
1143213,1143,2,102030,0,1
1143214,1143,2,102030,1,1
1143215,1143,2,104015,0,2
1143216,1143,2,104045,0,1
1143217,1143,2,106010,0,2
1143218,1143,2,106020,0,2
1143219,1143,2,106020,1,1
1143220,1143,2,106030,0,1
1143221,1143,2,106050,0,1
1143222,1143,2,106050,1,2
1143223,1143,2,106110,0,2
1143224,1143,2,106120,0,1
1143225,1143,2,106120,1,2
1143226,1143,2,106130,0,1
1143227,1143,2,106140,0,2
1143228,1143,2,106150,0,1
1143229,1143,2,106210,0,1
1143230,1143,2,106220,0,1
1143231,1143,2,106220,1,2
1143232,1143,2,106230,0,2
1143233,1143,2,106250,0,1
1143234,1143,9,1,0,1
1143235,1143,9,2,0,2
1143236,1143,9,3,0,2
1143237,1143,9,4,0,3
1143238,1143,9,3,4,2
1143239,1143,9,5,0,4
1143240,1143,9,6,0,2
1143241,1143,9,6,1,2
1143242,1143,9,6,2,3
1143243,1143,9,7,0,3
1143244,1143,9,7,1,3
1143245,1143,9,7,2,5
1143246,1143,9,7,3,1
1143247,1143,9,7,4,3
1143248,1143,9,7,5,3
1143249,1143,9,7,6,1
1143250,1143,9,8,0,3
1143251,1143,9,9,0,2
1143252,1143,2,108010,0,2
1143253,1143,2,108020,0,2
1143254,1143,2,108030,0,2
1143255,1143,2,108040,0,2
1143256,1143,2,107011,0,1
1143257,1143,2,107012,0,2
1143258,1143,2,107013,0,2
1143259,1143,2,107021,0,2
1143260,1143,2,107022,0,2
1143261,1143,2,107023,0,2
1143262,1143,2,107031,0,1
1143263,1143,2,107032,0,1
1143264,1143,2,107033,0,1
1143265,1143,2,107041,0,2
1143266,1143,2,107042,0,2
1143267,1143,2,107043,0,2
1143268,1143,2,107051,0,1
1143269,1143,2,107052,0,1
1143270,1143,2,107053,0,1
1143271,1143,10,0,0,1
1143272,1143,2,107030,0,1
1143273,1143,2,107030,1,1
1143274,1143,2,107040,1,3
1143275,1143,10,1,0,2
1143276,1143,5,9,0,2
1143277,1143,11,0,0,1
1143278,1143,11,1,0,1
1143279,1143,11,2,0,1
1143280,1143,2,109010,0,2
1143281,1143,2,109020,0,1
1143282,1143,2,109030,0,2
1143283,1143,5,0,6,3
1143286,1143,1013,1,0,3
1143287,1143,1013,2,0,2
1143288,1143,1013,3,0,2
1143289,1143,1013,4,0,3
1143290,1143,1013,5,0,3
1143291,1143,1013,6,0,2
1143292,1143,1013,7,0,2
1143293,1143,1013,8,0,1
1143294,1143,1013,9,0,2
1143295,1143,1013,10,0,1
1143401,1143,1014,1,0,8
1143402,1143,1014,2,0,1
1143403,1143,1014,3,0,1
1143404,1143,1014,4,0,1
1143405,1143,1014,5,0,4
1143406,1143,1014,6,0,2
1143407,1143,1014,6,1,1
1143408,1143,1014,6,2,1
1143409,1143,1014,7,0,2
1143410,1143,1014,7,1,1
1143411,1143,1014,7,2,1
1143412,1143,1014,8,0,2
1143413,1143,1014,8,1,1
1143414,1143,1014,8,2,1
1143415,1143,1014,9,0,2
1143416,1143,1014,10,0,3
1143300,1143,5,0,0,1
1143301,1143,5,1,6,5
1143302,1143,5,1,7,6
1143303,1143,5,2,1,7
1143304,1143,5,0,1,2
1143305,1143,5,0,2,2
1143306,1143,5,0,3,1
1143307,1143,5,0,4,3
1143308,1143,0,2,0,2
1143309,1143,0,3,0,3
1143310,1143,0,4,0,3
1143311,1143,0,5,0,3
1143312,1143,0,6,0,0
1143313,1143,5,0,5,1
1143400,1143,5,1,8,2
1144001,1144,0,0,0,1
1144002,1144,1,0,0,5
1144003,1144,1,1,0,3
1144004,1144,1,2,0,5
1144005,1144,1,3,0,4
1144006,1144,1,4,0,2
1144007,1144,1,5,0,1
1144008,1144,4,0,0,1
1144009,1144,7,0,0,1
1144010,1144,8,0,0,1
1144011,1144,3,1,0,1
1144012,1144,6,0,1,1
1144100,1144,2,103010,0,1
1144101,1144,2,103020,0,1
1144102,1144,2,103030,0,1
1144103,1144,2,103050,0,1
1144104,1144,2,103040,0,1
1144105,1144,2,105010,0,1
1144106,1144,2,105020,0,1
1144107,1144,2,105030,0,1
1144200,1144,2,101045,1,1
1144201,1144,2,102040,1,1
1144202,1144,2,101014,0,1
1144203,1144,2,101042,0,1
1144204,1144,2,101012,0,1
1144205,1144,2,101031,0,1
1144206,1144,2,101031,1,1
1144207,1144,2,101032,0,1
1144208,1144,2,101032,1,1
1144209,1144,2,101033,0,1
1144210,1144,2,101033,1,1
1144211,1144,2,101034,0,1
1144212,1144,2,101034,1,1
1144213,1144,2,102030,0,1
1144214,1144,2,102030,1,1
1144215,1144,2,104015,0,1
1144216,1144,2,104045,0,1
1144217,1144,2,106010,0,1
1144218,1144,2,106020,0,1
1144219,1144,2,106020,1,1
1144220,1144,2,106030,0,1
1144221,1144,2,106050,0,1
1144222,1144,2,106050,1,1
1144223,1144,2,106110,0,1
1144224,1144,2,106120,0,1
1144225,1144,2,106120,1,1
1144226,1144,2,106130,0,1
1144227,1144,2,106140,0,1
1144228,1144,2,106150,0,1
1144229,1144,2,106210,0,1
1144230,1144,2,106220,0,1
1144231,1144,2,106220,1,1
1144232,1144,2,106230,0,1
1144233,1144,2,106250,0,1
1144234,1144,9,1,0,1
1144235,1144,9,2,0,1
1144236,1144,9,3,0,1
1144237,1144,9,4,0,1
1144238,1144,9,3,4,1
1144239,1144,9,5,0,1
1144240,1144,9,6,0,1
1144241,1144,9,6,1,1
1144242,1144,9,6,2,1
1144243,1144,9,7,0,1
1144244,1144,9,7,1,1
1144245,1144,9,7,2,1
1144246,1144,9,7,3,1
1144247,1144,9,7,4,1
1144248,1144,9,7,5,1
1144249,1144,9,7,6,1
1144250,1144,9,8,0,1
1144251,1144,9,9,0,1
1144252,1144,2,108010,0,1
1144253,1144,2,108020,0,1
1144254,1144,2,108030,0,1
1144255,1144,2,108040,0,1
1144256,1144,2,107011,0,1
1144257,1144,2,107012,0,1
1144258,1144,2,107013,0,1
1144259,1144,2,107021,0,1
1144260,1144,2,107022,0,1
1144261,1144,2,107023,0,1
1144262,1144,2,107031,0,1
1144263,1144,2,107032,0,1
1144264,1144,2,107033,0,1
1144265,1144,2,107041,0,1
1144266,1144,2,107042,0,1
1144267,1144,2,107043,0,1
1144268,1144,2,107051,0,1
1144269,1144,2,107052,0,1
1144270,1144,2,107053,0,1
1144271,1144,10,0,0,1
1144272,1144,2,107030,0,1
1144273,1144,2,107030,1,1
1144274,1144,2,107040,1,1
1144275,1144,10,1,0,1
1144276,1144,5,9,0,1
1144277,1144,11,0,0,1
1144278,1144,11,1,0,1
1144279,1144,11,2,0,1
1144280,1144,2,109010,0,1
1144281,1144,2,109020,0,1
1144282,1144,2,109030,0,1
1144283,1144,5,0,6,1
1144286,1144,1013,1,0,4
1144287,1144,1013,2,0,4
1144288,1144,1013,3,0,4
1144289,1144,1013,4,0,5
1144290,1144,1013,5,0,2
1144291,1144,1013,6,0,2
1144292,1144,1013,7,0,3
1144293,1144,1013,8,0,1
1144294,1144,1013,9,0,2
1144295,1144,1013,10,0,1
1144401,1144,1014,1,0,2
1144402,1144,1014,2,0,2
1144403,1144,1014,3,0,1
1144404,1144,1014,4,0,4
1144405,1144,1014,5,0,3
1144406,1144,1014,6,0,1
1144407,1144,1014,6,1,1
1144408,1144,1014,6,2,1
1144409,1144,1014,7,0,2
1144410,1144,1014,7,1,1
1144411,1144,1014,7,2,1
1144412,1144,1014,8,0,2
1144413,1144,1014,8,1,1
1144414,1144,1014,8,2,1
1144415,1144,1014,9,0,2
1144416,1144,1014,10,0,2
1144300,1144,5,0,0,1
1144301,1144,5,1,6,1
1144302,1144,5,1,7,1
1144303,1144,5,2,1,1
1144304,1144,5,0,1,1
1144305,1144,5,0,2,1
1144306,1144,5,0,3,1
1144307,1144,5,0,4,5
1144308,1144,0,2,0,1
1144309,1144,0,3,0,1
1144310,1144,0,4,0,1
1144311,1144,0,5,0,1
1144312,1144,0,6,0,0
1144313,1144,5,0,5,3
1144400,1144,5,1,8,1
1145001,1145,0,0,0,1
1145002,1145,1,0,0,5
1145003,1145,1,1,0,2
1145004,1145,1,2,0,5
1145005,1145,1,3,0,2
1145006,1145,1,4,0,2
1145007,1145,1,5,0,1
1145008,1145,4,0,0,1
1145009,1145,7,0,0,1
1145010,1145,8,0,0,1
1145011,1145,3,1,0,1
1145012,1145,6,0,1,1
1145100,1145,2,103010,0,1
1145101,1145,2,103020,0,1
1145102,1145,2,103030,0,1
1145103,1145,2,103050,0,1
1145104,1145,2,103040,0,1
1145105,1145,2,105010,0,1
1145106,1145,2,105020,0,1
1145107,1145,2,105030,0,1
1145200,1145,2,101045,1,1
1145201,1145,2,102040,1,1
1145202,1145,2,101014,0,1
1145203,1145,2,101042,0,1
1145204,1145,2,101012,0,1
1145205,1145,2,101031,0,1
1145206,1145,2,101031,1,1
1145207,1145,2,101032,0,1
1145208,1145,2,101032,1,1
1145209,1145,2,101033,0,1
1145210,1145,2,101033,1,1
1145211,1145,2,101034,0,1
1145212,1145,2,101034,1,1
1145213,1145,2,102030,0,1
1145214,1145,2,102030,1,1
1145215,1145,2,104015,0,1
1145216,1145,2,104045,0,1
1145217,1145,2,106010,0,1
1145218,1145,2,106020,0,1
1145219,1145,2,106020,1,1
1145220,1145,2,106030,0,1
1145221,1145,2,106050,0,1
1145222,1145,2,106050,1,1
1145223,1145,2,106110,0,1
1145224,1145,2,106120,0,1
1145225,1145,2,106120,1,1
1145226,1145,2,106130,0,1
1145227,1145,2,106140,0,1
1145228,1145,2,106150,0,1
1145229,1145,2,106210,0,1
1145230,1145,2,106220,0,1
1145231,1145,2,106220,1,1
1145232,1145,2,106230,0,1
1145233,1145,2,106250,0,1
1145234,1145,9,1,0,1
1145235,1145,9,2,0,1
1145236,1145,9,3,0,1
1145237,1145,9,4,0,1
1145238,1145,9,3,4,1
1145239,1145,9,5,0,1
1145240,1145,9,6,0,1
1145241,1145,9,6,1,1
1145242,1145,9,6,2,1
1145243,1145,9,7,0,1
1145244,1145,9,7,1,1
1145245,1145,9,7,2,1
1145246,1145,9,7,3,1
1145247,1145,9,7,4,1
1145248,1145,9,7,5,1
1145249,1145,9,7,6,1
1145250,1145,9,8,0,1
1145251,1145,9,9,0,1
1145252,1145,2,108010,0,1
1145253,1145,2,108020,0,1
1145254,1145,2,108030,0,1
1145255,1145,2,108040,0,1
1145256,1145,2,107011,0,1
1145257,1145,2,107012,0,1
1145258,1145,2,107013,0,1
1145259,1145,2,107021,0,1
1145260,1145,2,107022,0,1
1145261,1145,2,107023,0,1
1145262,1145,2,107031,0,1
1145263,1145,2,107032,0,1
1145264,1145,2,107033,0,1
1145265,1145,2,107041,0,1
1145266,1145,2,107042,0,1
1145267,1145,2,107043,0,1
1145268,1145,2,107051,0,1
1145269,1145,2,107052,0,1
1145270,1145,2,107053,0,1
1145271,1145,10,0,0,1
1145272,1145,2,107030,0,1
1145273,1145,2,107030,1,1
1145274,1145,2,107040,1,1
1145275,1145,10,1,0,1
1145276,1145,5,9,0,1
1145277,1145,11,0,0,1
1145278,1145,11,1,0,1
1145279,1145,11,2,0,1
1145280,1145,2,109010,0,1
1145281,1145,2,109020,0,1
1145282,1145,2,109030,0,1
1145283,1145,5,0,6,1
1145286,1145,1013,1,0,4
1145287,1145,1013,2,0,4
1145288,1145,1013,3,0,5
1145289,1145,1013,4,0,4
1145290,1145,1013,5,0,2
1145291,1145,1013,6,0,3
1145292,1145,1013,7,0,3
1145293,1145,1013,8,0,1
1145294,1145,1013,9,0,3
1145295,1145,1013,10,0,1
1145401,1145,1014,1,0,6
1145402,1145,1014,2,0,1
1145403,1145,1014,3,0,4
1145404,1145,1014,4,0,2
1145405,1145,1014,5,0,3
1145406,1145,1014,6,0,3
1145407,1145,1014,6,1,1
1145408,1145,1014,6,2,1
1145409,1145,1014,7,0,4
1145410,1145,1014,7,1,1
1145411,1145,1014,7,2,1
1145412,1145,1014,8,0,3
1145413,1145,1014,8,1,1
1145414,1145,1014,8,2,1
1145415,1145,1014,9,0,2
1145416,1145,1014,10,0,2
1145300,1145,5,0,0,1
1145301,1145,5,1,6,1
1145302,1145,5,1,7,1
1145303,1145,5,2,1,1
1145304,1145,5,0,1,1
1145305,1145,5,0,2,1
1145306,1145,5,0,3,1
1145307,1145,5,0,4,5
1145308,1145,0,2,0,1
1145309,1145,0,3,0,1
1145310,1145,0,4,0,1
1145311,1145,0,5,0,1
1145312,1145,0,6,0,0
1145313,1145,5,0,5,2
1145400,1145,5,1,8,1
