id,mission_type,condition_type,condition_value_1,condition_value_2,condition_value_3,condition_value_4,condition_num,step_group_id,step_order,disp_order,item_category,item_id,item_num,event_id,date_check_flg,transition_type,start_date,end_date
100000,1,100003,0,0,0,0,1,1,1,1,103,98,100,0,1,10001,2021/02/24,2021/09/30 4:59:59
100001,1,200008,0,0,0,0,1,2,1,2,30,110,300,0,1,20003,2021/02/24,2021/09/30 4:59:59
100002,1,200005,0,0,0,0,1,4,1,4,91,59,1000,0,1,20001,2021/02/24,2021/09/30 4:59:59
100005,1,100004,1,0,0,0,1,7,1,7,90,43,10,0,1,10001,2021/02/24,2021/09/30 4:59:59
100006,1,900001,1,0,0,0,5,8,1,8,90,43,20,0,1,0,2021/02/24,2021/09/30 4:59:59
100007,1,200008,0,0,0,0,3,3,1,3,30,110,500,0,1,20003,2021/02/24,2021/09/30 4:59:59
100010,1,100003,0,0,0,0,1,1,1,1,103,98,100,0,1,10001,2021/09/30 5:00:00,2050/01/01 4:59:59
100011,1,200008,0,0,0,0,1,2,1,2,103,98,200,0,1,20003,2021/09/30 5:00:00,2050/01/01 4:59:59
100012,1,200005,0,0,0,0,1,4,1,4,91,59,2400,0,1,20001,2021/09/30 5:00:00,2050/01/01 4:59:59
100015,1,100004,1,0,0,0,1,7,1,7,90,43,20,0,1,10001,2021/09/30 5:00:00,2050/01/01 4:59:59
100016,1,900001,1,0,0,0,5,8,1,8,90,43,30,0,1,0,2021/09/30 5:00:00,2050/01/01 4:59:59
100017,1,200008,0,0,0,0,3,3,1,3,91,59,1400,0,1,20003,2021/09/30 5:00:00,2050/01/01 4:59:59
301000,3,100004,1,0,0,0,1,20,1,29,90,43,30,0,0,10001,2017/07/01 1:00:00,2050/01/01 4:59:59
301001,3,100004,1,0,0,0,2,20,2,29,90,43,30,0,0,10001,2017/07/01 1:00:00,2050/01/01 4:59:59
301002,3,100004,1,0,0,0,3,20,3,29,90,43,30,0,0,10001,2017/07/01 1:00:00,2050/01/01 4:59:59
301003,3,100004,1,0,0,0,4,20,4,29,90,43,30,0,0,10001,2017/07/01 1:00:00,2050/01/01 4:59:59
301004,3,100004,1,0,0,0,5,20,5,29,90,43,30,0,0,10001,2017/07/01 1:00:00,2050/01/01 4:59:59
301005,3,100004,1,0,0,0,10,20,6,29,90,43,30,0,0,10001,2017/07/01 1:00:00,2050/01/01 4:59:59
301006,3,100004,1,0,0,0,15,20,7,29,90,43,30,0,0,10001,2017/07/01 1:00:00,2050/01/01 4:59:59
301007,3,100004,1,0,0,0,20,20,8,29,90,43,30,0,0,10001,2017/07/01 1:00:00,2050/01/01 4:59:59
301008,3,100004,1,0,0,0,25,20,9,29,90,43,30,0,0,10001,2017/07/01 1:00:00,2050/01/01 4:59:59
301009,3,100004,1,0,0,0,30,20,10,29,90,43,30,0,0,10001,2017/07/01 1:00:00,2050/01/01 4:59:59
301010,3,100004,1,0,0,0,35,20,11,29,90,43,30,0,0,10001,2017/07/01 1:00:00,2050/01/01 4:59:59
301011,3,100004,1,0,0,0,40,20,12,29,90,43,30,0,0,10001,2017/07/01 1:00:00,2050/01/01 4:59:59
301012,3,100004,1,0,0,0,45,20,13,29,90,43,30,0,0,10001,2017/07/01 1:00:00,2050/01/01 4:59:59
301013,3,100004,1,0,0,0,50,20,14,29,90,43,50,0,0,10001,2017/07/01 1:00:00,2050/01/01 4:59:59
301014,3,100004,1,0,0,0,60,20,15,29,90,43,50,0,0,10001,2017/07/01 1:00:00,2050/01/01 4:59:59
301015,3,100004,1,0,0,0,70,20,16,29,90,43,50,0,0,10001,2017/07/01 1:00:00,2050/01/01 4:59:59
301016,3,100004,1,0,0,0,80,20,17,29,90,43,50,0,0,10001,2017/07/01 1:00:00,2050/01/01 4:59:59
301017,3,100004,1,0,0,0,90,20,18,29,90,43,50,0,0,10001,2017/07/01 1:00:00,2050/01/01 4:59:59
301018,3,100004,1,0,0,0,100,20,19,29,90,43,100,0,0,10001,2017/07/01 1:00:00,2050/01/01 4:59:59
301019,3,100004,1,0,0,0,150,20,20,29,90,43,100,0,0,10001,2017/07/01 1:00:00,2050/01/01 4:59:59
301020,3,100004,1,0,0,0,200,20,21,29,90,43,100,0,0,10001,2017/07/01 1:00:00,2050/01/01 4:59:59
301021,3,100004,1,0,0,0,250,20,22,29,90,43,100,0,0,10001,2017/07/01 1:00:00,2050/01/01 4:59:59
301022,3,100004,1,0,0,0,300,20,23,29,90,43,100,0,0,10001,2017/07/01 1:00:00,2050/01/01 4:59:59
301023,3,100004,1,0,0,0,350,20,24,29,90,43,100,0,0,10001,2017/07/01 1:00:00,2050/01/01 4:59:59
301024,3,100004,1,0,0,0,400,20,25,29,90,43,100,0,0,10001,2017/07/01 1:00:00,2050/01/01 4:59:59
301025,3,100004,1,0,0,0,450,20,26,29,90,43,100,0,0,10001,2017/07/01 1:00:00,2050/01/01 4:59:59
301026,3,100004,1,0,0,0,500,20,27,29,90,43,100,0,0,10001,2017/07/01 1:00:00,2050/01/01 4:59:59
301027,3,100004,1,0,0,0,550,20,28,29,90,43,100,0,0,10001,2017/07/01 1:00:00,2050/01/01 4:59:59
301028,3,100004,1,0,0,0,600,20,29,29,90,43,100,0,0,10001,2017/07/01 1:00:00,2050/01/01 4:59:59
301029,3,100004,1,0,0,0,650,20,30,29,90,43,100,0,0,10001,2017/07/01 1:00:00,2050/01/01 4:59:59
301030,3,100004,1,0,0,0,700,20,31,29,90,43,100,0,0,10001,2017/07/01 1:00:00,2050/01/01 4:59:59
301031,3,100004,1,0,0,0,750,20,32,29,90,43,100,0,0,10001,2017/07/01 1:00:00,2050/01/01 4:59:59
301032,3,100004,1,0,0,0,800,20,33,29,90,43,100,0,0,10001,2017/07/01 1:00:00,2050/01/01 4:59:59
301033,3,100004,1,0,0,0,850,20,34,29,90,43,100,0,0,10001,2017/07/01 1:00:00,2050/01/01 4:59:59
301034,3,100004,1,0,0,0,900,20,35,29,90,43,100,0,0,10001,2017/07/01 1:00:00,2050/01/01 4:59:59
301035,3,100004,1,0,0,0,950,20,36,29,90,43,100,0,0,10001,2017/07/01 1:00:00,2050/01/01 4:59:59
301036,3,100004,1,0,0,0,1000,20,37,29,90,43,500,0,0,10001,2017/07/01 1:00:00,2050/01/01 4:59:59
301037,3,100004,1,0,0,0,1050,20,38,29,90,43,100,0,0,10001,2017/07/01 1:00:00,2050/01/01 4:59:59
301038,3,100004,1,0,0,0,1100,20,39,29,90,43,100,0,0,10001,2017/07/01 1:00:00,2050/01/01 4:59:59
301039,3,100004,1,0,0,0,1150,20,40,29,90,43,100,0,0,10001,2017/07/01 1:00:00,2050/01/01 4:59:59
301040,3,100004,1,0,0,0,1200,20,41,29,90,43,100,0,0,10001,2017/07/01 1:00:00,2050/01/01 4:59:59
301041,3,100004,1,0,0,0,1250,20,42,29,90,43,100,0,0,10001,2017/07/01 1:00:00,2050/01/01 4:59:59
301042,3,100004,1,0,0,0,1300,20,43,29,90,43,100,0,0,10001,2017/07/01 1:00:00,2050/01/01 4:59:59
301043,3,100004,1,0,0,0,1350,20,44,29,90,43,100,0,0,10001,2017/07/01 1:00:00,2050/01/01 4:59:59
301044,3,100004,1,0,0,0,1400,20,45,29,90,43,100,0,0,10001,2017/07/01 1:00:00,2050/01/01 4:59:59
301045,3,100004,1,0,0,0,1450,20,46,29,90,43,100,0,0,10001,2017/07/01 1:00:00,2050/01/01 4:59:59
301046,3,100004,1,0,0,0,1500,20,47,29,90,43,100,0,0,10001,2017/07/01 1:00:00,2050/01/01 4:59:59
301047,3,100004,1,0,0,0,1550,20,48,29,90,43,100,0,0,10001,2017/07/01 1:00:00,2050/01/01 4:59:59
301048,3,100004,1,0,0,0,1600,20,49,29,90,43,100,0,0,10001,2017/07/01 1:00:00,2050/01/01 4:59:59
301049,3,100004,1,0,0,0,1650,20,50,29,90,43,100,0,0,10001,2017/07/01 1:00:00,2050/01/01 4:59:59
301050,3,100004,1,0,0,0,1700,20,51,29,90,43,100,0,0,10001,2017/07/01 1:00:00,2050/01/01 4:59:59
301051,3,100004,1,0,0,0,1750,20,52,29,90,43,100,0,0,10001,2017/07/01 1:00:00,2050/01/01 4:59:59
301052,3,100004,1,0,0,0,1800,20,53,29,90,43,100,0,0,10001,2017/07/01 1:00:00,2050/01/01 4:59:59
301053,3,100004,1,0,0,0,1850,20,54,29,90,43,100,0,0,10001,2017/07/01 1:00:00,2050/01/01 4:59:59
301054,3,100004,1,0,0,0,1900,20,55,29,90,43,100,0,0,10001,2017/07/01 1:00:00,2050/01/01 4:59:59
301055,3,100004,1,0,0,0,1950,20,56,29,90,43,100,0,0,10001,2017/07/01 1:00:00,2050/01/01 4:59:59
301056,3,100004,1,0,0,0,2000,20,57,29,90,43,500,0,0,10001,2017/07/01 1:00:00,2050/01/01 4:59:59
301100,3,100007,100,1,0,0,1,30,1,30,91,59,1000,0,0,10001,2017/07/01 1:00:00,2050/01/01 4:59:59
301101,3,100007,100,1,0,0,5,30,2,30,91,59,2000,0,0,10001,2017/07/01 1:00:00,2050/01/01 4:59:59
301102,3,100007,100,1,0,0,10,30,3,30,91,59,3000,0,0,10001,2017/07/01 1:00:00,2050/01/01 4:59:59
301103,3,100007,100,1,0,0,20,30,4,30,91,59,3000,0,0,10001,2017/07/01 1:00:00,2050/01/01 4:59:59
301104,3,100007,100,1,0,0,30,30,5,30,91,59,3000,0,0,10001,2017/07/01 1:00:00,2050/01/01 4:59:59
301105,3,100007,100,1,0,0,40,30,6,30,91,59,4000,0,0,10001,2017/07/01 1:00:00,2050/01/01 4:59:59
301106,3,100007,100,1,0,0,50,30,7,30,91,59,4000,0,0,10001,2017/07/01 1:00:00,2050/01/01 4:59:59
301107,3,100007,100,1,0,0,60,30,8,30,91,59,5000,0,0,10001,2017/07/01 1:00:00,2050/01/01 4:59:59
301108,3,100007,100,1,0,0,70,30,9,30,91,59,5000,0,0,10001,2017/07/01 1:00:00,2050/01/01 4:59:59
301109,3,100007,100,1,0,0,80,30,10,30,91,59,5000,0,0,10001,2017/07/01 1:00:00,2050/01/01 4:59:59
301110,3,100007,100,1,0,0,90,30,11,30,91,59,5000,0,0,10001,2017/07/01 1:00:00,2050/01/01 4:59:59
301111,3,100007,100,1,0,0,100,30,12,30,91,59,10000,0,0,10001,2017/07/01 1:00:00,2050/01/01 4:59:59
301200,3,100007,200,1,0,0,1,40,1,40,91,59,1000,0,0,10001,2017/07/01 1:00:00,2050/01/01 4:59:59
301201,3,100007,200,1,0,0,5,40,2,40,91,59,2000,0,0,10001,2017/07/01 1:00:00,2050/01/01 4:59:59
301202,3,100007,200,1,0,0,10,40,3,40,91,59,3000,0,0,10001,2017/07/01 1:00:00,2050/01/01 4:59:59
301203,3,100007,200,1,0,0,20,40,4,40,91,59,3000,0,0,10001,2017/07/01 1:00:00,2050/01/01 4:59:59
301204,3,100007,200,1,0,0,30,40,5,40,91,59,3000,0,0,10001,2017/07/01 1:00:00,2050/01/01 4:59:59
301205,3,100007,200,1,0,0,40,40,6,40,91,59,4000,0,0,10001,2017/07/01 1:00:00,2050/01/01 4:59:59
301206,3,100007,200,1,0,0,50,40,7,40,91,59,4000,0,0,10001,2017/07/01 1:00:00,2050/01/01 4:59:59
301207,3,100007,200,1,0,0,60,40,8,40,91,59,5000,0,0,10001,2017/07/01 1:00:00,2050/01/01 4:59:59
301208,3,100007,200,1,0,0,70,40,9,40,91,59,5000,0,0,10001,2017/07/01 1:00:00,2050/01/01 4:59:59
301209,3,100007,200,1,0,0,80,40,10,40,91,59,5000,0,0,10001,2017/07/01 1:00:00,2050/01/01 4:59:59
301210,3,100007,200,1,0,0,90,40,11,40,91,59,5000,0,0,10001,2017/07/01 1:00:00,2050/01/01 4:59:59
301211,3,100007,200,1,0,0,100,40,12,40,91,59,10000,0,0,10001,2017/07/01 1:00:00,2050/01/01 4:59:59
301300,3,100007,300,1,0,0,1,50,1,50,20,32,2,0,0,10001,2017/07/01 1:00:00,2050/01/01 4:59:59
301301,3,100007,300,1,0,0,5,50,2,50,20,32,2,0,0,10001,2017/07/01 1:00:00,2050/01/01 4:59:59
301302,3,100007,300,1,0,0,10,50,3,50,20,32,2,0,0,10001,2017/07/01 1:00:00,2050/01/01 4:59:59
301303,3,100007,300,1,0,0,20,50,4,50,20,32,2,0,0,10001,2017/07/01 1:00:00,2050/01/01 4:59:59
301304,3,100007,300,1,0,0,30,50,5,50,20,32,2,0,0,10001,2017/07/01 1:00:00,2050/01/01 4:59:59
301305,3,100007,300,1,0,0,40,50,6,50,20,32,2,0,0,10001,2017/07/01 1:00:00,2050/01/01 4:59:59
301306,3,100007,300,1,0,0,50,50,7,50,20,32,2,0,0,10001,2017/07/01 1:00:00,2050/01/01 4:59:59
301307,3,100007,300,1,0,0,60,50,8,50,20,32,2,0,0,10001,2017/07/01 1:00:00,2050/01/01 4:59:59
301308,3,100007,300,1,0,0,70,50,9,50,20,32,2,0,0,10001,2017/07/01 1:00:00,2050/01/01 4:59:59
301309,3,100007,300,1,0,0,80,50,10,50,20,32,2,0,0,10001,2017/07/01 1:00:00,2050/01/01 4:59:59
301310,3,100007,300,1,0,0,90,50,11,50,20,32,2,0,0,10001,2017/07/01 1:00:00,2050/01/01 4:59:59
301311,3,100007,300,1,0,0,100,50,12,50,20,32,2,0,0,10001,2017/07/01 1:00:00,2050/01/01 4:59:59
301400,3,100005,100,1,0,0,3,60,1,60,90,43,30,0,0,10001,2017/07/01 1:00:00,2050/01/01 4:59:59
301401,3,100005,100,1,0,0,5,60,2,60,90,43,50,0,0,10001,2017/07/01 1:00:00,2050/01/01 4:59:59
301402,3,100005,100,1,0,0,10,60,3,60,90,43,100,0,0,10001,2017/07/01 1:00:00,2050/01/01 4:59:59
301403,3,100005,100,1,0,0,15,60,4,60,90,43,150,0,0,10001,2017/07/01 1:00:00,2050/01/01 4:59:59
301404,3,100005,100,1,0,0,20,60,5,60,90,43,300,0,0,10001,2017/07/01 1:00:00,2050/01/01 4:59:59
301500,3,100005,0,1,0,0,10,70,1,70,90,43,30,0,0,10001,2017/07/01 1:00:00,2050/01/01 4:59:59
301501,3,100005,0,1,0,0,15,70,2,70,90,43,30,0,0,10001,2017/07/01 1:00:00,2050/01/01 4:59:59
301502,3,100005,0,1,0,0,20,70,3,70,90,43,50,0,0,10001,2017/07/01 1:00:00,2050/01/01 4:59:59
301503,3,100005,0,1,0,0,25,70,4,70,90,43,50,0,0,10001,2017/07/01 1:00:00,2050/01/01 4:59:59
301504,3,100005,0,1,0,0,30,70,5,70,90,43,50,0,0,10001,2017/07/01 1:00:00,2050/01/01 4:59:59
301505,3,100005,0,1,0,0,35,70,6,70,90,43,50,0,0,10001,2017/07/01 1:00:00,2050/01/01 4:59:59
301506,3,100005,0,1,0,0,40,70,7,70,90,43,50,0,0,10001,2017/07/01 1:00:00,2050/01/01 4:59:59
301507,3,100005,0,1,0,0,45,70,8,70,90,43,50,0,0,10001,2017/07/01 1:00:00,2050/01/01 4:59:59
301508,3,100005,0,1,0,0,50,70,9,70,90,43,100,0,0,10001,2017/07/01 1:00:00,2050/01/01 4:59:59
301509,3,100005,0,1,0,0,55,70,10,70,90,43,100,0,0,10001,2017/07/01 1:00:00,2050/01/01 4:59:59
301510,3,100005,0,1,0,0,60,70,11,70,90,43,100,0,0,10001,2017/07/01 1:00:00,2050/01/01 4:59:59
301511,3,100005,0,1,0,0,65,70,12,70,90,43,100,0,0,10001,2017/07/01 1:00:00,2050/01/01 4:59:59
301512,3,100005,0,1,0,0,70,70,13,70,90,43,100,0,0,10001,2017/07/01 1:00:00,2050/01/01 4:59:59
301513,3,100005,0,1,0,0,75,70,14,70,90,43,100,0,0,10001,2017/07/01 1:00:00,2050/01/01 4:59:59
301514,3,100005,0,1,0,0,80,70,15,70,90,43,150,0,0,10001,2017/07/01 1:00:00,2050/01/01 4:59:59
301515,3,100005,0,1,0,0,85,70,16,70,90,43,150,0,0,10001,2017/07/01 1:00:00,2050/01/01 4:59:59
301516,3,100005,0,1,0,0,90,70,17,70,90,43,150,0,0,10001,2017/07/01 1:00:00,2050/01/01 4:59:59
301517,3,100005,0,1,0,0,95,70,18,70,90,43,150,0,0,10001,2017/07/01 1:00:00,2050/01/01 4:59:59
301518,3,100005,0,1,0,0,100,70,19,70,90,43,300,0,0,10001,2017/07/01 1:00:00,2050/01/01 4:59:59
302700,3,100022,0,0,0,0,1,140,1,140,91,59,2000,0,0,10001,2017/07/01 1:00:00,2050/01/01 4:59:59
302701,3,100022,0,0,0,0,5,140,2,140,91,59,4000,0,0,10001,2017/07/01 1:00:00,2050/01/01 4:59:59
302702,3,100022,0,0,0,0,10,140,3,140,91,59,6000,0,0,10001,2017/07/01 1:00:00,2050/01/01 4:59:59
302703,3,100022,0,0,0,0,30,140,4,140,91,59,10000,0,0,10001,2017/07/01 1:00:00,2050/01/01 4:59:59
303000,3,100012,5,0,0,0,1,151,1,151,90,43,30,0,0,10001,2017/07/01 1:00:00,2050/01/01 4:59:59
303001,3,100012,10,0,0,0,1,152,2,152,90,43,30,0,0,10001,2017/07/01 1:00:00,2050/01/01 4:59:59
303002,3,100012,15,0,0,0,1,153,3,153,90,43,30,0,0,10001,2017/07/01 1:00:00,2050/01/01 4:59:59
303003,3,100012,20,0,0,0,1,154,4,154,90,43,30,0,0,10001,2017/07/01 1:00:00,2050/01/01 4:59:59
303004,3,100012,21,0,0,0,1,155,5,155,90,43,50,0,0,10001,2017/07/01 1:00:00,2050/01/01 4:59:59
303005,3,100012,22,0,0,0,1,156,6,156,90,43,50,0,0,10001,2017/07/01 1:00:00,2050/01/01 4:59:59
303006,3,100012,23,0,0,0,1,157,7,157,90,43,50,0,0,10001,2017/07/01 1:00:00,2050/01/01 4:59:59
303007,3,100012,24,0,0,0,1,158,8,158,90,43,50,0,0,10001,2017/07/01 1:00:00,2050/01/01 4:59:59
303008,3,100012,25,0,0,0,1,159,9,159,90,43,50,0,0,10001,2017/07/01 1:00:00,2050/01/01 4:59:59
303009,3,100012,26,0,0,0,1,160,10,160,90,43,50,0,0,10001,2017/07/01 1:00:00,2050/01/01 4:59:59
303010,3,100012,27,0,0,0,1,161,11,161,90,43,50,0,0,10001,2017/07/01 1:00:00,2050/01/01 4:59:59
303011,3,100012,28,0,0,0,1,162,12,162,90,43,50,0,0,10001,2017/07/01 1:00:00,2050/01/01 4:59:59
303012,3,100012,29,0,0,0,1,163,13,163,90,43,50,0,0,10001,2017/07/01 1:00:00,2050/01/01 4:59:59
303013,3,100012,30,0,0,0,1,164,14,164,90,43,50,0,0,10001,2017/07/01 1:00:00,2050/01/01 4:59:59
303100,3,100004,3,0,0,0,1,171,1,171,90,43,30,0,0,10001,2017/07/01 1:00:00,2050/01/01 4:59:59
303101,3,100004,4,0,0,0,1,172,2,172,90,43,30,0,0,10001,2017/07/01 1:00:00,2050/01/01 4:59:59
303102,3,100004,5,0,0,0,1,173,3,173,90,43,30,0,0,10001,2017/07/01 1:00:00,2050/01/01 4:59:59
303103,3,100004,6,0,0,0,1,174,4,174,90,43,30,0,0,10001,2017/07/01 1:00:00,2050/01/01 4:59:59
303104,3,100004,7,0,0,0,1,175,5,175,90,43,30,0,0,10001,2017/07/01 1:00:00,2050/01/01 4:59:59
303105,3,100004,8,0,0,0,1,176,5,176,90,43,30,0,0,10001,2017/07/01 1:00:00,2050/01/01 4:59:59
303106,3,100004,9,0,0,0,1,177,5,177,90,43,50,0,0,10001,2017/07/01 1:00:00,2050/01/01 4:59:59
303107,3,100004,10,0,0,0,1,178,5,178,90,43,50,0,0,10001,2017/07/01 1:00:00,2050/01/01 4:59:59
303108,3,100004,11,0,0,0,1,179,5,179,90,43,100,0,0,10001,2017/07/01 1:00:00,2050/01/01 4:59:59
303109,3,100004,12,0,0,0,1,180,5,180,90,43,100,0,0,10001,2017/07/01 1:00:00,2050/01/01 4:59:59
303110,3,100004,13,0,0,0,1,181,5,181,90,43,150,0,0,10001,2017/07/01 1:00:00,2050/01/01 4:59:59
303111,3,100004,14,0,0,0,1,182,5,182,90,43,150,0,0,10001,2017/07/01 1:00:00,2050/01/01 4:59:59
303112,3,100004,15,0,0,0,1,183,5,183,90,43,300,0,0,10001,2017/07/01 1:00:00,2050/01/01 4:59:59
303113,3,100004,16,0,0,0,1,184,5,184,90,43,300,0,0,10001,2017/07/01 1:00:00,2050/01/01 4:59:59
303114,3,100004,17,0,0,0,1,185,5,185,90,43,300,0,0,10001,2017/07/01 1:00:00,2050/01/01 4:59:59
303115,3,100004,18,0,0,0,1,303115,5,185,90,43,300,0,1,10001,2023/08/24 12:00:00,2050/01/01 4:59:59
303116,3,100004,19,0,0,0,1,303116,5,185,90,43,500,0,1,10001,2023/08/24 12:00:00,2050/01/01 4:59:59
303117,3,100004,20,0,0,0,1,303117,5,185,90,43,100,0,1,10001,2023/08/24 12:00:00,2050/01/01 4:59:59
303118,3,100004,21,0,0,0,1,303118,5,185,90,43,100,0,1,10001,2023/08/24 12:00:00,2050/01/01 4:59:59
303119,3,100004,22,0,0,0,1,303119,5,185,90,43,100,0,1,10001,2023/08/24 12:00:00,2050/01/01 4:59:59
303120,3,100004,23,0,0,0,1,303120,5,185,90,43,100,0,1,10001,2023/08/24 12:00:00,2050/01/01 4:59:59
303121,3,100004,24,0,0,0,1,303121,5,185,90,43,100,0,1,10001,2023/08/24 12:00:00,2050/01/01 4:59:59
303122,3,100004,25,0,0,0,1,303122,5,185,90,43,100,0,1,10001,2023/08/24 12:00:00,2050/01/01 4:59:59
303123,3,100004,26,0,0,0,1,303123,5,185,90,43,100,0,1,10001,2023/08/24 12:00:00,2050/01/01 4:59:59
303124,3,100004,27,0,0,0,1,303124,5,185,90,43,100,0,1,10001,2023/08/24 12:00:00,2050/01/01 4:59:59
303125,3,100004,28,0,0,0,1,303125,5,185,90,43,100,0,1,10001,2023/08/24 12:00:00,2050/01/01 4:59:59
303126,3,100004,29,0,0,0,1,303126,5,185,90,43,500,0,1,10001,2023/08/24 12:00:00,2050/01/01 4:59:59
303127,3,100004,30,0,0,0,1,303127,5,185,90,43,100,0,1,10001,2023/08/24 12:00:00,2050/01/01 4:59:59
303128,3,100004,31,0,0,0,1,303128,5,185,90,43,100,0,1,10001,2023/08/24 12:00:00,2050/01/01 4:59:59
303129,3,100004,32,0,0,0,1,303129,5,185,90,43,100,0,1,10001,2023/08/24 12:00:00,2050/01/01 4:59:59
303130,3,100004,33,0,0,0,1,303130,5,185,90,43,100,0,1,10001,2023/08/24 12:00:00,2050/01/01 4:59:59
303131,3,100004,34,0,0,0,1,303131,5,185,90,43,100,0,1,10001,2023/08/24 12:00:00,2050/01/01 4:59:59
303132,3,100004,35,0,0,0,1,303132,5,185,90,43,100,0,1,10001,2023/08/24 12:00:00,2050/01/01 4:59:59
303133,3,100004,36,0,0,0,1,303133,5,185,90,43,100,0,1,10001,2023/08/24 12:00:00,2050/01/01 4:59:59
303134,3,100004,37,0,0,0,1,303134,5,185,90,43,100,0,1,10001,2023/08/24 12:00:00,2050/01/01 4:59:59
303135,3,100004,38,0,0,0,1,303135,5,185,90,43,100,0,1,10001,2023/08/24 12:00:00,2050/01/01 4:59:59
303136,3,100004,39,0,0,0,1,303136,5,185,90,43,500,0,1,10001,2023/08/24 12:00:00,2050/01/01 4:59:59
303137,3,100004,40,0,0,0,1,303137,5,185,90,43,100,0,1,10001,2023/08/24 12:00:00,2050/01/01 4:59:59
303138,3,100004,41,0,0,0,1,303138,5,185,90,43,100,0,1,10001,2023/08/24 12:00:00,2050/01/01 4:59:59
303139,3,100004,42,0,0,0,1,303139,5,185,90,43,100,0,1,10001,2023/08/24 12:00:00,2050/01/01 4:59:59
303140,3,100004,43,0,0,0,1,303140,5,185,90,43,100,0,1,10001,2023/08/24 12:00:00,2050/01/01 4:59:59
303141,3,100004,44,0,0,0,1,303141,5,185,90,43,100,0,1,10001,2023/08/24 12:00:00,2050/01/01 4:59:59
303142,3,100004,45,0,0,0,1,303142,5,185,90,43,100,0,1,10001,2023/08/24 12:00:00,2050/01/01 4:59:59
303143,3,100004,46,0,0,0,1,303143,5,185,90,43,100,0,1,10001,2023/08/24 12:00:00,2050/01/01 4:59:59
303144,3,100004,47,0,0,0,1,303144,5,185,90,43,100,0,1,10001,2023/08/24 12:00:00,2050/01/01 4:59:59
303145,3,100004,48,0,0,0,1,303145,5,185,90,43,100,0,1,10001,2023/08/24 12:00:00,2050/01/01 4:59:59
303146,3,100004,49,0,0,0,1,303146,5,185,90,43,500,0,1,10001,2023/08/24 12:00:00,2050/01/01 4:59:59
303147,3,100004,50,0,0,0,1,303147,5,185,90,43,100,0,1,10001,2023/08/24 12:00:00,2050/01/01 4:59:59
303148,3,100004,51,0,0,0,1,303148,5,185,90,43,100,0,1,10001,2023/08/24 12:00:00,2050/01/01 4:59:59
303149,3,100004,52,0,0,0,1,303149,5,185,90,43,100,0,1,10001,2023/08/24 12:00:00,2050/01/01 4:59:59
303150,3,100004,53,0,0,0,1,303150,5,185,90,43,100,0,1,10001,2023/08/24 12:00:00,2050/01/01 4:59:59
303151,3,100004,54,0,0,0,1,303151,5,185,90,43,100,0,1,10001,2023/08/24 12:00:00,2050/01/01 4:59:59
303152,3,100004,55,0,0,0,1,303152,5,185,90,43,100,0,1,10001,2023/08/24 12:00:00,2050/01/01 4:59:59
303153,3,100004,56,0,0,0,1,303153,5,185,90,43,100,0,1,10001,2023/08/24 12:00:00,2050/01/01 4:59:59
303154,3,100004,57,0,0,0,1,303154,5,185,90,43,100,0,1,10001,2023/08/24 12:00:00,2050/01/01 4:59:59
303155,3,100004,58,0,0,0,1,303155,5,185,90,43,100,0,1,10001,2023/08/24 12:00:00,2050/01/01 4:59:59
303156,3,100004,59,0,0,0,1,303156,5,185,90,43,500,0,1,10001,2024/02/24 12:00:00,2050/01/01 4:59:59
303157,3,100004,60,0,0,0,1,303157,5,185,90,43,100,0,1,10001,2024/02/24 12:00:00,2050/01/01 4:59:59
303158,3,100004,61,0,0,0,1,303158,5,185,90,43,100,0,1,10001,2024/02/24 12:00:00,2050/01/01 4:59:59
303159,3,100004,62,0,0,0,1,303159,5,185,90,43,100,0,1,10001,2024/02/24 12:00:00,2050/01/01 4:59:59
303160,3,100004,63,0,0,0,1,303160,5,185,90,43,100,0,1,10001,2024/02/24 12:00:00,2050/01/01 4:59:59
303161,3,100004,64,0,0,0,1,303161,5,185,90,43,100,0,1,10001,2024/02/24 12:00:00,2050/01/01 4:59:59
303162,3,100004,65,0,0,0,1,303162,5,185,90,43,100,0,1,10001,2024/02/24 12:00:00,2050/01/01 4:59:59
303163,3,100004,66,0,0,0,1,303163,5,185,90,43,100,0,1,10001,2024/02/24 12:00:00,2050/01/01 4:59:59
303164,3,100004,67,0,0,0,1,303164,5,185,90,43,100,0,1,10001,2024/02/24 12:00:00,2050/01/01 4:59:59
303165,3,100004,68,0,0,0,1,303165,5,185,90,43,100,0,1,10001,2024/02/24 12:00:00,2050/01/01 4:59:59
303166,3,100004,69,0,0,0,1,303166,5,185,90,43,500,0,1,10001,2024/02/24 12:00:00,2050/01/01 4:59:59
303167,3,100004,70,0,0,0,1,303167,5,185,90,43,100,0,1,10001,2024/02/24 12:00:00,2050/01/01 4:59:59
303168,3,100004,71,0,0,0,1,303168,5,185,90,43,100,0,1,10001,2024/02/24 12:00:00,2050/01/01 4:59:59
303169,3,100004,72,0,0,0,1,303169,5,185,90,43,100,0,1,10001,2024/02/24 12:00:00,2050/01/01 4:59:59
303170,3,100004,73,0,0,0,1,303170,5,185,90,43,100,0,1,10001,2024/02/24 12:00:00,2050/01/01 4:59:59
303171,3,100004,74,0,0,0,1,303171,5,185,90,43,100,0,1,10001,2024/02/24 12:00:00,2050/01/01 4:59:59
303172,3,100004,75,0,0,0,1,303172,5,185,90,43,100,0,1,10001,2024/02/24 12:00:00,2050/01/01 4:59:59
303173,3,100004,76,0,0,0,1,303173,5,185,90,43,100,0,1,10001,2024/02/24 12:00:00,2050/01/01 4:59:59
303174,3,100004,77,0,0,0,1,303174,5,185,90,43,100,0,1,10001,2024/02/24 12:00:00,2050/01/01 4:59:59
303175,3,100004,78,0,0,0,1,303175,5,185,90,43,100,0,1,10001,2024/02/24 12:00:00,2050/01/01 4:59:59
303176,3,100004,79,0,0,0,1,303176,5,185,90,43,500,0,1,10001,2024/10/29 12:00:00,2050/01/01 4:59:59
303177,3,100004,80,0,0,0,1,303177,5,185,90,43,100,0,1,10001,2024/10/29 12:00:00,2050/01/01 4:59:59
303178,3,100004,81,0,0,0,1,303178,5,185,90,43,100,0,1,10001,2024/10/29 12:00:00,2050/01/01 4:59:59
303179,3,100004,82,0,0,0,1,303179,5,185,90,43,100,0,1,10001,2024/10/29 12:00:00,2050/01/01 4:59:59
303180,3,100004,83,0,0,0,1,303180,5,185,90,43,100,0,1,10001,2024/10/29 12:00:00,2050/01/01 4:59:59
303181,3,100004,84,0,0,0,1,303181,5,185,90,43,100,0,1,10001,2024/10/29 12:00:00,2050/01/01 4:59:59
303182,3,100004,85,0,0,0,1,303182,5,185,90,43,100,0,1,10001,2024/10/29 12:00:00,2050/01/01 4:59:59
303183,3,100004,86,0,0,0,1,303183,5,185,90,43,100,0,1,10001,2024/10/29 12:00:00,2050/01/01 4:59:59
303184,3,100004,87,0,0,0,1,303184,5,185,90,43,100,0,1,10001,2024/10/29 12:00:00,2050/01/01 4:59:59
303185,3,100004,88,0,0,0,1,303185,5,185,90,43,100,0,1,10001,2024/10/29 12:00:00,2050/01/01 4:59:59
303186,3,100004,89,0,0,0,1,303186,5,185,90,43,500,0,1,10001,2025/08/14 12:00:00,2050/01/01 4:59:59
303187,3,100004,90,0,0,0,1,303187,5,185,90,43,100,0,1,10001,2025/08/14 12:00:00,2050/01/01 4:59:59
303188,3,100004,91,0,0,0,1,303188,5,185,90,43,100,0,1,10001,2025/08/14 12:00:00,2050/01/01 4:59:59
303189,3,100004,92,0,0,0,1,303189,5,185,90,43,100,0,1,10001,2025/08/14 12:00:00,2050/01/01 4:59:59
303190,3,100004,93,0,0,0,1,303190,5,185,90,43,100,0,1,10001,2025/08/14 12:00:00,2050/01/01 4:59:59
303191,3,100004,94,0,0,0,1,303191,5,185,90,43,100,0,1,10001,2025/08/14 12:00:00,2050/01/01 4:59:59
303192,3,100004,95,0,0,0,1,303192,5,185,90,43,100,0,1,10001,2025/08/14 12:00:00,2050/01/01 4:59:59
303193,3,100004,96,0,0,0,1,303193,5,185,90,43,100,0,1,10001,2025/08/14 12:00:00,2050/01/01 4:59:59
303194,3,100004,97,0,0,0,1,303194,5,185,90,43,100,0,1,10001,2025/08/14 12:00:00,2050/01/01 4:59:59
303195,3,100004,98,0,0,0,1,303195,5,185,90,43,100,0,1,10001,2025/08/14 12:00:00,2050/01/01 4:59:59
303200,3,100010,1,0,0,0,1,210,1,210,90,43,150,0,0,10001,2017/07/01 1:00:00,2050/01/01 4:59:59
303201,3,100010,3,0,0,0,1,220,1,220,90,43,150,0,0,10001,2017/07/01 1:00:00,2050/01/01 4:59:59
303202,3,100010,4,0,0,0,1,230,1,230,90,43,150,0,0,10001,2017/07/01 1:00:00,2050/01/01 4:59:59
303203,3,100010,5,0,0,0,1,240,1,240,90,43,150,0,0,10001,2017/07/01 1:00:00,2050/01/01 4:59:59
303204,3,100010,7,0,0,0,1,250,1,250,90,43,150,0,0,10001,2017/07/01 1:00:00,2050/01/01 4:59:59
303205,3,100010,8,0,0,0,1,260,1,260,90,43,150,0,0,10001,2017/07/01 1:00:00,2050/01/01 4:59:59
303206,3,100010,10,0,0,0,1,270,1,270,90,43,150,0,0,10001,2017/07/01 1:00:00,2050/01/01 4:59:59
303207,3,100010,11,0,0,0,1,280,1,280,90,43,150,0,0,10001,2017/07/01 1:00:00,2050/01/01 4:59:59
303208,3,100010,12,0,0,0,1,290,1,290,90,43,150,0,0,10001,2017/07/01 1:00:00,2050/01/01 4:59:59
303300,3,100003,100101,0,0,0,1,300,1,300,91,59,10000,0,0,10001,2017/07/01 1:00:00,2050/01/01 4:59:59
303301,3,100003,100201,0,0,0,1,310,1,301,91,59,10000,0,0,10001,2017/07/01 1:00:00,2050/01/01 4:59:59
303302,3,100003,100301,0,0,0,1,320,1,302,91,59,10000,0,0,10001,2017/07/01 1:00:00,2050/01/01 4:59:59
303303,3,100003,100401,0,0,0,1,330,1,303,91,59,10000,0,0,10001,2017/07/01 1:00:00,2050/01/01 4:59:59
303304,3,100003,100501,0,0,0,1,340,1,304,91,59,10000,0,0,10001,2017/07/01 1:00:00,2050/01/01 4:59:59
303305,3,100003,100601,0,0,0,1,350,1,305,91,59,10000,0,0,10001,2017/07/01 1:00:00,2050/01/01 4:59:59
303306,3,100003,100701,0,0,0,1,360,1,306,91,59,10000,0,0,10001,2017/07/01 1:00:00,2050/01/01 4:59:59
303307,3,100003,100801,0,0,0,1,370,1,307,91,59,10000,0,0,10001,2017/07/01 1:00:00,2050/01/01 4:59:59
303308,3,100003,100901,0,0,0,1,380,1,308,91,59,10000,0,0,10001,2017/07/01 1:00:00,2050/01/01 4:59:59
303309,3,100003,101001,0,0,0,1,390,1,309,91,59,10000,0,0,10001,2017/07/01 1:00:00,2050/01/01 4:59:59
303310,3,100003,101101,0,0,0,1,400,1,310,91,59,10000,0,0,10001,2017/07/01 1:00:00,2050/01/01 4:59:59
303311,3,100003,101201,0,0,0,1,410,1,311,91,59,10000,0,0,10001,2017/07/01 1:00:00,2050/01/01 4:59:59
303312,3,100003,101301,0,0,0,1,420,1,312,91,59,10000,0,0,10001,2017/07/01 1:00:00,2050/01/01 4:59:59
303313,3,100003,101401,0,0,0,1,430,1,313,91,59,10000,0,0,10001,2017/07/01 1:00:00,2050/01/01 4:59:59
303314,3,100003,101501,0,0,0,1,440,1,314,91,59,10000,0,0,10001,2017/07/01 1:00:00,2050/01/01 4:59:59
303315,3,100003,101601,0,0,0,1,450,1,315,91,59,10000,0,0,10001,2017/07/01 1:00:00,2050/01/01 4:59:59
303316,3,100003,101701,0,0,0,1,460,1,316,91,59,10000,0,0,10001,2017/07/01 1:00:00,2050/01/01 4:59:59
303317,3,100003,101801,0,0,0,1,470,1,317,91,59,10000,0,0,10001,2017/07/01 1:00:00,2050/01/01 4:59:59
303318,3,100003,101901,0,0,0,1,480,1,318,91,59,10000,0,0,10001,2017/07/01 1:00:00,2050/01/01 4:59:59
303319,3,100003,102001,0,0,0,1,490,1,319,91,59,10000,0,0,10001,2017/07/01 1:00:00,2050/01/01 4:59:59
303320,3,100003,102101,0,0,0,1,500,1,320,91,59,10000,0,0,10001,2017/07/01 1:00:00,2050/01/01 4:59:59
303321,3,100003,102201,0,0,0,1,510,1,321,91,59,10000,0,0,10001,2017/07/01 1:00:00,2050/01/01 4:59:59
303322,3,100003,102301,0,0,0,1,520,1,322,91,59,10000,0,0,10001,2017/07/01 1:00:00,2050/01/01 4:59:59
303323,3,100003,102401,0,0,0,1,530,1,323,91,59,10000,0,0,10001,2017/07/01 1:00:00,2050/01/01 4:59:59
303325,3,100003,110101,0,0,0,1,540,1,324,91,59,10000,0,0,10001,2017/07/01 1:00:00,2050/01/01 4:59:59
303326,3,100003,110201,0,0,0,1,550,1,325,91,59,10000,0,0,10001,2017/07/01 1:00:00,2050/01/01 4:59:59
303327,3,100003,110301,0,0,0,1,560,1,326,91,59,10000,0,0,10001,2017/07/01 1:00:00,2050/01/01 4:59:59
303328,3,100003,110401,0,0,0,1,570,1,327,91,59,10000,0,0,10001,2017/07/01 1:00:00,2050/01/01 4:59:59
303329,3,100003,110501,0,0,0,1,580,1,328,91,59,10000,0,0,10001,2017/07/01 1:00:00,2050/01/01 4:59:59
303330,3,100003,110601,0,0,0,1,590,1,329,91,59,10000,0,0,10001,2017/07/01 1:00:00,2050/01/01 4:59:59
303331,3,100003,110701,0,0,0,1,610,1,330,91,59,10000,0,1,10001,2022/08/19 12:00:00,2050/01/01 4:59:59
303332,3,100003,110801,0,0,0,1,620,1,331,91,59,10000,0,1,10001,2022/08/19 12:00:00,2050/01/01 4:59:59
303333,3,100003,110901,0,0,0,1,630,1,332,91,59,10000,0,1,10001,2022/08/19 12:00:00,2050/01/01 4:59:59
303334,3,100003,111001,0,0,0,1,640,1,333,91,59,10000,0,1,10001,2022/08/19 12:00:00,2050/01/01 4:59:59
303335,3,100003,931205,0,0,0,1,660,1,400,91,59,10000,0,1,10001,2023/08/24 12:00:00,2050/01/01 4:59:59
303336,3,100003,931417,0,0,0,1,670,1,410,91,59,10000,0,1,10001,2026/02/24 12:00:00,2050/01/01 4:59:59
303337,3,100003,931418,0,0,0,1,671,1,411,91,59,10000,0,1,10001,2026/02/24 12:00:00,2050/01/01 4:59:59
303338,3,100003,931419,0,0,0,1,672,1,412,91,59,10000,0,1,10001,2026/02/24 12:00:00,2050/01/01 4:59:59
303339,3,100003,931420,0,0,0,1,673,1,413,91,59,10000,0,1,10001,2026/02/24 12:00:00,2050/01/01 4:59:59
303340,3,100003,931421,0,0,0,1,674,1,414,91,59,10000,0,1,10001,2026/02/24 12:00:00,2050/01/01 4:59:59
303341,3,100003,931422,0,0,0,1,675,1,415,91,59,10000,0,1,10001,2026/02/24 12:00:00,2050/01/01 4:59:59
303342,3,100003,931423,0,0,0,1,676,1,416,91,59,10000,0,1,10001,2026/02/24 12:00:00,2050/01/01 4:59:59
303343,3,100003,931424,0,0,0,1,677,1,417,91,59,10000,0,1,10001,2026/02/24 12:00:00,2050/01/01 4:59:59
303344,3,100003,931425,0,0,0,1,678,1,418,91,59,10000,0,1,10001,2026/02/24 12:00:00,2050/01/01 4:59:59
303400,3,100004,99,0,0,0,1,303400,5,185,90,43,200,0,1,10001,2026/02/24 12:00:00,2050/01/01 4:59:59
303401,3,100004,100,0,0,0,1,303401,5,185,90,43,40,0,1,10001,2026/02/24 12:00:00,2050/01/01 4:59:59
303402,3,100004,101,0,0,0,1,303402,5,185,90,43,40,0,1,10001,2026/02/24 12:00:00,2050/01/01 4:59:59
303403,3,100004,102,0,0,0,1,303403,5,185,90,43,40,0,1,10001,2026/02/24 12:00:00,2050/01/01 4:59:59
303404,3,100004,103,0,0,0,1,303404,5,185,90,43,40,0,1,10001,2026/02/24 12:00:00,2050/01/01 4:59:59
303405,3,100004,104,0,0,0,1,303405,5,185,90,43,40,0,1,10001,2026/02/24 12:00:00,2050/01/01 4:59:59
303406,3,100004,105,0,0,0,1,303406,5,185,90,43,40,0,1,10001,2026/02/24 12:00:00,2050/01/01 4:59:59
303407,3,100004,106,0,0,0,1,303407,5,185,90,43,40,0,1,10001,2026/02/24 12:00:00,2050/01/01 4:59:59
303408,3,100004,107,0,0,0,1,303408,5,185,90,43,40,0,1,10001,2026/02/24 12:00:00,2050/01/01 4:59:59
303409,3,100004,108,0,0,0,1,303409,5,185,90,43,40,0,1,10001,2026/02/24 12:00:00,2050/01/01 4:59:59
303410,3,100004,109,0,0,0,1,303410,5,185,90,43,40,0,1,10001,2026/02/24 12:00:00,2050/01/01 4:59:59
303411,3,100004,110,0,0,0,1,303411,5,185,90,43,40,0,1,10001,2026/02/24 12:00:00,2050/01/01 4:59:59
303412,3,100004,111,0,0,0,1,303412,5,185,90,43,40,0,1,10001,2026/02/24 12:00:00,2050/01/01 4:59:59
303413,3,100004,112,0,0,0,1,303413,5,185,90,43,40,0,1,10001,2026/02/24 12:00:00,2050/01/01 4:59:59
303414,3,100004,113,0,0,0,1,303414,5,185,90,43,40,0,1,10001,2026/02/24 12:00:00,2050/01/01 4:59:59
303415,3,100004,114,0,0,0,1,303415,5,185,90,43,40,0,1,10001,2026/02/24 12:00:00,2050/01/01 4:59:59
303416,3,100004,115,0,0,0,1,303416,5,185,90,43,40,0,1,10001,2026/02/24 12:00:00,2050/01/01 4:59:59
303417,3,100004,116,0,0,0,1,303417,5,185,90,43,40,0,1,10001,2026/02/24 12:00:00,2050/01/01 4:59:59
303418,3,100004,117,0,0,0,1,303418,5,185,90,43,40,0,1,10001,2026/02/24 12:00:00,2050/01/01 4:59:59
303419,3,100004,118,0,0,0,1,303419,5,185,90,43,40,0,1,10001,2026/02/24 12:00:00,2050/01/01 4:59:59
303420,3,100004,119,0,0,0,1,303420,5,185,90,43,40,0,1,10001,2026/02/24 12:00:00,2050/01/01 4:59:59
303421,3,100004,120,0,0,0,1,303421,5,185,90,43,40,0,1,10001,2026/02/24 12:00:00,2050/01/01 4:59:59
303422,3,100004,121,0,0,0,1,303422,5,185,90,43,40,0,1,10001,2026/02/24 12:00:00,2050/01/01 4:59:59
303423,3,100004,122,0,0,0,1,303423,5,185,90,43,40,0,1,10001,2026/02/24 12:00:00,2050/01/01 4:59:59
303424,3,100004,123,0,0,0,1,303424,5,185,90,43,40,0,1,10001,2026/02/24 12:00:00,2050/01/01 4:59:59
303425,3,100004,124,0,0,0,1,303425,5,185,90,43,200,0,1,10001,2026/02/24 12:00:00,2050/01/01 4:59:59
303426,3,100004,125,0,0,0,1,303426,5,185,90,43,40,0,1,10001,2026/02/24 12:00:00,2050/01/01 4:59:59
303427,3,100004,126,0,0,0,1,303427,5,185,90,43,40,0,1,10001,2026/02/24 12:00:00,2050/01/01 4:59:59
303428,3,100004,127,0,0,0,1,303428,5,185,90,43,40,0,1,10001,2026/02/24 12:00:00,2050/01/01 4:59:59
303429,3,100004,128,0,0,0,1,303429,5,185,90,43,40,0,1,10001,2026/02/24 12:00:00,2050/01/01 4:59:59
303430,3,100004,129,0,0,0,1,303430,5,185,90,43,40,0,1,10001,2026/02/24 12:00:00,2050/01/01 4:59:59
303431,3,100004,130,0,0,0,1,303431,5,185,90,43,40,0,1,10001,2026/02/24 12:00:00,2050/01/01 4:59:59
303432,3,100004,131,0,0,0,1,303432,5,185,90,43,40,0,1,10001,2026/02/24 12:00:00,2050/01/01 4:59:59
303433,3,100004,132,0,0,0,1,303433,5,185,90,43,40,0,1,10001,2026/02/24 12:00:00,2050/01/01 4:59:59
303434,3,100004,133,0,0,0,1,303434,5,185,90,43,40,0,1,10001,2026/02/24 12:00:00,2050/01/01 4:59:59
303435,3,100004,134,0,0,0,1,303435,5,185,90,43,40,0,1,10001,2026/02/24 12:00:00,2050/01/01 4:59:59
303436,3,100004,135,0,0,0,1,303436,5,185,90,43,40,0,1,10001,2026/02/24 12:00:00,2050/01/01 4:59:59
303437,3,100004,136,0,0,0,1,303437,5,185,90,43,40,0,1,10001,2026/02/24 12:00:00,2050/01/01 4:59:59
303438,3,100004,137,0,0,0,1,303438,5,185,90,43,40,0,1,10001,2026/02/24 12:00:00,2050/01/01 4:59:59
303439,3,100004,138,0,0,0,1,303439,5,185,90,43,40,0,1,10001,2026/02/24 12:00:00,2050/01/01 4:59:59
303440,3,100004,139,0,0,0,1,303440,5,185,90,43,40,0,1,10001,2026/02/24 12:00:00,2050/01/01 4:59:59
303441,3,100004,140,0,0,0,1,303441,5,185,90,43,40,0,1,10001,2026/02/24 12:00:00,2050/01/01 4:59:59
303442,3,100004,141,0,0,0,1,303442,5,185,90,43,40,0,1,10001,2026/02/24 12:00:00,2050/01/01 4:59:59
303443,3,100004,142,0,0,0,1,303443,5,185,90,43,40,0,1,10001,2026/02/24 12:00:00,2050/01/01 4:59:59
303444,3,100004,143,0,0,0,1,303444,5,185,90,43,40,0,1,10001,2026/02/24 12:00:00,2050/01/01 4:59:59
303445,3,100004,144,0,0,0,1,303445,5,185,90,43,40,0,1,10001,2026/02/24 12:00:00,2050/01/01 4:59:59
303446,3,100004,145,0,0,0,1,303446,5,185,90,43,40,0,1,10001,2026/02/24 12:00:00,2050/01/01 4:59:59
303447,3,100004,146,0,0,0,1,303447,5,185,90,43,40,0,1,10001,2026/02/24 12:00:00,2050/01/01 4:59:59
303448,3,100004,147,0,0,0,1,303448,5,185,90,43,40,0,1,10001,2026/02/24 12:00:00,2050/01/01 4:59:59
303449,3,100004,148,0,0,0,1,303449,5,185,90,43,40,0,1,10001,2026/02/24 12:00:00,2050/01/01 4:59:59
304000,3,100024,6,0,0,0,1,821,1,821,90,43,50,0,0,10001,2017/07/01 1:00:00,2050/01/01 4:59:59
304001,3,100024,6,0,0,0,2,821,2,821,90,43,50,0,0,10001,2017/07/01 1:00:00,2050/01/01 4:59:59
304002,3,100024,6,0,0,0,3,821,3,821,90,43,50,0,0,10001,2017/07/01 1:00:00,2050/01/01 4:59:59
304003,3,100024,6,0,0,0,4,821,4,821,90,43,50,0,0,10001,2017/07/01 1:00:00,2050/01/01 4:59:59
304004,3,100024,6,0,0,0,5,821,5,821,90,43,50,0,0,10001,2017/07/01 1:00:00,2050/01/01 4:59:59
304005,3,100024,6,0,0,0,6,821,6,821,90,43,50,0,0,10001,2017/07/01 1:00:00,2050/01/01 4:59:59
304006,3,100024,6,0,0,0,7,821,7,821,90,43,50,0,0,10001,2017/07/01 1:00:00,2050/01/01 4:59:59
304007,3,100024,6,0,0,0,8,821,8,821,90,43,50,0,0,10001,2017/07/01 1:00:00,2050/01/01 4:59:59
304008,3,100024,6,0,0,0,9,821,9,821,90,43,50,0,0,10001,2017/07/01 1:00:00,2050/01/01 4:59:59
304009,3,100024,6,0,0,0,10,821,10,821,90,43,50,0,0,10001,2017/07/01 1:00:00,2050/01/01 4:59:59
304010,3,100024,6,0,0,0,11,821,11,821,90,43,50,0,0,10001,2017/07/01 1:00:00,2050/01/01 4:59:59
304011,3,100024,6,0,0,0,12,821,12,821,90,43,50,0,0,10001,2017/07/01 1:00:00,2050/01/01 4:59:59
304012,3,100024,6,0,0,0,13,821,13,821,90,43,50,0,0,10001,2017/07/01 1:00:00,2050/01/01 4:59:59
304013,3,100024,6,0,0,0,14,821,14,821,90,43,50,0,0,10001,2017/07/01 1:00:00,2050/01/01 4:59:59
304014,3,100024,6,0,0,0,15,821,15,821,90,43,50,0,0,10001,2017/07/01 1:00:00,2050/01/01 4:59:59
304015,3,100024,6,0,0,0,16,821,16,821,90,43,50,0,0,10001,2017/07/01 1:00:00,2050/01/01 4:59:59
304016,3,100024,6,0,0,0,17,821,17,821,90,43,50,0,0,10001,2017/07/01 1:00:00,2050/01/01 4:59:59
304017,3,100024,6,0,0,0,18,821,18,821,90,43,50,0,0,10001,2017/07/01 1:00:00,2050/01/01 4:59:59
304018,3,100024,6,0,0,0,19,821,19,821,90,43,50,0,0,10001,2017/07/01 1:00:00,2050/01/01 4:59:59
304019,3,100024,6,0,0,0,20,821,20,821,90,43,50,0,0,10001,2017/07/01 1:00:00,2050/01/01 4:59:59
304020,3,100024,6,0,0,0,21,821,21,821,90,43,50,0,0,10001,2017/07/01 1:00:00,2050/01/01 4:59:59
304021,3,100024,6,0,0,0,22,821,22,821,90,43,50,0,0,10001,2017/07/01 1:00:00,2050/01/01 4:59:59
304022,3,100024,6,0,0,0,23,821,23,821,90,43,50,0,0,10001,2017/07/01 1:00:00,2050/01/01 4:59:59
304023,3,100024,6,0,0,0,24,821,24,821,90,43,50,0,0,10001,2017/07/01 1:00:00,2050/01/01 4:59:59
304024,3,100024,6,0,0,0,25,821,25,821,90,43,50,0,0,10001,2017/07/01 1:00:00,2050/01/01 4:59:59
304025,3,100024,6,0,0,0,26,821,26,821,90,43,50,0,0,10001,2017/07/01 1:00:00,2050/01/01 4:59:59
304026,3,100024,6,0,0,0,27,821,27,821,90,43,50,0,0,10001,2017/07/01 1:00:00,2050/01/01 4:59:59
304027,3,100024,6,0,0,0,28,821,28,821,90,43,50,0,0,10001,2017/07/01 1:00:00,2050/01/01 4:59:59
304028,3,100024,6,0,0,0,29,821,29,821,90,43,50,0,0,10001,2017/07/01 1:00:00,2050/01/01 4:59:59
304029,3,100024,6,0,0,0,30,821,30,821,90,43,50,0,0,10001,2017/07/01 1:00:00,2050/01/01 4:59:59
304030,3,100024,6,0,0,0,31,821,31,821,90,43,50,0,0,10001,2017/07/01 1:00:00,2050/01/01 4:59:59
304031,3,100024,6,0,0,0,32,821,32,821,90,43,50,0,0,10001,2017/07/01 1:00:00,2050/01/01 4:59:59
304032,3,100024,6,0,0,0,33,821,33,821,90,43,50,0,0,10001,2017/07/01 1:00:00,2050/01/01 4:59:59
304033,3,100024,6,0,0,0,34,821,34,821,90,43,50,0,0,10001,2017/07/01 1:00:00,2050/01/01 4:59:59
304034,3,100024,6,0,0,0,35,821,35,821,90,43,50,0,0,10001,2017/07/01 1:00:00,2050/01/01 4:59:59
304035,3,100024,6,0,0,0,36,821,36,821,90,43,50,0,0,10001,2017/07/01 1:00:00,2050/01/01 4:59:59
304036,3,100024,6,0,0,0,37,821,37,821,90,43,50,0,0,10001,2017/07/01 1:00:00,2050/01/01 4:59:59
304037,3,100024,6,0,0,0,38,821,38,821,90,43,50,0,0,10001,2017/07/01 1:00:00,2050/01/01 4:59:59
304038,3,100024,6,0,0,0,39,821,39,821,90,43,50,0,0,10001,2017/07/01 1:00:00,2050/01/01 4:59:59
304039,3,100024,6,0,0,0,40,821,40,821,90,43,50,0,0,10001,2017/07/01 1:00:00,2050/01/01 4:59:59
304040,3,100024,6,0,0,0,41,821,41,821,90,43,50,0,0,10001,2017/07/01 1:00:00,2050/01/01 4:59:59
304041,3,100024,6,0,0,0,42,821,42,821,90,43,50,0,0,10001,2017/07/01 1:00:00,2050/01/01 4:59:59
304042,3,100024,6,0,0,0,43,821,43,821,90,43,50,0,0,10001,2017/07/01 1:00:00,2050/01/01 4:59:59
304043,3,100024,6,0,0,0,44,821,44,821,90,43,50,0,0,10001,2017/07/01 1:00:00,2050/01/01 4:59:59
304044,3,100024,6,0,0,0,45,821,45,821,90,43,50,0,0,10001,2017/07/01 1:00:00,2050/01/01 4:59:59
304045,3,100024,6,0,0,0,46,821,46,821,90,43,50,0,0,10001,2017/07/01 1:00:00,2050/01/01 4:59:59
304046,3,100024,6,0,0,0,47,821,47,821,90,43,50,0,0,10001,2017/07/01 1:00:00,2050/01/01 4:59:59
304047,3,100024,6,0,0,0,48,821,48,821,90,43,50,0,0,10001,2017/07/01 1:00:00,2050/01/01 4:59:59
304048,3,100024,6,0,0,0,49,821,49,821,90,43,50,0,0,10001,2017/07/01 1:00:00,2050/01/01 4:59:59
304049,3,100024,6,0,0,0,50,821,50,821,90,43,50,0,0,10001,2017/07/01 1:00:00,2050/01/01 4:59:59
304050,3,100024,6,0,0,0,51,821,51,821,90,43,50,0,1,10001,2022/02/24 12:00:00,2050/01/01 4:59:59
304051,3,100024,6,0,0,0,52,821,52,821,90,43,50,0,1,10001,2022/02/24 12:00:00,2050/01/01 4:59:59
304052,3,100024,6,0,0,0,53,821,53,821,90,43,50,0,1,10001,2022/02/24 12:00:00,2050/01/01 4:59:59
304053,3,100024,6,0,0,0,54,821,54,821,90,43,50,0,1,10001,2022/02/24 12:00:00,2050/01/01 4:59:59
304054,3,100024,6,0,0,0,55,821,55,821,90,43,50,0,1,10001,2022/02/24 12:00:00,2050/01/01 4:59:59
304055,3,100024,6,0,0,0,56,821,56,821,90,43,50,0,1,10001,2022/02/24 12:00:00,2050/01/01 4:59:59
304056,3,100024,6,0,0,0,57,821,57,821,90,43,50,0,1,10001,2022/02/24 12:00:00,2050/01/01 4:59:59
304057,3,100024,6,0,0,0,58,821,58,821,90,43,50,0,1,10001,2022/02/24 12:00:00,2050/01/01 4:59:59
304058,3,100024,6,0,0,0,59,821,59,821,90,43,50,0,1,10001,2022/02/24 12:00:00,2050/01/01 4:59:59
304059,3,100024,6,0,0,0,60,821,60,821,90,43,50,0,1,10001,2022/02/24 12:00:00,2050/01/01 4:59:59
304060,3,100024,6,0,0,0,61,821,61,821,90,43,50,0,1,10001,2022/02/24 12:00:00,2050/01/01 4:59:59
304061,3,100024,6,0,0,0,62,821,62,821,90,43,50,0,1,10001,2022/02/24 12:00:00,2050/01/01 4:59:59
304062,3,100024,6,0,0,0,63,821,63,821,90,43,50,0,1,10001,2022/02/24 12:00:00,2050/01/01 4:59:59
304063,3,100024,6,0,0,0,64,821,64,821,90,43,50,0,1,10001,2022/02/24 12:00:00,2050/01/01 4:59:59
304064,3,100024,6,0,0,0,65,821,65,821,90,43,50,0,1,10001,2022/02/24 12:00:00,2050/01/01 4:59:59
304065,3,100024,6,0,0,0,66,821,66,821,90,43,50,0,1,10001,2022/02/24 12:00:00,2050/01/01 4:59:59
304066,3,100024,6,0,0,0,67,821,67,821,90,43,50,0,1,10001,2022/02/24 12:00:00,2050/01/01 4:59:59
304067,3,100024,6,0,0,0,68,821,68,821,90,43,50,0,1,10001,2022/02/24 12:00:00,2050/01/01 4:59:59
304068,3,100024,6,0,0,0,69,821,69,821,90,43,50,0,1,10001,2022/02/24 12:00:00,2050/01/01 4:59:59
304069,3,100024,6,0,0,0,70,821,70,821,90,43,50,0,1,10001,2022/02/24 12:00:00,2050/01/01 4:59:59
304070,3,100024,6,0,0,0,71,821,71,821,90,43,50,0,1,10001,2022/02/24 12:00:00,2050/01/01 4:59:59
304071,3,100024,6,0,0,0,72,821,72,821,90,43,50,0,1,10001,2022/02/24 12:00:00,2050/01/01 4:59:59
304072,3,100024,6,0,0,0,73,821,73,821,90,43,50,0,1,10001,2022/02/24 12:00:00,2050/01/01 4:59:59
304073,3,100024,6,0,0,0,74,821,74,821,90,43,50,0,1,10001,2022/02/24 12:00:00,2050/01/01 4:59:59
304074,3,100024,6,0,0,0,75,821,75,821,90,43,50,0,1,10001,2022/02/24 12:00:00,2050/01/01 4:59:59
304075,3,100024,6,0,0,0,76,821,76,821,90,43,50,0,1,10001,2022/02/24 12:00:00,2050/01/01 4:59:59
304076,3,100024,6,0,0,0,77,821,77,821,90,43,50,0,1,10001,2022/02/24 12:00:00,2050/01/01 4:59:59
304077,3,100024,6,0,0,0,78,821,78,821,90,43,50,0,1,10001,2022/02/24 12:00:00,2050/01/01 4:59:59
304078,3,100024,6,0,0,0,79,821,79,821,90,43,50,0,1,10001,2022/02/24 12:00:00,2050/01/01 4:59:59
304079,3,100024,6,0,0,0,80,821,80,821,90,43,50,0,1,10001,2022/02/24 12:00:00,2050/01/01 4:59:59
304080,3,100024,6,0,0,0,81,821,81,821,90,43,50,0,1,10001,2022/02/24 12:00:00,2050/01/01 4:59:59
304081,3,100024,6,0,0,0,82,821,82,821,90,43,50,0,1,10001,2022/02/24 12:00:00,2050/01/01 4:59:59
304082,3,100024,6,0,0,0,83,821,83,821,90,43,50,0,1,10001,2022/02/24 12:00:00,2050/01/01 4:59:59
304083,3,100024,6,0,0,0,84,821,84,821,90,43,50,0,1,10001,2022/02/24 12:00:00,2050/01/01 4:59:59
304084,3,100024,6,0,0,0,85,821,85,821,90,43,50,0,1,10001,2022/02/24 12:00:00,2050/01/01 4:59:59
304085,3,100024,6,0,0,0,86,821,86,821,90,43,50,0,1,10001,2022/02/24 12:00:00,2050/01/01 4:59:59
304086,3,100024,6,0,0,0,87,821,87,821,90,43,50,0,1,10001,2022/02/24 12:00:00,2050/01/01 4:59:59
304087,3,100024,6,0,0,0,88,821,88,821,90,43,50,0,1,10001,2022/02/24 12:00:00,2050/01/01 4:59:59
304088,3,100024,6,0,0,0,89,821,89,821,90,43,50,0,1,10001,2022/02/24 12:00:00,2050/01/01 4:59:59
304089,3,100024,6,0,0,0,90,821,90,821,90,43,50,0,1,10001,2022/02/24 12:00:00,2050/01/01 4:59:59
304090,3,100024,6,0,0,0,91,821,91,821,90,43,50,0,1,10001,2022/02/24 12:00:00,2050/01/01 4:59:59
304091,3,100024,6,0,0,0,92,821,92,821,90,43,50,0,1,10001,2022/02/24 12:00:00,2050/01/01 4:59:59
304092,3,100024,6,0,0,0,93,821,93,821,90,43,50,0,1,10001,2022/02/24 12:00:00,2050/01/01 4:59:59
304093,3,100024,6,0,0,0,94,821,94,821,90,43,50,0,1,10001,2022/02/24 12:00:00,2050/01/01 4:59:59
304094,3,100024,6,0,0,0,95,821,95,821,90,43,50,0,1,10001,2022/02/24 12:00:00,2050/01/01 4:59:59
304095,3,100024,6,0,0,0,96,821,96,821,90,43,50,0,1,10001,2022/02/24 12:00:00,2050/01/01 4:59:59
304096,3,100024,6,0,0,0,97,821,97,821,90,43,50,0,1,10001,2022/02/24 12:00:00,2050/01/01 4:59:59
304097,3,100024,6,0,0,0,98,821,98,821,90,43,50,0,1,10001,2022/02/24 12:00:00,2050/01/01 4:59:59
304098,3,100024,6,0,0,0,99,821,99,821,90,43,50,0,1,10001,2022/02/24 12:00:00,2050/01/01 4:59:59
304099,3,100024,6,0,0,0,100,821,100,821,90,43,50,0,1,10001,2022/02/24 12:00:00,2050/01/01 4:59:59
304100,3,100024,6,0,0,0,101,821,101,821,90,43,50,0,1,10001,2022/02/24 12:00:00,2050/01/01 4:59:59
304101,3,100024,6,0,0,0,102,821,102,821,90,43,50,0,1,10001,2022/02/24 12:00:00,2050/01/01 4:59:59
304102,3,100024,6,0,0,0,103,821,103,821,90,43,50,0,1,10001,2022/02/24 12:00:00,2050/01/01 4:59:59
304103,3,100024,6,0,0,0,104,821,104,821,90,43,50,0,1,10001,2022/02/24 12:00:00,2050/01/01 4:59:59
304104,3,100024,6,0,0,0,105,821,105,821,90,43,50,0,1,10001,2022/02/24 12:00:00,2050/01/01 4:59:59
304105,3,100024,6,0,0,0,106,821,106,821,90,43,50,0,1,10001,2022/02/24 12:00:00,2050/01/01 4:59:59
304106,3,100024,6,0,0,0,107,821,107,821,90,43,50,0,1,10001,2022/02/24 12:00:00,2050/01/01 4:59:59
304107,3,100024,6,0,0,0,108,821,108,821,90,43,50,0,1,10001,2022/02/24 12:00:00,2050/01/01 4:59:59
304108,3,100024,6,0,0,0,109,821,109,821,90,43,50,0,1,10001,2022/02/24 12:00:00,2050/01/01 4:59:59
304109,3,100024,6,0,0,0,110,821,110,821,90,43,50,0,1,10001,2022/02/24 12:00:00,2050/01/01 4:59:59
304110,3,100024,6,0,0,0,111,821,111,821,90,43,50,0,1,10001,2022/02/24 12:00:00,2050/01/01 4:59:59
304111,3,100024,6,0,0,0,112,821,112,821,90,43,50,0,1,10001,2022/02/24 12:00:00,2050/01/01 4:59:59
304112,3,100024,6,0,0,0,113,821,113,821,90,43,50,0,1,10001,2022/02/24 12:00:00,2050/01/01 4:59:59
304113,3,100024,6,0,0,0,114,821,114,821,90,43,50,0,1,10001,2022/02/24 12:00:00,2050/01/01 4:59:59
304114,3,100024,6,0,0,0,115,821,115,821,90,43,50,0,1,10001,2022/02/24 12:00:00,2050/01/01 4:59:59
304115,3,100024,6,0,0,0,116,821,116,821,90,43,50,0,1,10001,2022/02/24 12:00:00,2050/01/01 4:59:59
304116,3,100024,6,0,0,0,117,821,117,821,90,43,50,0,1,10001,2022/02/24 12:00:00,2050/01/01 4:59:59
304117,3,100024,6,0,0,0,118,821,118,821,90,43,50,0,1,10001,2022/02/24 12:00:00,2050/01/01 4:59:59
304118,3,100024,6,0,0,0,119,821,119,821,90,43,50,0,1,10001,2022/02/24 12:00:00,2050/01/01 4:59:59
304119,3,100024,6,0,0,0,120,821,120,821,90,43,50,0,1,10001,2022/02/24 12:00:00,2050/01/01 4:59:59
304120,3,100024,6,0,0,0,121,821,121,821,90,43,50,0,1,10001,2022/02/24 12:00:00,2050/01/01 4:59:59
304121,3,100024,6,0,0,0,122,821,122,821,90,43,50,0,1,10001,2022/02/24 12:00:00,2050/01/01 4:59:59
304122,3,100024,6,0,0,0,123,821,123,821,90,43,50,0,1,10001,2022/02/24 12:00:00,2050/01/01 4:59:59
304123,3,100024,6,0,0,0,124,821,124,821,90,43,50,0,1,10001,2022/02/24 12:00:00,2050/01/01 4:59:59
304124,3,100024,6,0,0,0,125,821,125,821,90,43,50,0,1,10001,2022/02/24 12:00:00,2050/01/01 4:59:59
304125,3,100024,6,0,0,0,126,821,126,821,90,43,50,0,1,10001,2022/02/24 12:00:00,2050/01/01 4:59:59
304126,3,100024,6,0,0,0,127,821,127,821,90,43,50,0,1,10001,2022/02/24 12:00:00,2050/01/01 4:59:59
304127,3,100024,6,0,0,0,128,821,128,821,90,43,50,0,1,10001,2022/02/24 12:00:00,2050/01/01 4:59:59
304128,3,100024,6,0,0,0,129,821,129,821,90,43,50,0,1,10001,2022/02/24 12:00:00,2050/01/01 4:59:59
304129,3,100024,6,0,0,0,130,821,130,821,90,43,50,0,1,10001,2022/02/24 12:00:00,2050/01/01 4:59:59
304130,3,100024,6,0,0,0,131,821,131,821,90,43,50,0,1,10001,2022/02/24 12:00:00,2050/01/01 4:59:59
304131,3,100024,6,0,0,0,132,821,132,821,90,43,50,0,1,10001,2022/02/24 12:00:00,2050/01/01 4:59:59
304132,3,100024,6,0,0,0,133,821,133,821,90,43,50,0,1,10001,2022/02/24 12:00:00,2050/01/01 4:59:59
304133,3,100024,6,0,0,0,134,821,134,821,90,43,50,0,1,10001,2022/02/24 12:00:00,2050/01/01 4:59:59
304134,3,100024,6,0,0,0,135,821,135,821,90,43,50,0,1,10001,2022/02/24 12:00:00,2050/01/01 4:59:59
304135,3,100024,6,0,0,0,136,821,136,821,90,43,50,0,1,10001,2022/02/24 12:00:00,2050/01/01 4:59:59
304136,3,100024,6,0,0,0,137,821,137,821,90,43,50,0,1,10001,2022/02/24 12:00:00,2050/01/01 4:59:59
304137,3,100024,6,0,0,0,138,821,138,821,90,43,50,0,1,10001,2022/02/24 12:00:00,2050/01/01 4:59:59
304138,3,100024,6,0,0,0,139,821,139,821,90,43,50,0,1,10001,2022/02/24 12:00:00,2050/01/01 4:59:59
304139,3,100024,6,0,0,0,140,821,140,821,90,43,50,0,1,10001,2022/02/24 12:00:00,2050/01/01 4:59:59
304140,3,100024,6,0,0,0,141,821,141,821,90,43,50,0,1,10001,2022/02/24 12:00:00,2050/01/01 4:59:59
304141,3,100024,6,0,0,0,142,821,142,821,90,43,50,0,1,10001,2022/02/24 12:00:00,2050/01/01 4:59:59
304142,3,100024,6,0,0,0,143,821,143,821,90,43,50,0,1,10001,2022/02/24 12:00:00,2050/01/01 4:59:59
304143,3,100024,6,0,0,0,144,821,144,821,90,43,50,0,1,10001,2022/02/24 12:00:00,2050/01/01 4:59:59
304144,3,100024,6,0,0,0,145,821,145,821,90,43,50,0,1,10001,2022/02/24 12:00:00,2050/01/01 4:59:59
304145,3,100024,6,0,0,0,146,821,146,821,90,43,50,0,1,10001,2022/02/24 12:00:00,2050/01/01 4:59:59
304146,3,100024,6,0,0,0,147,821,147,821,90,43,50,0,1,10001,2022/02/24 12:00:00,2050/01/01 4:59:59
304147,3,100024,6,0,0,0,148,821,148,821,90,43,50,0,1,10001,2022/02/24 12:00:00,2050/01/01 4:59:59
304148,3,100024,6,0,0,0,149,821,149,821,90,43,50,0,1,10001,2022/02/24 12:00:00,2050/01/01 4:59:59
304149,3,100024,6,0,0,0,150,821,150,821,90,43,50,0,1,10001,2022/02/24 12:00:00,2050/01/01 4:59:59
304150,3,100024,6,0,0,0,151,821,151,821,90,43,50,0,1,10001,2022/02/24 12:00:00,2050/01/01 4:59:59
304151,3,100024,6,0,0,0,152,821,152,821,90,43,50,0,1,10001,2022/02/24 12:00:00,2050/01/01 4:59:59
304152,3,100024,6,0,0,0,153,821,153,821,90,43,50,0,1,10001,2022/02/24 12:00:00,2050/01/01 4:59:59
304153,3,100024,6,0,0,0,154,821,154,821,90,43,50,0,1,10001,2022/02/24 12:00:00,2050/01/01 4:59:59
304154,3,100024,6,0,0,0,155,821,155,821,90,43,50,0,1,10001,2022/02/24 12:00:00,2050/01/01 4:59:59
304155,3,100024,6,0,0,0,156,821,156,821,90,43,50,0,1,10001,2022/02/24 12:00:00,2050/01/01 4:59:59
304156,3,100024,6,0,0,0,157,821,157,821,90,43,50,0,1,10001,2022/02/24 12:00:00,2050/01/01 4:59:59
304157,3,100024,6,0,0,0,158,821,158,821,90,43,50,0,1,10001,2022/02/24 12:00:00,2050/01/01 4:59:59
304158,3,100024,6,0,0,0,159,821,159,821,90,43,50,0,1,10001,2022/02/24 12:00:00,2050/01/01 4:59:59
304159,3,100024,6,0,0,0,160,821,160,821,90,43,50,0,1,10001,2022/02/24 12:00:00,2050/01/01 4:59:59
304160,3,100024,6,0,0,0,161,821,161,821,90,43,50,0,1,10001,2022/02/24 12:00:00,2050/01/01 4:59:59
304161,3,100024,6,0,0,0,162,821,162,821,90,43,50,0,1,10001,2022/02/24 12:00:00,2050/01/01 4:59:59
304162,3,100024,6,0,0,0,163,821,163,821,90,43,50,0,1,10001,2022/02/24 12:00:00,2050/01/01 4:59:59
304163,3,100024,6,0,0,0,164,821,164,821,90,43,50,0,1,10001,2022/02/24 12:00:00,2050/01/01 4:59:59
304164,3,100024,6,0,0,0,165,821,165,821,90,43,50,0,1,10001,2022/02/24 12:00:00,2050/01/01 4:59:59
304165,3,100024,6,0,0,0,166,821,166,821,90,43,50,0,1,10001,2022/02/24 12:00:00,2050/01/01 4:59:59
304166,3,100024,6,0,0,0,167,821,167,821,90,43,50,0,1,10001,2022/02/24 12:00:00,2050/01/01 4:59:59
304167,3,100024,6,0,0,0,168,821,168,821,90,43,50,0,1,10001,2022/02/24 12:00:00,2050/01/01 4:59:59
304168,3,100024,6,0,0,0,169,821,169,821,90,43,50,0,1,10001,2022/02/24 12:00:00,2050/01/01 4:59:59
304169,3,100024,6,0,0,0,170,821,170,821,90,43,50,0,1,10001,2022/02/24 12:00:00,2050/01/01 4:59:59
304170,3,100024,6,0,0,0,171,821,171,821,90,43,50,0,1,10001,2022/02/24 12:00:00,2050/01/01 4:59:59
304171,3,100024,6,0,0,0,172,821,172,821,90,43,50,0,1,10001,2022/02/24 12:00:00,2050/01/01 4:59:59
304172,3,100024,6,0,0,0,173,821,173,821,90,43,50,0,1,10001,2022/02/24 12:00:00,2050/01/01 4:59:59
304173,3,100024,6,0,0,0,174,821,174,821,90,43,50,0,1,10001,2022/02/24 12:00:00,2050/01/01 4:59:59
304174,3,100024,6,0,0,0,175,821,175,821,90,43,50,0,1,10001,2022/02/24 12:00:00,2050/01/01 4:59:59
304175,3,100024,6,0,0,0,176,821,176,821,90,43,50,0,1,10001,2022/02/24 12:00:00,2050/01/01 4:59:59
304176,3,100024,6,0,0,0,177,821,177,821,90,43,50,0,1,10001,2022/02/24 12:00:00,2050/01/01 4:59:59
304177,3,100024,6,0,0,0,178,821,178,821,90,43,50,0,1,10001,2022/02/24 12:00:00,2050/01/01 4:59:59
304178,3,100024,6,0,0,0,179,821,179,821,90,43,50,0,1,10001,2022/02/24 12:00:00,2050/01/01 4:59:59
304179,3,100024,6,0,0,0,180,821,180,821,90,43,50,0,1,10001,2022/02/24 12:00:00,2050/01/01 4:59:59
304180,3,100024,6,0,0,0,181,821,181,821,90,43,50,0,1,10001,2022/02/24 12:00:00,2050/01/01 4:59:59
304181,3,100024,6,0,0,0,182,821,182,821,90,43,50,0,1,10001,2022/02/24 12:00:00,2050/01/01 4:59:59
304182,3,100024,6,0,0,0,183,821,183,821,90,43,50,0,1,10001,2022/02/24 12:00:00,2050/01/01 4:59:59
304183,3,100024,6,0,0,0,184,821,184,821,90,43,50,0,1,10001,2022/02/24 12:00:00,2050/01/01 4:59:59
304184,3,100024,6,0,0,0,185,821,185,821,90,43,50,0,1,10001,2022/02/24 12:00:00,2050/01/01 4:59:59
304185,3,100024,6,0,0,0,186,821,186,821,90,43,50,0,1,10001,2022/02/24 12:00:00,2050/01/01 4:59:59
304186,3,100024,6,0,0,0,187,821,187,821,90,43,50,0,1,10001,2022/02/24 12:00:00,2050/01/01 4:59:59
304187,3,100024,6,0,0,0,188,821,188,821,90,43,50,0,1,10001,2022/02/24 12:00:00,2050/01/01 4:59:59
304188,3,100024,6,0,0,0,189,821,189,821,90,43,50,0,1,10001,2022/02/24 12:00:00,2050/01/01 4:59:59
304189,3,100024,6,0,0,0,190,821,190,821,90,43,50,0,1,10001,2022/02/24 12:00:00,2050/01/01 4:59:59
304190,3,100024,6,0,0,0,191,821,191,821,90,43,50,0,1,10001,2022/02/24 12:00:00,2050/01/01 4:59:59
304191,3,100024,6,0,0,0,192,821,192,821,90,43,50,0,1,10001,2022/02/24 12:00:00,2050/01/01 4:59:59
304192,3,100024,6,0,0,0,193,821,193,821,90,43,50,0,1,10001,2022/02/24 12:00:00,2050/01/01 4:59:59
304193,3,100024,6,0,0,0,194,821,194,821,90,43,50,0,1,10001,2022/02/24 12:00:00,2050/01/01 4:59:59
304194,3,100024,6,0,0,0,195,821,195,821,90,43,50,0,1,10001,2022/02/24 12:00:00,2050/01/01 4:59:59
304195,3,100024,6,0,0,0,196,821,196,821,90,43,50,0,1,10001,2022/02/24 12:00:00,2050/01/01 4:59:59
304196,3,100024,6,0,0,0,197,821,197,821,90,43,50,0,1,10001,2022/02/24 12:00:00,2050/01/01 4:59:59
304197,3,100024,6,0,0,0,198,821,198,821,90,43,50,0,1,10001,2022/02/24 12:00:00,2050/01/01 4:59:59
304198,3,100024,6,0,0,0,199,821,199,821,90,43,50,0,1,10001,2022/02/24 12:00:00,2050/01/01 4:59:59
304199,3,100024,6,0,0,0,200,821,200,821,90,43,50,0,1,10001,2022/02/24 12:00:00,2050/01/01 4:59:59
304200,3,100024,6,0,0,0,201,821,201,821,90,43,50,0,1,10001,2023/07/21 12:00:00,2050/01/01 4:59:59
304201,3,100024,6,0,0,0,202,821,202,821,90,43,50,0,1,10001,2023/07/21 12:00:00,2050/01/01 4:59:59
304202,3,100024,6,0,0,0,203,821,203,821,90,43,50,0,1,10001,2023/07/21 12:00:00,2050/01/01 4:59:59
304203,3,100024,6,0,0,0,204,821,204,821,90,43,50,0,1,10001,2023/07/21 12:00:00,2050/01/01 4:59:59
304204,3,100024,6,0,0,0,205,821,205,821,90,43,50,0,1,10001,2023/07/21 12:00:00,2050/01/01 4:59:59
304205,3,100024,6,0,0,0,206,821,206,821,90,43,50,0,1,10001,2023/07/21 12:00:00,2050/01/01 4:59:59
304206,3,100024,6,0,0,0,207,821,207,821,90,43,50,0,1,10001,2023/07/21 12:00:00,2050/01/01 4:59:59
304207,3,100024,6,0,0,0,208,821,208,821,90,43,50,0,1,10001,2023/07/21 12:00:00,2050/01/01 4:59:59
304208,3,100024,6,0,0,0,209,821,209,821,90,43,50,0,1,10001,2023/07/21 12:00:00,2050/01/01 4:59:59
304209,3,100024,6,0,0,0,210,821,210,821,90,43,50,0,1,10001,2023/07/21 12:00:00,2050/01/01 4:59:59
304210,3,100024,6,0,0,0,211,821,211,821,90,43,50,0,1,10001,2023/07/21 12:00:00,2050/01/01 4:59:59
304211,3,100024,6,0,0,0,212,821,212,821,90,43,50,0,1,10001,2023/07/21 12:00:00,2050/01/01 4:59:59
304212,3,100024,6,0,0,0,213,821,213,821,90,43,50,0,1,10001,2023/07/21 12:00:00,2050/01/01 4:59:59
304213,3,100024,6,0,0,0,214,821,214,821,90,43,50,0,1,10001,2023/07/21 12:00:00,2050/01/01 4:59:59
304214,3,100024,6,0,0,0,215,821,215,821,90,43,50,0,1,10001,2023/07/21 12:00:00,2050/01/01 4:59:59
304215,3,100024,6,0,0,0,216,821,216,821,90,43,50,0,1,10001,2023/07/21 12:00:00,2050/01/01 4:59:59
304216,3,100024,6,0,0,0,217,821,217,821,90,43,50,0,1,10001,2023/07/21 12:00:00,2050/01/01 4:59:59
304217,3,100024,6,0,0,0,218,821,218,821,90,43,50,0,1,10001,2023/07/21 12:00:00,2050/01/01 4:59:59
304218,3,100024,6,0,0,0,219,821,219,821,90,43,50,0,1,10001,2023/07/21 12:00:00,2050/01/01 4:59:59
304219,3,100024,6,0,0,0,220,821,220,821,90,43,50,0,1,10001,2023/07/21 12:00:00,2050/01/01 4:59:59
304220,3,100024,6,0,0,0,221,821,221,821,90,43,50,0,1,10001,2023/07/21 12:00:00,2050/01/01 4:59:59
304221,3,100024,6,0,0,0,222,821,222,821,90,43,50,0,1,10001,2023/07/21 12:00:00,2050/01/01 4:59:59
304222,3,100024,6,0,0,0,223,821,223,821,90,43,50,0,1,10001,2023/07/21 12:00:00,2050/01/01 4:59:59
304223,3,100024,6,0,0,0,224,821,224,821,90,43,50,0,1,10001,2023/07/21 12:00:00,2050/01/01 4:59:59
304224,3,100024,6,0,0,0,225,821,225,821,90,43,50,0,1,10001,2023/07/21 12:00:00,2050/01/01 4:59:59
304225,3,100024,6,0,0,0,226,821,226,821,90,43,50,0,1,10001,2023/07/21 12:00:00,2050/01/01 4:59:59
304226,3,100024,6,0,0,0,227,821,227,821,90,43,50,0,1,10001,2023/07/21 12:00:00,2050/01/01 4:59:59
304227,3,100024,6,0,0,0,228,821,228,821,90,43,50,0,1,10001,2023/07/21 12:00:00,2050/01/01 4:59:59
304228,3,100024,6,0,0,0,229,821,229,821,90,43,50,0,1,10001,2023/07/21 12:00:00,2050/01/01 4:59:59
304229,3,100024,6,0,0,0,230,821,230,821,90,43,50,0,1,10001,2023/07/21 12:00:00,2050/01/01 4:59:59
304230,3,100024,6,0,0,0,231,821,231,821,90,43,50,0,1,10001,2023/07/21 12:00:00,2050/01/01 4:59:59
304231,3,100024,6,0,0,0,232,821,232,821,90,43,50,0,1,10001,2023/07/21 12:00:00,2050/01/01 4:59:59
304232,3,100024,6,0,0,0,233,821,233,821,90,43,50,0,1,10001,2023/07/21 12:00:00,2050/01/01 4:59:59
304233,3,100024,6,0,0,0,234,821,234,821,90,43,50,0,1,10001,2023/07/21 12:00:00,2050/01/01 4:59:59
304234,3,100024,6,0,0,0,235,821,235,821,90,43,50,0,1,10001,2023/07/21 12:00:00,2050/01/01 4:59:59
304235,3,100024,6,0,0,0,236,821,236,821,90,43,50,0,1,10001,2023/07/21 12:00:00,2050/01/01 4:59:59
304236,3,100024,6,0,0,0,237,821,237,821,90,43,50,0,1,10001,2023/07/21 12:00:00,2050/01/01 4:59:59
304237,3,100024,6,0,0,0,238,821,238,821,90,43,50,0,1,10001,2023/07/21 12:00:00,2050/01/01 4:59:59
304238,3,100024,6,0,0,0,239,821,239,821,90,43,50,0,1,10001,2023/07/21 12:00:00,2050/01/01 4:59:59
304239,3,100024,6,0,0,0,240,821,240,821,90,43,50,0,1,10001,2023/07/21 12:00:00,2050/01/01 4:59:59
304240,3,100024,6,0,0,0,241,821,241,821,90,43,50,0,1,10001,2023/07/21 12:00:00,2050/01/01 4:59:59
304241,3,100024,6,0,0,0,242,821,242,821,90,43,50,0,1,10001,2023/07/21 12:00:00,2050/01/01 4:59:59
304242,3,100024,6,0,0,0,243,821,243,821,90,43,50,0,1,10001,2023/07/21 12:00:00,2050/01/01 4:59:59
304243,3,100024,6,0,0,0,244,821,244,821,90,43,50,0,1,10001,2023/07/21 12:00:00,2050/01/01 4:59:59
304244,3,100024,6,0,0,0,245,821,245,821,90,43,50,0,1,10001,2023/07/21 12:00:00,2050/01/01 4:59:59
304245,3,100024,6,0,0,0,246,821,246,821,90,43,50,0,1,10001,2023/07/21 12:00:00,2050/01/01 4:59:59
304246,3,100024,6,0,0,0,247,821,247,821,90,43,50,0,1,10001,2023/07/21 12:00:00,2050/01/01 4:59:59
304247,3,100024,6,0,0,0,248,821,248,821,90,43,50,0,1,10001,2023/07/21 12:00:00,2050/01/01 4:59:59
304248,3,100024,6,0,0,0,249,821,249,821,90,43,50,0,1,10001,2023/07/21 12:00:00,2050/01/01 4:59:59
304249,3,100024,6,0,0,0,250,821,250,821,90,43,50,0,1,10001,2023/07/21 12:00:00,2050/01/01 4:59:59
304250,3,100024,6,0,0,0,251,821,251,821,90,43,50,0,1,10001,2023/07/21 12:00:00,2050/01/01 4:59:59
304251,3,100024,6,0,0,0,252,821,252,821,90,43,50,0,1,10001,2023/07/21 12:00:00,2050/01/01 4:59:59
304252,3,100024,6,0,0,0,253,821,253,821,90,43,50,0,1,10001,2023/07/21 12:00:00,2050/01/01 4:59:59
304253,3,100024,6,0,0,0,254,821,254,821,90,43,50,0,1,10001,2023/07/21 12:00:00,2050/01/01 4:59:59
304254,3,100024,6,0,0,0,255,821,255,821,90,43,50,0,1,10001,2023/07/21 12:00:00,2050/01/01 4:59:59
304255,3,100024,6,0,0,0,256,821,256,821,90,43,50,0,1,10001,2023/07/21 12:00:00,2050/01/01 4:59:59
304256,3,100024,6,0,0,0,257,821,257,821,90,43,50,0,1,10001,2023/07/21 12:00:00,2050/01/01 4:59:59
304257,3,100024,6,0,0,0,258,821,258,821,90,43,50,0,1,10001,2023/07/21 12:00:00,2050/01/01 4:59:59
304258,3,100024,6,0,0,0,259,821,259,821,90,43,50,0,1,10001,2023/07/21 12:00:00,2050/01/01 4:59:59
304259,3,100024,6,0,0,0,260,821,260,821,90,43,50,0,1,10001,2023/07/21 12:00:00,2050/01/01 4:59:59
304260,3,100024,6,0,0,0,261,821,261,821,90,43,50,0,1,10001,2023/07/21 12:00:00,2050/01/01 4:59:59
304261,3,100024,6,0,0,0,262,821,262,821,90,43,50,0,1,10001,2023/07/21 12:00:00,2050/01/01 4:59:59
304262,3,100024,6,0,0,0,263,821,263,821,90,43,50,0,1,10001,2023/07/21 12:00:00,2050/01/01 4:59:59
304263,3,100024,6,0,0,0,264,821,264,821,90,43,50,0,1,10001,2023/07/21 12:00:00,2050/01/01 4:59:59
304264,3,100024,6,0,0,0,265,821,265,821,90,43,50,0,1,10001,2023/07/21 12:00:00,2050/01/01 4:59:59
304265,3,100024,6,0,0,0,266,821,266,821,90,43,50,0,1,10001,2023/07/21 12:00:00,2050/01/01 4:59:59
304266,3,100024,6,0,0,0,267,821,267,821,90,43,50,0,1,10001,2023/07/21 12:00:00,2050/01/01 4:59:59
304267,3,100024,6,0,0,0,268,821,268,821,90,43,50,0,1,10001,2023/07/21 12:00:00,2050/01/01 4:59:59
304268,3,100024,6,0,0,0,269,821,269,821,90,43,50,0,1,10001,2023/07/21 12:00:00,2050/01/01 4:59:59
304269,3,100024,6,0,0,0,270,821,270,821,90,43,50,0,1,10001,2023/07/21 12:00:00,2050/01/01 4:59:59
304270,3,100024,6,0,0,0,271,821,271,821,90,43,50,0,1,10001,2023/07/21 12:00:00,2050/01/01 4:59:59
304271,3,100024,6,0,0,0,272,821,272,821,90,43,50,0,1,10001,2023/07/21 12:00:00,2050/01/01 4:59:59
304272,3,100024,6,0,0,0,273,821,273,821,90,43,50,0,1,10001,2023/07/21 12:00:00,2050/01/01 4:59:59
304273,3,100024,6,0,0,0,274,821,274,821,90,43,50,0,1,10001,2023/07/21 12:00:00,2050/01/01 4:59:59
304274,3,100024,6,0,0,0,275,821,275,821,90,43,50,0,1,10001,2023/07/21 12:00:00,2050/01/01 4:59:59
304275,3,100024,6,0,0,0,276,821,276,821,90,43,50,0,1,10001,2023/07/21 12:00:00,2050/01/01 4:59:59
304276,3,100024,6,0,0,0,277,821,277,821,90,43,50,0,1,10001,2023/07/21 12:00:00,2050/01/01 4:59:59
304277,3,100024,6,0,0,0,278,821,278,821,90,43,50,0,1,10001,2023/07/21 12:00:00,2050/01/01 4:59:59
304278,3,100024,6,0,0,0,279,821,279,821,90,43,50,0,1,10001,2023/07/21 12:00:00,2050/01/01 4:59:59
304279,3,100024,6,0,0,0,280,821,280,821,90,43,50,0,1,10001,2023/07/21 12:00:00,2050/01/01 4:59:59
304280,3,100024,6,0,0,0,281,821,281,821,90,43,50,0,1,10001,2023/07/21 12:00:00,2050/01/01 4:59:59
304281,3,100024,6,0,0,0,282,821,282,821,90,43,50,0,1,10001,2023/07/21 12:00:00,2050/01/01 4:59:59
304282,3,100024,6,0,0,0,283,821,283,821,90,43,50,0,1,10001,2023/07/21 12:00:00,2050/01/01 4:59:59
304283,3,100024,6,0,0,0,284,821,284,821,90,43,50,0,1,10001,2023/07/21 12:00:00,2050/01/01 4:59:59
304284,3,100024,6,0,0,0,285,821,285,821,90,43,50,0,1,10001,2023/07/21 12:00:00,2050/01/01 4:59:59
304285,3,100024,6,0,0,0,286,821,286,821,90,43,50,0,1,10001,2023/07/21 12:00:00,2050/01/01 4:59:59
304286,3,100024,6,0,0,0,287,821,287,821,90,43,50,0,1,10001,2023/07/21 12:00:00,2050/01/01 4:59:59
304287,3,100024,6,0,0,0,288,821,288,821,90,43,50,0,1,10001,2023/07/21 12:00:00,2050/01/01 4:59:59
304288,3,100024,6,0,0,0,289,821,289,821,90,43,50,0,1,10001,2023/07/21 12:00:00,2050/01/01 4:59:59
304289,3,100024,6,0,0,0,290,821,290,821,90,43,50,0,1,10001,2023/07/21 12:00:00,2050/01/01 4:59:59
304290,3,100024,6,0,0,0,291,821,291,821,90,43,50,0,1,10001,2023/07/21 12:00:00,2050/01/01 4:59:59
304291,3,100024,6,0,0,0,292,821,292,821,90,43,50,0,1,10001,2023/07/21 12:00:00,2050/01/01 4:59:59
304292,3,100024,6,0,0,0,293,821,293,821,90,43,50,0,1,10001,2023/07/21 12:00:00,2050/01/01 4:59:59
304293,3,100024,6,0,0,0,294,821,294,821,90,43,50,0,1,10001,2023/07/21 12:00:00,2050/01/01 4:59:59
304294,3,100024,6,0,0,0,295,821,295,821,90,43,50,0,1,10001,2023/07/21 12:00:00,2050/01/01 4:59:59
304295,3,100024,6,0,0,0,296,821,296,821,90,43,50,0,1,10001,2023/07/21 12:00:00,2050/01/01 4:59:59
304296,3,100024,6,0,0,0,297,821,297,821,90,43,50,0,1,10001,2023/07/21 12:00:00,2050/01/01 4:59:59
304297,3,100024,6,0,0,0,298,821,298,821,90,43,50,0,1,10001,2023/07/21 12:00:00,2050/01/01 4:59:59
304298,3,100024,6,0,0,0,299,821,299,821,90,43,50,0,1,10001,2023/07/21 12:00:00,2050/01/01 4:59:59
304299,3,100024,6,0,0,0,300,821,300,821,90,43,50,0,1,10001,2023/07/21 12:00:00,2050/01/01 4:59:59
304300,3,100024,6,0,0,0,301,821,301,821,90,43,50,0,1,10001,2024/03/29 12:00:00,2050/01/01 4:59:59
304301,3,100024,6,0,0,0,302,821,302,821,90,43,50,0,1,10001,2024/03/29 12:00:00,2050/01/01 4:59:59
304302,3,100024,6,0,0,0,303,821,303,821,90,43,50,0,1,10001,2024/03/29 12:00:00,2050/01/01 4:59:59
304303,3,100024,6,0,0,0,304,821,304,821,90,43,50,0,1,10001,2024/03/29 12:00:00,2050/01/01 4:59:59
304304,3,100024,6,0,0,0,305,821,305,821,90,43,50,0,1,10001,2024/03/29 12:00:00,2050/01/01 4:59:59
304305,3,100024,6,0,0,0,306,821,306,821,90,43,50,0,1,10001,2024/03/29 12:00:00,2050/01/01 4:59:59
304306,3,100024,6,0,0,0,307,821,307,821,90,43,50,0,1,10001,2024/03/29 12:00:00,2050/01/01 4:59:59
304307,3,100024,6,0,0,0,308,821,308,821,90,43,50,0,1,10001,2024/03/29 12:00:00,2050/01/01 4:59:59
304308,3,100024,6,0,0,0,309,821,309,821,90,43,50,0,1,10001,2024/03/29 12:00:00,2050/01/01 4:59:59
304309,3,100024,6,0,0,0,310,821,310,821,90,43,50,0,1,10001,2024/03/29 12:00:00,2050/01/01 4:59:59
304310,3,100024,6,0,0,0,311,821,311,821,90,43,50,0,1,10001,2024/03/29 12:00:00,2050/01/01 4:59:59
304311,3,100024,6,0,0,0,312,821,312,821,90,43,50,0,1,10001,2024/03/29 12:00:00,2050/01/01 4:59:59
304312,3,100024,6,0,0,0,313,821,313,821,90,43,50,0,1,10001,2024/03/29 12:00:00,2050/01/01 4:59:59
304313,3,100024,6,0,0,0,314,821,314,821,90,43,50,0,1,10001,2024/03/29 12:00:00,2050/01/01 4:59:59
304314,3,100024,6,0,0,0,315,821,315,821,90,43,50,0,1,10001,2024/03/29 12:00:00,2050/01/01 4:59:59
304315,3,100024,6,0,0,0,316,821,316,821,90,43,50,0,1,10001,2024/03/29 12:00:00,2050/01/01 4:59:59
304316,3,100024,6,0,0,0,317,821,317,821,90,43,50,0,1,10001,2024/03/29 12:00:00,2050/01/01 4:59:59
304317,3,100024,6,0,0,0,318,821,318,821,90,43,50,0,1,10001,2024/03/29 12:00:00,2050/01/01 4:59:59
304318,3,100024,6,0,0,0,319,821,319,821,90,43,50,0,1,10001,2024/03/29 12:00:00,2050/01/01 4:59:59
304319,3,100024,6,0,0,0,320,821,320,821,90,43,50,0,1,10001,2024/03/29 12:00:00,2050/01/01 4:59:59
304320,3,100024,6,0,0,0,321,821,321,821,90,43,50,0,1,10001,2024/03/29 12:00:00,2050/01/01 4:59:59
304321,3,100024,6,0,0,0,322,821,322,821,90,43,50,0,1,10001,2024/03/29 12:00:00,2050/01/01 4:59:59
304322,3,100024,6,0,0,0,323,821,323,821,90,43,50,0,1,10001,2024/03/29 12:00:00,2050/01/01 4:59:59
304323,3,100024,6,0,0,0,324,821,324,821,90,43,50,0,1,10001,2024/03/29 12:00:00,2050/01/01 4:59:59
304324,3,100024,6,0,0,0,325,821,325,821,90,43,50,0,1,10001,2024/03/29 12:00:00,2050/01/01 4:59:59
304325,3,100024,6,0,0,0,326,821,326,821,90,43,50,0,1,10001,2024/03/29 12:00:00,2050/01/01 4:59:59
304326,3,100024,6,0,0,0,327,821,327,821,90,43,50,0,1,10001,2024/03/29 12:00:00,2050/01/01 4:59:59
304327,3,100024,6,0,0,0,328,821,328,821,90,43,50,0,1,10001,2024/03/29 12:00:00,2050/01/01 4:59:59
304328,3,100024,6,0,0,0,329,821,329,821,90,43,50,0,1,10001,2024/03/29 12:00:00,2050/01/01 4:59:59
304329,3,100024,6,0,0,0,330,821,330,821,90,43,50,0,1,10001,2024/03/29 12:00:00,2050/01/01 4:59:59
304330,3,100024,6,0,0,0,331,821,331,821,90,43,50,0,1,10001,2024/03/29 12:00:00,2050/01/01 4:59:59
304331,3,100024,6,0,0,0,332,821,332,821,90,43,50,0,1,10001,2024/03/29 12:00:00,2050/01/01 4:59:59
304332,3,100024,6,0,0,0,333,821,333,821,90,43,50,0,1,10001,2024/03/29 12:00:00,2050/01/01 4:59:59
304333,3,100024,6,0,0,0,334,821,334,821,90,43,50,0,1,10001,2024/03/29 12:00:00,2050/01/01 4:59:59
304334,3,100024,6,0,0,0,335,821,335,821,90,43,50,0,1,10001,2024/03/29 12:00:00,2050/01/01 4:59:59
304335,3,100024,6,0,0,0,336,821,336,821,90,43,50,0,1,10001,2024/03/29 12:00:00,2050/01/01 4:59:59
304336,3,100024,6,0,0,0,337,821,337,821,90,43,50,0,1,10001,2024/03/29 12:00:00,2050/01/01 4:59:59
304337,3,100024,6,0,0,0,338,821,338,821,90,43,50,0,1,10001,2024/03/29 12:00:00,2050/01/01 4:59:59
304338,3,100024,6,0,0,0,339,821,339,821,90,43,50,0,1,10001,2024/03/29 12:00:00,2050/01/01 4:59:59
304339,3,100024,6,0,0,0,340,821,340,821,90,43,50,0,1,10001,2024/03/29 12:00:00,2050/01/01 4:59:59
304340,3,100024,6,0,0,0,341,821,341,821,90,43,50,0,1,10001,2024/03/29 12:00:00,2050/01/01 4:59:59
304341,3,100024,6,0,0,0,342,821,342,821,90,43,50,0,1,10001,2024/03/29 12:00:00,2050/01/01 4:59:59
304342,3,100024,6,0,0,0,343,821,343,821,90,43,50,0,1,10001,2024/03/29 12:00:00,2050/01/01 4:59:59
304343,3,100024,6,0,0,0,344,821,344,821,90,43,50,0,1,10001,2024/03/29 12:00:00,2050/01/01 4:59:59
304344,3,100024,6,0,0,0,345,821,345,821,90,43,50,0,1,10001,2024/03/29 12:00:00,2050/01/01 4:59:59
304345,3,100024,6,0,0,0,346,821,346,821,90,43,50,0,1,10001,2024/03/29 12:00:00,2050/01/01 4:59:59
304346,3,100024,6,0,0,0,347,821,347,821,90,43,50,0,1,10001,2024/03/29 12:00:00,2050/01/01 4:59:59
304347,3,100024,6,0,0,0,348,821,348,821,90,43,50,0,1,10001,2024/03/29 12:00:00,2050/01/01 4:59:59
304348,3,100024,6,0,0,0,349,821,349,821,90,43,50,0,1,10001,2024/03/29 12:00:00,2050/01/01 4:59:59
304349,3,100024,6,0,0,0,350,821,350,821,90,43,50,0,1,10001,2024/03/29 12:00:00,2050/01/01 4:59:59
304350,3,100024,6,0,0,0,351,821,351,821,90,43,50,0,1,10001,2024/03/29 12:00:00,2050/01/01 4:59:59
304351,3,100024,6,0,0,0,352,821,352,821,90,43,50,0,1,10001,2024/03/29 12:00:00,2050/01/01 4:59:59
304352,3,100024,6,0,0,0,353,821,353,821,90,43,50,0,1,10001,2024/03/29 12:00:00,2050/01/01 4:59:59
304353,3,100024,6,0,0,0,354,821,354,821,90,43,50,0,1,10001,2024/03/29 12:00:00,2050/01/01 4:59:59
304354,3,100024,6,0,0,0,355,821,355,821,90,43,50,0,1,10001,2024/03/29 12:00:00,2050/01/01 4:59:59
304355,3,100024,6,0,0,0,356,821,356,821,90,43,50,0,1,10001,2024/03/29 12:00:00,2050/01/01 4:59:59
304356,3,100024,6,0,0,0,357,821,357,821,90,43,50,0,1,10001,2024/03/29 12:00:00,2050/01/01 4:59:59
304357,3,100024,6,0,0,0,358,821,358,821,90,43,50,0,1,10001,2024/03/29 12:00:00,2050/01/01 4:59:59
304358,3,100024,6,0,0,0,359,821,359,821,90,43,50,0,1,10001,2024/03/29 12:00:00,2050/01/01 4:59:59
304359,3,100024,6,0,0,0,360,821,360,821,90,43,50,0,1,10001,2024/03/29 12:00:00,2050/01/01 4:59:59
304360,3,100024,6,0,0,0,361,821,361,821,90,43,50,0,1,10001,2024/03/29 12:00:00,2050/01/01 4:59:59
304361,3,100024,6,0,0,0,362,821,362,821,90,43,50,0,1,10001,2024/03/29 12:00:00,2050/01/01 4:59:59
304362,3,100024,6,0,0,0,363,821,363,821,90,43,50,0,1,10001,2024/03/29 12:00:00,2050/01/01 4:59:59
304363,3,100024,6,0,0,0,364,821,364,821,90,43,50,0,1,10001,2024/03/29 12:00:00,2050/01/01 4:59:59
304364,3,100024,6,0,0,0,365,821,365,821,90,43,50,0,1,10001,2024/03/29 12:00:00,2050/01/01 4:59:59
304365,3,100024,6,0,0,0,366,821,366,821,90,43,50,0,1,10001,2024/03/29 12:00:00,2050/01/01 4:59:59
304366,3,100024,6,0,0,0,367,821,367,821,90,43,50,0,1,10001,2024/03/29 12:00:00,2050/01/01 4:59:59
304367,3,100024,6,0,0,0,368,821,368,821,90,43,50,0,1,10001,2024/03/29 12:00:00,2050/01/01 4:59:59
304368,3,100024,6,0,0,0,369,821,369,821,90,43,50,0,1,10001,2024/03/29 12:00:00,2050/01/01 4:59:59
304369,3,100024,6,0,0,0,370,821,370,821,90,43,50,0,1,10001,2024/03/29 12:00:00,2050/01/01 4:59:59
304370,3,100024,6,0,0,0,371,821,371,821,90,43,50,0,1,10001,2024/03/29 12:00:00,2050/01/01 4:59:59
304371,3,100024,6,0,0,0,372,821,372,821,90,43,50,0,1,10001,2024/03/29 12:00:00,2050/01/01 4:59:59
304372,3,100024,6,0,0,0,373,821,373,821,90,43,50,0,1,10001,2024/03/29 12:00:00,2050/01/01 4:59:59
304373,3,100024,6,0,0,0,374,821,374,821,90,43,50,0,1,10001,2024/03/29 12:00:00,2050/01/01 4:59:59
304374,3,100024,6,0,0,0,375,821,375,821,90,43,50,0,1,10001,2024/03/29 12:00:00,2050/01/01 4:59:59
304375,3,100024,6,0,0,0,376,821,376,821,90,43,50,0,1,10001,2024/03/29 12:00:00,2050/01/01 4:59:59
304376,3,100024,6,0,0,0,377,821,377,821,90,43,50,0,1,10001,2024/03/29 12:00:00,2050/01/01 4:59:59
304377,3,100024,6,0,0,0,378,821,378,821,90,43,50,0,1,10001,2024/03/29 12:00:00,2050/01/01 4:59:59
304378,3,100024,6,0,0,0,379,821,379,821,90,43,50,0,1,10001,2024/03/29 12:00:00,2050/01/01 4:59:59
304379,3,100024,6,0,0,0,380,821,380,821,90,43,50,0,1,10001,2024/03/29 12:00:00,2050/01/01 4:59:59
304380,3,100024,6,0,0,0,381,821,381,821,90,43,50,0,1,10001,2024/03/29 12:00:00,2050/01/01 4:59:59
304381,3,100024,6,0,0,0,382,821,382,821,90,43,50,0,1,10001,2024/03/29 12:00:00,2050/01/01 4:59:59
304382,3,100024,6,0,0,0,383,821,383,821,90,43,50,0,1,10001,2024/03/29 12:00:00,2050/01/01 4:59:59
304383,3,100024,6,0,0,0,384,821,384,821,90,43,50,0,1,10001,2024/03/29 12:00:00,2050/01/01 4:59:59
304384,3,100024,6,0,0,0,385,821,385,821,90,43,50,0,1,10001,2024/03/29 12:00:00,2050/01/01 4:59:59
304385,3,100024,6,0,0,0,386,821,386,821,90,43,50,0,1,10001,2024/03/29 12:00:00,2050/01/01 4:59:59
304386,3,100024,6,0,0,0,387,821,387,821,90,43,50,0,1,10001,2024/03/29 12:00:00,2050/01/01 4:59:59
304387,3,100024,6,0,0,0,388,821,388,821,90,43,50,0,1,10001,2024/03/29 12:00:00,2050/01/01 4:59:59
304388,3,100024,6,0,0,0,389,821,389,821,90,43,50,0,1,10001,2024/03/29 12:00:00,2050/01/01 4:59:59
304389,3,100024,6,0,0,0,390,821,390,821,90,43,50,0,1,10001,2024/03/29 12:00:00,2050/01/01 4:59:59
304390,3,100024,6,0,0,0,391,821,391,821,90,43,50,0,1,10001,2024/03/29 12:00:00,2050/01/01 4:59:59
304391,3,100024,6,0,0,0,392,821,392,821,90,43,50,0,1,10001,2024/03/29 12:00:00,2050/01/01 4:59:59
304392,3,100024,6,0,0,0,393,821,393,821,90,43,50,0,1,10001,2024/03/29 12:00:00,2050/01/01 4:59:59
304393,3,100024,6,0,0,0,394,821,394,821,90,43,50,0,1,10001,2024/03/29 12:00:00,2050/01/01 4:59:59
304394,3,100024,6,0,0,0,395,821,395,821,90,43,50,0,1,10001,2024/03/29 12:00:00,2050/01/01 4:59:59
304395,3,100024,6,0,0,0,396,821,396,821,90,43,50,0,1,10001,2024/03/29 12:00:00,2050/01/01 4:59:59
304396,3,100024,6,0,0,0,397,821,397,821,90,43,50,0,1,10001,2024/03/29 12:00:00,2050/01/01 4:59:59
304397,3,100024,6,0,0,0,398,821,398,821,90,43,50,0,1,10001,2024/03/29 12:00:00,2050/01/01 4:59:59
304398,3,100024,6,0,0,0,399,821,399,821,90,43,50,0,1,10001,2024/03/29 12:00:00,2050/01/01 4:59:59
304399,3,100024,6,0,0,0,400,821,400,821,90,43,50,0,1,10001,2024/03/29 12:00:00,2050/01/01 4:59:59
310200,3,200003,0,0,0,0,1,600,1,600,91,59,2000,0,0,20003,2017/07/01 1:00:00,2050/01/01 4:59:59
310201,3,200003,0,0,0,0,3,600,2,600,91,59,4000,0,0,20003,2017/07/01 1:00:00,2050/01/01 4:59:59
310202,3,200003,0,0,0,0,5,600,3,600,91,59,6000,0,0,20003,2017/07/01 1:00:00,2050/01/01 4:59:59
310203,3,200003,0,0,0,0,10,600,4,600,91,59,10000,0,0,20003,2017/07/01 1:00:00,2050/01/01 4:59:59
310500,3,200033,0,0,0,0,1,650,1,650,91,59,10000,0,1,20011,2022/08/24 12:00:00,2050/01/01 4:59:59
311000,3,200005,0,0,0,0,1,900,1,900,90,43,30,0,0,20001,2017/07/01 1:00:00,2050/01/01 4:59:59
311001,3,200005,0,0,0,0,3,900,2,900,90,43,30,0,0,20001,2017/07/01 1:00:00,2050/01/01 4:59:59
311002,3,200005,0,0,0,0,5,900,3,900,90,43,30,0,0,20001,2017/07/01 1:00:00,2050/01/01 4:59:59
311003,3,200005,0,0,0,0,10,900,4,900,90,43,30,0,0,20001,2017/07/01 1:00:00,2050/01/01 4:59:59
311004,3,200005,0,0,0,0,15,900,5,900,90,43,30,0,0,20001,2017/07/01 1:00:00,2050/01/01 4:59:59
311005,3,200005,0,0,0,0,20,900,6,900,90,43,30,0,0,20001,2017/07/01 1:00:00,2050/01/01 4:59:59
311006,3,200005,0,0,0,0,25,900,7,900,90,43,30,0,0,20001,2017/07/01 1:00:00,2050/01/01 4:59:59
311007,3,200005,0,0,0,0,30,900,8,900,90,43,30,0,0,20001,2017/07/01 1:00:00,2050/01/01 4:59:59
311008,3,200005,0,0,0,0,35,900,9,900,90,43,30,0,0,20001,2017/07/01 1:00:00,2050/01/01 4:59:59
311009,3,200005,0,0,0,0,40,900,10,900,90,43,30,0,0,20001,2017/07/01 1:00:00,2050/01/01 4:59:59
311010,3,200005,0,0,0,0,45,900,11,900,90,43,30,0,0,20001,2017/07/01 1:00:00,2050/01/01 4:59:59
311011,3,200005,0,0,0,0,50,900,12,900,90,43,30,0,0,20001,2017/07/01 1:00:00,2050/01/01 4:59:59
311012,3,200005,0,0,0,0,60,900,13,900,90,43,30,0,0,20001,2017/07/01 1:00:00,2050/01/01 4:59:59
311013,3,200005,0,0,0,0,70,900,14,900,90,43,30,0,0,20001,2017/07/01 1:00:00,2050/01/01 4:59:59
311014,3,200005,0,0,0,0,80,900,15,900,90,43,30,0,0,20001,2017/07/01 1:00:00,2050/01/01 4:59:59
311015,3,200005,0,0,0,0,90,900,16,900,90,43,30,0,0,20001,2017/07/01 1:00:00,2050/01/01 4:59:59
311016,3,200005,0,0,0,0,100,900,17,900,90,43,30,0,0,20001,2017/07/01 1:00:00,2050/01/01 4:59:59
311017,3,200005,0,0,0,0,150,900,18,900,90,43,30,0,0,20001,2017/07/01 1:00:00,2050/01/01 4:59:59
311018,3,200005,0,0,0,0,200,900,19,900,90,43,30,0,0,20001,2017/07/01 1:00:00,2050/01/01 4:59:59
311019,3,200005,0,0,0,0,250,900,20,900,90,43,30,0,0,20001,2017/07/01 1:00:00,2050/01/01 4:59:59
311020,3,200005,0,0,0,0,300,900,21,900,90,43,30,0,0,20001,2017/07/01 1:00:00,2050/01/01 4:59:59
311021,3,200005,0,0,0,0,350,900,22,900,90,43,30,0,0,20001,2017/07/01 1:00:00,2050/01/01 4:59:59
311022,3,200005,0,0,0,0,400,900,23,900,90,43,30,0,0,20001,2017/07/01 1:00:00,2050/01/01 4:59:59
311023,3,200005,0,0,0,0,450,900,24,900,90,43,30,0,0,20001,2017/07/01 1:00:00,2050/01/01 4:59:59
311024,3,200005,0,0,0,0,500,900,25,900,90,43,30,0,0,20001,2017/07/01 1:00:00,2050/01/01 4:59:59
311025,3,200005,0,0,0,0,600,900,26,900,90,43,30,0,0,20001,2017/07/01 1:00:00,2050/01/01 4:59:59
311026,3,200005,0,0,0,0,700,900,27,900,90,43,30,0,0,20001,2017/07/01 1:00:00,2050/01/01 4:59:59
311027,3,200005,0,0,0,0,800,900,28,900,90,43,30,0,0,20001,2017/07/01 1:00:00,2050/01/01 4:59:59
311028,3,200005,0,0,0,0,900,900,29,900,90,43,30,0,0,20001,2017/07/01 1:00:00,2050/01/01 4:59:59
311029,3,200005,0,0,0,0,1000,900,30,900,90,43,30,0,0,20001,2017/07/01 1:00:00,2050/01/01 4:59:59
311030,3,200005,0,0,0,0,1200,900,31,900,90,43,30,0,0,20001,2017/07/01 1:00:00,2050/01/01 4:59:59
311031,3,200005,0,0,0,0,1400,900,32,900,90,43,30,0,0,20001,2017/07/01 1:00:00,2050/01/01 4:59:59
311032,3,200005,0,0,0,0,1600,900,33,900,90,43,30,0,0,20001,2017/07/01 1:00:00,2050/01/01 4:59:59
311033,3,200005,0,0,0,0,1800,900,34,900,90,43,30,0,0,20001,2017/07/01 1:00:00,2050/01/01 4:59:59
311034,3,200005,0,0,0,0,2000,900,35,900,90,43,30,0,0,20001,2017/07/01 1:00:00,2050/01/01 4:59:59
311035,3,200005,0,0,0,0,2200,900,36,900,90,43,30,0,0,20001,2017/07/01 1:00:00,2050/01/01 4:59:59
311036,3,200005,0,0,0,0,2400,900,37,900,90,43,30,0,0,20001,2017/07/01 1:00:00,2050/01/01 4:59:59
311037,3,200005,0,0,0,0,2600,900,38,900,90,43,30,0,0,20001,2017/07/01 1:00:00,2050/01/01 4:59:59
311038,3,200005,0,0,0,0,2800,900,39,900,90,43,30,0,0,20001,2017/07/01 1:00:00,2050/01/01 4:59:59
311039,3,200005,0,0,0,0,3000,900,40,900,90,43,30,0,0,20001,2017/07/01 1:00:00,2050/01/01 4:59:59
311040,3,200005,0,0,0,0,3200,900,41,900,90,43,30,0,0,20001,2017/07/01 1:00:00,2050/01/01 4:59:59
311041,3,200005,0,0,0,0,3400,900,42,900,90,43,30,0,0,20001,2017/07/01 1:00:00,2050/01/01 4:59:59
311042,3,200005,0,0,0,0,3600,900,43,900,90,43,30,0,0,20001,2017/07/01 1:00:00,2050/01/01 4:59:59
311043,3,200005,0,0,0,0,3800,900,44,900,90,43,30,0,0,20001,2017/07/01 1:00:00,2050/01/01 4:59:59
311044,3,200005,0,0,0,0,4000,900,45,900,90,43,30,0,0,20001,2017/07/01 1:00:00,2050/01/01 4:59:59
311045,3,200005,0,0,0,0,4200,900,46,900,90,43,30,0,0,20001,2017/07/01 1:00:00,2050/01/01 4:59:59
311046,3,200005,0,0,0,0,4400,900,47,900,90,43,30,0,0,20001,2017/07/01 1:00:00,2050/01/01 4:59:59
311047,3,200005,0,0,0,0,4600,900,48,900,90,43,30,0,0,20001,2017/07/01 1:00:00,2050/01/01 4:59:59
311048,3,200005,0,0,0,0,4800,900,49,900,90,43,30,0,0,20001,2017/07/01 1:00:00,2050/01/01 4:59:59
311049,3,200005,0,0,0,0,5000,900,50,900,90,43,30,0,0,20001,2017/07/01 1:00:00,2050/01/01 4:59:59
311050,3,200005,0,0,0,0,5200,900,51,900,90,43,30,0,0,20001,2017/07/01 1:00:00,2050/01/01 4:59:59
311051,3,200005,0,0,0,0,5400,900,52,900,90,43,30,0,0,20001,2017/07/01 1:00:00,2050/01/01 4:59:59
311052,3,200005,0,0,0,0,5600,900,53,900,90,43,30,0,0,20001,2017/07/01 1:00:00,2050/01/01 4:59:59
311053,3,200005,0,0,0,0,5800,900,54,900,90,43,30,0,0,20001,2017/07/01 1:00:00,2050/01/01 4:59:59
311054,3,200005,0,0,0,0,6000,900,55,900,90,43,30,0,0,20001,2017/07/01 1:00:00,2050/01/01 4:59:59
311055,3,200005,0,0,0,0,6200,900,56,900,90,43,30,0,0,20001,2017/07/01 1:00:00,2050/01/01 4:59:59
311056,3,200005,0,0,0,0,6400,900,57,900,90,43,30,0,0,20001,2017/07/01 1:00:00,2050/01/01 4:59:59
311057,3,200005,0,0,0,0,6600,900,58,900,90,43,30,0,0,20001,2017/07/01 1:00:00,2050/01/01 4:59:59
311058,3,200005,0,0,0,0,6800,900,59,900,90,43,30,0,0,20001,2017/07/01 1:00:00,2050/01/01 4:59:59
311059,3,200005,0,0,0,0,7000,900,60,900,90,43,30,0,0,20001,2017/07/01 1:00:00,2050/01/01 4:59:59
311060,3,200005,0,0,0,0,7200,900,61,900,90,43,30,0,0,20001,2017/07/01 1:00:00,2050/01/01 4:59:59
311061,3,200005,0,0,0,0,7400,900,62,900,90,43,30,0,0,20001,2017/07/01 1:00:00,2050/01/01 4:59:59
311062,3,200005,0,0,0,0,7600,900,63,900,90,43,30,0,0,20001,2017/07/01 1:00:00,2050/01/01 4:59:59
311063,3,200005,0,0,0,0,7800,900,64,900,90,43,30,0,0,20001,2017/07/01 1:00:00,2050/01/01 4:59:59
311064,3,200005,0,0,0,0,8000,900,65,900,90,43,30,0,0,20001,2017/07/01 1:00:00,2050/01/01 4:59:59
311065,3,200005,0,0,0,0,8200,900,66,900,90,43,30,0,0,20001,2017/07/01 1:00:00,2050/01/01 4:59:59
311066,3,200005,0,0,0,0,8400,900,67,900,90,43,30,0,0,20001,2017/07/01 1:00:00,2050/01/01 4:59:59
311067,3,200005,0,0,0,0,8600,900,68,900,90,43,30,0,0,20001,2017/07/01 1:00:00,2050/01/01 4:59:59
311068,3,200005,0,0,0,0,8800,900,69,900,90,43,30,0,0,20001,2017/07/01 1:00:00,2050/01/01 4:59:59
311069,3,200005,0,0,0,0,9000,900,70,900,90,43,30,0,0,20001,2017/07/01 1:00:00,2050/01/01 4:59:59
311070,3,200005,0,0,0,0,9200,900,71,900,90,43,30,0,0,20001,2017/07/01 1:00:00,2050/01/01 4:59:59
311071,3,200005,0,0,0,0,9400,900,72,900,90,43,30,0,0,20001,2017/07/01 1:00:00,2050/01/01 4:59:59
311072,3,200005,0,0,0,0,9600,900,73,900,90,43,30,0,0,20001,2017/07/01 1:00:00,2050/01/01 4:59:59
311073,3,200005,0,0,0,0,9800,900,74,900,90,43,30,0,0,20001,2017/07/01 1:00:00,2050/01/01 4:59:59
311074,3,200005,0,0,0,0,10000,900,75,900,90,43,30,0,0,20001,2017/07/01 1:00:00,2050/01/01 4:59:59
311075,3,200005,0,0,0,0,10200,900,76,900,90,43,30,0,0,20001,2017/07/01 1:00:00,2050/01/01 4:59:59
311076,3,200005,0,0,0,0,10400,900,77,900,90,43,30,0,0,20001,2017/07/01 1:00:00,2050/01/01 4:59:59
311077,3,200005,0,0,0,0,10600,900,78,900,90,43,30,0,0,20001,2017/07/01 1:00:00,2050/01/01 4:59:59
311078,3,200005,0,0,0,0,10800,900,79,900,90,43,30,0,0,20001,2017/07/01 1:00:00,2050/01/01 4:59:59
311079,3,200005,0,0,0,0,11000,900,80,900,90,43,30,0,0,20001,2017/07/01 1:00:00,2050/01/01 4:59:59
311080,3,200005,0,0,0,0,11200,900,81,900,90,43,30,0,0,20001,2017/07/01 1:00:00,2050/01/01 4:59:59
311081,3,200005,0,0,0,0,11400,900,82,900,90,43,30,0,0,20001,2017/07/01 1:00:00,2050/01/01 4:59:59
311082,3,200005,0,0,0,0,11600,900,83,900,90,43,30,0,0,20001,2017/07/01 1:00:00,2050/01/01 4:59:59
311083,3,200005,0,0,0,0,11800,900,84,900,90,43,30,0,0,20001,2017/07/01 1:00:00,2050/01/01 4:59:59
311084,3,200005,0,0,0,0,12000,900,85,900,90,43,30,0,0,20001,2017/07/01 1:00:00,2050/01/01 4:59:59
311085,3,200005,0,0,0,0,12200,900,86,900,90,43,30,0,1,20001,2022/02/24 12:00:00,2050/01/01 4:59:59
311086,3,200005,0,0,0,0,12400,900,87,900,90,43,30,0,1,20001,2022/02/24 12:00:00,2050/01/01 4:59:59
311087,3,200005,0,0,0,0,12600,900,88,900,90,43,30,0,1,20001,2022/02/24 12:00:00,2050/01/01 4:59:59
311088,3,200005,0,0,0,0,12800,900,89,900,90,43,30,0,1,20001,2022/02/24 12:00:00,2050/01/01 4:59:59
311089,3,200005,0,0,0,0,13000,900,90,900,90,43,30,0,1,20001,2022/02/24 12:00:00,2050/01/01 4:59:59
311090,3,200005,0,0,0,0,13200,900,91,900,90,43,30,0,1,20001,2022/02/24 12:00:00,2050/01/01 4:59:59
311091,3,200005,0,0,0,0,13400,900,92,900,90,43,30,0,1,20001,2022/02/24 12:00:00,2050/01/01 4:59:59
311092,3,200005,0,0,0,0,13600,900,93,900,90,43,30,0,1,20001,2022/02/24 12:00:00,2050/01/01 4:59:59
311093,3,200005,0,0,0,0,13800,900,94,900,90,43,30,0,1,20001,2022/02/24 12:00:00,2050/01/01 4:59:59
311094,3,200005,0,0,0,0,14000,900,95,900,90,43,30,0,1,20001,2022/02/24 12:00:00,2050/01/01 4:59:59
311095,3,200005,0,0,0,0,14200,900,96,900,90,43,30,0,1,20001,2022/02/24 12:00:00,2050/01/01 4:59:59
311096,3,200005,0,0,0,0,14400,900,97,900,90,43,30,0,1,20001,2022/02/24 12:00:00,2050/01/01 4:59:59
311097,3,200005,0,0,0,0,14600,900,98,900,90,43,30,0,1,20001,2022/02/24 12:00:00,2050/01/01 4:59:59
311098,3,200005,0,0,0,0,14800,900,99,900,90,43,30,0,1,20001,2022/02/24 12:00:00,2050/01/01 4:59:59
311099,3,200005,0,0,0,0,15000,900,100,900,90,43,30,0,1,20001,2022/02/24 12:00:00,2050/01/01 4:59:59
311100,3,200005,0,0,0,0,15200,900,101,900,90,43,30,0,1,20001,2022/02/24 12:00:00,2050/01/01 4:59:59
311101,3,200005,0,0,0,0,15400,900,102,900,90,43,30,0,1,20001,2022/02/24 12:00:00,2050/01/01 4:59:59
311102,3,200005,0,0,0,0,15600,900,103,900,90,43,30,0,1,20001,2022/02/24 12:00:00,2050/01/01 4:59:59
311103,3,200005,0,0,0,0,15800,900,104,900,90,43,30,0,1,20001,2022/02/24 12:00:00,2050/01/01 4:59:59
311104,3,200005,0,0,0,0,16000,900,105,900,90,43,30,0,1,20001,2022/02/24 12:00:00,2050/01/01 4:59:59
311105,3,200005,0,0,0,0,16200,900,106,900,90,43,30,0,1,20001,2022/02/24 12:00:00,2050/01/01 4:59:59
311106,3,200005,0,0,0,0,16400,900,107,900,90,43,30,0,1,20001,2022/02/24 12:00:00,2050/01/01 4:59:59
311107,3,200005,0,0,0,0,16600,900,108,900,90,43,30,0,1,20001,2022/02/24 12:00:00,2050/01/01 4:59:59
311108,3,200005,0,0,0,0,16800,900,109,900,90,43,30,0,1,20001,2022/02/24 12:00:00,2050/01/01 4:59:59
311109,3,200005,0,0,0,0,17000,900,110,900,90,43,30,0,1,20001,2022/02/24 12:00:00,2050/01/01 4:59:59
311110,3,200005,0,0,0,0,17200,900,111,900,90,43,30,0,1,20001,2022/02/24 12:00:00,2050/01/01 4:59:59
311111,3,200005,0,0,0,0,17400,900,112,900,90,43,30,0,1,20001,2022/02/24 12:00:00,2050/01/01 4:59:59
311112,3,200005,0,0,0,0,17600,900,113,900,90,43,30,0,1,20001,2022/02/24 12:00:00,2050/01/01 4:59:59
311113,3,200005,0,0,0,0,17800,900,114,900,90,43,30,0,1,20001,2022/02/24 12:00:00,2050/01/01 4:59:59
311114,3,200005,0,0,0,0,18000,900,115,900,90,43,30,0,1,20001,2022/02/24 12:00:00,2050/01/01 4:59:59
311115,3,200005,0,0,0,0,18200,900,116,900,90,43,30,0,1,20001,2022/02/24 12:00:00,2050/01/01 4:59:59
311116,3,200005,0,0,0,0,18400,900,117,900,90,43,30,0,1,20001,2022/02/24 12:00:00,2050/01/01 4:59:59
311117,3,200005,0,0,0,0,18600,900,118,900,90,43,30,0,1,20001,2022/02/24 12:00:00,2050/01/01 4:59:59
311118,3,200005,0,0,0,0,18800,900,119,900,90,43,30,0,1,20001,2022/02/24 12:00:00,2050/01/01 4:59:59
311119,3,200005,0,0,0,0,19000,900,120,900,90,43,30,0,1,20001,2022/02/24 12:00:00,2050/01/01 4:59:59
311120,3,200005,0,0,0,0,19200,900,121,900,90,43,30,0,1,20001,2022/02/24 12:00:00,2050/01/01 4:59:59
311121,3,200005,0,0,0,0,19400,900,122,900,90,43,30,0,1,20001,2022/02/24 12:00:00,2050/01/01 4:59:59
311122,3,200005,0,0,0,0,19600,900,123,900,90,43,30,0,1,20001,2022/02/24 12:00:00,2050/01/01 4:59:59
311123,3,200005,0,0,0,0,19800,900,124,900,90,43,30,0,1,20001,2022/02/24 12:00:00,2050/01/01 4:59:59
311124,3,200005,0,0,0,0,20000,900,125,900,90,43,30,0,1,20001,2022/02/24 12:00:00,2050/01/01 4:59:59
311125,3,200005,0,0,0,0,20200,900,126,900,90,43,30,0,1,20001,2022/02/24 12:00:00,2050/01/01 4:59:59
311126,3,200005,0,0,0,0,20400,900,127,900,90,43,30,0,1,20001,2022/02/24 12:00:00,2050/01/01 4:59:59
311127,3,200005,0,0,0,0,20600,900,128,900,90,43,30,0,1,20001,2022/02/24 12:00:00,2050/01/01 4:59:59
311128,3,200005,0,0,0,0,20800,900,129,900,90,43,30,0,1,20001,2022/02/24 12:00:00,2050/01/01 4:59:59
311129,3,200005,0,0,0,0,21000,900,130,900,90,43,30,0,1,20001,2022/02/24 12:00:00,2050/01/01 4:59:59
311130,3,200005,0,0,0,0,21200,900,131,900,90,43,30,0,1,20001,2022/02/24 12:00:00,2050/01/01 4:59:59
311131,3,200005,0,0,0,0,21400,900,132,900,90,43,30,0,1,20001,2022/02/24 12:00:00,2050/01/01 4:59:59
311132,3,200005,0,0,0,0,21600,900,133,900,90,43,30,0,1,20001,2022/02/24 12:00:00,2050/01/01 4:59:59
311133,3,200005,0,0,0,0,21800,900,134,900,90,43,30,0,1,20001,2022/02/24 12:00:00,2050/01/01 4:59:59
311134,3,200005,0,0,0,0,22000,900,135,900,90,43,30,0,1,20001,2022/02/24 12:00:00,2050/01/01 4:59:59
311135,3,200005,0,0,0,0,22200,900,136,900,90,43,30,0,1,20001,2022/02/24 12:00:00,2050/01/01 4:59:59
311136,3,200005,0,0,0,0,22400,900,137,900,90,43,30,0,1,20001,2022/02/24 12:00:00,2050/01/01 4:59:59
311137,3,200005,0,0,0,0,22600,900,138,900,90,43,30,0,1,20001,2022/02/24 12:00:00,2050/01/01 4:59:59
311138,3,200005,0,0,0,0,22800,900,139,900,90,43,30,0,1,20001,2022/02/24 12:00:00,2050/01/01 4:59:59
311139,3,200005,0,0,0,0,23000,900,140,900,90,43,30,0,1,20001,2022/02/24 12:00:00,2050/01/01 4:59:59
311140,3,200005,0,0,0,0,23200,900,141,900,90,43,30,0,1,20001,2022/02/24 12:00:00,2050/01/01 4:59:59
311141,3,200005,0,0,0,0,23400,900,142,900,90,43,30,0,1,20001,2022/02/24 12:00:00,2050/01/01 4:59:59
311142,3,200005,0,0,0,0,23600,900,143,900,90,43,30,0,1,20001,2022/02/24 12:00:00,2050/01/01 4:59:59
311143,3,200005,0,0,0,0,23800,900,144,900,90,43,30,0,1,20001,2022/02/24 12:00:00,2050/01/01 4:59:59
311144,3,200005,0,0,0,0,24000,900,145,900,90,43,30,0,1,20001,2022/02/24 12:00:00,2050/01/01 4:59:59
311145,3,200005,0,0,0,0,24200,900,146,900,90,43,30,0,1,20001,2022/02/24 12:00:00,2050/01/01 4:59:59
311146,3,200005,0,0,0,0,24400,900,147,900,90,43,30,0,1,20001,2022/02/24 12:00:00,2050/01/01 4:59:59
311147,3,200005,0,0,0,0,24600,900,148,900,90,43,30,0,1,20001,2022/02/24 12:00:00,2050/01/01 4:59:59
311148,3,200005,0,0,0,0,24800,900,149,900,90,43,30,0,1,20001,2022/02/24 12:00:00,2050/01/01 4:59:59
311149,3,200005,0,0,0,0,25000,900,150,900,90,43,30,0,1,20001,2022/02/24 12:00:00,2050/01/01 4:59:59
311150,3,200005,0,0,0,0,25200,900,151,900,90,43,30,0,1,20001,2022/02/24 12:00:00,2050/01/01 4:59:59
311151,3,200005,0,0,0,0,25400,900,152,900,90,43,30,0,1,20001,2022/02/24 12:00:00,2050/01/01 4:59:59
311152,3,200005,0,0,0,0,25600,900,153,900,90,43,30,0,1,20001,2022/02/24 12:00:00,2050/01/01 4:59:59
311153,3,200005,0,0,0,0,25800,900,154,900,90,43,30,0,1,20001,2022/02/24 12:00:00,2050/01/01 4:59:59
311154,3,200005,0,0,0,0,26000,900,155,900,90,43,30,0,1,20001,2022/02/24 12:00:00,2050/01/01 4:59:59
311155,3,200005,0,0,0,0,26200,900,156,900,90,43,30,0,1,20001,2022/02/24 12:00:00,2050/01/01 4:59:59
311156,3,200005,0,0,0,0,26400,900,157,900,90,43,30,0,1,20001,2022/02/24 12:00:00,2050/01/01 4:59:59
311157,3,200005,0,0,0,0,26600,900,158,900,90,43,30,0,1,20001,2022/02/24 12:00:00,2050/01/01 4:59:59
311158,3,200005,0,0,0,0,26800,900,159,900,90,43,30,0,1,20001,2022/02/24 12:00:00,2050/01/01 4:59:59
311159,3,200005,0,0,0,0,27000,900,160,900,90,43,30,0,1,20001,2022/02/24 12:00:00,2050/01/01 4:59:59
311160,3,200005,0,0,0,0,27200,900,161,900,90,43,30,0,1,20001,2022/02/24 12:00:00,2050/01/01 4:59:59
311161,3,200005,0,0,0,0,27400,900,162,900,90,43,30,0,1,20001,2022/02/24 12:00:00,2050/01/01 4:59:59
311162,3,200005,0,0,0,0,27600,900,163,900,90,43,30,0,1,20001,2022/02/24 12:00:00,2050/01/01 4:59:59
311163,3,200005,0,0,0,0,27800,900,164,900,90,43,30,0,1,20001,2022/02/24 12:00:00,2050/01/01 4:59:59
311164,3,200005,0,0,0,0,28000,900,165,900,90,43,30,0,1,20001,2022/02/24 12:00:00,2050/01/01 4:59:59
311165,3,200005,0,0,0,0,28200,900,166,900,90,43,30,0,1,20001,2022/02/24 12:00:00,2050/01/01 4:59:59
311166,3,200005,0,0,0,0,28400,900,167,900,90,43,30,0,1,20001,2022/02/24 12:00:00,2050/01/01 4:59:59
311167,3,200005,0,0,0,0,28600,900,168,900,90,43,30,0,1,20001,2022/02/24 12:00:00,2050/01/01 4:59:59
311168,3,200005,0,0,0,0,28800,900,169,900,90,43,30,0,1,20001,2022/02/24 12:00:00,2050/01/01 4:59:59
311169,3,200005,0,0,0,0,29000,900,170,900,90,43,30,0,1,20001,2022/02/24 12:00:00,2050/01/01 4:59:59
311170,3,200005,0,0,0,0,29200,900,171,900,90,43,30,0,1,20001,2022/02/24 12:00:00,2050/01/01 4:59:59
311171,3,200005,0,0,0,0,29400,900,172,900,90,43,30,0,1,20001,2022/02/24 12:00:00,2050/01/01 4:59:59
311172,3,200005,0,0,0,0,29600,900,173,900,90,43,30,0,1,20001,2022/02/24 12:00:00,2050/01/01 4:59:59
311173,3,200005,0,0,0,0,29800,900,174,900,90,43,30,0,1,20001,2022/02/24 12:00:00,2050/01/01 4:59:59
311174,3,200005,0,0,0,0,30000,900,175,900,90,43,30,0,1,20001,2022/02/24 12:00:00,2050/01/01 4:59:59
311175,3,200005,0,0,0,0,30200,900,176,900,90,43,30,0,1,20001,2023/07/10 12:00:00,2050/01/01 4:59:59
311176,3,200005,0,0,0,0,30400,900,177,900,90,43,30,0,1,20001,2023/07/10 12:00:00,2050/01/01 4:59:59
311177,3,200005,0,0,0,0,30600,900,178,900,90,43,30,0,1,20001,2023/07/10 12:00:00,2050/01/01 4:59:59
311178,3,200005,0,0,0,0,30800,900,179,900,90,43,30,0,1,20001,2023/07/10 12:00:00,2050/01/01 4:59:59
311179,3,200005,0,0,0,0,31000,900,180,900,90,43,30,0,1,20001,2023/07/10 12:00:00,2050/01/01 4:59:59
311180,3,200005,0,0,0,0,31200,900,181,900,90,43,30,0,1,20001,2023/07/10 12:00:00,2050/01/01 4:59:59
311181,3,200005,0,0,0,0,31400,900,182,900,90,43,30,0,1,20001,2023/07/10 12:00:00,2050/01/01 4:59:59
311182,3,200005,0,0,0,0,31600,900,183,900,90,43,30,0,1,20001,2023/07/10 12:00:00,2050/01/01 4:59:59
311183,3,200005,0,0,0,0,31800,900,184,900,90,43,30,0,1,20001,2023/07/10 12:00:00,2050/01/01 4:59:59
311184,3,200005,0,0,0,0,32000,900,185,900,90,43,30,0,1,20001,2023/07/10 12:00:00,2050/01/01 4:59:59
311185,3,200005,0,0,0,0,32200,900,186,900,90,43,30,0,1,20001,2023/07/10 12:00:00,2050/01/01 4:59:59
311186,3,200005,0,0,0,0,32400,900,187,900,90,43,30,0,1,20001,2023/07/10 12:00:00,2050/01/01 4:59:59
311187,3,200005,0,0,0,0,32600,900,188,900,90,43,30,0,1,20001,2023/07/10 12:00:00,2050/01/01 4:59:59
311188,3,200005,0,0,0,0,32800,900,189,900,90,43,30,0,1,20001,2023/07/10 12:00:00,2050/01/01 4:59:59
311189,3,200005,0,0,0,0,33000,900,190,900,90,43,30,0,1,20001,2023/07/10 12:00:00,2050/01/01 4:59:59
311190,3,200005,0,0,0,0,33200,900,191,900,90,43,30,0,1,20001,2023/07/10 12:00:00,2050/01/01 4:59:59
311191,3,200005,0,0,0,0,33400,900,192,900,90,43,30,0,1,20001,2023/07/10 12:00:00,2050/01/01 4:59:59
311192,3,200005,0,0,0,0,33600,900,193,900,90,43,30,0,1,20001,2023/07/10 12:00:00,2050/01/01 4:59:59
311193,3,200005,0,0,0,0,33800,900,194,900,90,43,30,0,1,20001,2023/07/10 12:00:00,2050/01/01 4:59:59
311194,3,200005,0,0,0,0,34000,900,195,900,90,43,30,0,1,20001,2023/07/10 12:00:00,2050/01/01 4:59:59
311195,3,200005,0,0,0,0,34200,900,196,900,90,43,30,0,1,20001,2023/07/10 12:00:00,2050/01/01 4:59:59
311196,3,200005,0,0,0,0,34400,900,197,900,90,43,30,0,1,20001,2023/07/10 12:00:00,2050/01/01 4:59:59
311197,3,200005,0,0,0,0,34600,900,198,900,90,43,30,0,1,20001,2023/07/10 12:00:00,2050/01/01 4:59:59
311198,3,200005,0,0,0,0,34800,900,199,900,90,43,30,0,1,20001,2023/07/10 12:00:00,2050/01/01 4:59:59
311199,3,200005,0,0,0,0,35000,900,200,900,90,43,30,0,1,20001,2023/07/10 12:00:00,2050/01/01 4:59:59
311200,3,200005,0,0,0,0,35200,900,201,900,90,43,30,0,1,20001,2023/07/10 12:00:00,2050/01/01 4:59:59
311201,3,200005,0,0,0,0,35400,900,202,900,90,43,30,0,1,20001,2023/07/10 12:00:00,2050/01/01 4:59:59
311202,3,200005,0,0,0,0,35600,900,203,900,90,43,30,0,1,20001,2023/07/10 12:00:00,2050/01/01 4:59:59
311203,3,200005,0,0,0,0,35800,900,204,900,90,43,30,0,1,20001,2023/07/10 12:00:00,2050/01/01 4:59:59
311204,3,200005,0,0,0,0,36000,900,205,900,90,43,30,0,1,20001,2023/07/10 12:00:00,2050/01/01 4:59:59
311205,3,200005,0,0,0,0,36200,900,206,900,90,43,30,0,1,20001,2023/07/10 12:00:00,2050/01/01 4:59:59
311206,3,200005,0,0,0,0,36400,900,207,900,90,43,30,0,1,20001,2023/07/10 12:00:00,2050/01/01 4:59:59
311207,3,200005,0,0,0,0,36600,900,208,900,90,43,30,0,1,20001,2023/07/10 12:00:00,2050/01/01 4:59:59
311208,3,200005,0,0,0,0,36800,900,209,900,90,43,30,0,1,20001,2023/07/10 12:00:00,2050/01/01 4:59:59
311209,3,200005,0,0,0,0,37000,900,210,900,90,43,30,0,1,20001,2023/07/10 12:00:00,2050/01/01 4:59:59
311210,3,200005,0,0,0,0,37200,900,211,900,90,43,30,0,1,20001,2023/07/10 12:00:00,2050/01/01 4:59:59
311211,3,200005,0,0,0,0,37400,900,212,900,90,43,30,0,1,20001,2023/07/10 12:00:00,2050/01/01 4:59:59
311212,3,200005,0,0,0,0,37600,900,213,900,90,43,30,0,1,20001,2023/07/10 12:00:00,2050/01/01 4:59:59
311213,3,200005,0,0,0,0,37800,900,214,900,90,43,30,0,1,20001,2023/07/10 12:00:00,2050/01/01 4:59:59
311214,3,200005,0,0,0,0,38000,900,215,900,90,43,30,0,1,20001,2023/07/10 12:00:00,2050/01/01 4:59:59
311215,3,200005,0,0,0,0,38200,900,216,900,90,43,30,0,1,20001,2023/07/10 12:00:00,2050/01/01 4:59:59
311216,3,200005,0,0,0,0,38400,900,217,900,90,43,30,0,1,20001,2023/07/10 12:00:00,2050/01/01 4:59:59
311217,3,200005,0,0,0,0,38600,900,218,900,90,43,30,0,1,20001,2023/07/10 12:00:00,2050/01/01 4:59:59
311218,3,200005,0,0,0,0,38800,900,219,900,90,43,30,0,1,20001,2023/07/10 12:00:00,2050/01/01 4:59:59
311219,3,200005,0,0,0,0,39000,900,220,900,90,43,30,0,1,20001,2023/07/10 12:00:00,2050/01/01 4:59:59
311220,3,200005,0,0,0,0,39200,900,221,900,90,43,30,0,1,20001,2023/07/10 12:00:00,2050/01/01 4:59:59
311221,3,200005,0,0,0,0,39400,900,222,900,90,43,30,0,1,20001,2023/07/10 12:00:00,2050/01/01 4:59:59
311222,3,200005,0,0,0,0,39600,900,223,900,90,43,30,0,1,20001,2023/07/10 12:00:00,2050/01/01 4:59:59
311223,3,200005,0,0,0,0,39800,900,224,900,90,43,30,0,1,20001,2023/07/10 12:00:00,2050/01/01 4:59:59
311224,3,200005,0,0,0,0,40000,900,225,900,90,43,30,0,1,20001,2023/07/10 12:00:00,2050/01/01 4:59:59
311225,3,200005,0,0,0,0,40200,900,226,900,90,43,30,0,1,20001,2023/07/10 12:00:00,2050/01/01 4:59:59
311226,3,200005,0,0,0,0,40400,900,227,900,90,43,30,0,1,20001,2023/07/10 12:00:00,2050/01/01 4:59:59
311227,3,200005,0,0,0,0,40600,900,228,900,90,43,30,0,1,20001,2023/07/10 12:00:00,2050/01/01 4:59:59
311228,3,200005,0,0,0,0,40800,900,229,900,90,43,30,0,1,20001,2023/07/10 12:00:00,2050/01/01 4:59:59
311229,3,200005,0,0,0,0,41000,900,230,900,90,43,30,0,1,20001,2023/07/10 12:00:00,2050/01/01 4:59:59
311230,3,200005,0,0,0,0,41200,900,231,900,90,43,30,0,1,20001,2023/07/10 12:00:00,2050/01/01 4:59:59
311231,3,200005,0,0,0,0,41400,900,232,900,90,43,30,0,1,20001,2023/07/10 12:00:00,2050/01/01 4:59:59
311232,3,200005,0,0,0,0,41600,900,233,900,90,43,30,0,1,20001,2023/07/10 12:00:00,2050/01/01 4:59:59
311233,3,200005,0,0,0,0,41800,900,234,900,90,43,30,0,1,20001,2023/07/10 12:00:00,2050/01/01 4:59:59
311234,3,200005,0,0,0,0,42000,900,235,900,90,43,30,0,1,20001,2023/07/10 12:00:00,2050/01/01 4:59:59
311235,3,200005,0,0,0,0,42200,900,236,900,90,43,30,0,1,20001,2023/07/10 12:00:00,2050/01/01 4:59:59
311236,3,200005,0,0,0,0,42400,900,237,900,90,43,30,0,1,20001,2023/07/10 12:00:00,2050/01/01 4:59:59
311237,3,200005,0,0,0,0,42600,900,238,900,90,43,30,0,1,20001,2023/07/10 12:00:00,2050/01/01 4:59:59
311238,3,200005,0,0,0,0,42800,900,239,900,90,43,30,0,1,20001,2023/07/10 12:00:00,2050/01/01 4:59:59
311239,3,200005,0,0,0,0,43000,900,240,900,90,43,30,0,1,20001,2023/07/10 12:00:00,2050/01/01 4:59:59
311240,3,200005,0,0,0,0,43200,900,241,900,90,43,30,0,1,20001,2023/07/10 12:00:00,2050/01/01 4:59:59
311241,3,200005,0,0,0,0,43400,900,242,900,90,43,30,0,1,20001,2023/07/10 12:00:00,2050/01/01 4:59:59
311242,3,200005,0,0,0,0,43600,900,243,900,90,43,30,0,1,20001,2023/07/10 12:00:00,2050/01/01 4:59:59
311243,3,200005,0,0,0,0,43800,900,244,900,90,43,30,0,1,20001,2023/07/10 12:00:00,2050/01/01 4:59:59
311244,3,200005,0,0,0,0,44000,900,245,900,90,43,30,0,1,20001,2023/07/10 12:00:00,2050/01/01 4:59:59
311245,3,200005,0,0,0,0,44200,900,246,900,90,43,30,0,1,20001,2023/07/10 12:00:00,2050/01/01 4:59:59
311246,3,200005,0,0,0,0,44400,900,247,900,90,43,30,0,1,20001,2023/07/10 12:00:00,2050/01/01 4:59:59
311247,3,200005,0,0,0,0,44600,900,248,900,90,43,30,0,1,20001,2023/07/10 12:00:00,2050/01/01 4:59:59
311248,3,200005,0,0,0,0,44800,900,249,900,90,43,30,0,1,20001,2023/07/10 12:00:00,2050/01/01 4:59:59
311249,3,200005,0,0,0,0,45000,900,250,900,90,43,30,0,1,20001,2023/07/10 12:00:00,2050/01/01 4:59:59
311250,3,200005,0,0,0,0,45200,900,251,900,90,43,30,0,1,20001,2023/07/10 12:00:00,2050/01/01 4:59:59
311251,3,200005,0,0,0,0,45400,900,252,900,90,43,30,0,1,20001,2023/07/10 12:00:00,2050/01/01 4:59:59
311252,3,200005,0,0,0,0,45600,900,253,900,90,43,30,0,1,20001,2023/07/10 12:00:00,2050/01/01 4:59:59
311253,3,200005,0,0,0,0,45800,900,254,900,90,43,30,0,1,20001,2023/07/10 12:00:00,2050/01/01 4:59:59
311254,3,200005,0,0,0,0,46000,900,255,900,90,43,30,0,1,20001,2023/07/10 12:00:00,2050/01/01 4:59:59
311255,3,200005,0,0,0,0,46200,900,256,900,90,43,30,0,1,20001,2023/07/10 12:00:00,2050/01/01 4:59:59
311256,3,200005,0,0,0,0,46400,900,257,900,90,43,30,0,1,20001,2023/07/10 12:00:00,2050/01/01 4:59:59
311257,3,200005,0,0,0,0,46600,900,258,900,90,43,30,0,1,20001,2023/07/10 12:00:00,2050/01/01 4:59:59
311258,3,200005,0,0,0,0,46800,900,259,900,90,43,30,0,1,20001,2023/07/10 12:00:00,2050/01/01 4:59:59
311259,3,200005,0,0,0,0,47000,900,260,900,90,43,30,0,1,20001,2023/07/10 12:00:00,2050/01/01 4:59:59
311260,3,200005,0,0,0,0,47200,900,261,900,90,43,30,0,1,20001,2023/07/10 12:00:00,2050/01/01 4:59:59
311261,3,200005,0,0,0,0,47400,900,262,900,90,43,30,0,1,20001,2023/07/10 12:00:00,2050/01/01 4:59:59
311262,3,200005,0,0,0,0,47600,900,263,900,90,43,30,0,1,20001,2023/07/10 12:00:00,2050/01/01 4:59:59
311263,3,200005,0,0,0,0,47800,900,264,900,90,43,30,0,1,20001,2023/07/10 12:00:00,2050/01/01 4:59:59
311264,3,200005,0,0,0,0,48000,900,265,900,90,43,30,0,1,20001,2023/07/10 12:00:00,2050/01/01 4:59:59
311265,3,200005,0,0,0,0,48200,900,266,900,90,43,30,0,1,20001,2023/07/10 12:00:00,2050/01/01 4:59:59
311266,3,200005,0,0,0,0,48400,900,267,900,90,43,30,0,1,20001,2023/07/10 12:00:00,2050/01/01 4:59:59
311267,3,200005,0,0,0,0,48600,900,268,900,90,43,30,0,1,20001,2023/07/10 12:00:00,2050/01/01 4:59:59
311268,3,200005,0,0,0,0,48800,900,269,900,90,43,30,0,1,20001,2023/07/10 12:00:00,2050/01/01 4:59:59
311269,3,200005,0,0,0,0,49000,900,270,900,90,43,30,0,1,20001,2023/07/10 12:00:00,2050/01/01 4:59:59
311270,3,200005,0,0,0,0,49200,900,271,900,90,43,30,0,1,20001,2023/07/10 12:00:00,2050/01/01 4:59:59
311271,3,200005,0,0,0,0,49400,900,272,900,90,43,30,0,1,20001,2023/07/10 12:00:00,2050/01/01 4:59:59
311272,3,200005,0,0,0,0,49600,900,273,900,90,43,30,0,1,20001,2023/07/10 12:00:00,2050/01/01 4:59:59
311273,3,200005,0,0,0,0,49800,900,274,900,90,43,30,0,1,20001,2023/07/10 12:00:00,2050/01/01 4:59:59
311274,3,200005,0,0,0,0,50000,900,275,900,90,43,30,0,1,20001,2023/07/10 12:00:00,2050/01/01 4:59:59
311275,3,200005,0,0,0,0,50200,900,276,900,90,43,30,0,1,20001,2024/03/29 12:00:00,2050/01/01 4:59:59
311276,3,200005,0,0,0,0,50400,900,277,900,90,43,30,0,1,20001,2024/03/29 12:00:00,2050/01/01 4:59:59
311277,3,200005,0,0,0,0,50600,900,278,900,90,43,30,0,1,20001,2024/03/29 12:00:00,2050/01/01 4:59:59
311278,3,200005,0,0,0,0,50800,900,279,900,90,43,30,0,1,20001,2024/03/29 12:00:00,2050/01/01 4:59:59
311279,3,200005,0,0,0,0,51000,900,280,900,90,43,30,0,1,20001,2024/03/29 12:00:00,2050/01/01 4:59:59
311280,3,200005,0,0,0,0,51200,900,281,900,90,43,30,0,1,20001,2024/03/29 12:00:00,2050/01/01 4:59:59
311281,3,200005,0,0,0,0,51400,900,282,900,90,43,30,0,1,20001,2024/03/29 12:00:00,2050/01/01 4:59:59
311282,3,200005,0,0,0,0,51600,900,283,900,90,43,30,0,1,20001,2024/03/29 12:00:00,2050/01/01 4:59:59
311283,3,200005,0,0,0,0,51800,900,284,900,90,43,30,0,1,20001,2024/03/29 12:00:00,2050/01/01 4:59:59
311284,3,200005,0,0,0,0,52000,900,285,900,90,43,30,0,1,20001,2024/03/29 12:00:00,2050/01/01 4:59:59
311285,3,200005,0,0,0,0,52200,900,286,900,90,43,30,0,1,20001,2024/03/29 12:00:00,2050/01/01 4:59:59
311286,3,200005,0,0,0,0,52400,900,287,900,90,43,30,0,1,20001,2024/03/29 12:00:00,2050/01/01 4:59:59
311287,3,200005,0,0,0,0,52600,900,288,900,90,43,30,0,1,20001,2024/03/29 12:00:00,2050/01/01 4:59:59
311288,3,200005,0,0,0,0,52800,900,289,900,90,43,30,0,1,20001,2024/03/29 12:00:00,2050/01/01 4:59:59
311289,3,200005,0,0,0,0,53000,900,290,900,90,43,30,0,1,20001,2024/03/29 12:00:00,2050/01/01 4:59:59
311290,3,200005,0,0,0,0,53200,900,291,900,90,43,30,0,1,20001,2024/03/29 12:00:00,2050/01/01 4:59:59
311291,3,200005,0,0,0,0,53400,900,292,900,90,43,30,0,1,20001,2024/03/29 12:00:00,2050/01/01 4:59:59
311292,3,200005,0,0,0,0,53600,900,293,900,90,43,30,0,1,20001,2024/03/29 12:00:00,2050/01/01 4:59:59
311293,3,200005,0,0,0,0,53800,900,294,900,90,43,30,0,1,20001,2024/03/29 12:00:00,2050/01/01 4:59:59
311294,3,200005,0,0,0,0,54000,900,295,900,90,43,30,0,1,20001,2024/03/29 12:00:00,2050/01/01 4:59:59
311295,3,200005,0,0,0,0,54200,900,296,900,90,43,30,0,1,20001,2024/03/29 12:00:00,2050/01/01 4:59:59
311296,3,200005,0,0,0,0,54400,900,297,900,90,43,30,0,1,20001,2024/03/29 12:00:00,2050/01/01 4:59:59
311297,3,200005,0,0,0,0,54600,900,298,900,90,43,30,0,1,20001,2024/03/29 12:00:00,2050/01/01 4:59:59
311298,3,200005,0,0,0,0,54800,900,299,900,90,43,30,0,1,20001,2024/03/29 12:00:00,2050/01/01 4:59:59
311299,3,200005,0,0,0,0,55000,900,300,900,90,43,30,0,1,20001,2024/03/29 12:00:00,2050/01/01 4:59:59
311300,3,200005,0,0,0,0,55200,900,301,900,90,43,30,0,1,20001,2024/03/29 12:00:00,2050/01/01 4:59:59
311301,3,200005,0,0,0,0,55400,900,302,900,90,43,30,0,1,20001,2024/03/29 12:00:00,2050/01/01 4:59:59
311302,3,200005,0,0,0,0,55600,900,303,900,90,43,30,0,1,20001,2024/03/29 12:00:00,2050/01/01 4:59:59
311303,3,200005,0,0,0,0,55800,900,304,900,90,43,30,0,1,20001,2024/03/29 12:00:00,2050/01/01 4:59:59
311304,3,200005,0,0,0,0,56000,900,305,900,90,43,30,0,1,20001,2024/03/29 12:00:00,2050/01/01 4:59:59
311305,3,200005,0,0,0,0,56200,900,306,900,90,43,30,0,1,20001,2024/03/29 12:00:00,2050/01/01 4:59:59
311306,3,200005,0,0,0,0,56400,900,307,900,90,43,30,0,1,20001,2024/03/29 12:00:00,2050/01/01 4:59:59
311307,3,200005,0,0,0,0,56600,900,308,900,90,43,30,0,1,20001,2024/03/29 12:00:00,2050/01/01 4:59:59
311308,3,200005,0,0,0,0,56800,900,309,900,90,43,30,0,1,20001,2024/03/29 12:00:00,2050/01/01 4:59:59
311309,3,200005,0,0,0,0,57000,900,310,900,90,43,30,0,1,20001,2024/03/29 12:00:00,2050/01/01 4:59:59
311310,3,200005,0,0,0,0,57200,900,311,900,90,43,30,0,1,20001,2024/03/29 12:00:00,2050/01/01 4:59:59
311311,3,200005,0,0,0,0,57400,900,312,900,90,43,30,0,1,20001,2024/03/29 12:00:00,2050/01/01 4:59:59
311312,3,200005,0,0,0,0,57600,900,313,900,90,43,30,0,1,20001,2024/03/29 12:00:00,2050/01/01 4:59:59
311313,3,200005,0,0,0,0,57800,900,314,900,90,43,30,0,1,20001,2024/03/29 12:00:00,2050/01/01 4:59:59
311314,3,200005,0,0,0,0,58000,900,315,900,90,43,30,0,1,20001,2024/03/29 12:00:00,2050/01/01 4:59:59
311315,3,200005,0,0,0,0,58200,900,316,900,90,43,30,0,1,20001,2024/03/29 12:00:00,2050/01/01 4:59:59
311316,3,200005,0,0,0,0,58400,900,317,900,90,43,30,0,1,20001,2024/03/29 12:00:00,2050/01/01 4:59:59
311317,3,200005,0,0,0,0,58600,900,318,900,90,43,30,0,1,20001,2024/03/29 12:00:00,2050/01/01 4:59:59
311318,3,200005,0,0,0,0,58800,900,319,900,90,43,30,0,1,20001,2024/03/29 12:00:00,2050/01/01 4:59:59
311319,3,200005,0,0,0,0,59000,900,320,900,90,43,30,0,1,20001,2024/03/29 12:00:00,2050/01/01 4:59:59
311320,3,200005,0,0,0,0,59200,900,321,900,90,43,30,0,1,20001,2024/03/29 12:00:00,2050/01/01 4:59:59
311321,3,200005,0,0,0,0,59400,900,322,900,90,43,30,0,1,20001,2024/03/29 12:00:00,2050/01/01 4:59:59
311322,3,200005,0,0,0,0,59600,900,323,900,90,43,30,0,1,20001,2024/03/29 12:00:00,2050/01/01 4:59:59
311323,3,200005,0,0,0,0,59800,900,324,900,90,43,30,0,1,20001,2024/03/29 12:00:00,2050/01/01 4:59:59
311324,3,200005,0,0,0,0,60000,900,325,900,90,43,30,0,1,20001,2024/03/29 12:00:00,2050/01/01 4:59:59
311325,3,200005,0,0,0,0,60200,900,326,900,90,43,30,0,1,20001,2024/03/29 12:00:00,2050/01/01 4:59:59
311326,3,200005,0,0,0,0,60400,900,327,900,90,43,30,0,1,20001,2024/03/29 12:00:00,2050/01/01 4:59:59
311327,3,200005,0,0,0,0,60600,900,328,900,90,43,30,0,1,20001,2024/03/29 12:00:00,2050/01/01 4:59:59
311328,3,200005,0,0,0,0,60800,900,329,900,90,43,30,0,1,20001,2024/03/29 12:00:00,2050/01/01 4:59:59
311329,3,200005,0,0,0,0,61000,900,330,900,90,43,30,0,1,20001,2024/03/29 12:00:00,2050/01/01 4:59:59
311330,3,200005,0,0,0,0,61200,900,331,900,90,43,30,0,1,20001,2024/03/29 12:00:00,2050/01/01 4:59:59
311331,3,200005,0,0,0,0,61400,900,332,900,90,43,30,0,1,20001,2024/03/29 12:00:00,2050/01/01 4:59:59
311332,3,200005,0,0,0,0,61600,900,333,900,90,43,30,0,1,20001,2024/03/29 12:00:00,2050/01/01 4:59:59
311333,3,200005,0,0,0,0,61800,900,334,900,90,43,30,0,1,20001,2024/03/29 12:00:00,2050/01/01 4:59:59
311334,3,200005,0,0,0,0,62000,900,335,900,90,43,30,0,1,20001,2024/03/29 12:00:00,2050/01/01 4:59:59
311335,3,200005,0,0,0,0,62200,900,336,900,90,43,30,0,1,20001,2024/03/29 12:00:00,2050/01/01 4:59:59
311336,3,200005,0,0,0,0,62400,900,337,900,90,43,30,0,1,20001,2024/03/29 12:00:00,2050/01/01 4:59:59
311337,3,200005,0,0,0,0,62600,900,338,900,90,43,30,0,1,20001,2024/03/29 12:00:00,2050/01/01 4:59:59
311338,3,200005,0,0,0,0,62800,900,339,900,90,43,30,0,1,20001,2024/03/29 12:00:00,2050/01/01 4:59:59
311339,3,200005,0,0,0,0,63000,900,340,900,90,43,30,0,1,20001,2024/03/29 12:00:00,2050/01/01 4:59:59
311340,3,200005,0,0,0,0,63200,900,341,900,90,43,30,0,1,20001,2024/03/29 12:00:00,2050/01/01 4:59:59
311341,3,200005,0,0,0,0,63400,900,342,900,90,43,30,0,1,20001,2024/03/29 12:00:00,2050/01/01 4:59:59
311342,3,200005,0,0,0,0,63600,900,343,900,90,43,30,0,1,20001,2024/03/29 12:00:00,2050/01/01 4:59:59
311343,3,200005,0,0,0,0,63800,900,344,900,90,43,30,0,1,20001,2024/03/29 12:00:00,2050/01/01 4:59:59
311344,3,200005,0,0,0,0,64000,900,345,900,90,43,30,0,1,20001,2024/03/29 12:00:00,2050/01/01 4:59:59
311345,3,200005,0,0,0,0,64200,900,346,900,90,43,30,0,1,20001,2024/03/29 12:00:00,2050/01/01 4:59:59
311346,3,200005,0,0,0,0,64400,900,347,900,90,43,30,0,1,20001,2024/03/29 12:00:00,2050/01/01 4:59:59
311347,3,200005,0,0,0,0,64600,900,348,900,90,43,30,0,1,20001,2024/03/29 12:00:00,2050/01/01 4:59:59
311348,3,200005,0,0,0,0,64800,900,349,900,90,43,30,0,1,20001,2024/03/29 12:00:00,2050/01/01 4:59:59
311349,3,200005,0,0,0,0,65000,900,350,900,90,43,30,0,1,20001,2024/03/29 12:00:00,2050/01/01 4:59:59
311350,3,200005,0,0,0,0,65200,900,351,900,90,43,30,0,1,20001,2024/03/29 12:00:00,2050/01/01 4:59:59
311351,3,200005,0,0,0,0,65400,900,352,900,90,43,30,0,1,20001,2024/03/29 12:00:00,2050/01/01 4:59:59
311352,3,200005,0,0,0,0,65600,900,353,900,90,43,30,0,1,20001,2024/03/29 12:00:00,2050/01/01 4:59:59
311353,3,200005,0,0,0,0,65800,900,354,900,90,43,30,0,1,20001,2024/03/29 12:00:00,2050/01/01 4:59:59
311354,3,200005,0,0,0,0,66000,900,355,900,90,43,30,0,1,20001,2024/03/29 12:00:00,2050/01/01 4:59:59
311355,3,200005,0,0,0,0,66200,900,356,900,90,43,30,0,1,20001,2024/03/29 12:00:00,2050/01/01 4:59:59
311356,3,200005,0,0,0,0,66400,900,357,900,90,43,30,0,1,20001,2024/03/29 12:00:00,2050/01/01 4:59:59
311357,3,200005,0,0,0,0,66600,900,358,900,90,43,30,0,1,20001,2024/03/29 12:00:00,2050/01/01 4:59:59
311358,3,200005,0,0,0,0,66800,900,359,900,90,43,30,0,1,20001,2024/03/29 12:00:00,2050/01/01 4:59:59
311359,3,200005,0,0,0,0,67000,900,360,900,90,43,30,0,1,20001,2024/03/29 12:00:00,2050/01/01 4:59:59
311360,3,200005,0,0,0,0,67200,900,361,900,90,43,30,0,1,20001,2024/03/29 12:00:00,2050/01/01 4:59:59
311361,3,200005,0,0,0,0,67400,900,362,900,90,43,30,0,1,20001,2024/03/29 12:00:00,2050/01/01 4:59:59
311362,3,200005,0,0,0,0,67600,900,363,900,90,43,30,0,1,20001,2024/03/29 12:00:00,2050/01/01 4:59:59
311363,3,200005,0,0,0,0,67800,900,364,900,90,43,30,0,1,20001,2024/03/29 12:00:00,2050/01/01 4:59:59
311364,3,200005,0,0,0,0,68000,900,365,900,90,43,30,0,1,20001,2024/03/29 12:00:00,2050/01/01 4:59:59
311365,3,200005,0,0,0,0,68200,900,366,900,90,43,30,0,1,20001,2024/03/29 12:00:00,2050/01/01 4:59:59
311366,3,200005,0,0,0,0,68400,900,367,900,90,43,30,0,1,20001,2024/03/29 12:00:00,2050/01/01 4:59:59
311367,3,200005,0,0,0,0,68600,900,368,900,90,43,30,0,1,20001,2024/03/29 12:00:00,2050/01/01 4:59:59
311368,3,200005,0,0,0,0,68800,900,369,900,90,43,30,0,1,20001,2024/03/29 12:00:00,2050/01/01 4:59:59
311369,3,200005,0,0,0,0,69000,900,370,900,90,43,30,0,1,20001,2024/03/29 12:00:00,2050/01/01 4:59:59
311370,3,200005,0,0,0,0,69200,900,371,900,90,43,30,0,1,20001,2024/03/29 12:00:00,2050/01/01 4:59:59
311371,3,200005,0,0,0,0,69400,900,372,900,90,43,30,0,1,20001,2024/03/29 12:00:00,2050/01/01 4:59:59
311372,3,200005,0,0,0,0,69600,900,373,900,90,43,30,0,1,20001,2024/03/29 12:00:00,2050/01/01 4:59:59
311373,3,200005,0,0,0,0,69800,900,374,900,90,43,30,0,1,20001,2024/03/29 12:00:00,2050/01/01 4:59:59
311374,3,200005,0,0,0,0,70000,900,375,900,90,43,30,0,1,20001,2024/03/29 12:00:00,2050/01/01 4:59:59
311375,3,200005,0,0,0,0,70200,900,376,900,90,43,30,0,1,20001,2024/03/29 12:00:00,2050/01/01 4:59:59
311376,3,200005,0,0,0,0,70400,900,377,900,90,43,30,0,1,20001,2024/03/29 12:00:00,2050/01/01 4:59:59
311377,3,200005,0,0,0,0,70600,900,378,900,90,43,30,0,1,20001,2024/03/29 12:00:00,2050/01/01 4:59:59
311378,3,200005,0,0,0,0,70800,900,379,900,90,43,30,0,1,20001,2024/03/29 12:00:00,2050/01/01 4:59:59
311379,3,200005,0,0,0,0,71000,900,380,900,90,43,30,0,1,20001,2024/03/29 12:00:00,2050/01/01 4:59:59
311380,3,200005,0,0,0,0,71200,900,381,900,90,43,30,0,1,20001,2024/03/29 12:00:00,2050/01/01 4:59:59
311381,3,200005,0,0,0,0,71400,900,382,900,90,43,30,0,1,20001,2024/03/29 12:00:00,2050/01/01 4:59:59
311382,3,200005,0,0,0,0,71600,900,383,900,90,43,30,0,1,20001,2024/03/29 12:00:00,2050/01/01 4:59:59
311383,3,200005,0,0,0,0,71800,900,384,900,90,43,30,0,1,20001,2024/03/29 12:00:00,2050/01/01 4:59:59
311384,3,200005,0,0,0,0,72000,900,385,900,90,43,30,0,1,20001,2024/03/29 12:00:00,2050/01/01 4:59:59
311385,3,200005,0,0,0,0,72200,900,386,900,90,43,30,0,1,20001,2024/03/29 12:00:00,2050/01/01 4:59:59
311386,3,200005,0,0,0,0,72400,900,387,900,90,43,30,0,1,20001,2024/03/29 12:00:00,2050/01/01 4:59:59
311387,3,200005,0,0,0,0,72600,900,388,900,90,43,30,0,1,20001,2024/03/29 12:00:00,2050/01/01 4:59:59
311388,3,200005,0,0,0,0,72800,900,389,900,90,43,30,0,1,20001,2024/03/29 12:00:00,2050/01/01 4:59:59
311389,3,200005,0,0,0,0,73000,900,390,900,90,43,30,0,1,20001,2024/03/29 12:00:00,2050/01/01 4:59:59
311390,3,200005,0,0,0,0,73200,900,391,900,90,43,30,0,1,20001,2024/03/29 12:00:00,2050/01/01 4:59:59
311391,3,200005,0,0,0,0,73400,900,392,900,90,43,30,0,1,20001,2024/03/29 12:00:00,2050/01/01 4:59:59
311392,3,200005,0,0,0,0,73600,900,393,900,90,43,30,0,1,20001,2024/03/29 12:00:00,2050/01/01 4:59:59
311393,3,200005,0,0,0,0,73800,900,394,900,90,43,30,0,1,20001,2024/03/29 12:00:00,2050/01/01 4:59:59
311394,3,200005,0,0,0,0,74000,900,395,900,90,43,30,0,1,20001,2024/03/29 12:00:00,2050/01/01 4:59:59
311395,3,200005,0,0,0,0,74200,900,396,900,90,43,30,0,1,20001,2024/03/29 12:00:00,2050/01/01 4:59:59
311396,3,200005,0,0,0,0,74400,900,397,900,90,43,30,0,1,20001,2024/03/29 12:00:00,2050/01/01 4:59:59
311397,3,200005,0,0,0,0,74600,900,398,900,90,43,30,0,1,20001,2024/03/29 12:00:00,2050/01/01 4:59:59
311398,3,200005,0,0,0,0,74800,900,399,900,90,43,30,0,1,20001,2024/03/29 12:00:00,2050/01/01 4:59:59
311399,3,200005,0,0,0,0,75000,900,400,900,90,43,30,0,1,20001,2024/03/29 12:00:00,2050/01/01 4:59:59
311400,3,200005,0,0,0,0,75200,900,401,900,90,43,30,0,1,20001,2024/03/29 12:00:00,2050/01/01 4:59:59
311401,3,200005,0,0,0,0,75400,900,402,900,90,43,30,0,1,20001,2024/03/29 12:00:00,2050/01/01 4:59:59
311402,3,200005,0,0,0,0,75600,900,403,900,90,43,30,0,1,20001,2024/03/29 12:00:00,2050/01/01 4:59:59
311403,3,200005,0,0,0,0,75800,900,404,900,90,43,30,0,1,20001,2024/03/29 12:00:00,2050/01/01 4:59:59
311404,3,200005,0,0,0,0,76000,900,405,900,90,43,30,0,1,20001,2024/03/29 12:00:00,2050/01/01 4:59:59
311405,3,200005,0,0,0,0,76200,900,406,900,90,43,30,0,1,20001,2024/03/29 12:00:00,2050/01/01 4:59:59
311406,3,200005,0,0,0,0,76400,900,407,900,90,43,30,0,1,20001,2024/03/29 12:00:00,2050/01/01 4:59:59
311407,3,200005,0,0,0,0,76600,900,408,900,90,43,30,0,1,20001,2024/03/29 12:00:00,2050/01/01 4:59:59
311408,3,200005,0,0,0,0,76800,900,409,900,90,43,30,0,1,20001,2024/03/29 12:00:00,2050/01/01 4:59:59
311409,3,200005,0,0,0,0,77000,900,410,900,90,43,30,0,1,20001,2024/03/29 12:00:00,2050/01/01 4:59:59
311410,3,200005,0,0,0,0,77200,900,411,900,90,43,30,0,1,20001,2024/03/29 12:00:00,2050/01/01 4:59:59
311411,3,200005,0,0,0,0,77400,900,412,900,90,43,30,0,1,20001,2024/03/29 12:00:00,2050/01/01 4:59:59
311412,3,200005,0,0,0,0,77600,900,413,900,90,43,30,0,1,20001,2024/03/29 12:00:00,2050/01/01 4:59:59
311413,3,200005,0,0,0,0,77800,900,414,900,90,43,30,0,1,20001,2024/03/29 12:00:00,2050/01/01 4:59:59
311414,3,200005,0,0,0,0,78000,900,415,900,90,43,30,0,1,20001,2024/03/29 12:00:00,2050/01/01 4:59:59
311415,3,200005,0,0,0,0,78200,900,416,900,90,43,30,0,1,20001,2024/03/29 12:00:00,2050/01/01 4:59:59
311416,3,200005,0,0,0,0,78400,900,417,900,90,43,30,0,1,20001,2024/03/29 12:00:00,2050/01/01 4:59:59
311417,3,200005,0,0,0,0,78600,900,418,900,90,43,30,0,1,20001,2024/03/29 12:00:00,2050/01/01 4:59:59
311418,3,200005,0,0,0,0,78800,900,419,900,90,43,30,0,1,20001,2024/03/29 12:00:00,2050/01/01 4:59:59
311419,3,200005,0,0,0,0,79000,900,420,900,90,43,30,0,1,20001,2024/03/29 12:00:00,2050/01/01 4:59:59
311420,3,200005,0,0,0,0,79200,900,421,900,90,43,30,0,1,20001,2024/03/29 12:00:00,2050/01/01 4:59:59
311421,3,200005,0,0,0,0,79400,900,422,900,90,43,30,0,1,20001,2024/03/29 12:00:00,2050/01/01 4:59:59
311422,3,200005,0,0,0,0,79600,900,423,900,90,43,30,0,1,20001,2024/03/29 12:00:00,2050/01/01 4:59:59
311423,3,200005,0,0,0,0,79800,900,424,900,90,43,30,0,1,20001,2024/03/29 12:00:00,2050/01/01 4:59:59
311424,3,200005,0,0,0,0,80000,900,425,900,90,43,30,0,1,20001,2024/03/29 12:00:00,2050/01/01 4:59:59
311425,3,200005,0,0,0,0,80200,900,426,900,90,43,30,0,1,20001,2024/03/29 12:00:00,2050/01/01 4:59:59
311426,3,200005,0,0,0,0,80400,900,427,900,90,43,30,0,1,20001,2024/03/29 12:00:00,2050/01/01 4:59:59
311427,3,200005,0,0,0,0,80600,900,428,900,90,43,30,0,1,20001,2024/03/29 12:00:00,2050/01/01 4:59:59
311428,3,200005,0,0,0,0,80800,900,429,900,90,43,30,0,1,20001,2024/03/29 12:00:00,2050/01/01 4:59:59
311429,3,200005,0,0,0,0,81000,900,430,900,90,43,30,0,1,20001,2024/03/29 12:00:00,2050/01/01 4:59:59
311430,3,200005,0,0,0,0,81200,900,431,900,90,43,30,0,1,20001,2024/03/29 12:00:00,2050/01/01 4:59:59
311431,3,200005,0,0,0,0,81400,900,432,900,90,43,30,0,1,20001,2024/03/29 12:00:00,2050/01/01 4:59:59
311432,3,200005,0,0,0,0,81600,900,433,900,90,43,30,0,1,20001,2024/03/29 12:00:00,2050/01/01 4:59:59
311433,3,200005,0,0,0,0,81800,900,434,900,90,43,30,0,1,20001,2024/03/29 12:00:00,2050/01/01 4:59:59
311434,3,200005,0,0,0,0,82000,900,435,900,90,43,30,0,1,20001,2024/03/29 12:00:00,2050/01/01 4:59:59
311435,3,200005,0,0,0,0,82200,900,436,900,90,43,30,0,1,20001,2024/03/29 12:00:00,2050/01/01 4:59:59
311436,3,200005,0,0,0,0,82400,900,437,900,90,43,30,0,1,20001,2024/03/29 12:00:00,2050/01/01 4:59:59
311437,3,200005,0,0,0,0,82600,900,438,900,90,43,30,0,1,20001,2024/03/29 12:00:00,2050/01/01 4:59:59
311438,3,200005,0,0,0,0,82800,900,439,900,90,43,30,0,1,20001,2024/03/29 12:00:00,2050/01/01 4:59:59
311439,3,200005,0,0,0,0,83000,900,440,900,90,43,30,0,1,20001,2024/03/29 12:00:00,2050/01/01 4:59:59
311440,3,200005,0,0,0,0,83200,900,441,900,90,43,30,0,1,20001,2024/03/29 12:00:00,2050/01/01 4:59:59
311441,3,200005,0,0,0,0,83400,900,442,900,90,43,30,0,1,20001,2024/03/29 12:00:00,2050/01/01 4:59:59
311442,3,200005,0,0,0,0,83600,900,443,900,90,43,30,0,1,20001,2024/03/29 12:00:00,2050/01/01 4:59:59
311443,3,200005,0,0,0,0,83800,900,444,900,90,43,30,0,1,20001,2024/03/29 12:00:00,2050/01/01 4:59:59
311444,3,200005,0,0,0,0,84000,900,445,900,90,43,30,0,1,20001,2024/03/29 12:00:00,2050/01/01 4:59:59
311445,3,200005,0,0,0,0,84200,900,446,900,90,43,30,0,1,20001,2024/03/29 12:00:00,2050/01/01 4:59:59
311446,3,200005,0,0,0,0,84400,900,447,900,90,43,30,0,1,20001,2024/03/29 12:00:00,2050/01/01 4:59:59
311447,3,200005,0,0,0,0,84600,900,448,900,90,43,30,0,1,20001,2024/03/29 12:00:00,2050/01/01 4:59:59
311448,3,200005,0,0,0,0,84800,900,449,900,90,43,30,0,1,20001,2024/03/29 12:00:00,2050/01/01 4:59:59
311449,3,200005,0,0,0,0,85000,900,450,900,90,43,30,0,1,20001,2024/03/29 12:00:00,2050/01/01 4:59:59
311450,3,200005,0,0,0,0,85200,900,451,900,90,43,30,0,1,20001,2024/03/29 12:00:00,2050/01/01 4:59:59
311451,3,200005,0,0,0,0,85400,900,452,900,90,43,30,0,1,20001,2024/03/29 12:00:00,2050/01/01 4:59:59
311452,3,200005,0,0,0,0,85600,900,453,900,90,43,30,0,1,20001,2024/03/29 12:00:00,2050/01/01 4:59:59
311453,3,200005,0,0,0,0,85800,900,454,900,90,43,30,0,1,20001,2024/03/29 12:00:00,2050/01/01 4:59:59
311454,3,200005,0,0,0,0,86000,900,455,900,90,43,30,0,1,20001,2024/03/29 12:00:00,2050/01/01 4:59:59
311455,3,200005,0,0,0,0,86200,900,456,900,90,43,30,0,1,20001,2024/03/29 12:00:00,2050/01/01 4:59:59
311456,3,200005,0,0,0,0,86400,900,457,900,90,43,30,0,1,20001,2024/03/29 12:00:00,2050/01/01 4:59:59
311457,3,200005,0,0,0,0,86600,900,458,900,90,43,30,0,1,20001,2024/03/29 12:00:00,2050/01/01 4:59:59
311458,3,200005,0,0,0,0,86800,900,459,900,90,43,30,0,1,20001,2024/03/29 12:00:00,2050/01/01 4:59:59
311459,3,200005,0,0,0,0,87000,900,460,900,90,43,30,0,1,20001,2024/03/29 12:00:00,2050/01/01 4:59:59
311460,3,200005,0,0,0,0,87200,900,461,900,90,43,30,0,1,20001,2024/03/29 12:00:00,2050/01/01 4:59:59
311461,3,200005,0,0,0,0,87400,900,462,900,90,43,30,0,1,20001,2024/03/29 12:00:00,2050/01/01 4:59:59
311462,3,200005,0,0,0,0,87600,900,463,900,90,43,30,0,1,20001,2024/03/29 12:00:00,2050/01/01 4:59:59
311463,3,200005,0,0,0,0,87800,900,464,900,90,43,30,0,1,20001,2024/03/29 12:00:00,2050/01/01 4:59:59
311464,3,200005,0,0,0,0,88000,900,465,900,90,43,30,0,1,20001,2024/03/29 12:00:00,2050/01/01 4:59:59
311465,3,200005,0,0,0,0,88200,900,466,900,90,43,30,0,1,20001,2024/03/29 12:00:00,2050/01/01 4:59:59
311466,3,200005,0,0,0,0,88400,900,467,900,90,43,30,0,1,20001,2024/03/29 12:00:00,2050/01/01 4:59:59
311467,3,200005,0,0,0,0,88600,900,468,900,90,43,30,0,1,20001,2024/03/29 12:00:00,2050/01/01 4:59:59
311468,3,200005,0,0,0,0,88800,900,469,900,90,43,30,0,1,20001,2024/03/29 12:00:00,2050/01/01 4:59:59
311469,3,200005,0,0,0,0,89000,900,470,900,90,43,30,0,1,20001,2024/03/29 12:00:00,2050/01/01 4:59:59
311470,3,200005,0,0,0,0,89200,900,471,900,90,43,30,0,1,20001,2024/03/29 12:00:00,2050/01/01 4:59:59
311471,3,200005,0,0,0,0,89400,900,472,900,90,43,30,0,1,20001,2024/03/29 12:00:00,2050/01/01 4:59:59
311472,3,200005,0,0,0,0,89600,900,473,900,90,43,30,0,1,20001,2024/03/29 12:00:00,2050/01/01 4:59:59
311473,3,200005,0,0,0,0,89800,900,474,900,90,43,30,0,1,20001,2024/03/29 12:00:00,2050/01/01 4:59:59
311474,3,200005,0,0,0,0,90000,900,475,900,90,43,30,0,1,20001,2024/03/29 12:00:00,2050/01/01 4:59:59
311475,3,200005,0,0,0,0,90200,900,476,900,90,43,30,0,1,20001,2024/03/29 12:00:00,2050/01/01 4:59:59
311476,3,200005,0,0,0,0,90400,900,477,900,90,43,30,0,1,20001,2024/03/29 12:00:00,2050/01/01 4:59:59
311477,3,200005,0,0,0,0,90600,900,478,900,90,43,30,0,1,20001,2024/03/29 12:00:00,2050/01/01 4:59:59
311478,3,200005,0,0,0,0,90800,900,479,900,90,43,30,0,1,20001,2024/03/29 12:00:00,2050/01/01 4:59:59
311479,3,200005,0,0,0,0,91000,900,480,900,90,43,30,0,1,20001,2024/03/29 12:00:00,2050/01/01 4:59:59
311480,3,200005,0,0,0,0,91200,900,481,900,90,43,30,0,1,20001,2024/03/29 12:00:00,2050/01/01 4:59:59
311481,3,200005,0,0,0,0,91400,900,482,900,90,43,30,0,1,20001,2024/03/29 12:00:00,2050/01/01 4:59:59
311482,3,200005,0,0,0,0,91600,900,483,900,90,43,30,0,1,20001,2024/03/29 12:00:00,2050/01/01 4:59:59
311483,3,200005,0,0,0,0,91800,900,484,900,90,43,30,0,1,20001,2024/03/29 12:00:00,2050/01/01 4:59:59
311484,3,200005,0,0,0,0,92000,900,485,900,90,43,30,0,1,20001,2024/03/29 12:00:00,2050/01/01 4:59:59
311485,3,200005,0,0,0,0,92200,900,486,900,90,43,30,0,1,20001,2024/03/29 12:00:00,2050/01/01 4:59:59
311486,3,200005,0,0,0,0,92400,900,487,900,90,43,30,0,1,20001,2024/03/29 12:00:00,2050/01/01 4:59:59
311487,3,200005,0,0,0,0,92600,900,488,900,90,43,30,0,1,20001,2024/03/29 12:00:00,2050/01/01 4:59:59
311488,3,200005,0,0,0,0,92800,900,489,900,90,43,30,0,1,20001,2024/03/29 12:00:00,2050/01/01 4:59:59
311489,3,200005,0,0,0,0,93000,900,490,900,90,43,30,0,1,20001,2024/03/29 12:00:00,2050/01/01 4:59:59
311490,3,200005,0,0,0,0,93200,900,491,900,90,43,30,0,1,20001,2024/03/29 12:00:00,2050/01/01 4:59:59
311491,3,200005,0,0,0,0,93400,900,492,900,90,43,30,0,1,20001,2024/03/29 12:00:00,2050/01/01 4:59:59
311492,3,200005,0,0,0,0,93600,900,493,900,90,43,30,0,1,20001,2024/03/29 12:00:00,2050/01/01 4:59:59
311493,3,200005,0,0,0,0,93800,900,494,900,90,43,30,0,1,20001,2024/03/29 12:00:00,2050/01/01 4:59:59
311494,3,200005,0,0,0,0,94000,900,495,900,90,43,30,0,1,20001,2024/03/29 12:00:00,2050/01/01 4:59:59
311495,3,200005,0,0,0,0,94200,900,496,900,90,43,30,0,1,20001,2024/03/29 12:00:00,2050/01/01 4:59:59
311496,3,200005,0,0,0,0,94400,900,497,900,90,43,30,0,1,20001,2024/03/29 12:00:00,2050/01/01 4:59:59
311497,3,200005,0,0,0,0,94600,900,498,900,90,43,30,0,1,20001,2024/03/29 12:00:00,2050/01/01 4:59:59
311498,3,200005,0,0,0,0,94800,900,499,900,90,43,30,0,1,20001,2024/03/29 12:00:00,2050/01/01 4:59:59
311499,3,200005,0,0,0,0,95000,900,500,900,90,43,30,0,1,20001,2024/03/29 12:00:00,2050/01/01 4:59:59
311500,3,200005,0,0,0,0,95200,900,501,900,90,43,30,0,1,20001,2024/03/29 12:00:00,2050/01/01 4:59:59
311501,3,200005,0,0,0,0,95400,900,502,900,90,43,30,0,1,20001,2024/03/29 12:00:00,2050/01/01 4:59:59
311502,3,200005,0,0,0,0,95600,900,503,900,90,43,30,0,1,20001,2024/03/29 12:00:00,2050/01/01 4:59:59
311503,3,200005,0,0,0,0,95800,900,504,900,90,43,30,0,1,20001,2024/03/29 12:00:00,2050/01/01 4:59:59
311504,3,200005,0,0,0,0,96000,900,505,900,90,43,30,0,1,20001,2024/03/29 12:00:00,2050/01/01 4:59:59
311505,3,200005,0,0,0,0,96200,900,506,900,90,43,30,0,1,20001,2024/03/29 12:00:00,2050/01/01 4:59:59
311506,3,200005,0,0,0,0,96400,900,507,900,90,43,30,0,1,20001,2024/03/29 12:00:00,2050/01/01 4:59:59
311507,3,200005,0,0,0,0,96600,900,508,900,90,43,30,0,1,20001,2024/03/29 12:00:00,2050/01/01 4:59:59
311508,3,200005,0,0,0,0,96800,900,509,900,90,43,30,0,1,20001,2024/03/29 12:00:00,2050/01/01 4:59:59
311509,3,200005,0,0,0,0,97000,900,510,900,90,43,30,0,1,20001,2024/03/29 12:00:00,2050/01/01 4:59:59
311510,3,200005,0,0,0,0,97200,900,511,900,90,43,30,0,1,20001,2024/03/29 12:00:00,2050/01/01 4:59:59
311511,3,200005,0,0,0,0,97400,900,512,900,90,43,30,0,1,20001,2024/03/29 12:00:00,2050/01/01 4:59:59
311512,3,200005,0,0,0,0,97600,900,513,900,90,43,30,0,1,20001,2024/03/29 12:00:00,2050/01/01 4:59:59
311513,3,200005,0,0,0,0,97800,900,514,900,90,43,30,0,1,20001,2024/03/29 12:00:00,2050/01/01 4:59:59
311514,3,200005,0,0,0,0,98000,900,515,900,90,43,30,0,1,20001,2024/03/29 12:00:00,2050/01/01 4:59:59
311515,3,200005,0,0,0,0,98200,900,516,900,90,43,30,0,1,20001,2024/03/29 12:00:00,2050/01/01 4:59:59
311516,3,200005,0,0,0,0,98400,900,517,900,90,43,30,0,1,20001,2024/03/29 12:00:00,2050/01/01 4:59:59
311517,3,200005,0,0,0,0,98600,900,518,900,90,43,30,0,1,20001,2024/03/29 12:00:00,2050/01/01 4:59:59
311518,3,200005,0,0,0,0,98800,900,519,900,90,43,30,0,1,20001,2024/03/29 12:00:00,2050/01/01 4:59:59
311519,3,200005,0,0,0,0,99000,900,520,900,90,43,30,0,1,20001,2024/03/29 12:00:00,2050/01/01 4:59:59
311520,3,200005,0,0,0,0,99200,900,521,900,90,43,30,0,1,20001,2024/03/29 12:00:00,2050/01/01 4:59:59
311521,3,200005,0,0,0,0,99400,900,522,900,90,43,30,0,1,20001,2024/03/29 12:00:00,2050/01/01 4:59:59
311522,3,200005,0,0,0,0,99600,900,523,900,90,43,30,0,1,20001,2024/03/29 12:00:00,2050/01/01 4:59:59
311523,3,200005,0,0,0,0,99800,900,524,900,90,43,30,0,1,20001,2024/03/29 12:00:00,2050/01/01 4:59:59
311524,3,200005,0,0,0,0,100000,900,525,900,90,43,30,0,1,20001,2024/03/29 12:00:00,2050/01/01 4:59:59
312000,3,200027,1,0,0,0,1,911,1,12,90,43,30,0,1,20007,2022/02/14 12:00:00,2050/01/01 4:59:59
313000,3,200028,0,0,0,0,1,902,1,13,90,43,30,0,1,20008,2022/02/14 12:00:00,2050/01/01 4:59:59
314000,3,200029,0,0,0,0,1,903,1,14,91,59,10000,0,1,20009,2022/02/14 12:00:00,2050/01/01 4:59:59
320000,3,300004,0,0,0,0,1,700,1,700,20,32,2,0,0,30001,2017/07/01 1:00:00,2050/01/01 4:59:59
320001,3,300004,0,0,0,0,3,700,2,700,90,43,30,0,0,30001,2017/07/01 1:00:00,2050/01/01 4:59:59
320002,3,300004,0,0,0,0,5,700,3,700,90,43,30,0,0,30001,2017/07/01 1:00:00,2050/01/01 4:59:59
320003,3,300004,0,0,0,0,10,700,4,700,90,43,30,0,0,30001,2017/07/01 1:00:00,2050/01/01 4:59:59
320004,3,300004,0,0,0,0,15,700,5,700,90,43,30,0,0,30001,2017/07/01 1:00:00,2050/01/01 4:59:59
320005,3,300004,0,0,0,0,20,700,6,700,90,43,30,0,0,30001,2017/07/01 1:00:00,2050/01/01 4:59:59
320006,3,300004,0,0,0,0,25,700,7,700,90,43,30,0,0,30001,2017/07/01 1:00:00,2050/01/01 4:59:59
320007,3,300004,0,0,0,0,30,700,8,700,90,43,30,0,0,30001,2017/07/01 1:00:00,2050/01/01 4:59:59
320008,3,300004,0,0,0,0,35,700,9,700,90,43,30,0,0,30001,2017/07/01 1:00:00,2050/01/01 4:59:59
320009,3,300004,0,0,0,0,40,700,10,700,90,43,30,0,0,30001,2017/07/01 1:00:00,2050/01/01 4:59:59
320010,3,300004,0,0,0,0,45,700,11,700,90,43,50,0,0,30001,2017/07/01 1:00:00,2050/01/01 4:59:59
320011,3,300004,0,0,0,0,50,700,12,700,90,43,50,0,0,30001,2017/07/01 1:00:00,2050/01/01 4:59:59
320012,3,300004,0,0,0,0,55,700,13,700,90,43,50,0,0,30001,2017/07/01 1:00:00,2050/01/01 4:59:59
320013,3,300004,0,0,0,0,60,700,14,700,90,43,50,0,0,30001,2017/07/01 1:00:00,2050/01/01 4:59:59
320014,3,300004,0,0,0,0,65,700,15,700,90,43,50,0,0,30001,2017/07/01 1:00:00,2050/01/01 4:59:59
320015,3,300004,0,0,0,0,70,700,16,700,90,43,50,0,0,30001,2017/07/01 1:00:00,2050/01/01 4:59:59
320016,3,300004,0,0,0,0,75,700,17,700,90,43,50,0,0,30001,2017/07/01 1:00:00,2050/01/01 4:59:59
320017,3,300004,0,0,0,0,80,700,18,700,90,43,50,0,0,30001,2017/07/01 1:00:00,2050/01/01 4:59:59
320018,3,300004,0,0,0,0,85,700,19,700,90,43,50,0,0,30001,2017/07/01 1:00:00,2050/01/01 4:59:59
320019,3,300004,0,0,0,0,90,700,20,700,90,43,50,0,0,30001,2017/07/01 1:00:00,2050/01/01 4:59:59
320020,3,300004,0,0,0,0,95,700,21,700,90,43,50,0,0,30001,2017/07/01 1:00:00,2050/01/01 4:59:59
320021,3,300004,0,0,0,0,100,700,22,700,90,43,50,0,0,30001,2017/07/01 1:00:00,2050/01/01 4:59:59
320022,3,300004,0,0,0,0,105,700,23,700,90,43,50,0,0,30001,2017/07/01 1:00:00,2050/01/01 4:59:59
320023,3,300004,0,0,0,0,110,700,24,700,90,43,50,0,0,30001,2017/07/01 1:00:00,2050/01/01 4:59:59
320024,3,300004,0,0,0,0,115,700,25,700,90,43,50,0,0,30001,2017/07/01 1:00:00,2050/01/01 4:59:59
320025,3,300004,0,0,0,0,120,700,26,700,90,43,50,0,0,30001,2017/07/01 1:00:00,2050/01/01 4:59:59
320026,3,300004,0,0,0,0,125,700,27,700,90,43,50,0,0,30001,2017/07/01 1:00:00,2050/01/01 4:59:59
320027,3,300004,0,0,0,0,130,700,28,700,90,43,50,0,0,30001,2017/07/01 1:00:00,2050/01/01 4:59:59
320028,3,300004,0,0,0,0,135,700,29,700,90,43,50,0,0,30001,2017/07/01 1:00:00,2050/01/01 4:59:59
320029,3,300004,0,0,0,0,140,700,30,700,90,43,50,0,0,30001,2017/07/01 1:00:00,2050/01/01 4:59:59
320030,3,300004,0,0,0,0,145,700,31,700,90,43,50,0,0,30001,2017/07/01 1:00:00,2050/01/01 4:59:59
320031,3,300004,0,0,0,0,150,700,32,700,90,43,50,0,0,30001,2017/07/01 1:00:00,2050/01/01 4:59:59
320032,3,300004,0,0,0,0,155,700,33,700,90,43,50,0,0,30001,2017/07/01 1:00:00,2050/01/01 4:59:59
320033,3,300004,0,0,0,0,160,700,34,700,90,43,50,0,0,30001,2017/07/01 1:00:00,2050/01/01 4:59:59
320034,3,300004,0,0,0,0,165,700,35,700,90,43,50,0,0,30001,2017/07/01 1:00:00,2050/01/01 4:59:59
320035,3,300004,0,0,0,0,170,700,36,700,90,43,50,0,0,30001,2017/07/01 1:00:00,2050/01/01 4:59:59
320036,3,300004,0,0,0,0,175,700,37,700,90,43,50,0,0,30001,2017/07/01 1:00:00,2050/01/01 4:59:59
320037,3,300004,0,0,0,0,180,700,38,700,90,43,50,0,0,30001,2017/07/01 1:00:00,2050/01/01 4:59:59
320038,3,300004,0,0,0,0,185,700,39,700,90,43,50,0,0,30001,2017/07/01 1:00:00,2050/01/01 4:59:59
320039,3,300004,0,0,0,0,190,700,40,700,90,43,50,0,0,30001,2017/07/01 1:00:00,2050/01/01 4:59:59
320040,3,300004,0,0,0,0,195,700,41,700,90,43,50,0,0,30001,2017/07/01 1:00:00,2050/01/01 4:59:59
320041,3,300004,0,0,0,0,200,700,42,700,90,43,50,0,0,30001,2017/07/01 1:00:00,2050/01/01 4:59:59
320042,3,300004,0,0,0,0,205,700,43,700,90,43,50,0,0,30001,2017/07/01 1:00:00,2050/01/01 4:59:59
320043,3,300004,0,0,0,0,210,700,44,700,90,43,50,0,0,30001,2017/07/01 1:00:00,2050/01/01 4:59:59
320044,3,300004,0,0,0,0,215,700,45,700,90,43,50,0,0,30001,2017/07/01 1:00:00,2050/01/01 4:59:59
320045,3,300004,0,0,0,0,220,700,46,700,90,43,50,0,0,30001,2017/07/01 1:00:00,2050/01/01 4:59:59
320046,3,300004,0,0,0,0,225,700,47,700,90,43,50,0,0,30001,2017/07/01 1:00:00,2050/01/01 4:59:59
320047,3,300004,0,0,0,0,230,700,48,700,90,43,50,0,0,30001,2017/07/01 1:00:00,2050/01/01 4:59:59
320048,3,300004,0,0,0,0,235,700,49,700,90,43,50,0,0,30001,2017/07/01 1:00:00,2050/01/01 4:59:59
320049,3,300004,0,0,0,0,240,700,50,700,90,43,50,0,0,30001,2017/07/01 1:00:00,2050/01/01 4:59:59
320050,3,300004,0,0,0,0,245,700,51,700,90,43,50,0,0,30001,2017/07/01 1:00:00,2050/01/01 4:59:59
320051,3,300004,0,0,0,0,250,700,52,700,90,43,50,0,0,30001,2017/07/01 1:00:00,2050/01/01 4:59:59
320052,3,300004,0,0,0,0,255,700,53,700,90,43,50,0,0,30001,2017/07/01 1:00:00,2050/01/01 4:59:59
320053,3,300004,0,0,0,0,260,700,54,700,90,43,50,0,0,30001,2017/07/01 1:00:00,2050/01/01 4:59:59
320054,3,300004,0,0,0,0,265,700,55,700,90,43,50,0,0,30001,2017/07/01 1:00:00,2050/01/01 4:59:59
320055,3,300004,0,0,0,0,270,700,56,700,90,43,50,0,0,30001,2017/07/01 1:00:00,2050/01/01 4:59:59
320056,3,300004,0,0,0,0,275,700,57,700,90,43,50,0,0,30001,2017/07/01 1:00:00,2050/01/01 4:59:59
320057,3,300004,0,0,0,0,280,700,58,700,90,43,50,0,0,30001,2017/07/01 1:00:00,2050/01/01 4:59:59
320058,3,300004,0,0,0,0,285,700,59,700,90,43,50,0,0,30001,2017/07/01 1:00:00,2050/01/01 4:59:59
320059,3,300004,0,0,0,0,290,700,60,700,90,43,50,0,0,30001,2017/07/01 1:00:00,2050/01/01 4:59:59
320060,3,300004,0,0,0,0,295,700,61,700,90,43,50,0,0,30001,2017/07/01 1:00:00,2050/01/01 4:59:59
320061,3,300004,0,0,0,0,300,700,62,700,90,43,50,0,0,30001,2017/07/01 1:00:00,2050/01/01 4:59:59
320062,3,300004,0,0,0,0,305,700,63,700,90,43,50,0,0,30001,2017/07/01 1:00:00,2050/01/01 4:59:59
320063,3,300004,0,0,0,0,310,700,64,700,90,43,50,0,0,30001,2017/07/01 1:00:00,2050/01/01 4:59:59
320064,3,300004,0,0,0,0,315,700,65,700,90,43,50,0,0,30001,2017/07/01 1:00:00,2050/01/01 4:59:59
320065,3,300004,0,0,0,0,320,700,66,700,90,43,50,0,0,30001,2017/07/01 1:00:00,2050/01/01 4:59:59
320066,3,300004,0,0,0,0,325,700,67,700,90,43,50,0,0,30001,2017/07/01 1:00:00,2050/01/01 4:59:59
320067,3,300004,0,0,0,0,330,700,68,700,90,43,50,0,0,30001,2017/07/01 1:00:00,2050/01/01 4:59:59
320068,3,300004,0,0,0,0,335,700,69,700,90,43,50,0,0,30001,2017/07/01 1:00:00,2050/01/01 4:59:59
320069,3,300004,0,0,0,0,340,700,70,700,90,43,50,0,0,30001,2017/07/01 1:00:00,2050/01/01 4:59:59
320070,3,300004,0,0,0,0,345,700,71,700,90,43,50,0,0,30001,2017/07/01 1:00:00,2050/01/01 4:59:59
320071,3,300004,0,0,0,0,350,700,72,700,90,43,50,0,0,30001,2017/07/01 1:00:00,2050/01/01 4:59:59
320072,3,300004,0,0,0,0,355,700,73,700,90,43,50,0,1,30001,2022/02/24 12:00:00,2050/01/01 4:59:59
320073,3,300004,0,0,0,0,360,700,74,700,90,43,50,0,1,30001,2022/02/24 12:00:00,2050/01/01 4:59:59
320074,3,300004,0,0,0,0,365,700,75,700,90,43,50,0,1,30001,2022/02/24 12:00:00,2050/01/01 4:59:59
320075,3,300004,0,0,0,0,370,700,76,700,90,43,50,0,1,30001,2022/02/24 12:00:00,2050/01/01 4:59:59
320076,3,300004,0,0,0,0,375,700,77,700,90,43,50,0,1,30001,2022/02/24 12:00:00,2050/01/01 4:59:59
320077,3,300004,0,0,0,0,380,700,78,700,90,43,50,0,1,30001,2022/02/24 12:00:00,2050/01/01 4:59:59
320078,3,300004,0,0,0,0,385,700,79,700,90,43,50,0,1,30001,2022/02/24 12:00:00,2050/01/01 4:59:59
320079,3,300004,0,0,0,0,390,700,80,700,90,43,50,0,1,30001,2022/02/24 12:00:00,2050/01/01 4:59:59
320080,3,300004,0,0,0,0,395,700,81,700,90,43,50,0,1,30001,2022/02/24 12:00:00,2050/01/01 4:59:59
320081,3,300004,0,0,0,0,400,700,82,700,90,43,50,0,1,30001,2022/02/24 12:00:00,2050/01/01 4:59:59
320082,3,300004,0,0,0,0,405,700,83,700,90,43,50,0,1,30001,2022/02/24 12:00:00,2050/01/01 4:59:59
320083,3,300004,0,0,0,0,410,700,84,700,90,43,50,0,1,30001,2022/02/24 12:00:00,2050/01/01 4:59:59
320084,3,300004,0,0,0,0,415,700,85,700,90,43,50,0,1,30001,2022/02/24 12:00:00,2050/01/01 4:59:59
320085,3,300004,0,0,0,0,420,700,86,700,90,43,50,0,1,30001,2022/02/24 12:00:00,2050/01/01 4:59:59
320086,3,300004,0,0,0,0,425,700,87,700,90,43,50,0,1,30001,2022/02/24 12:00:00,2050/01/01 4:59:59
320087,3,300004,0,0,0,0,430,700,88,700,90,43,50,0,1,30001,2022/02/24 12:00:00,2050/01/01 4:59:59
320088,3,300004,0,0,0,0,435,700,89,700,90,43,50,0,1,30001,2022/02/24 12:00:00,2050/01/01 4:59:59
320089,3,300004,0,0,0,0,440,700,90,700,90,43,50,0,1,30001,2022/02/24 12:00:00,2050/01/01 4:59:59
320090,3,300004,0,0,0,0,445,700,91,700,90,43,50,0,1,30001,2022/02/24 12:00:00,2050/01/01 4:59:59
320091,3,300004,0,0,0,0,450,700,92,700,90,43,50,0,1,30001,2022/02/24 12:00:00,2050/01/01 4:59:59
320092,3,300004,0,0,0,0,455,700,93,700,90,43,50,0,1,30001,2022/02/24 12:00:00,2050/01/01 4:59:59
320093,3,300004,0,0,0,0,460,700,94,700,90,43,50,0,1,30001,2022/02/24 12:00:00,2050/01/01 4:59:59
320094,3,300004,0,0,0,0,465,700,95,700,90,43,50,0,1,30001,2022/02/24 12:00:00,2050/01/01 4:59:59
320095,3,300004,0,0,0,0,470,700,96,700,90,43,50,0,1,30001,2022/02/24 12:00:00,2050/01/01 4:59:59
320096,3,300004,0,0,0,0,475,700,97,700,90,43,50,0,1,30001,2022/02/24 12:00:00,2050/01/01 4:59:59
320097,3,300004,0,0,0,0,480,700,98,700,90,43,50,0,1,30001,2022/02/24 12:00:00,2050/01/01 4:59:59
320098,3,300004,0,0,0,0,485,700,99,700,90,43,50,0,1,30001,2022/02/24 12:00:00,2050/01/01 4:59:59
320099,3,300004,0,0,0,0,490,700,100,700,90,43,50,0,1,30001,2022/02/24 12:00:00,2050/01/01 4:59:59
320100,3,300003,0,0,0,0,1,710,1,710,20,32,2,0,0,30002,2017/07/01 1:00:00,2050/01/01 4:59:59
320101,3,300003,0,0,0,0,3,710,2,710,90,43,30,0,0,30002,2017/07/01 1:00:00,2050/01/01 4:59:59
320102,3,300003,0,0,0,0,5,710,3,710,90,43,30,0,0,30002,2017/07/01 1:00:00,2050/01/01 4:59:59
320103,3,300003,0,0,0,0,10,710,4,710,90,43,30,0,0,30002,2017/07/01 1:00:00,2050/01/01 4:59:59
320104,3,300003,0,0,0,0,15,710,5,710,90,43,30,0,0,30002,2017/07/01 1:00:00,2050/01/01 4:59:59
320105,3,300003,0,0,0,0,20,710,6,710,90,43,50,0,0,30002,2017/07/01 1:00:00,2050/01/01 4:59:59
320106,3,300003,0,0,0,0,25,710,7,710,90,43,50,0,0,30002,2017/07/01 1:00:00,2050/01/01 4:59:59
320107,3,300003,0,0,0,0,30,710,8,710,90,43,50,0,0,30002,2017/07/01 1:00:00,2050/01/01 4:59:59
320108,3,300003,0,0,0,0,35,710,9,710,90,43,50,0,0,30002,2017/07/01 1:00:00,2050/01/01 4:59:59
320109,3,300003,0,0,0,0,40,710,10,710,90,43,50,0,0,30002,2017/07/01 1:00:00,2050/01/01 4:59:59
320110,3,300003,0,0,0,0,45,710,11,710,90,43,50,0,0,30002,2017/07/01 1:00:00,2050/01/01 4:59:59
320111,3,300003,0,0,0,0,50,710,12,710,90,43,50,0,0,30002,2017/07/01 1:00:00,2050/01/01 4:59:59
320112,3,300003,0,0,0,0,55,710,13,710,90,43,50,0,0,30002,2017/07/01 1:00:00,2050/01/01 4:59:59
320113,3,300003,0,0,0,0,60,710,14,710,90,43,50,0,0,30002,2017/07/01 1:00:00,2050/01/01 4:59:59
320114,3,300003,0,0,0,0,65,710,15,710,90,43,50,0,0,30002,2017/07/01 1:00:00,2050/01/01 4:59:59
320115,3,300003,0,0,0,0,70,710,16,710,90,43,50,0,0,30002,2017/07/01 1:00:00,2050/01/01 4:59:59
320116,3,300003,0,0,0,0,75,710,17,710,90,43,50,0,0,30002,2017/07/01 1:00:00,2050/01/01 4:59:59
320117,3,300003,0,0,0,0,80,710,18,710,90,43,50,0,0,30002,2017/07/01 1:00:00,2050/01/01 4:59:59
320118,3,300003,0,0,0,0,85,710,19,710,90,43,50,0,0,30002,2017/07/01 1:00:00,2050/01/01 4:59:59
320119,3,300003,0,0,0,0,90,710,20,710,90,43,50,0,0,30002,2017/07/01 1:00:00,2050/01/01 4:59:59
320120,3,300003,0,0,0,0,95,710,21,710,90,43,50,0,0,30002,2017/07/01 1:00:00,2050/01/01 4:59:59
320121,3,300003,0,0,0,0,100,710,22,710,90,43,50,0,0,30002,2017/07/01 1:00:00,2050/01/01 4:59:59
320122,3,300003,0,0,0,0,105,710,23,710,90,43,50,0,0,30002,2017/07/01 1:00:00,2050/01/01 4:59:59
320123,3,300003,0,0,0,0,110,710,24,710,90,43,50,0,0,30002,2017/07/01 1:00:00,2050/01/01 4:59:59
320124,3,300003,0,0,0,0,115,710,25,710,90,43,50,0,0,30002,2017/07/01 1:00:00,2050/01/01 4:59:59
320125,3,300003,0,0,0,0,120,710,26,710,90,43,50,0,0,30002,2017/07/01 1:00:00,2050/01/01 4:59:59
320126,3,300003,0,0,0,0,125,710,27,710,90,43,50,0,0,30002,2017/07/01 1:00:00,2050/01/01 4:59:59
320127,3,300003,0,0,0,0,130,710,28,710,90,43,50,0,0,30002,2017/07/01 1:00:00,2050/01/01 4:59:59
320128,3,300003,0,0,0,0,135,710,29,710,90,43,50,0,0,30002,2017/07/01 1:00:00,2050/01/01 4:59:59
320129,3,300003,0,0,0,0,140,710,30,710,90,43,50,0,0,30002,2017/07/01 1:00:00,2050/01/01 4:59:59
320130,3,300003,0,0,0,0,145,710,31,710,90,43,50,0,0,30002,2017/07/01 1:00:00,2050/01/01 4:59:59
320131,3,300003,0,0,0,0,150,710,32,710,90,43,50,0,0,30002,2017/07/01 1:00:00,2050/01/01 4:59:59
320132,3,300003,0,0,0,0,155,710,33,710,90,43,50,0,0,30002,2017/07/01 1:00:00,2050/01/01 4:59:59
320133,3,300003,0,0,0,0,160,710,34,710,90,43,50,0,0,30002,2017/07/01 1:00:00,2050/01/01 4:59:59
320134,3,300003,0,0,0,0,165,710,35,710,90,43,50,0,0,30002,2017/07/01 1:00:00,2050/01/01 4:59:59
320135,3,300003,0,0,0,0,170,710,36,710,90,43,50,0,0,30002,2017/07/01 1:00:00,2050/01/01 4:59:59
320136,3,300003,0,0,0,0,175,710,37,710,90,43,50,0,0,30002,2017/07/01 1:00:00,2050/01/01 4:59:59
320137,3,300003,0,0,0,0,180,710,38,710,90,43,50,0,0,30002,2017/07/01 1:00:00,2050/01/01 4:59:59
320138,3,300003,0,0,0,0,185,710,39,710,90,43,50,0,0,30002,2017/07/01 1:00:00,2050/01/01 4:59:59
320139,3,300003,0,0,0,0,190,710,40,710,90,43,50,0,0,30002,2017/07/01 1:00:00,2050/01/01 4:59:59
320140,3,300003,0,0,0,0,195,710,41,710,90,43,50,0,0,30002,2017/07/01 1:00:00,2050/01/01 4:59:59
320141,3,300003,0,0,0,0,200,710,42,710,90,43,50,0,0,30002,2017/07/01 1:00:00,2050/01/01 4:59:59
320142,3,300003,0,0,0,0,205,710,43,710,90,43,50,0,0,30002,2017/07/01 1:00:00,2050/01/01 4:59:59
320143,3,300003,0,0,0,0,210,710,44,710,90,43,50,0,0,30002,2017/07/01 1:00:00,2050/01/01 4:59:59
320144,3,300003,0,0,0,0,215,710,45,710,90,43,50,0,0,30002,2017/07/01 1:00:00,2050/01/01 4:59:59
320145,3,300003,0,0,0,0,220,710,46,710,90,43,50,0,0,30002,2017/07/01 1:00:00,2050/01/01 4:59:59
320146,3,300003,0,0,0,0,225,710,47,710,90,43,50,0,0,30002,2017/07/01 1:00:00,2050/01/01 4:59:59
320147,3,300003,0,0,0,0,230,710,48,710,90,43,50,0,0,30002,2017/07/01 1:00:00,2050/01/01 4:59:59
320148,3,300003,0,0,0,0,235,710,49,710,90,43,50,0,0,30002,2017/07/01 1:00:00,2050/01/01 4:59:59
320149,3,300003,0,0,0,0,240,710,50,710,90,43,50,0,0,30002,2017/07/01 1:00:00,2050/01/01 4:59:59
320150,3,300003,0,0,0,0,245,710,51,710,90,43,50,0,0,30002,2017/07/01 1:00:00,2050/01/01 4:59:59
320151,3,300003,0,0,0,0,250,710,52,710,90,43,50,0,0,30002,2017/07/01 1:00:00,2050/01/01 4:59:59
320152,3,300003,0,0,0,0,255,710,53,710,90,43,50,0,0,30002,2017/07/01 1:00:00,2050/01/01 4:59:59
320153,3,300003,0,0,0,0,260,710,54,710,90,43,50,0,0,30002,2017/07/01 1:00:00,2050/01/01 4:59:59
320154,3,300003,0,0,0,0,265,710,55,710,90,43,50,0,0,30002,2017/07/01 1:00:00,2050/01/01 4:59:59
320155,3,300003,0,0,0,0,270,710,56,710,90,43,50,0,0,30002,2017/07/01 1:00:00,2050/01/01 4:59:59
320156,3,300003,0,0,0,0,275,710,57,710,90,43,50,0,0,30002,2017/07/01 1:00:00,2050/01/01 4:59:59
320157,3,300003,0,0,0,0,280,710,58,710,90,43,50,0,0,30002,2017/07/01 1:00:00,2050/01/01 4:59:59
320158,3,300003,0,0,0,0,285,710,59,710,90,43,50,0,0,30002,2017/07/01 1:00:00,2050/01/01 4:59:59
320159,3,300003,0,0,0,0,290,710,60,710,90,43,50,0,0,30002,2017/07/01 1:00:00,2050/01/01 4:59:59
320160,3,300003,0,0,0,0,295,710,61,710,90,43,50,0,0,30002,2017/07/01 1:00:00,2050/01/01 4:59:59
320161,3,300003,0,0,0,0,300,710,62,710,90,43,50,0,0,30002,2017/07/01 1:00:00,2050/01/01 4:59:59
320162,3,300003,0,0,0,0,305,710,63,710,90,43,50,0,0,30002,2017/07/01 1:00:00,2050/01/01 4:59:59
320163,3,300003,0,0,0,0,310,710,64,710,90,43,50,0,0,30002,2017/07/01 1:00:00,2050/01/01 4:59:59
320164,3,300003,0,0,0,0,315,710,65,710,90,43,50,0,0,30002,2017/07/01 1:00:00,2050/01/01 4:59:59
320165,3,300003,0,0,0,0,320,710,66,710,90,43,50,0,0,30002,2017/07/01 1:00:00,2050/01/01 4:59:59
320166,3,300003,0,0,0,0,325,710,67,710,90,43,50,0,0,30002,2017/07/01 1:00:00,2050/01/01 4:59:59
320167,3,300003,0,0,0,0,330,710,68,710,90,43,50,0,0,30002,2017/07/01 1:00:00,2050/01/01 4:59:59
320168,3,300003,0,0,0,0,335,710,69,710,90,43,50,0,0,30002,2017/07/01 1:00:00,2050/01/01 4:59:59
320169,3,300003,0,0,0,0,340,710,70,710,90,43,50,0,0,30002,2017/07/01 1:00:00,2050/01/01 4:59:59
320170,3,300003,0,0,0,0,345,710,71,710,90,43,50,0,0,30002,2017/07/01 1:00:00,2050/01/01 4:59:59
320171,3,300003,0,0,0,0,350,710,72,710,90,43,50,0,0,30002,2017/07/01 1:00:00,2050/01/01 4:59:59
320172,3,300003,0,0,0,0,355,710,73,710,90,43,50,0,1,30002,2022/02/24 12:00:00,2050/01/01 4:59:59
320173,3,300003,0,0,0,0,360,710,74,710,90,43,50,0,1,30002,2022/02/24 12:00:00,2050/01/01 4:59:59
320174,3,300003,0,0,0,0,365,710,75,710,90,43,50,0,1,30002,2022/02/24 12:00:00,2050/01/01 4:59:59
320175,3,300003,0,0,0,0,370,710,76,710,90,43,50,0,1,30002,2022/02/24 12:00:00,2050/01/01 4:59:59
320176,3,300003,0,0,0,0,375,710,77,710,90,43,50,0,1,30002,2022/02/24 12:00:00,2050/01/01 4:59:59
320177,3,300003,0,0,0,0,380,710,78,710,90,43,50,0,1,30002,2022/02/24 12:00:00,2050/01/01 4:59:59
320178,3,300003,0,0,0,0,385,710,79,710,90,43,50,0,1,30002,2022/02/24 12:00:00,2050/01/01 4:59:59
320179,3,300003,0,0,0,0,390,710,80,710,90,43,50,0,1,30002,2022/02/24 12:00:00,2050/01/01 4:59:59
320180,3,300003,0,0,0,0,395,710,81,710,90,43,50,0,1,30002,2022/02/24 12:00:00,2050/01/01 4:59:59
320181,3,300003,0,0,0,0,400,710,82,710,90,43,50,0,1,30002,2022/02/24 12:00:00,2050/01/01 4:59:59
320182,3,300003,0,0,0,0,405,710,83,710,90,43,50,0,1,30002,2022/02/24 12:00:00,2050/01/01 4:59:59
320183,3,300003,0,0,0,0,410,710,84,710,90,43,50,0,1,30002,2022/02/24 12:00:00,2050/01/01 4:59:59
320184,3,300003,0,0,0,0,415,710,85,710,90,43,50,0,1,30002,2022/02/24 12:00:00,2050/01/01 4:59:59
320185,3,300003,0,0,0,0,420,710,86,710,90,43,50,0,1,30002,2022/02/24 12:00:00,2050/01/01 4:59:59
320186,3,300003,0,0,0,0,425,710,87,710,90,43,50,0,1,30002,2022/02/24 12:00:00,2050/01/01 4:59:59
320187,3,300003,0,0,0,0,430,710,88,710,90,43,50,0,1,30002,2022/02/24 12:00:00,2050/01/01 4:59:59
320188,3,300003,0,0,0,0,435,710,89,710,90,43,50,0,1,30002,2022/02/24 12:00:00,2050/01/01 4:59:59
320189,3,300003,0,0,0,0,440,710,90,710,90,43,50,0,1,30002,2022/02/24 12:00:00,2050/01/01 4:59:59
320190,3,300003,0,0,0,0,445,710,91,710,90,43,50,0,1,30002,2022/02/24 12:00:00,2050/01/01 4:59:59
320191,3,300003,0,0,0,0,450,710,92,710,90,43,50,0,1,30002,2022/02/24 12:00:00,2050/01/01 4:59:59
320192,3,300003,0,0,0,0,455,710,93,710,90,43,50,0,1,30002,2022/02/24 12:00:00,2050/01/01 4:59:59
320193,3,300003,0,0,0,0,460,710,94,710,90,43,50,0,1,30002,2022/02/24 12:00:00,2050/01/01 4:59:59
320194,3,300003,0,0,0,0,465,710,95,710,90,43,50,0,1,30002,2022/02/24 12:00:00,2050/01/01 4:59:59
320195,3,300003,0,0,0,0,470,710,96,710,90,43,50,0,1,30002,2022/02/24 12:00:00,2050/01/01 4:59:59
320196,3,300003,0,0,0,0,475,710,97,710,90,43,50,0,1,30002,2022/02/24 12:00:00,2050/01/01 4:59:59
320197,3,300003,0,0,0,0,480,710,98,710,90,43,50,0,1,30002,2022/02/24 12:00:00,2050/01/01 4:59:59
320198,3,300003,0,0,0,0,485,710,99,710,90,43,50,0,1,30002,2022/02/24 12:00:00,2050/01/01 4:59:59
320199,3,300003,0,0,0,0,490,710,100,710,90,43,50,0,1,30002,2022/02/24 12:00:00,2050/01/01 4:59:59
320200,3,300003,0,0,0,0,495,710,101,710,90,43,50,0,1,30002,2022/02/24 12:00:00,2050/01/01 4:59:59
320201,3,300003,0,0,0,0,500,710,102,710,90,43,50,0,1,30002,2022/02/24 12:00:00,2050/01/01 4:59:59
320202,3,300003,0,0,0,0,505,710,103,710,90,43,50,0,1,30002,2023/07/21 12:00:00,2050/01/01 4:59:59
320203,3,300003,0,0,0,0,510,710,104,710,90,43,50,0,1,30002,2023/07/21 12:00:00,2050/01/01 4:59:59
320204,3,300003,0,0,0,0,515,710,105,710,90,43,50,0,1,30002,2023/07/21 12:00:00,2050/01/01 4:59:59
320205,3,300003,0,0,0,0,520,710,106,710,90,43,50,0,1,30002,2023/07/21 12:00:00,2050/01/01 4:59:59
320206,3,300003,0,0,0,0,525,710,107,710,90,43,50,0,1,30002,2023/07/21 12:00:00,2050/01/01 4:59:59
320207,3,300003,0,0,0,0,530,710,108,710,90,43,50,0,1,30002,2023/07/21 12:00:00,2050/01/01 4:59:59
320208,3,300003,0,0,0,0,535,710,109,710,90,43,50,0,1,30002,2023/07/21 12:00:00,2050/01/01 4:59:59
320209,3,300003,0,0,0,0,540,710,110,710,90,43,50,0,1,30002,2023/07/21 12:00:00,2050/01/01 4:59:59
320210,3,300003,0,0,0,0,545,710,111,710,90,43,50,0,1,30002,2023/07/21 12:00:00,2050/01/01 4:59:59
320211,3,300003,0,0,0,0,550,710,112,710,90,43,50,0,1,30002,2023/07/21 12:00:00,2050/01/01 4:59:59
320212,3,300003,0,0,0,0,555,710,113,710,90,43,50,0,1,30002,2023/07/21 12:00:00,2050/01/01 4:59:59
320213,3,300003,0,0,0,0,560,710,114,710,90,43,50,0,1,30002,2023/07/21 12:00:00,2050/01/01 4:59:59
320214,3,300003,0,0,0,0,565,710,115,710,90,43,50,0,1,30002,2023/07/21 12:00:00,2050/01/01 4:59:59
320215,3,300003,0,0,0,0,570,710,116,710,90,43,50,0,1,30002,2023/07/21 12:00:00,2050/01/01 4:59:59
320216,3,300003,0,0,0,0,575,710,117,710,90,43,50,0,1,30002,2023/07/21 12:00:00,2050/01/01 4:59:59
320217,3,300003,0,0,0,0,580,710,118,710,90,43,50,0,1,30002,2023/07/21 12:00:00,2050/01/01 4:59:59
320218,3,300003,0,0,0,0,585,710,119,710,90,43,50,0,1,30002,2023/07/21 12:00:00,2050/01/01 4:59:59
320219,3,300003,0,0,0,0,590,710,120,710,90,43,50,0,1,30002,2023/07/21 12:00:00,2050/01/01 4:59:59
320220,3,300003,0,0,0,0,595,710,121,710,90,43,50,0,1,30002,2023/07/21 12:00:00,2050/01/01 4:59:59
320221,3,300003,0,0,0,0,600,710,122,710,90,43,50,0,1,30002,2023/07/21 12:00:00,2050/01/01 4:59:59
320222,3,300003,0,0,0,0,605,710,123,710,90,43,50,0,1,30002,2023/07/21 12:00:00,2050/01/01 4:59:59
320223,3,300003,0,0,0,0,610,710,124,710,90,43,50,0,1,30002,2023/07/21 12:00:00,2050/01/01 4:59:59
320224,3,300003,0,0,0,0,615,710,125,710,90,43,50,0,1,30002,2023/07/21 12:00:00,2050/01/01 4:59:59
320225,3,300003,0,0,0,0,620,710,126,710,90,43,50,0,1,30002,2023/07/21 12:00:00,2050/01/01 4:59:59
320226,3,300003,0,0,0,0,625,710,127,710,90,43,50,0,1,30002,2023/07/21 12:00:00,2050/01/01 4:59:59
320227,3,300003,0,0,0,0,630,710,128,710,90,43,50,0,1,30002,2023/07/21 12:00:00,2050/01/01 4:59:59
320228,3,300003,0,0,0,0,635,710,129,710,90,43,50,0,1,30002,2023/07/21 12:00:00,2050/01/01 4:59:59
320229,3,300003,0,0,0,0,640,710,130,710,90,43,50,0,1,30002,2023/07/21 12:00:00,2050/01/01 4:59:59
320230,3,300003,0,0,0,0,645,710,131,710,90,43,50,0,1,30002,2023/07/21 12:00:00,2050/01/01 4:59:59
320231,3,300003,0,0,0,0,650,710,132,710,90,43,50,0,1,30002,2023/07/21 12:00:00,2050/01/01 4:59:59
320232,3,300003,0,0,0,0,655,710,133,710,90,43,50,0,1,30002,2023/07/21 12:00:00,2050/01/01 4:59:59
320233,3,300003,0,0,0,0,660,710,134,710,90,43,50,0,1,30002,2023/07/21 12:00:00,2050/01/01 4:59:59
320234,3,300003,0,0,0,0,665,710,135,710,90,43,50,0,1,30002,2023/07/21 12:00:00,2050/01/01 4:59:59
320235,3,300003,0,0,0,0,670,710,136,710,90,43,50,0,1,30002,2023/07/21 12:00:00,2050/01/01 4:59:59
320236,3,300003,0,0,0,0,675,710,137,710,90,43,50,0,1,30002,2023/07/21 12:00:00,2050/01/01 4:59:59
320237,3,300003,0,0,0,0,680,710,138,710,90,43,50,0,1,30002,2023/07/21 12:00:00,2050/01/01 4:59:59
320238,3,300003,0,0,0,0,685,710,139,710,90,43,50,0,1,30002,2023/07/21 12:00:00,2050/01/01 4:59:59
320239,3,300003,0,0,0,0,690,710,140,710,90,43,50,0,1,30002,2023/07/21 12:00:00,2050/01/01 4:59:59
320240,3,300003,0,0,0,0,695,710,141,710,90,43,50,0,1,30002,2023/07/21 12:00:00,2050/01/01 4:59:59
320241,3,300003,0,0,0,0,700,710,142,710,90,43,50,0,1,30002,2023/07/21 12:00:00,2050/01/01 4:59:59
320242,3,300003,0,0,0,0,705,710,143,710,90,43,50,0,1,30002,2024/03/29 12:00:00,2050/01/01 4:59:59
320243,3,300003,0,0,0,0,710,710,144,710,90,43,50,0,1,30002,2024/03/29 12:00:00,2050/01/01 4:59:59
320244,3,300003,0,0,0,0,715,710,145,710,90,43,50,0,1,30002,2024/03/29 12:00:00,2050/01/01 4:59:59
320245,3,300003,0,0,0,0,720,710,146,710,90,43,50,0,1,30002,2024/03/29 12:00:00,2050/01/01 4:59:59
320246,3,300003,0,0,0,0,725,710,147,710,90,43,50,0,1,30002,2024/03/29 12:00:00,2050/01/01 4:59:59
320247,3,300003,0,0,0,0,730,710,148,710,90,43,50,0,1,30002,2024/03/29 12:00:00,2050/01/01 4:59:59
320248,3,300003,0,0,0,0,735,710,149,710,90,43,50,0,1,30002,2024/03/29 12:00:00,2050/01/01 4:59:59
320249,3,300003,0,0,0,0,740,710,150,710,90,43,50,0,1,30002,2024/03/29 12:00:00,2050/01/01 4:59:59
320250,3,300003,0,0,0,0,745,710,151,710,90,43,50,0,1,30002,2024/03/29 12:00:00,2050/01/01 4:59:59
320251,3,300003,0,0,0,0,750,710,152,710,90,43,50,0,1,30002,2024/03/29 12:00:00,2050/01/01 4:59:59
320252,3,300003,0,0,0,0,755,710,153,710,90,43,50,0,1,30002,2024/03/29 12:00:00,2050/01/01 4:59:59
320253,3,300003,0,0,0,0,760,710,154,710,90,43,50,0,1,30002,2024/03/29 12:00:00,2050/01/01 4:59:59
320254,3,300003,0,0,0,0,765,710,155,710,90,43,50,0,1,30002,2024/03/29 12:00:00,2050/01/01 4:59:59
320255,3,300003,0,0,0,0,770,710,156,710,90,43,50,0,1,30002,2024/03/29 12:00:00,2050/01/01 4:59:59
320256,3,300003,0,0,0,0,775,710,157,710,90,43,50,0,1,30002,2024/03/29 12:00:00,2050/01/01 4:59:59
320257,3,300003,0,0,0,0,780,710,158,710,90,43,50,0,1,30002,2024/03/29 12:00:00,2050/01/01 4:59:59
320258,3,300003,0,0,0,0,785,710,159,710,90,43,50,0,1,30002,2024/03/29 12:00:00,2050/01/01 4:59:59
320259,3,300003,0,0,0,0,790,710,160,710,90,43,50,0,1,30002,2024/03/29 12:00:00,2050/01/01 4:59:59
320260,3,300003,0,0,0,0,795,710,161,710,90,43,50,0,1,30002,2024/03/29 12:00:00,2050/01/01 4:59:59
320261,3,300003,0,0,0,0,800,710,162,710,90,43,50,0,1,30002,2024/03/29 12:00:00,2050/01/01 4:59:59
320262,3,300003,0,0,0,0,805,710,163,710,90,43,50,0,1,30002,2024/03/29 12:00:00,2050/01/01 4:59:59
320263,3,300003,0,0,0,0,810,710,164,710,90,43,50,0,1,30002,2024/03/29 12:00:00,2050/01/01 4:59:59
320264,3,300003,0,0,0,0,815,710,165,710,90,43,50,0,1,30002,2024/03/29 12:00:00,2050/01/01 4:59:59
320265,3,300003,0,0,0,0,820,710,166,710,90,43,50,0,1,30002,2024/03/29 12:00:00,2050/01/01 4:59:59
320266,3,300003,0,0,0,0,825,710,167,710,90,43,50,0,1,30002,2024/03/29 12:00:00,2050/01/01 4:59:59
320267,3,300003,0,0,0,0,830,710,168,710,90,43,50,0,1,30002,2024/03/29 12:00:00,2050/01/01 4:59:59
320268,3,300003,0,0,0,0,835,710,169,710,90,43,50,0,1,30002,2024/03/29 12:00:00,2050/01/01 4:59:59
320269,3,300003,0,0,0,0,840,710,170,710,90,43,50,0,1,30002,2024/03/29 12:00:00,2050/01/01 4:59:59
320270,3,300003,0,0,0,0,845,710,171,710,90,43,50,0,1,30002,2024/03/29 12:00:00,2050/01/01 4:59:59
320271,3,300003,0,0,0,0,850,710,172,710,90,43,50,0,1,30002,2024/03/29 12:00:00,2050/01/01 4:59:59
320272,3,300003,0,0,0,0,855,710,173,710,90,43,50,0,1,30002,2024/03/29 12:00:00,2050/01/01 4:59:59
320273,3,300003,0,0,0,0,860,710,174,710,90,43,50,0,1,30002,2024/03/29 12:00:00,2050/01/01 4:59:59
320274,3,300003,0,0,0,0,865,710,175,710,90,43,50,0,1,30002,2024/03/29 12:00:00,2050/01/01 4:59:59
320275,3,300003,0,0,0,0,870,710,176,710,90,43,50,0,1,30002,2024/03/29 12:00:00,2050/01/01 4:59:59
320276,3,300003,0,0,0,0,875,710,177,710,90,43,50,0,1,30002,2024/03/29 12:00:00,2050/01/01 4:59:59
320277,3,300003,0,0,0,0,880,710,178,710,90,43,50,0,1,30002,2024/03/29 12:00:00,2050/01/01 4:59:59
320278,3,300003,0,0,0,0,885,710,179,710,90,43,50,0,1,30002,2024/03/29 12:00:00,2050/01/01 4:59:59
320279,3,300003,0,0,0,0,890,710,180,710,90,43,50,0,1,30002,2024/03/29 12:00:00,2050/01/01 4:59:59
320280,3,300003,0,0,0,0,895,710,181,710,90,43,50,0,1,30002,2024/03/29 12:00:00,2050/01/01 4:59:59
320281,3,300003,0,0,0,0,900,710,182,710,90,43,50,0,1,30002,2024/03/29 12:00:00,2050/01/01 4:59:59
320282,3,300003,0,0,0,0,905,710,183,710,90,43,50,0,1,30002,2024/03/29 12:00:00,2050/01/01 4:59:59
320283,3,300003,0,0,0,0,910,710,184,710,90,43,50,0,1,30002,2024/03/29 12:00:00,2050/01/01 4:59:59
320284,3,300003,0,0,0,0,915,710,185,710,90,43,50,0,1,30002,2024/03/29 12:00:00,2050/01/01 4:59:59
320285,3,300003,0,0,0,0,920,710,186,710,90,43,50,0,1,30002,2024/03/29 12:00:00,2050/01/01 4:59:59
320286,3,300003,0,0,0,0,925,710,187,710,90,43,50,0,1,30002,2024/03/29 12:00:00,2050/01/01 4:59:59
320287,3,300003,0,0,0,0,930,710,188,710,90,43,50,0,1,30002,2024/03/29 12:00:00,2050/01/01 4:59:59
320288,3,300003,0,0,0,0,935,710,189,710,90,43,50,0,1,30002,2024/03/29 12:00:00,2050/01/01 4:59:59
320289,3,300003,0,0,0,0,940,710,190,710,90,43,50,0,1,30002,2024/03/29 12:00:00,2050/01/01 4:59:59
320290,3,300003,0,0,0,0,945,710,191,710,90,43,50,0,1,30002,2024/03/29 12:00:00,2050/01/01 4:59:59
320291,3,300003,0,0,0,0,950,710,192,710,90,43,50,0,1,30002,2024/03/29 12:00:00,2050/01/01 4:59:59
320292,3,300003,0,0,0,0,955,710,193,710,90,43,50,0,1,30002,2024/03/29 12:00:00,2050/01/01 4:59:59
320293,3,300003,0,0,0,0,960,710,194,710,90,43,50,0,1,30002,2024/03/29 12:00:00,2050/01/01 4:59:59
320294,3,300003,0,0,0,0,965,710,195,710,90,43,50,0,1,30002,2024/03/29 12:00:00,2050/01/01 4:59:59
320295,3,300003,0,0,0,0,970,710,196,710,90,43,50,0,1,30002,2024/03/29 12:00:00,2050/01/01 4:59:59
320296,3,300003,0,0,0,0,975,710,197,710,90,43,50,0,1,30002,2024/03/29 12:00:00,2050/01/01 4:59:59
320297,3,300003,0,0,0,0,980,710,198,710,90,43,50,0,1,30002,2024/03/29 12:00:00,2050/01/01 4:59:59
320298,3,300003,0,0,0,0,985,710,199,710,90,43,50,0,1,30002,2024/03/29 12:00:00,2050/01/01 4:59:59
320299,3,300003,0,0,0,0,990,710,200,710,90,43,50,0,1,30002,2024/03/29 12:00:00,2050/01/01 4:59:59
320300,3,300002,0,0,0,0,1,730,1,730,90,43,10,0,0,30004,2017/07/01 1:00:00,2050/01/01 4:59:59
320301,3,300002,0,0,0,0,3,730,2,730,90,43,10,0,0,30004,2017/07/01 1:00:00,2050/01/01 4:59:59
320302,3,300002,0,0,0,0,5,730,3,730,90,43,10,0,0,30004,2017/07/01 1:00:00,2050/01/01 4:59:59
320303,3,300002,0,0,0,0,10,730,4,730,90,43,30,0,0,30004,2017/07/01 1:00:00,2050/01/01 4:59:59
320304,3,300002,0,0,0,0,15,730,5,730,90,43,30,0,0,30004,2017/07/01 1:00:00,2050/01/01 4:59:59
320305,3,300002,0,0,0,0,20,730,6,730,90,43,30,0,0,30004,2017/07/01 1:00:00,2050/01/01 4:59:59
320306,3,300002,0,0,0,0,25,730,7,730,90,43,30,0,0,30004,2017/07/01 1:00:00,2050/01/01 4:59:59
320307,3,300002,0,0,0,0,30,730,8,730,90,43,30,0,0,30004,2017/07/01 1:00:00,2050/01/01 4:59:59
320308,3,300002,0,0,0,0,35,730,9,730,90,43,30,0,0,30004,2017/07/01 1:00:00,2050/01/01 4:59:59
320309,3,300002,0,0,0,0,40,730,10,730,90,43,30,0,0,30004,2017/07/01 1:00:00,2050/01/01 4:59:59
320310,3,300002,0,0,0,0,45,730,11,730,90,43,30,0,0,30004,2017/07/01 1:00:00,2050/01/01 4:59:59
320311,3,300002,0,0,0,0,50,730,12,730,90,43,30,0,0,30004,2017/07/01 1:00:00,2050/01/01 4:59:59
320312,3,300002,0,0,0,0,60,730,13,730,90,43,30,0,0,30004,2017/07/01 1:00:00,2050/01/01 4:59:59
320313,3,300002,0,0,0,0,70,730,14,730,90,43,30,0,0,30004,2017/07/01 1:00:00,2050/01/01 4:59:59
320314,3,300002,0,0,0,0,80,730,15,730,90,43,30,0,0,30004,2017/07/01 1:00:00,2050/01/01 4:59:59
320315,3,300002,0,0,0,0,90,730,16,730,90,43,30,0,0,30004,2017/07/01 1:00:00,2050/01/01 4:59:59
320316,3,300002,0,0,0,0,100,730,17,730,90,43,30,0,0,30004,2017/07/01 1:00:00,2050/01/01 4:59:59
320317,3,300002,0,0,0,0,120,730,18,730,90,43,30,0,0,30004,2017/07/01 1:00:00,2050/01/01 4:59:59
320318,3,300002,0,0,0,0,140,730,19,730,90,43,50,0,0,30004,2017/07/01 1:00:00,2050/01/01 4:59:59
320319,3,300002,0,0,0,0,160,730,20,730,90,43,50,0,0,30004,2017/07/01 1:00:00,2050/01/01 4:59:59
320320,3,300002,0,0,0,0,180,730,21,730,90,43,50,0,0,30004,2017/07/01 1:00:00,2050/01/01 4:59:59
320321,3,300002,0,0,0,0,200,730,22,730,90,43,50,0,0,30004,2017/07/01 1:00:00,2050/01/01 4:59:59
320322,3,300002,0,0,0,0,220,730,23,730,90,43,50,0,0,30004,2017/07/01 1:00:00,2050/01/01 4:59:59
320323,3,300002,0,0,0,0,240,730,24,730,90,43,50,0,0,30004,2017/07/01 1:00:00,2050/01/01 4:59:59
320324,3,300002,0,0,0,0,260,730,25,730,90,43,50,0,0,30004,2017/07/01 1:00:00,2050/01/01 4:59:59
320325,3,300002,0,0,0,0,280,730,26,730,90,43,50,0,0,30004,2017/07/01 1:00:00,2050/01/01 4:59:59
320326,3,300002,0,0,0,0,300,730,27,730,90,43,50,0,0,30004,2017/07/01 1:00:00,2050/01/01 4:59:59
320327,3,300002,0,0,0,0,320,730,28,730,90,43,50,0,0,30004,2017/07/01 1:00:00,2050/01/01 4:59:59
320328,3,300002,0,0,0,0,340,730,29,730,90,43,50,0,0,30004,2017/07/01 1:00:00,2050/01/01 4:59:59
320329,3,300002,0,0,0,0,360,730,30,730,90,43,50,0,0,30004,2017/07/01 1:00:00,2050/01/01 4:59:59
320330,3,300002,0,0,0,0,380,730,31,730,90,43,50,0,0,30004,2017/07/01 1:00:00,2050/01/01 4:59:59
320331,3,300002,0,0,0,0,400,730,32,730,90,43,50,0,0,30004,2017/07/01 1:00:00,2050/01/01 4:59:59
320332,3,300002,0,0,0,0,420,730,33,730,90,43,50,0,0,30004,2017/07/01 1:00:00,2050/01/01 4:59:59
320333,3,300002,0,0,0,0,440,730,34,730,90,43,50,0,0,30004,2017/07/01 1:00:00,2050/01/01 4:59:59
320334,3,300002,0,0,0,0,460,730,35,730,90,43,50,0,0,30004,2017/07/01 1:00:00,2050/01/01 4:59:59
320335,3,300002,0,0,0,0,480,730,36,730,90,43,50,0,0,30004,2017/07/01 1:00:00,2050/01/01 4:59:59
320336,3,300002,0,0,0,0,500,730,37,730,90,43,50,0,0,30004,2017/07/01 1:00:00,2050/01/01 4:59:59
320337,3,300002,0,0,0,0,520,730,38,730,90,43,50,0,0,30004,2017/07/01 1:00:00,2050/01/01 4:59:59
320338,3,300002,0,0,0,0,540,730,39,730,90,43,50,0,0,30004,2017/07/01 1:00:00,2050/01/01 4:59:59
320339,3,300002,0,0,0,0,560,730,40,730,90,43,50,0,0,30004,2017/07/01 1:00:00,2050/01/01 4:59:59
320340,3,300002,0,0,0,0,580,730,41,730,90,43,50,0,0,30004,2017/07/01 1:00:00,2050/01/01 4:59:59
320341,3,300002,0,0,0,0,600,730,42,730,90,43,50,0,0,30004,2017/07/01 1:00:00,2050/01/01 4:59:59
320342,3,300002,0,0,0,0,620,730,43,730,90,43,50,0,0,30004,2017/07/01 1:00:00,2050/01/01 4:59:59
320343,3,300002,0,0,0,0,640,730,44,730,90,43,50,0,0,30004,2017/07/01 1:00:00,2050/01/01 4:59:59
320344,3,300002,0,0,0,0,660,730,45,730,90,43,50,0,0,30004,2017/07/01 1:00:00,2050/01/01 4:59:59
320345,3,300002,0,0,0,0,680,730,46,730,90,43,50,0,0,30004,2017/07/01 1:00:00,2050/01/01 4:59:59
320346,3,300002,0,0,0,0,700,730,47,730,90,43,50,0,0,30004,2017/07/01 1:00:00,2050/01/01 4:59:59
320347,3,300002,0,0,0,0,720,730,48,730,90,43,50,0,0,30004,2017/07/01 1:00:00,2050/01/01 4:59:59
320348,3,300002,0,0,0,0,740,730,49,730,90,43,50,0,0,30004,2017/07/01 1:00:00,2050/01/01 4:59:59
320349,3,300002,0,0,0,0,760,730,50,730,90,43,50,0,0,30004,2017/07/01 1:00:00,2050/01/01 4:59:59
320350,3,300002,0,0,0,0,780,730,51,730,90,43,50,0,0,30004,2017/07/01 1:00:00,2050/01/01 4:59:59
320351,3,300002,0,0,0,0,800,730,52,730,90,43,50,0,0,30004,2017/07/01 1:00:00,2050/01/01 4:59:59
320352,3,300002,0,0,0,0,820,730,53,730,90,43,50,0,0,30004,2017/07/01 1:00:00,2050/01/01 4:59:59
320353,3,300002,0,0,0,0,840,730,54,730,90,43,50,0,0,30004,2017/07/01 1:00:00,2050/01/01 4:59:59
320354,3,300002,0,0,0,0,860,730,55,730,90,43,50,0,0,30004,2017/07/01 1:00:00,2050/01/01 4:59:59
320355,3,300002,0,0,0,0,880,730,56,730,90,43,50,0,0,30004,2017/07/01 1:00:00,2050/01/01 4:59:59
320356,3,300002,0,0,0,0,900,730,57,730,90,43,50,0,0,30004,2017/07/01 1:00:00,2050/01/01 4:59:59
320357,3,300002,0,0,0,0,920,730,58,730,90,43,50,0,0,30004,2017/07/01 1:00:00,2050/01/01 4:59:59
320358,3,300002,0,0,0,0,940,730,59,730,90,43,50,0,0,30004,2017/07/01 1:00:00,2050/01/01 4:59:59
320359,3,300002,0,0,0,0,960,730,60,730,90,43,50,0,0,30004,2017/07/01 1:00:00,2050/01/01 4:59:59
320360,3,300002,0,0,0,0,980,730,61,730,90,43,50,0,0,30004,2017/07/01 1:00:00,2050/01/01 4:59:59
320361,3,300002,0,0,0,0,1000,730,62,730,90,43,50,0,0,30004,2017/07/01 1:00:00,2050/01/01 4:59:59
320362,3,300002,0,0,0,0,1020,730,63,730,90,43,50,0,1,30004,2022/02/24 12:00:00,2050/01/01 4:59:59
320363,3,300002,0,0,0,0,1040,730,64,730,90,43,50,0,1,30004,2022/02/24 12:00:00,2050/01/01 4:59:59
320364,3,300002,0,0,0,0,1060,730,65,730,90,43,50,0,1,30004,2022/02/24 12:00:00,2050/01/01 4:59:59
320365,3,300002,0,0,0,0,1080,730,66,730,90,43,50,0,1,30004,2022/02/24 12:00:00,2050/01/01 4:59:59
320366,3,300002,0,0,0,0,1100,730,67,730,90,43,50,0,1,30004,2022/02/24 12:00:00,2050/01/01 4:59:59
320367,3,300002,0,0,0,0,1120,730,68,730,90,43,50,0,1,30004,2022/02/24 12:00:00,2050/01/01 4:59:59
320368,3,300002,0,0,0,0,1140,730,69,730,90,43,50,0,1,30004,2022/02/24 12:00:00,2050/01/01 4:59:59
320369,3,300002,0,0,0,0,1160,730,70,730,90,43,50,0,1,30004,2022/02/24 12:00:00,2050/01/01 4:59:59
320370,3,300002,0,0,0,0,1180,730,71,730,90,43,50,0,1,30004,2022/02/24 12:00:00,2050/01/01 4:59:59
320371,3,300002,0,0,0,0,1200,730,72,730,90,43,50,0,1,30004,2022/02/24 12:00:00,2050/01/01 4:59:59
320372,3,300002,0,0,0,0,1220,730,73,730,90,43,50,0,1,30004,2023/06/19 12:00:00,2050/01/01 4:59:59
320373,3,300002,0,0,0,0,1240,730,74,730,90,43,50,0,1,30004,2023/06/19 12:00:00,2050/01/01 4:59:59
320374,3,300002,0,0,0,0,1260,730,75,730,90,43,50,0,1,30004,2023/06/19 12:00:00,2050/01/01 4:59:59
320375,3,300002,0,0,0,0,1280,730,76,730,90,43,50,0,1,30004,2023/06/19 12:00:00,2050/01/01 4:59:59
320376,3,300002,0,0,0,0,1300,730,77,730,90,43,50,0,1,30004,2023/06/19 12:00:00,2050/01/01 4:59:59
320377,3,300002,0,0,0,0,1320,730,78,730,90,43,50,0,1,30004,2023/06/19 12:00:00,2050/01/01 4:59:59
320378,3,300002,0,0,0,0,1340,730,79,730,90,43,50,0,1,30004,2023/06/19 12:00:00,2050/01/01 4:59:59
320379,3,300002,0,0,0,0,1360,730,80,730,90,43,50,0,1,30004,2023/06/19 12:00:00,2050/01/01 4:59:59
320380,3,300002,0,0,0,0,1380,730,81,730,90,43,50,0,1,30004,2023/06/19 12:00:00,2050/01/01 4:59:59
320381,3,300002,0,0,0,0,1400,730,82,730,90,43,50,0,1,30004,2023/06/19 12:00:00,2050/01/01 4:59:59
320382,3,300002,0,0,0,0,1420,730,83,730,90,43,50,0,1,30004,2023/06/19 12:00:00,2050/01/01 4:59:59
320383,3,300002,0,0,0,0,1440,730,84,730,90,43,50,0,1,30004,2023/06/19 12:00:00,2050/01/01 4:59:59
320384,3,300002,0,0,0,0,1460,730,85,730,90,43,50,0,1,30004,2023/06/19 12:00:00,2050/01/01 4:59:59
320385,3,300002,0,0,0,0,1480,730,86,730,90,43,50,0,1,30004,2023/06/19 12:00:00,2050/01/01 4:59:59
320386,3,300002,0,0,0,0,1500,730,87,730,90,43,50,0,1,30004,2023/06/19 12:00:00,2050/01/01 4:59:59
320387,3,300002,0,0,0,0,1520,730,88,730,90,43,50,0,1,30004,2023/06/19 12:00:00,2050/01/01 4:59:59
320388,3,300002,0,0,0,0,1540,730,89,730,90,43,50,0,1,30004,2023/06/19 12:00:00,2050/01/01 4:59:59
320389,3,300002,0,0,0,0,1560,730,90,730,90,43,50,0,1,30004,2023/06/19 12:00:00,2050/01/01 4:59:59
320390,3,300002,0,0,0,0,1580,730,91,730,90,43,50,0,1,30004,2023/06/19 12:00:00,2050/01/01 4:59:59
320391,3,300002,0,0,0,0,1600,730,92,730,90,43,50,0,1,30004,2023/06/19 12:00:00,2050/01/01 4:59:59
320392,3,300002,0,0,0,0,1620,730,93,730,90,43,50,0,1,30004,2023/06/19 12:00:00,2050/01/01 4:59:59
320393,3,300002,0,0,0,0,1640,730,94,730,90,43,50,0,1,30004,2023/06/19 12:00:00,2050/01/01 4:59:59
320394,3,300002,0,0,0,0,1660,730,95,730,90,43,50,0,1,30004,2023/06/19 12:00:00,2050/01/01 4:59:59
320395,3,300002,0,0,0,0,1680,730,96,730,90,43,50,0,1,30004,2023/06/19 12:00:00,2050/01/01 4:59:59
320396,3,300002,0,0,0,0,1700,730,97,730,90,43,50,0,1,30004,2023/06/19 12:00:00,2050/01/01 4:59:59
320397,3,300002,0,0,0,0,1720,730,98,730,90,43,50,0,1,30004,2023/06/19 12:00:00,2050/01/01 4:59:59
320398,3,300002,0,0,0,0,1740,730,99,730,90,43,50,0,1,30004,2023/06/19 12:00:00,2050/01/01 4:59:59
320399,3,300002,0,0,0,0,1760,730,100,730,90,43,50,0,1,30004,2023/06/19 12:00:00,2050/01/01 4:59:59
320400,3,300002,0,0,0,0,1780,730,101,730,90,43,50,0,1,30004,2023/06/19 12:00:00,2050/01/01 4:59:59
320401,3,300002,0,0,0,0,1800,730,102,730,90,43,50,0,1,30004,2023/06/19 12:00:00,2050/01/01 4:59:59
320402,3,300002,0,0,0,0,1820,730,103,730,90,43,50,0,1,30004,2023/06/19 12:00:00,2050/01/01 4:59:59
320403,3,300002,0,0,0,0,1840,730,104,730,90,43,50,0,1,30004,2023/06/19 12:00:00,2050/01/01 4:59:59
320404,3,300002,0,0,0,0,1860,730,105,730,90,43,50,0,1,30004,2023/06/19 12:00:00,2050/01/01 4:59:59
320405,3,300002,0,0,0,0,1880,730,106,730,90,43,50,0,1,30004,2023/06/19 12:00:00,2050/01/01 4:59:59
320406,3,300002,0,0,0,0,1900,730,107,730,90,43,50,0,1,30004,2023/06/19 12:00:00,2050/01/01 4:59:59
320407,3,300002,0,0,0,0,1920,730,108,730,90,43,50,0,1,30004,2023/06/19 12:00:00,2050/01/01 4:59:59
320408,3,300002,0,0,0,0,1940,730,109,730,90,43,50,0,1,30004,2023/06/19 12:00:00,2050/01/01 4:59:59
320409,3,300002,0,0,0,0,1960,730,110,730,90,43,50,0,1,30004,2023/06/19 12:00:00,2050/01/01 4:59:59
320410,3,300002,0,0,0,0,1980,730,111,730,90,43,50,0,1,30004,2023/06/19 12:00:00,2050/01/01 4:59:59
320411,3,300002,0,0,0,0,2000,730,112,730,90,43,50,0,1,30004,2023/06/19 12:00:00,2050/01/01 4:59:59
320412,3,300002,0,0,0,0,2020,730,113,730,90,43,50,0,1,30004,2025/08/14 12:00:00,2050/01/01 4:59:59
320413,3,300002,0,0,0,0,2040,730,114,730,90,43,50,0,1,30004,2025/08/14 12:00:00,2050/01/01 4:59:59
320414,3,300002,0,0,0,0,2060,730,115,730,90,43,50,0,1,30004,2025/08/14 12:00:00,2050/01/01 4:59:59
320415,3,300002,0,0,0,0,2080,730,116,730,90,43,50,0,1,30004,2025/08/14 12:00:00,2050/01/01 4:59:59
320416,3,300002,0,0,0,0,2100,730,117,730,90,43,50,0,1,30004,2025/08/14 12:00:00,2050/01/01 4:59:59
320417,3,300002,0,0,0,0,2120,730,118,730,90,43,50,0,1,30004,2025/08/14 12:00:00,2050/01/01 4:59:59
320418,3,300002,0,0,0,0,2140,730,119,730,90,43,50,0,1,30004,2025/08/14 12:00:00,2050/01/01 4:59:59
320419,3,300002,0,0,0,0,2160,730,120,730,90,43,50,0,1,30004,2025/08/14 12:00:00,2050/01/01 4:59:59
320420,3,300002,0,0,0,0,2180,730,121,730,90,43,50,0,1,30004,2025/08/14 12:00:00,2050/01/01 4:59:59
320421,3,300002,0,0,0,0,2200,730,122,730,90,43,50,0,1,30004,2025/08/14 12:00:00,2050/01/01 4:59:59
320422,3,300002,0,0,0,0,2220,730,123,730,90,43,50,0,1,30004,2025/08/14 12:00:00,2050/01/01 4:59:59
320423,3,300002,0,0,0,0,2240,730,124,730,90,43,50,0,1,30004,2025/08/14 12:00:00,2050/01/01 4:59:59
320424,3,300002,0,0,0,0,2260,730,125,730,90,43,50,0,1,30004,2025/08/14 12:00:00,2050/01/01 4:59:59
320425,3,300002,0,0,0,0,2280,730,126,730,90,43,50,0,1,30004,2025/08/14 12:00:00,2050/01/01 4:59:59
320426,3,300002,0,0,0,0,2300,730,127,730,90,43,50,0,1,30004,2025/08/14 12:00:00,2050/01/01 4:59:59
320427,3,300002,0,0,0,0,2320,730,128,730,90,43,50,0,1,30004,2025/08/14 12:00:00,2050/01/01 4:59:59
320428,3,300002,0,0,0,0,2340,730,129,730,90,43,50,0,1,30004,2025/08/14 12:00:00,2050/01/01 4:59:59
320429,3,300002,0,0,0,0,2360,730,130,730,90,43,50,0,1,30004,2025/08/14 12:00:00,2050/01/01 4:59:59
320430,3,300002,0,0,0,0,2380,730,131,730,90,43,50,0,1,30004,2025/08/14 12:00:00,2050/01/01 4:59:59
320431,3,300002,0,0,0,0,2400,730,132,730,90,43,50,0,1,30004,2025/08/14 12:00:00,2050/01/01 4:59:59
320432,3,300002,0,0,0,0,2420,730,133,730,90,43,50,0,1,30004,2025/08/14 12:00:00,2050/01/01 4:59:59
320433,3,300002,0,0,0,0,2440,730,134,730,90,43,50,0,1,30004,2025/08/14 12:00:00,2050/01/01 4:59:59
320434,3,300002,0,0,0,0,2460,730,135,730,90,43,50,0,1,30004,2025/08/14 12:00:00,2050/01/01 4:59:59
320435,3,300002,0,0,0,0,2480,730,136,730,90,43,50,0,1,30004,2025/08/14 12:00:00,2050/01/01 4:59:59
320436,3,300002,0,0,0,0,2500,730,137,730,90,43,50,0,1,30004,2025/08/14 12:00:00,2050/01/01 4:59:59
320437,3,300002,0,0,0,0,2520,730,138,730,90,43,50,0,1,30004,2025/08/14 12:00:00,2050/01/01 4:59:59
320438,3,300002,0,0,0,0,2540,730,139,730,90,43,50,0,1,30004,2025/08/14 12:00:00,2050/01/01 4:59:59
320439,3,300002,0,0,0,0,2560,730,140,730,90,43,50,0,1,30004,2025/08/14 12:00:00,2050/01/01 4:59:59
320440,3,300002,0,0,0,0,2580,730,141,730,90,43,50,0,1,30004,2025/08/14 12:00:00,2050/01/01 4:59:59
320441,3,300002,0,0,0,0,2600,730,142,730,90,43,50,0,1,30004,2025/08/14 12:00:00,2050/01/01 4:59:59
320442,3,300002,0,0,0,0,2620,730,143,730,90,43,50,0,1,30004,2025/08/14 12:00:00,2050/01/01 4:59:59
320443,3,300002,0,0,0,0,2640,730,144,730,90,43,50,0,1,30004,2025/08/14 12:00:00,2050/01/01 4:59:59
320444,3,300002,0,0,0,0,2660,730,145,730,90,43,50,0,1,30004,2025/08/14 12:00:00,2050/01/01 4:59:59
320445,3,300002,0,0,0,0,2680,730,146,730,90,43,50,0,1,30004,2025/08/14 12:00:00,2050/01/01 4:59:59
320446,3,300002,0,0,0,0,2700,730,147,730,90,43,50,0,1,30004,2025/08/14 12:00:00,2050/01/01 4:59:59
320447,3,300002,0,0,0,0,2720,730,148,730,90,43,50,0,1,30004,2025/08/14 12:00:00,2050/01/01 4:59:59
320448,3,300002,0,0,0,0,2740,730,149,730,90,43,50,0,1,30004,2025/08/14 12:00:00,2050/01/01 4:59:59
320449,3,300002,0,0,0,0,2760,730,150,730,90,43,50,0,1,30004,2025/08/14 12:00:00,2050/01/01 4:59:59
320450,3,300002,0,0,0,0,2780,730,151,730,90,43,50,0,1,30004,2025/08/14 12:00:00,2050/01/01 4:59:59
320451,3,300002,0,0,0,0,2800,730,152,730,90,43,50,0,1,30004,2025/08/14 12:00:00,2050/01/01 4:59:59
320452,3,300002,0,0,0,0,2820,730,153,730,90,43,50,0,1,30004,2025/08/14 12:00:00,2050/01/01 4:59:59
320453,3,300002,0,0,0,0,2840,730,154,730,90,43,50,0,1,30004,2025/08/14 12:00:00,2050/01/01 4:59:59
320454,3,300002,0,0,0,0,2860,730,155,730,90,43,50,0,1,30004,2025/08/14 12:00:00,2050/01/01 4:59:59
320455,3,300002,0,0,0,0,2880,730,156,730,90,43,50,0,1,30004,2025/08/14 12:00:00,2050/01/01 4:59:59
320456,3,300002,0,0,0,0,2900,730,157,730,90,43,50,0,1,30004,2025/08/14 12:00:00,2050/01/01 4:59:59
320457,3,300002,0,0,0,0,2920,730,158,730,90,43,50,0,1,30004,2025/08/14 12:00:00,2050/01/01 4:59:59
320458,3,300002,0,0,0,0,2940,730,159,730,90,43,50,0,1,30004,2025/08/14 12:00:00,2050/01/01 4:59:59
320459,3,300002,0,0,0,0,2960,730,160,730,90,43,50,0,1,30004,2025/08/14 12:00:00,2050/01/01 4:59:59
320460,3,300002,0,0,0,0,2980,730,161,730,90,43,50,0,1,30004,2025/08/14 12:00:00,2050/01/01 4:59:59
320461,3,300002,0,0,0,0,3000,730,162,730,90,43,50,0,1,30004,2025/08/14 12:00:00,2050/01/01 4:59:59
320462,3,300002,0,0,0,0,3020,730,163,730,90,43,50,0,1,30004,2025/08/14 12:00:00,2050/01/01 4:59:59
320463,3,300002,0,0,0,0,3040,730,164,730,90,43,50,0,1,30004,2025/08/14 12:00:00,2050/01/01 4:59:59
320464,3,300002,0,0,0,0,3060,730,165,730,90,43,50,0,1,30004,2025/08/14 12:00:00,2050/01/01 4:59:59
320465,3,300002,0,0,0,0,3080,730,166,730,90,43,50,0,1,30004,2025/08/14 12:00:00,2050/01/01 4:59:59
320466,3,300002,0,0,0,0,3100,730,167,730,90,43,50,0,1,30004,2025/08/14 12:00:00,2050/01/01 4:59:59
320467,3,300002,0,0,0,0,3120,730,168,730,90,43,50,0,1,30004,2025/08/14 12:00:00,2050/01/01 4:59:59
320468,3,300002,0,0,0,0,3140,730,169,730,90,43,50,0,1,30004,2025/08/14 12:00:00,2050/01/01 4:59:59
320469,3,300002,0,0,0,0,3160,730,170,730,90,43,50,0,1,30004,2025/08/14 12:00:00,2050/01/01 4:59:59
320470,3,300002,0,0,0,0,3180,730,171,730,90,43,50,0,1,30004,2025/08/14 12:00:00,2050/01/01 4:59:59
320471,3,300002,0,0,0,0,3200,730,172,730,90,43,50,0,1,30004,2025/08/14 12:00:00,2050/01/01 4:59:59
321000,3,300005,5,0,0,0,1,1200,1,1200,90,43,50,0,0,30002,2017/07/01 1:00:00,2050/01/01 4:59:59
321001,3,300005,5,0,0,0,2,1200,2,1200,90,43,50,0,0,30002,2017/07/01 1:00:00,2050/01/01 4:59:59
321002,3,300005,5,0,0,0,3,1200,3,1200,90,43,50,0,0,30002,2017/07/01 1:00:00,2050/01/01 4:59:59
321003,3,300005,5,0,0,0,4,1200,4,1200,90,43,50,0,0,30002,2017/07/01 1:00:00,2050/01/01 4:59:59
321004,3,300005,5,0,0,0,5,1200,5,1200,90,43,50,0,0,30002,2017/07/01 1:00:00,2050/01/01 4:59:59
321005,3,300005,5,0,0,0,6,1200,6,1200,90,43,50,0,0,30002,2017/07/01 1:00:00,2050/01/01 4:59:59
321006,3,300005,5,0,0,0,7,1200,7,1200,90,43,50,0,0,30002,2017/07/01 1:00:00,2050/01/01 4:59:59
321007,3,300005,5,0,0,0,8,1200,8,1200,90,43,50,0,0,30002,2017/07/01 1:00:00,2050/01/01 4:59:59
321008,3,300005,5,0,0,0,9,1200,9,1200,90,43,50,0,0,30002,2017/07/01 1:00:00,2050/01/01 4:59:59
321009,3,300005,5,0,0,0,10,1200,10,1200,90,43,50,0,0,30002,2017/07/01 1:00:00,2050/01/01 4:59:59
321010,3,300005,5,0,0,0,11,1200,11,1200,90,43,50,0,0,30002,2017/07/01 1:00:00,2050/01/01 4:59:59
321011,3,300005,5,0,0,0,12,1200,12,1200,90,43,50,0,0,30002,2017/07/01 1:00:00,2050/01/01 4:59:59
321012,3,300005,5,0,0,0,13,1200,13,1200,90,43,50,0,0,30002,2017/07/01 1:00:00,2050/01/01 4:59:59
321013,3,300005,5,0,0,0,14,1200,14,1200,90,43,50,0,0,30002,2017/07/01 1:00:00,2050/01/01 4:59:59
321014,3,300005,5,0,0,0,15,1200,15,1200,90,43,50,0,0,30002,2017/07/01 1:00:00,2050/01/01 4:59:59
321015,3,300005,5,0,0,0,16,1200,16,1200,90,43,50,0,0,30002,2017/07/01 1:00:00,2050/01/01 4:59:59
321016,3,300005,5,0,0,0,17,1200,17,1200,90,43,50,0,0,30002,2017/07/01 1:00:00,2050/01/01 4:59:59
321017,3,300005,5,0,0,0,18,1200,18,1200,90,43,50,0,0,30002,2017/07/01 1:00:00,2050/01/01 4:59:59
321018,3,300005,5,0,0,0,19,1200,19,1200,90,43,50,0,0,30002,2017/07/01 1:00:00,2050/01/01 4:59:59
321019,3,300005,5,0,0,0,20,1200,20,1200,90,43,50,0,0,30002,2017/07/01 1:00:00,2050/01/01 4:59:59
321020,3,300005,5,0,0,0,21,1200,21,1200,90,43,50,0,0,30002,2017/07/01 1:00:00,2050/01/01 4:59:59
321021,3,300005,5,0,0,0,22,1200,22,1200,90,43,50,0,0,30002,2017/07/01 1:00:00,2050/01/01 4:59:59
321022,3,300005,5,0,0,0,23,1200,23,1200,90,43,50,0,0,30002,2017/07/01 1:00:00,2050/01/01 4:59:59
321023,3,300005,5,0,0,0,24,1200,24,1200,90,43,50,0,0,30002,2017/07/01 1:00:00,2050/01/01 4:59:59
321024,3,300005,5,0,0,0,25,1200,25,1200,90,43,50,0,0,30002,2017/07/01 1:00:00,2050/01/01 4:59:59
321025,3,300005,5,0,0,0,26,1200,26,1200,90,43,50,0,0,30002,2017/07/01 1:00:00,2050/01/01 4:59:59
321026,3,300005,5,0,0,0,27,1200,27,1200,90,43,50,0,0,30002,2017/07/01 1:00:00,2050/01/01 4:59:59
321027,3,300005,5,0,0,0,28,1200,28,1200,90,43,50,0,0,30002,2017/07/01 1:00:00,2050/01/01 4:59:59
321028,3,300005,5,0,0,0,29,1200,29,1200,90,43,50,0,0,30002,2017/07/01 1:00:00,2050/01/01 4:59:59
321029,3,300005,5,0,0,0,30,1200,30,1200,90,43,50,0,0,30002,2017/07/01 1:00:00,2050/01/01 4:59:59
321030,3,300005,5,0,0,0,32,1200,31,1200,90,43,50,0,0,30002,2017/07/01 1:00:00,2050/01/01 4:59:59
321031,3,300005,5,0,0,0,34,1200,32,1200,90,43,50,0,0,30002,2017/07/01 1:00:00,2050/01/01 4:59:59
321032,3,300005,5,0,0,0,36,1200,33,1200,90,43,50,0,0,30002,2017/07/01 1:00:00,2050/01/01 4:59:59
321033,3,300005,5,0,0,0,38,1200,34,1200,90,43,50,0,0,30002,2017/07/01 1:00:00,2050/01/01 4:59:59
321034,3,300005,5,0,0,0,40,1200,35,1200,90,43,50,0,0,30002,2017/07/01 1:00:00,2050/01/01 4:59:59
321035,3,300005,5,0,0,0,42,1200,36,1200,90,43,50,0,0,30002,2017/07/01 1:00:00,2050/01/01 4:59:59
321036,3,300005,5,0,0,0,44,1200,37,1200,90,43,50,0,0,30002,2017/07/01 1:00:00,2050/01/01 4:59:59
321037,3,300005,5,0,0,0,46,1200,38,1200,90,43,50,0,0,30002,2017/07/01 1:00:00,2050/01/01 4:59:59
321038,3,300005,5,0,0,0,48,1200,39,1200,90,43,50,0,0,30002,2017/07/01 1:00:00,2050/01/01 4:59:59
321039,3,300005,5,0,0,0,50,1200,40,1200,90,43,50,0,0,30002,2017/07/01 1:00:00,2050/01/01 4:59:59
321040,3,300005,5,0,0,0,52,1200,41,1200,90,43,50,0,0,30002,2017/07/01 1:00:00,2050/01/01 4:59:59
321041,3,300005,5,0,0,0,54,1200,42,1200,90,43,50,0,0,30002,2017/07/01 1:00:00,2050/01/01 4:59:59
321042,3,300005,5,0,0,0,56,1200,43,1200,90,43,50,0,0,30002,2017/07/01 1:00:00,2050/01/01 4:59:59
321043,3,300005,5,0,0,0,58,1200,44,1200,90,43,50,0,0,30002,2017/07/01 1:00:00,2050/01/01 4:59:59
321044,3,300005,5,0,0,0,60,1200,45,1200,90,43,50,0,0,30002,2017/07/01 1:00:00,2050/01/01 4:59:59
321045,3,300005,5,0,0,0,62,1200,46,1200,90,43,50,0,0,30002,2017/07/01 1:00:00,2050/01/01 4:59:59
321046,3,300005,5,0,0,0,64,1200,47,1200,90,43,50,0,0,30002,2017/07/01 1:00:00,2050/01/01 4:59:59
321047,3,300005,5,0,0,0,66,1200,48,1200,90,43,50,0,0,30002,2017/07/01 1:00:00,2050/01/01 4:59:59
321048,3,300005,5,0,0,0,68,1200,49,1200,90,43,50,0,0,30002,2017/07/01 1:00:00,2050/01/01 4:59:59
321049,3,300005,5,0,0,0,70,1200,50,1200,90,43,50,0,0,30002,2017/07/01 1:00:00,2050/01/01 4:59:59
321050,3,300005,5,0,0,0,72,1200,51,1200,90,43,50,0,0,30002,2017/07/01 1:00:00,2050/01/01 4:59:59
321051,3,300005,5,0,0,0,74,1200,52,1200,90,43,50,0,0,30002,2017/07/01 1:00:00,2050/01/01 4:59:59
321052,3,300005,5,0,0,0,76,1200,53,1200,90,43,50,0,0,30002,2017/07/01 1:00:00,2050/01/01 4:59:59
321053,3,300005,5,0,0,0,78,1200,54,1200,90,43,50,0,0,30002,2017/07/01 1:00:00,2050/01/01 4:59:59
321054,3,300005,5,0,0,0,80,1200,55,1200,90,43,50,0,0,30002,2017/07/01 1:00:00,2050/01/01 4:59:59
321055,3,300005,5,0,0,0,82,1200,56,1200,90,43,50,0,0,30002,2017/07/01 1:00:00,2050/01/01 4:59:59
321056,3,300005,5,0,0,0,84,1200,57,1200,90,43,50,0,0,30002,2017/07/01 1:00:00,2050/01/01 4:59:59
321057,3,300005,5,0,0,0,86,1200,58,1200,90,43,50,0,0,30002,2017/07/01 1:00:00,2050/01/01 4:59:59
321058,3,300005,5,0,0,0,88,1200,59,1200,90,43,50,0,0,30002,2017/07/01 1:00:00,2050/01/01 4:59:59
321059,3,300005,5,0,0,0,90,1200,60,1200,90,43,50,0,0,30002,2017/07/01 1:00:00,2050/01/01 4:59:59
321060,3,300005,5,0,0,0,92,1200,61,1200,90,43,50,0,0,30002,2017/07/01 1:00:00,2050/01/01 4:59:59
321061,3,300005,5,0,0,0,94,1200,62,1200,90,43,50,0,0,30002,2017/07/01 1:00:00,2050/01/01 4:59:59
321062,3,300005,5,0,0,0,96,1200,63,1200,90,43,50,0,0,30002,2017/07/01 1:00:00,2050/01/01 4:59:59
321063,3,300005,5,0,0,0,98,1200,64,1200,90,43,50,0,0,30002,2017/07/01 1:00:00,2050/01/01 4:59:59
321064,3,300005,5,0,0,0,100,1200,65,1200,90,43,50,0,0,30002,2017/07/01 1:00:00,2050/01/01 4:59:59
321065,3,300005,5,0,0,0,102,1200,66,1200,90,43,50,0,0,30002,2017/07/01 1:00:00,2050/01/01 4:59:59
321066,3,300005,5,0,0,0,104,1200,67,1200,90,43,50,0,0,30002,2017/07/01 1:00:00,2050/01/01 4:59:59
321067,3,300005,5,0,0,0,106,1200,68,1200,90,43,50,0,0,30002,2017/07/01 1:00:00,2050/01/01 4:59:59
321068,3,300005,5,0,0,0,108,1200,69,1200,90,43,50,0,0,30002,2017/07/01 1:00:00,2050/01/01 4:59:59
321069,3,300005,5,0,0,0,110,1200,70,1200,90,43,50,0,0,30002,2017/07/01 1:00:00,2050/01/01 4:59:59
321070,3,300005,5,0,0,0,112,1200,71,1200,90,43,50,0,0,30002,2017/07/01 1:00:00,2050/01/01 4:59:59
321071,3,300005,5,0,0,0,114,1200,72,1200,90,43,50,0,0,30002,2017/07/01 1:00:00,2050/01/01 4:59:59
321072,3,300005,5,0,0,0,116,1200,73,1200,90,43,50,0,0,30002,2017/07/01 1:00:00,2050/01/01 4:59:59
321073,3,300005,5,0,0,0,118,1200,74,1200,90,43,50,0,0,30002,2017/07/01 1:00:00,2050/01/01 4:59:59
321074,3,300005,5,0,0,0,120,1200,75,1200,90,43,50,0,0,30002,2017/07/01 1:00:00,2050/01/01 4:59:59
321075,3,300005,5,0,0,0,122,1200,76,1200,90,43,50,0,0,30002,2017/07/01 1:00:00,2050/01/01 4:59:59
321076,3,300005,5,0,0,0,124,1200,77,1200,90,43,50,0,0,30002,2017/07/01 1:00:00,2050/01/01 4:59:59
321077,3,300005,5,0,0,0,126,1200,78,1200,90,43,50,0,0,30002,2017/07/01 1:00:00,2050/01/01 4:59:59
321078,3,300005,5,0,0,0,128,1200,79,1200,90,43,50,0,0,30002,2017/07/01 1:00:00,2050/01/01 4:59:59
321079,3,300005,5,0,0,0,130,1200,80,1200,90,43,50,0,0,30002,2017/07/01 1:00:00,2050/01/01 4:59:59
321080,3,300005,5,0,0,0,132,1200,81,1200,90,43,50,0,0,30002,2017/07/01 1:00:00,2050/01/01 4:59:59
321081,3,300005,5,0,0,0,134,1200,82,1200,90,43,50,0,0,30002,2017/07/01 1:00:00,2050/01/01 4:59:59
321082,3,300005,5,0,0,0,136,1200,83,1200,90,43,50,0,0,30002,2017/07/01 1:00:00,2050/01/01 4:59:59
321083,3,300005,5,0,0,0,138,1200,84,1200,90,43,50,0,0,30002,2017/07/01 1:00:00,2050/01/01 4:59:59
321084,3,300005,5,0,0,0,140,1200,85,1200,90,43,50,0,0,30002,2017/07/01 1:00:00,2050/01/01 4:59:59
321085,3,300005,5,0,0,0,142,1200,86,1200,90,43,50,0,0,30002,2017/07/01 1:00:00,2050/01/01 4:59:59
321086,3,300005,5,0,0,0,144,1200,87,1200,90,43,50,0,0,30002,2017/07/01 1:00:00,2050/01/01 4:59:59
321087,3,300005,5,0,0,0,146,1200,88,1200,90,43,50,0,0,30002,2017/07/01 1:00:00,2050/01/01 4:59:59
321088,3,300005,5,0,0,0,148,1200,89,1200,90,43,50,0,0,30002,2017/07/01 1:00:00,2050/01/01 4:59:59
321089,3,300005,5,0,0,0,150,1200,90,1200,90,43,50,0,0,30002,2017/07/01 1:00:00,2050/01/01 4:59:59
321090,3,300005,5,0,0,0,152,1200,91,1200,90,43,50,0,0,30002,2017/07/01 1:00:00,2050/01/01 4:59:59
321091,3,300005,5,0,0,0,154,1200,92,1200,90,43,50,0,0,30002,2017/07/01 1:00:00,2050/01/01 4:59:59
321092,3,300005,5,0,0,0,156,1200,93,1200,90,43,50,0,0,30002,2017/07/01 1:00:00,2050/01/01 4:59:59
321093,3,300005,5,0,0,0,158,1200,94,1200,90,43,50,0,0,30002,2017/07/01 1:00:00,2050/01/01 4:59:59
321094,3,300005,5,0,0,0,160,1200,95,1200,90,43,50,0,0,30002,2017/07/01 1:00:00,2050/01/01 4:59:59
321095,3,300005,5,0,0,0,162,1200,96,1200,90,43,50,0,0,30002,2017/07/01 1:00:00,2050/01/01 4:59:59
321096,3,300005,5,0,0,0,164,1200,97,1200,90,43,50,0,0,30002,2017/07/01 1:00:00,2050/01/01 4:59:59
321097,3,300005,5,0,0,0,166,1200,98,1200,90,43,50,0,0,30002,2017/07/01 1:00:00,2050/01/01 4:59:59
321098,3,300005,5,0,0,0,168,1200,99,1200,90,43,50,0,0,30002,2017/07/01 1:00:00,2050/01/01 4:59:59
321099,3,300005,5,0,0,0,170,1200,100,1200,90,43,50,0,0,30002,2017/07/01 1:00:00,2050/01/01 4:59:59
321100,3,300005,5,0,0,0,172,1200,101,1200,90,43,50,0,0,30002,2017/07/01 1:00:00,2050/01/01 4:59:59
321101,3,300005,5,0,0,0,174,1200,102,1200,90,43,50,0,0,30002,2017/07/01 1:00:00,2050/01/01 4:59:59
321102,3,300005,5,0,0,0,176,1200,103,1200,90,43,50,0,0,30002,2017/07/01 1:00:00,2050/01/01 4:59:59
321103,3,300005,5,0,0,0,178,1200,104,1200,90,43,50,0,0,30002,2017/07/01 1:00:00,2050/01/01 4:59:59
321104,3,300005,5,0,0,0,180,1200,105,1200,90,43,50,0,0,30002,2017/07/01 1:00:00,2050/01/01 4:59:59
321105,3,300005,5,0,0,0,182,1200,106,1200,90,43,50,0,0,30002,2017/07/01 1:00:00,2050/01/01 4:59:59
321106,3,300005,5,0,0,0,184,1200,107,1200,90,43,50,0,0,30002,2017/07/01 1:00:00,2050/01/01 4:59:59
321107,3,300005,5,0,0,0,186,1200,108,1200,90,43,50,0,0,30002,2017/07/01 1:00:00,2050/01/01 4:59:59
321108,3,300005,5,0,0,0,188,1200,109,1200,90,43,50,0,0,30002,2017/07/01 1:00:00,2050/01/01 4:59:59
321109,3,300005,5,0,0,0,190,1200,110,1200,90,43,50,0,0,30002,2017/07/01 1:00:00,2050/01/01 4:59:59
321110,3,300005,5,0,0,0,192,1200,111,1200,90,43,50,0,0,30002,2017/07/01 1:00:00,2050/01/01 4:59:59
321111,3,300005,5,0,0,0,194,1200,112,1200,90,43,50,0,0,30002,2017/07/01 1:00:00,2050/01/01 4:59:59
321112,3,300005,5,0,0,0,196,1200,113,1200,90,43,50,0,0,30002,2017/07/01 1:00:00,2050/01/01 4:59:59
321113,3,300005,5,0,0,0,198,1200,114,1200,90,43,50,0,0,30002,2017/07/01 1:00:00,2050/01/01 4:59:59
321114,3,300005,5,0,0,0,200,1200,115,1200,90,43,50,0,0,30002,2017/07/01 1:00:00,2050/01/01 4:59:59
321115,3,300005,5,0,0,0,202,1200,116,1200,90,43,50,0,0,30002,2017/07/01 1:00:00,2050/01/01 4:59:59
321116,3,300005,5,0,0,0,204,1200,117,1200,90,43,50,0,0,30002,2017/07/01 1:00:00,2050/01/01 4:59:59
321117,3,300005,5,0,0,0,206,1200,118,1200,90,43,50,0,0,30002,2017/07/01 1:00:00,2050/01/01 4:59:59
321118,3,300005,5,0,0,0,208,1200,119,1200,90,43,50,0,0,30002,2017/07/01 1:00:00,2050/01/01 4:59:59
321119,3,300005,5,0,0,0,210,1200,120,1200,90,43,50,0,0,30002,2017/07/01 1:00:00,2050/01/01 4:59:59
321120,3,300005,5,0,0,0,212,1200,121,1200,90,43,50,0,0,30002,2017/07/01 1:00:00,2050/01/01 4:59:59
321121,3,300005,5,0,0,0,214,1200,122,1200,90,43,50,0,0,30002,2017/07/01 1:00:00,2050/01/01 4:59:59
321122,3,300005,5,0,0,0,216,1200,123,1200,90,43,50,0,0,30002,2017/07/01 1:00:00,2050/01/01 4:59:59
321123,3,300005,5,0,0,0,218,1200,124,1200,90,43,50,0,0,30002,2017/07/01 1:00:00,2050/01/01 4:59:59
321124,3,300005,5,0,0,0,220,1200,125,1200,90,43,50,0,0,30002,2017/07/01 1:00:00,2050/01/01 4:59:59
321125,3,300005,5,0,0,0,222,1200,126,1200,90,43,50,0,0,30002,2017/07/01 1:00:00,2050/01/01 4:59:59
321126,3,300005,5,0,0,0,224,1200,127,1200,90,43,50,0,0,30002,2017/07/01 1:00:00,2050/01/01 4:59:59
321127,3,300005,5,0,0,0,226,1200,128,1200,90,43,50,0,0,30002,2017/07/01 1:00:00,2050/01/01 4:59:59
321128,3,300005,5,0,0,0,228,1200,129,1200,90,43,50,0,0,30002,2017/07/01 1:00:00,2050/01/01 4:59:59
321129,3,300005,5,0,0,0,230,1200,130,1200,90,43,50,0,0,30002,2017/07/01 1:00:00,2050/01/01 4:59:59
321130,3,300005,5,0,0,0,232,1200,131,1200,90,43,50,0,0,30002,2017/07/01 1:00:00,2050/01/01 4:59:59
321131,3,300005,5,0,0,0,234,1200,132,1200,90,43,50,0,0,30002,2017/07/01 1:00:00,2050/01/01 4:59:59
321132,3,300005,5,0,0,0,236,1200,133,1200,90,43,50,0,0,30002,2017/07/01 1:00:00,2050/01/01 4:59:59
321133,3,300005,5,0,0,0,238,1200,134,1200,90,43,50,0,0,30002,2017/07/01 1:00:00,2050/01/01 4:59:59
321134,3,300005,5,0,0,0,240,1200,135,1200,90,43,50,0,0,30002,2017/07/01 1:00:00,2050/01/01 4:59:59
321135,3,300005,5,0,0,0,242,1200,136,1200,90,43,50,0,0,30002,2017/07/01 1:00:00,2050/01/01 4:59:59
321136,3,300005,5,0,0,0,244,1200,137,1200,90,43,50,0,0,30002,2017/07/01 1:00:00,2050/01/01 4:59:59
321137,3,300005,5,0,0,0,246,1200,138,1200,90,43,50,0,0,30002,2017/07/01 1:00:00,2050/01/01 4:59:59
321138,3,300005,5,0,0,0,248,1200,139,1200,90,43,50,0,0,30002,2017/07/01 1:00:00,2050/01/01 4:59:59
321139,3,300005,5,0,0,0,250,1200,140,1200,90,43,50,0,0,30002,2017/07/01 1:00:00,2050/01/01 4:59:59
321140,3,300005,5,0,0,0,252,1200,141,1200,90,43,50,0,0,30002,2017/07/01 1:00:00,2050/01/01 4:59:59
321141,3,300005,5,0,0,0,254,1200,142,1200,90,43,50,0,0,30002,2017/07/01 1:00:00,2050/01/01 4:59:59
321142,3,300005,5,0,0,0,256,1200,143,1200,90,43,50,0,0,30002,2017/07/01 1:00:00,2050/01/01 4:59:59
321143,3,300005,5,0,0,0,258,1200,144,1200,90,43,50,0,0,30002,2017/07/01 1:00:00,2050/01/01 4:59:59
321144,3,300005,5,0,0,0,260,1200,145,1200,90,43,50,0,0,30002,2017/07/01 1:00:00,2050/01/01 4:59:59
321145,3,300005,5,0,0,0,262,1200,146,1200,90,43,50,0,0,30002,2017/07/01 1:00:00,2050/01/01 4:59:59
321146,3,300005,5,0,0,0,264,1200,147,1200,90,43,50,0,0,30002,2017/07/01 1:00:00,2050/01/01 4:59:59
321147,3,300005,5,0,0,0,266,1200,148,1200,90,43,50,0,0,30002,2017/07/01 1:00:00,2050/01/01 4:59:59
321148,3,300005,5,0,0,0,268,1200,149,1200,90,43,50,0,0,30002,2017/07/01 1:00:00,2050/01/01 4:59:59
321149,3,300005,5,0,0,0,270,1200,150,1200,90,43,50,0,0,30002,2017/07/01 1:00:00,2050/01/01 4:59:59
321150,3,300005,5,0,0,0,272,1200,151,1200,90,43,50,0,0,30002,2017/07/01 1:00:00,2050/01/01 4:59:59
321151,3,300005,5,0,0,0,274,1200,152,1200,90,43,50,0,0,30002,2017/07/01 1:00:00,2050/01/01 4:59:59
321152,3,300005,5,0,0,0,276,1200,153,1200,90,43,50,0,0,30002,2017/07/01 1:00:00,2050/01/01 4:59:59
321153,3,300005,5,0,0,0,278,1200,154,1200,90,43,50,0,0,30002,2017/07/01 1:00:00,2050/01/01 4:59:59
321154,3,300005,5,0,0,0,280,1200,155,1200,90,43,50,0,0,30002,2017/07/01 1:00:00,2050/01/01 4:59:59
321155,3,300005,5,0,0,0,282,1200,156,1200,90,43,50,0,0,30002,2017/07/01 1:00:00,2050/01/01 4:59:59
321156,3,300005,5,0,0,0,284,1200,157,1200,90,43,50,0,0,30002,2017/07/01 1:00:00,2050/01/01 4:59:59
321157,3,300005,5,0,0,0,286,1200,158,1200,90,43,50,0,0,30002,2017/07/01 1:00:00,2050/01/01 4:59:59
321158,3,300005,5,0,0,0,288,1200,159,1200,90,43,50,0,0,30002,2017/07/01 1:00:00,2050/01/01 4:59:59
321159,3,300005,5,0,0,0,290,1200,160,1200,90,43,50,0,0,30002,2017/07/01 1:00:00,2050/01/01 4:59:59
321160,3,300005,5,0,0,0,292,1200,161,1200,90,43,50,0,0,30002,2017/07/01 1:00:00,2050/01/01 4:59:59
321161,3,300005,5,0,0,0,294,1200,162,1200,90,43,50,0,0,30002,2017/07/01 1:00:00,2050/01/01 4:59:59
321162,3,300005,5,0,0,0,296,1200,163,1200,90,43,50,0,0,30002,2017/07/01 1:00:00,2050/01/01 4:59:59
321163,3,300005,5,0,0,0,298,1200,164,1200,90,43,50,0,0,30002,2017/07/01 1:00:00,2050/01/01 4:59:59
321164,3,300005,5,0,0,0,300,1200,165,1200,90,43,50,0,0,30002,2017/07/01 1:00:00,2050/01/01 4:59:59
321165,3,300005,5,0,0,0,302,1200,166,1200,90,43,50,0,0,30002,2017/07/01 1:00:00,2050/01/01 4:59:59
321166,3,300005,5,0,0,0,304,1200,167,1200,90,43,50,0,0,30002,2017/07/01 1:00:00,2050/01/01 4:59:59
321167,3,300005,5,0,0,0,306,1200,168,1200,90,43,50,0,0,30002,2017/07/01 1:00:00,2050/01/01 4:59:59
321168,3,300005,5,0,0,0,308,1200,169,1200,90,43,50,0,0,30002,2017/07/01 1:00:00,2050/01/01 4:59:59
321169,3,300005,5,0,0,0,310,1200,170,1200,90,43,50,0,0,30002,2017/07/01 1:00:00,2050/01/01 4:59:59
321170,3,300005,5,0,0,0,312,1200,171,1200,90,43,50,0,0,30002,2017/07/01 1:00:00,2050/01/01 4:59:59
321171,3,300005,5,0,0,0,314,1200,172,1200,90,43,50,0,0,30002,2017/07/01 1:00:00,2050/01/01 4:59:59
321172,3,300005,5,0,0,0,316,1200,173,1200,90,43,50,0,0,30002,2017/07/01 1:00:00,2050/01/01 4:59:59
321173,3,300005,5,0,0,0,318,1200,174,1200,90,43,50,0,0,30002,2017/07/01 1:00:00,2050/01/01 4:59:59
321174,3,300005,5,0,0,0,320,1200,175,1200,90,43,50,0,0,30002,2017/07/01 1:00:00,2050/01/01 4:59:59
321175,3,300005,5,0,0,0,322,1200,176,1200,90,43,50,0,0,30002,2017/07/01 1:00:00,2050/01/01 4:59:59
321176,3,300005,5,0,0,0,324,1200,177,1200,90,43,50,0,0,30002,2017/07/01 1:00:00,2050/01/01 4:59:59
321177,3,300005,5,0,0,0,326,1200,178,1200,90,43,50,0,0,30002,2017/07/01 1:00:00,2050/01/01 4:59:59
321178,3,300005,5,0,0,0,328,1200,179,1200,90,43,50,0,0,30002,2017/07/01 1:00:00,2050/01/01 4:59:59
321179,3,300005,5,0,0,0,330,1200,180,1200,90,43,50,0,0,30002,2017/07/01 1:00:00,2050/01/01 4:59:59
321180,3,300005,5,0,0,0,332,1200,181,1200,90,43,50,0,0,30002,2017/07/01 1:00:00,2050/01/01 4:59:59
321181,3,300005,5,0,0,0,334,1200,182,1200,90,43,50,0,0,30002,2017/07/01 1:00:00,2050/01/01 4:59:59
321182,3,300005,5,0,0,0,336,1200,183,1200,90,43,50,0,0,30002,2017/07/01 1:00:00,2050/01/01 4:59:59
321183,3,300005,5,0,0,0,338,1200,184,1200,90,43,50,0,0,30002,2017/07/01 1:00:00,2050/01/01 4:59:59
321184,3,300005,5,0,0,0,340,1200,185,1200,90,43,50,0,0,30002,2017/07/01 1:00:00,2050/01/01 4:59:59
321185,3,300005,5,0,0,0,342,1200,186,1200,90,43,50,0,0,30002,2017/07/01 1:00:00,2050/01/01 4:59:59
321186,3,300005,5,0,0,0,344,1200,187,1200,90,43,50,0,0,30002,2017/07/01 1:00:00,2050/01/01 4:59:59
321187,3,300005,5,0,0,0,346,1200,188,1200,90,43,50,0,0,30002,2017/07/01 1:00:00,2050/01/01 4:59:59
321188,3,300005,5,0,0,0,348,1200,189,1200,90,43,50,0,0,30002,2017/07/01 1:00:00,2050/01/01 4:59:59
321189,3,300005,5,0,0,0,350,1200,190,1200,90,43,50,0,0,30002,2017/07/01 1:00:00,2050/01/01 4:59:59
321190,3,300005,5,0,0,0,352,1200,191,1200,90,43,50,0,0,30002,2017/07/01 1:00:00,2050/01/01 4:59:59
321191,3,300005,5,0,0,0,354,1200,192,1200,90,43,50,0,0,30002,2017/07/01 1:00:00,2050/01/01 4:59:59
321192,3,300005,5,0,0,0,356,1200,193,1200,90,43,50,0,0,30002,2017/07/01 1:00:00,2050/01/01 4:59:59
321193,3,300005,5,0,0,0,358,1200,194,1200,90,43,50,0,0,30002,2017/07/01 1:00:00,2050/01/01 4:59:59
321194,3,300005,5,0,0,0,360,1200,195,1200,90,43,50,0,0,30002,2017/07/01 1:00:00,2050/01/01 4:59:59
321195,3,300005,5,0,0,0,362,1200,196,1200,90,43,50,0,0,30002,2017/07/01 1:00:00,2050/01/01 4:59:59
321196,3,300005,5,0,0,0,364,1200,197,1200,90,43,50,0,0,30002,2017/07/01 1:00:00,2050/01/01 4:59:59
321197,3,300005,5,0,0,0,366,1200,198,1200,90,43,50,0,0,30002,2017/07/01 1:00:00,2050/01/01 4:59:59
321198,3,300005,5,0,0,0,368,1200,199,1200,90,43,50,0,0,30002,2017/07/01 1:00:00,2050/01/01 4:59:59
321199,3,300005,5,0,0,0,370,1200,200,1200,90,43,50,0,0,30002,2017/07/01 1:00:00,2050/01/01 4:59:59
321200,3,300005,5,0,0,0,372,1200,201,1200,90,43,50,0,0,30002,2017/07/01 1:00:00,2050/01/01 4:59:59
321201,3,300005,5,0,0,0,374,1200,202,1200,90,43,50,0,0,30002,2017/07/01 1:00:00,2050/01/01 4:59:59
321202,3,300005,5,0,0,0,376,1200,203,1200,90,43,50,0,0,30002,2017/07/01 1:00:00,2050/01/01 4:59:59
321203,3,300005,5,0,0,0,378,1200,204,1200,90,43,50,0,0,30002,2017/07/01 1:00:00,2050/01/01 4:59:59
321204,3,300005,5,0,0,0,380,1200,205,1200,90,43,50,0,0,30002,2017/07/01 1:00:00,2050/01/01 4:59:59
321205,3,300005,5,0,0,0,382,1200,206,1200,90,43,50,0,0,30002,2017/07/01 1:00:00,2050/01/01 4:59:59
321206,3,300005,5,0,0,0,384,1200,207,1200,90,43,50,0,0,30002,2017/07/01 1:00:00,2050/01/01 4:59:59
321207,3,300005,5,0,0,0,386,1200,208,1200,90,43,50,0,0,30002,2017/07/01 1:00:00,2050/01/01 4:59:59
321208,3,300005,5,0,0,0,388,1200,209,1200,90,43,50,0,0,30002,2017/07/01 1:00:00,2050/01/01 4:59:59
321209,3,300005,5,0,0,0,390,1200,210,1200,90,43,50,0,0,30002,2017/07/01 1:00:00,2050/01/01 4:59:59
321210,3,300005,5,0,0,0,392,1200,211,1200,90,43,50,0,0,30002,2017/07/01 1:00:00,2050/01/01 4:59:59
321211,3,300005,5,0,0,0,394,1200,212,1200,90,43,50,0,0,30002,2017/07/01 1:00:00,2050/01/01 4:59:59
321212,3,300005,5,0,0,0,396,1200,213,1200,90,43,50,0,0,30002,2017/07/01 1:00:00,2050/01/01 4:59:59
321213,3,300005,5,0,0,0,398,1200,214,1200,90,43,50,0,0,30002,2017/07/01 1:00:00,2050/01/01 4:59:59
321214,3,300005,5,0,0,0,400,1200,215,1200,90,43,50,0,0,30002,2017/07/01 1:00:00,2050/01/01 4:59:59
322000,3,300004,0,0,0,0,495,700,101,700,90,43,50,0,1,30001,2022/02/24 12:00:00,2050/01/01 4:59:59
322001,3,300004,0,0,0,0,500,700,102,700,90,43,50,0,1,30001,2022/02/24 12:00:00,2050/01/01 4:59:59
322002,3,300004,0,0,0,0,505,700,103,700,90,43,50,0,1,30001,2022/02/24 12:00:00,2050/01/01 4:59:59
322003,3,300004,0,0,0,0,510,700,104,700,90,43,50,0,1,30001,2022/02/24 12:00:00,2050/01/01 4:59:59
322004,3,300004,0,0,0,0,515,700,105,700,90,43,50,0,1,30001,2022/02/24 12:00:00,2050/01/01 4:59:59
322005,3,300004,0,0,0,0,520,700,106,700,90,43,50,0,1,30001,2022/02/24 12:00:00,2050/01/01 4:59:59
322006,3,300004,0,0,0,0,525,700,107,700,90,43,50,0,1,30001,2022/02/24 12:00:00,2050/01/01 4:59:59
322007,3,300004,0,0,0,0,530,700,108,700,90,43,50,0,1,30001,2022/02/24 12:00:00,2050/01/01 4:59:59
322008,3,300004,0,0,0,0,535,700,109,700,90,43,50,0,1,30001,2022/02/24 12:00:00,2050/01/01 4:59:59
322009,3,300004,0,0,0,0,540,700,110,700,90,43,50,0,1,30001,2022/02/24 12:00:00,2050/01/01 4:59:59
322010,3,300004,0,0,0,0,545,700,111,700,90,43,50,0,1,30001,2022/02/24 12:00:00,2050/01/01 4:59:59
322011,3,300004,0,0,0,0,550,700,112,700,90,43,50,0,1,30001,2022/02/24 12:00:00,2050/01/01 4:59:59
322012,3,300004,0,0,0,0,555,700,113,700,90,43,50,0,1,30001,2022/02/24 12:00:00,2050/01/01 4:59:59
322013,3,300004,0,0,0,0,560,700,114,700,90,43,50,0,1,30001,2022/02/24 12:00:00,2050/01/01 4:59:59
322014,3,300004,0,0,0,0,565,700,115,700,90,43,50,0,1,30001,2022/02/24 12:00:00,2050/01/01 4:59:59
322015,3,300004,0,0,0,0,570,700,116,700,90,43,50,0,1,30001,2022/02/24 12:00:00,2050/01/01 4:59:59
322016,3,300004,0,0,0,0,575,700,117,700,90,43,50,0,1,30001,2022/02/24 12:00:00,2050/01/01 4:59:59
322017,3,300004,0,0,0,0,580,700,118,700,90,43,50,0,1,30001,2022/02/24 12:00:00,2050/01/01 4:59:59
322018,3,300004,0,0,0,0,585,700,119,700,90,43,50,0,1,30001,2022/02/24 12:00:00,2050/01/01 4:59:59
322019,3,300004,0,0,0,0,590,700,120,700,90,43,50,0,1,30001,2022/02/24 12:00:00,2050/01/01 4:59:59
322020,3,300004,0,0,0,0,595,700,121,700,90,43,50,0,1,30001,2022/02/24 12:00:00,2050/01/01 4:59:59
322021,3,300004,0,0,0,0,600,700,122,700,90,43,50,0,1,30001,2022/02/24 12:00:00,2050/01/01 4:59:59
322022,3,300004,0,0,0,0,605,700,123,700,90,43,50,0,1,30001,2022/02/24 12:00:00,2050/01/01 4:59:59
322023,3,300004,0,0,0,0,610,700,124,700,90,43,50,0,1,30001,2022/02/24 12:00:00,2050/01/01 4:59:59
322024,3,300004,0,0,0,0,615,700,125,700,90,43,50,0,1,30001,2022/02/24 12:00:00,2050/01/01 4:59:59
322025,3,300004,0,0,0,0,620,700,126,700,90,43,50,0,1,30001,2022/02/24 12:00:00,2050/01/01 4:59:59
322026,3,300004,0,0,0,0,625,700,127,700,90,43,50,0,1,30001,2022/02/24 12:00:00,2050/01/01 4:59:59
322027,3,300004,0,0,0,0,630,700,128,700,90,43,50,0,1,30001,2022/02/24 12:00:00,2050/01/01 4:59:59
322028,3,300004,0,0,0,0,635,700,129,700,90,43,50,0,1,30001,2022/02/24 12:00:00,2050/01/01 4:59:59
322029,3,300004,0,0,0,0,640,700,130,700,90,43,50,0,1,30001,2022/02/24 12:00:00,2050/01/01 4:59:59
322030,3,300004,0,0,0,0,645,700,131,700,90,43,50,0,1,30001,2022/02/24 12:00:00,2050/01/01 4:59:59
322031,3,300004,0,0,0,0,650,700,132,700,90,43,50,0,1,30001,2022/02/24 12:00:00,2050/01/01 4:59:59
322032,3,300004,0,0,0,0,655,700,133,700,90,43,50,0,1,30001,2022/02/24 12:00:00,2050/01/01 4:59:59
322033,3,300004,0,0,0,0,660,700,134,700,90,43,50,0,1,30001,2022/02/24 12:00:00,2050/01/01 4:59:59
322034,3,300004,0,0,0,0,665,700,135,700,90,43,50,0,1,30001,2022/02/24 12:00:00,2050/01/01 4:59:59
322035,3,300004,0,0,0,0,670,700,136,700,90,43,50,0,1,30001,2022/02/24 12:00:00,2050/01/01 4:59:59
322036,3,300004,0,0,0,0,675,700,137,700,90,43,50,0,1,30001,2022/02/24 12:00:00,2050/01/01 4:59:59
322037,3,300004,0,0,0,0,680,700,138,700,90,43,50,0,1,30001,2022/02/24 12:00:00,2050/01/01 4:59:59
322038,3,300004,0,0,0,0,685,700,139,700,90,43,50,0,1,30001,2022/02/24 12:00:00,2050/01/01 4:59:59
322039,3,300004,0,0,0,0,690,700,140,700,90,43,50,0,1,30001,2022/02/24 12:00:00,2050/01/01 4:59:59
322040,3,300004,0,0,0,0,695,700,141,700,90,43,50,0,1,30001,2022/02/24 12:00:00,2050/01/01 4:59:59
322041,3,300004,0,0,0,0,700,700,142,700,90,43,50,0,1,30001,2022/02/24 12:00:00,2050/01/01 4:59:59
322042,3,300004,0,0,0,0,705,700,143,700,90,43,50,0,1,30001,2022/02/24 12:00:00,2050/01/01 4:59:59
322043,3,300004,0,0,0,0,710,700,144,700,90,43,50,0,1,30001,2022/02/24 12:00:00,2050/01/01 4:59:59
322044,3,300004,0,0,0,0,715,700,145,700,90,43,50,0,1,30001,2022/02/24 12:00:00,2050/01/01 4:59:59
322045,3,300004,0,0,0,0,720,700,146,700,90,43,50,0,1,30001,2022/02/24 12:00:00,2050/01/01 4:59:59
322046,3,300004,0,0,0,0,725,700,147,700,90,43,50,0,1,30001,2022/02/24 12:00:00,2050/01/01 4:59:59
322047,3,300004,0,0,0,0,730,700,148,700,90,43,50,0,1,30001,2022/02/24 12:00:00,2050/01/01 4:59:59
322048,3,300004,0,0,0,0,735,700,149,700,90,43,50,0,1,30001,2022/02/24 12:00:00,2050/01/01 4:59:59
322049,3,300004,0,0,0,0,740,700,150,700,90,43,50,0,1,30001,2022/02/24 12:00:00,2050/01/01 4:59:59
322050,3,300004,0,0,0,0,745,700,151,700,90,43,50,0,1,30001,2022/02/24 12:00:00,2050/01/01 4:59:59
322051,3,300004,0,0,0,0,750,700,152,700,90,43,50,0,1,30001,2022/02/24 12:00:00,2050/01/01 4:59:59
322052,3,300004,0,0,0,0,755,700,153,700,90,43,50,0,1,30001,2022/02/24 12:00:00,2050/01/01 4:59:59
322053,3,300004,0,0,0,0,760,700,154,700,90,43,50,0,1,30001,2022/02/24 12:00:00,2050/01/01 4:59:59
322054,3,300004,0,0,0,0,765,700,155,700,90,43,50,0,1,30001,2022/02/24 12:00:00,2050/01/01 4:59:59
322055,3,300004,0,0,0,0,770,700,156,700,90,43,50,0,1,30001,2022/02/24 12:00:00,2050/01/01 4:59:59
322056,3,300004,0,0,0,0,775,700,157,700,90,43,50,0,1,30001,2022/02/24 12:00:00,2050/01/01 4:59:59
322057,3,300004,0,0,0,0,780,700,158,700,90,43,50,0,1,30001,2022/02/24 12:00:00,2050/01/01 4:59:59
322058,3,300004,0,0,0,0,785,700,159,700,90,43,50,0,1,30001,2022/02/24 12:00:00,2050/01/01 4:59:59
322059,3,300004,0,0,0,0,790,700,160,700,90,43,50,0,1,30001,2022/02/24 12:00:00,2050/01/01 4:59:59
322060,3,300004,0,0,0,0,795,700,161,700,90,43,50,0,1,30001,2022/02/24 12:00:00,2050/01/01 4:59:59
322061,3,300004,0,0,0,0,800,700,162,700,90,43,50,0,1,30001,2022/02/24 12:00:00,2050/01/01 4:59:59
322062,3,300004,0,0,0,0,805,700,163,700,90,43,50,0,1,30001,2023/07/21 12:00:00,2050/01/01 4:59:59
322063,3,300004,0,0,0,0,810,700,164,700,90,43,50,0,1,30001,2023/07/21 12:00:00,2050/01/01 4:59:59
322064,3,300004,0,0,0,0,815,700,165,700,90,43,50,0,1,30001,2023/07/21 12:00:00,2050/01/01 4:59:59
322065,3,300004,0,0,0,0,820,700,166,700,90,43,50,0,1,30001,2023/07/21 12:00:00,2050/01/01 4:59:59
322066,3,300004,0,0,0,0,825,700,167,700,90,43,50,0,1,30001,2023/07/21 12:00:00,2050/01/01 4:59:59
322067,3,300004,0,0,0,0,830,700,168,700,90,43,50,0,1,30001,2023/07/21 12:00:00,2050/01/01 4:59:59
322068,3,300004,0,0,0,0,835,700,169,700,90,43,50,0,1,30001,2023/07/21 12:00:00,2050/01/01 4:59:59
322069,3,300004,0,0,0,0,840,700,170,700,90,43,50,0,1,30001,2023/07/21 12:00:00,2050/01/01 4:59:59
322070,3,300004,0,0,0,0,845,700,171,700,90,43,50,0,1,30001,2023/07/21 12:00:00,2050/01/01 4:59:59
322071,3,300004,0,0,0,0,850,700,172,700,90,43,50,0,1,30001,2023/07/21 12:00:00,2050/01/01 4:59:59
322072,3,300004,0,0,0,0,855,700,173,700,90,43,50,0,1,30001,2023/07/21 12:00:00,2050/01/01 4:59:59
322073,3,300004,0,0,0,0,860,700,174,700,90,43,50,0,1,30001,2023/07/21 12:00:00,2050/01/01 4:59:59
322074,3,300004,0,0,0,0,865,700,175,700,90,43,50,0,1,30001,2023/07/21 12:00:00,2050/01/01 4:59:59
322075,3,300004,0,0,0,0,870,700,176,700,90,43,50,0,1,30001,2023/07/21 12:00:00,2050/01/01 4:59:59
322076,3,300004,0,0,0,0,875,700,177,700,90,43,50,0,1,30001,2023/07/21 12:00:00,2050/01/01 4:59:59
322077,3,300004,0,0,0,0,880,700,178,700,90,43,50,0,1,30001,2023/07/21 12:00:00,2050/01/01 4:59:59
322078,3,300004,0,0,0,0,885,700,179,700,90,43,50,0,1,30001,2023/07/21 12:00:00,2050/01/01 4:59:59
322079,3,300004,0,0,0,0,890,700,180,700,90,43,50,0,1,30001,2023/07/21 12:00:00,2050/01/01 4:59:59
322080,3,300004,0,0,0,0,895,700,181,700,90,43,50,0,1,30001,2023/07/21 12:00:00,2050/01/01 4:59:59
322081,3,300004,0,0,0,0,900,700,182,700,90,43,50,0,1,30001,2023/07/21 12:00:00,2050/01/01 4:59:59
322082,3,300004,0,0,0,0,905,700,183,700,90,43,50,0,1,30001,2023/07/21 12:00:00,2050/01/01 4:59:59
322083,3,300004,0,0,0,0,910,700,184,700,90,43,50,0,1,30001,2023/07/21 12:00:00,2050/01/01 4:59:59
322084,3,300004,0,0,0,0,915,700,185,700,90,43,50,0,1,30001,2023/07/21 12:00:00,2050/01/01 4:59:59
322085,3,300004,0,0,0,0,920,700,186,700,90,43,50,0,1,30001,2023/07/21 12:00:00,2050/01/01 4:59:59
322086,3,300004,0,0,0,0,925,700,187,700,90,43,50,0,1,30001,2023/07/21 12:00:00,2050/01/01 4:59:59
322087,3,300004,0,0,0,0,930,700,188,700,90,43,50,0,1,30001,2023/07/21 12:00:00,2050/01/01 4:59:59
322088,3,300004,0,0,0,0,935,700,189,700,90,43,50,0,1,30001,2023/07/21 12:00:00,2050/01/01 4:59:59
322089,3,300004,0,0,0,0,940,700,190,700,90,43,50,0,1,30001,2023/07/21 12:00:00,2050/01/01 4:59:59
322090,3,300004,0,0,0,0,945,700,191,700,90,43,50,0,1,30001,2023/07/21 12:00:00,2050/01/01 4:59:59
322091,3,300004,0,0,0,0,950,700,192,700,90,43,50,0,1,30001,2023/07/21 12:00:00,2050/01/01 4:59:59
322092,3,300004,0,0,0,0,955,700,193,700,90,43,50,0,1,30001,2023/07/21 12:00:00,2050/01/01 4:59:59
322093,3,300004,0,0,0,0,960,700,194,700,90,43,50,0,1,30001,2023/07/21 12:00:00,2050/01/01 4:59:59
322094,3,300004,0,0,0,0,965,700,195,700,90,43,50,0,1,30001,2023/07/21 12:00:00,2050/01/01 4:59:59
322095,3,300004,0,0,0,0,970,700,196,700,90,43,50,0,1,30001,2023/07/21 12:00:00,2050/01/01 4:59:59
322096,3,300004,0,0,0,0,975,700,197,700,90,43,50,0,1,30001,2023/07/21 12:00:00,2050/01/01 4:59:59
322097,3,300004,0,0,0,0,980,700,198,700,90,43,50,0,1,30001,2023/07/21 12:00:00,2050/01/01 4:59:59
322098,3,300004,0,0,0,0,985,700,199,700,90,43,50,0,1,30001,2023/07/21 12:00:00,2050/01/01 4:59:59
322099,3,300004,0,0,0,0,990,700,200,700,90,43,50,0,1,30001,2023/07/21 12:00:00,2050/01/01 4:59:59
322100,3,300004,0,0,0,0,995,700,201,700,90,43,50,0,1,30001,2023/07/21 12:00:00,2050/01/01 4:59:59
322101,3,300004,0,0,0,0,1000,700,202,700,90,43,50,0,1,30001,2023/07/21 12:00:00,2050/01/01 4:59:59
322102,3,300004,0,0,0,0,1005,700,203,700,90,43,50,0,1,30001,2023/07/21 12:00:00,2050/01/01 4:59:59
322103,3,300004,0,0,0,0,1010,700,204,700,90,43,50,0,1,30001,2023/07/21 12:00:00,2050/01/01 4:59:59
322104,3,300004,0,0,0,0,1015,700,205,700,90,43,50,0,1,30001,2023/07/21 12:00:00,2050/01/01 4:59:59
322105,3,300004,0,0,0,0,1020,700,206,700,90,43,50,0,1,30001,2023/07/21 12:00:00,2050/01/01 4:59:59
322106,3,300004,0,0,0,0,1025,700,207,700,90,43,50,0,1,30001,2023/07/21 12:00:00,2050/01/01 4:59:59
322107,3,300004,0,0,0,0,1030,700,208,700,90,43,50,0,1,30001,2023/07/21 12:00:00,2050/01/01 4:59:59
322108,3,300004,0,0,0,0,1035,700,209,700,90,43,50,0,1,30001,2023/07/21 12:00:00,2050/01/01 4:59:59
322109,3,300004,0,0,0,0,1040,700,210,700,90,43,50,0,1,30001,2023/07/21 12:00:00,2050/01/01 4:59:59
322110,3,300004,0,0,0,0,1045,700,211,700,90,43,50,0,1,30001,2023/07/21 12:00:00,2050/01/01 4:59:59
322111,3,300004,0,0,0,0,1050,700,212,700,90,43,50,0,1,30001,2023/07/21 12:00:00,2050/01/01 4:59:59
322112,3,300004,0,0,0,0,1055,700,213,700,90,43,50,0,1,30001,2023/07/21 12:00:00,2050/01/01 4:59:59
322113,3,300004,0,0,0,0,1060,700,214,700,90,43,50,0,1,30001,2023/07/21 12:00:00,2050/01/01 4:59:59
322114,3,300004,0,0,0,0,1065,700,215,700,90,43,50,0,1,30001,2023/07/21 12:00:00,2050/01/01 4:59:59
322115,3,300004,0,0,0,0,1070,700,216,700,90,43,50,0,1,30001,2023/07/21 12:00:00,2050/01/01 4:59:59
322116,3,300004,0,0,0,0,1075,700,217,700,90,43,50,0,1,30001,2023/07/21 12:00:00,2050/01/01 4:59:59
322117,3,300004,0,0,0,0,1080,700,218,700,90,43,50,0,1,30001,2023/07/21 12:00:00,2050/01/01 4:59:59
322118,3,300004,0,0,0,0,1085,700,219,700,90,43,50,0,1,30001,2023/07/21 12:00:00,2050/01/01 4:59:59
322119,3,300004,0,0,0,0,1090,700,220,700,90,43,50,0,1,30001,2023/07/21 12:00:00,2050/01/01 4:59:59
322120,3,300004,0,0,0,0,1095,700,221,700,90,43,50,0,1,30001,2023/07/21 12:00:00,2050/01/01 4:59:59
322121,3,300004,0,0,0,0,1100,700,222,700,90,43,50,0,1,30001,2023/07/21 12:00:00,2050/01/01 4:59:59
322122,3,300004,0,0,0,0,1105,700,223,700,90,43,50,0,1,30001,2023/07/21 12:00:00,2050/01/01 4:59:59
322123,3,300004,0,0,0,0,1110,700,224,700,90,43,50,0,1,30001,2023/07/21 12:00:00,2050/01/01 4:59:59
322124,3,300004,0,0,0,0,1115,700,225,700,90,43,50,0,1,30001,2023/07/21 12:00:00,2050/01/01 4:59:59
322125,3,300004,0,0,0,0,1120,700,226,700,90,43,50,0,1,30001,2023/07/21 12:00:00,2050/01/01 4:59:59
322126,3,300004,0,0,0,0,1125,700,227,700,90,43,50,0,1,30001,2023/07/21 12:00:00,2050/01/01 4:59:59
322127,3,300004,0,0,0,0,1130,700,228,700,90,43,50,0,1,30001,2023/07/21 12:00:00,2050/01/01 4:59:59
322128,3,300004,0,0,0,0,1135,700,229,700,90,43,50,0,1,30001,2023/07/21 12:00:00,2050/01/01 4:59:59
322129,3,300004,0,0,0,0,1140,700,230,700,90,43,50,0,1,30001,2023/07/21 12:00:00,2050/01/01 4:59:59
322130,3,300004,0,0,0,0,1145,700,231,700,90,43,50,0,1,30001,2023/07/21 12:00:00,2050/01/01 4:59:59
322131,3,300004,0,0,0,0,1150,700,232,700,90,43,50,0,1,30001,2023/07/21 12:00:00,2050/01/01 4:59:59
322132,3,300004,0,0,0,0,1155,700,233,700,90,43,50,0,1,30001,2023/07/21 12:00:00,2050/01/01 4:59:59
322133,3,300004,0,0,0,0,1160,700,234,700,90,43,50,0,1,30001,2023/07/21 12:00:00,2050/01/01 4:59:59
322134,3,300004,0,0,0,0,1165,700,235,700,90,43,50,0,1,30001,2023/07/21 12:00:00,2050/01/01 4:59:59
322135,3,300004,0,0,0,0,1170,700,236,700,90,43,50,0,1,30001,2023/07/21 12:00:00,2050/01/01 4:59:59
322136,3,300004,0,0,0,0,1175,700,237,700,90,43,50,0,1,30001,2023/07/21 12:00:00,2050/01/01 4:59:59
322137,3,300004,0,0,0,0,1180,700,238,700,90,43,50,0,1,30001,2023/07/21 12:00:00,2050/01/01 4:59:59
322138,3,300004,0,0,0,0,1185,700,239,700,90,43,50,0,1,30001,2023/07/21 12:00:00,2050/01/01 4:59:59
322139,3,300004,0,0,0,0,1190,700,240,700,90,43,50,0,1,30001,2023/07/21 12:00:00,2050/01/01 4:59:59
322140,3,300004,0,0,0,0,1195,700,241,700,90,43,50,0,1,30001,2023/07/21 12:00:00,2050/01/01 4:59:59
322141,3,300004,0,0,0,0,1200,700,242,700,90,43,50,0,1,30001,2023/07/21 12:00:00,2050/01/01 4:59:59
322142,3,300004,0,0,0,0,1205,700,243,700,90,43,50,0,1,30001,2024/03/29 12:00:00,2050/01/01 4:59:59
322143,3,300004,0,0,0,0,1210,700,244,700,90,43,50,0,1,30001,2024/03/29 12:00:00,2050/01/01 4:59:59
322144,3,300004,0,0,0,0,1215,700,245,700,90,43,50,0,1,30001,2024/03/29 12:00:00,2050/01/01 4:59:59
322145,3,300004,0,0,0,0,1220,700,246,700,90,43,50,0,1,30001,2024/03/29 12:00:00,2050/01/01 4:59:59
322146,3,300004,0,0,0,0,1225,700,247,700,90,43,50,0,1,30001,2024/03/29 12:00:00,2050/01/01 4:59:59
322147,3,300004,0,0,0,0,1230,700,248,700,90,43,50,0,1,30001,2024/03/29 12:00:00,2050/01/01 4:59:59
322148,3,300004,0,0,0,0,1235,700,249,700,90,43,50,0,1,30001,2024/03/29 12:00:00,2050/01/01 4:59:59
322149,3,300004,0,0,0,0,1240,700,250,700,90,43,50,0,1,30001,2024/03/29 12:00:00,2050/01/01 4:59:59
322150,3,300004,0,0,0,0,1245,700,251,700,90,43,50,0,1,30001,2024/03/29 12:00:00,2050/01/01 4:59:59
322151,3,300004,0,0,0,0,1250,700,252,700,90,43,50,0,1,30001,2024/03/29 12:00:00,2050/01/01 4:59:59
322152,3,300004,0,0,0,0,1255,700,253,700,90,43,50,0,1,30001,2024/03/29 12:00:00,2050/01/01 4:59:59
322153,3,300004,0,0,0,0,1260,700,254,700,90,43,50,0,1,30001,2024/03/29 12:00:00,2050/01/01 4:59:59
322154,3,300004,0,0,0,0,1265,700,255,700,90,43,50,0,1,30001,2024/03/29 12:00:00,2050/01/01 4:59:59
322155,3,300004,0,0,0,0,1270,700,256,700,90,43,50,0,1,30001,2024/03/29 12:00:00,2050/01/01 4:59:59
322156,3,300004,0,0,0,0,1275,700,257,700,90,43,50,0,1,30001,2024/03/29 12:00:00,2050/01/01 4:59:59
322157,3,300004,0,0,0,0,1280,700,258,700,90,43,50,0,1,30001,2024/03/29 12:00:00,2050/01/01 4:59:59
322158,3,300004,0,0,0,0,1285,700,259,700,90,43,50,0,1,30001,2024/03/29 12:00:00,2050/01/01 4:59:59
322159,3,300004,0,0,0,0,1290,700,260,700,90,43,50,0,1,30001,2024/03/29 12:00:00,2050/01/01 4:59:59
322160,3,300004,0,0,0,0,1295,700,261,700,90,43,50,0,1,30001,2024/03/29 12:00:00,2050/01/01 4:59:59
322161,3,300004,0,0,0,0,1300,700,262,700,90,43,50,0,1,30001,2024/03/29 12:00:00,2050/01/01 4:59:59
322162,3,300004,0,0,0,0,1305,700,263,700,90,43,50,0,1,30001,2024/03/29 12:00:00,2050/01/01 4:59:59
322163,3,300004,0,0,0,0,1310,700,264,700,90,43,50,0,1,30001,2024/03/29 12:00:00,2050/01/01 4:59:59
322164,3,300004,0,0,0,0,1315,700,265,700,90,43,50,0,1,30001,2024/03/29 12:00:00,2050/01/01 4:59:59
322165,3,300004,0,0,0,0,1320,700,266,700,90,43,50,0,1,30001,2024/03/29 12:00:00,2050/01/01 4:59:59
322166,3,300004,0,0,0,0,1325,700,267,700,90,43,50,0,1,30001,2024/03/29 12:00:00,2050/01/01 4:59:59
322167,3,300004,0,0,0,0,1330,700,268,700,90,43,50,0,1,30001,2024/03/29 12:00:00,2050/01/01 4:59:59
322168,3,300004,0,0,0,0,1335,700,269,700,90,43,50,0,1,30001,2024/03/29 12:00:00,2050/01/01 4:59:59
322169,3,300004,0,0,0,0,1340,700,270,700,90,43,50,0,1,30001,2024/03/29 12:00:00,2050/01/01 4:59:59
322170,3,300004,0,0,0,0,1345,700,271,700,90,43,50,0,1,30001,2024/03/29 12:00:00,2050/01/01 4:59:59
322171,3,300004,0,0,0,0,1350,700,272,700,90,43,50,0,1,30001,2024/03/29 12:00:00,2050/01/01 4:59:59
322172,3,300004,0,0,0,0,1355,700,273,700,90,43,50,0,1,30001,2024/03/29 12:00:00,2050/01/01 4:59:59
322173,3,300004,0,0,0,0,1360,700,274,700,90,43,50,0,1,30001,2024/03/29 12:00:00,2050/01/01 4:59:59
322174,3,300004,0,0,0,0,1365,700,275,700,90,43,50,0,1,30001,2024/03/29 12:00:00,2050/01/01 4:59:59
322175,3,300004,0,0,0,0,1370,700,276,700,90,43,50,0,1,30001,2024/03/29 12:00:00,2050/01/01 4:59:59
322176,3,300004,0,0,0,0,1375,700,277,700,90,43,50,0,1,30001,2024/03/29 12:00:00,2050/01/01 4:59:59
322177,3,300004,0,0,0,0,1380,700,278,700,90,43,50,0,1,30001,2024/03/29 12:00:00,2050/01/01 4:59:59
322178,3,300004,0,0,0,0,1385,700,279,700,90,43,50,0,1,30001,2024/03/29 12:00:00,2050/01/01 4:59:59
322179,3,300004,0,0,0,0,1390,700,280,700,90,43,50,0,1,30001,2024/03/29 12:00:00,2050/01/01 4:59:59
322180,3,300004,0,0,0,0,1395,700,281,700,90,43,50,0,1,30001,2024/03/29 12:00:00,2050/01/01 4:59:59
322181,3,300004,0,0,0,0,1400,700,282,700,90,43,50,0,1,30001,2024/03/29 12:00:00,2050/01/01 4:59:59
322182,3,300004,0,0,0,0,1405,700,283,700,90,43,50,0,1,30001,2024/03/29 12:00:00,2050/01/01 4:59:59
322183,3,300004,0,0,0,0,1410,700,284,700,90,43,50,0,1,30001,2024/03/29 12:00:00,2050/01/01 4:59:59
322184,3,300004,0,0,0,0,1415,700,285,700,90,43,50,0,1,30001,2024/03/29 12:00:00,2050/01/01 4:59:59
322185,3,300004,0,0,0,0,1420,700,286,700,90,43,50,0,1,30001,2024/03/29 12:00:00,2050/01/01 4:59:59
322186,3,300004,0,0,0,0,1425,700,287,700,90,43,50,0,1,30001,2024/03/29 12:00:00,2050/01/01 4:59:59
322187,3,300004,0,0,0,0,1430,700,288,700,90,43,50,0,1,30001,2024/03/29 12:00:00,2050/01/01 4:59:59
322188,3,300004,0,0,0,0,1435,700,289,700,90,43,50,0,1,30001,2024/03/29 12:00:00,2050/01/01 4:59:59
322189,3,300004,0,0,0,0,1440,700,290,700,90,43,50,0,1,30001,2024/03/29 12:00:00,2050/01/01 4:59:59
322190,3,300004,0,0,0,0,1445,700,291,700,90,43,50,0,1,30001,2024/03/29 12:00:00,2050/01/01 4:59:59
322191,3,300004,0,0,0,0,1450,700,292,700,90,43,50,0,1,30001,2024/03/29 12:00:00,2050/01/01 4:59:59
322192,3,300004,0,0,0,0,1455,700,293,700,90,43,50,0,1,30001,2024/03/29 12:00:00,2050/01/01 4:59:59
322193,3,300004,0,0,0,0,1460,700,294,700,90,43,50,0,1,30001,2024/03/29 12:00:00,2050/01/01 4:59:59
322194,3,300004,0,0,0,0,1465,700,295,700,90,43,50,0,1,30001,2024/03/29 12:00:00,2050/01/01 4:59:59
322195,3,300004,0,0,0,0,1470,700,296,700,90,43,50,0,1,30001,2024/03/29 12:00:00,2050/01/01 4:59:59
322196,3,300004,0,0,0,0,1475,700,297,700,90,43,50,0,1,30001,2024/03/29 12:00:00,2050/01/01 4:59:59
322197,3,300004,0,0,0,0,1480,700,298,700,90,43,50,0,1,30001,2024/03/29 12:00:00,2050/01/01 4:59:59
322198,3,300004,0,0,0,0,1485,700,299,700,90,43,50,0,1,30001,2024/03/29 12:00:00,2050/01/01 4:59:59
322199,3,300004,0,0,0,0,1490,700,300,700,90,43,50,0,1,30001,2024/03/29 12:00:00,2050/01/01 4:59:59
322200,3,300004,0,0,0,0,1495,700,301,700,90,43,50,0,1,30001,2024/03/29 12:00:00,2050/01/01 4:59:59
322201,3,300004,0,0,0,0,1500,700,302,700,90,43,50,0,1,30001,2024/03/29 12:00:00,2050/01/01 4:59:59
322202,3,300004,0,0,0,0,1505,700,303,700,90,43,50,0,1,30001,2024/03/29 12:00:00,2050/01/01 4:59:59
322203,3,300004,0,0,0,0,1510,700,304,700,90,43,50,0,1,30001,2024/03/29 12:00:00,2050/01/01 4:59:59
322204,3,300004,0,0,0,0,1515,700,305,700,90,43,50,0,1,30001,2024/03/29 12:00:00,2050/01/01 4:59:59
322205,3,300004,0,0,0,0,1520,700,306,700,90,43,50,0,1,30001,2024/03/29 12:00:00,2050/01/01 4:59:59
322206,3,300004,0,0,0,0,1525,700,307,700,90,43,50,0,1,30001,2024/03/29 12:00:00,2050/01/01 4:59:59
322207,3,300004,0,0,0,0,1530,700,308,700,90,43,50,0,1,30001,2024/03/29 12:00:00,2050/01/01 4:59:59
322208,3,300004,0,0,0,0,1535,700,309,700,90,43,50,0,1,30001,2024/03/29 12:00:00,2050/01/01 4:59:59
322209,3,300004,0,0,0,0,1540,700,310,700,90,43,50,0,1,30001,2024/03/29 12:00:00,2050/01/01 4:59:59
322210,3,300004,0,0,0,0,1545,700,311,700,90,43,50,0,1,30001,2024/03/29 12:00:00,2050/01/01 4:59:59
322211,3,300004,0,0,0,0,1550,700,312,700,90,43,50,0,1,30001,2024/03/29 12:00:00,2050/01/01 4:59:59
322212,3,300004,0,0,0,0,1555,700,313,700,90,43,50,0,1,30001,2024/03/29 12:00:00,2050/01/01 4:59:59
322213,3,300004,0,0,0,0,1560,700,314,700,90,43,50,0,1,30001,2024/03/29 12:00:00,2050/01/01 4:59:59
322214,3,300004,0,0,0,0,1565,700,315,700,90,43,50,0,1,30001,2024/03/29 12:00:00,2050/01/01 4:59:59
322215,3,300004,0,0,0,0,1570,700,316,700,90,43,50,0,1,30001,2024/03/29 12:00:00,2050/01/01 4:59:59
322216,3,300004,0,0,0,0,1575,700,317,700,90,43,50,0,1,30001,2024/03/29 12:00:00,2050/01/01 4:59:59
322217,3,300004,0,0,0,0,1580,700,318,700,90,43,50,0,1,30001,2024/03/29 12:00:00,2050/01/01 4:59:59
322218,3,300004,0,0,0,0,1585,700,319,700,90,43,50,0,1,30001,2024/03/29 12:00:00,2050/01/01 4:59:59
322219,3,300004,0,0,0,0,1590,700,320,700,90,43,50,0,1,30001,2024/03/29 12:00:00,2050/01/01 4:59:59
322220,3,300004,0,0,0,0,1595,700,321,700,90,43,50,0,1,30001,2024/03/29 12:00:00,2050/01/01 4:59:59
322221,3,300004,0,0,0,0,1600,700,322,700,90,43,50,0,1,30001,2024/03/29 12:00:00,2050/01/01 4:59:59
323000,3,300007,0,0,0,0,1,720,1,720,90,43,30,0,1,30007,2022/08/24 12:00:00,2050/01/01 4:59:59
324000,3,300003,0,0,0,0,995,710,201,710,90,43,50,0,1,30002,2024/03/29 12:00:00,2050/01/01 4:59:59
324001,3,300003,0,0,0,0,1000,710,202,710,90,43,50,0,1,30002,2024/03/29 12:00:00,2050/01/01 4:59:59
330000,3,600001,0,0,0,0,30,800,1,800,90,43,150,0,0,0,2017/07/01 1:00:00,2050/01/01 4:59:59
330001,3,600001,0,0,0,0,50,800,2,800,90,43,150,0,0,0,2017/07/01 1:00:00,2050/01/01 4:59:59
330002,3,600001,0,0,0,0,100,800,3,800,90,43,150,0,0,0,2017/07/01 1:00:00,2050/01/01 4:59:59
330003,3,600001,0,0,0,0,150,800,4,800,90,43,150,0,0,0,2017/07/01 1:00:00,2050/01/01 4:59:59
330004,3,600001,0,0,0,0,200,800,5,800,90,43,150,0,0,0,2017/07/01 1:00:00,2050/01/01 4:59:59
330005,3,600001,0,0,0,0,250,800,6,800,90,43,150,0,0,0,2017/07/01 1:00:00,2050/01/01 4:59:59
330006,3,600001,0,0,0,0,300,800,7,800,90,43,150,0,0,0,2017/07/01 1:00:00,2050/01/01 4:59:59
330007,3,600001,0,0,0,0,350,800,8,800,90,43,150,0,0,0,2017/07/01 1:00:00,2050/01/01 4:59:59
330008,3,600001,0,0,0,0,400,800,9,800,90,43,150,0,0,0,2017/07/01 1:00:00,2050/01/01 4:59:59
330009,3,600001,0,0,0,0,450,800,10,800,90,43,150,0,0,0,2017/07/01 1:00:00,2050/01/01 4:59:59
330010,3,600001,0,0,0,0,500,800,11,800,90,43,150,0,0,0,2017/07/01 1:00:00,2050/01/01 4:59:59
330011,3,600001,0,0,0,0,550,800,12,800,90,43,150,0,0,0,2017/07/01 1:00:00,2050/01/01 4:59:59
330012,3,600001,0,0,0,0,600,800,13,800,90,43,150,0,0,0,2017/07/01 1:00:00,2050/01/01 4:59:59
330013,3,600001,0,0,0,0,650,800,14,800,90,43,150,0,0,0,2017/07/01 1:00:00,2050/01/01 4:59:59
330014,3,600001,0,0,0,0,700,800,15,800,90,43,150,0,0,0,2017/07/01 1:00:00,2050/01/01 4:59:59
330015,3,600001,0,0,0,0,750,800,16,800,90,43,150,0,0,0,2017/07/01 1:00:00,2050/01/01 4:59:59
330016,3,600001,0,0,0,0,800,800,17,800,90,43,150,0,0,0,2017/07/01 1:00:00,2050/01/01 4:59:59
330017,3,600001,0,0,0,0,850,800,18,800,90,43,150,0,0,0,2017/07/01 1:00:00,2050/01/01 4:59:59
330018,3,600001,0,0,0,0,900,800,19,800,90,43,150,0,0,0,2017/07/01 1:00:00,2050/01/01 4:59:59
330019,3,600001,0,0,0,0,950,800,20,800,90,43,150,0,0,0,2017/07/01 1:00:00,2050/01/01 4:59:59
330020,3,600001,0,0,0,0,1000,800,21,800,90,43,1500,0,0,0,2017/07/01 1:00:00,2050/01/01 4:59:59
330021,3,600001,0,0,0,0,1050,800,22,800,90,43,150,0,0,0,2017/07/01 1:00:00,2050/01/01 4:59:59
330022,3,600001,0,0,0,0,1100,800,23,800,90,43,150,0,0,0,2017/07/01 1:00:00,2050/01/01 4:59:59
330023,3,600001,0,0,0,0,1150,800,24,800,90,43,150,0,0,0,2017/07/01 1:00:00,2050/01/01 4:59:59
330024,3,600001,0,0,0,0,1200,800,25,800,90,43,150,0,0,0,2017/07/01 1:00:00,2050/01/01 4:59:59
330025,3,600001,0,0,0,0,1250,800,26,800,90,43,150,0,0,0,2017/07/01 1:00:00,2050/01/01 4:59:59
330026,3,600001,0,0,0,0,1300,800,27,800,90,43,150,0,0,0,2017/07/01 1:00:00,2050/01/01 4:59:59
330027,3,600001,0,0,0,0,1350,800,28,800,90,43,150,0,0,0,2017/07/01 1:00:00,2050/01/01 4:59:59
330028,3,600001,0,0,0,0,1400,800,29,800,90,43,150,0,0,0,2017/07/01 1:00:00,2050/01/01 4:59:59
330029,3,600001,0,0,0,0,1450,800,30,800,90,43,150,0,0,0,2017/07/01 1:00:00,2050/01/01 4:59:59
330030,3,600001,0,0,0,0,1500,800,31,800,90,43,150,0,0,0,2017/07/01 1:00:00,2050/01/01 4:59:59
330031,3,600001,0,0,0,0,1550,800,32,800,90,43,150,0,0,0,2017/07/01 1:00:00,2050/01/01 4:59:59
330032,3,600001,0,0,0,0,1600,800,33,800,90,43,150,0,0,0,2017/07/01 1:00:00,2050/01/01 4:59:59
330033,3,600001,0,0,0,0,1650,800,34,800,90,43,150,0,0,0,2017/07/01 1:00:00,2050/01/01 4:59:59
330034,3,600001,0,0,0,0,1700,800,35,800,90,43,150,0,0,0,2017/07/01 1:00:00,2050/01/01 4:59:59
330035,3,600001,0,0,0,0,1750,800,36,800,90,43,150,0,0,0,2017/07/01 1:00:00,2050/01/01 4:59:59
330036,3,600001,0,0,0,0,1800,800,37,800,90,43,150,0,0,0,2017/07/01 1:00:00,2050/01/01 4:59:59
330037,3,600001,0,0,0,0,1850,800,38,800,90,43,150,0,0,0,2017/07/01 1:00:00,2050/01/01 4:59:59
330038,3,600001,0,0,0,0,1900,800,39,800,90,43,150,0,0,0,2017/07/01 1:00:00,2050/01/01 4:59:59
330039,3,600001,0,0,0,0,1950,800,40,800,90,43,150,0,0,0,2017/07/01 1:00:00,2050/01/01 4:59:59
330040,3,600001,0,0,0,0,2000,800,41,800,90,43,1500,0,0,0,2017/07/01 1:00:00,2050/01/01 4:59:59
330041,3,600001,0,0,0,0,2050,800,42,800,90,43,150,0,0,0,2017/07/01 1:00:00,2050/01/01 4:59:59
330042,3,600001,0,0,0,0,2100,800,43,800,90,43,150,0,0,0,2017/07/01 1:00:00,2050/01/01 4:59:59
330043,3,600001,0,0,0,0,2150,800,44,800,90,43,150,0,0,0,2017/07/01 1:00:00,2050/01/01 4:59:59
330044,3,600001,0,0,0,0,2200,800,45,800,90,43,150,0,0,0,2017/07/01 1:00:00,2050/01/01 4:59:59
330045,3,600001,0,0,0,0,2250,800,46,800,90,43,150,0,0,0,2017/07/01 1:00:00,2050/01/01 4:59:59
330046,3,600001,0,0,0,0,2300,800,47,800,90,43,150,0,0,0,2017/07/01 1:00:00,2050/01/01 4:59:59
330047,3,600001,0,0,0,0,2350,800,48,800,90,43,150,0,0,0,2017/07/01 1:00:00,2050/01/01 4:59:59
330048,3,600001,0,0,0,0,2400,800,49,800,90,43,150,0,0,0,2017/07/01 1:00:00,2050/01/01 4:59:59
330049,3,600001,0,0,0,0,2450,800,50,800,90,43,150,0,0,0,2017/07/01 1:00:00,2050/01/01 4:59:59
330050,3,600001,0,0,0,0,2500,800,51,800,90,43,150,0,0,0,2017/07/01 1:00:00,2050/01/01 4:59:59
330051,3,600001,0,0,0,0,2550,800,52,800,90,43,150,0,0,0,2017/07/01 1:00:00,2050/01/01 4:59:59
330052,3,600001,0,0,0,0,2600,800,53,800,90,43,150,0,0,0,2017/07/01 1:00:00,2050/01/01 4:59:59
330053,3,600001,0,0,0,0,2650,800,54,800,90,43,150,0,0,0,2017/07/01 1:00:00,2050/01/01 4:59:59
330054,3,600001,0,0,0,0,2700,800,55,800,90,43,150,0,0,0,2017/07/01 1:00:00,2050/01/01 4:59:59
330055,3,600001,0,0,0,0,2750,800,56,800,90,43,150,0,0,0,2017/07/01 1:00:00,2050/01/01 4:59:59
330056,3,600001,0,0,0,0,2800,800,57,800,90,43,150,0,0,0,2017/07/01 1:00:00,2050/01/01 4:59:59
330057,3,600001,0,0,0,0,2850,800,58,800,90,43,150,0,0,0,2017/07/01 1:00:00,2050/01/01 4:59:59
330058,3,600001,0,0,0,0,2900,800,59,800,90,43,150,0,0,0,2017/07/01 1:00:00,2050/01/01 4:59:59
330059,3,600001,0,0,0,0,2950,800,60,800,90,43,150,0,0,0,2017/07/01 1:00:00,2050/01/01 4:59:59
330060,3,600001,0,0,0,0,3000,800,61,800,90,43,1500,0,0,0,2017/07/01 1:00:00,2050/01/01 4:59:59
330100,3,600004,0,0,0,0,1,1,1,3,90,43,150,0,0,60010,2017/07/01 1:00:00,2050/01/01 4:59:59
330101,3,600041,0,0,0,0,1,330101,1,3,90,43,30,0,1,60010,2023/08/14 12:00:00,2050/01/01 4:59:59
330200,3,100019,10003,0,0,0,1,9,1,9,90,43,150,0,0,10001,2017/07/01 1:00:00,2050/01/01 4:59:59
330300,3,600008,0,0,0,0,1,3,1,4,90,43,30,0,0,60031,2017/07/01 1:00:00,2050/01/01 4:59:59
330400,3,600009,0,0,0,0,1,4,1,6,90,43,30,0,0,60040,2017/07/01 1:00:00,2050/01/01 4:59:59
330410,3,500002,101,0,0,0,1,8,1,7,90,43,30,0,0,50004,2017/07/01 1:00:00,2050/01/01 4:59:59
330411,3,500002,201,0,0,0,1,8,2,7,90,43,30,0,1,50004,2021/06/29 12:00:00,2050/01/01 4:59:59
330412,3,500002,218,0,0,0,1,8,3,7,90,43,30,0,1,50004,2021/06/29 12:00:00,2050/01/01 4:59:59
330413,3,500002,401,0,0,0,1,8,4,7,90,43,30,0,1,50004,2021/07/20 12:00:00,2050/01/01 4:59:59
330414,3,500002,501,0,0,0,1,8,5,7,90,43,30,0,1,50004,2021/12/22 12:00:00,2050/01/01 4:59:59
330415,3,500002,601,0,0,0,1,8,6,7,90,43,30,0,1,50004,2022/03/18 12:00:00,2050/01/01 4:59:59
330416,3,500002,701,0,0,0,1,8,7,7,90,43,30,0,1,50004,2022/07/20 12:00:00,2050/01/01 4:59:59
330421,3,500002,2101,0,0,0,1,330421,1,7,90,43,30,0,1,50005,2024/03/21 12:00:00,2050/01/01 4:59:59
330422,3,500002,2201,0,0,0,1,330421,2,7,90,43,30,0,1,50005,2024/09/20 12:00:00,2050/01/01 4:59:59
330423,3,500002,2301,0,0,0,1,330421,3,7,90,43,30,0,1,50005,2025/07/22 12:00:00,2050/01/01 4:59:59
330500,3,600010,0,0,0,0,1,5,1,1,90,43,30,0,0,60050,2017/07/01 1:00:00,2050/01/01 4:59:59
330600,3,600011,0,0,0,0,1,6,1,5,90,43,30,0,0,60032,2017/07/01 1:00:00,2050/01/01 4:59:59
330700,3,600012,0,0,0,0,1,7,1,8,90,43,1000,0,0,60060,2017/07/01 1:00:00,2050/01/01 4:59:59
330701,3,600044,0,0,0,0,1,600044,1,8,90,43,300,0,1,60061,2025/06/27 12:00:00,2050/01/01 4:59:59
330900,3,600029,0,0,0,0,1,10,1,10,91,59,3000,0,1,60070,2022/02/14 12:00:00,2050/01/01 4:59:59
330910,3,600030,0,0,0,0,1,11,1,11,90,43,30,0,1,60070,2022/02/14 12:00:00,2050/01/01 4:59:59
331000,3,600031,0,0,0,0,1,15,1,15,90,43,30,0,1,60034,2022/04/22 12:00:00,2050/01/01 4:59:59
331100,3,600032,1,0,0,0,1,16,1,16,91,59,4000,0,1,50002,2022/04/22 12:00:00,2050/01/01 4:59:59
331110,3,600032,6,0,0,0,1,17,1,17,91,59,4000,0,1,60080,2022/04/22 12:00:00,2050/01/01 4:59:59
331120,3,600032,7,0,0,0,1,19,1,18,91,59,4000,0,1,60081,2022/12/12 12:00:00,2050/01/01 4:59:59
331200,3,600039,0,0,0,0,1,18,1,18,90,43,30,0,1,60100,2022/05/30 12:00:00,2050/01/01 4:59:59
331300,3,100041,0,1,6,0,1,824,1,19,90,43,30,0,1,10001,2023/02/24 12:00:00,2050/01/01 4:59:59
331400,3,600040,0,0,0,0,1,600040,1,141,90,43,30,0,1,60110,2023/09/04 12:00:00,2050/01/01 4:59:59
331410,3,600040,0,0,0,0,10,600040,2,141,90,43,30,0,1,60110,2023/09/04 12:00:00,2050/01/01 4:59:59
331500,3,600020,0,0,0,0,1,822,1,822,90,43,30,0,0,10001,2017/07/01 1:00:00,2050/01/01 4:59:59
331501,3,600020,0,0,0,0,3,822,2,822,90,43,30,0,0,10001,2017/07/01 1:00:00,2050/01/01 4:59:59
331502,3,600020,0,0,0,0,5,822,3,822,90,43,60,0,0,10001,2017/07/01 1:00:00,2050/01/01 4:59:59
331503,3,600020,0,0,0,0,10,822,4,822,90,43,80,0,0,10001,2017/07/01 1:00:00,2050/01/01 4:59:59
331504,3,600020,0,0,0,0,15,822,5,822,90,43,80,0,0,10001,2017/07/01 1:00:00,2050/01/01 4:59:59
331505,3,600020,0,0,0,0,20,822,6,822,90,43,80,0,0,10001,2017/07/01 1:00:00,2050/01/01 4:59:59
331506,3,600020,0,0,0,0,25,822,7,822,90,43,80,0,0,10001,2017/07/01 1:00:00,2050/01/01 4:59:59
331507,3,600020,0,0,0,0,30,822,8,822,90,43,80,0,0,10001,2017/07/01 1:00:00,2050/01/01 4:59:59
331508,3,600020,0,0,0,0,35,822,9,822,90,43,80,0,0,10001,2017/07/01 1:00:00,2050/01/01 4:59:59
331509,3,600020,0,0,0,0,40,822,10,822,90,43,80,0,0,10001,2017/07/01 1:00:00,2050/01/01 4:59:59
331510,3,600020,0,0,0,0,45,822,11,822,90,43,80,0,0,10001,2017/07/01 1:00:00,2050/01/01 4:59:59
331511,3,600020,0,0,0,0,50,822,12,822,90,43,80,0,0,10001,2017/07/01 1:00:00,2050/01/01 4:59:59
331512,3,600020,0,0,0,0,60,822,13,822,90,43,80,0,0,10001,2017/07/01 1:00:00,2050/01/01 4:59:59
331513,3,600020,0,0,0,0,70,822,14,822,90,43,80,0,0,10001,2017/07/01 1:00:00,2050/01/01 4:59:59
331514,3,600020,0,0,0,0,80,822,15,822,90,43,80,0,0,10001,2017/07/01 1:00:00,2050/01/01 4:59:59
331515,3,600020,0,0,0,0,90,822,16,822,90,43,80,0,0,10001,2017/07/01 1:00:00,2050/01/01 4:59:59
331516,3,600020,0,0,0,0,100,822,17,822,90,43,100,0,0,10001,2017/07/01 1:00:00,2050/01/01 4:59:59
331517,3,600020,0,0,0,0,120,822,18,822,90,43,100,0,0,10001,2017/07/01 1:00:00,2050/01/01 4:59:59
331518,3,600020,0,0,0,0,140,822,19,822,90,43,100,0,0,10001,2017/07/01 1:00:00,2050/01/01 4:59:59
331519,3,600020,0,0,0,0,160,822,20,822,90,43,100,0,0,10001,2017/07/01 1:00:00,2050/01/01 4:59:59
331520,3,600020,0,0,0,0,180,822,21,822,90,43,100,0,0,10001,2017/07/01 1:00:00,2050/01/01 4:59:59
331521,3,600020,0,0,0,0,200,822,22,822,90,43,200,0,0,10001,2017/07/01 1:00:00,2050/01/01 4:59:59
331522,3,600020,0,0,0,0,220,822,23,822,90,43,200,0,0,10001,2017/07/01 1:00:00,2050/01/01 4:59:59
331523,3,600020,0,0,0,0,240,822,24,822,90,43,200,0,0,10001,2017/07/01 1:00:00,2050/01/01 4:59:59
331524,3,600020,0,0,0,0,260,822,25,822,90,43,200,0,0,10001,2017/07/01 1:00:00,2050/01/01 4:59:59
331525,3,600020,0,0,0,0,280,822,26,822,90,43,200,0,0,10001,2017/07/01 1:00:00,2050/01/01 4:59:59
331526,3,600020,0,0,0,0,300,822,27,822,90,43,300,0,0,10001,2017/07/01 1:00:00,2050/01/01 4:59:59
331527,3,600020,0,0,0,0,350,822,28,822,90,43,300,0,0,10001,2017/07/01 1:00:00,2050/01/01 4:59:59
331528,3,600020,0,0,0,0,400,822,29,822,90,43,300,0,0,10001,2017/07/01 1:00:00,2050/01/01 4:59:59
331529,3,600020,0,0,0,0,450,822,30,822,90,43,300,0,0,10001,2017/07/01 1:00:00,2050/01/01 4:59:59
331530,3,600020,0,0,0,0,500,822,31,822,90,43,500,0,0,10001,2017/07/01 1:00:00,2050/01/01 4:59:59
331531,3,600020,0,0,0,0,550,822,32,822,90,43,500,0,0,10001,2017/07/01 1:00:00,2050/01/01 4:59:59
331532,3,600020,0,0,0,0,600,822,33,822,90,43,500,0,0,10001,2017/07/01 1:00:00,2050/01/01 4:59:59
331533,3,600020,0,0,0,0,650,822,34,822,90,43,500,0,0,10001,2017/07/01 1:00:00,2050/01/01 4:59:59
331534,3,600020,0,0,0,0,700,822,35,822,90,43,500,0,0,10001,2017/07/01 1:00:00,2050/01/01 4:59:59
331535,3,600020,0,0,0,0,750,822,36,822,90,43,500,0,0,10001,2017/07/01 1:00:00,2050/01/01 4:59:59
331536,3,600020,0,0,0,0,800,822,37,822,90,43,500,0,0,10001,2017/07/01 1:00:00,2050/01/01 4:59:59
331537,3,600020,0,0,0,0,850,822,38,822,90,43,500,0,0,10001,2017/07/01 1:00:00,2050/01/01 4:59:59
331538,3,600020,0,0,0,0,900,822,39,822,90,43,500,0,0,10001,2017/07/01 1:00:00,2050/01/01 4:59:59
331539,3,600020,0,0,0,0,950,822,40,822,90,43,500,0,0,10001,2017/07/01 1:00:00,2050/01/01 4:59:59
331540,3,600020,0,0,0,0,1000,822,41,822,90,43,1000,0,0,10001,2017/07/01 1:00:00,2050/01/01 4:59:59
331541,3,600020,0,0,0,0,1050,822,42,822,90,43,500,0,0,10001,2017/07/01 1:00:00,2050/01/01 4:59:59
331542,3,600020,0,0,0,0,1100,822,43,822,90,43,500,0,0,10001,2017/07/01 1:00:00,2050/01/01 4:59:59
331543,3,600020,0,0,0,0,1150,822,44,822,90,43,500,0,0,10001,2017/07/01 1:00:00,2050/01/01 4:59:59
331544,3,600020,0,0,0,0,1200,822,45,822,90,43,500,0,0,10001,2017/07/01 1:00:00,2050/01/01 4:59:59
331545,3,600020,0,0,0,0,1250,822,46,822,90,43,500,0,0,10001,2017/07/01 1:00:00,2050/01/01 4:59:59
331546,3,600020,0,0,0,0,1300,822,47,822,90,43,500,0,0,10001,2017/07/01 1:00:00,2050/01/01 4:59:59
331547,3,600020,0,0,0,0,1350,822,48,822,90,43,500,0,0,10001,2017/07/01 1:00:00,2050/01/01 4:59:59
331548,3,600020,0,0,0,0,1400,822,49,822,90,43,500,0,0,10001,2017/07/01 1:00:00,2050/01/01 4:59:59
331549,3,600020,0,0,0,0,1450,822,50,822,90,43,500,0,0,10001,2017/07/01 1:00:00,2050/01/01 4:59:59
331550,3,600020,0,0,0,0,1500,822,51,822,90,43,500,0,0,10001,2017/07/01 1:00:00,2050/01/01 4:59:59
331551,3,600020,0,0,0,0,1550,822,52,822,90,43,500,0,0,10001,2017/07/01 1:00:00,2050/01/01 4:59:59
331552,3,600020,0,0,0,0,1600,822,53,822,90,43,500,0,0,10001,2017/07/01 1:00:00,2050/01/01 4:59:59
331553,3,600020,0,0,0,0,1650,822,54,822,90,43,500,0,0,10001,2017/07/01 1:00:00,2050/01/01 4:59:59
331554,3,600020,0,0,0,0,1700,822,55,822,90,43,500,0,0,10001,2017/07/01 1:00:00,2050/01/01 4:59:59
331555,3,600020,0,0,0,0,1750,822,56,822,90,43,500,0,0,10001,2017/07/01 1:00:00,2050/01/01 4:59:59
331556,3,600020,0,0,0,0,1800,822,57,822,90,43,500,0,0,10001,2017/07/01 1:00:00,2050/01/01 4:59:59
331557,3,600020,0,0,0,0,1850,822,58,822,90,43,500,0,0,10001,2017/07/01 1:00:00,2050/01/01 4:59:59
331558,3,600020,0,0,0,0,1900,822,59,822,90,43,500,0,0,10001,2017/07/01 1:00:00,2050/01/01 4:59:59
331559,3,600020,0,0,0,0,1950,822,60,822,90,43,500,0,0,10001,2017/07/01 1:00:00,2050/01/01 4:59:59
331560,3,600020,0,0,0,0,2000,822,61,822,90,43,1000,0,0,10001,2017/07/01 1:00:00,2050/01/01 4:59:59
331561,3,600020,0,0,0,0,2050,822,62,822,90,43,500,0,0,10001,2017/07/01 1:00:00,2050/01/01 4:59:59
331562,3,600020,0,0,0,0,2100,822,63,822,90,43,500,0,0,10001,2017/07/01 1:00:00,2050/01/01 4:59:59
331563,3,600020,0,0,0,0,2150,822,64,822,90,43,500,0,0,10001,2017/07/01 1:00:00,2050/01/01 4:59:59
331564,3,600020,0,0,0,0,2200,822,65,822,90,43,500,0,0,10001,2017/07/01 1:00:00,2050/01/01 4:59:59
331565,3,600020,0,0,0,0,2250,822,66,822,90,43,500,0,0,10001,2017/07/01 1:00:00,2050/01/01 4:59:59
331566,3,600020,0,0,0,0,2300,822,67,822,90,43,500,0,0,10001,2017/07/01 1:00:00,2050/01/01 4:59:59
331567,3,600020,0,0,0,0,2350,822,68,822,90,43,500,0,0,10001,2017/07/01 1:00:00,2050/01/01 4:59:59
331568,3,600020,0,0,0,0,2400,822,69,822,90,43,500,0,0,10001,2017/07/01 1:00:00,2050/01/01 4:59:59
331569,3,600020,0,0,0,0,2450,822,70,822,90,43,500,0,0,10001,2017/07/01 1:00:00,2050/01/01 4:59:59
331570,3,600020,0,0,0,0,2500,822,71,822,90,43,500,0,0,10001,2017/07/01 1:00:00,2050/01/01 4:59:59
331571,3,600020,0,0,0,0,2550,822,72,822,90,43,500,0,0,10001,2017/07/01 1:00:00,2050/01/01 4:59:59
331572,3,600020,0,0,0,0,2600,822,73,822,90,43,500,0,0,10001,2017/07/01 1:00:00,2050/01/01 4:59:59
331573,3,600020,0,0,0,0,2650,822,74,822,90,43,500,0,0,10001,2017/07/01 1:00:00,2050/01/01 4:59:59
331574,3,600020,0,0,0,0,2700,822,75,822,90,43,500,0,0,10001,2017/07/01 1:00:00,2050/01/01 4:59:59
331575,3,600020,0,0,0,0,2750,822,76,822,90,43,500,0,0,10001,2017/07/01 1:00:00,2050/01/01 4:59:59
331576,3,600020,0,0,0,0,2800,822,77,822,90,43,500,0,0,10001,2017/07/01 1:00:00,2050/01/01 4:59:59
331577,3,600020,0,0,0,0,2850,822,78,822,90,43,500,0,0,10001,2017/07/01 1:00:00,2050/01/01 4:59:59
331578,3,600020,0,0,0,0,2900,822,79,822,90,43,500,0,0,10001,2017/07/01 1:00:00,2050/01/01 4:59:59
331579,3,600020,0,0,0,0,2950,822,80,822,90,43,500,0,0,10001,2017/07/01 1:00:00,2050/01/01 4:59:59
331580,3,600020,0,0,0,0,3000,822,81,822,90,43,1000,0,0,10001,2017/07/01 1:00:00,2050/01/01 4:59:59
331600,3,600021,1000000,0,0,0,1,823,1,823,90,43,30,0,0,10001,2017/07/01 1:00:00,2050/01/01 4:59:59
331601,3,600021,1000000,0,0,0,2,823,2,823,90,43,30,0,0,10001,2017/07/01 1:00:00,2050/01/01 4:59:59
331602,3,600021,1000000,0,0,0,3,823,3,823,90,43,30,0,0,10001,2017/07/01 1:00:00,2050/01/01 4:59:59
331603,3,600021,1000000,0,0,0,4,823,4,823,90,43,30,0,0,10001,2017/07/01 1:00:00,2050/01/01 4:59:59
331604,3,600021,1000000,0,0,0,5,823,5,823,90,43,30,0,0,10001,2017/07/01 1:00:00,2050/01/01 4:59:59
331605,3,600021,1000000,0,0,0,6,823,6,823,90,43,30,0,0,10001,2017/07/01 1:00:00,2050/01/01 4:59:59
331606,3,600021,1000000,0,0,0,7,823,7,823,90,43,30,0,0,10001,2017/07/01 1:00:00,2050/01/01 4:59:59
331607,3,600021,1000000,0,0,0,8,823,8,823,90,43,30,0,0,10001,2017/07/01 1:00:00,2050/01/01 4:59:59
331608,3,600021,1000000,0,0,0,9,823,9,823,90,43,30,0,0,10001,2017/07/01 1:00:00,2050/01/01 4:59:59
331609,3,600021,1000000,0,0,0,10,823,10,823,90,43,50,0,0,10001,2017/07/01 1:00:00,2050/01/01 4:59:59
331610,3,600021,1000000,0,0,0,15,823,11,823,90,43,50,0,0,10001,2017/07/01 1:00:00,2050/01/01 4:59:59
331611,3,600021,1000000,0,0,0,20,823,12,823,90,43,50,0,0,10001,2017/07/01 1:00:00,2050/01/01 4:59:59
331612,3,600021,1000000,0,0,0,25,823,13,823,90,43,50,0,0,10001,2017/07/01 1:00:00,2050/01/01 4:59:59
331613,3,600021,1000000,0,0,0,30,823,14,823,90,43,50,0,0,10001,2017/07/01 1:00:00,2050/01/01 4:59:59
331614,3,600021,1000000,0,0,0,35,823,15,823,90,43,50,0,0,10001,2017/07/01 1:00:00,2050/01/01 4:59:59
331615,3,600021,1000000,0,0,0,40,823,16,823,90,43,50,0,0,10001,2017/07/01 1:00:00,2050/01/01 4:59:59
331616,3,600021,1000000,0,0,0,45,823,17,823,90,43,50,0,0,10001,2017/07/01 1:00:00,2050/01/01 4:59:59
331617,3,600021,1000000,0,0,0,50,823,18,823,90,43,50,0,0,10001,2017/07/01 1:00:00,2050/01/01 4:59:59
331618,3,600021,1000000,0,0,0,55,823,19,823,90,43,50,0,0,10001,2017/07/01 1:00:00,2050/01/01 4:59:59
331619,3,600021,1000000,0,0,0,60,823,20,823,90,43,50,0,0,10001,2017/07/01 1:00:00,2050/01/01 4:59:59
331620,3,600021,1000000,0,0,0,65,823,21,823,90,43,50,0,0,10001,2017/07/01 1:00:00,2050/01/01 4:59:59
331621,3,600021,1000000,0,0,0,70,823,22,823,90,43,50,0,0,10001,2017/07/01 1:00:00,2050/01/01 4:59:59
331622,3,600021,1000000,0,0,0,75,823,23,823,90,43,50,0,0,10001,2017/07/01 1:00:00,2050/01/01 4:59:59
331623,3,600021,1000000,0,0,0,80,823,24,823,90,43,50,0,0,10001,2017/07/01 1:00:00,2050/01/01 4:59:59
331624,3,600021,1000000,0,0,0,85,823,25,823,90,43,50,0,0,10001,2017/07/01 1:00:00,2050/01/01 4:59:59
331625,3,600021,1000000,0,0,0,90,823,26,823,90,43,50,0,0,10001,2017/07/01 1:00:00,2050/01/01 4:59:59
331626,3,600021,1000000,0,0,0,95,823,27,823,90,43,50,0,0,10001,2017/07/01 1:00:00,2050/01/01 4:59:59
331627,3,600021,1000000,0,0,0,100,823,28,823,90,43,50,0,0,10001,2017/07/01 1:00:00,2050/01/01 4:59:59
331628,3,600021,1000000,0,0,0,110,823,29,823,90,43,50,0,0,10001,2017/07/01 1:00:00,2050/01/01 4:59:59
331629,3,600021,1000000,0,0,0,120,823,30,823,90,43,50,0,0,10001,2017/07/01 1:00:00,2050/01/01 4:59:59
331630,3,600021,1000000,0,0,0,130,823,31,823,90,43,50,0,0,10001,2017/07/01 1:00:00,2050/01/01 4:59:59
331631,3,600021,1000000,0,0,0,140,823,32,823,90,43,50,0,0,10001,2017/07/01 1:00:00,2050/01/01 4:59:59
331632,3,600021,1000000,0,0,0,150,823,33,823,90,43,50,0,0,10001,2017/07/01 1:00:00,2050/01/01 4:59:59
331633,3,600021,1000000,0,0,0,160,823,34,823,90,43,50,0,0,10001,2017/07/01 1:00:00,2050/01/01 4:59:59
331634,3,600021,1000000,0,0,0,170,823,35,823,90,43,50,0,0,10001,2017/07/01 1:00:00,2050/01/01 4:59:59
331635,3,600021,1000000,0,0,0,180,823,36,823,90,43,50,0,0,10001,2017/07/01 1:00:00,2050/01/01 4:59:59
331636,3,600021,1000000,0,0,0,190,823,37,823,90,43,50,0,0,10001,2017/07/01 1:00:00,2050/01/01 4:59:59
331637,3,600021,1000000,0,0,0,200,823,38,823,90,43,50,0,0,10001,2017/07/01 1:00:00,2050/01/01 4:59:59
331638,3,600021,1000000,0,0,0,210,823,39,823,90,43,50,0,0,10001,2017/07/01 1:00:00,2050/01/01 4:59:59
331639,3,600021,1000000,0,0,0,220,823,40,823,90,43,50,0,0,10001,2017/07/01 1:00:00,2050/01/01 4:59:59
331640,3,600021,1000000,0,0,0,230,823,41,823,90,43,50,0,0,10001,2017/07/01 1:00:00,2050/01/01 4:59:59
331641,3,600021,1000000,0,0,0,240,823,42,823,90,43,50,0,0,10001,2017/07/01 1:00:00,2050/01/01 4:59:59
331642,3,600021,1000000,0,0,0,250,823,43,823,90,43,50,0,0,10001,2017/07/01 1:00:00,2050/01/01 4:59:59
331643,3,600021,1000000,0,0,0,260,823,44,823,90,43,50,0,0,10001,2017/07/01 1:00:00,2050/01/01 4:59:59
331644,3,600021,1000000,0,0,0,270,823,45,823,90,43,50,0,0,10001,2017/07/01 1:00:00,2050/01/01 4:59:59
331645,3,600021,1000000,0,0,0,280,823,46,823,90,43,50,0,0,10001,2017/07/01 1:00:00,2050/01/01 4:59:59
331646,3,600021,1000000,0,0,0,290,823,47,823,90,43,50,0,0,10001,2017/07/01 1:00:00,2050/01/01 4:59:59
331647,3,600021,1000000,0,0,0,300,823,48,823,90,43,50,0,0,10001,2017/07/01 1:00:00,2050/01/01 4:59:59
331648,3,600021,1000000,0,0,0,310,823,49,823,90,43,50,0,0,10001,2017/07/01 1:00:00,2050/01/01 4:59:59
331649,3,600021,1000000,0,0,0,320,823,50,823,90,43,50,0,0,10001,2017/07/01 1:00:00,2050/01/01 4:59:59
331650,3,600021,1000000,0,0,0,330,823,51,823,90,43,50,0,0,10001,2017/07/01 1:00:00,2050/01/01 4:59:59
331651,3,600021,1000000,0,0,0,340,823,52,823,90,43,50,0,0,10001,2017/07/01 1:00:00,2050/01/01 4:59:59
331652,3,600021,1000000,0,0,0,350,823,53,823,90,43,50,0,0,10001,2017/07/01 1:00:00,2050/01/01 4:59:59
331653,3,600021,1000000,0,0,0,360,823,54,823,90,43,50,0,0,10001,2017/07/01 1:00:00,2050/01/01 4:59:59
331654,3,600021,1000000,0,0,0,370,823,55,823,90,43,50,0,0,10001,2017/07/01 1:00:00,2050/01/01 4:59:59
331655,3,600021,1000000,0,0,0,380,823,56,823,90,43,50,0,0,10001,2017/07/01 1:00:00,2050/01/01 4:59:59
331656,3,600021,1000000,0,0,0,390,823,57,823,90,43,50,0,0,10001,2017/07/01 1:00:00,2050/01/01 4:59:59
331657,3,600021,1000000,0,0,0,400,823,58,823,90,43,50,0,0,10001,2017/07/01 1:00:00,2050/01/01 4:59:59
331700,3,600042,0,0,0,0,1,600042,1,142,90,43,30,0,1,60120,2024/09/10 12:00:00,2050/01/01 4:59:59
331701,3,600042,0,0,0,0,10,600042,2,142,90,43,30,0,1,60120,2024/09/10 12:00:00,2050/01/01 4:59:59
331702,3,600042,0,0,0,0,30,600042,3,142,90,43,30,0,1,60120,2024/09/10 12:00:00,2050/01/01 4:59:59
331703,3,600042,0,0,0,0,50,600042,4,142,90,43,30,0,1,60120,2024/09/10 12:00:00,2050/01/01 4:59:59
333000,3,400002,0,0,0,0,10,740,1,740,90,43,10,0,0,40003,2017/07/01 1:00:00,2050/01/01 4:59:59
333001,3,400002,0,0,0,0,15,740,2,740,90,43,10,0,0,40003,2017/07/01 1:00:00,2050/01/01 4:59:59
333002,3,400002,0,0,0,0,20,740,3,740,90,43,10,0,0,40003,2017/07/01 1:00:00,2050/01/01 4:59:59
333003,3,400002,0,0,0,0,25,740,4,740,90,43,10,0,0,40003,2017/07/01 1:00:00,2050/01/01 4:59:59
333004,3,400002,0,0,0,0,30,740,5,740,90,43,10,0,0,40003,2017/07/01 1:00:00,2050/01/01 4:59:59
333005,3,400002,0,0,0,0,35,740,6,740,90,43,10,0,0,40003,2017/07/01 1:00:00,2050/01/01 4:59:59
333006,3,400002,0,0,0,0,40,740,7,740,90,43,30,0,0,40003,2017/07/01 1:00:00,2050/01/01 4:59:59
333007,3,400002,0,0,0,0,45,740,8,740,90,43,30,0,0,40003,2017/07/01 1:00:00,2050/01/01 4:59:59
333008,3,400002,0,0,0,0,50,740,9,740,90,43,30,0,0,40003,2017/07/01 1:00:00,2050/01/01 4:59:59
333009,3,400002,0,0,0,0,55,740,10,740,90,43,30,0,0,40003,2017/07/01 1:00:00,2050/01/01 4:59:59
333010,3,400002,0,0,0,0,60,740,11,740,90,43,50,0,0,40003,2017/07/01 1:00:00,2050/01/01 4:59:59
333011,3,400002,0,0,0,0,65,740,12,740,90,43,50,0,0,40003,2017/07/01 1:00:00,2050/01/01 4:59:59
333012,3,400002,0,0,0,0,70,740,13,740,90,43,50,0,0,40003,2017/07/01 1:00:00,2050/01/01 4:59:59
333013,3,400002,0,0,0,0,75,740,14,740,90,43,50,0,0,40003,2017/07/01 1:00:00,2050/01/01 4:59:59
333014,3,400002,0,0,0,0,80,740,15,740,90,43,50,0,0,40003,2017/07/01 1:00:00,2050/01/01 4:59:59
333015,3,400002,0,0,0,0,85,740,16,740,90,43,50,0,0,40003,2017/07/01 1:00:00,2050/01/01 4:59:59
333016,3,400002,0,0,0,0,90,740,17,740,90,43,50,0,0,40003,2017/07/01 1:00:00,2050/01/01 4:59:59
333017,3,400002,0,0,0,0,95,740,18,740,90,43,50,0,0,40003,2017/07/01 1:00:00,2050/01/01 4:59:59
333018,3,400002,0,0,0,0,100,740,19,740,90,43,50,0,0,40003,2017/07/01 1:00:00,2050/01/01 4:59:59
333019,3,400002,0,0,0,0,105,740,20,740,90,43,50,0,0,40003,2017/07/01 1:00:00,2050/01/01 4:59:59
333020,3,400002,0,0,0,0,110,740,21,740,90,43,50,0,0,40003,2017/07/01 1:00:00,2050/01/01 4:59:59
333021,3,400002,0,0,0,0,115,740,22,740,90,43,50,0,0,40003,2017/07/01 1:00:00,2050/01/01 4:59:59
333022,3,400002,0,0,0,0,120,740,23,740,90,43,50,0,0,40003,2017/07/01 1:00:00,2050/01/01 4:59:59
333023,3,400002,0,0,0,0,125,740,24,740,90,43,50,0,0,40003,2017/07/01 1:00:00,2050/01/01 4:59:59
333024,3,400002,0,0,0,0,130,740,25,740,90,43,50,0,0,40003,2017/07/01 1:00:00,2050/01/01 4:59:59
333025,3,400002,0,0,0,0,135,740,26,740,90,43,50,0,0,40003,2017/07/01 1:00:00,2050/01/01 4:59:59
333026,3,400002,0,0,0,0,140,740,27,740,90,43,50,0,0,40003,2017/07/01 1:00:00,2050/01/01 4:59:59
333027,3,400002,0,0,0,0,145,740,28,740,90,43,50,0,0,40003,2017/07/01 1:00:00,2050/01/01 4:59:59
333028,3,400002,0,0,0,0,150,740,29,740,90,43,50,0,0,40003,2017/07/01 1:00:00,2050/01/01 4:59:59
333029,3,400002,0,0,0,0,155,740,30,740,90,43,50,0,0,40003,2017/07/01 1:00:00,2050/01/01 4:59:59
333030,3,400002,0,0,0,0,160,740,31,740,90,43,50,0,0,40003,2017/07/01 1:00:00,2050/01/01 4:59:59
333031,3,400002,0,0,0,0,165,740,32,740,90,43,50,0,0,40003,2017/07/01 1:00:00,2050/01/01 4:59:59
333032,3,400002,0,0,0,0,170,740,33,740,90,43,50,0,0,40003,2017/07/01 1:00:00,2050/01/01 4:59:59
333033,3,400002,0,0,0,0,175,740,34,740,90,43,50,0,0,40003,2017/07/01 1:00:00,2050/01/01 4:59:59
333034,3,400002,0,0,0,0,180,740,35,740,90,43,50,0,0,40003,2017/07/01 1:00:00,2050/01/01 4:59:59
333035,3,400002,0,0,0,0,185,740,36,740,90,43,50,0,0,40003,2017/07/01 1:00:00,2050/01/01 4:59:59
333036,3,400002,0,0,0,0,190,740,37,740,90,43,50,0,0,40003,2017/07/01 1:00:00,2050/01/01 4:59:59
333037,3,400002,0,0,0,0,195,740,38,740,90,43,50,0,0,40003,2017/07/01 1:00:00,2050/01/01 4:59:59
333038,3,400002,0,0,0,0,200,740,39,740,90,43,50,0,0,40003,2017/07/01 1:00:00,2050/01/01 4:59:59
333039,3,400002,0,0,0,0,205,740,40,740,90,43,50,0,0,40003,2017/07/01 1:00:00,2050/01/01 4:59:59
333040,3,400002,0,0,0,0,210,740,41,740,90,43,50,0,0,40003,2017/07/01 1:00:00,2050/01/01 4:59:59
333041,3,400002,0,0,0,0,215,740,42,740,90,43,50,0,0,40003,2017/07/01 1:00:00,2050/01/01 4:59:59
333042,3,400002,0,0,0,0,220,740,43,740,90,43,50,0,0,40003,2017/07/01 1:00:00,2050/01/01 4:59:59
333043,3,400002,0,0,0,0,225,740,44,740,90,43,50,0,0,40003,2017/07/01 1:00:00,2050/01/01 4:59:59
333044,3,400002,0,0,0,0,230,740,45,740,90,43,50,0,0,40003,2017/07/01 1:00:00,2050/01/01 4:59:59
333045,3,400002,0,0,0,0,235,740,46,740,90,43,50,0,0,40003,2017/07/01 1:00:00,2050/01/01 4:59:59
333046,3,400002,0,0,0,0,240,740,47,740,90,43,50,0,0,40003,2017/07/01 1:00:00,2050/01/01 4:59:59
333047,3,400002,0,0,0,0,245,740,48,740,90,43,50,0,0,40003,2017/07/01 1:00:00,2050/01/01 4:59:59
333048,3,400002,0,0,0,0,250,740,49,740,90,43,50,0,0,40003,2017/07/01 1:00:00,2050/01/01 4:59:59
333049,3,400002,0,0,0,0,255,740,50,740,90,43,50,0,0,40003,2017/07/01 1:00:00,2050/01/01 4:59:59
333050,3,400002,0,0,0,0,260,740,51,740,90,43,50,0,0,40003,2017/07/01 1:00:00,2050/01/01 4:59:59
333051,3,400002,0,0,0,0,265,740,52,740,90,43,50,0,0,40003,2017/07/01 1:00:00,2050/01/01 4:59:59
333052,3,400002,0,0,0,0,270,740,53,740,90,43,50,0,0,40003,2017/07/01 1:00:00,2050/01/01 4:59:59
333053,3,400002,0,0,0,0,275,740,54,740,90,43,50,0,0,40003,2017/07/01 1:00:00,2050/01/01 4:59:59
333054,3,400002,0,0,0,0,280,740,55,740,90,43,50,0,0,40003,2017/07/01 1:00:00,2050/01/01 4:59:59
333055,3,400002,0,0,0,0,285,740,56,740,90,43,50,0,0,40003,2017/07/01 1:00:00,2050/01/01 4:59:59
333056,3,400002,0,0,0,0,290,740,57,740,90,43,50,0,0,40003,2017/07/01 1:00:00,2050/01/01 4:59:59
333057,3,400002,0,0,0,0,295,740,58,740,90,43,50,0,0,40003,2017/07/01 1:00:00,2050/01/01 4:59:59
333058,3,400002,0,0,0,0,300,740,59,740,90,43,50,0,0,40003,2017/07/01 1:00:00,2050/01/01 4:59:59
333059,3,400002,0,0,0,0,305,740,60,740,90,43,50,0,0,40003,2017/07/01 1:00:00,2050/01/01 4:59:59
333060,3,400002,0,0,0,0,310,740,61,740,90,43,50,0,0,40003,2017/07/01 1:00:00,2050/01/01 4:59:59
333061,3,400002,0,0,0,0,315,740,62,740,90,43,50,0,0,40003,2017/07/01 1:00:00,2050/01/01 4:59:59
333062,3,400002,0,0,0,0,320,740,63,740,90,43,50,0,0,40003,2017/07/01 1:00:00,2050/01/01 4:59:59
333063,3,400002,0,0,0,0,325,740,64,740,90,43,50,0,0,40003,2017/07/01 1:00:00,2050/01/01 4:59:59
333064,3,400002,0,0,0,0,330,740,65,740,90,43,50,0,0,40003,2017/07/01 1:00:00,2050/01/01 4:59:59
333065,3,400002,0,0,0,0,335,740,66,740,90,43,50,0,0,40003,2017/07/01 1:00:00,2050/01/01 4:59:59
333066,3,400002,0,0,0,0,340,740,67,740,90,43,50,0,0,40003,2017/07/01 1:00:00,2050/01/01 4:59:59
333067,3,400002,0,0,0,0,345,740,68,740,90,43,50,0,0,40003,2017/07/01 1:00:00,2050/01/01 4:59:59
333068,3,400002,0,0,0,0,350,740,69,740,90,43,50,0,0,40003,2017/07/01 1:00:00,2050/01/01 4:59:59
333069,3,400002,0,0,0,0,355,740,70,740,90,43,50,0,0,40003,2017/07/01 1:00:00,2050/01/01 4:59:59
333070,3,400002,0,0,0,0,360,740,71,740,90,43,50,0,0,40003,2017/07/01 1:00:00,2050/01/01 4:59:59
333071,3,400002,0,0,0,0,365,740,72,740,90,43,50,0,0,40003,2017/07/01 1:00:00,2050/01/01 4:59:59
333072,3,400002,0,0,0,0,370,740,73,740,90,43,50,0,0,40003,2017/07/01 1:00:00,2050/01/01 4:59:59
333073,3,400002,0,0,0,0,375,740,74,740,90,43,50,0,0,40003,2017/07/01 1:00:00,2050/01/01 4:59:59
333074,3,400002,0,0,0,0,380,740,75,740,90,43,50,0,0,40003,2017/07/01 1:00:00,2050/01/01 4:59:59
333075,3,400002,0,0,0,0,385,740,76,740,90,43,50,0,0,40003,2017/07/01 1:00:00,2050/01/01 4:59:59
333076,3,400002,0,0,0,0,390,740,77,740,90,43,50,0,0,40003,2017/07/01 1:00:00,2050/01/01 4:59:59
333077,3,400002,0,0,0,0,395,740,78,740,90,43,50,0,0,40003,2017/07/01 1:00:00,2050/01/01 4:59:59
333078,3,400002,0,0,0,0,400,740,79,740,90,43,50,0,0,40003,2017/07/01 1:00:00,2050/01/01 4:59:59
333079,3,400002,0,0,0,0,405,740,80,740,90,43,50,0,0,40003,2017/07/01 1:00:00,2050/01/01 4:59:59
333080,3,400002,0,0,0,0,410,740,81,740,90,43,50,0,0,40003,2017/07/01 1:00:00,2050/01/01 4:59:59
333081,3,400002,0,0,0,0,415,740,82,740,90,43,50,0,0,40003,2017/07/01 1:00:00,2050/01/01 4:59:59
333082,3,400002,0,0,0,0,420,740,83,740,90,43,50,0,0,40003,2017/07/01 1:00:00,2050/01/01 4:59:59
333083,3,400002,0,0,0,0,425,740,84,740,90,43,50,0,0,40003,2017/07/01 1:00:00,2050/01/01 4:59:59
333084,3,400002,0,0,0,0,430,740,85,740,90,43,50,0,0,40003,2017/07/01 1:00:00,2050/01/01 4:59:59
333085,3,400002,0,0,0,0,435,740,86,740,90,43,50,0,0,40003,2017/07/01 1:00:00,2050/01/01 4:59:59
333086,3,400002,0,0,0,0,440,740,87,740,90,43,50,0,0,40003,2017/07/01 1:00:00,2050/01/01 4:59:59
333087,3,400002,0,0,0,0,445,740,88,740,90,43,50,0,0,40003,2017/07/01 1:00:00,2050/01/01 4:59:59
333088,3,400002,0,0,0,0,450,740,89,740,90,43,50,0,0,40003,2017/07/01 1:00:00,2050/01/01 4:59:59
333089,3,400002,0,0,0,0,455,740,90,740,90,43,50,0,0,40003,2017/07/01 1:00:00,2050/01/01 4:59:59
333090,3,400002,0,0,0,0,460,740,91,740,90,43,50,0,0,40003,2017/07/01 1:00:00,2050/01/01 4:59:59
333091,3,400002,0,0,0,0,465,740,92,740,90,43,50,0,0,40003,2017/07/01 1:00:00,2050/01/01 4:59:59
333092,3,400002,0,0,0,0,470,740,93,740,90,43,50,0,0,40003,2017/07/01 1:00:00,2050/01/01 4:59:59
333093,3,400002,0,0,0,0,475,740,94,740,90,43,50,0,0,40003,2017/07/01 1:00:00,2050/01/01 4:59:59
333094,3,400002,0,0,0,0,480,740,95,740,90,43,50,0,0,40003,2017/07/01 1:00:00,2050/01/01 4:59:59
333095,3,400002,0,0,0,0,485,740,96,740,90,43,50,0,0,40003,2017/07/01 1:00:00,2050/01/01 4:59:59
333096,3,400002,0,0,0,0,490,740,97,740,90,43,50,0,0,40003,2017/07/01 1:00:00,2050/01/01 4:59:59
333097,3,400002,0,0,0,0,495,740,98,740,90,43,50,0,0,40003,2017/07/01 1:00:00,2050/01/01 4:59:59
333098,3,400002,0,0,0,0,500,740,99,740,90,43,50,0,0,40003,2017/07/01 1:00:00,2050/01/01 4:59:59
333099,3,400002,0,0,0,0,510,740,100,740,90,43,50,0,1,40003,2025/08/14 12:00:00,2050/01/01 4:59:59
333100,3,400002,0,0,0,0,520,740,101,740,90,43,50,0,1,40003,2025/08/14 12:00:00,2050/01/01 4:59:59
333101,3,400002,0,0,0,0,530,740,102,740,90,43,50,0,1,40003,2025/08/14 12:00:00,2050/01/01 4:59:59
333102,3,400002,0,0,0,0,540,740,103,740,90,43,50,0,1,40003,2025/08/14 12:00:00,2050/01/01 4:59:59
333103,3,400002,0,0,0,0,550,740,104,740,90,43,50,0,1,40003,2025/08/14 12:00:00,2050/01/01 4:59:59
333104,3,400002,0,0,0,0,560,740,105,740,90,43,50,0,1,40003,2025/08/14 12:00:00,2050/01/01 4:59:59
333105,3,400002,0,0,0,0,570,740,106,740,90,43,50,0,1,40003,2025/08/14 12:00:00,2050/01/01 4:59:59
333106,3,400002,0,0,0,0,580,740,107,740,90,43,50,0,1,40003,2025/08/14 12:00:00,2050/01/01 4:59:59
333107,3,400002,0,0,0,0,590,740,108,740,90,43,50,0,1,40003,2025/08/14 12:00:00,2050/01/01 4:59:59
333108,3,400002,0,0,0,0,600,740,109,740,90,43,50,0,1,40003,2025/08/14 12:00:00,2050/01/01 4:59:59
333109,3,400002,0,0,0,0,610,740,110,740,90,43,50,0,1,40003,2025/08/14 12:00:00,2050/01/01 4:59:59
333110,3,400002,0,0,0,0,620,740,111,740,90,43,50,0,1,40003,2025/08/14 12:00:00,2050/01/01 4:59:59
333111,3,400002,0,0,0,0,630,740,112,740,90,43,50,0,1,40003,2025/08/14 12:00:00,2050/01/01 4:59:59
333112,3,400002,0,0,0,0,640,740,113,740,90,43,50,0,1,40003,2025/08/14 12:00:00,2050/01/01 4:59:59
333113,3,400002,0,0,0,0,650,740,114,740,90,43,50,0,1,40003,2025/08/14 12:00:00,2050/01/01 4:59:59
333114,3,400002,0,0,0,0,660,740,115,740,90,43,50,0,1,40003,2025/08/14 12:00:00,2050/01/01 4:59:59
333115,3,400002,0,0,0,0,670,740,116,740,90,43,50,0,1,40003,2025/08/14 12:00:00,2050/01/01 4:59:59
333116,3,400002,0,0,0,0,680,740,117,740,90,43,50,0,1,40003,2025/08/14 12:00:00,2050/01/01 4:59:59
333117,3,400002,0,0,0,0,690,740,118,740,90,43,50,0,1,40003,2025/08/14 12:00:00,2050/01/01 4:59:59
333118,3,400002,0,0,0,0,700,740,119,740,90,43,50,0,1,40003,2025/08/14 12:00:00,2050/01/01 4:59:59
333119,3,400002,0,0,0,0,710,740,120,740,90,43,50,0,1,40003,2025/08/14 12:00:00,2050/01/01 4:59:59
333120,3,400002,0,0,0,0,720,740,121,740,90,43,50,0,1,40003,2025/08/14 12:00:00,2050/01/01 4:59:59
333121,3,400002,0,0,0,0,730,740,122,740,90,43,50,0,1,40003,2025/08/14 12:00:00,2050/01/01 4:59:59
333122,3,400002,0,0,0,0,740,740,123,740,90,43,50,0,1,40003,2025/08/14 12:00:00,2050/01/01 4:59:59
333123,3,400002,0,0,0,0,750,740,124,740,90,43,50,0,1,40003,2025/08/14 12:00:00,2050/01/01 4:59:59
333124,3,400002,0,0,0,0,760,740,125,740,90,43,50,0,1,40003,2025/08/14 12:00:00,2050/01/01 4:59:59
333125,3,400002,0,0,0,0,770,740,126,740,90,43,50,0,1,40003,2025/08/14 12:00:00,2050/01/01 4:59:59
333126,3,400002,0,0,0,0,780,740,127,740,90,43,50,0,1,40003,2025/08/14 12:00:00,2050/01/01 4:59:59
333127,3,400002,0,0,0,0,790,740,128,740,90,43,50,0,1,40003,2025/08/14 12:00:00,2050/01/01 4:59:59
333128,3,400002,0,0,0,0,800,740,129,740,90,43,50,0,1,40003,2025/08/14 12:00:00,2050/01/01 4:59:59
334000,3,400001,0,0,0,0,5,1100,1,1100,90,43,50,0,0,40002,2017/07/01 1:00:00,2050/01/01 4:59:59
334001,3,400001,0,0,0,0,10,1100,2,1100,90,43,50,0,0,40002,2017/07/01 1:00:00,2050/01/01 4:59:59
334002,3,400001,0,0,0,0,15,1100,3,1100,90,43,50,0,0,40002,2017/07/01 1:00:00,2050/01/01 4:59:59
334003,3,400001,0,0,0,0,20,1100,4,1100,90,43,50,0,0,40002,2017/07/01 1:00:00,2050/01/01 4:59:59
334004,3,400001,0,0,0,0,25,1100,5,1100,90,43,50,0,0,40002,2017/07/01 1:00:00,2050/01/01 4:59:59
334005,3,400001,0,0,0,0,30,1100,6,1100,90,43,50,0,0,40002,2017/07/01 1:00:00,2050/01/01 4:59:59
334006,3,400001,0,0,0,0,35,1100,7,1100,90,43,50,0,0,40002,2017/07/01 1:00:00,2050/01/01 4:59:59
334007,3,400001,0,0,0,0,40,1100,8,1100,90,43,50,0,0,40002,2017/07/01 1:00:00,2050/01/01 4:59:59
334008,3,400001,0,0,0,0,45,1100,9,1100,90,43,50,0,0,40002,2017/07/01 1:00:00,2050/01/01 4:59:59
334009,3,400001,0,0,0,0,50,1100,10,1100,90,43,50,0,0,40002,2017/07/01 1:00:00,2050/01/01 4:59:59
334010,3,400001,0,0,0,0,55,1100,11,1100,90,43,50,0,0,40002,2017/07/01 1:00:00,2050/01/01 4:59:59
334011,3,400001,0,0,0,0,60,1100,12,1100,90,43,50,0,0,40002,2017/07/01 1:00:00,2050/01/01 4:59:59
334012,3,400001,0,0,0,0,65,1100,13,1100,90,43,50,0,0,40002,2017/07/01 1:00:00,2050/01/01 4:59:59
334013,3,400001,0,0,0,0,70,1100,14,1100,90,43,50,0,0,40002,2017/07/01 1:00:00,2050/01/01 4:59:59
334014,3,400001,0,0,0,0,75,1100,15,1100,90,43,50,0,0,40002,2017/07/01 1:00:00,2050/01/01 4:59:59
334015,3,400001,0,0,0,0,80,1100,16,1100,90,43,50,0,0,40002,2017/07/01 1:00:00,2050/01/01 4:59:59
334016,3,400001,0,0,0,0,85,1100,17,1100,90,43,50,0,0,40002,2017/07/01 1:00:00,2050/01/01 4:59:59
334017,3,400001,0,0,0,0,90,1100,18,1100,90,43,50,0,0,40002,2017/07/01 1:00:00,2050/01/01 4:59:59
334018,3,400001,0,0,0,0,95,1100,19,1100,90,43,50,0,0,40002,2017/07/01 1:00:00,2050/01/01 4:59:59
334019,3,400001,0,0,0,0,100,1100,20,1100,90,43,50,0,0,40002,2017/07/01 1:00:00,2050/01/01 4:59:59
334020,3,400001,0,0,0,0,105,1100,21,1100,90,43,50,0,0,40002,2017/07/01 1:00:00,2050/01/01 4:59:59
334021,3,400001,0,0,0,0,110,1100,22,1100,90,43,50,0,0,40002,2017/07/01 1:00:00,2050/01/01 4:59:59
334022,3,400001,0,0,0,0,115,1100,23,1100,90,43,50,0,0,40002,2017/07/01 1:00:00,2050/01/01 4:59:59
334023,3,400001,0,0,0,0,120,1100,24,1100,90,43,50,0,0,40002,2017/07/01 1:00:00,2050/01/01 4:59:59
334024,3,400001,0,0,0,0,125,1100,25,1100,90,43,50,0,0,40002,2017/07/01 1:00:00,2050/01/01 4:59:59
334025,3,400001,0,0,0,0,130,1100,26,1100,90,43,50,0,0,40002,2017/07/01 1:00:00,2050/01/01 4:59:59
334026,3,400001,0,0,0,0,135,1100,27,1100,90,43,50,0,0,40002,2017/07/01 1:00:00,2050/01/01 4:59:59
334027,3,400001,0,0,0,0,140,1100,28,1100,90,43,50,0,0,40002,2017/07/01 1:00:00,2050/01/01 4:59:59
334028,3,400001,0,0,0,0,145,1100,29,1100,90,43,50,0,0,40002,2017/07/01 1:00:00,2050/01/01 4:59:59
334029,3,400001,0,0,0,0,150,1100,30,1100,90,43,50,0,0,40002,2017/07/01 1:00:00,2050/01/01 4:59:59
334030,3,400001,0,0,0,0,155,1100,31,1100,90,43,50,0,0,40002,2017/07/01 1:00:00,2050/01/01 4:59:59
334031,3,400001,0,0,0,0,160,1100,32,1100,90,43,50,0,0,40002,2017/07/01 1:00:00,2050/01/01 4:59:59
334032,3,400001,0,0,0,0,165,1100,33,1100,90,43,50,0,0,40002,2017/07/01 1:00:00,2050/01/01 4:59:59
334033,3,400001,0,0,0,0,170,1100,34,1100,90,43,50,0,0,40002,2017/07/01 1:00:00,2050/01/01 4:59:59
334034,3,400001,0,0,0,0,175,1100,35,1100,90,43,50,0,0,40002,2017/07/01 1:00:00,2050/01/01 4:59:59
334035,3,400001,0,0,0,0,180,1100,36,1100,90,43,50,0,0,40002,2017/07/01 1:00:00,2050/01/01 4:59:59
334036,3,400001,0,0,0,0,185,1100,37,1100,90,43,50,0,0,40002,2017/07/01 1:00:00,2050/01/01 4:59:59
334037,3,400001,0,0,0,0,190,1100,38,1100,90,43,50,0,0,40002,2017/07/01 1:00:00,2050/01/01 4:59:59
334038,3,400001,0,0,0,0,195,1100,39,1100,90,43,50,0,0,40002,2017/07/01 1:00:00,2050/01/01 4:59:59
334039,3,400001,0,0,0,0,200,1100,40,1100,90,43,50,0,0,40002,2017/07/01 1:00:00,2050/01/01 4:59:59
334040,3,400001,0,0,0,0,205,1100,41,1100,90,43,50,0,0,40002,2017/07/01 1:00:00,2050/01/01 4:59:59
334041,3,400001,0,0,0,0,210,1100,42,1100,90,43,50,0,0,40002,2017/07/01 1:00:00,2050/01/01 4:59:59
334042,3,400001,0,0,0,0,215,1100,43,1100,90,43,50,0,0,40002,2017/07/01 1:00:00,2050/01/01 4:59:59
334043,3,400001,0,0,0,0,220,1100,44,1100,90,43,50,0,0,40002,2017/07/01 1:00:00,2050/01/01 4:59:59
334044,3,400001,0,0,0,0,225,1100,45,1100,90,43,50,0,0,40002,2017/07/01 1:00:00,2050/01/01 4:59:59
334045,3,400001,0,0,0,0,230,1100,46,1100,90,43,50,0,0,40002,2017/07/01 1:00:00,2050/01/01 4:59:59
334046,3,400001,0,0,0,0,235,1100,47,1100,90,43,50,0,0,40002,2017/07/01 1:00:00,2050/01/01 4:59:59
334047,3,400001,0,0,0,0,240,1100,48,1100,90,43,50,0,0,40002,2017/07/01 1:00:00,2050/01/01 4:59:59
334048,3,400001,0,0,0,0,245,1100,49,1100,90,43,50,0,0,40002,2017/07/01 1:00:00,2050/01/01 4:59:59
334049,3,400001,0,0,0,0,250,1100,50,1100,90,43,50,0,0,40002,2017/07/01 1:00:00,2050/01/01 4:59:59
334050,3,400001,0,0,0,0,255,1100,51,1100,90,43,50,0,0,40002,2017/07/01 1:00:00,2050/01/01 4:59:59
334051,3,400001,0,0,0,0,260,1100,52,1100,90,43,50,0,0,40002,2017/07/01 1:00:00,2050/01/01 4:59:59
334052,3,400001,0,0,0,0,265,1100,53,1100,90,43,50,0,0,40002,2017/07/01 1:00:00,2050/01/01 4:59:59
334053,3,400001,0,0,0,0,270,1100,54,1100,90,43,50,0,0,40002,2017/07/01 1:00:00,2050/01/01 4:59:59
334054,3,400001,0,0,0,0,275,1100,55,1100,90,43,50,0,0,40002,2017/07/01 1:00:00,2050/01/01 4:59:59
334055,3,400001,0,0,0,0,280,1100,56,1100,90,43,50,0,0,40002,2017/07/01 1:00:00,2050/01/01 4:59:59
334056,3,400001,0,0,0,0,285,1100,57,1100,90,43,50,0,0,40002,2017/07/01 1:00:00,2050/01/01 4:59:59
334057,3,400001,0,0,0,0,290,1100,58,1100,90,43,50,0,0,40002,2017/07/01 1:00:00,2050/01/01 4:59:59
334058,3,400001,0,0,0,0,295,1100,59,1100,90,43,50,0,0,40002,2017/07/01 1:00:00,2050/01/01 4:59:59
334059,3,400001,0,0,0,0,300,1100,60,1100,90,43,50,0,0,40002,2017/07/01 1:00:00,2050/01/01 4:59:59
334060,3,400001,0,0,0,0,305,1100,61,1100,90,43,50,0,0,40002,2017/07/01 1:00:00,2050/01/01 4:59:59
334061,3,400001,0,0,0,0,310,1100,62,1100,90,43,50,0,0,40002,2017/07/01 1:00:00,2050/01/01 4:59:59
334062,3,400001,0,0,0,0,315,1100,63,1100,90,43,50,0,0,40002,2017/07/01 1:00:00,2050/01/01 4:59:59
334063,3,400001,0,0,0,0,320,1100,64,1100,90,43,50,0,0,40002,2017/07/01 1:00:00,2050/01/01 4:59:59
334064,3,400001,0,0,0,0,325,1100,65,1100,90,43,50,0,0,40002,2017/07/01 1:00:00,2050/01/01 4:59:59
334065,3,400001,0,0,0,0,330,1100,66,1100,90,43,50,0,0,40002,2017/07/01 1:00:00,2050/01/01 4:59:59
334066,3,400001,0,0,0,0,335,1100,67,1100,90,43,50,0,0,40002,2017/07/01 1:00:00,2050/01/01 4:59:59
334067,3,400001,0,0,0,0,340,1100,68,1100,90,43,50,0,0,40002,2017/07/01 1:00:00,2050/01/01 4:59:59
334068,3,400001,0,0,0,0,345,1100,69,1100,90,43,50,0,0,40002,2017/07/01 1:00:00,2050/01/01 4:59:59
334069,3,400001,0,0,0,0,350,1100,70,1100,90,43,50,0,0,40002,2017/07/01 1:00:00,2050/01/01 4:59:59
334070,3,400001,0,0,0,0,355,1100,71,1100,90,43,50,0,0,40002,2017/07/01 1:00:00,2050/01/01 4:59:59
334071,3,400001,0,0,0,0,360,1100,72,1100,90,43,50,0,0,40002,2017/07/01 1:00:00,2050/01/01 4:59:59
334072,3,400001,0,0,0,0,365,1100,73,1100,90,43,50,0,0,40002,2017/07/01 1:00:00,2050/01/01 4:59:59
334073,3,400001,0,0,0,0,370,1100,74,1100,90,43,50,0,0,40002,2017/07/01 1:00:00,2050/01/01 4:59:59
334074,3,400001,0,0,0,0,375,1100,75,1100,90,43,50,0,0,40002,2017/07/01 1:00:00,2050/01/01 4:59:59
334075,3,400001,0,0,0,0,380,1100,76,1100,90,43,50,0,0,40002,2017/07/01 1:00:00,2050/01/01 4:59:59
334076,3,400001,0,0,0,0,385,1100,77,1100,90,43,50,0,0,40002,2017/07/01 1:00:00,2050/01/01 4:59:59
334077,3,400001,0,0,0,0,390,1100,78,1100,90,43,50,0,0,40002,2017/07/01 1:00:00,2050/01/01 4:59:59
334078,3,400001,0,0,0,0,395,1100,79,1100,90,43,50,0,0,40002,2017/07/01 1:00:00,2050/01/01 4:59:59
334079,3,400001,0,0,0,0,400,1100,80,1100,90,43,50,0,0,40002,2017/07/01 1:00:00,2050/01/01 4:59:59
340000,3,600014,1001,0,0,0,1,1500,1,1500,90,43,50,0,0,10001,2017/07/01 1:00:00,2050/01/01 4:59:59
340001,3,600014,1002,0,0,0,1,1501,2,1501,90,43,50,0,0,10001,2017/07/01 1:00:00,2050/01/01 4:59:59
340002,3,600014,1003,0,0,0,1,1502,3,1502,90,43,50,0,0,10001,2017/07/01 1:00:00,2050/01/01 4:59:59
340003,3,600014,1004,0,0,0,1,1503,4,1503,90,43,50,0,0,10001,2017/07/01 1:00:00,2050/01/01 4:59:59
340004,3,600014,1005,0,0,0,1,1504,5,1504,90,43,50,0,1,10001,2021/07/12 12:00:00,2050/01/01 4:59:59
340005,3,600014,1006,0,0,0,1,1505,6,1505,90,43,50,0,0,10001,2017/07/01 1:00:00,2050/01/01 4:59:59
340006,3,600014,1007,0,0,0,1,1506,7,1506,90,43,50,0,0,10001,2017/07/01 1:00:00,2050/01/01 4:59:59
340007,3,600014,1008,0,0,0,1,1507,8,1507,90,43,50,0,0,10001,2017/07/01 1:00:00,2050/01/01 4:59:59
340008,3,600014,1009,0,0,0,1,1508,9,1508,90,43,50,0,0,10001,2017/07/01 1:00:00,2050/01/01 4:59:59
340009,3,600014,1010,0,0,0,1,1509,10,1509,90,43,50,0,0,10001,2017/07/01 1:00:00,2050/01/01 4:59:59
340010,3,600014,1011,0,0,0,1,1510,11,1510,90,43,50,0,0,10001,2017/07/01 1:00:00,2050/01/01 4:59:59
340011,3,600014,1012,0,0,0,1,1511,12,1511,90,43,50,0,1,10001,2021/06/21 12:00:00,2050/01/01 4:59:59
340012,3,600014,1013,0,0,0,1,1512,13,1512,90,43,50,0,0,10001,2017/07/01 1:00:00,2050/01/01 4:59:59
340013,3,600014,1014,0,0,0,1,1513,14,1513,90,43,50,0,0,10001,2017/07/01 1:00:00,2050/01/01 4:59:59
340014,3,600014,1015,0,0,0,1,1514,15,1514,90,43,50,0,1,10001,2021/03/02 12:00:00,2050/01/01 4:59:59
340015,3,600014,1017,0,0,0,1,1515,16,1515,90,43,50,0,0,10001,2017/07/01 1:00:00,2050/01/01 4:59:59
340016,3,600014,1018,0,0,0,1,1516,17,1516,90,43,50,0,0,10001,2017/07/01 1:00:00,2050/01/01 4:59:59
340017,3,600014,1020,0,0,0,1,1517,18,1517,90,43,50,0,1,10001,2021/06/10 12:00:00,2050/01/01 4:59:59
340018,3,600014,1024,0,0,0,1,1518,19,1518,90,43,50,0,0,10001,2017/07/01 1:00:00,2050/01/01 4:59:59
340019,3,600014,1027,0,0,0,1,1519,20,1519,90,43,50,0,0,10001,2017/07/01 1:00:00,2050/01/01 4:59:59
340020,3,600014,1030,0,0,0,1,1520,21,1520,90,43,50,0,0,10001,2017/07/01 1:00:00,2050/01/01 4:59:59
340021,3,600014,1032,0,0,0,1,1521,22,1521,90,43,50,0,0,10001,2017/07/01 1:00:00,2050/01/01 4:59:59
340022,3,600014,1035,0,0,0,1,1522,23,1522,90,43,50,0,0,10001,2017/07/01 1:00:00,2050/01/01 4:59:59
340023,3,600014,1040,0,0,0,1,1523,24,1523,90,43,50,0,1,10001,2021/07/20 12:00:00,2050/01/01 4:59:59
340024,3,600014,1041,0,0,0,1,1524,25,1524,90,43,50,0,0,10001,2017/07/01 1:00:00,2050/01/01 4:59:59
340025,3,600014,1045,0,0,0,1,1525,26,1525,90,43,50,0,0,10001,2017/07/01 1:00:00,2050/01/01 4:59:59
340026,3,600014,1052,0,0,0,1,1526,27,1526,90,43,50,0,0,10001,2017/07/01 1:00:00,2050/01/01 4:59:59
340027,3,600014,1056,0,0,0,1,1527,28,1527,90,43,50,0,0,10001,2017/07/01 1:00:00,2050/01/01 4:59:59
340028,3,600014,1060,0,0,0,1,1528,29,1528,90,43,50,0,0,10001,2017/07/01 1:00:00,2050/01/01 4:59:59
340029,3,600014,1061,0,0,0,1,1529,30,1529,90,43,50,0,0,10001,2017/07/01 1:00:00,2050/01/01 4:59:59
340030,3,600014,1026,0,0,0,1,1530,31,1530,90,43,50,0,1,10001,2021/03/09 12:00:00,2050/01/01 4:59:59
340031,3,600014,1023,0,0,0,1,1531,32,1531,90,43,50,0,1,10001,2021/03/18 12:00:00,2050/01/01 4:59:59
340032,3,600014,1038,0,0,0,1,1532,33,1532,90,43,50,0,1,10001,2021/04/15 12:00:00,2050/01/01 4:59:59
340033,3,600014,1050,0,0,0,1,1533,34,1533,90,43,50,0,1,10001,2021/04/26 12:00:00,2050/01/01 4:59:59
340034,3,600014,1046,0,0,0,1,1534,35,1534,90,43,50,0,1,10001,2021/05/06 12:00:00,2050/01/01 4:59:59
340035,3,600014,1016,0,0,0,1,1535,36,1535,90,43,50,0,1,10001,2021/05/17 12:00:00,2050/01/01 4:59:59
340036,3,600014,1058,0,0,0,1,1536,37,1536,90,43,50,0,1,10001,2021/08/11 12:00:00,2050/01/01 4:59:59
340037,3,600014,1037,0,0,0,1,1537,38,1537,90,43,50,0,1,10001,2021/08/20 12:00:00,2050/01/01 4:59:59
340038,3,600014,1028,0,0,0,1,1538,39,1538,90,43,50,0,1,10001,2021/09/10 12:00:00,2050/01/01 4:59:59
340039,3,600014,1019,0,0,0,1,1539,40,1539,90,43,50,0,1,10001,2021/09/20 12:00:00,2050/01/01 4:59:59
340040,3,600014,1039,0,0,0,1,1540,41,1540,90,43,50,0,1,10001,2021/10/11 12:00:00,2050/01/01 4:59:59
340041,3,600014,1025,0,0,0,1,1541,42,1541,90,43,50,0,1,10001,2021/10/20 12:00:00,2050/01/01 4:59:59
340042,3,600014,1048,0,0,0,1,1542,43,1542,90,43,50,0,1,10001,2021/11/08 12:00:00,2050/01/01 4:59:59
340043,3,600014,1059,0,0,0,1,1543,44,1543,90,43,50,0,1,10001,2021/11/19 12:00:00,2050/01/01 4:59:59
340044,3,600014,1022,0,0,0,1,1544,45,1544,90,43,50,0,1,10001,2021/12/14 12:00:00,2050/01/01 4:59:59
340045,3,600014,1021,0,0,0,1,1545,46,1545,90,43,50,0,1,10001,2021/12/22 12:00:00,2050/01/01 4:59:59
340046,3,600014,1069,0,0,0,1,1546,47,1546,90,43,50,0,1,10001,2022/01/20 12:00:00,2050/01/01 4:59:59
340047,3,600014,1071,0,0,0,1,1547,48,1547,90,43,50,0,1,10001,2022/02/08 12:00:00,2050/01/01 4:59:59
340048,3,600014,1033,0,0,0,1,1548,49,1548,90,43,50,0,1,10001,2022/02/16 12:00:00,2050/01/01 4:59:59
340049,3,600014,1068,0,0,0,1,1549,50,1549,90,43,50,0,1,10001,2022/02/24 12:00:00,2050/01/01 4:59:59
340050,3,600014,1062,0,0,0,1,1550,51,1550,90,43,50,0,1,10001,2022/02/24 12:00:00,2050/01/01 4:59:59
340051,3,600014,1067,0,0,0,1,1551,52,1551,90,43,50,0,1,10001,2022/03/07 12:00:00,2050/01/01 4:59:59
340052,3,600014,1074,0,0,0,1,1552,53,1552,90,43,50,0,1,10001,2022/03/18 12:00:00,2050/01/01 4:59:59
340053,3,600014,1051,0,0,0,1,1553,54,1553,90,43,50,0,1,10001,2022/04/11 12:00:00,2050/01/01 4:59:59
340054,3,600014,1072,0,0,0,1,1554,55,1554,90,43,50,0,1,10001,2022/04/19 12:00:00,2050/01/01 4:59:59
340055,3,600014,1031,0,0,0,1,1555,56,1555,90,43,50,0,1,10001,2022/05/10 12:00:00,2050/01/01 4:59:59
340056,3,600014,1064,0,0,0,1,1556,57,1556,90,43,50,0,1,10001,2022/05/20 12:00:00,2050/01/01 4:59:59
340057,3,600014,1034,0,0,0,1,1557,58,1557,90,43,50,0,1,10001,2022/06/10 12:00:00,2050/01/01 4:59:59
340058,3,600014,1044,0,0,0,1,1558,59,1558,90,43,50,0,1,10001,2022/06/20 12:00:00,2050/01/01 4:59:59
340059,3,600014,1036,0,0,0,1,1559,60,1559,90,43,50,0,1,10001,2022/07/11 12:00:00,2050/01/01 4:59:59
340060,3,600014,1053,0,0,0,1,1560,61,1560,90,43,50,0,1,10001,2022/08/10 12:00:00,2050/01/01 4:59:59
340061,3,600014,1098,0,0,0,1,1561,62,1561,90,43,50,0,1,10001,2022/08/19 12:00:00,2050/01/01 4:59:59
340062,3,600014,1029,0,0,0,1,1562,63,1562,90,43,50,0,1,10001,2022/09/12 12:00:00,2050/01/01 4:59:59
340063,3,600014,1042,0,0,0,1,1563,64,1563,90,43,50,0,1,10001,2022/09/20 12:00:00,2050/01/01 4:59:59
340064,3,600014,1087,0,0,0,1,1564,65,1564,90,43,50,0,1,10001,2022/10/11 12:00:00,2050/01/01 4:59:59
340065,3,600014,1078,0,0,0,1,1565,66,1565,90,43,50,0,1,10001,2022/10/19 12:00:00,2050/01/01 4:59:59
340066,3,600014,1049,0,0,0,1,1566,67,1566,90,43,50,0,1,10001,2022/11/09 12:00:00,2050/01/01 4:59:59
340067,3,600014,1100,0,0,0,1,1567,68,1567,90,43,50,0,1,10001,2022/11/17 12:00:00,2050/01/01 4:59:59
340068,3,600014,1047,0,0,0,1,1568,69,1568,90,43,50,0,1,10001,2022/12/12 12:00:00,2050/01/01 4:59:59
340069,3,600014,1099,0,0,0,1,1569,70,1569,90,43,50,0,1,10001,2023/01/10 12:00:00,2050/01/01 4:59:59
340070,3,600014,1065,0,0,0,1,1570,71,1570,90,43,50,0,1,10001,2023/01/20 12:00:00,2050/01/01 4:59:59
340071,3,600014,1043,0,0,0,1,1571,72,1571,90,43,50,0,1,10001,2023/02/13 12:00:00,2050/01/01 4:59:59
340072,3,600014,1057,0,0,0,1,1572,73,1572,90,43,50,0,1,10001,2023/02/24 12:00:00,2050/01/01 4:59:59
340073,3,600014,1066,0,0,0,1,1573,74,1573,90,43,50,0,1,10001,2023/02/24 12:00:00,2050/01/01 4:59:59
340074,3,600014,1085,0,0,0,1,1574,75,1574,90,43,50,0,1,10001,2023/03/10 12:00:00,2050/01/01 4:59:59
340075,3,600014,1083,0,0,0,1,1575,76,1575,90,43,50,0,1,10001,2023/03/20 12:00:00,2050/01/01 4:59:59
340076,3,600014,1076,0,0,0,1,1576,77,1576,90,43,50,0,1,10001,2023/04/10 12:00:00,2050/01/01 4:59:59
340077,3,600014,1105,0,0,0,1,1577,78,1577,90,43,50,0,1,10001,2023/04/19 12:00:00,2050/01/01 4:59:59
340078,3,600014,1106,0,0,0,1,1578,79,1578,90,43,50,0,1,10001,2023/05/10 12:00:00,2050/01/01 4:59:59
340079,3,600014,1084,0,0,0,1,1579,80,1579,90,43,50,0,1,10001,2023/05/19 12:00:00,2050/01/01 4:59:59
340080,3,600014,1055,0,0,0,1,1580,81,1580,90,43,50,0,1,10001,2023/06/19 12:00:00,2050/01/01 4:59:59
340081,3,600014,1104,0,0,0,1,1581,82,1581,90,43,50,0,1,10001,2023/07/10 12:00:00,2050/01/01 4:59:59
340082,3,600014,1070,0,0,0,1,1582,83,1582,90,43,50,0,1,10001,2023/07/21 12:00:00,2050/01/01 4:59:59
340083,3,600014,1077,0,0,0,1,1583,84,1583,90,43,50,0,1,10001,2023/08/24 12:00:00,2050/01/01 4:59:59
340084,3,600014,1093,0,0,0,1,1584,85,1584,90,43,50,0,1,10001,2023/09/20 12:00:00,2050/01/01 4:59:59
340085,3,600014,1086,0,0,0,1,1585,86,1585,90,43,50,0,1,10001,2023/10/19 12:00:00,2050/01/01 4:59:59
340086,3,600014,1107,0,0,0,1,1586,87,1586,90,43,50,0,1,10001,2023/11/20 12:00:00,2050/01/01 4:59:59
340087,3,600014,1088,0,0,0,1,1587,88,1587,90,43,50,0,1,10001,2023/12/11 12:00:00,2050/01/01 4:59:59
340088,3,600014,1089,0,0,0,1,1588,89,1588,90,43,50,0,1,10001,2023/12/20 12:00:00,2050/01/01 4:59:59
340089,3,600014,1091,0,0,0,1,1589,90,1589,90,43,50,0,1,10001,2024/01/19 12:00:00,2050/01/01 4:59:59
340090,3,600014,1054,0,0,0,1,1590,91,1590,90,43,50,0,1,10001,2024/02/14 12:00:00,2050/01/01 4:59:59
340091,3,600014,1063,0,0,0,1,1591,92,1591,90,43,50,0,1,10001,2024/02/24 12:00:00,2050/01/01 4:59:59
340092,3,600014,1108,0,0,0,1,1592,93,1592,90,43,50,0,1,10001,2024/02/24 12:00:00,2050/01/01 4:59:59
340093,3,600014,1080,0,0,0,1,1593,94,1593,90,43,50,0,1,10001,2024/03/12 12:00:00,2050/01/01 4:59:59
340094,3,600014,1109,0,0,0,1,1594,95,1594,90,43,50,0,1,10001,2024/03/21 12:00:00,2050/01/01 4:59:59
340095,3,600014,1102,0,0,0,1,1595,96,1595,90,43,50,0,1,10001,2024/04/19 12:00:00,2050/01/01 4:59:59
340096,3,600014,1082,0,0,0,1,1596,97,1596,90,43,50,0,1,10001,2024/05/20 12:00:00,2050/01/01 4:59:59
340097,3,600014,1094,0,0,0,1,1597,98,1597,90,43,50,0,1,10001,2024/06/13 12:00:00,2050/01/01 4:59:59
340098,3,600014,1119,0,0,0,1,1598,99,1598,90,43,50,0,1,10001,2024/06/26 12:00:00,2050/01/01 4:59:59
340099,3,600014,1120,0,0,0,1,1599,100,1599,90,43,50,0,1,10001,2024/07/19 12:00:00,2050/01/01 4:59:59
340100,3,600014,1116,0,0,0,1,1600,101,1600,90,43,50,0,1,10001,2024/08/24 12:00:00,2050/01/01 4:59:59
340101,3,600014,1110,0,0,0,1,1601,102,1601,90,43,50,0,1,10001,2024/09/10 12:00:00,2050/01/01 4:59:59
340102,3,600014,1121,0,0,0,1,1602,103,1602,90,43,50,0,1,10001,2024/09/20 12:00:00,2050/01/01 4:59:59
340103,3,600014,1124,0,0,0,1,1603,104,1603,90,43,50,0,1,10001,2024/10/11 12:00:00,2050/01/01 4:59:59
340104,3,600014,1111,0,0,0,1,1604,105,1604,90,43,50,0,1,10001,2024/11/18 12:00:00,2050/01/01 4:59:59
340105,3,600014,1117,0,0,0,1,1605,106,1605,90,43,50,0,1,10001,2024/12/10 12:00:00,2050/01/01 4:59:59
340106,3,600014,1079,0,0,0,1,1606,107,1606,90,43,50,0,1,10001,2025/01/20 12:00:00,2050/01/01 4:59:59
340107,3,600014,1073,0,0,0,1,1607,108,1607,90,43,50,0,1,10001,2025/02/14 12:00:00,2050/01/01 4:59:59
340108,3,600014,1115,0,0,0,1,1608,109,1608,90,43,50,0,1,10001,2025/02/24 12:00:00,2050/01/01 4:59:59
340109,3,600014,1131,0,0,0,1,1609,110,1609,90,43,50,0,1,10001,2025/03/11 12:00:00,2050/01/01 4:59:59
340110,3,600014,1096,0,0,0,1,1610,111,1610,90,43,50,0,1,10001,2025/03/21 12:00:00,2050/01/01 4:59:59
340111,3,600014,1127,0,0,0,1,1611,112,1611,90,43,50,0,1,10001,2025/04/21 12:00:00,2050/01/01 4:59:59
340112,3,600014,1090,0,0,0,1,1612,113,1612,90,43,50,0,1,10001,2025/05/12 12:00:00,2050/01/01 4:59:59
340113,3,600014,1132,0,0,0,1,1613,114,1613,90,43,50,0,1,10001,2025/05/21 12:00:00,2050/01/01 4:59:59
340114,3,600014,1133,0,0,0,1,1614,115,1614,90,43,50,0,1,10001,2025/06/13 12:00:00,2050/01/01 4:59:59
340115,3,600014,1113,0,0,0,1,1615,116,1615,90,43,50,0,1,10001,2025/07/22 12:00:00,2050/01/01 4:59:59
340116,3,600014,1097,0,0,0,1,1616,117,1616,90,43,50,0,1,10001,2025/08/24 12:00:00,2050/01/01 4:59:59
340117,3,600014,1081,0,0,0,1,1617,118,1617,90,43,50,0,1,10001,2025/09/09 12:00:00,2050/01/01 4:59:59
340118,3,600014,1095,0,0,0,1,1618,119,1618,90,43,50,0,1,10001,2025/09/19 12:00:00,2050/01/01 4:59:59
340119,3,600014,1092,0,0,0,1,1619,120,1619,90,43,50,0,1,10001,2025/10/18 21:00:00,2050/01/01 4:59:59
340120,3,600014,1114,0,0,0,1,1620,121,1620,90,43,50,0,1,10001,2025/11/19 12:00:00,2050/01/01 4:59:59
340121,3,600014,1135,0,0,0,1,1621,122,1621,90,43,50,0,1,10001,2025/12/21 22:10:00,2050/01/01 4:59:59
340122,3,600014,1137,0,0,0,1,1622,123,1622,90,43,50,0,1,10001,2026/01/19 12:00:00,2050/01/01 4:59:59
340123,3,600014,1103,0,0,0,1,1623,124,1623,90,43,50,0,1,10001,2026/02/14 12:00:00,2050/01/01 4:59:59
340124,3,600014,1129,0,0,0,1,1624,125,1624,90,43,50,0,1,10001,2026/02/24 12:00:00,2050/01/01 4:59:59
340125,3,600014,1143,0,0,0,1,1625,126,1625,90,43,50,0,1,10001,2026/03/19 12:00:00,2050/01/01 4:59:59
340126,3,600014,1130,0,0,0,1,1626,127,1626,90,43,50,0,1,10001,2026/04/10 12:00:00,2050/01/01 4:59:59
340127,3,600014,1118,0,0,0,1,1627,128,1627,90,43,50,0,1,10001,2026/04/20 12:00:00,2050/01/01 4:59:59
340128,3,600014,1112,0,0,0,1,1628,129,1628,90,43,50,0,1,10001,2026/05/11 12:00:00,2050/01/01 4:59:59
340129,3,600014,1136,0,0,0,1,1629,130,1629,90,43,50,0,1,10001,2026/05/20 12:00:00,2050/01/01 4:59:59
340130,3,600014,1134,0,0,0,1,1630,131,1630,90,43,50,0,1,10001,2026/06/15 12:00:00,2050/01/01 4:59:59
341000,3,600014,1001,0,0,0,11,341000,1,1500,70,901001,1,0,0,10001,2017/07/01 1:00:00,2050/01/01 4:59:59
341001,3,600014,1002,0,0,0,11,341001,2,1501,70,901002,1,0,0,10001,2017/07/01 1:00:00,2050/01/01 4:59:59
341002,3,600014,1003,0,0,0,11,341002,3,1502,70,901003,1,0,0,10001,2017/07/01 1:00:00,2050/01/01 4:59:59
341003,3,600014,1004,0,0,0,11,341003,4,1503,70,901004,1,0,0,10001,2017/07/01 1:00:00,2050/01/01 4:59:59
341004,3,600014,1005,0,0,0,11,341004,5,1504,70,901005,1,0,0,10001,2017/07/01 1:00:00,2050/01/01 4:59:59
341005,3,600014,1006,0,0,0,11,341005,6,1505,70,901006,1,0,0,10001,2017/07/01 1:00:00,2050/01/01 4:59:59
341006,3,600014,1007,0,0,0,11,341006,7,1506,70,901007,1,0,0,10001,2017/07/01 1:00:00,2050/01/01 4:59:59
341007,3,600014,1008,0,0,0,11,341007,8,1507,70,901008,1,0,0,10001,2017/07/01 1:00:00,2050/01/01 4:59:59
341008,3,600014,1009,0,0,0,11,341008,9,1508,70,901009,1,0,0,10001,2017/07/01 1:00:00,2050/01/01 4:59:59
341009,3,600014,1010,0,0,0,11,341009,10,1509,70,901010,1,0,0,10001,2017/07/01 1:00:00,2050/01/01 4:59:59
341010,3,600014,1011,0,0,0,11,341010,11,1510,70,901011,1,0,0,10001,2017/07/01 1:00:00,2050/01/01 4:59:59
341011,3,600014,1012,0,0,0,11,341011,12,1511,70,901012,1,0,0,10001,2017/07/01 1:00:00,2050/01/01 4:59:59
341012,3,600014,1013,0,0,0,11,341012,13,1512,70,901013,1,0,0,10001,2017/07/01 1:00:00,2050/01/01 4:59:59
341013,3,600014,1014,0,0,0,11,341013,14,1513,70,901014,1,0,0,10001,2017/07/01 1:00:00,2050/01/01 4:59:59
341014,3,600014,1015,0,0,0,11,341014,15,1514,70,901015,1,0,0,10001,2017/07/01 1:00:00,2050/01/01 4:59:59
341015,3,600014,1017,0,0,0,11,341015,16,1515,70,901017,1,0,0,10001,2017/07/01 1:00:00,2050/01/01 4:59:59
341016,3,600014,1018,0,0,0,11,341016,17,1516,70,901018,1,0,0,10001,2017/07/01 1:00:00,2050/01/01 4:59:59
341017,3,600014,1020,0,0,0,11,341017,18,1517,70,901020,1,0,0,10001,2017/07/01 1:00:00,2050/01/01 4:59:59
341018,3,600014,1024,0,0,0,11,341018,19,1518,70,901024,1,0,0,10001,2017/07/01 1:00:00,2050/01/01 4:59:59
341019,3,600014,1027,0,0,0,11,341019,20,1519,70,901027,1,0,0,10001,2017/07/01 1:00:00,2050/01/01 4:59:59
341020,3,600014,1030,0,0,0,11,341020,21,1520,70,901030,1,0,0,10001,2017/07/01 1:00:00,2050/01/01 4:59:59
341021,3,600014,1032,0,0,0,11,341021,22,1521,70,901032,1,0,0,10001,2017/07/01 1:00:00,2050/01/01 4:59:59
341022,3,600014,1035,0,0,0,11,341022,23,1522,70,901035,1,0,0,10001,2017/07/01 1:00:00,2050/01/01 4:59:59
341023,3,600014,1040,0,0,0,11,341023,24,1523,70,901040,1,0,0,10001,2017/07/01 1:00:00,2050/01/01 4:59:59
341024,3,600014,1041,0,0,0,11,341024,25,1524,70,901041,1,0,0,10001,2017/07/01 1:00:00,2050/01/01 4:59:59
341025,3,600014,1045,0,0,0,11,341025,26,1525,70,901045,1,0,0,10001,2017/07/01 1:00:00,2050/01/01 4:59:59
341026,3,600014,1052,0,0,0,11,341026,27,1526,70,901052,1,0,0,10001,2017/07/01 1:00:00,2050/01/01 4:59:59
341027,3,600014,1056,0,0,0,11,341027,28,1527,70,901056,1,0,0,10001,2017/07/01 1:00:00,2050/01/01 4:59:59
341028,3,600014,1060,0,0,0,11,341028,29,1528,70,901060,1,0,0,10001,2017/07/01 1:00:00,2050/01/01 4:59:59
341029,3,600014,1061,0,0,0,11,341029,30,1529,70,901061,1,0,0,10001,2017/07/01 1:00:00,2050/01/01 4:59:59
341030,3,600014,1026,0,0,0,11,341030,31,1530,70,901026,1,0,0,10001,2017/07/01 1:00:00,2050/01/01 4:59:59
341031,3,600014,1023,0,0,0,11,341031,32,1531,70,901023,1,0,0,10001,2017/07/01 1:00:00,2050/01/01 4:59:59
341032,3,600014,1038,0,0,0,11,341032,33,1532,70,901038,1,0,0,10001,2017/07/01 1:00:00,2050/01/01 4:59:59
341033,3,600014,1050,0,0,0,11,341033,34,1533,70,901050,1,0,0,10001,2017/07/01 1:00:00,2050/01/01 4:59:59
341034,3,600014,1046,0,0,0,11,341034,35,1534,70,901046,1,0,0,10001,2017/07/01 1:00:00,2050/01/01 4:59:59
341035,3,600014,1016,0,0,0,11,341035,36,1535,70,901016,1,0,0,10001,2017/07/01 1:00:00,2050/01/01 4:59:59
341036,3,600014,1058,0,0,0,11,341036,37,1536,70,901058,1,0,0,10001,2017/07/01 1:00:00,2050/01/01 4:59:59
341037,3,600014,1037,0,0,0,11,341037,38,1537,70,901037,1,0,0,10001,2017/07/01 1:00:00,2050/01/01 4:59:59
341038,3,600014,1028,0,0,0,11,341038,39,1538,70,901028,1,0,0,10001,2017/07/01 1:00:00,2050/01/01 4:59:59
341039,3,600014,1019,0,0,0,11,341039,40,1539,70,901019,1,0,0,10001,2017/07/01 1:00:00,2050/01/01 4:59:59
341040,3,600014,1039,0,0,0,11,341040,41,1540,70,901039,1,0,0,10001,2017/07/01 1:00:00,2050/01/01 4:59:59
341041,3,600014,1025,0,0,0,11,341041,42,1541,70,901025,1,0,0,10001,2017/07/01 1:00:00,2050/01/01 4:59:59
341042,3,600014,1048,0,0,0,11,341042,43,1542,70,901048,1,0,0,10001,2017/07/01 1:00:00,2050/01/01 4:59:59
341043,3,600014,1059,0,0,0,11,341043,44,1543,70,901059,1,0,0,10001,2017/07/01 1:00:00,2050/01/01 4:59:59
341044,3,600014,1022,0,0,0,11,341044,45,1544,70,901022,1,0,0,10001,2017/07/01 1:00:00,2050/01/01 4:59:59
341045,3,600014,1021,0,0,0,11,341045,46,1545,70,901021,1,0,0,10001,2017/07/01 1:00:00,2050/01/01 4:59:59
341046,3,600014,1069,0,0,0,11,341046,47,1546,70,901069,1,0,0,10001,2017/07/01 1:00:00,2050/01/01 4:59:59
341047,3,600014,1071,0,0,0,11,341047,48,1547,70,901071,1,0,0,10001,2017/07/01 1:00:00,2050/01/01 4:59:59
341048,3,600014,1033,0,0,0,11,341048,49,1548,70,901033,1,0,0,10001,2017/07/01 1:00:00,2050/01/01 4:59:59
341049,3,600014,1068,0,0,0,11,341049,50,1549,70,901068,1,0,0,10001,2017/07/01 1:00:00,2050/01/01 4:59:59
341050,3,600014,1062,0,0,0,11,341050,51,1550,70,901062,1,0,0,10001,2017/07/01 1:00:00,2050/01/01 4:59:59
341051,3,600014,1067,0,0,0,11,341051,52,1551,70,901067,1,0,0,10001,2017/07/01 1:00:00,2050/01/01 4:59:59
341052,3,600014,1074,0,0,0,11,341052,53,1552,70,901074,1,0,0,10001,2017/07/01 1:00:00,2050/01/01 4:59:59
341053,3,600014,1051,0,0,0,11,341053,54,1553,70,901051,1,0,0,10001,2017/07/01 1:00:00,2050/01/01 4:59:59
341054,3,600014,1072,0,0,0,11,341054,55,1554,70,901072,1,0,0,10001,2017/07/01 1:00:00,2050/01/01 4:59:59
341055,3,600014,1031,0,0,0,11,341055,56,1555,70,901031,1,0,0,10001,2017/07/01 1:00:00,2050/01/01 4:59:59
341056,3,600014,1064,0,0,0,11,341056,57,1556,70,901064,1,0,0,10001,2017/07/01 1:00:00,2050/01/01 4:59:59
341057,3,600014,1034,0,0,0,11,341057,58,1557,70,901034,1,0,0,10001,2017/07/01 1:00:00,2050/01/01 4:59:59
341058,3,600014,1044,0,0,0,11,341058,59,1558,70,901044,1,0,0,10001,2017/07/01 1:00:00,2050/01/01 4:59:59
341059,3,600014,1036,0,0,0,11,341059,60,1559,70,901036,1,0,0,10001,2017/07/01 1:00:00,2050/01/01 4:59:59
341060,3,600014,1053,0,0,0,11,341060,61,1560,70,901053,1,0,0,10001,2017/07/01 1:00:00,2050/01/01 4:59:59
341061,3,600014,1098,0,0,0,11,341061,62,1561,70,901098,1,0,0,10001,2017/07/01 1:00:00,2050/01/01 4:59:59
341062,3,600014,1029,0,0,0,11,341062,63,1562,70,901029,1,0,0,10001,2017/07/01 1:00:00,2050/01/01 4:59:59
341063,3,600014,1042,0,0,0,11,341063,64,1563,70,901042,1,0,0,10001,2017/07/01 1:00:00,2050/01/01 4:59:59
341064,3,600014,1087,0,0,0,11,341064,65,1564,70,901087,1,0,0,10001,2017/07/01 1:00:00,2050/01/01 4:59:59
341065,3,600014,1078,0,0,0,11,341065,66,1565,70,901078,1,0,0,10001,2017/07/01 1:00:00,2050/01/01 4:59:59
341066,3,600014,1049,0,0,0,11,341066,67,1566,70,901049,1,0,0,10001,2017/07/01 1:00:00,2050/01/01 4:59:59
341067,3,600014,1100,0,0,0,11,341067,68,1567,70,901100,1,0,0,10001,2017/07/01 1:00:00,2050/01/01 4:59:59
341068,3,600014,1047,0,0,0,11,341068,69,1568,70,901047,1,0,0,10001,2017/07/01 1:00:00,2050/01/01 4:59:59
341069,3,600014,1099,0,0,0,11,341069,70,1569,70,901099,1,0,0,10001,2017/07/01 1:00:00,2050/01/01 4:59:59
341070,3,600014,1065,0,0,0,11,341070,71,1570,70,901065,1,0,0,10001,2017/07/01 1:00:00,2050/01/01 4:59:59
341071,3,600014,1043,0,0,0,11,341071,72,1571,70,901043,1,0,0,10001,2017/07/01 1:00:00,2050/01/01 4:59:59
341072,3,600014,1057,0,0,0,11,341072,73,1572,70,901057,1,0,0,10001,2017/07/01 1:00:00,2050/01/01 4:59:59
341073,3,600014,1066,0,0,0,11,341073,74,1573,70,901066,1,0,0,10001,2017/07/01 1:00:00,2050/01/01 4:59:59
341074,3,600014,1085,0,0,0,11,341074,75,1574,70,901085,1,0,0,10001,2017/07/01 1:00:00,2050/01/01 4:59:59
341075,3,600014,1083,0,0,0,11,341075,76,1575,70,901083,1,0,0,10001,2017/07/01 1:00:00,2050/01/01 4:59:59
341076,3,600014,1076,0,0,0,11,341076,77,1576,70,901076,1,0,0,10001,2017/07/01 1:00:00,2050/01/01 4:59:59
341077,3,600014,1105,0,0,0,11,341077,78,1577,70,901105,1,0,0,10001,2017/07/01 1:00:00,2050/01/01 4:59:59
341078,3,600014,1106,0,0,0,11,341078,79,1578,70,901106,1,0,0,10001,2017/07/01 1:00:00,2050/01/01 4:59:59
341079,3,600014,1084,0,0,0,11,341079,80,1579,70,901084,1,0,0,10001,2017/07/01 1:00:00,2050/01/01 4:59:59
341080,3,600014,1055,0,0,0,11,341080,81,1580,70,901055,1,0,0,10001,2017/07/01 1:00:00,2050/01/01 4:59:59
341081,3,600014,1104,0,0,0,11,341081,82,1581,70,901104,1,0,0,10001,2017/07/01 1:00:00,2050/01/01 4:59:59
341082,3,600014,1070,0,0,0,11,341082,83,1582,70,901070,1,0,0,10001,2017/07/01 1:00:00,2050/01/01 4:59:59
341083,3,600014,1077,0,0,0,11,341083,84,1583,70,901077,1,0,0,10001,2017/07/01 1:00:00,2050/01/01 4:59:59
341084,3,600014,1093,0,0,0,11,341084,85,1584,70,901093,1,0,0,10001,2017/07/01 1:00:00,2050/01/01 4:59:59
341085,3,600014,1086,0,0,0,11,341085,86,1585,70,901086,1,0,0,10001,2017/07/01 1:00:00,2050/01/01 4:59:59
341086,3,600014,1107,0,0,0,11,341086,87,1586,70,901107,1,0,0,10001,2017/07/01 1:00:00,2050/01/01 4:59:59
341087,3,600014,1088,0,0,0,11,341087,88,1587,70,901088,1,0,0,10001,2017/07/01 1:00:00,2050/01/01 4:59:59
341088,3,600014,1089,0,0,0,11,341088,89,1588,70,901089,1,0,0,10001,2017/07/01 1:00:00,2050/01/01 4:59:59
341089,3,600014,1091,0,0,0,11,341089,90,1589,70,901091,1,0,0,10001,2017/07/01 1:00:00,2050/01/01 4:59:59
341090,3,600014,1054,0,0,0,11,341090,91,1590,70,901054,1,0,0,10001,2017/07/01 1:00:00,2050/01/01 4:59:59
341091,3,600014,1063,0,0,0,11,341091,92,1591,70,901063,1,0,0,10001,2017/07/01 1:00:00,2050/01/01 4:59:59
341092,3,600014,1108,0,0,0,11,341092,93,1592,70,901108,1,0,0,10001,2017/07/01 1:00:00,2050/01/01 4:59:59
341093,3,600014,1080,0,0,0,11,341093,94,1593,70,901080,1,0,0,10001,2017/07/01 1:00:00,2050/01/01 4:59:59
341094,3,600014,1109,0,0,0,11,341094,95,1594,70,901109,1,0,0,10001,2017/07/01 1:00:00,2050/01/01 4:59:59
341095,3,600014,1102,0,0,0,11,341095,96,1595,70,901102,1,0,0,10001,2017/07/01 1:00:00,2050/01/01 4:59:59
341096,3,600014,1082,0,0,0,11,341096,97,1596,70,901082,1,0,0,10001,2017/07/01 1:00:00,2050/01/01 4:59:59
341097,3,600014,1094,0,0,0,11,341097,98,1597,70,901094,1,0,0,10001,2017/07/01 1:00:00,2050/01/01 4:59:59
341098,3,600014,1119,0,0,0,11,341098,99,1598,70,901119,1,0,0,10001,2017/07/01 1:00:00,2050/01/01 4:59:59
341099,3,600014,1120,0,0,0,11,341099,100,1599,70,901120,1,0,0,10001,2017/07/01 1:00:00,2050/01/01 4:59:59
341100,3,600014,1116,0,0,0,11,341100,101,1600,70,901116,1,0,0,10001,2017/07/01 1:00:00,2050/01/01 4:59:59
341101,3,600014,1110,0,0,0,11,341101,102,1601,70,901110,1,0,0,10001,2017/07/01 1:00:00,2050/01/01 4:59:59
341102,3,600014,1121,0,0,0,11,341102,103,1602,70,901121,1,0,0,10001,2017/07/01 1:00:00,2050/01/01 4:59:59
341103,3,600014,1124,0,0,0,11,341103,104,1603,70,901124,1,0,0,10001,2017/07/01 1:00:00,2050/01/01 4:59:59
341104,3,600014,1111,0,0,0,11,341104,105,1604,70,901111,1,0,0,10001,2017/07/01 1:00:00,2050/01/01 4:59:59
341105,3,600014,1117,0,0,0,11,341105,106,1605,70,901117,1,0,0,10001,2017/07/01 1:00:00,2050/01/01 4:59:59
341106,3,600014,1079,0,0,0,11,341106,107,1606,70,901079,1,0,0,10001,2017/07/01 1:00:00,2050/01/01 4:59:59
341107,3,600014,1073,0,0,0,11,341107,108,1607,70,901073,1,0,0,10001,2017/07/01 1:00:00,2050/01/01 4:59:59
341108,3,600014,1115,0,0,0,11,341108,109,1608,70,901115,1,0,0,10001,2017/07/01 1:00:00,2050/01/01 4:59:59
341109,3,600014,1131,0,0,0,11,341109,110,1609,70,901131,1,0,0,10001,2017/07/01 1:00:00,2050/01/01 4:59:59
341110,3,600014,1096,0,0,0,11,341110,111,1610,70,901096,1,0,0,10001,2017/07/01 1:00:00,2050/01/01 4:59:59
341111,3,600014,1127,0,0,0,11,341111,112,1611,70,901127,1,0,0,10001,2017/07/01 1:00:00,2050/01/01 4:59:59
341112,3,600014,1090,0,0,0,11,341112,113,1612,70,901090,1,0,0,10001,2017/07/01 1:00:00,2050/01/01 4:59:59
341113,3,600014,1132,0,0,0,11,341113,114,1613,70,901132,1,0,0,10001,2017/07/01 1:00:00,2050/01/01 4:59:59
341114,3,600014,1133,0,0,0,11,341114,115,1614,70,901133,1,0,0,10001,2017/07/01 1:00:00,2050/01/01 4:59:59
341115,3,600014,1113,0,0,0,11,341115,116,1615,70,901113,1,0,0,10001,2017/07/01 1:00:00,2050/01/01 4:59:59
341116,3,600014,1097,0,0,0,11,341116,117,1616,70,901097,1,0,1,10001,2025/08/24 12:00:00,2050/01/01 4:59:59
341117,3,600014,1081,0,0,0,11,341117,118,1617,70,901081,1,0,1,10001,2025/09/09 12:00:00,2050/01/01 4:59:59
341118,3,600014,1095,0,0,0,11,341118,119,1618,70,901095,1,0,1,10001,2025/09/19 12:00:00,2050/01/01 4:59:59
341119,3,600014,1092,0,0,0,11,341119,120,1619,70,901092,1,0,1,10001,2025/10/18 21:00:00,2050/01/01 4:59:59
341120,3,600014,1114,0,0,0,11,341120,121,1620,70,901114,1,0,1,10001,2025/11/19 12:00:00,2050/01/01 4:59:59
341121,3,600014,1135,0,0,0,11,341121,122,1621,70,901135,1,0,1,10001,2025/12/21 22:10:00,2050/01/01 4:59:59
341122,3,600014,1137,0,0,0,11,341122,123,1622,70,901137,1,0,1,10001,2026/01/19 12:00:00,2050/01/01 4:59:59
341123,3,600014,1103,0,0,0,11,341123,124,1623,70,901103,1,0,1,10001,2026/02/14 12:00:00,2050/01/01 4:59:59
341124,3,600014,1129,0,0,0,11,341124,125,1624,70,901129,1,0,1,10001,2026/02/24 12:00:00,2050/01/01 4:59:59
341125,3,600014,1143,0,0,0,11,341125,126,1625,70,901143,1,0,1,10001,2026/03/19 12:00:00,2050/01/01 4:59:59
341126,3,600014,1130,0,0,0,11,341126,127,1626,70,901130,1,0,1,10001,2026/04/10 12:00:00,2050/01/01 4:59:59
341127,3,600014,1118,0,0,0,11,341127,128,1627,70,901118,1,0,1,10001,2026/04/20 12:00:00,2050/01/01 4:59:59
341128,3,600014,1112,0,0,0,11,341128,129,1628,70,901112,1,0,1,10001,2026/05/11 12:00:00,2050/01/01 4:59:59
341129,3,600014,1136,0,0,0,11,341129,130,1629,70,901136,1,0,1,10001,2026/05/20 12:00:00,2050/01/01 4:59:59
341130,3,600014,1134,0,0,0,11,341130,131,1630,70,901134,1,0,1,10001,2026/06/15 12:00:00,2050/01/01 4:59:59
342000,3,600014,1001,0,0,0,12,342000,1,1500,90,43,50,0,0,10001,2017/07/01 1:00:00,2050/01/01 4:59:59
342001,3,600014,1002,0,0,0,12,342001,2,1501,90,43,50,0,0,10001,2017/07/01 1:00:00,2050/01/01 4:59:59
342002,3,600014,1003,0,0,0,12,342002,3,1502,90,43,50,0,0,10001,2017/07/01 1:00:00,2050/01/01 4:59:59
342003,3,600014,1004,0,0,0,12,342003,4,1503,90,43,50,0,0,10001,2017/07/01 1:00:00,2050/01/01 4:59:59
342004,3,600014,1005,0,0,0,12,342004,5,1504,90,43,50,0,0,10001,2017/07/01 1:00:00,2050/01/01 4:59:59
342005,3,600014,1006,0,0,0,12,342005,6,1505,90,43,50,0,0,10001,2017/07/01 1:00:00,2050/01/01 4:59:59
342006,3,600014,1007,0,0,0,12,342006,7,1506,90,43,50,0,0,10001,2017/07/01 1:00:00,2050/01/01 4:59:59
342007,3,600014,1008,0,0,0,12,342007,8,1507,90,43,50,0,0,10001,2017/07/01 1:00:00,2050/01/01 4:59:59
342008,3,600014,1009,0,0,0,12,342008,9,1508,90,43,50,0,0,10001,2017/07/01 1:00:00,2050/01/01 4:59:59
342009,3,600014,1010,0,0,0,12,342009,10,1509,90,43,50,0,0,10001,2017/07/01 1:00:00,2050/01/01 4:59:59
342010,3,600014,1011,0,0,0,12,342010,11,1510,90,43,50,0,0,10001,2017/07/01 1:00:00,2050/01/01 4:59:59
342011,3,600014,1012,0,0,0,12,342011,12,1511,90,43,50,0,0,10001,2017/07/01 1:00:00,2050/01/01 4:59:59
342012,3,600014,1013,0,0,0,12,342012,13,1512,90,43,50,0,0,10001,2017/07/01 1:00:00,2050/01/01 4:59:59
342013,3,600014,1014,0,0,0,12,342013,14,1513,90,43,50,0,0,10001,2017/07/01 1:00:00,2050/01/01 4:59:59
342014,3,600014,1015,0,0,0,12,342014,15,1514,90,43,50,0,0,10001,2017/07/01 1:00:00,2050/01/01 4:59:59
342015,3,600014,1017,0,0,0,12,342015,16,1515,90,43,50,0,0,10001,2017/07/01 1:00:00,2050/01/01 4:59:59
342016,3,600014,1018,0,0,0,12,342016,17,1516,90,43,50,0,0,10001,2017/07/01 1:00:00,2050/01/01 4:59:59
342017,3,600014,1020,0,0,0,12,342017,18,1517,90,43,50,0,0,10001,2017/07/01 1:00:00,2050/01/01 4:59:59
342018,3,600014,1024,0,0,0,12,342018,19,1518,90,43,50,0,0,10001,2017/07/01 1:00:00,2050/01/01 4:59:59
342019,3,600014,1027,0,0,0,12,342019,20,1519,90,43,50,0,0,10001,2017/07/01 1:00:00,2050/01/01 4:59:59
342020,3,600014,1030,0,0,0,12,342020,21,1520,90,43,50,0,0,10001,2017/07/01 1:00:00,2050/01/01 4:59:59
342021,3,600014,1032,0,0,0,12,342021,22,1521,90,43,50,0,0,10001,2017/07/01 1:00:00,2050/01/01 4:59:59
342022,3,600014,1035,0,0,0,12,342022,23,1522,90,43,50,0,0,10001,2017/07/01 1:00:00,2050/01/01 4:59:59
342023,3,600014,1040,0,0,0,12,342023,24,1523,90,43,50,0,0,10001,2017/07/01 1:00:00,2050/01/01 4:59:59
342024,3,600014,1041,0,0,0,12,342024,25,1524,90,43,50,0,0,10001,2017/07/01 1:00:00,2050/01/01 4:59:59
342025,3,600014,1045,0,0,0,12,342025,26,1525,90,43,50,0,0,10001,2017/07/01 1:00:00,2050/01/01 4:59:59
342026,3,600014,1052,0,0,0,12,342026,27,1526,90,43,50,0,0,10001,2017/07/01 1:00:00,2050/01/01 4:59:59
342027,3,600014,1056,0,0,0,12,342027,28,1527,90,43,50,0,0,10001,2017/07/01 1:00:00,2050/01/01 4:59:59
342028,3,600014,1060,0,0,0,12,342028,29,1528,90,43,50,0,0,10001,2017/07/01 1:00:00,2050/01/01 4:59:59
342029,3,600014,1061,0,0,0,12,342029,30,1529,90,43,50,0,0,10001,2017/07/01 1:00:00,2050/01/01 4:59:59
342030,3,600014,1026,0,0,0,12,342030,31,1530,90,43,50,0,0,10001,2017/07/01 1:00:00,2050/01/01 4:59:59
342031,3,600014,1023,0,0,0,12,342031,32,1531,90,43,50,0,0,10001,2017/07/01 1:00:00,2050/01/01 4:59:59
342032,3,600014,1038,0,0,0,12,342032,33,1532,90,43,50,0,0,10001,2017/07/01 1:00:00,2050/01/01 4:59:59
342033,3,600014,1050,0,0,0,12,342033,34,1533,90,43,50,0,0,10001,2017/07/01 1:00:00,2050/01/01 4:59:59
342034,3,600014,1046,0,0,0,12,342034,35,1534,90,43,50,0,0,10001,2017/07/01 1:00:00,2050/01/01 4:59:59
342035,3,600014,1016,0,0,0,12,342035,36,1535,90,43,50,0,0,10001,2017/07/01 1:00:00,2050/01/01 4:59:59
342036,3,600014,1058,0,0,0,12,342036,37,1536,90,43,50,0,0,10001,2017/07/01 1:00:00,2050/01/01 4:59:59
342037,3,600014,1037,0,0,0,12,342037,38,1537,90,43,50,0,0,10001,2017/07/01 1:00:00,2050/01/01 4:59:59
342038,3,600014,1028,0,0,0,12,342038,39,1538,90,43,50,0,0,10001,2017/07/01 1:00:00,2050/01/01 4:59:59
342039,3,600014,1019,0,0,0,12,342039,40,1539,90,43,50,0,0,10001,2017/07/01 1:00:00,2050/01/01 4:59:59
342040,3,600014,1039,0,0,0,12,342040,41,1540,90,43,50,0,0,10001,2017/07/01 1:00:00,2050/01/01 4:59:59
342041,3,600014,1025,0,0,0,12,342041,42,1541,90,43,50,0,0,10001,2017/07/01 1:00:00,2050/01/01 4:59:59
342042,3,600014,1048,0,0,0,12,342042,43,1542,90,43,50,0,0,10001,2017/07/01 1:00:00,2050/01/01 4:59:59
342043,3,600014,1059,0,0,0,12,342043,44,1543,90,43,50,0,0,10001,2017/07/01 1:00:00,2050/01/01 4:59:59
342044,3,600014,1022,0,0,0,12,342044,45,1544,90,43,50,0,0,10001,2017/07/01 1:00:00,2050/01/01 4:59:59
342045,3,600014,1021,0,0,0,12,342045,46,1545,90,43,50,0,0,10001,2017/07/01 1:00:00,2050/01/01 4:59:59
342046,3,600014,1069,0,0,0,12,342046,47,1546,90,43,50,0,0,10001,2017/07/01 1:00:00,2050/01/01 4:59:59
342047,3,600014,1071,0,0,0,12,342047,48,1547,90,43,50,0,0,10001,2017/07/01 1:00:00,2050/01/01 4:59:59
342048,3,600014,1033,0,0,0,12,342048,49,1548,90,43,50,0,0,10001,2017/07/01 1:00:00,2050/01/01 4:59:59
342049,3,600014,1068,0,0,0,12,342049,50,1549,90,43,50,0,0,10001,2017/07/01 1:00:00,2050/01/01 4:59:59
342050,3,600014,1062,0,0,0,12,342050,51,1550,90,43,50,0,0,10001,2017/07/01 1:00:00,2050/01/01 4:59:59
342051,3,600014,1067,0,0,0,12,342051,52,1551,90,43,50,0,0,10001,2017/07/01 1:00:00,2050/01/01 4:59:59
342052,3,600014,1074,0,0,0,12,342052,53,1552,90,43,50,0,0,10001,2017/07/01 1:00:00,2050/01/01 4:59:59
342053,3,600014,1051,0,0,0,12,342053,54,1553,90,43,50,0,0,10001,2017/07/01 1:00:00,2050/01/01 4:59:59
342054,3,600014,1072,0,0,0,12,342054,55,1554,90,43,50,0,0,10001,2017/07/01 1:00:00,2050/01/01 4:59:59
342055,3,600014,1031,0,0,0,12,342055,56,1555,90,43,50,0,0,10001,2017/07/01 1:00:00,2050/01/01 4:59:59
342056,3,600014,1064,0,0,0,12,342056,57,1556,90,43,50,0,0,10001,2017/07/01 1:00:00,2050/01/01 4:59:59
342057,3,600014,1034,0,0,0,12,342057,58,1557,90,43,50,0,0,10001,2017/07/01 1:00:00,2050/01/01 4:59:59
342058,3,600014,1044,0,0,0,12,342058,59,1558,90,43,50,0,0,10001,2017/07/01 1:00:00,2050/01/01 4:59:59
342059,3,600014,1036,0,0,0,12,342059,60,1559,90,43,50,0,0,10001,2017/07/01 1:00:00,2050/01/01 4:59:59
342060,3,600014,1053,0,0,0,12,342060,61,1560,90,43,50,0,0,10001,2017/07/01 1:00:00,2050/01/01 4:59:59
342061,3,600014,1098,0,0,0,12,342061,62,1561,90,43,50,0,0,10001,2017/07/01 1:00:00,2050/01/01 4:59:59
342062,3,600014,1029,0,0,0,12,342062,63,1562,90,43,50,0,0,10001,2017/07/01 1:00:00,2050/01/01 4:59:59
342063,3,600014,1042,0,0,0,12,342063,64,1563,90,43,50,0,0,10001,2017/07/01 1:00:00,2050/01/01 4:59:59
342064,3,600014,1087,0,0,0,12,342064,65,1564,90,43,50,0,0,10001,2017/07/01 1:00:00,2050/01/01 4:59:59
342065,3,600014,1078,0,0,0,12,342065,66,1565,90,43,50,0,0,10001,2017/07/01 1:00:00,2050/01/01 4:59:59
342066,3,600014,1049,0,0,0,12,342066,67,1566,90,43,50,0,0,10001,2017/07/01 1:00:00,2050/01/01 4:59:59
342067,3,600014,1100,0,0,0,12,342067,68,1567,90,43,50,0,0,10001,2017/07/01 1:00:00,2050/01/01 4:59:59
342068,3,600014,1047,0,0,0,12,342068,69,1568,90,43,50,0,0,10001,2017/07/01 1:00:00,2050/01/01 4:59:59
342069,3,600014,1099,0,0,0,12,342069,70,1569,90,43,50,0,0,10001,2017/07/01 1:00:00,2050/01/01 4:59:59
342070,3,600014,1065,0,0,0,12,342070,71,1570,90,43,50,0,0,10001,2017/07/01 1:00:00,2050/01/01 4:59:59
342071,3,600014,1043,0,0,0,12,342071,72,1571,90,43,50,0,0,10001,2017/07/01 1:00:00,2050/01/01 4:59:59
342072,3,600014,1057,0,0,0,12,342072,73,1572,90,43,50,0,0,10001,2017/07/01 1:00:00,2050/01/01 4:59:59
342073,3,600014,1066,0,0,0,12,342073,74,1573,90,43,50,0,0,10001,2017/07/01 1:00:00,2050/01/01 4:59:59
342074,3,600014,1085,0,0,0,12,342074,75,1574,90,43,50,0,0,10001,2017/07/01 1:00:00,2050/01/01 4:59:59
342075,3,600014,1083,0,0,0,12,342075,76,1575,90,43,50,0,0,10001,2017/07/01 1:00:00,2050/01/01 4:59:59
342076,3,600014,1076,0,0,0,12,342076,77,1576,90,43,50,0,0,10001,2017/07/01 1:00:00,2050/01/01 4:59:59
342077,3,600014,1105,0,0,0,12,342077,78,1577,90,43,50,0,0,10001,2017/07/01 1:00:00,2050/01/01 4:59:59
342078,3,600014,1106,0,0,0,12,342078,79,1578,90,43,50,0,0,10001,2017/07/01 1:00:00,2050/01/01 4:59:59
342079,3,600014,1084,0,0,0,12,342079,80,1579,90,43,50,0,0,10001,2017/07/01 1:00:00,2050/01/01 4:59:59
342080,3,600014,1055,0,0,0,12,342080,81,1580,90,43,50,0,0,10001,2017/07/01 1:00:00,2050/01/01 4:59:59
342081,3,600014,1104,0,0,0,12,342081,82,1581,90,43,50,0,0,10001,2017/07/01 1:00:00,2050/01/01 4:59:59
342082,3,600014,1070,0,0,0,12,342082,83,1582,90,43,50,0,0,10001,2017/07/01 1:00:00,2050/01/01 4:59:59
342083,3,600014,1077,0,0,0,12,342083,84,1583,90,43,50,0,0,10001,2017/07/01 1:00:00,2050/01/01 4:59:59
342084,3,600014,1093,0,0,0,12,342084,85,1584,90,43,50,0,0,10001,2017/07/01 1:00:00,2050/01/01 4:59:59
342085,3,600014,1086,0,0,0,12,342085,86,1585,90,43,50,0,0,10001,2017/07/01 1:00:00,2050/01/01 4:59:59
342086,3,600014,1107,0,0,0,12,342086,87,1586,90,43,50,0,0,10001,2017/07/01 1:00:00,2050/01/01 4:59:59
342087,3,600014,1088,0,0,0,12,342087,88,1587,90,43,50,0,0,10001,2017/07/01 1:00:00,2050/01/01 4:59:59
342088,3,600014,1089,0,0,0,12,342088,89,1588,90,43,50,0,0,10001,2017/07/01 1:00:00,2050/01/01 4:59:59
342089,3,600014,1091,0,0,0,12,342089,90,1589,90,43,50,0,0,10001,2017/07/01 1:00:00,2050/01/01 4:59:59
342090,3,600014,1054,0,0,0,12,342090,91,1590,90,43,50,0,0,10001,2017/07/01 1:00:00,2050/01/01 4:59:59
342091,3,600014,1063,0,0,0,12,342091,92,1591,90,43,50,0,0,10001,2017/07/01 1:00:00,2050/01/01 4:59:59
342092,3,600014,1108,0,0,0,12,342092,93,1592,90,43,50,0,0,10001,2017/07/01 1:00:00,2050/01/01 4:59:59
342093,3,600014,1080,0,0,0,12,342093,94,1593,90,43,50,0,0,10001,2017/07/01 1:00:00,2050/01/01 4:59:59
342094,3,600014,1109,0,0,0,12,342094,95,1594,90,43,50,0,0,10001,2017/07/01 1:00:00,2050/01/01 4:59:59
342095,3,600014,1102,0,0,0,12,342095,96,1595,90,43,50,0,0,10001,2017/07/01 1:00:00,2050/01/01 4:59:59
342096,3,600014,1082,0,0,0,12,342096,97,1596,90,43,50,0,0,10001,2017/07/01 1:00:00,2050/01/01 4:59:59
342097,3,600014,1094,0,0,0,12,342097,98,1597,90,43,50,0,0,10001,2017/07/01 1:00:00,2050/01/01 4:59:59
342098,3,600014,1119,0,0,0,12,342098,99,1598,90,43,50,0,0,10001,2017/07/01 1:00:00,2050/01/01 4:59:59
342099,3,600014,1120,0,0,0,12,342099,100,1599,90,43,50,0,0,10001,2017/07/01 1:00:00,2050/01/01 4:59:59
342100,3,600014,1116,0,0,0,12,342100,101,1600,90,43,50,0,0,10001,2017/07/01 1:00:00,2050/01/01 4:59:59
342101,3,600014,1110,0,0,0,12,342101,102,1601,90,43,50,0,0,10001,2017/07/01 1:00:00,2050/01/01 4:59:59
342102,3,600014,1121,0,0,0,12,342102,103,1602,90,43,50,0,0,10001,2017/07/01 1:00:00,2050/01/01 4:59:59
342103,3,600014,1124,0,0,0,12,342103,104,1603,90,43,50,0,0,10001,2017/07/01 1:00:00,2050/01/01 4:59:59
342104,3,600014,1111,0,0,0,12,342104,105,1604,90,43,50,0,0,10001,2017/07/01 1:00:00,2050/01/01 4:59:59
342105,3,600014,1117,0,0,0,12,342105,106,1605,90,43,50,0,0,10001,2017/07/01 1:00:00,2050/01/01 4:59:59
342106,3,600014,1079,0,0,0,12,342106,107,1606,90,43,50,0,0,10001,2017/07/01 1:00:00,2050/01/01 4:59:59
342107,3,600014,1073,0,0,0,12,342107,108,1607,90,43,50,0,0,10001,2017/07/01 1:00:00,2050/01/01 4:59:59
342108,3,600014,1115,0,0,0,12,342108,109,1608,90,43,50,0,0,10001,2017/07/01 1:00:00,2050/01/01 4:59:59
342109,3,600014,1131,0,0,0,12,342109,110,1609,90,43,50,0,0,10001,2017/07/01 1:00:00,2050/01/01 4:59:59
342110,3,600014,1096,0,0,0,12,342110,111,1610,90,43,50,0,0,10001,2017/07/01 1:00:00,2050/01/01 4:59:59
342111,3,600014,1127,0,0,0,12,342111,112,1611,90,43,50,0,0,10001,2017/07/01 1:00:00,2050/01/01 4:59:59
342112,3,600014,1090,0,0,0,12,342112,113,1612,90,43,50,0,0,10001,2017/07/01 1:00:00,2050/01/01 4:59:59
342113,3,600014,1132,0,0,0,12,342113,114,1613,90,43,50,0,0,10001,2017/07/01 1:00:00,2050/01/01 4:59:59
342114,3,600014,1133,0,0,0,12,342114,115,1614,90,43,50,0,0,10001,2017/07/01 1:00:00,2050/01/01 4:59:59
342115,3,600014,1113,0,0,0,12,342115,116,1615,90,43,50,0,0,10001,2017/07/01 1:00:00,2050/01/01 4:59:59
342116,3,600014,1097,0,0,0,12,342116,117,1616,90,43,50,0,1,10001,2025/08/24 12:00:00,2050/01/01 4:59:59
342117,3,600014,1081,0,0,0,12,342117,118,1617,90,43,50,0,1,10001,2025/09/09 12:00:00,2050/01/01 4:59:59
342118,3,600014,1095,0,0,0,12,342118,119,1618,90,43,50,0,1,10001,2025/09/19 12:00:00,2050/01/01 4:59:59
342119,3,600014,1092,0,0,0,12,342119,120,1619,90,43,50,0,1,10001,2025/10/18 21:00:00,2050/01/01 4:59:59
342120,3,600014,1114,0,0,0,12,342120,121,1620,90,43,50,0,1,10001,2025/11/19 12:00:00,2050/01/01 4:59:59
342121,3,600014,1135,0,0,0,12,342121,122,1621,90,43,50,0,1,10001,2025/12/21 22:10:00,2050/01/01 4:59:59
342122,3,600014,1137,0,0,0,12,342122,123,1622,90,43,50,0,1,10001,2026/01/19 12:00:00,2050/01/01 4:59:59
342123,3,600014,1103,0,0,0,12,342123,124,1623,90,43,50,0,1,10001,2026/02/14 12:00:00,2050/01/01 4:59:59
342124,3,600014,1129,0,0,0,12,342124,125,1624,90,43,50,0,1,10001,2026/02/24 12:00:00,2050/01/01 4:59:59
342125,3,600014,1143,0,0,0,12,342125,126,1625,90,43,50,0,1,10001,2026/03/19 12:00:00,2050/01/01 4:59:59
342126,3,600014,1130,0,0,0,12,342126,127,1626,90,43,50,0,1,10001,2026/04/10 12:00:00,2050/01/01 4:59:59
342127,3,600014,1118,0,0,0,12,342127,128,1627,90,43,50,0,1,10001,2026/04/20 12:00:00,2050/01/01 4:59:59
342128,3,600014,1112,0,0,0,12,342128,129,1628,90,43,50,0,1,10001,2026/05/11 12:00:00,2050/01/01 4:59:59
342129,3,600014,1136,0,0,0,12,342129,130,1629,90,43,50,0,1,10001,2026/05/20 12:00:00,2050/01/01 4:59:59
342130,3,600014,1134,0,0,0,12,342130,131,1630,90,43,50,0,1,10001,2026/06/15 12:00:00,2050/01/01 4:59:59
600101,6,300006,6,0,0,0,1,30,1,30,55,100102,1,0,0,30005,2017/07/01 1:00:00,2050/01/01 4:59:59
600102,6,300006,14,0,0,0,1,30,2,30,55,100103,1,0,0,30005,2017/07/01 1:00:00,2050/01/01 4:59:59
600103,6,300006,18,0,0,0,1,30,3,30,55,100104,1,0,0,30005,2017/07/01 1:00:00,2050/01/01 4:59:59
600104,6,300006,24,0,0,0,1,30,4,30,55,100105,1,0,0,30005,2017/07/01 1:00:00,2050/01/01 4:59:59
600105,6,300006,30,0,0,0,1,30,5,30,55,100106,1,0,0,30005,2017/07/01 1:00:00,2050/01/01 4:59:59
600201,6,100004,15,0,0,0,10,40,1,40,55,100201,1,0,0,10001,2017/07/01 1:00:00,2050/01/01 4:59:59
600202,6,100004,15,0,0,0,50,40,2,40,55,100202,1,0,0,10001,2017/07/01 1:00:00,2050/01/01 4:59:59
600203,6,100004,15,0,0,0,200,40,3,40,55,100203,1,0,0,10001,2017/07/01 1:00:00,2050/01/01 4:59:59
600204,6,100004,15,0,0,0,500,40,4,40,55,100204,1,0,0,10001,2017/07/01 1:00:00,2050/01/01 4:59:59
600211,6,100081,0,0,0,0,1,10211,1,40,55,100211,1,0,1,10001,2023/01/30 12:00:00,2050/01/01 4:59:59
600212,6,100082,60,0,0,0,1,10212,1,40,55,100212,1,0,1,10001,2023/01/30 12:00:00,2050/01/01 4:59:59
600213,6,100046,0,35,0,0,1,10213,1,40,55,100213,1,0,1,10001,2023/01/30 12:00:00,2050/01/01 4:59:59
600214,6,100083,0,0,0,0,1,10214,1,40,55,100214,1,0,1,10001,2023/01/30 12:00:00,2050/01/01 4:59:59
600251,6,100040,0,1,0,8,30,10251,1,40,55,100251,1,0,1,10001,2023/01/30 12:00:00,2050/01/01 4:59:59
600252,6,100040,0,2,0,8,30,10252,1,40,55,100252,1,0,1,10001,2023/01/30 12:00:00,2050/01/01 4:59:59
600253,6,100040,0,3,0,8,30,10253,1,40,55,100253,1,0,1,10001,2023/01/30 12:00:00,2050/01/01 4:59:59
600254,6,100040,0,4,0,8,30,10254,1,40,55,100254,1,0,1,10001,2023/01/30 12:00:00,2050/01/01 4:59:59
600255,6,100040,0,0,1,8,30,10255,1,40,55,100255,1,0,1,10001,2023/01/30 12:00:00,2050/01/01 4:59:59
600256,6,100040,0,0,2,8,30,10256,1,40,55,100256,1,0,1,10001,2023/01/30 12:00:00,2050/01/01 4:59:59
600257,6,100040,0,0,3,8,30,10257,1,40,55,100257,1,0,1,10001,2023/01/30 12:00:00,2050/01/01 4:59:59
600258,6,100040,0,0,4,8,30,10258,1,40,55,100258,1,0,1,10001,2023/01/30 12:00:00,2050/01/01 4:59:59
600259,6,100040,1,0,0,8,30,10259,1,40,55,100259,1,0,1,10001,2023/01/30 12:00:00,2050/01/01 4:59:59
600260,6,100040,2,0,0,8,30,10260,1,40,55,100260,1,0,1,10001,2023/01/30 12:00:00,2050/01/01 4:59:59
600301,6,100007,100,1,0,0,100,41,1,41,55,100301,1,0,0,10001,2017/07/01 1:00:00,2050/01/01 4:59:59
600302,6,100007,100,1,0,0,500,41,2,41,55,100302,1,0,0,10001,2017/07/01 1:00:00,2050/01/01 4:59:59
600303,6,100007,100,1,0,0,1000,41,3,41,55,100303,1,0,0,10001,2017/07/01 1:00:00,2050/01/01 4:59:59
600304,6,100007,100,1,0,0,2000,41,4,41,55,100304,1,0,0,10001,2017/07/01 1:00:00,2050/01/01 4:59:59
600401,6,100005,300,1,0,0,76,42,1,42,55,100401,1,0,0,10001,2017/07/01 1:00:00,2050/01/01 4:59:59
600402,6,100005,200,1,0,0,44,43,1,43,55,100402,1,0,0,10001,2017/07/01 1:00:00,2050/01/01 4:59:59
600403,6,100005,100,1,0,0,44,44,1,44,55,100403,1,0,0,10001,2017/07/01 1:00:00,2050/01/01 4:59:59
600404,6,100019,10003,0,0,0,1,45,1,45,55,100150,1,0,0,10001,2017/07/01 1:00:00,2050/01/01 4:59:59
600405,6,100020,0,0,0,0,8,46,1,46,55,100151,1,0,0,10001,2017/07/01 1:00:00,2050/01/01 4:59:59
600406,6,100033,0,3,0,0,1,2000,1,2000,55,502201,1,0,1,10001,2021/08/30 12:00:00,2050/01/01 4:59:59
600407,6,100036,5,1,8,0,1,2001,1,2001,55,502202,1,0,1,10001,2021/08/30 12:00:00,2050/01/01 4:59:59
600408,6,100036,1,1,8,0,1,2002,1,2002,55,502203,1,0,1,10001,2021/08/30 12:00:00,2050/01/01 4:59:59
600409,6,100036,2,1,8,0,1,2003,1,2003,55,502204,1,0,1,10001,2021/08/30 12:00:00,2050/01/01 4:59:59
600410,6,100036,3,1,8,0,1,2004,1,2004,55,502205,1,0,1,10001,2021/08/30 12:00:00,2050/01/01 4:59:59
600411,6,100036,4,1,8,0,1,2005,1,2005,55,502206,1,0,1,10001,2021/08/30 12:00:00,2050/01/01 4:59:59
600413,6,100021,201111,0,0,0,1,2006,1,2006,55,502207,1,0,1,10001,2021/08/30 12:00:00,2050/01/01 4:59:59
600414,6,100057,0,0,0,0,1,2007,1,2007,55,504102,1,0,1,10001,2022/02/24 12:00:00,2050/01/01 4:59:59
600415,6,100055,0,0,0,0,1000,2008,1,2008,55,504103,1,0,1,10001,2022/02/24 12:00:00,2050/01/01 4:59:59
600416,6,100070,0,0,0,0,1,2009,1,2009,55,503102,1,0,1,10001,2022/08/24 12:00:00,2050/01/01 4:59:59
600417,6,600006,1029,0,0,0,1,2010,1,2010,55,503103,1,0,1,10001,2022/08/24 12:00:00,2050/01/01 4:59:59
600418,6,100071,0,0,0,0,1200,2011,1,2011,55,503104,1,0,1,10001,2022/08/24 12:00:00,2050/01/01 4:59:59
600419,6,100019,50004,0,0,0,1,2012,1,2012,55,505102,1,0,1,10001,2023/02/24 12:00:00,2050/01/01 4:59:59
600420,6,100084,0,0,0,0,50,2013,1,2013,55,505103,1,0,1,10001,2023/02/24 12:00:00,2050/01/01 4:59:59
600421,6,100084,9040,0,0,0,20,2014,1,2014,55,505104,1,0,1,10001,2023/02/24 12:00:00,2050/01/01 4:59:59
600422,6,100084,9041,0,0,0,20,2015,1,2015,55,505105,1,0,1,10001,2023/02/24 12:00:00,2050/01/01 4:59:59
600423,6,100084,9042,0,0,0,20,2016,1,2016,55,505106,1,0,1,10001,2023/02/24 12:00:00,2050/01/01 4:59:59
600424,6,100003,931205,0,0,0,1,2017,1,2017,55,506102,1,0,1,10001,2023/08/24 12:00:00,2050/01/01 4:59:59
600425,6,100088,0,0,0,0,50,2018,1,2018,55,506103,1,0,1,10001,2023/08/24 12:00:00,2050/01/01 4:59:59
600426,6,100089,0,0,0,0,50,2019,1,2019,55,506104,1,0,1,10001,2023/08/24 12:00:00,2050/01/01 4:59:59
600427,6,100021,206034,0,0,0,1,2020,1,2020,55,506105,1,0,1,10001,2023/08/24 12:00:00,2050/01/01 4:59:59
600428,6,100091,0,0,0,0,1,2021,1,2021,55,507102,1,0,1,10001,2024/02/24 12:00:00,2050/01/01 4:59:59
600429,6,100090,1,0,0,0,6000,2022,1,2022,55,507103,1,0,1,10001,2024/02/24 12:00:00,2050/01/01 4:59:59
600430,6,100090,2,0,0,0,6000,2023,1,2023,55,507104,1,0,1,10001,2024/02/24 12:00:00,2050/01/01 4:59:59
600431,6,100090,3,0,0,0,6000,2024,1,2024,55,507105,1,0,1,10001,2024/02/24 12:00:00,2050/01/01 4:59:59
600433,6,100095,5,2,0,0,1,2025,1,2025,55,508102,1,0,1,10001,2024/06/26 12:00:00,2050/01/01 4:59:59
600434,6,100096,0,0,0,0,100,2026,1,2026,55,508103,1,0,1,10001,2024/06/26 12:00:00,2050/01/01 4:59:59
600435,6,100097,0,0,0,0,150000,2027,1,2027,55,508104,1,0,1,10001,2024/06/26 12:00:00,2050/01/01 4:59:59
600436,6,100099,0,0,0,0,1,2028,1,2028,55,508105,1,0,1,10001,2024/06/26 12:00:00,2050/01/01 4:59:59
600437,6,100098,0,0,0,0,100,2029,1,2029,55,508106,1,0,1,10001,2024/06/26 12:00:00,2050/01/01 4:59:59
600438,6,100103,2,0,0,0,1,2030,1,2030,55,509102,1,0,1,10001,2024/10/29 12:00:00,2050/01/01 4:59:59
600439,6,100104,0,0,0,0,50000,2031,1,2031,55,509103,1,0,1,10001,2024/10/29 12:00:00,2050/01/01 4:59:59
600440,6,100105,0,0,0,0,400,2032,1,2032,55,509104,1,0,1,10001,2024/10/29 12:00:00,2050/01/01 4:59:59
600441,6,100103,3,0,0,0,1,2033,1,2033,55,509105,1,0,1,10001,2024/10/29 12:00:00,2050/01/01 4:59:59
600442,6,100111,0,0,0,0,1,2034,1,2034,55,510102,1,0,1,10001,2025/02/24 12:00:00,2050/01/01 4:59:59
600443,6,100021,210009,0,0,0,1,2035,1,2035,55,510103,1,0,1,10001,2025/02/24 12:00:00,2050/01/01 4:59:59
600444,6,100110,9046,0,0,0,50,2036,1,2036,55,510104,1,0,1,10001,2025/02/24 12:00:00,2050/01/01 4:59:59
600445,6,100110,9047,0,0,0,50,2037,1,2037,55,510105,1,0,1,10001,2025/02/24 12:00:00,2050/01/01 4:59:59
600446,6,100110,9048,0,0,0,50,2038,1,2038,55,510106,1,0,1,10001,2025/02/24 12:00:00,2050/01/01 4:59:59
600447,6,100112,2,999,0,0,1,2039,1,2039,55,511102,1,0,1,10001,2025/06/27 12:00:00,2050/01/01 4:59:59
600448,6,100115,0,0,0,0,200,2040,1,2040,55,511103,1,0,1,10001,2025/06/27 12:00:00,2050/01/01 4:59:59
600449,6,100114,0,999,0,0,40,2041,1,2041,55,511104,1,0,1,10001,2025/06/27 12:00:00,2050/01/01 4:59:59
600450,6,100113,0,0,0,0,100000,2042,1,2042,55,511105,1,0,1,10001,2025/06/27 12:00:00,2050/01/01 4:59:59
600451,6,100116,2,3,0,0,1,2043,1,2043,55,512102,1,0,1,10001,2025/10/29 12:00:00,2050/01/01 4:59:59
600452,6,100119,0,0,0,0,150,2044,1,2044,55,512103,1,0,1,10001,2025/10/29 12:00:00,2050/01/01 4:59:59
600453,6,100117,1,0,0,0,500,2045,1,2045,55,512104,1,0,1,10001,2025/10/29 12:00:00,2050/01/01 4:59:59
600454,6,100116,3,3,0,0,1,2046,1,2046,55,512105,1,0,1,10001,2025/10/29 12:00:00,2050/01/01 4:59:59
600455,6,100125,0,0,0,0,1,2047,1,2047,55,513102,1,0,1,10001,2026/02/24 12:00:00,2050/01/01 4:59:59
600456,6,100122,0,0,0,0,300,2048,1,2048,55,513103,1,0,1,10001,2026/02/24 12:00:00,2050/01/01 4:59:59
600457,6,100123,0,0,0,0,280,2049,1,2049,55,513104,1,0,1,10001,2026/02/24 12:00:00,2050/01/01 4:59:59
600458,6,100126,0,0,0,0,1,2050,1,2050,55,513105,1,0,1,10001,2026/02/24 12:00:00,2050/01/01 4:59:59
600459,6,100127,2,3,0,0,1,2051,1,2051,55,514102,1,0,1,10001,2026/06/29 12:00:00,2050/01/01 4:59:59
600460,6,100128,0,0,0,0,3000,2052,1,2052,55,514103,1,0,1,10001,2026/06/29 12:00:00,2050/01/01 4:59:59
600461,6,100129,0,0,0,0,500,2053,1,2053,55,514104,1,0,1,10001,2026/06/29 12:00:00,2050/01/01 4:59:59
600462,6,100130,0,0,0,0,600,2054,1,2054,55,514105,1,0,1,10001,2026/06/29 12:00:00,2050/01/01 4:59:59
600501,6,100008,10001,0,0,0,200,49,1,49,55,100501,1,0,0,10001,2017/07/01 1:00:00,2050/01/01 4:59:59
600502,6,100008,10002,0,0,0,200,50,1,50,55,100502,1,0,0,10001,2017/07/01 1:00:00,2050/01/01 4:59:59
600503,6,100008,10003,0,0,0,200,51,1,51,55,100503,1,0,0,10001,2017/07/01 1:00:00,2050/01/01 4:59:59
600504,6,100008,10004,0,0,0,200,52,1,52,55,100504,1,0,0,10001,2017/07/01 1:00:00,2050/01/01 4:59:59
600505,6,100008,10005,0,0,0,200,53,1,53,55,100505,1,0,0,10001,2017/07/01 1:00:00,2050/01/01 4:59:59
600506,6,100008,10006,0,0,0,200,54,1,54,55,100506,1,0,0,10001,2017/07/01 1:00:00,2050/01/01 4:59:59
600507,6,100008,10007,0,0,0,200,55,1,55,55,100507,1,0,0,10001,2017/07/01 1:00:00,2050/01/01 4:59:59
600508,6,100008,10008,0,0,0,200,56,1,56,55,100508,1,0,0,10001,2017/07/01 1:00:00,2050/01/01 4:59:59
600509,6,100008,10009,0,0,0,200,57,1,57,55,100509,1,0,0,10001,2017/07/01 1:00:00,2050/01/01 4:59:59
600510,6,100008,10010,0,0,0,200,58,1,58,55,100510,1,0,0,10001,2017/07/01 1:00:00,2050/01/01 4:59:59
600511,6,100008,10101,0,0,0,200,113,1,58,55,100511,1,0,1,10001,2022/08/19 12:00:00,2050/01/01 4:59:59
600512,6,100008,10103,0,0,0,200,114,1,58,55,100512,1,0,1,10001,2022/08/19 12:00:00,2050/01/01 4:59:59
600513,6,100008,10104,0,0,0,200,115,1,58,55,100513,1,0,1,10001,2022/08/19 12:00:00,2050/01/01 4:59:59
600514,6,100008,10105,0,0,0,200,116,1,58,55,100514,1,0,1,10001,2022/08/19 12:00:00,2050/01/01 4:59:59
600520,6,100017,0,0,0,0,1000,59,1,59,55,100120,1,0,0,10001,2017/07/01 1:00:00,2050/01/01 4:59:59
600521,6,100018,0,0,0,0,100,60,1,60,55,100130,1,0,0,10001,2017/07/01 1:00:00,2050/01/01 4:59:59
600530,6,200003,0,0,0,0,100,62,1,62,55,100530,1,0,0,20003,2017/07/01 1:00:00,2050/01/01 4:59:59
600540,6,200004,0,0,0,0,1,61,1,61,55,100540,1,0,1,20002,2021/03/16 12:00:00,2050/01/01 4:59:59
600541,6,200004,0,0,0,0,100,61,2,61,55,100541,1,0,1,20002,2021/03/16 12:00:00,2050/01/01 4:59:59
600550,6,200005,0,0,0,0,100,63,1,63,55,100550,1,0,0,20001,2017/07/01 1:00:00,2050/01/01 4:59:59
600551,6,200007,6,0,0,0,1,64,1,64,55,100551,1,0,0,20001,2017/07/01 1:00:00,2050/01/01 4:59:59
600552,6,200006,0,0,0,0,100,65,1,65,55,100552,1,0,0,20001,2017/07/01 1:00:00,2050/01/01 4:59:59
600553,6,200030,1000000,0,0,0,1,10553,1,65,55,100561,1,0,1,20001,2022/04/28 12:00:00,2050/01/01 4:59:59
600571,6,200038,1,0,0,0,1,10571,1,65,55,100571,1,0,1,20001,2023/01/30 12:00:00,2050/01/01 4:59:59
600572,6,200038,5,0,0,0,1,10572,1,65,55,100572,1,0,1,20001,2023/01/30 12:00:00,2050/01/01 4:59:59
600573,6,200036,503,0,0,0,1,10573,1,65,55,100573,1,0,1,20001,2023/01/30 12:00:00,2050/01/01 4:59:59
600574,6,200037,1023,1050,1035,0,1,10574,1,65,55,100574,1,0,1,20001,2023/01/30 12:00:00,2050/01/01 4:59:59
600575,6,200036,501,0,0,0,1,10575,1,65,55,100575,1,0,1,20001,2023/01/30 12:00:00,2050/01/01 4:59:59
600576,6,200037,1006,1045,1034,0,1,10576,1,65,55,100576,1,0,1,20001,2023/01/30 12:00:00,2050/01/01 4:59:59
600580,6,300005,5,0,0,0,10,66,1,66,55,101120,1,0,0,30002,2017/07/01 1:00:00,2050/01/01 4:59:59
600601,6,600006,1001,0,0,0,1,67,1,67,55,100601,1,0,0,0,2017/07/01 1:00:00,2050/01/01 4:59:59
600602,6,600006,1005,0,0,0,1,68,1,68,55,100602,1,0,0,0,2017/07/01 1:00:00,2050/01/01 4:59:59
600603,6,600006,1006,0,0,0,1,69,1,69,55,100603,1,0,0,0,2017/07/01 1:00:00,2050/01/01 4:59:59
600604,6,600006,1007,0,0,0,1,70,1,70,55,100604,1,0,0,0,2017/07/01 1:00:00,2050/01/01 4:59:59
600605,6,600006,1008,0,0,0,1,71,1,71,55,100605,1,0,0,0,2017/07/01 1:00:00,2050/01/01 4:59:59
600606,6,600006,1009,0,0,0,1,72,1,72,55,100606,1,0,0,0,2017/07/01 1:00:00,2050/01/01 4:59:59
600607,6,600006,1010,0,0,0,1,73,1,73,55,100607,1,0,0,0,2017/07/01 1:00:00,2050/01/01 4:59:59
600608,6,600006,1025,0,0,0,1,74,1,74,55,100608,1,0,0,0,2017/07/01 1:00:00,2050/01/01 4:59:59
600609,6,600006,1026,0,0,0,1,75,1,75,55,100609,1,0,0,0,2017/07/01 1:00:00,2050/01/01 4:59:59
600610,6,600006,1027,0,0,0,1,76,1,76,55,100610,1,0,0,0,2017/07/01 1:00:00,2050/01/01 4:59:59
600611,6,600006,1028,0,0,0,1,77,1,77,55,100611,1,0,0,0,2017/07/01 1:00:00,2050/01/01 4:59:59
600612,6,600006,1032,0,0,0,1,78,1,78,55,100612,1,0,1,0,2021/03/30 12:00:00,2050/01/01 4:59:59
600613,6,600023,1032,1,1013,0,1,88,1,78,55,100613,1,0,1,0,2021/03/30 12:00:00,2050/01/01 4:59:59
600614,6,600006,1030,0,0,0,1,79,1,79,55,100614,1,0,1,0,2021/04/26 12:00:00,2050/01/01 4:59:59
600616,6,600006,1031,0,0,0,1,81,1,79,55,100616,1,0,1,0,2021/07/20 12:00:00,2050/01/01 4:59:59
600617,6,600006,1004,0,0,0,1,82,1,79,55,100617,1,0,1,0,2021/08/24 12:00:00,2050/01/01 4:59:59
600618,6,600006,1035,0,0,0,1,80,1,79,55,100618,1,0,1,0,2021/08/30 12:00:00,2050/01/01 4:59:59
600619,6,600006,1034,0,0,0,1,83,1,79,55,100619,1,0,1,0,2021/12/08 12:00:00,2050/01/01 4:59:59
600620,6,600006,1037,0,0,0,1,84,1,79,55,100620,1,0,1,0,2021/12/22 12:00:00,2050/01/01 4:59:59
600621,6,600006,1012,0,0,0,1,85,1,79,55,100621,1,0,1,0,2021/12/31 12:00:00,2050/01/01 4:59:59
600622,6,600006,1048,0,0,0,1,86,1,79,55,100622,1,0,1,0,2022/02/24 12:00:00,2050/01/01 4:59:59
600623,6,600006,1050,0,0,0,1,87,1,79,55,100623,1,0,1,0,2022/02/24 12:00:00,2050/01/01 4:59:59
600624,6,600006,1051,0,0,0,1,89,1,79,55,100624,1,0,1,0,2022/07/20 12:00:00,2050/01/01 4:59:59
600625,6,600006,1053,0,0,0,1,4002,1,79,55,100625,1,0,1,0,2022/08/24 12:00:00,2050/01/01 4:59:59
600626,6,600006,1036,0,0,0,1,4001,1,79,55,100626,1,0,1,0,2022/08/24 12:00:00,2050/01/01 4:59:59
600627,6,600006,1054,0,0,0,1,4003,1,79,55,100627,1,0,1,0,2022/10/19 12:00:00,2050/01/01 4:59:59
600628,6,600006,1033,0,0,0,1,4004,1,79,55,100628,1,0,1,0,2022/12/24 18:00:00,2050/01/01 4:59:59
600629,6,600006,1059,0,0,0,1,4005,1,79,55,100629,1,0,1,0,2023/01/30 12:00:00,2050/01/01 4:59:59
600630,6,600006,1060,0,0,0,1,4006,1,79,55,100630,1,0,1,0,2023/02/24 12:00:00,2050/01/01 4:59:59
600631,6,600006,1058,0,0,0,1,4007,1,79,55,100631,1,0,1,0,2023/02/24 12:00:00,2050/01/01 4:59:59
600632,6,600006,1081,0,0,0,1,4008,1,79,55,100632,1,0,1,0,2023/05/08 12:00:00,2050/01/01 4:59:59
600633,6,600006,1082,0,0,0,1,4009,1,79,55,100633,1,0,1,0,2023/08/24 12:00:00,2050/01/01 4:59:59
600634,6,600006,1083,0,0,0,1,4010,1,79,55,100634,1,0,1,0,2023/08/24 12:00:00,2050/01/01 4:59:59
600635,6,600006,1084,0,0,0,1,4011,1,79,55,100635,1,0,1,0,2023/12/28 12:00:00,2050/01/01 4:59:59
600636,6,600006,1088,0,0,0,1,4012,1,79,55,100636,1,0,1,0,2024/02/24 12:00:00,2050/01/01 4:59:59
600637,6,600006,1089,0,0,0,1,4013,1,79,55,100637,1,0,1,0,2024/02/24 12:00:00,2050/01/01 4:59:59
600638,6,600006,1126,0,0,0,1,4014,1,79,55,100638,1,0,1,0,2024/06/13 12:00:00,2050/01/01 4:59:59
600639,6,600006,1092,0,0,0,1,4015,1,79,55,100639,1,0,1,0,2024/06/26 12:00:00,2050/01/01 4:59:59
600640,6,600006,1093,0,0,0,1,4016,1,79,55,100640,1,0,1,0,2024/08/27 18:00:00,2050/01/01 4:59:59
600641,6,600006,1094,0,0,0,1,4017,1,79,55,100641,1,0,1,0,2024/10/29 12:00:00,2050/01/01 4:59:59
600642,6,600006,1150,0,0,0,1,4018,1,79,55,100642,1,0,1,0,2025/02/24 12:00:00,2050/01/01 4:59:59
600643,6,600006,1151,0,0,0,1,4019,1,79,55,100643,1,0,1,0,2025/02/24 12:00:00,2050/01/01 4:59:59
600644,6,600006,1154,0,0,0,1,4020,1,79,55,100644,1,0,1,0,2025/06/27 12:00:00,2050/01/01 4:59:59
600645,6,600006,1155,0,0,0,1,4021,1,79,55,100645,1,0,1,0,2025/07/22 12:00:00,2050/01/01 4:59:59
600646,6,600006,1156,0,0,0,1,4022,1,79,55,100646,1,0,1,0,2025/08/27 18:00:00,2050/01/01 4:59:59
600647,6,600006,1157,0,0,0,1,4023,1,79,55,100647,1,0,1,0,2025/10/29 12:00:00,2050/01/01 4:59:59
600648,6,600006,1175,0,0,0,1,4024,1,79,55,100648,1,0,1,0,2025/12/14 18:00:00,2050/01/01 4:59:59
600649,6,600006,1177,0,0,0,1,4025,1,79,55,100649,1,0,1,0,2026/2/24 12:00,2050/01/01 4:59:59
600650,6,600006,1176,0,0,0,1,4026,1,79,55,100650,1,0,1,0,2026/2/24 12:00,2050/01/01 4:59:59
600651,6,600006,1181,0,0,0,1,4027,1,79,55,100651,1,0,1,0,2026/6/29 12:00,2050/01/01 4:59:59
600690,6,600033,0,0,0,0,10,10690,1,80,55,100690,1,0,1,0,2022/04/28 12:00:00,2050/01/01 4:59:59
600701,6,600002,0,0,0,0,25,90,1,90,55,100701,1,0,0,60001,2017/07/01 1:00:00,2050/01/01 4:59:59
600702,6,600002,0,0,0,0,50,90,2,90,55,100702,1,0,0,60001,2017/07/01 1:00:00,2050/01/01 4:59:59
600703,6,600003,0,0,0,0,100,91,1,91,55,100703,1,0,0,60001,2017/07/01 1:00:00,2050/01/01 4:59:59
600704,6,600003,0,0,0,0,200,91,2,91,55,100704,1,0,0,60001,2017/07/01 1:00:00,2050/01/01 4:59:59
600705,6,600018,0,0,0,0,100,92,1,92,55,100705,1,0,0,60033,2017/07/01 1:00:00,2050/01/01 4:59:59
600706,6,600024,0,0,0,0,1,6001,1,93,55,100801,1,0,1,30006,2021/11/15 12:00:00,2050/01/01 4:59:59
600707,6,600025,0,0,0,0,10,6002,1,93,55,100802,1,0,1,30006,2021/11/15 12:00:00,2050/01/01 4:59:59
600708,6,600025,0,0,0,0,100,6002,2,93,55,100803,1,0,1,30006,2021/11/15 12:00:00,2050/01/01 4:59:59
600709,6,600025,0,0,0,0,500,6002,3,93,55,100804,1,0,1,30006,2021/11/15 12:00:00,2050/01/01 4:59:59
600801,6,100047,10003,100000,0,0,1,102,1,102,55,100187,1,0,1,10001,2021/07/29 12:00:00,2050/01/01 4:59:59
600802,6,100028,0,1000000,0,0,1,103,1,103,55,100180,1,0,1,10001,2021/07/29 12:00:00,2050/01/01 4:59:59
600803,6,100048,301,0,0,0,30,104,1,104,55,100188,1,0,1,10001,2021/07/29 12:00:00,2050/01/01 4:59:59
600804,6,100049,1,3,1,2,1,105,1,105,55,100181,1,0,1,10001,2021/07/29 12:00:00,2050/01/01 4:59:59
600805,6,100049,2,3,2,2,1,106,1,106,55,100182,1,0,1,10001,2021/07/29 12:00:00,2050/01/01 4:59:59
600806,6,100049,3,3,3,2,1,107,1,107,55,100183,1,0,1,10001,2021/07/29 12:00:00,2050/01/01 4:59:59
600807,6,100049,4,3,4,2,1,108,1,108,55,100184,1,0,1,10001,2021/07/29 12:00:00,2050/01/01 4:59:59
600808,6,100049,12,3,12,2,1,109,1,109,55,100185,1,0,1,10001,2021/07/29 12:00:00,2050/01/01 4:59:59
600809,6,100050,0,0,0,8,1,110,1,110,55,100186,1,0,1,10001,2021/07/29 12:00:00,2050/01/01 4:59:59
600901,6,100069,200431,201601,200531,200551,1,10901,1,110,55,100811,1,0,1,10001,2022/04/28 12:00:00,2050/01/01 4:59:59
600902,6,100069,200581,200461,201311,0,1,10902,1,110,55,100812,1,0,1,10001,2022/04/28 12:00:00,2050/01/01 4:59:59
600903,6,100069,200601,200511,201381,0,1,10903,1,110,55,100813,1,0,1,10001,2022/04/28 12:00:00,2050/01/01 4:59:59
600904,6,100069,202021,200461,201451,0,1,10904,1,110,55,100814,1,0,1,10001,2022/04/28 12:00:00,2050/01/01 4:59:59
600905,6,100069,200331,200341,0,0,1,10905,1,110,55,100815,1,0,1,10001,2022/04/28 12:00:00,2050/01/01 4:59:59
600906,6,100069,200371,200361,0,0,1,10906,1,110,55,100816,1,0,1,10001,2022/04/28 12:00:00,2050/01/01 4:59:59
600907,6,100069,201351,201222,200762,0,1,10907,1,110,55,100831,1,0,1,10001,2022/04/28 12:00:00,2050/01/01 4:59:59
600908,6,100069,201441,201121,0,0,1,10908,1,110,55,100832,1,0,1,10001,2022/04/28 12:00:00,2050/01/01 4:59:59
600909,6,100069,200501,201621,200491,0,1,10909,1,110,55,100833,1,0,1,10001,2022/04/28 12:00:00,2050/01/01 4:59:59
601001,6,600038,10,0,0,0,1,11001,1,111,55,100941,1,0,1,10001,2022/04/28 12:00:00,2050/01/01 4:59:59
601002,6,600038,10,0,0,0,3,11001,2,111,55,100942,1,0,1,10001,2022/04/28 12:00:00,2050/01/01 4:59:59
601011,6,600034,0,0,0,0,100,11011,1,111,55,100901,1,0,1,10001,2022/04/28 12:00:00,2050/01/01 4:59:59
601021,6,600035,100016,0,0,0,7,11021,1,111,55,100911,1,0,1,0,2022/04/28 12:00:00,2050/01/01 4:59:59
601031,6,600036,0,0,0,0,100,11031,1,111,55,100921,1,0,1,0,2022/04/28 12:00:00,2050/01/01 4:59:59
601041,6,600037,0,0,0,0,100,11041,1,111,55,100931,1,0,1,20001,2022/04/28 12:00:00,2050/01/01 4:59:59
601101,6,400001,0,0,0,0,15,94,1,94,55,101101,1,0,0,40002,2017/07/01 1:00:00,2050/01/01 4:59:59
601102,6,400001,0,0,0,0,100,94,2,94,55,101102,1,0,0,40002,2017/07/01 1:00:00,2050/01/01 4:59:59
601201,6,400002,0,0,0,0,30,95,1,95,55,101201,1,0,0,40003,2017/07/01 1:00:00,2050/01/01 4:59:59
601202,6,400002,0,0,0,0,250,95,2,95,55,101202,1,0,0,40003,2017/07/01 1:00:00,2050/01/01 4:59:59
601301,6,600007,0,0,0,0,1000000,96,1,96,55,101301,1,0,0,0,2017/07/01 1:00:00,2050/01/01 4:59:59
601302,6,600007,0,0,0,0,10000000,96,2,96,55,101302,1,0,0,0,2017/07/01 1:00:00,2050/01/01 4:59:59
601304,6,100023,10,0,0,0,1,98,1,98,55,100170,1,0,0,10001,2017/07/01 1:00:00,2050/01/01 4:59:59
601305,6,100051,0,0,0,0,300,111,1,111,55,100171,1,0,1,10001,2021/07/29 12:00:00,2050/01/01 4:59:59
601306,6,600042,0,0,0,0,100,97,1,98,55,101303,1,0,1,60120,2024/09/10 12:00:00,2050/01/01 4:59:59
601400,6,500003,0,0,0,0,100,99,1,99,55,101400,1,0,0,50001,2017/07/01 1:00:00,2050/01/01 4:59:59
601401,6,500002,118,0,0,0,1,100,1,100,55,101401,1,0,0,50004,2017/07/01 1:00:00,2050/01/01 4:59:59
601402,6,500002,217,0,0,0,1,100,2,100,55,101402,1,0,1,50004,2021/06/29 12:00:00,2050/01/01 4:59:59
601403,6,500002,234,0,0,0,1,100,3,100,55,101403,1,0,1,50004,2021/06/29 12:00:00,2050/01/01 4:59:59
601404,6,500002,417,0,0,0,1,100,4,100,55,101404,1,0,1,50004,2021/07/20 12:00:00,2050/01/01 4:59:59
601405,6,500002,517,0,0,0,1,100,5,100,55,101405,1,0,1,50004,2021/12/22 12:00:00,2050/01/01 4:59:59
601406,6,500002,617,0,0,0,1,100,6,100,55,101406,1,0,1,50004,2022/03/18 12:00:00,2050/01/01 4:59:59
601407,6,500002,715,0,0,0,1,100,7,100,55,101407,1,0,1,50004,2022/07/20 12:00:00,2050/01/01 4:59:59
601408,6,500002,715,0,0,0,1,120,1,100,55,101408,1,0,1,50004,2022/07/20 12:00:00,2050/01/01 4:59:59
601409,6,500002,2116,0,0,0,1,601409,1,100,55,101409,1,0,1,50005,2024/03/21 12:00:00,2050/01/01 4:59:59
601410,6,500002,2216,0,0,0,1,601410,1,100,55,101410,1,0,1,50005,2024/09/20 12:00:00,2050/01/01 4:59:59
601411,6,500002,2316,0,0,0,1,601411,1,100,55,101411,1,0,1,50005,2025/07/22 12:00:00,2050/01/01 4:59:59
601412,6,500002,2316,0,0,0,1,601412,1,100,55,101412,1,0,1,50005,2025/07/22 12:00:00,2050/01/01 4:59:59
601451,6,500005,203,0,0,0,1,11451,1,100,55,101451,1,0,1,50004,2023/01/30 12:00:00,2050/01/01 4:59:59
601452,6,500005,229,0,0,0,1,11452,1,100,55,101452,1,0,1,50004,2023/01/30 12:00:00,2050/01/01 4:59:59
601453,6,500005,412,0,0,0,1,11453,1,100,55,101453,1,0,1,50004,2023/01/30 12:00:00,2050/01/01 4:59:59
601454,6,500005,508,0,0,0,1,11454,1,100,55,101454,1,0,1,50004,2023/01/30 12:00:00,2050/01/01 4:59:59
601455,6,500005,608,0,0,0,1,11455,1,100,55,101455,1,0,1,50004,2023/01/30 12:00:00,2050/01/01 4:59:59
601456,6,500005,712,0,0,0,1,11456,1,100,55,101456,1,0,1,50004,2023/01/30 12:00:00,2050/01/01 4:59:59
601457,6,500005,2117,0,0,0,1,11457,1,100,55,101457,1,0,1,50005,2024/03/21 12:00:00,2050/01/01 4:59:59
601458,6,500005,2217,0,0,0,1,11458,1,100,55,101458,1,0,1,50005,2024/09/20 12:00:00,2050/01/01 4:59:59
601459,6,500005,2317,0,0,0,1,11459,1,100,55,101459,1,0,1,50005,2025/07/22 12:00:00,2050/01/01 4:59:59
601499,6,100021,7,39,0,0,1,101,1,101,55,100190,1,0,0,10001,2017/07/01 1:00:00,2050/01/01 4:59:59
601500,6,100024,7,0,0,0,18,112,1,112,55,100191,1,0,1,10001,2021/07/29 12:00:00,2050/01/01 4:59:59
601501,6,500001,41001004,0,0,0,1,177,1,177,55,101501,1,0,0,50003,2017/07/01 1:00:00,2050/01/01 4:59:59
601502,6,600013,1001,0,0,0,10000000,178,1,178,55,101502,1,0,0,10001,2017/07/01 1:00:00,2050/01/01 4:59:59
601503,6,600013,1001,0,0,0,50000000,178,2,178,55,101503,1,0,0,10001,2017/07/01 1:00:00,2050/01/01 4:59:59
601504,6,600013,1001,0,0,0,100000000,178,3,178,55,101504,1,0,0,10001,2017/07/01 1:00:00,2050/01/01 4:59:59
601505,6,100056,1001,0,0,0,1,3001,1,178,55,101505,1,0,1,10001,2022/02/24 12:00:00,2050/01/01 4:59:59
601601,6,500001,41002004,0,0,0,1,180,1,180,55,101601,1,0,0,50003,2017/07/01 1:00:00,2050/01/01 4:59:59
601602,6,600013,1002,0,0,0,10000000,181,1,181,55,101602,1,0,0,10001,2017/07/01 1:00:00,2050/01/01 4:59:59
601603,6,600013,1002,0,0,0,50000000,181,2,181,55,101603,1,0,0,10001,2017/07/01 1:00:00,2050/01/01 4:59:59
601604,6,600013,1002,0,0,0,100000000,181,3,181,55,101604,1,0,0,10001,2017/07/01 1:00:00,2050/01/01 4:59:59
601605,6,100056,1002,0,0,0,1,3002,1,181,55,101605,1,0,1,10001,2022/02/24 12:00:00,2050/01/01 4:59:59
601701,6,500001,41003004,0,0,0,1,183,1,183,55,101701,1,0,0,50003,2017/07/01 1:00:00,2050/01/01 4:59:59
601702,6,600013,1003,0,0,0,10000000,184,1,184,55,101702,1,0,0,10001,2017/07/01 1:00:00,2050/01/01 4:59:59
601703,6,600013,1003,0,0,0,50000000,184,2,184,55,101703,1,0,0,10001,2017/07/01 1:00:00,2050/01/01 4:59:59
601704,6,600013,1003,0,0,0,100000000,184,3,184,55,101704,1,0,0,10001,2017/07/01 1:00:00,2050/01/01 4:59:59
601705,6,100056,1003,0,0,0,1,3003,1,184,55,101705,1,0,1,10001,2022/02/24 12:00:00,2050/01/01 4:59:59
601801,6,500001,41004004,0,0,0,1,186,1,186,55,101801,1,0,0,50003,2017/07/01 1:00:00,2050/01/01 4:59:59
601802,6,600013,1004,0,0,0,10000000,187,1,187,55,101802,1,0,0,10001,2017/07/01 1:00:00,2050/01/01 4:59:59
601803,6,600013,1004,0,0,0,50000000,187,2,187,55,101803,1,0,0,10001,2017/07/01 1:00:00,2050/01/01 4:59:59
601804,6,600013,1004,0,0,0,100000000,187,3,187,55,101804,1,0,0,10001,2017/07/01 1:00:00,2050/01/01 4:59:59
601805,6,100056,1004,0,0,0,1,3004,1,187,55,101805,1,0,1,10001,2022/02/24 12:00:00,2050/01/01 4:59:59
601901,6,500001,41005004,0,0,0,1,189,1,189,55,101901,1,0,1,50003,2021/07/12 12:00:00,2050/01/01 4:59:59
601902,6,600013,1005,0,0,0,10000000,190,1,190,55,101902,1,0,1,10001,2021/07/12 12:00:00,2050/01/01 4:59:59
601903,6,600013,1005,0,0,0,50000000,190,2,190,55,101903,1,0,1,10001,2021/07/12 12:00:00,2050/01/01 4:59:59
601904,6,600013,1005,0,0,0,100000000,190,3,190,55,101904,1,0,1,10001,2021/07/12 12:00:00,2050/01/01 4:59:59
601905,6,100056,1005,0,0,0,1,3005,1,190,55,101905,1,0,1,10001,2022/02/24 12:00:00,2050/01/01 4:59:59
602001,6,500001,41006004,0,0,0,1,192,1,192,55,102001,1,0,0,50003,2017/07/01 1:00:00,2050/01/01 4:59:59
602002,6,600013,1006,0,0,0,10000000,193,1,193,55,102002,1,0,0,10001,2017/07/01 1:00:00,2050/01/01 4:59:59
602003,6,600013,1006,0,0,0,50000000,193,2,193,55,102003,1,0,0,10001,2017/07/01 1:00:00,2050/01/01 4:59:59
602004,6,600013,1006,0,0,0,100000000,193,3,193,55,102004,1,0,0,10001,2017/07/01 1:00:00,2050/01/01 4:59:59
602005,6,100056,1006,0,0,0,1,3006,1,193,55,102005,1,0,1,10001,2022/02/24 12:00:00,2050/01/01 4:59:59
602101,6,500001,41007004,0,0,0,1,195,1,195,55,102101,1,0,0,50003,2017/07/01 1:00:00,2050/01/01 4:59:59
602102,6,600013,1007,0,0,0,10000000,196,1,196,55,102102,1,0,0,10001,2017/07/01 1:00:00,2050/01/01 4:59:59
602103,6,600013,1007,0,0,0,50000000,196,2,196,55,102103,1,0,0,10001,2017/07/01 1:00:00,2050/01/01 4:59:59
602104,6,600013,1007,0,0,0,100000000,196,3,196,55,102104,1,0,0,10001,2017/07/01 1:00:00,2050/01/01 4:59:59
602105,6,100056,1007,0,0,0,1,3007,1,196,55,102105,1,0,1,10001,2022/02/24 12:00:00,2050/01/01 4:59:59
602201,6,500001,41008004,0,0,0,1,198,1,198,55,102201,1,0,0,50003,2017/07/01 1:00:00,2050/01/01 4:59:59
602202,6,600013,1008,0,0,0,10000000,199,1,199,55,102202,1,0,0,10001,2017/07/01 1:00:00,2050/01/01 4:59:59
602203,6,600013,1008,0,0,0,50000000,199,2,199,55,102203,1,0,0,10001,2017/07/01 1:00:00,2050/01/01 4:59:59
602204,6,600013,1008,0,0,0,100000000,199,3,199,55,102204,1,0,0,10001,2017/07/01 1:00:00,2050/01/01 4:59:59
602205,6,100056,1008,0,0,0,1,3008,1,199,55,102205,1,0,1,10001,2022/02/24 12:00:00,2050/01/01 4:59:59
602301,6,500001,41009004,0,0,0,1,201,1,201,55,102301,1,0,0,50003,2017/07/01 1:00:00,2050/01/01 4:59:59
602302,6,600013,1009,0,0,0,10000000,202,1,202,55,102302,1,0,0,10001,2017/07/01 1:00:00,2050/01/01 4:59:59
602303,6,600013,1009,0,0,0,50000000,202,2,202,55,102303,1,0,0,10001,2017/07/01 1:00:00,2050/01/01 4:59:59
602304,6,600013,1009,0,0,0,100000000,202,3,202,55,102304,1,0,0,10001,2017/07/01 1:00:00,2050/01/01 4:59:59
602305,6,100056,1009,0,0,0,1,3009,1,202,55,102305,1,0,1,10001,2022/02/24 12:00:00,2050/01/01 4:59:59
602401,6,500001,41010004,0,0,0,1,204,1,204,55,102401,1,0,0,50003,2017/07/01 1:00:00,2050/01/01 4:59:59
602402,6,600013,1010,0,0,0,10000000,205,1,205,55,102402,1,0,0,10001,2017/07/01 1:00:00,2050/01/01 4:59:59
602403,6,600013,1010,0,0,0,50000000,205,2,205,55,102403,1,0,0,10001,2017/07/01 1:00:00,2050/01/01 4:59:59
602404,6,600013,1010,0,0,0,100000000,205,3,205,55,102404,1,0,0,10001,2017/07/01 1:00:00,2050/01/01 4:59:59
602405,6,100056,1010,0,0,0,1,3010,1,205,55,102405,1,0,1,10001,2022/02/24 12:00:00,2050/01/01 4:59:59
602501,6,500001,41011004,0,0,0,1,207,1,207,55,102501,1,0,0,50003,2017/07/01 1:00:00,2050/01/01 4:59:59
602502,6,600013,1011,0,0,0,10000000,208,1,208,55,102502,1,0,0,10001,2017/07/01 1:00:00,2050/01/01 4:59:59
602503,6,600013,1011,0,0,0,50000000,208,2,208,55,102503,1,0,0,10001,2017/07/01 1:00:00,2050/01/01 4:59:59
602504,6,600013,1011,0,0,0,100000000,208,3,208,55,102504,1,0,0,10001,2017/07/01 1:00:00,2050/01/01 4:59:59
602505,6,100056,1011,0,0,0,1,3011,1,208,55,102505,1,0,1,10001,2022/02/24 12:00:00,2050/01/01 4:59:59
602601,6,500001,41012004,0,0,0,1,210,1,210,55,102601,1,0,1,50003,2021/06/21 12:00:00,2050/01/01 4:59:59
602602,6,600013,1012,0,0,0,10000000,211,1,211,55,102602,1,0,1,10001,2021/06/21 12:00:00,2050/01/01 4:59:59
602603,6,600013,1012,0,0,0,50000000,211,2,211,55,102603,1,0,1,10001,2021/06/21 12:00:00,2050/01/01 4:59:59
602604,6,600013,1012,0,0,0,100000000,211,3,211,55,102604,1,0,1,10001,2021/06/21 12:00:00,2050/01/01 4:59:59
602605,6,100056,1012,0,0,0,1,3012,1,211,55,102605,1,0,1,10001,2022/02/24 12:00:00,2050/01/01 4:59:59
602701,6,500001,41013004,0,0,0,1,213,1,213,55,102701,1,0,0,50003,2017/07/01 1:00:00,2050/01/01 4:59:59
602702,6,600013,1013,0,0,0,10000000,214,1,214,55,102702,1,0,0,10001,2017/07/01 1:00:00,2050/01/01 4:59:59
602703,6,600013,1013,0,0,0,50000000,214,2,214,55,102703,1,0,0,10001,2017/07/01 1:00:00,2050/01/01 4:59:59
602704,6,600013,1013,0,0,0,100000000,214,3,214,55,102704,1,0,0,10001,2017/07/01 1:00:00,2050/01/01 4:59:59
602705,6,100056,1013,0,0,0,1,3013,1,214,55,102705,1,0,1,10001,2022/02/24 12:00:00,2050/01/01 4:59:59
602801,6,500001,41014004,0,0,0,1,216,1,216,55,102801,1,0,0,50003,2017/07/01 1:00:00,2050/01/01 4:59:59
602802,6,600013,1014,0,0,0,10000000,217,1,217,55,102802,1,0,0,10001,2017/07/01 1:00:00,2050/01/01 4:59:59
602803,6,600013,1014,0,0,0,50000000,217,2,217,55,102803,1,0,0,10001,2017/07/01 1:00:00,2050/01/01 4:59:59
602804,6,600013,1014,0,0,0,100000000,217,3,217,55,102804,1,0,0,10001,2017/07/01 1:00:00,2050/01/01 4:59:59
602805,6,100056,1014,0,0,0,1,3014,1,217,55,102805,1,0,1,10001,2022/02/24 12:00:00,2050/01/01 4:59:59
602901,6,500001,41015004,0,0,0,1,219,1,219,55,102901,1,0,1,50003,2021/03/02 12:00:00,2050/01/01 4:59:59
602902,6,600013,1015,0,0,0,10000000,220,1,220,55,102902,1,0,1,10001,2021/03/02 12:00:00,2050/01/01 4:59:59
602903,6,600013,1015,0,0,0,50000000,220,2,220,55,102903,1,0,1,10001,2021/03/02 12:00:00,2050/01/01 4:59:59
602904,6,600013,1015,0,0,0,100000000,220,3,220,55,102904,1,0,1,10001,2021/03/02 12:00:00,2050/01/01 4:59:59
602905,6,100056,1015,0,0,0,1,3015,1,220,55,102905,1,0,1,10001,2022/02/24 12:00:00,2050/01/01 4:59:59
603001,6,500001,41017004,0,0,0,1,222,1,222,55,103001,1,0,0,50003,2017/07/01 1:00:00,2050/01/01 4:59:59
603002,6,600013,1017,0,0,0,10000000,223,1,223,55,103002,1,0,0,10001,2017/07/01 1:00:00,2050/01/01 4:59:59
603003,6,600013,1017,0,0,0,50000000,223,2,223,55,103003,1,0,0,10001,2017/07/01 1:00:00,2050/01/01 4:59:59
603004,6,600013,1017,0,0,0,100000000,223,3,223,55,103004,1,0,0,10001,2017/07/01 1:00:00,2050/01/01 4:59:59
603005,6,100056,1017,0,0,0,1,3016,1,223,55,103005,1,0,1,10001,2022/02/24 12:00:00,2050/01/01 4:59:59
603101,6,500001,41018004,0,0,0,1,225,1,225,55,103101,1,0,0,50003,2017/07/01 1:00:00,2050/01/01 4:59:59
603102,6,600013,1018,0,0,0,10000000,226,1,226,55,103102,1,0,0,10001,2017/07/01 1:00:00,2050/01/01 4:59:59
603103,6,600013,1018,0,0,0,50000000,226,2,226,55,103103,1,0,0,10001,2017/07/01 1:00:00,2050/01/01 4:59:59
603104,6,600013,1018,0,0,0,100000000,226,3,226,55,103104,1,0,0,10001,2017/07/01 1:00:00,2050/01/01 4:59:59
603105,6,100056,1018,0,0,0,1,3017,1,226,55,103105,1,0,1,10001,2022/02/24 12:00:00,2050/01/01 4:59:59
603201,6,500001,41020004,0,0,0,1,228,1,228,55,103201,1,0,1,50003,2021/06/10 12:00:00,2050/01/01 4:59:59
603202,6,600013,1020,0,0,0,10000000,229,1,229,55,103202,1,0,1,10001,2021/06/10 12:00:00,2050/01/01 4:59:59
603203,6,600013,1020,0,0,0,50000000,229,2,229,55,103203,1,0,1,10001,2021/06/10 12:00:00,2050/01/01 4:59:59
603204,6,600013,1020,0,0,0,100000000,229,3,229,55,103204,1,0,1,10001,2021/06/10 12:00:00,2050/01/01 4:59:59
603205,6,100056,1020,0,0,0,1,3018,1,229,55,103205,1,0,1,10001,2022/02/24 12:00:00,2050/01/01 4:59:59
603301,6,500001,41024004,0,0,0,1,231,1,231,55,103301,1,0,0,50003,2017/07/01 1:00:00,2050/01/01 4:59:59
603302,6,600013,1024,0,0,0,10000000,232,1,232,55,103302,1,0,0,10001,2017/07/01 1:00:00,2050/01/01 4:59:59
603303,6,600013,1024,0,0,0,50000000,232,2,232,55,103303,1,0,0,10001,2017/07/01 1:00:00,2050/01/01 4:59:59
603304,6,600013,1024,0,0,0,100000000,232,3,232,55,103304,1,0,0,10001,2017/07/01 1:00:00,2050/01/01 4:59:59
603305,6,100056,1024,0,0,0,1,3019,1,232,55,103305,1,0,1,10001,2022/02/24 12:00:00,2050/01/01 4:59:59
603401,6,500001,41027004,0,0,0,1,234,1,234,55,103401,1,0,0,50003,2017/07/01 1:00:00,2050/01/01 4:59:59
603402,6,600013,1027,0,0,0,10000000,235,1,235,55,103402,1,0,0,10001,2017/07/01 1:00:00,2050/01/01 4:59:59
603403,6,600013,1027,0,0,0,50000000,235,2,235,55,103403,1,0,0,10001,2017/07/01 1:00:00,2050/01/01 4:59:59
603404,6,600013,1027,0,0,0,100000000,235,3,235,55,103404,1,0,0,10001,2017/07/01 1:00:00,2050/01/01 4:59:59
603405,6,100056,1027,0,0,0,1,3020,1,235,55,103405,1,0,1,10001,2022/02/24 12:00:00,2050/01/01 4:59:59
603501,6,500001,41030004,0,0,0,1,237,1,237,55,103501,1,0,0,50003,2017/07/01 1:00:00,2050/01/01 4:59:59
603502,6,600013,1030,0,0,0,10000000,238,1,238,55,103502,1,0,0,10001,2017/07/01 1:00:00,2050/01/01 4:59:59
603503,6,600013,1030,0,0,0,50000000,238,2,238,55,103503,1,0,0,10001,2017/07/01 1:00:00,2050/01/01 4:59:59
603504,6,600013,1030,0,0,0,100000000,238,3,238,55,103504,1,0,0,10001,2017/07/01 1:00:00,2050/01/01 4:59:59
603505,6,100056,1030,0,0,0,1,3021,1,238,55,103505,1,0,1,10001,2022/02/24 12:00:00,2050/01/01 4:59:59
603601,6,500001,41032004,0,0,0,1,240,1,240,55,103601,1,0,0,50003,2017/07/01 1:00:00,2050/01/01 4:59:59
603602,6,600013,1032,0,0,0,10000000,241,1,241,55,103602,1,0,0,10001,2017/07/01 1:00:00,2050/01/01 4:59:59
603603,6,600013,1032,0,0,0,50000000,241,2,241,55,103603,1,0,0,10001,2017/07/01 1:00:00,2050/01/01 4:59:59
603604,6,600013,1032,0,0,0,100000000,241,3,241,55,103604,1,0,0,10001,2017/07/01 1:00:00,2050/01/01 4:59:59
603605,6,100056,1032,0,0,0,1,3022,1,241,55,103605,1,0,1,10001,2022/02/24 12:00:00,2050/01/01 4:59:59
603701,6,500001,41035004,0,0,0,1,243,1,243,55,103701,1,0,0,50003,2017/07/01 1:00:00,2050/01/01 4:59:59
603702,6,600013,1035,0,0,0,10000000,244,1,244,55,103702,1,0,0,10001,2017/07/01 1:00:00,2050/01/01 4:59:59
603703,6,600013,1035,0,0,0,50000000,244,2,244,55,103703,1,0,0,10001,2017/07/01 1:00:00,2050/01/01 4:59:59
603704,6,600013,1035,0,0,0,100000000,244,3,244,55,103704,1,0,0,10001,2017/07/01 1:00:00,2050/01/01 4:59:59
603705,6,100056,1035,0,0,0,1,3023,1,244,55,103705,1,0,1,10001,2022/02/24 12:00:00,2050/01/01 4:59:59
603801,6,500001,41040004,0,0,0,1,246,1,246,55,103801,1,0,1,50003,2021/07/20 12:00:00,2050/01/01 4:59:59
603802,6,600013,1040,0,0,0,10000000,247,1,247,55,103802,1,0,1,10001,2021/07/20 12:00:00,2050/01/01 4:59:59
603803,6,600013,1040,0,0,0,50000000,247,2,247,55,103803,1,0,1,10001,2021/07/20 12:00:00,2050/01/01 4:59:59
603804,6,600013,1040,0,0,0,100000000,247,3,247,55,103804,1,0,1,10001,2021/07/20 12:00:00,2050/01/01 4:59:59
603805,6,100056,1040,0,0,0,1,3024,1,247,55,103805,1,0,1,10001,2022/02/24 12:00:00,2050/01/01 4:59:59
603901,6,500001,41041004,0,0,0,1,249,1,249,55,103901,1,0,0,50003,2017/07/01 1:00:00,2050/01/01 4:59:59
603902,6,600013,1041,0,0,0,10000000,250,1,250,55,103902,1,0,0,10001,2017/07/01 1:00:00,2050/01/01 4:59:59
603903,6,600013,1041,0,0,0,50000000,250,2,250,55,103903,1,0,0,10001,2017/07/01 1:00:00,2050/01/01 4:59:59
603904,6,600013,1041,0,0,0,100000000,250,3,250,55,103904,1,0,0,10001,2017/07/01 1:00:00,2050/01/01 4:59:59
603905,6,100056,1041,0,0,0,1,3025,1,250,55,103905,1,0,1,10001,2022/02/24 12:00:00,2050/01/01 4:59:59
604001,6,500001,41045004,0,0,0,1,252,1,252,55,104001,1,0,0,50003,2017/07/01 1:00:00,2050/01/01 4:59:59
604002,6,600013,1045,0,0,0,10000000,253,1,253,55,104002,1,0,0,10001,2017/07/01 1:00:00,2050/01/01 4:59:59
604003,6,600013,1045,0,0,0,50000000,253,2,253,55,104003,1,0,0,10001,2017/07/01 1:00:00,2050/01/01 4:59:59
604004,6,600013,1045,0,0,0,100000000,253,3,253,55,104004,1,0,0,10001,2017/07/01 1:00:00,2050/01/01 4:59:59
604005,6,100056,1045,0,0,0,1,3026,1,253,55,104005,1,0,1,10001,2022/02/24 12:00:00,2050/01/01 4:59:59
604101,6,500001,41052004,0,0,0,1,255,1,255,55,104101,1,0,0,50003,2017/07/01 1:00:00,2050/01/01 4:59:59
604102,6,600013,1052,0,0,0,10000000,256,1,256,55,104102,1,0,0,10001,2017/07/01 1:00:00,2050/01/01 4:59:59
604103,6,600013,1052,0,0,0,50000000,256,2,256,55,104103,1,0,0,10001,2017/07/01 1:00:00,2050/01/01 4:59:59
604104,6,600013,1052,0,0,0,100000000,256,3,256,55,104104,1,0,0,10001,2017/07/01 1:00:00,2050/01/01 4:59:59
604105,6,100056,1052,0,0,0,1,3027,1,256,55,104105,1,0,1,10001,2022/02/24 12:00:00,2050/01/01 4:59:59
604201,6,500001,41056004,0,0,0,1,258,1,258,55,104201,1,0,0,50003,2017/07/01 1:00:00,2050/01/01 4:59:59
604202,6,600013,1056,0,0,0,10000000,259,1,259,55,104202,1,0,0,10001,2017/07/01 1:00:00,2050/01/01 4:59:59
604203,6,600013,1056,0,0,0,50000000,259,2,259,55,104203,1,0,0,10001,2017/07/01 1:00:00,2050/01/01 4:59:59
604204,6,600013,1056,0,0,0,100000000,259,3,259,55,104204,1,0,0,10001,2017/07/01 1:00:00,2050/01/01 4:59:59
604205,6,100056,1056,0,0,0,1,3028,1,259,55,104205,1,0,1,10001,2022/02/24 12:00:00,2050/01/01 4:59:59
604301,6,500001,41060004,0,0,0,1,261,1,261,55,104301,1,0,0,50003,2017/07/01 1:00:00,2050/01/01 4:59:59
604302,6,600013,1060,0,0,0,10000000,262,1,262,55,104302,1,0,0,10001,2017/07/01 1:00:00,2050/01/01 4:59:59
604303,6,600013,1060,0,0,0,50000000,262,2,262,55,104303,1,0,0,10001,2017/07/01 1:00:00,2050/01/01 4:59:59
604304,6,600013,1060,0,0,0,100000000,262,3,262,55,104304,1,0,0,10001,2017/07/01 1:00:00,2050/01/01 4:59:59
604305,6,100056,1060,0,0,0,1,3029,1,262,55,104305,1,0,1,10001,2022/02/24 12:00:00,2050/01/01 4:59:59
604401,6,500001,41061004,0,0,0,1,264,1,264,55,104401,1,0,0,50003,2017/07/01 1:00:00,2050/01/01 4:59:59
604402,6,600013,1061,0,0,0,10000000,265,1,265,55,104402,1,0,0,10001,2017/07/01 1:00:00,2050/01/01 4:59:59
604403,6,600013,1061,0,0,0,50000000,265,2,265,55,104403,1,0,0,10001,2017/07/01 1:00:00,2050/01/01 4:59:59
604404,6,600013,1061,0,0,0,100000000,265,3,265,55,104404,1,0,0,10001,2017/07/01 1:00:00,2050/01/01 4:59:59
604405,6,100056,1061,0,0,0,1,3030,1,265,55,104405,1,0,1,10001,2022/02/24 12:00:00,2050/01/01 4:59:59
604501,6,500001,41026004,0,0,0,1,266,1,266,55,104501,1,0,1,50003,2021/03/09 12:00:00,2050/01/01 4:59:59
604502,6,600013,1026,0,0,0,10000000,267,1,267,55,104502,1,0,1,10001,2021/03/09 12:00:00,2050/01/01 4:59:59
604503,6,600013,1026,0,0,0,50000000,267,2,267,55,104503,1,0,1,10001,2021/03/09 12:00:00,2050/01/01 4:59:59
604504,6,600013,1026,0,0,0,100000000,267,3,267,55,104504,1,0,1,10001,2021/03/09 12:00:00,2050/01/01 4:59:59
604505,6,100056,1026,0,0,0,1,3031,1,267,55,104505,1,0,1,10001,2022/02/24 12:00:00,2050/01/01 4:59:59
604601,6,500001,41023004,0,0,0,1,268,1,268,55,104601,1,0,1,50003,2021/03/18 12:00:00,2050/01/01 4:59:59
604602,6,600013,1023,0,0,0,10000000,269,1,269,55,104602,1,0,1,10001,2021/03/18 12:00:00,2050/01/01 4:59:59
604603,6,600013,1023,0,0,0,50000000,269,2,269,55,104603,1,0,1,10001,2021/03/18 12:00:00,2050/01/01 4:59:59
604604,6,600013,1023,0,0,0,100000000,269,3,269,55,104604,1,0,1,10001,2021/03/18 12:00:00,2050/01/01 4:59:59
604605,6,100056,1023,0,0,0,1,3032,1,269,55,104605,1,0,1,10001,2022/02/24 12:00:00,2050/01/01 4:59:59
604701,6,500001,41038004,0,0,0,1,270,1,270,55,104701,1,0,1,50003,2021/04/15 12:00:00,2050/01/01 4:59:59
604702,6,600013,1038,0,0,0,10000000,271,1,271,55,104702,1,0,1,10001,2021/04/15 12:00:00,2050/01/01 4:59:59
604703,6,600013,1038,0,0,0,50000000,271,2,271,55,104703,1,0,1,10001,2021/04/15 12:00:00,2050/01/01 4:59:59
604704,6,600013,1038,0,0,0,100000000,271,3,271,55,104704,1,0,1,10001,2021/04/15 12:00:00,2050/01/01 4:59:59
604705,6,100056,1038,0,0,0,1,3033,1,271,55,104705,1,0,1,10001,2022/02/24 12:00:00,2050/01/01 4:59:59
604801,6,500001,41050004,0,0,0,1,272,1,272,55,104801,1,0,1,50003,2021/04/26 12:00:00,2050/01/01 4:59:59
604802,6,600013,1050,0,0,0,10000000,273,1,273,55,104802,1,0,1,10001,2021/04/26 12:00:00,2050/01/01 4:59:59
604803,6,600013,1050,0,0,0,50000000,273,2,273,55,104803,1,0,1,10001,2021/04/26 12:00:00,2050/01/01 4:59:59
604804,6,600013,1050,0,0,0,100000000,273,3,273,55,104804,1,0,1,10001,2021/04/26 12:00:00,2050/01/01 4:59:59
604805,6,100056,1050,0,0,0,1,3034,1,273,55,104805,1,0,1,10001,2022/02/24 12:00:00,2050/01/01 4:59:59
604901,6,500001,41046004,0,0,0,1,274,1,274,55,104901,1,0,1,50003,2021/05/06 12:00:00,2050/01/01 4:59:59
604902,6,600013,1046,0,0,0,10000000,275,1,275,55,104902,1,0,1,10001,2021/05/06 12:00:00,2050/01/01 4:59:59
604903,6,600013,1046,0,0,0,50000000,275,2,275,55,104903,1,0,1,10001,2021/05/06 12:00:00,2050/01/01 4:59:59
604904,6,600013,1046,0,0,0,100000000,275,3,275,55,104904,1,0,1,10001,2021/05/06 12:00:00,2050/01/01 4:59:59
604905,6,100056,1046,0,0,0,1,3035,1,275,55,104905,1,0,1,10001,2022/02/24 12:00:00,2050/01/01 4:59:59
605001,6,500001,41016004,0,0,0,1,276,1,276,55,105001,1,0,1,50003,2021/05/17 12:00:00,2050/01/01 4:59:59
605002,6,600013,1016,0,0,0,10000000,277,1,277,55,105002,1,0,1,10001,2021/05/17 12:00:00,2050/01/01 4:59:59
605003,6,600013,1016,0,0,0,50000000,277,2,277,55,105003,1,0,1,10001,2021/05/17 12:00:00,2050/01/01 4:59:59
605004,6,600013,1016,0,0,0,100000000,277,3,277,55,105004,1,0,1,10001,2021/05/17 12:00:00,2050/01/01 4:59:59
605005,6,100056,1016,0,0,0,1,3036,1,277,55,105005,1,0,1,10001,2022/02/24 12:00:00,2050/01/01 4:59:59
605101,6,500001,41058004,0,0,0,1,278,1,278,55,105101,1,0,1,50003,2021/08/11 12:00:00,2050/01/01 4:59:59
605102,6,600013,1058,0,0,0,10000000,279,1,279,55,105102,1,0,1,10001,2021/08/11 12:00:00,2050/01/01 4:59:59
605103,6,600013,1058,0,0,0,50000000,279,2,279,55,105103,1,0,1,10001,2021/08/11 12:00:00,2050/01/01 4:59:59
605104,6,600013,1058,0,0,0,100000000,279,3,279,55,105104,1,0,1,10001,2021/08/11 12:00:00,2050/01/01 4:59:59
605105,6,100056,1058,0,0,0,1,3037,1,279,55,105105,1,0,1,10001,2022/02/24 12:00:00,2050/01/01 4:59:59
605201,6,500001,41037004,0,0,0,1,280,1,280,55,105201,1,0,1,50003,2021/08/20 12:00:00,2050/01/01 4:59:59
605202,6,600013,1037,0,0,0,10000000,281,1,281,55,105202,1,0,1,10001,2021/08/20 12:00:00,2050/01/01 4:59:59
605203,6,600013,1037,0,0,0,50000000,281,2,281,55,105203,1,0,1,10001,2021/08/20 12:00:00,2050/01/01 4:59:59
605204,6,600013,1037,0,0,0,100000000,281,3,281,55,105204,1,0,1,10001,2021/08/20 12:00:00,2050/01/01 4:59:59
605205,6,100056,1037,0,0,0,1,3038,1,281,55,105205,1,0,1,10001,2022/02/24 12:00:00,2050/01/01 4:59:59
605301,6,500001,41028004,0,0,0,1,282,1,282,55,105301,1,0,1,50003,2021/09/10 12:00:00,2050/01/01 4:59:59
605302,6,600013,1028,0,0,0,10000000,283,1,283,55,105302,1,0,1,10001,2021/09/10 12:00:00,2050/01/01 4:59:59
605303,6,600013,1028,0,0,0,50000000,283,2,283,55,105303,1,0,1,10001,2021/09/10 12:00:00,2050/01/01 4:59:59
605304,6,600013,1028,0,0,0,100000000,283,3,283,55,105304,1,0,1,10001,2021/09/10 12:00:00,2050/01/01 4:59:59
605305,6,100056,1028,0,0,0,1,3039,1,283,55,105305,1,0,1,10001,2022/02/24 12:00:00,2050/01/01 4:59:59
605401,6,500001,41019004,0,0,0,1,284,1,284,55,105401,1,0,1,50003,2021/09/20 12:00:00,2050/01/01 4:59:59
605402,6,600013,1019,0,0,0,10000000,285,1,285,55,105402,1,0,1,10001,2021/09/20 12:00:00,2050/01/01 4:59:59
605403,6,600013,1019,0,0,0,50000000,285,2,285,55,105403,1,0,1,10001,2021/09/20 12:00:00,2050/01/01 4:59:59
605404,6,600013,1019,0,0,0,100000000,285,3,285,55,105404,1,0,1,10001,2021/09/20 12:00:00,2050/01/01 4:59:59
605405,6,100056,1019,0,0,0,1,3040,1,285,55,105405,1,0,1,10001,2022/02/24 12:00:00,2050/01/01 4:59:59
605501,6,500001,41039004,0,0,0,1,286,1,286,55,105501,1,0,1,50003,2021/10/11 12:00:00,2050/01/01 4:59:59
605502,6,600013,1039,0,0,0,10000000,287,1,287,55,105502,1,0,1,10001,2021/10/11 12:00:00,2050/01/01 4:59:59
605503,6,600013,1039,0,0,0,50000000,287,2,287,55,105503,1,0,1,10001,2021/10/11 12:00:00,2050/01/01 4:59:59
605504,6,600013,1039,0,0,0,100000000,287,3,287,55,105504,1,0,1,10001,2021/10/11 12:00:00,2050/01/01 4:59:59
605505,6,100056,1039,0,0,0,1,3041,1,287,55,105505,1,0,1,10001,2022/02/24 12:00:00,2050/01/01 4:59:59
605601,6,500001,41025004,0,0,0,1,288,1,288,55,105601,1,0,1,50003,2021/10/20 12:00:00,2050/01/01 4:59:59
605602,6,600013,1025,0,0,0,10000000,289,1,289,55,105602,1,0,1,10001,2021/10/20 12:00:00,2050/01/01 4:59:59
605603,6,600013,1025,0,0,0,50000000,289,2,289,55,105603,1,0,1,10001,2021/10/20 12:00:00,2050/01/01 4:59:59
605604,6,600013,1025,0,0,0,100000000,289,3,289,55,105604,1,0,1,10001,2021/10/20 12:00:00,2050/01/01 4:59:59
605605,6,100056,1025,0,0,0,1,3042,1,289,55,105605,1,0,1,10001,2022/02/24 12:00:00,2050/01/01 4:59:59
605701,6,500001,41048004,0,0,0,1,290,1,290,55,105701,1,0,1,50003,2021/11/08 12:00:00,2050/01/01 4:59:59
605702,6,600013,1048,0,0,0,10000000,291,1,291,55,105702,1,0,1,10001,2021/11/08 12:00:00,2050/01/01 4:59:59
605703,6,600013,1048,0,0,0,50000000,291,2,291,55,105703,1,0,1,10001,2021/11/08 12:00:00,2050/01/01 4:59:59
605704,6,600013,1048,0,0,0,100000000,291,3,291,55,105704,1,0,1,10001,2021/11/08 12:00:00,2050/01/01 4:59:59
605705,6,100056,1048,0,0,0,1,3043,1,291,55,105705,1,0,1,10001,2022/02/24 12:00:00,2050/01/01 4:59:59
605801,6,500001,41059004,0,0,0,1,292,1,292,55,105801,1,0,1,50003,2021/11/19 12:00:00,2050/01/01 4:59:59
605802,6,600013,1059,0,0,0,10000000,293,1,293,55,105802,1,0,1,10001,2021/11/19 12:00:00,2050/01/01 4:59:59
605803,6,600013,1059,0,0,0,50000000,293,2,293,55,105803,1,0,1,10001,2021/11/19 12:00:00,2050/01/01 4:59:59
605804,6,600013,1059,0,0,0,100000000,293,3,293,55,105804,1,0,1,10001,2021/11/19 12:00:00,2050/01/01 4:59:59
605805,6,100056,1059,0,0,0,1,3044,1,293,55,105805,1,0,1,10001,2022/02/24 12:00:00,2050/01/01 4:59:59
605901,6,500001,41022004,0,0,0,1,294,1,294,55,105901,1,0,1,50003,2021/12/14 12:00:00,2050/01/01 4:59:59
605902,6,600013,1022,0,0,0,10000000,295,1,295,55,105902,1,0,1,10001,2021/12/14 12:00:00,2050/01/01 4:59:59
605903,6,600013,1022,0,0,0,50000000,295,2,295,55,105903,1,0,1,10001,2021/12/14 12:00:00,2050/01/01 4:59:59
605904,6,600013,1022,0,0,0,100000000,295,3,295,55,105904,1,0,1,10001,2021/12/14 12:00:00,2050/01/01 4:59:59
605905,6,100056,1022,0,0,0,1,3045,1,295,55,105905,1,0,1,10001,2022/02/24 12:00:00,2050/01/01 4:59:59
606001,6,500001,41021004,0,0,0,1,296,1,296,55,106001,1,0,1,50003,2021/12/22 12:00:00,2050/01/01 4:59:59
606002,6,600013,1021,0,0,0,10000000,297,1,297,55,106002,1,0,1,10001,2021/12/22 12:00:00,2050/01/01 4:59:59
606003,6,600013,1021,0,0,0,50000000,297,2,297,55,106003,1,0,1,10001,2021/12/22 12:00:00,2050/01/01 4:59:59
606004,6,600013,1021,0,0,0,100000000,297,3,297,55,106004,1,0,1,10001,2021/12/22 12:00:00,2050/01/01 4:59:59
606005,6,100056,1021,0,0,0,1,3046,1,297,55,106005,1,0,1,10001,2022/02/24 12:00:00,2050/01/01 4:59:59
606101,6,500001,41069004,0,0,0,1,298,1,298,55,106101,1,0,1,50003,2022/01/20 12:00:00,2050/01/01 4:59:59
606102,6,600013,1069,0,0,0,10000000,299,1,299,55,106102,1,0,1,10001,2022/01/20 12:00:00,2050/01/01 4:59:59
606103,6,600013,1069,0,0,0,50000000,299,2,299,55,106103,1,0,1,10001,2022/01/20 12:00:00,2050/01/01 4:59:59
606104,6,600013,1069,0,0,0,100000000,299,3,299,55,106104,1,0,1,10001,2022/01/20 12:00:00,2050/01/01 4:59:59
606105,6,100056,1069,0,0,0,1,3047,1,299,55,106105,1,0,1,10001,2022/02/24 12:00:00,2050/01/01 4:59:59
606201,6,500001,41071004,0,0,0,1,300,1,300,55,106201,1,0,1,50003,2022/02/08 12:00:00,2050/01/01 4:59:59
606202,6,600013,1071,0,0,0,10000000,301,1,301,55,106202,1,0,1,10001,2022/02/08 12:00:00,2050/01/01 4:59:59
606203,6,600013,1071,0,0,0,50000000,301,2,301,55,106203,1,0,1,10001,2022/02/08 12:00:00,2050/01/01 4:59:59
606204,6,600013,1071,0,0,0,100000000,301,3,301,55,106204,1,0,1,10001,2022/02/08 12:00:00,2050/01/01 4:59:59
606205,6,100056,1071,0,0,0,1,3048,1,301,55,106205,1,0,1,10001,2022/02/24 12:00:00,2050/01/01 4:59:59
606301,6,500001,41033004,0,0,0,1,302,1,302,55,106301,1,0,1,50003,2022/02/16 12:00:00,2050/01/01 4:59:59
606302,6,600013,1033,0,0,0,10000000,303,1,303,55,106302,1,0,1,10001,2022/02/16 12:00:00,2050/01/01 4:59:59
606303,6,600013,1033,0,0,0,50000000,303,2,303,55,106303,1,0,1,10001,2022/02/16 12:00:00,2050/01/01 4:59:59
606304,6,600013,1033,0,0,0,100000000,303,3,303,55,106304,1,0,1,10001,2022/02/16 12:00:00,2050/01/01 4:59:59
606305,6,100056,1033,0,0,0,1,3049,1,304,55,106305,1,0,1,10001,2022/02/24 12:00:00,2050/01/01 4:59:59
606401,6,500001,41068004,0,0,0,1,304,1,305,55,106401,1,0,1,50003,2022/02/24 12:00:00,2050/01/01 4:59:59
606402,6,600013,1068,0,0,0,10000000,305,1,306,55,106402,1,0,1,10001,2022/02/24 12:00:00,2050/01/01 4:59:59
606403,6,600013,1068,0,0,0,50000000,305,2,306,55,106403,1,0,1,10001,2022/02/24 12:00:00,2050/01/01 4:59:59
606404,6,600013,1068,0,0,0,100000000,305,3,306,55,106404,1,0,1,10001,2022/02/24 12:00:00,2050/01/01 4:59:59
606405,6,100056,1068,0,0,0,1,3050,1,307,55,106405,1,0,1,10001,2022/02/24 12:00:00,2050/01/01 4:59:59
606501,6,500001,41062004,0,0,0,1,306,1,308,55,106501,1,0,1,50003,2022/02/24 12:00:00,2050/01/01 4:59:59
606502,6,600013,1062,0,0,0,10000000,307,1,309,55,106502,1,0,1,10001,2022/02/24 12:00:00,2050/01/01 4:59:59
606503,6,600013,1062,0,0,0,50000000,307,2,309,55,106503,1,0,1,10001,2022/02/24 12:00:00,2050/01/01 4:59:59
606504,6,600013,1062,0,0,0,100000000,307,3,309,55,106504,1,0,1,10001,2022/02/24 12:00:00,2050/01/01 4:59:59
606505,6,100056,1062,0,0,0,1,3051,1,310,55,106505,1,0,1,10001,2022/02/24 12:00:00,2050/01/01 4:59:59
606601,6,500001,41067004,0,0,0,1,308,1,311,55,106601,1,0,1,50003,2022/03/07 12:00:00,2050/01/01 4:59:59
606602,6,600013,1067,0,0,0,10000000,309,1,312,55,106602,1,0,1,10001,2022/03/07 12:00:00,2050/01/01 4:59:59
606603,6,600013,1067,0,0,0,50000000,309,2,312,55,106603,1,0,1,10001,2022/03/07 12:00:00,2050/01/01 4:59:59
606604,6,600013,1067,0,0,0,100000000,309,3,312,55,106604,1,0,1,10001,2022/03/07 12:00:00,2050/01/01 4:59:59
606605,6,100056,1067,0,0,0,1,3052,1,313,55,106605,1,0,1,10001,2022/03/07 12:00:00,2050/01/01 4:59:59
606701,6,500001,41074004,0,0,0,1,310,1,314,55,106701,1,0,1,50003,2022/03/18 12:00:00,2050/01/01 4:59:59
606702,6,600013,1074,0,0,0,10000000,311,1,315,55,106702,1,0,1,10001,2022/03/18 12:00:00,2050/01/01 4:59:59
606703,6,600013,1074,0,0,0,50000000,311,2,315,55,106703,1,0,1,10001,2022/03/18 12:00:00,2050/01/01 4:59:59
606704,6,600013,1074,0,0,0,100000000,311,3,315,55,106704,1,0,1,10001,2022/03/18 12:00:00,2050/01/01 4:59:59
606705,6,100056,1074,0,0,0,1,3053,1,316,55,106705,1,0,1,10001,2022/03/18 12:00:00,2050/01/01 4:59:59
606801,6,500001,41051004,0,0,0,1,312,1,317,55,106801,1,0,1,50003,2022/04/11 12:00:00,2050/01/01 4:59:59
606802,6,600013,1051,0,0,0,10000000,313,1,318,55,106802,1,0,1,10001,2022/04/11 12:00:00,2050/01/01 4:59:59
606803,6,600013,1051,0,0,0,50000000,313,2,318,55,106803,1,0,1,10001,2022/04/11 12:00:00,2050/01/01 4:59:59
606804,6,600013,1051,0,0,0,100000000,313,3,318,55,106804,1,0,1,10001,2022/04/11 12:00:00,2050/01/01 4:59:59
606805,6,100056,1051,0,0,0,1,3054,1,319,55,106805,1,0,1,10001,2022/04/11 12:00:00,2050/01/01 4:59:59
606901,6,500001,41072004,0,0,0,1,314,1,320,55,106901,1,0,1,50003,2022/04/19 12:00:00,2050/01/01 4:59:59
606902,6,600013,1072,0,0,0,10000000,315,1,321,55,106902,1,0,1,10001,2022/04/19 12:00:00,2050/01/01 4:59:59
606903,6,600013,1072,0,0,0,50000000,315,2,321,55,106903,1,0,1,10001,2022/04/19 12:00:00,2050/01/01 4:59:59
606904,6,600013,1072,0,0,0,100000000,315,3,321,55,106904,1,0,1,10001,2022/04/19 12:00:00,2050/01/01 4:59:59
606905,6,100056,1072,0,0,0,1,3055,1,322,55,106905,1,0,1,10001,2022/04/19 12:00:00,2050/01/01 4:59:59
607001,6,500001,41031004,0,0,0,1,316,1,323,55,107001,1,0,1,50003,2022/05/10 12:00:00,2050/01/01 4:59:59
607002,6,600013,1031,0,0,0,10000000,317,1,324,55,107002,1,0,1,10001,2022/05/10 12:00:00,2050/01/01 4:59:59
607003,6,600013,1031,0,0,0,50000000,317,2,324,55,107003,1,0,1,10001,2022/05/10 12:00:00,2050/01/01 4:59:59
607004,6,600013,1031,0,0,0,100000000,317,3,324,55,107004,1,0,1,10001,2022/05/10 12:00:00,2050/01/01 4:59:59
607005,6,100056,1031,0,0,0,1,3056,1,325,55,107005,1,0,1,10001,2022/05/10 12:00:00,2050/01/01 4:59:59
607101,6,500001,41064004,0,0,0,1,318,1,326,55,107101,1,0,1,50003,2022/05/20 12:00:00,2050/01/01 4:59:59
607102,6,600013,1064,0,0,0,10000000,319,1,327,55,107102,1,0,1,10001,2022/05/20 12:00:00,2050/01/01 4:59:59
607103,6,600013,1064,0,0,0,50000000,319,2,327,55,107103,1,0,1,10001,2022/05/20 12:00:00,2050/01/01 4:59:59
607104,6,600013,1064,0,0,0,100000000,319,3,327,55,107104,1,0,1,10001,2022/05/20 12:00:00,2050/01/01 4:59:59
607105,6,100056,1064,0,0,0,1,3057,1,328,55,107105,1,0,1,10001,2022/05/20 12:00:00,2050/01/01 4:59:59
607201,6,500001,41034004,0,0,0,1,320,1,329,55,107201,1,0,1,50003,2022/06/10 12:00:00,2050/01/01 4:59:59
607202,6,600013,1034,0,0,0,10000000,321,1,330,55,107202,1,0,1,10001,2022/06/10 12:00:00,2050/01/01 4:59:59
607203,6,600013,1034,0,0,0,50000000,321,2,330,55,107203,1,0,1,10001,2022/06/10 12:00:00,2050/01/01 4:59:59
607204,6,600013,1034,0,0,0,100000000,321,3,330,55,107204,1,0,1,10001,2022/06/10 12:00:00,2050/01/01 4:59:59
607205,6,100056,1034,0,0,0,1,3058,1,331,55,107205,1,0,1,10001,2022/06/10 12:00:00,2050/01/01 4:59:59
607301,6,500001,41044004,0,0,0,1,322,1,332,55,107301,1,0,1,50003,2022/06/20 12:00:00,2050/01/01 4:59:59
607302,6,600013,1044,0,0,0,10000000,323,1,333,55,107302,1,0,1,10001,2022/06/20 12:00:00,2050/01/01 4:59:59
607303,6,600013,1044,0,0,0,50000000,323,2,333,55,107303,1,0,1,10001,2022/06/20 12:00:00,2050/01/01 4:59:59
607304,6,600013,1044,0,0,0,100000000,323,3,333,55,107304,1,0,1,10001,2022/06/20 12:00:00,2050/01/01 4:59:59
607305,6,100056,1044,0,0,0,1,3059,1,334,55,107305,1,0,1,10001,2022/06/20 12:00:00,2050/01/01 4:59:59
607401,6,500001,41036004,0,0,0,1,324,1,335,55,107401,1,0,1,50003,2022/07/11 12:00:00,2050/01/01 4:59:59
607402,6,600013,1036,0,0,0,10000000,325,1,336,55,107402,1,0,1,10001,2022/07/11 12:00:00,2050/01/01 4:59:59
607403,6,600013,1036,0,0,0,50000000,325,2,336,55,107403,1,0,1,10001,2022/07/11 12:00:00,2050/01/01 4:59:59
607404,6,600013,1036,0,0,0,100000000,325,3,336,55,107404,1,0,1,10001,2022/07/11 12:00:00,2050/01/01 4:59:59
607405,6,100056,1036,0,0,0,1,3060,1,337,55,107405,1,0,1,10001,2022/07/11 12:00:00,2050/01/01 4:59:59
607501,6,500001,41053004,0,0,0,1,326,1,338,55,107501,1,0,1,50003,2022/08/10 12:00:00,2050/01/01 4:59:59
607502,6,600013,1053,0,0,0,10000000,327,1,339,55,107502,1,0,1,10001,2022/08/10 12:00:00,2050/01/01 4:59:59
607503,6,600013,1053,0,0,0,50000000,327,2,339,55,107503,1,0,1,10001,2022/08/10 12:00:00,2050/01/01 4:59:59
607504,6,600013,1053,0,0,0,100000000,327,3,339,55,107504,1,0,1,10001,2022/08/10 12:00:00,2050/01/01 4:59:59
607505,6,100056,1053,0,0,0,1,3061,1,340,55,107505,1,0,1,10001,2022/08/10 12:00:00,2050/01/01 4:59:59
607601,6,500001,41098004,0,0,0,1,328,1,341,55,107601,1,0,1,50003,2022/08/19 12:00:00,2050/01/01 4:59:59
607602,6,600013,1098,0,0,0,10000000,329,1,342,55,107602,1,0,1,10001,2022/08/19 12:00:00,2050/01/01 4:59:59
607603,6,600013,1098,0,0,0,50000000,329,2,342,55,107603,1,0,1,10001,2022/08/19 12:00:00,2050/01/01 4:59:59
607604,6,600013,1098,0,0,0,100000000,329,3,342,55,107604,1,0,1,10001,2022/08/19 12:00:00,2050/01/01 4:59:59
607605,6,100056,1098,0,0,0,1,3062,1,343,55,107605,1,0,1,10001,2022/08/19 12:00:00,2050/01/01 4:59:59
607701,6,500001,41029004,0,0,0,1,330,1,344,55,107701,1,0,1,50003,2022/09/12 12:00:00,2050/01/01 4:59:59
607702,6,600013,1029,0,0,0,10000000,331,1,345,55,107702,1,0,1,10001,2022/09/12 12:00:00,2050/01/01 4:59:59
607703,6,600013,1029,0,0,0,50000000,331,2,345,55,107703,1,0,1,10001,2022/09/12 12:00:00,2050/01/01 4:59:59
607704,6,600013,1029,0,0,0,100000000,331,3,345,55,107704,1,0,1,10001,2022/09/12 12:00:00,2050/01/01 4:59:59
607705,6,100056,1029,0,0,0,1,3063,1,346,55,107705,1,0,1,10001,2022/09/12 12:00:00,2050/01/01 4:59:59
607801,6,500001,41042004,0,0,0,1,332,1,347,55,107801,1,0,1,50003,2022/09/20 12:00:00,2050/01/01 4:59:59
607802,6,600013,1042,0,0,0,10000000,333,1,348,55,107802,1,0,1,10001,2022/09/20 12:00:00,2050/01/01 4:59:59
607803,6,600013,1042,0,0,0,50000000,333,2,348,55,107803,1,0,1,10001,2022/09/20 12:00:00,2050/01/01 4:59:59
607804,6,600013,1042,0,0,0,100000000,333,3,348,55,107804,1,0,1,10001,2022/09/20 12:00:00,2050/01/01 4:59:59
607805,6,100056,1042,0,0,0,1,3064,1,349,55,107805,1,0,1,10001,2022/09/20 12:00:00,2050/01/01 4:59:59
607901,6,500001,41087004,0,0,0,1,334,1,350,55,107901,1,0,1,50003,2022/10/11 12:00:00,2050/01/01 4:59:59
607902,6,600013,1087,0,0,0,10000000,335,1,351,55,107902,1,0,1,10001,2022/10/11 12:00:00,2050/01/01 4:59:59
607903,6,600013,1087,0,0,0,50000000,335,2,351,55,107903,1,0,1,10001,2022/10/11 12:00:00,2050/01/01 4:59:59
607904,6,600013,1087,0,0,0,100000000,335,3,351,55,107904,1,0,1,10001,2022/10/11 12:00:00,2050/01/01 4:59:59
607905,6,100056,1087,0,0,0,1,3065,1,352,55,107905,1,0,1,10001,2022/10/11 12:00:00,2050/01/01 4:59:59
608001,6,500001,41078004,0,0,0,1,336,1,353,55,108001,1,0,1,50003,2022/10/19 12:00:00,2050/01/01 4:59:59
608002,6,600013,1078,0,0,0,10000000,337,1,354,55,108002,1,0,1,10001,2022/10/19 12:00:00,2050/01/01 4:59:59
608003,6,600013,1078,0,0,0,50000000,337,2,354,55,108003,1,0,1,10001,2022/10/19 12:00:00,2050/01/01 4:59:59
608004,6,600013,1078,0,0,0,100000000,337,3,354,55,108004,1,0,1,10001,2022/10/19 12:00:00,2050/01/01 4:59:59
608005,6,100056,1078,0,0,0,1,3066,1,355,55,108005,1,0,1,10001,2022/10/19 12:00:00,2050/01/01 4:59:59
608101,6,500001,41049004,0,0,0,1,338,1,356,55,108101,1,0,1,50003,2022/11/09 12:00:00,2050/01/01 4:59:59
608102,6,600013,1049,0,0,0,10000000,339,1,357,55,108102,1,0,1,10001,2022/11/09 12:00:00,2050/01/01 4:59:59
608103,6,600013,1049,0,0,0,50000000,339,2,357,55,108103,1,0,1,10001,2022/11/09 12:00:00,2050/01/01 4:59:59
608104,6,600013,1049,0,0,0,100000000,339,3,357,55,108104,1,0,1,10001,2022/11/09 12:00:00,2050/01/01 4:59:59
608105,6,100056,1049,0,0,0,1,3067,1,358,55,108105,1,0,1,10001,2022/11/09 12:00:00,2050/01/01 4:59:59
608201,6,500001,41100004,0,0,0,1,340,1,359,55,108201,1,0,1,50003,2022/11/17 12:00:00,2050/01/01 4:59:59
608202,6,600013,1100,0,0,0,10000000,341,1,360,55,108202,1,0,1,10001,2022/11/17 12:00:00,2050/01/01 4:59:59
608203,6,600013,1100,0,0,0,50000000,341,2,360,55,108203,1,0,1,10001,2022/11/17 12:00:00,2050/01/01 4:59:59
608204,6,600013,1100,0,0,0,100000000,341,3,360,55,108204,1,0,1,10001,2022/11/17 12:00:00,2050/01/01 4:59:59
608205,6,100056,1100,0,0,0,1,3068,1,361,55,108205,1,0,1,10001,2022/11/17 12:00:00,2050/01/01 4:59:59
608301,6,500001,41047004,0,0,0,1,342,1,362,55,108301,1,0,1,50003,2022/12/12 12:00:00,2050/01/01 4:59:59
608302,6,600013,1047,0,0,0,10000000,343,1,363,55,108302,1,0,1,10001,2022/12/12 12:00:00,2050/01/01 4:59:59
608303,6,600013,1047,0,0,0,50000000,343,2,363,55,108303,1,0,1,10001,2022/12/12 12:00:00,2050/01/01 4:59:59
608304,6,600013,1047,0,0,0,100000000,343,3,363,55,108304,1,0,1,10001,2022/12/12 12:00:00,2050/01/01 4:59:59
608305,6,100056,1047,0,0,0,1,3069,1,364,55,108305,1,0,1,10001,2022/12/12 12:00:00,2050/01/01 4:59:59
608401,6,500001,41099004,0,0,0,1,344,1,365,55,108401,1,0,1,50003,2023/01/10 12:00:00,2050/01/01 4:59:59
608402,6,600013,1099,0,0,0,10000000,345,1,366,55,108402,1,0,1,10001,2023/01/10 12:00:00,2050/01/01 4:59:59
608403,6,600013,1099,0,0,0,50000000,345,2,366,55,108403,1,0,1,10001,2023/01/10 12:00:00,2050/01/01 4:59:59
608404,6,600013,1099,0,0,0,100000000,345,3,366,55,108404,1,0,1,10001,2023/01/10 12:00:00,2050/01/01 4:59:59
608405,6,100056,1099,0,0,0,1,3070,1,367,55,108405,1,0,1,10001,2023/01/10 12:00:00,2050/01/01 4:59:59
608501,6,500001,41065004,0,0,0,1,346,1,368,55,108501,1,0,1,50003,2023/01/20 12:00:00,2050/01/01 4:59:59
608502,6,600013,1065,0,0,0,10000000,347,1,369,55,108502,1,0,1,10001,2023/01/20 12:00:00,2050/01/01 4:59:59
608503,6,600013,1065,0,0,0,50000000,347,2,369,55,108503,1,0,1,10001,2023/01/20 12:00:00,2050/01/01 4:59:59
608504,6,600013,1065,0,0,0,100000000,347,3,369,55,108504,1,0,1,10001,2023/01/20 12:00:00,2050/01/01 4:59:59
608505,6,100056,1065,0,0,0,1,3071,1,370,55,108505,1,0,1,10001,2023/01/20 12:00:00,2050/01/01 4:59:59
608601,6,500001,41043004,0,0,0,1,348,1,371,55,108601,1,0,1,50003,2023/02/13 12:00:00,2050/01/01 4:59:59
608602,6,600013,1043,0,0,0,10000000,349,1,372,55,108602,1,0,1,10001,2023/02/13 12:00:00,2050/01/01 4:59:59
608603,6,600013,1043,0,0,0,50000000,349,2,372,55,108603,1,0,1,10001,2023/02/13 12:00:00,2050/01/01 4:59:59
608604,6,600013,1043,0,0,0,100000000,349,3,372,55,108604,1,0,1,10001,2023/02/13 12:00:00,2050/01/01 4:59:59
608605,6,100056,1043,0,0,0,1,3072,1,373,55,108605,1,0,1,10001,2023/02/13 12:00:00,2050/01/01 4:59:59
608701,6,500001,41057004,0,0,0,1,350,1,374,55,108701,1,0,1,50003,2023/02/24 12:00:00,2050/01/01 4:59:59
608702,6,600013,1057,0,0,0,10000000,351,1,375,55,108702,1,0,1,10001,2023/02/24 12:00:00,2050/01/01 4:59:59
608703,6,600013,1057,0,0,0,50000000,351,2,375,55,108703,1,0,1,10001,2023/02/24 12:00:00,2050/01/01 4:59:59
608704,6,600013,1057,0,0,0,100000000,351,3,375,55,108704,1,0,1,10001,2023/02/24 12:00:00,2050/01/01 4:59:59
608705,6,100056,1057,0,0,0,1,3073,1,376,55,108705,1,0,1,10001,2023/02/24 12:00:00,2050/01/01 4:59:59
608801,6,500001,41066004,0,0,0,1,352,1,377,55,108801,1,0,1,50003,2023/02/24 12:00:00,2050/01/01 4:59:59
608802,6,600013,1066,0,0,0,10000000,353,1,378,55,108802,1,0,1,10001,2023/02/24 12:00:00,2050/01/01 4:59:59
608803,6,600013,1066,0,0,0,50000000,353,2,378,55,108803,1,0,1,10001,2023/02/24 12:00:00,2050/01/01 4:59:59
608804,6,600013,1066,0,0,0,100000000,353,3,378,55,108804,1,0,1,10001,2023/02/24 12:00:00,2050/01/01 4:59:59
608805,6,100056,1066,0,0,0,1,3074,1,379,55,108805,1,0,1,10001,2023/02/24 12:00:00,2050/01/01 4:59:59
608901,6,500001,41085004,0,0,0,1,354,1,380,55,108901,1,0,1,50003,2023/03/10 12:00:00,2050/01/01 4:59:59
608902,6,600013,1085,0,0,0,10000000,355,1,381,55,108902,1,0,1,10001,2023/03/10 12:00:00,2050/01/01 4:59:59
608903,6,600013,1085,0,0,0,50000000,355,2,381,55,108903,1,0,1,10001,2023/03/10 12:00:00,2050/01/01 4:59:59
608904,6,600013,1085,0,0,0,100000000,355,3,381,55,108904,1,0,1,10001,2023/03/10 12:00:00,2050/01/01 4:59:59
608905,6,100056,1085,0,0,0,1,3075,1,382,55,108905,1,0,1,10001,2023/03/10 12:00:00,2050/01/01 4:59:59
609001,6,500001,41083004,0,0,0,1,356,1,383,55,109001,1,0,1,50003,2023/03/20 12:00:00,2050/01/01 4:59:59
609002,6,600013,1083,0,0,0,10000000,357,1,384,55,109002,1,0,1,10001,2023/03/20 12:00:00,2050/01/01 4:59:59
609003,6,600013,1083,0,0,0,50000000,357,2,384,55,109003,1,0,1,10001,2023/03/20 12:00:00,2050/01/01 4:59:59
609004,6,600013,1083,0,0,0,100000000,357,3,384,55,109004,1,0,1,10001,2023/03/20 12:00:00,2050/01/01 4:59:59
609005,6,100056,1083,0,0,0,1,3175,1,385,55,109005,1,0,1,10001,2023/03/20 12:00:00,2050/01/01 4:59:59
609101,6,500001,41076004,0,0,0,1,358,1,386,55,109101,1,0,1,50003,2023/04/10 12:00:00,2050/01/01 4:59:59
609102,6,600013,1076,0,0,0,10000000,359,1,387,55,109102,1,0,1,10001,2023/04/10 12:00:00,2050/01/01 4:59:59
609103,6,600013,1076,0,0,0,50000000,359,2,387,55,109103,1,0,1,10001,2023/04/10 12:00:00,2050/01/01 4:59:59
609104,6,600013,1076,0,0,0,100000000,359,3,387,55,109104,1,0,1,10001,2023/04/10 12:00:00,2050/01/01 4:59:59
609105,6,100056,1076,0,0,0,1,3275,1,388,55,109105,1,0,1,10001,2023/04/10 12:00:00,2050/01/01 4:59:59
609201,6,500001,41105004,0,0,0,1,360,1,389,55,109201,1,0,1,50003,2023/04/19 12:00:00,2050/01/01 4:59:59
609202,6,600013,1105,0,0,0,10000000,361,1,390,55,109202,1,0,1,10001,2023/04/19 12:00:00,2050/01/01 4:59:59
609203,6,600013,1105,0,0,0,50000000,361,2,390,55,109203,1,0,1,10001,2023/04/19 12:00:00,2050/01/01 4:59:59
609204,6,600013,1105,0,0,0,100000000,361,3,390,55,109204,1,0,1,10001,2023/04/19 12:00:00,2050/01/01 4:59:59
609205,6,100056,1105,0,0,0,1,3375,1,391,55,109205,1,0,1,10001,2023/04/19 12:00:00,2050/01/01 4:59:59
609301,6,500001,41106004,0,0,0,1,362,1,392,55,109301,1,0,1,50003,2023/05/10 12:00:00,2050/01/01 4:59:59
609302,6,600013,1106,0,0,0,10000000,363,1,393,55,109302,1,0,1,10001,2023/05/10 12:00:00,2050/01/01 4:59:59
609303,6,600013,1106,0,0,0,50000000,363,2,393,55,109303,1,0,1,10001,2023/05/10 12:00:00,2050/01/01 4:59:59
609304,6,600013,1106,0,0,0,100000000,363,3,393,55,109304,1,0,1,10001,2023/05/10 12:00:00,2050/01/01 4:59:59
609305,6,100056,1106,0,0,0,1,3475,1,394,55,109305,1,0,1,10001,2023/05/10 12:00:00,2050/01/01 4:59:59
609401,6,500001,41084004,0,0,0,1,364,1,395,55,109401,1,0,1,50003,2023/05/19 12:00:00,2050/01/01 4:59:59
609402,6,600013,1084,0,0,0,10000000,365,1,396,55,109402,1,0,1,10001,2023/05/19 12:00:00,2050/01/01 4:59:59
609403,6,600013,1084,0,0,0,50000000,365,2,396,55,109403,1,0,1,10001,2023/05/19 12:00:00,2050/01/01 4:59:59
609404,6,600013,1084,0,0,0,100000000,365,3,396,55,109404,1,0,1,10001,2023/05/19 12:00:00,2050/01/01 4:59:59
609405,6,100056,1084,0,0,0,1,3575,1,397,55,109405,1,0,1,10001,2023/05/19 12:00:00,2050/01/01 4:59:59
609501,6,500001,41055004,0,0,0,1,366,1,398,55,109501,1,0,1,50003,2023/06/19 12:00:00,2050/01/01 4:59:59
609502,6,600013,1055,0,0,0,10000000,367,1,399,55,109502,1,0,1,10001,2023/06/19 12:00:00,2050/01/01 4:59:59
609503,6,600013,1055,0,0,0,50000000,367,2,399,55,109503,1,0,1,10001,2023/06/19 12:00:00,2050/01/01 4:59:59
609504,6,600013,1055,0,0,0,100000000,367,3,399,55,109504,1,0,1,10001,2023/06/19 12:00:00,2050/01/01 4:59:59
609505,6,100056,1055,0,0,0,1,3675,1,400,55,109505,1,0,1,10001,2023/06/19 12:00:00,2050/01/01 4:59:59
609601,6,500001,41104004,0,0,0,1,368,1,401,55,109601,1,0,1,50003,2023/07/10 12:00:00,2050/01/01 4:59:59
609602,6,600013,1104,0,0,0,10000000,369,1,402,55,109602,1,0,1,10001,2023/07/10 12:00:00,2050/01/01 4:59:59
609603,6,600013,1104,0,0,0,50000000,369,2,402,55,109603,1,0,1,10001,2023/07/10 12:00:00,2050/01/01 4:59:59
609604,6,600013,1104,0,0,0,100000000,369,3,402,55,109604,1,0,1,10001,2023/07/10 12:00:00,2050/01/01 4:59:59
609605,6,100056,1104,0,0,0,1,3775,1,403,55,109605,1,0,1,10001,2023/07/10 12:00:00,2050/01/01 4:59:59
609701,6,500001,41070004,0,0,0,1,370,1,404,55,109701,1,0,1,50003,2023/07/21 12:00:00,2050/01/01 4:59:59
609702,6,600013,1070,0,0,0,10000000,371,1,405,55,109702,1,0,1,10001,2023/07/21 12:00:00,2050/01/01 4:59:59
609703,6,600013,1070,0,0,0,50000000,371,2,405,55,109703,1,0,1,10001,2023/07/21 12:00:00,2050/01/01 4:59:59
609704,6,600013,1070,0,0,0,100000000,371,3,405,55,109704,1,0,1,10001,2023/07/21 12:00:00,2050/01/01 4:59:59
609705,6,100056,1070,0,0,0,1,3875,1,406,55,109705,1,0,1,10001,2023/07/21 12:00:00,2050/01/01 4:59:59
609801,6,500001,41077004,0,0,0,1,372,1,407,55,109801,1,0,1,50003,2023/08/24 12:00:00,2050/01/01 4:59:59
609802,6,600013,1077,0,0,0,10000000,373,1,408,55,109802,1,0,1,10001,2023/08/24 12:00:00,2050/01/01 4:59:59
609803,6,600013,1077,0,0,0,50000000,373,2,408,55,109803,1,0,1,10001,2023/08/24 12:00:00,2050/01/01 4:59:59
609804,6,600013,1077,0,0,0,100000000,373,3,408,55,109804,1,0,1,10001,2023/08/24 12:00:00,2050/01/01 4:59:59
609805,6,100056,1077,0,0,0,1,3975,1,409,55,109805,1,0,1,10001,2023/08/24 12:00:00,2050/01/01 4:59:59
609901,6,500001,41093004,0,0,0,1,374,1,410,55,109901,1,0,1,50003,2023/09/20 12:00:00,2050/01/01 4:59:59
609902,6,600013,1093,0,0,0,10000000,375,1,411,55,109902,1,0,1,10001,2023/09/20 12:00:00,2050/01/01 4:59:59
609903,6,600013,1093,0,0,0,50000000,375,2,411,55,109903,1,0,1,10001,2023/09/20 12:00:00,2050/01/01 4:59:59
609904,6,600013,1093,0,0,0,100000000,375,3,411,55,109904,1,0,1,10001,2023/09/20 12:00:00,2050/01/01 4:59:59
609905,6,100056,1093,0,0,0,1,4075,1,412,55,109905,1,0,1,10001,2023/09/20 12:00:00,2050/01/01 4:59:59
610001,6,500001,41086004,0,0,0,1,376,1,413,55,110001,1,0,1,50003,2023/10/19 12:00:00,2050/01/01 4:59:59
610002,6,600013,1086,0,0,0,10000000,377,1,414,55,110002,1,0,1,10001,2023/10/19 12:00:00,2050/01/01 4:59:59
610003,6,600013,1086,0,0,0,50000000,377,2,414,55,110003,1,0,1,10001,2023/10/19 12:00:00,2050/01/01 4:59:59
610004,6,600013,1086,0,0,0,100000000,377,3,414,55,110004,1,0,1,10001,2023/10/19 12:00:00,2050/01/01 4:59:59
610005,6,100056,1086,0,0,0,1,4175,1,415,55,110005,1,0,1,10001,2023/10/19 12:00:00,2050/01/01 4:59:59
610101,6,500001,41107004,0,0,0,1,378,1,416,55,110101,1,0,1,50003,2023/11/20 12:00:00,2050/01/01 4:59:59
610102,6,600013,1107,0,0,0,10000000,379,1,417,55,110102,1,0,1,10001,2023/11/20 12:00:00,2050/01/01 4:59:59
610103,6,600013,1107,0,0,0,50000000,379,2,417,55,110103,1,0,1,10001,2023/11/20 12:00:00,2050/01/01 4:59:59
610104,6,600013,1107,0,0,0,100000000,379,3,417,55,110104,1,0,1,10001,2023/11/20 12:00:00,2050/01/01 4:59:59
610105,6,100056,1107,0,0,0,1,4275,1,418,55,110105,1,0,1,10001,2023/11/20 12:00:00,2050/01/01 4:59:59
610201,6,500001,41088004,0,0,0,1,380,1,419,55,110201,1,0,1,50003,2023/12/11 12:00:00,2050/01/01 4:59:59
610202,6,600013,1088,0,0,0,10000000,381,1,420,55,110202,1,0,1,10001,2023/12/11 12:00:00,2050/01/01 4:59:59
610203,6,600013,1088,0,0,0,50000000,381,2,420,55,110203,1,0,1,10001,2023/12/11 12:00:00,2050/01/01 4:59:59
610204,6,600013,1088,0,0,0,100000000,381,3,420,55,110204,1,0,1,10001,2023/12/11 12:00:00,2050/01/01 4:59:59
610205,6,100056,1088,0,0,0,1,4375,1,421,55,110205,1,0,1,10001,2023/12/11 12:00:00,2050/01/01 4:59:59
610301,6,500001,41089004,0,0,0,1,382,1,422,55,110301,1,0,1,50003,2023/12/20 12:00:00,2050/01/01 4:59:59
610302,6,600013,1089,0,0,0,10000000,383,1,423,55,110302,1,0,1,10001,2023/12/20 12:00:00,2050/01/01 4:59:59
610303,6,600013,1089,0,0,0,50000000,383,2,423,55,110303,1,0,1,10001,2023/12/20 12:00:00,2050/01/01 4:59:59
610304,6,600013,1089,0,0,0,100000000,383,3,423,55,110304,1,0,1,10001,2023/12/20 12:00:00,2050/01/01 4:59:59
610305,6,100056,1089,0,0,0,1,4475,1,424,55,110305,1,0,1,10001,2023/12/20 12:00:00,2050/01/01 4:59:59
610401,6,500001,41091004,0,0,0,1,384,1,425,55,110401,1,0,1,50003,2024/01/19 12:00:00,2050/01/01 4:59:59
610402,6,600013,1091,0,0,0,10000000,385,1,426,55,110402,1,0,1,10001,2024/01/19 12:00:00,2050/01/01 4:59:59
610403,6,600013,1091,0,0,0,50000000,385,2,426,55,110403,1,0,1,10001,2024/01/19 12:00:00,2050/01/01 4:59:59
610404,6,600013,1091,0,0,0,100000000,385,3,426,55,110404,1,0,1,10001,2024/01/19 12:00:00,2050/01/01 4:59:59
610405,6,100056,1091,0,0,0,1,4575,1,427,55,110405,1,0,1,10001,2024/01/19 12:00:00,2050/01/01 4:59:59
610501,6,500001,41054004,0,0,0,1,386,1,428,55,110501,1,0,1,50003,2024/02/14 12:00:00,2050/01/01 4:59:59
610502,6,600013,1054,0,0,0,10000000,387,1,429,55,110502,1,0,1,10001,2024/02/14 12:00:00,2050/01/01 4:59:59
610503,6,600013,1054,0,0,0,50000000,387,2,429,55,110503,1,0,1,10001,2024/02/14 12:00:00,2050/01/01 4:59:59
610504,6,600013,1054,0,0,0,100000000,387,3,429,55,110504,1,0,1,10001,2024/02/14 12:00:00,2050/01/01 4:59:59
610505,6,100056,1054,0,0,0,1,4675,1,430,55,110505,1,0,1,10001,2024/02/14 12:00:00,2050/01/01 4:59:59
610601,6,500001,41108004,0,0,0,1,388,1,431,55,110601,1,0,1,50003,2024/02/24 12:00:00,2050/01/01 4:59:59
610602,6,600013,1108,0,0,0,10000000,389,1,432,55,110602,1,0,1,10001,2024/02/24 12:00:00,2050/01/01 4:59:59
610603,6,600013,1108,0,0,0,50000000,389,2,432,55,110603,1,0,1,10001,2024/02/24 12:00:00,2050/01/01 4:59:59
610604,6,600013,1108,0,0,0,100000000,389,3,432,55,110604,1,0,1,10001,2024/02/24 12:00:00,2050/01/01 4:59:59
610605,6,100056,1108,0,0,0,1,4775,1,433,55,110605,1,0,1,10001,2024/02/24 12:00:00,2050/01/01 4:59:59
610701,6,500001,41063004,0,0,0,1,390,1,434,55,110701,1,0,1,50003,2024/02/24 12:00:00,2050/01/01 4:59:59
610702,6,600013,1063,0,0,0,10000000,391,1,435,55,110702,1,0,1,10001,2024/02/24 12:00:00,2050/01/01 4:59:59
610703,6,600013,1063,0,0,0,50000000,391,2,435,55,110703,1,0,1,10001,2024/02/24 12:00:00,2050/01/01 4:59:59
610704,6,600013,1063,0,0,0,100000000,391,3,435,55,110704,1,0,1,10001,2024/02/24 12:00:00,2050/01/01 4:59:59
610705,6,100056,1063,0,0,0,1,4875,1,436,55,110705,1,0,1,10001,2024/02/24 12:00:00,2050/01/01 4:59:59
610801,6,500001,41080004,0,0,0,1,392,1,437,55,110801,1,0,1,50003,2024/03/12 12:00:00,2050/01/01 4:59:59
610802,6,600013,1080,0,0,0,10000000,393,1,438,55,110802,1,0,1,10001,2024/03/12 12:00:00,2050/01/01 4:59:59
610803,6,600013,1080,0,0,0,50000000,393,2,438,55,110803,1,0,1,10001,2024/03/12 12:00:00,2050/01/01 4:59:59
610804,6,600013,1080,0,0,0,100000000,393,3,438,55,110804,1,0,1,10001,2024/03/12 12:00:00,2050/01/01 4:59:59
610805,6,100056,1080,0,0,0,1,4975,1,439,55,110805,1,0,1,10001,2024/03/12 12:00:00,2050/01/01 4:59:59
610901,6,500001,41109004,0,0,0,1,394,1,440,55,110901,1,0,1,50003,2024/03/21 12:00:00,2050/01/01 4:59:59
610902,6,600013,1109,0,0,0,10000000,395,1,441,55,110902,1,0,1,10001,2024/03/21 12:00:00,2050/01/01 4:59:59
610903,6,600013,1109,0,0,0,50000000,395,2,441,55,110903,1,0,1,10001,2024/03/21 12:00:00,2050/01/01 4:59:59
610904,6,600013,1109,0,0,0,100000000,395,3,441,55,110904,1,0,1,10001,2024/03/21 12:00:00,2050/01/01 4:59:59
610905,6,100056,1109,0,0,0,1,5075,1,442,55,110905,1,0,1,10001,2024/03/21 12:00:00,2050/01/01 4:59:59
611001,6,500001,41102004,0,0,0,1,396,1,443,55,111001,1,0,1,50003,2024/04/19 12:00:00,2050/01/01 4:59:59
611002,6,600013,1102,0,0,0,10000000,397,1,444,55,111002,1,0,1,10001,2024/04/19 12:00:00,2050/01/01 4:59:59
611003,6,600013,1102,0,0,0,50000000,397,2,444,55,111003,1,0,1,10001,2024/04/19 12:00:00,2050/01/01 4:59:59
611004,6,600013,1102,0,0,0,100000000,397,3,444,55,111004,1,0,1,10001,2024/04/19 12:00:00,2050/01/01 4:59:59
611005,6,100056,1102,0,0,0,1,5175,1,445,55,111005,1,0,1,10001,2024/04/19 12:00:00,2050/01/01 4:59:59
611101,6,500001,41082004,0,0,0,1,398,1,446,55,111101,1,0,1,50003,2024/05/20 12:00:00,2050/01/01 4:59:59
611102,6,600013,1082,0,0,0,10000000,399,1,447,55,111102,1,0,1,10001,2024/05/20 12:00:00,2050/01/01 4:59:59
611103,6,600013,1082,0,0,0,50000000,399,2,447,55,111103,1,0,1,10001,2024/05/20 12:00:00,2050/01/01 4:59:59
611104,6,600013,1082,0,0,0,100000000,399,3,447,55,111104,1,0,1,10001,2024/05/20 12:00:00,2050/01/01 4:59:59
611105,6,100056,1082,0,0,0,1,5275,1,448,55,111105,1,0,1,10001,2024/05/20 12:00:00,2050/01/01 4:59:59
611201,6,500001,41094004,0,0,0,1,400,1,449,55,111201,1,0,1,50003,2024/06/13 12:00:00,2050/01/01 4:59:59
611202,6,600013,1094,0,0,0,10000000,401,1,450,55,111202,1,0,1,10001,2024/06/13 12:00:00,2050/01/01 4:59:59
611203,6,600013,1094,0,0,0,50000000,401,2,450,55,111203,1,0,1,10001,2024/06/13 12:00:00,2050/01/01 4:59:59
611204,6,600013,1094,0,0,0,100000000,401,3,450,55,111204,1,0,1,10001,2024/06/13 12:00:00,2050/01/01 4:59:59
611205,6,100056,1094,0,0,0,1,5375,1,451,55,111205,1,0,1,10001,2024/06/13 12:00:00,2050/01/01 4:59:59
611301,6,500001,41119004,0,0,0,1,402,1,452,55,111301,1,0,1,50003,2024/06/26 12:00:00,2050/01/01 4:59:59
611302,6,600013,1119,0,0,0,10000000,403,1,453,55,111302,1,0,1,10001,2024/06/26 12:00:00,2050/01/01 4:59:59
611303,6,600013,1119,0,0,0,50000000,403,2,453,55,111303,1,0,1,10001,2024/06/26 12:00:00,2050/01/01 4:59:59
611304,6,600013,1119,0,0,0,100000000,403,3,453,55,111304,1,0,1,10001,2024/06/26 12:00:00,2050/01/01 4:59:59
611305,6,100056,1119,0,0,0,1,5475,1,454,55,111305,1,0,1,10001,2024/06/26 12:00:00,2050/01/01 4:59:59
611401,6,500001,41120004,0,0,0,1,404,1,455,55,111401,1,0,1,50003,2024/07/19 12:00:00,2050/01/01 4:59:59
611402,6,600013,1120,0,0,0,10000000,405,1,456,55,111402,1,0,1,10001,2024/07/19 12:00:00,2050/01/01 4:59:59
611403,6,600013,1120,0,0,0,50000000,405,2,456,55,111403,1,0,1,10001,2024/07/19 12:00:00,2050/01/01 4:59:59
611404,6,600013,1120,0,0,0,100000000,405,3,456,55,111404,1,0,1,10001,2024/07/19 12:00:00,2050/01/01 4:59:59
611405,6,100056,1120,0,0,0,1,5575,1,457,55,111405,1,0,1,10001,2024/07/19 12:00:00,2050/01/01 4:59:59
611501,6,500001,41116004,0,0,0,1,406,1,458,55,111501,1,0,1,50003,2024/08/24 12:00:00,2050/01/01 4:59:59
611502,6,600013,1116,0,0,0,10000000,407,1,459,55,111502,1,0,1,10001,2024/08/24 12:00:00,2050/01/01 4:59:59
611503,6,600013,1116,0,0,0,50000000,407,2,459,55,111503,1,0,1,10001,2024/08/24 12:00:00,2050/01/01 4:59:59
611504,6,600013,1116,0,0,0,100000000,407,3,459,55,111504,1,0,1,10001,2024/08/24 12:00:00,2050/01/01 4:59:59
611505,6,100056,1116,0,0,0,1,5675,1,460,55,111505,1,0,1,10001,2024/08/24 12:00:00,2050/01/01 4:59:59
611601,6,500001,41110004,0,0,0,1,408,1,461,55,111601,1,0,1,50003,2024/09/10 12:00:00,2050/01/01 4:59:59
611602,6,600013,1110,0,0,0,10000000,409,1,462,55,111602,1,0,1,10001,2024/09/10 12:00:00,2050/01/01 4:59:59
611603,6,600013,1110,0,0,0,50000000,409,2,462,55,111603,1,0,1,10001,2024/09/10 12:00:00,2050/01/01 4:59:59
611604,6,600013,1110,0,0,0,100000000,409,3,462,55,111604,1,0,1,10001,2024/09/10 12:00:00,2050/01/01 4:59:59
611605,6,100056,1110,0,0,0,1,5775,1,463,55,111605,1,0,1,10001,2024/09/10 12:00:00,2050/01/01 4:59:59
611701,6,500001,41121004,0,0,0,1,410,1,464,55,111701,1,0,1,50003,2024/09/20 12:00:00,2050/01/01 4:59:59
611702,6,600013,1121,0,0,0,10000000,411,1,465,55,111702,1,0,1,10001,2024/09/20 12:00:00,2050/01/01 4:59:59
611703,6,600013,1121,0,0,0,50000000,411,2,465,55,111703,1,0,1,10001,2024/09/20 12:00:00,2050/01/01 4:59:59
611704,6,600013,1121,0,0,0,100000000,411,3,465,55,111704,1,0,1,10001,2024/09/20 12:00:00,2050/01/01 4:59:59
611705,6,100056,1121,0,0,0,1,5875,1,466,55,111705,1,0,1,10001,2024/09/20 12:00:00,2050/01/01 4:59:59
611801,6,500001,41124004,0,0,0,1,412,1,467,55,111801,1,0,1,50003,2024/10/11 12:00:00,2050/01/01 4:59:59
611802,6,600013,1124,0,0,0,10000000,413,1,468,55,111802,1,0,1,10001,2024/10/11 12:00:00,2050/01/01 4:59:59
611803,6,600013,1124,0,0,0,50000000,413,2,468,55,111803,1,0,1,10001,2024/10/11 12:00:00,2050/01/01 4:59:59
611804,6,600013,1124,0,0,0,100000000,413,3,468,55,111804,1,0,1,10001,2024/10/11 12:00:00,2050/01/01 4:59:59
611805,6,100056,1124,0,0,0,1,5975,1,469,55,111805,1,0,1,10001,2024/10/11 12:00:00,2050/01/01 4:59:59
611901,6,500001,41111004,0,0,0,1,414,1,470,55,111901,1,0,1,50003,2024/11/18 12:00:00,2050/01/01 4:59:59
611902,6,600013,1111,0,0,0,10000000,415,1,471,55,111902,1,0,1,10001,2024/11/18 12:00:00,2050/01/01 4:59:59
611903,6,600013,1111,0,0,0,50000000,415,2,471,55,111903,1,0,1,10001,2024/11/18 12:00:00,2050/01/01 4:59:59
611904,6,600013,1111,0,0,0,100000000,415,3,471,55,111904,1,0,1,10001,2024/11/18 12:00:00,2050/01/01 4:59:59
611905,6,100056,1111,0,0,0,1,6075,1,472,55,111905,1,0,1,10001,2024/11/18 12:00:00,2050/01/01 4:59:59
612001,6,500001,41117004,0,0,0,1,416,1,473,55,112001,1,0,1,50003,2024/12/10 12:00:00,2050/01/01 4:59:59
612002,6,600013,1117,0,0,0,10000000,417,1,474,55,112002,1,0,1,10001,2024/12/10 12:00:00,2050/01/01 4:59:59
612003,6,600013,1117,0,0,0,50000000,417,2,474,55,112003,1,0,1,10001,2024/12/10 12:00:00,2050/01/01 4:59:59
612004,6,600013,1117,0,0,0,100000000,417,3,474,55,112004,1,0,1,10001,2024/12/10 12:00:00,2050/01/01 4:59:59
612005,6,100056,1117,0,0,0,1,6175,1,475,55,112005,1,0,1,10001,2024/12/10 12:00:00,2050/01/01 4:59:59
612101,6,500001,41079004,0,0,0,1,418,1,476,55,112101,1,0,1,50003,2025/01/20 12:00:00,2050/01/01 4:59:59
612102,6,600013,1079,0,0,0,10000000,419,1,477,55,112102,1,0,1,10001,2025/01/20 12:00:00,2050/01/01 4:59:59
612103,6,600013,1079,0,0,0,50000000,419,2,477,55,112103,1,0,1,10001,2025/01/20 12:00:00,2050/01/01 4:59:59
612104,6,600013,1079,0,0,0,100000000,419,3,477,55,112104,1,0,1,10001,2025/01/20 12:00:00,2050/01/01 4:59:59
612105,6,100056,1079,0,0,0,1,6275,1,478,55,112105,1,0,1,10001,2025/01/20 12:00:00,2050/01/01 4:59:59
612201,6,500001,41073004,0,0,0,1,420,1,479,55,112201,1,0,1,50003,2025/02/14 12:00:00,2050/01/01 4:59:59
612202,6,600013,1073,0,0,0,10000000,421,1,480,55,112202,1,0,1,10001,2025/02/14 12:00:00,2050/01/01 4:59:59
612203,6,600013,1073,0,0,0,50000000,421,2,480,55,112203,1,0,1,10001,2025/02/14 12:00:00,2050/01/01 4:59:59
612204,6,600013,1073,0,0,0,100000000,421,3,480,55,112204,1,0,1,10001,2025/02/14 12:00:00,2050/01/01 4:59:59
612205,6,100056,1073,0,0,0,1,6375,1,481,55,112205,1,0,1,10001,2025/02/14 12:00:00,2050/01/01 4:59:59
612301,6,500001,41115004,0,0,0,1,422,1,482,55,112301,1,0,1,50003,2025/02/24 12:00:00,2050/01/01 4:59:59
612302,6,600013,1115,0,0,0,10000000,423,1,483,55,112302,1,0,1,10001,2025/02/24 12:00:00,2050/01/01 4:59:59
612303,6,600013,1115,0,0,0,50000000,423,2,483,55,112303,1,0,1,10001,2025/02/24 12:00:00,2050/01/01 4:59:59
612304,6,600013,1115,0,0,0,100000000,423,3,483,55,112304,1,0,1,10001,2025/02/24 12:00:00,2050/01/01 4:59:59
612305,6,100056,1115,0,0,0,1,6475,1,484,55,112305,1,0,1,10001,2025/02/24 12:00:00,2050/01/01 4:59:59
612401,6,500001,41131004,0,0,0,1,424,1,485,55,112401,1,0,1,50003,2025/03/11 12:00:00,2050/01/01 4:59:59
612402,6,600013,1131,0,0,0,10000000,425,1,486,55,112402,1,0,1,10001,2025/03/11 12:00:00,2050/01/01 4:59:59
612403,6,600013,1131,0,0,0,50000000,425,2,486,55,112403,1,0,1,10001,2025/03/11 12:00:00,2050/01/01 4:59:59
612404,6,600013,1131,0,0,0,100000000,425,3,486,55,112404,1,0,1,10001,2025/03/11 12:00:00,2050/01/01 4:59:59
612405,6,100056,1131,0,0,0,1,6575,1,487,55,112405,1,0,1,10001,2025/03/11 12:00:00,2050/01/01 4:59:59
612501,6,500001,41096004,0,0,0,1,426,1,488,55,112501,1,0,1,50003,2025/03/21 12:00:00,2050/01/01 4:59:59
612502,6,600013,1096,0,0,0,10000000,427,1,489,55,112502,1,0,1,10001,2025/03/21 12:00:00,2050/01/01 4:59:59
612503,6,600013,1096,0,0,0,50000000,427,2,489,55,112503,1,0,1,10001,2025/03/21 12:00:00,2050/01/01 4:59:59
612504,6,600013,1096,0,0,0,100000000,427,3,489,55,112504,1,0,1,10001,2025/03/21 12:00:00,2050/01/01 4:59:59
612505,6,100056,1096,0,0,0,1,6675,1,490,55,112505,1,0,1,10001,2025/03/21 12:00:00,2050/01/01 4:59:59
612601,6,500001,41127004,0,0,0,1,428,1,491,55,112601,1,0,1,50003,2025/04/21 12:00:00,2050/01/01 4:59:59
612602,6,600013,1127,0,0,0,10000000,429,1,492,55,112602,1,0,1,10001,2025/04/21 12:00:00,2050/01/01 4:59:59
612603,6,600013,1127,0,0,0,50000000,429,2,492,55,112603,1,0,1,10001,2025/04/21 12:00:00,2050/01/01 4:59:59
612604,6,600013,1127,0,0,0,100000000,429,3,492,55,112604,1,0,1,10001,2025/04/21 12:00:00,2050/01/01 4:59:59
612605,6,100056,1127,0,0,0,1,6775,1,493,55,112605,1,0,1,10001,2025/04/21 12:00:00,2050/01/01 4:59:59
612701,6,500001,41090004,0,0,0,1,430,1,494,55,112701,1,0,1,50003,2025/05/12 12:00:00,2050/01/01 4:59:59
612702,6,600013,1090,0,0,0,10000000,431,1,495,55,112702,1,0,1,10001,2025/05/12 12:00:00,2050/01/01 4:59:59
612703,6,600013,1090,0,0,0,50000000,431,2,495,55,112703,1,0,1,10001,2025/05/12 12:00:00,2050/01/01 4:59:59
612704,6,600013,1090,0,0,0,100000000,431,3,495,55,112704,1,0,1,10001,2025/05/12 12:00:00,2050/01/01 4:59:59
612705,6,100056,1090,0,0,0,1,6875,1,496,55,112705,1,0,1,10001,2025/05/12 12:00:00,2050/01/01 4:59:59
612801,6,500001,41132004,0,0,0,1,432,1,497,55,112801,1,0,1,50003,2025/05/21 12:00:00,2050/01/01 4:59:59
612802,6,600013,1132,0,0,0,10000000,433,1,498,55,112802,1,0,1,10001,2025/05/21 12:00:00,2050/01/01 4:59:59
612803,6,600013,1132,0,0,0,50000000,433,2,498,55,112803,1,0,1,10001,2025/05/21 12:00:00,2050/01/01 4:59:59
612804,6,600013,1132,0,0,0,100000000,433,3,498,55,112804,1,0,1,10001,2025/05/21 12:00:00,2050/01/01 4:59:59
612805,6,100056,1132,0,0,0,1,6975,1,499,55,112805,1,0,1,10001,2025/05/21 12:00:00,2050/01/01 4:59:59
612901,6,500001,41133004,0,0,0,1,434,1,500,55,112901,1,0,1,50003,2025/06/13 12:00:00,2050/01/01 4:59:59
612902,6,600013,1133,0,0,0,10000000,435,1,501,55,112902,1,0,1,10001,2025/06/13 12:00:00,2050/01/01 4:59:59
612903,6,600013,1133,0,0,0,50000000,435,2,501,55,112903,1,0,1,10001,2025/06/13 12:00:00,2050/01/01 4:59:59
612904,6,600013,1133,0,0,0,100000000,435,3,501,55,112904,1,0,1,10001,2025/06/13 12:00:00,2050/01/01 4:59:59
612905,6,100056,1133,0,0,0,1,7075,1,502,55,112905,1,0,1,10001,2025/06/13 12:00:00,2050/01/01 4:59:59
613001,6,500001,41113004,0,0,0,1,436,1,503,55,113001,1,0,1,50003,2025/07/22 12:00:00,2050/01/01 4:59:59
613002,6,600013,1113,0,0,0,10000000,437,1,504,55,113002,1,0,1,10001,2025/07/22 12:00:00,2050/01/01 4:59:59
613003,6,600013,1113,0,0,0,50000000,437,2,504,55,113003,1,0,1,10001,2025/07/22 12:00:00,2050/01/01 4:59:59
613004,6,600013,1113,0,0,0,100000000,437,3,504,55,113004,1,0,1,10001,2025/07/22 12:00:00,2050/01/01 4:59:59
613005,6,100056,1113,0,0,0,1,7175,1,505,55,113005,1,0,1,10001,2025/07/22 12:00:00,2050/01/01 4:59:59
613101,6,500001,41097004,0,0,0,1,438,1,506,55,113101,1,0,1,50003,2025/08/24 12:00:00,2050/01/01 4:59:59
613102,6,600013,1097,0,0,0,10000000,439,1,507,55,113102,1,0,1,10001,2025/08/24 12:00:00,2050/01/01 4:59:59
613103,6,600013,1097,0,0,0,50000000,439,2,507,55,113103,1,0,1,10001,2025/08/24 12:00:00,2050/01/01 4:59:59
613104,6,600013,1097,0,0,0,100000000,439,3,507,55,113104,1,0,1,10001,2025/08/24 12:00:00,2050/01/01 4:59:59
613105,6,100056,1097,0,0,0,1,7275,1,508,55,113105,1,0,1,10001,2025/08/24 12:00:00,2050/01/01 4:59:59
613201,6,500001,41081004,0,0,0,1,440,1,509,55,113201,1,0,1,50003,2025/09/09 12:00:00,2050/01/01 4:59:59
613202,6,600013,1081,0,0,0,10000000,441,1,510,55,113202,1,0,1,10001,2025/09/09 12:00:00,2050/01/01 4:59:59
613203,6,600013,1081,0,0,0,50000000,441,2,510,55,113203,1,0,1,10001,2025/09/09 12:00:00,2050/01/01 4:59:59
613204,6,600013,1081,0,0,0,100000000,441,3,510,55,113204,1,0,1,10001,2025/09/09 12:00:00,2050/01/01 4:59:59
613205,6,100056,1081,0,0,0,1,7375,1,511,55,113205,1,0,1,10001,2025/09/09 12:00:00,2050/01/01 4:59:59
613301,6,500001,41095004,0,0,0,1,442,1,512,55,113301,1,0,1,50003,2025/09/19 12:00:00,2050/01/01 4:59:59
613302,6,600013,1095,0,0,0,10000000,443,1,513,55,113302,1,0,1,10001,2025/09/19 12:00:00,2050/01/01 4:59:59
613303,6,600013,1095,0,0,0,50000000,443,2,513,55,113303,1,0,1,10001,2025/09/19 12:00:00,2050/01/01 4:59:59
613304,6,600013,1095,0,0,0,100000000,443,3,513,55,113304,1,0,1,10001,2025/09/19 12:00:00,2050/01/01 4:59:59
613305,6,100056,1095,0,0,0,1,7475,1,514,55,113305,1,0,1,10001,2025/09/19 12:00:00,2050/01/01 4:59:59
613401,6,500001,41092004,0,0,0,1,444,1,515,55,113401,1,0,1,50003,2025/10/18 21:00:00,2050/01/01 4:59:59
613402,6,600013,1092,0,0,0,10000000,445,1,516,55,113402,1,0,1,10001,2025/10/18 21:00:00,2050/01/01 4:59:59
613403,6,600013,1092,0,0,0,50000000,445,2,516,55,113403,1,0,1,10001,2025/10/18 21:00:00,2050/01/01 4:59:59
613404,6,600013,1092,0,0,0,100000000,445,3,516,55,113404,1,0,1,10001,2025/10/18 21:00:00,2050/01/01 4:59:59
613405,6,100056,1092,0,0,0,1,7575,1,517,55,113405,1,0,1,10001,2025/10/18 21:00:00,2050/01/01 4:59:59
613501,6,500001,41114004,0,0,0,1,446,1,518,55,113501,1,0,1,50003,2025/11/19 12:00:00,2050/01/01 4:59:59
613502,6,600013,1114,0,0,0,10000000,447,1,519,55,113502,1,0,1,10001,2025/11/19 12:00:00,2050/01/01 4:59:59
613503,6,600013,1114,0,0,0,50000000,447,2,519,55,113503,1,0,1,10001,2025/11/19 12:00:00,2050/01/01 4:59:59
613504,6,600013,1114,0,0,0,100000000,447,3,519,55,113504,1,0,1,10001,2025/11/19 12:00:00,2050/01/01 4:59:59
613505,6,100056,1114,0,0,0,1,7675,1,520,55,113505,1,0,1,10001,2025/11/19 12:00:00,2050/01/01 4:59:59
613601,6,500001,41135004,0,0,0,1,448,1,521,55,113601,1,0,1,50003,2025/12/21 22:10:00,2050/01/01 4:59:59
613602,6,600013,1135,0,0,0,10000000,449,1,522,55,113602,1,0,1,10001,2025/12/21 22:10:00,2050/01/01 4:59:59
613603,6,600013,1135,0,0,0,50000000,449,2,522,55,113603,1,0,1,10001,2025/12/21 22:10:00,2050/01/01 4:59:59
613604,6,600013,1135,0,0,0,100000000,449,3,522,55,113604,1,0,1,10001,2025/12/21 22:10:00,2050/01/01 4:59:59
613605,6,100056,1135,0,0,0,1,7775,1,523,55,113605,1,0,1,10001,2025/12/21 22:10:00,2050/01/01 4:59:59
613701,6,500001,41137004,0,0,0,1,450,1,524,55,113701,1,0,1,50003,2026/01/19 12:00:00,2050/01/01 4:59:59
613702,6,600013,1137,0,0,0,10000000,451,1,525,55,113702,1,0,1,10001,2026/01/19 12:00:00,2050/01/01 4:59:59
613703,6,600013,1137,0,0,0,50000000,451,2,525,55,113703,1,0,1,10001,2026/01/19 12:00:00,2050/01/01 4:59:59
613704,6,600013,1137,0,0,0,100000000,451,3,525,55,113704,1,0,1,10001,2026/01/19 12:00:00,2050/01/01 4:59:59
613705,6,100056,1137,0,0,0,1,7875,1,526,55,113705,1,0,1,10001,2026/01/19 12:00:00,2050/01/01 4:59:59
613801,6,500001,41103004,0,0,0,1,452,1,527,55,113801,1,0,1,50003,2026/02/14 12:00:00,2050/01/01 4:59:59
613802,6,600013,1103,0,0,0,10000000,453,1,528,55,113802,1,0,1,10001,2026/02/14 12:00:00,2050/01/01 4:59:59
613803,6,600013,1103,0,0,0,50000000,453,2,528,55,113803,1,0,1,10001,2026/02/14 12:00:00,2050/01/01 4:59:59
613804,6,600013,1103,0,0,0,100000000,453,3,528,55,113804,1,0,1,10001,2026/02/14 12:00:00,2050/01/01 4:59:59
613805,6,100056,1103,0,0,0,1,7975,1,529,55,113805,1,0,1,10001,2026/02/14 12:00:00,2050/01/01 4:59:59
613901,6,500001,41129004,0,0,0,1,454,1,530,55,113901,1,0,1,50003,2026/02/24 12:00:00,2050/01/01 4:59:59
613902,6,600013,1129,0,0,0,10000000,455,1,531,55,113902,1,0,1,10001,2026/02/24 12:00:00,2050/01/01 4:59:59
613903,6,600013,1129,0,0,0,50000000,455,2,531,55,113903,1,0,1,10001,2026/02/24 12:00:00,2050/01/01 4:59:59
613904,6,600013,1129,0,0,0,100000000,455,3,531,55,113904,1,0,1,10001,2026/02/24 12:00:00,2050/01/01 4:59:59
613905,6,100056,1129,0,0,0,1,8075,1,532,55,113905,1,0,1,10001,2026/02/24 12:00:00,2050/01/01 4:59:59
614001,6,500001,41143004,0,0,0,1,456,1,533,55,114001,1,0,1,50003,2026/03/19 12:00:00,2050/01/01 4:59:59
614002,6,600013,1143,0,0,0,10000000,457,1,534,55,114002,1,0,1,10001,2026/03/19 12:00:00,2050/01/01 4:59:59
614003,6,600013,1143,0,0,0,50000000,457,2,534,55,114003,1,0,1,10001,2026/03/19 12:00:00,2050/01/01 4:59:59
614004,6,600013,1143,0,0,0,100000000,457,3,534,55,114004,1,0,1,10001,2026/03/19 12:00:00,2050/01/01 4:59:59
614005,6,100056,1143,0,0,0,1,8175,1,535,55,114005,1,0,1,10001,2026/03/19 12:00:00,2050/01/01 4:59:59
614101,6,500001,41130004,0,0,0,1,458,1,536,55,114101,1,0,1,50003,2026/04/10 12:00:00,2050/01/01 4:59:59
614102,6,600013,1130,0,0,0,10000000,459,1,537,55,114102,1,0,1,10001,2026/04/10 12:00:00,2050/01/01 4:59:59
614103,6,600013,1130,0,0,0,50000000,459,2,537,55,114103,1,0,1,10001,2026/04/10 12:00:00,2050/01/01 4:59:59
614104,6,600013,1130,0,0,0,100000000,459,3,537,55,114104,1,0,1,10001,2026/04/10 12:00:00,2050/01/01 4:59:59
614105,6,100056,1130,0,0,0,1,8275,1,538,55,114105,1,0,1,10001,2026/04/10 12:00:00,2050/01/01 4:59:59
614201,6,500001,41118004,0,0,0,1,460,1,539,55,114201,1,0,1,50003,2026/04/20 12:00:00,2050/01/01 4:59:59
614202,6,600013,1118,0,0,0,10000000,461,1,540,55,114202,1,0,1,10001,2026/04/20 12:00:00,2050/01/01 4:59:59
614203,6,600013,1118,0,0,0,50000000,461,2,540,55,114203,1,0,1,10001,2026/04/20 12:00:00,2050/01/01 4:59:59
614204,6,600013,1118,0,0,0,100000000,461,3,540,55,114204,1,0,1,10001,2026/04/20 12:00:00,2050/01/01 4:59:59
614205,6,100056,1118,0,0,0,1,8375,1,541,55,114205,1,0,1,10001,2026/04/20 12:00:00,2050/01/01 4:59:59
614301,6,500001,41112004,0,0,0,1,462,1,542,55,114301,1,0,1,50003,2026/05/11 12:00:00,2050/01/01 4:59:59
614302,6,600013,1112,0,0,0,10000000,463,1,543,55,114302,1,0,1,10001,2026/05/11 12:00:00,2050/01/01 4:59:59
614303,6,600013,1112,0,0,0,50000000,463,2,543,55,114303,1,0,1,10001,2026/05/11 12:00:00,2050/01/01 4:59:59
614304,6,600013,1112,0,0,0,100000000,463,3,543,55,114304,1,0,1,10001,2026/05/11 12:00:00,2050/01/01 4:59:59
614305,6,100056,1112,0,0,0,1,8475,1,544,55,114305,1,0,1,10001,2026/05/11 12:00:00,2050/01/01 4:59:59
614401,6,500001,41136004,0,0,0,1,464,1,545,55,114401,1,0,1,50003,2026/05/20 12:00:00,2050/01/01 4:59:59
614402,6,600013,1136,0,0,0,10000000,465,1,546,55,114402,1,0,1,10001,2026/05/20 12:00:00,2050/01/01 4:59:59
614403,6,600013,1136,0,0,0,50000000,465,2,546,55,114403,1,0,1,10001,2026/05/20 12:00:00,2050/01/01 4:59:59
614404,6,600013,1136,0,0,0,100000000,465,3,546,55,114404,1,0,1,10001,2026/05/20 12:00:00,2050/01/01 4:59:59
614405,6,100056,1136,0,0,0,1,8575,1,547,55,114405,1,0,1,10001,2026/05/20 12:00:00,2050/01/01 4:59:59
614501,6,500001,41134004,0,0,0,1,466,1,548,55,114501,1,0,1,50003,2026/06/15 12:00:00,2050/01/01 4:59:59
614502,6,600013,1134,0,0,0,10000000,467,1,549,55,114502,1,0,1,10001,2026/06/15 12:00:00,2050/01/01 4:59:59
614503,6,600013,1134,0,0,0,50000000,467,2,549,55,114503,1,0,1,10001,2026/06/15 12:00:00,2050/01/01 4:59:59
614504,6,600013,1134,0,0,0,100000000,467,3,549,55,114504,1,0,1,10001,2026/06/15 12:00:00,2050/01/01 4:59:59
614505,6,100056,1134,0,0,0,1,8675,1,550,55,114505,1,0,1,10001,2026/06/15 12:00:00,2050/01/01 4:59:59
900002,3,600019,900001,0,0,0,1,830,1,830,90,43,100,0,1,9999,2021/02/24 5:00:00,2050/01/01 4:59:59
900003,3,600019,900024,0,0,0,1,831,1,831,90,43,100,0,1,9999,2022/11/17 12:00:00,2050/01/01 4:59:59
1000001,4,100028,1009,5000,0,0,1,5001,1,202,91,59,30000,4,1,10001,2021/02/24 5:00:00,2050/12/31 4:59:59
1000002,4,100025,100401,3,0,0,1,5002,1,203,11,4,10,4,1,10001,2021/02/24 5:00:00,2050/12/31 4:59:59
1000003,4,100025,101401,3,0,0,1,5003,1,204,20,32,2,4,1,10001,2021/02/24 5:00:00,2050/12/31 4:59:59
1000004,4,300004,0,0,0,0,1,5004,1,205,34,95,5,4,1,30001,2021/02/24 5:00:00,2050/12/31 4:59:59
1000005,4,900003,1000001,1000002,1000003,1000004,4,5005,1,206,102,100301,5,4,1,0,2021/02/24 5:00:00,2050/12/31 4:59:59
1000006,4,100028,1008,5000,0,0,1,5006,1,207,91,59,30000,4,1,10001,2021/02/25 5:00:00,2050/12/31 4:59:59
1000007,4,100025,101001,3,0,0,1,5007,1,208,11,7,10,4,1,10001,2021/02/25 5:00:00,2050/12/31 4:59:59
1000008,4,100025,100801,3,0,0,1,5008,1,209,34,95,5,4,1,10001,2021/02/25 5:00:00,2050/12/31 4:59:59
1000009,4,100017,0,0,0,0,5,5009,1,210,20,32,2,4,1,10001,2021/02/25 5:00:00,2050/12/31 4:59:59
1000010,4,900003,1000006,1000007,1000008,1000009,4,5010,1,211,102,100301,5,4,1,0,2021/02/25 5:00:00,2050/12/31 4:59:59
1000011,4,100028,1007,5000,0,0,1,5011,1,212,91,59,30000,4,1,10001,2021/02/26 5:00:00,2050/12/31 4:59:59
1000012,4,100025,100501,3,0,0,1,5012,1,213,20,32,2,4,1,10001,2021/02/26 5:00:00,2050/12/31 4:59:59
1000013,4,100025,100601,3,0,0,1,5013,1,214,11,10,10,4,1,10001,2021/02/26 5:00:00,2050/12/31 4:59:59
1000014,4,100015,0,0,0,0,10,5014,1,215,34,95,5,4,1,10001,2021/02/26 5:00:00,2050/12/31 4:59:59
1000015,4,900003,1000011,1000012,1000013,1000014,4,5015,1,216,102,100301,5,4,1,0,2021/02/26 5:00:00,2050/12/31 4:59:59
1000016,4,100028,1052,5000,0,0,1,5016,1,217,91,59,30000,4,1,10001,2021/02/27 5:00:00,2050/12/31 4:59:59
1000017,4,100025,300801,3,0,0,1,5017,1,218,11,13,10,4,1,10001,2021/02/27 5:00:00,2050/12/31 4:59:59
1000018,4,100025,100101,3,0,0,1,5018,1,219,34,95,5,4,1,10001,2021/02/27 5:00:00,2050/12/31 4:59:59
1000019,4,100016,0,0,0,0,5,5019,1,220,20,32,2,4,1,10001,2021/02/27 5:00:00,2050/12/31 4:59:59
1000020,4,900003,1000016,1000017,1000018,1000019,4,5020,1,221,102,100301,5,4,1,0,2021/02/27 5:00:00,2050/12/31 4:59:59
1000021,4,100028,1041,5000,0,0,1,5021,1,222,91,59,30000,4,1,10001,2021/02/28 5:00:00,2050/12/31 4:59:59
1000022,4,100025,101301,3,0,0,1,5022,1,223,11,1,10,4,1,10001,2021/02/28 5:00:00,2050/12/31 4:59:59
1000023,4,100025,100201,3,0,0,1,5023,1,224,20,32,2,4,1,10001,2021/02/28 5:00:00,2050/12/31 4:59:59
1000024,4,100004,9,0,0,0,1,5024,1,225,34,95,5,4,1,10001,2021/02/28 5:00:00,2050/12/31 4:59:59
1000025,4,900003,1000021,1000022,1000023,1000024,4,5025,1,226,102,100301,5,4,1,0,2021/02/28 5:00:00,2050/12/31 4:59:59
1000026,4,100028,0,20000,0,0,1,5026,1,227,91,59,30000,4,1,10001,2021/03/01 5:00:00,2050/12/31 4:59:59
1000027,4,100023,3,0,0,0,1,5027,1,228,90,43,100,4,1,10001,2021/03/01 5:00:00,2050/12/31 4:59:59
1000028,4,100008,10006,0,0,0,10,5028,1,229,20,32,2,4,1,10001,2021/03/01 5:00:00,2050/12/31 4:59:59
1000029,4,100026,10001,18,0,0,1,5029,1,230,34,95,5,4,1,10001,2021/03/01 5:00:00,2050/12/31 4:59:59
1000030,4,900003,1000026,1000027,1000028,1000029,4,5030,1,231,102,100301,5,4,1,0,2021/03/01 5:00:00,2050/12/31 4:59:59
1000031,4,100028,0,50000,0,0,1,5031,1,232,91,59,30000,4,1,10001,2021/03/02 5:00:00,2050/12/31 4:59:59
1000032,4,100009,0,0,0,0,1,5032,1,233,40,136,1,4,1,10001,2021/03/02 5:00:00,2050/12/31 4:59:59
1000033,4,100008,10005,0,0,0,10,5033,1,234,34,95,5,4,1,10001,2021/03/02 5:00:00,2050/12/31 4:59:59
1000034,4,100026,10003,18,0,0,1,5034,1,235,93,44,1,4,1,10001,2021/03/02 5:00:00,2050/12/31 4:59:59
1000035,4,900003,1000031,1000032,1000033,1000034,4,5035,1,236,102,100301,5,4,1,0,2021/03/02 5:00:00,2050/12/31 4:59:59
1000036,4,900001,4,0,0,0,35,5000,1,201,40,113,1,4,1,0,2021/02/24 5:00:00,2050/12/31 4:59:59
1000037,4,300006,2,0,0,0,1,5037,1,102,91,59,30000,5,1,20001,2021/03/11 12:00:00,2050/12/31 4:59:59
1000038,4,200013,1,0,0,0,15,5038,1,103,34,95,5,5,1,20001,2021/03/11 12:00:00,2050/12/31 4:59:59
1000039,4,200005,0,0,0,0,5,5039,1,104,20,32,2,5,1,20001,2021/03/11 12:00:00,2050/12/31 4:59:59
1000040,4,200008,0,0,0,0,3,5040,1,105,21,34,2,5,1,20003,2021/03/11 12:00:00,2050/12/31 4:59:59
1000041,4,900003,1000037,1000038,1000039,1000040,4,5041,1,106,102,101301,5,5,1,0,2021/03/11 12:00:00,2050/12/31 4:59:59
1000042,4,200014,0,0,0,0,200000,5042,1,107,91,59,30000,5,1,20001,2021/03/12 5:00:00,2050/12/31 4:59:59
1000043,4,200006,0,0,0,0,1,5043,1,108,20,32,2,5,1,20001,2021/03/12 5:00:00,2050/12/31 4:59:59
1000044,4,200017,1,0,0,0,3,5044,1,109,150,116,5,5,1,20001,2021/03/12 5:00:00,2050/12/31 4:59:59
1000045,4,200018,7,0,0,0,1,5045,1,110,21,34,2,5,1,20003,2021/03/12 5:00:00,2050/12/31 4:59:59
1000046,4,900003,1000042,1000043,1000044,1000045,4,5046,1,111,102,101301,5,5,1,0,2021/03/12 5:00:00,2050/12/31 4:59:59
1000047,4,200013,2,0,0,0,1000,5047,1,112,91,59,30000,5,1,20001,2021/03/13 5:00:00,2050/12/31 4:59:59
1000048,4,200003,0,0,0,0,3,5048,1,113,34,95,5,5,1,20003,2021/03/13 5:00:00,2050/12/31 4:59:59
1000049,4,200017,2,0,0,0,3,5049,1,114,150,117,5,5,1,20001,2021/03/13 5:00:00,2050/12/31 4:59:59
1000050,4,200018,1,0,0,0,1,5050,1,115,21,34,2,5,1,20003,2021/03/13 5:00:00,2050/12/31 4:59:59
1000051,4,900003,1000047,1000048,1000049,1000050,4,5051,1,116,102,101301,5,5,1,0,2021/03/13 5:00:00,2050/12/31 4:59:59
1000052,4,300006,4,0,0,0,1,5052,1,117,91,59,30000,5,1,20001,2021/03/14 5:00:00,2050/12/31 4:59:59
1000053,4,200006,0,0,0,0,3,5053,1,118,20,32,2,5,1,20001,2021/03/14 5:00:00,2050/12/31 4:59:59
1000054,4,200017,3,0,0,0,3,5054,1,119,150,118,5,5,1,20001,2021/03/14 5:00:00,2050/12/31 4:59:59
1000055,4,200018,3,0,0,0,1,5055,1,120,21,34,2,5,1,20003,2021/03/14 5:00:00,2050/12/31 4:59:59
1000056,4,900003,1000052,1000053,1000054,1000055,4,5056,1,121,102,101301,5,5,1,0,2021/03/14 5:00:00,2050/12/31 4:59:59
1000057,4,200014,0,0,0,0,500000,5057,1,122,91,59,30000,5,1,20001,2021/03/15 5:00:00,2050/12/31 4:59:59
1000058,4,200003,0,0,0,0,3,5058,1,123,34,95,5,5,1,20003,2021/03/15 5:00:00,2050/12/31 4:59:59
1000059,4,200017,4,0,0,0,3,5059,1,124,150,119,5,5,1,20001,2021/03/15 5:00:00,2050/12/31 4:59:59
1000060,4,200018,5,0,0,0,1,5060,1,125,21,34,2,5,1,20003,2021/03/15 5:00:00,2050/12/31 4:59:59
1000061,4,900003,1000057,1000058,1000059,1000060,4,5061,1,126,102,101301,5,5,1,0,2021/03/15 5:00:00,2050/12/31 4:59:59
1000062,4,200013,2,0,0,0,2000,5062,1,127,91,59,30000,5,1,20001,2021/03/16 5:00:00,2050/12/31 4:59:59
1000063,4,200013,1,0,0,0,30,5063,1,128,20,32,2,5,1,20001,2021/03/16 5:00:00,2050/12/31 4:59:59
1000064,4,200017,5,0,0,0,3,5064,1,129,150,120,5,5,1,20001,2021/03/16 5:00:00,2050/12/31 4:59:59
1000065,4,200018,6,0,0,0,1,5065,1,130,90,43,100,5,1,20003,2021/03/16 5:00:00,2050/12/31 4:59:59
1000066,4,900003,1000062,1000063,1000064,1000065,4,5066,1,131,102,101301,5,5,1,0,2021/03/16 5:00:00,2050/12/31 4:59:59
1000067,4,300006,5,0,0,0,1,5067,1,132,91,59,30000,5,1,20001,2021/03/17 5:00:00,2050/12/31 4:59:59
1000068,4,200003,0,0,0,0,3,5068,1,133,34,95,5,5,1,20003,2021/03/17 5:00:00,2050/12/31 4:59:59
1000069,4,200014,0,0,0,0,1000000,5069,1,134,93,44,1,5,1,20001,2021/03/17 5:00:00,2050/12/31 4:59:59
1000070,4,200006,0,0,0,0,5,5070,1,135,40,135,1,5,1,20001,2021/03/17 5:00:00,2050/12/31 4:59:59
1000071,4,900003,1000067,1000068,1000069,1000070,4,5071,1,136,102,101301,5,5,1,0,2021/03/17 5:00:00,2050/12/31 4:59:59
1000072,4,900001,4,0,0,0,35,5036,1,101,40,114,1,5,1,0,2021/03/11 12:00:00,2050/12/31 4:59:59
1000073,4,100025,101001,3,0,0,1,5101,1,1,91,59,10000,3,1,10001,2021/03/22 12:00:00,2021/03/31 11:59:59
1000074,4,100025,101501,3,0,0,1,5102,1,2,91,59,10000,3,1,10001,2021/03/22 12:00:00,2021/03/31 11:59:59
1000075,4,100025,200901,3,0,0,1,5103,1,3,30,110,10000,3,1,10001,2021/03/22 12:00:00,2021/03/31 11:59:59
1000076,4,100025,100301,3,0,0,1,5104,1,5,91,59,10000,3,1,10001,2021/03/23 5:00:00,2021/03/31 11:59:59
1000077,4,100025,100501,3,0,0,1,5105,1,6,91,59,10000,3,1,10001,2021/03/23 5:00:00,2021/03/31 11:59:59
1000078,4,100025,100601,3,0,0,1,5106,1,7,30,110,10000,3,1,10001,2021/03/23 5:00:00,2021/03/31 11:59:59
1000079,4,100025,101501,3,0,0,1,5107,1,9,91,59,10000,3,1,10001,2021/03/24 5:00:00,2021/03/31 11:59:59
1000080,4,100025,102301,3,0,0,1,5108,1,10,91,59,10000,3,1,10001,2021/03/24 5:00:00,2021/03/31 11:59:59
1000081,4,100025,100301,3,0,0,1,5109,1,11,30,110,10000,3,1,10001,2021/03/24 5:00:00,2021/03/31 11:59:59
1000082,4,100025,100601,3,0,0,1,5110,1,13,91,59,10000,3,1,10001,2021/03/25 5:00:00,2021/03/31 11:59:59
1000083,4,100025,101101,3,0,0,1,5111,1,14,91,59,10000,3,1,10001,2021/03/25 5:00:00,2021/03/31 11:59:59
1000084,4,100025,101001,3,0,0,1,5112,1,15,30,110,10000,3,1,10001,2021/03/25 5:00:00,2021/03/31 11:59:59
1000085,4,100025,101201,3,0,0,1,5113,1,17,91,59,10000,3,1,10001,2021/03/26 5:00:00,2021/03/31 11:59:59
1000086,4,100025,303801,3,0,0,1,5114,1,18,91,59,10000,3,1,10001,2021/03/26 5:00:00,2021/03/31 11:59:59
1000087,4,100025,202501,3,0,0,1,5115,1,19,30,110,10000,3,1,10001,2021/03/26 5:00:00,2021/03/31 11:59:59
1000088,4,900003,1000073,1000074,1000075,0,3,5116,1,4,90,43,150,3,1,0,2021/03/22 12:00:00,2021/03/31 11:59:59
1000089,4,900003,1000076,1000077,1000078,0,3,5117,1,8,90,43,150,3,1,0,2021/03/23 5:00:00,2021/03/31 11:59:59
1000090,4,900003,1000079,1000080,1000081,0,3,5118,1,12,90,43,150,3,1,0,2021/03/24 5:00:00,2021/03/31 11:59:59
1000091,4,900003,1000082,1000083,1000084,0,3,5119,1,16,90,43,150,3,1,0,2021/03/25 5:00:00,2021/03/31 11:59:59
1000092,4,900003,1000085,1000086,1000087,0,3,5120,1,20,90,43,150,3,1,0,2021/03/26 5:00:00,2021/03/31 11:59:59
1000093,4,100004,1,0,0,0,1,5201,1,1,91,59,10000,13,1,10001,2021/04/06 12:00:00,2021/04/12 4:59:59
1000094,4,100004,1,0,0,0,3,5202,1,2,91,59,10000,13,1,10001,2021/04/06 12:00:00,2021/04/12 4:59:59
1000095,4,100004,1,0,0,0,5,5203,1,3,91,59,10000,13,1,10001,2021/04/06 12:00:00,2021/04/12 4:59:59
1000096,4,100004,1,0,0,0,10,5204,1,4,91,59,10000,13,1,10001,2021/04/06 12:00:00,2021/04/12 4:59:59
1000097,4,100025,200801,3,0,0,1,5205,1,5,34,95,1,13,1,10001,2021/04/06 12:00:00,2021/04/12 4:59:59
1000098,4,100025,301801,3,0,0,1,5206,1,6,34,95,1,13,1,10001,2021/04/06 12:00:00,2021/04/12 4:59:59
1000099,4,100003,100401,0,0,0,1,5207,1,7,30,110,10000,13,1,10001,2021/04/06 12:00:00,2021/04/12 4:59:59
1000100,4,900001,4,0,0,0,7,5208,1,8,90,43,150,13,1,0,2021/04/06 12:00:00,2021/04/12 4:59:59
1000101,4,100004,1,0,0,0,1,5209,1,1,91,59,10000,16,1,10001,2021/04/12 5:00:00,2021/04/19 4:59:59
1000102,4,100004,1,0,0,0,3,5210,1,2,91,59,10000,16,1,10001,2021/04/12 5:00:00,2021/04/19 4:59:59
1000103,4,100004,1,0,0,0,5,5211,1,3,91,59,10000,16,1,10001,2021/04/12 5:00:00,2021/04/19 4:59:59
1000104,4,100004,1,0,0,0,10,5212,1,4,91,59,10000,16,1,10001,2021/04/12 5:00:00,2021/04/19 4:59:59
1000105,4,100025,201001,3,0,0,1,5213,1,5,34,95,1,16,1,10001,2021/04/12 5:00:00,2021/04/19 4:59:59
1000106,4,100025,200601,3,0,0,1,5214,1,6,34,95,1,16,1,10001,2021/04/12 5:00:00,2021/04/19 4:59:59
1000107,4,100003,100501,0,0,0,1,5215,1,7,30,110,10000,16,1,10001,2021/04/12 5:00:00,2021/04/19 4:59:59
1000108,4,900001,4,0,0,0,7,5216,1,8,90,43,150,16,1,0,2021/04/12 5:00:00,2021/04/19 4:59:59
1000109,4,100004,1,0,0,0,1,5217,1,1,91,59,10000,18,1,10001,2021/04/26 5:00:00,2021/05/03 4:59:59
1000110,4,100004,1,0,0,0,3,5218,1,2,91,59,10000,18,1,10001,2021/04/26 5:00:00,2021/05/03 4:59:59
1000111,4,100004,1,0,0,0,5,5219,1,3,91,59,10000,18,1,10001,2021/04/26 5:00:00,2021/05/03 4:59:59
1000112,4,100004,1,0,0,0,10,5220,1,4,91,59,10000,18,1,10001,2021/04/26 5:00:00,2021/05/03 4:59:59
1000113,4,100025,200901,3,0,0,1,5221,1,5,34,95,1,18,1,10001,2021/04/26 5:00:00,2021/05/03 4:59:59
1000114,4,100025,201101,3,0,0,1,5222,1,6,34,95,1,18,1,10001,2021/04/26 5:00:00,2021/05/03 4:59:59
1000115,4,100003,100601,0,0,0,1,5223,1,7,30,110,10000,18,1,10001,2021/04/26 5:00:00,2021/05/03 4:59:59
1000116,4,900001,4,0,0,0,7,5224,1,8,90,43,150,18,1,0,2021/04/26 5:00:00,2021/05/03 4:59:59
1000117,4,100004,1,0,0,0,1,5301,1,1,91,59,10000,11,1,10001,2021/05/03 12:00:00,2021/05/10 4:59:59
1000118,4,100004,1,0,0,0,3,5302,1,2,91,59,10000,11,1,10001,2021/05/03 12:00:00,2021/05/10 4:59:59
1000119,4,100004,1,0,0,0,5,5303,1,3,91,59,10000,11,1,10001,2021/05/03 12:00:00,2021/05/10 4:59:59
1000120,4,100004,1,0,0,0,10,5304,1,4,91,59,10000,11,1,10001,2021/05/03 12:00:00,2021/05/10 4:59:59
1000121,4,100025,301601,3,0,0,1,5305,1,5,34,95,1,11,1,10001,2021/05/03 12:00:00,2021/05/10 4:59:59
1000122,4,100025,201301,3,0,0,1,5306,1,6,34,95,1,11,1,10001,2021/05/03 12:00:00,2021/05/10 4:59:59
1000123,4,100003,100701,0,0,0,1,5307,1,7,30,110,10000,11,1,10001,2021/05/03 12:00:00,2021/05/10 4:59:59
1000124,4,900001,4,0,0,0,7,5308,1,8,90,43,150,11,1,0,2021/05/03 12:00:00,2021/05/10 4:59:59
1000125,4,100004,1,0,0,0,1,5309,1,1,91,59,10000,30,1,10001,2021/05/10 5:00:00,2021/05/17 4:59:59
1000126,4,100004,1,0,0,0,3,5310,1,2,91,59,10000,30,1,10001,2021/05/10 5:00:00,2021/05/17 4:59:59
1000127,4,100004,1,0,0,0,5,5311,1,3,91,59,10000,30,1,10001,2021/05/10 5:00:00,2021/05/17 4:59:59
1000128,4,100004,1,0,0,0,10,5312,1,4,91,59,10000,30,1,10001,2021/05/10 5:00:00,2021/05/17 4:59:59
1000129,4,100025,201201,3,0,0,1,5313,1,5,34,95,1,30,1,10001,2021/05/10 5:00:00,2021/05/17 4:59:59
1000130,4,100025,302701,3,0,0,1,5314,1,6,34,95,1,30,1,10001,2021/05/10 5:00:00,2021/05/17 4:59:59
1000131,4,100003,100801,0,0,0,1,5315,1,7,30,110,10000,30,1,10001,2021/05/10 5:00:00,2021/05/17 4:59:59
1000132,4,900001,4,0,0,0,7,5316,1,8,90,43,150,30,1,0,2021/05/10 5:00:00,2021/05/17 4:59:59
1000133,4,100004,1,0,0,0,1,5317,1,1,91,59,10000,35,1,10001,2021/05/17 5:00:00,2021/05/24 4:59:59
1000134,4,100004,1,0,0,0,3,5318,1,2,91,59,10000,35,1,10001,2021/05/17 5:00:00,2021/05/24 4:59:59
1000135,4,100004,1,0,0,0,5,5319,1,3,91,59,10000,35,1,10001,2021/05/17 5:00:00,2021/05/24 4:59:59
1000136,4,100004,1,0,0,0,10,5320,1,4,91,59,10000,35,1,10001,2021/05/17 5:00:00,2021/05/24 4:59:59
1000137,4,100025,201501,2,0,0,1,5321,1,5,34,95,1,35,1,10001,2021/05/17 5:00:00,2021/05/24 4:59:59
1000138,4,100025,100401,5,0,0,1,5322,1,6,34,95,1,35,1,10001,2021/05/17 5:00:00,2021/05/24 4:59:59
1000139,4,100003,100901,0,0,0,1,5323,1,7,30,110,10000,35,1,10001,2021/05/17 5:00:00,2021/05/24 4:59:59
1000140,4,900001,4,0,0,0,7,5324,1,8,90,43,150,35,1,0,2021/05/17 5:00:00,2021/05/24 4:59:59
1000141,4,100004,1,0,0,0,1,5325,1,1,91,59,10000,40,1,10001,2021/05/24 5:00:00,2021/05/31 4:59:59
1000142,4,100004,1,0,0,0,3,5326,1,2,91,59,10000,40,1,10001,2021/05/24 5:00:00,2021/05/31 4:59:59
1000143,4,100004,1,0,0,0,5,5327,1,3,91,59,10000,40,1,10001,2021/05/24 5:00:00,2021/05/31 4:59:59
1000144,4,100004,1,0,0,0,10,5328,1,4,91,59,10000,40,1,10001,2021/05/24 5:00:00,2021/05/31 4:59:59
1000145,4,100025,201601,2,0,0,1,5329,1,5,34,95,1,40,1,10001,2021/05/24 5:00:00,2021/05/31 4:59:59
1000146,4,100025,100501,5,0,0,1,5330,1,6,34,95,1,40,1,10001,2021/05/24 5:00:00,2021/05/31 4:59:59
1000147,4,100003,101001,0,0,0,1,5331,1,7,30,110,10000,40,1,10001,2021/05/24 5:00:00,2021/05/31 4:59:59
1000148,4,900001,4,0,0,0,7,5332,1,8,90,43,150,40,1,0,2021/05/24 5:00:00,2021/05/31 4:59:59
1000149,4,100004,1,0,0,0,1,5333,1,1,91,59,10000,45,1,10001,2021/05/31 5:00:00,2021/06/07 4:59:59
1000150,4,100004,1,0,0,0,3,5334,1,2,91,59,10000,45,1,10001,2021/05/31 5:00:00,2021/06/07 4:59:59
1000151,4,100004,1,0,0,0,5,5335,1,3,91,59,10000,45,1,10001,2021/05/31 5:00:00,2021/06/07 4:59:59
1000152,4,100004,1,0,0,0,10,5336,1,4,91,59,10000,45,1,10001,2021/05/31 5:00:00,2021/06/07 4:59:59
1000153,4,100025,201401,1,0,0,1,5337,1,5,34,95,1,45,1,10001,2021/05/31 5:00:00,2021/06/07 4:59:59
1000154,4,100025,201801,1,0,0,1,5338,1,6,34,95,1,45,1,10001,2021/05/31 5:00:00,2021/06/07 4:59:59
1000155,4,100003,101101,0,0,0,1,5339,1,7,30,110,10000,45,1,10001,2021/05/31 5:00:00,2021/06/07 4:59:59
1000156,4,900001,4,0,0,0,7,5340,1,8,90,43,150,45,1,0,2021/05/31 5:00:00,2021/06/07 4:59:59
1000157,4,100003,100501,0,0,0,1,5342,1,21,102,100701,3,46,1,10001,2021/04/30 12:00:00,2021/05/15 4:59:59
1000158,4,100003,101501,0,0,0,1,5343,1,22,30,110,1500,46,1,10001,2021/04/30 12:00:00,2021/05/15 4:59:59
1000159,4,100003,102301,0,0,0,1,5344,1,23,11,91,5,46,1,10001,2021/04/30 12:00:00,2021/05/15 4:59:59
1000160,4,100003,101201,0,0,0,2,5345,1,24,30,110,1500,46,1,10001,2021/04/30 12:00:00,2021/05/15 4:59:59
1000161,4,100003,100601,0,0,0,1,5346,1,25,102,100701,3,46,1,10001,2021/04/30 12:00:00,2021/05/15 4:59:59
1000162,4,100007,300,0,0,0,3,5347,1,26,34,95,3,46,1,10001,2021/04/30 12:00:00,2021/05/15 4:59:59
1000163,4,100007,200,0,0,0,7,5348,1,27,102,100701,3,46,1,10001,2021/04/30 12:00:00,2021/05/15 4:59:59
1000164,4,100007,100,0,0,0,16,5349,1,28,30,110,2000,46,1,10001,2021/04/30 12:00:00,2021/05/15 4:59:59
1000165,4,100003,0,0,0,0,13,5350,1,29,11,87,5,46,1,10001,2021/04/30 12:00:00,2021/05/15 4:59:59
1000166,4,100003,0,0,0,0,56,5351,1,30,11,74,5,46,1,10001,2021/04/30 12:00:00,2021/05/15 4:59:59
1000167,4,100003,0,0,0,0,128,5352,1,31,102,100701,3,46,1,10001,2021/04/30 12:00:00,2021/05/15 4:59:59
1000168,4,100003,0,0,0,0,168,5353,1,32,11,77,5,46,1,10001,2021/04/30 12:00:00,2021/05/15 4:59:59
1000169,4,100003,0,0,0,0,250,5354,1,33,30,110,3000,46,1,10001,2021/04/30 12:00:00,2021/05/15 4:59:59
1000170,4,100003,0,0,0,0,300,5355,1,34,30,110,3500,46,1,10001,2021/04/30 12:00:00,2021/05/15 4:59:59
1000171,4,100003,0,0,0,0,496,5356,1,35,30,110,5000,46,1,10001,2021/04/30 12:00:00,2021/05/15 4:59:59
1000172,4,100003,0,0,0,0,516,5357,1,36,30,110,7000,46,1,10001,2021/04/30 12:00:00,2021/05/15 4:59:59
1000173,4,100018,0,0,0,0,4,5358,1,37,11,87,5,46,1,10001,2021/04/30 12:00:00,2021/05/15 4:59:59
1000174,4,100028,1007,5640,0,0,1,5359,1,38,102,100701,3,46,1,10001,2021/04/30 12:00:00,2021/05/15 4:59:59
1000175,4,100028,1007,56400,0,0,1,5360,1,39,30,110,1500,46,1,10001,2021/04/30 12:00:00,2021/05/15 4:59:59
1000176,4,100027,0,0,0,0,139776,5361,1,40,30,110,1500,46,1,10001,2021/04/30 12:00:00,2021/05/15 4:59:59
1000177,4,100027,0,0,0,0,564000,5362,1,41,102,100701,3,46,1,10001,2021/04/30 12:00:00,2021/05/15 4:59:59
1000178,4,100027,0,0,0,0,5640000,5363,1,42,30,110,7000,46,1,10001,2021/04/30 12:00:00,2021/05/15 4:59:59
1000179,4,600013,1007,0,0,0,66796,5364,1,43,11,71,5,46,1,10001,2021/04/30 12:00:00,2021/05/15 4:59:59
1000180,4,600013,1007,0,0,0,120981,5365,1,44,30,110,1500,46,1,10001,2021/04/30 12:00:00,2021/05/15 4:59:59
1000181,4,600013,1007,0,0,0,5640000,5366,1,45,30,110,12000,46,1,10001,2021/04/30 12:00:00,2021/05/15 4:59:59
1000182,4,100004,1,0,0,0,1,5367,1,46,30,110,1000,46,1,10001,2021/04/30 12:00:00,2021/05/15 4:59:59
1000183,4,100012,13,0,0,0,1,5368,1,47,102,100701,3,46,1,10001,2021/04/30 12:00:00,2021/05/15 4:59:59
1000184,4,100017,0,0,0,0,27,5369,1,48,11,75,5,46,1,10001,2021/04/30 12:00:00,2021/05/15 4:59:59
1000185,4,100017,0,0,0,0,50,5370,1,49,11,71,5,46,1,10001,2021/04/30 12:00:00,2021/05/15 4:59:59
1000186,4,100017,0,0,0,0,88,5371,1,50,34,95,3,46,1,10001,2021/04/30 12:00:00,2021/05/15 4:59:59
1000187,4,100017,0,0,0,0,124,5372,1,51,30,110,3500,46,1,10001,2021/04/30 12:00:00,2021/05/15 4:59:59
1000188,4,100017,0,0,0,0,200,5373,1,52,40,136,1,46,1,10001,2021/04/30 12:00:00,2021/05/15 4:59:59
1000189,4,100017,0,0,0,0,300,5374,1,53,30,110,7000,46,1,10001,2021/04/30 12:00:00,2021/05/15 4:59:59
1000190,4,100016,0,0,0,0,12,5375,1,54,30,110,1500,46,1,10001,2021/04/30 12:00:00,2021/05/15 4:59:59
1000191,4,200017,2,0,0,0,3,5376,1,55,11,75,5,46,1,20001,2021/04/30 12:00:00,2021/05/15 4:59:59
1000192,4,200017,3,0,0,0,4,5377,1,56,102,100701,3,46,1,20001,2021/04/30 12:00:00,2021/05/15 4:59:59
1000193,4,200017,4,0,0,0,6,5378,1,57,30,110,2000,46,1,20001,2021/04/30 12:00:00,2021/05/15 4:59:59
1000194,4,200005,0,0,0,0,7,5379,1,58,11,78,5,46,1,20001,2021/04/30 12:00:00,2021/05/15 4:59:59
1000195,4,200005,0,0,0,0,28,5380,1,59,30,110,3000,46,1,20001,2021/04/30 12:00:00,2021/05/15 4:59:59
1000196,4,200005,0,0,0,0,54,5381,1,60,30,110,5000,46,1,20001,2021/04/30 12:00:00,2021/05/15 4:59:59
1000197,4,200014,0,0,0,0,564000,5382,1,61,30,110,1500,46,1,20001,2021/04/30 12:00:00,2021/05/15 4:59:59
1000198,4,200014,0,0,0,0,5640000,5383,1,62,30,110,3500,46,1,20001,2021/04/30 12:00:00,2021/05/15 4:59:59
1000199,4,200006,0,0,0,0,24,5384,1,63,30,110,5000,46,1,20001,2021/04/30 12:00:00,2021/05/15 4:59:59
1000200,4,100015,0,0,0,0,138,5385,1,64,11,74,5,46,1,10001,2021/04/30 12:00:00,2021/05/15 4:59:59
1000201,4,100015,0,0,0,0,300,5386,1,65,34,95,3,46,1,10001,2021/04/30 12:00:00,2021/05/15 4:59:59
1000202,4,100015,0,0,0,0,564,5387,1,66,30,110,5000,46,1,10001,2021/04/30 12:00:00,2021/05/15 4:59:59
1000203,4,100008,10009,0,0,0,8,5388,1,67,11,77,5,46,1,10001,2021/04/30 12:00:00,2021/05/15 4:59:59
1000204,4,100008,10005,0,0,0,6,5389,1,68,30,110,1500,46,1,10001,2021/04/30 12:00:00,2021/05/15 4:59:59
1000205,4,100008,10008,0,0,0,5,5390,1,69,30,110,1500,46,1,10001,2021/04/30 12:00:00,2021/05/15 4:59:59
1000206,4,100008,10006,0,0,0,4,5391,1,70,11,78,5,46,1,10001,2021/04/30 12:00:00,2021/05/15 4:59:59
1000207,4,100008,10001,0,0,0,3,5392,1,71,30,110,1500,46,1,10001,2021/04/30 12:00:00,2021/05/15 4:59:59
1000208,4,100008,10002,0,0,0,1,5393,1,72,30,110,1500,46,1,10001,2021/04/30 12:00:00,2021/05/15 4:59:59
1000209,4,900001,4,0,0,0,15,5394,1,73,102,100701,5,46,1,0,2021/04/30 12:00:00,2021/05/15 4:59:59
1000210,4,900001,4,0,0,0,30,5395,1,74,40,135,1,46,1,0,2021/04/30 12:00:00,2021/05/15 4:59:59
1000211,4,900001,4,0,0,0,45,5396,1,75,30,110,9000,46,1,0,2021/04/30 12:00:00,2021/05/15 4:59:59
1000212,4,900001,4,0,0,0,55,5397,1,76,90,43,150,46,1,0,2021/04/30 12:00:00,2021/05/15 4:59:59
1000213,4,100004,1,0,0,0,1,5400,1,1,91,59,10000,47,1,10001,2021/06/21 5:00:00,2021/06/28 4:59:59
1000214,4,100004,1,0,0,0,3,5401,1,2,91,59,10000,47,1,10001,2021/06/21 5:00:00,2021/06/28 4:59:59
1000215,4,100004,1,0,0,0,5,5402,1,3,91,59,10000,47,1,10001,2021/06/21 5:00:00,2021/06/28 4:59:59
1000216,4,100004,1,0,0,0,10,5403,1,4,91,59,10000,47,1,10001,2021/06/21 5:00:00,2021/06/28 4:59:59
1000217,4,100027,0,0,0,0,500000,5404,1,5,34,95,1,47,1,10001,2021/06/21 5:00:00,2021/06/28 4:59:59
1000218,4,100027,0,0,0,0,1500000,5405,1,6,34,95,1,47,1,10001,2021/06/21 5:00:00,2021/06/28 4:59:59
1000219,4,100003,101201,0,0,0,1,5406,1,7,30,110,10000,47,1,10001,2021/06/21 5:00:00,2021/06/28 4:59:59
1000220,4,900001,4,0,0,0,7,5407,1,8,90,43,150,47,1,0,2021/06/21 5:00:00,2021/06/28 4:59:59
1000300,4,100038,0,200331,0,0,1,5410,1,1,91,59,20000,49,1,10001,2021/07/12 12:00:00,2050/05/15 4:59:59
1000301,4,100038,0,200351,0,0,1,5411,1,2,150,116,5,49,1,10001,2021/07/12 12:00:00,2050/05/15 4:59:59
1000302,4,100038,0,200361,0,0,1,5412,1,3,34,95,5,49,1,10001,2021/07/12 12:00:00,2050/05/15 4:59:59
1000303,4,100038,0,200511,0,0,1,5413,1,4,91,59,20000,49,1,10001,2021/07/12 12:00:00,2050/05/15 4:59:59
1000304,4,100038,0,200371,0,0,1,5414,1,5,20,32,3,49,1,10001,2021/07/12 12:00:00,2050/05/15 4:59:59
1000305,4,100038,0,200431,0,0,1,5415,1,6,150,118,5,49,1,10001,2021/07/12 12:00:00,2050/05/15 4:59:59
1000306,4,100038,0,200381,0,0,1,5416,1,7,91,59,20000,49,1,10001,2021/07/12 12:00:00,2050/05/15 4:59:59
1000307,4,100038,0,200341,0,0,1,5417,1,8,91,59,20000,49,1,10001,2021/07/12 12:00:00,2050/05/15 4:59:59
1000308,4,100043,0,0,0,0,100000,5418,1,9,91,59,20000,49,1,10001,2021/07/12 12:00:00,2050/05/15 4:59:59
1000309,4,100043,0,0,0,0,150000,5419,1,10,91,59,20000,49,1,10001,2021/07/12 12:00:00,2050/05/15 4:59:59
1000310,4,100043,0,0,0,0,200000,5420,1,11,91,59,20000,49,1,10001,2021/07/12 12:00:00,2050/05/15 4:59:59
1000311,4,100043,0,0,0,0,300000,5421,1,12,91,59,20000,49,1,10001,2021/07/12 12:00:00,2050/05/15 4:59:59
1000312,4,100041,0,8,0,0,1,5422,1,13,91,59,20000,49,1,10001,2021/07/12 12:00:00,2050/05/15 4:59:59
1000313,4,100041,0,10,0,0,1,5423,1,14,91,59,20000,49,1,10001,2021/07/12 12:00:00,2050/05/15 4:59:59
1000314,4,100041,0,12,0,0,1,5424,1,15,91,59,20000,49,1,10001,2021/07/12 12:00:00,2050/05/15 4:59:59
1000315,4,100045,1,7,11,0,1,5425,1,16,34,95,5,49,1,10001,2021/07/12 12:00:00,2050/05/15 4:59:59
1000316,4,100045,2,7,11,0,1,5426,1,17,91,59,20000,49,1,10001,2021/07/12 12:00:00,2050/05/15 4:59:59
1000317,4,100045,3,7,11,0,1,5427,1,18,150,119,5,49,1,10001,2021/07/12 12:00:00,2050/05/15 4:59:59
1000318,4,100045,4,7,11,0,1,5428,1,19,91,59,20000,49,1,10001,2021/07/12 12:00:00,2050/05/15 4:59:59
1000319,4,100046,0,10,0,0,1,5429,1,20,150,117,5,49,1,10001,2021/07/12 12:00:00,2050/05/15 4:59:59
1000320,4,100046,0,13,0,0,1,5430,1,21,150,116,5,49,1,10001,2021/07/12 12:00:00,2050/05/15 4:59:59
1000321,4,100046,0,18,0,0,1,5431,1,22,91,59,20000,49,1,10001,2021/07/12 12:00:00,2050/05/15 4:59:59
1000322,4,100037,99,0,0,0,1,5432,1,23,20,32,3,49,1,10001,2021/07/12 12:00:00,2050/05/15 4:59:59
1000323,4,100037,140,0,0,0,1,5433,1,24,150,120,5,49,1,10001,2021/07/12 12:00:00,2050/05/15 4:59:59
1000324,4,100037,49,0,0,0,1,5434,1,25,91,59,20000,49,1,10001,2021/07/12 12:00:00,2050/05/15 4:59:59
1000325,4,100037,28,0,0,0,1,5435,1,26,21,34,3,49,1,10001,2021/07/12 12:00:00,2050/05/15 4:59:59
1000326,4,100037,29,0,0,0,1,5436,1,27,91,59,20000,49,1,10001,2021/07/12 12:00:00,2050/05/15 4:59:59
1000327,4,100037,30,0,0,0,1,5437,1,28,20,32,3,49,1,10001,2021/07/12 12:00:00,2050/05/15 4:59:59
1000328,4,100037,33,0,0,0,1,5438,1,29,21,34,3,49,1,10001,2021/07/12 12:00:00,2050/05/15 4:59:59
1000329,4,100037,90,0,0,0,1,5439,1,30,91,59,20000,49,1,10001,2021/07/12 12:00:00,2050/05/15 4:59:59
1000330,4,100037,103,0,0,0,1,5440,1,31,91,59,20000,49,1,10001,2021/07/12 12:00:00,2050/05/15 4:59:59
1000331,4,100037,13,0,0,0,1,5441,1,32,21,34,3,49,1,10001,2021/07/12 12:00:00,2050/05/15 4:59:59
1000332,4,100007,100,1,0,0,50,5442,1,33,91,59,20000,49,1,10001,2021/07/12 12:00:00,2050/05/15 4:59:59
1000333,4,100007,100,1,0,0,100,5443,1,34,21,34,3,49,1,10001,2021/07/12 12:00:00,2050/05/15 4:59:59
1000334,4,100007,100,1,0,0,150,5444,1,35,20,32,3,49,1,10001,2021/07/12 12:00:00,2050/05/15 4:59:59
1000335,4,100007,100,1,0,0,200,5445,1,36,91,59,20000,49,1,10001,2021/07/12 12:00:00,2050/05/15 4:59:59
1000336,4,900001,4,0,0,0,10,5446,1,37,90,43,150,49,1,0,2021/07/12 12:00:00,2050/05/15 4:59:59
1000337,4,900001,4,0,0,0,20,5447,1,38,90,43,150,49,1,0,2021/07/12 12:00:00,2050/05/15 4:59:59
1000338,4,900001,4,0,0,0,30,5448,1,39,40,135,1,49,1,0,2021/07/12 12:00:00,2050/05/15 4:59:59
1000339,4,900001,4,0,0,0,39,5449,1,40,40,113,1,49,1,0,2021/07/12 12:00:00,2050/05/15 4:59:59
1000401,4,900001,4,0,0,0,22,7001,1,1,90,43,150,90,1,0,2021/07/20 12:00:00,2021/07/30 4:59:59
1000402,4,500002,401,0,0,0,1,7002,1,2,91,59,10000,90,1,50004,2021/07/20 12:00:00,2021/07/30 4:59:59
1000403,4,500002,404,0,0,0,1,7003,1,3,91,59,10000,90,1,50004,2021/07/20 12:00:00,2021/07/30 4:59:59
1000404,4,500002,408,0,0,0,1,7004,1,4,91,59,10000,90,1,50004,2021/07/20 12:00:00,2021/07/30 4:59:59
1000405,4,500002,413,0,0,0,1,7005,1,5,91,59,10000,90,1,50004,2021/07/20 12:00:00,2021/07/30 4:59:59
1000406,4,500002,417,0,0,0,1,7006,1,6,91,59,20000,90,1,50004,2021/07/20 12:00:00,2021/07/30 4:59:59
1000407,4,100015,0,0,0,0,5,7007,1,7,30,110,5000,90,1,10001,2021/07/20 12:00:00,2021/07/30 4:59:59
1000408,4,100015,0,0,0,0,10,7008,1,8,30,110,5000,90,1,10001,2021/07/20 12:00:00,2021/07/30 4:59:59
1000409,4,100004,11,0,0,0,1,7009,1,9,30,110,5000,90,1,10001,2021/07/20 12:00:00,2021/07/30 4:59:59
1000410,4,100004,1,0,0,0,10,7010,1,10,30,110,10000,90,1,10001,2021/07/20 12:00:00,2021/07/30 4:59:59
1000411,4,100003,100501,0,0,0,1,7011,1,11,91,59,10000,90,1,10001,2021/07/20 12:00:00,2021/07/30 4:59:59
1000412,4,100003,100601,0,0,0,1,7012,1,12,91,59,10000,90,1,10001,2021/07/20 12:00:00,2021/07/30 4:59:59
1000413,4,100003,101201,0,0,0,1,7013,1,13,91,59,10000,90,1,10001,2021/07/20 12:00:00,2021/07/30 4:59:59
1000414,4,100003,101001,0,0,0,1,7014,1,14,91,59,10000,90,1,10001,2021/07/20 12:00:00,2021/07/30 4:59:59
1000415,4,100003,101501,0,0,0,1,7015,1,15,91,59,10000,90,1,10001,2021/07/20 12:00:00,2021/07/30 4:59:59
1000416,4,100003,102301,0,0,0,1,7016,1,16,91,59,10000,90,1,10001,2021/07/20 12:00:00,2021/07/30 4:59:59
1000417,4,100008,10005,0,0,0,10,7017,1,17,91,59,10000,90,1,10001,2021/07/20 12:00:00,2021/07/30 4:59:59
1000418,4,100044,0,100501,101001,101501,1,7018,1,18,91,59,10000,90,1,10001,2021/07/20 12:00:00,2021/07/30 4:59:59
1000419,4,100007,100,1,0,0,5,7019,1,19,91,59,20000,90,1,10001,2021/07/20 12:00:00,2021/07/30 4:59:59
1000420,4,100012,5,0,0,0,1,7020,1,20,34,95,2,90,1,10001,2021/07/20 12:00:00,2021/07/30 4:59:59
1000421,4,100012,15,0,0,0,1,7021,1,21,34,95,2,90,1,10001,2021/07/20 12:00:00,2021/07/30 4:59:59
1000422,4,100028,0,150000,0,0,1,7022,1,22,30,110,5000,90,1,10001,2021/07/20 12:00:00,2021/07/30 4:59:59
1000423,4,100028,0,200000,0,0,1,7023,1,23,30,110,10000,90,1,10001,2021/07/20 12:00:00,2021/07/30 4:59:59
1000501,4,900001,4,0,0,0,21,8101,1,1,40,41,3,100,1,0,2021/08/16 12:00:00,2021/09/30 4:59:59
1000502,4,900001,4,0,0,0,10,8102,1,2,90,43,500,100,1,0,2021/08/16 12:00:00,2021/09/30 4:59:59
1000503,4,100003,0,0,0,0,10,8103,1,3,30,110,5000,100,1,10001,2021/08/16 12:00:00,2021/09/30 4:59:59
1000504,4,100003,0,0,0,0,30,8104,1,4,30,110,5000,100,1,10001,2021/08/16 12:00:00,2021/09/30 4:59:59
1000505,4,100003,0,0,0,0,50,8105,1,5,30,110,5000,100,1,10001,2021/08/16 12:00:00,2021/09/30 4:59:59
1000506,4,100003,0,0,0,0,70,8106,1,6,30,110,10000,100,1,10001,2021/08/16 12:00:00,2021/09/30 4:59:59
1000507,4,100017,0,0,0,0,25,8107,1,7,30,110,5000,100,1,10001,2021/08/16 12:00:00,2021/09/30 4:59:59
1000508,4,100017,0,0,0,0,50,8108,1,8,30,110,10000,100,1,10001,2021/08/16 12:00:00,2021/09/30 4:59:59
1000509,4,100004,1,0,0,0,5,8109,1,9,30,110,5000,100,1,10001,2021/08/16 12:00:00,2021/09/30 4:59:59
1000510,4,100004,1,0,0,0,10,8110,1,10,30,110,10000,100,1,10001,2021/08/16 12:00:00,2021/09/30 4:59:59
1000511,4,100004,1,0,0,0,15,8111,1,11,30,110,15000,100,1,10001,2021/08/16 12:00:00,2021/09/30 4:59:59
1000512,4,100012,10,0,0,0,1,8112,1,12,30,110,5000,100,1,10001,2021/08/16 12:00:00,2021/09/30 4:59:59
1000513,4,100012,15,0,0,0,1,8113,1,13,30,110,10000,100,1,10001,2021/08/16 12:00:00,2021/09/30 4:59:59
1000514,4,100004,9,0,0,0,1,8114,1,14,91,59,10000,100,1,10001,2021/08/16 12:00:00,2021/09/30 4:59:59
1000515,4,100004,10,0,0,0,1,8115,1,15,91,59,10000,100,1,10001,2021/08/16 12:00:00,2021/09/30 4:59:59
1000516,4,200005,0,0,0,0,10,8116,1,16,91,59,10000,100,1,20001,2021/08/16 12:00:00,2021/09/30 4:59:59
1000517,4,200005,0,0,0,0,30,8117,1,17,91,59,15000,100,1,20001,2021/08/16 12:00:00,2021/09/30 4:59:59
1000518,4,200006,0,0,0,0,5,8118,1,18,91,59,10000,100,1,20001,2021/08/16 12:00:00,2021/09/30 4:59:59
1000519,4,200006,0,0,0,0,15,8119,1,19,91,59,15000,100,1,20001,2021/08/16 12:00:00,2021/09/30 4:59:59
1000520,4,200014,0,0,0,0,1000000,8120,1,20,91,59,10000,100,1,20001,2021/08/16 12:00:00,2021/09/30 4:59:59
1000521,4,200014,0,0,0,0,1500000,8121,1,21,91,59,10000,100,1,20001,2021/08/16 12:00:00,2021/09/30 4:59:59
1000522,4,200014,0,0,0,0,3000000,8122,1,22,91,59,15000,100,1,20001,2021/08/16 12:00:00,2021/09/30 4:59:59
1000601,4,900001,4,0,0,0,21,8201,1,1,51,30062,1,101,1,0,2021/08/24 12:00:00,2021/09/30 4:59:59
1000602,4,900001,4,0,0,0,10,8202,1,2,90,43,500,101,1,0,2021/08/24 12:00:00,2021/09/30 4:59:59
1000603,4,100007,100,1,0,0,10,8203,1,3,30,110,5000,101,1,10001,2021/08/24 12:00:00,2021/09/30 4:59:59
1000604,4,100007,100,1,0,0,30,8204,1,3,30,110,5000,101,1,10001,2021/08/24 12:00:00,2021/09/30 4:59:59
1000605,4,100027,0,0,0,0,500000,8205,1,5,30,110,5000,101,1,10001,2021/08/24 12:00:00,2021/09/30 4:59:59
1000606,4,100027,0,0,0,0,1000000,8206,1,6,30,110,10000,101,1,10001,2021/08/24 12:00:00,2021/09/30 4:59:59
1000607,4,100027,0,0,0,0,1500000,8207,1,7,30,110,10000,101,1,10001,2021/08/24 12:00:00,2021/09/30 4:59:59
1000608,4,100039,0,102,0,0,1,8208,1,8,30,110,10000,101,1,10001,2021/08/24 12:00:00,2021/09/30 4:59:59
1000609,4,100039,0,202,0,0,1,8209,1,9,30,110,10000,101,1,10001,2021/08/24 12:00:00,2021/09/30 4:59:59
1000610,4,100043,0,0,0,0,20000,8210,1,10,91,59,10000,101,1,10001,2021/08/24 12:00:00,2021/09/30 4:59:59
1000611,4,100043,0,0,0,0,50000,8211,1,11,91,59,10000,101,1,10001,2021/08/24 12:00:00,2021/09/30 4:59:59
1000612,4,100043,0,0,0,0,100000,8212,1,12,51,30062,1,101,1,10001,2021/08/24 12:00:00,2021/09/30 4:59:59
1000613,4,100047,10003,17500,0,0,1,8213,1,13,30,110,5000,101,1,10001,2021/08/24 12:00:00,2021/09/30 4:59:59
1000614,4,100047,10003,25000,0,0,1,8214,1,14,30,110,5000,101,1,10001,2021/08/24 12:00:00,2021/09/30 4:59:59
1000615,4,200020,0,0,0,0,10,8215,1,15,91,59,10000,101,1,20001,2021/08/24 12:00:00,2021/09/30 4:59:59
1000616,4,200020,0,0,0,0,30,8216,1,16,91,59,15000,101,1,20001,2021/08/24 12:00:00,2021/09/30 4:59:59
1000617,4,200020,0,0,0,0,50,8217,1,17,51,30062,1,101,1,20001,2021/08/24 12:00:00,2021/09/30 4:59:59
1000618,4,200017,1,0,0,0,5,8218,1,18,91,59,10000,101,1,20001,2021/08/24 12:00:00,2021/09/30 4:59:59
1000619,4,200017,2,0,0,0,5,8219,1,19,91,59,10000,101,1,20001,2021/08/24 12:00:00,2021/09/30 4:59:59
1000620,4,200017,3,0,0,0,5,8220,1,20,91,59,10000,101,1,20001,2021/08/24 12:00:00,2021/09/30 4:59:59
1000621,4,200017,4,0,0,0,5,8221,1,21,91,59,10000,101,1,20001,2021/08/24 12:00:00,2021/09/30 4:59:59
1000622,4,200017,5,0,0,0,5,8222,1,22,91,59,10000,101,1,20001,2021/08/24 12:00:00,2021/09/30 4:59:59
1000701,4,900001,4,0,0,0,31,8301,1,1,42,141,1,102,1,0,2021/08/30 12:00:00,2021/09/30 4:59:59
1000702,4,900001,4,0,0,0,15,8302,1,2,90,43,500,102,1,0,2021/08/30 12:00:00,2021/09/30 4:59:59
1000703,4,100032,2,3000,0,0,1,8303,1,3,91,59,10000,102,1,10001,2021/08/30 12:00:00,2021/09/30 4:59:59
1000704,4,100032,2,5000,0,0,1,8304,1,4,91,59,10000,102,1,10001,2021/08/30 12:00:00,2021/09/30 4:59:59
1000705,4,100032,2,7000,0,0,1,8305,1,5,91,59,15000,102,1,10001,2021/08/30 12:00:00,2021/09/30 4:59:59
1000706,4,100032,2,9000,0,0,1,8306,1,6,91,59,15000,102,1,10001,2021/08/30 12:00:00,2021/09/30 4:59:59
1000707,4,100036,0,2,4,0,1,8307,1,7,91,59,10000,102,1,10001,2021/08/30 12:00:00,2021/09/30 4:59:59
1000708,4,100036,0,2,5,0,1,8308,1,8,91,59,10000,102,1,10001,2021/08/30 12:00:00,2021/09/30 4:59:59
1000709,4,100036,0,2,6,0,1,8309,1,9,91,59,15000,102,1,10001,2021/08/30 12:00:00,2021/09/30 4:59:59
1000710,4,100036,0,2,7,0,1,8310,1,10,91,59,20000,102,1,10001,2021/08/30 12:00:00,2021/09/30 4:59:59
1000711,4,100052,1,0,0,0,1,8311,1,11,30,110,5000,102,1,10001,2021/08/30 12:00:00,2021/09/30 4:59:59
1000712,4,100052,3,0,0,0,1,8312,1,12,30,110,5000,102,1,10001,2021/08/30 12:00:00,2021/09/30 4:59:59
1000713,4,100052,5,0,0,0,1,8313,1,13,30,110,5000,102,1,10001,2021/08/30 12:00:00,2021/09/30 4:59:59
1000714,4,100052,7,0,0,0,1,8314,1,14,30,110,10000,102,1,10001,2021/08/30 12:00:00,2021/09/30 4:59:59
1000715,4,100053,0,0,0,0,20,8315,1,15,30,110,5000,102,1,10001,2021/08/30 12:00:00,2021/09/30 4:59:59
1000716,4,100053,0,0,0,0,50,8316,1,16,30,110,5000,102,1,10001,2021/08/30 12:00:00,2021/09/30 4:59:59
1000717,4,100053,0,0,0,0,100,8317,1,17,30,110,10000,102,1,10001,2021/08/30 12:00:00,2021/09/30 4:59:59
1000718,4,100053,0,0,0,0,150,8318,1,18,30,110,10000,102,1,10001,2021/08/30 12:00:00,2021/09/30 4:59:59
1000719,4,100053,0,0,0,0,200,8319,1,19,30,110,10000,102,1,10001,2021/08/30 12:00:00,2021/09/30 4:59:59
1000720,4,100004,1,2,0,0,5,8320,1,20,30,110,10000,102,1,10001,2021/08/30 12:00:00,2021/09/30 4:59:59
1000721,4,100004,1,2,0,0,10,8321,1,21,30,110,15000,102,1,10001,2021/08/30 12:00:00,2021/09/30 4:59:59
1000722,4,100004,1,2,0,0,15,8322,1,22,30,110,20000,102,1,10001,2021/08/30 12:00:00,2021/09/30 4:59:59
1000723,4,100004,1,2,0,0,20,8323,1,23,30,110,30000,102,1,10001,2021/08/30 12:00:00,2021/09/30 4:59:59
1000724,4,100004,11,0,0,0,1,8324,1,24,91,59,10000,102,1,10001,2021/08/30 12:00:00,2021/09/30 4:59:59
1000725,4,100041,0,8,0,0,1,8325,1,25,91,59,10000,102,1,10001,2021/08/30 12:00:00,2021/09/30 4:59:59
1000726,4,100041,0,10,0,0,1,8326,1,26,91,59,10000,102,1,10001,2021/08/30 12:00:00,2021/09/30 4:59:59
1000727,4,100041,0,12,0,0,1,8327,1,27,91,59,10000,102,1,10001,2021/08/30 12:00:00,2021/09/30 4:59:59
1000728,4,100046,0,15,0,0,1,8328,1,28,91,59,10000,102,1,10001,2021/08/30 12:00:00,2021/09/30 4:59:59
1000729,4,100054,0,3,0,0,1,8329,1,29,91,59,10000,102,1,10001,2021/08/30 12:00:00,2021/09/30 4:59:59
1000730,4,100054,0,5,0,0,1,8330,1,30,91,59,10000,102,1,10001,2021/08/30 12:00:00,2021/09/30 4:59:59
1000731,4,100054,0,7,0,0,1,8331,1,31,91,59,15000,102,1,10001,2021/08/30 12:00:00,2021/09/30 4:59:59
1000732,4,100024,6,1,0,0,1,8332,1,32,91,59,15000,102,1,10001,2021/08/30 12:00:00,2021/09/30 4:59:59
1000801,4,100004,1,0,0,0,1,8400,1,1,91,59,10000,105,1,10001,2021/09/27 12:00:00,2021/10/04 4:59:59
1000802,4,100004,1,0,0,0,3,8401,1,2,91,59,10000,105,1,10001,2021/09/27 12:00:00,2021/10/04 4:59:59
1000803,4,100004,1,0,0,0,5,8402,1,3,91,59,10000,105,1,10001,2021/09/27 12:00:00,2021/10/04 4:59:59
1000804,4,100004,1,0,0,0,10,8403,1,4,91,59,10000,105,1,10001,2021/09/27 12:00:00,2021/10/04 4:59:59
1000805,4,100003,305001,0,0,0,1,8404,1,5,34,95,1,105,1,10001,2021/09/27 12:00:00,2021/10/04 4:59:59
1000806,4,100003,202101,0,0,0,1,8405,1,6,34,95,1,105,1,10001,2021/09/27 12:00:00,2021/10/04 4:59:59
1000807,4,100003,101301,0,0,0,1,8406,1,7,30,110,10000,105,1,10001,2021/09/27 12:00:00,2021/10/04 4:59:59
1000808,4,900001,4,0,0,0,7,8407,1,8,90,43,150,105,1,0,2021/09/27 12:00:00,2021/10/04 4:59:59
1000811,4,100004,1,0,0,0,1,8408,1,1,91,59,10000,106,1,10001,2021/10/11 12:00:00,2021/10/18 4:59:59
1000812,4,100004,1,0,0,0,3,8409,1,2,91,59,10000,106,1,10001,2021/10/11 12:00:00,2021/10/18 4:59:59
1000813,4,100004,1,0,0,0,5,8410,1,3,91,59,10000,106,1,10001,2021/10/11 12:00:00,2021/10/18 4:59:59
1000814,4,100004,1,0,0,0,10,8411,1,4,91,59,10000,106,1,10001,2021/10/11 12:00:00,2021/10/18 4:59:59
1000815,4,100025,305401,3,0,0,1,8412,1,5,34,95,1,106,1,10001,2021/10/11 12:00:00,2021/10/18 4:59:59
1000816,4,100025,202201,3,0,0,1,8413,1,6,34,95,1,106,1,10001,2021/10/11 12:00:00,2021/10/18 4:59:59
1000817,4,100003,101401,0,0,0,1,8414,1,7,30,110,10000,106,1,10001,2021/10/11 12:00:00,2021/10/18 4:59:59
1000818,4,900001,4,0,0,0,7,8415,1,8,90,43,150,106,1,0,2021/10/11 12:00:00,2021/10/18 4:59:59
1000821,4,100004,1,0,0,0,1,8416,1,1,91,59,10000,107,1,10001,2021/10/18 5:00:00,2021/10/25 4:59:59
1000822,4,100004,1,0,0,0,3,8417,1,2,91,59,10000,107,1,10001,2021/10/18 5:00:00,2021/10/25 4:59:59
1000823,4,100004,1,0,0,0,5,8418,1,3,91,59,10000,107,1,10001,2021/10/18 5:00:00,2021/10/25 4:59:59
1000824,4,100004,1,0,0,0,10,8419,1,4,91,59,10000,107,1,10001,2021/10/18 5:00:00,2021/10/25 4:59:59
1000825,4,100025,202301,3,0,0,1,8420,1,5,34,95,1,107,1,10001,2021/10/18 5:00:00,2021/10/25 4:59:59
1000826,4,100025,202401,3,0,0,1,8421,1,6,34,95,1,107,1,10001,2021/10/18 5:00:00,2021/10/25 4:59:59
1000827,4,100003,101501,0,0,0,1,8422,1,7,30,110,10000,107,1,10001,2021/10/18 5:00:00,2021/10/25 4:59:59
1000828,4,900001,4,0,0,0,7,8423,1,8,90,43,150,107,1,0,2021/10/18 5:00:00,2021/10/25 4:59:59
1000831,4,100004,1,0,0,0,1,8424,1,1,91,59,10000,108,1,10001,2021/10/25 5:00:00,2021/11/01 4:59:59
1000832,4,100004,1,0,0,0,3,8425,1,2,91,59,10000,108,1,10001,2021/10/25 5:00:00,2021/11/01 4:59:59
1000833,4,100004,1,0,0,0,5,8426,1,3,91,59,10000,108,1,10001,2021/10/25 5:00:00,2021/11/01 4:59:59
1000834,4,100004,1,0,0,0,10,8427,1,4,91,59,10000,108,1,10001,2021/10/25 5:00:00,2021/11/01 4:59:59
1000835,4,100003,202501,0,0,0,1,8428,1,5,34,95,1,108,1,10001,2021/10/25 5:00:00,2021/11/01 4:59:59
1000836,4,100003,202601,0,0,0,1,8429,1,6,34,95,1,108,1,10001,2021/10/25 5:00:00,2021/11/01 4:59:59
1000837,4,100003,101601,0,0,0,1,8430,1,7,30,110,10000,108,1,10001,2021/10/25 5:00:00,2021/11/01 4:59:59
1000838,4,900001,4,0,0,0,7,8431,1,8,90,43,150,108,1,0,2021/10/25 5:00:00,2021/11/01 4:59:59
1000841,4,100004,1,0,0,0,1,8432,1,1,91,59,10000,109,1,10001,2021/11/08 12:00:00,2021/11/15 4:59:59
1000842,4,100004,1,0,0,0,3,8433,1,2,91,59,10000,109,1,10001,2021/11/08 12:00:00,2021/11/15 4:59:59
1000843,4,100004,1,0,0,0,5,8434,1,3,91,59,10000,109,1,10001,2021/11/08 12:00:00,2021/11/15 4:59:59
1000844,4,100004,1,0,0,0,10,8435,1,4,91,59,10000,109,1,10001,2021/11/08 12:00:00,2021/11/15 4:59:59
1000845,4,100003,202801,0,0,0,1,8436,1,5,34,95,2,109,1,10001,2021/11/08 12:00:00,2021/11/15 4:59:59
1000846,4,100003,101701,0,0,0,1,8437,1,7,30,110,10000,109,1,10001,2021/11/08 12:00:00,2021/11/15 4:59:59
1000847,4,900001,4,0,0,0,6,8438,1,8,90,43,150,109,1,0,2021/11/08 12:00:00,2021/11/15 4:59:59
1000851,4,100004,1,0,0,0,1,8440,1,1,91,59,10000,110,1,10001,2021/11/15 5:00:00,2021/11/22 4:59:59
1000852,4,100004,1,0,0,0,3,8441,1,2,91,59,10000,110,1,10001,2021/11/15 5:00:00,2021/11/22 4:59:59
1000853,4,100004,1,0,0,0,5,8442,1,3,91,59,10000,110,1,10001,2021/11/15 5:00:00,2021/11/22 4:59:59
1000854,4,100004,1,0,0,0,10,8443,1,4,91,59,10000,110,1,10001,2021/11/15 5:00:00,2021/11/22 4:59:59
1000855,4,100003,305801,0,0,0,1,8444,1,5,34,95,1,110,1,10001,2021/11/15 5:00:00,2021/11/22 4:59:59
1000856,4,100003,202901,0,0,0,1,8445,1,6,34,95,1,110,1,10001,2021/11/15 5:00:00,2021/11/22 4:59:59
1000857,4,100003,101801,0,0,0,1,8446,1,7,30,110,10000,110,1,10001,2021/11/15 5:00:00,2021/11/22 4:59:59
1000858,4,900001,4,0,0,0,7,8447,1,8,90,43,150,110,1,0,2021/11/15 5:00:00,2021/11/22 4:59:59
1000861,4,100004,1,0,0,0,1,8448,1,1,91,59,10000,111,1,10001,2021/11/22 5:00:00,2021/11/29 4:59:59
1000862,4,100004,1,0,0,0,3,8449,1,2,91,59,10000,111,1,10001,2021/11/22 5:00:00,2021/11/29 4:59:59
1000863,4,100004,1,0,0,0,5,8450,1,3,91,59,10000,111,1,10001,2021/11/22 5:00:00,2021/11/29 4:59:59
1000864,4,100004,1,0,0,0,10,8451,1,4,91,59,10000,111,1,10001,2021/11/22 5:00:00,2021/11/29 4:59:59
1000865,4,100027,0,0,0,0,500000,8452,1,5,34,95,1,111,1,10001,2021/11/22 5:00:00,2021/11/29 4:59:59
1000866,4,100027,0,0,0,0,1500000,8453,1,6,34,95,1,111,1,10001,2021/11/22 5:00:00,2021/11/29 4:59:59
1000867,4,100003,101901,0,0,0,1,8454,1,7,30,110,10000,111,1,10001,2021/11/22 5:00:00,2021/11/29 4:59:59
1000868,4,900001,4,0,0,0,7,8455,1,8,90,43,150,111,1,0,2021/11/22 5:00:00,2021/11/29 4:59:59
1000871,4,100004,1,0,0,0,1,8456,1,1,91,59,10000,112,1,10001,2021/11/29 5:00:00,2021/12/06 4:59:59
1000872,4,100004,1,0,0,0,3,8457,1,2,91,59,10000,112,1,10001,2021/11/29 5:00:00,2021/12/06 4:59:59
1000873,4,100004,1,0,0,0,5,8458,1,3,91,59,10000,112,1,10001,2021/11/29 5:00:00,2021/12/06 4:59:59
1000874,4,100004,1,0,0,0,10,8459,1,4,91,59,10000,112,1,10001,2021/11/29 5:00:00,2021/12/06 4:59:59
1000875,4,100003,306101,0,0,0,1,8460,1,5,34,95,1,112,1,10001,2021/11/29 5:00:00,2021/12/06 4:59:59
1000876,4,100003,306201,0,0,0,1,8461,1,6,34,95,1,112,1,10001,2021/11/29 5:00:00,2021/12/06 4:59:59
1000877,4,100003,102001,0,0,0,1,8462,1,7,30,110,10000,112,1,10001,2021/11/29 5:00:00,2021/12/06 4:59:59
1000878,4,900001,4,0,0,0,7,8463,1,8,90,43,150,112,1,0,2021/11/29 5:00:00,2021/12/06 4:59:59
1000881,4,100004,1,0,0,0,1,8464,1,1,91,59,10000,113,1,10001,2021/12/06 5:00:00,2021/12/13 4:59:59
1000882,4,100004,1,0,0,0,3,8465,1,2,91,59,10000,113,1,10001,2021/12/06 5:00:00,2021/12/13 4:59:59
1000883,4,100004,1,0,0,0,5,8466,1,3,91,59,10000,113,1,10001,2021/12/06 5:00:00,2021/12/13 4:59:59
1000884,4,100004,1,0,0,0,10,8467,1,4,91,59,10000,113,1,10001,2021/12/06 5:00:00,2021/12/13 4:59:59
1000885,4,100027,0,0,0,0,500000,8468,1,5,34,95,1,113,1,10001,2021/12/06 5:00:00,2021/12/13 4:59:59
1000886,4,100027,0,0,0,0,1500000,8469,1,6,34,95,1,113,1,10001,2021/12/06 5:00:00,2021/12/13 4:59:59
1000887,4,100003,102101,0,0,0,1,8470,1,7,30,110,10000,113,1,10001,2021/12/06 5:00:00,2021/12/13 4:59:59
1000888,4,900001,4,0,0,0,7,8471,1,8,90,43,150,113,1,0,2021/12/06 5:00:00,2021/12/13 4:59:59
1000891,4,100004,1,0,0,0,1,8472,1,1,91,59,10000,114,1,10001,2021/12/13 5:00:00,2021/12/20 4:59:59
1000892,4,100004,1,0,0,0,3,8473,1,2,91,59,10000,114,1,10001,2021/12/13 5:00:00,2021/12/20 4:59:59
1000893,4,100004,1,0,0,0,5,8474,1,3,91,59,10000,114,1,10001,2021/12/13 5:00:00,2021/12/20 4:59:59
1000894,4,100004,1,0,0,0,10,8475,1,4,91,59,10000,114,1,10001,2021/12/13 5:00:00,2021/12/20 4:59:59
1000895,4,100027,0,0,0,0,500000,8476,1,5,34,95,1,114,1,10001,2021/12/13 5:00:00,2021/12/20 4:59:59
1000896,4,100027,0,0,0,0,1500000,8477,1,6,34,95,1,114,1,10001,2021/12/13 5:00:00,2021/12/20 4:59:59
1000897,4,100003,102201,0,0,0,1,8478,1,7,30,110,10000,114,1,10001,2021/12/13 5:00:00,2021/12/20 4:59:59
1000898,4,900001,4,0,0,0,7,8479,1,8,90,43,150,114,1,0,2021/12/13 5:00:00,2021/12/20 4:59:59
1000901,4,100004,1,0,0,0,1,8480,1,1,91,59,10000,115,1,10001,2021/12/20 5:00:00,2021/12/27 4:59:59
1000902,4,100004,1,0,0,0,3,8481,1,2,91,59,10000,115,1,10001,2021/12/20 5:00:00,2021/12/27 4:59:59
1000903,4,100004,1,0,0,0,5,8482,1,3,91,59,10000,115,1,10001,2021/12/20 5:00:00,2021/12/27 4:59:59
1000904,4,100004,1,0,0,0,10,8483,1,4,91,59,10000,115,1,10001,2021/12/20 5:00:00,2021/12/27 4:59:59
1000905,4,100027,0,0,0,0,500000,8484,1,5,34,95,1,115,1,10001,2021/12/20 5:00:00,2021/12/27 4:59:59
1000906,4,100027,0,0,0,0,1500000,8485,1,6,34,95,1,115,1,10001,2021/12/20 5:00:00,2021/12/27 4:59:59
1000907,4,100003,102301,0,0,0,1,8486,1,7,30,110,10000,115,1,10001,2021/12/20 5:00:00,2021/12/27 4:59:59
1000908,4,900001,4,0,0,0,7,8487,1,8,90,43,150,115,1,0,2021/12/20 5:00:00,2021/12/27 4:59:59
1000911,4,100004,1,0,0,0,1,8488,1,1,91,59,10000,116,1,10001,2021/12/27 5:00:00,2021/12/29 4:59:59
1000912,4,100004,1,0,0,0,2,8489,1,2,91,59,10000,116,1,10001,2021/12/27 5:00:00,2021/12/29 4:59:59
1000913,4,100004,1,0,0,0,3,8490,1,3,91,59,10000,116,1,10001,2021/12/27 5:00:00,2021/12/29 4:59:59
1000914,4,100004,1,0,0,0,5,8491,1,4,91,59,10000,116,1,10001,2021/12/27 5:00:00,2021/12/29 4:59:59
1000915,4,100027,0,0,0,0,500000,8492,1,5,34,95,1,116,1,10001,2021/12/27 5:00:00,2021/12/29 4:59:59
1000916,4,100027,0,0,0,0,1500000,8493,1,6,34,95,1,116,1,10001,2021/12/27 5:00:00,2021/12/29 4:59:59
1000917,4,100003,102401,0,0,0,1,8494,1,7,30,110,10000,116,1,10001,2021/12/27 5:00:00,2021/12/29 4:59:59
1000918,4,900001,4,0,0,0,7,8495,1,8,90,43,150,116,1,0,2021/12/27 5:00:00,2021/12/29 4:59:59
1000921,4,100004,1,0,0,0,1,8532,1,1,91,59,10000,134,1,10001,2022/02/14 12:00:00,2022/02/21 4:59:59
1000922,4,100004,1,0,0,0,3,8533,1,2,91,59,10000,134,1,10001,2022/02/14 12:00:00,2022/02/21 4:59:59
1000923,4,100004,1,0,0,0,5,8534,1,3,91,59,10000,134,1,10001,2022/02/14 12:00:00,2022/02/21 4:59:59
1000924,4,100004,1,0,0,0,10,8535,1,4,91,59,10000,134,1,10001,2022/02/14 12:00:00,2022/02/21 4:59:59
1000925,4,100003,200201,0,0,0,1,8536,1,5,150,116,1,134,1,10001,2022/02/14 12:00:00,2022/02/21 4:59:59
1000926,4,100003,300801,0,0,0,1,8537,1,6,150,116,1,134,1,10001,2022/02/14 12:00:00,2022/02/21 4:59:59
1000927,4,100003,100101,0,0,0,1,8538,1,7,30,110,10000,134,1,10001,2022/02/14 12:00:00,2022/02/21 4:59:59
1000928,4,900001,4,0,0,0,7,8539,1,8,90,43,150,134,1,0,2022/02/14 12:00:00,2022/02/21 4:59:59
1001001,4,900001,4,0,0,0,30,8501,1,1,90,43,300,120,1,0,2021/10/20 12:00:00,2050/05/15 4:59:59
1001002,4,100003,100101,0,0,0,1,8502,1,2,11,69,50,120,1,10001,2021/10/20 12:00:00,2050/05/15 4:59:59
1001003,4,100003,100201,0,0,0,1,8503,1,3,11,70,50,120,1,10001,2021/10/20 12:00:00,2050/05/15 4:59:59
1001004,4,100003,100301,0,0,0,1,8504,1,4,11,71,50,120,1,10001,2021/10/20 12:00:00,2050/05/15 4:59:59
1001005,4,100003,100401,0,0,0,1,8505,1,5,11,72,50,120,1,10001,2021/10/20 12:00:00,2050/05/15 4:59:59
1001006,4,100003,100501,0,0,0,1,8506,1,6,11,73,50,120,1,10001,2021/10/20 12:00:00,2050/05/15 4:59:59
1001007,4,100003,100601,0,0,0,1,8507,1,7,11,74,50,120,1,10001,2021/10/20 12:00:00,2050/05/15 4:59:59
1001008,4,100003,100701,0,0,0,1,8508,1,8,11,75,50,120,1,10001,2021/10/20 12:00:00,2050/05/15 4:59:59
1001009,4,100003,100801,0,0,0,1,8509,1,9,11,76,50,120,1,10001,2021/10/20 12:00:00,2050/05/15 4:59:59
1001010,4,100003,100901,0,0,0,1,8510,1,10,11,77,50,120,1,10001,2021/10/20 12:00:00,2050/05/15 4:59:59
1001011,4,100003,101001,0,0,0,1,8511,1,11,11,78,50,120,1,10001,2021/10/20 12:00:00,2050/05/15 4:59:59
1001012,4,100003,101101,0,0,0,1,8512,1,12,11,79,50,120,1,10001,2021/10/20 12:00:00,2050/05/15 4:59:59
1001013,4,100003,101201,0,0,0,1,8513,1,13,11,80,50,120,1,10001,2021/10/20 12:00:00,2050/05/15 4:59:59
1001014,4,100003,101301,0,0,0,1,8514,1,14,11,81,50,120,1,10001,2021/10/20 12:00:00,2050/05/15 4:59:59
1001015,4,100003,101401,0,0,0,1,8515,1,15,11,82,50,120,1,10001,2021/10/20 12:00:00,2050/05/15 4:59:59
1001016,4,100003,101501,0,0,0,1,8516,1,16,11,83,50,120,1,10001,2021/10/20 12:00:00,2050/05/15 4:59:59
1001017,4,100003,101601,0,0,0,1,8517,1,17,11,84,50,120,1,10001,2021/10/20 12:00:00,2050/05/15 4:59:59
1001018,4,100003,101801,0,0,0,1,8518,1,18,11,85,50,120,1,10001,2021/10/20 12:00:00,2050/05/15 4:59:59
1001019,4,100003,101701,0,0,0,1,8519,1,19,11,86,50,120,1,10001,2021/10/20 12:00:00,2050/05/15 4:59:59
1001020,4,100003,101901,0,0,0,1,8520,1,20,11,87,50,120,1,10001,2021/10/20 12:00:00,2050/05/15 4:59:59
1001021,4,100003,102001,0,0,0,1,8521,1,21,11,88,50,120,1,10001,2021/10/20 12:00:00,2050/05/15 4:59:59
1001022,4,100003,102101,0,0,0,1,8522,1,22,11,89,50,120,1,10001,2021/10/20 12:00:00,2050/05/15 4:59:59
1001023,4,100003,102201,0,0,0,1,8523,1,23,11,90,50,120,1,10001,2021/10/20 12:00:00,2050/05/15 4:59:59
1001024,4,100003,102301,0,0,0,1,8524,1,24,11,91,50,120,1,10001,2021/10/20 12:00:00,2050/05/15 4:59:59
1001025,4,100003,102401,0,0,0,1,8525,1,25,11,92,50,120,1,10001,2021/10/20 12:00:00,2050/05/15 4:59:59
1001026,4,100003,110201,0,0,0,1,8526,1,26,11,101,50,120,1,10001,2021/10/20 12:00:00,2050/05/15 4:59:59
1001027,4,100003,110401,0,0,0,1,8527,1,27,11,102,50,120,1,10001,2021/10/20 12:00:00,2050/05/15 4:59:59
1001028,4,100003,110501,0,0,0,1,8528,1,28,11,103,50,120,1,10001,2021/10/20 12:00:00,2050/05/15 4:59:59
1001029,4,100003,110301,0,0,0,1,8529,1,29,11,104,50,120,1,10001,2021/10/20 12:00:00,2050/05/15 4:59:59
1001030,4,100003,110101,0,0,0,1,8530,1,30,11,105,50,120,1,10001,2021/10/20 12:00:00,2050/05/15 4:59:59
1001031,4,100003,110601,0,0,0,1,8531,1,31,11,106,50,120,1,10001,2021/10/20 12:00:00,2050/05/15 4:59:59
1001041,4,900001,4,0,0,0,14,8540,1,1,90,43,500,137,1,0,2022/02/14 12:00:00,2022/03/30 4:59:59
1001042,4,100058,3,0,0,0,1,8541,1,2,34,95,5,137,1,10001,2022/02/14 12:00:00,2022/03/30 4:59:59
1001043,4,100041,0,7,0,0,1,8542,1,3,91,59,10000,137,1,10001,2022/02/14 12:00:00,2022/03/30 4:59:59
1001044,4,100041,0,10,0,0,1,8543,1,4,91,59,20000,137,1,10001,2022/02/14 12:00:00,2022/03/30 4:59:59
1001045,4,100012,10,0,0,0,1,8544,1,5,30,110,20000,137,1,10001,2022/02/14 12:00:00,2022/03/30 4:59:59
1001046,4,100012,15,0,0,0,1,8545,1,6,30,110,40000,137,1,10001,2022/02/14 12:00:00,2022/03/30 4:59:59
1001047,4,100017,0,0,0,0,20,8546,1,7,91,59,20000,137,1,10001,2022/02/14 12:00:00,2022/03/30 4:59:59
1001048,4,100017,0,0,0,0,40,8547,1,8,91,59,40000,137,1,10001,2022/02/14 12:00:00,2022/03/30 4:59:59
1001049,4,100004,1,0,0,0,5,8548,1,9,40,111,1,137,1,10001,2022/02/14 12:00:00,2022/03/30 4:59:59
1001050,4,100004,1,0,0,0,10,8549,1,10,40,111,1,137,1,10001,2022/02/14 12:00:00,2022/03/30 4:59:59
1001051,4,100004,10,0,0,0,1,8550,1,11,91,59,15000,137,1,10001,2022/02/14 12:00:00,2022/03/30 4:59:59
1001052,4,100004,1,1,0,0,1,8551,1,12,40,41,1,137,1,10001,2022/02/14 12:00:00,2022/03/30 4:59:59
1001053,4,100004,1,2,0,0,1,8552,1,13,40,41,1,137,1,10001,2022/02/14 12:00:00,2022/03/30 4:59:59
1001054,4,200005,0,0,0,0,5,8553,1,14,30,110,10000,137,1,20001,2022/02/14 12:00:00,2022/03/30 4:59:59
1001055,4,200005,0,0,0,0,10,8554,1,15,21,34,5,137,1,20001,2022/02/14 12:00:00,2022/03/30 4:59:59
1001056,4,900001,4,0,0,0,14,8555,1,1,90,43,500,138,1,0,2022/02/24 12:00:00,2022/03/30 4:59:59
1001057,4,100061,4,0,0,0,20,8556,1,2,34,95,5,138,1,10001,2022/02/24 12:00:00,2022/03/30 4:59:59
1001058,4,100061,4,0,0,0,40,8557,1,3,51,30088,1,138,1,10001,2022/02/24 12:00:00,2022/03/30 4:59:59
1001059,4,100061,4,0,0,0,60,8558,1,4,51,30088,1,138,1,10001,2022/02/24 12:00:00,2022/03/30 4:59:59
1001060,4,100034,0,203807,0,0,1,8559,1,5,30,110,20000,138,1,10001,2022/02/24 12:00:00,2022/03/30 4:59:59
1001061,4,100034,0,203805,0,0,1,8560,1,6,30,110,20000,138,1,10001,2022/02/24 12:00:00,2022/03/30 4:59:59
1001062,4,100034,0,203825,0,0,1,8561,1,7,30,110,20000,138,1,10001,2022/02/24 12:00:00,2022/03/30 4:59:59
1001063,4,100038,0,210061,0,0,1,8562,1,8,164,150,1,138,1,10001,2022/02/24 12:00:00,2022/03/30 4:59:59
1001064,4,100026,40001,18,1,1,1,8563,1,9,91,59,20000,138,1,10001,2022/02/24 12:00:00,2022/03/30 4:59:59
1001065,4,100026,40001,18,1,2,1,8564,1,10,91,59,20000,138,1,10001,2022/02/24 12:00:00,2022/03/30 4:59:59
1001066,4,100026,40001,18,1,3,1,8565,1,11,91,59,20000,138,1,10001,2022/02/24 12:00:00,2022/03/30 4:59:59
1001067,4,100026,40001,18,1,4,1,8566,1,12,91,59,20000,138,1,10001,2022/02/24 12:00:00,2022/03/30 4:59:59
1001068,4,100026,40001,18,2,0,1,8567,1,13,91,59,20000,138,1,10001,2022/02/24 12:00:00,2022/03/30 4:59:59
1001069,4,100057,0,0,0,0,3,8568,1,14,51,30088,1,138,1,10001,2022/02/24 12:00:00,2022/03/30 4:59:59
1001070,4,100057,0,0,0,0,5,8569,1,15,164,149,1,138,1,10001,2022/02/24 12:00:00,2022/03/30 4:59:59
1001071,4,900001,4,0,0,0,14,8570,1,1,42,165,1,139,1,0,2022/03/07 12:00:00,2022/03/30 4:59:59
1001072,4,100007,100,1,0,0,30,8571,1,2,164,150,1,139,1,10001,2022/03/07 12:00:00,2022/03/30 4:59:59
1001073,4,100007,100,1,0,0,50,8572,1,3,90,43,300,139,1,10001,2022/03/07 12:00:00,2022/03/30 4:59:59
1001074,4,100027,0,0,0,0,1000000,8573,1,4,30,110,30000,139,1,10001,2022/03/07 12:00:00,2022/03/30 4:59:59
1001075,4,100027,0,0,0,0,1500000,8574,1,5,40,111,1,139,1,10001,2022/03/07 12:00:00,2022/03/30 4:59:59
1001076,4,100043,0,0,0,0,50000,8575,1,6,91,59,20000,139,1,10001,2022/03/07 12:00:00,2022/03/30 4:59:59
1001077,4,100043,0,0,0,0,100000,8576,1,7,40,41,1,139,1,10001,2022/03/07 12:00:00,2022/03/30 4:59:59
1001078,4,100004,12,0,0,0,1,8577,1,8,90,43,150,139,1,10001,2022/03/07 12:00:00,2022/03/30 4:59:59
1001079,4,100062,0,300,1,10,1,8578,1,9,30,110,20000,139,1,10001,2022/03/07 12:00:00,2022/03/30 4:59:59
1001080,4,100062,0,300,1,15,1,8579,1,10,30,110,20000,139,1,10001,2022/03/07 12:00:00,2022/03/30 4:59:59
1001081,4,200017,1,0,0,0,5,8580,1,11,91,59,20000,139,1,20001,2022/03/07 12:00:00,2022/03/30 4:59:59
1001082,4,200017,2,0,0,0,5,8581,1,12,91,59,20000,139,1,20001,2022/03/07 12:00:00,2022/03/30 4:59:59
1001083,4,200017,3,0,0,0,5,8582,1,13,91,59,20000,139,1,20001,2022/03/07 12:00:00,2022/03/30 4:59:59
1001084,4,200017,4,0,0,0,5,8583,1,14,91,59,20000,139,1,20001,2022/03/07 12:00:00,2022/03/30 4:59:59
1001085,4,200017,5,0,0,0,5,8584,1,15,91,59,20000,139,1,20001,2022/03/07 12:00:00,2022/03/30 4:59:59
1001086,4,900001,4,0,0,0,25,8585,1,1,40,153,1,141,1,0,2022/03/18 12:00:00,2050/12/31 4:59:59
1001087,4,100065,151,0,0,0,1,8586,1,2,34,95,5,141,1,10001,2022/03/18 12:00:00,2050/12/31 4:59:59
1001088,4,100066,1,3,0,0,1,8587,1,3,91,59,20000,141,1,10001,2022/03/18 12:00:00,2050/12/31 4:59:59
1001089,4,100066,2,3,0,0,1,8588,1,4,20,32,2,141,1,10001,2022/03/18 12:00:00,2050/12/31 4:59:59
1001090,4,100067,2,5,0,0,1,8589,1,5,91,59,20000,141,1,10001,2022/03/18 12:00:00,2050/12/31 4:59:59
1001091,4,100058,4,0,0,0,1,8590,1,6,34,95,5,141,1,10001,2022/03/18 12:00:00,2050/12/31 4:59:59
1001092,4,100058,5,0,0,0,1,8591,1,7,91,59,20000,141,1,10001,2022/03/18 12:00:00,2050/12/31 4:59:59
1001093,4,100047,0,40001,100,1,1,8592,1,8,20,32,2,141,1,10001,2022/03/18 12:00:00,2050/12/31 4:59:59
1001094,4,100047,0,50001,100,1,1,8593,1,9,91,59,20000,141,1,10001,2022/03/18 12:00:00,2050/12/31 4:59:59
1001095,4,100047,0,60001,100,1,1,8594,1,10,40,41,1,141,1,10001,2022/03/18 12:00:00,2050/12/31 4:59:59
1001096,4,100041,0,3,0,0,1,8595,1,11,150,116,5,141,1,10001,2022/03/18 12:00:00,2050/12/31 4:59:59
1001097,4,100041,0,4,0,0,1,8596,1,12,34,95,5,141,1,10001,2022/03/18 12:00:00,2050/12/31 4:59:59
1001098,4,100041,0,5,0,0,1,8597,1,13,91,59,20000,141,1,10001,2022/03/18 12:00:00,2050/12/31 4:59:59
1001099,4,100064,12,0,0,0,1,8598,1,14,20,32,2,141,1,10001,2022/03/18 12:00:00,2050/12/31 4:59:59
1001100,4,100064,14,0,0,0,1,8599,1,15,40,111,1,141,1,10001,2022/03/18 12:00:00,2050/12/31 4:59:59
1001101,4,100063,0,300,1,12,1,8600,1,16,20,32,2,141,1,10001,2022/03/18 12:00:00,2050/12/31 4:59:59
1001102,4,100068,800,3,0,0,1,8601,1,17,91,59,20000,141,1,10001,2022/03/18 12:00:00,2050/12/31 4:59:59
1001103,4,100068,1000,2,0,0,1,8602,1,18,40,41,1,141,1,10001,2022/03/18 12:00:00,2050/12/31 4:59:59
1001104,4,100028,0,200000,0,0,1,8603,1,19,91,59,20000,141,1,10001,2022/03/18 12:00:00,2050/12/31 4:59:59
1001105,4,100028,0,400000,0,0,1,8604,1,20,40,111,1,141,1,10001,2022/03/18 12:00:00,2050/12/31 4:59:59
1001106,4,100045,1,7,13,0,1,8605,1,21,91,59,30000,141,1,10001,2022/03/18 12:00:00,2050/12/31 4:59:59
1001107,4,100045,2,7,13,0,1,8606,1,22,91,59,30000,141,1,10001,2022/03/18 12:00:00,2050/12/31 4:59:59
1001108,4,100045,3,7,13,0,1,8607,1,23,91,59,30000,141,1,10001,2022/03/18 12:00:00,2050/12/31 4:59:59
1001109,4,100045,4,7,13,0,1,8608,1,24,91,59,30000,141,1,10001,2022/03/18 12:00:00,2050/12/31 4:59:59
1001110,4,100045,0,7,13,2,1,8609,1,25,91,59,30000,141,1,10001,2022/03/18 12:00:00,2050/12/31 4:59:59
1001111,4,100004,14,0,0,0,1,8610,1,26,90,43,300,141,1,10001,2022/03/18 12:00:00,2050/12/31 4:59:59
1001121,4,100004,1,0,0,0,1,8611,1,1,91,59,10000,146,1,10001,2022/03/21 5:00:00,2022/03/28 4:59:59
1001122,4,100004,1,0,0,0,3,8612,1,2,91,59,10000,146,1,10001,2022/03/21 5:00:00,2022/03/28 4:59:59
1001123,4,100004,1,0,0,0,5,8613,1,3,91,59,10000,146,1,10001,2022/03/21 5:00:00,2022/03/28 4:59:59
1001124,4,100004,1,0,0,0,10,8614,1,4,91,59,10000,146,1,10001,2022/03/21 5:00:00,2022/03/28 4:59:59
1001125,4,100003,301701,0,0,0,1,8615,1,5,150,116,1,146,1,10001,2022/03/21 5:00:00,2022/03/28 4:59:59
1001126,4,100003,301901,0,0,0,1,8616,1,6,150,116,1,146,1,10001,2022/03/21 5:00:00,2022/03/28 4:59:59
1001127,4,100003,100201,0,0,0,1,8617,1,7,30,110,10000,146,1,10001,2022/03/21 5:00:00,2022/03/28 4:59:59
1001128,4,900001,4,0,0,0,7,8618,1,8,90,43,150,146,1,0,2022/03/21 5:00:00,2022/03/28 4:59:59
1001131,4,100004,1,0,0,0,1,8619,1,1,91,59,10000,147,1,10001,2022/03/28 5:00:00,2022/04/04 4:59:59
1001132,4,100004,1,0,0,0,3,8620,1,2,91,59,10000,147,1,10001,2022/03/28 5:00:00,2022/04/04 4:59:59
1001133,4,100004,1,0,0,0,5,8621,1,3,91,59,10000,147,1,10001,2022/03/28 5:00:00,2022/04/04 4:59:59
1001134,4,100004,1,0,0,0,10,8622,1,4,91,59,10000,147,1,10001,2022/03/28 5:00:00,2022/04/04 4:59:59
1001135,4,100003,200501,0,0,0,1,8623,1,5,150,116,1,147,1,10001,2022/03/28 5:00:00,2022/04/04 4:59:59
1001136,4,100003,200701,0,0,0,1,8624,1,6,150,116,1,147,1,10001,2022/03/28 5:00:00,2022/04/04 4:59:59
1001137,4,100003,100301,0,0,0,1,8625,1,7,30,110,10000,147,1,10001,2022/03/28 5:00:00,2022/04/04 4:59:59
1001138,4,900001,4,0,0,0,7,8626,1,8,90,43,150,147,1,0,2022/03/28 5:00:00,2022/04/04 4:59:59
1001141,4,100004,1,0,0,0,1,8627,1,1,91,59,10000,148,1,10001,2022/04/04 5:00:00,2022/04/11 4:59:59
1001142,4,100004,1,0,0,0,3,8628,1,2,91,59,10000,148,1,10001,2022/04/04 5:00:00,2022/04/11 4:59:59
1001143,4,100004,1,0,0,0,5,8629,1,3,91,59,10000,148,1,10001,2022/04/04 5:00:00,2022/04/11 4:59:59
1001144,4,100004,1,0,0,0,10,8630,1,4,91,59,10000,148,1,10001,2022/04/04 5:00:00,2022/04/11 4:59:59
1001145,4,100025,301801,3,0,0,1,8631,1,5,150,116,1,148,1,10001,2022/04/04 5:00:00,2022/04/11 4:59:59
1001146,4,100025,200801,3,0,0,1,8632,1,6,150,116,1,148,1,10001,2022/04/04 5:00:00,2022/04/11 4:59:59
1001147,4,100003,100401,0,0,0,1,8633,1,7,30,110,10000,148,1,10001,2022/04/04 5:00:00,2022/04/11 4:59:59
1001148,4,900001,4,0,0,0,7,8634,1,8,90,43,150,148,1,0,2022/04/04 5:00:00,2022/04/11 4:59:59
1001151,4,100004,1,0,0,0,1,8635,1,1,91,59,10000,149,1,10001,2022/04/11 5:00:00,2022/04/18 4:59:59
1001152,4,100004,1,0,0,0,3,8636,1,2,91,59,10000,149,1,10001,2022/04/11 5:00:00,2022/04/18 4:59:59
1001153,4,100004,1,0,0,0,5,8637,1,3,91,59,10000,149,1,10001,2022/04/11 5:00:00,2022/04/18 4:59:59
1001154,4,100004,1,0,0,0,10,8638,1,4,91,59,10000,149,1,10001,2022/04/11 5:00:00,2022/04/18 4:59:59
1001155,4,100025,200601,3,0,0,1,8639,1,5,150,116,1,149,1,10001,2022/04/11 5:00:00,2022/04/18 4:59:59
1001156,4,100025,201001,3,0,0,1,8640,1,6,150,116,1,149,1,10001,2022/04/11 5:00:00,2022/04/18 4:59:59
1001157,4,100003,100501,0,0,0,1,8641,1,7,30,110,10000,149,1,10001,2022/04/11 5:00:00,2022/04/18 4:59:59
1001158,4,900001,4,0,0,0,7,8642,1,8,90,43,150,149,1,0,2022/04/11 5:00:00,2022/04/18 4:59:59
1001161,4,100004,1,0,0,0,1,8643,1,1,91,59,10000,155,1,10001,2022/04/25 12:00:00,2022/05/02 4:59:59
1001162,4,100004,1,0,0,0,3,8644,1,2,91,59,10000,155,1,10001,2022/04/25 12:00:00,2022/05/02 4:59:59
1001163,4,100004,1,0,0,0,5,8645,1,3,91,59,10000,155,1,10001,2022/04/25 12:00:00,2022/05/02 4:59:59
1001164,4,100004,1,0,0,0,10,8646,1,4,91,59,10000,155,1,10001,2022/04/25 12:00:00,2022/05/02 4:59:59
1001165,4,100003,200901,0,0,0,1,8647,1,5,150,116,1,155,1,10001,2022/04/25 12:00:00,2022/05/02 4:59:59
1001166,4,100003,201101,0,0,0,1,8648,1,6,150,116,1,155,1,10001,2022/04/25 12:00:00,2022/05/02 4:59:59
1001167,4,100003,100601,0,0,0,1,8649,1,7,30,110,10000,155,1,10001,2022/04/25 12:00:00,2022/05/02 4:59:59
1001168,4,900001,4,0,0,0,7,8650,1,8,90,43,150,155,1,0,2022/04/25 12:00:00,2022/05/02 4:59:59
1001171,4,100004,1,0,0,0,1,8651,1,1,91,59,10000,156,1,10001,2022/05/02 5:00:00,2022/05/09 4:59:59
1001172,4,100004,1,0,0,0,3,8652,1,2,91,59,10000,156,1,10001,2022/05/02 5:00:00,2022/05/09 4:59:59
1001173,4,100004,1,0,0,0,5,8653,1,3,91,59,10000,156,1,10001,2022/05/02 5:00:00,2022/05/09 4:59:59
1001174,4,100004,1,0,0,0,10,8654,1,4,91,59,10000,156,1,10001,2022/05/02 5:00:00,2022/05/09 4:59:59
1001175,4,100025,301601,3,0,0,1,8655,1,5,150,116,1,156,1,10001,2022/05/02 5:00:00,2022/05/09 4:59:59
1001176,4,100025,201301,3,0,0,1,8656,1,6,150,116,1,156,1,10001,2022/05/02 5:00:00,2022/05/09 4:59:59
1001177,4,100003,100701,0,0,0,1,8657,1,7,30,110,10000,156,1,10001,2022/05/02 5:00:00,2022/05/09 4:59:59
1001178,4,900001,4,0,0,0,7,8658,1,8,90,43,150,156,1,0,2022/05/02 5:00:00,2022/05/09 4:59:59
1001181,4,100004,1,0,0,0,1,8659,1,1,91,59,10000,157,1,10001,2022/05/09 5:00:00,2022/05/16 4:59:59
1001182,4,100004,1,0,0,0,3,8660,1,2,91,59,10000,157,1,10001,2022/05/09 5:00:00,2022/05/16 4:59:59
1001183,4,100004,1,0,0,0,5,8661,1,3,91,59,10000,157,1,10001,2022/05/09 5:00:00,2022/05/16 4:59:59
1001184,4,100004,1,0,0,0,10,8662,1,4,91,59,10000,157,1,10001,2022/05/09 5:00:00,2022/05/16 4:59:59
1001185,4,100025,201201,2,0,0,1,8663,1,5,150,116,1,157,1,10001,2022/05/09 5:00:00,2022/05/16 4:59:59
1001186,4,100025,302701,2,0,0,1,8664,1,6,150,116,1,157,1,10001,2022/05/09 5:00:00,2022/05/16 4:59:59
1001187,4,100003,100801,0,0,0,1,8665,1,7,30,110,10000,157,1,10001,2022/05/09 5:00:00,2022/05/16 4:59:59
1001188,4,900001,4,0,0,0,7,8666,1,8,90,43,150,157,1,0,2022/05/09 5:00:00,2022/05/16 4:59:59
1001191,4,100004,1,0,0,0,1,8667,1,1,91,59,10000,158,1,10001,2022/05/16 5:00:00,2022/05/23 4:59:59
1001192,4,100004,1,0,0,0,3,8668,1,2,91,59,10000,158,1,10001,2022/05/16 5:00:00,2022/05/23 4:59:59
1001193,4,100004,1,0,0,0,5,8669,1,3,91,59,10000,158,1,10001,2022/05/16 5:00:00,2022/05/23 4:59:59
1001194,4,100004,1,0,0,0,10,8670,1,4,91,59,10000,158,1,10001,2022/05/16 5:00:00,2022/05/23 4:59:59
1001195,4,100025,201501,2,0,0,1,8671,1,5,150,116,1,158,1,10001,2022/05/16 5:00:00,2022/05/23 4:59:59
1001196,4,100025,100401,5,0,0,1,8672,1,6,150,116,1,158,1,10001,2022/05/16 5:00:00,2022/05/23 4:59:59
1001197,4,100003,100901,0,0,0,1,8673,1,7,30,110,10000,158,1,10001,2022/05/16 5:00:00,2022/05/23 4:59:59
1001198,4,900001,4,0,0,0,7,8674,1,8,90,43,150,158,1,0,2022/05/16 5:00:00,2022/05/23 4:59:59
1001201,4,100004,1,0,0,0,1,8675,1,1,91,59,10000,159,1,10001,2022/05/23 5:00:00,2022/05/30 4:59:59
1001202,4,100004,1,0,0,0,3,8676,1,2,91,59,10000,159,1,10001,2022/05/23 5:00:00,2022/05/30 4:59:59
1001203,4,100004,1,0,0,0,5,8677,1,3,91,59,10000,159,1,10001,2022/05/23 5:00:00,2022/05/30 4:59:59
1001204,4,100004,1,0,0,0,10,8678,1,4,91,59,10000,159,1,10001,2022/05/23 5:00:00,2022/05/30 4:59:59
1001205,4,100025,201601,2,0,0,1,8679,1,5,150,116,1,159,1,10001,2022/05/23 5:00:00,2022/05/30 4:59:59
1001206,4,100025,100501,5,0,0,1,8680,1,6,150,116,1,159,1,10001,2022/05/23 5:00:00,2022/05/30 4:59:59
1001207,4,100003,101001,0,0,0,1,8681,1,7,30,110,10000,159,1,10001,2022/05/23 5:00:00,2022/05/30 4:59:59
1001208,4,900001,4,0,0,0,7,8682,1,8,90,43,150,159,1,0,2022/05/23 5:00:00,2022/05/30 4:59:59
1001211,4,100004,1,0,0,0,1,8683,1,1,91,59,10000,160,1,10001,2022/05/30 5:00:00,2022/06/06 4:59:59
1001212,4,100004,1,0,0,0,3,8684,1,2,91,59,10000,160,1,10001,2022/05/30 5:00:00,2022/06/06 4:59:59
1001213,4,100004,1,0,0,0,5,8685,1,3,91,59,10000,160,1,10001,2022/05/30 5:00:00,2022/06/06 4:59:59
1001214,4,100004,1,0,0,0,10,8686,1,4,91,59,10000,160,1,10001,2022/05/30 5:00:00,2022/06/06 4:59:59
1001215,4,100003,201401,0,0,0,1,8687,1,5,150,116,1,160,1,10001,2022/05/30 5:00:00,2022/06/06 4:59:59
1001216,4,100003,201801,0,0,0,1,8688,1,6,150,116,1,160,1,10001,2022/05/30 5:00:00,2022/06/06 4:59:59
1001217,4,100003,101101,0,0,0,1,8689,1,7,30,110,10000,160,1,10001,2022/05/30 5:00:00,2022/06/06 4:59:59
1001218,4,900001,4,0,0,0,7,8690,1,8,90,43,150,160,1,0,2022/05/30 5:00:00,2022/06/06 4:59:59
1001221,4,100004,1,0,0,0,1,8691,1,1,91,59,10000,161,1,10001,2022/06/20 5:00:00,2022/06/27 4:59:59
1001222,4,100004,1,0,0,0,3,8692,1,2,91,59,10000,161,1,10001,2022/06/20 5:00:00,2022/06/27 4:59:59
1001223,4,100004,1,0,0,0,5,8693,1,3,91,59,10000,161,1,10001,2022/06/20 5:00:00,2022/06/27 4:59:59
1001224,4,100004,1,0,0,0,10,8694,1,4,91,59,10000,161,1,10001,2022/06/20 5:00:00,2022/06/27 4:59:59
1001225,4,100027,0,0,0,0,500000,8695,1,5,150,116,1,161,1,10001,2022/06/20 5:00:00,2022/06/27 4:59:59
1001226,4,100027,0,0,0,0,1000000,8696,1,6,150,116,1,161,1,10001,2022/06/20 5:00:00,2022/06/27 4:59:59
1001227,4,100003,101201,0,0,0,1,8697,1,7,30,110,10000,161,1,10001,2022/06/20 5:00:00,2022/06/27 4:59:59
1001228,4,900001,4,0,0,0,7,8698,1,8,90,43,150,161,1,0,2022/06/20 5:00:00,2022/06/27 4:59:59
1001231,4,100004,1,0,0,0,1,8699,1,1,91,59,10000,180,1,10001,2022/06/23 12:00:00,2022/06/30 4:59:59
1001232,4,100004,1,0,0,0,3,8700,1,2,91,59,10000,180,1,10001,2022/06/23 12:00:00,2022/06/30 4:59:59
1001233,4,100004,1,0,0,0,5,8701,1,3,91,59,10000,180,1,10001,2022/06/23 12:00:00,2022/06/30 4:59:59
1001234,4,100004,1,0,0,0,10,8702,1,4,91,59,10000,180,1,10001,2022/06/23 12:00:00,2022/06/30 4:59:59
1001235,4,100003,302601,0,0,0,1,8703,1,5,34,95,1,180,1,10001,2022/06/23 12:00:00,2022/06/30 4:59:59
1001236,4,100003,302901,0,0,0,1,8704,1,6,34,95,1,180,1,10001,2022/06/23 12:00:00,2022/06/30 4:59:59
1001237,4,100003,110101,0,0,0,1,8705,1,7,30,110,10000,180,1,10001,2022/06/23 12:00:00,2022/06/30 4:59:59
1001238,4,900001,4,0,0,0,7,8706,1,8,90,43,150,180,1,0,2022/06/23 12:00:00,2022/06/30 4:59:59
1001241,4,100004,1,0,0,0,1,8707,1,1,91,59,10000,183,1,10001,2022/07/07 5:00:00,2022/07/14 4:59:59
1001242,4,100004,1,0,0,0,3,8708,1,2,91,59,10000,183,1,10001,2022/07/07 5:00:00,2022/07/14 4:59:59
1001243,4,100004,1,0,0,0,5,8709,1,3,91,59,10000,183,1,10001,2022/07/07 5:00:00,2022/07/14 4:59:59
1001244,4,100004,1,0,0,0,10,8710,1,4,91,59,10000,183,1,10001,2022/07/07 5:00:00,2022/07/14 4:59:59
1001245,4,100003,303301,0,0,0,1,8711,1,5,34,95,2,183,1,10001,2022/07/07 5:00:00,2022/07/14 4:59:59
1001246,4,100003,110201,0,0,0,1,8712,1,7,30,110,10000,183,1,10001,2022/07/07 5:00:00,2022/07/14 4:59:59
1001247,4,900001,4,0,0,0,6,8713,1,8,90,43,150,183,1,0,2022/07/07 5:00:00,2022/07/14 4:59:59
1001248,4,900001,4,0,0,0,14,8714,1,1,90,43,500,217,1,0,2022/08/16 12:00:00,2022/09/30 4:59:59
1001249,4,100072,0,0,0,0,5,8715,1,2,40,111,1,217,1,10001,2022/08/16 12:00:00,2022/09/30 4:59:59
1001250,4,100072,0,0,0,0,10,8716,1,3,40,111,1,217,1,10001,2022/08/16 12:00:00,2022/09/30 4:59:59
1001251,4,100007,100,1,0,0,30,8717,1,4,30,110,20000,217,1,10001,2022/08/16 12:00:00,2022/09/30 4:59:59
1001252,4,100007,100,1,0,0,50,8718,1,5,30,110,40000,217,1,10001,2022/08/16 12:00:00,2022/09/30 4:59:59
1001253,4,100027,0,0,0,0,1500000,8719,1,6,34,95,10,217,1,10001,2022/08/16 12:00:00,2022/09/30 4:59:59
1001254,4,100043,0,0,0,0,50000,8720,1,7,40,41,1,217,1,10001,2022/08/16 12:00:00,2022/09/30 4:59:59
1001255,4,100043,0,0,0,0,100000,8721,1,8,40,41,1,217,1,10001,2022/08/16 12:00:00,2022/09/30 4:59:59
1001256,4,100004,13,0,0,0,1,8722,1,9,11,161,1,217,1,10001,2022/08/16 12:00:00,2022/09/30 4:59:59
1001257,4,100068,1200,1,0,0,1,8723,1,10,91,59,40000,217,1,10001,2022/08/16 12:00:00,2022/09/30 4:59:59
1001258,4,100073,0,0,0,0,1,8724,1,11,11,160,4,217,1,10001,2022/08/16 12:00:00,2022/09/30 4:59:59
1001259,4,200033,0,0,0,0,1,8725,1,12,91,59,20000,217,1,20011,2022/08/16 12:00:00,2022/09/30 4:59:59
1001260,4,200033,0,0,0,0,3,8726,1,13,91,59,40000,217,1,20011,2022/08/16 12:00:00,2022/09/30 4:59:59
1001261,4,200005,0,0,0,0,5,8727,1,14,30,110,10000,217,1,20001,2022/08/16 12:00:00,2022/09/30 4:59:59
1001262,4,200005,0,0,0,0,10,8728,1,15,21,34,10,217,1,20001,2022/08/16 12:00:00,2022/09/30 4:59:59
1001263,4,900001,4,0,0,0,14,8729,1,1,90,43,500,218,1,0,2022/08/24 12:00:00,2022/09/30 4:59:59
1001264,4,100074,1,2,0,0,5,8730,1,2,164,150,1,218,1,10001,2022/08/24 12:00:00,2022/09/30 4:59:59
1001265,4,100074,1,2,0,0,10,8731,1,3,164,149,1,218,1,10001,2022/08/24 12:00:00,2022/09/30 4:59:59
1001266,4,100037,233,0,0,0,1,8732,1,4,91,59,20000,218,1,10001,2022/08/24 12:00:00,2022/09/30 4:59:59
1001267,4,100037,235,0,0,0,1,8733,1,5,30,110,20000,218,1,10001,2022/08/24 12:00:00,2022/09/30 4:59:59
1001268,4,100038,0,210071,0,0,1,8734,1,6,51,30121,1,218,1,10001,2022/08/24 12:00:00,2022/09/30 4:59:59
1001269,4,100071,0,0,0,0,700,8735,1,7,91,59,20000,218,1,10001,2022/08/24 12:00:00,2022/09/30 4:59:59
1001270,4,100075,1,4,0,0,1,8736,1,8,11,161,1,218,1,10001,2022/08/24 12:00:00,2022/09/30 4:59:59
1001271,4,100076,45,0,0,0,1,8737,1,9,11,162,1,218,1,10001,2022/08/24 12:00:00,2022/09/30 4:59:59
1001272,4,100074,2,1,0,0,50,8738,1,10,51,30121,1,218,1,10001,2022/08/24 12:00:00,2022/09/30 4:59:59
1001273,4,100077,1038,0,0,0,1,8739,1,11,51,30121,1,218,1,10001,2022/08/24 12:00:00,2022/09/30 4:59:59
1001274,4,100077,1039,0,0,0,1,8740,1,12,30,110,20000,218,1,10001,2022/08/24 12:00:00,2022/09/30 4:59:59
1001275,4,100077,1020,0,0,0,1,8741,1,13,30,110,20000,218,1,10001,2022/08/24 12:00:00,2022/09/30 4:59:59
1001276,4,100068,1201,1,0,0,1,8742,1,14,91,59,40000,218,1,10001,2022/08/24 12:00:00,2022/09/30 4:59:59
1001277,4,100078,0,0,0,0,1,8743,1,15,91,59,20000,218,1,10001,2022/08/24 12:00:00,2022/09/30 4:59:59
1001278,4,900001,4,0,0,0,14,8744,1,1,90,43,500,219,1,0,2022/09/02 12:00:00,2050/12/31 4:59:59
1001279,4,100074,2,3,0,0,5,8745,1,2,11,162,1,219,1,10001,2022/09/02 12:00:00,2050/12/31 4:59:59
1001280,4,100079,20,0,0,0,1,8746,1,3,11,163,1,219,1,10001,2022/09/02 12:00:00,2050/12/31 4:59:59
1001281,4,100039,0,3000101,0,0,1,8747,1,4,40,41,1,219,1,10001,2022/09/02 12:00:00,2050/12/31 4:59:59
1001282,4,100039,0,3000201,0,0,1,8748,1,5,40,111,1,219,1,10001,2022/09/02 12:00:00,2050/12/31 4:59:59
1001283,4,100039,0,3000301,0,0,1,8749,1,6,164,150,1,219,1,10001,2022/09/02 12:00:00,2050/12/31 4:59:59
1001284,4,100039,0,3000401,0,0,1,8750,1,7,42,178,1,219,1,10001,2022/09/02 12:00:00,2050/12/31 4:59:59
1001285,4,100004,15,0,0,0,3,8751,1,8,91,59,20000,219,1,10001,2022/09/02 12:00:00,2050/12/31 4:59:59
1001286,4,100068,1201,1,1,0,1,8752,1,9,91,59,20000,219,1,10001,2022/09/02 12:00:00,2050/12/31 4:59:59
1001287,4,100068,1201,1,2,0,1,8753,1,10,91,59,20000,219,1,10001,2022/09/02 12:00:00,2050/12/31 4:59:59
1001288,4,100068,1201,1,3,0,1,8754,1,11,91,59,20000,219,1,10001,2022/09/02 12:00:00,2050/12/31 4:59:59
1001289,4,100068,1201,1,4,0,1,8755,1,12,91,59,20000,219,1,10001,2022/09/02 12:00:00,2050/12/31 4:59:59
1001290,4,100068,1201,1,5,0,1,8756,1,13,91,59,20000,219,1,10001,2022/09/02 12:00:00,2050/12/31 4:59:59
1001291,4,100068,1201,2,0,0,1,8757,1,14,91,59,20000,219,1,10001,2022/09/02 12:00:00,2050/12/31 4:59:59
1001292,4,100080,4800,0,0,0,1,8758,1,15,91,59,20000,219,1,10001,2022/09/02 12:00:00,2050/12/31 4:59:59
1001301,4,100072,0,0,0,0,1,8759,1,1,91,59,20000,194,1,10001,2022/09/26 12:00:00,2022/10/03 4:59:59
1001302,4,100072,0,0,0,0,2,8760,1,2,91,59,20000,194,1,10001,2022/09/26 12:00:00,2022/10/03 4:59:59
1001303,4,100003,305001,0,0,0,1,8761,1,3,34,95,1,194,1,10001,2022/09/26 12:00:00,2022/10/03 4:59:59
1001304,4,100003,202101,0,0,0,1,8762,1,4,34,95,1,194,1,10001,2022/09/26 12:00:00,2022/10/03 4:59:59
1001305,4,100003,101301,0,0,0,1,8763,1,5,30,110,10000,194,1,10001,2022/09/26 12:00:00,2022/10/03 4:59:59
1001306,4,900001,4,0,0,0,5,8764,1,6,90,43,150,194,1,0,2022/09/26 12:00:00,2022/10/03 4:59:59
1001311,4,100072,0,0,0,0,1,8765,1,1,91,59,20000,195,1,10001,2022/10/04 5:00:00,2022/10/11 4:59:59
1001312,4,100072,0,0,0,0,2,8766,1,2,91,59,20000,195,1,10001,2022/10/04 5:00:00,2022/10/11 4:59:59
1001313,4,100003,307701,0,0,0,1,8767,1,3,34,95,2,195,1,10001,2022/10/04 5:00:00,2022/10/11 4:59:59
1001314,4,100003,111001,0,0,0,1,8768,1,4,30,110,10000,195,1,10001,2022/10/04 5:00:00,2022/10/11 4:59:59
1001315,4,900001,4,0,0,0,4,8769,1,5,90,43,150,195,1,0,2022/10/04 5:00:00,2022/10/11 4:59:59
1001321,4,100072,0,0,0,0,1,8770,1,1,91,59,20000,196,1,10001,2022/10/10 5:00:00,2022/10/17 4:59:59
1001322,4,100072,0,0,0,0,2,8771,1,2,91,59,20000,196,1,10001,2022/10/10 5:00:00,2022/10/17 4:59:59
1001323,4,100025,305401,3,0,0,1,8772,1,3,34,95,1,196,1,10001,2022/10/10 5:00:00,2022/10/17 4:59:59
1001324,4,100025,202201,3,0,0,1,8773,1,4,34,95,1,196,1,10001,2022/10/10 5:00:00,2022/10/17 4:59:59
1001325,4,100003,101401,0,0,0,1,8774,1,5,30,110,10000,196,1,10001,2022/10/10 5:00:00,2022/10/17 4:59:59
1001326,4,900001,4,0,0,0,5,8775,1,6,90,43,150,196,1,0,2022/10/10 5:00:00,2022/10/17 4:59:59
1001331,4,100072,0,0,0,0,1,8776,1,1,91,59,20000,197,1,10001,2022/10/17 5:00:00,2022/10/24 4:59:59
1001332,4,100072,0,0,0,0,2,8777,1,2,91,59,20000,197,1,10001,2022/10/17 5:00:00,2022/10/24 4:59:59
1001333,4,100025,202301,3,0,0,1,8778,1,3,34,95,1,197,1,10001,2022/10/17 5:00:00,2022/10/24 4:59:59
1001334,4,100025,202401,3,0,0,1,8779,1,4,34,95,1,197,1,10001,2022/10/17 5:00:00,2022/10/24 4:59:59
1001335,4,100003,101501,0,0,0,1,8780,1,5,30,110,10000,197,1,10001,2022/10/17 5:00:00,2022/10/24 4:59:59
1001336,4,900001,4,0,0,0,5,8781,1,6,90,43,150,197,1,0,2022/10/17 5:00:00,2022/10/24 4:59:59
1001341,4,100072,0,0,0,0,1,8782,1,1,91,59,20000,198,1,10001,2022/10/24 12:00:00,2022/10/31 4:59:59
1001342,4,100072,0,0,0,0,2,8783,1,2,91,59,20000,198,1,10001,2022/10/24 12:00:00,2022/10/31 4:59:59
1001343,4,100003,202501,0,0,0,1,8784,1,3,34,95,1,198,1,10001,2022/10/24 12:00:00,2022/10/31 4:59:59
1001344,4,100003,202601,0,0,0,1,8785,1,4,34,95,1,198,1,10001,2022/10/24 12:00:00,2022/10/31 4:59:59
1001345,4,100003,202701,0,0,0,1,8786,1,5,34,95,1,198,1,10001,2022/10/24 12:00:00,2022/10/31 4:59:59
1001346,4,100003,101601,0,0,0,1,8787,1,6,30,110,10000,198,1,10001,2022/10/24 12:00:00,2022/10/31 4:59:59
1001347,4,900001,4,0,0,0,6,8788,1,7,90,43,150,198,1,0,2022/10/24 12:00:00,2022/10/31 4:59:59
1001351,4,100003,204101,0,0,0,1,8789,1,1,91,59,20000,199,1,10001,2022/10/28 5:00:00,2022/11/04 4:59:59
1001352,4,100003,111001,0,0,0,1,8790,1,2,34,95,1,199,1,10001,2022/10/28 5:00:00,2022/11/04 4:59:59
1001353,4,100003,110501,0,0,0,1,8791,1,3,30,110,10000,199,1,10001,2022/10/28 5:00:00,2022/11/04 4:59:59
1001354,4,100003,203701,0,0,0,1,8792,1,4,91,59,20000,199,1,10001,2022/10/28 5:00:00,2022/11/04 4:59:59
1001355,4,100003,110401,0,0,0,1,8793,1,5,30,110,10000,199,1,10001,2022/10/28 5:00:00,2022/11/04 4:59:59
1001356,4,100003,203601,0,0,0,1,8794,1,6,34,95,1,199,1,10001,2022/10/28 5:00:00,2022/11/04 4:59:59
1001357,4,100003,110301,0,0,0,1,8795,1,7,30,110,10000,199,1,10001,2022/10/28 5:00:00,2022/11/04 4:59:59
1001358,4,900001,4,0,0,0,7,8796,1,8,90,43,150,199,1,0,2022/10/28 5:00:00,2022/11/04 4:59:59
1001361,4,100072,0,0,0,0,1,8797,1,1,91,59,20000,200,1,10001,2022/11/07 5:00:00,2022/11/14 4:59:59
1001362,4,100072,0,0,0,0,2,8798,1,2,91,59,20000,200,1,10001,2022/11/07 5:00:00,2022/11/14 4:59:59
1001363,4,100003,202801,0,0,0,1,8799,1,3,34,95,2,200,1,10001,2022/11/07 5:00:00,2022/11/14 4:59:59
1001364,4,100003,101701,0,0,0,1,8800,1,4,30,110,10000,200,1,10001,2022/11/07 5:00:00,2022/11/14 4:59:59
1001365,4,900001,4,0,0,0,4,8801,1,5,90,43,150,200,1,0,2022/11/07 5:00:00,2022/11/14 4:59:59
1001371,4,100072,0,0,0,0,1,8802,1,1,91,59,20000,201,1,10001,2022/11/14 5:00:00,2022/11/21 4:59:59
1001372,4,100072,0,0,0,0,2,8803,1,2,91,59,20000,201,1,10001,2022/11/14 5:00:00,2022/11/21 4:59:59
1001373,4,100003,305801,0,0,0,1,8804,1,3,34,95,1,201,1,10001,2022/11/14 5:00:00,2022/11/21 4:59:59
1001374,4,100003,202901,0,0,0,1,8805,1,4,34,95,1,201,1,10001,2022/11/14 5:00:00,2022/11/21 4:59:59
1001375,4,100003,101801,0,0,0,1,8806,1,5,30,110,10000,201,1,10001,2022/11/14 5:00:00,2022/11/21 4:59:59
1001376,4,900001,4,0,0,0,5,8807,1,6,90,43,150,201,1,0,2022/11/14 5:00:00,2022/11/21 4:59:59
1001381,4,100072,0,0,0,0,1,8808,1,1,91,59,20000,202,1,10001,2022/11/21 5:00:00,2022/11/28 4:59:59
1001382,4,100072,0,0,0,0,2,8809,1,2,91,59,20000,202,1,10001,2022/11/21 5:00:00,2022/11/28 4:59:59
1001383,4,100027,0,0,0,0,1000000,8810,1,3,34,95,2,202,1,10001,2022/11/21 5:00:00,2022/11/28 4:59:59
1001384,4,100003,101901,0,0,0,1,8811,1,4,30,110,10000,202,1,10001,2022/11/21 5:00:00,2022/11/28 4:59:59
1001385,4,900001,4,0,0,0,4,8812,1,5,90,43,150,202,1,0,2022/11/21 5:00:00,2022/11/28 4:59:59
1001391,4,100072,0,0,0,0,1,8813,1,1,91,59,20000,203,1,10001,2022/11/28 5:00:00,2022/12/05 4:59:59
1001392,4,100072,0,0,0,0,2,8814,1,2,91,59,20000,203,1,10001,2022/11/28 5:00:00,2022/12/05 4:59:59
1001393,4,100003,306101,0,0,0,1,8815,1,3,34,95,1,203,1,10001,2022/11/28 5:00:00,2022/12/05 4:59:59
1001394,4,100003,306201,0,0,0,1,8816,1,4,34,95,1,203,1,10001,2022/11/28 5:00:00,2022/12/05 4:59:59
1001395,4,100003,102001,0,0,0,1,8817,1,5,30,110,10000,203,1,10001,2022/11/28 5:00:00,2022/12/05 4:59:59
1001396,4,900001,4,0,0,0,5,8818,1,6,90,43,150,203,1,0,2022/11/28 5:00:00,2022/12/05 4:59:59
1001401,4,100072,0,0,0,0,1,8819,1,1,91,59,20000,204,1,10001,2022/12/05 12:00:00,2022/12/12 4:59:59
1001402,4,100072,0,0,0,0,2,8820,1,2,91,59,20000,204,1,10001,2022/12/05 12:00:00,2022/12/12 4:59:59
1001403,4,100003,305901,0,0,0,1,8821,1,3,34,95,1,204,1,10001,2022/12/05 12:00:00,2022/12/12 4:59:59
1001404,4,100003,306001,0,0,0,1,8822,1,4,34,95,1,204,1,10001,2022/12/05 12:00:00,2022/12/12 4:59:59
1001405,4,100003,102101,0,0,0,1,8823,1,5,30,110,10000,204,1,10001,2022/12/05 12:00:00,2022/12/12 4:59:59
1001406,4,900001,4,0,0,0,5,8824,1,6,90,43,150,204,1,0,2022/12/05 12:00:00,2022/12/12 4:59:59
1001411,4,100072,0,0,0,0,1,8825,1,1,91,59,20000,205,1,10001,2022/12/08 5:00:00,2022/12/15 4:59:59
1001412,4,100072,0,0,0,0,2,8826,1,2,91,59,20000,205,1,10001,2022/12/08 5:00:00,2022/12/15 4:59:59
1001413,4,100007,100,1,0,0,10,8827,1,3,34,95,2,205,1,10001,2022/12/08 5:00:00,2022/12/15 4:59:59
1001414,4,100003,110801,0,0,0,1,8828,1,4,30,110,10000,205,1,10001,2022/12/08 5:00:00,2022/12/15 4:59:59
1001415,4,900001,4,0,0,0,4,8829,1,5,90,43,150,205,1,0,2022/12/08 5:00:00,2022/12/15 4:59:59
1001421,4,100072,0,0,0,0,1,8830,1,1,91,59,20000,206,1,10001,2022/12/12 5:00:00,2022/12/19 4:59:59
1001422,4,100072,0,0,0,0,2,8831,1,2,91,59,20000,206,1,10001,2022/12/12 5:00:00,2022/12/19 4:59:59
1001423,4,100003,203001,0,0,0,1,8832,1,3,34,95,1,206,1,10001,2022/12/12 5:00:00,2022/12/19 4:59:59
1001424,4,100003,203201,0,0,0,1,8833,1,4,34,95,1,206,1,10001,2022/12/12 5:00:00,2022/12/19 4:59:59
1001425,4,100003,102201,0,0,0,1,8834,1,5,30,110,10000,206,1,10001,2022/12/12 5:00:00,2022/12/19 4:59:59
1001426,4,900001,4,0,0,0,5,8835,1,6,90,43,150,206,1,0,2022/12/12 5:00:00,2022/12/19 4:59:59
1001431,4,100072,0,0,0,0,1,8836,1,1,91,59,20000,207,1,10001,2022/12/19 5:00:00,2022/12/26 4:59:59
1001432,4,100072,0,0,0,0,2,8837,1,2,91,59,20000,207,1,10001,2022/12/19 5:00:00,2022/12/26 4:59:59
1001433,4,100027,0,0,0,0,1000000,8838,1,3,34,95,2,207,1,10001,2022/12/19 5:00:00,2022/12/26 4:59:59
1001434,4,100003,102301,0,0,0,1,8839,1,4,30,110,10000,207,1,10001,2022/12/19 5:00:00,2022/12/26 4:59:59
1001435,4,900001,4,0,0,0,4,8840,1,5,90,43,150,207,1,0,2022/12/19 5:00:00,2022/12/26 4:59:59
1001441,4,100072,0,0,0,0,1,8841,1,1,91,59,20000,208,1,10001,2022/12/22 5:00:00,2022/12/29 4:59:59
1001442,4,100072,0,0,0,0,2,8842,1,2,91,59,20000,208,1,10001,2022/12/22 5:00:00,2022/12/29 4:59:59
1001443,4,100003,306401,0,0,0,1,8843,1,3,34,95,1,208,1,10001,2022/12/22 5:00:00,2022/12/29 4:59:59
1001444,4,100003,306501,0,0,0,1,8844,1,4,34,95,1,208,1,10001,2022/12/22 5:00:00,2022/12/29 4:59:59
1001445,4,100003,102401,0,0,0,1,8845,1,5,30,110,10000,208,1,10001,2022/12/22 5:00:00,2022/12/29 4:59:59
1001446,4,900001,4,0,0,0,5,8846,1,6,90,43,150,208,1,0,2022/12/22 5:00:00,2022/12/29 4:59:59
1001451,4,100072,0,0,0,0,1,8847,1,1,91,59,20000,209,1,10001,2022/12/23 5:00:00,2022/12/30 4:59:59
1001452,4,100072,0,0,0,0,2,8848,1,2,91,59,20000,209,1,10001,2022/12/23 5:00:00,2022/12/30 4:59:59
1001453,4,100007,100,1,0,0,10,8849,1,3,34,95,2,209,1,10001,2022/12/23 5:00:00,2022/12/30 4:59:59
1001454,4,100003,110601,0,0,0,1,8850,1,4,30,110,10000,209,1,10001,2022/12/23 5:00:00,2022/12/30 4:59:59
1001455,4,900001,4,0,0,0,4,8851,1,5,90,43,150,209,1,0,2022/12/23 5:00:00,2022/12/30 4:59:59
1001461,4,100072,0,0,0,0,1,8852,1,1,91,59,20000,277,1,10001,2023/01/26 12:00:00,2023/02/02 4:59:59
1001462,4,100072,0,0,0,0,2,8853,1,2,91,59,20000,277,1,10001,2023/01/26 12:00:00,2023/02/02 4:59:59
1001463,4,100007,100,1,0,0,10,8854,1,3,34,95,2,277,1,10001,2023/01/26 12:00:00,2023/02/02 4:59:59
1001464,4,100003,110701,0,0,0,1,8855,1,4,30,110,10000,277,1,10001,2023/01/26 12:00:00,2023/02/02 4:59:59
1001465,4,900001,4,0,0,0,4,8856,1,5,90,43,150,277,1,0,2023/01/26 12:00:00,2023/02/02 4:59:59
1001471,4,100072,0,0,0,0,1,8857,1,1,91,59,20000,278,1,10001,2023/02/13 5:00:00,2023/02/20 4:59:59
1001472,4,100072,0,0,0,0,2,8858,1,2,91,59,20000,278,1,10001,2023/02/13 5:00:00,2023/02/20 4:59:59
1001473,4,100003,200201,0,0,0,1,8859,1,3,34,95,1,278,1,10001,2023/02/13 5:00:00,2023/02/20 4:59:59
1001474,4,100003,300801,0,0,0,1,8860,1,4,34,95,1,278,1,10001,2023/02/13 5:00:00,2023/02/20 4:59:59
1001475,4,100003,100101,0,0,0,1,8861,1,5,30,110,10000,278,1,10001,2023/02/13 5:00:00,2023/02/20 4:59:59
1001476,4,900001,4,0,0,0,5,8862,1,6,90,43,150,278,1,0,2023/02/13 5:00:00,2023/02/20 4:59:59
1001491,4,900001,4,0,0,0,10,8868,1,1,90,43,500,301,1,0,2023/02/14 12:00:00,2023/03/30 4:59:59
1001492,4,200008,0,0,0,0,6,8869,1,2,91,59,100000,301,1,20003,2023/02/14 12:00:00,2023/03/30 4:59:59
1001493,4,200008,0,0,0,0,18,8870,1,3,11,160,4,301,1,20003,2023/02/14 12:00:00,2023/03/30 4:59:59
1001494,4,200008,0,0,0,0,30,8871,1,4,11,161,2,301,1,20003,2023/02/14 12:00:00,2023/03/30 4:59:59
1001495,4,200008,0,0,0,0,42,8872,1,5,11,162,1,301,1,20003,2023/02/14 12:00:00,2023/03/30 4:59:59
1001496,4,200008,0,0,0,0,60,8873,1,6,40,41,1,301,1,20003,2023/02/14 12:00:00,2023/03/30 4:59:59
1001497,4,200014,0,0,0,0,1000000,8874,1,7,30,110,50000,301,1,20001,2023/02/14 12:00:00,2023/03/30 4:59:59
1001498,4,200014,0,0,0,0,2000000,8875,1,8,34,95,10,301,1,20001,2023/02/14 12:00:00,2023/03/30 4:59:59
1001499,4,200014,0,0,0,0,4000000,8876,1,9,21,34,10,301,1,20001,2023/02/14 12:00:00,2023/03/30 4:59:59
1001500,4,200014,0,0,0,0,7000000,8877,1,10,93,44,5,301,1,20001,2023/02/14 12:00:00,2023/03/30 4:59:59
1001501,4,200014,0,0,0,0,10000000,8878,1,11,40,111,1,301,1,20001,2023/02/14 12:00:00,2023/03/30 4:59:59
1001511,4,900001,4,0,0,0,10,8879,1,1,90,43,500,302,1,0,2023/02/24 12:00:00,2023/03/30 4:59:59
1001512,4,100004,1,5,0,0,1,8880,1,2,51,30136,1,302,1,10001,2023/02/24 12:00:00,2023/03/30 4:59:59
1001513,4,100004,1,5,0,0,3,8881,1,3,51,30136,1,302,1,10001,2023/02/24 12:00:00,2023/03/30 4:59:59
1001514,4,100004,1,5,0,0,5,8882,1,4,40,41,1,302,1,10001,2023/02/24 12:00:00,2023/03/30 4:59:59
1001515,4,100004,1,5,0,0,7,8883,1,5,164,150,1,302,1,10001,2023/02/24 12:00:00,2023/03/30 4:59:59
1001516,4,100004,1,5,0,0,10,8884,1,6,164,149,1,302,1,10001,2023/02/24 12:00:00,2023/03/30 4:59:59
1001517,4,100085,1,0,0,0,1,8885,1,7,51,30136,1,302,1,10001,2023/02/24 12:00:00,2023/03/30 4:59:59
1001518,4,100019,50002,0,0,0,1,8886,1,8,30,110,50000,302,1,10001,2023/02/24 12:00:00,2023/03/30 4:59:59
1001519,4,100019,50003,0,0,0,1,8887,1,9,93,44,5,302,1,10001,2023/02/24 12:00:00,2023/03/30 4:59:59
1001520,4,100019,50004,0,0,0,1,8888,1,10,40,111,1,302,1,10001,2023/02/24 12:00:00,2023/03/30 4:59:59
1001521,4,100041,0,1,6,0,1,8889,1,11,91,59,100000,302,1,10001,2023/02/24 12:00:00,2023/03/30 4:59:59
1001531,4,900001,4,0,0,0,10,8890,1,1,90,43,500,303,1,0,2023/03/10 12:00:00,2023/03/30 4:59:59
1001532,4,100037,269,0,0,0,1,8891,1,2,42,197,1,303,1,10001,2023/03/10 12:00:00,2023/03/30 4:59:59
1001533,4,200033,0,0,0,0,1,8892,1,3,91,59,100000,303,1,20011,2023/03/10 12:00:00,2023/03/30 4:59:59
1001534,4,200033,0,0,0,0,3,8893,1,4,30,110,50000,303,1,20011,2023/03/10 12:00:00,2023/03/30 4:59:59
1001535,4,200033,0,0,0,0,5,8894,1,5,11,162,1,303,1,20011,2023/03/10 12:00:00,2023/03/30 4:59:59
1001536,4,200033,0,0,0,0,10,8895,1,6,11,163,1,303,1,20011,2023/03/10 12:00:00,2023/03/30 4:59:59
1001537,4,200017,1,0,0,0,3,8896,1,7,93,44,5,303,1,20001,2023/03/10 12:00:00,2023/03/30 4:59:59
1001538,4,200017,2,0,0,0,3,8897,1,8,150,116,10,303,1,20001,2023/03/10 12:00:00,2023/03/30 4:59:59
1001539,4,200017,3,0,0,0,3,8898,1,9,164,150,1,303,1,20001,2023/03/10 12:00:00,2023/03/30 4:59:59
1001540,4,200017,4,0,0,0,3,8899,1,10,40,111,1,303,1,20001,2023/03/10 12:00:00,2023/03/30 4:59:59
1001541,4,200017,5,0,0,0,3,8900,1,11,40,41,1,303,1,20001,2023/03/10 12:00:00,2023/03/30 4:59:59
1001551,4,100072,0,0,0,0,1,8901,1,1,91,59,20000,304,1,10001,2023/03/20 12:00:00,2023/03/27 4:59:59
1001552,4,100072,0,0,0,0,2,8902,1,2,91,59,20000,304,1,10001,2023/03/20 12:00:00,2023/03/27 4:59:59
1001553,4,100003,301701,0,0,0,1,8903,1,3,34,95,1,304,1,10001,2023/03/20 12:00:00,2023/03/27 4:59:59
1001554,4,100003,301901,0,0,0,1,8904,1,4,34,95,1,304,1,10001,2023/03/20 12:00:00,2023/03/27 4:59:59
1001555,4,100003,100201,0,0,0,1,8905,1,5,30,110,10000,304,1,10001,2023/03/20 12:00:00,2023/03/27 4:59:59
1001556,4,900001,4,0,0,0,5,8906,1,6,90,43,150,304,1,0,2023/03/20 12:00:00,2023/03/27 4:59:59
1001561,4,100072,0,0,0,0,1,8907,1,1,91,59,20000,305,1,10001,2023/03/27 5:00:00,2023/04/03 4:59:59
1001562,4,100072,0,0,0,0,2,8908,1,2,91,59,20000,305,1,10001,2023/03/27 5:00:00,2023/04/03 4:59:59
1001563,4,100003,200501,0,0,0,1,8909,1,3,34,95,1,305,1,10001,2023/03/27 5:00:00,2023/04/03 4:59:59
1001564,4,100003,200701,0,0,0,1,8910,1,4,34,95,1,305,1,10001,2023/03/27 5:00:00,2023/04/03 4:59:59
1001565,4,100003,100301,0,0,0,1,8911,1,5,30,110,10000,305,1,10001,2023/03/27 5:00:00,2023/04/03 4:59:59
1001566,4,900001,4,0,0,0,5,8912,1,6,90,43,150,305,1,0,2023/03/27 5:00:00,2023/04/03 4:59:59
1001571,4,100072,0,0,0,0,1,8913,1,1,91,59,20000,306,1,10001,2023/04/03 5:00:00,2023/04/10 4:59:59
1001572,4,100072,0,0,0,0,2,8914,1,2,91,59,20000,306,1,10001,2023/04/03 5:00:00,2023/04/10 4:59:59
1001573,4,100025,301801,3,0,0,1,8915,1,3,34,95,1,306,1,10001,2023/04/03 5:00:00,2023/04/10 4:59:59
1001574,4,100025,200801,3,0,0,1,8916,1,4,34,95,1,306,1,10001,2023/04/03 5:00:00,2023/04/10 4:59:59
1001575,4,100003,100401,0,0,0,1,8917,1,5,30,110,10000,306,1,10001,2023/04/03 5:00:00,2023/04/10 4:59:59
1001576,4,900001,4,0,0,0,5,8918,1,6,90,43,150,306,1,0,2023/04/03 5:00:00,2023/04/10 4:59:59
1001581,4,100072,0,0,0,0,1,8919,1,1,91,59,20000,307,1,10001,2023/04/10 5:00:00,2023/04/17 4:59:59
1001582,4,100072,0,0,0,0,2,8920,1,2,91,59,20000,307,1,10001,2023/04/10 5:00:00,2023/04/17 4:59:59
1001583,4,100025,200601,3,0,0,1,8921,1,3,34,95,1,307,1,10001,2023/04/10 5:00:00,2023/04/17 4:59:59
1001584,4,100025,201001,3,0,0,1,8922,1,4,34,95,1,307,1,10001,2023/04/10 5:00:00,2023/04/17 4:59:59
1001585,4,100003,100501,0,0,0,1,8923,1,5,30,110,10000,307,1,10001,2023/04/10 5:00:00,2023/04/17 4:59:59
1001586,4,900001,4,0,0,0,5,8924,1,6,90,43,150,307,1,0,2023/04/10 5:00:00,2023/04/17 4:59:59
1001591,4,100072,0,0,0,0,1,8925,1,1,91,59,20000,308,1,10001,2023/04/24 12:00:00,2023/05/01 4:59:59
1001592,4,100072,0,0,0,0,2,8926,1,2,91,59,20000,308,1,10001,2023/04/24 12:00:00,2023/05/01 4:59:59
1001593,4,100003,200901,0,0,0,1,8927,1,3,34,95,1,308,1,10001,2023/04/24 12:00:00,2023/05/01 4:59:59
1001594,4,100003,201101,0,0,0,1,8928,1,4,34,95,1,308,1,10001,2023/04/24 12:00:00,2023/05/01 4:59:59
1001595,4,100003,100601,0,0,0,1,8929,1,5,30,110,10000,308,1,10001,2023/04/24 12:00:00,2023/05/01 4:59:59
1001596,4,900001,4,0,0,0,5,8930,1,6,90,43,150,308,1,0,2023/04/24 12:00:00,2023/05/01 4:59:59
1001601,4,100072,0,0,0,0,1,8931,1,1,91,59,20000,309,1,10001,2023/04/28 5:00:00,2023/05/05 4:59:59
1001602,4,100072,0,0,0,0,2,8932,1,2,91,59,20000,309,1,10001,2023/04/28 5:00:00,2023/05/05 4:59:59
1001603,4,100025,307201,2,0,0,1,8933,1,3,34,95,2,309,1,10001,2023/04/28 5:00:00,2023/05/05 4:59:59
1001604,4,100003,110901,0,0,0,1,8934,1,4,30,110,10000,309,1,10001,2023/04/28 5:00:00,2023/05/05 4:59:59
1001605,4,900001,4,0,0,0,4,8935,1,5,90,43,150,309,1,0,2023/04/28 5:00:00,2023/05/05 4:59:59
1001611,4,100072,0,0,0,0,1,8936,1,1,91,59,20000,310,1,10001,2023/05/01 5:00:00,2023/05/08 4:59:59
1001612,4,100072,0,0,0,0,2,8937,1,2,91,59,20000,310,1,10001,2023/05/01 5:00:00,2023/05/08 4:59:59
1001613,4,100025,301601,3,0,0,1,8938,1,3,34,95,1,310,1,10001,2023/05/01 5:00:00,2023/05/08 4:59:59
1001614,4,100025,201301,3,0,0,1,8939,1,4,34,95,1,310,1,10001,2023/05/01 5:00:00,2023/05/08 4:59:59
1001615,4,100003,100701,0,0,0,1,8940,1,5,30,110,10000,310,1,10001,2023/05/01 5:00:00,2023/05/08 4:59:59
1001616,4,900001,4,0,0,0,5,8941,1,6,90,43,150,310,1,0,2023/05/01 5:00:00,2023/05/08 4:59:59
1001621,4,100072,0,0,0,0,1,8942,1,1,91,59,20000,311,1,10001,2023/05/08 5:00:00,2023/05/15 4:59:59
1001622,4,100072,0,0,0,0,2,8943,1,2,91,59,20000,311,1,10001,2023/05/08 5:00:00,2023/05/15 4:59:59
1001623,4,100003,201201,0,0,0,1,8944,1,3,34,95,1,311,1,10001,2023/05/08 5:00:00,2023/05/15 4:59:59
1001624,4,100003,302701,0,0,0,1,8945,1,4,34,95,1,311,1,10001,2023/05/08 5:00:00,2023/05/15 4:59:59
1001625,4,100003,100801,0,0,0,1,8946,1,5,30,110,10000,311,1,10001,2023/05/08 5:00:00,2023/05/15 4:59:59
1001626,4,900001,4,0,0,0,5,8947,1,6,90,43,150,311,1,0,2023/05/08 5:00:00,2023/05/15 4:59:59
1001631,4,100072,0,0,0,0,1,8948,1,1,91,59,20000,312,1,10001,2023/05/15 5:00:00,2023/05/22 4:59:59
1001632,4,100072,0,0,0,0,2,8949,1,2,91,59,20000,312,1,10001,2023/05/15 5:00:00,2023/05/22 4:59:59
1001633,4,100025,201501,2,0,0,1,8950,1,3,34,95,1,312,1,10001,2023/05/15 5:00:00,2023/05/22 4:59:59
1001634,4,100025,100401,5,0,0,1,8951,1,4,34,95,1,312,1,10001,2023/05/15 5:00:00,2023/05/22 4:59:59
1001635,4,100003,100901,0,0,0,1,8952,1,5,30,110,10000,312,1,10001,2023/05/15 5:00:00,2023/05/22 4:59:59
1001636,4,900001,4,0,0,0,5,8953,1,6,90,43,150,312,1,0,2023/05/15 5:00:00,2023/05/22 4:59:59
1001641,4,100072,0,0,0,0,1,8954,1,1,91,59,20000,313,1,10001,2023/05/22 5:00:00,2023/05/29 4:59:59
1001642,4,100072,0,0,0,0,2,8955,1,2,91,59,20000,313,1,10001,2023/05/22 5:00:00,2023/05/29 4:59:59
1001643,4,100025,201601,2,0,0,1,8956,1,3,34,95,1,313,1,10001,2023/05/22 5:00:00,2023/05/29 4:59:59
1001644,4,100025,100501,5,0,0,1,8957,1,4,34,95,1,313,1,10001,2023/05/22 5:00:00,2023/05/29 4:59:59
1001645,4,100003,201701,0,0,0,1,8958,1,5,34,95,1,313,1,10001,2023/05/22 5:00:00,2023/05/29 4:59:59
1001646,4,100003,101001,0,0,0,1,8959,1,6,30,110,10000,313,1,10001,2023/05/22 5:00:00,2023/05/29 4:59:59
1001647,4,900001,4,0,0,0,6,8960,1,7,90,43,150,313,1,0,2023/05/22 5:00:00,2023/05/29 4:59:59
1001651,4,100072,0,0,0,0,1,8961,1,1,91,59,20000,316,1,10001,2023/05/29 5:00:00,2023/06/05 4:59:59
1001652,4,100072,0,0,0,0,2,8962,1,2,91,59,20000,316,1,10001,2023/05/29 5:00:00,2023/06/05 4:59:59
1001653,4,100003,201401,0,0,0,1,8963,1,3,34,95,1,316,1,10001,2023/05/29 5:00:00,2023/06/05 4:59:59
1001654,4,100003,201801,0,0,0,1,8964,1,4,34,95,1,316,1,10001,2023/05/29 5:00:00,2023/06/05 4:59:59
1001655,4,100003,101101,0,0,0,1,8965,1,5,30,110,10000,316,1,10001,2023/05/29 5:00:00,2023/06/05 4:59:59
1001656,4,900001,4,0,0,0,5,8966,1,6,90,43,150,316,1,0,2023/05/29 5:00:00,2023/06/05 4:59:59
1001661,4,100072,0,0,0,0,1,8967,1,1,91,59,20000,317,1,10001,2023/06/19 5:00:00,2023/06/26 4:59:59
1001662,4,100072,0,0,0,0,2,8968,1,2,91,59,20000,317,1,10001,2023/06/19 5:00:00,2023/06/26 4:59:59
1001663,4,100027,0,0,0,0,1000000,8969,1,3,34,95,2,317,1,10001,2023/06/19 5:00:00,2023/06/26 4:59:59
1001664,4,100003,101201,0,0,0,1,8970,1,4,30,110,10000,317,1,10001,2023/06/19 5:00:00,2023/06/26 4:59:59
1001665,4,900001,4,0,0,0,4,8971,1,5,90,43,150,317,1,0,2023/06/19 5:00:00,2023/06/26 4:59:59
1001671,4,100072,0,0,0,0,1,8972,1,1,91,59,20000,360,1,10001,2023/06/22 12:00:00,2023/06/29 4:59:59
1001672,4,100072,0,0,0,0,2,8973,1,2,91,59,20000,360,1,10001,2023/06/22 12:00:00,2023/06/29 4:59:59
1001673,4,100025,110901,2,0,0,1,8974,1,3,34,95,2,360,1,10001,2023/06/22 12:00:00,2023/06/29 4:59:59
1001674,4,100003,110101,0,0,0,1,8975,1,4,30,110,10000,360,1,10001,2023/06/22 12:00:00,2023/06/29 4:59:59
1001675,4,900001,4,0,0,0,4,8976,1,5,90,43,150,360,1,0,2023/06/22 12:00:00,2023/06/29 4:59:59
1001681,4,100072,0,0,0,0,1,8977,1,1,91,59,20000,361,1,10001,2023/07/06 5:00:00,2023/07/13 4:59:59
1001682,4,100072,0,0,0,0,2,8978,1,2,91,59,20000,361,1,10001,2023/07/06 5:00:00,2023/07/13 4:59:59
1001683,4,100003,203901,0,0,0,1,8979,1,3,34,95,1,361,1,10001,2023/07/06 5:00:00,2023/07/13 4:59:59
1001684,4,100003,303301,0,0,0,1,8980,1,4,34,95,1,361,1,10001,2023/07/06 5:00:00,2023/07/13 4:59:59
1001685,4,100003,110201,0,0,0,1,8981,1,5,30,110,10000,361,1,10001,2023/07/06 5:00:00,2023/07/13 4:59:59
1001686,4,900001,4,0,0,0,5,8982,1,6,90,43,150,361,1,0,2023/07/06 5:00:00,2023/07/13 4:59:59
1001691,4,900001,4,0,0,0,10,8983,1,1,90,43,500,372,1,0,2023/08/14 12:00:00,2023/09/30 4:59:59
1001692,4,200008,0,0,0,0,6,8984,1,2,91,59,100000,372,1,20003,2023/08/14 12:00:00,2023/09/30 4:59:59
1001693,4,200008,0,0,0,0,18,8985,1,3,11,160,12,372,1,20003,2023/08/14 12:00:00,2023/09/30 4:59:59
1001694,4,200008,0,0,0,0,30,8986,1,4,11,161,6,372,1,20003,2023/08/14 12:00:00,2023/09/30 4:59:59
1001695,4,200008,0,0,0,0,42,8987,1,5,11,162,3,372,1,20003,2023/08/14 12:00:00,2023/09/30 4:59:59
1001696,4,200008,0,0,0,0,60,8988,1,6,40,41,1,372,1,20003,2023/08/14 12:00:00,2023/09/30 4:59:59
1001697,4,200014,0,0,0,0,1000000,8989,1,7,30,110,50000,372,1,20001,2023/08/14 12:00:00,2023/09/30 4:59:59
1001698,4,200014,0,0,0,0,2000000,8990,1,8,34,95,10,372,1,20001,2023/08/14 12:00:00,2023/09/30 4:59:59
1001699,4,200014,0,0,0,0,4000000,8991,1,9,21,34,10,372,1,20001,2023/08/14 12:00:00,2023/09/30 4:59:59
1001700,4,200014,0,0,0,0,7000000,8992,1,10,93,44,10,372,1,20001,2023/08/14 12:00:00,2023/09/30 4:59:59
1001701,4,200014,0,0,0,0,10000000,8993,1,11,40,111,1,372,1,20001,2023/08/14 12:00:00,2023/09/30 4:59:59
1001711,4,900001,4,0,0,0,10,8994,1,1,90,43,500,373,1,0,2023/08/24 12:00:00,2023/09/30 4:59:59
1001712,4,100004,1,6,0,0,1,8995,1,2,51,30162,1,373,1,10001,2023/08/24 12:00:00,2023/09/30 4:59:59
1001713,4,100004,1,6,0,0,3,8996,1,3,51,30162,1,373,1,10001,2023/08/24 12:00:00,2023/09/30 4:59:59
1001714,4,100004,1,6,0,0,5,8997,1,4,40,41,1,373,1,10001,2023/08/24 12:00:00,2023/09/30 4:59:59
1001715,4,100004,1,6,0,0,7,8998,1,5,164,150,1,373,1,10001,2023/08/24 12:00:00,2023/09/30 4:59:59
1001716,4,100004,1,6,0,0,10,8999,1,6,164,149,1,373,1,10001,2023/08/24 12:00:00,2023/09/30 4:59:59
1001717,4,100086,0,0,0,0,1,9000,1,7,51,30162,1,373,1,10001,2023/08/24 12:00:00,2023/09/30 4:59:59
1001718,4,100003,931201,0,0,0,1,9001,1,8,30,110,50000,373,1,10001,2023/08/24 12:00:00,2023/09/30 4:59:59
1001719,4,100003,931202,0,0,0,1,9002,1,9,93,44,10,373,1,10001,2023/08/24 12:00:00,2023/09/30 4:59:59
1001720,4,100087,3,0,0,0,1,9003,1,10,40,111,1,373,1,10001,2023/08/24 12:00:00,2023/09/30 4:59:59
1001721,4,100087,6,0,0,0,1,9004,1,11,91,59,100000,373,1,10001,2023/08/24 12:00:00,2023/09/30 4:59:59
1001731,4,900001,4,0,0,0,10,9005,1,1,90,43,500,374,1,0,2023/09/04 12:00:00,2023/09/30 4:59:59
1001732,4,100003,931205,0,0,0,1,9006,1,2,42,205,1,374,1,10001,2023/09/04 12:00:00,2023/09/30 4:59:59
1001733,4,200033,0,0,0,0,1,9007,1,3,91,59,100000,374,1,20011,2023/09/04 12:00:00,2023/09/30 4:59:59
1001734,4,200033,0,0,0,0,3,9008,1,4,30,110,50000,374,1,20011,2023/09/04 12:00:00,2023/09/30 4:59:59
1001735,4,200033,0,0,0,0,5,9009,1,5,11,162,3,374,1,20011,2023/09/04 12:00:00,2023/09/30 4:59:59
1001736,4,200033,0,0,0,0,10,9010,1,6,11,163,3,374,1,20011,2023/09/04 12:00:00,2023/09/30 4:59:59
1001737,4,200017,1,0,0,0,3,9011,1,7,93,44,10,374,1,20001,2023/09/04 12:00:00,2023/09/30 4:59:59
1001738,4,200017,2,0,0,0,3,9012,1,8,34,95,10,374,1,20001,2023/09/04 12:00:00,2023/09/30 4:59:59
1001739,4,200017,3,0,0,0,3,9013,1,9,164,150,1,374,1,20001,2023/09/04 12:00:00,2023/09/30 4:59:59
1001740,4,200017,4,0,0,0,3,9014,1,10,40,111,1,374,1,20001,2023/09/04 12:00:00,2023/09/30 4:59:59
1001741,4,200017,5,0,0,0,3,9015,1,11,40,41,1,374,1,20001,2023/09/04 12:00:00,2023/09/30 4:59:59
1001751,4,100072,0,0,0,0,1,9016,1,1,91,59,20000,466,1,10001,2023/09/25 12:00:00,2023/10/02 4:59:59
1001752,4,100072,0,0,0,0,2,9017,1,2,91,59,20000,466,1,10001,2023/09/25 12:00:00,2023/10/02 4:59:59
1001753,4,100027,0,0,0,0,500000,9018,1,3,34,95,1,466,1,10001,2023/09/25 12:00:00,2023/10/02 4:59:59
1001754,4,100027,0,0,0,0,1000000,9019,1,4,34,95,1,466,1,10001,2023/09/25 12:00:00,2023/10/02 4:59:59
1001755,4,100045,1,7,0,0,1,9020,1,5,30,110,10000,466,1,10001,2023/09/25 12:00:00,2023/10/02 4:59:59
1001756,4,100007,100,1,0,0,5,9021,1,6,102,102801,14,466,1,10001,2023/09/25 12:00:00,2023/10/02 4:59:59
1001757,4,900001,4,0,0,0,6,9022,1,7,90,43,150,466,1,0,2023/09/25 12:00:00,2023/10/02 4:59:59
1001761,4,100072,0,0,0,0,1,9023,1,1,91,59,20000,467,1,10001,2023/10/03 5:00:00,2023/10/10 4:59:59
1001762,4,100072,0,0,0,0,2,9024,1,2,91,59,20000,467,1,10001,2023/10/03 5:00:00,2023/10/10 4:59:59
1001763,4,100027,0,0,0,0,1000000,9025,1,3,34,95,2,467,1,10001,2023/10/03 5:00:00,2023/10/10 4:59:59
1001764,4,100045,0,7,0,2,1,9026,1,4,30,110,10000,467,1,10001,2023/10/03 5:00:00,2023/10/10 4:59:59
1001765,4,100007,100,1,0,0,5,9027,1,5,102,109801,14,467,1,10001,2023/10/03 5:00:00,2023/10/10 4:59:59
1001766,4,900001,4,0,0,0,5,9028,1,6,90,43,150,467,1,0,2023/10/03 5:00:00,2023/10/10 4:59:59
1001771,4,100072,0,0,0,0,1,9029,1,1,91,59,20000,468,1,10001,2023/10/09 5:00:00,2023/10/16 4:59:59
1001772,4,100072,0,0,0,0,2,9030,1,2,91,59,20000,468,1,10001,2023/10/09 5:00:00,2023/10/16 4:59:59
1001773,4,100027,0,0,0,0,500000,9031,1,3,34,95,1,468,1,10001,2023/10/09 5:00:00,2023/10/16 4:59:59
1001774,4,100027,0,0,0,0,1000000,9032,1,4,34,95,1,468,1,10001,2023/10/09 5:00:00,2023/10/16 4:59:59
1001775,4,100003,101401,0,0,0,1,9033,1,5,30,110,10000,468,1,10001,2023/10/09 5:00:00,2023/10/16 4:59:59
1001776,4,900001,4,0,0,0,5,9034,1,6,90,43,150,468,1,0,2023/10/09 5:00:00,2023/10/16 4:59:59
1001781,4,100072,0,0,0,0,1,9035,1,1,91,59,20000,469,1,10001,2023/10/16 5:00:00,2023/10/23 4:59:59
1001782,4,100072,0,0,0,0,2,9036,1,2,91,59,20000,469,1,10001,2023/10/16 5:00:00,2023/10/23 4:59:59
1001783,4,100027,0,0,0,0,500000,9037,1,3,34,95,1,469,1,10001,2023/10/16 5:00:00,2023/10/23 4:59:59
1001784,4,100027,0,0,0,0,1000000,9038,1,4,34,95,1,469,1,10001,2023/10/16 5:00:00,2023/10/23 4:59:59
1001785,4,100003,101501,0,0,0,1,9039,1,5,30,110,10000,469,1,10001,2023/10/16 5:00:00,2023/10/23 4:59:59
1001786,4,900001,4,0,0,0,5,9040,1,6,90,43,150,469,1,0,2023/10/16 5:00:00,2023/10/23 4:59:59
1001791,4,100072,0,0,0,0,1,9041,1,1,91,59,20000,470,1,10001,2023/10/23 12:00:00,2023/10/30 4:59:59
1001792,4,100072,0,0,0,0,2,9042,1,2,91,59,20000,470,1,10001,2023/10/23 12:00:00,2023/10/30 4:59:59
1001793,4,100027,0,0,0,0,300000,9043,1,3,34,95,1,470,1,10001,2023/10/23 12:00:00,2023/10/30 4:59:59
1001794,4,100027,0,0,0,0,600000,9044,1,4,34,95,1,470,1,10001,2023/10/23 12:00:00,2023/10/30 4:59:59
1001795,4,100027,0,0,0,0,1000000,9045,1,5,34,95,1,470,1,10001,2023/10/23 12:00:00,2023/10/30 4:59:59
1001796,4,100003,101601,0,0,0,1,9046,1,6,30,110,10000,470,1,10001,2023/10/23 12:00:00,2023/10/30 4:59:59
1001797,4,900001,4,0,0,0,6,9047,1,7,90,43,150,470,1,0,2023/10/23 12:00:00,2023/10/30 4:59:59
1001801,4,100072,0,0,0,0,1,9048,1,1,91,59,20000,471,1,10001,2023/10/28 5:00:00,2023/11/04 4:59:59
1001802,4,100072,0,0,0,0,2,9049,1,2,91,59,20000,471,1,10001,2023/10/28 5:00:00,2023/11/04 4:59:59
1001803,4,100027,0,0,0,0,500000,9050,1,3,34,95,1,471,1,10001,2023/10/28 5:00:00,2023/11/04 4:59:59
1001804,4,100027,0,0,0,0,1000000,9051,1,4,34,95,1,471,1,10001,2023/10/28 5:00:00,2023/11/04 4:59:59
1001805,4,100003,110501,0,0,0,1,9052,1,5,30,110,10000,471,1,10001,2023/10/28 5:00:00,2023/11/04 4:59:59
1001806,4,100003,110401,0,0,0,1,9053,1,6,30,110,10000,471,1,10001,2023/10/28 5:00:00,2023/11/04 4:59:59
1001807,4,100003,110301,0,0,0,1,9054,1,7,30,110,10000,471,1,10001,2023/10/28 5:00:00,2023/11/04 4:59:59
1001808,4,900001,4,0,0,0,7,9055,1,8,90,43,150,471,1,0,2023/10/28 5:00:00,2023/11/04 4:59:59
1001811,4,100072,0,0,0,0,1,9056,1,1,91,59,20000,472,1,10001,2023/11/06 5:00:00,2023/11/13 4:59:59
1001812,4,100072,0,0,0,0,2,9057,1,2,91,59,20000,472,1,10001,2023/11/06 5:00:00,2023/11/13 4:59:59
1001813,4,100027,0,0,0,0,1000000,9058,1,3,34,95,2,472,1,10001,2023/11/06 5:00:00,2023/11/13 4:59:59
1001814,4,100003,101701,0,0,0,1,9059,1,4,30,110,10000,472,1,10001,2023/11/06 5:00:00,2023/11/13 4:59:59
1001815,4,900001,4,0,0,0,4,9060,1,5,90,43,150,472,1,0,2023/11/06 5:00:00,2023/11/13 4:59:59
1001821,4,100072,0,0,0,0,1,9061,1,1,91,59,20000,473,1,10001,2023/11/13 5:00:00,2023/11/20 4:59:59
1001822,4,100072,0,0,0,0,2,9062,1,2,91,59,20000,473,1,10001,2023/11/13 5:00:00,2023/11/20 4:59:59
1001823,4,100003,305801,0,0,0,1,9063,1,3,34,95,1,473,1,10001,2023/11/13 5:00:00,2023/11/20 4:59:59
1001824,4,100003,202901,0,0,0,1,9064,1,4,34,95,1,473,1,10001,2023/11/13 5:00:00,2023/11/20 4:59:59
1001825,4,100003,101801,0,0,0,1,9065,1,5,30,110,10000,473,1,10001,2023/11/13 5:00:00,2023/11/20 4:59:59
1001826,4,900001,4,0,0,0,5,9066,1,6,90,43,150,473,1,0,2023/11/13 5:00:00,2023/11/20 4:59:59
1001831,4,100072,0,0,0,0,1,9067,1,1,91,59,20000,474,1,10001,2023/11/20 5:00:00,2023/11/27 4:59:59
1001832,4,100072,0,0,0,0,2,9068,1,2,91,59,20000,474,1,10001,2023/11/20 5:00:00,2023/11/27 4:59:59
1001833,4,100027,0,0,0,0,1000000,9069,1,3,34,95,2,474,1,10001,2023/11/20 5:00:00,2023/11/27 4:59:59
1001834,4,100003,101901,0,0,0,1,9070,1,4,30,110,10000,474,1,10001,2023/11/20 5:00:00,2023/11/27 4:59:59
1001835,4,900001,4,0,0,0,4,9071,1,5,90,43,150,474,1,0,2023/11/20 5:00:00,2023/11/27 4:59:59
1001841,4,100072,0,0,0,0,1,9072,1,1,91,59,20000,475,1,10001,2023/11/27 5:00:00,2023/12/04 4:59:59
1001842,4,100072,0,0,0,0,2,9073,1,2,91,59,20000,475,1,10001,2023/11/27 5:00:00,2023/12/04 4:59:59
1001843,4,100003,306101,0,0,0,1,9074,1,3,34,95,1,475,1,10001,2023/11/27 5:00:00,2023/12/04 4:59:59
1001844,4,100003,306201,0,0,0,1,9075,1,4,34,95,1,475,1,10001,2023/11/27 5:00:00,2023/12/04 4:59:59
1001845,4,100003,102001,0,0,0,1,9076,1,5,30,110,10000,475,1,10001,2023/11/27 5:00:00,2023/12/04 4:59:59
1001846,4,900001,4,0,0,0,5,9077,1,6,90,43,150,475,1,0,2023/11/27 5:00:00,2023/12/04 4:59:59
1001851,4,100072,0,0,0,0,1,9078,1,1,91,59,20000,476,1,10001,2023/12/04 12:00:00,2023/12/11 4:59:59
1001852,4,100072,0,0,0,0,2,9079,1,2,91,59,20000,476,1,10001,2023/12/04 12:00:00,2023/12/11 4:59:59
1001853,4,100003,305901,0,0,0,1,9080,1,3,34,95,1,476,1,10001,2023/12/04 12:00:00,2023/12/11 4:59:59
1001854,4,100003,306001,0,0,0,1,9081,1,4,34,95,1,476,1,10001,2023/12/04 12:00:00,2023/12/11 4:59:59
1001855,4,100003,102101,0,0,0,1,9082,1,5,30,110,10000,476,1,10001,2023/12/04 12:00:00,2023/12/11 4:59:59
1001856,4,900001,4,0,0,0,5,9083,1,6,90,43,150,476,1,0,2023/12/04 12:00:00,2023/12/11 4:59:59
1001861,4,100072,0,0,0,0,1,9084,1,1,91,59,20000,477,1,10001,2023/12/07 5:00:00,2023/12/14 4:59:59
1001862,4,100072,0,0,0,0,2,9085,1,2,91,59,20000,477,1,10001,2023/12/07 5:00:00,2023/12/14 4:59:59
1001863,4,100007,100,1,0,0,10,9086,1,3,34,95,2,477,1,10001,2023/12/07 5:00:00,2023/12/14 4:59:59
1001864,4,100003,110801,0,0,0,1,9087,1,4,30,110,10000,477,1,10001,2023/12/07 5:00:00,2023/12/14 4:59:59
1001865,4,900001,4,0,0,0,4,9088,1,5,90,43,150,477,1,0,2023/12/07 5:00:00,2023/12/14 4:59:59
1001871,4,100072,0,0,0,0,1,9089,1,1,91,59,20000,478,1,10001,2023/12/11 5:00:00,2023/12/18 4:59:59
1001872,4,100072,0,0,0,0,2,9090,1,2,91,59,20000,478,1,10001,2023/12/11 5:00:00,2023/12/18 4:59:59
1001873,4,100003,203001,0,0,0,1,9091,1,3,34,95,1,478,1,10001,2023/12/11 5:00:00,2023/12/18 4:59:59
1001874,4,100003,203201,0,0,0,1,9092,1,4,34,95,1,478,1,10001,2023/12/11 5:00:00,2023/12/18 4:59:59
1001875,4,100003,102201,0,0,0,1,9093,1,5,30,110,10000,478,1,10001,2023/12/11 5:00:00,2023/12/18 4:59:59
1001876,4,900001,4,0,0,0,5,9094,1,6,90,43,150,478,1,0,2023/12/11 5:00:00,2023/12/18 4:59:59
1001881,4,100072,0,0,0,0,1,9095,1,1,91,59,20000,479,1,10001,2023/12/18 5:00:00,2023/12/25 4:59:59
1001882,4,100072,0,0,0,0,2,9096,1,2,91,59,20000,479,1,10001,2023/12/18 5:00:00,2023/12/25 4:59:59
1001883,4,100027,0,0,0,0,1000000,9097,1,3,34,95,2,479,1,10001,2023/12/18 5:00:00,2023/12/25 4:59:59
1001884,4,100003,102301,0,0,0,1,9098,1,4,30,110,10000,479,1,10001,2023/12/18 5:00:00,2023/12/25 4:59:59
1001885,4,900001,4,0,0,0,4,9099,1,5,90,43,150,479,1,0,2023/12/18 5:00:00,2023/12/25 4:59:59
1001891,4,100072,0,0,0,0,1,9100,1,1,91,59,20000,480,1,10001,2023/12/22 5:00:00,2023/12/29 4:59:59
1001892,4,100072,0,0,0,0,2,9101,1,2,91,59,20000,480,1,10001,2023/12/22 5:00:00,2023/12/29 4:59:59
1001893,4,100003,306401,0,0,0,1,9102,1,3,34,95,1,480,1,10001,2023/12/22 5:00:00,2023/12/29 4:59:59
1001894,4,100003,306501,0,0,0,1,9103,1,4,34,95,1,480,1,10001,2023/12/22 5:00:00,2023/12/29 4:59:59
1001895,4,100003,102401,0,0,0,1,9104,1,5,30,110,10000,480,1,10001,2023/12/22 5:00:00,2023/12/29 4:59:59
1001896,4,900001,4,0,0,0,5,9105,1,6,90,43,150,480,1,0,2023/12/22 5:00:00,2023/12/29 4:59:59
1001901,4,100072,0,0,0,0,1,9106,1,1,91,59,20000,481,1,10001,2023/12/23 5:00:00,2023/12/30 4:59:59
1001902,4,100072,0,0,0,0,2,9107,1,2,91,59,20000,481,1,10001,2023/12/23 5:00:00,2023/12/30 4:59:59
1001903,4,100007,100,1,0,0,10,9108,1,3,34,95,2,481,1,10001,2023/12/23 5:00:00,2023/12/30 4:59:59
1001904,4,100003,110601,0,0,0,1,9109,1,4,30,110,10000,481,1,10001,2023/12/23 5:00:00,2023/12/30 4:59:59
1001905,4,900001,4,0,0,0,4,9110,1,5,90,43,150,481,1,0,2023/12/23 5:00:00,2023/12/30 4:59:59
1001906,4,100072,0,0,0,0,1,9111,1,1,91,59,20000,531,1,10001,2024/02/12 12:00:00,2024/02/19 4:59:59
1001907,4,100072,0,0,0,0,2,9112,1,2,91,59,20000,531,1,10001,2024/02/12 12:00:00,2024/02/19 4:59:59
1001908,4,100003,200201,0,0,0,1,9113,1,3,34,95,1,531,1,10001,2024/02/12 12:00:00,2024/02/19 4:59:59
1001909,4,100003,300801,0,0,0,1,9114,1,4,34,95,1,531,1,10001,2024/02/12 12:00:00,2024/02/19 4:59:59
1001910,4,100003,100101,0,0,0,1,9115,1,5,30,110,10000,531,1,10001,2024/02/12 12:00:00,2024/02/19 4:59:59
1001911,4,900001,4,0,0,0,5,9116,1,6,90,43,150,531,1,0,2024/02/12 12:00:00,2024/02/19 4:59:59
1001912,4,900001,4,0,0,0,11,9117,1,1,90,43,500,631,1,0,2024/02/14 12:00:00,2024/03/30 4:59:59
1001913,4,100004,1,0,0,0,1,9118,1,2,91,59,100000,631,1,10001,2024/02/14 12:00:00,2024/03/30 4:59:59
1001914,4,100004,1,0,0,0,3,9119,1,3,11,160,12,631,1,10001,2024/02/14 12:00:00,2024/03/30 4:59:59
1001915,4,100004,1,0,0,0,5,9120,1,4,40,41,1,631,1,10001,2024/02/14 12:00:00,2024/03/30 4:59:59
1001916,4,200008,0,0,0,0,6,9121,1,5,30,110,50000,631,1,20003,2024/02/14 12:00:00,2024/03/30 4:59:59
1001917,4,200008,0,0,0,0,18,9122,1,6,21,34,10,631,1,20003,2024/02/14 12:00:00,2024/03/30 4:59:59
1001918,4,200008,0,0,0,0,30,9123,1,7,34,95,10,631,1,20003,2024/02/14 12:00:00,2024/03/30 4:59:59
1001919,4,200014,0,0,0,0,1000000,9124,1,8,162,133,1,631,1,20001,2024/02/14 12:00:00,2024/03/30 4:59:59
1001920,4,200014,0,0,0,0,2000000,9125,1,9,11,161,6,631,1,20001,2024/02/14 12:00:00,2024/03/30 4:59:59
1001921,4,200014,0,0,0,0,4000000,9126,1,10,11,162,3,631,1,20001,2024/02/14 12:00:00,2024/03/30 4:59:59
1001922,4,200014,0,0,0,0,7000000,9127,1,11,93,44,10,631,1,20001,2024/02/14 12:00:00,2024/03/30 4:59:59
1001923,4,200014,0,0,0,0,10000000,9128,1,12,40,111,1,631,1,20001,2024/02/14 12:00:00,2024/03/30 4:59:59
1001924,4,900001,4,0,0,0,11,9129,1,1,90,43,500,632,1,0,2024/02/24 12:00:00,2024/03/30 4:59:59
1001925,4,100004,1,7,0,0,1,9130,1,2,51,30186,1,632,1,10001,2024/02/24 12:00:00,2024/03/30 4:59:59
1001926,4,100004,1,7,0,0,3,9131,1,3,40,41,1,632,1,10001,2024/02/24 12:00:00,2024/03/30 4:59:59
1001927,4,100004,1,7,0,0,5,9132,1,4,164,149,1,632,1,10001,2024/02/24 12:00:00,2024/03/30 4:59:59
1001928,4,100092,1,0,0,0,1,9133,1,5,162,133,1,632,1,10001,2024/02/24 12:00:00,2024/03/30 4:59:59
1001929,4,100092,2,0,0,0,1,9134,1,6,40,111,1,632,1,10001,2024/02/24 12:00:00,2024/03/30 4:59:59
1001930,4,100092,3,0,0,0,1,9135,1,7,51,30186,1,632,1,10001,2024/02/24 12:00:00,2024/03/30 4:59:59
1001931,4,100092,4,0,0,0,1,9136,1,8,164,150,1,632,1,10001,2024/02/24 12:00:00,2024/03/30 4:59:59
1001932,4,100092,5,0,0,0,1,9137,1,9,51,30186,1,632,1,10001,2024/02/24 12:00:00,2024/03/30 4:59:59
1001933,4,100090,1,0,0,0,500,9138,1,10,91,59,100000,632,1,10001,2024/02/24 12:00:00,2024/03/30 4:59:59
1001934,4,100090,2,0,0,0,500,9139,1,11,30,110,50000,632,1,10001,2024/02/24 12:00:00,2024/03/30 4:59:59
1001935,4,100090,3,0,0,0,500,9140,1,12,93,44,10,632,1,10001,2024/02/24 12:00:00,2024/03/30 4:59:59
1001936,4,900001,4,0,0,0,11,9141,1,1,90,43,500,633,1,0,2024/03/12 12:00:00,2024/03/30 4:59:59
1001937,4,100091,0,0,0,0,1,9142,1,2,42,214,1,633,1,10001,2024/03/12 12:00:00,2024/03/30 4:59:59
1001938,4,100093,0,0,0,0,3,9143,1,3,162,133,1,633,1,10001,2024/03/12 12:00:00,2024/03/30 4:59:59
1001939,4,100093,0,0,0,0,6,9144,1,4,150,116,10,633,1,10001,2024/03/12 12:00:00,2024/03/30 4:59:59
1001940,4,100094,1,200,0,0,1,9145,1,5,91,59,100000,633,1,10001,2024/03/12 12:00:00,2024/03/30 4:59:59
1001941,4,100094,1,300,0,0,1,9146,1,6,11,163,3,633,1,10001,2024/03/12 12:00:00,2024/03/30 4:59:59
1001942,4,100094,2,200,0,0,1,9147,1,7,30,110,50000,633,1,10001,2024/03/12 12:00:00,2024/03/30 4:59:59
1001943,4,100094,2,300,0,0,1,9148,1,8,40,41,1,633,1,10001,2024/03/12 12:00:00,2024/03/30 4:59:59
1001944,4,100094,3,200,0,0,1,9149,1,9,11,162,3,633,1,10001,2024/03/12 12:00:00,2024/03/30 4:59:59
1001945,4,100094,3,300,0,0,1,9150,1,10,40,111,1,633,1,10001,2024/03/12 12:00:00,2024/03/30 4:59:59
1001946,4,200033,0,0,0,0,1,9151,1,11,93,44,10,633,1,20011,2024/03/12 12:00:00,2024/03/30 4:59:59
1001947,4,200033,0,0,0,0,2,9152,1,12,164,150,1,633,1,20011,2024/03/12 12:00:00,2024/03/30 4:59:59
1001948,4,100072,0,0,0,0,1,9153,1,1,91,59,20000,545,1,10001,2024/03/18 12:00:00,2024/03/25 4:59:59
1001949,4,100072,0,0,0,0,2,9154,1,2,91,59,20000,545,1,10001,2024/03/18 12:00:00,2024/03/25 4:59:59
1001950,4,100003,301701,0,0,0,1,9155,1,3,34,95,1,545,1,10001,2024/03/18 12:00:00,2024/03/25 4:59:59
1001951,4,100003,301901,0,0,0,1,9156,1,4,34,95,1,545,1,10001,2024/03/18 12:00:00,2024/03/25 4:59:59
1001952,4,100003,100201,0,0,0,1,9157,1,5,30,110,10000,545,1,10001,2024/03/18 12:00:00,2024/03/25 4:59:59
1001953,4,900001,4,0,0,0,5,9158,1,6,90,43,150,545,1,0,2024/03/18 12:00:00,2024/03/25 4:59:59
1001954,4,100072,0,0,0,0,1,9159,1,1,91,59,20000,546,1,10001,2024/03/25 5:00:00,2024/04/01 4:59:59
1001955,4,100072,0,0,0,0,2,9160,1,2,91,59,20000,546,1,10001,2024/03/25 5:00:00,2024/04/01 4:59:59
1001956,4,100003,200501,0,0,0,1,9161,1,3,34,95,1,546,1,10001,2024/03/25 5:00:00,2024/04/01 4:59:59
1001957,4,100003,200701,0,0,0,1,9162,1,4,34,95,1,546,1,10001,2024/03/25 5:00:00,2024/04/01 4:59:59
1001958,4,100003,100301,0,0,0,1,9163,1,5,30,110,10000,546,1,10001,2024/03/25 5:00:00,2024/04/01 4:59:59
1001959,4,900001,4,0,0,0,5,9164,1,6,90,43,150,546,1,0,2024/03/25 5:00:00,2024/04/01 4:59:59
1001960,4,100072,0,0,0,0,1,9165,1,1,91,59,20000,547,1,10001,2024/03/28 5:00:00,2024/04/04 4:59:59
1001961,4,100072,0,0,0,0,2,9166,1,2,91,59,20000,547,1,10001,2024/03/28 5:00:00,2024/04/04 4:59:59
1001962,4,100007,100,1,0,0,10,9167,1,3,34,95,2,547,1,10001,2024/03/28 5:00:00,2024/04/04 4:59:59
1001963,4,100003,110701,0,0,0,1,9168,1,4,30,110,10000,547,1,10001,2024/03/28 5:00:00,2024/04/04 4:59:59
1001964,4,900001,4,0,0,0,4,9169,1,5,90,43,150,547,1,0,2024/03/28 5:00:00,2024/04/04 4:59:59
1001965,4,100072,0,0,0,0,1,9170,1,1,91,59,20000,548,1,10001,2024/04/01 5:00:00,2024/04/08 4:59:59
1001966,4,100072,0,0,0,0,2,9171,1,2,91,59,20000,548,1,10001,2024/04/01 5:00:00,2024/04/08 4:59:59
1001967,4,100025,301801,3,0,0,1,9172,1,3,34,95,1,548,1,10001,2024/04/01 5:00:00,2024/04/08 4:59:59
1001968,4,100025,200801,3,0,0,1,9173,1,4,34,95,1,548,1,10001,2024/04/01 5:00:00,2024/04/08 4:59:59
1001969,4,100003,100401,0,0,0,1,9174,1,5,30,110,10000,548,1,10001,2024/04/01 5:00:00,2024/04/08 4:59:59
1001970,4,900001,4,0,0,0,5,9175,1,6,90,43,150,548,1,0,2024/04/01 5:00:00,2024/04/08 4:59:59
1001971,4,100072,0,0,0,0,1,9176,1,1,91,59,20000,549,1,10001,2024/04/08 5:00:00,2024/04/15 4:59:59
1001972,4,100072,0,0,0,0,2,9177,1,2,91,59,20000,549,1,10001,2024/04/08 5:00:00,2024/04/15 4:59:59
1001973,4,100025,200601,3,0,0,1,9178,1,3,34,95,1,549,1,10001,2024/04/08 5:00:00,2024/04/15 4:59:59
1001974,4,100025,201001,3,0,0,1,9179,1,4,34,95,1,549,1,10001,2024/04/08 5:00:00,2024/04/15 4:59:59
1001975,4,100003,100501,0,0,0,1,9180,1,5,30,110,10000,549,1,10001,2024/04/08 5:00:00,2024/04/15 4:59:59
1001976,4,900001,4,0,0,0,5,9181,1,6,90,43,150,549,1,0,2024/04/08 5:00:00,2024/04/15 4:59:59
1001977,4,100072,0,0,0,0,1,9182,1,1,91,59,20000,550,1,10001,2024/04/22 5:00:00,2024/04/29 4:59:59
1001978,4,100072,0,0,0,0,2,9183,1,2,91,59,20000,550,1,10001,2024/04/22 5:00:00,2024/04/29 4:59:59
1001979,4,100003,200901,0,0,0,1,9184,1,3,34,95,1,550,1,10001,2024/04/22 5:00:00,2024/04/29 4:59:59
1001980,4,100003,201101,0,0,0,1,9185,1,4,34,95,1,550,1,10001,2024/04/22 5:00:00,2024/04/29 4:59:59
1001981,4,100003,100601,0,0,0,1,9186,1,5,30,110,10000,550,1,10001,2024/04/22 5:00:00,2024/04/29 4:59:59
1001982,4,900001,4,0,0,0,5,9187,1,6,90,43,150,550,1,0,2024/04/22 5:00:00,2024/04/29 4:59:59
1001983,4,100072,0,0,0,0,1,9188,1,1,91,59,20000,551,1,10001,2024/04/25 12:00:00,2024/05/02 4:59:59
1001984,4,100072,0,0,0,0,2,9189,1,2,91,59,20000,551,1,10001,2024/04/25 12:00:00,2024/05/02 4:59:59
1001985,4,100025,307201,2,0,0,1,9190,1,3,34,95,2,551,1,10001,2024/04/25 12:00:00,2024/05/02 4:59:59
1001986,4,100003,110901,0,0,0,1,9191,1,4,30,110,10000,551,1,10001,2024/04/25 12:00:00,2024/05/02 4:59:59
1001987,4,900001,4,0,0,0,4,9192,1,5,90,43,150,551,1,0,2024/04/25 12:00:00,2024/05/02 4:59:59
1001988,4,100072,0,0,0,0,1,9193,1,1,91,59,20000,552,1,10001,2024/04/29 5:00:00,2024/05/06 4:59:59
1001989,4,100072,0,0,0,0,2,9194,1,2,91,59,20000,552,1,10001,2024/04/29 5:00:00,2024/05/06 4:59:59
1001990,4,100025,301601,3,0,0,1,9195,1,3,34,95,1,552,1,10001,2024/04/29 5:00:00,2024/05/06 4:59:59
1001991,4,100025,201301,3,0,0,1,9196,1,4,34,95,1,552,1,10001,2024/04/29 5:00:00,2024/05/06 4:59:59
1001992,4,100003,100701,0,0,0,1,9197,1,5,30,110,10000,552,1,10001,2024/04/29 5:00:00,2024/05/06 4:59:59
1001993,4,900001,4,0,0,0,5,9198,1,6,90,43,150,552,1,0,2024/04/29 5:00:00,2024/05/06 4:59:59
1001994,4,100072,0,0,0,0,1,9199,1,1,91,59,20000,553,1,10001,2024/05/06 5:00:00,2024/05/13 4:59:59
1001995,4,100072,0,0,0,0,2,9200,1,2,91,59,20000,553,1,10001,2024/05/06 5:00:00,2024/05/13 4:59:59
1001996,4,100003,201201,0,0,0,1,9201,1,3,34,95,1,553,1,10001,2024/05/06 5:00:00,2024/05/13 4:59:59
1001997,4,100003,302701,0,0,0,1,9202,1,4,34,95,1,553,1,10001,2024/05/06 5:00:00,2024/05/13 4:59:59
1001998,4,100003,100801,0,0,0,1,9203,1,5,30,110,10000,553,1,10001,2024/05/06 5:00:00,2024/05/13 4:59:59
1001999,4,900001,4,0,0,0,5,9204,1,6,90,43,150,553,1,0,2024/05/06 5:00:00,2024/05/13 4:59:59
1002000,4,100072,0,0,0,0,1,9205,1,1,91,59,20000,554,1,10001,2024/05/13 5:00:00,2024/05/20 4:59:59
1002001,4,100072,0,0,0,0,2,9206,1,2,91,59,20000,554,1,10001,2024/05/13 5:00:00,2024/05/20 4:59:59
1002002,4,100025,100401,5,0,0,1,9207,1,3,34,95,1,554,1,10001,2024/05/13 5:00:00,2024/05/20 4:59:59
1002003,4,100025,201501,2,0,0,1,9208,1,4,34,95,1,554,1,10001,2024/05/13 5:00:00,2024/05/20 4:59:59
1002004,4,100003,100901,0,0,0,1,9209,1,5,30,110,10000,554,1,10001,2024/05/13 5:00:00,2024/05/20 4:59:59
1002005,4,900001,4,0,0,0,5,9210,1,6,90,43,150,554,1,0,2024/05/13 5:00:00,2024/05/20 4:59:59
1002006,4,100072,0,0,0,0,1,9211,1,1,91,59,20000,555,1,10001,2024/05/20 5:00:00,2024/05/27 4:59:59
1002007,4,100072,0,0,0,0,2,9212,1,2,91,59,20000,555,1,10001,2024/05/20 5:00:00,2024/05/27 4:59:59
1002008,4,100025,100501,5,0,0,1,9213,1,3,34,95,1,555,1,10001,2024/05/20 5:00:00,2024/05/27 4:59:59
1002009,4,100025,201601,2,0,0,1,9214,1,4,34,95,1,555,1,10001,2024/05/20 5:00:00,2024/05/27 4:59:59
1002010,4,100003,201701,0,0,0,1,9215,1,5,34,95,1,555,1,10001,2024/05/20 5:00:00,2024/05/27 4:59:59
1002011,4,100003,101001,0,0,0,1,9216,1,6,30,110,10000,555,1,10001,2024/05/20 5:00:00,2024/05/27 4:59:59
1002012,4,900001,4,0,0,0,6,9217,1,7,90,43,150,555,1,0,2024/05/20 5:00:00,2024/05/27 4:59:59
1002013,4,100072,0,0,0,0,1,9218,1,1,91,59,20000,556,1,10001,2024/05/27 12:00:00,2024/06/03 4:59:59
1002014,4,100072,0,0,0,0,2,9219,1,2,91,59,20000,556,1,10001,2024/05/27 12:00:00,2024/06/03 4:59:59
1002015,4,100003,201401,0,0,0,1,9220,1,3,34,95,1,556,1,10001,2024/05/27 12:00:00,2024/06/03 4:59:59
1002016,4,100003,201801,0,0,0,1,9221,1,4,34,95,1,556,1,10001,2024/05/27 12:00:00,2024/06/03 4:59:59
1002017,4,100003,101101,0,0,0,1,9222,1,5,30,110,10000,556,1,10001,2024/05/27 12:00:00,2024/06/03 4:59:59
1002018,4,900001,4,0,0,0,5,9223,1,6,90,43,150,556,1,0,2024/05/27 12:00:00,2024/06/03 4:59:59
1002019,4,100072,0,0,0,0,1,9224,1,1,91,59,20000,557,1,10001,2024/06/17 5:00:00,2024/06/24 4:59:59
1002020,4,100072,0,0,0,0,2,9225,1,2,91,59,20000,557,1,10001,2024/06/17 5:00:00,2024/06/24 4:59:59
1002021,4,100027,0,0,0,0,1000000,9226,1,3,34,95,2,557,1,10001,2024/06/17 5:00:00,2024/06/24 4:59:59
1002022,4,100003,101201,0,0,0,1,9227,1,4,30,110,10000,557,1,10001,2024/06/17 5:00:00,2024/06/24 4:59:59
1002023,4,900001,4,0,0,0,4,9228,1,5,90,43,150,557,1,0,2024/06/17 5:00:00,2024/06/24 4:59:59
1002024,4,100072,0,0,0,0,1,9229,1,1,91,59,20000,558,1,10001,2024/06/20 5:00:00,2024/06/27 4:59:59
1002025,4,100072,0,0,0,0,2,9230,1,2,91,59,20000,558,1,10001,2024/06/20 5:00:00,2024/06/27 4:59:59
1002026,4,100025,110901,2,0,0,1,9231,1,3,34,95,2,558,1,10001,2024/06/20 5:00:00,2024/06/27 4:59:59
1002027,4,100003,110101,0,0,0,1,9232,1,4,30,110,10000,558,1,10001,2024/06/20 5:00:00,2024/06/27 4:59:59
1002028,4,900001,4,0,0,0,4,9233,1,5,90,43,150,558,1,0,2024/06/20 5:00:00,2024/06/27 4:59:59
1002029,4,900001,4,0,0,0,11,9234,1,1,90,43,500,665,1,0,2024/06/26 12:00:00,2024/07/30 4:59:59
1002030,4,100004,1,8,0,0,1,9235,1,2,34,95,10,665,1,10001,2024/06/26 12:00:00,2024/07/30 4:59:59
1002031,4,100004,1,8,0,0,3,9236,1,3,20,32,10,665,1,10001,2024/06/26 12:00:00,2024/07/30 4:59:59
1002032,4,100004,1,8,0,0,5,9237,1,4,40,41,1,665,1,10001,2024/06/26 12:00:00,2024/07/30 4:59:59
1002033,4,100095,1,2,0,0,1,9238,1,5,11,160,12,665,1,10001,2024/06/26 12:00:00,2024/07/30 4:59:59
1002034,4,100095,2,2,0,0,1,9239,1,6,11,162,6,665,1,10001,2024/06/26 12:00:00,2024/07/30 4:59:59
1002035,4,100095,3,2,0,0,1,9240,1,7,164,150,1,665,1,10001,2024/06/26 12:00:00,2024/07/30 4:59:59
1002036,4,100095,4,2,0,0,1,9241,1,8,40,111,1,665,1,10001,2024/06/26 12:00:00,2024/07/30 4:59:59
1002037,4,100095,5,2,0,0,1,9242,1,9,164,149,1,665,1,10001,2024/06/26 12:00:00,2024/07/30 4:59:59
1002038,4,100096,0,0,0,0,30,9243,1,10,91,59,100000,665,1,10001,2024/06/26 12:00:00,2024/07/30 4:59:59
1002039,4,100097,0,0,0,0,20000,9244,1,11,30,110,50000,665,1,10001,2024/06/26 12:00:00,2024/07/30 4:59:59
1002040,4,100098,0,0,0,0,50,9245,1,12,93,44,10,665,1,10001,2024/06/26 12:00:00,2024/07/30 4:59:59
1002041,4,900001,4,0,0,0,12,9246,1,1,90,43,500,675,1,0,2024/08/14 12:00:00,2024/10/01 4:59:59
1002042,4,100100,0,0,0,0,500000,9247,1,2,91,59,100000,675,1,10001,2024/08/14 12:00:00,2024/10/01 4:59:59
1002043,4,100100,0,0,0,0,1000000,9248,1,3,11,160,12,675,1,10001,2024/08/14 12:00:00,2024/10/01 4:59:59
1002044,4,100100,0,0,0,0,2000000,9249,1,4,40,41,1,675,1,10001,2024/08/14 12:00:00,2024/10/01 4:59:59
1002045,4,200008,0,0,0,0,6,9250,1,5,30,110,50000,675,1,20003,2024/08/14 12:00:00,2024/10/01 4:59:59
1002046,4,200008,0,0,0,0,18,9251,1,6,21,34,10,675,1,20003,2024/08/14 12:00:00,2024/10/01 4:59:59
1002047,4,200008,0,0,0,0,30,9252,1,7,34,95,10,675,1,20003,2024/08/14 12:00:00,2024/10/01 4:59:59
1002048,4,200014,0,0,0,0,1000000,9253,1,8,162,133,1,675,1,20001,2024/08/14 12:00:00,2024/10/01 4:59:59
1002049,4,200014,0,0,0,0,2000000,9254,1,9,11,161,6,675,1,20001,2024/08/14 12:00:00,2024/10/01 4:59:59
1002050,4,200014,0,0,0,0,3000000,9255,1,10,103,98,2500,675,1,20001,2024/08/14 12:00:00,2024/10/01 4:59:59
1002051,4,200014,0,0,0,0,5000000,9256,1,11,11,162,3,675,1,20001,2024/08/14 12:00:00,2024/10/01 4:59:59
1002052,4,200014,0,0,0,0,7000000,9257,1,12,93,44,10,675,1,20001,2024/08/14 12:00:00,2024/10/01 4:59:59
1002053,4,200014,0,0,0,0,10000000,9258,1,13,40,111,1,675,1,20001,2024/08/14 12:00:00,2024/10/01 4:59:59
1002054,4,900001,4,0,0,0,12,9259,1,1,90,43,500,676,1,0,2024/08/24 12:00:00,2024/10/01 4:59:59
1002055,4,100004,1,0,0,0,1,9260,1,2,51,30216,1,676,1,10001,2024/08/24 12:00:00,2024/10/01 4:59:59
1002056,4,100004,1,0,0,0,2,9261,1,3,91,59,100000,676,1,10001,2024/08/24 12:00:00,2024/10/01 4:59:59
1002057,4,100004,1,0,0,0,3,9262,1,4,103,98,2500,676,1,10001,2024/08/24 12:00:00,2024/10/01 4:59:59
1002058,4,100004,1,0,0,0,5,9263,1,5,164,150,1,676,1,10001,2024/08/24 12:00:00,2024/10/01 4:59:59
1002059,4,100101,3,0,0,0,1,9264,1,6,51,30216,1,676,1,10001,2024/08/24 12:00:00,2024/10/01 4:59:59
1002060,4,100073,0,0,0,0,1,9265,1,7,162,133,1,676,1,10001,2024/08/24 12:00:00,2024/10/01 4:59:59
1002061,4,100041,0,12,0,0,1,9266,1,8,51,30216,1,676,1,10001,2024/08/24 12:00:00,2024/10/01 4:59:59
1002062,4,100004,19,0,0,0,1,9267,1,9,30,110,50000,676,1,10001,2024/08/24 12:00:00,2024/10/01 4:59:59
1002063,4,100004,20,0,0,0,1,9268,1,10,93,44,10,676,1,10001,2024/08/24 12:00:00,2024/10/01 4:59:59
1002064,4,100041,0,1,6000,0,1,9269,1,11,164,149,1,676,1,10001,2024/08/24 12:00:00,2024/10/01 4:59:59
1002065,4,100068,1200,1,1,0,1,9270,1,12,40,41,1,676,1,10001,2024/08/24 12:00:00,2024/10/01 4:59:59
1002066,4,100037,99,0,0,0,1,9271,1,13,40,111,1,676,1,10001,2024/08/24 12:00:00,2024/10/01 4:59:59
1002067,4,900001,4,0,0,0,11,9272,1,1,90,43,500,677,1,0,2024/09/10 12:00:00,2024/10/01 4:59:59
1002068,4,100004,24,0,0,0,1,9273,1,2,42,255,1,677,1,10001,2024/09/10 12:00:00,2024/10/01 4:59:59
1002069,4,100102,4,0,0,0,1,9274,1,3,164,150,1,677,1,10001,2024/09/10 12:00:00,2024/10/01 4:59:59
1002070,4,100041,0,15,0,0,1,9275,1,4,40,41,1,677,1,10001,2024/09/10 12:00:00,2024/10/01 4:59:59
1002071,4,100041,0,5,2,0,1,9276,1,5,40,111,1,677,1,10001,2024/09/10 12:00:00,2024/10/01 4:59:59
1002072,4,600042,0,0,0,0,1,9277,1,6,30,110,50000,677,1,60120,2024/09/10 12:00:00,2024/10/01 4:59:59
1002073,4,600042,0,0,0,0,2,9278,1,7,162,133,1,677,1,60120,2024/09/10 12:00:00,2024/10/01 4:59:59
1002074,4,600042,0,0,0,0,4,9279,1,8,150,116,10,677,1,60120,2024/09/10 12:00:00,2024/10/01 4:59:59
1002075,4,600042,0,0,0,0,7,9280,1,9,11,162,3,677,1,60120,2024/09/10 12:00:00,2024/10/01 4:59:59
1002076,4,600042,0,0,0,0,10,9281,1,10,11,163,3,677,1,60120,2024/09/10 12:00:00,2024/10/01 4:59:59
1002077,4,200033,0,0,0,0,1,9282,1,11,91,59,100000,677,1,20011,2024/09/10 12:00:00,2024/10/01 4:59:59
1002078,4,200033,0,0,0,0,2,9283,1,12,93,44,10,677,1,20011,2024/09/10 12:00:00,2024/10/01 4:59:59
1002079,4,100072,0,0,0,0,1,9284,1,1,91,59,40000,678,1,10001,2024/09/23 12:00:00,2024/09/30 4:59:59
1002080,4,100072,0,0,0,0,2,9285,1,2,91,59,40000,678,1,10001,2024/09/23 12:00:00,2024/09/30 4:59:59
1002081,4,100003,305001,0,0,0,1,9286,1,3,34,95,1,678,1,10001,2024/09/23 12:00:00,2024/09/30 4:59:59
1002082,4,100003,202101,0,0,0,1,9287,1,4,34,95,1,678,1,10001,2024/09/23 12:00:00,2024/09/30 4:59:59
1002083,4,100003,101301,0,0,0,1,9288,1,5,30,110,10000,678,1,10001,2024/09/23 12:00:00,2024/09/30 4:59:59
1002084,4,900001,4,0,0,0,5,9289,1,6,90,43,150,678,1,0,2024/09/23 12:00:00,2024/09/30 4:59:59
1002085,4,100072,0,0,0,0,1,9290,1,1,91,59,40000,679,1,10001,2024/09/26 5:00:00,2024/10/03 4:59:59
1002086,4,100072,0,0,0,0,2,9291,1,2,91,59,40000,679,1,10001,2024/09/26 5:00:00,2024/10/03 4:59:59
1002087,4,100003,203901,0,0,0,1,9292,1,3,34,95,1,679,1,10001,2024/09/26 5:00:00,2024/10/03 4:59:59
1002088,4,100003,303301,0,0,0,1,9293,1,4,34,95,1,679,1,10001,2024/09/26 5:00:00,2024/10/03 4:59:59
1002089,4,100003,110201,0,0,0,1,9294,1,5,30,110,10000,679,1,10001,2024/09/26 5:00:00,2024/10/03 4:59:59
1002090,4,900001,4,0,0,0,5,9295,1,6,90,43,150,679,1,0,2024/09/26 5:00:00,2024/10/03 4:59:59
1002091,4,100072,0,0,0,0,1,9296,1,1,91,59,40000,680,1,10001,2024/10/07 5:00:00,2024/10/14 4:59:59
1002092,4,100072,0,0,0,0,2,9297,1,2,91,59,40000,680,1,10001,2024/10/07 5:00:00,2024/10/14 4:59:59
1002093,4,100025,305401,3,0,0,1,9298,1,3,34,95,1,680,1,10001,2024/10/07 5:00:00,2024/10/14 4:59:59
1002094,4,100025,202201,3,0,0,1,9299,1,4,34,95,1,680,1,10001,2024/10/07 5:00:00,2024/10/14 4:59:59
1002095,4,100003,101401,0,0,0,1,9300,1,5,30,110,10000,680,1,10001,2024/10/07 5:00:00,2024/10/14 4:59:59
1002096,4,900001,4,0,0,0,5,9301,1,6,90,43,150,680,1,0,2024/10/07 5:00:00,2024/10/14 4:59:59
1002097,4,100072,0,0,0,0,1,9302,1,1,91,59,40000,681,1,10001,2024/10/08 5:00:00,2024/10/15 4:59:59
1002098,4,100072,0,0,0,0,2,9303,1,2,91,59,40000,681,1,10001,2024/10/08 5:00:00,2024/10/15 4:59:59
1002099,4,100003,307701,0,0,0,1,9304,1,3,34,95,2,681,1,10001,2024/10/08 5:00:00,2024/10/15 4:59:59
1002100,4,100003,111001,0,0,0,1,9305,1,4,30,110,10000,681,1,10001,2024/10/08 5:00:00,2024/10/15 4:59:59
1002101,4,900001,4,0,0,0,4,9306,1,5,90,43,150,681,1,0,2024/10/08 5:00:00,2024/10/15 4:59:59
1002102,4,100072,0,0,0,0,1,9307,1,1,91,59,40000,682,1,10001,2024/10/14 5:00:00,2024/10/21 4:59:59
1002103,4,100072,0,0,0,0,2,9308,1,2,91,59,40000,682,1,10001,2024/10/14 5:00:00,2024/10/21 4:59:59
1002104,4,100025,202301,3,0,0,1,9309,1,3,34,95,1,682,1,10001,2024/10/14 5:00:00,2024/10/21 4:59:59
1002105,4,100025,202401,3,0,0,1,9310,1,4,34,95,1,682,1,10001,2024/10/14 5:00:00,2024/10/21 4:59:59
1002106,4,100003,101501,0,0,0,1,9311,1,5,30,110,10000,682,1,10001,2024/10/14 5:00:00,2024/10/21 4:59:59
1002107,4,900001,4,0,0,0,5,9312,1,6,90,43,150,682,1,0,2024/10/14 5:00:00,2024/10/21 4:59:59
1002108,4,100072,0,0,0,0,1,9313,1,1,91,59,40000,683,1,10001,2024/10/21 12:00:00,2024/10/28 4:59:59
1002109,4,100072,0,0,0,0,2,9314,1,2,91,59,40000,683,1,10001,2024/10/21 12:00:00,2024/10/28 4:59:59
1002110,4,100003,202501,0,0,0,1,9315,1,3,34,95,1,683,1,10001,2024/10/21 12:00:00,2024/10/28 4:59:59
1002111,4,100003,202601,0,0,0,1,9316,1,4,34,95,1,683,1,10001,2024/10/21 12:00:00,2024/10/28 4:59:59
1002112,4,100003,202701,0,0,0,1,9317,1,5,34,95,1,683,1,10001,2024/10/21 12:00:00,2024/10/28 4:59:59
1002113,4,100003,101601,0,0,0,1,9318,1,6,30,110,10000,683,1,10001,2024/10/21 12:00:00,2024/10/28 4:59:59
1002114,4,900001,4,0,0,0,6,9319,1,7,90,43,150,683,1,0,2024/10/21 12:00:00,2024/10/28 4:59:59
1002115,4,100003,204101,0,0,0,1,9320,1,1,91,59,40000,684,1,10001,2024/10/29 5:00:00,2024/11/05 4:59:59
1002116,4,100003,111001,0,0,0,1,9321,1,2,34,95,1,684,1,10001,2024/10/29 5:00:00,2024/11/05 4:59:59
1002117,4,100003,110501,0,0,0,1,9322,1,3,30,110,10000,684,1,10001,2024/10/29 5:00:00,2024/11/05 4:59:59
1002118,4,100003,203701,0,0,0,1,9323,1,4,91,59,40000,684,1,10001,2024/10/29 5:00:00,2024/11/05 4:59:59
1002119,4,100003,110401,0,0,0,1,9324,1,5,30,110,10000,684,1,10001,2024/10/29 5:00:00,2024/11/05 4:59:59
1002120,4,100003,203601,0,0,0,1,9325,1,6,34,95,1,684,1,10001,2024/10/29 5:00:00,2024/11/05 4:59:59
1002121,4,100003,110301,0,0,0,1,9326,1,7,30,110,10000,684,1,10001,2024/10/29 5:00:00,2024/11/05 4:59:59
1002122,4,900001,4,0,0,0,7,9327,1,8,90,43,150,684,1,0,2024/10/29 5:00:00,2024/11/05 4:59:59
1002123,4,100072,0,0,0,0,1,9328,1,1,91,59,40000,685,1,10001,2024/11/04 5:00:00,2024/11/11 4:59:59
1002124,4,100072,0,0,0,0,2,9329,1,2,91,59,40000,685,1,10001,2024/11/04 5:00:00,2024/11/11 4:59:59
1002125,4,100003,202801,0,0,0,1,9330,1,3,34,95,2,685,1,10001,2024/11/04 5:00:00,2024/11/11 4:59:59
1002126,4,100003,101701,0,0,0,1,9331,1,4,30,110,10000,685,1,10001,2024/11/04 5:00:00,2024/11/11 4:59:59
1002127,4,900001,4,0,0,0,4,9332,1,5,90,43,150,685,1,0,2024/11/04 5:00:00,2024/11/11 4:59:59
1002128,4,100072,0,0,0,0,1,9333,1,1,91,59,40000,686,1,10001,2024/11/11 5:00:00,2024/11/18 4:59:59
1002129,4,100072,0,0,0,0,2,9334,1,2,91,59,40000,686,1,10001,2024/11/11 5:00:00,2024/11/18 4:59:59
1002130,4,100003,305801,0,0,0,1,9335,1,3,34,95,1,686,1,10001,2024/11/11 5:00:00,2024/11/18 4:59:59
1002131,4,100003,202901,0,0,0,1,9336,1,4,34,95,1,686,1,10001,2024/11/11 5:00:00,2024/11/18 4:59:59
1002132,4,100003,101801,0,0,0,1,9337,1,5,30,110,10000,686,1,10001,2024/11/11 5:00:00,2024/11/18 4:59:59
1002133,4,900001,4,0,0,0,5,9338,1,6,90,43,150,686,1,0,2024/11/11 5:00:00,2024/11/18 4:59:59
1002134,4,100072,0,0,0,0,1,9339,1,1,91,59,40000,687,1,10001,2024/11/18 5:00:00,2024/11/25 4:59:59
1002135,4,100072,0,0,0,0,2,9340,1,2,91,59,40000,687,1,10001,2024/11/18 5:00:00,2024/11/25 4:59:59
1002136,4,100027,0,0,0,0,1000000,9341,1,3,34,95,2,687,1,10001,2024/11/18 5:00:00,2024/11/25 4:59:59
1002137,4,100003,101901,0,0,0,1,9342,1,4,30,110,10000,687,1,10001,2024/11/18 5:00:00,2024/11/25 4:59:59
1002138,4,900001,4,0,0,0,4,9343,1,5,90,43,150,687,1,0,2024/11/18 5:00:00,2024/11/25 4:59:59
1002139,4,100072,0,0,0,0,1,9344,1,1,91,59,40000,688,1,10001,2024/11/25 5:00:00,2024/12/02 4:59:59
1002140,4,100072,0,0,0,0,2,9345,1,2,91,59,40000,688,1,10001,2024/11/25 5:00:00,2024/12/02 4:59:59
1002141,4,100003,306101,0,0,0,1,9346,1,3,34,95,1,688,1,10001,2024/11/25 5:00:00,2024/12/02 4:59:59
1002142,4,100003,306201,0,0,0,1,9347,1,4,34,95,1,688,1,10001,2024/11/25 5:00:00,2024/12/02 4:59:59
1002143,4,100003,102001,0,0,0,1,9348,1,5,30,110,10000,688,1,10001,2024/11/25 5:00:00,2024/12/02 4:59:59
1002144,4,900001,4,0,0,0,5,9349,1,6,90,43,150,688,1,0,2024/11/25 5:00:00,2024/12/02 4:59:59
1002145,4,100072,0,0,0,0,1,9350,1,1,91,59,40000,689,1,10001,2024/12/02 12:00:00,2024/12/09 4:59:59
1002146,4,100072,0,0,0,0,2,9351,1,2,91,59,40000,689,1,10001,2024/12/02 12:00:00,2024/12/09 4:59:59
1002147,4,100003,305901,0,0,0,1,9352,1,3,34,95,1,689,1,10001,2024/12/02 12:00:00,2024/12/09 4:59:59
1002148,4,100003,306001,0,0,0,1,9353,1,4,34,95,1,689,1,10001,2024/12/02 12:00:00,2024/12/09 4:59:59
1002149,4,100003,102101,0,0,0,1,9354,1,5,30,110,10000,689,1,10001,2024/12/02 12:00:00,2024/12/09 4:59:59
1002150,4,900001,4,0,0,0,5,9355,1,6,90,43,150,689,1,0,2024/12/02 12:00:00,2024/12/09 4:59:59
1002151,4,100072,0,0,0,0,1,9356,1,1,91,59,40000,690,1,10001,2024/12/05 5:00:00,2024/12/12 4:59:59
1002152,4,100072,0,0,0,0,2,9357,1,2,91,59,40000,690,1,10001,2024/12/05 5:00:00,2024/12/12 4:59:59
1002153,4,100007,100,0,0,0,10,9358,1,3,34,95,2,690,1,10001,2024/12/05 5:00:00,2024/12/12 4:59:59
1002154,4,100003,110801,0,0,0,1,9359,1,4,30,110,10000,690,1,10001,2024/12/05 5:00:00,2024/12/12 4:59:59
1002155,4,900001,4,0,0,0,4,9360,1,5,90,43,150,690,1,0,2024/12/05 5:00:00,2024/12/12 4:59:59
1002156,4,100072,0,0,0,0,1,9361,1,1,91,59,40000,691,1,10001,2024/12/09 5:00:00,2024/12/16 4:59:59
1002157,4,100072,0,0,0,0,2,9362,1,2,91,59,40000,691,1,10001,2024/12/09 5:00:00,2024/12/16 4:59:59
1002158,4,100003,203001,0,0,0,1,9363,1,3,34,95,1,691,1,10001,2024/12/09 5:00:00,2024/12/16 4:59:59
1002159,4,100003,203201,0,0,0,1,9364,1,4,34,95,1,691,1,10001,2024/12/09 5:00:00,2024/12/16 4:59:59
1002160,4,100003,102201,0,0,0,1,9365,1,5,30,110,10000,691,1,10001,2024/12/09 5:00:00,2024/12/16 4:59:59
1002161,4,900001,4,0,0,0,5,9366,1,6,90,43,150,691,1,0,2024/12/09 5:00:00,2024/12/16 4:59:59
1002162,4,100072,0,0,0,0,1,9367,1,1,91,59,40000,692,1,10001,2024/12/16 5:00:00,2024/12/23 4:59:59
1002163,4,100072,0,0,0,0,2,9368,1,2,91,59,40000,692,1,10001,2024/12/16 5:00:00,2024/12/23 4:59:59
1002164,4,100027,0,0,0,0,1000000,9369,1,3,34,95,2,692,1,10001,2024/12/16 5:00:00,2024/12/23 4:59:59
1002165,4,100003,102301,0,0,0,1,9370,1,4,30,110,10000,692,1,10001,2024/12/16 5:00:00,2024/12/23 4:59:59
1002166,4,900001,4,0,0,0,4,9371,1,5,90,43,150,692,1,0,2024/12/16 5:00:00,2024/12/23 4:59:59
1002167,4,100072,0,0,0,0,1,9372,1,1,91,59,40000,693,1,10001,2024/12/22 5:00:00,2024/12/29 4:59:59
1002168,4,100072,0,0,0,0,2,9373,1,2,91,59,40000,693,1,10001,2024/12/22 5:00:00,2024/12/29 4:59:59
1002169,4,100003,306401,0,0,0,1,9374,1,3,34,95,1,693,1,10001,2024/12/22 5:00:00,2024/12/29 4:59:59
1002170,4,100003,306501,0,0,0,1,9375,1,4,34,95,1,693,1,10001,2024/12/22 5:00:00,2024/12/29 4:59:59
1002171,4,100003,102401,0,0,0,1,9376,1,5,30,110,10000,693,1,10001,2024/12/22 5:00:00,2024/12/29 4:59:59
1002172,4,900001,4,0,0,0,5,9377,1,6,90,43,150,693,1,0,2024/12/22 5:00:00,2024/12/29 4:59:59
1002173,4,100072,0,0,0,0,1,9378,1,1,91,59,40000,694,1,10001,2024/12/23 5:00:00,2024/12/30 4:59:59
1002174,4,100072,0,0,0,0,2,9379,1,2,91,59,40000,694,1,10001,2024/12/23 5:00:00,2024/12/30 4:59:59
1002175,4,100007,100,0,0,0,10,9380,1,3,34,95,2,694,1,10001,2024/12/23 5:00:00,2024/12/30 4:59:59
1002176,4,100003,110601,0,0,0,1,9381,1,4,30,110,10000,694,1,10001,2024/12/23 5:00:00,2024/12/30 4:59:59
1002177,4,900001,4,0,0,0,4,9382,1,5,90,43,150,694,1,0,2024/12/23 5:00:00,2024/12/30 4:59:59
1002178,4,900001,4,0,0,0,11,9383,1,1,90,43,500,738,1,0,2024/10/29 12:00:00,2024/11/29 4:59:59
1002179,4,100004,1,9,0,0,1,9384,1,2,34,95,10,738,1,10001,2024/10/29 12:00:00,2024/11/29 4:59:59
1002180,4,100004,1,9,0,0,3,9385,1,3,20,32,10,738,1,10001,2024/10/29 12:00:00,2024/11/29 4:59:59
1002181,4,100004,1,9,0,0,5,9386,1,4,40,41,1,738,1,10001,2024/10/29 12:00:00,2024/11/29 4:59:59
1002182,4,100103,2,1,0,0,1,9387,1,5,11,160,15,738,1,10001,2024/10/29 12:00:00,2024/11/29 4:59:59
1002183,4,100103,2,2,0,0,1,9388,1,6,11,162,8,738,1,10001,2024/10/29 12:00:00,2024/11/29 4:59:59
1002184,4,100103,2,3,0,0,1,9389,1,7,164,150,1,738,1,10001,2024/10/29 12:00:00,2024/11/29 4:59:59
1002185,4,100103,2,4,0,0,1,9390,1,8,40,111,1,738,1,10001,2024/10/29 12:00:00,2024/11/29 4:59:59
1002186,4,100103,2,5,0,0,1,9391,1,9,164,149,1,738,1,10001,2024/10/29 12:00:00,2024/11/29 4:59:59
1002187,4,100106,0,0,0,0,100,9392,1,10,91,59,200000,738,1,10001,2024/10/29 12:00:00,2024/11/29 4:59:59
1002188,4,100104,0,0,0,0,5000,9393,1,11,30,110,50000,738,1,10001,2024/10/29 12:00:00,2024/11/29 4:59:59
1002189,4,100105,0,0,0,0,50,9394,1,12,93,44,20,738,1,10001,2024/10/29 12:00:00,2024/11/29 4:59:59
1002190,4,100072,0,0,0,0,1,9395,1,1,91,59,40000,790,1,10001,2025/02/17 12:00:00,2025/02/24 4:59:59
1002191,4,100072,0,0,0,0,2,9396,1,2,91,59,40000,790,1,10001,2025/02/17 12:00:00,2025/02/24 4:59:59
1002192,4,100003,300801,0,0,0,1,9397,1,3,34,95,1,790,1,10001,2025/02/17 12:00:00,2025/02/24 4:59:59
1002193,4,100003,200201,0,0,0,1,9398,1,4,34,95,1,790,1,10001,2025/02/17 12:00:00,2025/02/24 4:59:59
1002194,4,100003,100101,0,0,0,1,9399,1,5,30,110,10000,790,1,10001,2025/02/17 12:00:00,2025/02/24 4:59:59
1002195,4,900001,4,0,0,0,5,9400,1,6,90,43,150,790,1,0,2025/02/17 12:00:00,2025/02/24 4:59:59
1002196,4,900001,4,0,0,0,12,9401,1,1,90,43,500,808,1,0,2025/02/14 12:00:00,2025/04/01 4:59:59
1002197,4,100100,0,0,0,0,500000,9402,1,2,91,59,200000,808,1,10001,2025/02/14 12:00:00,2025/04/01 4:59:59
1002198,4,100100,0,0,0,0,1000000,9403,1,3,11,160,24,808,1,10001,2025/02/14 12:00:00,2025/04/01 4:59:59
1002199,4,100100,0,0,0,0,2000000,9404,1,4,40,41,1,808,1,10001,2025/02/14 12:00:00,2025/04/01 4:59:59
1002200,4,200008,0,0,0,0,6,9405,1,5,30,110,50000,808,1,20003,2025/02/14 12:00:00,2025/04/01 4:59:59
1002201,4,200008,0,0,0,0,18,9406,1,6,21,34,10,808,1,20003,2025/02/14 12:00:00,2025/04/01 4:59:59
1002202,4,200008,0,0,0,0,30,9407,1,7,34,95,10,808,1,20003,2025/02/14 12:00:00,2025/04/01 4:59:59
1002203,4,200014,0,0,0,0,1000000,9408,1,8,162,133,1,808,1,20001,2025/02/14 12:00:00,2025/04/01 4:59:59
1002204,4,200014,0,0,0,0,2000000,9409,1,9,11,161,12,808,1,20001,2025/02/14 12:00:00,2025/04/01 4:59:59
1002205,4,200014,0,0,0,0,3000000,9410,1,10,103,98,2500,808,1,20001,2025/02/14 12:00:00,2025/04/01 4:59:59
1002206,4,200014,0,0,0,0,5000000,9411,1,11,11,162,6,808,1,20001,2025/02/14 12:00:00,2025/04/01 4:59:59
1002207,4,200014,0,0,0,0,7000000,9412,1,12,93,44,50,808,1,20001,2025/02/14 12:00:00,2025/04/01 4:59:59
1002208,4,200014,0,0,0,0,10000000,9413,1,13,40,111,1,808,1,20001,2025/02/14 12:00:00,2025/04/01 4:59:59
1002209,4,900001,4,0,0,0,12,9414,1,1,90,43,500,809,1,0,2025/02/24 12:00:00,2025/04/01 4:59:59
1002210,4,100004,1,10,0,0,1,9415,1,2,51,30243,1,809,1,10001,2025/02/24 12:00:00,2025/04/01 4:59:59
1002211,4,100004,1,10,0,0,3,9416,1,3,40,41,1,809,1,10001,2025/02/24 12:00:00,2025/04/01 4:59:59
1002212,4,100004,1,10,0,0,5,9417,1,4,164,149,1,809,1,10001,2025/02/24 12:00:00,2025/04/01 4:59:59
1002213,4,100107,0,0,0,0,1,9418,1,5,162,133,1,809,1,10001,2025/02/24 12:00:00,2025/04/01 4:59:59
1002214,4,100107,0,0,0,0,3,9419,1,6,103,98,2500,809,1,10001,2025/02/24 12:00:00,2025/04/01 4:59:59
1002215,4,100108,3,0,0,0,1,9420,1,7,51,30243,1,809,1,10001,2025/02/24 12:00:00,2025/04/01 4:59:59
1002216,4,100109,9046,0,0,0,5,9421,1,8,40,111,1,809,1,10001,2025/02/24 12:00:00,2025/04/01 4:59:59
1002217,4,100109,9047,0,0,0,5,9422,1,9,51,30243,1,809,1,10001,2025/02/24 12:00:00,2025/04/01 4:59:59
1002218,4,100109,9048,0,0,0,5,9423,1,10,164,150,1,809,1,10001,2025/02/24 12:00:00,2025/04/01 4:59:59
1002219,4,100110,9046,0,0,0,5,9424,1,11,91,59,200000,809,1,10001,2025/02/24 12:00:00,2025/04/01 4:59:59
1002220,4,100110,9047,0,0,0,5,9425,1,12,30,110,50000,809,1,10001,2025/02/24 12:00:00,2025/04/01 4:59:59
1002221,4,100110,9048,0,0,0,5,9426,1,13,93,44,50,809,1,10001,2025/02/24 12:00:00,2025/04/01 4:59:59
1002222,4,900001,4,0,0,0,11,9427,1,1,90,43,500,810,1,0,2025/03/11 12:00:00,2025/04/01 4:59:59
1002223,4,100108,3,0,0,0,3,9428,1,2,42,271,1,810,1,10001,2025/03/11 12:00:00,2025/04/01 4:59:59
1002224,4,100110,0,3,0,0,5,9429,1,3,162,133,1,810,1,10001,2025/03/11 12:00:00,2025/04/01 4:59:59
1002225,4,100110,0,3,0,0,10,9430,1,4,150,116,10,810,1,10001,2025/03/11 12:00:00,2025/04/01 4:59:59
1002226,4,100110,0,3,0,0,15,9431,1,5,91,59,200000,810,1,10001,2025/03/11 12:00:00,2025/04/01 4:59:59
1002227,4,100108,3,1,1,0,1,9432,1,6,11,163,6,810,1,10001,2025/03/11 12:00:00,2025/04/01 4:59:59
1002228,4,100108,3,2,1,0,1,9433,1,7,30,110,50000,810,1,10001,2025/03/11 12:00:00,2025/04/01 4:59:59
1002229,4,100108,3,3,1,0,1,9434,1,8,40,41,1,810,1,10001,2025/03/11 12:00:00,2025/04/01 4:59:59
1002230,4,100108,3,4,1,0,1,9435,1,9,11,162,6,810,1,10001,2025/03/11 12:00:00,2025/04/01 4:59:59
1002231,4,100108,3,0,2,0,1,9436,1,10,40,111,1,810,1,10001,2025/03/11 12:00:00,2025/04/01 4:59:59
1002232,4,200033,0,0,0,0,1,9437,1,11,93,44,50,810,1,20011,2025/03/11 12:00:00,2025/04/01 4:59:59
1002233,4,200033,0,0,0,0,2,9438,1,12,164,150,1,810,1,20011,2025/03/11 12:00:00,2025/04/01 4:59:59
1002234,4,100072,0,0,0,0,1,9439,1,1,91,59,40000,816,1,10001,2025/03/24 12:00:00,2025/03/31 4:59:59
1002235,4,100072,0,0,0,0,2,9440,1,2,91,59,40000,816,1,10001,2025/03/24 12:00:00,2025/03/31 4:59:59
1002236,4,100003,301701,0,0,0,1,9441,1,3,34,95,1,816,1,10001,2025/03/24 12:00:00,2025/03/31 4:59:59
1002237,4,100003,301901,0,0,0,1,9442,1,4,34,95,1,816,1,10001,2025/03/24 12:00:00,2025/03/31 4:59:59
1002238,4,100003,100201,0,0,0,1,9443,1,5,30,110,10000,816,1,10001,2025/03/24 12:00:00,2025/03/31 4:59:59
1002239,4,900001,4,0,0,0,5,9444,1,6,90,43,150,816,1,0,2025/03/24 12:00:00,2025/03/31 4:59:59
1002240,4,100072,0,0,0,0,1,9445,1,1,91,59,40000,817,1,10001,2025/03/31 5:00:00,2025/04/07 4:59:59
1002241,4,100072,0,0,0,0,2,9446,1,2,91,59,40000,817,1,10001,2025/03/31 5:00:00,2025/04/07 4:59:59
1002242,4,100003,200501,0,0,0,1,9447,1,3,34,95,1,817,1,10001,2025/03/31 5:00:00,2025/04/07 4:59:59
1002243,4,100003,200701,0,0,0,1,9448,1,4,34,95,1,817,1,10001,2025/03/31 5:00:00,2025/04/07 4:59:59
1002244,4,100003,100301,0,0,0,1,9449,1,5,30,110,10000,817,1,10001,2025/03/31 5:00:00,2025/04/07 4:59:59
1002245,4,900001,4,0,0,0,5,9450,1,6,90,43,150,817,1,0,2025/03/31 5:00:00,2025/04/07 4:59:59
1002246,4,100072,0,0,0,0,1,9451,1,1,91,59,40000,818,1,10001,2025/04/03 5:00:00,2025/04/10 4:59:59
1002247,4,100072,0,0,0,0,2,9452,1,2,91,59,40000,818,1,10001,2025/04/03 5:00:00,2025/04/10 4:59:59
1002248,4,100007,100,1,0,0,10,9453,1,3,34,95,2,818,1,10001,2025/04/03 5:00:00,2025/04/10 4:59:59
1002249,4,100003,110701,0,0,0,1,9454,1,4,30,110,10000,818,1,10001,2025/04/03 5:00:00,2025/04/10 4:59:59
1002250,4,900001,4,0,0,0,4,9455,1,5,90,43,150,818,1,0,2025/04/03 5:00:00,2025/04/10 4:59:59
1002251,4,100072,0,0,0,0,1,9456,1,1,91,59,40000,819,1,10001,2025/04/07 5:00:00,2025/04/14 4:59:59
1002252,4,100072,0,0,0,0,2,9457,1,2,91,59,40000,819,1,10001,2025/04/07 5:00:00,2025/04/14 4:59:59
1002253,4,100025,301801,3,0,0,1,9458,1,3,34,95,1,819,1,10001,2025/04/07 5:00:00,2025/04/14 4:59:59
1002254,4,100025,200801,3,0,0,1,9459,1,4,34,95,1,819,1,10001,2025/04/07 5:00:00,2025/04/14 4:59:59
1002255,4,100003,100401,0,0,0,1,9460,1,5,30,110,10000,819,1,10001,2025/04/07 5:00:00,2025/04/14 4:59:59
1002256,4,900001,4,0,0,0,5,9461,1,6,90,43,150,819,1,0,2025/04/07 5:00:00,2025/04/14 4:59:59
1002257,4,100072,0,0,0,0,1,9462,1,1,91,59,40000,820,1,10001,2025/04/14 5:00:00,2025/04/21 4:59:59
1002258,4,100072,0,0,0,0,2,9463,1,2,91,59,40000,820,1,10001,2025/04/14 5:00:00,2025/04/21 4:59:59
1002259,4,100025,200601,3,0,0,1,9464,1,3,34,95,1,820,1,10001,2025/04/14 5:00:00,2025/04/21 4:59:59
1002260,4,100025,201001,3,0,0,1,9465,1,4,34,95,1,820,1,10001,2025/04/14 5:00:00,2025/04/21 4:59:59
1002261,4,100003,100501,0,0,0,1,9466,1,5,30,110,10000,820,1,10001,2025/04/14 5:00:00,2025/04/21 4:59:59
1002262,4,900001,4,0,0,0,5,9467,1,6,90,43,150,820,1,0,2025/04/14 5:00:00,2025/04/21 4:59:59
1002263,4,100072,0,0,0,0,1,9468,1,1,91,59,40000,821,1,10001,2025/04/28 12:00:00,2025/05/05 4:59:59
1002264,4,100072,0,0,0,0,2,9469,1,2,91,59,40000,821,1,10001,2025/04/28 12:00:00,2025/05/05 4:59:59
1002265,4,100003,200901,0,0,0,1,9470,1,3,34,95,1,821,1,10001,2025/04/28 12:00:00,2025/05/05 4:59:59
1002266,4,100003,201101,0,0,0,1,9471,1,4,34,95,1,821,1,10001,2025/04/28 12:00:00,2025/05/05 4:59:59
1002267,4,100003,100601,0,0,0,1,9472,1,5,30,110,10000,821,1,10001,2025/04/28 12:00:00,2025/05/05 4:59:59
1002268,4,900001,4,0,0,0,5,9473,1,6,90,43,150,821,1,0,2025/04/28 12:00:00,2025/05/05 4:59:59
1002269,4,100072,0,0,0,0,1,9474,1,1,91,59,40000,822,1,10001,2025/04/29 5:00:00,2025/05/06 4:59:59
1002270,4,100072,0,0,0,0,2,9475,1,2,91,59,40000,822,1,10001,2025/04/29 5:00:00,2025/05/06 4:59:59
1002271,4,100025,307201,2,0,0,1,9476,1,3,34,95,2,822,1,10001,2025/04/29 5:00:00,2025/05/06 4:59:59
1002272,4,100003,110901,0,0,0,1,9477,1,4,30,110,10000,822,1,10001,2025/04/29 5:00:00,2025/05/06 4:59:59
1002273,4,900001,4,0,0,0,4,9478,1,5,90,43,150,822,1,0,2025/04/29 5:00:00,2025/05/06 4:59:59
1002274,4,100072,0,0,0,0,1,9479,1,1,91,59,40000,823,1,10001,2025/05/05 5:00:00,2025/05/12 4:59:59
1002275,4,100072,0,0,0,0,2,9480,1,2,91,59,40000,823,1,10001,2025/05/05 5:00:00,2025/05/12 4:59:59
1002276,4,100025,301601,3,0,0,1,9481,1,3,34,95,1,823,1,10001,2025/05/05 5:00:00,2025/05/12 4:59:59
1002277,4,100025,201301,3,0,0,1,9482,1,4,34,95,1,823,1,10001,2025/05/05 5:00:00,2025/05/12 4:59:59
1002278,4,100003,100701,0,0,0,1,9483,1,5,30,110,10000,823,1,10001,2025/05/05 5:00:00,2025/05/12 4:59:59
1002279,4,900001,4,0,0,0,5,9484,1,6,90,43,150,823,1,0,2025/05/05 5:00:00,2025/05/12 4:59:59
1002280,4,100072,0,0,0,0,1,9485,1,1,91,59,40000,824,1,10001,2025/05/12 5:00:00,2025/05/19 4:59:59
1002281,4,100072,0,0,0,0,2,9486,1,2,91,59,40000,824,1,10001,2025/05/12 5:00:00,2025/05/19 4:59:59
1002282,4,100003,201201,0,0,0,1,9487,1,3,34,95,1,824,1,10001,2025/05/12 5:00:00,2025/05/19 4:59:59
1002283,4,100003,302701,0,0,0,1,9488,1,4,34,95,1,824,1,10001,2025/05/12 5:00:00,2025/05/19 4:59:59
1002284,4,100003,100801,0,0,0,1,9489,1,5,30,110,10000,824,1,10001,2025/05/12 5:00:00,2025/05/19 4:59:59
1002285,4,900001,4,0,0,0,5,9490,1,6,90,43,150,824,1,0,2025/05/12 5:00:00,2025/05/19 4:59:59
1002286,4,100072,0,0,0,0,1,9491,1,1,91,59,40000,825,1,10001,2025/05/19 5:00:00,2025/05/26 4:59:59
1002287,4,100072,0,0,0,0,2,9492,1,2,91,59,40000,825,1,10001,2025/05/19 5:00:00,2025/05/26 4:59:59
1002288,4,100025,100401,5,0,0,1,9493,1,3,34,95,1,825,1,10001,2025/05/19 5:00:00,2025/05/26 4:59:59
1002289,4,100025,201501,2,0,0,1,9494,1,4,34,95,1,825,1,10001,2025/05/19 5:00:00,2025/05/26 4:59:59
1002290,4,100003,100901,0,0,0,1,9495,1,5,30,110,10000,825,1,10001,2025/05/19 5:00:00,2025/05/26 4:59:59
1002291,4,900001,4,0,0,0,5,9496,1,6,90,43,150,825,1,0,2025/05/19 5:00:00,2025/05/26 4:59:59
1002292,4,100072,0,0,0,0,1,9497,1,1,91,59,40000,826,1,10001,2025/05/26 12:00:00,2025/06/02 4:59:59
1002293,4,100072,0,0,0,0,2,9498,1,2,91,59,40000,826,1,10001,2025/05/26 12:00:00,2025/06/02 4:59:59
1002294,4,100025,100501,5,0,0,1,9499,1,3,34,95,1,826,1,10001,2025/05/26 12:00:00,2025/06/02 4:59:59
1002295,4,100025,201601,2,0,0,1,9500,1,4,34,95,1,826,1,10001,2025/05/26 12:00:00,2025/06/02 4:59:59
1002296,4,100003,201701,0,0,0,1,9501,1,5,34,95,1,826,1,10001,2025/05/26 12:00:00,2025/06/02 4:59:59
1002297,4,100003,101001,0,0,0,1,9502,1,6,30,110,10000,826,1,10001,2025/05/26 12:00:00,2025/06/02 4:59:59
1002298,4,900001,4,0,0,0,6,9503,1,7,90,43,150,826,1,0,2025/05/26 12:00:00,2025/06/02 4:59:59
1002299,4,100072,0,0,0,0,1,9504,1,1,91,59,40000,827,1,10001,2025/06/02 5:00:00,2025/06/09 4:59:59
1002300,4,100072,0,0,0,0,2,9505,1,2,91,59,40000,827,1,10001,2025/06/02 5:00:00,2025/06/09 4:59:59
1002301,4,100003,201401,0,0,0,1,9506,1,3,34,95,1,827,1,10001,2025/06/02 5:00:00,2025/06/09 4:59:59
1002302,4,100003,201801,0,0,0,1,9507,1,4,34,95,1,827,1,10001,2025/06/02 5:00:00,2025/06/09 4:59:59
1002303,4,100003,101101,0,0,0,1,9508,1,5,30,110,10000,827,1,10001,2025/06/02 5:00:00,2025/06/09 4:59:59
1002304,4,900001,4,0,0,0,5,9509,1,6,90,43,150,827,1,0,2025/06/02 5:00:00,2025/06/09 4:59:59
1002305,4,100072,0,0,0,0,1,9510,1,1,91,59,40000,828,1,10001,2025/06/09 5:00:00,2025/06/16 4:59:59
1002306,4,100072,0,0,0,0,2,9511,1,2,91,59,40000,828,1,10001,2025/06/09 5:00:00,2025/06/16 4:59:59
1002307,4,100027,0,0,0,0,1000000,9512,1,3,34,95,2,828,1,10001,2025/06/09 5:00:00,2025/06/16 4:59:59
1002308,4,100003,101201,0,0,0,1,9513,1,4,30,110,10000,828,1,10001,2025/06/09 5:00:00,2025/06/16 4:59:59
1002309,4,900001,4,0,0,0,4,9514,1,5,90,43,150,828,1,0,2025/06/09 5:00:00,2025/06/16 4:59:59
1002310,4,100072,0,0,0,0,1,9515,1,1,91,59,40000,829,1,10001,2025/06/26 5:00:00,2025/07/03 4:59:59
1002311,4,100072,0,0,0,0,2,9516,1,2,91,59,40000,829,1,10001,2025/06/26 5:00:00,2025/07/03 4:59:59
1002312,4,100025,110901,2,0,0,1,9517,1,3,34,95,2,829,1,10001,2025/06/26 5:00:00,2025/07/03 4:59:59
1002313,4,100003,110101,0,0,0,1,9518,1,4,30,110,10000,829,1,10001,2025/06/26 5:00:00,2025/07/03 4:59:59
1002314,4,900001,4,0,0,0,4,9519,1,5,90,43,150,829,1,0,2025/06/26 5:00:00,2025/07/03 4:59:59
1002315,4,900001,4,0,0,0,11,9520,1,1,90,43,500,868,1,0,2025/06/27 12:00:00,2025/07/31 4:59:59
1002316,4,100004,1,11,0,0,1,9521,1,2,34,95,10,868,1,10001,2025/06/27 12:00:00,2025/07/31 4:59:59
1002317,4,100004,1,11,0,0,3,9522,1,3,20,32,10,868,1,10001,2025/06/27 12:00:00,2025/07/31 4:59:59
1002318,4,100004,1,11,0,0,5,9523,1,4,40,41,1,868,1,10001,2025/06/27 12:00:00,2025/07/31 4:59:59
1002319,4,100112,2,1,0,0,1,9524,1,5,11,160,15,868,1,10001,2025/06/27 12:00:00,2025/07/31 4:59:59
1002320,4,100112,2,2,0,0,1,9525,1,6,11,162,8,868,1,10001,2025/06/27 12:00:00,2025/07/31 4:59:59
1002321,4,100112,2,3,0,0,1,9526,1,7,164,150,1,868,1,10001,2025/06/27 12:00:00,2025/07/31 4:59:59
1002322,4,100112,2,4,0,0,1,9527,1,8,40,111,1,868,1,10001,2025/06/27 12:00:00,2025/07/31 4:59:59
1002323,4,100112,2,5,0,0,1,9528,1,9,164,149,1,868,1,10001,2025/06/27 12:00:00,2025/07/31 4:59:59
1002324,4,100113,0,0,0,0,10000,9529,1,10,91,59,200000,868,1,10001,2025/06/27 12:00:00,2025/07/31 4:59:59
1002325,4,100114,0,999,0,0,5,9530,1,11,30,110,50000,868,1,10001,2025/06/27 12:00:00,2025/07/31 4:59:59
1002326,4,100115,0,0,0,0,30,9531,1,12,93,44,20,868,1,10001,2025/06/27 12:00:00,2025/07/31 4:59:59
1002327,4,900001,4,0,0,0,12,9532,1,1,90,43,500,864,1,0,2025/08/14 12:00:00,2025/09/30 4:59:59
1002328,4,100100,0,0,0,0,500000,9533,1,2,91,59,200000,864,1,10001,2025/08/14 12:00:00,2025/09/30 4:59:59
1002329,4,100100,0,0,0,0,1000000,9534,1,3,11,160,24,864,1,10001,2025/08/14 12:00:00,2025/09/30 4:59:59
1002330,4,100100,0,0,0,0,2000000,9535,1,4,40,41,1,864,1,10001,2025/08/14 12:00:00,2025/09/30 4:59:59
1002331,4,200008,0,0,0,0,6,9536,1,5,30,110,50000,864,1,20003,2025/08/14 12:00:00,2025/09/30 4:59:59
1002332,4,200008,0,0,0,0,18,9537,1,6,21,34,10,864,1,20003,2025/08/14 12:00:00,2025/09/30 4:59:59
1002333,4,200008,0,0,0,0,30,9538,1,7,34,95,10,864,1,20003,2025/08/14 12:00:00,2025/09/30 4:59:59
1002334,4,600042,0,0,0,0,1,9539,1,8,11,161,12,864,1,60120,2025/08/14 12:00:00,2025/09/30 4:59:59
1002335,4,600042,0,0,0,0,5,9540,1,9,103,98,2500,864,1,60120,2025/08/14 12:00:00,2025/09/30 4:59:59
1002336,4,600042,0,0,0,0,10,9541,1,10,93,44,20,864,1,60120,2025/08/14 12:00:00,2025/09/30 4:59:59
1002337,4,200014,0,0,0,0,1000000,9542,1,11,162,133,1,864,1,20001,2025/08/14 12:00:00,2025/09/30 4:59:59
1002338,4,200014,0,0,0,0,5000000,9543,1,12,11,162,6,864,1,20001,2025/08/14 12:00:00,2025/09/30 4:59:59
1002339,4,200014,0,0,0,0,10000000,9544,1,13,40,111,1,864,1,20001,2025/08/14 12:00:00,2025/09/30 4:59:59
1002340,4,900001,4,0,0,0,12,9545,1,1,90,43,500,865,1,0,2025/08/24 12:00:00,2025/09/30 4:59:59
1002341,4,100004,1,0,0,0,1,9546,1,2,51,30266,1,865,1,10001,2025/08/24 12:00:00,2025/09/30 4:59:59
1002342,4,100004,1,0,0,0,2,9547,1,3,91,59,200000,865,1,10001,2025/08/24 12:00:00,2025/09/30 4:59:59
1002343,4,100004,1,0,0,0,3,9548,1,4,103,98,2500,865,1,10001,2025/08/24 12:00:00,2025/09/30 4:59:59
1002344,4,100004,1,0,0,0,5,9549,1,5,164,150,1,865,1,10001,2025/08/24 12:00:00,2025/09/30 4:59:59
1002345,4,100101,3,0,0,0,1,9550,1,6,51,30266,1,865,1,10001,2025/08/24 12:00:00,2025/09/30 4:59:59
1002346,4,100073,0,0,0,0,1,9551,1,7,162,133,1,865,1,10001,2025/08/24 12:00:00,2025/09/30 4:59:59
1002347,4,100041,0,12,0,0,1,9552,1,8,51,30266,1,865,1,10001,2025/08/24 12:00:00,2025/09/30 4:59:59
1002348,4,100004,19,0,0,0,1,9553,1,9,30,110,50000,865,1,10001,2025/08/24 12:00:00,2025/09/30 4:59:59
1002349,4,100004,20,0,0,0,1,9554,1,10,93,44,20,865,1,10001,2025/08/24 12:00:00,2025/09/30 4:59:59
1002350,4,100041,0,1,6000,0,1,9555,1,11,164,149,1,865,1,10001,2025/08/24 12:00:00,2025/09/30 4:59:59
1002351,4,100068,1200,1,1,0,1,9556,1,12,40,41,1,865,1,10001,2025/08/24 12:00:00,2025/09/30 4:59:59
1002352,4,100037,99,0,0,0,1,9557,1,13,40,111,1,865,1,10001,2025/08/24 12:00:00,2025/09/30 4:59:59
1002353,4,900001,4,0,0,0,11,9558,1,1,90,43,500,866,1,0,2025/09/09 12:00:00,2025/09/30 4:59:59
1002354,4,100004,44,0,0,0,1,9559,1,2,42,290,1,866,1,10001,2025/09/09 12:00:00,2025/09/30 4:59:59
1002355,4,100102,4,0,0,0,1,9560,1,3,164,150,1,866,1,10001,2025/09/09 12:00:00,2025/09/30 4:59:59
1002356,4,100041,0,15,0,0,1,9561,1,4,40,41,1,866,1,10001,2025/09/09 12:00:00,2025/09/30 4:59:59
1002357,4,100041,0,5,2,0,1,9562,1,5,40,111,1,866,1,10001,2025/09/09 12:00:00,2025/09/30 4:59:59
1002358,4,100068,1000,1,0,0,1,9563,1,6,162,133,1,866,1,10001,2025/09/09 12:00:00,2025/09/30 4:59:59
1002359,4,100068,1000,2,0,0,1,9564,1,7,11,162,6,866,1,10001,2025/09/09 12:00:00,2025/09/30 4:59:59
1002360,4,100068,1000,3,0,0,1,9565,1,8,11,163,6,866,1,10001,2025/09/09 12:00:00,2025/09/30 4:59:59
1002361,4,600045,0,0,0,0,1,9566,1,9,30,110,50000,866,1,60130,2025/09/09 12:00:00,2025/09/30 4:59:59
1002362,4,600045,0,0,0,0,2,9567,1,10,150,116,10,866,1,60130,2025/09/09 12:00:00,2025/09/30 4:59:59
1002363,4,200033,0,0,0,0,1,9568,1,11,91,59,200000,866,1,20011,2025/09/09 12:00:00,2025/09/30 4:59:59
1002364,4,200033,0,0,0,0,2,9569,1,12,93,44,20,866,1,20011,2025/09/09 12:00:00,2025/09/30 4:59:59
1002365,4,100072,0,0,0,0,1,9570,1,1,34,95,1,910,1,10001,2025/09/22 12:00:00,2025/09/29 4:59:59
1002366,4,100072,0,0,0,0,2,9571,1,2,91,59,80000,910,1,10001,2025/09/22 12:00:00,2025/09/29 4:59:59
1002367,4,100072,0,0,0,0,3,9572,1,3,93,44,3,910,1,10001,2025/09/22 12:00:00,2025/09/29 4:59:59
1002368,4,100003,101301,0,0,0,1,9573,1,4,103,98,10000,910,1,10001,2025/09/22 12:00:00,2025/09/29 4:59:59
1002369,4,900001,4,0,0,0,4,9574,1,5,90,43,150,910,1,0,2025/09/22 12:00:00,2025/09/29 4:59:59
1002370,4,100072,0,0,0,0,1,9575,1,1,34,95,1,911,1,10001,2025/10/02 5:00:00,2025/10/09 4:59:59
1002371,4,100072,0,0,0,0,2,9576,1,2,91,59,80000,911,1,10001,2025/10/02 5:00:00,2025/10/09 4:59:59
1002372,4,100072,0,0,0,0,3,9577,1,3,93,44,3,911,1,10001,2025/10/02 5:00:00,2025/10/09 4:59:59
1002373,4,100003,110201,0,0,0,1,9578,1,4,103,98,10000,911,1,10001,2025/10/02 5:00:00,2025/10/09 4:59:59
1002374,4,900001,4,0,0,0,4,9579,1,5,90,43,150,911,1,0,2025/10/02 5:00:00,2025/10/09 4:59:59
1002375,4,100072,0,0,0,0,1,9580,1,1,34,95,1,912,1,10001,2025/10/07 5:00:00,2025/10/14 4:59:59
1002376,4,100072,0,0,0,0,2,9581,1,2,91,59,80000,912,1,10001,2025/10/07 5:00:00,2025/10/14 4:59:59
1002377,4,100072,0,0,0,0,3,9582,1,3,93,44,3,912,1,10001,2025/10/07 5:00:00,2025/10/14 4:59:59
1002378,4,100003,111001,0,0,0,1,9583,1,4,103,98,10000,912,1,10001,2025/10/07 5:00:00,2025/10/14 4:59:59
1002379,4,900001,4,0,0,0,4,9584,1,5,90,43,150,912,1,0,2025/10/07 5:00:00,2025/10/14 4:59:59
1002380,4,100072,0,0,0,0,1,9585,1,1,34,95,1,913,1,10001,2025/10/13 5:00:00,2025/10/20 4:59:59
1002381,4,100072,0,0,0,0,2,9586,1,2,91,59,80000,913,1,10001,2025/10/13 5:00:00,2025/10/20 4:59:59
1002382,4,100072,0,0,0,0,3,9587,1,3,93,44,3,913,1,10001,2025/10/13 5:00:00,2025/10/20 4:59:59
1002383,4,100003,101401,0,0,0,1,9588,1,4,103,98,10000,913,1,10001,2025/10/13 5:00:00,2025/10/20 4:59:59
1002384,4,900001,4,0,0,0,4,9589,1,5,90,43,150,913,1,0,2025/10/13 5:00:00,2025/10/20 4:59:59
1002385,4,100072,0,0,0,0,1,9590,1,1,34,95,1,914,1,10001,2025/10/20 5:00:00,2025/10/27 4:59:59
1002386,4,100072,0,0,0,0,2,9591,1,2,91,59,80000,914,1,10001,2025/10/20 5:00:00,2025/10/27 4:59:59
1002387,4,100072,0,0,0,0,3,9592,1,3,93,44,3,914,1,10001,2025/10/20 5:00:00,2025/10/27 4:59:59
1002388,4,100003,101501,0,0,0,1,9593,1,4,103,98,10000,914,1,10001,2025/10/20 5:00:00,2025/10/27 4:59:59
1002389,4,900001,4,0,0,0,4,9594,1,5,90,43,150,914,1,0,2025/10/20 5:00:00,2025/10/27 4:59:59
1002390,4,100072,0,0,0,0,1,9595,1,1,34,95,1,915,1,10001,2025/10/27 12:00:00,2025/11/03 4:59:59
1002391,4,100072,0,0,0,0,2,9596,1,2,91,59,80000,915,1,10001,2025/10/27 12:00:00,2025/11/03 4:59:59
1002392,4,100072,0,0,0,0,3,9597,1,3,93,44,3,915,1,10001,2025/10/27 12:00:00,2025/11/03 4:59:59
1002393,4,100003,101601,0,0,0,1,9598,1,4,103,98,10000,915,1,10001,2025/10/27 12:00:00,2025/11/03 4:59:59
1002394,4,900001,4,0,0,0,4,9599,1,5,90,43,150,915,1,0,2025/10/27 12:00:00,2025/11/03 4:59:59
1002395,4,100072,0,0,0,0,1,9600,1,1,34,95,1,916,1,10001,2025/10/28 5:00:00,2025/11/04 4:59:59
1002396,4,100072,0,0,0,0,2,9601,1,2,91,59,80000,916,1,10001,2025/10/28 5:00:00,2025/11/04 4:59:59
1002397,4,100072,0,0,0,0,3,9602,1,3,93,44,3,916,1,10001,2025/10/28 5:00:00,2025/11/04 4:59:59
1002398,4,100003,110501,0,0,0,1,9603,1,4,103,98,10000,916,1,10001,2025/10/28 5:00:00,2025/11/04 4:59:59
1002399,4,100003,110401,0,0,0,1,9604,1,5,103,98,10000,916,1,10001,2025/10/28 5:00:00,2025/11/04 4:59:59
1002400,4,100003,110301,0,0,0,1,9605,1,6,103,98,10000,916,1,10001,2025/10/28 5:00:00,2025/11/04 4:59:59
1002401,4,900001,4,0,0,0,6,9606,1,7,90,43,150,916,1,0,2025/10/28 5:00:00,2025/11/04 4:59:59
1002402,4,100072,0,0,0,0,1,9607,1,1,34,95,1,917,1,10001,2025/11/10 5:00:00,2025/11/17 4:59:59
1002403,4,100072,0,0,0,0,2,9608,1,2,91,59,80000,917,1,10001,2025/11/10 5:00:00,2025/11/17 4:59:59
1002404,4,100072,0,0,0,0,3,9609,1,3,93,44,3,917,1,10001,2025/11/10 5:00:00,2025/11/17 4:59:59
1002405,4,100003,101701,0,0,0,1,9610,1,4,103,98,10000,917,1,10001,2025/11/10 5:00:00,2025/11/17 4:59:59
1002406,4,900001,4,0,0,0,4,9611,1,5,90,43,150,917,1,0,2025/11/10 5:00:00,2025/11/17 4:59:59
1002407,4,100072,0,0,0,0,1,9612,1,1,34,95,1,918,1,10001,2025/11/17 5:00:00,2025/11/24 4:59:59
1002408,4,100072,0,0,0,0,2,9613,1,2,91,59,80000,918,1,10001,2025/11/17 5:00:00,2025/11/24 4:59:59
1002409,4,100072,0,0,0,0,3,9614,1,3,93,44,3,918,1,10001,2025/11/17 5:00:00,2025/11/24 4:59:59
1002410,4,100003,101801,0,0,0,1,9615,1,4,103,98,10000,918,1,10001,2025/11/17 5:00:00,2025/11/24 4:59:59
1002411,4,900001,4,0,0,0,4,9616,1,5,90,43,150,918,1,0,2025/11/17 5:00:00,2025/11/24 4:59:59
1002412,4,100072,0,0,0,0,1,9617,1,1,34,95,1,919,1,10001,2025/11/24 5:00:00,2025/12/01 4:59:59
1002413,4,100072,0,0,0,0,2,9618,1,2,91,59,80000,919,1,10001,2025/11/24 5:00:00,2025/12/01 4:59:59
1002414,4,100072,0,0,0,0,3,9619,1,3,93,44,3,919,1,10001,2025/11/24 5:00:00,2025/12/01 4:59:59
1002415,4,100003,101901,0,0,0,1,9620,1,4,103,98,10000,919,1,10001,2025/11/24 5:00:00,2025/12/01 4:59:59
1002416,4,900001,4,0,0,0,4,9621,1,5,90,43,150,919,1,0,2025/11/24 5:00:00,2025/12/01 4:59:59
1002417,4,100072,0,0,0,0,1,9622,1,1,34,95,1,920,1,10001,2025/12/01 12:00:00,2025/12/08 4:59:59
1002418,4,100072,0,0,0,0,2,9623,1,2,91,59,80000,920,1,10001,2025/12/01 12:00:00,2025/12/08 4:59:59
1002419,4,100072,0,0,0,0,3,9624,1,3,93,44,3,920,1,10001,2025/12/01 12:00:00,2025/12/08 4:59:59
1002420,4,100003,102001,0,0,0,1,9625,1,4,103,98,10000,920,1,10001,2025/12/01 12:00:00,2025/12/08 4:59:59
1002421,4,900001,4,0,0,0,4,9626,1,5,90,43,150,920,1,0,2025/12/01 12:00:00,2025/12/08 4:59:59
1002422,4,100072,0,0,0,0,1,9627,1,1,34,95,1,921,1,10001,2025/12/08 5:00:00,2025/12/15 4:59:59
1002423,4,100072,0,0,0,0,2,9628,1,2,91,59,80000,921,1,10001,2025/12/08 5:00:00,2025/12/15 4:59:59
1002424,4,100072,0,0,0,0,3,9629,1,3,93,44,3,921,1,10001,2025/12/08 5:00:00,2025/12/15 4:59:59
1002425,4,100003,102101,0,0,0,1,9630,1,4,103,98,10000,921,1,10001,2025/12/08 5:00:00,2025/12/15 4:59:59
1002426,4,900001,4,0,0,0,4,9631,1,5,90,43,150,921,1,0,2025/12/08 5:00:00,2025/12/15 4:59:59
1002427,4,100072,0,0,0,0,1,9632,1,1,34,95,1,922,1,10001,2025/12/11 5:00:00,2025/12/18 4:59:59
1002428,4,100072,0,0,0,0,2,9633,1,2,91,59,80000,922,1,10001,2025/12/11 5:00:00,2025/12/18 4:59:59
1002429,4,100072,0,0,0,0,3,9634,1,3,93,44,3,922,1,10001,2025/12/11 5:00:00,2025/12/18 4:59:59
1002430,4,100003,110801,0,0,0,1,9635,1,4,103,98,10000,922,1,10001,2025/12/11 5:00:00,2025/12/18 4:59:59
1002431,4,900001,4,0,0,0,4,9636,1,5,90,43,150,922,1,0,2025/12/11 5:00:00,2025/12/18 4:59:59
1002432,4,100072,0,0,0,0,1,9637,1,1,34,95,1,923,1,10001,2025/12/15 5:00:00,2025/12/22 4:59:59
1002433,4,100072,0,0,0,0,2,9638,1,2,91,59,80000,923,1,10001,2025/12/15 5:00:00,2025/12/22 4:59:59
1002434,4,100072,0,0,0,0,3,9639,1,3,93,44,3,923,1,10001,2025/12/15 5:00:00,2025/12/22 4:59:59
1002435,4,100003,102201,0,0,0,1,9640,1,4,103,98,10000,923,1,10001,2025/12/15 5:00:00,2025/12/22 4:59:59
1002436,4,900001,4,0,0,0,4,9641,1,5,90,43,150,923,1,0,2025/12/15 5:00:00,2025/12/22 4:59:59
1002437,4,100072,0,0,0,0,1,9642,1,1,34,95,1,924,1,10001,2025/12/21 5:00:00,2025/12/28 4:59:59
1002438,4,100072,0,0,0,0,2,9643,1,2,91,59,80000,924,1,10001,2025/12/21 5:00:00,2025/12/28 4:59:59
1002439,4,100072,0,0,0,0,3,9644,1,3,93,44,3,924,1,10001,2025/12/21 5:00:00,2025/12/28 4:59:59
1002440,4,100003,102401,0,0,0,1,9645,1,4,103,98,10000,924,1,10001,2025/12/21 5:00:00,2025/12/28 4:59:59
1002441,4,900001,4,0,0,0,4,9646,1,5,90,43,150,924,1,0,2025/12/21 5:00:00,2025/12/28 4:59:59
1002442,4,100072,0,0,0,0,1,9647,1,1,34,95,1,925,1,10001,2025/12/22 5:00:00,2025/12/29 4:59:59
1002443,4,100072,0,0,0,0,2,9648,1,2,91,59,80000,925,1,10001,2025/12/22 5:00:00,2025/12/29 4:59:59
1002444,4,100072,0,0,0,0,3,9649,1,3,93,44,3,925,1,10001,2025/12/22 5:00:00,2025/12/29 4:59:59
1002445,4,100003,102301,0,0,0,1,9650,1,4,103,98,10000,925,1,10001,2025/12/22 5:00:00,2025/12/29 4:59:59
1002446,4,900001,4,0,0,0,4,9651,1,5,90,43,150,925,1,0,2025/12/22 5:00:00,2025/12/29 4:59:59
1002447,4,100072,0,0,0,0,1,9652,1,1,34,95,1,926,1,10001,2025/12/23 5:00:00,2025/12/30 4:59:59
1002448,4,100072,0,0,0,0,2,9653,1,2,91,59,80000,926,1,10001,2025/12/23 5:00:00,2025/12/30 4:59:59
1002449,4,100072,0,0,0,0,3,9654,1,3,93,44,3,926,1,10001,2025/12/23 5:00:00,2025/12/30 4:59:59
1002450,4,100003,110601,0,0,0,1,9655,1,4,103,98,10000,926,1,10001,2025/12/23 5:00:00,2025/12/30 4:59:59
1002451,4,900001,4,0,0,0,4,9656,1,5,90,43,150,926,1,0,2025/12/23 5:00:00,2025/12/30 4:59:59
1002452,4,900001,4,0,0,0,11,9657,1,1,90,43,500,946,1,0,2025/10/29 12:00:00,2025/11/28 4:59:59
1002453,4,100004,1,12,0,0,1,9658,1,2,34,95,10,946,1,10001,2025/10/29 12:00:00,2025/11/28 4:59:59
1002454,4,100004,1,12,0,0,3,9659,1,3,20,32,10,946,1,10001,2025/10/29 12:00:00,2025/11/28 4:59:59
1002455,4,100004,1,12,0,0,5,9660,1,4,40,41,1,946,1,10001,2025/10/29 12:00:00,2025/11/28 4:59:59
1002456,4,100116,2,1,0,0,1,9661,1,5,11,160,15,946,1,10001,2025/10/29 12:00:00,2025/11/28 4:59:59
1002457,4,100116,2,2,0,0,1,9662,1,6,11,162,8,946,1,10001,2025/10/29 12:00:00,2025/11/28 4:59:59
1002458,4,100116,2,3,0,0,1,9663,1,7,164,150,1,946,1,10001,2025/10/29 12:00:00,2025/11/28 4:59:59
1002459,4,100117,1,0,0,0,50,9664,1,8,93,44,20,946,1,10001,2025/10/29 12:00:00,2025/11/28 4:59:59
1002460,4,100117,1,0,0,0,100,9665,1,9,40,111,1,946,1,10001,2025/10/29 12:00:00,2025/11/28 4:59:59
1002461,4,100117,2,0,0,0,30,9666,1,10,91,59,200000,946,1,10001,2025/10/29 12:00:00,2025/11/28 4:59:59
1002462,4,100118,0,0,0,0,30,9667,1,11,103,98,2500,946,1,10001,2025/10/29 12:00:00,2025/11/28 4:59:59
1002463,4,100119,0,0,0,0,15,9668,1,12,164,149,1,946,1,10001,2025/10/29 12:00:00,2025/11/28 4:59:59
1002464,4,900001,4,0,0,0,12,9669,1,1,90,43,500,1006,1,0,2026/02/14 12:00:00,2026/03/31 4:59:59
1002465,4,100100,0,0,0,0,500000,9670,1,2,91,59,200000,1006,1,10001,2026/02/14 12:00:00,2026/03/31 4:59:59
1002466,4,100100,0,0,0,0,1000000,9671,1,3,11,160,24,1006,1,10001,2026/02/14 12:00:00,2026/03/31 4:59:59
1002467,4,100100,0,0,0,0,2000000,9672,1,4,40,41,1,1006,1,10001,2026/02/14 12:00:00,2026/03/31 4:59:59
1002468,4,200008,0,0,0,0,6,9673,1,5,20,32,2,1006,1,20003,2026/02/14 12:00:00,2026/03/31 4:59:59
1002469,4,200008,0,0,0,0,18,9674,1,6,21,34,10,1006,1,20003,2026/02/14 12:00:00,2026/03/31 4:59:59
1002470,4,200008,0,0,0,0,30,9675,1,7,34,95,10,1006,1,20003,2026/02/14 12:00:00,2026/03/31 4:59:59
1002471,4,600042,0,0,0,0,1,9676,1,8,162,133,1,1006,1,60120,2026/02/14 12:00:00,2026/03/31 4:59:59
1002472,4,600042,0,0,0,0,5,9677,1,9,11,161,12,1006,1,60120,2026/02/14 12:00:00,2026/03/31 4:59:59
1002473,4,600042,0,0,0,0,10,9678,1,10,103,98,4000,1006,1,60120,2026/02/14 12:00:00,2026/03/31 4:59:59
1002474,4,200014,0,0,0,0,1000000,9679,1,11,11,162,6,1006,1,20001,2026/02/14 12:00:00,2026/03/31 4:59:59
1002475,4,200014,0,0,0,0,5000000,9680,1,12,93,44,50,1006,1,20001,2026/02/14 12:00:00,2026/03/31 4:59:59
1002476,4,200014,0,0,0,0,10000000,9681,1,13,40,111,1,1006,1,20001,2026/02/14 12:00:00,2026/03/31 4:59:59
1002477,4,900001,4,0,0,0,12,9682,1,1,90,43,500,1007,1,0,2026/02/24 12:00:00,2026/03/31 4:59:59
1002478,4,100004,1,13,0,0,1,9683,1,2,51,30291,1,1007,1,10001,2026/02/24 12:00:00,2026/03/31 4:59:59
1002479,4,100004,1,13,0,0,3,9684,1,3,40,41,1,1007,1,10001,2026/02/24 12:00:00,2026/03/31 4:59:59
1002480,4,100004,1,13,0,0,5,9685,1,4,164,149,1,1007,1,10001,2026/02/24 12:00:00,2026/03/31 4:59:59
1002481,4,100120,2,1,0,0,1,9686,1,5,51,30291,1,1007,1,10001,2026/02/24 12:00:00,2026/03/31 4:59:59
1002482,4,100120,2,2,0,0,1,9687,1,6,162,133,1,1007,1,10001,2026/02/24 12:00:00,2026/03/31 4:59:59
1002483,4,100120,2,3,0,0,1,9688,1,7,103,98,4000,1007,1,10001,2026/02/24 12:00:00,2026/03/31 4:59:59
1002484,4,100120,2,4,0,0,1,9689,1,8,20,32,2,1007,1,10001,2026/02/24 12:00:00,2026/03/31 4:59:59
1002485,4,100120,2,5,0,0,1,9690,1,9,40,111,1,1007,1,10001,2026/02/24 12:00:00,2026/03/31 4:59:59
1002486,4,100121,0,0,0,0,1,9691,1,10,51,30291,1,1007,1,10001,2026/02/24 12:00:00,2026/03/31 4:59:59
1002487,4,100122,0,0,0,0,15,9692,1,11,91,59,200000,1007,1,10001,2026/02/24 12:00:00,2026/03/31 4:59:59
1002488,4,100122,0,0,0,0,30,9693,1,12,164,150,1,1007,1,10001,2026/02/24 12:00:00,2026/03/31 4:59:59
1002489,4,100123,0,0,0,0,25,9694,1,13,93,44,50,1007,1,10001,2026/02/24 12:00:00,2026/03/31 4:59:59
1002490,4,900001,4,0,0,0,12,9695,1,1,90,43,500,1008,1,0,2026/03/11 12:00:00,2026/03/31 4:59:59
1002491,4,100121,2,0,0,0,1,9696,1,2,91,59,200000,1008,1,10001,2026/03/11 12:00:00,2026/03/31 4:59:59
1002492,4,100121,7,0,0,0,1,9697,1,3,40,41,1,1008,1,10001,2026/03/11 12:00:00,2026/03/31 4:59:59
1002493,4,100121,9,0,0,0,1,9698,1,4,150,116,10,1008,1,10001,2026/03/11 12:00:00,2026/03/31 4:59:59
1002494,4,100121,5,0,0,0,1,9699,1,5,103,98,4000,1008,1,10001,2026/03/11 12:00:00,2026/03/31 4:59:59
1002495,4,100121,3,0,0,0,1,9700,1,6,11,163,6,1008,1,10001,2026/03/11 12:00:00,2026/03/31 4:59:59
1002496,4,100121,1,0,0,0,1,9701,1,7,20,32,2,1008,1,10001,2026/03/11 12:00:00,2026/03/31 4:59:59
1002497,4,100121,8,0,0,0,1,9702,1,8,162,133,1,1008,1,10001,2026/03/11 12:00:00,2026/03/31 4:59:59
1002498,4,100121,4,0,0,0,1,9703,1,9,11,162,6,1008,1,10001,2026/03/11 12:00:00,2026/03/31 4:59:59
1002499,4,100121,6,0,0,0,1,9704,1,10,42,327,1,1008,1,10001,2026/03/11 12:00:00,2026/03/31 4:59:59
1002500,4,100124,10,0,0,0,1,9705,1,11,40,111,1,1008,1,10001,2026/03/11 12:00:00,2026/03/31 4:59:59
1002501,4,200033,0,0,0,0,1,9706,1,12,93,44,50,1008,1,20011,2026/03/11 12:00:00,2026/03/31 4:59:59
1002502,4,200033,0,0,0,0,2,9707,1,13,164,150,1,1008,1,20011,2026/03/11 12:00:00,2026/03/31 4:59:59
1002503,4,100072,0,0,0,0,1,9708,1,1,34,95,1,975,1,10001,2026/02/16 12:00:00,2026/02/23 4:59:59
1002504,4,100072,0,0,0,0,2,9709,1,2,91,59,80000,975,1,10001,2026/02/16 12:00:00,2026/02/23 4:59:59
1002505,4,100072,0,0,0,0,3,9710,1,3,93,44,3,975,1,10001,2026/02/16 12:00:00,2026/02/23 4:59:59
1002506,4,100003,100101,0,0,0,1,9711,1,4,103,98,10000,975,1,10001,2026/02/16 12:00:00,2026/02/23 4:59:59
1002507,4,900001,4,0,0,0,4,9712,1,5,90,43,150,975,1,0,2026/02/16 12:00:00,2026/02/23 4:59:59
1002508,4,100072,0,0,0,0,1,9713,1,1,34,95,1,1036,1,10001,2026/03/23 12:00:00,2026/03/30 4:59:59
1002509,4,100072,0,0,0,0,2,9714,1,2,91,59,80000,1036,1,10001,2026/03/23 12:00:00,2026/03/30 4:59:59
1002510,4,100072,0,0,0,0,3,9715,1,3,93,44,3,1036,1,10001,2026/03/23 12:00:00,2026/03/30 4:59:59
1002511,4,100003,100201,0,0,0,1,9716,1,4,103,98,10000,1036,1,10001,2026/03/23 12:00:00,2026/03/30 4:59:59
1002512,4,900001,4,0,0,0,4,9717,1,5,90,43,150,1036,1,0,2026/03/23 12:00:00,2026/03/30 4:59:59
1002513,4,100072,0,0,0,0,1,9718,1,1,34,95,1,1037,1,10001,2026/03/30 5:00:00,2026/04/06 4:59:59
1002514,4,100072,0,0,0,0,2,9719,1,2,91,59,80000,1037,1,10001,2026/03/30 5:00:00,2026/04/06 4:59:59
1002515,4,100072,0,0,0,0,3,9720,1,3,93,44,3,1037,1,10001,2026/03/30 5:00:00,2026/04/06 4:59:59
1002516,4,100003,100301,0,0,0,1,9721,1,4,103,98,10000,1037,1,10001,2026/03/30 5:00:00,2026/04/06 4:59:59
1002517,4,900001,4,0,0,0,4,9722,1,5,90,43,150,1037,1,0,2026/03/30 5:00:00,2026/04/06 4:59:59
1002518,4,100072,0,0,0,0,1,9723,1,1,34,95,1,1038,1,10001,2026/04/02 5:00:00,2026/04/09 4:59:59
1002519,4,100072,0,0,0,0,2,9724,1,2,91,59,80000,1038,1,10001,2026/04/02 5:00:00,2026/04/09 4:59:59
1002520,4,100072,0,0,0,0,3,9725,1,3,93,44,3,1038,1,10001,2026/04/02 5:00:00,2026/04/09 4:59:59
1002521,4,100003,110701,0,0,0,1,9726,1,4,103,98,10000,1038,1,10001,2026/04/02 5:00:00,2026/04/09 4:59:59
1002522,4,900001,4,0,0,0,4,9727,1,5,90,43,150,1038,1,0,2026/04/02 5:00:00,2026/04/09 4:59:59
1002523,4,100072,0,0,0,0,1,9728,1,1,34,95,1,1039,1,10001,2026/04/06 5:00:00,2026/04/13 4:59:59
1002524,4,100072,0,0,0,0,2,9729,1,2,91,59,80000,1039,1,10001,2026/04/06 5:00:00,2026/04/13 4:59:59
1002525,4,100072,0,0,0,0,3,9730,1,3,93,44,3,1039,1,10001,2026/04/06 5:00:00,2026/04/13 4:59:59
1002526,4,100003,100401,0,0,0,1,9731,1,4,103,98,10000,1039,1,10001,2026/04/06 5:00:00,2026/04/13 4:59:59
1002527,4,900001,4,0,0,0,4,9732,1,5,90,43,150,1039,1,0,2026/04/06 5:00:00,2026/04/13 4:59:59
1002528,4,100072,0,0,0,0,1,9733,1,1,34,95,1,1040,1,10001,2026/04/13 5:00:00,2026/04/20 4:59:59
1002529,4,100072,0,0,0,0,2,9734,1,2,91,59,80000,1040,1,10001,2026/04/13 5:00:00,2026/04/20 4:59:59
1002530,4,100072,0,0,0,0,3,9735,1,3,93,44,3,1040,1,10001,2026/04/13 5:00:00,2026/04/20 4:59:59
1002531,4,100003,100501,0,0,0,1,9736,1,4,103,98,10000,1040,1,10001,2026/04/13 5:00:00,2026/04/20 4:59:59
1002532,4,900001,4,0,0,0,4,9737,1,5,90,43,150,1040,1,0,2026/04/13 5:00:00,2026/04/20 4:59:59
1002533,4,100072,0,0,0,0,1,9738,1,1,34,95,1,1041,1,10001,2026/04/27 12:00:00,2026/05/04 4:59:59
1002534,4,100072,0,0,0,0,2,9739,1,2,91,59,80000,1041,1,10001,2026/04/27 12:00:00,2026/05/04 4:59:59
1002535,4,100072,0,0,0,0,3,9740,1,3,93,44,3,1041,1,10001,2026/04/27 12:00:00,2026/05/04 4:59:59
1002536,4,100045,4,7,0,0,1,9741,1,4,103,98,10000,1041,1,10001,2026/04/27 12:00:00,2026/05/04 4:59:59
1002537,4,100007,100,1,0,0,5,9742,1,5,102,102303,14,1041,1,10001,2026/04/27 12:00:00,2026/05/04 4:59:59
1002538,4,900001,4,0,0,0,5,9743,1,6,90,43,150,1041,1,0,2026/04/27 12:00:00,2026/05/04 4:59:59
1002539,4,100072,0,0,0,0,1,9744,1,1,34,95,1,1042,1,10001,2026/04/29 5:00:00,2026/05/06 4:59:59
1002540,4,100072,0,0,0,0,2,9745,1,2,91,59,80000,1042,1,10001,2026/04/29 5:00:00,2026/05/06 4:59:59
1002541,4,100072,0,0,0,0,3,9746,1,3,93,44,3,1042,1,10001,2026/04/29 5:00:00,2026/05/06 4:59:59
1002542,4,100045,0,7,0,2,1,9747,1,4,103,98,10000,1042,1,10001,2026/04/29 5:00:00,2026/05/06 4:59:59
1002543,4,100007,100,1,0,0,5,9748,1,5,102,110002,14,1042,1,10001,2026/04/29 5:00:00,2026/05/06 4:59:59
1002544,4,900001,4,0,0,0,5,9749,1,6,90,43,150,1042,1,0,2026/04/29 5:00:00,2026/05/06 4:59:59
1002545,4,100072,0,0,0,0,1,9750,1,1,34,95,1,1043,1,10001,2026/05/04 5:00:00,2026/05/11 4:59:59
1002546,4,100072,0,0,0,0,2,9751,1,2,91,59,80000,1043,1,10001,2026/05/04 5:00:00,2026/05/11 4:59:59
1002547,4,100072,0,0,0,0,3,9752,1,3,93,44,3,1043,1,10001,2026/05/04 5:00:00,2026/05/11 4:59:59
1002548,4,100045,2,7,0,0,1,9753,1,4,103,98,10000,1043,1,10001,2026/05/04 5:00:00,2026/05/11 4:59:59
1002549,4,100007,100,1,0,0,5,9754,1,5,102,110901,14,1043,1,10001,2026/05/04 5:00:00,2026/05/11 4:59:59
1002550,4,900001,4,0,0,0,5,9755,1,6,90,43,150,1043,1,10001,2026/05/04 5:00:00,2026/05/11 4:59:59
1002551,4,100072,0,0,0,0,1,9756,1,1,34,95,1,1044,1,10001,2026/05/11 5:00:00,2026/05/18 4:59:59
1002552,4,100072,0,0,0,0,2,9757,1,2,91,59,80000,1044,1,10001,2026/05/11 5:00:00,2026/05/18 4:59:59
1002553,4,100072,0,0,0,0,3,9758,1,3,93,44,3,1044,1,10001,2026/05/11 5:00:00,2026/05/18 4:59:59
1002554,4,100045,2,7,0,0,1,9759,1,4,103,98,10000,1044,1,10001,2026/05/11 5:00:00,2026/05/18 4:59:59
1002555,4,100007,100,1,0,0,5,9760,1,5,102,109001,14,1044,1,10001,2026/05/11 5:00:00,2026/05/18 4:59:59
1002556,4,900001,4,0,0,0,5,9761,1,6,90,43,150,1044,1,0,2026/05/11 5:00:00,2026/05/18 4:59:59
1002557,4,100072,0,0,0,0,1,9762,1,1,34,95,1,1045,1,10001,2026/05/18 5:00:00,2026/05/25 4:59:59
1002558,4,100072,0,0,0,0,2,9763,1,2,91,59,80000,1045,1,10001,2026/05/18 5:00:00,2026/05/25 4:59:59
1002559,4,100072,0,0,0,0,3,9764,1,3,93,44,3,1045,1,10001,2026/05/18 5:00:00,2026/05/25 4:59:59
1002560,4,100045,3,7,0,0,1,9765,1,4,103,98,10000,1045,1,10001,2026/05/18 5:00:00,2026/05/25 4:59:59
1002561,4,100007,100,1,0,0,5,9766,1,5,102,111001,14,1045,1,10001,2026/05/18 5:00:00,2026/05/25 4:59:59
1002562,4,900001,4,0,0,0,5,9767,1,6,90,43,150,1045,1,0,2026/05/18 5:00:00,2026/05/25 4:59:59
1002563,4,100072,0,0,0,0,1,9768,1,1,34,95,1,1046,1,10001,2026/05/25 12:00:00,2026/06/01 4:59:59
1002564,4,100072,0,0,0,0,2,9769,1,2,91,59,80000,1046,1,10001,2026/05/25 12:00:00,2026/06/01 4:59:59
1002565,4,100072,0,0,0,0,3,9770,1,3,93,44,3,1046,1,10001,2026/05/25 12:00:00,2026/06/01 4:59:59
1002566,4,100045,3,7,0,0,1,9771,1,4,103,98,10000,1046,1,10001,2026/05/25 12:00:00,2026/06/01 4:59:59
1002567,4,100007,100,1,0,0,5,9772,1,5,102,110801,14,1046,1,10001,2026/05/25 12:00:00,2026/06/01 4:59:59
1002568,4,900001,4,0,0,0,5,9773,1,6,90,43,150,1046,1,0,2026/05/25 12:00:00,2026/06/01 4:59:59
1002569,4,100072,0,0,0,0,1,9774,1,1,34,95,1,1047,1,10001,2026/06/01 5:00:00,2026/06/08 4:59:59
1002570,4,100072,0,0,0,0,2,9775,1,2,91,59,80000,1047,1,10001,2026/06/01 5:00:00,2026/06/08 4:59:59
1002571,4,100072,0,0,0,0,3,9776,1,3,93,44,3,1047,1,10001,2026/06/01 5:00:00,2026/06/08 4:59:59
1002572,4,100045,2,7,0,0,1,9777,1,4,103,98,10000,1047,1,10001,2026/06/01 5:00:00,2026/06/08 4:59:59
1002573,4,100007,100,1,0,0,5,9778,1,5,102,108502,14,1047,1,10001,2026/06/01 5:00:00,2026/06/08 4:59:59
1002574,4,900001,4,0,0,0,5,9779,1,6,90,43,150,1047,1,0,2026/06/01 5:00:00,2026/06/08 4:59:59
1002575,4,100072,0,0,0,0,1,9780,1,1,34,95,1,1048,1,10001,2026/06/08 5:00:00,2026/06/15 4:59:59
1002576,4,100072,0,0,0,0,2,9781,1,2,91,59,80000,1048,1,10001,2026/06/08 5:00:00,2026/06/15 4:59:59
1002577,4,100072,0,0,0,0,3,9782,1,3,93,44,3,1048,1,10001,2026/06/08 5:00:00,2026/06/15 4:59:59
1002578,4,100045,3,7,0,0,1,9783,1,4,103,98,10000,1048,1,10001,2026/06/08 5:00:00,2026/06/15 4:59:59
1002579,4,100007,100,1,0,0,5,9784,1,5,102,108801,14,1048,1,10001,2026/06/08 5:00:00,2026/06/15 4:59:59
1002580,4,900001,4,0,0,0,5,9785,1,6,90,43,150,1048,1,0,2026/06/08 5:00:00,2026/06/15 4:59:59
1002581,4,100072,0,0,0,0,1,9786,1,1,34,95,1,1049,1,10001,2026/06/25 5:00:00,2026/07/02 4:59:59
1002582,4,100072,0,0,0,0,2,9787,1,2,91,59,80000,1049,1,10001,2026/06/25 5:00:00,2026/07/02 4:59:59
1002583,4,100072,0,0,0,0,3,9788,1,3,93,44,3,1049,1,10001,2026/06/25 5:00:00,2026/07/02 4:59:59
1002584,4,100045,0,7,0,2,1,9789,1,4,103,98,10000,1049,1,10001,2026/06/25 5:00:00,2026/07/02 4:59:59
1002585,4,100007,100,1,0,0,5,9790,1,5,102,107901,14,1049,1,10001,2026/06/25 5:00:00,2026/07/02 4:59:59
1002586,4,900001,4,0,0,0,5,9791,1,6,90,43,150,1049,1,0,2026/06/25 5:00:00,2026/07/02 4:59:59
1002587,4,900001,4,0,0,0,11,9792,1,1,90,43,500,1087,1,0,2026/06/29 12:00:00,2026/07/30 4:59:59
1002588,4,100004,1,14,0,0,1,9793,1,2,34,95,10,1087,1,10001,2026/06/29 12:00:00,2026/07/30 4:59:59
1002589,4,100004,1,14,0,0,3,9794,1,3,20,32,10,1087,1,10001,2026/06/29 12:00:00,2026/07/30 4:59:59
1002590,4,100004,1,14,0,0,5,9795,1,4,40,41,1,1087,1,10001,2026/06/29 12:00:00,2026/07/30 4:59:59
1002591,4,100127,2,1,0,0,1,9796,1,5,11,160,15,1087,1,10001,2026/06/29 12:00:00,2026/07/30 4:59:59
1002592,4,100127,2,2,0,0,1,9797,1,6,11,162,8,1087,1,10001,2026/06/29 12:00:00,2026/07/30 4:59:59
1002593,4,100127,2,3,0,0,1,9798,1,7,164,150,1,1087,1,10001,2026/06/29 12:00:00,2026/07/30 4:59:59
1002594,4,100128,0,0,0,0,200,9799,1,8,91,59,200000,1087,1,10001,2026/06/29 12:00:00,2026/07/30 4:59:59
1002595,4,100128,0,0,0,0,400,9800,1,9,40,111,1,1087,1,10001,2026/06/29 12:00:00,2026/07/30 4:59:59
1002596,4,100129,0,0,0,0,50,9801,1,10,93,44,20,1087,1,10001,2026/06/29 12:00:00,2026/07/30 4:59:59
1002597,4,100130,0,0,0,0,50,9802,1,11,103,98,2500,1087,1,10001,2026/06/29 12:00:00,2026/07/30 4:59:59
1002598,4,100130,0,0,0,0,75,9803,1,12,164,149,1,1087,1,10001,2026/06/29 12:00:00,2026/07/30 4:59:59
1800001,18,600046,0,0,0,0,30,0,1,1,90,43,1500,1002,0,0,2017/07/01 1:00:00,2050/01/01 4:59:59
1800002,18,600046,0,0,0,0,45,0,1,1,90,43,1500,1002,0,0,2017/07/01 1:00:00,2050/01/01 4:59:59
1800003,18,600046,0,0,0,0,60,0,1,1,90,43,1500,1002,0,0,2017/07/01 1:00:00,2050/01/01 4:59:59
1800004,18,600046,0,0,0,0,75,0,1,1,90,43,1500,1002,0,0,2017/07/01 1:00:00,2050/01/01 4:59:59
1800005,18,600046,0,0,0,0,90,0,1,1,90,43,3000,1002,0,0,2017/07/01 1:00:00,2050/01/01 4:59:59
2000001,5,100004,1,0,0,0,1,20001,1,1,102,101401,2,0,1,10001,2021/03/16 12:00:00,2021/03/17 4:59:59
2000002,5,100003,0,0,0,0,1,20002,1,1,30,110,5000,0,1,10001,2021/03/16 12:00:00,2021/03/17 4:59:59
2000003,5,200005,0,0,0,0,1,20003,1,1,91,59,10000,0,1,20001,2021/03/16 12:00:00,2021/03/17 4:59:59
2000004,5,100004,1,0,0,0,1,20004,1,1,102,101401,2,0,1,10001,2021/03/17 5:00:00,2021/03/18 4:59:59
2000005,5,100003,0,0,0,0,1,20005,1,1,30,110,5000,0,1,10001,2021/03/17 5:00:00,2021/03/18 4:59:59
2000006,5,200005,0,0,0,0,1,20006,1,1,91,59,10000,0,1,20001,2021/03/17 5:00:00,2021/03/18 4:59:59
2000007,5,100004,1,0,0,0,1,20007,1,1,102,101401,2,0,1,10001,2021/03/18 5:00:00,2021/03/19 4:59:59
2000008,5,100003,0,0,0,0,1,20008,1,1,30,110,5000,0,1,10001,2021/03/18 5:00:00,2021/03/19 4:59:59
2000009,5,200005,0,0,0,0,1,20009,1,1,91,59,10000,0,1,20001,2021/03/18 5:00:00,2021/03/19 4:59:59
2000010,5,100004,1,0,0,0,1,20010,1,1,102,100101,2,0,1,10001,2021/03/19 5:00:00,2021/03/20 4:59:59
2000011,5,100003,0,0,0,0,1,20011,1,1,30,110,5000,0,1,10001,2021/03/19 5:00:00,2021/03/20 4:59:59
2000012,5,200005,0,0,0,0,1,20012,1,1,91,59,10000,0,1,20001,2021/03/19 5:00:00,2021/03/20 4:59:59
2000013,5,100004,1,0,0,0,1,20013,1,1,102,100101,2,0,1,10001,2021/03/20 5:00:00,2021/03/21 4:59:59
2000014,5,100003,0,0,0,0,1,20014,1,1,30,110,5000,0,1,10001,2021/03/20 5:00:00,2021/03/21 4:59:59
2000015,5,200005,0,0,0,0,1,20015,1,1,91,59,10000,0,1,20001,2021/03/20 5:00:00,2021/03/21 4:59:59
2000016,5,100004,1,0,0,0,1,20016,1,1,102,100101,2,0,1,10001,2021/03/21 5:00:00,2021/03/22 4:59:59
2000017,5,100003,0,0,0,0,1,20017,1,1,30,110,5000,0,1,10001,2021/03/21 5:00:00,2021/03/22 4:59:59
2000018,5,200005,0,0,0,0,1,20018,1,1,91,59,10000,0,1,20001,2021/03/21 5:00:00,2021/03/22 4:59:59
2000019,5,100004,1,0,0,0,1,20019,1,1,102,101701,2,0,1,10001,2021/03/22 5:00:00,2021/03/23 4:59:59
2000020,5,100003,0,0,0,0,1,20020,1,1,30,110,5000,0,1,10001,2021/03/22 5:00:00,2021/03/23 4:59:59
2000021,5,200005,0,0,0,0,1,20021,1,1,91,59,10000,0,1,20001,2021/03/22 5:00:00,2021/03/23 4:59:59
2000022,5,100004,1,0,0,0,1,20022,1,1,102,101701,2,0,1,10001,2021/03/23 5:00:00,2021/03/24 4:59:59
2000023,5,100003,0,0,0,0,1,20023,1,1,30,110,5000,0,1,10001,2021/03/23 5:00:00,2021/03/24 4:59:59
2000024,5,200005,0,0,0,0,1,20024,1,1,91,59,10000,0,1,20001,2021/03/23 5:00:00,2021/03/24 4:59:59
2000025,5,100004,1,0,0,0,1,20025,1,1,102,101701,2,0,1,10001,2021/03/24 5:00:00,2021/03/25 4:59:59
2000026,5,100003,0,0,0,0,1,20026,1,1,30,110,5000,0,1,10001,2021/03/24 5:00:00,2021/03/25 4:59:59
2000027,5,200005,0,0,0,0,1,20027,1,1,91,59,10000,0,1,20001,2021/03/24 5:00:00,2021/03/25 4:59:59
2000101,5,200019,594501,0,0,0,1,20028,1,1,91,59,10000,0,1,0,2021/04/15 12:00:00,2021/04/16 4:59:59
2000102,5,200019,594501,0,0,0,2,20029,1,1,30,110,5000,0,1,0,2021/04/15 12:00:00,2021/04/16 4:59:59
2000103,5,200019,594501,0,0,0,3,20030,1,1,102,106101,2,0,1,0,2021/04/15 12:00:00,2021/04/16 4:59:59
2000104,5,200019,594501,0,0,0,1,20031,1,1,91,59,10000,0,1,0,2021/04/16 5:00:00,2021/04/17 4:59:59
2000105,5,200019,594501,0,0,0,2,20032,1,1,30,110,5000,0,1,0,2021/04/16 5:00:00,2021/04/17 4:59:59
2000106,5,200019,594501,0,0,0,3,20033,1,1,102,106101,2,0,1,0,2021/04/16 5:00:00,2021/04/17 4:59:59
2000107,5,200019,594501,0,0,0,1,20034,1,1,91,59,10000,0,1,0,2021/04/17 5:00:00,2021/04/18 4:59:59
2000108,5,200019,594501,0,0,0,2,20035,1,1,30,110,5000,0,1,0,2021/04/17 5:00:00,2021/04/18 4:59:59
2000109,5,200019,594501,0,0,0,3,20036,1,1,102,106101,2,0,1,0,2021/04/17 5:00:00,2021/04/18 4:59:59
2000110,5,200019,594503,0,0,0,1,20037,1,1,91,59,10000,0,1,0,2021/04/18 5:00:00,2021/04/19 4:59:59
2000111,5,200019,594503,0,0,0,2,20038,1,1,30,110,5000,0,1,0,2021/04/18 5:00:00,2021/04/19 4:59:59
2000112,5,200019,594503,0,0,0,3,20039,1,1,102,101001,2,0,1,0,2021/04/18 5:00:00,2021/04/19 4:59:59
2000113,5,200019,594503,0,0,0,1,20040,1,1,91,59,10000,0,1,0,2021/04/19 5:00:00,2021/04/20 4:59:59
2000114,5,200019,594503,0,0,0,2,20041,1,1,30,110,5000,0,1,0,2021/04/19 5:00:00,2021/04/20 4:59:59
2000115,5,200019,594503,0,0,0,3,20042,1,1,102,101001,2,0,1,0,2021/04/19 5:00:00,2021/04/20 4:59:59
2000116,5,200019,594503,0,0,0,1,20043,1,1,91,59,10000,0,1,0,2021/04/20 5:00:00,2021/04/21 4:59:59
2000117,5,200019,594503,0,0,0,2,20044,1,1,30,110,5000,0,1,0,2021/04/20 5:00:00,2021/04/21 4:59:59
2000118,5,200019,594503,0,0,0,3,20045,1,1,102,101001,2,0,1,0,2021/04/20 5:00:00,2021/04/21 4:59:59
2000119,5,200019,594502,0,0,0,1,20046,1,1,91,59,10000,0,1,0,2021/04/21 5:00:00,2021/04/22 4:59:59
2000120,5,200019,594502,0,0,0,2,20047,1,1,30,110,5000,0,1,0,2021/04/21 5:00:00,2021/04/22 4:59:59
2000121,5,200019,594502,0,0,0,3,20048,1,1,102,104101,2,0,1,0,2021/04/21 5:00:00,2021/04/22 4:59:59
2000122,5,200019,594502,0,0,0,1,20049,1,1,91,59,10000,0,1,0,2021/04/22 5:00:00,2021/04/23 4:59:59
2000123,5,200019,594502,0,0,0,2,20050,1,1,30,110,5000,0,1,0,2021/04/22 5:00:00,2021/04/23 4:59:59
2000124,5,200019,594502,0,0,0,3,20051,1,1,102,104101,2,0,1,0,2021/04/22 5:00:00,2021/04/23 4:59:59
2000125,5,200019,594502,0,0,0,1,20052,1,1,91,59,10000,0,1,0,2021/04/23 5:00:00,2021/04/24 4:59:59
2000126,5,200019,594502,0,0,0,2,20053,1,1,30,110,5000,0,1,0,2021/04/23 5:00:00,2021/04/24 4:59:59
2000127,5,200019,594502,0,0,0,3,20054,1,1,102,104101,2,0,1,0,2021/04/23 5:00:00,2021/04/24 4:59:59
2000128,5,200019,594504,0,0,0,1,20052,1,1,91,59,10000,0,1,0,2021/04/24 5:00:00,2021/04/25 4:59:59
2000129,5,200019,594504,0,0,0,2,20053,1,1,30,110,5000,0,1,0,2021/04/24 5:00:00,2021/04/25 4:59:59
2000130,5,200019,594504,0,0,0,3,20054,1,1,102,103801,2,0,1,0,2021/04/24 5:00:00,2021/04/25 4:59:59
2000131,5,200019,594504,0,0,0,1,20052,1,1,91,59,10000,0,1,0,2021/04/25 5:00:00,2021/04/26 4:59:59
2000132,5,200019,594504,0,0,0,2,20053,1,1,30,110,5000,0,1,0,2021/04/25 5:00:00,2021/04/26 4:59:59
2000133,5,200019,594504,0,0,0,3,20054,1,1,102,103801,2,0,1,0,2021/04/25 5:00:00,2021/04/26 4:59:59
2000134,5,200019,594504,0,0,0,1,20052,1,1,91,59,10000,0,1,0,2021/04/26 5:00:00,2021/04/27 4:59:59
2000135,5,200019,594504,0,0,0,2,20053,1,1,30,110,5000,0,1,0,2021/04/26 5:00:00,2021/04/27 4:59:59
2000136,5,200019,594504,0,0,0,3,20054,1,1,102,103801,2,0,1,0,2021/04/26 5:00:00,2021/04/27 4:59:59
2000201,5,200019,593501,0,0,0,1,0,1,1,91,59,10000,0,1,0,2021/05/19 12:00:00,2021/05/20 4:59:59
2000202,5,200019,593501,0,0,0,2,0,1,1,30,110,5000,0,1,0,2021/05/19 12:00:00,2021/05/20 4:59:59
2000203,5,200019,593501,0,0,0,3,0,1,1,102,103501,2,0,1,0,2021/05/19 12:00:00,2021/05/20 4:59:59
2000204,5,200019,593501,0,0,0,1,0,1,1,91,59,10000,0,1,0,2021/05/20 5:00:00,2021/05/21 4:59:59
2000205,5,200019,593501,0,0,0,2,0,1,1,30,110,5000,0,1,0,2021/05/20 5:00:00,2021/05/21 4:59:59
2000206,5,200019,593501,0,0,0,3,0,1,1,102,103501,2,0,1,0,2021/05/20 5:00:00,2021/05/21 4:59:59
2000207,5,200019,593501,0,0,0,1,0,1,1,91,59,10000,0,1,0,2021/05/21 5:00:00,2021/05/22 4:59:59
2000208,5,200019,593501,0,0,0,2,0,1,1,30,110,5000,0,1,0,2021/05/21 5:00:00,2021/05/22 4:59:59
2000209,5,200019,593501,0,0,0,3,0,1,1,102,103501,2,0,1,0,2021/05/21 5:00:00,2021/05/22 4:59:59
2000210,5,200019,593502,0,0,0,1,0,1,1,91,59,10000,0,1,0,2021/05/22 5:00:00,2021/05/23 4:59:59
2000211,5,200019,593502,0,0,0,2,0,1,1,30,110,5000,0,1,0,2021/05/22 5:00:00,2021/05/23 4:59:59
2000212,5,200019,593502,0,0,0,3,0,1,1,102,100801,2,0,1,0,2021/05/22 5:00:00,2021/05/23 4:59:59
2000213,5,200019,593502,0,0,0,1,0,1,1,91,59,10000,0,1,0,2021/05/23 5:00:00,2021/05/24 4:59:59
2000214,5,200019,593502,0,0,0,2,0,1,1,30,110,5000,0,1,0,2021/05/23 5:00:00,2021/05/24 4:59:59
2000215,5,200019,593502,0,0,0,3,0,1,1,102,100801,2,0,1,0,2021/05/23 5:00:00,2021/05/24 4:59:59
2000216,5,200019,593502,0,0,0,1,0,1,1,91,59,10000,0,1,0,2021/05/24 5:00:00,2021/05/25 4:59:59
2000217,5,200019,593502,0,0,0,2,0,1,1,30,110,5000,0,1,0,2021/05/24 5:00:00,2021/05/25 4:59:59
2000218,5,200019,593502,0,0,0,3,0,1,1,102,100801,2,0,1,0,2021/05/24 5:00:00,2021/05/25 4:59:59
2000219,5,200019,593503,0,0,0,1,0,1,1,91,59,10000,0,1,0,2021/05/25 5:00:00,2021/05/26 4:59:59
2000220,5,200019,593503,0,0,0,2,0,1,1,30,110,5000,0,1,0,2021/05/25 5:00:00,2021/05/26 4:59:59
2000221,5,200019,593503,0,0,0,3,0,1,1,102,100301,2,0,1,0,2021/05/25 5:00:00,2021/05/26 4:59:59
2000222,5,200019,593503,0,0,0,1,0,1,1,91,59,10000,0,1,0,2021/05/26 5:00:00,2021/05/27 4:59:59
2000223,5,200019,593503,0,0,0,2,0,1,1,30,110,5000,0,1,0,2021/05/26 5:00:00,2021/05/27 4:59:59
2000224,5,200019,593503,0,0,0,3,0,1,1,102,100301,2,0,1,0,2021/05/26 5:00:00,2021/05/27 4:59:59
2000225,5,200019,593503,0,0,0,1,0,1,1,91,59,10000,0,1,0,2021/05/27 5:00:00,2021/05/28 4:59:59
2000226,5,200019,593503,0,0,0,2,0,1,1,30,110,5000,0,1,0,2021/05/27 5:00:00,2021/05/28 4:59:59
2000227,5,200019,593503,0,0,0,3,0,1,1,102,100301,2,0,1,0,2021/05/27 5:00:00,2021/05/28 4:59:59
2000301,5,200019,593004,0,0,0,1,0,1,1,91,59,10000,0,1,0,2021/06/17 12:00:00,2021/06/18 4:59:59
2000302,5,200019,593004,0,0,0,2,0,1,1,30,110,5000,0,1,0,2021/06/17 12:00:00,2021/06/18 4:59:59
2000303,5,200019,593004,0,0,0,3,0,1,1,102,102401,2,0,1,0,2021/06/17 12:00:00,2021/06/18 4:59:59
2000304,5,200019,593004,0,0,0,1,0,1,1,91,59,10000,0,1,0,2021/06/18 5:00:00,2021/06/19 4:59:59
2000305,5,200019,593004,0,0,0,2,0,1,1,30,110,5000,0,1,0,2021/06/18 5:00:00,2021/06/19 4:59:59
2000306,5,200019,593004,0,0,0,3,0,1,1,102,102401,2,0,1,0,2021/06/18 5:00:00,2021/06/19 4:59:59
2000307,5,200019,593004,0,0,0,1,0,1,1,91,59,10000,0,1,0,2021/06/19 5:00:00,2021/06/20 4:59:59
2000308,5,200019,593004,0,0,0,2,0,1,1,30,110,5000,0,1,0,2021/06/19 5:00:00,2021/06/20 4:59:59
2000309,5,200019,593004,0,0,0,3,0,1,1,102,102401,2,0,1,0,2021/06/19 5:00:00,2021/06/20 4:59:59
2000310,5,200019,593002,0,0,0,1,0,1,1,91,59,10000,0,1,0,2021/06/20 5:00:00,2021/06/21 4:59:59
2000311,5,200019,593002,0,0,0,2,0,1,1,30,110,5000,0,1,0,2021/06/20 5:00:00,2021/06/21 4:59:59
2000312,5,200019,593002,0,0,0,3,0,1,1,102,101301,2,0,1,0,2021/06/20 5:00:00,2021/06/21 4:59:59
2000313,5,200019,593002,0,0,0,1,0,1,1,91,59,10000,0,1,0,2021/06/21 5:00:00,2021/06/22 4:59:59
2000314,5,200019,593002,0,0,0,2,0,1,1,30,110,5000,0,1,0,2021/06/21 5:00:00,2021/06/22 4:59:59
2000315,5,200019,593002,0,0,0,3,0,1,1,102,101301,2,0,1,0,2021/06/21 5:00:00,2021/06/22 4:59:59
2000316,5,200019,593002,0,0,0,1,0,1,1,91,59,10000,0,1,0,2021/06/22 5:00:00,2021/06/23 4:59:59
2000317,5,200019,593002,0,0,0,2,0,1,1,30,110,5000,0,1,0,2021/06/22 5:00:00,2021/06/23 4:59:59
2000318,5,200019,593002,0,0,0,3,0,1,1,102,101301,2,0,1,0,2021/06/22 5:00:00,2021/06/23 4:59:59
2000319,5,200019,593003,0,0,0,1,0,1,1,91,59,10000,0,1,0,2021/06/23 5:00:00,2021/06/24 4:59:59
2000320,5,200019,593003,0,0,0,2,0,1,1,30,110,5000,0,1,0,2021/06/23 5:00:00,2021/06/24 4:59:59
2000321,5,200019,593003,0,0,0,3,0,1,1,102,101501,2,0,1,0,2021/06/23 5:00:00,2021/06/24 4:59:59
2000322,5,200019,593003,0,0,0,1,0,1,1,91,59,10000,0,1,0,2021/06/24 5:00:00,2021/06/25 4:59:59
2000323,5,200019,593003,0,0,0,2,0,1,1,30,110,5000,0,1,0,2021/06/24 5:00:00,2021/06/25 4:59:59
2000324,5,200019,593003,0,0,0,3,0,1,1,102,101501,2,0,1,0,2021/06/24 5:00:00,2021/06/25 4:59:59
2000325,5,200019,593003,0,0,0,1,0,1,1,91,59,10000,0,1,0,2021/06/25 5:00:00,2021/06/26 4:59:59
2000326,5,200019,593003,0,0,0,2,0,1,1,30,110,5000,0,1,0,2021/06/25 5:00:00,2021/06/26 4:59:59
2000327,5,200019,593003,0,0,0,3,0,1,1,102,101501,2,0,1,0,2021/06/25 5:00:00,2021/06/26 4:59:59
2000328,5,200019,593001,0,0,0,1,0,1,1,91,59,10000,0,1,0,2021/06/26 5:00:00,2021/06/27 4:59:59
2000329,5,200019,593001,0,0,0,2,0,1,1,30,110,5000,0,1,0,2021/06/26 5:00:00,2021/06/27 4:59:59
2000330,5,200019,593001,0,0,0,3,0,1,1,102,104501,2,0,1,0,2021/06/26 5:00:00,2021/06/27 4:59:59
2000331,5,200019,593001,0,0,0,1,0,1,1,91,59,10000,0,1,0,2021/06/27 5:00:00,2021/06/28 4:59:59
2000332,5,200019,593001,0,0,0,2,0,1,1,30,110,5000,0,1,0,2021/06/27 5:00:00,2021/06/28 4:59:59
2000333,5,200019,593001,0,0,0,3,0,1,1,102,104501,2,0,1,0,2021/06/27 5:00:00,2021/06/28 4:59:59
2000334,5,200019,593001,0,0,0,1,0,1,1,91,59,10000,0,1,0,2021/06/28 5:00:00,2021/06/29 4:59:59
2000335,5,200019,593001,0,0,0,2,0,1,1,30,110,5000,0,1,0,2021/06/28 5:00:00,2021/06/29 4:59:59
2000336,5,200019,593001,0,0,0,3,0,1,1,102,104501,2,0,1,0,2021/06/28 5:00:00,2021/06/29 4:59:59
2000401,5,200019,594001,0,0,0,1,0,1,1,91,59,10000,0,1,0,2021/08/15 12:00:00,2021/08/16 4:59:59
2000402,5,200019,594001,0,0,0,2,0,1,1,30,110,5000,0,1,0,2021/08/15 12:00:00,2021/08/16 4:59:59
2000403,5,200019,594001,0,0,0,3,0,1,1,102,102701,2,0,1,0,2021/08/15 12:00:00,2021/08/16 4:59:59
2000404,5,200019,594001,0,0,0,1,0,1,1,91,59,10000,0,1,0,2021/08/16 5:00:00,2021/08/17 4:59:59
2000405,5,200019,594001,0,0,0,2,0,1,1,30,110,5000,0,1,0,2021/08/16 5:00:00,2021/08/17 4:59:59
2000406,5,200019,594001,0,0,0,3,0,1,1,102,102701,2,0,1,0,2021/08/16 5:00:00,2021/08/17 4:59:59
2000407,5,200019,594001,0,0,0,1,0,1,1,91,59,10000,0,1,0,2021/08/17 5:00:00,2021/08/18 4:59:59
2000408,5,200019,594001,0,0,0,2,0,1,1,30,110,5000,0,1,0,2021/08/17 5:00:00,2021/08/18 4:59:59
2000409,5,200019,594001,0,0,0,3,0,1,1,102,102701,2,0,1,0,2021/08/17 5:00:00,2021/08/18 4:59:59
2000410,5,200019,594002,0,0,0,1,0,1,1,91,59,10000,0,1,0,2021/08/18 5:00:00,2021/08/19 4:59:59
2000411,5,200019,594002,0,0,0,2,0,1,1,30,110,5000,0,1,0,2021/08/18 5:00:00,2021/08/19 4:59:59
2000412,5,200019,594002,0,0,0,3,0,1,1,102,100201,2,0,1,0,2021/08/18 5:00:00,2021/08/19 4:59:59
2000413,5,200019,594002,0,0,0,1,0,1,1,91,59,10000,0,1,0,2021/08/19 5:00:00,2021/08/20 4:59:59
2000414,5,200019,594002,0,0,0,2,0,1,1,30,110,5000,0,1,0,2021/08/19 5:00:00,2021/08/20 4:59:59
2000415,5,200019,594002,0,0,0,3,0,1,1,102,100201,2,0,1,0,2021/08/19 5:00:00,2021/08/20 4:59:59
2000416,5,200019,594002,0,0,0,1,0,1,1,91,59,10000,0,1,0,2021/08/20 5:00:00,2021/08/21 4:59:59
2000417,5,200019,594002,0,0,0,2,0,1,1,30,110,5000,0,1,0,2021/08/20 5:00:00,2021/08/21 4:59:59
2000418,5,200019,594002,0,0,0,3,0,1,1,102,100201,2,0,1,0,2021/08/20 5:00:00,2021/08/21 4:59:59
2000419,5,200019,594003,0,0,0,1,0,1,1,91,59,10000,0,1,0,2021/08/21 5:00:00,2021/08/22 4:59:59
2000420,5,200019,594003,0,0,0,2,0,1,1,30,110,5000,0,1,0,2021/08/21 5:00:00,2021/08/22 4:59:59
2000421,5,200019,594003,0,0,0,3,0,1,1,102,100701,2,0,1,0,2021/08/21 5:00:00,2021/08/22 4:59:59
2000422,5,200019,594003,0,0,0,1,0,1,1,91,59,10000,0,1,0,2021/08/22 5:00:00,2021/08/23 4:59:59
2000423,5,200019,594003,0,0,0,2,0,1,1,30,110,5000,0,1,0,2021/08/22 5:00:00,2021/08/23 4:59:59
2000424,5,200019,594003,0,0,0,3,0,1,1,102,100701,2,0,1,0,2021/08/22 5:00:00,2021/08/23 4:59:59
2000425,5,200019,594003,0,0,0,1,0,1,1,91,59,10000,0,1,0,2021/08/23 5:00:00,2021/08/24 4:59:59
2000426,5,200019,594003,0,0,0,2,0,1,1,30,110,5000,0,1,0,2021/08/23 5:00:00,2021/08/24 4:59:59
2000427,5,200019,594003,0,0,0,3,0,1,1,102,100701,2,0,1,0,2021/08/23 5:00:00,2021/08/24 4:59:59
2000501,5,200019,596001,0,0,0,1,0,1,1,91,59,10000,0,1,20002,2021/09/14 12:00:00,2021/09/15 4:59:59
2000502,5,200019,596001,0,0,0,2,0,1,1,30,110,5000,0,1,20002,2021/09/14 12:00:00,2021/09/15 4:59:59
2000503,5,200019,596001,0,0,0,3,0,1,1,102,100401,2,0,1,20002,2021/09/14 12:00:00,2021/09/15 4:59:59
2000504,5,200019,596001,0,0,0,1,0,1,1,91,59,10000,0,1,20002,2021/09/15 5:00:00,2021/09/16 4:59:59
2000505,5,200019,596001,0,0,0,2,0,1,1,30,110,5000,0,1,20002,2021/09/15 5:00:00,2021/09/16 4:59:59
2000506,5,200019,596001,0,0,0,3,0,1,1,102,100401,2,0,1,20002,2021/09/15 5:00:00,2021/09/16 4:59:59
2000507,5,200019,596001,0,0,0,1,0,1,1,91,59,10000,0,1,20002,2021/09/16 5:00:00,2021/09/17 4:59:59
2000508,5,200019,596001,0,0,0,2,0,1,1,30,110,5000,0,1,20002,2021/09/16 5:00:00,2021/09/17 4:59:59
2000509,5,200019,596001,0,0,0,3,0,1,1,102,100401,2,0,1,20002,2021/09/16 5:00:00,2021/09/17 4:59:59
2000510,5,200019,596002,0,0,0,1,0,1,1,91,59,10000,0,1,20002,2021/09/17 5:00:00,2021/09/18 4:59:59
2000511,5,200019,596002,0,0,0,2,0,1,1,30,110,5000,0,1,20002,2021/09/17 5:00:00,2021/09/18 4:59:59
2000512,5,200019,596002,0,0,0,3,0,1,1,102,100501,2,0,1,20002,2021/09/17 5:00:00,2021/09/18 4:59:59
2000513,5,200019,596002,0,0,0,1,0,1,1,91,59,10000,0,1,20002,2021/09/18 5:00:00,2021/09/19 4:59:59
2000514,5,200019,596002,0,0,0,2,0,1,1,30,110,5000,0,1,20002,2021/09/18 5:00:00,2021/09/19 4:59:59
2000515,5,200019,596002,0,0,0,3,0,1,1,102,100501,2,0,1,20002,2021/09/18 5:00:00,2021/09/19 4:59:59
2000516,5,200019,596002,0,0,0,1,0,1,1,91,59,10000,0,1,20002,2021/09/19 5:00:00,2021/09/20 4:59:59
2000517,5,200019,596002,0,0,0,2,0,1,1,30,110,5000,0,1,20002,2021/09/19 5:00:00,2021/09/20 4:59:59
2000518,5,200019,596002,0,0,0,3,0,1,1,102,100501,2,0,1,20002,2021/09/19 5:00:00,2021/09/20 4:59:59
2000519,5,200019,596003,0,0,0,1,0,1,1,91,59,10000,0,1,20002,2021/09/20 5:00:00,2021/09/21 4:59:59
2000520,5,200019,596003,0,0,0,2,0,1,1,30,110,5000,0,1,20002,2021/09/20 5:00:00,2021/09/21 4:59:59
2000521,5,200019,596003,0,0,0,3,0,1,1,102,102601,2,0,1,20002,2021/09/20 5:00:00,2021/09/21 4:59:59
2000522,5,200019,596003,0,0,0,1,0,1,1,91,59,10000,0,1,20002,2021/09/21 5:00:00,2021/09/22 4:59:59
2000523,5,200019,596003,0,0,0,2,0,1,1,30,110,5000,0,1,20002,2021/09/21 5:00:00,2021/09/22 4:59:59
2000524,5,200019,596003,0,0,0,3,0,1,1,102,102601,2,0,1,20002,2021/09/21 5:00:00,2021/09/22 4:59:59
2000525,5,200019,596003,0,0,0,1,0,1,1,91,59,10000,0,1,20002,2021/09/22 5:00:00,2021/09/23 4:59:59
2000526,5,200019,596003,0,0,0,2,0,1,1,30,110,5000,0,1,20002,2021/09/22 5:00:00,2021/09/23 4:59:59
2000527,5,200019,596003,0,0,0,3,0,1,1,102,102601,2,0,1,20002,2021/09/22 5:00:00,2021/09/23 4:59:59
2000601,5,200019,595001,0,0,0,1,0,1,1,91,59,10000,0,1,20002,2021/10/15 12:00:00,2021/10/16 4:59:59
2000602,5,200019,595001,0,0,0,2,0,1,1,30,110,5000,0,1,20002,2021/10/15 12:00:00,2021/10/16 4:59:59
2000603,5,200019,595001,0,0,0,3,0,1,1,102,105601,2,0,1,20002,2021/10/15 12:00:00,2021/10/16 4:59:59
2000604,5,200019,595001,0,0,0,1,0,1,1,91,59,10000,0,1,20002,2021/10/16 5:00:00,2021/10/17 4:59:59
2000605,5,200019,595001,0,0,0,2,0,1,1,30,110,5000,0,1,20002,2021/10/16 5:00:00,2021/10/17 4:59:59
2000606,5,200019,595001,0,0,0,3,0,1,1,102,105601,2,0,1,20002,2021/10/16 5:00:00,2021/10/17 4:59:59
2000607,5,200019,595001,0,0,0,1,0,1,1,91,59,10000,0,1,20002,2021/10/17 5:00:00,2021/10/18 4:59:59
2000608,5,200019,595001,0,0,0,2,0,1,1,30,110,5000,0,1,20002,2021/10/17 5:00:00,2021/10/18 4:59:59
2000609,5,200019,595001,0,0,0,3,0,1,1,102,105601,2,0,1,20002,2021/10/17 5:00:00,2021/10/18 4:59:59
2000610,5,200019,595002,0,0,0,1,0,1,1,91,59,10000,0,1,20002,2021/10/18 5:00:00,2021/10/19 4:59:59
2000611,5,200019,595002,0,0,0,2,0,1,1,30,110,5000,0,1,20002,2021/10/18 5:00:00,2021/10/19 4:59:59
2000612,5,200019,595002,0,0,0,3,0,1,1,102,102001,2,0,1,20002,2021/10/18 5:00:00,2021/10/19 4:59:59
2000613,5,200019,595002,0,0,0,1,0,1,1,91,59,10000,0,1,20002,2021/10/19 5:00:00,2021/10/20 4:59:59
2000614,5,200019,595002,0,0,0,2,0,1,1,30,110,5000,0,1,20002,2021/10/19 5:00:00,2021/10/20 4:59:59
2000615,5,200019,595002,0,0,0,3,0,1,1,102,102001,2,0,1,20002,2021/10/19 5:00:00,2021/10/20 4:59:59
2000616,5,200019,595002,0,0,0,1,0,1,1,91,59,10000,0,1,20002,2021/10/20 5:00:00,2021/10/21 4:59:59
2000617,5,200019,595002,0,0,0,2,0,1,1,30,110,5000,0,1,20002,2021/10/20 5:00:00,2021/10/21 4:59:59
2000618,5,200019,595002,0,0,0,3,0,1,1,102,102001,2,0,1,20002,2021/10/20 5:00:00,2021/10/21 4:59:59
2000619,5,200019,595003,0,0,0,1,0,1,1,91,59,10000,0,1,20002,2021/10/21 5:00:00,2021/10/22 4:59:59
2000620,5,200019,595003,0,0,0,2,0,1,1,30,110,5000,0,1,20002,2021/10/21 5:00:00,2021/10/22 4:59:59
2000621,5,200019,595003,0,0,0,3,0,1,1,102,102301,2,0,1,20002,2021/10/21 5:00:00,2021/10/22 4:59:59
2000622,5,200019,595003,0,0,0,1,0,1,1,91,59,10000,0,1,20002,2021/10/22 5:00:00,2021/10/23 4:59:59
2000623,5,200019,595003,0,0,0,2,0,1,1,30,110,5000,0,1,20002,2021/10/22 5:00:00,2021/10/23 4:59:59
2000624,5,200019,595003,0,0,0,3,0,1,1,102,102301,2,0,1,20002,2021/10/22 5:00:00,2021/10/23 4:59:59
2000625,5,200019,595003,0,0,0,1,0,1,1,91,59,10000,0,1,20002,2021/10/23 5:00:00,2021/10/24 4:59:59
2000626,5,200019,595003,0,0,0,2,0,1,1,30,110,5000,0,1,20002,2021/10/23 5:00:00,2021/10/24 4:59:59
2000627,5,200019,595003,0,0,0,3,0,1,1,102,102301,2,0,1,20002,2021/10/23 5:00:00,2021/10/24 4:59:59
2000701,5,200019,596501,0,0,0,1,0,1,1,91,59,10000,0,1,20002,2021/11/12 12:00:00,2021/11/13 4:59:59
2000702,5,200019,596501,0,0,0,2,0,1,1,30,110,5000,0,1,20002,2021/11/12 12:00:00,2021/11/13 4:59:59
2000703,5,200019,596501,0,0,0,3,0,1,1,102,101801,2,0,1,20002,2021/11/12 12:00:00,2021/11/13 4:59:59
2000704,5,200019,596501,0,0,0,1,0,1,1,91,59,10000,0,1,20002,2021/11/13 5:00:00,2021/11/14 4:59:59
2000705,5,200019,596501,0,0,0,2,0,1,1,30,110,5000,0,1,20002,2021/11/13 5:00:00,2021/11/14 4:59:59
2000706,5,200019,596501,0,0,0,3,0,1,1,102,101801,2,0,1,20002,2021/11/13 5:00:00,2021/11/14 4:59:59
2000707,5,200019,596501,0,0,0,1,0,1,1,91,59,10000,0,1,20002,2021/11/14 5:00:00,2021/11/15 4:59:59
2000708,5,200019,596501,0,0,0,2,0,1,1,30,110,5000,0,1,20002,2021/11/14 5:00:00,2021/11/15 4:59:59
2000709,5,200019,596501,0,0,0,3,0,1,1,102,101801,2,0,1,20002,2021/11/14 5:00:00,2021/11/15 4:59:59
2000710,5,200019,596502,0,0,0,1,0,1,1,91,59,10000,0,1,20002,2021/11/15 5:00:00,2021/11/16 4:59:59
2000711,5,200019,596502,0,0,0,2,0,1,1,30,110,5000,0,1,20002,2021/11/15 5:00:00,2021/11/16 4:59:59
2000712,5,200019,596502,0,0,0,3,0,1,1,102,103701,2,0,1,20002,2021/11/15 5:00:00,2021/11/16 4:59:59
2000713,5,200019,596502,0,0,0,1,0,1,1,91,59,10000,0,1,20002,2021/11/16 5:00:00,2021/11/17 4:59:59
2000714,5,200019,596502,0,0,0,2,0,1,1,30,110,5000,0,1,20002,2021/11/16 5:00:00,2021/11/17 4:59:59
2000715,5,200019,596502,0,0,0,3,0,1,1,102,103701,2,0,1,20002,2021/11/16 5:00:00,2021/11/17 4:59:59
2000716,5,200019,596502,0,0,0,1,0,1,1,91,59,10000,0,1,20002,2021/11/17 5:00:00,2021/11/18 4:59:59
2000717,5,200019,596502,0,0,0,2,0,1,1,30,110,5000,0,1,20002,2021/11/17 5:00:00,2021/11/18 4:59:59
2000718,5,200019,596502,0,0,0,3,0,1,1,102,103701,2,0,1,20002,2021/11/17 5:00:00,2021/11/18 4:59:59
2000719,5,200019,596503,0,0,0,1,0,1,1,91,59,10000,0,1,20002,2021/11/18 5:00:00,2021/11/19 4:59:59
2000720,5,200019,596503,0,0,0,2,0,1,1,30,110,5000,0,1,20002,2021/11/18 5:00:00,2021/11/19 4:59:59
2000721,5,200019,596503,0,0,0,3,0,1,1,102,101901,2,0,1,20002,2021/11/18 5:00:00,2021/11/19 4:59:59
2000722,5,200019,596503,0,0,0,1,0,1,1,91,59,10000,0,1,20002,2021/11/19 5:00:00,2021/11/20 4:59:59
2000723,5,200019,596503,0,0,0,2,0,1,1,30,110,5000,0,1,20002,2021/11/19 5:00:00,2021/11/20 4:59:59
2000724,5,200019,596503,0,0,0,3,0,1,1,102,101901,2,0,1,20002,2021/11/19 5:00:00,2021/11/20 4:59:59
2000725,5,200019,596503,0,0,0,1,0,1,1,91,59,10000,0,1,20002,2021/11/20 5:00:00,2021/11/21 4:59:59
2000726,5,200019,596503,0,0,0,2,0,1,1,30,110,5000,0,1,20002,2021/11/20 5:00:00,2021/11/21 4:59:59
2000727,5,200019,596503,0,0,0,3,0,1,1,102,101901,2,0,1,20002,2021/11/20 5:00:00,2021/11/21 4:59:59
2000728,8,200019,0,0,0,0,6,0,1,1,164,150,1,0,1,20002,2021/11/12 12:00:00,2021/11/21 4:59:59
2000729,8,200019,0,0,0,0,12,0,1,1,164,150,1,0,1,20002,2021/11/12 12:00:00,2021/11/21 4:59:59
2000730,8,200019,0,0,0,0,21,0,1,1,164,149,1,0,1,20002,2021/11/12 12:00:00,2021/11/21 4:59:59
2000801,5,200019,595501,0,0,0,1,0,1,1,91,59,10000,0,1,20002,2021/12/22 12:00:00,2021/12/23 4:59:59
2000802,5,200019,595501,0,0,0,2,0,1,1,30,110,5000,0,1,20002,2021/12/22 12:00:00,2021/12/23 4:59:59
2000803,5,200019,595501,0,0,0,3,0,1,1,102,106001,2,0,1,20002,2021/12/22 12:00:00,2021/12/23 4:59:59
2000804,5,200019,595501,0,0,0,1,0,1,1,91,59,10000,0,1,20002,2021/12/23 5:00:00,2021/12/24 4:59:59
2000805,5,200019,595501,0,0,0,2,0,1,1,30,110,5000,0,1,20002,2021/12/23 5:00:00,2021/12/24 4:59:59
2000806,5,200019,595501,0,0,0,3,0,1,1,102,106001,2,0,1,20002,2021/12/23 5:00:00,2021/12/24 4:59:59
2000807,5,200019,595501,0,0,0,1,0,1,1,91,59,10000,0,1,20002,2021/12/24 5:00:00,2021/12/25 4:59:59
2000808,5,200019,595501,0,0,0,2,0,1,1,30,110,5000,0,1,20002,2021/12/24 5:00:00,2021/12/25 4:59:59
2000809,5,200019,595501,0,0,0,3,0,1,1,102,106001,2,0,1,20002,2021/12/24 5:00:00,2021/12/25 4:59:59
2000810,5,200019,595502,0,0,0,1,0,1,1,91,59,10000,0,1,20002,2021/12/25 5:00:00,2021/12/26 4:59:59
2000811,5,200019,595502,0,0,0,2,0,1,1,30,110,5000,0,1,20002,2021/12/25 5:00:00,2021/12/26 4:59:59
2000812,5,200019,595502,0,0,0,3,0,1,1,102,101101,2,0,1,20002,2021/12/25 5:00:00,2021/12/26 4:59:59
2000813,5,200019,595502,0,0,0,1,0,1,1,91,59,10000,0,1,20002,2021/12/26 5:00:00,2021/12/27 4:59:59
2000814,5,200019,595502,0,0,0,2,0,1,1,30,110,5000,0,1,20002,2021/12/26 5:00:00,2021/12/27 4:59:59
2000815,5,200019,595502,0,0,0,3,0,1,1,102,101101,2,0,1,20002,2021/12/26 5:00:00,2021/12/27 4:59:59
2000816,5,200019,595502,0,0,0,1,0,1,1,91,59,10000,0,1,20002,2021/12/27 5:00:00,2021/12/28 4:59:59
2000817,5,200019,595502,0,0,0,2,0,1,1,30,110,5000,0,1,20002,2021/12/27 5:00:00,2021/12/28 4:59:59
2000818,5,200019,595502,0,0,0,3,0,1,1,102,101101,2,0,1,20002,2021/12/27 5:00:00,2021/12/28 4:59:59
2000819,5,200019,595503,0,0,0,1,0,1,1,91,59,10000,0,1,20002,2021/12/28 5:00:00,2021/12/29 4:59:59
2000820,5,200019,595503,0,0,0,2,0,1,1,30,110,5000,0,1,20002,2021/12/28 5:00:00,2021/12/29 4:59:59
2000821,5,200019,595503,0,0,0,3,0,1,1,102,100601,2,0,1,20002,2021/12/28 5:00:00,2021/12/29 4:59:59
2000822,5,200019,595503,0,0,0,1,0,1,1,91,59,10000,0,1,20002,2021/12/29 5:00:00,2021/12/30 4:59:59
2000823,5,200019,595503,0,0,0,2,0,1,1,30,110,5000,0,1,20002,2021/12/29 5:00:00,2021/12/30 4:59:59
2000824,5,200019,595503,0,0,0,3,0,1,1,102,100601,2,0,1,20002,2021/12/29 5:00:00,2021/12/30 4:59:59
2000825,5,200019,595503,0,0,0,1,0,1,1,91,59,10000,0,1,20002,2021/12/30 5:00:00,2021/12/31 4:59:59
2000826,5,200019,595503,0,0,0,2,0,1,1,30,110,5000,0,1,20002,2021/12/30 5:00:00,2021/12/31 4:59:59
2000827,5,200019,595503,0,0,0,3,0,1,1,102,100601,2,0,1,20002,2021/12/30 5:00:00,2021/12/31 4:59:59
2000828,8,200019,0,0,0,0,6,0,1,1,164,150,1,0,1,20002,2021/12/22 12:00:00,2021/12/31 4:59:59
2000829,8,200019,0,0,0,0,12,0,1,1,164,150,1,0,1,20002,2021/12/22 12:00:00,2021/12/31 4:59:59
2000830,8,200019,0,0,0,0,21,0,1,1,164,149,1,0,1,20002,2021/12/22 12:00:00,2021/12/31 4:59:59
2000901,5,200019,597001,0,0,0,1,0,1,1,91,59,10000,0,1,20002,2022/02/08 12:00:00,2022/02/09 4:59:59
2000902,5,200019,597001,0,0,0,2,0,1,1,30,110,5000,0,1,20002,2022/02/08 12:00:00,2022/02/09 4:59:59
2000903,5,200019,597001,0,0,0,3,0,1,1,102,101201,2,0,1,20002,2022/02/08 12:00:00,2022/02/09 4:59:59
2000904,5,200019,597001,0,0,0,1,0,1,1,91,59,10000,0,1,20002,2022/02/09 5:00:00,2022/02/10 4:59:59
2000905,5,200019,597001,0,0,0,2,0,1,1,30,110,5000,0,1,20002,2022/02/09 5:00:00,2022/02/10 4:59:59
2000906,5,200019,597001,0,0,0,3,0,1,1,102,101201,2,0,1,20002,2022/02/09 5:00:00,2022/02/10 4:59:59
2000907,5,200019,597001,0,0,0,1,0,1,1,91,59,10000,0,1,20002,2022/02/10 5:00:00,2022/02/11 4:59:59
2000908,5,200019,597001,0,0,0,2,0,1,1,30,110,5000,0,1,20002,2022/02/10 5:00:00,2022/02/11 4:59:59
2000909,5,200019,597001,0,0,0,3,0,1,1,102,101201,2,0,1,20002,2022/02/10 5:00:00,2022/02/11 4:59:59
2000910,5,200019,597002,0,0,0,1,0,1,1,91,59,10000,0,1,20002,2022/02/11 5:00:00,2022/02/12 4:59:59
2000911,5,200019,597002,0,0,0,2,0,1,1,30,110,5000,0,1,20002,2022/02/11 5:00:00,2022/02/12 4:59:59
2000912,5,200019,597002,0,0,0,3,0,1,1,102,105901,2,0,1,20002,2022/02/11 5:00:00,2022/02/12 4:59:59
2000913,5,200019,597002,0,0,0,1,0,1,1,91,59,10000,0,1,20002,2022/02/12 5:00:00,2022/02/13 4:59:59
2000914,5,200019,597002,0,0,0,2,0,1,1,30,110,5000,0,1,20002,2022/02/12 5:00:00,2022/02/13 4:59:59
2000915,5,200019,597002,0,0,0,3,0,1,1,102,105901,2,0,1,20002,2022/02/12 5:00:00,2022/02/13 4:59:59
2000916,5,200019,597002,0,0,0,1,0,1,1,91,59,10000,0,1,20002,2022/02/13 5:00:00,2022/02/14 4:59:59
2000917,5,200019,597002,0,0,0,2,0,1,1,30,110,5000,0,1,20002,2022/02/13 5:00:00,2022/02/14 4:59:59
2000918,5,200019,597002,0,0,0,3,0,1,1,102,105901,2,0,1,20002,2022/02/13 5:00:00,2022/02/14 4:59:59
2000919,5,200019,597003,0,0,0,1,0,1,1,91,59,10000,0,1,20002,2022/02/14 5:00:00,2022/02/15 4:59:59
2000920,5,200019,597003,0,0,0,2,0,1,1,30,110,5000,0,1,20002,2022/02/14 5:00:00,2022/02/15 4:59:59
2000921,5,200019,597003,0,0,0,3,0,1,1,102,104001,2,0,1,20002,2022/02/14 5:00:00,2022/02/15 4:59:59
2000922,5,200019,597003,0,0,0,1,0,1,1,91,59,10000,0,1,20002,2022/02/15 5:00:00,2022/02/16 4:59:59
2000923,5,200019,597003,0,0,0,2,0,1,1,30,110,5000,0,1,20002,2022/02/15 5:00:00,2022/02/16 4:59:59
2000924,5,200019,597003,0,0,0,3,0,1,1,102,104001,2,0,1,20002,2022/02/15 5:00:00,2022/02/16 4:59:59
2000925,5,200019,597003,0,0,0,1,0,1,1,91,59,10000,0,1,20002,2022/02/16 5:00:00,2022/02/17 4:59:59
2000926,5,200019,597003,0,0,0,2,0,1,1,30,110,5000,0,1,20002,2022/02/16 5:00:00,2022/02/17 4:59:59
2000927,5,200019,597003,0,0,0,3,0,1,1,102,104001,2,0,1,20002,2022/02/16 5:00:00,2022/02/17 4:59:59
2000928,8,200019,0,0,0,0,6,0,1,1,164,150,1,0,1,20002,2022/02/08 12:00:00,2022/02/17 4:59:59
2000929,8,200019,0,0,0,0,12,0,1,1,164,150,1,0,1,20002,2022/02/08 12:00:00,2022/02/17 4:59:59
2000930,8,200019,0,0,0,0,21,0,1,1,164,149,1,0,1,20002,2022/02/08 12:00:00,2022/02/17 4:59:59
2001001,5,200019,597501,0,0,0,1,0,1,1,91,59,10000,0,1,20002,2022/03/07 12:00:00,2022/03/08 4:59:59
2001002,5,200019,597501,0,0,0,2,0,1,1,30,110,5000,0,1,20002,2022/03/07 12:00:00,2022/03/08 4:59:59
2001003,5,200019,597501,0,0,0,3,0,1,1,102,103201,2,0,1,20002,2022/03/07 12:00:00,2022/03/08 4:59:59
2001004,5,200019,597501,0,0,0,1,0,1,1,91,59,10000,0,1,20002,2022/03/08 5:00:00,2022/03/09 4:59:59
2001005,5,200019,597501,0,0,0,2,0,1,1,30,110,5000,0,1,20002,2022/03/08 5:00:00,2022/03/09 4:59:59
2001006,5,200019,597501,0,0,0,3,0,1,1,102,103201,2,0,1,20002,2022/03/08 5:00:00,2022/03/09 4:59:59
2001007,5,200019,597501,0,0,0,1,0,1,1,91,59,10000,0,1,20002,2022/03/09 5:00:00,2022/03/10 4:59:59
2001008,5,200019,597501,0,0,0,2,0,1,1,30,110,5000,0,1,20002,2022/03/09 5:00:00,2022/03/10 4:59:59
2001009,5,200019,597501,0,0,0,3,0,1,1,102,103201,2,0,1,20002,2022/03/09 5:00:00,2022/03/10 4:59:59
2001010,5,200019,597502,0,0,0,1,0,1,1,91,59,10000,0,1,20002,2022/03/10 5:00:00,2022/03/11 4:59:59
2001011,5,200019,597502,0,0,0,2,0,1,1,30,110,5000,0,1,20002,2022/03/10 5:00:00,2022/03/11 4:59:59
2001012,5,200019,597502,0,0,0,3,0,1,1,102,105001,2,0,1,20002,2022/03/10 5:00:00,2022/03/11 4:59:59
2001013,5,200019,597502,0,0,0,1,0,1,1,91,59,10000,0,1,20002,2022/03/11 5:00:00,2022/03/12 4:59:59
2001014,5,200019,597502,0,0,0,2,0,1,1,30,110,5000,0,1,20002,2022/03/11 5:00:00,2022/03/12 4:59:59
2001015,5,200019,597502,0,0,0,3,0,1,1,102,105001,2,0,1,20002,2022/03/11 5:00:00,2022/03/12 4:59:59
2001016,5,200019,597502,0,0,0,1,0,1,1,91,59,10000,0,1,20002,2022/03/12 5:00:00,2022/03/13 4:59:59
2001017,5,200019,597502,0,0,0,2,0,1,1,30,110,5000,0,1,20002,2022/03/12 5:00:00,2022/03/13 4:59:59
2001018,5,200019,597502,0,0,0,3,0,1,1,102,105001,2,0,1,20002,2022/03/12 5:00:00,2022/03/13 4:59:59
2001019,5,200019,597503,0,0,0,1,0,1,1,91,59,10000,0,1,20002,2022/03/13 5:00:00,2022/03/14 4:59:59
2001020,5,200019,597503,0,0,0,2,0,1,1,30,110,5000,0,1,20002,2022/03/13 5:00:00,2022/03/14 4:59:59
2001021,5,200019,597503,0,0,0,3,0,1,1,102,101601,2,0,1,20002,2022/03/13 5:00:00,2022/03/14 4:59:59
2001022,5,200019,597503,0,0,0,1,0,1,1,91,59,10000,0,1,20002,2022/03/14 5:00:00,2022/03/15 4:59:59
2001023,5,200019,597503,0,0,0,2,0,1,1,30,110,5000,0,1,20002,2022/03/14 5:00:00,2022/03/15 4:59:59
2001024,5,200019,597503,0,0,0,3,0,1,1,102,101601,2,0,1,20002,2022/03/14 5:00:00,2022/03/15 4:59:59
2001025,5,200019,597503,0,0,0,1,0,1,1,91,59,10000,0,1,20002,2022/03/15 5:00:00,2022/03/16 4:59:59
2001026,5,200019,597503,0,0,0,2,0,1,1,30,110,5000,0,1,20002,2022/03/15 5:00:00,2022/03/16 4:59:59
2001027,5,200019,597503,0,0,0,3,0,1,1,102,101601,2,0,1,20002,2022/03/15 5:00:00,2022/03/16 4:59:59
2001028,8,200019,0,0,0,0,6,0,1,1,164,150,1,0,1,20002,2022/03/07 12:00:00,2022/03/16 4:59:59
2001029,8,200019,0,0,0,0,12,0,1,1,164,150,1,0,1,20002,2022/03/07 12:00:00,2022/03/16 4:59:59
2001030,8,200019,0,0,0,0,21,0,1,1,164,149,1,0,1,20002,2022/03/07 12:00:00,2022/03/16 4:59:59
2001101,5,200019,1200001,0,0,0,1,0,1,1,91,59,10000,0,1,20002,2022/05/10 12:00:00,2022/05/11 4:59:59
2001102,5,200019,1200001,0,0,0,2,0,1,1,30,110,5000,0,1,20002,2022/05/10 12:00:00,2022/05/11 4:59:59
2001103,5,200019,1200001,0,0,0,3,0,1,1,102,101302,2,0,1,20002,2022/05/10 12:00:00,2022/05/11 4:59:59
2001104,5,200019,1200001,0,0,0,1,0,1,1,91,59,10000,0,1,20002,2022/05/11 5:00:00,2022/05/12 4:59:59
2001105,5,200019,1200001,0,0,0,2,0,1,1,30,110,5000,0,1,20002,2022/05/11 5:00:00,2022/05/12 4:59:59
2001106,5,200019,1200001,0,0,0,3,0,1,1,102,101302,2,0,1,20002,2022/05/11 5:00:00,2022/05/12 4:59:59
2001107,5,200019,1200001,0,0,0,1,0,1,1,91,59,10000,0,1,20002,2022/05/12 5:00:00,2022/05/13 4:59:59
2001108,5,200019,1200001,0,0,0,2,0,1,1,30,110,5000,0,1,20002,2022/05/12 5:00:00,2022/05/13 4:59:59
2001109,5,200019,1200001,0,0,0,3,0,1,1,102,101302,2,0,1,20002,2022/05/12 5:00:00,2022/05/13 4:59:59
2001110,5,200019,1200002,0,0,0,1,0,1,1,91,59,10000,0,1,20002,2022/05/13 5:00:00,2022/05/14 4:59:59
2001111,5,200019,1200002,0,0,0,2,0,1,1,30,110,5000,0,1,20002,2022/05/13 5:00:00,2022/05/14 4:59:59
2001112,5,200019,1200002,0,0,0,3,0,1,1,102,103001,2,0,1,20002,2022/05/13 5:00:00,2022/05/14 4:59:59
2001113,5,200019,1200002,0,0,0,1,0,1,1,91,59,10000,0,1,20002,2022/05/14 5:00:00,2022/05/15 4:59:59
2001114,5,200019,1200002,0,0,0,2,0,1,1,30,110,5000,0,1,20002,2022/05/14 5:00:00,2022/05/15 4:59:59
2001115,5,200019,1200002,0,0,0,3,0,1,1,102,103001,2,0,1,20002,2022/05/14 5:00:00,2022/05/15 4:59:59
2001116,5,200019,1200002,0,0,0,1,0,1,1,91,59,10000,0,1,20002,2022/05/15 5:00:00,2022/05/16 4:59:59
2001117,5,200019,1200002,0,0,0,2,0,1,1,30,110,5000,0,1,20002,2022/05/15 5:00:00,2022/05/16 4:59:59
2001118,5,200019,1200002,0,0,0,3,0,1,1,102,103001,2,0,1,20002,2022/05/15 5:00:00,2022/05/16 4:59:59
2001119,5,200019,1200003,0,0,0,1,0,1,1,91,59,10000,0,1,20002,2022/05/16 5:00:00,2022/05/17 4:59:59
2001120,5,200019,1200003,0,0,0,2,0,1,1,30,110,5000,0,1,20002,2022/05/16 5:00:00,2022/05/17 4:59:59
2001121,5,200019,1200003,0,0,0,3,0,1,1,102,107401,2,0,1,20002,2022/05/16 5:00:00,2022/05/17 4:59:59
2001122,5,200019,1200003,0,0,0,1,0,1,1,91,59,10000,0,1,20002,2022/05/17 5:00:00,2022/05/18 4:59:59
2001123,5,200019,1200003,0,0,0,2,0,1,1,30,110,5000,0,1,20002,2022/05/17 5:00:00,2022/05/18 4:59:59
2001124,5,200019,1200003,0,0,0,3,0,1,1,102,107401,2,0,1,20002,2022/05/17 5:00:00,2022/05/18 4:59:59
2001125,5,200019,1200003,0,0,0,1,0,1,1,91,59,10000,0,1,20002,2022/05/18 5:00:00,2022/05/19 4:59:59
2001126,5,200019,1200003,0,0,0,2,0,1,1,30,110,5000,0,1,20002,2022/05/18 5:00:00,2022/05/19 4:59:59
2001127,5,200019,1200003,0,0,0,3,0,1,1,102,107401,2,0,1,20002,2022/05/18 5:00:00,2022/05/19 4:59:59
2001128,8,200019,0,0,0,0,6,0,1,1,164,150,1,0,1,20002,2022/05/10 12:00:00,2022/05/19 4:59:59
2001129,8,200019,0,0,0,0,12,0,1,1,164,150,1,0,1,20002,2022/05/10 12:00:00,2022/05/19 4:59:59
2001130,8,200019,0,0,0,0,21,0,1,1,164,149,1,0,1,20002,2022/05/10 12:00:00,2022/05/19 4:59:59
2001201,5,200019,1200101,0,0,0,1,0,1,1,91,59,10000,0,1,20002,2022/06/24 12:00:00,2022/06/25 4:59:59
2001202,5,200019,1200101,0,0,0,2,0,1,1,30,110,5000,0,1,20002,2022/06/24 12:00:00,2022/06/25 4:59:59
2001203,5,200019,1200101,0,0,0,3,0,1,1,102,102101,2,0,1,20002,2022/06/24 12:00:00,2022/06/25 4:59:59
2001204,5,200019,1200101,0,0,0,1,0,1,1,91,59,10000,0,1,20002,2022/06/25 5:00:00,2022/06/26 4:59:59
2001205,5,200019,1200101,0,0,0,2,0,1,1,30,110,5000,0,1,20002,2022/06/25 5:00:00,2022/06/26 4:59:59
2001206,5,200019,1200101,0,0,0,3,0,1,1,102,102101,2,0,1,20002,2022/06/25 5:00:00,2022/06/26 4:59:59
2001207,5,200019,1200101,0,0,0,1,0,1,1,91,59,10000,0,1,20002,2022/06/26 5:00:00,2022/06/27 4:59:59
2001208,5,200019,1200101,0,0,0,2,0,1,1,30,110,5000,0,1,20002,2022/06/26 5:00:00,2022/06/27 4:59:59
2001209,5,200019,1200101,0,0,0,3,0,1,1,102,102101,2,0,1,20002,2022/06/26 5:00:00,2022/06/27 4:59:59
2001210,5,200019,1200102,0,0,0,1,0,1,1,91,59,10000,0,1,20002,2022/06/27 5:00:00,2022/06/28 4:59:59
2001211,5,200019,1200102,0,0,0,2,0,1,1,30,110,5000,0,1,20002,2022/06/27 5:00:00,2022/06/28 4:59:59
2001212,5,200019,1200102,0,0,0,3,0,1,1,102,105801,2,0,1,20002,2022/06/27 5:00:00,2022/06/28 4:59:59
2001213,5,200019,1200102,0,0,0,1,0,1,1,91,59,10000,0,1,20002,2022/06/28 5:00:00,2022/06/29 4:59:59
2001214,5,200019,1200102,0,0,0,2,0,1,1,30,110,5000,0,1,20002,2022/06/28 5:00:00,2022/06/29 4:59:59
2001215,5,200019,1200102,0,0,0,3,0,1,1,102,105801,2,0,1,20002,2022/06/28 5:00:00,2022/06/29 4:59:59
2001216,5,200019,1200102,0,0,0,1,0,1,1,91,59,10000,0,1,20002,2022/06/29 5:00:00,2022/06/30 4:59:59
2001217,5,200019,1200102,0,0,0,2,0,1,1,30,110,5000,0,1,20002,2022/06/29 5:00:00,2022/06/30 4:59:59
2001218,5,200019,1200102,0,0,0,3,0,1,1,102,105801,2,0,1,20002,2022/06/29 5:00:00,2022/06/30 4:59:59
2001219,8,200019,0,0,0,0,6,0,1,1,164,150,1,0,1,20002,2022/06/24 12:00:00,2022/06/30 4:59:59
2001220,8,200019,0,0,0,0,9,0,1,1,164,150,1,0,1,20002,2022/06/24 12:00:00,2022/06/30 4:59:59
2001221,8,200019,0,0,0,0,12,0,1,1,164,149,1,0,1,20002,2022/06/24 12:00:00,2022/06/30 4:59:59
2001301,5,200019,1200201,0,0,0,1,0,1,1,91,59,10000,0,1,20002,2022/09/23 12:00:00,2022/09/24 4:59:59
2001302,5,200019,1200201,0,0,0,2,0,1,1,30,110,5000,0,1,20002,2022/09/23 12:00:00,2022/09/24 4:59:59
2001303,5,200019,1200201,0,0,0,3,0,1,1,102,105101,2,0,1,20002,2022/09/23 12:00:00,2022/09/24 4:59:59
2001304,5,200019,1200201,0,0,0,1,0,1,1,91,59,10000,0,1,20002,2022/09/24 5:00:00,2022/09/25 4:59:59
2001305,5,200019,1200201,0,0,0,2,0,1,1,30,110,5000,0,1,20002,2022/09/24 5:00:00,2022/09/25 4:59:59
2001306,5,200019,1200201,0,0,0,3,0,1,1,102,105101,2,0,1,20002,2022/09/24 5:00:00,2022/09/25 4:59:59
2001307,5,200019,1200201,0,0,0,1,0,1,1,91,59,10000,0,1,20002,2022/09/25 5:00:00,2022/09/26 4:59:59
2001308,5,200019,1200201,0,0,0,2,0,1,1,30,110,5000,0,1,20002,2022/09/25 5:00:00,2022/09/26 4:59:59
2001309,5,200019,1200201,0,0,0,3,0,1,1,102,105101,2,0,1,20002,2022/09/25 5:00:00,2022/09/26 4:59:59
2001310,5,200019,1200202,0,0,0,1,0,1,1,91,59,10000,0,1,20002,2022/09/26 5:00:00,2022/09/27 4:59:59
2001311,5,200019,1200202,0,0,0,2,0,1,1,30,110,5000,0,1,20002,2022/09/26 5:00:00,2022/09/27 4:59:59
2001312,5,200019,1200202,0,0,0,3,0,1,1,102,102801,2,0,1,20002,2022/09/26 5:00:00,2022/09/27 4:59:59
2001313,5,200019,1200202,0,0,0,1,0,1,1,91,59,10000,0,1,20002,2022/09/27 5:00:00,2022/09/28 4:59:59
2001314,5,200019,1200202,0,0,0,2,0,1,1,30,110,5000,0,1,20002,2022/09/27 5:00:00,2022/09/28 4:59:59
2001315,5,200019,1200202,0,0,0,3,0,1,1,102,102801,2,0,1,20002,2022/09/27 5:00:00,2022/09/28 4:59:59
2001316,5,200019,1200202,0,0,0,1,0,1,1,91,59,10000,0,1,20002,2022/09/28 5:00:00,2022/09/29 4:59:59
2001317,5,200019,1200202,0,0,0,2,0,1,1,30,110,5000,0,1,20002,2022/09/28 5:00:00,2022/09/29 4:59:59
2001318,5,200019,1200202,0,0,0,3,0,1,1,102,102801,2,0,1,20002,2022/09/28 5:00:00,2022/09/29 4:59:59
2001319,8,200019,0,0,0,0,6,0,1,1,164,150,1,0,1,20002,2022/09/23 12:00:00,2022/09/29 4:59:59
2001320,8,200019,0,0,0,0,9,0,1,1,164,150,1,0,1,20002,2022/09/23 12:00:00,2022/09/29 4:59:59
2001321,8,200019,0,0,0,0,12,0,1,1,164,149,1,0,1,20002,2022/09/23 12:00:00,2022/09/29 4:59:59
2001401,5,200019,1200301,0,0,0,1,0,1,1,91,59,10000,0,1,20002,2022/10/22 12:00:00,2022/10/23 4:59:59
2001402,5,200019,1200301,0,0,0,2,0,1,1,30,110,5000,0,1,20002,2022/10/22 12:00:00,2022/10/23 4:59:59
2001403,5,200019,1200301,0,0,0,3,0,1,1,102,102201,2,0,1,20002,2022/10/22 12:00:00,2022/10/23 4:59:59
2001404,5,200019,1200301,0,0,0,1,0,1,1,91,59,10000,0,1,20002,2022/10/23 5:00:00,2022/10/24 4:59:59
2001405,5,200019,1200301,0,0,0,2,0,1,1,30,110,5000,0,1,20002,2022/10/23 5:00:00,2022/10/24 4:59:59
2001406,5,200019,1200301,0,0,0,3,0,1,1,102,102201,2,0,1,20002,2022/10/23 5:00:00,2022/10/24 4:59:59
2001407,5,200019,1200301,0,0,0,1,0,1,1,91,59,10000,0,1,20002,2022/10/24 5:00:00,2022/10/25 4:59:59
2001408,5,200019,1200301,0,0,0,2,0,1,1,30,110,5000,0,1,20002,2022/10/24 5:00:00,2022/10/25 4:59:59
2001409,5,200019,1200301,0,0,0,3,0,1,1,102,102201,2,0,1,20002,2022/10/24 5:00:00,2022/10/25 4:59:59
2001410,5,200019,1200302,0,0,0,1,0,1,1,91,59,10000,0,1,20002,2022/10/25 5:00:00,2022/10/26 4:59:59
2001411,5,200019,1200302,0,0,0,2,0,1,1,30,110,5000,0,1,20002,2022/10/25 5:00:00,2022/10/26 4:59:59
2001412,5,200019,1200302,0,0,0,3,0,1,1,102,103901,2,0,1,20002,2022/10/25 5:00:00,2022/10/26 4:59:59
2001413,5,200019,1200302,0,0,0,1,0,1,1,91,59,10000,0,1,20002,2022/10/26 5:00:00,2022/10/27 4:59:59
2001414,5,200019,1200302,0,0,0,2,0,1,1,30,110,5000,0,1,20002,2022/10/26 5:00:00,2022/10/27 4:59:59
2001415,5,200019,1200302,0,0,0,3,0,1,1,102,103901,2,0,1,20002,2022/10/26 5:00:00,2022/10/27 4:59:59
2001416,5,200019,1200302,0,0,0,1,0,1,1,91,59,10000,0,1,20002,2022/10/27 5:00:00,2022/10/28 4:59:59
2001417,5,200019,1200302,0,0,0,2,0,1,1,30,110,5000,0,1,20002,2022/10/27 5:00:00,2022/10/28 4:59:59
2001418,5,200019,1200302,0,0,0,3,0,1,1,102,103901,2,0,1,20002,2022/10/27 5:00:00,2022/10/28 4:59:59
2001419,8,200019,0,0,0,0,6,0,1,1,164,150,1,0,1,20002,2022/10/22 12:00:00,2022/10/28 4:59:59
2001420,8,200019,0,0,0,0,9,0,1,1,164,150,1,0,1,20002,2022/10/22 12:00:00,2022/10/28 4:59:59
2001421,8,200019,0,0,0,0,12,0,1,1,164,149,1,0,1,20002,2022/10/22 12:00:00,2022/10/28 4:59:59
2001501,5,200019,1200401,0,0,0,1,0,1,1,91,59,10000,0,1,20002,2022/12/25 12:00:00,2022/12/26 4:59:59
2001502,5,200019,1200401,0,0,0,2,0,1,1,30,110,5000,0,1,20002,2022/12/25 12:00:00,2022/12/26 4:59:59
2001503,5,200019,1200401,0,0,0,3,0,1,1,102,106401,2,0,1,20002,2022/12/25 12:00:00,2022/12/26 4:59:59
2001504,5,200019,1200401,0,0,0,1,0,1,1,91,59,10000,0,1,20002,2022/12/26 5:00:00,2022/12/27 4:59:59
2001505,5,200019,1200401,0,0,0,2,0,1,1,30,110,5000,0,1,20002,2022/12/26 5:00:00,2022/12/27 4:59:59
2001506,5,200019,1200401,0,0,0,3,0,1,1,102,106401,2,0,1,20002,2022/12/26 5:00:00,2022/12/27 4:59:59
2001507,5,200019,1200401,0,0,0,1,0,1,1,91,59,10000,0,1,20002,2022/12/27 5:00:00,2022/12/28 4:59:59
2001508,5,200019,1200401,0,0,0,2,0,1,1,30,110,5000,0,1,20002,2022/12/27 5:00:00,2022/12/28 4:59:59
2001509,5,200019,1200401,0,0,0,3,0,1,1,102,106401,2,0,1,20002,2022/12/27 5:00:00,2022/12/28 4:59:59
2001510,5,200019,1200402,0,0,0,1,0,1,1,91,59,10000,0,1,20002,2022/12/28 5:00:00,2022/12/29 4:59:59
2001511,5,200019,1200402,0,0,0,2,0,1,1,30,110,5000,0,1,20002,2022/12/28 5:00:00,2022/12/29 4:59:59
2001512,5,200019,1200402,0,0,0,3,0,1,1,102,100901,2,0,1,20002,2022/12/28 5:00:00,2022/12/29 4:59:59
2001513,5,200019,1200402,0,0,0,1,0,1,1,91,59,10000,0,1,20002,2022/12/29 5:00:00,2022/12/30 4:59:59
2001514,5,200019,1200402,0,0,0,2,0,1,1,30,110,5000,0,1,20002,2022/12/29 5:00:00,2022/12/30 4:59:59
2001515,5,200019,1200402,0,0,0,3,0,1,1,102,100901,2,0,1,20002,2022/12/29 5:00:00,2022/12/30 4:59:59
2001516,5,200019,1200402,0,0,0,1,0,1,1,91,59,10000,0,1,20002,2022/12/30 5:00:00,2022/12/31 4:59:59
2001517,5,200019,1200402,0,0,0,2,0,1,1,30,110,5000,0,1,20002,2022/12/30 5:00:00,2022/12/31 4:59:59
2001518,5,200019,1200402,0,0,0,3,0,1,1,102,100901,2,0,1,20002,2022/12/30 5:00:00,2022/12/31 4:59:59
2001519,8,200019,0,0,0,0,6,0,1,1,164,150,1,0,1,20002,2022/12/25 12:00:00,2022/12/31 4:59:59
2001520,8,200019,0,0,0,0,9,0,1,1,164,150,1,0,1,20002,2022/12/25 12:00:00,2022/12/31 4:59:59
2001521,8,200019,0,0,0,0,12,0,1,1,164,149,1,0,1,20002,2022/12/25 12:00:00,2022/12/31 4:59:59
2001601,5,200019,1200501,0,0,0,1,0,1,1,91,59,10000,0,1,20002,2023/04/22 12:00:00,2023/04/23 4:59:59
2001602,5,200019,1200501,0,0,0,2,0,1,1,30,110,5000,0,1,20002,2023/04/22 12:00:00,2023/04/23 4:59:59
2001603,5,200019,1200501,0,0,0,3,0,1,1,102,107201,2,0,1,20002,2023/04/22 12:00:00,2023/04/23 4:59:59
2001604,5,200019,1200501,0,0,0,1,0,1,1,91,59,10000,0,1,20002,2023/04/23 5:00:00,2023/04/24 4:59:59
2001605,5,200019,1200501,0,0,0,2,0,1,1,30,110,5000,0,1,20002,2023/04/23 5:00:00,2023/04/24 4:59:59
2001606,5,200019,1200501,0,0,0,3,0,1,1,102,107201,2,0,1,20002,2023/04/23 5:00:00,2023/04/24 4:59:59
2001607,5,200019,1200501,0,0,0,1,0,1,1,91,59,10000,0,1,20002,2023/04/24 5:00:00,2023/04/25 4:59:59
2001608,5,200019,1200501,0,0,0,2,0,1,1,30,110,5000,0,1,20002,2023/04/24 5:00:00,2023/04/25 4:59:59
2001609,5,200019,1200501,0,0,0,3,0,1,1,102,107201,2,0,1,20002,2023/04/24 5:00:00,2023/04/25 4:59:59
2001610,5,200019,1200502,0,0,0,1,0,1,1,91,59,10000,0,1,20002,2023/04/25 5:00:00,2023/04/26 4:59:59
2001611,5,200019,1200502,0,0,0,2,0,1,1,30,110,5000,0,1,20002,2023/04/25 5:00:00,2023/04/26 4:59:59
2001612,5,200019,1200502,0,0,0,3,0,1,1,102,100302,2,0,1,20002,2023/04/25 5:00:00,2023/04/26 4:59:59
2001613,5,200019,1200502,0,0,0,1,0,1,1,91,59,10000,0,1,20002,2023/04/26 5:00:00,2023/04/27 4:59:59
2001614,5,200019,1200502,0,0,0,2,0,1,1,30,110,5000,0,1,20002,2023/04/26 5:00:00,2023/04/27 4:59:59
2001615,5,200019,1200502,0,0,0,3,0,1,1,102,100302,2,0,1,20002,2023/04/26 5:00:00,2023/04/27 4:59:59
2001616,5,200019,1200502,0,0,0,1,0,1,1,91,59,10000,0,1,20002,2023/04/27 5:00:00,2023/04/28 4:59:59
2001617,5,200019,1200502,0,0,0,2,0,1,1,30,110,5000,0,1,20002,2023/04/27 5:00:00,2023/04/28 4:59:59
2001618,5,200019,1200502,0,0,0,3,0,1,1,102,100302,2,0,1,20002,2023/04/27 5:00:00,2023/04/28 4:59:59
2001619,8,200019,0,0,0,0,6,0,1,1,164,150,1,0,1,20002,2023/04/22 12:00:00,2023/04/28 4:59:59
2001620,8,200019,0,0,0,0,9,0,1,1,164,150,1,0,1,20002,2023/04/22 12:00:00,2023/04/28 4:59:59
2001621,8,200019,0,0,0,0,12,0,1,1,164,149,1,0,1,20002,2023/04/22 12:00:00,2023/04/28 4:59:59
2001701,5,200019,1200601,0,0,0,1,0,1,1,91,59,10000,0,1,20002,2023/06/05 12:00:00,2023/06/06 4:59:59
2001702,5,200019,1200601,0,0,0,2,0,1,1,30,110,5000,0,1,20002,2023/06/05 12:00:00,2023/06/06 4:59:59
2001703,5,200019,1200601,0,0,0,3,0,1,1,102,107801,2,0,1,20002,2023/06/05 12:00:00,2023/06/06 4:59:59
2001704,5,200019,1200601,0,0,0,1,0,1,1,91,59,10000,0,1,20002,2023/06/06 5:00:00,2023/06/07 4:59:59
2001705,5,200019,1200601,0,0,0,2,0,1,1,30,110,5000,0,1,20002,2023/06/06 5:00:00,2023/06/07 4:59:59
2001706,5,200019,1200601,0,0,0,3,0,1,1,102,107801,2,0,1,20002,2023/06/06 5:00:00,2023/06/07 4:59:59
2001707,5,200019,1200601,0,0,0,1,0,1,1,91,59,10000,0,1,20002,2023/06/07 5:00:00,2023/06/08 4:59:59
2001708,5,200019,1200601,0,0,0,2,0,1,1,30,110,5000,0,1,20002,2023/06/07 5:00:00,2023/06/08 4:59:59
2001709,5,200019,1200601,0,0,0,3,0,1,1,102,107801,2,0,1,20002,2023/06/07 5:00:00,2023/06/08 4:59:59
2001710,5,200019,1200602,0,0,0,1,0,1,1,91,59,10000,0,1,20002,2023/06/08 5:00:00,2023/06/09 4:59:59
2001711,5,200019,1200602,0,0,0,2,0,1,1,30,110,5000,0,1,20002,2023/06/08 5:00:00,2023/06/09 4:59:59
2001712,5,200019,1200602,0,0,0,3,0,1,1,102,101902,2,0,1,20002,2023/06/08 5:00:00,2023/06/09 4:59:59
2001713,5,200019,1200602,0,0,0,1,0,1,1,91,59,10000,0,1,20002,2023/06/09 5:00:00,2023/06/10 4:59:59
2001714,5,200019,1200602,0,0,0,2,0,1,1,30,110,5000,0,1,20002,2023/06/09 5:00:00,2023/06/10 4:59:59
2001715,5,200019,1200602,0,0,0,3,0,1,1,102,101902,2,0,1,20002,2023/06/09 5:00:00,2023/06/10 4:59:59
2001716,5,200019,1200602,0,0,0,1,0,1,1,91,59,10000,0,1,20002,2023/06/10 5:00:00,2023/06/11 4:59:59
2001717,5,200019,1200602,0,0,0,2,0,1,1,30,110,5000,0,1,20002,2023/06/10 5:00:00,2023/06/11 4:59:59
2001718,5,200019,1200602,0,0,0,3,0,1,1,102,101902,2,0,1,20002,2023/06/10 5:00:00,2023/06/11 4:59:59
2001719,8,200019,0,0,0,0,6,0,1,1,164,150,1,0,1,20002,2023/06/05 12:00:00,2023/06/11 4:59:59
2001720,8,200019,0,0,0,0,9,0,1,1,164,150,1,0,1,20002,2023/06/05 12:00:00,2023/06/11 4:59:59
2001721,8,200019,0,0,0,0,12,0,1,1,164,149,1,0,1,20002,2023/06/05 12:00:00,2023/06/11 4:59:59
2001801,5,200019,1200701,0,0,0,1,0,1,1,91,59,10000,0,1,20002,2023/07/06 12:00:00,2023/07/07 4:59:59
2001802,5,200019,1200701,0,0,0,2,0,1,1,30,110,5000,0,1,20002,2023/07/06 12:00:00,2023/07/07 4:59:59
2001803,5,200019,1200701,0,0,0,3,0,1,1,102,102402,2,0,1,20002,2023/07/06 12:00:00,2023/07/07 4:59:59
2001804,5,200019,1200701,0,0,0,1,0,1,1,91,59,10000,0,1,20002,2023/07/07 5:00:00,2023/07/08 4:59:59
2001805,5,200019,1200701,0,0,0,2,0,1,1,30,110,5000,0,1,20002,2023/07/07 5:00:00,2023/07/08 4:59:59
2001806,5,200019,1200701,0,0,0,3,0,1,1,102,102402,2,0,1,20002,2023/07/07 5:00:00,2023/07/08 4:59:59
2001807,5,200019,1200701,0,0,0,1,0,1,1,91,59,10000,0,1,20002,2023/07/08 5:00:00,2023/07/09 4:59:59
2001808,5,200019,1200701,0,0,0,2,0,1,1,30,110,5000,0,1,20002,2023/07/08 5:00:00,2023/07/09 4:59:59
2001809,5,200019,1200701,0,0,0,3,0,1,1,102,102402,2,0,1,20002,2023/07/08 5:00:00,2023/07/09 4:59:59
2001810,5,200019,1200702,0,0,0,1,0,1,1,91,59,10000,0,1,20002,2023/07/09 5:00:00,2023/07/10 4:59:59
2001811,5,200019,1200702,0,0,0,2,0,1,1,30,110,5000,0,1,20002,2023/07/09 5:00:00,2023/07/10 4:59:59
2001812,5,200019,1200702,0,0,0,3,0,1,1,102,104401,2,0,1,20002,2023/07/09 5:00:00,2023/07/10 4:59:59
2001813,5,200019,1200702,0,0,0,1,0,1,1,91,59,10000,0,1,20002,2023/07/10 5:00:00,2023/07/11 4:59:59
2001814,5,200019,1200702,0,0,0,2,0,1,1,30,110,5000,0,1,20002,2023/07/10 5:00:00,2023/07/11 4:59:59
2001815,5,200019,1200702,0,0,0,3,0,1,1,102,104401,2,0,1,20002,2023/07/10 5:00:00,2023/07/11 4:59:59
2001816,5,200019,1200702,0,0,0,1,0,1,1,91,59,10000,0,1,20002,2023/07/11 5:00:00,2023/07/12 4:59:59
2001817,5,200019,1200702,0,0,0,2,0,1,1,30,110,5000,0,1,20002,2023/07/11 5:00:00,2023/07/12 4:59:59
2001818,5,200019,1200702,0,0,0,3,0,1,1,102,104401,2,0,1,20002,2023/07/11 5:00:00,2023/07/12 4:59:59
2001819,8,200019,0,0,0,0,6,0,1,1,164,150,1,0,1,20002,2023/07/06 12:00:00,2023/07/12 4:59:59
2001820,8,200019,0,0,0,0,9,0,1,1,164,150,1,0,1,20002,2023/07/06 12:00:00,2023/07/12 4:59:59
2001821,8,200019,0,0,0,0,12,0,1,1,164,149,1,0,1,20002,2023/07/06 12:00:00,2023/07/12 4:59:59
2001901,5,200019,1200801,0,0,0,1,0,1,1,91,59,10000,0,1,20002,2023/08/09 12:00:00,2023/08/10 4:59:59
2001902,5,200019,1200801,0,0,0,2,0,1,1,30,110,5000,0,1,20002,2023/08/09 12:00:00,2023/08/10 4:59:59
2001903,5,200019,1200801,0,0,0,3,0,1,1,102,104601,2,0,1,20002,2023/08/09 12:00:00,2023/08/10 4:59:59
2001904,5,200019,1200801,0,0,0,1,0,1,1,91,59,10000,0,1,20002,2023/08/10 5:00:00,2023/08/11 4:59:59
2001905,5,200019,1200801,0,0,0,2,0,1,1,30,110,5000,0,1,20002,2023/08/10 5:00:00,2023/08/11 4:59:59
2001906,5,200019,1200801,0,0,0,3,0,1,1,102,104601,2,0,1,20002,2023/08/10 5:00:00,2023/08/11 4:59:59
2001907,5,200019,1200801,0,0,0,1,0,1,1,91,59,10000,0,1,20002,2023/08/11 5:00:00,2023/08/12 4:59:59
2001908,5,200019,1200801,0,0,0,2,0,1,1,30,110,5000,0,1,20002,2023/08/11 5:00:00,2023/08/12 4:59:59
2001909,5,200019,1200801,0,0,0,3,0,1,1,102,104601,2,0,1,20002,2023/08/11 5:00:00,2023/08/12 4:59:59
2001910,5,200019,1200802,0,0,0,1,0,1,1,91,59,10000,0,1,20002,2023/08/12 5:00:00,2023/08/13 4:59:59
2001911,5,200019,1200802,0,0,0,2,0,1,1,30,110,5000,0,1,20002,2023/08/12 5:00:00,2023/08/13 4:59:59
2001912,5,200019,1200802,0,0,0,3,0,1,1,102,109801,2,0,1,20002,2023/08/12 5:00:00,2023/08/13 4:59:59
2001913,5,200019,1200802,0,0,0,1,0,1,1,91,59,10000,0,1,20002,2023/08/13 5:00:00,2023/08/14 4:59:59
2001914,5,200019,1200802,0,0,0,2,0,1,1,30,110,5000,0,1,20002,2023/08/13 5:00:00,2023/08/14 4:59:59
2001915,5,200019,1200802,0,0,0,3,0,1,1,102,109801,2,0,1,20002,2023/08/13 5:00:00,2023/08/14 4:59:59
2001916,5,200019,1200802,0,0,0,1,0,1,1,91,59,10000,0,1,20002,2023/08/14 5:00:00,2023/08/15 4:59:59
2001917,5,200019,1200802,0,0,0,2,0,1,1,30,110,5000,0,1,20002,2023/08/14 5:00:00,2023/08/15 4:59:59
2001918,5,200019,1200802,0,0,0,3,0,1,1,102,109801,2,0,1,20002,2023/08/14 5:00:00,2023/08/15 4:59:59
2001919,8,200019,0,0,0,0,6,0,1,1,164,150,1,0,1,20002,2023/08/09 12:00:00,2023/08/15 4:59:59
2001920,8,200019,0,0,0,0,9,0,1,1,164,150,1,0,1,20002,2023/08/09 12:00:00,2023/08/15 4:59:59
2001921,8,200019,0,0,0,0,12,0,1,1,164,149,1,0,1,20002,2023/08/09 12:00:00,2023/08/15 4:59:59
2002001,5,200019,1200901,0,0,0,1,0,1,1,91,59,10000,0,1,20002,2023/09/06 12:00:00,2023/09/07 4:59:59
2002002,5,200019,1200901,0,0,0,2,0,1,1,30,110,5000,0,1,20002,2023/09/06 12:00:00,2023/09/07 4:59:59
2002003,5,200019,1200901,0,0,0,3,0,1,1,102,105301,2,0,1,20002,2023/09/06 12:00:00,2023/09/07 4:59:59
2002004,5,200019,1200901,0,0,0,1,0,1,1,91,59,10000,0,1,20002,2023/09/07 5:00:00,2023/09/08 4:59:59
2002005,5,200019,1200901,0,0,0,2,0,1,1,30,110,5000,0,1,20002,2023/09/07 5:00:00,2023/09/08 4:59:59
2002006,5,200019,1200901,0,0,0,3,0,1,1,102,105301,2,0,1,20002,2023/09/07 5:00:00,2023/09/08 4:59:59
2002007,5,200019,1200901,0,0,0,1,0,1,1,91,59,10000,0,1,20002,2023/09/08 5:00:00,2023/09/09 4:59:59
2002008,5,200019,1200901,0,0,0,2,0,1,1,30,110,5000,0,1,20002,2023/09/08 5:00:00,2023/09/09 4:59:59
2002009,5,200019,1200901,0,0,0,3,0,1,1,102,105301,2,0,1,20002,2023/09/08 5:00:00,2023/09/09 4:59:59
2002010,5,200019,1200902,0,0,0,1,0,1,1,91,59,10000,0,1,20002,2023/09/09 5:00:00,2023/09/10 4:59:59
2002011,5,200019,1200902,0,0,0,2,0,1,1,30,110,5000,0,1,20002,2023/09/09 5:00:00,2023/09/10 4:59:59
2002012,5,200019,1200902,0,0,0,3,0,1,1,102,101002,2,0,1,20002,2023/09/09 5:00:00,2023/09/10 4:59:59
2002013,5,200019,1200902,0,0,0,1,0,1,1,91,59,10000,0,1,20002,2023/09/10 5:00:00,2023/09/11 4:59:59
2002014,5,200019,1200902,0,0,0,2,0,1,1,30,110,5000,0,1,20002,2023/09/10 5:00:00,2023/09/11 4:59:59
2002015,5,200019,1200902,0,0,0,3,0,1,1,102,101002,2,0,1,20002,2023/09/10 5:00:00,2023/09/11 4:59:59
2002016,5,200019,1200902,0,0,0,1,0,1,1,91,59,10000,0,1,20002,2023/09/11 5:00:00,2023/09/12 4:59:59
2002017,5,200019,1200902,0,0,0,2,0,1,1,30,110,5000,0,1,20002,2023/09/11 5:00:00,2023/09/12 4:59:59
2002018,5,200019,1200902,0,0,0,3,0,1,1,102,101002,2,0,1,20002,2023/09/11 5:00:00,2023/09/12 4:59:59
2002019,8,200019,0,0,0,0,6,0,1,1,164,150,1,0,1,20002,2023/09/06 12:00:00,2023/09/12 4:59:59
2002020,8,200019,0,0,0,0,9,0,1,1,164,150,1,0,1,20002,2023/09/06 12:00:00,2023/09/12 4:59:59
2002021,8,200019,0,0,0,0,12,0,1,1,164,149,1,0,1,20002,2023/09/06 12:00:00,2023/09/12 4:59:59
2002101,5,200019,1201001,0,0,0,1,0,1,1,91,59,10000,0,1,20002,2023/10/05 12:00:00,2023/10/06 4:59:59
2002102,5,200019,1201001,0,0,0,2,0,1,1,30,110,5000,0,1,20002,2023/10/05 12:00:00,2023/10/06 4:59:59
2002103,5,200019,1201001,0,0,0,3,0,1,1,102,106801,2,0,1,20002,2023/10/05 12:00:00,2023/10/06 4:59:59
2002104,5,200019,1201001,0,0,0,1,0,1,1,91,59,10000,0,1,20002,2023/10/06 5:00:00,2023/10/07 4:59:59
2002105,5,200019,1201001,0,0,0,2,0,1,1,30,110,5000,0,1,20002,2023/10/06 5:00:00,2023/10/07 4:59:59
2002106,5,200019,1201001,0,0,0,3,0,1,1,102,106801,2,0,1,20002,2023/10/06 5:00:00,2023/10/07 4:59:59
2002107,5,200019,1201001,0,0,0,1,0,1,1,91,59,10000,0,1,20002,2023/10/07 5:00:00,2023/10/08 4:59:59
2002108,5,200019,1201001,0,0,0,2,0,1,1,30,110,5000,0,1,20002,2023/10/07 5:00:00,2023/10/08 4:59:59
2002109,5,200019,1201001,0,0,0,3,0,1,1,102,106801,2,0,1,20002,2023/10/07 5:00:00,2023/10/08 4:59:59
2002110,5,200019,1201002,0,0,0,1,0,1,1,91,59,10000,0,1,20002,2023/10/08 5:00:00,2023/10/09 4:59:59
2002111,5,200019,1201002,0,0,0,2,0,1,1,30,110,5000,0,1,20002,2023/10/08 5:00:00,2023/10/09 4:59:59
2002112,5,200019,1201002,0,0,0,3,0,1,1,102,106701,2,0,1,20002,2023/10/08 5:00:00,2023/10/09 4:59:59
2002113,5,200019,1201002,0,0,0,1,0,1,1,91,59,10000,0,1,20002,2023/10/09 5:00:00,2023/10/10 4:59:59
2002114,5,200019,1201002,0,0,0,2,0,1,1,30,110,5000,0,1,20002,2023/10/09 5:00:00,2023/10/10 4:59:59
2002115,5,200019,1201002,0,0,0,3,0,1,1,102,106701,2,0,1,20002,2023/10/09 5:00:00,2023/10/10 4:59:59
2002116,5,200019,1201002,0,0,0,1,0,1,1,91,59,10000,0,1,20002,2023/10/10 5:00:000,2023/10/11 4:59:59
2002117,5,200019,1201002,0,0,0,2,0,1,1,30,110,5000,0,1,20002,2023/10/10 5:00:000,2023/10/11 4:59:59
2002118,5,200019,1201002,0,0,0,3,0,1,1,102,106701,2,0,1,20002,2023/10/10 5:00:000,2023/10/11 4:59:59
2002119,8,200019,0,0,0,0,6,0,1,1,164,150,1,0,1,20002,2023/10/05 12:00:00,2023/10/11 4:59:59
2002120,8,200019,0,0,0,0,9,0,1,1,164,150,1,0,1,20002,2023/10/05 12:00:00,2023/10/11 4:59:59
2002121,8,200019,0,0,0,0,12,0,1,1,164,149,1,0,1,20002,2023/10/05 12:00:00,2023/10/11 4:59:59
2002201,5,200019,1201101,0,0,0,1,0,1,1,91,59,10000,0,1,20002,2023/11/06 12:00:00,2023/11/07 4:59:59
2002202,5,200019,1201101,0,0,0,2,0,1,1,30,110,5000,0,1,20002,2023/11/06 12:00:00,2023/11/07 4:59:59
2002203,5,200019,1201101,0,0,0,3,0,1,1,102,102102,2,0,1,20002,2023/11/06 12:00:00,2023/11/07 4:59:59
2002204,5,200019,1201101,0,0,0,1,0,1,1,91,59,10000,0,1,20002,2023/11/07 5:00:00,2023/11/08 4:59:59
2002205,5,200019,1201101,0,0,0,2,0,1,1,30,110,5000,0,1,20002,2023/11/07 5:00:00,2023/11/08 4:59:59
2002206,5,200019,1201101,0,0,0,3,0,1,1,102,102102,2,0,1,20002,2023/11/07 5:00:00,2023/11/08 4:59:59
2002207,5,200019,1201101,0,0,0,1,0,1,1,91,59,10000,0,1,20002,2023/11/08 5:00:00,2023/11/09 4:59:59
2002208,5,200019,1201101,0,0,0,2,0,1,1,30,110,5000,0,1,20002,2023/11/08 5:00:00,2023/11/09 4:59:59
2002209,5,200019,1201101,0,0,0,3,0,1,1,102,102102,2,0,1,20002,2023/11/08 5:00:00,2023/11/09 4:59:59
2002210,5,200019,1201102,0,0,0,1,0,1,1,91,59,10000,0,1,20002,2023/11/09 5:00:00,2023/11/10 4:59:59
2002211,5,200019,1201102,0,0,0,2,0,1,1,30,110,5000,0,1,20002,2023/11/09 5:00:00,2023/11/10 4:59:59
2002212,5,200019,1201102,0,0,0,3,0,1,1,102,104801,2,0,1,20002,2023/11/09 5:00:00,2023/11/10 4:59:59
2002213,5,200019,1201102,0,0,0,1,0,1,1,91,59,10000,0,1,20002,2023/11/10 5:00:00,2023/11/11 4:59:59
2002214,5,200019,1201102,0,0,0,2,0,1,1,30,110,5000,0,1,20002,2023/11/10 5:00:00,2023/11/11 4:59:59
2002215,5,200019,1201102,0,0,0,3,0,1,1,102,104801,2,0,1,20002,2023/11/10 5:00:00,2023/11/11 4:59:59
2002216,5,200019,1201102,0,0,0,1,0,1,1,91,59,10000,0,1,20002,2023/11/11 5:00:000,2023/11/12 4:59:59
2002217,5,200019,1201102,0,0,0,2,0,1,1,30,110,5000,0,1,20002,2023/11/11 5:00:000,2023/11/12 4:59:59
2002218,5,200019,1201102,0,0,0,3,0,1,1,102,104801,2,0,1,20002,2023/11/11 5:00:000,2023/11/12 4:59:59
2002219,8,200019,0,0,0,0,6,0,1,1,164,150,1,0,1,20002,2023/11/06 12:00:00,2023/11/12 4:59:59
2002220,8,200019,0,0,0,0,9,0,1,1,164,150,1,0,1,20002,2023/11/06 12:00:00,2023/11/12 4:59:59
2002221,8,200019,0,0,0,0,12,0,1,1,164,149,1,0,1,20002,2023/11/06 12:00:00,2023/11/12 4:59:59
2002301,5,200019,1201201,0,0,0,1,0,1,1,91,59,10000,0,1,20002,2023/12/07 12:00:00,2023/12/08 4:59:59
2002302,5,200019,1201201,0,0,0,2,0,1,1,30,110,5000,0,1,20002,2023/12/07 12:00:00,2023/12/08 4:59:59
2002303,5,200019,1201201,0,0,0,3,0,1,1,102,100602,2,0,1,20002,2023/12/07 12:00:00,2023/12/08 4:59:59
2002304,5,200019,1201201,0,0,0,1,0,1,1,91,59,10000,0,1,20002,2023/12/08 5:00:00,2023/12/09 4:59:59
2002305,5,200019,1201201,0,0,0,2,0,1,1,30,110,5000,0,1,20002,2023/12/08 5:00:00,2023/12/09 4:59:59
2002306,5,200019,1201201,0,0,0,3,0,1,1,102,100602,2,0,1,20002,2023/12/08 5:00:00,2023/12/09 4:59:59
2002307,5,200019,1201201,0,0,0,1,0,1,1,91,59,10000,0,1,20002,2023/12/09 5:00:00,2023/12/10 4:59:59
2002308,5,200019,1201201,0,0,0,2,0,1,1,30,110,5000,0,1,20002,2023/12/09 5:00:00,2023/12/10 4:59:59
2002309,5,200019,1201201,0,0,0,3,0,1,1,102,100602,2,0,1,20002,2023/12/09 5:00:00,2023/12/10 4:59:59
2002310,5,200019,1201202,0,0,0,1,0,1,1,91,59,10000,0,1,20002,2023/12/10 5:00:00,2023/12/11 4:59:59
2002311,5,200019,1201202,0,0,0,2,0,1,1,30,110,5000,0,1,20002,2023/12/10 5:00:00,2023/12/11 4:59:59
2002312,5,200019,1201202,0,0,0,3,0,1,1,102,102501,2,0,1,20002,2023/12/10 5:00:00,2023/12/11 4:59:59
2002313,5,200019,1201202,0,0,0,1,0,1,1,91,59,10000,0,1,20002,2023/12/11 5:00:00,2023/12/12 4:59:59
2002314,5,200019,1201202,0,0,0,2,0,1,1,30,110,5000,0,1,20002,2023/12/11 5:00:00,2023/12/12 4:59:59
2002315,5,200019,1201202,0,0,0,3,0,1,1,102,102501,2,0,1,20002,2023/12/11 5:00:00,2023/12/12 4:59:59
2002316,5,200019,1201202,0,0,0,1,0,1,1,91,59,10000,0,1,20002,2023/12/12 5:00:00,2023/12/13 4:59:59
2002317,5,200019,1201202,0,0,0,2,0,1,1,30,110,5000,0,1,20002,2023/12/12 5:00:00,2023/12/13 4:59:59
2002318,5,200019,1201202,0,0,0,3,0,1,1,102,102501,2,0,1,20002,2023/12/12 5:00:00,2023/12/13 4:59:59
2002319,8,200019,0,0,0,0,6,0,1,1,164,150,1,0,1,20002,2023/12/07 12:00:00,2023/12/13 4:59:59
2002320,8,200019,0,0,0,0,9,0,1,1,164,150,1,0,1,20002,2023/12/07 12:00:00,2023/12/13 4:59:59
2002321,8,200019,0,0,0,0,12,0,1,1,164,149,1,0,1,20002,2023/12/07 12:00:00,2023/12/13 4:59:59
2002401,5,200019,1201301,0,0,0,1,0,1,1,91,59,10000,0,1,20002,2024/01/04 12:00:00,2024/01/05 4:59:59
2002402,5,200019,1201301,0,0,0,2,0,1,1,30,110,5000,0,1,20002,2024/01/04 12:00:00,2024/01/05 4:59:59
2002403,5,200019,1201301,0,0,0,3,0,1,1,102,106901,2,0,1,20002,2024/01/04 12:00:00,2024/01/05 4:59:59
2002404,5,200019,1201301,0,0,0,1,0,1,1,91,59,10000,0,1,20002,2024/01/05 5:00:00,2024/01/06 4:59:59
2002405,5,200019,1201301,0,0,0,2,0,1,1,30,110,5000,0,1,20002,2024/01/05 5:00:00,2024/01/06 4:59:59
2002406,5,200019,1201301,0,0,0,3,0,1,1,102,106901,2,0,1,20002,2024/01/05 5:00:00,2024/01/06 4:59:59
2002407,5,200019,1201301,0,0,0,1,0,1,1,91,59,10000,0,1,20002,2024/01/06 5:00:00,2024/01/07 4:59:59
2002408,5,200019,1201301,0,0,0,2,0,1,1,30,110,5000,0,1,20002,2024/01/06 5:00:00,2024/01/07 4:59:59
2002409,5,200019,1201301,0,0,0,3,0,1,1,102,106901,2,0,1,20002,2024/01/06 5:00:00,2024/01/07 4:59:59
2002410,5,200019,1201302,0,0,0,1,0,1,1,91,59,10000,0,1,20002,2024/01/07 5:00:00,2024/01/08 4:59:59
2002411,5,200019,1201302,0,0,0,2,0,1,1,30,110,5000,0,1,20002,2024/01/07 5:00:00,2024/01/08 4:59:59
2002412,5,200019,1201302,0,0,0,3,0,1,1,102,102602,2,0,1,20002,2024/01/07 5:00:00,2024/01/08 4:59:59
2002413,5,200019,1201302,0,0,0,1,0,1,1,91,59,10000,0,1,20002,2024/01/08 5:00:00,2024/01/09 4:59:59
2002414,5,200019,1201302,0,0,0,2,0,1,1,30,110,5000,0,1,20002,2024/01/08 5:00:00,2024/01/09 4:59:59
2002415,5,200019,1201302,0,0,0,3,0,1,1,102,102602,2,0,1,20002,2024/01/08 5:00:00,2024/01/09 4:59:59
2002416,5,200019,1201302,0,0,0,1,0,1,1,91,59,10000,0,1,20002,2024/01/09 5:00:00,2024/01/10 4:59:59
2002417,5,200019,1201302,0,0,0,2,0,1,1,30,110,5000,0,1,20002,2024/01/09 5:00:00,2024/01/10 4:59:59
2002418,5,200019,1201302,0,0,0,3,0,1,1,102,102602,2,0,1,20002,2024/01/09 5:00:00,2024/01/10 4:59:59
2002419,8,200019,0,0,0,0,6,0,1,1,164,150,1,0,1,20002,2024/01/04 12:00:00,2024/01/10 4:59:59
2002420,8,200019,0,0,0,0,9,0,1,1,164,150,1,0,1,20002,2024/01/04 12:00:00,2024/01/10 4:59:59
2002421,8,200019,0,0,0,0,12,0,1,1,164,149,1,0,1,20002,2024/01/04 12:00:00,2024/01/10 4:59:59
2002501,5,200019,1201401,0,0,0,1,0,1,1,91,59,10000,0,1,20002,2024/02/08 12:00:00,2024/02/09 4:59:59
2002502,5,200019,1201401,0,0,0,2,0,1,1,30,110,5000,0,1,20002,2024/02/08 12:00:00,2024/02/09 4:59:59
2002503,5,200019,1201401,0,0,0,3,0,1,1,102,104201,2,0,1,20002,2024/02/08 12:00:00,2024/02/09 4:59:59
2002504,5,200019,1201401,0,0,0,1,0,1,1,91,59,10000,0,1,20002,2024/02/09 5:00:00,2024/02/10 4:59:59
2002505,5,200019,1201401,0,0,0,2,0,1,1,30,110,5000,0,1,20002,2024/02/09 5:00:00,2024/02/10 4:59:59
2002506,5,200019,1201401,0,0,0,3,0,1,1,102,104201,2,0,1,20002,2024/02/09 5:00:00,2024/02/10 4:59:59
2002507,5,200019,1201401,0,0,0,1,0,1,1,91,59,10000,0,1,20002,2024/02/10 5:00:00,2024/02/11 4:59:59
2002508,5,200019,1201401,0,0,0,2,0,1,1,30,110,5000,0,1,20002,2024/02/10 5:00:00,2024/02/11 4:59:59
2002509,5,200019,1201401,0,0,0,3,0,1,1,102,104201,2,0,1,20002,2024/02/10 5:00:00,2024/02/11 4:59:59
2002510,5,200019,1201402,0,0,0,1,0,1,1,91,59,10000,0,1,20002,2024/02/11 5:00:00,2024/02/12 4:59:59
2002511,5,200019,1201402,0,0,0,2,0,1,1,30,110,5000,0,1,20002,2024/02/11 5:00:00,2024/02/12 4:59:59
2002512,5,200019,1201402,0,0,0,3,0,1,1,102,106102,2,0,1,20002,2024/02/11 5:00:00,2024/02/12 4:59:59
2002513,5,200019,1201402,0,0,0,1,0,1,1,91,59,10000,0,1,20002,2024/02/12 5:00:00,2024/02/13 4:59:59
2002514,5,200019,1201402,0,0,0,2,0,1,1,30,110,5000,0,1,20002,2024/02/12 5:00:00,2024/02/13 4:59:59
2002515,5,200019,1201402,0,0,0,3,0,1,1,102,106102,2,0,1,20002,2024/02/12 5:00:00,2024/02/13 4:59:59
2002516,5,200019,1201402,0,0,0,1,0,1,1,91,59,10000,0,1,20002,2024/02/13 5:00:00,2024/02/14 4:59:59
2002517,5,200019,1201402,0,0,0,2,0,1,1,30,110,5000,0,1,20002,2024/02/13 5:00:00,2024/02/14 4:59:59
2002518,5,200019,1201402,0,0,0,3,0,1,1,102,106102,2,0,1,20002,2024/02/13 5:00:00,2024/02/14 4:59:59
2002519,8,200019,0,0,0,0,6,0,1,1,164,150,1,0,1,20002,2024/02/08 12:00:00,2024/02/14 4:59:59
2002520,8,200019,0,0,0,0,9,0,1,1,164,150,1,0,1,20002,2024/02/08 12:00:00,2024/02/14 4:59:59
2002521,8,200019,0,0,0,0,12,0,1,1,164,149,1,0,1,20002,2024/02/08 12:00:00,2024/02/14 4:59:59
2002601,5,200019,1201501,0,0,0,1,0,1,1,91,59,10000,0,1,20002,2024/03/07 12:00:00,2024/03/08 4:59:59
2002602,5,200019,1201501,0,0,0,2,0,1,1,30,110,5000,0,1,20002,2024/03/07 12:00:00,2024/03/08 4:59:59
2002603,5,200019,1201501,0,0,0,3,0,1,1,102,105701,2,0,1,20002,2024/03/07 12:00:00,2024/03/08 4:59:59
2002604,5,200019,1201501,0,0,0,1,0,1,1,91,59,10000,0,1,20002,2024/03/08 5:00:00,2024/03/09 4:59:59
2002605,5,200019,1201501,0,0,0,2,0,1,1,30,110,5000,0,1,20002,2024/03/08 5:00:00,2024/03/09 4:59:59
2002606,5,200019,1201501,0,0,0,3,0,1,1,102,105701,2,0,1,20002,2024/03/08 5:00:00,2024/03/09 4:59:59
2002607,5,200019,1201501,0,0,0,1,0,1,1,91,59,10000,0,1,20002,2024/03/09 5:00:00,2024/03/10 4:59:59
2002608,5,200019,1201501,0,0,0,2,0,1,1,30,110,5000,0,1,20002,2024/03/09 5:00:00,2024/03/10 4:59:59
2002609,5,200019,1201501,0,0,0,3,0,1,1,102,105701,2,0,1,20002,2024/03/09 5:00:00,2024/03/10 4:59:59
2002610,5,200019,1201502,0,0,0,1,0,1,1,91,59,10000,0,1,20002,2024/03/10 5:00:00,2024/03/11 4:59:59
2002611,5,200019,1201502,0,0,0,2,0,1,1,30,110,5000,0,1,20002,2024/03/10 5:00:00,2024/03/11 4:59:59
2002612,5,200019,1201502,0,0,0,3,0,1,1,102,102002,2,0,1,20002,2024/03/10 5:00:00,2024/03/11 4:59:59
2002613,5,200019,1201502,0,0,0,1,0,1,1,91,59,10000,0,1,20002,2024/03/11 5:00:00,2024/03/12 4:59:59
2002614,5,200019,1201502,0,0,0,2,0,1,1,30,110,5000,0,1,20002,2024/03/11 5:00:00,2024/03/12 4:59:59
2002615,5,200019,1201502,0,0,0,3,0,1,1,102,102002,2,0,1,20002,2024/03/11 5:00:00,2024/03/12 4:59:59
2002616,5,200019,1201502,0,0,0,1,0,1,1,91,59,10000,0,1,20002,2024/03/12 5:00:00,2024/03/13 4:59:59
2002617,5,200019,1201502,0,0,0,2,0,1,1,30,110,5000,0,1,20002,2024/03/12 5:00:00,2024/03/13 4:59:59
2002618,5,200019,1201502,0,0,0,3,0,1,1,102,102002,2,0,1,20002,2024/03/12 5:00:00,2024/03/13 4:59:59
2002619,8,200019,0,0,0,0,6,0,1,1,164,150,1,0,1,20002,2024/03/07 12:00:00,2024/03/13 4:59:59
2002620,8,200019,0,0,0,0,9,0,1,1,164,150,1,0,1,20002,2024/03/07 12:00:00,2024/03/13 4:59:59
2002621,8,200019,0,0,0,0,12,0,1,1,164,149,1,0,1,20002,2024/03/07 12:00:00,2024/03/13 4:59:59
2002701,5,200019,1201601,0,0,0,1,0,1,1,91,59,10000,0,1,20002,2024/04/04 12:00:00,2024/04/05 4:59:59
2002702,5,200019,1201601,0,0,0,2,0,1,1,30,110,5000,0,1,20002,2024/04/04 12:00:00,2024/04/05 4:59:59
2002703,5,200019,1201601,0,0,0,3,0,1,1,102,103401,2,0,1,20002,2024/04/04 12:00:00,2024/04/05 4:59:59
2002704,5,200019,1201601,0,0,0,1,0,1,1,91,59,10000,0,1,20002,2024/04/05 5:00:00,2024/04/06 4:59:59
2002705,5,200019,1201601,0,0,0,2,0,1,1,30,110,5000,0,1,20002,2024/04/05 5:00:00,2024/04/06 4:59:59
2002706,5,200019,1201601,0,0,0,3,0,1,1,102,103401,2,0,1,20002,2024/04/05 5:00:00,2024/04/06 4:59:59
2002707,5,200019,1201601,0,0,0,1,0,1,1,91,59,10000,0,1,20002,2024/04/06 5:00:00,2024/04/07 4:59:59
2002708,5,200019,1201601,0,0,0,2,0,1,1,30,110,5000,0,1,20002,2024/04/06 5:00:00,2024/04/07 4:59:59
2002709,5,200019,1201601,0,0,0,3,0,1,1,102,103401,2,0,1,20002,2024/04/06 5:00:00,2024/04/07 4:59:59
2002710,5,200019,1201602,0,0,0,1,0,1,1,91,59,10000,0,1,20002,2024/04/07 5:00:00,2024/04/08 4:59:59
2002711,5,200019,1201602,0,0,0,2,0,1,1,30,110,5000,0,1,20002,2024/04/07 5:00:00,2024/04/08 4:59:59
2002712,5,200019,1201602,0,0,0,3,0,1,1,102,101502,2,0,1,20002,2024/04/07 5:00:00,2024/04/08 4:59:59
2002713,5,200019,1201602,0,0,0,1,0,1,1,91,59,10000,0,1,20002,2024/04/08 5:00:00,2024/04/09 4:59:59
2002714,5,200019,1201602,0,0,0,2,0,1,1,30,110,5000,0,1,20002,2024/04/08 5:00:00,2024/04/09 4:59:59
2002715,5,200019,1201602,0,0,0,3,0,1,1,102,101502,2,0,1,20002,2024/04/08 5:00:00,2024/04/09 4:59:59
2002716,5,200019,1201602,0,0,0,1,0,1,1,91,59,10000,0,1,20002,2024/04/09 5:00:00,2024/04/10 4:59:59
2002717,5,200019,1201602,0,0,0,2,0,1,1,30,110,5000,0,1,20002,2024/04/09 5:00:00,2024/04/10 4:59:59
2002718,5,200019,1201602,0,0,0,3,0,1,1,102,101502,2,0,1,20002,2024/04/09 5:00:00,2024/04/10 4:59:59
2002719,8,200019,0,0,0,0,6,0,1,1,164,150,1,0,1,20002,2024/04/04 12:00:00,2024/04/10 4:59:59
2002720,8,200019,0,0,0,0,9,0,1,1,164,150,1,0,1,20002,2024/04/04 12:00:00,2024/04/10 4:59:59
2002721,8,200019,0,0,0,0,12,0,1,1,164,149,1,0,1,20002,2024/04/04 12:00:00,2024/04/10 4:59:59
2002801,5,200019,1201701,0,0,0,1,0,1,1,91,59,10000,0,1,20002,2024/05/05 12:00:00,2024/05/06 4:59:59
2002802,5,200019,1201701,0,0,0,2,0,1,1,30,110,5000,0,1,20002,2024/05/05 12:00:00,2024/05/06 4:59:59
2002803,5,200019,1201701,0,0,0,3,0,1,1,102,103101,2,0,1,20002,2024/05/05 12:00:00,2024/05/06 4:59:59
2002804,5,200019,1201701,0,0,0,1,0,1,1,91,59,10000,0,1,20002,2024/05/06 5:00:00,2024/05/07 4:59:59
2002805,5,200019,1201701,0,0,0,2,0,1,1,30,110,5000,0,1,20002,2024/05/06 5:00:00,2024/05/07 4:59:59
2002806,5,200019,1201701,0,0,0,3,0,1,1,102,103101,2,0,1,20002,2024/05/06 5:00:00,2024/05/07 4:59:59
2002807,5,200019,1201701,0,0,0,1,0,1,1,91,59,10000,0,1,20002,2024/05/07 5:00:00,2024/05/08 4:59:59
2002808,5,200019,1201701,0,0,0,2,0,1,1,30,110,5000,0,1,20002,2024/05/07 5:00:00,2024/05/08 4:59:59
2002809,5,200019,1201701,0,0,0,3,0,1,1,102,103101,2,0,1,20002,2024/05/07 5:00:00,2024/05/08 4:59:59
2002810,5,200019,1201702,0,0,0,1,0,1,1,91,59,10000,0,1,20002,2024/05/08 5:00:00,2024/05/09 4:59:59
2002811,5,200019,1201702,0,0,0,2,0,1,1,30,110,5000,0,1,20002,2024/05/08 5:00:00,2024/05/09 4:59:59
2002812,5,200019,1201702,0,0,0,3,0,1,1,102,103301,2,0,1,20002,2024/05/08 5:00:00,2024/05/09 4:59:59
2002813,5,200019,1201702,0,0,0,1,0,1,1,91,59,10000,0,1,20002,2024/05/09 5:00:00,2024/05/10 4:59:59
2002814,5,200019,1201702,0,0,0,2,0,1,1,30,110,5000,0,1,20002,2024/05/09 5:00:00,2024/05/10 4:59:59
2002815,5,200019,1201702,0,0,0,3,0,1,1,102,103301,2,0,1,20002,2024/05/09 5:00:00,2024/05/10 4:59:59
2002816,5,200019,1201702,0,0,0,1,0,1,1,91,59,10000,0,1,20002,2024/05/10 5:00:00,2024/05/11 4:59:59
2002817,5,200019,1201702,0,0,0,2,0,1,1,30,110,5000,0,1,20002,2024/05/10 5:00:00,2024/05/11 4:59:59
2002818,5,200019,1201702,0,0,0,3,0,1,1,102,103301,2,0,1,20002,2024/05/10 5:00:00,2024/05/11 4:59:59
2002819,8,200019,0,0,0,0,6,0,1,1,164,150,1,0,1,20002,2024/05/05 12:00:00,2024/05/11 4:59:59
2002820,8,200019,0,0,0,0,9,0,1,1,164,150,1,0,1,20002,2024/05/05 12:00:00,2024/05/11 4:59:59
2002821,8,200019,0,0,0,0,12,0,1,1,164,149,1,0,1,20002,2024/05/05 12:00:00,2024/05/11 4:59:59
2002901,5,200019,1201801,0,0,0,1,0,1,1,91,59,10000,0,1,20002,2024/06/08 12:00:00,2024/06/09 4:59:59
2002902,5,200019,1201801,0,0,0,2,0,1,1,30,110,5000,0,1,20002,2024/06/08 12:00:00,2024/06/09 4:59:59
2002903,5,200019,1201801,0,0,0,3,0,1,1,102,108501,2,0,1,20002,2024/06/08 12:00:00,2024/06/09 4:59:59
2002904,5,200019,1201801,0,0,0,1,0,1,1,91,59,10000,0,1,20002,2024/06/09 5:00:00,2024/06/10 4:59:59
2002905,5,200019,1201801,0,0,0,2,0,1,1,30,110,5000,0,1,20002,2024/06/09 5:00:00,2024/06/10 4:59:59
2002906,5,200019,1201801,0,0,0,3,0,1,1,102,108501,2,0,1,20002,2024/06/09 5:00:00,2024/06/10 4:59:59
2002907,5,200019,1201801,0,0,0,1,0,1,1,91,59,10000,0,1,20002,2024/06/10 5:00:00,2024/06/11 4:59:59
2002908,5,200019,1201801,0,0,0,2,0,1,1,30,110,5000,0,1,20002,2024/06/10 5:00:00,2024/06/11 4:59:59
2002909,5,200019,1201801,0,0,0,3,0,1,1,102,108501,2,0,1,20002,2024/06/10 5:00:00,2024/06/11 4:59:59
2002910,5,200019,1201802,0,0,0,1,0,1,1,91,59,10000,0,1,20002,2024/06/11 5:00:00,2024/06/12 4:59:59
2002911,5,200019,1201802,0,0,0,2,0,1,1,30,110,5000,0,1,20002,2024/06/11 5:00:00,2024/06/12 4:59:59
2002912,5,200019,1201802,0,0,0,3,0,1,1,102,106501,2,0,1,20002,2024/06/11 5:00:00,2024/06/12 4:59:59
2002913,5,200019,1201802,0,0,0,1,0,1,1,91,59,10000,0,1,20002,2024/06/12 5:00:00,2024/06/13 4:59:59
2002914,5,200019,1201802,0,0,0,2,0,1,1,30,110,5000,0,1,20002,2024/06/12 5:00:00,2024/06/13 4:59:59
2002915,5,200019,1201802,0,0,0,3,0,1,1,102,106501,2,0,1,20002,2024/06/12 5:00:00,2024/06/13 4:59:59
2002916,5,200019,1201802,0,0,0,1,0,1,1,91,59,10000,0,1,20002,2024/06/13 5:00:00,2024/06/14 4:59:59
2002917,5,200019,1201802,0,0,0,2,0,1,1,30,110,5000,0,1,20002,2024/06/13 5:00:00,2024/06/14 4:59:59
2002918,5,200019,1201802,0,0,0,3,0,1,1,102,106501,2,0,1,20002,2024/06/13 5:00:00,2024/06/14 4:59:59
2002919,8,200019,0,0,0,0,6,0,1,1,164,150,1,0,1,20002,2024/06/08 12:00:00,2024/06/14 4:59:59
2002920,8,200019,0,0,0,0,9,0,1,1,164,150,1,0,1,20002,2024/06/08 12:00:00,2024/06/14 4:59:59
2002921,8,200019,0,0,0,0,12,0,1,1,164,149,1,0,1,20002,2024/06/08 12:00:00,2024/06/14 4:59:59
2003001,5,200019,1201901,0,0,0,1,0,1,1,91,59,10000,0,1,20002,2024/07/04 12:00:00,2024/07/05 4:59:59
2003002,5,200019,1201901,0,0,0,2,0,1,1,30,110,5000,0,1,20002,2024/07/04 12:00:00,2024/07/05 4:59:59
2003003,5,200019,1201901,0,0,0,3,0,1,1,102,104901,2,0,1,20002,2024/07/04 12:00:00,2024/07/05 4:59:59
2003004,5,200019,1201901,0,0,0,1,0,1,1,91,59,10000,0,1,20002,2024/07/05 5:00:00,2024/07/06 4:59:59
2003005,5,200019,1201901,0,0,0,2,0,1,1,30,110,5000,0,1,20002,2024/07/05 5:00:00,2024/07/06 4:59:59
2003006,5,200019,1201901,0,0,0,3,0,1,1,102,104901,2,0,1,20002,2024/07/05 5:00:00,2024/07/06 4:59:59
2003007,5,200019,1201901,0,0,0,1,0,1,1,91,59,10000,0,1,20002,2024/07/06 5:00:00,2024/07/07 4:59:59
2003008,5,200019,1201901,0,0,0,2,0,1,1,30,110,5000,0,1,20002,2024/07/06 5:00:00,2024/07/07 4:59:59
2003009,5,200019,1201901,0,0,0,3,0,1,1,102,104901,2,0,1,20002,2024/07/06 5:00:00,2024/07/07 4:59:59
2003010,5,200019,1201902,0,0,0,1,0,1,1,91,59,10000,0,1,20002,2024/07/07 5:00:00,2024/07/08 4:59:59
2003011,5,200019,1201902,0,0,0,2,0,1,1,30,110,5000,0,1,20002,2024/07/07 5:00:00,2024/07/08 4:59:59
2003012,5,200019,1201902,0,0,0,3,0,1,1,102,100702,2,0,1,20002,2024/07/07 5:00:00,2024/07/08 4:59:59
2003013,5,200019,1201902,0,0,0,1,0,1,1,91,59,10000,0,1,20002,2024/07/08 5:00:00,2024/07/09 4:59:59
2003014,5,200019,1201902,0,0,0,2,0,1,1,30,110,5000,0,1,20002,2024/07/08 5:00:00,2024/07/09 4:59:59
2003015,5,200019,1201902,0,0,0,3,0,1,1,102,100702,2,0,1,20002,2024/07/08 5:00:00,2024/07/09 4:59:59
2003016,5,200019,1201902,0,0,0,1,0,1,1,91,59,10000,0,1,20002,2024/07/09 5:00:00,2024/07/10 4:59:59
2003017,5,200019,1201902,0,0,0,2,0,1,1,30,110,5000,0,1,20002,2024/07/09 5:00:00,2024/07/10 4:59:59
2003018,5,200019,1201902,0,0,0,3,0,1,1,102,100702,2,0,1,20002,2024/07/09 5:00:00,2024/07/10 4:59:59
2003019,8,200019,0,0,0,0,6,0,1,1,164,150,1,0,1,20002,2024/07/04 12:00:00,2024/07/10 4:59:59
2003020,8,200019,0,0,0,0,9,0,1,1,164,150,1,0,1,20002,2024/07/04 12:00:00,2024/07/10 4:59:59
2003021,8,200019,0,0,0,0,12,0,1,1,164,149,1,0,1,20002,2024/07/04 12:00:00,2024/07/10 4:59:59
2003101,5,200019,1202001,0,0,0,1,0,1,1,91,59,10000,0,1,20002,2024/08/08 12:00:00,2024/08/09 4:59:59
2003102,5,200019,1202001,0,0,0,2,0,1,1,30,110,5000,0,1,20002,2024/08/08 12:00:00,2024/08/09 4:59:59
2003103,5,200019,1202001,0,0,0,3,0,1,1,102,104602,2,0,1,20002,2024/08/08 12:00:00,2024/08/09 4:59:59
2003104,5,200019,1202001,0,0,0,1,0,1,1,91,59,10000,0,1,20002,2024/08/09 5:00:00,2024/08/10 4:59:59
2003105,5,200019,1202001,0,0,0,2,0,1,1,30,110,5000,0,1,20002,2024/08/09 5:00:00,2024/08/10 4:59:59
2003106,5,200019,1202001,0,0,0,3,0,1,1,102,104602,2,0,1,20002,2024/08/09 5:00:00,2024/08/10 4:59:59
2003107,5,200019,1202001,0,0,0,1,0,1,1,91,59,10000,0,1,20002,2024/08/10 5:00:00,2024/08/11 4:59:59
2003108,5,200019,1202001,0,0,0,2,0,1,1,30,110,5000,0,1,20002,2024/08/10 5:00:00,2024/08/11 4:59:59
2003109,5,200019,1202001,0,0,0,3,0,1,1,102,104602,2,0,1,20002,2024/08/10 5:00:00,2024/08/11 4:59:59
2003110,5,200019,1202002,0,0,0,1,0,1,1,91,59,10000,0,1,20002,2024/08/11 5:00:00,2024/08/12 4:59:59
2003111,5,200019,1202002,0,0,0,2,0,1,1,30,110,5000,0,1,20002,2024/08/11 5:00:00,2024/08/12 4:59:59
2003112,5,200019,1202002,0,0,0,3,0,1,1,102,110001,2,0,1,20002,2024/08/11 5:00:00,2024/08/12 4:59:59
2003113,5,200019,1202002,0,0,0,1,0,1,1,91,59,10000,0,1,20002,2024/08/12 5:00:00,2024/08/13 4:59:59
2003114,5,200019,1202002,0,0,0,2,0,1,1,30,110,5000,0,1,20002,2024/08/12 5:00:00,2024/08/13 4:59:59
2003115,5,200019,1202002,0,0,0,3,0,1,1,102,110001,2,0,1,20002,2024/08/12 5:00:00,2024/08/13 4:59:59
2003116,5,200019,1202002,0,0,0,1,0,1,1,91,59,10000,0,1,20002,2024/08/13 5:00:00,2024/08/14 4:59:59
2003117,5,200019,1202002,0,0,0,2,0,1,1,30,110,5000,0,1,20002,2024/08/13 5:00:00,2024/08/14 4:59:59
2003118,5,200019,1202002,0,0,0,3,0,1,1,102,110001,2,0,1,20002,2024/08/13 5:00:00,2024/08/14 4:59:59
2003119,8,200019,0,0,0,0,6,0,1,1,164,150,1,0,1,20002,2024/08/08 12:00:00,2024/08/14 4:59:59
2003120,8,200019,0,0,0,0,9,0,1,1,164,150,1,0,1,20002,2024/08/08 12:00:00,2024/08/14 4:59:59
2003121,8,200019,0,0,0,0,12,0,1,1,164,149,1,0,1,20002,2024/08/08 12:00:00,2024/08/14 4:59:59
2003201,5,200019,1202101,0,0,0,1,0,1,1,91,59,20000,0,1,20002,2024/09/05 12:00:00,2024/09/06 4:59:59
2003202,5,200019,1202101,0,0,0,2,0,1,1,30,110,5000,0,1,20002,2024/09/05 12:00:00,2024/09/06 4:59:59
2003203,5,200019,1202101,0,0,0,3,0,1,1,102,108701,2,0,1,20002,2024/09/05 12:00:00,2024/09/06 4:59:59
2003204,5,200019,1202101,0,0,0,1,0,1,1,91,59,20000,0,1,20002,2024/09/06 5:00:00,2024/09/07 4:59:59
2003205,5,200019,1202101,0,0,0,2,0,1,1,30,110,5000,0,1,20002,2024/09/06 5:00:00,2024/09/07 4:59:59
2003206,5,200019,1202101,0,0,0,3,0,1,1,102,108701,2,0,1,20002,2024/09/06 5:00:00,2024/09/07 4:59:59
2003207,5,200019,1202101,0,0,0,1,0,1,1,91,59,20000,0,1,20002,2024/09/07 5:00:00,2024/09/08 4:59:59
2003208,5,200019,1202101,0,0,0,2,0,1,1,30,110,5000,0,1,20002,2024/09/07 5:00:00,2024/09/08 4:59:59
2003209,5,200019,1202101,0,0,0,3,0,1,1,102,108701,2,0,1,20002,2024/09/07 5:00:00,2024/09/08 4:59:59
2003210,5,200019,1202102,0,0,0,1,0,1,1,91,59,20000,0,1,20002,2024/09/08 5:00:00,2024/09/09 4:59:59
2003211,5,200019,1202102,0,0,0,2,0,1,1,30,110,5000,0,1,20002,2024/09/08 5:00:00,2024/09/09 4:59:59
2003212,5,200019,1202102,0,0,0,3,0,1,1,102,103802,2,0,1,20002,2024/09/08 5:00:00,2024/09/09 4:59:59
2003213,5,200019,1202102,0,0,0,1,0,1,1,91,59,20000,0,1,20002,2024/09/09 5:00:00,2024/09/10 4:59:59
2003214,5,200019,1202102,0,0,0,2,0,1,1,30,110,5000,0,1,20002,2024/09/09 5:00:00,2024/09/10 4:59:59
2003215,5,200019,1202102,0,0,0,3,0,1,1,102,103802,2,0,1,20002,2024/09/09 5:00:00,2024/09/10 4:59:59
2003216,5,200019,1202102,0,0,0,1,0,1,1,91,59,20000,0,1,20002,2024/09/10 5:00:00,2024/09/11 4:59:59
2003217,5,200019,1202102,0,0,0,2,0,1,1,30,110,5000,0,1,20002,2024/09/10 5:00:00,2024/09/11 4:59:59
2003218,5,200019,1202102,0,0,0,3,0,1,1,102,103802,2,0,1,20002,2024/09/10 5:00:00,2024/09/11 4:59:59
2003219,8,200019,0,0,0,0,6,0,1,1,164,150,1,0,1,20002,2024/09/05 12:00:00,2024/09/11 4:59:59
2003220,8,200019,0,0,0,0,9,0,1,1,164,150,1,0,1,20002,2024/09/05 12:00:00,2024/09/11 4:59:59
2003221,8,200019,0,0,0,0,12,0,1,1,164,149,1,0,1,20002,2024/09/05 12:00:00,2024/09/11 4:59:59
2003301,5,200019,1202201,0,0,0,1,0,1,1,91,59,20000,0,1,20002,2024/10/06 12:00:00,2024/10/07 4:59:59
2003302,5,200019,1202201,0,0,0,2,0,1,1,30,110,5000,0,1,20002,2024/10/06 12:00:00,2024/10/07 4:59:59
2003303,5,200019,1202201,0,0,0,3,0,1,1,102,103002,2,0,1,20002,2024/10/06 12:00:00,2024/10/07 4:59:59
2003304,5,200019,1202201,0,0,0,1,0,1,1,91,59,20000,0,1,20002,2024/10/07 5:00:00,2024/10/08 4:59:59
2003305,5,200019,1202201,0,0,0,2,0,1,1,30,110,5000,0,1,20002,2024/10/07 5:00:00,2024/10/08 4:59:59
2003306,5,200019,1202201,0,0,0,3,0,1,1,102,103002,2,0,1,20002,2024/10/07 5:00:00,2024/10/08 4:59:59
2003307,5,200019,1202201,0,0,0,1,0,1,1,91,59,20000,0,1,20002,2024/10/08 5:00:00,2024/10/09 4:59:59
2003308,5,200019,1202201,0,0,0,2,0,1,1,30,110,5000,0,1,20002,2024/10/08 5:00:00,2024/10/09 4:59:59
2003309,5,200019,1202201,0,0,0,3,0,1,1,102,103002,2,0,1,20002,2024/10/08 5:00:00,2024/10/09 4:59:59
2003310,5,200019,1202202,0,0,0,1,0,1,1,91,59,20000,0,1,20002,2024/10/09 5:00:00,2024/10/10 4:59:59
2003311,5,200019,1202202,0,0,0,2,0,1,1,30,110,5000,0,1,20002,2024/10/09 5:00:00,2024/10/10 4:59:59
2003312,5,200019,1202202,0,0,0,3,0,1,1,102,103601,2,0,1,20002,2024/10/09 5:00:00,2024/10/10 4:59:59
2003313,5,200019,1202202,0,0,0,1,0,1,1,91,59,20000,0,1,20002,2024/10/10 5:00:00,2024/10/11 4:59:59
2003314,5,200019,1202202,0,0,0,2,0,1,1,30,110,5000,0,1,20002,2024/10/10 5:00:00,2024/10/11 4:59:59
2003315,5,200019,1202202,0,0,0,3,0,1,1,102,103601,2,0,1,20002,2024/10/10 5:00:00,2024/10/11 4:59:59
2003316,5,200019,1202202,0,0,0,1,0,1,1,91,59,20000,0,1,20002,2024/10/11 5:00:00,2024/10/12 4:59:59
2003317,5,200019,1202202,0,0,0,2,0,1,1,30,110,5000,0,1,20002,2024/10/11 5:00:00,2024/10/12 4:59:59
2003318,5,200019,1202202,0,0,0,3,0,1,1,102,103601,2,0,1,20002,2024/10/11 5:00:00,2024/10/12 4:59:59
2003319,8,200019,0,0,0,0,6,0,1,1,164,150,1,0,1,20002,2024/10/06 12:00:00,2024/10/12 4:59:59
2003320,8,200019,0,0,0,0,9,0,1,1,164,150,1,0,1,20002,2024/10/06 12:00:00,2024/10/12 4:59:59
2003321,8,200019,0,0,0,0,12,0,1,1,164,149,1,0,1,20002,2024/10/06 12:00:00,2024/10/12 4:59:59
2003401,5,200019,1202301,0,0,0,1,0,1,1,91,59,20000,0,1,20002,2024/11/03 12:00:00,2024/11/04 4:59:59
2003402,5,200019,1202301,0,0,0,2,0,1,1,30,110,5000,0,1,20002,2024/11/03 12:00:00,2024/11/04 4:59:59
2003403,5,200019,1202301,0,0,0,3,0,1,1,102,101702,2,0,1,20002,2024/11/03 12:00:00,2024/11/04 4:59:59
2003404,5,200019,1202301,0,0,0,1,0,1,1,91,59,20000,0,1,20002,2024/11/04 5:00:00,2024/11/05 4:59:59
2003405,5,200019,1202301,0,0,0,2,0,1,1,30,110,5000,0,1,20002,2024/11/04 5:00:00,2024/11/05 4:59:59
2003406,5,200019,1202301,0,0,0,3,0,1,1,102,101702,2,0,1,20002,2024/11/04 5:00:00,2024/11/05 4:59:59
2003407,5,200019,1202301,0,0,0,1,0,1,1,91,59,20000,0,1,20002,2024/11/05 5:00:00,2024/11/06 4:59:59
2003408,5,200019,1202301,0,0,0,2,0,1,1,30,110,5000,0,1,20002,2024/11/05 5:00:00,2024/11/06 4:59:59
2003409,5,200019,1202301,0,0,0,3,0,1,1,102,101702,2,0,1,20002,2024/11/05 5:00:00,2024/11/06 4:59:59
2003410,5,200019,1202302,0,0,0,1,0,1,1,91,59,20000,0,1,20002,2024/11/06 5:00:00,2024/11/07 4:59:59
2003411,5,200019,1202302,0,0,0,2,0,1,1,30,110,5000,0,1,20002,2024/11/06 5:00:00,2024/11/07 4:59:59
2003412,5,200019,1202302,0,0,0,3,0,1,1,102,104701,2,0,1,20002,2024/11/06 5:00:00,2024/11/07 4:59:59
2003413,5,200019,1202302,0,0,0,1,0,1,1,91,59,20000,0,1,20002,2024/11/07 5:00:00,2024/11/08 4:59:59
2003414,5,200019,1202302,0,0,0,2,0,1,1,30,110,5000,0,1,20002,2024/11/07 5:00:00,2024/11/08 4:59:59
2003415,5,200019,1202302,0,0,0,3,0,1,1,102,104701,2,0,1,20002,2024/11/07 5:00:00,2024/11/08 4:59:59
2003416,5,200019,1202302,0,0,0,1,0,1,1,91,59,20000,0,1,20002,2024/11/08 5:00:00,2024/11/09 4:59:59
2003417,5,200019,1202302,0,0,0,2,0,1,1,30,110,5000,0,1,20002,2024/11/08 5:00:00,2024/11/09 4:59:59
2003418,5,200019,1202302,0,0,0,3,0,1,1,102,104701,2,0,1,20002,2024/11/08 5:00:00,2024/11/09 4:59:59
2003419,8,200019,0,0,0,0,6,0,1,1,164,150,1,0,1,20002,2024/11/03 12:00:00,2024/11/09 4:59:59
2003420,8,200019,0,0,0,0,9,0,1,1,164,150,1,0,1,20002,2024/11/03 12:00:00,2024/11/09 4:59:59
2003421,8,200019,0,0,0,0,12,0,1,1,164,149,1,0,1,20002,2024/11/03 12:00:00,2024/11/09 4:59:59
2003501,5,200019,1202401,0,0,0,1,0,1,1,91,59,20000,0,1,20002,2024/12/05 12:00:00,2024/12/06 4:59:59
2003502,5,200019,1202401,0,0,0,2,0,1,1,30,110,5000,0,1,20002,2024/12/05 12:00:00,2024/12/06 4:59:59
2003503,5,200019,1202401,0,0,0,3,0,1,1,102,108301,2,0,1,20002,2024/12/05 12:00:00,2024/12/06 4:59:59
2003504,5,200019,1202401,0,0,0,1,0,1,1,91,59,20000,0,1,20002,2024/12/06 5:00:00,2024/12/07 4:59:59
2003505,5,200019,1202401,0,0,0,2,0,1,1,30,110,5000,0,1,20002,2024/12/06 5:00:00,2024/12/07 4:59:59
2003506,5,200019,1202401,0,0,0,3,0,1,1,102,108301,2,0,1,20002,2024/12/06 5:00:00,2024/12/07 4:59:59
2003507,5,200019,1202401,0,0,0,1,0,1,1,91,59,20000,0,1,20002,2024/12/07 5:00:00,2024/12/08 4:59:59
2003508,5,200019,1202401,0,0,0,2,0,1,1,30,110,5000,0,1,20002,2024/12/07 5:00:00,2024/12/08 4:59:59
2003509,5,200019,1202401,0,0,0,3,0,1,1,102,108301,2,0,1,20002,2024/12/07 5:00:00,2024/12/08 4:59:59
2003510,5,200019,1202402,0,0,0,1,0,1,1,91,59,20000,0,1,20002,2024/12/08 5:00:00,2024/12/09 4:59:59
2003511,5,200019,1202402,0,0,0,2,0,1,1,30,110,5000,0,1,20002,2024/12/08 5:00:00,2024/12/09 4:59:59
2003512,5,200019,1202402,0,0,0,3,0,1,1,102,100902,2,0,1,20002,2024/12/08 5:00:00,2024/12/09 4:59:59
2003513,5,200019,1202402,0,0,0,1,0,1,1,91,59,20000,0,1,20002,2024/12/09 5:00:00,2024/12/10 4:59:59
2003514,5,200019,1202402,0,0,0,2,0,1,1,30,110,5000,0,1,20002,2024/12/09 5:00:00,2024/12/10 4:59:59
2003515,5,200019,1202402,0,0,0,3,0,1,1,102,100902,2,0,1,20002,2024/12/09 5:00:00,2024/12/10 4:59:59
2003516,5,200019,1202402,0,0,0,1,0,1,1,91,59,20000,0,1,20002,2024/12/10 5:00:00,2024/12/11 4:59:59
2003517,5,200019,1202402,0,0,0,2,0,1,1,30,110,5000,0,1,20002,2024/12/10 5:00:00,2024/12/11 4:59:59
2003518,5,200019,1202402,0,0,0,3,0,1,1,102,100902,2,0,1,20002,2024/12/10 5:00:00,2024/12/11 4:59:59
2003519,8,200019,0,0,0,0,6,0,1,1,164,150,1,0,1,20002,2024/12/05 12:00:00,2024/12/11 4:59:59
2003520,8,200019,0,0,0,0,9,0,1,1,164,150,1,0,1,20002,2024/12/05 12:00:00,2024/12/11 4:59:59
2003521,8,200019,0,0,0,0,12,0,1,1,164,149,1,0,1,20002,2024/12/05 12:00:00,2024/12/11 4:59:59
2003601,5,200019,1202501,0,0,0,1,0,1,1,91,59,20000,0,1,20002,2025/01/06 12:00:00,2025/01/07 4:59:59
2003602,5,200019,1202501,0,0,0,2,0,1,1,30,110,5000,0,1,20002,2025/01/06 12:00:00,2025/01/07 4:59:59
2003603,5,200019,1202501,0,0,0,3,0,1,1,102,106201,2,0,1,20002,2025/01/06 12:00:00,2025/01/07 4:59:59
2003604,5,200019,1202501,0,0,0,1,0,1,1,91,59,20000,0,1,20002,2025/01/07 5:00:00,2025/01/08 4:59:59
2003605,5,200019,1202501,0,0,0,2,0,1,1,30,110,5000,0,1,20002,2025/01/07 5:00:00,2025/01/08 4:59:59
2003606,5,200019,1202501,0,0,0,3,0,1,1,102,106201,2,0,1,20002,2025/01/07 5:00:00,2025/01/08 4:59:59
2003607,5,200019,1202501,0,0,0,1,0,1,1,91,59,20000,0,1,20002,2025/01/08 5:00:00,2025/01/09 4:59:59
2003608,5,200019,1202501,0,0,0,2,0,1,1,30,110,5000,0,1,20002,2025/01/08 5:00:00,2025/01/09 4:59:59
2003609,5,200019,1202501,0,0,0,3,0,1,1,102,106201,2,0,1,20002,2025/01/08 5:00:00,2025/01/09 4:59:59
2003610,5,200019,1202502,0,0,0,1,0,1,1,91,59,20000,0,1,20002,2025/01/09 5:00:00,2025/01/10 4:59:59
2003611,5,200019,1202502,0,0,0,2,0,1,1,30,110,5000,0,1,20002,2025/01/09 5:00:00,2025/01/10 4:59:59
2003612,5,200019,1202502,0,0,0,3,0,1,1,102,104802,2,0,1,20002,2025/01/09 5:00:00,2025/01/10 4:59:59
2003613,5,200019,1202502,0,0,0,1,0,1,1,91,59,20000,0,1,20002,2025/01/10 5:00:00,2025/01/11 4:59:59
2003614,5,200019,1202502,0,0,0,2,0,1,1,30,110,5000,0,1,20002,2025/01/10 5:00:00,2025/01/11 4:59:59
2003615,5,200019,1202502,0,0,0,3,0,1,1,102,104802,2,0,1,20002,2025/01/10 5:00:00,2025/01/11 4:59:59
2003616,5,200019,1202502,0,0,0,1,0,1,1,91,59,20000,0,1,20002,2025/01/11 5:00:00,2025/01/12 4:59:59
2003617,5,200019,1202502,0,0,0,2,0,1,1,30,110,5000,0,1,20002,2025/01/11 5:00:00,2025/01/12 4:59:59
2003618,5,200019,1202502,0,0,0,3,0,1,1,102,104802,2,0,1,20002,2025/01/11 5:00:00,2025/01/12 4:59:59
2003619,8,200019,0,0,0,0,6,0,1,1,164,150,1,0,1,20002,2025/01/06 12:00:00,2025/01/12 4:59:59
2003620,8,200019,0,0,0,0,9,0,1,1,164,150,1,0,1,20002,2025/01/06 12:00:00,2025/01/12 4:59:59
2003621,8,200019,0,0,0,0,12,0,1,1,164,149,1,0,1,20002,2025/01/06 12:00:00,2025/01/12 4:59:59
2003701,5,200019,1202601,0,0,0,1,0,1,1,91,59,20000,0,1,20002,2025/02/07 12:00:00,2025/02/08 4:59:59
2003702,5,200019,1202601,0,0,0,2,0,1,1,30,110,5000,0,1,20002,2025/02/07 12:00:00,2025/02/08 4:59:59
2003703,5,200019,1202601,0,0,0,3,0,1,1,102,105501,2,0,1,20002,2025/02/07 12:00:00,2025/02/08 4:59:59
2003704,5,200019,1202601,0,0,0,1,0,1,1,91,59,20000,0,1,20002,2025/02/08 5:00:00,2025/02/09 4:59:59
2003705,5,200019,1202601,0,0,0,2,0,1,1,30,110,5000,0,1,20002,2025/02/08 5:00:00,2025/02/09 4:59:59
2003706,5,200019,1202601,0,0,0,3,0,1,1,102,105501,2,0,1,20002,2025/02/08 5:00:00,2025/02/09 4:59:59
2003707,5,200019,1202601,0,0,0,1,0,1,1,91,59,20000,0,1,20002,2025/02/09 5:00:00,2025/02/10 4:59:59
2003708,5,200019,1202601,0,0,0,2,0,1,1,30,110,5000,0,1,20002,2025/02/09 5:00:00,2025/02/10 4:59:59
2003709,5,200019,1202601,0,0,0,3,0,1,1,102,105501,2,0,1,20002,2025/02/09 5:00:00,2025/02/10 4:59:59
2003710,5,200019,1202602,0,0,0,1,0,1,1,91,59,20000,0,1,20002,2025/02/10 5:00:00,2025/02/11 4:59:59
2003711,5,200019,1202602,0,0,0,2,0,1,1,30,110,5000,0,1,20002,2025/02/10 5:00:00,2025/02/11 4:59:59
2003712,5,200019,1202602,0,0,0,3,0,1,1,102,101802,2,0,1,20002,2025/02/10 5:00:00,2025/02/11 4:59:59
2003713,5,200019,1202602,0,0,0,1,0,1,1,91,59,20000,0,1,20002,2025/02/11 5:00:00,2025/02/12 4:59:59
2003714,5,200019,1202602,0,0,0,2,0,1,1,30,110,5000,0,1,20002,2025/02/11 5:00:00,2025/02/12 4:59:59
2003715,5,200019,1202602,0,0,0,3,0,1,1,102,101802,2,0,1,20002,2025/02/11 5:00:00,2025/02/12 4:59:59
2003716,5,200019,1202602,0,0,0,1,0,1,1,91,59,20000,0,1,20002,2025/02/12 5:00:00,2025/02/13 4:59:59
2003717,5,200019,1202602,0,0,0,2,0,1,1,30,110,5000,0,1,20002,2025/02/12 5:00:00,2025/02/13 4:59:59
2003718,5,200019,1202602,0,0,0,3,0,1,1,102,101802,2,0,1,20002,2025/02/12 5:00:00,2025/02/13 4:59:59
2003719,8,200019,0,0,0,0,6,0,1,1,164,150,1,0,1,20002,2025/02/07 12:00:00,2025/02/13 4:59:59
2003720,8,200019,0,0,0,0,9,0,1,1,164,150,1,0,1,20002,2025/02/07 12:00:00,2025/02/13 4:59:59
2003721,8,200019,0,0,0,0,12,0,1,1,164,149,1,0,1,20002,2025/02/07 12:00:00,2025/02/13 4:59:59
2003801,5,200019,1202701,0,0,0,1,0,1,1,91,59,20000,0,1,20002,2025/03/05 12:00:00,2025/03/06 4:59:59
2003802,5,200019,1202701,0,0,0,2,0,1,1,30,110,5000,0,1,20002,2025/03/05 12:00:00,2025/03/06 4:59:59
2003803,5,200019,1202701,0,0,0,3,0,1,1,102,105102,2,0,1,20002,2025/03/05 12:00:00,2025/03/06 4:59:59
2003804,5,200019,1202701,0,0,0,1,0,1,1,91,59,20000,0,1,20002,2025/03/06 5:00:00,2025/03/07 4:59:59
2003805,5,200019,1202701,0,0,0,2,0,1,1,30,110,5000,0,1,20002,2025/03/06 5:00:00,2025/03/07 4:59:59
2003806,5,200019,1202701,0,0,0,3,0,1,1,102,105102,2,0,1,20002,2025/03/06 5:00:00,2025/03/07 4:59:59
2003807,5,200019,1202701,0,0,0,1,0,1,1,91,59,20000,0,1,20002,2025/03/07 5:00:00,2025/03/08 4:59:59
2003808,5,200019,1202701,0,0,0,2,0,1,1,30,110,5000,0,1,20002,2025/03/07 5:00:00,2025/03/08 4:59:59
2003809,5,200019,1202701,0,0,0,3,0,1,1,102,105102,2,0,1,20002,2025/03/07 5:00:00,2025/03/08 4:59:59
2003810,5,200019,1202702,0,0,0,1,0,1,1,91,59,20000,0,1,20002,2025/03/08 5:00:00,2025/03/09 4:59:59
2003811,5,200019,1202702,0,0,0,2,0,1,1,30,110,5000,0,1,20002,2025/03/08 5:00:00,2025/03/09 4:59:59
2003812,5,200019,1202702,0,0,0,3,0,1,1,102,102901,2,0,1,20002,2025/03/08 5:00:00,2025/03/09 4:59:59
2003813,5,200019,1202702,0,0,0,1,0,1,1,91,59,20000,0,1,20002,2025/03/09 5:00:00,2025/03/10 4:59:59
2003814,5,200019,1202702,0,0,0,2,0,1,1,30,110,5000,0,1,20002,2025/03/09 5:00:00,2025/03/10 4:59:59
2003815,5,200019,1202702,0,0,0,3,0,1,1,102,102901,2,0,1,20002,2025/03/09 5:00:00,2025/03/10 4:59:59
2003816,5,200019,1202702,0,0,0,1,0,1,1,91,59,20000,0,1,20002,2025/03/10 5:00:00,2025/03/11 4:59:59
2003817,5,200019,1202702,0,0,0,2,0,1,1,30,110,5000,0,1,20002,2025/03/10 5:00:00,2025/03/11 4:59:59
2003818,5,200019,1202702,0,0,0,3,0,1,1,102,102901,2,0,1,20002,2025/03/10 5:00:00,2025/03/11 4:59:59
2003819,8,200019,0,0,0,0,6,0,1,1,164,150,1,0,1,20002,2025/03/05 12:00:00,2025/03/11 4:59:59
2003820,8,200019,0,0,0,0,9,0,1,1,164,150,1,0,1,20002,2025/03/05 12:00:00,2025/03/11 4:59:59
2003821,8,200019,0,0,0,0,12,0,1,1,164,149,1,0,1,20002,2025/03/05 12:00:00,2025/03/11 4:59:59
2003901,5,200019,1202801,0,0,0,1,0,1,1,91,59,20000,0,1,20002,2025/04/05 12:00:00,2025/04/06 4:59:59
2003902,5,200019,1202801,0,0,0,2,0,1,1,30,110,5000,0,1,20002,2025/04/05 12:00:00,2025/04/06 4:59:59
2003903,5,200019,1202801,0,0,0,3,0,1,1,102,103202,2,0,1,20002,2025/04/05 12:00:00,2025/04/06 4:59:59
2003904,5,200019,1202801,0,0,0,1,0,1,1,91,59,20000,0,1,20002,2025/04/06 5:00:00,2025/04/07 4:59:59
2003905,5,200019,1202801,0,0,0,2,0,1,1,30,110,5000,0,1,20002,2025/04/06 5:00:00,2025/04/07 4:59:59
2003906,5,200019,1202801,0,0,0,3,0,1,1,102,103202,2,0,1,20002,2025/04/06 5:00:00,2025/04/07 4:59:59
2003907,5,200019,1202801,0,0,0,1,0,1,1,91,59,20000,0,1,20002,2025/04/07 5:00:00,2025/04/08 4:59:59
2003908,5,200019,1202801,0,0,0,2,0,1,1,30,110,5000,0,1,20002,2025/04/07 5:00:00,2025/04/08 4:59:59
2003909,5,200019,1202801,0,0,0,3,0,1,1,102,103202,2,0,1,20002,2025/04/07 5:00:00,2025/04/08 4:59:59
2003910,5,200019,1202802,0,0,0,1,0,1,1,91,59,20000,0,1,20002,2025/04/08 5:00:00,2025/04/09 4:59:59
2003911,5,200019,1202802,0,0,0,2,0,1,1,30,110,5000,0,1,20002,2025/04/08 5:00:00,2025/04/09 4:59:59
2003912,5,200019,1202802,0,0,0,3,0,1,1,102,110501,2,0,1,20002,2025/04/08 5:00:00,2025/04/09 4:59:59
2003913,5,200019,1202802,0,0,0,1,0,1,1,91,59,20000,0,1,20002,2025/04/09 5:00:00,2025/04/10 4:59:59
2003914,5,200019,1202802,0,0,0,2,0,1,1,30,110,5000,0,1,20002,2025/04/09 5:00:00,2025/04/10 4:59:59
2003915,5,200019,1202802,0,0,0,3,0,1,1,102,110501,2,0,1,20002,2025/04/09 5:00:00,2025/04/10 4:59:59
2003916,5,200019,1202802,0,0,0,1,0,1,1,91,59,20000,0,1,20002,2025/04/10 5:00:00,2025/04/11 4:59:59
2003917,5,200019,1202802,0,0,0,2,0,1,1,30,110,5000,0,1,20002,2025/04/10 5:00:00,2025/04/11 4:59:59
2003918,5,200019,1202802,0,0,0,3,0,1,1,102,110501,2,0,1,20002,2025/04/10 5:00:00,2025/04/11 4:59:59
2003919,8,200019,0,0,0,0,6,0,1,1,164,150,1,0,1,20002,2025/04/05 12:00:00,2025/04/11 4:59:59
2003920,8,200019,0,0,0,0,9,0,1,1,164,150,1,0,1,20002,2025/04/05 12:00:00,2025/04/11 4:59:59
2003921,8,200019,0,0,0,0,12,0,1,1,164,149,1,0,1,20002,2025/04/05 12:00:00,2025/04/11 4:59:59
2004001,5,200019,1202901,0,0,0,1,0,1,1,91,59,20000,0,1,20002,2025/05/07 12:00:00,2025/05/08 4:59:59
2004002,5,200019,1202901,0,0,0,2,0,1,1,30,110,5000,0,1,20002,2025/05/07 12:00:00,2025/05/08 4:59:59
2004003,5,200019,1202901,0,0,0,3,0,1,1,102,107601,2,0,1,20002,2025/05/07 12:00:00,2025/05/08 4:59:59
2004004,5,200019,1202901,0,0,0,1,0,1,1,91,59,20000,0,1,20002,2025/05/08 5:00:00,2025/05/09 4:59:59
2004005,5,200019,1202901,0,0,0,2,0,1,1,30,110,5000,0,1,20002,2025/05/08 5:00:00,2025/05/09 4:59:59
2004006,5,200019,1202901,0,0,0,3,0,1,1,102,107601,2,0,1,20002,2025/05/08 5:00:00,2025/05/09 4:59:59
2004007,5,200019,1202901,0,0,0,1,0,1,1,91,59,20000,0,1,20002,2025/05/09 5:00:00,2025/05/10 4:59:59
2004008,5,200019,1202901,0,0,0,2,0,1,1,30,110,5000,0,1,20002,2025/05/09 5:00:00,2025/05/10 4:59:59
2004009,5,200019,1202901,0,0,0,3,0,1,1,102,107601,2,0,1,20002,2025/05/09 5:00:00,2025/05/10 4:59:59
2004010,5,200019,1202902,0,0,0,1,0,1,1,91,59,20000,0,1,20002,2025/05/10 5:00:00,2025/05/11 4:59:59
2004011,5,200019,1202902,0,0,0,2,0,1,1,30,110,5000,0,1,20002,2025/05/10 5:00:00,2025/05/11 4:59:59
2004012,5,200019,1202902,0,0,0,3,0,1,1,102,110601,2,0,1,20002,2025/05/10 5:00:00,2025/05/11 4:59:59
2004013,5,200019,1202902,0,0,0,1,0,1,1,91,59,20000,0,1,20002,2025/05/11 5:00:00,2025/05/12 4:59:59
2004014,5,200019,1202902,0,0,0,2,0,1,1,30,110,5000,0,1,20002,2025/05/11 5:00:00,2025/05/12 4:59:59
2004015,5,200019,1202902,0,0,0,3,0,1,1,102,110601,2,0,1,20002,2025/05/11 5:00:00,2025/05/12 4:59:59
2004016,5,200019,1202902,0,0,0,1,0,1,1,91,59,20000,0,1,20002,2025/05/12 5:00:00,2025/05/13 4:59:59
2004017,5,200019,1202902,0,0,0,2,0,1,1,30,110,5000,0,1,20002,2025/05/12 5:00:00,2025/05/13 4:59:59
2004018,5,200019,1202902,0,0,0,3,0,1,1,102,110601,2,0,1,20002,2025/05/12 5:00:00,2025/05/13 4:59:59
2004019,8,200019,0,0,0,0,6,0,1,1,164,150,1,0,1,20002,2025/05/07 12:00:00,2025/05/13 4:59:59
2004020,8,200019,0,0,0,0,9,0,1,1,164,150,1,0,1,20002,2025/05/07 12:00:00,2025/05/13 4:59:59
2004021,8,200019,0,0,0,0,12,0,1,1,164,149,1,0,1,20002,2025/05/07 12:00:00,2025/05/13 4:59:59
2004101,5,200019,1203001,0,0,0,1,0,1,1,91,59,20000,0,1,20002,2025/06/08 12:00:00,2025/06/09 4:59:59
2004102,5,200019,1203001,0,0,0,2,0,1,1,30,110,5000,0,1,20002,2025/06/08 12:00:00,2025/06/09 4:59:59
2004103,5,200019,1203001,0,0,0,3,0,1,1,102,106901,2,0,1,20002,2025/06/08 12:00:00,2025/06/09 4:59:59
2004104,5,200019,1203001,0,0,0,1,0,1,1,91,59,20000,0,1,20002,2025/06/09 5:00:00,2025/06/10 4:59:59
2004105,5,200019,1203001,0,0,0,2,0,1,1,30,110,5000,0,1,20002,2025/06/09 5:00:00,2025/06/10 4:59:59
2004106,5,200019,1203001,0,0,0,3,0,1,1,102,106901,2,0,1,20002,2025/06/09 5:00:00,2025/06/10 4:59:59
2004107,5,200019,1203001,0,0,0,1,0,1,1,91,59,20000,0,1,20002,2025/06/10 5:00:00,2025/06/11 4:59:59
2004108,5,200019,1203001,0,0,0,2,0,1,1,30,110,5000,0,1,20002,2025/06/10 5:00:00,2025/06/11 4:59:59
2004109,5,200019,1203001,0,0,0,3,0,1,1,102,106901,2,0,1,20002,2025/06/10 5:00:00,2025/06/11 4:59:59
2004110,5,200019,1203002,0,0,0,1,0,1,1,91,59,20000,0,1,20002,2025/06/11 5:00:00,2025/06/12 4:59:59
2004111,5,200019,1203002,0,0,0,2,0,1,1,30,110,5000,0,1,20002,2025/06/11 5:00:00,2025/06/12 4:59:59
2004112,5,200019,1203002,0,0,0,3,0,1,1,102,107101,2,0,1,20002,2025/06/11 5:00:00,2025/06/12 4:59:59
2004113,5,200019,1203002,0,0,0,1,0,1,1,91,59,20000,0,1,20002,2025/06/12 5:00:00,2025/06/13 4:59:59
2004114,5,200019,1203002,0,0,0,2,0,1,1,30,110,5000,0,1,20002,2025/06/12 5:00:00,2025/06/13 4:59:59
2004115,5,200019,1203002,0,0,0,3,0,1,1,102,107101,2,0,1,20002,2025/06/12 5:00:00,2025/06/13 4:59:59
2004116,5,200019,1203002,0,0,0,1,0,1,1,91,59,20000,0,1,20002,2025/06/13 5:00:00,2025/06/14 4:59:59
2004117,5,200019,1203002,0,0,0,2,0,1,1,30,110,5000,0,1,20002,2025/06/13 5:00:00,2025/06/14 4:59:59
2004118,5,200019,1203002,0,0,0,3,0,1,1,102,107101,2,0,1,20002,2025/06/13 5:00:00,2025/06/14 4:59:59
2004119,8,200019,0,0,0,0,6,0,1,1,164,150,1,0,1,20002,2025/06/08 12:00:00,2025/06/14 4:59:59
2004120,8,200019,0,0,0,0,9,0,1,1,164,150,1,0,1,20002,2025/06/08 12:00:00,2025/06/14 4:59:59
2004121,8,200019,0,0,0,0,12,0,1,1,164,149,1,0,1,20002,2025/06/08 12:00:00,2025/06/14 4:59:59
2004201,5,200019,1203101,0,0,0,1,0,1,1,91,59,20000,0,1,20002,2025/07/06 12:00:00,2025/07/07 4:59:59
2004202,5,200019,1203101,0,0,0,2,0,1,1,30,110,5000,0,1,20002,2025/07/06 12:00:00,2025/07/07 4:59:59
2004203,5,200019,1203101,0,0,0,3,0,1,1,102,100202,2,0,1,20002,2025/07/06 12:00:00,2025/07/07 4:59:59
2004204,5,200019,1203101,0,0,0,1,0,1,1,91,59,20000,0,1,20002,2025/07/07 5:00:00,2025/07/08 4:59:59
2004205,5,200019,1203101,0,0,0,2,0,1,1,30,110,5000,0,1,20002,2025/07/07 5:00:00,2025/07/08 4:59:59
2004206,5,200019,1203101,0,0,0,3,0,1,1,102,100202,2,0,1,20002,2025/07/07 5:00:00,2025/07/08 4:59:59
2004207,5,200019,1203101,0,0,0,1,0,1,1,91,59,20000,0,1,20002,2025/07/08 5:00:00,2025/07/09 4:59:59
2004208,5,200019,1203101,0,0,0,2,0,1,1,30,110,5000,0,1,20002,2025/07/08 5:00:00,2025/07/09 4:59:59
2004209,5,200019,1203101,0,0,0,3,0,1,1,102,100202,2,0,1,20002,2025/07/08 5:00:00,2025/07/09 4:59:59
2004210,5,200019,1203102,0,0,0,1,0,1,1,91,59,20000,0,1,20002,2025/07/09 5:00:00,2025/07/10 4:59:59
2004211,5,200019,1203102,0,0,0,2,0,1,1,30,110,5000,0,1,20002,2025/07/09 5:00:00,2025/07/10 4:59:59
2004212,5,200019,1203102,0,0,0,3,0,1,1,102,110701,2,0,1,20002,2025/07/09 5:00:00,2025/07/10 4:59:59
2004213,5,200019,1203102,0,0,0,1,0,1,1,91,59,20000,0,1,20002,2025/07/10 5:00:00,2025/07/11 4:59:59
2004214,5,200019,1203102,0,0,0,2,0,1,1,30,110,5000,0,1,20002,2025/07/10 5:00:00,2025/07/11 4:59:59
2004215,5,200019,1203102,0,0,0,3,0,1,1,102,110701,2,0,1,20002,2025/07/10 5:00:00,2025/07/11 4:59:59
2004216,5,200019,1203102,0,0,0,1,0,1,1,91,59,20000,0,1,20002,2025/07/11 5:00:00,2025/07/12 4:59:59
2004217,5,200019,1203102,0,0,0,2,0,1,1,30,110,5000,0,1,20002,2025/07/11 5:00:00,2025/07/12 4:59:59
2004218,5,200019,1203102,0,0,0,3,0,1,1,102,110701,2,0,1,20002,2025/07/11 5:00:00,2025/07/12 4:59:59
2004219,8,200019,0,0,0,0,6,0,1,1,164,150,1,0,1,20002,2025/07/06 12:00:00,2025/07/12 4:59:59
2004220,8,200019,0,0,0,0,9,0,1,1,164,150,1,0,1,20002,2025/07/06 12:00:00,2025/07/12 4:59:59
2004221,8,200019,0,0,0,0,12,0,1,1,164,149,1,0,1,20002,2025/07/06 12:00:00,2025/07/12 4:59:59
2004301,5,200019,1203201,0,0,0,1,0,1,1,91,59,20000,0,1,20002,2025/08/07 12:00:00,2025/08/08 4:59:59
2004302,5,200019,1203201,0,0,0,2,0,1,1,30,110,5000,0,1,20002,2025/08/07 12:00:00,2025/08/08 4:59:59
2004303,5,200019,1203201,0,0,0,3,0,1,1,102,104102,2,0,1,20002,2025/08/07 12:00:00,2025/08/08 4:59:59
2004304,5,200019,1203201,0,0,0,1,0,1,1,91,59,20000,0,1,20002,2025/08/08 5:00:00,2025/08/09 4:59:59
2004305,5,200019,1203201,0,0,0,2,0,1,1,30,110,5000,0,1,20002,2025/08/08 5:00:00,2025/08/09 4:59:59
2004306,5,200019,1203201,0,0,0,3,0,1,1,102,104102,2,0,1,20002,2025/08/08 5:00:00,2025/08/09 4:59:59
2004307,5,200019,1203201,0,0,0,1,0,1,1,91,59,20000,0,1,20002,2025/08/09 5:00:00,2025/08/10 4:59:59
2004308,5,200019,1203201,0,0,0,2,0,1,1,30,110,5000,0,1,20002,2025/08/09 5:00:00,2025/08/10 4:59:59
2004309,5,200019,1203201,0,0,0,3,0,1,1,102,104102,2,0,1,20002,2025/08/09 5:00:00,2025/08/10 4:59:59
2004310,5,200019,1203202,0,0,0,1,0,1,1,91,59,20000,0,1,20002,2025/08/10 5:00:00,2025/08/11 4:59:59
2004311,5,200019,1203202,0,0,0,2,0,1,1,30,110,5000,0,1,20002,2025/08/10 5:00:00,2025/08/11 4:59:59
2004312,5,200019,1203202,0,0,0,3,0,1,1,102,105401,2,0,1,20002,2025/08/10 5:00:00,2025/08/11 4:59:59
2004313,5,200019,1203202,0,0,0,1,0,1,1,91,59,20000,0,1,20002,2025/08/11 5:00:00,2025/08/12 4:59:59
2004314,5,200019,1203202,0,0,0,2,0,1,1,30,110,5000,0,1,20002,2025/08/11 5:00:00,2025/08/12 4:59:59
2004315,5,200019,1203202,0,0,0,3,0,1,1,102,105401,2,0,1,20002,2025/08/11 5:00:00,2025/08/12 4:59:59
2004316,5,200019,1203202,0,0,0,1,0,1,1,91,59,20000,0,1,20002,2025/08/12 5:00:00,2025/08/13 4:59:59
2004317,5,200019,1203202,0,0,0,2,0,1,1,30,110,5000,0,1,20002,2025/08/12 5:00:00,2025/08/13 4:59:59
2004318,5,200019,1203202,0,0,0,3,0,1,1,102,105401,2,0,1,20002,2025/08/12 5:00:00,2025/08/13 4:59:59
2004319,8,200019,0,0,0,0,6,0,1,1,164,150,1,0,1,20002,2025/08/07 12:00:00,2025/08/13 4:59:59
2004320,8,200019,0,0,0,0,9,0,1,1,164,150,1,0,1,20002,2025/08/07 12:00:00,2025/08/13 4:59:59
2004321,8,200019,0,0,0,0,12,0,1,1,164,149,1,0,1,20002,2025/08/07 12:00:00,2025/08/13 4:59:59
2004401,5,200019,1203301,0,0,0,1,0,1,1,91,59,20000,0,1,20002,2025/09/04 12:00:00,2025/09/05 4:59:59
2004402,5,200019,1203301,0,0,0,2,0,1,1,30,110,5000,0,1,20002,2025/09/04 12:00:00,2025/09/05 4:59:59
2004403,5,200019,1203301,0,0,0,3,0,1,1,102,102202,2,0,1,20002,2025/09/04 12:00:00,2025/09/05 4:59:59
2004404,5,200019,1203301,0,0,0,1,0,1,1,91,59,20000,0,1,20002,2025/09/05 5:00:00,2025/09/06 4:59:59
2004405,5,200019,1203301,0,0,0,2,0,1,1,30,110,5000,0,1,20002,2025/09/05 5:00:00,2025/09/06 4:59:59
2004406,5,200019,1203301,0,0,0,3,0,1,1,102,102202,2,0,1,20002,2025/09/05 5:00:00,2025/09/06 4:59:59
2004407,5,200019,1203301,0,0,0,1,0,1,1,91,59,20000,0,1,20002,2025/09/06 5:00:00,2025/09/07 4:59:59
2004408,5,200019,1203301,0,0,0,2,0,1,1,30,110,5000,0,1,20002,2025/09/06 5:00:00,2025/09/07 4:59:59
2004409,5,200019,1203301,0,0,0,3,0,1,1,102,102202,2,0,1,20002,2025/09/06 5:00:00,2025/09/07 4:59:59
2004410,5,200019,1203302,0,0,0,1,0,1,1,91,59,20000,0,1,20002,2025/09/07 5:00:00,2025/09/08 4:59:59
2004411,5,200019,1203302,0,0,0,2,0,1,1,30,110,5000,0,1,20002,2025/09/07 5:00:00,2025/09/08 4:59:59
2004412,5,200019,1203302,0,0,0,3,0,1,1,102,109101,2,0,1,20002,2025/09/07 5:00:00,2025/09/08 4:59:59
2004413,5,200019,1203302,0,0,0,1,0,1,1,91,59,20000,0,1,20002,2025/09/08 5:00:00,2025/09/09 4:59:59
2004414,5,200019,1203302,0,0,0,2,0,1,1,30,110,5000,0,1,20002,2025/09/08 5:00:00,2025/09/09 4:59:59
2004415,5,200019,1203302,0,0,0,3,0,1,1,102,109101,2,0,1,20002,2025/09/08 5:00:00,2025/09/09 4:59:59
2004416,5,200019,1203302,0,0,0,1,0,1,1,91,59,20000,0,1,20002,2025/09/09 5:00:00,2025/09/10 4:59:59
2004417,5,200019,1203302,0,0,0,2,0,1,1,30,110,5000,0,1,20002,2025/09/09 5:00:00,2025/09/10 4:59:59
2004418,5,200019,1203302,0,0,0,3,0,1,1,102,109101,2,0,1,20002,2025/09/09 5:00:00,2025/09/10 4:59:59
2004419,8,200019,0,0,0,0,6,0,1,1,164,150,1,0,1,20002,2025/09/04 12:00:00,2025/09/10 4:59:59
2004420,8,200019,0,0,0,0,9,0,1,1,164,150,1,0,1,20002,2025/09/04 12:00:00,2025/09/10 4:59:59
2004421,8,200019,0,0,0,0,12,0,1,1,164,149,1,0,1,20002,2025/09/04 12:00:00,2025/09/10 4:59:59
2004501,5,200019,1203401,0,0,0,1,0,1,1,91,59,20000,0,1,20002,2025/10/07 12:00:00,2025/10/08 4:59:59
2004502,5,200019,1203401,0,0,0,2,0,1,1,91,59,20000,0,1,20002,2025/10/07 12:00:00,2025/10/08 4:59:59
2004503,5,200019,1203401,0,0,0,3,0,1,1,102,104502,2,0,1,20002,2025/10/07 12:00:00,2025/10/08 4:59:59
2004504,5,200019,1203401,0,0,0,1,0,1,1,91,59,20000,0,1,20002,2025/10/08 5:00:00,2025/10/09 4:59:59
2004505,5,200019,1203401,0,0,0,2,0,1,1,91,59,20000,0,1,20002,2025/10/08 5:00:00,2025/10/09 4:59:59
2004506,5,200019,1203401,0,0,0,3,0,1,1,102,104502,2,0,1,20002,2025/10/08 5:00:00,2025/10/09 4:59:59
2004507,5,200019,1203401,0,0,0,1,0,1,1,91,59,20000,0,1,20002,2025/10/09 5:00:00,2025/10/10 4:59:59
2004508,5,200019,1203401,0,0,0,2,0,1,1,91,59,20000,0,1,20002,2025/10/09 5:00:00,2025/10/10 4:59:59
2004509,5,200019,1203401,0,0,0,3,0,1,1,102,104502,2,0,1,20002,2025/10/09 5:00:00,2025/10/10 4:59:59
2004510,5,200019,1203402,0,0,0,1,0,1,1,91,59,20000,0,1,20002,2025/10/10 5:00:00,2025/10/11 4:59:59
2004511,5,200019,1203402,0,0,0,2,0,1,1,91,59,20000,0,1,20002,2025/10/10 5:00:00,2025/10/11 4:59:59
2004512,5,200019,1203402,0,0,0,3,0,1,1,102,107701,2,0,1,20002,2025/10/10 5:00:00,2025/10/11 4:59:59
2004513,5,200019,1203402,0,0,0,1,0,1,1,91,59,20000,0,1,20002,2025/10/11 5:00:00,2025/10/12 4:59:59
2004514,5,200019,1203402,0,0,0,2,0,1,1,91,59,20000,0,1,20002,2025/10/11 5:00:00,2025/10/12 4:59:59
2004515,5,200019,1203402,0,0,0,3,0,1,1,102,107701,2,0,1,20002,2025/10/11 5:00:00,2025/10/12 4:59:59
2004516,5,200019,1203402,0,0,0,1,0,1,1,91,59,20000,0,1,20002,2025/10/12 5:00:00,2025/10/13 4:59:59
2004517,5,200019,1203402,0,0,0,2,0,1,1,91,59,20000,0,1,20002,2025/10/12 5:00:00,2025/10/13 4:59:59
2004518,5,200019,1203402,0,0,0,3,0,1,1,102,107701,2,0,1,20002,2025/10/12 5:00:00,2025/10/13 4:59:59
2004519,8,200019,0,0,0,0,6,0,1,1,164,150,1,0,1,20002,2025/10/07 12:00:00,2025/10/13 4:59:59
2004520,8,200019,0,0,0,0,9,0,1,1,164,150,1,0,1,20002,2025/10/07 12:00:00,2025/10/13 4:59:59
2004521,8,200019,0,0,0,0,12,0,1,1,164,149,1,0,1,20002,2025/10/07 12:00:00,2025/10/13 4:59:59
2004601,5,200019,1203501,0,0,0,1,0,1,1,91,59,20000,0,1,20002,2025/11/05 12:00:00,2025/11/06 4:59:59
2004602,5,200019,1203501,0,0,0,2,0,1,1,91,59,20000,0,1,20002,2025/11/05 12:00:00,2025/11/06 4:59:59
2004603,5,200019,1203501,0,0,0,3,0,1,1,102,110401,2,0,1,20002,2025/11/05 12:00:00,2025/11/06 4:59:59
2004604,5,200019,1203501,0,0,0,1,0,1,1,91,59,20000,0,1,20002,2025/11/06 5:00:00,2025/11/07 4:59:59
2004605,5,200019,1203501,0,0,0,2,0,1,1,91,59,20000,0,1,20002,2025/11/06 5:00:00,2025/11/07 4:59:59
2004606,5,200019,1203501,0,0,0,3,0,1,1,102,110401,2,0,1,20002,2025/11/06 5:00:00,2025/11/07 4:59:59
2004607,5,200019,1203501,0,0,0,1,0,1,1,91,59,20000,0,1,20002,2025/11/07 5:00:00,2025/11/08 4:59:59
2004608,5,200019,1203501,0,0,0,2,0,1,1,91,59,20000,0,1,20002,2025/11/07 5:00:00,2025/11/08 4:59:59
2004609,5,200019,1203501,0,0,0,3,0,1,1,102,110401,2,0,1,20002,2025/11/07 5:00:00,2025/11/08 4:59:59
2004610,5,200019,1203502,0,0,0,1,0,1,1,91,59,20000,0,1,20002,2025/11/08 5:00:00,2025/11/09 4:59:59
2004611,5,200019,1203502,0,0,0,2,0,1,1,91,59,20000,0,1,20002,2025/11/08 5:00:00,2025/11/09 4:59:59
2004612,5,200019,1203502,0,0,0,3,0,1,1,102,100802,2,0,1,20002,2025/11/08 5:00:00,2025/11/09 4:59:59
2004613,5,200019,1203502,0,0,0,1,0,1,1,91,59,20000,0,1,20002,2025/11/09 5:00:00,2025/11/10 4:59:59
2004614,5,200019,1203502,0,0,0,2,0,1,1,91,59,20000,0,1,20002,2025/11/09 5:00:00,2025/11/10 4:59:59
2004615,5,200019,1203502,0,0,0,3,0,1,1,102,100802,2,0,1,20002,2025/11/09 5:00:00,2025/11/10 4:59:59
2004616,5,200019,1203502,0,0,0,1,0,1,1,91,59,20000,0,1,20002,2025/11/10 5:00:00,2025/11/11 4:59:59
2004617,5,200019,1203502,0,0,0,2,0,1,1,91,59,20000,0,1,20002,2025/11/10 5:00:00,2025/11/11 4:59:59
2004618,5,200019,1203502,0,0,0,3,0,1,1,102,100802,2,0,1,20002,2025/11/10 5:00:00,2025/11/11 4:59:59
2004619,8,200019,0,0,0,0,6,0,1,1,164,150,1,0,1,20002,2025/11/05 12:00:00,2025/11/11 4:59:59
2004620,8,200019,0,0,0,0,9,0,1,1,164,150,1,0,1,20002,2025/11/05 12:00:00,2025/11/11 4:59:59
2004621,8,200019,0,0,0,0,12,0,1,1,164,149,1,0,1,20002,2025/11/05 12:00:00,2025/11/11 4:59:59
2004701,5,200019,1203601,0,0,0,1,0,1,1,91,59,20000,0,1,20002,2025/12/06 12:00:00,2025/12/07 4:59:59
2004702,5,200019,1203601,0,0,0,2,0,1,1,91,59,20000,0,1,20002,2025/12/06 12:00:00,2025/12/07 4:59:59
2004703,5,200019,1203601,0,0,0,3,0,1,1,102,101602,2,0,1,20002,2025/12/06 12:00:00,2025/12/07 4:59:59
2004704,5,200019,1203601,0,0,0,1,0,1,1,91,59,20000,0,1,20002,2025/12/07 5:00:00,2025/12/08 4:59:59
2004705,5,200019,1203601,0,0,0,2,0,1,1,91,59,20000,0,1,20002,2025/12/07 5:00:00,2025/12/08 4:59:59
2004706,5,200019,1203601,0,0,0,3,0,1,1,102,101602,2,0,1,20002,2025/12/07 5:00:00,2025/12/08 4:59:59
2004707,5,200019,1203601,0,0,0,1,0,1,1,91,59,20000,0,1,20002,2025/12/08 5:00:00,2025/12/09 4:59:59
2004708,5,200019,1203601,0,0,0,2,0,1,1,91,59,20000,0,1,20002,2025/12/08 5:00:00,2025/12/09 4:59:59
2004709,5,200019,1203601,0,0,0,3,0,1,1,102,101602,2,0,1,20002,2025/12/08 5:00:00,2025/12/09 4:59:59
2004710,5,200019,1203602,0,0,0,1,0,1,1,91,59,20000,0,1,20002,2025/12/09 5:00:00,2025/12/10 4:59:59
2004711,5,200019,1203602,0,0,0,2,0,1,1,91,59,20000,0,1,20002,2025/12/09 5:00:00,2025/12/10 4:59:59
2004712,5,200019,1203602,0,0,0,3,0,1,1,102,111901,2,0,1,20002,2025/12/09 5:00:00,2025/12/10 4:59:59
2004713,5,200019,1203602,0,0,0,1,0,1,1,91,59,20000,0,1,20002,2025/12/10 5:00:00,2025/12/11 4:59:59
2004714,5,200019,1203602,0,0,0,2,0,1,1,91,59,20000,0,1,20002,2025/12/10 5:00:00,2025/12/11 4:59:59
2004715,5,200019,1203602,0,0,0,3,0,1,1,102,111901,2,0,1,20002,2025/12/10 5:00:00,2025/12/11 4:59:59
2004716,5,200019,1203602,0,0,0,1,0,1,1,91,59,20000,0,1,20002,2025/12/11 5:00:00,2025/12/12 4:59:59
2004717,5,200019,1203602,0,0,0,2,0,1,1,91,59,20000,0,1,20002,2025/12/11 5:00:00,2025/12/12 4:59:59
2004718,5,200019,1203602,0,0,0,3,0,1,1,102,111901,2,0,1,20002,2025/12/11 5:00:00,2025/12/12 4:59:59
2004719,8,200019,0,0,0,0,6,0,1,1,164,150,1,0,1,20002,2025/12/06 12:00:00,2025/12/12 4:59:59
2004720,8,200019,0,0,0,0,9,0,1,1,164,150,1,0,1,20002,2025/12/06 12:00:00,2025/12/12 4:59:59
2004721,8,200019,0,0,0,0,12,0,1,1,164,149,1,0,1,20002,2025/12/06 12:00:00,2025/12/12 4:59:59
2004801,5,200019,1203701,0,0,0,1,0,1,1,91,59,20000,0,1,20002,2026/01/05 12:00:00,2026/01/06 4:59:59
2004802,5,200019,1203701,0,0,0,2,0,1,1,91,59,20000,0,1,20002,2026/01/05 12:00:00,2026/01/06 4:59:59
2004803,5,200019,1203701,0,0,0,3,0,1,1,102,100402,2,0,1,20002,2026/01/05 12:00:00,2026/01/06 4:59:59
2004804,5,200019,1203701,0,0,0,1,0,1,1,91,59,20000,0,1,20002,2026/01/06 5:00:00,2026/01/07 4:59:59
2004805,5,200019,1203701,0,0,0,2,0,1,1,91,59,20000,0,1,20002,2026/01/06 5:00:00,2026/01/07 4:59:59
2004806,5,200019,1203701,0,0,0,3,0,1,1,102,100402,2,0,1,20002,2026/01/06 5:00:00,2026/01/07 4:59:59
2004807,5,200019,1203701,0,0,0,1,0,1,1,91,59,20000,0,1,20002,2026/01/07 5:00:00,2026/01/08 4:59:59
2004808,5,200019,1203701,0,0,0,2,0,1,1,91,59,20000,0,1,20002,2026/01/07 5:00:00,2026/01/08 4:59:59
2004809,5,200019,1203701,0,0,0,3,0,1,1,102,100402,2,0,1,20002,2026/01/07 5:00:00,2026/01/08 4:59:59
2004810,5,200019,1203702,0,0,0,1,0,1,1,91,59,20000,0,1,20002,2026/01/08 5:00:00,2026/01/09 4:59:59
2004811,5,200019,1203702,0,0,0,2,0,1,1,91,59,20000,0,1,20002,2026/01/08 5:00:00,2026/01/09 4:59:59
2004812,5,200019,1203702,0,0,0,3,0,1,1,102,112401,2,0,1,20002,2026/01/08 5:00:00,2026/01/09 4:59:59
2004813,5,200019,1203702,0,0,0,1,0,1,1,91,59,20000,0,1,20002,2026/01/09 5:00:00,2026/01/10 4:59:59
2004814,5,200019,1203702,0,0,0,2,0,1,1,91,59,20000,0,1,20002,2026/01/09 5:00:00,2026/01/10 4:59:59
2004815,5,200019,1203702,0,0,0,3,0,1,1,102,112401,2,0,1,20002,2026/01/09 5:00:00,2026/01/10 4:59:59
2004816,5,200019,1203702,0,0,0,1,0,1,1,91,59,20000,0,1,20002,2026/01/10 5:00:00,2026/01/11 4:59:59
2004817,5,200019,1203702,0,0,0,2,0,1,1,91,59,20000,0,1,20002,2026/01/10 5:00:00,2026/01/11 4:59:59
2004818,5,200019,1203702,0,0,0,3,0,1,1,102,112401,2,0,1,20002,2026/01/10 5:00:00,2026/01/11 4:59:59
2004819,8,200019,0,0,0,0,6,0,1,1,164,150,1,0,1,20002,2026/01/05 12:00:00,2026/01/11 4:59:59
2004820,8,200019,0,0,0,0,9,0,1,1,164,150,1,0,1,20002,2026/01/05 12:00:00,2026/01/11 4:59:59
2004821,8,200019,0,0,0,0,12,0,1,1,164,149,1,0,1,20002,2026/01/05 12:00:00,2026/01/11 4:59:59
2004901,5,200019,1203801,0,0,0,1,0,1,1,91,59,20000,0,1,20002,2026/02/08 12:00:00,2026/02/09 4:59:59
2004902,5,200019,1203801,0,0,0,2,0,1,1,91,59,20000,0,1,20002,2026/02/08 12:00:00,2026/02/09 4:59:59
2004903,5,200019,1203801,0,0,0,3,0,1,1,102,104301,2,0,1,20002,2026/02/08 12:00:00,2026/02/09 4:59:59
2004904,5,200019,1203801,0,0,0,1,0,1,1,91,59,20000,0,1,20002,2026/02/09 5:00:00,2026/02/10 4:59:59
2004905,5,200019,1203801,0,0,0,2,0,1,1,91,59,20000,0,1,20002,2026/02/09 5:00:00,2026/02/10 4:59:59
2004906,5,200019,1203801,0,0,0,3,0,1,1,102,104301,2,0,1,20002,2026/02/09 5:00:00,2026/02/10 4:59:59
2004907,5,200019,1203801,0,0,0,1,0,1,1,91,59,20000,0,1,20002,2026/02/10 5:00:00,2026/02/11 4:59:59
2004908,5,200019,1203801,0,0,0,2,0,1,1,91,59,20000,0,1,20002,2026/02/10 5:00:00,2026/02/11 4:59:59
2004909,5,200019,1203801,0,0,0,3,0,1,1,102,104301,2,0,1,20002,2026/02/10 5:00:00,2026/02/11 4:59:59
2004910,5,200019,1203802,0,0,0,1,0,1,1,91,59,20000,0,1,20002,2026/02/11 5:00:00,2026/02/12 4:59:59
2004911,5,200019,1203802,0,0,0,2,0,1,1,91,59,20000,0,1,20002,2026/02/11 5:00:00,2026/02/12 4:59:59
2004912,5,200019,1203802,0,0,0,3,0,1,1,102,108001,2,0,1,20002,2026/02/11 5:00:00,2026/02/12 4:59:59
2004913,5,200019,1203802,0,0,0,1,0,1,1,91,59,20000,0,1,20002,2026/02/12 5:00:00,2026/02/13 4:59:59
2004914,5,200019,1203802,0,0,0,2,0,1,1,91,59,20000,0,1,20002,2026/02/12 5:00:00,2026/02/13 4:59:59
2004915,5,200019,1203802,0,0,0,3,0,1,1,102,108001,2,0,1,20002,2026/02/12 5:00:00,2026/02/13 4:59:59
2004916,5,200019,1203802,0,0,0,1,0,1,1,91,59,20000,0,1,20002,2026/02/13 5:00:00,2026/02/14 4:59:59
2004917,5,200019,1203802,0,0,0,2,0,1,1,91,59,20000,0,1,20002,2026/02/13 5:00:00,2026/02/14 4:59:59
2004918,5,200019,1203802,0,0,0,3,0,1,1,102,108001,2,0,1,20002,2026/02/13 5:00:00,2026/02/14 4:59:59
2004919,8,200019,0,0,0,0,6,0,1,1,164,150,1,0,1,20002,2026/02/08 12:00:00,2026/02/14 4:59:59
2004920,8,200019,0,0,0,0,9,0,1,1,164,150,1,0,1,20002,2026/02/08 12:00:00,2026/02/14 4:59:59
2004921,8,200019,0,0,0,0,12,0,1,1,164,149,1,0,1,20002,2026/02/08 12:00:00,2026/02/14 4:59:59
2005001,5,200019,1203901,0,0,0,1,0,1,1,91,59,20000,0,1,20002,2026/03/06 12:00:00,2026/03/07 4:59:59
2005002,5,200019,1203901,0,0,0,2,0,1,1,91,59,20000,0,1,20002,2026/03/06 12:00:00,2026/03/07 4:59:59
2005003,5,200019,1203901,0,0,0,3,0,1,1,102,103402,2,0,1,20002,2026/03/06 12:00:00,2026/03/07 4:59:59
2005004,5,200019,1203901,0,0,0,1,0,1,1,91,59,20000,0,1,20002,2026/03/07 5:00:00,2026/03/08 4:59:59
2005005,5,200019,1203901,0,0,0,2,0,1,1,91,59,20000,0,1,20002,2026/03/07 5:00:00,2026/03/08 4:59:59
2005006,5,200019,1203901,0,0,0,3,0,1,1,102,103402,2,0,1,20002,2026/03/07 5:00:00,2026/03/08 4:59:59
2005007,5,200019,1203901,0,0,0,1,0,1,1,91,59,20000,0,1,20002,2026/03/08 5:00:00,2026/03/09 4:59:59
2005008,5,200019,1203901,0,0,0,2,0,1,1,91,59,20000,0,1,20002,2026/03/08 5:00:00,2026/03/09 4:59:59
2005009,5,200019,1203901,0,0,0,3,0,1,1,102,103402,2,0,1,20002,2026/03/08 5:00:00,2026/03/09 4:59:59
2005010,5,200019,1203902,0,0,0,1,0,1,1,91,59,20000,0,1,20002,2026/03/09 5:00:00,2026/03/10 4:59:59
2005011,5,200019,1203902,0,0,0,2,0,1,1,91,59,20000,0,1,20002,2026/03/09 5:00:00,2026/03/10 4:59:59
2005012,5,200019,1203902,0,0,0,3,0,1,1,102,102302,2,0,1,20002,2026/03/09 5:00:00,2026/03/10 4:59:59
2005013,5,200019,1203902,0,0,0,1,0,1,1,91,59,20000,0,1,20002,2026/03/10 5:00:00,2026/03/11 4:59:59
2005014,5,200019,1203902,0,0,0,2,0,1,1,91,59,20000,0,1,20002,2026/03/10 5:00:00,2026/03/11 4:59:59
2005015,5,200019,1203902,0,0,0,3,0,1,1,102,102302,2,0,1,20002,2026/03/10 5:00:00,2026/03/11 4:59:59
2005016,5,200019,1203902,0,0,0,1,0,1,1,91,59,20000,0,1,20002,2026/03/11 5:00:00,2026/03/12 4:59:59
2005017,5,200019,1203902,0,0,0,2,0,1,1,91,59,20000,0,1,20002,2026/03/11 5:00:00,2026/03/12 4:59:59
2005018,5,200019,1203902,0,0,0,3,0,1,1,102,102302,2,0,1,20002,2026/03/11 5:00:00,2026/03/12 4:59:59
2005019,8,200019,0,0,0,0,6,0,1,1,164,150,1,0,1,20002,2026/03/06 12:00:00,2026/03/12 4:59:59
2005020,8,200019,0,0,0,0,9,0,1,1,164,150,1,0,1,20002,2026/03/06 12:00:00,2026/03/12 4:59:59
2005021,8,200019,0,0,0,0,12,0,1,1,164,149,1,0,1,20002,2026/03/06 12:00:00,2026/03/12 4:59:59
2005101,5,200019,1204101,0,0,0,1,0,1,1,11,319,10,0,1,20002,2026/04/05 12:00:00,2026/04/06 4:59:59
2005102,5,200019,1204101,0,0,0,2,0,1,1,91,59,40000,0,1,20002,2026/04/05 12:00:00,2026/04/06 4:59:59
2005103,5,200019,1204101,0,0,0,3,0,1,1,102,105002,2,0,1,20002,2026/04/05 12:00:00,2026/04/06 4:59:59
2005104,5,200019,1204101,0,0,0,1,0,1,1,11,319,10,0,1,20002,2026/04/06 5:00:00,2026/04/07 4:59:59
2005105,5,200019,1204101,0,0,0,2,0,1,1,91,59,40000,0,1,20002,2026/04/06 5:00:00,2026/04/07 4:59:59
2005106,5,200019,1204101,0,0,0,3,0,1,1,102,105002,2,0,1,20002,2026/04/06 5:00:00,2026/04/07 4:59:59
2005107,5,200019,1204101,0,0,0,1,0,1,1,11,319,10,0,1,20002,2026/04/07 5:00:00,2026/04/08 4:59:59
2005108,5,200019,1204101,0,0,0,2,0,1,1,91,59,40000,0,1,20002,2026/04/07 5:00:00,2026/04/08 4:59:59
2005109,5,200019,1204101,0,0,0,3,0,1,1,102,105002,2,0,1,20002,2026/04/07 5:00:00,2026/04/08 4:59:59
2005110,5,200019,1204102,0,0,0,1,0,1,1,11,319,10,0,1,20002,2026/04/08 5:00:00,2026/04/09 4:59:59
2005111,5,200019,1204102,0,0,0,2,0,1,1,91,59,40000,0,1,20002,2026/04/08 5:00:00,2026/04/09 4:59:59
2005112,5,200019,1204102,0,0,0,3,0,1,1,102,110801,2,0,1,20002,2026/04/08 5:00:00,2026/04/09 4:59:59
2005113,5,200019,1204102,0,0,0,1,0,1,1,11,319,10,0,1,20002,2026/04/09 5:00:00,2026/04/10 4:59:59
2005114,5,200019,1204102,0,0,0,2,0,1,1,91,59,40000,0,1,20002,2026/04/09 5:00:00,2026/04/10 4:59:59
2005115,5,200019,1204102,0,0,0,3,0,1,1,102,110801,2,0,1,20002,2026/04/09 5:00:00,2026/04/10 4:59:59
2005116,5,200019,1204102,0,0,0,1,0,1,1,11,319,10,0,1,20002,2026/04/10 5:00:00,2026/04/11 4:59:59
2005117,5,200019,1204102,0,0,0,2,0,1,1,91,59,40000,0,1,20002,2026/04/10 5:00:00,2026/04/11 4:59:59
2005118,5,200019,1204102,0,0,0,3,0,1,1,102,110801,2,0,1,20002,2026/04/10 5:00:00,2026/04/11 4:59:59
2005119,8,200019,0,0,0,0,6,0,1,1,164,150,1,0,1,20002,2026/04/05 12:00:00,2026/04/11 4:59:59
2005120,8,200019,0,0,0,0,9,0,1,1,164,150,1,0,1,20002,2026/04/05 12:00:00,2026/04/11 4:59:59
2005121,8,200019,0,0,0,0,12,0,1,1,164,149,1,0,1,20002,2026/04/05 12:00:00,2026/04/11 4:59:59
2005201,5,200019,1204201,0,0,0,1,0,1,1,11,319,10,0,1,20002,2026/05/06 12:00:00,2026/05/07 4:59:59
2005202,5,200019,1204201,0,0,0,2,0,1,1,91,59,40000,0,1,20002,2026/05/06 12:00:00,2026/05/07 4:59:59
2005203,5,200019,1204201,0,0,0,3,0,1,1,102,103502,2,0,1,20002,2026/05/06 12:00:00,2026/05/07 4:59:59
2005204,5,200019,1204201,0,0,0,1,0,1,1,11,319,10,0,1,20002,2026/05/07 5:00:00,2026/05/08 4:59:59
2005205,5,200019,1204201,0,0,0,2,0,1,1,91,59,40000,0,1,20002,2026/05/07 5:00:00,2026/05/08 4:59:59
2005206,5,200019,1204201,0,0,0,3,0,1,1,102,103502,2,0,1,20002,2026/05/07 5:00:00,2026/05/08 4:59:59
2005207,5,200019,1204201,0,0,0,1,0,1,1,11,319,10,0,1,20002,2026/05/08 5:00:00,2026/05/09 4:59:59
2005208,5,200019,1204201,0,0,0,2,0,1,1,91,59,40000,0,1,20002,2026/05/08 5:00:00,2026/05/09 4:59:59
2005209,5,200019,1204201,0,0,0,3,0,1,1,102,103502,2,0,1,20002,2026/05/08 5:00:00,2026/05/09 4:59:59
2005210,5,200019,1204202,0,0,0,1,0,1,1,11,319,10,0,1,20002,2026/05/09 5:00:00,2026/05/10 4:59:59
2005211,5,200019,1204202,0,0,0,2,0,1,1,91,59,40000,0,1,20002,2026/05/09 5:00:00,2026/05/10 4:59:59
2005212,5,200019,1204202,0,0,0,3,0,1,1,102,108401,2,0,1,20002,2026/05/09 5:00:00,2026/05/10 4:59:59
2005213,5,200019,1204202,0,0,0,1,0,1,1,11,319,10,0,1,20002,2026/05/10 5:00:00,2026/05/11 4:59:59
2005214,5,200019,1204202,0,0,0,2,0,1,1,91,59,40000,0,1,20002,2026/05/10 5:00:00,2026/05/11 4:59:59
2005215,5,200019,1204202,0,0,0,3,0,1,1,102,108401,2,0,1,20002,2026/05/10 5:00:00,2026/05/11 4:59:59
2005216,5,200019,1204202,0,0,0,1,0,1,1,11,319,10,0,1,20002,2026/05/11 5:00:00,2026/05/12 4:59:59
2005217,5,200019,1204202,0,0,0,2,0,1,1,91,59,40000,0,1,20002,2026/05/11 5:00:00,2026/05/12 4:59:59
2005218,5,200019,1204202,0,0,0,3,0,1,1,102,108401,2,0,1,20002,2026/05/11 5:00:00,2026/05/12 4:59:59
2005219,8,200019,0,0,0,0,6,0,1,1,164,150,1,0,1,20002,2026/05/06 12:00:00,2026/05/12 4:59:59
2005220,8,200019,0,0,0,0,9,0,1,1,164,150,1,0,1,20002,2026/05/06 12:00:00,2026/05/12 4:59:59
2005221,8,200019,0,0,0,0,12,0,1,1,164,149,1,0,1,20002,2026/05/06 12:00:00,2026/05/12 4:59:59
2005301,5,200019,1204301,0,0,0,1,0,1,1,11,319,10,0,1,20002,2026/06/10 12:00:00,2026/06/11 4:59:59
2005302,5,200019,1204301,0,0,0,2,0,1,1,91,59,40000,0,1,20002,2026/06/10 12:00:00,2026/06/11 4:59:59
2005303,5,200019,1204301,0,0,0,3,0,1,1,102,102702,2,0,1,20002,2026/06/10 12:00:00,2026/06/11 4:59:59
2005304,5,200019,1204301,0,0,0,1,0,1,1,11,319,10,0,1,20002,2026/06/11 5:00:00,2026/06/12 4:59:59
2005305,5,200019,1204301,0,0,0,2,0,1,1,91,59,40000,0,1,20002,2026/06/11 5:00:00,2026/06/12 4:59:59
2005306,5,200019,1204301,0,0,0,3,0,1,1,102,102702,2,0,1,20002,2026/06/11 5:00:00,2026/06/12 4:59:59
2005307,5,200019,1204301,0,0,0,1,0,1,1,11,319,10,0,1,20002,2026/06/12 5:00:00,2026/06/13 4:59:59
2005308,5,200019,1204301,0,0,0,2,0,1,1,91,59,40000,0,1,20002,2026/06/12 5:00:00,2026/06/13 4:59:59
2005309,5,200019,1204301,0,0,0,3,0,1,1,102,102702,2,0,1,20002,2026/06/12 5:00:00,2026/06/13 4:59:59
2005310,5,200019,1204302,0,0,0,1,0,1,1,11,319,10,0,1,20002,2026/06/13 5:00:00,2026/06/14 4:59:59
2005311,5,200019,1204302,0,0,0,2,0,1,1,91,59,40000,0,1,20002,2026/06/13 5:00:00,2026/06/14 4:59:59
2005312,5,200019,1204302,0,0,0,3,0,1,1,102,108801,2,0,1,20002,2026/06/13 5:00:00,2026/06/14 4:59:59
2005313,5,200019,1204302,0,0,0,1,0,1,1,11,319,10,0,1,20002,2026/06/14 5:00:00,2026/06/15 4:59:59
2005314,5,200019,1204302,0,0,0,2,0,1,1,91,59,40000,0,1,20002,2026/06/14 5:00:00,2026/06/15 4:59:59
2005315,5,200019,1204302,0,0,0,3,0,1,1,102,108801,2,0,1,20002,2026/06/14 5:00:00,2026/06/15 4:59:59
2005316,5,200019,1204302,0,0,0,1,0,1,1,11,319,10,0,1,20002,2026/06/15 5:00:00,2026/06/16 4:59:59
2005317,5,200019,1204302,0,0,0,2,0,1,1,91,59,40000,0,1,20002,2026/06/15 5:00:00,2026/06/16 4:59:59
2005318,5,200019,1204302,0,0,0,3,0,1,1,102,108801,2,0,1,20002,2026/06/15 5:00:00,2026/06/16 4:59:59
2005319,8,200019,0,0,0,0,6,0,1,1,164,150,1,0,1,20002,2026/06/10 12:00:00,2026/06/16 4:59:59
2005320,8,200019,0,0,0,0,9,0,1,1,164,150,1,0,1,20002,2026/06/10 12:00:00,2026/06/16 4:59:59
2005321,8,200019,0,0,0,0,12,0,1,1,164,149,1,0,1,20002,2026/06/10 12:00:00,2026/06/16 4:59:59
2005401,5,200019,1204401,0,0,0,1,0,1,1,11,319,10,0,1,20002,2026/07/05 12:00:00,2026/07/06 4:59:59
2005402,5,200019,1204401,0,0,0,2,0,1,1,91,59,40000,0,1,20002,2026/07/05 12:00:00,2026/07/06 4:59:59
2005403,5,200019,1204401,0,0,0,3,0,1,1,102,109901,2,0,1,20002,2026/07/05 12:00:00,2026/07/06 4:59:59
2005404,5,200019,1204401,0,0,0,1,0,1,1,11,319,10,0,1,20002,2026/07/06 5:00:00,2026/07/07 4:59:59
2005405,5,200019,1204401,0,0,0,2,0,1,1,91,59,40000,0,1,20002,2026/07/06 5:00:00,2026/07/07 4:59:59
2005406,5,200019,1204401,0,0,0,3,0,1,1,102,109901,2,0,1,20002,2026/07/06 5:00:00,2026/07/07 4:59:59
2005407,5,200019,1204401,0,0,0,1,0,1,1,11,319,10,0,1,20002,2026/07/07 5:00:00,2026/07/08 4:59:59
2005408,5,200019,1204401,0,0,0,2,0,1,1,91,59,40000,0,1,20002,2026/07/07 5:00:00,2026/07/08 4:59:59
2005409,5,200019,1204401,0,0,0,3,0,1,1,102,109901,2,0,1,20002,2026/07/07 5:00:00,2026/07/08 4:59:59
2005410,5,200019,1204402,0,0,0,1,0,1,1,11,319,10,0,1,20002,2026/07/08 5:00:00,2026/07/09 4:59:59
2005411,5,200019,1204402,0,0,0,2,0,1,1,91,59,40000,0,1,20002,2026/07/08 5:00:00,2026/07/09 4:59:59
2005412,5,200019,1204402,0,0,0,3,0,1,1,102,109802,2,0,1,20002,2026/07/08 5:00:00,2026/07/09 4:59:59
2005413,5,200019,1204402,0,0,0,1,0,1,1,11,319,10,0,1,20002,2026/07/09 5:00:00,2026/07/10 4:59:59
2005414,5,200019,1204402,0,0,0,2,0,1,1,91,59,40000,0,1,20002,2026/07/09 5:00:00,2026/07/10 4:59:59
2005415,5,200019,1204402,0,0,0,3,0,1,1,102,109802,2,0,1,20002,2026/07/09 5:00:00,2026/07/10 4:59:59
2005416,5,200019,1204402,0,0,0,1,0,1,1,11,319,10,0,1,20002,2026/07/10 5:00:00,2026/07/11 4:59:59
2005417,5,200019,1204402,0,0,0,2,0,1,1,91,59,40000,0,1,20002,2026/07/10 5:00:00,2026/07/11 4:59:59
2005418,5,200019,1204402,0,0,0,3,0,1,1,102,109802,2,0,1,20002,2026/07/10 5:00:00,2026/07/11 4:59:59
2005419,8,200019,0,0,0,0,6,0,1,1,164,150,1,0,1,20002,2026/07/05 12:00:00,2026/07/11 4:59:59
2005420,8,200019,0,0,0,0,9,0,1,1,164,150,1,0,1,20002,2026/07/05 12:00:00,2026/07/11 4:59:59
2005421,8,200019,0,0,0,0,12,0,1,1,164,149,1,0,1,20002,2026/07/05 12:00:00,2026/07/11 4:59:59
2100010,7,200012,1,0,0,0,1,0,1,1,163,137,2,0,1,0,2021/05/14 12:00:00,2021/05/15 11:59:59
2100011,7,200012,1,0,0,0,1,0,1,1,163,137,2,0,1,0,2021/05/15 12:00:00,2021/05/16 11:59:59
2100012,7,200012,1,0,0,0,1,0,1,1,163,137,2,0,1,0,2021/05/16 12:00:00,2021/05/17 11:59:59
2100013,7,200012,1,0,0,0,1,0,1,1,163,137,2,0,1,0,2021/05/17 12:00:00,2021/05/18 11:59:59
2100014,7,200012,2,0,0,0,1,0,1,1,163,138,2,0,1,0,2021/06/14 12:00:00,2021/06/15 11:59:59
2100015,7,200012,2,0,0,0,1,0,1,1,163,138,2,0,1,0,2021/06/15 12:00:00,2021/06/16 11:59:59
2100016,7,200012,2,0,0,0,1,0,1,1,163,138,2,0,1,0,2021/06/16 12:00:00,2021/06/17 11:59:59
2100017,7,200012,2,0,0,0,1,0,1,1,163,138,2,0,1,0,2021/06/17 12:00:00,2021/06/18 11:59:59
2100018,7,200012,3,0,0,0,1,0,1,1,163,139,2,0,1,0,2021/07/23 12:00:00,2021/07/24 11:59:59
2100019,7,200012,3,0,0,0,1,0,1,1,163,139,2,0,1,0,2021/07/24 12:00:00,2021/07/25 11:59:59
2100020,7,200012,3,0,0,0,1,0,1,1,163,139,2,0,1,0,2021/07/25 12:00:00,2021/07/26 11:59:59
2100021,7,200012,3,0,0,0,1,0,1,1,163,139,2,0,1,0,2021/07/26 12:00:00,2021/07/27 11:59:59
2100022,7,200012,4,0,0,0,1,0,1,1,163,142,2,0,1,0,2021/08/24 12:00:00,2021/08/25 11:59:59
2100023,7,200012,4,0,0,0,1,0,1,1,163,142,2,0,1,0,2021/08/25 12:00:00,2021/08/26 11:59:59
2100024,7,200012,4,0,0,0,1,0,1,1,163,142,2,0,1,0,2021/08/26 12:00:00,2021/08/27 11:59:59
2100025,7,200012,4,0,0,0,1,0,1,1,163,142,2,0,1,0,2021/08/27 12:00:00,2021/08/28 11:59:59
2100026,7,200012,5,0,0,0,1,0,1,1,163,143,2,0,1,0,2021/09/21 12:00:00,2021/09/22 11:59:59
2100027,7,200012,5,0,0,0,1,0,1,1,163,143,2,0,1,0,2021/09/22 12:00:00,2021/09/23 11:59:59
2100028,7,200012,5,0,0,0,1,0,1,1,163,143,2,0,1,0,2021/09/23 12:00:00,2021/09/24 11:59:59
2100029,7,200012,5,0,0,0,1,0,1,1,163,143,2,0,1,0,2021/09/24 12:00:00,2021/09/25 11:59:59
2100030,7,200012,6,0,0,0,1,0,1,1,163,147,2,0,1,0,2021/10/22 12:00:00,2021/10/23 11:59:59
2100031,7,200012,6,0,0,0,1,0,1,1,163,147,2,0,1,0,2021/10/23 12:00:00,2021/10/24 11:59:59
2100032,7,200012,6,0,0,0,1,0,1,1,163,147,2,0,1,0,2021/10/24 12:00:00,2021/10/25 11:59:59
2100033,7,200012,6,0,0,0,1,0,1,1,163,147,2,0,1,0,2021/10/25 12:00:00,2021/10/26 11:59:59
2100034,7,200012,7,0,0,0,1,0,1,1,163,148,2,0,1,0,2021/11/23 12:00:00,2021/11/24 11:59:59
2100035,7,200012,7,0,0,0,1,0,1,1,163,148,2,0,1,0,2021/11/24 12:00:00,2021/11/25 11:59:59
2100036,7,200012,7,0,0,0,1,0,1,1,163,148,2,0,1,0,2021/11/25 12:00:00,2021/11/26 11:59:59
2100037,7,200012,7,0,0,0,1,0,1,1,163,148,2,0,1,0,2021/11/26 12:00:00,2021/11/27 11:59:59
2100038,7,200012,8,0,0,0,1,0,1,1,163,151,2,0,1,0,2021/12/21 12:00:00,2021/12/22 11:59:59
2100039,7,200012,8,0,0,0,1,0,1,1,163,151,2,0,1,0,2021/12/22 12:00:00,2021/12/23 11:59:59
2100040,7,200012,8,0,0,0,1,0,1,1,163,151,2,0,1,0,2021/12/23 12:00:00,2021/12/24 11:59:59
2100041,7,200012,8,0,0,0,1,0,1,1,163,151,2,0,1,0,2021/12/24 12:00:00,2021/12/25 11:59:59
2100042,7,200012,9,0,0,0,1,0,1,1,163,157,2,0,1,0,2022/01/22 12:00:00,2022/01/23 11:59:59
2100043,7,200012,9,0,0,0,1,0,1,1,163,157,2,0,1,0,2022/01/23 12:00:00,2022/01/24 11:59:59
2100044,7,200012,9,0,0,0,1,0,1,1,163,157,2,0,1,0,2022/01/24 12:00:00,2022/01/25 11:59:59
2100045,7,200012,9,0,0,0,1,0,1,1,163,157,2,0,1,0,2022/01/25 12:00:00,2022/01/26 11:59:59
2100046,7,200012,10,0,0,0,1,0,1,1,163,166,2,0,1,0,2022/02/18 12:00:00,2022/02/19 11:59:59
2100047,7,200012,10,0,0,0,1,0,1,1,163,166,2,0,1,0,2022/02/19 12:00:00,2022/02/20 11:59:59
2100048,7,200012,10,0,0,0,1,0,1,1,163,166,2,0,1,0,2022/02/20 12:00:00,2022/02/21 11:59:59
2100049,7,200012,10,0,0,0,1,0,1,1,163,166,2,0,1,0,2022/02/21 12:00:00,2022/02/22 11:59:59
2100050,7,200012,11,0,0,0,1,0,1,1,163,167,2,0,1,0,2022/03/22 12:00:00,2022/03/23 11:59:59
2100051,7,200012,11,0,0,0,1,0,1,1,163,167,2,0,1,0,2022/03/23 12:00:00,2022/03/24 11:59:59
2100052,7,200012,11,0,0,0,1,0,1,1,163,167,2,0,1,0,2022/03/24 12:00:00,2022/03/25 11:59:59
2100053,7,200012,11,0,0,0,1,0,1,1,163,167,2,0,1,0,2022/03/25 12:00:00,2022/03/26 11:59:59
2100054,7,200012,12,0,0,0,1,0,1,1,163,169,2,0,1,0,2022/04/22 12:00:00,2022/04/23 11:59:59
2100055,7,200012,12,0,0,0,1,0,1,1,163,169,2,0,1,0,2022/04/23 12:00:00,2022/04/24 11:59:59
2100056,7,200012,12,0,0,0,1,0,1,1,163,169,2,0,1,0,2022/04/24 12:00:00,2022/04/25 11:59:59
2100057,7,200012,12,0,0,0,1,0,1,1,163,169,2,0,1,0,2022/04/25 12:00:00,2022/04/26 11:59:59
2100058,7,200012,13,0,0,0,1,0,1,1,163,171,2,0,1,0,2022/05/24 12:00:00,2022/05/25 11:59:59
2100059,7,200012,13,0,0,0,1,0,1,1,163,171,2,0,1,0,2022/05/25 12:00:00,2022/05/26 11:59:59
2100060,7,200012,13,0,0,0,1,0,1,1,163,171,2,0,1,0,2022/05/26 12:00:00,2022/05/27 11:59:59
2100061,7,200012,13,0,0,0,1,0,1,1,163,171,2,0,1,0,2022/05/27 12:00:00,2022/05/28 11:59:59
2100062,7,200012,14,0,0,0,1,0,1,1,163,172,2,0,1,0,2022/06/14 12:00:00,2022/06/15 11:59:59
2100063,7,200012,14,0,0,0,1,0,1,1,163,172,2,0,1,0,2022/06/15 12:00:00,2022/06/16 11:59:59
2100064,7,200012,14,0,0,0,1,0,1,1,163,172,2,0,1,0,2022/06/16 12:00:00,2022/06/17 11:59:59
2100065,7,200012,14,0,0,0,1,0,1,1,163,172,2,0,1,0,2022/06/17 12:00:00,2022/06/18 11:59:59
2100066,7,200012,15,0,0,0,1,0,1,1,163,173,2,0,1,0,2022/07/14 12:00:00,2022/07/15 11:59:59
2100067,7,200012,15,0,0,0,1,0,1,1,163,173,2,0,1,0,2022/07/15 12:00:00,2022/07/16 11:59:59
2100068,7,200012,15,0,0,0,1,0,1,1,163,173,2,0,1,0,2022/07/16 12:00:00,2022/07/17 11:59:59
2100069,7,200012,15,0,0,0,1,0,1,1,163,173,2,0,1,0,2022/07/17 12:00:00,2022/07/18 11:59:59
2100070,7,200012,16,0,0,0,1,0,1,1,163,180,2,0,1,0,2022/08/13 12:00:00,2022/08/14 11:59:59
2100071,7,200012,16,0,0,0,1,0,1,1,163,180,2,0,1,0,2022/08/14 12:00:00,2022/08/15 11:59:59
2100072,7,200012,16,0,0,0,1,0,1,1,163,180,2,0,1,0,2022/08/15 12:00:00,2022/08/16 11:59:59
2100073,7,200012,16,0,0,0,1,0,1,1,163,180,2,0,1,0,2022/08/16 12:00:00,2022/08/17 11:59:59
2100074,7,200012,17,0,0,0,1,0,1,1,163,181,2,0,1,0,2022/09/15 12:00:00,2022/09/16 11:59:59
2100075,7,200012,17,0,0,0,1,0,1,1,163,181,2,0,1,0,2022/09/16 12:00:00,2022/09/17 11:59:59
2100076,7,200012,17,0,0,0,1,0,1,1,163,181,2,0,1,0,2022/09/17 12:00:00,2022/09/18 11:59:59
2100077,7,200012,17,0,0,0,1,0,1,1,163,181,2,0,1,0,2022/09/18 12:00:00,2022/09/19 11:59:59
2100078,7,200012,18,0,0,0,1,0,1,1,163,182,2,0,1,0,2022/10/14 12:00:00,2022/10/15 11:59:59
2100079,7,200012,18,0,0,0,1,0,1,1,163,182,2,0,1,0,2022/10/15 12:00:00,2022/10/16 11:59:59
2100080,7,200012,18,0,0,0,1,0,1,1,163,182,2,0,1,0,2022/10/16 12:00:00,2022/10/17 11:59:59
2100081,7,200012,18,0,0,0,1,0,1,1,163,182,2,0,1,0,2022/10/17 12:00:00,2022/10/18 11:59:59
2100082,7,200012,19,0,0,0,1,0,1,1,163,183,2,0,1,0,2022/11/13 12:00:00,2022/11/14 11:59:59
2100083,7,200012,19,0,0,0,1,0,1,1,163,183,2,0,1,0,2022/11/14 12:00:00,2022/11/15 11:59:59
2100084,7,200012,19,0,0,0,1,0,1,1,163,183,2,0,1,0,2022/11/15 12:00:00,2022/11/16 11:59:59
2100085,7,200012,19,0,0,0,1,0,1,1,163,183,2,0,1,0,2022/11/16 12:00:00,2022/11/17 11:59:59
2100086,7,200012,20,0,0,0,1,0,1,1,163,184,2,0,1,0,2022/12/15 12:00:00,2022/12/16 11:59:59
2100087,7,200012,20,0,0,0,1,0,1,1,163,184,2,0,1,0,2022/12/16 12:00:00,2022/12/17 11:59:59
2100088,7,200012,20,0,0,0,1,0,1,1,163,184,2,0,1,0,2022/12/17 12:00:00,2022/12/18 11:59:59
2100089,7,200012,20,0,0,0,1,0,1,1,163,184,2,0,1,0,2022/12/18 12:00:00,2022/12/19 11:59:59
2100090,7,200012,21,0,0,0,1,0,1,1,163,185,2,0,1,0,2023/01/14 12:00:00,2023/01/15 11:59:59
2100091,7,200012,21,0,0,0,1,0,1,1,163,185,2,0,1,0,2023/01/15 12:00:00,2023/01/16 11:59:59
2100092,7,200012,21,0,0,0,1,0,1,1,163,185,2,0,1,0,2023/01/16 12:00:00,2023/01/17 11:59:59
2100093,7,200012,21,0,0,0,1,0,1,1,163,185,2,0,1,0,2023/01/17 12:00:00,2023/01/18 11:59:59
2100094,7,200012,22,0,0,0,1,0,1,1,163,186,2,0,1,0,2023/02/17 12:00:00,2023/02/18 11:59:59
2100095,7,200012,22,0,0,0,1,0,1,1,163,186,2,0,1,0,2023/02/18 12:00:00,2023/02/19 11:59:59
2100096,7,200012,22,0,0,0,1,0,1,1,163,186,2,0,1,0,2023/02/19 12:00:00,2023/02/20 11:59:59
2100097,7,200012,22,0,0,0,1,0,1,1,163,186,2,0,1,0,2023/02/20 12:00:00,2023/02/21 11:59:59
2100098,7,200012,23,0,0,0,1,0,1,1,163,187,2,0,1,0,2023/03/14 12:00:00,2023/03/15 11:59:59
2100099,7,200012,23,0,0,0,1,0,1,1,163,187,2,0,1,0,2023/03/15 12:00:00,2023/03/16 11:59:59
2100100,7,200012,23,0,0,0,1,0,1,1,163,187,2,0,1,0,2023/03/16 12:00:00,2023/03/17 11:59:59
2100101,7,200012,23,0,0,0,1,0,1,1,163,187,2,0,1,0,2023/03/17 12:00:00,2023/03/18 11:59:59
2100102,7,200012,24,0,0,0,1,0,1,1,163,188,2,0,1,0,2023/04/13 12:00:00,2023/04/14 11:59:59
2100103,7,200012,24,0,0,0,1,0,1,1,163,188,2,0,1,0,2023/04/14 12:00:00,2023/04/15 11:59:59
2100104,7,200012,24,0,0,0,1,0,1,1,163,188,2,0,1,0,2023/04/15 12:00:00,2023/04/16 11:59:59
2100105,7,200012,24,0,0,0,1,0,1,1,163,188,2,0,1,0,2023/04/16 12:00:00,2023/04/17 11:59:59
2100106,7,200012,25,0,0,0,1,0,1,1,163,198,2,0,1,0,2023/06/13 12:00:00,2023/06/14 11:59:59
2100107,7,200012,25,0,0,0,1,0,1,1,163,198,2,0,1,0,2023/06/14 12:00:00,2023/06/15 11:59:59
2100108,7,200012,25,0,0,0,1,0,1,1,163,198,2,0,1,0,2023/06/15 12:00:00,2023/06/16 11:59:59
2100109,7,200012,25,0,0,0,1,0,1,1,163,198,2,0,1,0,2023/06/16 12:00:00,2023/06/17 11:59:59
2100110,7,200012,26,0,0,0,1,0,1,1,163,199,2,0,1,0,2023/08/18 12:00:00,2023/08/19 11:59:59
2100111,7,200012,26,0,0,0,1,0,1,1,163,199,2,0,1,0,2023/08/19 12:00:00,2023/08/20 11:59:59
2100112,7,200012,26,0,0,0,1,0,1,1,163,199,2,0,1,0,2023/08/20 12:00:00,2023/08/21 11:59:59
2100113,7,200012,26,0,0,0,1,0,1,1,163,199,2,0,1,0,2023/08/21 12:00:00,2023/08/22 11:59:59
2100114,7,200012,27,0,0,0,1,0,1,1,163,200,2,0,1,0,2023/10/13 12:00:00,2023/10/14 11:59:59
2100115,7,200012,27,0,0,0,1,0,1,1,163,200,2,0,1,0,2023/10/14 12:00:00,2023/10/15 11:59:59
2100116,7,200012,27,0,0,0,1,0,1,1,163,200,2,0,1,0,2023/10/15 12:00:00,2023/10/16 11:59:59
2100117,7,200012,27,0,0,0,1,0,1,1,163,200,2,0,1,0,2023/10/16 12:00:00,2023/10/17 11:59:59
2100118,7,200012,28,0,0,0,1,0,1,1,163,201,2,0,1,0,2023/12/14 12:00:00,2023/12/15 11:59:59
2100119,7,200012,28,0,0,0,1,0,1,1,163,201,2,0,1,0,2023/12/15 12:00:00,2023/12/16 11:59:59
2100120,7,200012,28,0,0,0,1,0,1,1,163,201,2,0,1,0,2023/12/16 12:00:00,2023/12/17 11:59:59
2100121,7,200012,28,0,0,0,1,0,1,1,163,201,2,0,1,0,2023/12/17 12:00:00,2023/12/18 11:59:59
2100122,7,200012,29,0,0,0,1,0,1,1,163,202,2,0,1,0,2024/02/18 12:00:00,2024/02/19 11:59:59
2100123,7,200012,29,0,0,0,1,0,1,1,163,202,2,0,1,0,2024/02/19 12:00:00,2024/02/20 11:59:59
2100124,7,200012,29,0,0,0,1,0,1,1,163,202,2,0,1,0,2024/02/20 12:00:00,2024/02/21 11:59:59
2100125,7,200012,29,0,0,0,1,0,1,1,163,202,2,0,1,0,2024/02/21 12:00:00,2024/02/22 11:59:59
2100126,7,200012,30,0,0,0,1,0,1,1,163,217,2,0,1,0,2024/04/13 12:00:00,2024/04/14 11:59:59
2100127,7,200012,30,0,0,0,1,0,1,1,163,217,2,0,1,0,2024/04/14 12:00:00,2024/04/15 11:59:59
2100128,7,200012,30,0,0,0,1,0,1,1,163,217,2,0,1,0,2024/04/15 12:00:00,2024/04/16 11:59:59
2100129,7,200012,30,0,0,0,1,0,1,1,163,217,2,0,1,0,2024/04/16 12:00:00,2024/04/17 11:59:59
2100130,7,200012,31,0,0,0,1,0,1,1,163,226,2,0,1,0,2024/06/20 12:00:00,2024/06/21 11:59:59
2100131,7,200012,31,0,0,0,1,0,1,1,163,226,2,0,1,0,2024/06/21 12:00:00,2024/06/22 11:59:59
2100132,7,200012,31,0,0,0,1,0,1,1,163,226,2,0,1,0,2024/06/22 12:00:00,2024/06/23 11:59:59
2100133,7,200012,31,0,0,0,1,0,1,1,163,226,2,0,1,0,2024/06/23 12:00:00,2024/06/24 11:59:59
2100134,7,200012,32,0,0,0,1,0,1,1,163,227,2,0,1,0,2024/08/25 12:00:00,2024/08/26 11:59:59
2100135,7,200012,32,0,0,0,1,0,1,1,163,227,2,0,1,0,2024/08/26 12:00:00,2024/08/27 11:59:59
2100136,7,200012,32,0,0,0,1,0,1,1,163,227,2,0,1,0,2024/08/27 12:00:00,2024/08/28 11:59:59
2100137,7,200012,32,0,0,0,1,0,1,1,163,227,2,0,1,0,2024/08/28 12:00:00,2024/08/29 11:59:59
2100138,7,200012,33,0,0,0,1,0,1,1,163,228,2,0,1,0,2024/10/23 12:00:00,2024/10/24 11:59:59
2100139,7,200012,33,0,0,0,1,0,1,1,163,228,2,0,1,0,2024/10/24 12:00:00,2024/10/25 11:59:59
2100140,7,200012,33,0,0,0,1,0,1,1,163,228,2,0,1,0,2024/10/25 12:00:00,2024/10/26 11:59:59
2100141,7,200012,33,0,0,0,1,0,1,1,163,228,2,0,1,0,2024/10/26 12:00:00,2024/10/27 11:59:59
2100142,7,200012,45,0,0,0,1,0,1,1,188,268,1,0,1,0,2026/04/23 12:00:00,2026/04/24 11:59:59
2100143,7,200012,45,0,0,0,1,0,1,1,188,268,1,0,1,0,2026/04/24 12:00:00,2026/04/25 11:59:59
2100144,7,200012,45,0,0,0,1,0,1,1,188,268,1,0,1,0,2026/04/25 12:00:00,2026/04/26 11:59:59
2100145,7,200012,45,0,0,0,1,0,1,1,188,268,1,0,1,0,2026/04/26 12:00:00,2026/04/27 11:59:59
2100146,7,200012,46,0,0,0,1,0,1,1,188,268,1,0,1,0,2026/06/23 12:00:00,2026/06/24 11:59:59
2100147,7,200012,46,0,0,0,1,0,1,1,188,268,1,0,1,0,2026/06/24 12:00:00,2026/06/25 11:59:59
2100148,7,200012,46,0,0,0,1,0,1,1,188,268,1,0,1,0,2026/06/25 12:00:00,2026/06/26 11:59:59
2100149,7,200012,46,0,0,0,1,0,1,1,188,268,1,0,1,0,2026/06/26 12:00:00,2026/06/27 11:59:59
2200001,12,700001,2001,2,0,0,5,25001,1,1,165,156,1500,0,1,10001,2021/12/14 12:00:00,2021/12/25 11:59:59
2200002,12,700001,2001,2,0,0,6,25002,1,2,165,156,2000,0,1,10001,2021/12/14 12:00:00,2021/12/25 11:59:59
2200003,12,700001,2001,2,0,0,7,25003,1,3,90,43,100,0,1,10001,2021/12/14 12:00:00,2021/12/25 11:59:59
2200004,12,700001,2001,3,0,0,5,25004,1,4,165,156,1500,0,1,10001,2021/12/14 12:00:00,2021/12/25 11:59:59
2200005,12,700001,2001,3,0,0,6,25005,1,5,165,156,2000,0,1,10001,2021/12/14 12:00:00,2021/12/25 11:59:59
2200006,12,700001,2001,3,0,0,7,25006,1,6,90,43,100,0,1,10001,2021/12/14 12:00:00,2021/12/25 11:59:59
2200007,12,700001,2001,4,0,0,5,25007,1,7,90,43,100,0,1,10001,2021/12/14 12:00:00,2021/12/25 11:59:59
2200008,12,700001,2001,4,0,0,6,25008,1,8,165,156,1000,0,1,10001,2021/12/14 12:00:00,2021/12/25 11:59:59
2200009,12,700001,2001,4,0,0,7,25009,1,9,55,320001,1,0,1,10001,2021/12/14 12:00:00,2021/12/25 11:59:59
2200010,9,600022,0,0,0,0,1,25010,1,10,165,156,500,0,1,10001,2021/12/14 12:00:00,2021/12/15 4:59:59
2200011,9,100004,1,2,0,0,1,25011,1,11,165,156,500,0,1,10001,2021/12/14 12:00:00,2021/12/15 4:59:59
2200012,9,600022,0,0,0,0,1,25012,1,12,165,156,500,0,1,10001,2021/12/15 5:00:00,2021/12/16 4:59:59
2200013,9,100004,1,2,0,0,1,25013,1,13,165,156,500,0,1,10001,2021/12/15 5:00:00,2021/12/16 4:59:59
2200014,9,600022,0,0,0,0,1,25014,1,14,165,156,500,0,1,10001,2021/12/16 5:00:00,2021/12/17 4:59:59
2200015,9,100004,1,2,0,0,1,25015,1,15,165,156,500,0,1,10001,2021/12/16 5:00:00,2021/12/17 4:59:59
2200016,9,600022,0,0,0,0,1,25016,1,16,165,156,500,0,1,10001,2021/12/17 5:00:00,2021/12/18 4:59:59
2200017,9,100004,1,2,0,0,1,25017,1,17,165,156,500,0,1,10001,2021/12/17 5:00:00,2021/12/18 4:59:59
2200018,9,600022,0,0,0,0,1,25018,1,18,165,156,500,0,1,10001,2021/12/18 5:00:00,2021/12/19 4:59:59
2200019,9,100004,1,2,0,0,1,25019,1,19,165,156,500,0,1,10001,2021/12/18 5:00:00,2021/12/19 4:59:59
2200020,9,600022,0,0,0,0,1,25020,1,20,165,156,500,0,1,10001,2021/12/19 5:00:00,2021/12/20 4:59:59
2200021,9,100004,1,2,0,0,1,25021,1,21,165,156,500,0,1,10001,2021/12/19 5:00:00,2021/12/20 4:59:59
2200022,9,600022,0,0,0,0,1,25022,1,22,165,156,500,0,1,10001,2021/12/20 5:00:00,2021/12/21 4:59:59
2200023,9,100004,1,2,0,0,1,25023,1,23,165,156,500,0,1,10001,2021/12/20 5:00:00,2021/12/21 4:59:59
2200024,9,600022,0,0,0,0,1,25024,1,24,165,156,500,0,1,10001,2021/12/21 5:00:00,2021/12/22 4:59:59
2200025,9,100004,1,2,0,0,1,25025,1,25,165,156,500,0,1,10001,2021/12/21 5:00:00,2021/12/22 4:59:59
2200026,9,600022,0,0,0,0,1,25026,1,26,165,156,500,0,1,10001,2021/12/22 5:00:00,2021/12/23 4:59:59
2200027,9,100004,1,2,0,0,1,25027,1,27,165,156,500,0,1,10001,2021/12/22 5:00:00,2021/12/23 4:59:59
2200028,12,700001,4001,3,0,0,1,25028,1,1,165,156,2000,0,1,10001,2022/03/24 12:00:00,2022/04/01 11:59:59
2200029,12,700001,4001,4,0,0,1,25029,1,2,55,320002,1,0,1,10001,2022/03/24 12:00:00,2022/04/01 11:59:59
2200030,12,100004,1,4,0,0,2,25030,1,3,165,156,1500,0,1,10001,2022/03/24 12:00:00,2022/04/01 11:59:59
2200031,12,100004,1,4,0,0,4,25031,1,4,165,156,1500,0,1,10001,2022/03/24 12:00:00,2022/04/01 11:59:59
2200032,12,100004,1,4,0,0,6,25032,1,5,90,43,100,0,1,10001,2022/03/24 12:00:00,2022/04/01 11:59:59
2200033,12,100004,10,4,0,0,1,25033,1,6,165,156,1500,0,1,10001,2022/03/24 12:00:00,2022/04/01 11:59:59
2200034,12,100004,11,4,0,0,1,25034,1,7,90,43,100,0,1,10001,2022/03/24 12:00:00,2022/04/01 11:59:59
2200035,12,100004,12,4,0,0,1,25035,1,8,165,156,1500,0,1,10001,2022/03/24 12:00:00,2022/04/01 11:59:59
2200036,12,100004,13,4,0,0,1,25036,1,9,90,43,100,0,1,10001,2022/03/24 12:00:00,2022/04/01 11:59:59
2200037,9,600022,0,0,0,0,1,25037,1,10,165,156,500,0,1,10001,2022/03/24 12:00:00,2022/03/25 4:59:59
2200038,9,100004,1,4,0,0,1,25038,1,11,165,156,500,0,1,10001,2022/03/24 12:00:00,2022/03/25 4:59:59
2200039,9,600022,0,0,0,0,1,25039,1,12,165,156,500,0,1,10001,2022/03/25 5:00:00,2022/03/26 4:59:59
2200040,9,100004,1,4,0,0,1,25040,1,13,165,156,500,0,1,10001,2022/03/25 5:00:00,2022/03/26 4:59:59
2200041,9,600022,0,0,0,0,1,25041,1,14,165,156,500,0,1,10001,2022/03/26 5:00:00,2022/03/27 4:59:59
2200042,9,100004,1,4,0,0,1,25042,1,15,165,156,500,0,1,10001,2022/03/26 5:00:00,2022/03/27 4:59:59
2200043,9,600022,0,0,0,0,1,25043,1,16,165,156,500,0,1,10001,2022/03/27 5:00:00,2022/03/28 4:59:59
2200044,9,100004,1,4,0,0,1,25044,1,17,165,156,500,0,1,10001,2022/03/27 5:00:00,2022/03/28 4:59:59
2200045,9,600022,0,0,0,0,1,25045,1,18,165,156,500,0,1,10001,2022/03/28 5:00:00,2022/03/29 4:59:59
2200046,9,100004,1,4,0,0,1,25046,1,19,165,156,500,0,1,10001,2022/03/28 5:00:00,2022/03/29 4:59:59
2200047,9,600022,0,0,0,0,1,25047,1,20,165,156,500,0,1,10001,2022/03/29 5:00:00,2022/03/29 11:59:59
2200048,9,100004,1,4,0,0,1,25048,1,21,165,156,500,0,1,10001,2022/03/29 5:00:00,2022/03/29 11:59:59
2200049,12,700001,3001,2,0,0,5,25049,1,1,165,156,1500,0,1,10001,2022/09/20 12:00:00,2022/10/02 11:59:59
2200050,12,700001,3001,2,0,0,6,25050,1,2,165,156,2000,0,1,10001,2022/09/20 12:00:00,2022/10/02 11:59:59
2200051,12,700001,3001,2,0,0,7,25051,1,3,90,43,100,0,1,10001,2022/09/20 12:00:00,2022/10/02 11:59:59
2200052,12,700001,3001,3,0,0,5,25052,1,4,165,156,1500,0,1,10001,2022/09/20 12:00:00,2022/10/02 11:59:59
2200053,12,700001,3001,3,0,0,6,25053,1,5,165,156,2000,0,1,10001,2022/09/20 12:00:00,2022/10/02 11:59:59
2200054,12,700001,3001,3,0,0,7,25054,1,6,90,43,100,0,1,10001,2022/09/20 12:00:00,2022/10/02 11:59:59
2200055,12,700001,3001,4,0,0,5,25055,1,7,90,43,100,0,1,10001,2022/09/20 12:00:00,2022/10/02 11:59:59
2200056,12,700001,3001,4,0,0,6,25056,1,8,165,156,1000,0,1,10001,2022/09/20 12:00:00,2022/10/02 11:59:59
2200057,12,700001,3001,4,0,0,7,25057,1,9,55,320003,1,0,1,10001,2022/09/20 12:00:00,2022/10/02 11:59:59
2200058,9,600022,0,0,0,0,1,25058,1,10,165,156,500,0,1,10001,2022/09/20 12:00:00,2022/09/21 4:59:59
2200059,9,100004,1,3,0,0,1,25059,1,11,165,156,500,0,1,10001,2022/09/20 12:00:00,2022/09/21 4:59:59
2200060,9,600022,0,0,0,0,1,25060,1,12,165,156,500,0,1,10001,2022/09/21 5:00:00,2022/09/22 4:59:59
2200061,9,100004,1,3,0,0,1,25061,1,13,165,156,500,0,1,10001,2022/09/21 5:00:00,2022/09/22 4:59:59
2200062,9,600022,0,0,0,0,1,25062,1,14,165,156,500,0,1,10001,2022/09/22 5:00:00,2022/09/23 4:59:59
2200063,9,100004,1,3,0,0,1,25063,1,15,165,156,500,0,1,10001,2022/09/22 5:00:00,2022/09/23 4:59:59
2200064,9,600022,0,0,0,0,1,25064,1,16,165,156,500,0,1,10001,2022/09/23 5:00:00,2022/09/24 4:59:59
2200065,9,100004,1,3,0,0,1,25065,1,17,165,156,500,0,1,10001,2022/09/23 5:00:00,2022/09/24 4:59:59
2200066,9,600022,0,0,0,0,1,25066,1,18,165,156,500,0,1,10001,2022/09/24 5:00:00,2022/09/25 4:59:59
2200067,9,100004,1,3,0,0,1,25067,1,19,165,156,500,0,1,10001,2022/09/24 5:00:00,2022/09/25 4:59:59
2200068,9,600022,0,0,0,0,1,25068,1,20,165,156,500,0,1,10001,2022/09/25 5:00:00,2022/09/26 4:59:59
2200069,9,100004,1,3,0,0,1,25069,1,21,165,156,500,0,1,10001,2022/09/25 5:00:00,2022/09/26 4:59:59
2200070,9,600022,0,0,0,0,1,25070,1,18,165,156,500,0,1,10001,2022/09/26 5:00:00,2022/09/27 4:59:59
2200071,9,100004,1,3,0,0,1,25071,1,19,165,156,500,0,1,10001,2022/09/26 5:00:00,2022/09/27 4:59:59
2200072,9,600022,0,0,0,0,1,25072,1,20,165,156,500,0,1,10001,2022/09/27 5:00:00,2022/09/28 4:59:59
2200073,9,100004,1,3,0,0,1,25073,1,21,165,156,500,0,1,10001,2022/09/27 5:00:00,2022/09/28 4:59:59
2200074,9,600022,0,0,0,0,1,25074,1,22,165,156,500,0,1,10001,2022/09/28 5:00:00,2022/09/29 4:59:59
2200075,9,100004,1,3,0,0,1,25075,1,23,165,156,500,0,1,10001,2022/09/28 5:00:00,2022/09/29 4:59:59
2200076,9,600022,0,0,0,0,1,25076,1,22,165,156,500,0,1,10001,2022/09/29 5:00:00,2022/09/30 4:59:59
2200077,9,100004,1,3,0,0,1,25077,1,23,165,156,500,0,1,10001,2022/09/29 5:00:00,2022/09/30 4:59:59
2200078,12,700001,5001,2,0,0,5,25078,1,1,165,156,1500,0,1,10001,2023/04/19 12:00:00,2023/05/01 11:59:59
2200079,12,700001,5001,2,0,0,6,25079,1,2,165,156,2000,0,1,10001,2023/04/19 12:00:00,2023/05/01 11:59:59
2200080,12,700001,5001,2,0,0,7,25080,1,3,90,43,100,0,1,10001,2023/04/19 12:00:00,2023/05/01 11:59:59
2200081,12,700001,5001,3,0,0,5,25081,1,4,165,156,1500,0,1,10001,2023/04/19 12:00:00,2023/05/01 11:59:59
2200082,12,700001,5001,3,0,0,6,25082,1,5,165,156,2000,0,1,10001,2023/04/19 12:00:00,2023/05/01 11:59:59
2200083,12,700001,5001,3,0,0,7,25083,1,6,90,43,100,0,1,10001,2023/04/19 12:00:00,2023/05/01 11:59:59
2200084,12,700001,5001,4,0,0,5,25084,1,7,90,43,100,0,1,10001,2023/04/19 12:00:00,2023/05/01 11:59:59
2200085,12,700001,5001,4,0,0,6,25085,1,8,165,156,1000,0,1,10001,2023/04/19 12:00:00,2023/05/01 11:59:59
2200086,12,700001,5001,4,0,0,7,25086,1,9,55,320004,1,0,1,10001,2023/04/19 12:00:00,2023/05/01 11:59:59
2200087,9,600022,0,0,0,0,1,25087,1,10,165,156,500,0,1,10001,2023/04/19 12:00:00,2023/04/20 4:59:59
2200088,9,100004,1,5,0,0,1,25088,1,11,165,156,500,0,1,10001,2023/04/19 12:00:00,2023/04/20 4:59:59
2200089,9,600022,0,0,0,0,1,25089,1,12,165,156,500,0,1,10001,2023/04/20 5:00:00,2023/04/21 4:59:59
2200090,9,100004,1,5,0,0,1,25090,1,13,165,156,500,0,1,10001,2023/04/20 5:00:00,2023/04/21 4:59:59
2200091,9,600022,0,0,0,0,1,25091,1,14,165,156,500,0,1,10001,2023/04/21 5:00:00,2023/04/22 4:59:59
2200092,9,100004,1,5,0,0,1,25092,1,15,165,156,500,0,1,10001,2023/04/21 5:00:00,2023/04/22 4:59:59
2200093,9,600022,0,0,0,0,1,25093,1,16,165,156,500,0,1,10001,2023/04/22 5:00:00,2023/04/23 4:59:59
2200094,9,100004,1,5,0,0,1,25094,1,17,165,156,500,0,1,10001,2023/04/22 5:00:00,2023/04/23 4:59:59
2200095,9,600022,0,0,0,0,1,25095,1,18,165,156,500,0,1,10001,2023/04/23 5:00:00,2023/04/24 4:59:59
2200096,9,100004,1,5,0,0,1,25096,1,19,165,156,500,0,1,10001,2023/04/23 5:00:00,2023/04/24 4:59:59
2200097,9,600022,0,0,0,0,1,25097,1,20,165,156,500,0,1,10001,2023/04/24 5:00:00,2023/04/25 4:59:59
2200098,9,100004,1,5,0,0,1,25098,1,21,165,156,500,0,1,10001,2023/04/24 5:00:00,2023/04/25 4:59:59
2200099,9,600022,0,0,0,0,1,25099,1,18,165,156,500,0,1,10001,2023/04/25 5:00:00,2023/04/26 4:59:59
2200100,9,100004,1,5,0,0,1,25100,1,19,165,156,500,0,1,10001,2023/04/25 5:00:00,2023/04/26 4:59:59
2200101,9,600022,0,0,0,0,1,25101,1,20,165,156,500,0,1,10001,2023/04/26 5:00:00,2023/04/27 4:59:59
2200102,9,100004,1,5,0,0,1,25102,1,21,165,156,500,0,1,10001,2023/04/26 5:00:00,2023/04/27 4:59:59
2200103,9,600022,0,0,0,0,1,25103,1,22,165,156,500,0,1,10001,2023/04/27 5:00:00,2023/04/28 4:59:59
2200104,9,100004,1,5,0,0,1,25104,1,23,165,156,500,0,1,10001,2023/04/27 5:00:00,2023/04/28 4:59:59
2200105,9,600022,0,0,0,0,1,25105,1,22,165,156,500,0,1,10001,2023/04/28 5:00:00,2023/04/29 4:59:59
2200106,9,100004,1,5,0,0,1,25106,1,23,165,156,500,0,1,10001,2023/04/28 5:00:00,2023/04/29 4:59:59
2200107,12,700001,6001,2,0,0,5,25107,1,1,165,156,1500,0,1,10001,2023/08/31 12:00:00,2023/09/14 11:59:59
2200108,12,700001,6001,2,0,0,6,25108,1,2,165,156,2000,0,1,10001,2023/08/31 12:00:00,2023/09/14 11:59:59
2200109,12,700001,6001,2,0,0,7,25109,1,3,90,43,100,0,1,10001,2023/08/31 12:00:00,2023/09/14 11:59:59
2200110,12,700001,6001,3,0,0,5,25110,1,4,165,156,1500,0,1,10001,2023/08/31 12:00:00,2023/09/14 11:59:59
2200111,12,700001,6001,3,0,0,6,25111,1,5,165,156,2000,0,1,10001,2023/08/31 12:00:00,2023/09/14 11:59:59
2200112,12,700001,6001,3,0,0,7,25112,1,6,90,43,100,0,1,10001,2023/08/31 12:00:00,2023/09/14 11:59:59
2200113,12,700001,6001,4,0,0,5,25113,1,7,90,43,100,0,1,10001,2023/08/31 12:00:00,2023/09/14 11:59:59
2200114,12,700001,6001,4,0,0,6,25114,1,8,165,156,1000,0,1,10001,2023/08/31 12:00:00,2023/09/14 11:59:59
2200115,12,700001,6001,4,0,0,7,25115,1,9,55,320005,1,0,1,10001,2023/08/31 12:00:00,2023/09/14 11:59:59
2200116,9,600022,0,0,0,0,1,25116,1,10,165,156,500,0,1,10001,2023/08/31 12:00:00,2023/09/01 4:59:59
2200117,9,100004,1,6,0,0,1,25117,1,11,165,156,500,0,1,10001,2023/08/31 12:00:00,2023/09/01 4:59:59
2200118,9,600022,0,0,0,0,1,25118,1,12,165,156,500,0,1,10001,2023/09/01 5:00:00,2023/09/02 4:59:59
2200119,9,100004,1,6,0,0,1,25119,1,13,165,156,500,0,1,10001,2023/09/01 5:00:00,2023/09/02 4:59:59
2200120,9,600022,0,0,0,0,1,25120,1,14,165,156,500,0,1,10001,2023/09/02 5:00:00,2023/09/03 4:59:59
2200121,9,100004,1,6,0,0,1,25121,1,15,165,156,500,0,1,10001,2023/09/02 5:00:00,2023/09/03 4:59:59
2200122,9,600022,0,0,0,0,1,25122,1,16,165,156,500,0,1,10001,2023/09/03 5:00:00,2023/09/04 4:59:59
2200123,9,100004,1,6,0,0,1,25123,1,17,165,156,500,0,1,10001,2023/09/03 5:00:00,2023/09/04 4:59:59
2200124,9,600022,0,0,0,0,1,25124,1,18,165,156,500,0,1,10001,2023/09/04 5:00:00,2023/09/05 4:59:59
2200125,9,100004,1,6,0,0,1,25125,1,19,165,156,500,0,1,10001,2023/09/04 5:00:00,2023/09/05 4:59:59
2200126,9,600022,0,0,0,0,1,25126,1,20,165,156,500,0,1,10001,2023/09/05 5:00:00,2023/09/06 4:59:59
2200127,9,100004,1,6,0,0,1,25127,1,21,165,156,500,0,1,10001,2023/09/05 5:00:00,2023/09/06 4:59:59
2200128,9,600022,0,0,0,0,1,25128,1,18,165,156,500,0,1,10001,2023/09/06 5:00:00,2023/09/07 4:59:59
2200129,9,100004,1,6,0,0,1,25129,1,19,165,156,500,0,1,10001,2023/09/06 5:00:00,2023/09/07 4:59:59
2200130,9,600022,0,0,0,0,1,25130,1,20,165,156,500,0,1,10001,2023/09/07 5:00:00,2023/09/08 4:59:59
2200131,9,100004,1,6,0,0,1,25131,1,21,165,156,500,0,1,10001,2023/09/07 5:00:00,2023/09/08 4:59:59
2200132,9,600022,0,0,0,0,1,25132,1,22,165,156,500,0,1,10001,2023/09/08 5:00:00,2023/09/09 4:59:59
2200133,9,100004,1,6,0,0,1,25133,1,23,165,156,500,0,1,10001,2023/09/08 5:00:00,2023/09/09 4:59:59
2200134,9,600022,0,0,0,0,1,25134,1,22,165,156,500,0,1,10001,2023/09/09 5:00:00,2023/09/10 4:59:59
2200135,9,100004,1,6,0,0,1,25135,1,23,165,156,500,0,1,10001,2023/09/09 5:00:00,2023/09/10 4:59:59
2200136,9,600022,0,0,0,0,1,25136,1,22,165,156,500,0,1,10001,2023/09/10 5:00:00,2023/09/11 4:59:59
2200137,9,100004,1,6,0,0,1,25137,1,23,165,156,500,0,1,10001,2023/09/10 5:00:00,2023/09/11 4:59:59
2200138,9,600022,0,0,0,0,1,25138,1,22,165,156,500,0,1,10001,2023/09/11 5:00:00,2023/09/12 4:59:59
2200139,9,100004,1,6,0,0,1,25139,1,23,165,156,500,0,1,10001,2023/09/11 5:00:00,2023/09/12 4:59:59
2200140,12,700001,7001,2,0,0,5,25140,1,1,165,156,1500,0,1,10001,2024/02/24 12:00:00,2024/03/07 11:59:59
2200141,12,700001,7001,2,0,0,6,25141,1,2,165,156,2000,0,1,10001,2024/02/24 12:00:00,2024/03/07 11:59:59
2200142,12,700001,7001,2,0,0,7,25142,1,3,90,43,100,0,1,10001,2024/02/24 12:00:00,2024/03/07 11:59:59
2200143,12,700001,7001,3,0,0,5,25143,1,4,165,156,1500,0,1,10001,2024/02/24 12:00:00,2024/03/07 11:59:59
2200144,12,700001,7001,3,0,0,6,25144,1,5,165,156,2000,0,1,10001,2024/02/24 12:00:00,2024/03/07 11:59:59
2200145,12,700001,7001,3,0,0,7,25145,1,6,90,43,100,0,1,10001,2024/02/24 12:00:00,2024/03/07 11:59:59
2200146,12,700001,7001,4,0,0,5,25146,1,7,90,43,100,0,1,10001,2024/02/24 12:00:00,2024/03/07 11:59:59
2200147,12,700001,7001,4,0,0,6,25147,1,8,165,156,1000,0,1,10001,2024/02/24 12:00:00,2024/03/07 11:59:59
2200148,12,700001,7001,4,0,0,7,25148,1,9,55,320006,1,0,1,10001,2024/02/24 12:00:00,2024/03/07 11:59:59
2200149,9,600022,0,0,0,0,1,25149,1,10,165,156,500,0,1,10001,2024/02/24 12:00:00,2024/02/25 4:59:59
2200150,9,100004,1,7,0,0,1,25150,1,11,165,156,500,0,1,10001,2024/02/24 12:00:00,2024/02/25 4:59:59
2200151,9,600022,0,0,0,0,1,25151,1,12,165,156,500,0,1,10001,2024/02/25 5:00:00,2024/02/26 4:59:59
2200152,9,100004,1,7,0,0,1,25152,1,13,165,156,500,0,1,10001,2024/02/25 5:00:00,2024/02/26 4:59:59
2200153,9,600022,0,0,0,0,1,25153,1,14,165,156,500,0,1,10001,2024/02/26 5:00:00,2024/02/27 4:59:59
2200154,9,100004,1,7,0,0,1,25154,1,15,165,156,500,0,1,10001,2024/02/26 5:00:00,2024/02/27 4:59:59
2200155,9,600022,0,0,0,0,1,25155,1,16,165,156,500,0,1,10001,2024/02/27 5:00:00,2024/02/28 4:59:59
2200156,9,100004,1,7,0,0,1,25156,1,17,165,156,500,0,1,10001,2024/02/27 5:00:00,2024/02/28 4:59:59
2200157,9,600022,0,0,0,0,1,25157,1,18,165,156,500,0,1,10001,2024/02/28 5:00:00,2024/02/29 4:59:59
2200158,9,100004,1,7,0,0,1,25158,1,19,165,156,500,0,1,10001,2024/02/28 5:00:00,2024/02/29 4:59:59
2200159,9,600022,0,0,0,0,1,25159,1,20,165,156,500,0,1,10001,2024/02/29 5:00:00,2024/03/01 4:59:59
2200160,9,100004,1,7,0,0,1,25160,1,21,165,156,500,0,1,10001,2024/02/29 5:00:00,2024/03/01 4:59:59
2200161,9,600022,0,0,0,0,1,25161,1,18,165,156,500,0,1,10001,2024/03/01 5:00:00,2024/03/02 4:59:59
2200162,9,100004,1,7,0,0,1,25162,1,19,165,156,500,0,1,10001,2024/03/01 5:00:00,2024/03/02 4:59:59
2200163,9,600022,0,0,0,0,1,25163,1,20,165,156,500,0,1,10001,2024/03/02 5:00:00,2024/03/03 4:59:59
2200164,9,100004,1,7,0,0,1,25164,1,21,165,156,500,0,1,10001,2024/03/02 5:00:00,2024/03/03 4:59:59
2200165,9,600022,0,0,0,0,1,25165,1,22,165,156,500,0,1,10001,2024/03/03 5:00:00,2024/03/04 4:59:59
2200166,9,100004,1,7,0,0,1,25166,1,23,165,156,500,0,1,10001,2024/03/03 5:00:00,2024/03/04 4:59:59
2200167,9,600022,0,0,0,0,1,25167,1,22,165,156,500,0,1,10001,2024/03/04 5:00:00,2024/03/05 4:59:59
2200168,9,100004,1,7,0,0,1,25168,1,23,165,156,500,0,1,10001,2024/03/04 5:00:00,2024/03/05 4:59:59
2200169,12,700001,8001,2,0,0,3,25169,1,1,165,156,1500,0,1,10001,2024/06/26 12:00:00,2024/07/12 11:59:59
2200170,12,700001,8001,2,0,0,4,25170,1,2,165,156,2000,0,1,10001,2024/06/26 12:00:00,2024/07/12 11:59:59
2200171,12,700001,8001,2,0,0,5,25171,1,3,90,43,100,0,1,10001,2024/06/26 12:00:00,2024/07/12 11:59:59
2200172,12,700001,8001,3,0,0,3,25172,1,4,165,156,1500,0,1,10001,2024/06/26 12:00:00,2024/07/12 11:59:59
2200173,12,700001,8001,3,0,0,4,25173,1,5,165,156,2000,0,1,10001,2024/06/26 12:00:00,2024/07/12 11:59:59
2200174,12,700001,8001,3,0,0,5,25174,1,6,90,43,100,0,1,10001,2024/06/26 12:00:00,2024/07/12 11:59:59
2200175,12,700001,8001,4,0,0,3,25175,1,7,90,43,100,0,1,10001,2024/06/26 12:00:00,2024/07/12 11:59:59
2200176,12,700001,8001,4,0,0,4,25176,1,8,165,156,1000,0,1,10001,2024/06/26 12:00:00,2024/07/12 11:59:59
2200177,12,700001,8001,4,0,0,5,25177,1,9,55,320007,1,0,1,10001,2024/06/26 12:00:00,2024/07/12 11:59:59
2200178,9,600022,0,0,0,0,1,25178,1,10,165,156,500,0,1,10001,2024/06/26 12:00:00,2024/06/27 4:59:59
2200179,9,100004,1,8,0,0,1,25179,1,11,165,156,500,0,1,10001,2024/06/26 12:00:00,2024/06/27 4:59:59
2200180,9,600022,0,0,0,0,1,25180,1,12,165,156,500,0,1,10001,2024/06/27 5:00:00,2024/06/28 4:59:59
2200181,9,100004,1,8,0,0,1,25181,1,13,165,156,500,0,1,10001,2024/06/27 5:00:00,2024/06/28 4:59:59
2200182,9,600022,0,0,0,0,1,25182,1,14,165,156,500,0,1,10001,2024/06/28 5:00:00,2024/06/29 4:59:59
2200183,9,100004,1,8,0,0,1,25183,1,15,165,156,500,0,1,10001,2024/06/28 5:00:00,2024/06/29 4:59:59
2200184,9,600022,0,0,0,0,1,25184,1,16,165,156,500,0,1,10001,2024/06/29 5:00:00,2024/06/30 4:59:59
2200185,9,100004,1,8,0,0,1,25185,1,17,165,156,500,0,1,10001,2024/06/29 5:00:00,2024/06/30 4:59:59
2200186,9,600022,0,0,0,0,1,25186,1,18,165,156,500,0,1,10001,2024/06/30 5:00:00,2024/07/01 4:59:59
2200187,9,100004,1,8,0,0,1,25187,1,19,165,156,500,0,1,10001,2024/06/30 5:00:00,2024/07/01 4:59:59
2200188,9,600022,0,0,0,0,1,25188,1,20,165,156,500,0,1,10001,2024/07/01 5:00:00,2024/07/02 4:59:59
2200189,9,100004,1,8,0,0,1,25189,1,21,165,156,500,0,1,10001,2024/07/01 5:00:00,2024/07/02 4:59:59
2200190,9,600022,0,0,0,0,1,25190,1,18,165,156,500,0,1,10001,2024/07/02 5:00:00,2024/07/03 4:59:59
2200191,9,100004,1,8,0,0,1,25191,1,19,165,156,500,0,1,10001,2024/07/02 5:00:00,2024/07/03 4:59:59
2200192,9,600022,0,0,0,0,1,25192,1,20,165,156,500,0,1,10001,2024/07/03 5:00:00,2024/07/04 4:59:59
2200193,9,100004,1,8,0,0,1,25193,1,21,165,156,500,0,1,10001,2024/07/03 5:00:00,2024/07/04 4:59:59
2200194,9,600022,0,0,0,0,1,25194,1,22,165,156,500,0,1,10001,2024/07/04 5:00:00,2024/07/05 4:59:59
2200195,9,100004,1,8,0,0,1,25195,1,23,165,156,500,0,1,10001,2024/07/04 5:00:00,2024/07/05 4:59:59
2200196,9,600022,0,0,0,0,1,25196,1,22,165,156,500,0,1,10001,2024/07/05 5:00:00,2024/07/06 4:59:59
2200197,9,100004,1,8,0,0,1,25197,1,23,165,156,500,0,1,10001,2024/07/05 5:00:00,2024/07/06 4:59:59
2200198,9,600022,0,0,0,0,1,25198,1,23,165,156,500,0,1,10001,2024/07/06 5:00:00,2024/07/07 4:59:59
2200199,9,100004,1,8,0,0,1,25199,1,23,165,156,500,0,1,10001,2024/07/06 5:00:00,2024/07/07 4:59:59
2200200,9,600022,0,0,0,0,1,25200,1,23,165,156,500,0,1,10001,2024/07/07 5:00:00,2024/07/08 4:59:59
2200201,9,100004,1,8,0,0,1,25201,1,23,165,156,500,0,1,10001,2024/07/07 5:00:00,2024/07/08 4:59:59
2200202,9,600022,0,0,0,0,1,25202,1,23,165,156,500,0,1,10001,2024/07/08 5:00:00,2024/07/09 4:59:59
2200203,9,100004,1,8,0,0,1,25203,1,23,165,156,500,0,1,10001,2024/07/08 5:00:00,2024/07/09 4:59:59
2200204,9,600022,0,0,0,0,1,25204,1,23,165,156,500,0,1,10001,2024/07/09 5:00:00,2024/07/10 4:59:59
2200205,9,100004,1,8,0,0,1,25205,1,23,165,156,500,0,1,10001,2024/07/09 5:00:00,2024/07/10 4:59:59
2200206,12,700001,9001,2,0,0,4,25206,1,1,165,156,1500,0,1,10001,2024/10/29 12:00:00,2024/11/11 11:59:59
2200207,12,700001,9001,2,0,0,5,25207,1,2,165,156,2000,0,1,10001,2024/10/29 12:00:00,2024/11/11 11:59:59
2200208,12,700001,9001,2,0,0,6,25208,1,3,90,43,100,0,1,10001,2024/10/29 12:00:00,2024/11/11 11:59:59
2200209,12,700001,9001,3,0,0,4,25209,1,4,165,156,1500,0,1,10001,2024/10/29 12:00:00,2024/11/11 11:59:59
2200210,12,700001,9001,3,0,0,5,25210,1,5,165,156,2000,0,1,10001,2024/10/29 12:00:00,2024/11/11 11:59:59
2200211,12,700001,9001,3,0,0,6,25211,1,6,90,43,100,0,1,10001,2024/10/29 12:00:00,2024/11/11 11:59:59
2200212,12,700001,9001,4,0,0,4,25212,1,7,90,43,100,0,1,10001,2024/10/29 12:00:00,2024/11/11 11:59:59
2200213,12,700001,9001,4,0,0,5,25213,1,8,165,156,1000,0,1,10001,2024/10/29 12:00:00,2024/11/11 11:59:59
2200214,12,700001,9001,4,0,0,6,25214,1,9,55,320008,1,0,1,10001,2024/10/29 12:00:00,2024/11/11 11:59:59
2200215,9,600022,0,0,0,0,1,25215,1,10,165,156,500,0,1,10001,2024/10/29 12:00:00,2024/10/30 4:59:59
2200216,9,100004,1,9,0,0,1,25216,1,11,165,156,500,0,1,10001,2024/10/29 12:00:00,2024/10/30 4:59:59
2200217,9,600022,0,0,0,0,1,25217,1,12,165,156,500,0,1,10001,2024/10/30 5:00:00,2024/10/31 4:59:59
2200218,9,100004,1,9,0,0,1,25218,1,13,165,156,500,0,1,10001,2024/10/30 5:00:00,2024/10/31 4:59:59
2200219,9,600022,0,0,0,0,1,25219,1,14,165,156,500,0,1,10001,2024/10/31 5:00:00,2024/11/01 4:59:59
2200220,9,100004,1,9,0,0,1,25220,1,15,165,156,500,0,1,10001,2024/10/31 5:00:00,2024/11/01 4:59:59
2200221,9,600022,0,0,0,0,1,25221,1,16,165,156,500,0,1,10001,2024/11/01 5:00:00,2024/11/02 4:59:59
2200222,9,100004,1,9,0,0,1,25222,1,17,165,156,500,0,1,10001,2024/11/01 5:00:00,2024/11/02 4:59:59
2200223,9,600022,0,0,0,0,1,25223,1,18,165,156,500,0,1,10001,2024/11/02 5:00:00,2024/11/03 4:59:59
2200224,9,100004,1,9,0,0,1,25224,1,19,165,156,500,0,1,10001,2024/11/02 5:00:00,2024/11/03 4:59:59
2200225,9,600022,0,0,0,0,1,25225,1,20,165,156,500,0,1,10001,2024/11/03 5:00:00,2024/11/04 4:59:59
2200226,9,100004,1,9,0,0,1,25226,1,21,165,156,500,0,1,10001,2024/11/03 5:00:00,2024/11/04 4:59:59
2200227,9,600022,0,0,0,0,1,25227,1,18,165,156,500,0,1,10001,2024/11/04 5:00:00,2024/11/05 4:59:59
2200228,9,100004,1,9,0,0,1,25228,1,19,165,156,500,0,1,10001,2024/11/04 5:00:00,2024/11/05 4:59:59
2200229,9,600022,0,0,0,0,1,25229,1,20,165,156,500,0,1,10001,2024/11/05 5:00:00,2024/11/06 4:59:59
2200230,9,100004,1,9,0,0,1,25230,1,21,165,156,500,0,1,10001,2024/11/05 5:00:00,2024/11/06 4:59:59
2200231,9,600022,0,0,0,0,1,25231,1,22,165,156,500,0,1,10001,2024/11/06 5:00:00,2024/11/07 4:59:59
2200232,9,100004,1,9,0,0,1,25232,1,23,165,156,500,0,1,10001,2024/11/06 5:00:00,2024/11/07 4:59:59
2200233,9,600022,0,0,0,0,1,25233,1,22,165,156,500,0,1,10001,2024/11/07 5:00:00,2024/11/08 4:59:59
2200234,9,100004,1,9,0,0,1,25234,1,23,165,156,500,0,1,10001,2024/11/07 5:00:00,2024/11/08 4:59:59
2200235,9,600022,0,0,0,0,1,25235,1,23,165,156,500,0,1,10001,2024/11/08 5:00:00,2024/11/09 4:59:59
2200236,9,100004,1,9,0,0,1,25236,1,23,165,156,500,0,1,10001,2024/11/08 5:00:00,2024/11/09 4:59:59
2200237,12,700001,10001,2,0,0,5,25237,1,1,165,156,1500,0,1,10001,2025/02/24 12:00:00,2025/03/08 11:59:59
2200238,12,700001,10001,2,0,0,6,25238,1,2,165,156,2000,0,1,10001,2025/02/24 12:00:00,2025/03/08 11:59:59
2200239,12,700001,10001,2,0,0,7,25239,1,3,90,43,100,0,1,10001,2025/02/24 12:00:00,2025/03/08 11:59:59
2200240,12,700001,10001,3,0,0,5,25240,1,4,165,156,1500,0,1,10001,2025/02/24 12:00:00,2025/03/08 11:59:59
2200241,12,700001,10001,3,0,0,6,25241,1,5,165,156,2000,0,1,10001,2025/02/24 12:00:00,2025/03/08 11:59:59
2200242,12,700001,10001,3,0,0,7,25242,1,6,90,43,100,0,1,10001,2025/02/24 12:00:00,2025/03/08 11:59:59
2200243,12,700001,10001,4,0,0,5,25243,1,7,90,43,100,0,1,10001,2025/02/24 12:00:00,2025/03/08 11:59:59
2200244,12,700001,10001,4,0,0,6,25244,1,8,165,156,1000,0,1,10001,2025/02/24 12:00:00,2025/03/08 11:59:59
2200245,12,700001,10001,4,0,0,7,25245,1,9,55,320009,1,0,1,10001,2025/02/24 12:00:00,2025/03/08 11:59:59
2200246,9,600022,0,0,0,0,1,25246,1,10,165,156,500,0,1,10001,2025/02/24 12:00:00,2025/02/25 4:59:59
2200247,9,100004,1,10,0,0,1,25247,1,11,165,156,500,0,1,10001,2025/02/24 12:00:00,2025/02/25 4:59:59
2200248,9,600022,0,0,0,0,1,25248,1,12,165,156,500,0,1,10001,2025/02/25 5:00:00,2025/02/26 4:59:59
2200249,9,100004,1,10,0,0,1,25249,1,13,165,156,500,0,1,10001,2025/02/25 5:00:00,2025/02/26 4:59:59
2200250,9,600022,0,0,0,0,1,25250,1,14,165,156,500,0,1,10001,2025/02/26 5:00:00,2025/02/27 4:59:59
2200251,9,100004,1,10,0,0,1,25251,1,15,165,156,500,0,1,10001,2025/02/26 5:00:00,2025/02/27 4:59:59
2200252,9,600022,0,0,0,0,1,25252,1,16,165,156,500,0,1,10001,2025/02/27 5:00:00,2025/02/28 4:59:59
2200253,9,100004,1,10,0,0,1,25253,1,17,165,156,500,0,1,10001,2025/02/27 5:00:00,2025/02/28 4:59:59
2200254,9,600022,0,0,0,0,1,25254,1,18,165,156,500,0,1,10001,2025/02/28 5:00:00,2025/03/01 4:59:59
2200255,9,100004,1,10,0,0,1,25255,1,19,165,156,500,0,1,10001,2025/02/28 5:00:00,2025/03/01 4:59:59
2200256,9,600022,0,0,0,0,1,25256,1,20,165,156,500,0,1,10001,2025/03/01 5:00:00,2025/03/02 4:59:59
2200257,9,100004,1,10,0,0,1,25257,1,21,165,156,500,0,1,10001,2025/03/01 5:00:00,2025/03/02 4:59:59
2200258,9,600022,0,0,0,0,1,25258,1,18,165,156,500,0,1,10001,2025/03/02 5:00:00,2025/03/03 4:59:59
2200259,9,100004,1,10,0,0,1,25259,1,19,165,156,500,0,1,10001,2025/03/02 5:00:00,2025/03/03 4:59:59
2200260,9,600022,0,0,0,0,1,25260,1,20,165,156,500,0,1,10001,2025/03/03 5:00:00,2025/03/04 4:59:59
2200261,9,100004,1,10,0,0,1,25261,1,21,165,156,500,0,1,10001,2025/03/03 5:00:00,2025/03/04 4:59:59
2200262,9,600022,0,0,0,0,1,25262,1,22,165,156,500,0,1,10001,2025/03/04 5:00:00,2025/03/05 4:59:59
2200263,9,100004,1,10,0,0,1,25263,1,23,165,156,500,0,1,10001,2025/03/04 5:00:00,2025/03/05 4:59:59
2200264,9,600022,0,0,0,0,1,25264,1,22,165,156,500,0,1,10001,2025/03/05 5:00:00,2025/03/06 4:59:59
2200265,9,100004,1,10,0,0,1,25265,1,23,165,156,500,0,1,10001,2025/03/05 5:00:00,2025/03/06 4:59:59
2200266,12,700001,11001,2,0,0,4,25266,1,1,165,156,1500,0,1,10001,2025/06/27 12:00:00,2025/07/10 11:59:59
2200267,12,700001,11001,2,0,0,5,25267,1,2,165,156,2000,0,1,10001,2025/06/27 12:00:00,2025/07/10 11:59:59
2200268,12,700001,11001,2,0,0,6,25268,1,3,90,43,100,0,1,10001,2025/06/27 12:00:00,2025/07/10 11:59:59
2200269,12,700001,11001,3,0,0,4,25269,1,4,165,156,1500,0,1,10001,2025/06/27 12:00:00,2025/07/10 11:59:59
2200270,12,700001,11001,3,0,0,5,25270,1,5,165,156,2000,0,1,10001,2025/06/27 12:00:00,2025/07/10 11:59:59
2200271,12,700001,11001,3,0,0,6,25271,1,6,90,43,100,0,1,10001,2025/06/27 12:00:00,2025/07/10 11:59:59
2200272,12,700001,11001,4,0,0,4,25272,1,7,90,43,100,0,1,10001,2025/06/27 12:00:00,2025/07/10 11:59:59
2200273,12,700001,11001,4,0,0,5,25273,1,8,165,156,1000,0,1,10001,2025/06/27 12:00:00,2025/07/10 11:59:59
2200274,12,700001,11001,4,0,0,6,25274,1,9,55,320010,1,0,1,10001,2025/06/27 12:00:00,2025/07/10 11:59:59
2200275,9,600022,0,0,0,0,1,25275,1,10,165,156,500,0,1,10001,2025/06/27 12:00:00,2025/06/28 4:59:59
2200276,9,100004,1,11,0,0,1,25276,1,11,165,156,500,0,1,10001,2025/06/27 12:00:00,2025/06/28 4:59:59
2200277,9,600022,0,0,0,0,1,25277,1,12,165,156,500,0,1,10001,2025/06/28 5:00:00,2025/06/29 4:59:59
2200278,9,100004,1,11,0,0,1,25278,1,13,165,156,500,0,1,10001,2025/06/28 5:00:00,2025/06/29 4:59:59
2200279,9,600022,0,0,0,0,1,25279,1,14,165,156,500,0,1,10001,2025/06/29 5:00:00,2025/06/30 4:59:59
2200280,9,100004,1,11,0,0,1,25280,1,15,165,156,500,0,1,10001,2025/06/29 5:00:00,2025/06/30 4:59:59
2200281,9,600022,0,0,0,0,1,25281,1,16,165,156,500,0,1,10001,2025/06/30 5:00:00,2025/07/01 4:59:59
2200282,9,100004,1,11,0,0,1,25282,1,17,165,156,500,0,1,10001,2025/06/30 5:00:00,2025/07/01 4:59:59
2200283,9,600022,0,0,0,0,1,25283,1,18,165,156,500,0,1,10001,2025/07/01 5:00:00,2025/07/02 4:59:59
2200284,9,100004,1,11,0,0,1,25284,1,19,165,156,500,0,1,10001,2025/07/01 5:00:00,2025/07/02 4:59:59
2200285,9,600022,0,0,0,0,1,25285,1,20,165,156,500,0,1,10001,2025/07/02 5:00:00,2025/07/03 4:59:59
2200286,9,100004,1,11,0,0,1,25286,1,21,165,156,500,0,1,10001,2025/07/02 5:00:00,2025/07/03 4:59:59
2200287,9,600022,0,0,0,0,1,25287,1,18,165,156,500,0,1,10001,2025/07/03 5:00:00,2025/07/04 4:59:59
2200288,9,100004,1,11,0,0,1,25288,1,19,165,156,500,0,1,10001,2025/07/03 5:00:00,2025/07/04 4:59:59
2200289,9,600022,0,0,0,0,1,25289,1,20,165,156,500,0,1,10001,2025/07/04 5:00:00,2025/07/05 4:59:59
2200290,9,100004,1,11,0,0,1,25290,1,21,165,156,500,0,1,10001,2025/07/04 5:00:00,2025/07/05 4:59:59
2200291,9,600022,0,0,0,0,1,25291,1,22,165,156,500,0,1,10001,2025/07/05 5:00:00,2025/07/06 4:59:59
2200292,9,100004,1,11,0,0,1,25292,1,23,165,156,500,0,1,10001,2025/07/05 5:00:00,2025/07/06 4:59:59
2200293,9,600022,0,0,0,0,1,25293,1,22,165,156,500,0,1,10001,2025/07/06 5:00:00,2025/07/07 4:59:59
2200294,9,100004,1,11,0,0,1,25294,1,23,165,156,500,0,1,10001,2025/07/06 5:00:00,2025/07/07 4:59:59
2200295,9,600022,0,0,0,0,1,25295,1,23,165,156,500,0,1,10001,2025/07/07 5:00:00,2025/07/08 4:59:59
2200296,9,100004,1,11,0,0,1,25296,1,23,165,156,500,0,1,10001,2025/07/07 5:00:00,2025/07/08 4:59:59
2200297,12,700001,12001,2,0,0,5,25297,1,1,165,156,1500,0,1,10001,2025/10/29 12:00:00,2025/11/10 11:59:59
2200298,12,700001,12001,2,0,0,6,25298,1,2,165,156,2000,0,1,10001,2025/10/29 12:00:00,2025/11/10 11:59:59
2200299,12,700001,12001,2,0,0,7,25299,1,3,90,43,100,0,1,10001,2025/10/29 12:00:00,2025/11/10 11:59:59
2200300,12,700001,12001,3,0,0,5,25300,1,4,165,156,1500,0,1,10001,2025/10/29 12:00:00,2025/11/10 11:59:59
2200301,12,700001,12001,3,0,0,6,25301,1,5,165,156,2000,0,1,10001,2025/10/29 12:00:00,2025/11/10 11:59:59
2200302,12,700001,12001,3,0,0,7,25302,1,6,90,43,100,0,1,10001,2025/10/29 12:00:00,2025/11/10 11:59:59
2200303,12,700001,12001,4,0,0,5,25303,1,7,90,43,100,0,1,10001,2025/10/29 12:00:00,2025/11/10 11:59:59
2200304,12,700001,12001,4,0,0,6,25304,1,8,165,156,1000,0,1,10001,2025/10/29 12:00:00,2025/11/10 11:59:59
2200305,12,700001,12001,4,0,0,7,25305,1,9,55,320011,1,0,1,10001,2025/10/29 12:00:00,2025/11/10 11:59:59
2200306,9,600022,0,0,0,0,1,25306,1,10,165,156,500,0,1,10001,2025/10/29 12:00:00,2025/10/30 4:59:59
2200307,9,100004,1,12,0,0,1,25307,1,11,165,156,500,0,1,10001,2025/10/29 12:00:00,2025/10/30 4:59:59
2200308,9,600022,0,0,0,0,1,25308,1,12,165,156,500,0,1,10001,2025/10/30 5:00:00,2025/10/31 4:59:59
2200309,9,100004,1,12,0,0,1,25309,1,13,165,156,500,0,1,10001,2025/10/30 5:00:00,2025/10/31 4:59:59
2200310,9,600022,0,0,0,0,1,25310,1,14,165,156,500,0,1,10001,2025/10/31 5:00:00,2025/11/01 4:59:59
2200311,9,100004,1,12,0,0,1,25311,1,15,165,156,500,0,1,10001,2025/10/31 5:00:00,2025/11/01 4:59:59
2200312,9,600022,0,0,0,0,1,25312,1,16,165,156,500,0,1,10001,2025/11/01 5:00:00,2025/11/02 4:59:59
2200313,9,100004,1,12,0,0,1,25313,1,17,165,156,500,0,1,10001,2025/11/01 5:00:00,2025/11/02 4:59:59
2200314,9,600022,0,0,0,0,1,25314,1,18,165,156,500,0,1,10001,2025/11/02 5:00:00,2025/11/03 4:59:59
2200315,9,100004,1,12,0,0,1,25315,1,19,165,156,500,0,1,10001,2025/11/02 5:00:00,2025/11/03 4:59:59
2200316,9,600022,0,0,0,0,1,25316,1,20,165,156,500,0,1,10001,2025/11/03 5:00:00,2025/11/04 4:59:59
2200317,9,100004,1,12,0,0,1,25317,1,21,165,156,500,0,1,10001,2025/11/03 5:00:00,2025/11/04 4:59:59
2200318,9,600022,0,0,0,0,1,25318,1,18,165,156,500,0,1,10001,2025/11/04 5:00:00,2025/11/05 4:59:59
2200319,9,100004,1,12,0,0,1,25319,1,19,165,156,500,0,1,10001,2025/11/04 5:00:00,2025/11/05 4:59:59
2200320,9,600022,0,0,0,0,1,25320,1,20,165,156,500,0,1,10001,2025/11/05 5:00:00,2025/11/06 4:59:59
2200321,9,100004,1,12,0,0,1,25321,1,21,165,156,500,0,1,10001,2025/11/05 5:00:00,2025/11/06 4:59:59
2200322,9,600022,0,0,0,0,1,25322,1,22,165,156,500,0,1,10001,2025/11/06 5:00:00,2025/11/07 4:59:59
2200323,9,100004,1,12,0,0,1,25323,1,23,165,156,500,0,1,10001,2025/11/06 5:00:00,2025/11/07 4:59:59
2200324,9,600022,0,0,0,0,1,25324,1,22,165,156,500,0,1,10001,2025/11/07 5:00:00,2025/11/08 4:59:59
2200325,9,100004,1,12,0,0,1,25325,1,23,165,156,500,0,1,10001,2025/11/07 5:00:00,2025/11/08 4:59:59
2200326,12,700001,13001,2,0,0,5,25326,1,1,165,156,1500,0,1,10001,2026/02/24 12:00:00,2026/03/09 11:59:59
2200327,12,700001,13001,2,0,0,6,25327,1,2,165,156,2000,0,1,10001,2026/02/24 12:00:00,2026/03/09 11:59:59
2200328,12,700001,13001,2,0,0,7,25328,1,3,90,43,100,0,1,10001,2026/02/24 12:00:00,2026/03/09 11:59:59
2200329,12,700001,13001,3,0,0,5,25329,1,4,165,156,1500,0,1,10001,2026/02/24 12:00:00,2026/03/09 11:59:59
2200330,12,700001,13001,3,0,0,6,25330,1,5,165,156,2000,0,1,10001,2026/02/24 12:00:00,2026/03/09 11:59:59
2200331,12,700001,13001,3,0,0,7,25331,1,6,90,43,100,0,1,10001,2026/02/24 12:00:00,2026/03/09 11:59:59
2200332,12,700001,13001,4,0,0,5,25332,1,7,90,43,100,0,1,10001,2026/02/24 12:00:00,2026/03/09 11:59:59
2200333,12,700001,13001,4,0,0,6,25333,1,8,165,156,1000,0,1,10001,2026/02/24 12:00:00,2026/03/09 11:59:59
2200334,12,700001,13001,4,0,0,7,25334,1,9,55,320012,1,0,1,10001,2026/02/24 12:00:00,2026/03/09 11:59:59
2200335,9,600022,0,0,0,0,1,25335,1,10,165,156,500,0,1,10001,2026/02/24 12:00:00,2026/02/25 4:59:59
2200336,9,100004,1,13,0,0,1,25336,1,11,165,156,500,0,1,10001,2026/02/24 12:00:00,2026/02/25 4:59:59
2200337,9,600022,0,0,0,0,1,25337,1,12,165,156,500,0,1,10001,2026/02/25 5:00:00,2026/02/26 4:59:59
2200338,9,100004,1,13,0,0,1,25338,1,13,165,156,500,0,1,10001,2026/02/25 5:00:00,2026/02/26 4:59:59
2200339,9,600022,0,0,0,0,1,25339,1,14,165,156,500,0,1,10001,2026/02/26 5:00:00,2026/02/27 4:59:59
2200340,9,100004,1,13,0,0,1,25340,1,15,165,156,500,0,1,10001,2026/02/26 5:00:00,2026/02/27 4:59:59
2200341,9,600022,0,0,0,0,1,25341,1,16,165,156,500,0,1,10001,2026/02/27 5:00:00,2026/02/28 4:59:59
2200342,9,100004,1,13,0,0,1,25342,1,17,165,156,500,0,1,10001,2026/02/27 5:00:00,2026/02/28 4:59:59
2200343,9,600022,0,0,0,0,1,25343,1,18,165,156,500,0,1,10001,2026/02/28 5:00:00,2026/03/01 4:59:59
2200344,9,100004,1,13,0,0,1,25344,1,19,165,156,500,0,1,10001,2026/02/28 5:00:00,2026/03/01 4:59:59
2200345,9,600022,0,0,0,0,1,25345,1,20,165,156,500,0,1,10001,2026/03/01 5:00:00,2026/03/02 4:59:59
2200346,9,100004,1,13,0,0,1,25346,1,21,165,156,500,0,1,10001,2026/03/01 5:00:00,2026/03/02 4:59:59
2200347,9,600022,0,0,0,0,1,25347,1,18,165,156,500,0,1,10001,2026/03/02 5:00:00,2026/03/03 4:59:59
2200348,9,100004,1,13,0,0,1,25348,1,19,165,156,500,0,1,10001,2026/03/02 5:00:00,2026/03/03 4:59:59
2200349,9,600022,0,0,0,0,1,25349,1,20,165,156,500,0,1,10001,2026/03/03 5:00:00,2026/03/04 4:59:59
2200350,9,100004,1,13,0,0,1,25350,1,21,165,156,500,0,1,10001,2026/03/03 5:00:00,2026/03/04 4:59:59
2200351,9,600022,0,0,0,0,1,25351,1,22,165,156,500,0,1,10001,2026/03/04 5:00:00,2026/03/05 4:59:59
2200352,9,100004,1,13,0,0,1,25352,1,23,165,156,500,0,1,10001,2026/03/04 5:00:00,2026/03/05 4:59:59
2200353,9,600022,0,0,0,0,1,25353,1,22,165,156,500,0,1,10001,2026/03/05 5:00:00,2026/03/06 4:59:59
2200354,9,100004,1,13,0,0,1,25354,1,23,165,156,500,0,1,10001,2026/03/05 5:00:00,2026/03/06 4:59:59
2200355,9,600022,0,0,0,0,1,25355,1,23,165,156,500,0,1,10001,2026/03/06 5:00:00,2026/03/07 4:59:59
2200356,9,100004,1,13,0,0,1,25356,1,23,165,156,500,0,1,10001,2026/03/06 5:00:00,2026/03/07 4:59:59
2200357,12,700001,14001,2,0,0,5,25357,1,1,165,156,1500,0,1,10001,2026/06/29 12:00:00,2026/07/13 11:59:59
2200358,12,700001,14001,2,0,0,6,25358,1,2,165,156,2000,0,1,10001,2026/06/29 12:00:00,2026/07/13 11:59:59
2200359,12,700001,14001,2,0,0,7,25359,1,3,90,43,100,0,1,10001,2026/06/29 12:00:00,2026/07/13 11:59:59
2200360,12,700001,14001,3,0,0,5,25360,1,4,165,156,1500,0,1,10001,2026/06/29 12:00:00,2026/07/13 11:59:59
2200361,12,700001,14001,3,0,0,6,25361,1,5,165,156,2000,0,1,10001,2026/06/29 12:00:00,2026/07/13 11:59:59
2200362,12,700001,14001,3,0,0,7,25362,1,6,90,43,100,0,1,10001,2026/06/29 12:00:00,2026/07/13 11:59:59
2200363,12,700001,14001,4,0,0,5,25363,1,7,90,43,100,0,1,10001,2026/06/29 12:00:00,2026/07/13 11:59:59
2200364,12,700001,14001,4,0,0,6,25364,1,8,165,156,1000,0,1,10001,2026/06/29 12:00:00,2026/07/13 11:59:59
2200365,12,700001,14001,4,0,0,7,25365,1,9,55,320013,1,0,1,10001,2026/06/29 12:00:00,2026/07/13 11:59:59
2200366,9,600022,0,0,0,0,1,25366,1,10,165,156,500,0,1,10001,2026/06/29 12:00:00,2026/06/30 4:59:59
2200367,9,100004,1,14,0,0,1,25367,1,11,165,156,500,0,1,10001,2026/06/29 12:00:00,2026/06/30 4:59:59
2200368,9,600022,0,0,0,0,1,25368,1,12,165,156,500,0,1,10001,2026/06/30 5:00:00,2026/07/01 4:59:59
2200369,9,100004,1,14,0,0,1,25369,1,13,165,156,500,0,1,10001,2026/06/30 5:00:00,2026/07/01 4:59:59
2200370,9,600022,0,0,0,0,1,25370,1,14,165,156,500,0,1,10001,2026/07/01 5:00:00,2026/07/02 4:59:59
2200371,9,100004,1,14,0,0,1,25371,1,15,165,156,500,0,1,10001,2026/07/01 5:00:00,2026/07/02 4:59:59
2200372,9,600022,0,0,0,0,1,25372,1,16,165,156,500,0,1,10001,2026/07/02 5:00:00,2026/07/03 4:59:59
2200373,9,100004,1,14,0,0,1,25373,1,17,165,156,500,0,1,10001,2026/07/02 5:00:00,2026/07/03 4:59:59
2200374,9,600022,0,0,0,0,1,25374,1,18,165,156,500,0,1,10001,2026/07/03 5:00:00,2026/07/04 4:59:59
2200375,9,100004,1,14,0,0,1,25375,1,19,165,156,500,0,1,10001,2026/07/03 5:00:00,2026/07/04 4:59:59
2200376,9,600022,0,0,0,0,1,25376,1,20,165,156,500,0,1,10001,2026/07/04 5:00:00,2026/07/05 4:59:59
2200377,9,100004,1,14,0,0,1,25377,1,21,165,156,500,0,1,10001,2026/07/04 5:00:00,2026/07/05 4:59:59
2200378,9,600022,0,0,0,0,1,25378,1,18,165,156,500,0,1,10001,2026/07/05 5:00:00,2026/07/06 4:59:59
2200379,9,100004,1,14,0,0,1,25379,1,19,165,156,500,0,1,10001,2026/07/05 5:00:00,2026/07/06 4:59:59
2200380,9,600022,0,0,0,0,1,25380,1,20,165,156,500,0,1,10001,2026/07/06 5:00:00,2026/07/07 4:59:59
2200381,9,100004,1,14,0,0,1,25381,1,21,165,156,500,0,1,10001,2026/07/06 5:00:00,2026/07/07 4:59:59
2200382,9,600022,0,0,0,0,1,25382,1,22,165,156,500,0,1,10001,2026/07/07 5:00:00,2026/07/08 4:59:59
2200383,9,100004,1,14,0,0,1,25383,1,23,165,156,500,0,1,10001,2026/07/07 5:00:00,2026/07/08 4:59:59
2200384,9,600022,0,0,0,0,1,25384,1,22,165,156,500,0,1,10001,2026/07/08 5:00:00,2026/07/09 4:59:59
2200385,9,100004,1,14,0,0,1,25385,1,23,165,156,500,0,1,10001,2026/07/08 5:00:00,2026/07/09 4:59:59
2200386,9,600022,0,0,0,0,1,25386,1,23,165,156,500,0,1,10001,2026/07/09 5:00:00,2026/07/10 4:59:59
2200387,9,100004,1,14,0,0,1,25387,1,23,165,156,500,0,1,10001,2026/07/09 5:00:00,2026/07/10 4:59:59
2200388,9,600022,0,0,0,0,1,25388,1,23,165,156,500,0,1,10001,2026/07/10 5:00:00,2026/07/11 4:59:59
2200389,9,100004,1,14,0,0,1,25389,1,23,165,156,500,0,1,10001,2026/07/10 5:00:00,2026/07/11 4:59:59
2300001,11,200024,630001,0,0,0,1,0,1,1,21,34,1,0,1,20006,2022/01/11 12:00:00,2022/01/12 4:59:59
2300002,11,200024,630002,0,0,0,1,0,1,1,21,34,1,0,1,20006,2022/01/11 12:00:00,2022/01/12 4:59:59
2300003,11,200024,630003,0,0,0,1,0,1,1,21,34,1,0,1,20006,2022/01/11 12:00:00,2022/01/12 4:59:59
2300004,11,200024,630004,0,0,0,1,0,1,1,21,34,1,0,1,20006,2022/01/11 12:00:00,2022/01/12 4:59:59
2300005,11,200024,630005,630006,0,0,1,0,1,1,21,34,1,0,1,20006,2022/01/11 12:00:00,2022/01/12 4:59:59
2300006,11,200024,630001,0,0,0,1,0,1,1,21,34,1,0,1,20006,2022/01/12 5:00:00,2022/01/13 4:59:59
2300007,11,200024,630002,0,0,0,1,0,1,1,21,34,1,0,1,20006,2022/01/12 5:00:00,2022/01/13 4:59:59
2300008,11,200024,630003,0,0,0,1,0,1,1,21,34,1,0,1,20006,2022/01/12 5:00:00,2022/01/13 4:59:59
2300009,11,200024,630004,0,0,0,1,0,1,1,21,34,1,0,1,20006,2022/01/12 5:00:00,2022/01/13 4:59:59
2300010,11,200024,630005,630006,0,0,1,0,1,1,21,34,1,0,1,20006,2022/01/12 5:00:00,2022/01/13 4:59:59
2300011,11,200024,630001,0,0,0,1,0,1,1,21,34,1,0,1,20006,2022/01/13 5:00:00,2022/01/14 4:59:59
2300012,11,200024,630002,0,0,0,1,0,1,1,21,34,1,0,1,20006,2022/01/13 5:00:00,2022/01/14 4:59:59
2300013,11,200024,630003,0,0,0,1,0,1,1,21,34,1,0,1,20006,2022/01/13 5:00:00,2022/01/14 4:59:59
2300014,11,200024,630004,0,0,0,1,0,1,1,21,34,1,0,1,20006,2022/01/13 5:00:00,2022/01/14 4:59:59
2300015,11,200024,630005,630006,0,0,1,0,1,1,21,34,1,0,1,20006,2022/01/13 5:00:00,2022/01/14 4:59:59
2300016,11,200024,630001,0,0,0,1,0,1,1,21,34,1,0,1,20006,2022/01/14 5:00:00,2022/01/15 4:59:59
2300017,11,200024,630002,0,0,0,1,0,1,1,21,34,1,0,1,20006,2022/01/14 5:00:00,2022/01/15 4:59:59
2300018,11,200024,630003,0,0,0,1,0,1,1,21,34,1,0,1,20006,2022/01/14 5:00:00,2022/01/15 4:59:59
2300019,11,200024,630004,0,0,0,1,0,1,1,21,34,1,0,1,20006,2022/01/14 5:00:00,2022/01/15 4:59:59
2300020,11,200024,630005,630006,0,0,1,0,1,1,21,34,1,0,1,20006,2022/01/14 5:00:00,2022/01/15 4:59:59
2300021,11,200024,630001,0,0,0,1,0,1,1,21,34,1,0,1,20006,2022/01/15 5:00:00,2022/01/16 4:59:59
2300022,11,200024,630002,0,0,0,1,0,1,1,21,34,1,0,1,20006,2022/01/15 5:00:00,2022/01/16 4:59:59
2300023,11,200024,630003,0,0,0,1,0,1,1,21,34,1,0,1,20006,2022/01/15 5:00:00,2022/01/16 4:59:59
2300024,11,200024,630004,0,0,0,1,0,1,1,21,34,1,0,1,20006,2022/01/15 5:00:00,2022/01/16 4:59:59
2300025,11,200024,630005,630006,0,0,1,0,1,1,21,34,1,0,1,20006,2022/01/15 5:00:00,2022/01/16 4:59:59
2300026,11,200024,630001,0,0,0,1,0,1,1,21,34,1,0,1,20006,2022/01/16 5:00:00,2022/01/17 4:59:59
2300027,11,200024,630002,0,0,0,1,0,1,1,21,34,1,0,1,20006,2022/01/16 5:00:00,2022/01/17 4:59:59
2300028,11,200024,630003,0,0,0,1,0,1,1,21,34,1,0,1,20006,2022/01/16 5:00:00,2022/01/17 4:59:59
2300029,11,200024,630004,0,0,0,1,0,1,1,21,34,1,0,1,20006,2022/01/16 5:00:00,2022/01/17 4:59:59
2300030,11,200024,630005,630006,0,0,1,0,1,1,21,34,1,0,1,20006,2022/01/16 5:00:00,2022/01/17 4:59:59
2300031,11,200024,630001,0,0,0,1,0,1,1,21,34,1,0,1,20006,2022/01/17 5:00:00,2022/01/18 4:59:59
2300032,11,200024,630002,0,0,0,1,0,1,1,21,34,1,0,1,20006,2022/01/17 5:00:00,2022/01/18 4:59:59
2300033,11,200024,630003,0,0,0,1,0,1,1,21,34,1,0,1,20006,2022/01/17 5:00:00,2022/01/18 4:59:59
2300034,11,200024,630004,0,0,0,1,0,1,1,21,34,1,0,1,20006,2022/01/17 5:00:00,2022/01/18 4:59:59
2300035,11,200024,630005,630006,0,0,1,0,1,1,21,34,1,0,1,20006,2022/01/17 5:00:00,2022/01/18 4:59:59
2300036,11,200024,630001,0,0,0,1,0,1,1,21,34,1,0,1,20006,2022/01/18 5:00:00,2022/01/18 11:59:59
2300037,11,200024,630002,0,0,0,1,0,1,1,21,34,1,0,1,20006,2022/01/18 5:00:00,2022/01/18 11:59:59
2300038,11,200024,630003,0,0,0,1,0,1,1,21,34,1,0,1,20006,2022/01/18 5:00:00,2022/01/18 11:59:59
2300039,11,200024,630004,0,0,0,1,0,1,1,21,34,1,0,1,20006,2022/01/18 5:00:00,2022/01/18 11:59:59
2300040,11,200024,630005,630006,0,0,1,0,1,1,21,34,1,0,1,20006,2022/01/18 5:00:00,2022/01/18 11:59:59
2300041,10,200025,4000101,1,0,0,1,0,1,1,90,43,30,0,1,20006,2022/01/11 12:00:00,2022/01/21 11:59:59
2300042,10,200025,4000101,2,0,0,1,0,1,1,90,43,30,0,1,20006,2022/01/11 12:00:00,2022/01/21 11:59:59
2300043,10,200025,4000101,3,0,0,1,0,1,1,90,43,30,0,1,20006,2022/01/11 12:00:00,2022/01/21 11:59:59
2300044,10,200025,4000101,4,0,0,1,0,1,1,90,43,30,0,1,20006,2022/01/11 12:00:00,2022/01/21 11:59:59
2300045,10,200025,4000101,5,0,0,1,0,1,1,90,43,30,0,1,20006,2022/01/11 12:00:00,2022/01/21 11:59:59
2300046,10,200026,0,0,0,0,10000,0,1,1,91,59,10000,0,1,20006,2022/01/11 12:00:00,2022/01/21 11:59:59
2300047,10,200026,0,0,0,0,30000,0,1,1,30,110,5000,0,1,20006,2022/01/11 12:00:00,2022/01/21 11:59:59
2300048,10,200026,0,0,0,0,50000,0,1,1,97,115,5,0,1,20006,2022/01/11 12:00:00,2022/01/21 11:59:59
2300049,10,200026,0,0,0,0,70000,0,1,1,91,59,15000,0,1,20006,2022/01/11 12:00:00,2022/01/21 11:59:59
2300050,10,200026,0,0,0,0,100000,0,1,1,30,110,7500,0,1,20006,2022/01/11 12:00:00,2022/01/21 11:59:59
2300051,10,200026,0,0,0,0,120000,0,1,1,164,150,1,0,1,20006,2022/01/11 12:00:00,2022/01/21 11:59:59
2300052,10,200026,0,0,0,0,140000,0,1,1,91,59,30000,0,1,20006,2022/01/11 12:00:00,2022/01/21 11:59:59
2300053,10,200026,0,0,0,0,160000,0,1,1,30,110,15000,0,1,20006,2022/01/11 12:00:00,2022/01/21 11:59:59
2300054,10,200026,0,0,0,0,180000,0,1,1,97,115,10,0,1,20006,2022/01/11 12:00:00,2022/01/21 11:59:59
2300055,10,200026,0,0,0,0,200000,0,1,1,164,149,1,0,1,20006,2022/01/11 12:00:00,2022/01/21 11:59:59
2300056,11,200024,630007,0,0,0,1,0,1,1,21,34,1,0,1,20006,2022/04/15 12:00:00,2022/04/16 4:59:59
2300057,11,200024,630008,0,0,0,1,0,1,1,21,34,1,0,1,20006,2022/04/15 12:00:00,2022/04/16 4:59:59
2300058,11,200024,630009,0,0,0,1,0,1,1,21,34,1,0,1,20006,2022/04/15 12:00:00,2022/04/16 4:59:59
2300059,11,200024,630010,0,0,0,1,0,1,1,21,34,1,0,1,20006,2022/04/15 12:00:00,2022/04/16 4:59:59
2300060,11,200024,630011,630012,0,0,1,0,1,1,21,34,1,0,1,20006,2022/04/15 12:00:00,2022/04/16 4:59:59
2300061,11,200024,630007,0,0,0,1,0,1,1,21,34,1,0,1,20006,2022/04/16 5:00:00,2022/04/17 4:59:59
2300062,11,200024,630008,0,0,0,1,0,1,1,21,34,1,0,1,20006,2022/04/16 5:00:00,2022/04/17 4:59:59
2300063,11,200024,630009,0,0,0,1,0,1,1,21,34,1,0,1,20006,2022/04/16 5:00:00,2022/04/17 4:59:59
2300064,11,200024,630010,0,0,0,1,0,1,1,21,34,1,0,1,20006,2022/04/16 5:00:00,2022/04/17 4:59:59
2300065,11,200024,630011,630012,0,0,1,0,1,1,21,34,1,0,1,20006,2022/04/16 5:00:00,2022/04/17 4:59:59
2300066,11,200024,630007,0,0,0,1,0,1,1,21,34,1,0,1,20006,2022/04/17 5:00:00,2022/04/18 4:59:59
2300067,11,200024,630008,0,0,0,1,0,1,1,21,34,1,0,1,20006,2022/04/17 5:00:00,2022/04/18 4:59:59
2300068,11,200024,630009,0,0,0,1,0,1,1,21,34,1,0,1,20006,2022/04/17 5:00:00,2022/04/18 4:59:59
2300069,11,200024,630010,0,0,0,1,0,1,1,21,34,1,0,1,20006,2022/04/17 5:00:00,2022/04/18 4:59:59
2300070,11,200024,630011,630012,0,0,1,0,1,1,21,34,1,0,1,20006,2022/04/17 5:00:00,2022/04/18 4:59:59
2300071,11,200024,630007,0,0,0,1,0,1,1,21,34,1,0,1,20006,2022/04/18 5:00:00,2022/04/19 4:59:59
2300072,11,200024,630008,0,0,0,1,0,1,1,21,34,1,0,1,20006,2022/04/18 5:00:00,2022/04/19 4:59:59
2300073,11,200024,630009,0,0,0,1,0,1,1,21,34,1,0,1,20006,2022/04/18 5:00:00,2022/04/19 4:59:59
2300074,11,200024,630010,0,0,0,1,0,1,1,21,34,1,0,1,20006,2022/04/18 5:00:00,2022/04/19 4:59:59
2300075,11,200024,630011,630012,0,0,1,0,1,1,21,34,1,0,1,20006,2022/04/18 5:00:00,2022/04/19 4:59:59
2300076,11,200024,630007,0,0,0,1,0,1,1,21,34,1,0,1,20006,2022/04/19 5:00:00,2022/04/20 4:59:59
2300077,11,200024,630008,0,0,0,1,0,1,1,21,34,1,0,1,20006,2022/04/19 5:00:00,2022/04/20 4:59:59
2300078,11,200024,630009,0,0,0,1,0,1,1,21,34,1,0,1,20006,2022/04/19 5:00:00,2022/04/20 4:59:59
2300079,11,200024,630010,0,0,0,1,0,1,1,21,34,1,0,1,20006,2022/04/19 5:00:00,2022/04/20 4:59:59
2300080,11,200024,630011,630012,0,0,1,0,1,1,21,34,1,0,1,20006,2022/04/19 5:00:00,2022/04/20 4:59:59
2300081,11,200024,630007,0,0,0,1,0,1,1,21,34,1,0,1,20006,2022/04/20 5:00:00,2022/04/21 4:59:59
2300082,11,200024,630008,0,0,0,1,0,1,1,21,34,1,0,1,20006,2022/04/20 5:00:00,2022/04/21 4:59:59
2300083,11,200024,630009,0,0,0,1,0,1,1,21,34,1,0,1,20006,2022/04/20 5:00:00,2022/04/21 4:59:59
2300084,11,200024,630010,0,0,0,1,0,1,1,21,34,1,0,1,20006,2022/04/20 5:00:00,2022/04/21 4:59:59
2300085,11,200024,630011,630012,0,0,1,0,1,1,21,34,1,0,1,20006,2022/04/20 5:00:00,2022/04/21 4:59:59
2300086,11,200024,630007,0,0,0,1,0,1,1,21,34,1,0,1,20006,2022/04/21 5:00:00,2022/04/22 4:59:59
2300087,11,200024,630008,0,0,0,1,0,1,1,21,34,1,0,1,20006,2022/04/21 5:00:00,2022/04/22 4:59:59
2300088,11,200024,630009,0,0,0,1,0,1,1,21,34,1,0,1,20006,2022/04/21 5:00:00,2022/04/22 4:59:59
2300089,11,200024,630010,0,0,0,1,0,1,1,21,34,1,0,1,20006,2022/04/21 5:00:00,2022/04/22 4:59:59
2300090,11,200024,630011,630012,0,0,1,0,1,1,21,34,1,0,1,20006,2022/04/21 5:00:00,2022/04/22 4:59:59
2300091,11,200024,630007,0,0,0,1,0,1,1,21,34,1,0,1,20006,2022/04/22 5:00:00,2022/04/22 11:59:59
2300092,11,200024,630008,0,0,0,1,0,1,1,21,34,1,0,1,20006,2022/04/22 5:00:00,2022/04/22 11:59:59
2300093,11,200024,630009,0,0,0,1,0,1,1,21,34,1,0,1,20006,2022/04/22 5:00:00,2022/04/22 11:59:59
2300094,11,200024,630010,0,0,0,1,0,1,1,21,34,1,0,1,20006,2022/04/22 5:00:00,2022/04/22 11:59:59
2300095,11,200024,630011,630012,0,0,1,0,1,1,21,34,1,0,1,20006,2022/04/22 5:00:00,2022/04/22 11:59:59
2300096,10,100038,0,1000012,0,0,1,0,1,1,90,43,100,0,1,20006,2022/04/15 12:00:00,2022/04/25 11:59:59
2300097,10,200026,0,0,0,0,10000,0,1,1,91,59,20000,0,1,20006,2022/04/15 12:00:00,2022/04/25 11:59:59
2300098,10,200026,0,0,0,0,20000,0,1,1,30,110,5000,0,1,20006,2022/04/15 12:00:00,2022/04/25 11:59:59
2300099,10,200026,0,0,0,0,30000,0,1,1,97,115,5,0,1,20006,2022/04/15 12:00:00,2022/04/25 11:59:59
2300100,10,200026,0,0,0,0,40000,0,1,1,91,59,25000,0,1,20006,2022/04/15 12:00:00,2022/04/25 11:59:59
2300101,10,200026,0,0,0,0,50000,0,1,1,30,110,7500,0,1,20006,2022/04/15 12:00:00,2022/04/25 11:59:59
2300102,10,200026,0,0,0,0,60000,0,1,1,164,150,1,0,1,20006,2022/04/15 12:00:00,2022/04/25 11:59:59
2300103,10,200026,0,0,0,0,70000,0,1,1,91,59,30000,0,1,20006,2022/04/15 12:00:00,2022/04/25 11:59:59
2300104,10,200026,0,0,0,0,80000,0,1,1,30,110,15000,0,1,20006,2022/04/15 12:00:00,2022/04/25 11:59:59
2300105,10,200026,0,0,0,0,90000,0,1,1,97,115,10,0,1,20006,2022/04/15 12:00:00,2022/04/25 11:59:59
2300106,10,200026,0,0,0,0,100000,0,1,1,164,149,1,0,1,20006,2022/04/15 12:00:00,2022/04/25 11:59:59
2300107,11,200024,630013,0,0,0,1,0,1,1,21,34,1,0,1,20006,2023/01/23 12:00:00,2023/01/24 4:59:59
2300108,11,200024,630014,0,0,0,1,0,1,1,21,34,1,0,1,20006,2023/01/23 12:00:00,2023/01/24 4:59:59
2300109,11,200024,630015,0,0,0,1,0,1,1,21,34,1,0,1,20006,2023/01/23 12:00:00,2023/01/24 4:59:59
2300110,11,200024,630016,0,0,0,1,0,1,1,21,34,1,0,1,20006,2023/01/23 12:00:00,2023/01/24 4:59:59
2300111,11,200024,630017,630018,0,0,1,0,1,1,21,34,1,0,1,20006,2023/01/23 12:00:00,2023/01/24 4:59:59
2300112,11,200024,630013,0,0,0,1,0,1,1,21,34,1,0,1,20006,2023/01/24 5:00:00,2023/01/25 4:59:59
2300113,11,200024,630014,0,0,0,1,0,1,1,21,34,1,0,1,20006,2023/01/24 5:00:00,2023/01/25 4:59:59
2300114,11,200024,630015,0,0,0,1,0,1,1,21,34,1,0,1,20006,2023/01/24 5:00:00,2023/01/25 4:59:59
2300115,11,200024,630016,0,0,0,1,0,1,1,21,34,1,0,1,20006,2023/01/24 5:00:00,2023/01/25 4:59:59
2300116,11,200024,630017,630018,0,0,1,0,1,1,21,34,1,0,1,20006,2023/01/24 5:00:00,2023/01/25 4:59:59
2300117,11,200024,630013,0,0,0,1,0,1,1,21,34,1,0,1,20006,2023/01/25 5:00:00,2023/01/26 4:59:59
2300118,11,200024,630014,0,0,0,1,0,1,1,21,34,1,0,1,20006,2023/01/25 5:00:00,2023/01/26 4:59:59
2300119,11,200024,630015,0,0,0,1,0,1,1,21,34,1,0,1,20006,2023/01/25 5:00:00,2023/01/26 4:59:59
2300120,11,200024,630016,0,0,0,1,0,1,1,21,34,1,0,1,20006,2023/01/25 5:00:00,2023/01/26 4:59:59
2300121,11,200024,630017,630018,0,0,1,0,1,1,21,34,1,0,1,20006,2023/01/25 5:00:00,2023/01/26 4:59:59
2300122,11,200024,630013,0,0,0,1,0,1,1,21,34,1,0,1,20006,2023/01/26 5:00:00,2023/01/27 4:59:59
2300123,11,200024,630014,0,0,0,1,0,1,1,21,34,1,0,1,20006,2023/01/26 5:00:00,2023/01/27 4:59:59
2300124,11,200024,630015,0,0,0,1,0,1,1,21,34,1,0,1,20006,2023/01/26 5:00:00,2023/01/27 4:59:59
2300125,11,200024,630016,0,0,0,1,0,1,1,21,34,1,0,1,20006,2023/01/26 5:00:00,2023/01/27 4:59:59
2300126,11,200024,630017,630018,0,0,1,0,1,1,21,34,1,0,1,20006,2023/01/26 5:00:00,2023/01/27 4:59:59
2300127,11,200024,630013,0,0,0,1,0,1,1,21,34,1,0,1,20006,2023/01/27 5:00:00,2023/01/28 4:59:59
2300128,11,200024,630014,0,0,0,1,0,1,1,21,34,1,0,1,20006,2023/01/27 5:00:00,2023/01/28 4:59:59
2300129,11,200024,630015,0,0,0,1,0,1,1,21,34,1,0,1,20006,2023/01/27 5:00:00,2023/01/28 4:59:59
2300130,11,200024,630016,0,0,0,1,0,1,1,21,34,1,0,1,20006,2023/01/27 5:00:00,2023/01/28 4:59:59
2300131,11,200024,630017,630018,0,0,1,0,1,1,21,34,1,0,1,20006,2023/01/27 5:00:00,2023/01/28 4:59:59
2300132,11,200024,630013,0,0,0,1,0,1,1,21,34,1,0,1,20006,2023/01/28 5:00:00,2023/01/29 4:59:59
2300133,11,200024,630014,0,0,0,1,0,1,1,21,34,1,0,1,20006,2023/01/28 5:00:00,2023/01/29 4:59:59
2300134,11,200024,630015,0,0,0,1,0,1,1,21,34,1,0,1,20006,2023/01/28 5:00:00,2023/01/29 4:59:59
2300135,11,200024,630016,0,0,0,1,0,1,1,21,34,1,0,1,20006,2023/01/28 5:00:00,2023/01/29 4:59:59
2300136,11,200024,630017,630018,0,0,1,0,1,1,21,34,1,0,1,20006,2023/01/28 5:00:00,2023/01/29 4:59:59
2300137,11,200024,630013,0,0,0,1,0,1,1,21,34,1,0,1,20006,2023/01/29 5:00:00,2023/01/30 4:59:59
2300138,11,200024,630014,0,0,0,1,0,1,1,21,34,1,0,1,20006,2023/01/29 5:00:00,2023/01/30 4:59:59
2300139,11,200024,630015,0,0,0,1,0,1,1,21,34,1,0,1,20006,2023/01/29 5:00:00,2023/01/30 4:59:59
2300140,11,200024,630016,0,0,0,1,0,1,1,21,34,1,0,1,20006,2023/01/29 5:00:00,2023/01/30 4:59:59
2300141,11,200024,630017,630018,0,0,1,0,1,1,21,34,1,0,1,20006,2023/01/29 5:00:00,2023/01/30 4:59:59
2300142,11,200024,630013,0,0,0,1,0,1,1,21,34,1,0,1,20006,2023/01/30 5:00:00,2023/01/30 11:59:59
2300143,11,200024,630014,0,0,0,1,0,1,1,21,34,1,0,1,20006,2023/01/30 5:00:00,2023/01/30 11:59:59
2300144,11,200024,630015,0,0,0,1,0,1,1,21,34,1,0,1,20006,2023/01/30 5:00:00,2023/01/30 11:59:59
2300145,11,200024,630016,0,0,0,1,0,1,1,21,34,1,0,1,20006,2023/01/30 5:00:00,2023/01/30 11:59:59
2300146,11,200024,630017,630018,0,0,1,0,1,1,21,34,1,0,1,20006,2023/01/30 5:00:00,2023/01/30 11:59:59
2300147,10,100038,0,1000013,0,0,1,0,1,1,90,43,100,0,1,20006,2023/01/23 12:00:00,2023/02/02 11:59:59
2300148,10,200026,0,0,0,0,10000,0,1,1,91,59,20000,0,1,20006,2023/01/23 12:00:00,2023/02/02 11:59:59
2300149,10,200026,0,0,0,0,20000,0,1,1,30,110,5000,0,1,20006,2023/01/23 12:00:00,2023/02/02 11:59:59
2300150,10,200026,0,0,0,0,30000,0,1,1,97,115,5,0,1,20006,2023/01/23 12:00:00,2023/02/02 11:59:59
2300151,10,200026,0,0,0,0,40000,0,1,1,91,59,25000,0,1,20006,2023/01/23 12:00:00,2023/02/02 11:59:59
2300152,10,200026,0,0,0,0,50000,0,1,1,30,110,7500,0,1,20006,2023/01/23 12:00:00,2023/02/02 11:59:59
2300153,10,200026,0,0,0,0,60000,0,1,1,164,150,1,0,1,20006,2023/01/23 12:00:00,2023/02/02 11:59:59
2300154,10,200026,0,0,0,0,70000,0,1,1,91,59,30000,0,1,20006,2023/01/23 12:00:00,2023/02/02 11:59:59
2300155,10,200026,0,0,0,0,80000,0,1,1,30,110,15000,0,1,20006,2023/01/23 12:00:00,2023/02/02 11:59:59
2300156,10,200026,0,0,0,0,90000,0,1,1,97,115,10,0,1,20006,2023/01/23 12:00:00,2023/02/02 11:59:59
2300157,10,200026,0,0,0,0,100000,0,1,1,164,149,1,0,1,20006,2023/01/23 12:00:00,2023/02/02 11:59:59
2300158,11,200024,630019,0,0,0,1,0,1,1,21,34,1,0,1,20006,2023/05/22 12:00:00,2023/05/23 4:59:59
2300159,11,200024,630020,0,0,0,1,0,1,1,21,34,1,0,1,20006,2023/05/22 12:00:00,2023/05/23 4:59:59
2300160,11,200024,630021,0,0,0,1,0,1,1,21,34,1,0,1,20006,2023/05/22 12:00:00,2023/05/23 4:59:59
2300161,11,200024,630022,0,0,0,1,0,1,1,21,34,1,0,1,20006,2023/05/22 12:00:00,2023/05/23 4:59:59
2300162,11,200024,630023,630024,0,0,1,0,1,1,21,34,1,0,1,20006,2023/05/22 12:00:00,2023/05/23 4:59:59
2300163,11,200024,630019,0,0,0,1,0,1,1,21,34,1,0,1,20006,2023/05/23 5:00:00,2023/05/24 4:59:59
2300164,11,200024,630020,0,0,0,1,0,1,1,21,34,1,0,1,20006,2023/05/23 5:00:00,2023/05/24 4:59:59
2300165,11,200024,630021,0,0,0,1,0,1,1,21,34,1,0,1,20006,2023/05/23 5:00:00,2023/05/24 4:59:59
2300166,11,200024,630022,0,0,0,1,0,1,1,21,34,1,0,1,20006,2023/05/23 5:00:00,2023/05/24 4:59:59
2300167,11,200024,630023,630024,0,0,1,0,1,1,21,34,1,0,1,20006,2023/05/23 5:00:00,2023/05/24 4:59:59
2300168,11,200024,630019,0,0,0,1,0,1,1,21,34,1,0,1,20006,2023/05/24 5:00:00,2023/05/25 4:59:59
2300169,11,200024,630020,0,0,0,1,0,1,1,21,34,1,0,1,20006,2023/05/24 5:00:00,2023/05/25 4:59:59
2300170,11,200024,630021,0,0,0,1,0,1,1,21,34,1,0,1,20006,2023/05/24 5:00:00,2023/05/25 4:59:59
2300171,11,200024,630022,0,0,0,1,0,1,1,21,34,1,0,1,20006,2023/05/24 5:00:00,2023/05/25 4:59:59
2300172,11,200024,630023,630024,0,0,1,0,1,1,21,34,1,0,1,20006,2023/05/24 5:00:00,2023/05/25 4:59:59
2300173,11,200024,630019,0,0,0,1,0,1,1,21,34,1,0,1,20006,2023/05/25 5:00:00,2023/05/26 4:59:59
2300174,11,200024,630020,0,0,0,1,0,1,1,21,34,1,0,1,20006,2023/05/25 5:00:00,2023/05/26 4:59:59
2300175,11,200024,630021,0,0,0,1,0,1,1,21,34,1,0,1,20006,2023/05/25 5:00:00,2023/05/26 4:59:59
2300176,11,200024,630022,0,0,0,1,0,1,1,21,34,1,0,1,20006,2023/05/25 5:00:00,2023/05/26 4:59:59
2300177,11,200024,630023,630024,0,0,1,0,1,1,21,34,1,0,1,20006,2023/05/25 5:00:00,2023/05/26 4:59:59
2300178,11,200024,630019,0,0,0,1,0,1,1,21,34,1,0,1,20006,2023/05/26 5:00:00,2023/05/27 4:59:59
2300179,11,200024,630020,0,0,0,1,0,1,1,21,34,1,0,1,20006,2023/05/26 5:00:00,2023/05/27 4:59:59
2300180,11,200024,630021,0,0,0,1,0,1,1,21,34,1,0,1,20006,2023/05/26 5:00:00,2023/05/27 4:59:59
2300181,11,200024,630022,0,0,0,1,0,1,1,21,34,1,0,1,20006,2023/05/26 5:00:00,2023/05/27 4:59:59
2300182,11,200024,630023,630024,0,0,1,0,1,1,21,34,1,0,1,20006,2023/05/26 5:00:00,2023/05/27 4:59:59
2300183,11,200024,630019,0,0,0,1,0,1,1,21,34,1,0,1,20006,2023/05/27 5:00:00,2023/05/28 4:59:59
2300184,11,200024,630020,0,0,0,1,0,1,1,21,34,1,0,1,20006,2023/05/27 5:00:00,2023/05/28 4:59:59
2300185,11,200024,630021,0,0,0,1,0,1,1,21,34,1,0,1,20006,2023/05/27 5:00:00,2023/05/28 4:59:59
2300186,11,200024,630022,0,0,0,1,0,1,1,21,34,1,0,1,20006,2023/05/27 5:00:00,2023/05/28 4:59:59
2300187,11,200024,630023,630024,0,0,1,0,1,1,21,34,1,0,1,20006,2023/05/27 5:00:00,2023/05/28 4:59:59
2300188,11,200024,630019,0,0,0,1,0,1,1,21,34,1,0,1,20006,2023/05/28 5:00:00,2023/05/29 4:59:59
2300189,11,200024,630020,0,0,0,1,0,1,1,21,34,1,0,1,20006,2023/05/28 5:00:00,2023/05/29 4:59:59
2300190,11,200024,630021,0,0,0,1,0,1,1,21,34,1,0,1,20006,2023/05/28 5:00:00,2023/05/29 4:59:59
2300191,11,200024,630022,0,0,0,1,0,1,1,21,34,1,0,1,20006,2023/05/28 5:00:00,2023/05/29 4:59:59
2300192,11,200024,630023,630024,0,0,1,0,1,1,21,34,1,0,1,20006,2023/05/28 5:00:00,2023/05/29 4:59:59
2300193,11,200024,630019,0,0,0,1,0,1,1,21,34,1,0,1,20006,2023/05/29 5:00:00,2023/05/29 11:59:59
2300194,11,200024,630020,0,0,0,1,0,1,1,21,34,1,0,1,20006,2023/05/29 5:00:00,2023/05/29 11:59:59
2300195,11,200024,630021,0,0,0,1,0,1,1,21,34,1,0,1,20006,2023/05/29 5:00:00,2023/05/29 11:59:59
2300196,11,200024,630022,0,0,0,1,0,1,1,21,34,1,0,1,20006,2023/05/29 5:00:00,2023/05/29 11:59:59
2300197,11,200024,630023,630024,0,0,1,0,1,1,21,34,1,0,1,20006,2023/05/29 5:00:00,2023/05/29 11:59:59
2300198,10,100038,0,1000014,0,0,1,0,1,1,90,43,100,0,1,20006,2023/05/22 12:00:00,2023/06/01 11:59:59
2300199,10,200026,0,0,0,0,10000,0,1,1,91,59,20000,0,1,20006,2023/05/22 12:00:00,2023/06/01 11:59:59
2300200,10,200026,0,0,0,0,20000,0,1,1,30,110,5000,0,1,20006,2023/05/22 12:00:00,2023/06/01 11:59:59
2300201,10,200026,0,0,0,0,30000,0,1,1,97,115,5,0,1,20006,2023/05/22 12:00:00,2023/06/01 11:59:59
2300202,10,200026,0,0,0,0,40000,0,1,1,91,59,25000,0,1,20006,2023/05/22 12:00:00,2023/06/01 11:59:59
2300203,10,200026,0,0,0,0,50000,0,1,1,30,110,7500,0,1,20006,2023/05/22 12:00:00,2023/06/01 11:59:59
2300204,10,200026,0,0,0,0,60000,0,1,1,164,150,1,0,1,20006,2023/05/22 12:00:00,2023/06/01 11:59:59
2300205,10,200026,0,0,0,0,70000,0,1,1,91,59,30000,0,1,20006,2023/05/22 12:00:00,2023/06/01 11:59:59
2300206,10,200026,0,0,0,0,80000,0,1,1,30,110,15000,0,1,20006,2023/05/22 12:00:00,2023/06/01 11:59:59
2300207,10,200026,0,0,0,0,90000,0,1,1,97,115,10,0,1,20006,2023/05/22 12:00:00,2023/06/01 11:59:59
2300208,10,200026,0,0,0,0,100000,0,1,1,164,149,1,0,1,20006,2023/05/22 12:00:00,2023/06/01 11:59:59
2300209,11,200024,630025,0,0,0,1,0,1,1,21,34,1,0,1,20006,2023/09/22 12:00:00,2023/09/23 4:59:59
2300210,11,200024,630026,0,0,0,1,0,1,1,21,34,1,0,1,20006,2023/09/22 12:00:00,2023/09/23 4:59:59
2300211,11,200024,630027,0,0,0,1,0,1,1,21,34,1,0,1,20006,2023/09/22 12:00:00,2023/09/23 4:59:59
2300212,11,200024,630028,0,0,0,1,0,1,1,21,34,1,0,1,20006,2023/09/22 12:00:00,2023/09/23 4:59:59
2300213,11,200024,630029,630030,0,0,1,0,1,1,21,34,1,0,1,20006,2023/09/22 12:00:00,2023/09/23 4:59:59
2300214,11,200024,630025,0,0,0,1,0,1,1,21,34,1,0,1,20006,2023/09/23 5:00:00,2023/09/24 4:59:59
2300215,11,200024,630026,0,0,0,1,0,1,1,21,34,1,0,1,20006,2023/09/23 5:00:00,2023/09/24 4:59:59
2300216,11,200024,630027,0,0,0,1,0,1,1,21,34,1,0,1,20006,2023/09/23 5:00:00,2023/09/24 4:59:59
2300217,11,200024,630028,0,0,0,1,0,1,1,21,34,1,0,1,20006,2023/09/23 5:00:00,2023/09/24 4:59:59
2300218,11,200024,630029,630030,0,0,1,0,1,1,21,34,1,0,1,20006,2023/09/23 5:00:00,2023/09/24 4:59:59
2300219,11,200024,630025,0,0,0,1,0,1,1,21,34,1,0,1,20006,2023/09/24 5:00:00,2023/09/25 4:59:59
2300220,11,200024,630026,0,0,0,1,0,1,1,21,34,1,0,1,20006,2023/09/24 5:00:00,2023/09/25 4:59:59
2300221,11,200024,630027,0,0,0,1,0,1,1,21,34,1,0,1,20006,2023/09/24 5:00:00,2023/09/25 4:59:59
2300222,11,200024,630028,0,0,0,1,0,1,1,21,34,1,0,1,20006,2023/09/24 5:00:00,2023/09/25 4:59:59
2300223,11,200024,630029,630030,0,0,1,0,1,1,21,34,1,0,1,20006,2023/09/24 5:00:00,2023/09/25 4:59:59
2300224,11,200024,630025,0,0,0,1,0,1,1,21,34,1,0,1,20006,2023/09/25 5:00:00,2023/09/26 4:59:59
2300225,11,200024,630026,0,0,0,1,0,1,1,21,34,1,0,1,20006,2023/09/25 5:00:00,2023/09/26 4:59:59
2300226,11,200024,630027,0,0,0,1,0,1,1,21,34,1,0,1,20006,2023/09/25 5:00:00,2023/09/26 4:59:59
2300227,11,200024,630028,0,0,0,1,0,1,1,21,34,1,0,1,20006,2023/09/25 5:00:00,2023/09/26 4:59:59
2300228,11,200024,630029,630030,0,0,1,0,1,1,21,34,1,0,1,20006,2023/09/25 5:00:00,2023/09/26 4:59:59
2300229,11,200024,630025,0,0,0,1,0,1,1,21,34,1,0,1,20006,2023/09/26 5:00:00,2023/09/27 4:59:59
2300230,11,200024,630026,0,0,0,1,0,1,1,21,34,1,0,1,20006,2023/09/26 5:00:00,2023/09/27 4:59:59
2300231,11,200024,630027,0,0,0,1,0,1,1,21,34,1,0,1,20006,2023/09/26 5:00:00,2023/09/27 4:59:59
2300232,11,200024,630028,0,0,0,1,0,1,1,21,34,1,0,1,20006,2023/09/26 5:00:00,2023/09/27 4:59:59
2300233,11,200024,630029,630030,0,0,1,0,1,1,21,34,1,0,1,20006,2023/09/26 5:00:00,2023/09/27 4:59:59
2300234,11,200024,630025,0,0,0,1,0,1,1,21,34,1,0,1,20006,2023/09/27 5:00:00,2023/09/28 4:59:59
2300235,11,200024,630026,0,0,0,1,0,1,1,21,34,1,0,1,20006,2023/09/27 5:00:00,2023/09/28 4:59:59
2300236,11,200024,630027,0,0,0,1,0,1,1,21,34,1,0,1,20006,2023/09/27 5:00:00,2023/09/28 4:59:59
2300237,11,200024,630028,0,0,0,1,0,1,1,21,34,1,0,1,20006,2023/09/27 5:00:00,2023/09/28 4:59:59
2300238,11,200024,630029,630030,0,0,1,0,1,1,21,34,1,0,1,20006,2023/09/27 5:00:00,2023/09/28 4:59:59
2300239,11,200024,630025,0,0,0,1,0,1,1,21,34,1,0,1,20006,2023/09/28 5:00:00,2023/09/29 4:59:59
2300240,11,200024,630026,0,0,0,1,0,1,1,21,34,1,0,1,20006,2023/09/28 5:00:00,2023/09/29 4:59:59
2300241,11,200024,630027,0,0,0,1,0,1,1,21,34,1,0,1,20006,2023/09/28 5:00:00,2023/09/29 4:59:59
2300242,11,200024,630028,0,0,0,1,0,1,1,21,34,1,0,1,20006,2023/09/28 5:00:00,2023/09/29 4:59:59
2300243,11,200024,630029,630030,0,0,1,0,1,1,21,34,1,0,1,20006,2023/09/28 5:00:00,2023/09/29 4:59:59
2300244,11,200024,630025,0,0,0,1,0,1,1,21,34,1,0,1,20006,2023/09/29 5:00:00,2023/09/29 11:59:59
2300245,11,200024,630026,0,0,0,1,0,1,1,21,34,1,0,1,20006,2023/09/29 5:00:00,2023/09/29 11:59:59
2300246,11,200024,630027,0,0,0,1,0,1,1,21,34,1,0,1,20006,2023/09/29 5:00:00,2023/09/29 11:59:59
2300247,11,200024,630028,0,0,0,1,0,1,1,21,34,1,0,1,20006,2023/09/29 5:00:00,2023/09/29 11:59:59
2300248,11,200024,630029,630030,0,0,1,0,1,1,21,34,1,0,1,20006,2023/09/29 5:00:00,2023/09/29 11:59:59
2300249,10,100038,0,1000015,0,0,1,0,1,1,90,43,100,0,1,20006,2023/09/22 12:00:00,2023/10/02 11:59:59
2300250,10,200026,0,0,0,0,10000,0,1,1,91,59,20000,0,1,20006,2023/09/22 12:00:00,2023/10/02 11:59:59
2300251,10,200026,0,0,0,0,20000,0,1,1,30,110,5000,0,1,20006,2023/09/22 12:00:00,2023/10/02 11:59:59
2300252,10,200026,0,0,0,0,30000,0,1,1,93,44,10,0,1,20006,2023/09/22 12:00:00,2023/10/02 11:59:59
2300253,10,200026,0,0,0,0,40000,0,1,1,97,115,5,0,1,20006,2023/09/22 12:00:00,2023/10/02 11:59:59
2300254,10,200026,0,0,0,0,50000,0,1,1,93,44,10,0,1,20006,2023/09/22 12:00:00,2023/10/02 11:59:59
2300255,10,200026,0,0,0,0,60000,0,1,1,164,150,1,0,1,20006,2023/09/22 12:00:00,2023/10/02 11:59:59
2300256,10,200026,0,0,0,0,70000,0,1,1,91,59,30000,0,1,20006,2023/09/22 12:00:00,2023/10/02 11:59:59
2300257,10,200026,0,0,0,0,80000,0,1,1,30,110,15000,0,1,20006,2023/09/22 12:00:00,2023/10/02 11:59:59
2300258,10,200026,0,0,0,0,90000,0,1,1,97,115,10,0,1,20006,2023/09/22 12:00:00,2023/10/02 11:59:59
2300259,10,200026,0,0,0,0,100000,0,1,1,164,149,1,0,1,20006,2023/09/22 12:00:00,2023/10/02 11:59:59
2300260,11,200024,630031,0,0,0,1,0,1,1,21,34,1,0,1,20006,2023/12/21 12:00:00,2023/12/22 4:59:59
2300261,11,200024,630032,0,0,0,1,0,1,1,21,34,1,0,1,20006,2023/12/21 12:00:00,2023/12/22 4:59:59
2300262,11,200024,630033,0,0,0,1,0,1,1,21,34,1,0,1,20006,2023/12/21 12:00:00,2023/12/22 4:59:59
2300263,11,200024,630034,0,0,0,1,0,1,1,21,34,1,0,1,20006,2023/12/21 12:00:00,2023/12/22 4:59:59
2300264,11,200024,630035,630036,0,0,1,0,1,1,21,34,1,0,1,20006,2023/12/21 12:00:00,2023/12/22 4:59:59
2300265,11,200024,630031,0,0,0,1,0,1,1,21,34,1,0,1,20006,2023/12/22 5:00:00,2023/12/23 4:59:59
2300266,11,200024,630032,0,0,0,1,0,1,1,21,34,1,0,1,20006,2023/12/22 5:00:00,2023/12/23 4:59:59
2300267,11,200024,630033,0,0,0,1,0,1,1,21,34,1,0,1,20006,2023/12/22 5:00:00,2023/12/23 4:59:59
2300268,11,200024,630034,0,0,0,1,0,1,1,21,34,1,0,1,20006,2023/12/22 5:00:00,2023/12/23 4:59:59
2300269,11,200024,630035,630036,0,0,1,0,1,1,21,34,1,0,1,20006,2023/12/22 5:00:00,2023/12/23 4:59:59
2300270,11,200024,630031,0,0,0,1,0,1,1,21,34,1,0,1,20006,2023/12/23 5:00:00,2023/12/24 4:59:59
2300271,11,200024,630032,0,0,0,1,0,1,1,21,34,1,0,1,20006,2023/12/23 5:00:00,2023/12/24 4:59:59
2300272,11,200024,630033,0,0,0,1,0,1,1,21,34,1,0,1,20006,2023/12/23 5:00:00,2023/12/24 4:59:59
2300273,11,200024,630034,0,0,0,1,0,1,1,21,34,1,0,1,20006,2023/12/23 5:00:00,2023/12/24 4:59:59
2300274,11,200024,630035,630036,0,0,1,0,1,1,21,34,1,0,1,20006,2023/12/23 5:00:00,2023/12/24 4:59:59
2300275,11,200024,630031,0,0,0,1,0,1,1,21,34,1,0,1,20006,2023/12/24 5:00:00,2023/12/25 4:59:59
2300276,11,200024,630032,0,0,0,1,0,1,1,21,34,1,0,1,20006,2023/12/24 5:00:00,2023/12/25 4:59:59
2300277,11,200024,630033,0,0,0,1,0,1,1,21,34,1,0,1,20006,2023/12/24 5:00:00,2023/12/25 4:59:59
2300278,11,200024,630034,0,0,0,1,0,1,1,21,34,1,0,1,20006,2023/12/24 5:00:00,2023/12/25 4:59:59
2300279,11,200024,630035,630036,0,0,1,0,1,1,21,34,1,0,1,20006,2023/12/24 5:00:00,2023/12/25 4:59:59
2300280,11,200024,630031,0,0,0,1,0,1,1,21,34,1,0,1,20006,2023/12/25 5:00:00,2023/12/26 4:59:59
2300281,11,200024,630032,0,0,0,1,0,1,1,21,34,1,0,1,20006,2023/12/25 5:00:00,2023/12/26 4:59:59
2300282,11,200024,630033,0,0,0,1,0,1,1,21,34,1,0,1,20006,2023/12/25 5:00:00,2023/12/26 4:59:59
2300283,11,200024,630034,0,0,0,1,0,1,1,21,34,1,0,1,20006,2023/12/25 5:00:00,2023/12/26 4:59:59
2300284,11,200024,630035,630036,0,0,1,0,1,1,21,34,1,0,1,20006,2023/12/25 5:00:00,2023/12/26 4:59:59
2300285,11,200024,630031,0,0,0,1,0,1,1,21,34,1,0,1,20006,2023/12/26 5:00:00,2023/12/27 4:59:59
2300286,11,200024,630032,0,0,0,1,0,1,1,21,34,1,0,1,20006,2023/12/26 5:00:00,2023/12/27 4:59:59
2300287,11,200024,630033,0,0,0,1,0,1,1,21,34,1,0,1,20006,2023/12/26 5:00:00,2023/12/27 4:59:59
2300288,11,200024,630034,0,0,0,1,0,1,1,21,34,1,0,1,20006,2023/12/26 5:00:00,2023/12/27 4:59:59
2300289,11,200024,630035,630036,0,0,1,0,1,1,21,34,1,0,1,20006,2023/12/26 5:00:00,2023/12/27 4:59:59
2300290,11,200024,630031,0,0,0,1,0,1,1,21,34,1,0,1,20006,2023/12/27 5:00:00,2023/12/28 4:59:59
2300291,11,200024,630032,0,0,0,1,0,1,1,21,34,1,0,1,20006,2023/12/27 5:00:00,2023/12/28 4:59:59
2300292,11,200024,630033,0,0,0,1,0,1,1,21,34,1,0,1,20006,2023/12/27 5:00:00,2023/12/28 4:59:59
2300293,11,200024,630034,0,0,0,1,0,1,1,21,34,1,0,1,20006,2023/12/27 5:00:00,2023/12/28 4:59:59
2300294,11,200024,630035,630036,0,0,1,0,1,1,21,34,1,0,1,20006,2023/12/27 5:00:00,2023/12/28 4:59:59
2300295,11,200024,630031,0,0,0,1,0,1,1,21,34,1,0,1,20006,2023/12/28 5:00:00,2023/12/28 11:59:59
2300296,11,200024,630032,0,0,0,1,0,1,1,21,34,1,0,1,20006,2023/12/28 5:00:00,2023/12/28 11:59:59
2300297,11,200024,630033,0,0,0,1,0,1,1,21,34,1,0,1,20006,2023/12/28 5:00:00,2023/12/28 11:59:59
2300298,11,200024,630034,0,0,0,1,0,1,1,21,34,1,0,1,20006,2023/12/28 5:00:00,2023/12/28 11:59:59
2300299,11,200024,630035,630036,0,0,1,0,1,1,21,34,1,0,1,20006,2023/12/28 5:00:00,2023/12/28 11:59:59
2300300,10,100038,0,1000016,0,0,1,0,1,1,90,43,100,0,1,20006,2023/12/21 12:00:00,2023/12/31 11:59:59
2300301,10,200026,0,0,0,0,10000,0,1,1,91,59,20000,0,1,20006,2023/12/21 12:00:00,2023/12/31 11:59:59
2300302,10,200026,0,0,0,0,20000,0,1,1,30,110,5000,0,1,20006,2023/12/21 12:00:00,2023/12/31 11:59:59
2300303,10,200026,0,0,0,0,30000,0,1,1,93,44,10,0,1,20006,2023/12/21 12:00:00,2023/12/31 11:59:59
2300304,10,200026,0,0,0,0,40000,0,1,1,97,115,5,0,1,20006,2023/12/21 12:00:00,2023/12/31 11:59:59
2300305,10,200026,0,0,0,0,50000,0,1,1,93,44,10,0,1,20006,2023/12/21 12:00:00,2023/12/31 11:59:59
2300306,10,200026,0,0,0,0,60000,0,1,1,164,150,1,0,1,20006,2023/12/21 12:00:00,2023/12/31 11:59:59
2300307,10,200026,0,0,0,0,70000,0,1,1,91,59,30000,0,1,20006,2023/12/21 12:00:00,2023/12/31 11:59:59
2300308,10,200026,0,0,0,0,80000,0,1,1,30,110,15000,0,1,20006,2023/12/21 12:00:00,2023/12/31 11:59:59
2300309,10,200026,0,0,0,0,90000,0,1,1,97,115,10,0,1,20006,2023/12/21 12:00:00,2023/12/31 11:59:59
2300310,10,200026,0,0,0,0,100000,0,1,1,164,149,1,0,1,20006,2023/12/21 12:00:00,2023/12/31 11:59:59
2300311,11,200024,630037,0,0,0,1,0,1,1,21,34,1,0,1,20006,2024/10/11 12:00:00,2024/10/12 4:59:59
2300312,11,200024,630038,0,0,0,1,0,1,1,21,34,1,0,1,20006,2024/10/11 12:00:00,2024/10/12 4:59:59
2300313,11,200024,630039,0,0,0,1,0,1,1,21,34,1,0,1,20006,2024/10/11 12:00:00,2024/10/12 4:59:59
2300314,11,200024,630040,0,0,0,1,0,1,1,21,34,1,0,1,20006,2024/10/11 12:00:00,2024/10/12 4:59:59
2300315,11,200024,630041,630042,0,0,1,0,1,1,21,34,1,0,1,20006,2024/10/11 12:00:00,2024/10/12 4:59:59
2300316,11,200024,630037,0,0,0,1,0,1,1,21,34,1,0,1,20006,2024/10/12 5:00:00,2024/10/13 4:59:59
2300317,11,200024,630038,0,0,0,1,0,1,1,21,34,1,0,1,20006,2024/10/12 5:00:00,2024/10/13 4:59:59
2300318,11,200024,630039,0,0,0,1,0,1,1,21,34,1,0,1,20006,2024/10/12 5:00:00,2024/10/13 4:59:59
2300319,11,200024,630040,0,0,0,1,0,1,1,21,34,1,0,1,20006,2024/10/12 5:00:00,2024/10/13 4:59:59
2300320,11,200024,630041,630042,0,0,1,0,1,1,21,34,1,0,1,20006,2024/10/12 5:00:00,2024/10/13 4:59:59
2300321,11,200024,630037,0,0,0,1,0,1,1,21,34,1,0,1,20006,2024/10/13 5:00:00,2024/10/14 4:59:59
2300322,11,200024,630038,0,0,0,1,0,1,1,21,34,1,0,1,20006,2024/10/13 5:00:00,2024/10/14 4:59:59
2300323,11,200024,630039,0,0,0,1,0,1,1,21,34,1,0,1,20006,2024/10/13 5:00:00,2024/10/14 4:59:59
2300324,11,200024,630040,0,0,0,1,0,1,1,21,34,1,0,1,20006,2024/10/13 5:00:00,2024/10/14 4:59:59
2300325,11,200024,630041,630042,0,0,1,0,1,1,21,34,1,0,1,20006,2024/10/13 5:00:00,2024/10/14 4:59:59
2300326,11,200024,630037,0,0,0,1,0,1,1,21,34,1,0,1,20006,2024/10/14 5:00:00,2024/10/15 4:59:59
2300327,11,200024,630038,0,0,0,1,0,1,1,21,34,1,0,1,20006,2024/10/14 5:00:00,2024/10/15 4:59:59
2300328,11,200024,630039,0,0,0,1,0,1,1,21,34,1,0,1,20006,2024/10/14 5:00:00,2024/10/15 4:59:59
2300329,11,200024,630040,0,0,0,1,0,1,1,21,34,1,0,1,20006,2024/10/14 5:00:00,2024/10/15 4:59:59
2300330,11,200024,630041,630042,0,0,1,0,1,1,21,34,1,0,1,20006,2024/10/14 5:00:00,2024/10/15 4:59:59
2300331,11,200024,630037,0,0,0,1,0,1,1,21,34,1,0,1,20006,2024/10/15 5:00:00,2024/10/16 4:59:59
2300332,11,200024,630038,0,0,0,1,0,1,1,21,34,1,0,1,20006,2024/10/15 5:00:00,2024/10/16 4:59:59
2300333,11,200024,630039,0,0,0,1,0,1,1,21,34,1,0,1,20006,2024/10/15 5:00:00,2024/10/16 4:59:59
2300334,11,200024,630040,0,0,0,1,0,1,1,21,34,1,0,1,20006,2024/10/15 5:00:00,2024/10/16 4:59:59
2300335,11,200024,630041,630042,0,0,1,0,1,1,21,34,1,0,1,20006,2024/10/15 5:00:00,2024/10/16 4:59:59
2300336,11,200024,630037,0,0,0,1,0,1,1,21,34,1,0,1,20006,2024/10/16 5:00:00,2024/10/17 4:59:59
2300337,11,200024,630038,0,0,0,1,0,1,1,21,34,1,0,1,20006,2024/10/16 5:00:00,2024/10/17 4:59:59
2300338,11,200024,630039,0,0,0,1,0,1,1,21,34,1,0,1,20006,2024/10/16 5:00:00,2024/10/17 4:59:59
2300339,11,200024,630040,0,0,0,1,0,1,1,21,34,1,0,1,20006,2024/10/16 5:00:00,2024/10/17 4:59:59
2300340,11,200024,630041,630042,0,0,1,0,1,1,21,34,1,0,1,20006,2024/10/16 5:00:00,2024/10/17 4:59:59
2300341,11,200024,630037,0,0,0,1,0,1,1,21,34,1,0,1,20006,2024/10/17 5:00:00,2024/10/18 4:59:59
2300342,11,200024,630038,0,0,0,1,0,1,1,21,34,1,0,1,20006,2024/10/17 5:00:00,2024/10/18 4:59:59
2300343,11,200024,630039,0,0,0,1,0,1,1,21,34,1,0,1,20006,2024/10/17 5:00:00,2024/10/18 4:59:59
2300344,11,200024,630040,0,0,0,1,0,1,1,21,34,1,0,1,20006,2024/10/17 5:00:00,2024/10/18 4:59:59
2300345,11,200024,630041,630042,0,0,1,0,1,1,21,34,1,0,1,20006,2024/10/17 5:00:00,2024/10/18 4:59:59
2300346,11,200024,630037,0,0,0,1,0,1,1,21,34,1,0,1,20006,2024/10/18 5:00:00,2024/10/19 4:59:59
2300347,11,200024,630038,0,0,0,1,0,1,1,21,34,1,0,1,20006,2024/10/18 5:00:00,2024/10/19 4:59:59
2300348,11,200024,630039,0,0,0,1,0,1,1,21,34,1,0,1,20006,2024/10/18 5:00:00,2024/10/19 4:59:59
2300349,11,200024,630040,0,0,0,1,0,1,1,21,34,1,0,1,20006,2024/10/18 5:00:00,2024/10/19 4:59:59
2300350,11,200024,630041,630042,0,0,1,0,1,1,21,34,1,0,1,20006,2024/10/18 5:00:00,2024/10/19 4:59:59
2300351,11,200024,630037,0,0,0,1,0,1,1,21,34,1,0,1,20006,2024/10/19 5:00:00,2024/10/20 4:59:59
2300352,11,200024,630038,0,0,0,1,0,1,1,21,34,1,0,1,20006,2024/10/19 5:00:00,2024/10/20 4:59:59
2300353,11,200024,630039,0,0,0,1,0,1,1,21,34,1,0,1,20006,2024/10/19 5:00:00,2024/10/20 4:59:59
2300354,11,200024,630040,0,0,0,1,0,1,1,21,34,1,0,1,20006,2024/10/19 5:00:00,2024/10/20 4:59:59
2300355,11,200024,630041,630042,0,0,1,0,1,1,21,34,1,0,1,20006,2024/10/19 5:00:00,2024/10/20 4:59:59
2300356,11,200024,630037,0,0,0,1,0,1,1,21,34,1,0,1,20006,2024/10/20 5:00:00,2024/10/20 11:59:59
2300357,11,200024,630038,0,0,0,1,0,1,1,21,34,1,0,1,20006,2024/10/20 5:00:00,2024/10/20 11:59:59
2300358,11,200024,630039,0,0,0,1,0,1,1,21,34,1,0,1,20006,2024/10/20 5:00:00,2024/10/20 11:59:59
2300359,11,200024,630040,0,0,0,1,0,1,1,21,34,1,0,1,20006,2024/10/20 5:00:00,2024/10/20 11:59:59
2300360,11,200024,630041,630042,0,0,1,0,1,1,21,34,1,0,1,20006,2024/10/20 5:00:00,2024/10/20 11:59:59
2300361,10,100038,0,1000017,0,0,1,0,1,1,90,43,100,0,1,20006,2024/10/11 12:00:00,2024/10/23 11:59:59
2300362,10,200026,0,0,0,0,10000,0,1,1,91,59,40000,0,1,20006,2024/10/11 12:00:00,2024/10/23 11:59:59
2300363,10,200026,0,0,0,0,20000,0,1,1,30,110,5000,0,1,20006,2024/10/11 12:00:00,2024/10/23 11:59:59
2300364,10,200026,0,0,0,0,30000,0,1,1,93,44,20,0,1,20006,2024/10/11 12:00:00,2024/10/23 11:59:59
2300365,10,200026,0,0,0,0,40000,0,1,1,97,115,5,0,1,20006,2024/10/11 12:00:00,2024/10/23 11:59:59
2300366,10,200026,0,0,0,0,50000,0,1,1,93,44,30,0,1,20006,2024/10/11 12:00:00,2024/10/23 11:59:59
2300367,10,200026,0,0,0,0,60000,0,1,1,164,150,1,0,1,20006,2024/10/11 12:00:00,2024/10/23 11:59:59
2300368,10,200026,0,0,0,0,70000,0,1,1,91,59,60000,0,1,20006,2024/10/11 12:00:00,2024/10/23 11:59:59
2300369,10,200026,0,0,0,0,80000,0,1,1,30,110,15000,0,1,20006,2024/10/11 12:00:00,2024/10/23 11:59:59
2300370,10,200026,0,0,0,0,90000,0,1,1,97,115,10,0,1,20006,2024/10/11 12:00:00,2024/10/23 11:59:59
2300371,10,200026,0,0,0,0,100000,0,1,1,164,149,1,0,1,20006,2024/10/11 12:00:00,2024/10/23 11:59:59
2401001,14,200031,0,0,0,0,1,0,1,1,91,59,3000,0,1,20010,2022/07/21 12:00:00,2022/07/22 11:59:59
2401002,14,200031,0,0,0,0,2,0,1,1,30,110,1500,0,1,20010,2022/07/21 12:00:00,2022/07/22 11:59:59
2401003,14,200031,0,0,0,0,3,0,1,1,34,95,2,0,1,20010,2022/07/21 12:00:00,2022/07/22 11:59:59
2401004,14,200031,0,0,0,0,4,0,1,1,21,34,1,0,1,20010,2022/07/21 12:00:00,2022/07/22 11:59:59
2401005,14,200031,0,0,0,0,5,0,1,1,170,2001,5,0,1,20010,2022/07/21 12:00:00,2022/07/22 11:59:59
2401006,14,200031,0,0,0,0,1,0,1,1,91,59,3000,0,1,20010,2022/07/22 12:00:00,2022/07/23 11:59:59
2401007,14,200031,0,0,0,0,2,0,1,1,30,110,1500,0,1,20010,2022/07/22 12:00:00,2022/07/23 11:59:59
2401008,14,200031,0,0,0,0,3,0,1,1,34,95,2,0,1,20010,2022/07/22 12:00:00,2022/07/23 11:59:59
2401009,14,200031,0,0,0,0,4,0,1,1,21,34,1,0,1,20010,2022/07/22 12:00:00,2022/07/23 11:59:59
2401010,14,200031,0,0,0,0,5,0,1,1,170,2001,5,0,1,20010,2022/07/22 12:00:00,2022/07/23 11:59:59
2401011,14,200031,0,0,0,0,1,0,1,1,91,59,3000,0,1,20010,2022/07/23 12:00:00,2022/07/24 11:59:59
2401012,14,200031,0,0,0,0,2,0,1,1,30,110,1500,0,1,20010,2022/07/23 12:00:00,2022/07/24 11:59:59
2401013,14,200031,0,0,0,0,3,0,1,1,34,95,2,0,1,20010,2022/07/23 12:00:00,2022/07/24 11:59:59
2401014,14,200031,0,0,0,0,4,0,1,1,21,34,1,0,1,20010,2022/07/23 12:00:00,2022/07/24 11:59:59
2401015,14,200031,0,0,0,0,5,0,1,1,170,2001,5,0,1,20010,2022/07/23 12:00:00,2022/07/24 11:59:59
2401016,14,200031,0,0,0,0,1,0,1,1,91,59,3000,0,1,20010,2022/07/24 12:00:00,2022/07/25 11:59:59
2401017,14,200031,0,0,0,0,2,0,1,1,30,110,1500,0,1,20010,2022/07/24 12:00:00,2022/07/25 11:59:59
2401018,14,200031,0,0,0,0,3,0,1,1,34,95,2,0,1,20010,2022/07/24 12:00:00,2022/07/25 11:59:59
2401019,14,200031,0,0,0,0,4,0,1,1,21,34,1,0,1,20010,2022/07/24 12:00:00,2022/07/25 11:59:59
2401020,14,200031,0,0,0,0,5,0,1,1,170,2001,5,0,1,20010,2022/07/24 12:00:00,2022/07/25 11:59:59
2401021,14,200031,0,0,0,0,1,0,1,1,91,59,3000,0,1,20010,2022/07/25 12:00:00,2022/07/26 11:59:59
2401022,14,200031,0,0,0,0,2,0,1,1,30,110,1500,0,1,20010,2022/07/25 12:00:00,2022/07/26 11:59:59
2401023,14,200031,0,0,0,0,3,0,1,1,34,95,2,0,1,20010,2022/07/25 12:00:00,2022/07/26 11:59:59
2401024,14,200031,0,0,0,0,4,0,1,1,21,34,1,0,1,20010,2022/07/25 12:00:00,2022/07/26 11:59:59
2401025,14,200031,0,0,0,0,5,0,1,1,170,2001,5,0,1,20010,2022/07/25 12:00:00,2022/07/26 11:59:59
2401026,14,200031,0,0,0,0,1,0,1,1,91,59,3000,0,1,20010,2022/07/26 12:00:00,2022/07/27 11:59:59
2401027,14,200031,0,0,0,0,2,0,1,1,30,110,1500,0,1,20010,2022/07/26 12:00:00,2022/07/27 11:59:59
2401028,14,200031,0,0,0,0,3,0,1,1,34,95,2,0,1,20010,2022/07/26 12:00:00,2022/07/27 11:59:59
2401029,14,200031,0,0,0,0,4,0,1,1,21,34,1,0,1,20010,2022/07/26 12:00:00,2022/07/27 11:59:59
2401030,14,200031,0,0,0,0,5,0,1,1,170,2001,5,0,1,20010,2022/07/26 12:00:00,2022/07/27 11:59:59
2401031,14,200031,0,0,0,0,1,0,1,1,91,59,3000,0,1,20010,2022/07/27 12:00:00,2022/07/28 11:59:59
2401032,14,200031,0,0,0,0,2,0,1,1,30,110,1500,0,1,20010,2022/07/27 12:00:00,2022/07/28 11:59:59
2401033,14,200031,0,0,0,0,3,0,1,1,34,95,2,0,1,20010,2022/07/27 12:00:00,2022/07/28 11:59:59
2401034,14,200031,0,0,0,0,4,0,1,1,21,34,1,0,1,20010,2022/07/27 12:00:00,2022/07/28 11:59:59
2401035,14,200031,0,0,0,0,5,0,1,1,170,2001,5,0,1,20010,2022/07/27 12:00:00,2022/07/28 11:59:59
2401036,14,200031,0,0,0,0,1,0,1,1,91,59,3000,0,1,20010,2022/07/28 12:00:00,2022/07/29 11:59:59
2401037,14,200031,0,0,0,0,2,0,1,1,30,110,1500,0,1,20010,2022/07/28 12:00:00,2022/07/29 11:59:59
2401038,14,200031,0,0,0,0,3,0,1,1,34,95,2,0,1,20010,2022/07/28 12:00:00,2022/07/29 11:59:59
2401039,14,200031,0,0,0,0,4,0,1,1,21,34,1,0,1,20010,2022/07/28 12:00:00,2022/07/29 11:59:59
2401040,14,200031,0,0,0,0,5,0,1,1,170,2001,5,0,1,20010,2022/07/28 12:00:00,2022/07/29 11:59:59
2401041,15,200032,0,0,0,0,1,0,1,1,90,43,50,0,1,20010,2022/07/21 12:00:00,2022/08/01 11:59:59
2401042,15,200032,0,0,0,0,2,0,1,1,90,43,50,0,1,20010,2022/07/21 12:00:00,2022/08/01 11:59:59
2401043,15,200032,0,0,0,0,3,0,1,1,90,43,50,0,1,20010,2022/07/21 12:00:00,2022/08/01 11:59:59
2401044,15,200032,0,0,0,0,4,0,1,1,90,43,50,0,1,20010,2022/07/21 12:00:00,2022/08/01 11:59:59
2401045,15,200032,0,0,0,0,5,0,1,1,90,43,50,0,1,20010,2022/07/21 12:00:00,2022/08/01 11:59:59
2401046,15,200032,0,0,0,0,6,0,1,1,90,43,50,0,1,20010,2022/07/21 12:00:00,2022/08/01 11:59:59
2401047,15,200031,0,0,0,0,10,0,1,1,91,59,20000,0,1,20010,2022/07/21 12:00:00,2022/08/01 11:59:59
2401048,15,200031,0,0,0,0,15,0,1,1,30,110,10000,0,1,20010,2022/07/21 12:00:00,2022/08/01 11:59:59
2401049,15,200031,0,0,0,0,20,0,1,1,40,111,1,0,1,20010,2022/07/21 12:00:00,2022/08/01 11:59:59
2401050,15,200031,0,0,0,0,25,0,1,1,97,115,10,0,1,20010,2022/07/21 12:00:00,2022/08/01 11:59:59
2401051,15,200031,0,0,0,0,30,0,1,1,164,150,1,0,1,20010,2022/07/21 12:00:00,2022/08/01 11:59:59
2401052,15,200031,0,0,0,0,35,0,1,1,91,59,30000,0,1,20010,2022/07/21 12:00:00,2022/08/01 11:59:59
2401053,15,200031,0,0,0,0,40,0,1,1,30,110,15000,0,1,20010,2022/07/21 12:00:00,2022/08/01 11:59:59
2401054,15,200031,0,0,0,0,45,0,1,1,40,41,1,0,1,20010,2022/07/21 12:00:00,2022/08/01 11:59:59
2401055,15,200031,0,0,0,0,50,0,1,1,93,44,2,0,1,20010,2022/07/21 12:00:00,2022/08/01 11:59:59
2401056,15,200031,0,0,0,0,60,0,1,1,164,149,1,0,1,20010,2022/07/21 12:00:00,2022/08/01 11:59:59
2402001,14,200031,0,0,0,0,1,0,1,1,91,59,3000,0,1,20010,2022/11/21 12:00:00,2022/11/22 11:59:59
2402002,14,200031,0,0,0,0,2,0,1,1,30,110,1500,0,1,20010,2022/11/21 12:00:00,2022/11/22 11:59:59
2402003,14,200031,0,0,0,0,3,0,1,1,34,95,2,0,1,20010,2022/11/21 12:00:00,2022/11/22 11:59:59
2402004,14,200031,0,0,0,0,4,0,1,1,21,34,1,0,1,20010,2022/11/21 12:00:00,2022/11/22 11:59:59
2402005,14,200031,0,0,0,0,5,0,1,1,170,2002,5,0,1,20010,2022/11/21 12:00:00,2022/11/22 11:59:59
2402006,14,200031,0,0,0,0,1,0,1,1,91,59,3000,0,1,20010,2022/11/22 12:00:00,2022/11/23 11:59:59
2402007,14,200031,0,0,0,0,2,0,1,1,30,110,1500,0,1,20010,2022/11/22 12:00:00,2022/11/23 11:59:59
2402008,14,200031,0,0,0,0,3,0,1,1,34,95,2,0,1,20010,2022/11/22 12:00:00,2022/11/23 11:59:59
2402009,14,200031,0,0,0,0,4,0,1,1,21,34,1,0,1,20010,2022/11/22 12:00:00,2022/11/23 11:59:59
2402010,14,200031,0,0,0,0,5,0,1,1,170,2002,5,0,1,20010,2022/11/22 12:00:00,2022/11/23 11:59:59
2402011,14,200031,0,0,0,0,1,0,1,1,91,59,3000,0,1,20010,2022/11/23 12:00:00,2022/11/24 11:59:59
2402012,14,200031,0,0,0,0,2,0,1,1,30,110,1500,0,1,20010,2022/11/23 12:00:00,2022/11/24 11:59:59
2402013,14,200031,0,0,0,0,3,0,1,1,34,95,2,0,1,20010,2022/11/23 12:00:00,2022/11/24 11:59:59
2402014,14,200031,0,0,0,0,4,0,1,1,21,34,1,0,1,20010,2022/11/23 12:00:00,2022/11/24 11:59:59
2402015,14,200031,0,0,0,0,5,0,1,1,170,2002,5,0,1,20010,2022/11/23 12:00:00,2022/11/24 11:59:59
2402016,14,200031,0,0,0,0,1,0,1,1,91,59,3000,0,1,20010,2022/11/24 12:00:00,2022/11/25 11:59:59
2402017,14,200031,0,0,0,0,2,0,1,1,30,110,1500,0,1,20010,2022/11/24 12:00:00,2022/11/25 11:59:59
2402018,14,200031,0,0,0,0,3,0,1,1,34,95,2,0,1,20010,2022/11/24 12:00:00,2022/11/25 11:59:59
2402019,14,200031,0,0,0,0,4,0,1,1,21,34,1,0,1,20010,2022/11/24 12:00:00,2022/11/25 11:59:59
2402020,14,200031,0,0,0,0,5,0,1,1,170,2002,5,0,1,20010,2022/11/24 12:00:00,2022/11/25 11:59:59
2402021,14,200031,0,0,0,0,1,0,1,1,91,59,3000,0,1,20010,2022/11/25 12:00:00,2022/11/26 11:59:59
2402022,14,200031,0,0,0,0,2,0,1,1,30,110,1500,0,1,20010,2022/11/25 12:00:00,2022/11/26 11:59:59
2402023,14,200031,0,0,0,0,3,0,1,1,34,95,2,0,1,20010,2022/11/25 12:00:00,2022/11/26 11:59:59
2402024,14,200031,0,0,0,0,4,0,1,1,21,34,1,0,1,20010,2022/11/25 12:00:00,2022/11/26 11:59:59
2402025,14,200031,0,0,0,0,5,0,1,1,170,2002,5,0,1,20010,2022/11/25 12:00:00,2022/11/26 11:59:59
2402026,14,200031,0,0,0,0,1,0,1,1,91,59,3000,0,1,20010,2022/11/26 12:00:00,2022/11/27 11:59:59
2402027,14,200031,0,0,0,0,2,0,1,1,30,110,1500,0,1,20010,2022/11/26 12:00:00,2022/11/27 11:59:59
2402028,14,200031,0,0,0,0,3,0,1,1,34,95,2,0,1,20010,2022/11/26 12:00:00,2022/11/27 11:59:59
2402029,14,200031,0,0,0,0,4,0,1,1,21,34,1,0,1,20010,2022/11/26 12:00:00,2022/11/27 11:59:59
2402030,14,200031,0,0,0,0,5,0,1,1,170,2002,5,0,1,20010,2022/11/26 12:00:00,2022/11/27 11:59:59
2402031,14,200031,0,0,0,0,1,0,1,1,91,59,3000,0,1,20010,2022/11/27 12:00:00,2022/11/28 11:59:59
2402032,14,200031,0,0,0,0,2,0,1,1,30,110,1500,0,1,20010,2022/11/27 12:00:00,2022/11/28 11:59:59
2402033,14,200031,0,0,0,0,3,0,1,1,34,95,2,0,1,20010,2022/11/27 12:00:00,2022/11/28 11:59:59
2402034,14,200031,0,0,0,0,4,0,1,1,21,34,1,0,1,20010,2022/11/27 12:00:00,2022/11/28 11:59:59
2402035,14,200031,0,0,0,0,5,0,1,1,170,2002,5,0,1,20010,2022/11/27 12:00:00,2022/11/28 11:59:59
2402036,15,200035,0,0,0,0,1,0,1,1,21,34,5,0,1,20010,2022/11/21 12:00:00,2022/12/01 11:59:59
2402037,15,200032,0,0,0,0,1,0,1,1,90,43,50,0,1,20010,2022/11/21 12:00:00,2022/12/01 11:59:59
2402038,15,200032,0,0,0,0,2,0,1,1,90,43,50,0,1,20010,2022/11/21 12:00:00,2022/12/01 11:59:59
2402039,15,200032,0,0,0,0,3,0,1,1,90,43,50,0,1,20010,2022/11/21 12:00:00,2022/12/01 11:59:59
2402040,15,200032,0,0,0,0,4,0,1,1,90,43,50,0,1,20010,2022/11/21 12:00:00,2022/12/01 11:59:59
2402041,15,200032,0,0,0,0,5,0,1,1,90,43,50,0,1,20010,2022/11/21 12:00:00,2022/12/01 11:59:59
2402042,15,200032,0,0,0,0,6,0,1,1,90,43,50,0,1,20010,2022/11/21 12:00:00,2022/12/01 11:59:59
2402043,15,200031,0,0,0,0,10,0,1,1,91,59,20000,0,1,20010,2022/11/21 12:00:00,2022/12/01 11:59:59
2402044,15,200031,0,0,0,0,15,0,1,1,30,110,10000,0,1,20010,2022/11/21 12:00:00,2022/12/01 11:59:59
2402045,15,200031,0,0,0,0,20,0,1,1,40,111,1,0,1,20010,2022/11/21 12:00:00,2022/12/01 11:59:59
2402046,15,200031,0,0,0,0,25,0,1,1,97,115,10,0,1,20010,2022/11/21 12:00:00,2022/12/01 11:59:59
2402047,15,200031,0,0,0,0,30,0,1,1,164,150,1,0,1,20010,2022/11/21 12:00:00,2022/12/01 11:59:59
2402048,15,200031,0,0,0,0,35,0,1,1,91,59,30000,0,1,20010,2022/11/21 12:00:00,2022/12/01 11:59:59
2402049,15,200031,0,0,0,0,40,0,1,1,30,110,15000,0,1,20010,2022/11/21 12:00:00,2022/12/01 11:59:59
2402050,15,200031,0,0,0,0,45,0,1,1,40,41,1,0,1,20010,2022/11/21 12:00:00,2022/12/01 11:59:59
2402051,15,200031,0,0,0,0,50,0,1,1,93,44,2,0,1,20010,2022/11/21 12:00:00,2022/12/01 11:59:59
2402052,15,200031,0,0,0,0,60,0,1,1,164,149,1,0,1,20010,2022/11/21 12:00:00,2022/12/01 11:59:59
2403001,14,200031,0,0,0,0,1,0,1,1,91,59,3000,0,1,20010,2023/07/24 12:00:00,2023/07/25 11:59:59
2403002,14,200031,0,0,0,0,2,0,1,1,30,110,1500,0,1,20010,2023/07/24 12:00:00,2023/07/25 11:59:59
2403003,14,200031,0,0,0,0,3,0,1,1,34,95,2,0,1,20010,2023/07/24 12:00:00,2023/07/25 11:59:59
2403004,14,200031,0,0,0,0,4,0,1,1,21,34,1,0,1,20010,2023/07/24 12:00:00,2023/07/25 11:59:59
2403005,14,200031,0,0,0,0,5,0,1,1,170,2003,5,0,1,20010,2023/07/24 12:00:00,2023/07/25 11:59:59
2403006,14,200031,0,0,0,0,1,0,1,1,91,59,3000,0,1,20010,2023/07/25 12:00:00,2023/07/26 11:59:59
2403007,14,200031,0,0,0,0,2,0,1,1,30,110,1500,0,1,20010,2023/07/25 12:00:00,2023/07/26 11:59:59
2403008,14,200031,0,0,0,0,3,0,1,1,34,95,2,0,1,20010,2023/07/25 12:00:00,2023/07/26 11:59:59
2403009,14,200031,0,0,0,0,4,0,1,1,21,34,1,0,1,20010,2023/07/25 12:00:00,2023/07/26 11:59:59
2403010,14,200031,0,0,0,0,5,0,1,1,170,2003,5,0,1,20010,2023/07/25 12:00:00,2023/07/26 11:59:59
2403011,14,200031,0,0,0,0,1,0,1,1,91,59,3000,0,1,20010,2023/07/26 12:00:00,2023/07/27 11:59:59
2403012,14,200031,0,0,0,0,2,0,1,1,30,110,1500,0,1,20010,2023/07/26 12:00:00,2023/07/27 11:59:59
2403013,14,200031,0,0,0,0,3,0,1,1,34,95,2,0,1,20010,2023/07/26 12:00:00,2023/07/27 11:59:59
2403014,14,200031,0,0,0,0,4,0,1,1,21,34,1,0,1,20010,2023/07/26 12:00:00,2023/07/27 11:59:59
2403015,14,200031,0,0,0,0,5,0,1,1,170,2003,5,0,1,20010,2023/07/26 12:00:00,2023/07/27 11:59:59
2403016,14,200031,0,0,0,0,1,0,1,1,91,59,3000,0,1,20010,2023/07/27 12:00:00,2023/07/28 11:59:59
2403017,14,200031,0,0,0,0,2,0,1,1,30,110,1500,0,1,20010,2023/07/27 12:00:00,2023/07/28 11:59:59
2403018,14,200031,0,0,0,0,3,0,1,1,34,95,2,0,1,20010,2023/07/27 12:00:00,2023/07/28 11:59:59
2403019,14,200031,0,0,0,0,4,0,1,1,21,34,1,0,1,20010,2023/07/27 12:00:00,2023/07/28 11:59:59
2403020,14,200031,0,0,0,0,5,0,1,1,170,2003,5,0,1,20010,2023/07/27 12:00:00,2023/07/28 11:59:59
2403021,14,200031,0,0,0,0,1,0,1,1,91,59,3000,0,1,20010,2023/07/28 12:00:00,2023/07/29 11:59:59
2403022,14,200031,0,0,0,0,2,0,1,1,30,110,1500,0,1,20010,2023/07/28 12:00:00,2023/07/29 11:59:59
2403023,14,200031,0,0,0,0,3,0,1,1,34,95,2,0,1,20010,2023/07/28 12:00:00,2023/07/29 11:59:59
2403024,14,200031,0,0,0,0,4,0,1,1,21,34,1,0,1,20010,2023/07/28 12:00:00,2023/07/29 11:59:59
2403025,14,200031,0,0,0,0,5,0,1,1,170,2003,5,0,1,20010,2023/07/28 12:00:00,2023/07/29 11:59:59
2403026,14,200031,0,0,0,0,1,0,1,1,91,59,3000,0,1,20010,2023/07/29 12:00:00,2023/07/30 11:59:59
2403027,14,200031,0,0,0,0,2,0,1,1,30,110,1500,0,1,20010,2023/07/29 12:00:00,2023/07/30 11:59:59
2403028,14,200031,0,0,0,0,3,0,1,1,34,95,2,0,1,20010,2023/07/29 12:00:00,2023/07/30 11:59:59
2403029,14,200031,0,0,0,0,4,0,1,1,21,34,1,0,1,20010,2023/07/29 12:00:00,2023/07/30 11:59:59
2403030,14,200031,0,0,0,0,5,0,1,1,170,2003,5,0,1,20010,2023/07/29 12:00:00,2023/07/30 11:59:59
2403031,14,200031,0,0,0,0,1,0,1,1,91,59,3000,0,1,20010,2023/07/30 12:00:00,2023/07/31 11:59:59
2403032,14,200031,0,0,0,0,2,0,1,1,30,110,1500,0,1,20010,2023/07/30 12:00:00,2023/07/31 11:59:59
2403033,14,200031,0,0,0,0,3,0,1,1,34,95,2,0,1,20010,2023/07/30 12:00:00,2023/07/31 11:59:59
2403034,14,200031,0,0,0,0,4,0,1,1,21,34,1,0,1,20010,2023/07/30 12:00:00,2023/07/31 11:59:59
2403035,14,200031,0,0,0,0,5,0,1,1,170,2003,5,0,1,20010,2023/07/30 12:00:00,2023/07/31 11:59:59
2403036,15,200035,0,0,0,0,1,0,1,1,21,34,5,0,1,20010,2023/07/24 12:00:00,2023/08/03 11:59:59
2403037,15,200032,0,0,0,0,1,0,1,1,90,43,50,0,1,20010,2023/07/24 12:00:00,2023/08/03 11:59:59
2403038,15,200032,0,0,0,0,2,0,1,1,90,43,50,0,1,20010,2023/07/24 12:00:00,2023/08/03 11:59:59
2403039,15,200032,0,0,0,0,3,0,1,1,90,43,50,0,1,20010,2023/07/24 12:00:00,2023/08/03 11:59:59
2403040,15,200032,0,0,0,0,4,0,1,1,90,43,50,0,1,20010,2023/07/24 12:00:00,2023/08/03 11:59:59
2403041,15,200032,0,0,0,0,5,0,1,1,90,43,50,0,1,20010,2023/07/24 12:00:00,2023/08/03 11:59:59
2403042,15,200032,0,0,0,0,6,0,1,1,90,43,50,0,1,20010,2023/07/24 12:00:00,2023/08/03 11:59:59
2403043,15,200031,0,0,0,0,10,0,1,1,91,59,20000,0,1,20010,2023/07/24 12:00:00,2023/08/03 11:59:59
2403044,15,200031,0,0,0,0,15,0,1,1,30,110,10000,0,1,20010,2023/07/24 12:00:00,2023/08/03 11:59:59
2403045,15,200031,0,0,0,0,20,0,1,1,40,111,1,0,1,20010,2023/07/24 12:00:00,2023/08/03 11:59:59
2403046,15,200031,0,0,0,0,25,0,1,1,97,115,10,0,1,20010,2023/07/24 12:00:00,2023/08/03 11:59:59
2403047,15,200031,0,0,0,0,30,0,1,1,164,150,1,0,1,20010,2023/07/24 12:00:00,2023/08/03 11:59:59
2403048,15,200031,0,0,0,0,35,0,1,1,91,59,30000,0,1,20010,2023/07/24 12:00:00,2023/08/03 11:59:59
2403049,15,200031,0,0,0,0,40,0,1,1,30,110,15000,0,1,20010,2023/07/24 12:00:00,2023/08/03 11:59:59
2403050,15,200031,0,0,0,0,45,0,1,1,40,41,1,0,1,20010,2023/07/24 12:00:00,2023/08/03 11:59:59
2403051,15,200031,0,0,0,0,50,0,1,1,93,44,2,0,1,20010,2023/07/24 12:00:00,2023/08/03 11:59:59
2403052,15,200031,0,0,0,0,60,0,1,1,164,149,1,0,1,20010,2023/07/24 12:00:00,2023/08/03 11:59:59
2403053,15,200039,0,0,0,0,1,0,1,1,93,44,2,0,1,20010,2023/07/24 12:00:00,2023/08/03 11:59:59
2403054,15,200039,0,0,0,0,2,0,1,1,93,44,2,0,1,20010,2023/07/24 12:00:00,2023/08/03 11:59:59
2403055,15,200039,0,0,0,0,3,0,1,1,93,44,2,0,1,20010,2023/07/24 12:00:00,2023/08/03 11:59:59
2404001,14,200031,0,0,0,0,1,0,1,1,91,59,3000,0,1,20010,2023/11/22 12:00:00,2023/11/23 11:59:59
2404002,14,200031,0,0,0,0,2,0,1,1,30,110,1500,0,1,20010,2023/11/22 12:00:00,2023/11/23 11:59:59
2404003,14,200031,0,0,0,0,3,0,1,1,34,95,2,0,1,20010,2023/11/22 12:00:00,2023/11/23 11:59:59
2404004,14,200031,0,0,0,0,4,0,1,1,21,34,1,0,1,20010,2023/11/22 12:00:00,2023/11/23 11:59:59
2404005,14,200031,0,0,0,0,5,0,1,1,170,2004,5,0,1,20010,2023/11/22 12:00:00,2023/11/23 11:59:59
2404006,14,200031,0,0,0,0,1,0,1,1,91,59,3000,0,1,20010,2023/11/23 12:00:00,2023/11/24 11:59:59
2404007,14,200031,0,0,0,0,2,0,1,1,30,110,1500,0,1,20010,2023/11/23 12:00:00,2023/11/24 11:59:59
2404008,14,200031,0,0,0,0,3,0,1,1,34,95,2,0,1,20010,2023/11/23 12:00:00,2023/11/24 11:59:59
2404009,14,200031,0,0,0,0,4,0,1,1,21,34,1,0,1,20010,2023/11/23 12:00:00,2023/11/24 11:59:59
2404010,14,200031,0,0,0,0,5,0,1,1,170,2004,5,0,1,20010,2023/11/23 12:00:00,2023/11/24 11:59:59
2404011,14,200031,0,0,0,0,1,0,1,1,91,59,3000,0,1,20010,2023/11/24 12:00:00,2023/11/25 11:59:59
2404012,14,200031,0,0,0,0,2,0,1,1,30,110,1500,0,1,20010,2023/11/24 12:00:00,2023/11/25 11:59:59
2404013,14,200031,0,0,0,0,3,0,1,1,34,95,2,0,1,20010,2023/11/24 12:00:00,2023/11/25 11:59:59
2404014,14,200031,0,0,0,0,4,0,1,1,21,34,1,0,1,20010,2023/11/24 12:00:00,2023/11/25 11:59:59
2404015,14,200031,0,0,0,0,5,0,1,1,170,2004,5,0,1,20010,2023/11/24 12:00:00,2023/11/25 11:59:59
2404016,14,200031,0,0,0,0,1,0,1,1,91,59,3000,0,1,20010,2023/11/25 12:00:00,2023/11/26 11:59:59
2404017,14,200031,0,0,0,0,2,0,1,1,30,110,1500,0,1,20010,2023/11/25 12:00:00,2023/11/26 11:59:59
2404018,14,200031,0,0,0,0,3,0,1,1,34,95,2,0,1,20010,2023/11/25 12:00:00,2023/11/26 11:59:59
2404019,14,200031,0,0,0,0,4,0,1,1,21,34,1,0,1,20010,2023/11/25 12:00:00,2023/11/26 11:59:59
2404020,14,200031,0,0,0,0,5,0,1,1,170,2004,5,0,1,20010,2023/11/25 12:00:00,2023/11/26 11:59:59
2404021,14,200031,0,0,0,0,1,0,1,1,91,59,3000,0,1,20010,2023/11/26 12:00:00,2023/11/27 11:59:59
2404022,14,200031,0,0,0,0,2,0,1,1,30,110,1500,0,1,20010,2023/11/26 12:00:00,2023/11/27 11:59:59
2404023,14,200031,0,0,0,0,3,0,1,1,34,95,2,0,1,20010,2023/11/26 12:00:00,2023/11/27 11:59:59
2404024,14,200031,0,0,0,0,4,0,1,1,21,34,1,0,1,20010,2023/11/26 12:00:00,2023/11/27 11:59:59
2404025,14,200031,0,0,0,0,5,0,1,1,170,2004,5,0,1,20010,2023/11/26 12:00:00,2023/11/27 11:59:59
2404026,14,200031,0,0,0,0,1,0,1,1,91,59,3000,0,1,20010,2023/11/27 12:00:00,2023/11/28 11:59:59
2404027,14,200031,0,0,0,0,2,0,1,1,30,110,1500,0,1,20010,2023/11/27 12:00:00,2023/11/28 11:59:59
2404028,14,200031,0,0,0,0,3,0,1,1,34,95,2,0,1,20010,2023/11/27 12:00:00,2023/11/28 11:59:59
2404029,14,200031,0,0,0,0,4,0,1,1,21,34,1,0,1,20010,2023/11/27 12:00:00,2023/11/28 11:59:59
2404030,14,200031,0,0,0,0,5,0,1,1,170,2004,5,0,1,20010,2023/11/27 12:00:00,2023/11/28 11:59:59
2404031,14,200031,0,0,0,0,1,0,1,1,91,59,3000,0,1,20010,2023/11/28 12:00:00,2023/11/29 11:59:59
2404032,14,200031,0,0,0,0,2,0,1,1,30,110,1500,0,1,20010,2023/11/28 12:00:00,2023/11/29 11:59:59
2404033,14,200031,0,0,0,0,3,0,1,1,34,95,2,0,1,20010,2023/11/28 12:00:00,2023/11/29 11:59:59
2404034,14,200031,0,0,0,0,4,0,1,1,21,34,1,0,1,20010,2023/11/28 12:00:00,2023/11/29 11:59:59
2404035,14,200031,0,0,0,0,5,0,1,1,170,2004,5,0,1,20010,2023/11/28 12:00:00,2023/11/29 11:59:59
2404036,14,200031,0,0,0,0,1,0,1,1,91,59,3000,0,1,20010,2023/11/29 12:00:00,2023/11/30 11:59:59
2404037,14,200031,0,0,0,0,2,0,1,1,30,110,1500,0,1,20010,2023/11/29 12:00:00,2023/11/30 11:59:59
2404038,14,200031,0,0,0,0,3,0,1,1,34,95,2,0,1,20010,2023/11/29 12:00:00,2023/11/30 11:59:59
2404039,14,200031,0,0,0,0,4,0,1,1,21,34,1,0,1,20010,2023/11/29 12:00:00,2023/11/30 11:59:59
2404040,14,200031,0,0,0,0,5,0,1,1,170,2004,5,0,1,20010,2023/11/29 12:00:00,2023/11/30 11:59:59
2404041,15,200035,0,0,0,0,1,0,1,1,21,34,5,0,1,20010,2023/11/22 12:00:00,2023/12/03 11:59:59
2404042,15,200032,0,0,0,0,1,0,1,1,90,43,50,0,1,20010,2023/11/22 12:00:00,2023/12/03 11:59:59
2404043,15,200032,0,0,0,0,2,0,1,1,90,43,50,0,1,20010,2023/11/22 12:00:00,2023/12/03 11:59:59
2404044,15,200032,0,0,0,0,3,0,1,1,90,43,50,0,1,20010,2023/11/22 12:00:00,2023/12/03 11:59:59
2404045,15,200032,0,0,0,0,4,0,1,1,90,43,50,0,1,20010,2023/11/22 12:00:00,2023/12/03 11:59:59
2404046,15,200032,0,0,0,0,5,0,1,1,90,43,50,0,1,20010,2023/11/22 12:00:00,2023/12/03 11:59:59
2404047,15,200032,0,0,0,0,6,0,1,1,90,43,50,0,1,20010,2023/11/22 12:00:00,2023/12/03 11:59:59
2404048,15,200031,0,0,0,0,10,0,1,1,91,59,20000,0,1,20010,2023/11/22 12:00:00,2023/12/03 11:59:59
2404049,15,200031,0,0,0,0,15,0,1,1,30,110,10000,0,1,20010,2023/11/22 12:00:00,2023/12/03 11:59:59
2404050,15,200031,0,0,0,0,20,0,1,1,40,111,1,0,1,20010,2023/11/22 12:00:00,2023/12/03 11:59:59
2404051,15,200031,0,0,0,0,25,0,1,1,97,115,10,0,1,20010,2023/11/22 12:00:00,2023/12/03 11:59:59
2404052,15,200031,0,0,0,0,30,0,1,1,164,150,1,0,1,20010,2023/11/22 12:00:00,2023/12/03 11:59:59
2404053,15,200031,0,0,0,0,35,0,1,1,91,59,30000,0,1,20010,2023/11/22 12:00:00,2023/12/03 11:59:59
2404054,15,200031,0,0,0,0,40,0,1,1,30,110,15000,0,1,20010,2023/11/22 12:00:00,2023/12/03 11:59:59
2404055,15,200031,0,0,0,0,45,0,1,1,40,41,1,0,1,20010,2023/11/22 12:00:00,2023/12/03 11:59:59
2404056,15,200031,0,0,0,0,50,0,1,1,93,44,2,0,1,20010,2023/11/22 12:00:00,2023/12/03 11:59:59
2404057,15,200031,0,0,0,0,60,0,1,1,164,149,1,0,1,20010,2023/11/22 12:00:00,2023/12/03 11:59:59
2404058,15,200039,0,0,0,0,1,0,1,1,93,44,2,0,1,20010,2023/11/22 12:00:00,2023/12/03 11:59:59
2404059,15,200039,0,0,0,0,2,0,1,1,93,44,2,0,1,20010,2023/11/22 12:00:00,2023/12/03 11:59:59
2404060,15,200039,0,0,0,0,3,0,1,1,93,44,2,0,1,20010,2023/11/22 12:00:00,2023/12/03 11:59:59
2405001,14,200031,0,0,0,0,1,0,1,1,91,59,3000,0,1,20010,2024/04/22 12:00:00,2024/04/23 11:59:59
2405002,14,200031,0,0,0,0,2,0,1,1,30,110,1500,0,1,20010,2024/04/22 12:00:00,2024/04/23 11:59:59
2405003,14,200031,0,0,0,0,3,0,1,1,34,95,2,0,1,20010,2024/04/22 12:00:00,2024/04/23 11:59:59
2405004,14,200031,0,0,0,0,4,0,1,1,21,34,1,0,1,20010,2024/04/22 12:00:00,2024/04/23 11:59:59
2405005,14,200031,0,0,0,0,5,0,1,1,170,2005,5,0,1,20010,2024/04/22 12:00:00,2024/04/23 11:59:59
2405006,14,200031,0,0,0,0,1,0,1,1,91,59,3000,0,1,20010,2024/04/23 12:00:00,2024/04/24 11:59:59
2405007,14,200031,0,0,0,0,2,0,1,1,30,110,1500,0,1,20010,2024/04/23 12:00:00,2024/04/24 11:59:59
2405008,14,200031,0,0,0,0,3,0,1,1,34,95,2,0,1,20010,2024/04/23 12:00:00,2024/04/24 11:59:59
2405009,14,200031,0,0,0,0,4,0,1,1,21,34,1,0,1,20010,2024/04/23 12:00:00,2024/04/24 11:59:59
2405010,14,200031,0,0,0,0,5,0,1,1,170,2005,5,0,1,20010,2024/04/23 12:00:00,2024/04/24 11:59:59
2405011,14,200031,0,0,0,0,1,0,1,1,91,59,3000,0,1,20010,2024/04/24 12:00:00,2024/04/25 11:59:59
2405012,14,200031,0,0,0,0,2,0,1,1,30,110,1500,0,1,20010,2024/04/24 12:00:00,2024/04/25 11:59:59
2405013,14,200031,0,0,0,0,3,0,1,1,34,95,2,0,1,20010,2024/04/24 12:00:00,2024/04/25 11:59:59
2405014,14,200031,0,0,0,0,4,0,1,1,21,34,1,0,1,20010,2024/04/24 12:00:00,2024/04/25 11:59:59
2405015,14,200031,0,0,0,0,5,0,1,1,170,2005,5,0,1,20010,2024/04/24 12:00:00,2024/04/25 11:59:59
2405016,14,200031,0,0,0,0,1,0,1,1,91,59,3000,0,1,20010,2024/04/25 12:00:00,2024/04/26 11:59:59
2405017,14,200031,0,0,0,0,2,0,1,1,30,110,1500,0,1,20010,2024/04/25 12:00:00,2024/04/26 11:59:59
2405018,14,200031,0,0,0,0,3,0,1,1,34,95,2,0,1,20010,2024/04/25 12:00:00,2024/04/26 11:59:59
2405019,14,200031,0,0,0,0,4,0,1,1,21,34,1,0,1,20010,2024/04/25 12:00:00,2024/04/26 11:59:59
2405020,14,200031,0,0,0,0,5,0,1,1,170,2005,5,0,1,20010,2024/04/25 12:00:00,2024/04/26 11:59:59
2405021,14,200031,0,0,0,0,1,0,1,1,91,59,3000,0,1,20010,2024/04/26 12:00:00,2024/04/27 11:59:59
2405022,14,200031,0,0,0,0,2,0,1,1,30,110,1500,0,1,20010,2024/04/26 12:00:00,2024/04/27 11:59:59
2405023,14,200031,0,0,0,0,3,0,1,1,34,95,2,0,1,20010,2024/04/26 12:00:00,2024/04/27 11:59:59
2405024,14,200031,0,0,0,0,4,0,1,1,21,34,1,0,1,20010,2024/04/26 12:00:00,2024/04/27 11:59:59
2405025,14,200031,0,0,0,0,5,0,1,1,170,2005,5,0,1,20010,2024/04/26 12:00:00,2024/04/27 11:59:59
2405026,14,200031,0,0,0,0,1,0,1,1,91,59,3000,0,1,20010,2024/04/27 12:00:00,2024/04/28 11:59:59
2405027,14,200031,0,0,0,0,2,0,1,1,30,110,1500,0,1,20010,2024/04/27 12:00:00,2024/04/28 11:59:59
2405028,14,200031,0,0,0,0,3,0,1,1,34,95,2,0,1,20010,2024/04/27 12:00:00,2024/04/28 11:59:59
2405029,14,200031,0,0,0,0,4,0,1,1,21,34,1,0,1,20010,2024/04/27 12:00:00,2024/04/28 11:59:59
2405030,14,200031,0,0,0,0,5,0,1,1,170,2005,5,0,1,20010,2024/04/27 12:00:00,2024/04/28 11:59:59
2405031,14,200031,0,0,0,0,1,0,1,1,91,59,3000,0,1,20010,2024/04/28 12:00:00,2024/04/29 11:59:59
2405032,14,200031,0,0,0,0,2,0,1,1,30,110,1500,0,1,20010,2024/04/28 12:00:00,2024/04/29 11:59:59
2405033,14,200031,0,0,0,0,3,0,1,1,34,95,2,0,1,20010,2024/04/28 12:00:00,2024/04/29 11:59:59
2405034,14,200031,0,0,0,0,4,0,1,1,21,34,1,0,1,20010,2024/04/28 12:00:00,2024/04/29 11:59:59
2405035,14,200031,0,0,0,0,5,0,1,1,170,2005,5,0,1,20010,2024/04/28 12:00:00,2024/04/29 11:59:59
2405036,14,200031,0,0,0,0,1,0,1,1,91,59,3000,0,1,20010,2024/04/29 12:00:00,2024/04/30 11:59:59
2405037,14,200031,0,0,0,0,2,0,1,1,30,110,1500,0,1,20010,2024/04/29 12:00:00,2024/04/30 11:59:59
2405038,14,200031,0,0,0,0,3,0,1,1,34,95,2,0,1,20010,2024/04/29 12:00:00,2024/04/30 11:59:59
2405039,14,200031,0,0,0,0,4,0,1,1,21,34,1,0,1,20010,2024/04/29 12:00:00,2024/04/30 11:59:59
2405040,14,200031,0,0,0,0,5,0,1,1,170,2005,5,0,1,20010,2024/04/29 12:00:00,2024/04/30 11:59:59
2405041,15,200035,0,0,0,0,1,0,1,1,21,34,5,0,1,20010,2024/04/22 12:00:00,2024/05/03 11:59:59
2405042,15,200032,0,0,0,0,1,0,1,1,90,43,50,0,1,20010,2024/04/22 12:00:00,2024/05/03 11:59:59
2405043,15,200032,0,0,0,0,2,0,1,1,90,43,50,0,1,20010,2024/04/22 12:00:00,2024/05/03 11:59:59
2405044,15,200032,0,0,0,0,3,0,1,1,90,43,50,0,1,20010,2024/04/22 12:00:00,2024/05/03 11:59:59
2405045,15,200032,0,0,0,0,4,0,1,1,90,43,50,0,1,20010,2024/04/22 12:00:00,2024/05/03 11:59:59
2405046,15,200032,0,0,0,0,5,0,1,1,90,43,50,0,1,20010,2024/04/22 12:00:00,2024/05/03 11:59:59
2405047,15,200032,0,0,0,0,6,0,1,1,90,43,50,0,1,20010,2024/04/22 12:00:00,2024/05/03 11:59:59
2405048,15,200031,0,0,0,0,10,0,1,1,91,59,20000,0,1,20010,2024/04/22 12:00:00,2024/05/03 11:59:59
2405049,15,200031,0,0,0,0,15,0,1,1,30,110,10000,0,1,20010,2024/04/22 12:00:00,2024/05/03 11:59:59
2405050,15,200031,0,0,0,0,20,0,1,1,40,111,1,0,1,20010,2024/04/22 12:00:00,2024/05/03 11:59:59
2405051,15,200031,0,0,0,0,25,0,1,1,97,115,10,0,1,20010,2024/04/22 12:00:00,2024/05/03 11:59:59
2405052,15,200031,0,0,0,0,30,0,1,1,164,150,1,0,1,20010,2024/04/22 12:00:00,2024/05/03 11:59:59
2405053,15,200031,0,0,0,0,35,0,1,1,91,59,30000,0,1,20010,2024/04/22 12:00:00,2024/05/03 11:59:59
2405054,15,200031,0,0,0,0,40,0,1,1,30,110,15000,0,1,20010,2024/04/22 12:00:00,2024/05/03 11:59:59
2405055,15,200031,0,0,0,0,45,0,1,1,40,41,1,0,1,20010,2024/04/22 12:00:00,2024/05/03 11:59:59
2405056,15,200031,0,0,0,0,50,0,1,1,93,44,2,0,1,20010,2024/04/22 12:00:00,2024/05/03 11:59:59
2405057,15,200031,0,0,0,0,60,0,1,1,164,149,1,0,1,20010,2024/04/22 12:00:00,2024/05/03 11:59:59
2405058,15,200039,0,0,0,0,1,0,1,1,93,44,2,0,1,20010,2024/04/22 12:00:00,2024/05/03 11:59:59
2405059,15,200039,0,0,0,0,2,0,1,1,93,44,2,0,1,20010,2024/04/22 12:00:00,2024/05/03 11:59:59
2405060,15,200039,0,0,0,0,3,0,1,1,93,44,2,0,1,20010,2024/04/22 12:00:00,2024/05/03 11:59:59
2406001,14,200031,0,0,0,0,1,0,1,1,91,59,3000,0,1,20010,2024/08/14 12:00:00,2024/08/15 11:59:59
2406002,14,200031,0,0,0,0,2,0,1,1,30,110,1500,0,1,20010,2024/08/14 12:00:00,2024/08/15 11:59:59
2406003,14,200031,0,0,0,0,3,0,1,1,34,95,2,0,1,20010,2024/08/14 12:00:00,2024/08/15 11:59:59
2406004,14,200031,0,0,0,0,4,0,1,1,21,34,1,0,1,20010,2024/08/14 12:00:00,2024/08/15 11:59:59
2406005,14,200031,0,0,0,0,5,0,1,1,170,2006,5,0,1,20010,2024/08/14 12:00:00,2024/08/15 11:59:59
2406006,14,200031,0,0,0,0,1,0,1,1,91,59,3000,0,1,20010,2024/08/15 12:00:00,2024/08/16 11:59:59
2406007,14,200031,0,0,0,0,2,0,1,1,30,110,1500,0,1,20010,2024/08/15 12:00:00,2024/08/16 11:59:59
2406008,14,200031,0,0,0,0,3,0,1,1,34,95,2,0,1,20010,2024/08/15 12:00:00,2024/08/16 11:59:59
2406009,14,200031,0,0,0,0,4,0,1,1,21,34,1,0,1,20010,2024/08/15 12:00:00,2024/08/16 11:59:59
2406010,14,200031,0,0,0,0,5,0,1,1,170,2006,5,0,1,20010,2024/08/15 12:00:00,2024/08/16 11:59:59
2406011,14,200031,0,0,0,0,1,0,1,1,91,59,3000,0,1,20010,2024/08/16 12:00:00,2024/08/17 11:59:59
2406012,14,200031,0,0,0,0,2,0,1,1,30,110,1500,0,1,20010,2024/08/16 12:00:00,2024/08/17 11:59:59
2406013,14,200031,0,0,0,0,3,0,1,1,34,95,2,0,1,20010,2024/08/16 12:00:00,2024/08/17 11:59:59
2406014,14,200031,0,0,0,0,4,0,1,1,21,34,1,0,1,20010,2024/08/16 12:00:00,2024/08/17 11:59:59
2406015,14,200031,0,0,0,0,5,0,1,1,170,2006,5,0,1,20010,2024/08/16 12:00:00,2024/08/17 11:59:59
2406016,14,200031,0,0,0,0,1,0,1,1,91,59,3000,0,1,20010,2024/08/17 12:00:00,2024/08/18 11:59:59
2406017,14,200031,0,0,0,0,2,0,1,1,30,110,1500,0,1,20010,2024/08/17 12:00:00,2024/08/18 11:59:59
2406018,14,200031,0,0,0,0,3,0,1,1,34,95,2,0,1,20010,2024/08/17 12:00:00,2024/08/18 11:59:59
2406019,14,200031,0,0,0,0,4,0,1,1,21,34,1,0,1,20010,2024/08/17 12:00:00,2024/08/18 11:59:59
2406020,14,200031,0,0,0,0,5,0,1,1,170,2006,5,0,1,20010,2024/08/17 12:00:00,2024/08/18 11:59:59
2406021,14,200031,0,0,0,0,1,0,1,1,91,59,3000,0,1,20010,2024/08/18 12:00:00,2024/08/19 11:59:59
2406022,14,200031,0,0,0,0,2,0,1,1,30,110,1500,0,1,20010,2024/08/18 12:00:00,2024/08/19 11:59:59
2406023,14,200031,0,0,0,0,3,0,1,1,34,95,2,0,1,20010,2024/08/18 12:00:00,2024/08/19 11:59:59
2406024,14,200031,0,0,0,0,4,0,1,1,21,34,1,0,1,20010,2024/08/18 12:00:00,2024/08/19 11:59:59
2406025,14,200031,0,0,0,0,5,0,1,1,170,2006,5,0,1,20010,2024/08/18 12:00:00,2024/08/19 11:59:59
2406026,14,200031,0,0,0,0,1,0,1,1,91,59,3000,0,1,20010,2024/08/19 12:00:00,2024/08/20 11:59:59
2406027,14,200031,0,0,0,0,2,0,1,1,30,110,1500,0,1,20010,2024/08/19 12:00:00,2024/08/20 11:59:59
2406028,14,200031,0,0,0,0,3,0,1,1,34,95,2,0,1,20010,2024/08/19 12:00:00,2024/08/20 11:59:59
2406029,14,200031,0,0,0,0,4,0,1,1,21,34,1,0,1,20010,2024/08/19 12:00:00,2024/08/20 11:59:59
2406030,14,200031,0,0,0,0,5,0,1,1,170,2006,5,0,1,20010,2024/08/19 12:00:00,2024/08/20 11:59:59
2406031,14,200031,0,0,0,0,1,0,1,1,91,59,3000,0,1,20010,2024/08/20 12:00:00,2024/08/21 11:59:59
2406032,14,200031,0,0,0,0,2,0,1,1,30,110,1500,0,1,20010,2024/08/20 12:00:00,2024/08/21 11:59:59
2406033,14,200031,0,0,0,0,3,0,1,1,34,95,2,0,1,20010,2024/08/20 12:00:00,2024/08/21 11:59:59
2406034,14,200031,0,0,0,0,4,0,1,1,21,34,1,0,1,20010,2024/08/20 12:00:00,2024/08/21 11:59:59
2406035,14,200031,0,0,0,0,5,0,1,1,170,2006,5,0,1,20010,2024/08/20 12:00:00,2024/08/21 11:59:59
2406036,14,200031,0,0,0,0,1,0,1,1,91,59,3000,0,1,20010,2024/08/21 12:00:00,2024/08/22 11:59:59
2406037,14,200031,0,0,0,0,2,0,1,1,30,110,1500,0,1,20010,2024/08/21 12:00:00,2024/08/22 11:59:59
2406038,14,200031,0,0,0,0,3,0,1,1,34,95,2,0,1,20010,2024/08/21 12:00:00,2024/08/22 11:59:59
2406039,14,200031,0,0,0,0,4,0,1,1,21,34,1,0,1,20010,2024/08/21 12:00:00,2024/08/22 11:59:59
2406040,14,200031,0,0,0,0,5,0,1,1,170,2006,5,0,1,20010,2024/08/21 12:00:00,2024/08/22 11:59:59
2406041,15,200035,0,0,0,0,1,0,1,1,21,34,5,0,1,20010,2024/08/14 12:00:00,2024/08/25 11:59:59
2406042,15,200032,0,0,0,0,1,0,1,1,90,43,50,0,1,20010,2024/08/14 12:00:00,2024/08/25 11:59:59
2406043,15,200032,0,0,0,0,2,0,1,1,90,43,50,0,1,20010,2024/08/14 12:00:00,2024/08/25 11:59:59
2406044,15,200032,0,0,0,0,3,0,1,1,90,43,50,0,1,20010,2024/08/14 12:00:00,2024/08/25 11:59:59
2406045,15,200032,0,0,0,0,4,0,1,1,90,43,50,0,1,20010,2024/08/14 12:00:00,2024/08/25 11:59:59
2406046,15,200032,0,0,0,0,5,0,1,1,90,43,50,0,1,20010,2024/08/14 12:00:00,2024/08/25 11:59:59
2406047,15,200032,0,0,0,0,6,0,1,1,90,43,50,0,1,20010,2024/08/14 12:00:00,2024/08/25 11:59:59
2406048,15,200031,0,0,0,0,10,0,1,1,91,59,20000,0,1,20010,2024/08/14 12:00:00,2024/08/25 11:59:59
2406049,15,200031,0,0,0,0,15,0,1,1,30,110,10000,0,1,20010,2024/08/14 12:00:00,2024/08/25 11:59:59
2406050,15,200031,0,0,0,0,20,0,1,1,40,111,1,0,1,20010,2024/08/14 12:00:00,2024/08/25 11:59:59
2406051,15,200031,0,0,0,0,25,0,1,1,97,115,10,0,1,20010,2024/08/14 12:00:00,2024/08/25 11:59:59
2406052,15,200031,0,0,0,0,30,0,1,1,164,150,1,0,1,20010,2024/08/14 12:00:00,2024/08/25 11:59:59
2406053,15,200031,0,0,0,0,35,0,1,1,91,59,30000,0,1,20010,2024/08/14 12:00:00,2024/08/25 11:59:59
2406054,15,200031,0,0,0,0,40,0,1,1,30,110,15000,0,1,20010,2024/08/14 12:00:00,2024/08/25 11:59:59
2406055,15,200031,0,0,0,0,45,0,1,1,40,41,1,0,1,20010,2024/08/14 12:00:00,2024/08/25 11:59:59
2406056,15,200031,0,0,0,0,50,0,1,1,93,44,2,0,1,20010,2024/08/14 12:00:00,2024/08/25 11:59:59
2406057,15,200031,0,0,0,0,60,0,1,1,164,149,1,0,1,20010,2024/08/14 12:00:00,2024/08/25 11:59:59
2406058,15,200039,0,0,0,0,1,0,1,1,93,44,2,0,1,20010,2024/08/14 12:00:00,2024/08/25 11:59:59
2406059,15,200039,0,0,0,0,2,0,1,1,93,44,2,0,1,20010,2024/08/14 12:00:00,2024/08/25 11:59:59
2406060,15,200039,0,0,0,0,3,0,1,1,93,44,2,0,1,20010,2024/08/14 12:00:00,2024/08/25 11:59:59
2407001,14,200031,0,0,0,0,1,0,1,1,91,59,3000,0,1,20010,2024/12/11 12:00:00,2024/12/12 11:59:59
2407002,14,200031,0,0,0,0,2,0,1,1,30,110,1500,0,1,20010,2024/12/11 12:00:00,2024/12/12 11:59:59
2407003,14,200031,0,0,0,0,3,0,1,1,34,95,2,0,1,20010,2024/12/11 12:00:00,2024/12/12 11:59:59
2407004,14,200031,0,0,0,0,4,0,1,1,21,34,1,0,1,20010,2024/12/11 12:00:00,2024/12/12 11:59:59
2407005,14,200031,0,0,0,0,5,0,1,1,170,2007,5,0,1,20010,2024/12/11 12:00:00,2024/12/12 11:59:59
2407006,14,200031,0,0,0,0,1,0,1,1,91,59,3000,0,1,20010,2024/12/12 12:00:00,2024/12/13 11:59:59
2407007,14,200031,0,0,0,0,2,0,1,1,30,110,1500,0,1,20010,2024/12/12 12:00:00,2024/12/13 11:59:59
2407008,14,200031,0,0,0,0,3,0,1,1,34,95,2,0,1,20010,2024/12/12 12:00:00,2024/12/13 11:59:59
2407009,14,200031,0,0,0,0,4,0,1,1,21,34,1,0,1,20010,2024/12/12 12:00:00,2024/12/13 11:59:59
2407010,14,200031,0,0,0,0,5,0,1,1,170,2007,5,0,1,20010,2024/12/12 12:00:00,2024/12/13 11:59:59
2407011,14,200031,0,0,0,0,1,0,1,1,91,59,3000,0,1,20010,2024/12/13 12:00:00,2024/12/14 11:59:59
2407012,14,200031,0,0,0,0,2,0,1,1,30,110,1500,0,1,20010,2024/12/13 12:00:00,2024/12/14 11:59:59
2407013,14,200031,0,0,0,0,3,0,1,1,34,95,2,0,1,20010,2024/12/13 12:00:00,2024/12/14 11:59:59
2407014,14,200031,0,0,0,0,4,0,1,1,21,34,1,0,1,20010,2024/12/13 12:00:00,2024/12/14 11:59:59
2407015,14,200031,0,0,0,0,5,0,1,1,170,2007,5,0,1,20010,2024/12/13 12:00:00,2024/12/14 11:59:59
2407016,14,200031,0,0,0,0,1,0,1,1,91,59,3000,0,1,20010,2024/12/14 12:00:00,2024/12/15 11:59:59
2407017,14,200031,0,0,0,0,2,0,1,1,30,110,1500,0,1,20010,2024/12/14 12:00:00,2024/12/15 11:59:59
2407018,14,200031,0,0,0,0,3,0,1,1,34,95,2,0,1,20010,2024/12/14 12:00:00,2024/12/15 11:59:59
2407019,14,200031,0,0,0,0,4,0,1,1,21,34,1,0,1,20010,2024/12/14 12:00:00,2024/12/15 11:59:59
2407020,14,200031,0,0,0,0,5,0,1,1,170,2007,5,0,1,20010,2024/12/14 12:00:00,2024/12/15 11:59:59
2407021,14,200031,0,0,0,0,1,0,1,1,91,59,3000,0,1,20010,2024/12/15 12:00:00,2024/12/16 11:59:59
2407022,14,200031,0,0,0,0,2,0,1,1,30,110,1500,0,1,20010,2024/12/15 12:00:00,2024/12/16 11:59:59
2407023,14,200031,0,0,0,0,3,0,1,1,34,95,2,0,1,20010,2024/12/15 12:00:00,2024/12/16 11:59:59
2407024,14,200031,0,0,0,0,4,0,1,1,21,34,1,0,1,20010,2024/12/15 12:00:00,2024/12/16 11:59:59
2407025,14,200031,0,0,0,0,5,0,1,1,170,2007,5,0,1,20010,2024/12/15 12:00:00,2024/12/16 11:59:59
2407026,14,200031,0,0,0,0,1,0,1,1,91,59,3000,0,1,20010,2024/12/16 12:00:00,2024/12/17 11:59:59
2407027,14,200031,0,0,0,0,2,0,1,1,30,110,1500,0,1,20010,2024/12/16 12:00:00,2024/12/17 11:59:59
2407028,14,200031,0,0,0,0,3,0,1,1,34,95,2,0,1,20010,2024/12/16 12:00:00,2024/12/17 11:59:59
2407029,14,200031,0,0,0,0,4,0,1,1,21,34,1,0,1,20010,2024/12/16 12:00:00,2024/12/17 11:59:59
2407030,14,200031,0,0,0,0,5,0,1,1,170,2007,5,0,1,20010,2024/12/16 12:00:00,2024/12/17 11:59:59
2407031,14,200031,0,0,0,0,1,0,1,1,91,59,3000,0,1,20010,2024/12/17 12:00:00,2024/12/18 11:59:59
2407032,14,200031,0,0,0,0,2,0,1,1,30,110,1500,0,1,20010,2024/12/17 12:00:00,2024/12/18 11:59:59
2407033,14,200031,0,0,0,0,3,0,1,1,34,95,2,0,1,20010,2024/12/17 12:00:00,2024/12/18 11:59:59
2407034,14,200031,0,0,0,0,4,0,1,1,21,34,1,0,1,20010,2024/12/17 12:00:00,2024/12/18 11:59:59
2407035,14,200031,0,0,0,0,5,0,1,1,170,2007,5,0,1,20010,2024/12/17 12:00:00,2024/12/18 11:59:59
2407036,14,200031,0,0,0,0,1,0,1,1,91,59,3000,0,1,20010,2024/12/18 12:00:00,2024/12/19 11:59:59
2407037,14,200031,0,0,0,0,2,0,1,1,30,110,1500,0,1,20010,2024/12/18 12:00:00,2024/12/19 11:59:59
2407038,14,200031,0,0,0,0,3,0,1,1,34,95,2,0,1,20010,2024/12/18 12:00:00,2024/12/19 11:59:59
2407039,14,200031,0,0,0,0,4,0,1,1,21,34,1,0,1,20010,2024/12/18 12:00:00,2024/12/19 11:59:59
2407040,14,200031,0,0,0,0,5,0,1,1,170,2007,5,0,1,20010,2024/12/18 12:00:00,2024/12/19 11:59:59
2407041,15,200035,0,0,0,0,1,0,1,1,21,34,5,0,1,20010,2024/12/11 12:00:00,2024/12/22 11:59:59
2407042,15,200032,0,0,0,0,1,0,1,1,90,43,50,0,1,20010,2024/12/11 12:00:00,2024/12/22 11:59:59
2407043,15,200032,0,0,0,0,2,0,1,1,90,43,50,0,1,20010,2024/12/11 12:00:00,2024/12/22 11:59:59
2407044,15,200032,0,0,0,0,3,0,1,1,90,43,50,0,1,20010,2024/12/11 12:00:00,2024/12/22 11:59:59
2407045,15,200032,0,0,0,0,4,0,1,1,90,43,50,0,1,20010,2024/12/11 12:00:00,2024/12/22 11:59:59
2407046,15,200032,0,0,0,0,5,0,1,1,90,43,50,0,1,20010,2024/12/11 12:00:00,2024/12/22 11:59:59
2407047,15,200032,0,0,0,0,6,0,1,1,90,43,50,0,1,20010,2024/12/11 12:00:00,2024/12/22 11:59:59
2407048,15,200031,0,0,0,0,10,0,1,1,91,59,20000,0,1,20010,2024/12/11 12:00:00,2024/12/22 11:59:59
2407049,15,200031,0,0,0,0,15,0,1,1,30,110,10000,0,1,20010,2024/12/11 12:00:00,2024/12/22 11:59:59
2407050,15,200031,0,0,0,0,20,0,1,1,40,111,1,0,1,20010,2024/12/11 12:00:00,2024/12/22 11:59:59
2407051,15,200031,0,0,0,0,25,0,1,1,97,115,10,0,1,20010,2024/12/11 12:00:00,2024/12/22 11:59:59
2407052,15,200031,0,0,0,0,30,0,1,1,164,150,1,0,1,20010,2024/12/11 12:00:00,2024/12/22 11:59:59
2407053,15,200031,0,0,0,0,35,0,1,1,91,59,30000,0,1,20010,2024/12/11 12:00:00,2024/12/22 11:59:59
2407054,15,200031,0,0,0,0,40,0,1,1,30,110,15000,0,1,20010,2024/12/11 12:00:00,2024/12/22 11:59:59
2407055,15,200031,0,0,0,0,45,0,1,1,40,41,1,0,1,20010,2024/12/11 12:00:00,2024/12/22 11:59:59
2407056,15,200031,0,0,0,0,50,0,1,1,93,44,2,0,1,20010,2024/12/11 12:00:00,2024/12/22 11:59:59
2407057,15,200031,0,0,0,0,60,0,1,1,164,149,1,0,1,20010,2024/12/11 12:00:00,2024/12/22 11:59:59
2407058,15,200039,0,0,0,0,1,0,1,1,93,44,2,0,1,20010,2024/12/11 12:00:00,2024/12/22 11:59:59
2407059,15,200039,0,0,0,0,2,0,1,1,93,44,2,0,1,20010,2024/12/11 12:00:00,2024/12/22 11:59:59
2407060,15,200039,0,0,0,0,3,0,1,1,93,44,2,0,1,20010,2024/12/11 12:00:00,2024/12/22 11:59:59
2408001,14,200031,0,0,0,0,1,0,1,1,91,59,3000,0,1,20010,2025/04/10 12:00:00,2025/04/11 11:59:59
2408002,14,200031,0,0,0,0,2,0,1,1,30,110,1500,0,1,20010,2025/04/10 12:00:00,2025/04/11 11:59:59
2408003,14,200031,0,0,0,0,3,0,1,1,34,95,2,0,1,20010,2025/04/10 12:00:00,2025/04/11 11:59:59
2408004,14,200031,0,0,0,0,4,0,1,1,21,34,1,0,1,20010,2025/04/10 12:00:00,2025/04/11 11:59:59
2408005,14,200031,0,0,0,0,5,0,1,1,170,2008,5,0,1,20010,2025/04/10 12:00:00,2025/04/11 11:59:59
2408006,14,200031,0,0,0,0,1,0,1,1,91,59,3000,0,1,20010,2025/04/11 12:00:00,2025/04/12 11:59:59
2408007,14,200031,0,0,0,0,2,0,1,1,30,110,1500,0,1,20010,2025/04/11 12:00:00,2025/04/12 11:59:59
2408008,14,200031,0,0,0,0,3,0,1,1,34,95,2,0,1,20010,2025/04/11 12:00:00,2025/04/12 11:59:59
2408009,14,200031,0,0,0,0,4,0,1,1,21,34,1,0,1,20010,2025/04/11 12:00:00,2025/04/12 11:59:59
2408010,14,200031,0,0,0,0,5,0,1,1,170,2008,5,0,1,20010,2025/04/11 12:00:00,2025/04/12 11:59:59
2408011,14,200031,0,0,0,0,1,0,1,1,91,59,3000,0,1,20010,2025/04/12 12:00:00,2025/04/13 11:59:59
2408012,14,200031,0,0,0,0,2,0,1,1,30,110,1500,0,1,20010,2025/04/12 12:00:00,2025/04/13 11:59:59
2408013,14,200031,0,0,0,0,3,0,1,1,34,95,2,0,1,20010,2025/04/12 12:00:00,2025/04/13 11:59:59
2408014,14,200031,0,0,0,0,4,0,1,1,21,34,1,0,1,20010,2025/04/12 12:00:00,2025/04/13 11:59:59
2408015,14,200031,0,0,0,0,5,0,1,1,170,2008,5,0,1,20010,2025/04/12 12:00:00,2025/04/13 11:59:59
2408016,14,200031,0,0,0,0,1,0,1,1,91,59,3000,0,1,20010,2025/04/13 12:00:00,2025/04/14 11:59:59
2408017,14,200031,0,0,0,0,2,0,1,1,30,110,1500,0,1,20010,2025/04/13 12:00:00,2025/04/14 11:59:59
2408018,14,200031,0,0,0,0,3,0,1,1,34,95,2,0,1,20010,2025/04/13 12:00:00,2025/04/14 11:59:59
2408019,14,200031,0,0,0,0,4,0,1,1,21,34,1,0,1,20010,2025/04/13 12:00:00,2025/04/14 11:59:59
2408020,14,200031,0,0,0,0,5,0,1,1,170,2008,5,0,1,20010,2025/04/13 12:00:00,2025/04/14 11:59:59
2408021,14,200031,0,0,0,0,1,0,1,1,91,59,3000,0,1,20010,2025/04/14 12:00:00,2025/04/15 11:59:59
2408022,14,200031,0,0,0,0,2,0,1,1,30,110,1500,0,1,20010,2025/04/14 12:00:00,2025/04/15 11:59:59
2408023,14,200031,0,0,0,0,3,0,1,1,34,95,2,0,1,20010,2025/04/14 12:00:00,2025/04/15 11:59:59
2408024,14,200031,0,0,0,0,4,0,1,1,21,34,1,0,1,20010,2025/04/14 12:00:00,2025/04/15 11:59:59
2408025,14,200031,0,0,0,0,5,0,1,1,170,2008,5,0,1,20010,2025/04/14 12:00:00,2025/04/15 11:59:59
2408026,14,200031,0,0,0,0,1,0,1,1,91,59,3000,0,1,20010,2025/04/15 12:00:00,2025/04/16 11:59:59
2408027,14,200031,0,0,0,0,2,0,1,1,30,110,1500,0,1,20010,2025/04/15 12:00:00,2025/04/16 11:59:59
2408028,14,200031,0,0,0,0,3,0,1,1,34,95,2,0,1,20010,2025/04/15 12:00:00,2025/04/16 11:59:59
2408029,14,200031,0,0,0,0,4,0,1,1,21,34,1,0,1,20010,2025/04/15 12:00:00,2025/04/16 11:59:59
2408030,14,200031,0,0,0,0,5,0,1,1,170,2008,5,0,1,20010,2025/04/15 12:00:00,2025/04/16 11:59:59
2408031,14,200031,0,0,0,0,1,0,1,1,91,59,3000,0,1,20010,2025/04/16 12:00:00,2025/04/17 11:59:59
2408032,14,200031,0,0,0,0,2,0,1,1,30,110,1500,0,1,20010,2025/04/16 12:00:00,2025/04/17 11:59:59
2408033,14,200031,0,0,0,0,3,0,1,1,34,95,2,0,1,20010,2025/04/16 12:00:00,2025/04/17 11:59:59
2408034,14,200031,0,0,0,0,4,0,1,1,21,34,1,0,1,20010,2025/04/16 12:00:00,2025/04/17 11:59:59
2408035,14,200031,0,0,0,0,5,0,1,1,170,2008,5,0,1,20010,2025/04/16 12:00:00,2025/04/17 11:59:59
2408036,14,200031,0,0,0,0,1,0,1,1,91,59,3000,0,1,20010,2025/04/17 12:00:00,2025/04/18 11:59:59
2408037,14,200031,0,0,0,0,2,0,1,1,30,110,1500,0,1,20010,2025/04/17 12:00:00,2025/04/18 11:59:59
2408038,14,200031,0,0,0,0,3,0,1,1,34,95,2,0,1,20010,2025/04/17 12:00:00,2025/04/18 11:59:59
2408039,14,200031,0,0,0,0,4,0,1,1,21,34,1,0,1,20010,2025/04/17 12:00:00,2025/04/18 11:59:59
2408040,14,200031,0,0,0,0,5,0,1,1,170,2008,5,0,1,20010,2025/04/17 12:00:00,2025/04/18 11:59:59
2408041,15,200035,0,0,0,0,1,0,1,1,21,34,5,0,1,20010,2025/04/10 12:00:00,2025/04/21 11:59:59
2408042,15,200032,0,0,0,0,1,0,1,1,90,43,50,0,1,20010,2025/04/10 12:00:00,2025/04/21 11:59:59
2408043,15,200032,0,0,0,0,2,0,1,1,90,43,50,0,1,20010,2025/04/10 12:00:00,2025/04/21 11:59:59
2408044,15,200032,0,0,0,0,3,0,1,1,90,43,50,0,1,20010,2025/04/10 12:00:00,2025/04/21 11:59:59
2408045,15,200032,0,0,0,0,4,0,1,1,90,43,50,0,1,20010,2025/04/10 12:00:00,2025/04/21 11:59:59
2408046,15,200032,0,0,0,0,5,0,1,1,90,43,50,0,1,20010,2025/04/10 12:00:00,2025/04/21 11:59:59
2408047,15,200032,0,0,0,0,6,0,1,1,90,43,50,0,1,20010,2025/04/10 12:00:00,2025/04/21 11:59:59
2408048,15,200031,0,0,0,0,10,0,1,1,91,59,20000,0,1,20010,2025/04/10 12:00:00,2025/04/21 11:59:59
2408049,15,200031,0,0,0,0,15,0,1,1,30,110,10000,0,1,20010,2025/04/10 12:00:00,2025/04/21 11:59:59
2408050,15,200031,0,0,0,0,20,0,1,1,40,111,1,0,1,20010,2025/04/10 12:00:00,2025/04/21 11:59:59
2408051,15,200031,0,0,0,0,25,0,1,1,97,115,10,0,1,20010,2025/04/10 12:00:00,2025/04/21 11:59:59
2408052,15,200031,0,0,0,0,30,0,1,1,164,150,1,0,1,20010,2025/04/10 12:00:00,2025/04/21 11:59:59
2408053,15,200031,0,0,0,0,35,0,1,1,91,59,30000,0,1,20010,2025/04/10 12:00:00,2025/04/21 11:59:59
2408054,15,200031,0,0,0,0,40,0,1,1,30,110,15000,0,1,20010,2025/04/10 12:00:00,2025/04/21 11:59:59
2408055,15,200031,0,0,0,0,45,0,1,1,40,41,1,0,1,20010,2025/04/10 12:00:00,2025/04/21 11:59:59
2408056,15,200031,0,0,0,0,50,0,1,1,93,44,2,0,1,20010,2025/04/10 12:00:00,2025/04/21 11:59:59
2408057,15,200031,0,0,0,0,60,0,1,1,164,149,1,0,1,20010,2025/04/10 12:00:00,2025/04/21 11:59:59
2408058,15,200039,0,0,0,0,1,0,1,1,93,44,2,0,1,20010,2025/04/10 12:00:00,2025/04/21 11:59:59
2408059,15,200039,0,0,0,0,2,0,1,1,93,44,2,0,1,20010,2025/04/10 12:00:00,2025/04/21 11:59:59
2408060,15,200039,0,0,0,0,3,0,1,1,93,44,2,0,1,20010,2025/04/10 12:00:00,2025/04/21 11:59:59
2500001,17,200008,0,0,0,0,1,0,1,1,171,189,1,0,1,20003,2022/12/21 12:00:00,2022/12/29 11:59:59
2500002,17,200033,0,0,0,0,1,0,1,2,171,189,1,0,1,20011,2022/12/21 12:00:00,2022/12/29 11:59:59
2500003,17,100025,110101,18,0,0,1,0,1,3,171,189,1,0,1,10001,2022/12/21 12:00:00,2022/12/29 11:59:59
2500004,17,100025,110601,18,0,0,1,0,1,4,171,189,1,0,1,10001,2022/12/21 12:00:00,2022/12/29 11:59:59
2500005,17,100040,2,0,0,6,1,0,1,5,171,189,1,0,1,10001,2022/12/21 12:00:00,2022/12/29 11:59:59
2500006,17,900001,17,0,0,0,5,0,1,6,171,189,5,0,1,0,2022/12/21 12:00:00,2022/12/29 11:59:59
2500007,16,100003,0,0,0,0,1,0,1,1,171,189,1,0,1,10001,2022/12/21 12:00:00,2022/12/22 4:59:59
2500008,16,200005,0,0,0,0,1,0,1,2,171,189,1,0,1,20001,2022/12/21 12:00:00,2022/12/22 4:59:59
2500009,16,200017,5,0,0,0,1,0,1,3,171,189,1,0,1,20001,2022/12/21 12:00:00,2022/12/22 4:59:59
2500010,16,100003,0,0,0,0,1,0,1,1,171,189,1,0,1,10001,2022/12/22 5:00:00,2022/12/23 4:59:59
2500011,16,200005,0,0,0,0,1,0,1,2,171,189,1,0,1,20001,2022/12/22 5:00:00,2022/12/23 4:59:59
2500012,16,200017,5,0,0,0,1,0,1,3,171,189,1,0,1,20001,2022/12/22 5:00:00,2022/12/23 4:59:59
2500013,16,100003,0,0,0,0,1,0,1,1,171,189,1,0,1,10001,2022/12/23 5:00:00,2022/12/24 4:59:59
2500014,16,200005,0,0,0,0,1,0,1,2,171,189,1,0,1,20001,2022/12/23 5:00:00,2022/12/24 4:59:59
2500015,16,200017,5,0,0,0,1,0,1,3,171,189,1,0,1,20001,2022/12/23 5:00:00,2022/12/24 4:59:59
2500016,16,100003,0,0,0,0,1,0,1,1,171,189,1,0,1,10001,2022/12/24 5:00:00,2022/12/29 11:59:59
2500017,16,200005,0,0,0,0,1,0,1,2,171,189,1,0,1,20001,2022/12/24 5:00:00,2022/12/29 11:59:59
2500018,16,200017,5,0,0,0,1,0,1,3,171,189,1,0,1,20001,2022/12/24 5:00:00,2022/12/29 11:59:59
2600001,4,800001,1,0,0,1001,2,0,1,1,51,30025,1,28,1,10001,2023/09/04 11:00:00,2050/01/01 4:59:59
2600002,4,800001,1,0,0,1001,4,0,1,1,51,30025,1,28,1,10001,2023/09/04 11:00:00,2050/01/01 4:59:59
2600003,4,800001,1,0,0,1001,7,0,1,1,51,30025,1,28,1,10001,2023/09/04 11:00:00,2050/01/01 4:59:59
2600004,4,800001,1,0,0,1001,10,0,1,1,51,30025,1,28,1,10001,2023/09/04 11:00:00,2050/01/01 4:59:59
2600005,4,800001,1,0,0,1002,2,0,1,1,51,30030,1,28,1,10001,2023/09/04 11:00:00,2050/01/01 4:59:59
2600006,4,800001,1,0,0,1002,4,0,1,1,51,30030,1,28,1,10001,2023/09/04 11:00:00,2050/01/01 4:59:59
2600007,4,800001,1,0,0,1002,7,0,1,1,51,30030,1,28,1,10001,2023/09/04 11:00:00,2050/01/01 4:59:59
2600008,4,800001,1,0,0,1002,10,0,1,1,51,30030,1,28,1,10001,2023/09/04 11:00:00,2050/01/01 4:59:59
2600009,4,800001,1,0,0,1002,1,0,1,1,51,20026,1,28,1,10001,2023/09/04 11:00:00,2050/01/01 4:59:59
2600010,4,800001,1,0,0,1002,2,0,1,1,51,20026,1,28,1,10001,2023/09/04 11:00:00,2050/01/01 4:59:59
2600011,4,800001,1,0,0,1002,3,0,1,1,51,20026,1,28,1,10001,2023/09/04 11:00:00,2050/01/01 4:59:59
2600012,4,800001,1,0,0,1002,4,0,1,1,51,20026,1,28,1,10001,2023/09/04 11:00:00,2050/01/01 4:59:59
2600013,4,800001,1,0,0,1003,2,0,1,1,51,30041,1,28,1,10001,2023/09/04 11:00:00,2050/01/01 4:59:59
2600014,4,800001,1,0,0,1003,4,0,1,1,51,30041,1,28,1,10001,2023/09/04 11:00:00,2050/01/01 4:59:59
2600015,4,800001,1,0,0,1003,7,0,1,1,51,30041,1,28,1,10001,2023/09/04 11:00:00,2050/01/01 4:59:59
2600016,4,800001,1,0,0,1003,10,0,1,1,51,30041,1,28,1,10001,2023/09/04 11:00:00,2050/01/01 4:59:59
2600017,4,800001,1,0,0,1004,2,0,1,1,51,30057,1,28,1,10001,2023/09/04 11:00:00,2050/01/01 4:59:59
2600018,4,800001,1,0,0,1004,4,0,1,1,51,30057,1,28,1,10001,2023/09/04 11:00:00,2050/01/01 4:59:59
2600019,4,800001,1,0,0,1004,7,0,1,1,51,30057,1,28,1,10001,2023/09/04 11:00:00,2050/01/01 4:59:59
2600020,4,800001,1,0,0,1004,10,0,1,1,51,30057,1,28,1,10001,2023/09/04 11:00:00,2050/01/01 4:59:59
2600021,4,800001,1,0,0,1005,2,0,1,1,51,30047,1,28,1,10001,2023/09/04 11:00:00,2050/01/01 4:59:59
2600022,4,800001,1,0,0,1005,4,0,1,1,51,30047,1,28,1,10001,2023/09/04 11:00:00,2050/01/01 4:59:59
2600023,4,800001,1,0,0,1005,7,0,1,1,51,30047,1,28,1,10001,2023/09/04 11:00:00,2050/01/01 4:59:59
2600024,4,800001,1,0,0,1005,10,0,1,1,51,30047,1,28,1,10001,2023/09/04 11:00:00,2050/01/01 4:59:59
2600025,4,800001,1,0,0,1006,2,0,1,1,51,30066,1,28,1,10001,2023/09/04 11:00:00,2050/01/01 4:59:59
2600026,4,800001,1,0,0,1006,4,0,1,1,51,30066,1,28,1,10001,2023/09/04 11:00:00,2050/01/01 4:59:59
2600027,4,800001,1,0,0,1006,7,0,1,1,51,30066,1,28,1,10001,2023/09/04 11:00:00,2050/01/01 4:59:59
2600028,4,800001,1,0,0,1006,10,0,1,1,51,30066,1,28,1,10001,2023/09/04 11:00:00,2050/01/01 4:59:59
2600029,4,800001,1,0,0,1007,2,0,1,1,51,30070,1,28,1,10001,2023/09/04 11:00:00,2050/01/01 4:59:59
2600030,4,800001,1,0,0,1007,4,0,1,1,51,30070,1,28,1,10001,2023/09/04 11:00:00,2050/01/01 4:59:59
2600031,4,800001,1,0,0,1007,7,0,1,1,51,30070,1,28,1,10001,2023/09/04 11:00:00,2050/01/01 4:59:59
2600032,4,800001,1,0,0,1007,10,0,1,1,51,30070,1,28,1,10001,2023/09/04 11:00:00,2050/01/01 4:59:59
2600033,4,800001,1,0,0,1008,2,0,1,1,51,30074,1,28,1,10001,2023/09/04 11:00:00,2050/01/01 4:59:59
2600034,4,800001,1,0,0,1008,4,0,1,1,51,30074,1,28,1,10001,2023/09/04 11:00:00,2050/01/01 4:59:59
2600035,4,800001,1,0,0,1008,7,0,1,1,51,30074,1,28,1,10001,2023/09/04 11:00:00,2050/01/01 4:59:59
2600036,4,800001,1,0,0,1008,10,0,1,1,51,30074,1,28,1,10001,2023/09/04 11:00:00,2050/01/01 4:59:59
2600037,4,800001,1,0,0,1009,2,0,1,1,51,30079,1,28,1,10001,2023/09/04 11:00:00,2050/01/01 4:59:59
2600038,4,800001,1,0,0,1009,4,0,1,1,51,30079,1,28,1,10001,2023/09/04 11:00:00,2050/01/01 4:59:59
2600039,4,800001,1,0,0,1009,7,0,1,1,51,30079,1,28,1,10001,2023/09/04 11:00:00,2050/01/01 4:59:59
2600040,4,800001,1,0,0,1009,10,0,1,1,51,30079,1,28,1,10001,2023/09/04 11:00:00,2050/01/01 4:59:59
2600041,4,800001,1,0,0,1010,2,0,1,1,51,30084,1,28,1,10001,2023/09/04 11:00:00,2050/01/01 4:59:59
2600042,4,800001,1,0,0,1010,4,0,1,1,51,30084,1,28,1,10001,2023/09/04 11:00:00,2050/01/01 4:59:59
2600043,4,800001,1,0,0,1010,7,0,1,1,51,30084,1,28,1,10001,2023/09/04 11:00:00,2050/01/01 4:59:59
2600044,4,800001,1,0,0,1010,10,0,1,1,51,30084,1,28,1,10001,2023/09/04 11:00:00,2050/01/01 4:59:59
2600045,4,800001,1,0,0,1011,2,0,1,1,51,30087,1,28,1,10001,2023/09/04 11:00:00,2050/01/01 4:59:59
2600046,4,800001,1,0,0,1011,4,0,1,1,51,30087,1,28,1,10001,2023/09/04 11:00:00,2050/01/01 4:59:59
2600047,4,800001,1,0,0,1011,7,0,1,1,51,30087,1,28,1,10001,2023/09/04 11:00:00,2050/01/01 4:59:59
2600048,4,800001,1,0,0,1011,10,0,1,1,51,30087,1,28,1,10001,2023/09/04 11:00:00,2050/01/01 4:59:59
2600049,4,800001,1,0,0,1011,1,0,1,1,51,20043,1,28,1,10001,2023/09/04 11:00:00,2050/01/01 4:59:59
2600050,4,800001,1,0,0,1011,2,0,1,1,51,20043,1,28,1,10001,2023/09/04 11:00:00,2050/01/01 4:59:59
2600051,4,800001,1,0,0,1011,3,0,1,1,51,20043,1,28,1,10001,2023/09/04 11:00:00,2050/01/01 4:59:59
2600052,4,800001,1,0,0,1011,4,0,1,1,51,20043,1,28,1,10001,2023/09/04 11:00:00,2050/01/01 4:59:59
2600053,4,800001,1,0,0,1012,2,0,1,1,51,30092,1,28,1,10001,2023/09/04 11:00:00,2050/01/01 4:59:59
2600054,4,800001,1,0,0,1012,4,0,1,1,51,30092,1,28,1,10001,2023/09/04 11:00:00,2050/01/01 4:59:59
2600055,4,800001,1,0,0,1012,7,0,1,1,51,30092,1,28,1,10001,2023/09/04 11:00:00,2050/01/01 4:59:59
2600056,4,800001,1,0,0,1012,10,0,1,1,51,30092,1,28,1,10001,2023/09/04 11:00:00,2050/01/01 4:59:59
2600057,4,800001,1,0,0,1013,2,0,1,1,51,30096,1,28,1,10001,2023/09/04 11:00:00,2050/01/01 4:59:59
2600058,4,800001,1,0,0,1013,4,0,1,1,51,30096,1,28,1,10001,2023/09/04 11:00:00,2050/01/01 4:59:59
2600059,4,800001,1,0,0,1013,7,0,1,1,51,30096,1,28,1,10001,2023/09/04 11:00:00,2050/01/01 4:59:59
2600060,4,800001,1,0,0,1013,10,0,1,1,51,30096,1,28,1,10001,2023/09/04 11:00:00,2050/01/01 4:59:59
2600061,4,800001,1,0,0,1014,2,0,1,1,51,30100,1,28,1,10001,2023/09/04 11:00:00,2050/01/01 4:59:59
2600062,4,800001,1,0,0,1014,4,0,1,1,51,30100,1,28,1,10001,2023/09/04 11:00:00,2050/01/01 4:59:59
2600063,4,800001,1,0,0,1014,7,0,1,1,51,30100,1,28,1,10001,2023/09/04 11:00:00,2050/01/01 4:59:59
2600064,4,800001,1,0,0,1014,10,0,1,1,51,30100,1,28,1,10001,2023/09/04 11:00:00,2050/01/01 4:59:59
2600065,4,800001,1,0,0,1015,2,0,1,1,51,30104,1,28,1,10001,2023/09/04 11:00:00,2050/01/01 4:59:59
2600066,4,800001,1,0,0,1015,4,0,1,1,51,30104,1,28,1,10001,2023/09/04 11:00:00,2050/01/01 4:59:59
2600067,4,800001,1,0,0,1015,7,0,1,1,51,30104,1,28,1,10001,2023/09/04 11:00:00,2050/01/01 4:59:59
2600068,4,800001,1,0,0,1015,10,0,1,1,51,30104,1,28,1,10001,2023/09/04 11:00:00,2050/01/01 4:59:59
2600069,4,800001,1,0,0,1016,2,0,1,1,51,30109,1,28,1,10001,2023/09/04 11:00:00,2050/01/01 4:59:59
2600070,4,800001,1,0,0,1016,4,0,1,1,51,30109,1,28,1,10001,2023/09/04 11:00:00,2050/01/01 4:59:59
2600071,4,800001,1,0,0,1016,7,0,1,1,51,30109,1,28,1,10001,2023/09/04 11:00:00,2050/01/01 4:59:59
2600072,4,800001,1,0,0,1016,10,0,1,1,51,30109,1,28,1,10001,2023/09/04 11:00:00,2050/01/01 4:59:59
2600073,4,800001,1,0,0,1017,2,0,1,1,51,30113,1,28,1,10001,2023/09/04 11:00:00,2050/01/01 4:59:59
2600074,4,800001,1,0,0,1017,4,0,1,1,51,30113,1,28,1,10001,2023/09/04 11:00:00,2050/01/01 4:59:59
2600075,4,800001,1,0,0,1017,7,0,1,1,51,30113,1,28,1,10001,2023/09/04 11:00:00,2050/01/01 4:59:59
2600076,4,800001,1,0,0,1017,10,0,1,1,51,30113,1,28,1,10001,2023/09/04 11:00:00,2050/01/01 4:59:59
2600077,4,800001,1,0,0,1018,2,0,1,1,51,30117,1,28,1,10001,2023/09/29 11:00:00,2050/01/01 4:59:59
2600078,4,800001,1,0,0,1018,4,0,1,1,51,30117,1,28,1,10001,2023/09/29 11:00:00,2050/01/01 4:59:59
2600079,4,800001,1,0,0,1018,7,0,1,1,51,30117,1,28,1,10001,2023/09/29 11:00:00,2050/01/01 4:59:59
2600080,4,800001,1,0,0,1018,10,0,1,1,51,30117,1,28,1,10001,2023/09/29 11:00:00,2050/01/01 4:59:59
2600081,4,800001,1,0,0,1019,2,0,1,1,51,30119,1,28,1,10001,2023/10/30 11:00:00,2050/01/01 4:59:59
2600082,4,800001,1,0,0,1019,4,0,1,1,51,30119,1,28,1,10001,2023/10/30 11:00:00,2050/01/01 4:59:59
2600083,4,800001,1,0,0,1019,7,0,1,1,51,30119,1,28,1,10001,2023/10/30 11:00:00,2050/01/01 4:59:59
2600084,4,800001,1,0,0,1019,10,0,1,1,51,30119,1,28,1,10001,2023/10/30 11:00:00,2050/01/01 4:59:59
2600085,4,800001,1,0,0,1020,2,0,1,1,51,30125,1,28,1,10001,2023/11/30 11:00:00,2050/01/01 4:59:59
2600086,4,800001,1,0,0,1020,4,0,1,1,51,30125,1,28,1,10001,2023/11/30 11:00:00,2050/01/01 4:59:59
2600087,4,800001,1,0,0,1020,7,0,1,1,51,30125,1,28,1,10001,2023/11/30 11:00:00,2050/01/01 4:59:59
2600088,4,800001,1,0,0,1020,10,0,1,1,51,30125,1,28,1,10001,2023/11/30 11:00:00,2050/01/01 4:59:59
2600089,4,800001,1,0,0,1021,2,0,1,1,51,30129,1,28,1,10001,2023/12/28 11:00:00,2050/01/01 4:59:59
2600090,4,800001,1,0,0,1021,4,0,1,1,51,30129,1,28,1,10001,2023/12/28 11:00:00,2050/01/01 4:59:59
2600091,4,800001,1,0,0,1021,7,0,1,1,51,30129,1,28,1,10001,2023/12/28 11:00:00,2050/01/01 4:59:59
2600092,4,800001,1,0,0,1021,10,0,1,1,51,30129,1,28,1,10001,2023/12/28 11:00:00,2050/01/01 4:59:59
2600093,4,800001,1,0,0,1022,2,0,1,1,51,30133,1,28,1,10001,2024/01/31 11:00:00,2050/01/01 4:59:59
2600094,4,800001,1,0,0,1022,4,0,1,1,51,30133,1,28,1,10001,2024/01/31 11:00:00,2050/01/01 4:59:59
2600095,4,800001,1,0,0,1022,7,0,1,1,51,30133,1,28,1,10001,2024/01/31 11:00:00,2050/01/01 4:59:59
2600096,4,800001,1,0,0,1022,10,0,1,1,51,30133,1,28,1,10001,2024/01/31 11:00:00,2050/01/01 4:59:59
2600097,4,800001,1,0,0,1023,2,0,1,1,51,30135,1,28,1,10001,2024/02/24 11:00:00,2050/01/01 4:59:59
2600098,4,800001,1,0,0,1023,4,0,1,1,51,30135,1,28,1,10001,2024/02/24 11:00:00,2050/01/01 4:59:59
2600099,4,800001,1,0,0,1023,7,0,1,1,51,30135,1,28,1,10001,2024/02/24 11:00:00,2050/01/01 4:59:59
2600100,4,800001,1,0,0,1023,10,0,1,1,51,30135,1,28,1,10001,2024/02/24 11:00:00,2050/01/01 4:59:59
2600101,4,800001,1,0,0,1024,2,0,1,1,51,30140,1,28,1,10001,2024/03/29 11:00:00,2050/01/01 4:59:59
2600102,4,800001,1,0,0,1024,4,0,1,1,51,30140,1,28,1,10001,2024/03/29 11:00:00,2050/01/01 4:59:59
2600103,4,800001,1,0,0,1024,7,0,1,1,51,30140,1,28,1,10001,2024/03/29 11:00:00,2050/01/01 4:59:59
2600104,4,800001,1,0,0,1024,10,0,1,1,51,30140,1,28,1,10001,2024/03/29 11:00:00,2050/01/01 4:59:59
2600105,4,800001,1,0,0,1025,2,0,1,1,51,30143,1,28,1,10001,2024/04/30 11:00:00,2050/01/01 4:59:59
2600106,4,800001,1,0,0,1025,4,0,1,1,51,30143,1,28,1,10001,2024/04/30 11:00:00,2050/01/01 4:59:59
2600107,4,800001,1,0,0,1025,7,0,1,1,51,30143,1,28,1,10001,2024/04/30 11:00:00,2050/01/01 4:59:59
2600108,4,800001,1,0,0,1025,10,0,1,1,51,30143,1,28,1,10001,2024/04/30 11:00:00,2050/01/01 4:59:59
2600109,4,800001,1,0,0,1026,2,0,1,1,51,30150,1,28,1,10001,2024/05/30 11:00:00,2050/01/01 4:59:59
2600110,4,800001,1,0,0,1026,4,0,1,1,51,30150,1,28,1,10001,2024/05/30 11:00:00,2050/01/01 4:59:59
2600111,4,800001,1,0,0,1026,7,0,1,1,51,30150,1,28,1,10001,2024/05/30 11:00:00,2050/01/01 4:59:59
2600112,4,800001,1,0,0,1026,10,0,1,1,51,30150,1,28,1,10001,2024/05/30 11:00:00,2050/01/01 4:59:59
2600113,4,800001,1,0,0,1027,2,0,1,1,51,30155,1,28,1,10001,2024/06/26 11:00:00,2050/01/01 4:59:59
2600114,4,800001,1,0,0,1027,4,0,1,1,51,30155,1,28,1,10001,2024/06/26 11:00:00,2050/01/01 4:59:59
2600115,4,800001,1,0,0,1027,7,0,1,1,51,30155,1,28,1,10001,2024/06/26 11:00:00,2050/01/01 4:59:59
2600116,4,800001,1,0,0,1027,10,0,1,1,51,30155,1,28,1,10001,2024/06/26 11:00:00,2050/01/01 4:59:59
2600117,4,800001,1,0,0,1028,2,0,1,1,51,30159,1,28,1,10001,2024/07/29 11:00:00,2050/01/01 4:59:59
2600118,4,800001,1,0,0,1028,4,0,1,1,51,30159,1,28,1,10001,2024/07/29 11:00:00,2050/01/01 4:59:59
2600119,4,800001,1,0,0,1028,7,0,1,1,51,30159,1,28,1,10001,2024/07/29 11:00:00,2050/01/01 4:59:59
2600120,4,800001,1,0,0,1028,10,0,1,1,51,30159,1,28,1,10001,2024/07/29 11:00:00,2050/01/01 4:59:59
2600121,4,800001,1,0,0,1029,2,0,1,1,51,30167,1,28,1,10001,2024/09/30 11:00:00,2050/01/01 4:59:59
2600122,4,800001,1,0,0,1029,4,0,1,1,51,30167,1,28,1,10001,2024/09/30 11:00:00,2050/01/01 4:59:59
2600123,4,800001,1,0,0,1029,7,0,1,1,51,30167,1,28,1,10001,2024/09/30 11:00:00,2050/01/01 4:59:59
2600124,4,800001,1,0,0,1029,10,0,1,1,51,30167,1,28,1,10001,2024/09/30 11:00:00,2050/01/01 4:59:59
2600125,4,800001,1,0,0,1030,2,0,1,1,51,30171,1,28,1,10001,2024/10/29 11:00:00,2050/01/01 4:59:59
2600126,4,800001,1,0,0,1030,4,0,1,1,51,30171,1,28,1,10001,2024/10/29 11:00:00,2050/01/01 4:59:59
2600127,4,800001,1,0,0,1030,7,0,1,1,51,30171,1,28,1,10001,2024/10/29 11:00:00,2050/01/01 4:59:59
2600128,4,800001,1,0,0,1030,10,0,1,1,51,30171,1,28,1,10001,2024/10/29 11:00:00,2050/01/01 4:59:59
2600129,4,800001,1,0,0,1031,2,0,1,1,51,30176,1,28,1,10001,2024/11/28 11:00:00,2050/01/01 4:59:59
2600130,4,800001,1,0,0,1031,4,0,1,1,51,30176,1,28,1,10001,2024/11/28 11:00:00,2050/01/01 4:59:59
2600131,4,800001,1,0,0,1031,7,0,1,1,51,30176,1,28,1,10001,2024/11/28 11:00:00,2050/01/01 4:59:59
2600132,4,800001,1,0,0,1031,10,0,1,1,51,30176,1,28,1,10001,2024/11/28 11:00:00,2050/01/01 4:59:59
2600133,4,800001,1,0,0,1032,2,0,1,1,51,30180,1,28,1,10001,2024/12/27 11:00:00,2050/01/01 4:59:59
2600134,4,800001,1,0,0,1032,4,0,1,1,51,30180,1,28,1,10001,2024/12/27 11:00:00,2050/01/01 4:59:59
2600135,4,800001,1,0,0,1032,7,0,1,1,51,30180,1,28,1,10001,2024/12/27 11:00:00,2050/01/01 4:59:59
2600136,4,800001,1,0,0,1032,10,0,1,1,51,30180,1,28,1,10001,2024/12/27 11:00:00,2050/01/01 4:59:59
2600137,4,800001,1,0,0,1032,2,0,1,1,51,30181,1,28,1,10001,2024/12/27 11:00:00,2050/01/01 4:59:59
2600138,4,800001,1,0,0,1032,4,0,1,1,51,30181,1,28,1,10001,2024/12/27 11:00:00,2050/01/01 4:59:59
2600139,4,800001,1,0,0,1032,7,0,1,1,51,30181,1,28,1,10001,2024/12/27 11:00:00,2050/01/01 4:59:59
2600140,4,800001,1,0,0,1032,10,0,1,1,51,30181,1,28,1,10001,2024/12/27 11:00:00,2050/01/01 4:59:59
2600141,4,800001,1,0,0,1033,2,0,1,1,51,30185,1,28,1,10001,2025/01/31 11:00:00,2050/01/01 4:59:59
2600142,4,800001,1,0,0,1033,4,0,1,1,51,30185,1,28,1,10001,2025/01/31 11:00:00,2050/01/01 4:59:59
2600143,4,800001,1,0,0,1033,7,0,1,1,51,30185,1,28,1,10001,2025/01/31 11:00:00,2050/01/01 4:59:59
2600144,4,800001,1,0,0,1033,10,0,1,1,51,30185,1,28,1,10001,2025/01/31 11:00:00,2050/01/01 4:59:59
2600145,4,800001,1,0,0,1034,2,0,1,1,51,30197,1,28,1,10001,2025/03/31 11:00:00,2050/01/01 4:59:59
2600146,4,800001,1,0,0,1034,4,0,1,1,51,30197,1,28,1,10001,2025/03/31 11:00:00,2050/01/01 4:59:59
2600147,4,800001,1,0,0,1034,7,0,1,1,51,30197,1,28,1,10001,2025/03/31 11:00:00,2050/01/01 4:59:59
2600148,4,800001,1,0,0,1034,10,0,1,1,51,30197,1,28,1,10001,2025/03/31 11:00:00,2050/01/01 4:59:59
2600149,4,800001,1,0,0,1035,2,0,1,1,51,30200,1,28,1,10001,2025/04/30 11:00:00,2050/01/01 4:59:59
2600150,4,800001,1,0,0,1035,4,0,1,1,51,30200,1,28,1,10001,2025/04/30 11:00:00,2050/01/01 4:59:59
2600151,4,800001,1,0,0,1035,7,0,1,1,51,30200,1,28,1,10001,2025/04/30 11:00:00,2050/01/01 4:59:59
2600152,4,800001,1,0,0,1035,10,0,1,1,51,30200,1,28,1,10001,2025/04/30 11:00:00,2050/01/01 4:59:59
2600153,4,800001,1,0,0,1036,2,0,1,1,51,30205,1,28,1,10001,2025/05/30 11:00:00,2050/01/01 4:59:59
2600154,4,800001,1,0,0,1036,4,0,1,1,51,30205,1,28,1,10001,2025/05/30 11:00:00,2050/01/01 4:59:59
2600155,4,800001,1,0,0,1036,7,0,1,1,51,30205,1,28,1,10001,2025/05/30 11:00:00,2050/01/01 4:59:59
2600156,4,800001,1,0,0,1036,10,0,1,1,51,30205,1,28,1,10001,2025/05/30 11:00:00,2050/01/01 4:59:59
2600157,4,800001,1,0,0,1037,2,0,1,1,51,30212,1,28,1,10001,2025/07/31 11:00:00,2050/01/01 4:59:59
2600158,4,800001,1,0,0,1037,4,0,1,1,51,30212,1,28,1,10001,2025/07/31 11:00:00,2050/01/01 4:59:59
2600159,4,800001,1,0,0,1037,7,0,1,1,51,30212,1,28,1,10001,2025/07/31 11:00:00,2050/01/01 4:59:59
2600160,4,800001,1,0,0,1037,10,0,1,1,51,30212,1,28,1,10001,2025/07/31 11:00:00,2050/01/01 4:59:59
2600161,4,800001,1,0,0,1038,2,0,1,1,51,30220,1,28,1,10001,2025/08/29 11:00:00,2050/01/01 4:59:59
2600162,4,800001,1,0,0,1038,4,0,1,1,51,30220,1,28,1,10001,2025/08/29 11:00:00,2050/01/01 4:59:59
2600163,4,800001,1,0,0,1038,7,0,1,1,51,30220,1,28,1,10001,2025/08/29 11:00:00,2050/01/01 4:59:59
2600164,4,800001,1,0,0,1038,10,0,1,1,51,30220,1,28,1,10001,2025/08/29 11:00:00,2050/01/01 4:59:59
2600165,4,800001,1,0,0,1039,2,0,1,1,51,30225,1,28,1,10001,2025/09/29 11:00:00,2050/01/01 4:59:59
2600166,4,800001,1,0,0,1039,4,0,1,1,51,30225,1,28,1,10001,2025/09/29 11:00:00,2050/01/01 4:59:59
2600167,4,800001,1,0,0,1039,7,0,1,1,51,30225,1,28,1,10001,2025/09/29 11:00:00,2050/01/01 4:59:59
2600168,4,800001,1,0,0,1039,10,0,1,1,51,30225,1,28,1,10001,2025/09/29 11:00:00,2050/01/01 4:59:59
2600169,4,800001,1,0,0,1040,2,0,1,1,51,30231,1,28,1,10001,2025/11/28 11:00:00,2050/01/01 4:59:59
2600170,4,800001,1,0,0,1040,4,0,1,1,51,30231,1,28,1,10001,2025/11/28 11:00:00,2050/01/01 4:59:59
2600171,4,800001,1,0,0,1040,7,0,1,1,51,30231,1,28,1,10001,2025/11/28 11:00:00,2050/01/01 4:59:59
2600172,4,800001,1,0,0,1040,10,0,1,1,51,30231,1,28,1,10001,2025/11/28 11:00:00,2050/01/01 4:59:59
2600173,4,800001,1,0,0,1041,2,0,1,1,51,30235,1,28,1,10001,2025/12/26 11:00:00,2050/01/01 4:59:59
2600174,4,800001,1,0,0,1041,4,0,1,1,51,30235,1,28,1,10001,2025/12/26 11:00:00,2050/01/01 4:59:59
2600175,4,800001,1,0,0,1041,7,0,1,1,51,30235,1,28,1,10001,2025/12/26 11:00:00,2050/01/01 4:59:59
2600176,4,800001,1,0,0,1041,10,0,1,1,51,30235,1,28,1,10001,2025/12/26 11:00:00,2050/01/01 4:59:59
2600177,4,800001,1,0,0,1042,2,0,1,1,51,30239,1,28,1,10001,2026/01/30 11:00:00,2050/01/01 4:59:59
2600178,4,800001,1,0,0,1042,4,0,1,1,51,30239,1,28,1,10001,2026/01/30 11:00:00,2050/01/01 4:59:59
2600179,4,800001,1,0,0,1042,7,0,1,1,51,30239,1,28,1,10001,2026/01/30 11:00:00,2050/01/01 4:59:59
2600180,4,800001,1,0,0,1042,10,0,1,1,51,30239,1,28,1,10001,2026/01/30 11:00:00,2050/01/01 4:59:59
2600181,4,800001,1,0,0,1043,2,0,1,1,51,30247,1,28,1,10001,2026/03/30 11:00:00,2050/01/01 4:59:59
2600182,4,800001,1,0,0,1043,4,0,1,1,51,30247,1,28,1,10001,2026/03/30 11:00:00,2050/01/01 4:59:59
2600183,4,800001,1,0,0,1043,7,0,1,1,51,30247,1,28,1,10001,2026/03/30 11:00:00,2050/01/01 4:59:59
2600184,4,800001,1,0,0,1043,10,0,1,1,51,30247,1,28,1,10001,2026/03/30 11:00:00,2050/01/01 4:59:59
2600185,4,800001,1,0,0,1044,2,0,1,1,51,30251,1,28,1,10001,2026/04/30 11:00:00,2050/01/01 4:59:59
2600186,4,800001,1,0,0,1044,4,0,1,1,51,30251,1,28,1,10001,2026/04/30 11:00:00,2050/01/01 4:59:59
2600187,4,800001,1,0,0,1044,7,0,1,1,51,30251,1,28,1,10001,2026/04/30 11:00:00,2050/01/01 4:59:59
2600188,4,800001,1,0,0,1044,10,0,1,1,51,30251,1,28,1,10001,2026/04/30 11:00:00,2050/01/01 4:59:59
2600189,4,800001,1,0,0,1045,2,0,1,1,51,30255,1,28,1,10001,2026/05/29 11:00:00,2050/01/01 4:59:59
2600190,4,800001,1,0,0,1045,4,0,1,1,51,30255,1,28,1,10001,2026/05/29 11:00:00,2050/01/01 4:59:59
2600191,4,800001,1,0,0,1045,7,0,1,1,51,30255,1,28,1,10001,2026/05/29 11:00:00,2050/01/01 4:59:59
2600192,4,800001,1,0,0,1045,10,0,1,1,51,30255,1,28,1,10001,2026/05/29 11:00:00,2050/01/01 4:59:59
3000001,13,600026,0,0,0,0,1,0,1,31,161,134,10,0,1,60010,2021/12/22 12:00:00,2050/01/01 4:59:59
3000003,13,600028,0,0,0,0,1,0,1,33,161,134,20,0,1,60010,2021/12/22 12:00:00,2050/01/01 4:59:59
