id,npc_group_id,chara_id,mob_id,race_dress_id,speed,stamina,pow,guts,wiz,proper_distance_short,proper_distance_mile,proper_distance_middle,proper_distance_long,proper_running_style_nige,proper_running_style_senko,proper_running_style_sashi,proper_running_style_oikomi,proper_ground_turf,proper_ground_dirt,skill_set_id,motivation_min,motivation_max
1,11,1,8000,8,250,147,228,225,218,5,4,1,1,6,5,4,3,6,1,8001,1,4
2,11,1,8001,8,195,176,202,133,221,6,5,1,1,6,5,4,3,6,1,8002,1,4
3,11,1,8002,8,239,129,191,201,234,7,6,1,1,6,5,4,3,6,1,8003,1,4
4,11,1,8003,8,236,125,233,203,105,5,4,1,1,6,5,4,3,6,1,8004,1,4
5,11,1,8004,8,254,226,143,110,136,6,5,1,1,6,5,4,3,6,1,0,1,4
6,11,1,8005,8,205,163,170,177,245,7,6,1,1,6,5,4,3,6,1,8001,1,4
7,11,1,8006,8,221,192,127,194,157,5,4,1,1,6,5,4,3,6,1,8002,1,4
8,11,1,8007,8,188,220,254,131,252,6,5,1,1,5,6,5,4,6,1,8006,1,4
9,11,1,8008,8,232,116,226,235,238,7,6,1,1,5,6,5,4,6,1,8007,1,4
10,11,1,8009,8,248,179,162,199,254,5,4,1,1,5,6,5,4,6,1,8008,1,4
11,11,1,8010,8,247,123,202,124,216,6,5,1,1,5,6,5,4,6,1,8009,1,4
12,11,1,8011,8,253,125,229,231,227,7,6,1,1,5,6,5,4,6,1,0,1,4
13,11,1,8012,8,191,182,236,199,187,5,4,1,1,5,6,5,4,6,1,8006,1,4
14,11,1,8013,8,237,159,208,210,242,6,5,1,1,5,6,5,4,6,1,8007,1,4
15,11,1,8014,8,225,113,187,197,167,7,6,1,1,5,6,5,4,6,1,8008,1,4
16,11,1,8015,8,234,147,202,157,181,5,4,1,1,5,6,5,4,6,1,8009,1,4
17,11,1,8016,8,187,195,228,179,235,6,5,2,1,5,6,5,4,6,1,0,1,4
18,11,1,8017,8,243,159,175,153,109,7,6,2,1,5,6,5,4,6,1,8006,1,4
19,11,1,8018,8,216,170,245,98,91,5,4,2,1,5,6,5,4,6,1,8007,1,4
20,11,1,8019,8,226,199,214,206,146,6,5,2,1,5,6,5,4,6,1,8008,1,4
21,11,1,8020,8,240,106,208,97,90,7,6,2,1,5,6,5,4,6,1,8009,1,4
22,11,1,8021,8,234,97,249,109,247,5,4,2,1,4,5,6,5,6,1,8011,1,4
23,11,1,8022,8,215,135,168,102,266,6,5,2,1,4,5,6,5,6,1,8012,1,4
24,11,1,8023,8,208,140,167,149,122,7,6,2,1,4,5,6,5,6,1,8013,1,4
25,11,1,8024,8,243,103,191,111,218,5,4,2,1,4,5,6,5,6,1,8014,1,4
26,11,1,8025,8,212,131,190,129,236,6,5,2,1,4,5,6,5,6,1,0,1,4
27,11,1,8026,8,177,104,200,216,154,7,6,2,1,4,5,6,5,6,1,8011,1,4
28,11,1,8027,8,228,134,169,102,254,5,4,2,1,4,5,6,5,6,1,8012,1,4
29,11,1,8028,8,181,132,205,103,228,6,5,2,1,4,5,6,5,6,1,8013,1,4
30,11,1,8029,8,206,104,239,124,179,7,6,2,1,4,5,6,5,6,1,8014,1,4
31,11,1,8030,8,215,205,187,136,138,5,4,2,1,4,5,6,5,6,1,0,1,4
32,11,1,8031,8,231,202,179,182,164,6,5,2,1,4,5,6,5,6,1,8011,1,4
33,11,1,8032,8,197,122,182,153,128,7,6,2,1,4,5,6,5,6,1,8012,1,4
34,11,1,8033,8,184,120,204,215,143,5,4,2,1,4,5,6,5,6,1,8013,1,4
35,11,1,8034,8,232,100,151,238,228,6,5,2,1,4,5,6,5,6,1,8014,1,4
36,11,1,8035,8,210,206,184,239,226,7,6,2,1,4,5,6,5,6,1,0,1,4
37,11,1,8036,8,174,223,239,233,113,5,4,2,1,4,5,6,5,6,1,8011,1,4
38,11,1,8037,8,200,160,202,115,89,6,5,2,1,4,5,6,5,6,1,8012,1,4
39,11,1,8038,8,189,147,223,138,242,7,6,2,1,4,5,6,5,6,1,8013,1,4
40,11,1,8039,8,219,188,238,133,129,5,4,2,1,4,5,6,5,6,1,8014,1,4
41,11,1,8040,8,176,207,246,238,166,6,5,2,1,3,4,5,6,6,1,0,1,4
42,11,1,8041,8,177,178,221,104,141,7,6,2,1,3,4,5,6,6,1,8016,1,4
43,11,1,8042,8,176,172,251,166,107,5,4,2,1,3,4,5,6,6,1,8017,1,4
44,11,1,8043,8,244,208,220,170,225,6,5,2,1,3,4,5,6,6,1,8018,1,4
45,11,1,8044,8,215,104,166,234,228,7,6,2,1,3,4,5,6,6,1,8019,1,4
46,11,1,8045,8,183,175,213,143,247,5,4,2,1,3,4,5,6,6,1,0,1,4
47,11,1,8046,8,216,98,177,96,90,6,5,2,1,3,4,5,6,6,1,8018,1,4
48,11,1,8047,8,205,107,172,189,245,7,6,2,1,3,4,5,6,6,1,8019,1,4
49,12,1,8048,8,180,115,249,214,255,4,5,4,1,6,5,4,3,6,1,8021,1,4
50,12,1,8049,8,244,177,252,207,111,5,6,5,1,6,5,4,3,6,1,8022,1,4
51,12,1,8050,8,186,180,195,228,251,6,7,6,1,6,5,4,3,6,1,8023,1,4
52,12,1,8051,8,229,148,218,200,246,4,5,4,1,6,5,4,3,6,1,8024,1,4
53,12,1,8052,8,198,114,176,253,117,5,6,5,1,6,5,4,3,6,1,0,1,4
54,12,1,8053,8,231,231,128,124,200,6,7,6,1,6,5,4,3,6,1,8021,1,4
55,12,1,8054,8,196,117,234,131,104,4,5,4,1,6,5,4,3,6,1,8022,1,4
56,12,1,8055,8,219,188,199,188,188,5,6,5,1,6,5,4,3,6,1,8023,1,4
57,12,1,8056,8,226,142,249,102,206,6,7,6,1,6,5,4,3,6,1,8024,1,4
58,12,1,8057,8,161,159,241,156,186,4,5,4,1,6,5,4,3,6,1,0,1,4
59,12,1,8058,8,236,168,175,121,228,5,6,5,1,6,5,4,3,6,1,8021,1,4
60,12,1,8059,8,170,122,242,225,245,6,7,6,1,5,6,5,4,6,1,8026,1,4
61,12,1,8060,8,153,136,134,225,104,4,5,4,1,5,6,5,4,6,1,8027,1,4
62,12,1,8061,8,229,227,177,172,104,5,6,5,1,5,6,5,4,6,1,8028,1,4
63,12,1,8062,8,192,122,170,182,172,6,7,6,1,5,6,5,4,6,1,8029,1,4
64,12,1,8063,8,169,190,174,225,151,4,5,4,1,5,6,5,4,6,1,0,1,4
65,12,1,8064,8,149,247,148,184,258,5,6,5,2,5,6,5,4,6,1,8026,1,4
66,12,1,8065,8,221,147,222,186,271,6,7,6,2,5,6,5,4,6,1,8027,1,4
67,12,1,8066,8,228,229,240,250,200,4,5,4,2,5,6,5,4,6,1,8028,1,4
68,12,1,8067,8,223,235,177,233,194,5,6,5,2,5,6,5,4,6,1,8029,1,4
69,12,1,8068,8,253,174,236,104,246,6,7,6,2,5,6,5,4,6,1,0,1,4
70,12,1,8069,8,181,135,160,103,136,4,5,4,2,5,6,5,4,6,1,8026,1,4
71,12,1,8070,8,241,243,195,102,229,5,6,5,2,5,6,5,4,6,1,8027,1,4
72,12,1,8071,8,163,119,174,212,122,6,7,6,2,5,6,5,4,6,1,8028,1,4
73,12,1,8072,8,233,109,207,213,246,4,5,4,2,5,6,5,4,6,1,8029,1,4
74,12,1,8073,8,157,133,191,166,218,5,6,5,2,5,6,5,4,6,1,0,1,4
75,12,1,8074,8,181,127,203,241,225,6,7,6,2,5,6,5,4,6,1,8026,1,4
76,12,1,8075,8,170,115,231,247,262,4,5,4,2,5,6,5,4,6,1,8027,1,4
77,12,1,8076,8,205,181,170,118,147,5,6,5,2,5,6,5,4,6,1,8028,1,4
78,12,1,8077,8,181,223,179,249,202,6,7,6,2,5,6,5,4,6,1,8029,1,4
79,12,1,8078,8,209,187,186,177,245,4,5,4,2,5,6,5,4,6,1,0,1,4
80,12,1,8079,8,154,162,210,105,166,5,6,5,2,5,6,5,4,6,1,8026,1,4
81,12,1,8080,8,228,149,161,156,143,6,7,6,2,5,6,5,4,6,1,8027,1,4
82,12,1,8081,8,157,203,234,178,221,4,5,4,2,5,6,5,4,6,1,8028,1,4
83,12,1,8082,8,208,242,208,109,264,5,6,5,2,4,5,6,5,6,1,8031,1,4
84,12,1,8083,8,203,109,253,145,174,6,7,6,2,4,5,6,5,6,1,8032,1,4
85,12,1,8084,8,175,161,149,209,153,4,5,4,2,4,5,6,5,6,1,8033,1,4
86,12,1,8085,8,227,207,177,127,259,5,6,5,2,4,5,6,5,6,1,8034,1,4
87,12,1,8086,8,179,190,240,129,135,6,7,6,2,4,5,6,5,6,1,0,1,4
88,12,1,8087,8,189,128,190,238,228,4,5,4,2,4,5,6,5,6,1,8031,1,4
89,12,1,8088,8,173,246,213,213,232,5,6,5,2,4,5,6,5,6,1,8032,1,4
90,12,1,8089,8,177,144,240,246,148,6,7,6,2,4,5,6,5,6,1,8033,1,4
91,12,1,8090,8,192,184,181,196,259,4,5,4,2,4,5,6,5,6,1,8034,1,4
92,12,1,8091,8,232,253,179,239,144,5,6,5,2,4,5,6,5,6,1,0,1,4
93,12,1,8092,8,219,207,254,188,159,6,7,6,2,4,5,6,5,6,1,8031,1,4
94,12,1,8093,8,193,225,189,167,118,4,5,4,2,4,5,6,5,6,1,8032,1,4
95,12,1,8094,8,160,180,238,121,111,5,6,5,2,4,5,6,5,6,1,8033,1,4
96,12,1,8095,8,161,239,251,214,159,6,7,6,2,4,5,6,5,6,1,8034,1,4
97,12,1,8096,8,184,168,184,142,153,4,5,4,2,4,5,6,5,6,1,0,1,4
98,12,1,8097,8,206,170,194,222,137,5,6,5,2,4,5,6,5,6,1,8031,1,4
99,12,1,8098,8,197,218,207,128,227,6,7,6,2,4,5,6,5,6,1,8032,1,4
100,12,1,8099,8,220,151,235,156,228,4,5,4,2,4,5,6,5,6,1,8033,1,4
101,12,1,8100,8,226,173,246,138,122,5,6,5,2,4,5,6,5,6,1,8034,1,4
102,12,1,8101,8,210,103,174,196,249,6,7,6,2,4,5,6,5,6,1,0,1,4
103,12,1,8102,8,196,187,210,150,220,4,5,4,2,4,5,6,5,6,1,8031,1,4
104,12,1,8103,8,229,182,234,214,117,5,6,5,2,4,5,6,5,6,1,8032,1,4
105,12,1,8104,8,221,117,181,137,243,6,7,6,2,4,5,6,5,6,1,8033,1,4
106,12,1,8105,8,206,110,240,152,226,4,5,4,2,4,5,6,5,6,1,8034,1,4
107,12,1,8106,8,163,183,228,244,228,5,6,5,2,4,5,6,5,6,1,0,1,4
108,12,1,8107,8,184,163,210,218,233,6,7,6,2,4,5,6,5,6,1,8031,1,4
109,12,1,8108,8,219,132,210,130,181,4,5,4,2,4,5,6,5,6,1,8032,1,4
110,12,1,8109,8,229,238,253,190,172,5,6,5,2,4,5,6,5,6,1,8033,1,4
111,12,1,8110,8,248,196,235,216,252,6,7,6,2,4,5,6,5,6,1,8034,1,4
112,12,1,8111,8,252,137,229,205,172,4,5,4,2,4,5,6,5,6,1,0,1,4
113,12,1,8112,8,151,205,239,122,103,5,6,5,2,4,5,6,5,6,1,8031,1,4
114,12,1,8113,8,161,213,203,251,219,6,7,6,2,4,5,6,5,6,1,8032,1,4
115,12,1,8114,8,160,176,225,116,114,4,5,4,2,3,4,5,6,6,1,8036,1,4
116,12,1,8115,8,176,188,172,246,183,5,6,5,2,3,4,5,6,6,1,8037,1,4
117,12,1,8116,8,242,162,217,197,133,6,7,6,2,3,4,5,6,6,1,8038,1,4
118,12,1,8117,8,248,205,189,238,214,4,5,4,2,3,4,5,6,6,1,8039,1,4
119,12,1,8118,8,206,238,192,131,234,5,6,5,2,3,4,5,6,6,1,0,1,4
120,12,1,8119,8,184,216,243,153,247,6,7,6,2,3,4,5,6,6,1,8036,1,4
121,12,1,8120,8,166,207,193,240,143,4,5,4,2,3,4,5,6,6,1,8037,1,4
122,12,1,8121,8,168,229,201,134,159,5,6,5,2,3,4,5,6,6,1,8038,1,4
123,12,1,8122,8,238,159,241,108,260,6,7,6,2,3,4,5,6,6,1,8039,1,4
124,12,1,8123,8,255,131,251,107,134,4,5,4,2,3,4,5,6,6,1,0,1,4
125,12,1,8124,8,218,218,239,140,251,5,6,5,2,3,4,5,6,6,1,8036,1,4
126,12,1,8125,8,175,248,218,98,196,6,7,6,2,3,4,5,6,6,1,8037,1,4
127,13,1,8126,8,222,228,144,155,240,2,4,5,4,6,5,4,3,6,1,8041,1,4
128,13,1,8127,8,144,250,173,183,121,2,5,6,5,6,5,4,3,6,1,8042,1,4
129,13,1,8128,8,181,251,164,157,248,2,6,7,6,6,5,4,3,6,1,8043,1,4
130,13,1,8129,8,221,177,170,125,125,2,4,5,4,6,5,4,3,6,1,8044,1,4
131,13,1,8130,8,137,243,141,241,133,2,5,6,5,6,5,4,3,6,1,0,1,4
132,13,1,8131,8,138,194,225,157,205,2,6,7,6,6,5,4,3,6,1,8041,1,4
133,13,1,8132,8,253,178,232,172,147,2,4,5,4,6,5,4,3,6,1,8042,1,4
134,13,1,8133,8,146,108,190,161,239,2,5,6,5,6,5,4,3,6,1,8043,1,4
135,13,1,8134,8,149,219,241,192,197,2,6,7,6,6,5,4,3,6,1,8044,1,4
136,13,1,8135,8,232,151,216,159,199,2,4,5,4,6,5,4,3,6,1,0,1,4
137,13,1,8136,8,197,131,136,228,247,2,5,6,5,6,5,4,3,6,1,8041,1,4
138,13,1,8137,8,170,171,176,226,110,2,6,7,6,6,5,4,3,6,1,8042,1,4
139,13,1,8138,8,183,124,202,109,208,2,4,5,4,6,5,4,3,6,1,8043,1,4
140,13,1,8139,8,136,238,199,228,177,2,5,6,5,6,5,4,3,6,1,8044,1,4
141,13,1,8140,8,233,170,236,148,231,2,6,7,6,6,5,4,3,6,1,0,1,4
142,13,1,8141,8,184,225,225,203,210,2,4,5,4,6,5,4,3,6,1,8041,1,4
143,13,1,8142,8,164,210,159,103,239,2,5,6,5,6,5,4,3,6,1,8042,1,4
144,13,1,8143,8,201,162,208,162,236,2,6,7,6,6,5,4,3,6,1,8043,1,4
145,13,1,8144,8,179,166,182,247,100,2,4,5,4,6,5,4,3,6,1,8044,1,4
146,13,1,8145,8,159,155,146,156,144,2,5,6,5,6,5,4,3,6,1,0,1,4
147,13,1,8146,8,227,172,125,179,254,2,6,7,6,6,5,4,3,6,1,8041,1,4
148,13,1,8147,8,253,236,162,172,118,2,4,5,4,6,5,4,3,6,1,8042,1,4
149,13,1,8148,8,221,201,249,221,186,2,5,6,5,6,5,4,3,6,1,8043,1,4
150,13,1,8149,8,234,117,186,104,259,2,6,7,6,6,5,4,3,6,1,8044,1,4
151,13,1,8150,8,159,127,193,190,117,2,4,5,4,6,5,4,3,6,1,0,1,4
152,13,1,8151,8,136,168,136,147,251,2,5,6,5,6,5,4,3,6,1,8041,1,4
153,13,1,8152,8,141,148,195,185,151,2,6,7,6,6,5,4,3,6,1,8042,1,4
154,13,1,8153,8,215,199,194,179,209,2,4,5,4,6,5,4,3,6,1,8043,1,4
155,13,1,8154,8,159,128,222,222,102,2,5,6,5,5,6,5,4,6,1,8046,1,4
156,13,1,8155,8,200,159,226,127,213,2,6,7,6,5,6,5,4,6,1,8047,1,4
157,13,1,8156,8,173,237,201,173,216,2,4,5,4,5,6,5,4,6,1,8048,1,4
158,13,1,8157,8,151,104,141,175,192,2,5,6,5,5,6,5,4,6,1,8049,1,4
159,13,1,8158,8,169,202,192,114,156,2,6,7,6,5,6,5,4,6,1,0,1,4
160,13,1,8159,8,153,249,172,144,231,2,4,5,4,5,6,5,4,6,1,8046,1,4
161,13,1,8160,8,196,199,246,130,219,2,5,6,5,5,6,5,4,6,1,8047,1,4
162,13,1,8161,8,164,173,168,247,101,2,6,7,6,5,6,5,4,6,1,8048,1,4
163,13,1,8162,8,251,217,182,205,150,2,4,5,4,5,6,5,4,6,1,8049,1,4
164,13,1,8163,8,214,240,167,235,125,2,5,6,5,5,6,5,4,6,1,0,1,4
165,13,1,8164,8,208,141,175,160,121,2,6,7,6,5,6,5,4,6,1,8046,1,4
166,13,1,8165,8,202,167,233,212,181,2,4,5,4,5,6,5,4,6,1,8047,1,4
167,13,1,8166,8,187,209,254,247,221,2,5,6,5,5,6,5,4,6,1,8048,1,4
168,13,1,8167,8,154,229,185,141,203,2,6,7,6,5,6,5,4,6,1,8049,1,4
169,13,1,8168,8,221,219,169,192,223,2,4,5,4,5,6,5,4,6,1,0,1,4
170,13,1,8169,8,207,226,243,182,232,2,5,6,5,5,6,5,4,6,1,8046,1,4
171,13,1,8170,8,137,199,189,236,179,2,6,7,6,5,6,5,4,6,1,8047,1,4
172,13,1,8171,8,229,188,181,218,179,2,4,5,4,5,6,5,4,6,1,8048,1,4
173,13,1,8172,8,223,232,125,103,109,2,5,6,5,5,6,5,4,6,1,8049,1,4
174,13,1,8173,8,175,187,231,124,208,2,6,7,6,5,6,5,4,6,1,0,1,4
175,13,1,8174,8,218,107,167,123,117,2,4,5,4,5,6,5,4,6,1,8046,1,4
176,13,1,8175,8,137,129,187,229,130,2,5,6,5,5,6,5,4,6,1,8047,1,4
177,13,1,8176,8,188,108,242,209,172,2,6,7,6,5,6,5,4,6,1,8048,1,4
178,13,1,8177,8,247,114,228,227,116,2,4,5,4,5,6,5,4,6,1,8049,1,4
179,13,1,8178,8,150,124,156,194,177,2,5,6,5,5,6,5,4,6,1,0,1,4
180,13,1,8179,8,172,219,219,122,147,2,6,7,6,5,6,5,4,6,1,8046,1,4
181,13,1,8180,8,162,172,190,103,173,2,4,5,4,5,6,5,4,6,1,8047,1,4
182,13,1,8181,8,213,153,242,185,142,2,5,6,5,5,6,5,4,6,1,8048,1,4
183,13,1,8182,8,199,248,221,113,127,2,6,7,6,5,6,5,4,6,1,8049,1,4
184,13,1,8183,8,138,253,187,149,256,2,4,5,4,5,6,5,4,6,1,0,1,4
185,13,1,8184,8,253,231,239,134,163,2,5,6,5,5,6,5,4,6,1,8046,1,4
186,13,1,8185,8,212,121,157,184,186,2,6,7,6,5,6,5,4,6,1,8047,1,4
187,13,1,8186,8,218,205,206,213,222,2,4,5,4,5,6,5,4,6,1,8048,1,4
188,13,1,8187,8,200,177,162,115,236,2,5,6,5,5,6,5,4,6,1,8049,1,4
189,13,1,8188,8,153,107,226,156,221,2,6,7,6,5,6,5,4,6,1,0,1,4
190,13,1,8189,8,253,192,226,151,130,2,4,5,4,5,6,5,4,6,1,8046,1,4
191,13,1,8190,8,251,241,252,242,168,2,5,6,5,5,6,5,4,6,1,8047,1,4
192,13,1,8191,8,157,179,167,101,136,2,6,7,6,5,6,5,4,6,1,8048,1,4
193,13,1,8192,8,143,164,225,214,231,2,4,5,4,5,6,5,4,6,1,8049,1,4
194,13,1,8193,8,157,207,181,229,246,2,5,6,5,5,6,5,4,6,1,0,1,4
195,13,1,8194,8,148,182,242,174,118,2,6,7,6,5,6,5,4,6,1,8046,1,4
196,13,1,8195,8,147,190,141,170,166,2,4,5,4,5,6,5,4,6,1,8047,1,4
197,13,1,8196,8,203,231,242,138,179,2,5,6,5,5,6,5,4,6,1,8048,1,4
198,13,1,8197,8,232,194,251,219,109,2,6,7,6,5,6,5,4,6,1,8049,1,4
199,13,1,8198,8,137,251,244,188,121,2,4,5,4,5,6,5,4,6,1,0,1,4
200,13,1,8199,8,228,252,213,115,104,2,5,6,5,5,6,5,4,6,1,8046,1,4
201,13,1,8200,8,186,229,223,240,128,2,6,7,6,5,6,5,4,6,1,8047,1,4
202,13,1,8201,8,207,121,174,156,236,2,4,5,4,5,6,5,4,6,1,8048,1,4
203,13,1,8202,8,228,151,245,161,228,2,5,6,5,5,6,5,4,6,1,8049,1,4
204,13,1,8203,8,232,169,241,161,144,2,6,7,6,5,6,5,4,6,1,0,1,4
205,13,1,8204,8,200,123,248,238,161,2,4,5,4,5,6,5,4,6,1,8046,1,4
206,13,1,8205,8,203,194,252,223,102,2,5,6,5,5,6,5,4,6,1,8047,1,4
207,13,1,8206,8,207,219,207,137,164,2,6,7,6,5,6,5,4,6,1,8048,1,4
208,13,1,8207,8,234,231,223,202,208,2,4,5,4,5,6,5,4,6,1,8049,1,4
209,13,1,8208,8,212,228,209,125,164,2,5,6,5,5,6,5,4,6,1,0,1,4
210,13,1,8209,8,233,205,221,225,118,2,6,7,6,5,6,5,4,6,1,8046,1,4
211,13,1,8210,8,227,146,226,102,160,2,4,5,4,5,6,5,4,6,1,8047,1,4
212,13,1,8211,8,201,189,209,174,243,2,5,6,5,5,6,5,4,6,1,8048,1,4
213,13,1,8212,8,254,125,156,114,114,2,6,7,6,4,5,6,5,6,1,8051,1,4
214,13,1,8213,8,207,193,218,163,149,2,4,5,4,4,5,6,5,6,1,8052,1,4
215,13,1,8214,8,181,213,195,154,188,2,5,6,5,4,5,6,5,6,1,8053,1,4
216,13,1,8215,8,209,116,136,251,233,2,6,7,6,4,5,6,5,6,1,8054,1,4
217,13,1,8216,8,240,154,175,174,167,2,4,5,4,4,5,6,5,6,1,0,1,4
218,13,1,8217,8,241,212,242,121,223,2,5,6,5,4,5,6,5,6,1,8051,1,4
219,13,1,8218,8,153,130,235,170,264,2,6,7,6,4,5,6,5,6,1,8052,1,4
220,13,1,8219,8,157,239,190,107,243,2,4,5,4,4,5,6,5,6,1,8053,1,4
221,13,1,8220,8,221,219,212,140,148,2,5,6,5,4,5,6,5,6,1,8054,1,4
222,13,1,8221,8,254,203,245,186,228,2,6,7,6,4,5,6,5,6,1,0,1,4
223,13,1,8222,8,222,190,196,193,215,2,4,5,4,4,5,6,5,6,1,8051,1,4
224,13,1,8223,8,253,252,230,213,206,2,5,6,5,4,5,6,5,6,1,8052,1,4
225,13,1,8224,8,142,128,254,169,225,2,6,7,6,4,5,6,5,6,1,8053,1,4
226,13,1,8225,8,141,186,179,174,264,2,4,5,4,4,5,6,5,6,1,8054,1,4
227,13,1,8226,8,189,162,246,199,149,2,5,6,5,4,5,6,5,6,1,0,1,4
228,13,1,8227,8,242,230,173,205,192,2,6,7,6,4,5,6,5,6,1,8051,1,4
229,13,1,8228,8,138,127,233,101,179,2,4,5,4,4,5,6,5,6,1,8052,1,4
230,13,1,8229,8,225,210,249,167,150,2,5,6,5,4,5,6,5,6,1,8053,1,4
231,13,1,8230,8,247,192,224,139,183,2,6,7,6,4,5,6,5,6,1,8054,1,4
232,13,1,8231,8,207,128,246,98,246,2,4,5,4,4,5,6,5,6,1,0,1,4
233,13,1,8232,8,248,215,185,254,209,2,5,6,5,4,5,6,5,6,1,8051,1,4
234,13,1,8233,8,253,148,235,188,156,2,6,7,6,4,5,6,5,6,1,8052,1,4
235,13,1,8234,8,239,241,149,253,214,2,4,5,4,4,5,6,5,6,1,8053,1,4
236,13,1,8235,8,164,170,221,153,134,2,5,6,5,4,5,6,5,6,1,8054,1,4
237,13,1,8236,8,136,214,161,160,176,2,6,7,6,4,5,6,5,6,1,0,1,4
238,13,1,8237,8,155,244,223,130,227,2,4,5,4,4,5,6,5,6,1,8051,1,4
239,13,1,8238,8,234,213,193,202,254,2,5,6,5,4,5,6,5,6,1,8052,1,4
240,13,1,8239,8,240,238,193,238,196,2,6,7,6,4,5,6,5,6,1,8053,1,4
241,13,1,8240,8,138,223,193,162,173,2,4,5,4,4,5,6,5,6,1,8054,1,4
242,13,1,8241,8,169,228,221,153,248,2,5,6,5,4,5,6,5,6,1,0,1,4
243,13,1,8242,8,216,118,210,233,140,2,6,7,6,4,5,6,5,6,1,8051,1,4
244,13,1,8243,8,197,205,248,231,181,2,4,5,4,4,5,6,5,6,1,8052,1,4
245,13,1,8244,8,240,190,216,179,162,2,5,6,5,4,5,6,5,6,1,8053,1,4
246,13,1,8245,8,173,159,221,170,151,2,6,7,6,4,5,6,5,6,1,8054,1,4
247,13,1,8246,8,194,232,196,160,137,2,4,5,4,4,5,6,5,6,1,0,1,4
248,13,1,8247,8,219,189,228,229,116,2,5,6,5,4,5,6,5,6,1,8051,1,4
249,13,1,8248,8,245,148,186,122,225,2,6,7,6,4,5,6,5,6,1,8052,1,4
250,13,1,8249,8,209,228,209,146,239,2,4,5,4,4,5,6,5,6,1,8053,1,4
251,13,1,8250,8,157,249,161,137,136,2,5,6,5,4,5,6,5,6,1,8054,1,4
252,13,1,8251,8,149,103,238,229,138,2,6,7,6,4,5,6,5,6,1,0,1,4
253,13,1,8252,8,182,200,225,103,202,2,4,5,4,4,5,6,5,6,1,8051,1,4
254,13,1,8253,8,254,220,241,136,157,2,5,6,5,4,5,6,5,6,1,8052,1,4
255,13,1,8254,8,205,170,206,104,143,2,6,7,6,4,5,6,5,6,1,8053,1,4
256,13,1,8255,8,209,105,221,215,218,2,4,5,4,4,5,6,5,6,1,8054,1,4
257,13,1,8256,8,218,156,238,227,116,2,5,6,5,4,5,6,5,6,1,0,1,4
258,13,1,8257,8,239,175,195,240,89,2,6,7,6,4,5,6,5,6,1,8051,1,4
259,13,1,8258,8,212,144,192,118,118,2,4,5,4,4,5,6,5,6,1,8052,1,4
260,13,1,8259,8,219,249,222,121,155,2,5,6,5,4,5,6,5,6,1,8053,1,4
261,13,1,8260,8,223,223,238,174,236,2,6,7,6,4,5,6,5,6,1,8054,1,4
262,13,1,8261,8,215,187,192,165,111,2,4,5,4,4,5,6,5,6,1,0,1,4
263,13,1,8262,8,225,218,190,215,102,2,5,6,5,4,5,6,5,6,1,8051,1,4
264,13,1,8263,8,172,110,202,131,98,2,6,7,6,4,5,6,5,6,1,8052,1,4
265,13,1,8264,8,245,187,243,199,197,2,4,5,4,4,5,6,5,6,1,8053,1,4
266,13,1,8265,8,154,150,233,200,253,2,5,6,5,4,5,6,5,6,1,8054,1,4
267,13,1,8266,8,172,216,222,137,181,2,6,7,6,4,5,6,5,6,1,0,1,4
268,13,1,8267,8,239,252,194,251,131,2,4,5,4,4,5,6,5,6,1,8051,1,4
269,13,1,8268,8,240,149,177,245,161,2,5,6,5,4,5,6,5,6,1,8052,1,4
270,13,1,8269,8,149,202,253,135,123,2,6,7,6,4,5,6,5,6,1,8053,1,4
271,13,1,8270,8,148,143,233,108,264,2,4,5,4,4,5,6,5,6,1,8054,1,4
272,13,1,8271,8,140,151,185,176,242,2,5,6,5,4,5,6,5,6,1,0,1,4
273,13,1,8272,8,231,150,195,199,133,2,6,7,6,4,5,6,5,6,1,8051,1,4
274,13,1,8273,8,154,239,223,154,174,2,4,5,4,4,5,6,5,6,1,8052,1,4
275,13,1,8274,8,218,203,189,209,141,2,5,6,5,4,5,6,5,6,1,8053,1,4
276,13,1,8275,8,223,227,229,105,249,2,6,7,6,4,5,6,5,6,1,8054,1,4
277,13,1,8276,8,175,107,207,214,167,2,4,5,4,4,5,6,5,6,1,0,1,4
278,13,1,8277,8,203,188,247,208,189,2,5,6,5,4,5,6,5,6,1,8051,1,4
279,13,1,8278,8,213,228,242,235,246,2,6,7,6,4,5,6,5,6,1,8052,1,4
280,13,1,8279,8,220,180,227,249,256,2,4,5,4,4,5,6,5,6,1,8053,1,4
281,13,1,8280,8,200,134,250,200,157,2,5,6,5,4,5,6,5,6,1,8054,1,4
282,13,1,8281,8,251,211,249,148,157,2,6,7,6,4,5,6,5,6,1,0,1,4
283,13,1,8282,8,245,110,207,159,193,2,4,5,4,4,5,6,5,6,1,8051,1,4
284,13,1,8283,8,219,102,172,252,138,2,5,6,5,4,5,6,5,6,1,8052,1,4
285,13,1,8284,8,252,230,173,239,122,2,6,7,6,4,5,6,5,6,1,8053,1,4
286,13,1,8285,8,236,248,238,226,179,2,4,5,4,4,5,6,5,6,1,8054,1,4
287,13,1,8286,8,177,103,190,234,231,2,5,6,5,4,5,6,5,6,1,0,1,4
288,13,1,8287,8,196,200,210,227,133,2,6,7,6,4,5,6,5,6,1,8051,1,4
289,13,1,8288,8,146,200,192,192,231,2,4,5,4,4,5,6,5,6,1,8052,1,4
290,13,1,8289,8,149,111,188,202,212,2,5,6,5,3,4,5,6,6,1,0,1,4
291,13,1,8290,8,201,245,245,236,136,2,6,7,6,3,4,5,6,6,1,8056,1,4
292,13,1,8291,8,220,222,173,228,241,2,4,5,4,3,4,5,6,6,1,8057,1,4
293,13,1,8292,8,153,231,226,166,118,2,5,6,5,3,4,5,6,6,1,8058,1,4
294,13,1,8293,8,177,208,221,163,103,2,6,7,6,3,4,5,6,6,1,8059,1,4
295,13,1,8294,8,199,219,205,251,239,2,4,5,4,3,4,5,6,6,1,0,1,4
296,13,1,8295,8,184,199,254,97,146,2,5,6,5,3,4,5,6,6,1,8056,1,4
297,13,1,8296,8,210,147,191,201,226,2,6,7,6,3,4,5,6,6,1,8057,1,4
298,13,1,8297,8,161,108,245,134,113,2,4,5,4,3,4,5,6,6,1,8058,1,4
299,13,1,8298,8,236,227,233,156,127,2,5,6,5,3,4,5,6,6,1,8059,1,4
300,13,1,8299,8,161,245,248,196,148,2,6,7,6,3,4,5,6,6,1,0,1,4
301,13,1,8300,8,251,183,235,118,157,2,4,5,4,3,4,5,6,6,1,8056,1,4
302,13,1,8301,8,181,128,196,228,157,2,5,6,5,3,4,5,6,6,1,8057,1,4
303,13,1,8302,8,242,182,229,192,225,2,6,7,6,3,4,5,6,6,1,8058,1,4
304,13,1,8303,8,227,235,252,209,235,2,4,5,4,3,4,5,6,6,1,8059,1,4
305,13,1,8304,8,254,121,184,194,96,2,5,6,5,3,4,5,6,6,1,0,1,4
306,13,1,8305,8,170,218,186,163,262,2,6,7,6,3,4,5,6,6,1,8056,1,4
307,13,1,8306,8,248,118,219,142,120,2,4,5,4,3,4,5,6,6,1,8057,1,4
308,13,1,8307,8,214,121,198,172,169,2,5,6,5,3,4,5,6,6,1,8058,1,4
309,13,1,8308,8,197,236,201,162,259,2,6,7,6,3,4,5,6,6,1,8059,1,4
310,13,1,8309,8,166,111,179,212,256,2,4,5,4,3,4,5,6,6,1,0,1,4
311,13,1,8310,8,180,103,232,138,245,2,5,6,5,3,4,5,6,6,1,8056,1,4
312,13,1,8311,8,216,167,185,138,148,2,6,7,6,3,4,5,6,6,1,8057,1,4
313,13,1,8312,8,226,242,213,147,136,2,4,5,4,3,4,5,6,6,1,8058,1,4
314,13,1,8313,8,229,207,232,243,207,2,5,6,5,3,4,5,6,6,1,8059,1,4
315,13,1,8314,8,229,222,186,189,166,2,6,7,6,3,4,5,6,6,1,0,1,4
316,13,1,8315,8,151,122,192,125,97,2,4,5,4,3,4,5,6,6,1,8058,1,4
317,13,1,8316,8,233,187,200,125,151,2,5,6,5,3,4,5,6,6,1,8057,1,4
318,13,1,8317,8,177,173,191,172,176,2,6,7,6,3,4,5,6,6,1,8059,1,4
319,14,1,8318,8,193,144,220,148,127,1,1,4,5,6,5,4,3,6,1,8061,1,4
320,14,1,8319,8,180,253,130,209,207,1,1,5,6,6,5,4,3,6,1,8062,1,4
321,14,1,8320,8,241,229,162,175,273,1,1,6,7,6,5,4,3,6,1,8063,1,4
322,14,1,8321,8,195,228,234,180,213,1,1,4,5,6,5,4,3,6,1,8064,1,4
323,14,1,8322,8,184,244,202,196,267,1,1,5,6,6,5,4,3,6,1,0,1,4
324,14,1,8323,8,153,115,210,234,168,1,1,6,7,6,5,4,3,6,1,8061,1,4
325,14,1,8324,8,181,239,250,212,170,1,1,4,5,6,5,4,3,6,1,8062,1,4
326,14,1,8325,8,168,123,134,179,208,1,1,5,6,6,5,4,3,6,1,8063,1,4
327,14,1,8326,8,223,125,138,251,122,1,1,6,7,6,5,4,3,6,1,8064,1,4
328,14,1,8327,8,188,142,150,123,138,1,1,4,5,5,6,5,4,6,1,8066,1,4
329,14,1,8328,8,162,203,236,156,265,1,1,5,6,5,6,5,4,6,1,8067,1,4
330,14,1,8329,8,146,231,114,176,245,1,1,6,7,5,6,5,4,6,1,8068,1,4
331,14,1,8330,8,231,205,166,190,161,1,1,4,5,5,6,5,4,6,1,8069,1,4
332,14,1,8331,8,148,188,116,246,118,1,1,5,6,5,6,5,4,6,1,0,1,4
333,14,1,8332,8,210,121,130,225,177,1,1,6,7,5,6,5,4,6,1,8066,1,4
334,14,1,8333,8,227,251,127,111,226,1,1,4,5,5,6,5,4,6,1,8067,1,4
335,14,1,8334,8,154,118,161,160,153,1,1,5,6,5,6,5,4,6,1,8068,1,4
336,14,1,8335,8,199,138,164,245,251,1,1,6,7,5,6,5,4,6,1,8069,1,4
337,14,1,8336,8,156,188,250,163,261,1,1,4,5,5,6,5,4,6,1,0,1,4
338,14,1,8337,8,229,225,188,196,174,1,1,5,6,5,6,5,4,6,1,8066,1,4
339,14,1,8338,8,213,196,186,223,146,1,1,6,7,5,6,5,4,6,1,8067,1,4
340,14,1,8339,8,164,245,138,159,215,1,1,4,5,5,6,5,4,6,1,8068,1,4
341,14,1,8340,8,233,151,228,239,213,1,1,5,6,5,6,5,4,6,1,8069,1,4
342,14,1,8341,8,170,201,207,212,183,1,1,6,7,5,6,5,4,6,1,0,1,4
343,14,1,8342,8,235,175,192,176,258,1,1,4,5,5,6,5,4,6,1,8066,1,4
344,14,1,8343,8,177,117,157,225,130,1,1,5,6,5,6,5,4,6,1,8067,1,4
345,14,1,8344,8,153,151,233,137,172,1,1,6,7,5,6,5,4,6,1,8068,1,4
346,14,1,8345,8,203,209,164,242,223,1,1,4,5,5,6,5,4,6,1,8069,1,4
347,14,1,8346,8,234,186,229,130,169,1,1,5,6,5,6,5,4,6,1,0,1,4
348,14,1,8347,8,179,249,190,252,207,1,1,6,7,4,5,6,5,6,1,8071,1,4
349,14,1,8348,8,190,116,168,236,210,1,1,4,5,4,5,6,5,6,1,8072,1,4
350,14,1,8349,8,175,235,203,125,123,1,1,5,6,4,5,6,5,6,1,8073,1,4
351,14,1,8350,8,235,220,194,136,232,1,1,6,7,4,5,6,5,6,1,8074,1,4
352,14,1,8351,8,203,130,243,174,248,1,1,4,5,4,5,6,5,6,1,0,1,4
353,14,1,8352,8,172,227,241,156,162,1,1,5,6,4,5,6,5,6,1,8071,1,4
354,14,1,8353,8,181,167,249,138,130,1,1,6,7,4,5,6,5,6,1,8072,1,4
355,14,1,8354,8,210,175,153,141,216,1,1,4,5,4,5,6,5,6,1,8073,1,4
356,14,1,8355,8,232,200,197,149,219,1,1,5,6,4,5,6,5,6,1,8074,1,4
357,14,1,8356,8,140,252,206,216,245,1,1,6,7,4,5,6,5,6,1,0,1,4
358,14,1,8357,8,199,151,193,227,133,1,1,4,5,4,5,6,5,6,1,8071,1,4
359,14,1,8358,8,199,114,232,231,150,1,1,5,6,4,5,6,5,6,1,8072,1,4
360,14,1,8359,8,210,177,205,206,218,1,1,6,7,4,5,6,5,6,1,8073,1,4
361,14,1,8360,8,183,209,190,108,254,1,1,4,5,4,5,6,5,6,1,8074,1,4
362,14,1,8361,8,148,188,165,248,219,1,1,5,6,4,5,6,5,6,1,0,1,4
363,14,1,8362,8,194,169,246,101,193,1,1,6,7,4,5,6,5,6,1,8071,1,4
364,14,1,8363,8,156,245,184,208,101,1,1,4,5,4,5,6,5,6,1,8072,1,4
365,14,1,8364,8,170,180,248,238,268,1,1,5,6,4,5,6,5,6,1,8073,1,4
366,14,1,8365,8,141,212,236,130,235,1,1,6,7,4,5,6,5,6,1,8074,1,4
367,14,1,8366,8,222,138,159,114,192,1,1,4,5,4,5,6,5,6,1,0,1,4
368,14,1,8367,8,189,205,247,192,192,1,1,5,6,4,5,6,5,6,1,8071,1,4
369,14,1,8368,8,156,129,190,220,207,1,1,6,7,4,5,6,5,6,1,8072,1,4
370,14,1,8369,8,153,219,227,123,188,1,1,4,5,4,5,6,5,6,1,8073,1,4
371,14,1,8370,8,138,167,238,217,215,1,1,5,6,4,5,6,5,6,1,8074,1,4
372,14,1,8371,8,148,194,201,247,117,1,1,6,7,4,5,6,5,6,1,0,1,4
373,14,1,8372,8,210,176,246,239,154,1,1,4,5,4,5,6,5,6,1,8071,1,4
374,14,1,8373,8,182,194,241,213,175,1,1,5,6,4,5,6,5,6,1,8072,1,4
375,14,1,8374,8,240,205,222,103,223,1,1,6,7,3,4,5,6,6,1,8076,1,4
376,14,1,8375,8,235,180,227,202,212,1,1,4,5,3,4,5,6,6,1,8077,1,4
377,14,1,8376,8,197,221,194,218,205,1,1,5,6,3,4,5,6,6,1,8078,1,4
378,14,1,8377,8,161,131,223,141,135,1,1,6,7,3,4,5,6,6,1,8079,1,4
379,14,1,8378,8,173,150,231,254,256,1,1,4,5,3,4,5,6,6,1,0,1,4
380,14,1,8379,8,180,253,227,252,117,1,1,5,6,3,4,5,6,6,1,8076,1,4
381,14,1,8380,8,182,239,222,157,143,1,1,6,7,3,4,5,6,6,1,8077,1,4
382,14,1,8381,8,176,193,188,192,247,1,1,4,5,3,4,5,6,6,1,8078,1,4
383,14,1,8382,8,183,116,226,235,177,1,1,5,6,3,4,5,6,6,1,8079,1,4
384,14,1,8383,8,196,218,231,124,109,1,1,6,7,3,4,5,6,6,1,0,1,4
385,21,1,8384,8,201,205,207,226,151,5,4,1,1,6,5,4,3,6,1,8001,1,4
386,21,1,8385,8,240,160,224,238,159,6,5,1,1,6,5,4,3,6,1,8002,1,4
387,21,1,8386,8,209,109,241,194,176,7,6,1,1,6,5,4,3,6,1,8003,1,4
388,21,1,8387,8,196,104,151,252,260,5,4,1,1,6,5,4,3,6,1,8004,1,4
389,21,1,8388,8,195,174,251,138,147,6,5,1,1,5,6,5,4,6,1,8006,1,4
390,21,1,8389,8,175,130,178,176,220,7,6,1,1,5,6,5,4,6,1,8007,1,4
391,21,1,8390,8,181,201,227,202,172,5,4,1,1,5,6,5,4,6,1,8008,1,4
392,21,1,8391,8,235,140,212,105,241,5,4,1,1,5,6,5,4,6,1,8009,1,4
393,21,1,8392,8,224,190,220,162,168,6,5,1,1,5,6,5,4,6,1,0,1,4
394,21,1,8393,8,183,197,192,179,231,7,6,1,1,5,6,5,4,6,1,8006,1,4
395,21,1,8394,8,209,221,188,252,141,5,4,1,1,5,6,5,4,6,1,8007,1,4
396,21,1,8395,8,231,194,156,251,187,6,5,2,1,5,6,5,4,6,1,8008,1,4
397,21,1,8396,8,193,110,205,238,114,7,6,2,1,5,6,5,4,6,1,8009,1,4
398,21,1,8397,8,236,103,232,245,136,5,4,2,1,4,5,6,5,6,1,8011,1,4
399,21,1,8398,8,213,157,195,149,193,6,5,2,1,4,5,6,5,6,1,8012,1,4
400,21,1,8399,8,243,154,189,214,266,5,4,2,1,4,5,6,5,6,1,8013,1,4
401,21,1,8400,8,192,153,240,195,89,6,5,2,1,4,5,6,5,6,1,8014,1,4
402,21,1,8401,8,242,143,220,144,207,7,6,2,1,4,5,6,5,6,1,0,1,4
403,21,1,8402,8,212,117,234,251,129,5,4,2,1,4,5,6,5,6,1,8011,1,4
404,21,1,8403,8,240,133,190,242,226,6,5,2,1,4,5,6,5,6,1,8012,1,4
405,21,1,8404,8,170,122,186,125,259,7,6,2,1,4,5,6,5,6,1,8013,1,4
406,21,1,8405,8,180,140,208,195,248,5,4,2,1,4,5,6,5,6,1,8014,1,4
407,21,1,8406,8,174,146,239,226,150,6,5,2,1,4,5,6,5,6,1,0,1,4
408,21,1,8407,8,247,136,195,167,239,5,4,2,1,4,5,6,5,6,1,8011,1,4
409,21,1,8408,8,221,194,241,147,228,6,5,2,1,4,5,6,5,6,1,8012,1,4
410,21,1,8409,8,230,218,170,141,137,7,6,2,1,3,4,5,6,6,1,8018,1,4
411,21,1,8410,8,195,181,236,189,183,5,4,2,1,3,4,5,6,6,1,8019,1,4
412,21,1,8411,8,216,202,193,107,196,6,5,2,1,3,4,5,6,6,1,0,1,4
413,21,1,8412,8,226,187,222,167,258,7,6,2,1,3,4,5,6,6,1,8016,1,4
414,21,1,8413,8,209,220,216,206,246,5,4,2,1,3,4,5,6,6,1,8017,1,4
415,22,1,8414,8,192,181,161,228,249,4,5,4,1,6,5,4,3,6,1,8021,1,4
416,22,1,8415,8,162,144,214,179,176,5,6,5,1,6,5,4,3,6,1,8022,1,4
417,22,1,8416,8,243,135,234,117,253,6,7,6,1,6,5,4,3,6,1,8023,1,4
418,22,1,8417,8,168,160,194,113,175,4,5,4,1,6,5,4,3,6,1,8024,1,4
419,22,1,8418,8,155,221,138,168,199,5,6,5,1,6,5,4,3,6,1,0,1,4
420,22,1,8419,8,187,189,131,102,175,6,7,6,1,6,5,4,3,6,1,8021,1,4
421,22,1,8420,8,168,203,140,133,133,4,5,4,1,6,5,4,3,6,1,8022,1,4
422,22,1,8421,8,151,164,127,238,245,5,6,5,1,5,6,5,4,6,1,8026,1,4
423,22,1,8422,8,219,220,130,113,169,6,7,6,1,5,6,5,4,6,1,8027,1,4
424,22,1,8423,8,166,105,233,245,203,4,5,4,1,5,6,5,4,6,1,8028,1,4
425,22,1,8424,8,238,234,179,205,117,5,6,5,1,5,6,5,4,6,1,8029,1,4
426,22,1,8425,8,230,162,156,251,133,6,7,6,1,5,6,5,4,6,1,0,1,4
427,22,1,8426,8,190,225,184,250,206,5,6,5,2,5,6,5,4,6,1,8026,1,4
428,22,1,8427,8,195,200,173,190,116,6,7,6,2,5,6,5,4,6,1,8027,1,4
429,22,1,8428,8,235,192,251,172,255,4,5,4,2,5,6,5,4,6,1,8028,1,4
430,22,1,8429,8,205,213,241,194,113,5,6,5,2,5,6,5,4,6,1,8029,1,4
431,22,1,8430,8,156,207,242,100,121,6,7,6,2,5,6,5,4,6,1,0,1,4
432,22,1,8431,8,192,228,195,232,193,4,5,4,2,5,6,5,4,6,1,8026,1,4
433,22,1,8432,8,201,190,241,181,161,5,6,5,2,5,6,5,4,6,1,8027,1,4
434,22,1,8433,8,179,103,228,189,131,6,7,6,2,5,6,5,4,6,1,8028,1,4
435,22,1,8434,8,229,125,168,209,264,4,5,4,2,5,6,5,4,6,1,8029,1,4
436,22,1,8435,8,241,241,179,121,141,5,6,5,2,4,5,6,5,6,1,0,1,4
437,22,1,8436,8,239,169,240,115,168,6,7,6,2,4,5,6,5,6,1,8031,1,4
438,22,1,8437,8,226,231,194,184,150,4,5,4,2,4,5,6,5,6,1,8032,1,4
439,22,1,8438,8,201,103,228,125,181,4,5,4,2,4,5,6,5,6,1,8033,1,4
440,22,1,8439,8,241,243,190,245,110,5,6,5,2,4,5,6,5,6,1,8034,1,4
441,22,1,8440,8,251,187,238,140,103,6,7,6,2,4,5,6,5,6,1,0,1,4
442,22,1,8441,8,190,242,201,179,222,4,5,4,2,4,5,6,5,6,1,8031,1,4
443,22,1,8442,8,175,140,174,249,113,5,6,5,2,4,5,6,5,6,1,8032,1,4
444,22,1,8443,8,150,141,238,161,103,6,7,6,2,4,5,6,5,6,1,8033,1,4
445,22,1,8444,8,162,222,179,187,188,4,5,4,2,4,5,6,5,6,1,8034,1,4
446,22,1,8445,8,174,227,246,156,225,5,6,5,2,4,5,6,5,6,1,0,1,4
447,22,1,8446,8,173,125,246,179,268,6,7,6,2,4,5,6,5,6,1,8031,1,4
448,22,1,8447,8,154,236,195,108,133,4,5,4,2,4,5,6,5,6,1,8032,1,4
449,22,1,8448,8,228,109,160,232,275,5,6,5,2,4,5,6,5,6,1,8033,1,4
450,22,1,8449,8,155,238,234,242,130,6,7,6,2,4,5,6,5,6,1,8034,1,4
451,22,1,8450,8,182,118,206,192,213,6,7,6,2,4,5,6,5,6,1,0,1,4
452,22,1,8451,8,202,203,242,251,169,4,5,4,2,4,5,6,5,6,1,8031,1,4
453,22,1,8452,8,201,227,160,186,102,5,6,5,2,4,5,6,5,6,1,8032,1,4
454,22,1,8453,8,187,249,217,149,122,6,7,6,2,4,5,6,5,6,1,8033,1,4
455,22,1,8454,8,161,160,234,229,215,4,5,4,2,3,4,5,6,6,1,8036,1,4
456,22,1,8455,8,213,148,251,236,179,5,6,5,2,3,4,5,6,6,1,8037,1,4
457,22,1,8456,8,148,213,214,238,142,6,7,6,2,3,4,5,6,6,1,8038,1,4
458,22,1,8457,8,234,191,209,237,266,4,5,4,2,3,4,5,6,6,1,8039,1,4
459,22,1,8458,8,196,214,201,248,142,5,6,5,2,3,4,5,6,6,1,0,1,4
460,22,1,8459,8,186,173,174,254,186,6,7,6,2,3,4,5,6,6,1,8036,1,4
461,22,1,8460,8,232,167,223,134,205,4,5,4,2,3,4,5,6,6,1,8037,1,4
462,22,1,8461,8,151,246,231,153,125,5,6,5,2,3,4,5,6,6,1,8038,1,4
463,23,1,8462,8,243,233,242,210,235,2,4,5,4,6,5,4,3,6,1,8041,1,4
464,23,1,8463,8,149,231,166,141,143,2,5,6,5,6,5,4,3,6,1,8042,1,4
465,23,1,8464,8,147,251,243,108,120,2,6,7,6,6,5,4,3,6,1,8043,1,4
466,23,1,8465,8,216,250,172,96,214,2,4,5,4,6,5,4,3,6,1,8044,1,4
467,23,1,8466,8,149,221,177,113,222,2,5,6,5,6,5,4,3,6,1,0,1,4
468,23,1,8467,8,241,223,233,110,194,2,6,7,6,6,5,4,3,6,1,8041,1,4
469,23,1,8468,8,169,235,249,183,240,2,4,5,4,6,5,4,3,6,1,8042,1,4
470,23,1,8469,8,251,137,202,109,108,2,5,6,5,5,6,5,4,6,1,8046,1,4
471,23,1,8470,8,243,124,130,207,208,2,6,7,6,5,6,5,4,6,1,8047,1,4
472,23,1,8471,8,190,134,239,248,256,2,4,5,4,5,6,5,4,6,1,8048,1,4
473,23,1,8472,8,161,192,150,220,102,2,5,6,5,5,6,5,4,6,1,8049,1,4
474,23,1,8473,8,137,210,225,249,186,2,6,7,6,5,6,5,4,6,1,0,1,4
475,23,1,8474,8,240,135,250,161,160,2,4,5,4,5,6,5,4,6,1,8046,1,4
476,23,1,8475,8,163,206,186,248,170,2,5,6,5,5,6,5,4,6,1,8047,1,4
477,23,1,8476,8,251,254,207,193,243,2,6,7,6,5,6,5,4,6,1,8048,1,4
478,23,1,8477,8,175,138,193,203,208,2,4,5,4,5,6,5,4,6,1,8049,1,4
479,23,1,8478,8,206,213,186,206,122,2,5,6,5,5,6,5,4,6,1,0,1,4
480,23,1,8479,8,162,138,239,194,176,2,6,7,6,5,6,5,4,6,1,8046,1,4
481,23,1,8480,8,187,250,156,227,189,2,4,5,4,5,6,5,4,6,1,8047,1,4
482,23,1,8481,8,238,184,253,122,128,2,5,6,5,5,6,5,4,6,1,8048,1,4
483,23,1,8482,8,231,229,236,182,148,2,6,7,6,5,6,5,4,6,1,8049,1,4
484,23,1,8483,8,229,245,181,233,219,2,4,5,4,4,5,6,5,6,1,8051,1,4
485,23,1,8484,8,189,140,243,221,252,2,5,6,5,4,5,6,5,6,1,8052,1,4
486,23,1,8485,8,209,144,170,124,177,2,6,7,6,4,5,6,5,6,1,8053,1,4
487,23,1,8486,8,183,242,184,239,136,2,4,5,4,4,5,6,5,6,1,8054,1,4
488,23,1,8487,8,214,240,229,212,157,2,5,6,5,4,5,6,5,6,1,0,1,4
489,23,1,8488,8,184,209,182,210,219,2,6,7,6,4,5,6,5,6,1,8051,1,4
490,23,1,8489,8,208,157,195,195,194,2,4,5,4,4,5,6,5,6,1,8052,1,4
491,23,1,8490,8,245,120,185,219,239,2,5,6,5,4,5,6,5,6,1,8053,1,4
492,23,1,8491,8,245,113,194,159,116,2,6,7,6,4,5,6,5,6,1,8054,1,4
493,23,1,8492,8,160,173,248,161,167,2,4,5,4,4,5,6,5,6,1,0,1,4
494,23,1,8493,8,253,220,245,233,144,2,5,6,5,4,5,6,5,6,1,8051,1,4
495,23,1,8494,8,138,172,239,96,160,2,6,7,6,4,5,6,5,6,1,8052,1,4
496,23,1,8495,8,192,240,238,190,117,2,4,5,4,4,5,6,5,6,1,8053,1,4
497,23,1,8496,8,221,137,247,181,157,2,5,6,5,4,5,6,5,6,1,8054,1,4
498,23,1,8497,8,223,203,166,241,90,2,6,7,6,4,5,6,5,6,1,0,1,4
499,23,1,8498,8,143,177,200,142,227,2,4,5,4,4,5,6,5,6,1,8051,1,4
500,23,1,8499,8,175,176,240,120,232,2,5,6,5,4,5,6,5,6,1,8052,1,4
501,23,1,8500,8,243,113,190,212,226,2,6,7,6,4,5,6,5,6,1,8053,1,4
502,23,1,8501,8,220,231,206,174,236,2,4,5,4,4,5,6,5,6,1,8054,1,4
503,23,1,8502,8,221,229,242,100,153,2,5,6,5,3,4,5,6,6,1,0,1,4
504,23,1,8503,8,170,213,232,154,118,2,6,7,6,3,4,5,6,6,1,8056,1,4
505,23,1,8504,8,148,101,179,190,168,2,4,5,4,3,4,5,6,6,1,8057,1,4
506,23,1,8505,8,199,247,207,151,140,2,5,6,5,3,4,5,6,6,1,8058,1,4
507,23,1,8506,8,179,212,187,154,177,2,6,7,6,3,4,5,6,6,1,8059,1,4
508,23,1,8507,8,175,169,239,184,123,2,4,5,4,3,4,5,6,6,1,0,1,4
509,23,1,8508,8,213,184,179,199,94,2,5,6,5,3,4,5,6,6,1,8058,1,4
510,23,1,8509,8,184,197,202,109,207,2,6,7,6,3,4,5,6,6,1,8057,1,4
511,31,1,8510,8,154,181,245,104,247,7,6,1,1,6,5,4,3,1,6,8081,1,4
512,31,1,8511,8,156,157,251,242,146,5,4,1,1,6,5,4,3,1,6,8082,1,4
513,31,1,8512,8,186,138,194,162,179,6,5,1,1,6,5,4,3,1,6,8083,1,4
514,31,1,8513,8,186,183,248,245,157,7,6,1,1,6,5,4,3,1,6,8084,1,4
515,31,1,8514,8,149,197,190,192,248,5,4,1,1,5,6,5,4,1,6,0,1,4
516,31,1,8515,8,167,135,244,218,199,6,5,1,1,5,6,5,4,1,6,8086,1,4
517,31,1,8516,8,136,105,245,201,248,7,6,1,1,5,6,5,4,1,6,8087,1,4
518,31,1,8517,8,182,220,214,254,131,6,5,2,1,5,6,5,4,1,6,8088,1,4
519,31,1,8518,8,184,218,206,137,100,7,6,2,1,5,6,5,4,1,6,8089,1,4
520,31,1,8519,8,206,221,248,254,170,5,4,2,1,5,6,5,4,1,6,0,1,4
521,31,1,8520,8,219,96,248,236,210,6,5,2,1,5,6,5,4,1,6,8086,1,4
522,31,1,8521,8,202,184,235,203,227,7,6,2,1,5,6,5,4,1,6,8087,1,4
523,31,1,8522,8,222,165,200,115,180,5,4,2,1,5,6,5,4,1,6,8088,1,4
524,31,1,8523,8,196,226,195,156,161,6,5,2,1,4,5,6,5,1,6,8091,1,4
525,31,1,8524,8,168,107,201,225,216,7,6,2,1,4,5,6,5,1,6,8092,1,4
526,31,1,8525,8,202,103,238,192,174,6,5,2,1,4,5,6,5,1,6,8093,1,4
527,31,1,8526,8,218,121,187,216,261,7,6,2,1,4,5,6,5,1,6,8094,1,4
528,31,1,8527,8,219,96,185,253,187,5,4,2,1,4,5,6,5,1,6,0,1,4
529,31,1,8528,8,148,109,217,180,255,6,5,2,1,4,5,6,5,1,6,8091,1,4
530,31,1,8529,8,161,228,225,229,91,7,6,2,1,4,5,6,5,1,6,8092,1,4
531,31,1,8530,8,182,199,191,192,180,5,4,2,1,4,5,6,5,1,6,8093,1,4
532,31,1,8531,8,205,188,192,120,174,6,5,2,1,4,5,6,5,1,6,8094,1,4
533,31,1,8532,8,121,96,194,140,92,7,6,2,1,4,5,6,5,1,6,0,1,4
534,31,1,8533,8,154,193,234,145,91,7,6,2,1,4,5,6,5,1,6,8091,1,4
535,31,1,8534,8,172,159,242,151,98,5,4,2,1,4,5,6,5,1,6,8092,1,4
536,31,1,8535,8,179,208,215,200,234,6,5,2,1,3,4,5,6,1,6,8096,1,4
537,31,1,8536,8,203,175,237,160,199,7,6,2,1,3,4,5,6,1,6,8097,1,4
538,31,1,8537,8,216,110,217,222,104,5,4,2,1,3,4,5,6,1,6,8098,1,4
539,31,1,8538,8,170,185,232,192,253,6,5,2,1,3,4,5,6,1,6,8099,1,4
540,31,1,8539,8,154,168,194,107,243,7,6,2,1,3,4,5,6,1,6,0,1,4
541,32,1,8540,8,215,239,173,215,255,6,7,6,1,6,5,4,3,1,6,8101,1,4
542,32,1,8541,8,175,228,180,188,272,4,5,4,1,6,5,4,3,1,6,8102,1,4
543,32,1,8542,8,190,177,246,144,163,5,6,5,1,6,5,4,3,1,6,8103,1,4
544,32,1,8543,8,148,164,187,102,201,6,7,6,1,6,5,4,3,1,6,8104,1,4
545,32,1,8544,8,182,231,230,251,210,4,5,4,1,5,6,5,4,1,6,8106,1,4
546,32,1,8545,8,196,164,211,127,213,5,6,5,2,5,6,5,4,1,6,8107,1,4
547,32,1,8546,8,186,231,229,176,259,6,7,6,2,5,6,5,4,1,6,8108,1,4
548,32,1,8547,8,153,102,193,201,195,5,6,5,2,5,6,5,4,1,6,8109,1,4
549,32,1,8548,8,170,116,252,127,212,6,7,6,2,5,6,5,4,1,6,0,1,4
550,32,1,8549,8,197,118,210,210,151,4,5,4,2,5,6,5,4,1,6,8106,1,4
551,32,1,8550,8,201,231,181,191,222,5,6,5,2,5,6,5,4,1,6,8107,1,4
552,32,1,8551,8,147,199,224,147,236,6,7,6,2,5,6,5,4,1,6,8108,1,4
553,32,1,8552,8,209,164,188,110,273,4,5,4,2,5,6,5,4,1,6,8109,1,4
554,32,1,8553,8,172,254,246,216,124,5,6,5,2,4,5,6,5,1,6,8111,1,4
555,32,1,8554,8,156,229,246,122,115,6,7,6,2,4,5,6,5,1,6,8112,1,4
556,32,1,8555,8,166,190,174,176,179,4,5,4,2,4,5,6,5,1,6,8113,1,4
557,32,1,8556,8,221,98,251,216,183,5,6,5,2,4,5,6,5,1,6,8114,1,4
558,32,1,8557,8,179,183,176,169,166,6,7,6,2,4,5,6,5,1,6,0,1,4
559,32,1,8558,8,225,149,219,107,140,4,5,4,2,4,5,6,5,1,6,8111,1,4
560,32,1,8559,8,209,242,249,161,187,5,6,5,2,4,5,6,5,1,6,8112,1,4
561,32,1,8560,8,207,249,251,144,275,6,7,6,2,4,5,6,5,1,6,8113,1,4
562,32,1,8561,8,213,235,165,249,220,4,5,4,2,4,5,6,5,1,6,8114,1,4
563,32,1,8562,8,190,122,245,107,111,5,6,5,2,4,5,6,5,1,6,0,1,4
564,32,1,8563,8,221,194,251,168,259,6,7,6,2,4,5,6,5,1,6,8111,1,4
565,32,1,8564,8,200,208,225,183,116,4,5,4,2,4,5,6,5,1,6,8112,1,4
566,32,1,8565,8,200,142,253,104,161,5,6,5,2,3,4,5,6,1,6,8116,1,4
567,32,1,8566,8,195,192,224,149,144,6,7,6,2,3,4,5,6,1,6,8117,1,4
568,32,1,8567,8,195,247,198,121,227,4,5,4,2,3,4,5,6,1,6,8118,1,4
569,32,1,8568,8,194,120,249,224,192,5,6,5,2,3,4,5,6,1,6,8119,1,4
570,32,1,8569,8,186,229,234,225,221,6,7,6,2,3,4,5,6,1,6,0,1,4
571,33,1,8570,8,184,122,249,103,203,2,6,7,6,6,5,4,3,1,6,8121,1,4
572,33,1,8571,8,192,247,243,252,243,2,4,5,4,6,5,4,3,1,6,8122,1,4
573,33,1,8572,8,184,105,194,209,246,2,5,6,5,6,5,4,3,1,6,8123,1,4
574,33,1,8573,8,226,239,199,206,116,2,6,7,6,6,5,4,3,1,6,8124,1,4
575,33,1,8574,8,208,111,251,219,123,2,4,5,4,5,6,5,4,1,6,8126,1,4
576,33,1,8575,8,142,160,251,225,90,2,5,6,5,5,6,5,4,1,6,8127,1,4
577,33,1,8576,8,214,114,177,218,245,2,6,7,6,5,6,5,4,1,6,8128,1,4
578,33,1,8577,8,207,250,243,195,260,2,5,6,5,5,6,5,4,1,6,8129,1,4
579,33,1,8578,8,202,143,235,102,216,2,6,7,6,5,6,5,4,1,6,0,1,4
580,33,1,8579,8,194,150,247,181,89,2,4,5,4,5,6,5,4,1,6,8126,1,4
581,33,1,8580,8,229,124,177,241,238,2,5,6,5,5,6,5,4,1,6,8127,1,4
582,33,1,8581,8,166,150,251,149,226,2,6,7,6,5,6,5,4,1,6,8128,1,4
583,33,1,8582,8,225,249,240,116,128,2,4,5,4,5,6,5,4,1,6,8129,1,4
584,33,1,8583,8,228,225,192,187,252,2,5,6,5,4,5,6,5,1,6,8131,1,4
585,33,1,8584,8,156,228,180,202,147,2,6,7,6,4,5,6,5,1,6,8132,1,4
586,33,1,8585,8,206,240,137,251,141,2,5,6,5,4,5,6,5,1,6,8133,1,4
587,33,1,8586,8,220,114,190,196,214,2,6,7,6,4,5,6,5,1,6,8134,1,4
588,33,1,8587,8,197,215,242,175,241,2,4,5,4,4,5,6,5,1,6,0,1,4
589,33,1,8588,8,200,248,245,251,216,2,5,6,5,4,5,6,5,1,6,8131,1,4
590,33,1,8589,8,155,253,244,129,221,2,6,7,6,4,5,6,5,1,6,8132,1,4
591,33,1,8590,8,154,182,194,206,167,2,4,5,4,4,5,6,5,1,6,8133,1,4
592,33,1,8591,8,160,203,241,227,193,2,5,6,5,4,5,6,5,1,6,8134,1,4
593,33,1,8592,8,213,241,204,185,201,2,6,7,6,4,5,6,5,1,6,0,1,4
594,33,1,8593,8,137,157,250,227,168,2,6,7,6,4,5,6,5,1,6,8131,1,4
595,33,1,8594,8,140,169,237,131,155,2,4,5,4,4,5,6,5,1,6,8132,1,4
596,33,1,8595,8,229,236,193,172,92,2,5,6,5,3,4,5,6,1,6,8136,1,4
597,33,1,8596,8,155,169,188,153,153,2,6,7,6,3,4,5,6,1,6,8137,1,4
598,33,1,8597,8,173,107,210,151,123,2,4,5,4,3,4,5,6,1,6,8138,1,4
599,33,1,8598,8,240,107,177,110,260,2,5,6,5,3,4,5,6,1,6,8139,1,4
600,33,1,8599,8,247,246,218,202,170,2,6,7,6,3,4,5,6,1,6,0,1,4
601,41,1,8600,8,188,108,247,209,172,2,6,7,6,6,5,4,3,6,1,8042,1,4
602,41,1,8601,8,247,114,177,227,116,2,4,5,4,6,5,4,3,6,1,8043,1,4
603,41,1,8602,8,150,124,186,194,177,2,6,7,6,5,6,5,4,6,1,8047,1,4
604,41,1,8603,8,172,219,231,122,147,2,4,5,4,5,6,5,4,6,1,8048,1,4
605,41,1,8604,8,162,172,228,103,173,2,5,6,5,5,6,5,4,6,1,8049,1,4
606,41,1,8605,8,213,153,166,175,142,2,6,7,6,4,5,6,5,6,1,8054,1,4
607,41,1,8606,8,199,248,245,113,127,2,4,5,4,4,5,6,5,6,1,0,1,4
608,41,1,8607,8,138,253,241,239,256,2,5,6,5,4,5,6,5,6,1,8051,1,4
609,41,1,8608,8,253,231,244,134,163,2,5,6,5,3,4,5,6,6,1,8056,1,4
610,41,1,8609,8,176,121,211,184,186,2,6,7,6,3,4,5,6,6,1,8057,1,4
10010,0,1001,0,100101,255,269,248,213,230,2,5,7,7,1,7,7,5,7,1,1100101,4,5
10020,0,1002,0,100201,287,209,269,242,216,4,7,7,3,7,5,3,1,7,1,1100201,4,5
10030,0,1003,0,100301,256,252,242,224,242,2,3,7,6,1,7,4,2,7,1,1100301,4,5
10040,0,1004,0,100401,260,224,256,217,260,7,7,6,5,7,5,1,1,7,7,1100401,4,5
10050,0,1005,0,100501,281,190,250,259,219,6,7,6,3,5,7,5,1,7,2,1100501,4,5
10060,0,1006,0,100601,247,210,271,244,247,6,7,7,6,2,7,7,4,7,7,1100601,4,5
10070,0,1007,0,100701,264,246,281,189,193,1,5,7,7,1,6,6,7,7,1,1100701,4,5
10080,0,1008,0,100801,255,210,279,219,239,2,7,7,2,5,6,7,2,7,1,1100801,4,5
10090,0,1009,0,100901,259,230,263,246,210,2,7,7,6,7,7,3,1,7,1,1100901,4,5
10100,0,1010,0,101001,292,159,304,223,246,7,7,3,1,5,7,3,1,7,7,1101001,4,5
10110,0,1011,0,101101,242,223,234,249,256,1,7,7,7,2,7,7,2,7,1,1101101,4,5
10120,0,1012,0,101201,265,239,287,176,234,6,6,7,5,1,7,5,7,7,7,1101201,4,5
10130,0,1013,0,101301,259,280,213,206,266,1,2,7,7,6,7,4,2,7,7,1101301,4,5
10140,0,1014,0,101401,252,237,237,256,244,6,7,7,6,3,7,7,5,7,7,1101401,4,5
10150,0,1015,0,101501,254,253,235,239,248,1,3,7,7,5,7,7,1,7,7,1101501,4,5
10160,0,1016,0,101601,260,270,260,227,213,6,6,7,7,4,7,7,2,7,1,1101601,4,5
10170,0,1017,0,101701,253,253,243,218,265,3,6,7,7,6,7,7,5,7,1,1101701,4,5
10180,0,1018,0,101801,237,212,242,249,264,5,6,7,3,4,7,7,1,7,1,1101801,4,5
10190,0,1019,0,101901,229,245,223,269,245,2,7,7,1,1,7,7,6,7,7,1101902,4,5
10200,0,1020,0,102001,274,290,274,174,182,1,5,7,7,7,6,4,3,7,1,1102001,4,5
10210,0,1021,0,102101,258,251,263,233,199,1,3,7,7,5,7,7,7,7,7,1102101,4,5
10220,0,1022,0,102201,256,224,253,235,232,2,7,7,5,4,7,3,5,7,1,1102201,4,5
10230,0,1023,0,102301,243,249,226,220,260,6,6,7,7,1,7,5,1,7,1,1102301,4,5
10240,0,1024,0,102401,270,283,249,233,164,4,4,7,7,7,7,6,5,7,7,1102401,4,5
10250,0,1025,0,102501,246,270,253,175,214,1,1,6,7,1,5,7,5,7,1,1102501,4,5
10260,0,1026,0,102601,258,226,244,237,244,7,7,7,5,7,6,4,1,7,1,1102601,4,5
10270,0,1027,0,102701,245,249,237,229,237,3,5,7,6,2,7,7,2,7,1,1102701,4,5
10280,0,1028,0,102801,310,147,281,221,254,7,6,2,1,6,7,5,1,7,2,1102801,4,5
10290,0,1029,0,102901,242,219,211,242,232,4,7,7,3,5,7,2,1,7,6,1102902,4,5
10300,0,1030,0,103001,240,266,231,227,248,3,5,7,7,6,7,5,1,7,1,1103001,4,5
10310,0,1031,0,103101,248,223,256,234,227,2,7,7,2,7,6,1,1,7,1,1103101,4,5
10320,0,1032,0,103201,260,233,257,155,258,1,4,7,6,3,7,6,2,7,1,1103201,4,5
10330,0,1033,0,103301,270,246,277,216,220,1,4,7,5,1,5,6,7,7,1,1103301,4,5
10340,0,1034,0,103401,239,259,275,215,223,2,6,7,7,1,6,5,7,7,7,1103401,4,5
10350,0,1035,0,103501,254,235,254,227,197,1,2,7,6,1,6,7,1,7,1,1103501,4,5
10360,0,1036,0,103601,257,223,257,204,242,2,5,7,7,2,5,7,7,7,1,1103601,4,5
10370,0,1037,0,103701,252,241,241,213,234,1,1,7,6,1,6,7,1,7,2,1103701,4,5
10380,0,1038,0,103801,288,134,296,222,261,7,4,1,1,6,7,3,1,7,2,1103801,4,5
10390,0,1039,0,103901,265,188,283,217,238,4,6,7,2,1,5,7,4,7,1,1103901,4,5
10400,0,1040,0,104001,260,271,230,252,176,2,7,6,6,2,7,7,2,7,4,1104001,4,5
10410,0,1041,0,104101,297,101,294,270,237,7,6,1,1,7,7,2,1,7,7,1104101,4,5
10420,0,1042,0,104201,253,204,257,233,260,7,7,2,1,5,5,7,6,7,2,1104201,4,5
10430,0,1043,0,104301,255,196,275,209,224,5,7,6,1,1,7,6,2,2,7,1104301,4,5
10440,0,1044,0,104401,259,218,266,209,249,3,7,7,5,1,3,7,7,7,1,1104401,4,5
10450,0,1045,0,104501,190,245,212,255,260,1,1,7,7,4,7,6,1,7,1,1104501,4,5
10460,0,1046,0,104601,277,196,235,277,227,6,7,7,3,7,4,1,1,3,7,1104601,4,5
10470,0,1047,0,104701,255,266,244,218,225,1,3,7,7,1,6,7,2,7,1,1104701,4,5
10480,0,1048,0,104801,258,254,215,208,229,1,1,7,6,1,7,6,1,7,1,1104801,4,5
10490,0,1049,0,104901,289,256,272,240,149,2,4,7,5,1,5,7,4,7,1,1104901,4,5
10500,0,1050,0,105001,270,236,265,238,185,5,6,7,5,1,1,7,7,7,1,1105001,4,5
10510,0,1051,0,105101,261,150,258,251,218,7,7,4,1,5,7,5,1,7,7,1105101,4,5
10520,0,1052,0,105201,93,58,83,174,76,3,1,1,1,1,1,1,3,1,7,1105201,4,5
10530,0,1053,0,105301,254,223,269,238,233,7,7,6,1,1,3,7,5,7,4,1105301,4,5
10531,0,1053,0,105301,254,223,269,238,233,7,7,6,1,1,3,7,5,7,4,1105301,4,5
10540,0,1054,0,105401,294,138,314,183,261,7,6,1,1,1,6,7,6,7,7,1105401,4,5
10550,0,1055,0,105501,259,232,252,214,252,1,1,7,6,1,6,7,5,7,2,1105501,4,5
10560,0,1056,0,105601,246,267,246,194,187,2,5,7,7,1,6,7,2,7,7,1105601,4,5
10570,0,1057,0,105701,272,232,250,225,236,1,6,7,7,1,3,7,7,7,1,1105701,4,5
10580,0,1058,0,105801,263,277,251,229,215,1,2,7,6,2,7,6,3,7,3,1105801,4,5
10590,0,1059,0,105901,257,227,260,201,260,3,7,7,2,5,6,7,1,7,1,1105902,4,5
10600,0,1060,0,106001,260,223,212,215,236,1,5,7,7,2,6,7,4,7,7,1106001,4,5
10610,0,1061,0,106101,267,207,254,195,221,7,6,6,5,1,6,7,4,7,1,1106101,4,5
10620,0,1062,0,106201,279,217,266,205,231,1,2,7,7,2,7,7,3,7,1,1106201,4,5
10630,0,1063,0,106301,250,221,245,232,252,2,6,7,5,2,6,7,2,7,1,1106302,4,5
10640,0,1064,0,106401,250,250,215,255,230,1,2,7,7,7,3,2,1,7,1,1106402,4,5
10650,0,1065,0,106501,254,209,259,259,219,5,7,5,3,7,6,1,1,7,1,1106502,4,5
10660,0,1066,0,106601,334,214,178,239,233,3,6,7,5,7,1,1,1,7,3,1106601,4,5
10670,0,1067,0,106701,241,234,248,222,251,1,5,7,7,1,6,7,4,7,1,1106702,4,5
10680,0,1068,0,106801,244,258,209,258,242,3,5,7,7,7,6,5,1,7,1,1106802,4,5
10690,0,1069,0,106901,243,235,223,252,247,3,7,7,3,6,7,2,1,7,1,1106901,4,5
10700,0,1070,0,107001,245,245,235,250,225,1,5,7,5,3,7,5,3,7,1,1107001,4,5
10710,0,1071,0,107101,242,247,237,221,245,3,6,7,4,5,7,5,1,7,2,1107101,4,5
10720,0,1072,0,107201,243,255,220,253,234,3,6,7,4,2,7,6,2,7,4,1107201,4,5
10730,0,1073,0,107301,250,240,224,234,250,2,4,7,6,1,7,7,3,7,2,1107301,4,5
10740,0,1074,0,107401,241,273,238,203,260,2,5,7,7,1,7,7,5,7,1,1107401,4,5
10750,0,1075,0,107501,249,216,261,243,231,2,7,7,2,1,4,7,2,7,1,1107501,4,5
10760,0,1076,0,107601,220,269,231,262,218,1,5,7,7,1,6,7,6,7,3,1107601,4,5
10770,0,1077,0,107701,233,275,221,227,244,2,5,7,7,4,7,7,3,7,1,1107701,4,5
10780,0,1078,0,107801,257,192,225,275,251,7,7,6,1,4,7,4,1,7,3,1107801,4,5
10790,0,1079,0,107901,252,244,238,239,227,2,7,7,2,7,7,3,1,1,7,1107901,4,5
10800,0,1080,0,108001,256,229,220,231,264,1,7,7,1,7,6,2,1,2,7,1108001,4,5
10810,0,1081,0,108101,257,225,267,232,219,7,7,6,1,7,7,2,1,2,7,1108101,4,5
10820,0,1082,0,108201,261,202,251,253,233,5,7,6,1,4,7,4,5,7,1,1108201,4,5
10830,0,1083,0,108301,266,240,266,212,238,1,3,7,7,1,7,7,4,7,1,1108301,4,5
10840,0,1084,0,108401,257,231,276,204,232,2,7,7,2,1,4,6,7,7,2,1108401,4,5
10850,0,1085,0,108501,262,211,271,225,231,7,7,3,1,1,6,7,7,7,1,1108501,4,5
10860,0,1086,0,108601,263,234,253,215,247,6,7,7,2,1,7,7,2,7,2,1108601,4,5
10870,0,1087,0,108701,253,187,248,251,213,7,6,1,1,7,7,1,1,7,1,1108701,4,5
10880,0,1088,0,108801,251,225,282,220,222,1,6,7,3,1,6,7,4,7,1,1108801,4,5
10890,0,1089,0,108901,234,277,216,240,233,1,1,7,7,1,7,6,2,7,1,1108901,4,5
10900,0,1090,0,109001,253,217,215,272,243,5,7,7,1,7,7,3,1,7,1,1109001,4,5
10910,0,1091,0,109101,263,222,268,215,232,3,7,7,1,1,4,7,5,7,1,1109101,4,5
10920,0,1092,0,109201,247,231,272,219,231,3,6,7,4,1,7,6,4,7,2,1109201,4,5
10930,0,1093,0,109301,273,183,244,239,238,7,6,1,1,3,7,6,5,7,1,1109301,4,5
10940,0,1094,0,109401,255,240,266,211,228,1,5,7,6,1,4,7,6,7,1,1109401,4,5
10950,0,1095,0,109501,293,174,227,264,242,7,4,1,1,4,7,4,1,7,1,1109501,4,5
10960,0,1096,0,109601,260,225,257,248,210,1,6,7,5,1,4,7,2,7,1,1109601,4,5
10970,0,1097,0,109701,245,226,262,230,237,5,7,7,1,1,7,7,2,7,1,1109701,4,5
10980,0,1098,0,109801,259,211,264,231,254,5,7,7,1,7,7,5,1,2,7,1109801,4,5
10990,0,1099,0,109901,262,229,233,236,240,4,7,7,3,6,7,3,1,1,7,1109901,4,5
11000,0,1100,0,110001,236,218,225,264,257,4,7,7,3,5,7,5,3,1,7,1110001,4,5
11020,0,1102,0,110201,241,221,253,226,248,1,2,7,7,1,6,7,3,7,1,1110201,4,5
11030,0,1103,0,110301,231,224,226,223,251,1,6,7,2,3,7,7,1,7,1,1110301,4,5
11040,0,1104,0,110401,257,244,228,248,223,3,6,7,5,7,7,3,1,7,1,1110401,4,5
11050,0,1105,0,110501,247,225,263,219,261,2,6,7,6,2,7,7,5,7,1,1110501,4,5
11060,0,1106,0,110601,241,253,246,233,227,1,1,7,7,1,6,7,5,7,1,1110601,4,5
11070,0,1107,0,110701,266,240,225,260,209,1,2,7,6,7,6,2,1,7,1,1110701,4,5
11080,0,1108,0,110801,291,249,273,189,220,1,7,7,5,1,5,7,6,7,1,1110801,4,5
11090,0,1109,0,110901,249,229,244,249,229,7,7,6,1,3,7,5,1,7,1,1110901,4,5
11100,0,1110,0,111001,235,222,249,240,254,1,6,7,3,3,7,7,6,7,1,1111001,4,5
11110,0,1111,0,111101,249,223,249,219,260,5,6,7,1,1,6,7,3,7,1,1111101,4,5
11120,0,1112,0,111201,247,213,271,204,247,5,7,3,1,4,7,2,1,7,5,1111201,4,5
11130,0,1113,0,111301,257,233,240,218,252,1,6,7,1,5,7,6,2,7,3,1111301,4,5
11140,0,1114,0,111401,232,208,274,262,239,1,7,7,6,1,6,7,7,7,1,1111401,4,5
11150,0,1115,0,111501,280,264,273,193,215,1,5,7,7,1,2,7,7,7,4,1111501,4,5
11160,0,1116,0,111601,289,231,263,222,221,1,7,7,6,3,7,7,4,7,1,1111601,4,5
11170,0,1117,0,111701,217,263,228,258,228,1,3,7,7,1,3,7,7,7,1,1111701,4,5
11180,0,1118,0,111801,250,246,240,231,233,1,6,7,1,1,6,7,5,7,1,1111801,4,5
11190,0,1119,0,111901,229,251,273,192,255,2,5,7,7,1,1,7,7,7,1,1111901,4,5
11200,0,1120,0,112001,316,153,247,249,236,7,4,1,1,7,5,1,1,7,1,1112001,4,5
11210,0,1121,0,112101,256,194,345,194,211,7,7,2,1,1,1,5,7,7,1,1112101,4,5
11240,0,1124,0,112401,266,216,238,231,249,1,7,7,1,3,7,6,1,7,1,1112401,4,5
11260,0,1126,0,112601,243,233,249,237,238,2,7,7,4,1,5,7,7,7,1,1112601,4,5
11270,0,1127,0,112701,252,273,223,224,228,1,1,7,7,6,7,3,1,7,1,1112701,4,5
11280,0,1128,0,112801,252,248,271,197,232,1,5,7,7,1,7,7,4,7,1,1112801,4,5
11290,0,1129,0,112901,276,228,262,220,244,3,7,7,2,1,7,7,4,7,1,1112901,4,5
11300,0,1130,0,113001,240,238,231,242,249,1,7,7,4,2,7,7,1,7,1,1113001,4,5
11310,0,1131,0,113101,254,208,269,253,216,7,7,5,1,2,7,7,6,7,1,1113101,4,5
11320,0,1132,0,113201,278,248,239,191,244,1,5,7,1,1,6,7,1,7,1,1113201,4,5
11330,0,1133,0,113301,265,253,225,200,257,1,6,7,7,1,7,6,4,7,1,1113301,4,5
11340,0,1134,0,113401,261,247,244,198,239,1,6,7,6,3,7,6,1,7,1,1113401,4,5
11360,0,1136,0,113601,258,236,200,269,237,1,7,7,2,1,6,7,2,7,6,1113601,4,5
11370,0,1137,0,113701,259,261,232,243,205,1,5,7,7,7,6,7,3,7,1,1113701,4,5
11380,0,1138,0,113801,243,254,236,227,264,1,7,7,5,5,7,7,1,4,7,1113801,4,5
11400,0,1140,0,114001,252,247,249,234,218,1,7,7,1,4,7,7,2,4,7,1114001,4,5
11430,0,1143,0,114301,267,213,267,213,240,1,6,7,6,1,7,7,3,7,7,1114301,4,5
11440,0,1144,0,114401,266,232,263,224,215,1,7,7,5,1,7,6,1,7,1,1114401,4,5
11450,0,1145,0,114501,286,221,272,193,228,1,6,7,5,1,7,7,7,7,1,1114501,4,5
1001001,0,1001,0,100101,314,332,306,264,284,2,5,7,7,1,6,7,5,7,1,1100101,4,5
1001002,0,1001,0,100101,322,339,313,271,279,2,5,7,7,1,6,7,5,7,1,1100101,4,5
1001003,0,1001,0,100101,312,330,304,262,282,2,5,7,7,1,6,7,5,7,1,1100101,4,5
1001004,0,1001,0,100101,317,335,309,267,287,2,5,7,7,1,6,7,5,7,1,1100101,4,5
1001005,0,1001,0,100101,314,330,304,262,282,2,5,7,7,1,6,7,5,7,1,1100101,4,5
1001006,0,1001,0,100101,339,359,330,284,306,2,5,7,7,1,6,7,5,7,1,1100101,4,5
1001007,0,1001,0,100101,317,334,308,266,288,2,5,7,7,1,6,7,5,7,1,1100101,4,5
1001008,0,1001,0,100101,312,330,304,262,282,2,5,7,7,1,6,7,5,7,1,1100101,4,5
1001009,0,1001,0,100101,318,335,309,267,289,2,5,7,7,1,6,7,5,7,1,1100101,4,5
1001010,0,1001,0,100101,339,359,330,284,306,2,5,7,7,1,6,7,5,7,1,1100101,4,5
1001011,0,1001,0,100101,314,331,306,264,284,2,5,7,7,1,6,7,5,7,1,1100101,4,5
1001012,0,1001,0,100101,314,330,304,262,282,2,5,7,7,1,6,7,5,7,1,1100101,4,5
1001013,0,1001,0,100101,317,335,309,267,287,2,5,7,7,1,6,7,5,7,1,1100101,4,5
1001014,0,1001,0,100101,317,335,309,267,287,2,5,7,7,1,6,7,5,7,1,1100101,4,5
1001015,0,1001,0,100101,318,335,309,267,289,2,5,7,7,1,6,7,5,7,1,1100101,4,5
1001016,0,1001,0,100101,339,359,330,284,306,2,5,7,7,1,6,7,5,7,1,1100101,4,5
1001017,0,1001,0,100101,314,331,306,264,284,2,5,7,7,1,6,7,5,7,1,1100101,4,5
1001018,0,1001,0,100101,346,366,337,290,312,2,5,7,7,1,6,7,5,7,1,1100101,4,5
1001019,0,1001,0,100101,342,362,332,286,308,2,5,7,7,1,6,7,5,7,1,1100101,4,5
1001020,0,1001,0,100101,314,330,304,262,282,2,5,7,7,1,6,7,5,7,1,1100101,4,5
1001021,0,1001,0,100101,317,335,309,267,287,2,5,7,7,1,6,7,5,7,1,1100101,4,5
1001022,0,1001,0,100101,317,335,309,267,287,2,5,7,7,1,6,7,5,7,1,1100101,4,5
1001023,0,1001,0,100101,262,277,255,221,237,2,7,7,7,1,6,7,6,7,1,1100102,4,5
1001024,0,1001,0,100101,389,411,379,328,352,2,7,7,7,1,6,7,6,7,1,1100102,4,5
1001025,0,1001,0,100101,377,399,368,318,342,2,7,7,7,1,6,7,6,7,1,1100102,4,5
1001026,0,1001,0,100101,325,344,317,274,294,2,5,7,7,1,6,7,5,7,1,1100101,4,5
1001027,0,1001,0,100101,377,399,368,318,342,2,7,7,7,1,6,7,6,7,1,1100102,4,5
1001028,0,1001,0,100101,316,334,308,267,287,2,7,7,7,1,6,7,6,7,1,1100102,4,5
1001029,0,1001,0,100101,339,356,328,283,305,2,5,7,7,1,6,7,5,7,1,1100101,4,5
1001030,0,1001,0,100101,347,366,337,290,313,2,5,7,7,1,6,7,5,7,1,1100101,4,5
1001031,0,1001,0,100101,357,377,347,298,322,2,5,7,7,1,7,7,5,7,1,1100101,4,5
1001032,0,1001,0,100101,383,404,372,320,345,2,5,7,7,1,7,7,5,7,1,1100101,4,5
1001033,0,1001,0,100101,377,398,367,315,340,2,5,7,7,1,7,7,5,7,1,1100101,4,5
1001034,0,1001,0,100101,332,350,322,277,299,2,5,7,7,1,7,7,5,7,1,1100101,4,5
1001035,0,1001,0,100101,349,368,339,291,315,2,5,7,7,1,7,7,5,7,1,1100101,4,5
1001036,0,1001,0,100101,332,350,322,277,299,2,5,7,7,1,7,7,5,7,1,1100101,4,5
1001037,0,1001,0,100101,332,350,322,277,299,2,5,7,7,1,7,7,5,7,1,1100101,4,5
1001038,0,1001,0,100101,459,484,446,383,414,2,5,7,7,1,7,7,5,7,1,1100101,4,5
1001039,0,1001,0,100101,791,834,769,660,713,2,5,7,7,1,6,7,5,7,1,1100103,4,5
1001040,0,1001,0,100101,332,350,322,277,299,2,5,7,7,1,7,7,5,7,1,1100101,4,5
1001041,0,1001,0,100101,485,511,471,405,437,2,5,7,7,1,7,7,5,7,1,1100101,4,5
1001042,0,1001,0,100101,332,350,322,277,299,2,5,7,7,1,7,7,5,7,1,1100101,4,5
1001043,0,1001,0,100101,332,350,322,277,299,2,5,7,7,1,7,7,5,7,1,1100101,4,5
1001044,0,1001,0,100101,332,350,322,277,299,2,5,7,7,1,7,7,5,7,1,1100101,4,5
1001045,0,1001,0,100101,434,457,422,362,391,2,5,7,7,1,7,7,5,7,1,1100101,4,5
1001046,0,1001,0,100101,383,404,372,320,345,2,5,7,7,1,7,7,5,7,1,1100101,4,5
1001047,0,1001,0,100101,316,334,308,264,285,2,5,7,7,1,7,7,5,7,1,1100101,4,5
1001048,0,1001,0,100101,408,430,397,341,368,2,5,7,7,1,7,7,5,7,1,1100101,4,5
1001049,0,1001,0,100101,383,404,372,320,345,2,5,7,7,1,7,7,5,7,1,1100101,4,5
1001050,0,1001,0,100101,408,430,397,341,368,2,5,7,7,1,7,7,5,7,1,1100101,4,5
1001051,0,1001,0,100101,383,404,372,320,345,2,5,7,7,1,7,7,5,7,1,1100101,4,5
1001052,0,1001,0,100101,408,430,397,341,368,2,5,7,7,1,7,7,5,7,1,1100101,4,5
1001053,0,1001,0,100101,408,430,397,341,368,2,5,7,7,1,7,7,5,7,1,1100101,4,5
1001054,0,1001,0,100101,370,390,360,309,334,2,5,7,7,1,7,7,5,7,1,1100101,4,5
1001100,0,1001,0,101,256,270,249,214,231,2,5,7,7,1,7,7,5,7,1,0,3,5
1001101,0,1001,0,100101,256,270,249,214,231,2,5,7,7,1,6,7,5,7,1,9071,3,5
1001102,0,1001,0,100101,256,270,249,214,231,2,5,7,7,1,6,7,5,7,1,9105,3,5
1001103,0,1001,0,100101,306,306,299,214,281,2,5,7,7,1,6,7,5,7,1,9114,3,5
1001900,0,1001,0,100101,260,274,253,218,235,6,6,7,7,1,7,7,5,7,6,1100101,4,5
1002001,0,1002,0,100201,345,254,323,292,263,4,7,7,3,7,5,3,1,7,1,1100201,4,5
1002002,0,1002,0,100201,349,257,327,296,266,4,7,7,3,7,5,3,1,7,1,1100201,4,5
1002003,0,1002,0,100201,351,258,329,297,267,4,7,7,3,7,5,3,1,7,1,1100201,4,5
1002004,0,1002,0,100201,337,249,317,287,308,4,7,7,3,7,5,3,1,7,1,1100201,4,5
1002005,0,1002,0,100201,471,348,443,400,361,4,7,7,3,7,5,3,1,7,1,1100201,4,5
1002006,0,1002,0,100201,470,349,442,400,361,4,7,7,3,7,5,3,1,7,1,1100201,4,5
1002007,0,1002,0,100201,354,262,332,301,271,4,7,7,3,7,5,3,1,7,1,1100201,4,5
1002008,0,1002,0,100201,354,262,332,301,271,4,7,7,3,7,5,3,1,7,1,1100201,4,5
1002009,0,1002,0,100201,349,257,326,296,266,4,7,7,3,7,5,3,1,7,1,1100201,4,5
1002010,0,1002,0,100201,367,272,344,312,281,4,7,7,3,7,5,3,1,7,1,1100201,4,5
1002011,0,1002,0,100201,409,298,383,345,308,4,7,7,3,7,5,3,1,7,1,1100201,4,5
1002012,0,1002,0,100201,287,209,269,242,216,4,7,7,3,5,7,3,1,7,1,1100201,4,5
1002013,0,1002,0,100201,429,313,402,362,323,4,7,7,3,7,5,3,1,7,1,1100201,4,5
1002014,0,1002,0,100201,456,333,428,385,344,4,7,7,3,7,5,3,1,7,1,1100201,4,5
1002015,0,1002,0,100201,260,190,244,220,196,4,7,7,3,7,5,3,1,7,1,1100201,4,5
1002016,0,1002,0,100201,402,293,377,339,302,4,7,7,3,7,5,3,1,7,1,1100201,4,5
1002017,0,1002,0,100201,402,293,377,339,302,4,7,7,3,7,5,3,1,7,1,1100201,4,5
1002018,0,1002,0,100201,402,293,377,339,302,4,7,7,3,7,5,3,1,7,1,1100201,4,5
1002019,0,1002,0,100201,344,251,323,290,259,4,7,7,3,7,5,3,1,7,1,1100201,4,5
1002020,0,1002,0,100201,431,314,404,363,324,4,7,7,3,7,5,3,1,7,1,1100201,4,5
1002021,0,1002,0,100201,373,272,350,315,281,4,7,7,3,7,5,3,1,7,1,1100201,4,5
1002022,0,1002,0,100201,373,272,350,315,281,4,7,7,3,7,5,3,1,7,1,1100201,4,5
1002023,0,1002,0,100201,356,259,334,300,268,4,7,7,3,5,7,3,1,7,1,1100201,4,5
1002024,0,1002,0,100201,1650,1045,1143,1089,1134,4,7,7,3,7,5,3,1,7,1,1100202,5,5
1002025,0,1002,0,100201,459,334,430,387,346,4,7,7,3,7,5,3,1,7,1,1100201,4,5
1002026,0,1002,0,100201,459,334,430,387,346,4,7,7,3,7,5,3,1,7,1,1100201,4,5
1002027,0,1002,0,100201,356,259,334,300,268,4,7,7,3,7,5,3,1,7,1,1100201,4,5
1002028,0,1002,0,100201,356,259,334,300,268,4,7,7,3,7,5,3,1,7,1,1100201,4,5
1002029,0,1002,0,100201,356,259,334,300,268,4,7,7,3,7,5,3,1,7,1,1100201,4,5
1002030,0,1002,0,100201,316,230,296,266,238,4,7,7,7,7,5,3,1,7,1,1100201,4,5
1002100,0,1002,0,101,273,200,256,231,207,4,7,7,3,7,5,3,1,7,1,0,3,5
1002101,0,1002,0,100201,340,200,256,333,289,4,7,7,3,7,5,3,1,7,1,9070,3,5
1002102,0,1002,0,100201,329,200,256,231,207,4,7,7,3,7,5,3,1,7,1,9110,3,5
1002900,0,1002,0,100201,292,214,274,247,221,5,7,7,5,7,5,3,1,7,5,1100201,4,5
1003001,0,1003,0,100301,312,307,294,274,294,2,3,7,7,1,7,4,2,7,1,1100301,4,5
1003002,0,1003,0,100301,615,603,582,540,582,2,3,7,6,1,7,4,2,7,1,1100301,4,5
1003003,0,1003,0,100301,312,307,294,274,294,2,3,7,7,1,7,4,2,7,1,1100301,4,5
1003004,0,1003,0,100301,312,307,294,274,294,2,3,7,7,1,7,4,2,7,1,1100301,4,5
1003005,0,1003,0,100301,312,307,294,274,294,2,3,7,7,1,7,4,2,7,1,1100301,4,5
1003006,0,1003,0,100301,312,307,294,274,294,2,3,7,7,1,7,4,2,7,1,1100301,4,5
1003007,0,1003,0,100302,379,374,359,332,359,2,3,7,7,1,7,4,2,7,1,1100302,4,5
1003008,0,1003,0,100302,301,296,284,265,284,2,3,7,7,1,7,4,2,7,1,1100302,4,5
1003009,0,1003,0,100302,255,251,241,224,241,2,3,7,7,1,7,4,2,7,1,1100302,4,5
1003010,0,1003,0,100301,362,357,342,319,342,2,3,7,7,1,7,4,2,7,1,1100301,4,5
1003011,0,1003,0,100301,347,343,328,306,328,2,3,7,7,1,7,4,2,7,1,1100301,4,5
1003012,0,1003,0,100302,324,319,306,285,306,2,3,7,7,1,7,4,2,7,1,1100302,4,5
1003013,0,1003,0,100302,317,312,300,278,300,2,3,7,6,1,7,4,2,7,1,1100302,4,5
1003014,0,1003,0,100302,346,340,327,302,327,2,3,7,6,1,7,4,2,7,1,1100302,4,5
1003015,0,1003,0,100302,317,312,300,278,300,2,3,7,7,1,7,4,2,7,1,1100302,4,5
1003016,0,1003,0,100301,346,340,327,302,327,2,3,7,7,1,7,4,2,7,1,1100301,4,5
1003017,0,1003,0,100301,358,353,339,314,339,2,3,7,7,1,7,4,2,7,1,1100301,4,5
1003018,0,1003,0,100301,588,529,522,487,534,2,3,7,6,1,7,4,2,7,1,1100303,4,5
1003019,0,1003,0,100301,588,554,522,487,522,2,3,7,6,1,7,4,2,7,1,1100303,4,5
1003020,0,1003,0,100301,358,353,339,314,339,2,3,7,7,1,7,4,2,7,1,1100301,4,5
1003021,0,1003,0,100301,381,375,361,334,361,2,3,7,6,1,7,4,2,7,1,1100301,4,5
1003022,0,1003,0,100301,384,378,363,336,363,2,3,7,6,1,7,4,2,7,1,1100301,4,5
1003023,0,1003,0,100301,384,378,361,334,361,2,3,7,6,1,7,4,2,7,1,1100301,4,5
1003024,0,1003,0,100301,384,378,361,334,361,2,3,7,6,1,7,4,2,7,1,1100301,4,5
1003025,0,1003,0,100301,435,428,411,381,411,2,3,7,7,1,7,4,2,7,1,1100301,4,5
1003100,0,1003,0,101,263,259,249,231,249,2,3,7,6,1,7,4,2,7,1,0,3,5
1003101,0,1003,0,100301,263,259,249,231,249,2,3,7,7,1,7,4,2,7,1,9040,3,5
1003102,0,1003,0,100301,263,259,249,231,249,2,3,7,7,1,7,4,2,7,1,9085,3,5
1003103,0,1003,0,100301,263,259,249,231,249,2,3,7,7,1,7,4,2,7,1,9122,3,5
1003900,0,1003,0,100301,261,257,247,229,247,5,5,7,6,1,7,4,2,7,5,1100301,4,5
1004001,0,1004,0,100401,318,275,312,266,318,7,7,7,6,7,5,1,1,7,4,1100401,4,5
1004002,0,1004,0,100401,644,437,516,348,673,7,7,7,6,7,5,1,1,7,4,1100402,5,5
1004100,0,1004,0,101,256,221,252,214,256,7,7,6,5,7,5,1,1,7,7,0,3,5
1004101,0,1004,0,100401,256,221,252,224,277,7,7,6,5,7,5,1,1,7,7,9036,3,5
1004102,0,1004,0,100401,256,221,252,224,277,7,7,6,5,7,5,1,1,7,7,9051,3,5
1004103,0,1004,0,100401,256,221,252,224,277,7,7,6,5,7,5,1,1,7,7,9086,3,5
1004900,0,1004,0,100401,265,229,261,222,265,7,7,6,6,7,5,1,1,7,6,1100401,4,5
1005001,0,1005,0,100501,295,201,264,272,231,6,7,6,6,5,6,5,7,7,1,1100502,4,5
1005002,0,1005,0,100501,324,220,289,299,253,6,7,6,6,5,6,5,7,7,1,1100502,4,5
1005003,0,1005,0,100501,341,231,304,314,266,6,7,6,6,5,6,5,7,7,1,1100502,4,5
1005004,0,1005,0,100501,377,257,337,348,295,6,7,6,6,5,6,5,7,7,1,1100502,4,5
1005005,0,1005,0,100501,410,277,365,378,320,6,7,6,3,5,7,5,1,7,2,1100502,4,5
1005006,0,1005,0,100501,371,253,328,339,289,6,7,7,3,5,7,5,1,7,2,1100502,4,5
1005100,0,1005,0,101,269,182,240,248,210,6,7,6,2,5,7,3,1,7,1,0,3,5
1005101,0,1005,0,100501,269,222,240,277,210,6,7,6,2,5,7,3,1,7,1,9045,3,5
1005102,0,1005,0,100501,269,222,240,277,210,7,7,6,2,5,7,3,1,7,1,9069,3,5
1005900,0,1005,0,100501,281,190,250,259,219,7,7,7,3,5,7,5,1,7,2,1100501,4,5
1006001,0,1006,0,100601,307,263,336,304,307,6,7,7,7,2,6,7,4,7,6,1100601,4,5
1006002,0,1006,0,100601,299,256,327,296,299,6,7,7,7,2,6,7,4,7,6,1100601,4,5
1006003,0,1006,0,100601,307,263,336,304,307,6,7,7,7,2,6,7,4,7,6,1100601,4,5
1006004,0,1006,0,100601,302,259,331,299,302,6,7,7,6,2,6,7,4,7,6,1100601,4,5
1006005,0,1006,0,100601,299,256,327,296,299,6,7,7,7,2,6,7,4,7,6,1100601,4,5
1006006,0,1006,0,100601,372,318,407,368,372,6,7,7,7,2,6,7,4,7,6,1100601,4,5
1006007,0,1006,0,100601,300,256,328,297,300,6,7,7,7,2,6,7,4,7,6,1100601,4,5
1006008,0,1006,0,100601,386,329,424,382,386,6,7,7,6,2,7,7,4,7,7,1100601,4,5
1006009,0,1006,0,100601,317,270,348,314,317,6,7,7,6,2,7,7,4,7,7,1100601,4,5
1006010,0,1006,0,100601,305,260,335,302,305,6,7,7,6,2,7,7,4,7,7,1100601,4,5
1006011,0,1006,0,100601,329,281,361,325,329,6,7,7,6,2,7,7,4,7,7,1100601,4,5
1006012,0,1006,0,100601,350,299,384,345,350,6,7,7,6,2,7,7,4,7,7,1100601,4,5
1006013,0,1006,0,100601,317,271,348,313,317,6,7,7,6,2,7,7,4,7,7,1100601,4,5
1006014,0,1006,0,100601,350,299,384,345,350,6,7,7,6,2,7,7,4,7,7,1100601,4,5
1006015,0,1006,0,100601,386,330,423,381,386,6,7,7,6,2,7,7,4,7,7,1100601,4,5
1006016,0,1006,0,100601,317,271,348,313,317,6,7,7,6,2,7,7,4,7,7,1100601,4,5
1006017,0,1006,0,100601,405,344,444,400,405,6,7,7,6,2,7,7,4,7,7,1100601,4,5
1006018,0,1006,0,100601,346,315,379,342,346,6,7,7,7,2,7,7,4,7,7,1100601,4,5
1006019,0,1006,0,100601,346,294,379,342,346,6,7,7,6,2,7,7,4,7,7,1100601,4,5
1006020,0,1006,0,100601,321,273,352,317,321,6,7,7,6,2,7,7,4,7,7,1100601,4,5
1006021,0,1006,0,100601,346,315,379,342,346,6,7,7,7,2,7,7,4,7,7,1100601,4,5
1006022,0,1006,0,100601,351,298,385,346,351,6,7,7,6,2,7,7,4,7,7,1100601,4,5
1006023,0,1006,0,100601,326,277,358,322,326,6,7,7,6,2,7,7,4,7,7,1100601,4,5
1006024,0,1006,0,100601,371,317,407,366,371,6,7,7,7,2,7,7,4,7,7,1100601,4,5
1006025,0,1006,0,100601,319,284,350,315,319,6,7,7,7,2,7,7,4,7,7,1100601,4,5
1006026,0,1006,0,100601,358,305,393,354,358,6,7,7,6,2,7,7,4,7,7,1100601,4,5
1006027,0,1006,0,100601,346,294,379,342,346,6,7,7,6,2,7,7,4,7,7,1100601,4,5
1006028,0,1006,0,100601,383,326,420,378,383,6,7,7,7,2,7,7,4,7,7,1100601,4,5
1006029,0,1006,0,100601,358,305,393,354,358,6,7,7,6,2,7,7,4,7,7,1100601,4,5
1006030,0,1006,0,100601,358,305,393,354,358,6,7,7,6,2,7,7,4,7,7,1100601,4,5
1006031,0,1006,0,100601,383,326,420,378,383,6,7,7,7,2,7,7,4,7,7,1100601,4,5
1006032,0,1006,0,100601,333,284,366,329,333,6,7,7,6,2,7,7,4,7,7,1100601,4,5
1006033,0,1006,0,100601,383,326,420,378,383,6,7,7,6,2,7,7,4,7,7,1100601,4,5
1006034,0,1006,0,100601,333,284,366,329,333,6,7,7,6,2,7,7,4,7,7,1100601,4,5
1006035,0,1006,0,100601,333,284,366,329,333,6,7,7,6,2,7,7,4,7,7,1100601,4,5
1006036,0,1006,0,100601,296,252,325,293,296,6,7,7,7,2,7,7,4,7,7,1100601,4,5
1006037,0,1006,0,100601,346,294,379,342,346,6,7,7,6,2,7,7,4,7,7,1100601,4,5
1006038,0,1006,0,100601,371,378,379,342,346,6,7,7,7,2,7,7,4,7,7,1100601,4,5
1006039,0,1006,0,100601,543,441,596,512,519,6,7,7,6,2,7,6,4,7,7,1100602,4,5
1006040,0,1006,0,100601,331,281,363,327,331,6,7,7,6,2,7,7,4,7,7,1100601,4,5
1006041,0,1006,0,100601,333,284,366,329,333,6,7,7,6,2,7,7,4,7,7,1100601,4,5
1006042,0,1006,0,100601,321,273,352,317,321,6,7,7,7,2,7,7,4,7,7,1100601,4,5
1006043,0,1006,0,100601,326,277,358,322,326,6,7,7,7,2,7,7,4,7,7,1100601,4,5
1006044,0,1006,0,100601,326,277,358,322,326,6,7,7,6,2,7,7,4,7,7,1100601,4,5
1006100,0,1006,0,101,259,221,284,256,259,6,7,7,6,2,7,7,4,7,7,0,3,5
1006101,0,1006,0,100601,259,221,254,256,259,6,7,7,7,2,7,7,4,7,7,9042,3,5
1006102,0,1006,0,100646,259,221,254,256,259,6,7,7,6,2,7,6,4,7,7,9061,3,5
1006103,0,1006,0,100601,259,221,254,256,259,6,7,7,6,2,7,6,4,7,7,9100,3,5
1006104,0,1006,0,100601,259,221,254,256,259,6,7,7,6,2,7,6,4,7,7,9112,3,5
1006900,0,1006,0,100601,274,187,245,253,215,6,7,7,6,2,7,7,4,7,6,1100601,4,5
1007001,0,1007,0,100701,335,313,357,240,245,1,5,7,7,1,6,6,7,7,1,1100701,4,5
1007002,0,1007,0,100701,333,311,355,239,244,1,5,7,7,1,6,6,7,7,1,1100701,4,5
1007003,0,1007,0,100701,363,338,386,260,266,1,5,7,7,1,6,6,7,7,1,1100701,4,5
1007004,0,1007,0,100701,365,340,388,261,267,1,5,7,7,1,6,6,7,7,1,1100701,4,5
1007005,0,1007,0,100701,409,381,436,293,299,1,5,7,7,1,6,6,7,7,1,1100701,4,5
1007006,0,1007,0,100701,362,337,385,259,264,1,5,7,7,1,6,6,7,7,1,1100701,4,5
1007007,0,1007,0,100701,362,337,385,259,264,1,5,7,7,1,6,6,7,7,1,1100701,4,5
1007008,0,1007,0,100701,383,369,407,274,280,1,5,7,7,1,6,6,7,7,1,1100701,4,5
1007009,0,1007,0,100701,407,394,433,291,297,1,5,7,7,1,6,6,7,7,1,1100701,4,5
1007010,0,1007,0,100701,409,381,436,293,299,1,5,7,7,1,6,6,7,7,1,1100701,4,5
1007011,0,1007,0,100701,393,367,419,282,288,1,5,7,7,1,6,6,7,7,1,1100701,4,5
1007012,0,1007,0,100701,304,283,323,217,222,1,5,7,7,1,6,6,7,7,1,1100701,4,5
1007013,0,1007,0,100701,393,367,419,282,288,1,5,7,7,1,6,6,7,7,1,1100701,4,5
1007014,0,1007,0,100701,290,271,309,208,212,1,5,7,7,1,6,6,7,7,1,1100701,4,5
1007015,0,1007,0,100701,370,344,393,265,270,1,5,7,7,1,6,6,7,7,1,1100701,4,5
1007016,0,1007,0,100701,422,394,450,302,309,1,5,7,7,1,6,6,7,7,1,1100701,4,5
1007017,0,1007,0,100701,660,615,703,473,483,1,5,7,7,1,6,6,7,7,1,1100702,4,5
1007018,0,1007,0,100701,327,305,348,234,239,1,5,7,7,1,6,6,7,7,1,1100701,4,5
1007019,0,1007,0,100701,343,320,365,246,251,1,5,7,7,1,6,6,7,7,1,1100701,4,5
1007020,0,1007,0,100701,422,394,450,302,309,1,5,7,7,1,6,6,7,7,1,1100701,4,5
1007021,0,1007,0,100701,370,344,393,265,270,1,5,7,7,1,6,6,7,7,1,1100701,4,5
1007022,0,1007,0,100701,422,394,450,302,309,1,5,7,7,1,6,6,7,7,1,1100701,4,5
1007023,0,1007,0,100701,370,344,393,265,270,1,5,7,7,1,6,6,7,7,1,1100701,4,5
1007024,0,1007,0,100701,343,320,365,246,251,1,5,7,7,1,6,6,7,7,1,1100701,4,5
1007025,0,1007,0,100701,290,271,309,208,212,1,5,7,7,1,6,6,7,7,1,1100701,4,5
1007026,0,1007,0,100701,343,320,365,246,251,1,5,7,7,1,6,6,7,7,1,1100701,4,5
1007027,0,1007,0,100701,343,320,365,246,251,1,5,7,7,1,6,6,7,7,1,1100701,4,5
1007028,0,1007,0,100701,343,320,365,246,251,1,5,7,7,1,6,6,7,7,1,1100701,4,5
1007029,0,1007,0,100701,396,369,422,284,290,1,5,7,7,1,6,6,7,7,1,1100701,4,5
1007100,0,1007,0,101,231,266,246,161,126,1,5,7,7,1,6,6,7,7,1,0,3,5
1007101,0,1007,0,100701,255,311,339,168,166,1,5,7,7,1,6,6,7,7,1,9031,3,5
1007102,0,1007,0,100701,255,311,339,168,166,1,5,7,7,1,6,6,7,7,1,9055,3,5
1007103,0,1007,0,100730,265,329,339,208,264,1,5,7,7,1,6,6,7,7,1,9065,3,5
1007900,0,1007,0,100701,252,215,276,249,252,5,5,7,7,1,6,6,7,7,5,1100701,4,5
1008001,0,1008,0,100801,328,272,358,283,307,2,7,7,2,5,6,7,2,7,1,1100801,4,5
1008002,0,1008,0,100801,321,267,350,277,301,2,7,7,2,5,6,7,2,7,1,1100801,4,5
1008003,0,1008,0,100801,338,281,369,292,317,2,7,7,2,5,6,7,2,7,1,1100801,4,5
1008004,0,1008,0,100801,320,267,349,277,301,2,7,7,2,5,6,7,2,7,1,1100801,4,5
1008005,0,1008,0,100801,316,263,345,272,296,2,7,7,2,5,6,7,2,7,1,1100801,4,5
1008006,0,1008,0,100801,293,241,320,251,274,2,7,7,2,5,6,7,2,7,1,1100801,4,5
1008007,0,1008,0,100801,370,305,406,320,349,2,7,7,2,5,6,7,2,7,1,1100801,4,5
1008008,0,1008,0,100801,357,294,391,307,335,2,7,7,2,5,6,7,2,7,1,1100801,4,5
1008009,0,1008,0,100801,349,288,382,300,327,2,7,7,2,5,6,7,2,7,1,1100801,4,5
1008010,0,1008,0,100801,349,288,382,300,327,2,7,7,2,5,6,7,2,7,1,1100801,4,5
1008011,0,1008,0,100801,370,305,405,318,347,2,7,7,2,5,6,7,2,7,1,1100801,4,5
1008012,0,1008,0,100801,385,317,421,331,361,2,7,7,2,5,6,7,2,7,1,1100801,4,5
1008013,0,1008,0,100801,370,319,405,318,347,2,7,7,2,5,6,7,2,7,1,1100801,4,5
1008014,0,1008,0,100801,668,550,731,572,624,2,7,7,2,5,6,7,2,7,1,1100802,5,5
1008015,0,1008,0,100801,383,315,419,329,359,2,7,7,2,5,6,7,2,7,1,1100801,4,5
1008016,0,1008,0,100801,383,315,419,329,359,2,7,7,2,5,6,7,2,7,1,1100801,4,5
1008017,0,1008,0,100801,339,279,371,291,318,2,7,7,2,5,6,7,2,7,1,1100801,4,5
1008018,0,1008,0,100801,383,315,419,329,359,2,7,7,2,5,6,7,2,7,1,1100801,4,5
1008019,0,1008,0,100801,332,273,363,285,311,2,7,7,2,5,6,7,2,7,1,1100801,4,5
1008020,0,1008,0,100801,383,315,419,329,359,2,7,7,2,5,6,7,2,7,1,1100801,4,5
1008021,0,1008,0,100801,408,336,446,350,382,2,7,7,2,5,6,7,2,7,1,1100801,4,5
1008022,0,1008,0,100801,383,315,419,329,359,2,7,7,2,5,6,7,2,7,1,1100801,4,5
1008023,0,1008,0,100801,867,714,949,745,813,2,7,7,2,5,7,6,2,7,1,1100803,4,5
1008100,0,1008,0,101,228,189,249,196,214,2,7,7,2,5,6,7,2,7,1,0,3,5
1008101,0,1008,0,100801,299,266,249,196,214,2,7,7,2,5,6,7,2,7,1,9026,3,5
1008102,0,1008,0,100801,299,266,249,196,214,2,7,7,2,5,6,7,2,7,1,9103,3,5
1008103,0,1008,0,100801,299,266,249,196,214,2,7,7,2,5,6,7,2,7,1,9111,3,5
1008900,0,1008,0,100801,269,310,286,187,146,5,7,7,5,5,6,7,2,7,5,1100801,4,5
1009001,0,1009,0,100901,329,302,334,321,271,2,7,7,6,6,7,3,1,7,1,1100901,4,5
1009002,0,1009,0,100901,324,296,329,315,266,2,7,7,6,6,7,3,1,7,1,1100901,4,5
1009003,0,1009,0,100901,324,297,330,316,268,2,7,7,6,6,7,3,1,7,1,1100901,4,5
1009004,0,1009,0,100901,324,296,329,315,267,2,7,7,6,6,7,3,1,7,1,1100901,4,5
1009005,0,1009,0,100901,324,292,330,311,266,2,7,7,6,6,7,3,1,7,1,1100901,4,5
1009006,0,1009,0,100901,318,285,323,304,260,2,7,7,6,6,7,3,1,7,1,1100901,4,5
1009007,0,1009,0,100901,326,290,331,310,264,2,7,7,6,6,7,3,1,7,1,1100901,4,5
1009008,0,1009,0,100901,330,293,335,314,268,2,7,7,6,7,7,3,1,7,1,1100901,4,5
1009009,0,1009,0,100901,332,295,337,316,269,2,7,7,7,7,7,3,1,7,1,1100901,4,5
1009010,0,1009,0,100901,394,350,400,371,317,2,7,7,6,7,7,3,1,7,1,1100901,4,5
1009011,0,1009,0,100901,391,347,397,371,317,2,7,7,6,7,7,3,1,7,1,1100901,4,5
1009012,0,1009,0,100901,368,327,373,349,298,2,7,7,6,7,7,3,1,7,1,1100901,4,5
1009013,0,1009,0,100901,360,327,366,342,292,2,7,7,7,7,7,3,1,7,1,1100901,4,5
1009014,0,1009,0,100901,370,327,376,349,298,2,7,7,6,7,7,3,1,7,1,1100901,4,5
1009015,0,1009,0,100901,386,347,392,367,313,2,7,7,7,7,7,3,1,7,1,1100901,4,5
1009016,0,1009,0,100901,363,322,368,344,294,2,7,7,6,7,7,3,1,7,1,1100901,4,5
1009017,0,1009,0,100901,386,343,392,367,313,2,7,7,6,7,7,3,1,7,1,1100901,4,5
1009018,0,1009,0,100901,389,345,395,369,315,2,7,7,6,7,7,3,1,7,1,1100901,4,5
1009019,0,1009,0,100901,414,368,421,394,336,2,7,7,6,7,7,3,1,7,1,1100901,4,5
1009100,0,1009,0,101,231,207,235,221,189,2,7,7,6,7,7,3,1,7,1,0,3,5
1009101,0,1009,0,100901,231,244,255,270,212,2,7,7,6,7,7,3,1,7,1,9081,3,5
1009102,0,1009,0,100901,231,244,255,270,212,2,7,7,6,7,6,3,1,7,1,9102,3,5
1009900,0,1009,0,100901,260,215,284,224,244,5,7,7,6,7,7,3,1,7,5,1100901,4,5
1010001,0,1010,0,101001,357,195,372,273,301,7,7,3,1,5,7,3,1,7,7,1101001,4,5
1010002,0,1010,0,101001,409,225,426,314,345,7,7,3,1,5,7,3,1,7,7,1101001,4,5
1010003,0,1010,0,101001,363,199,378,278,306,7,7,3,1,5,7,3,1,7,7,1101001,4,5
1010004,0,1010,0,101001,365,200,380,279,308,7,7,3,1,5,7,3,1,7,7,1101001,4,5
1010005,0,1010,0,101001,438,231,456,323,357,7,7,3,1,5,7,3,1,7,7,1101001,4,5
1010006,0,1010,0,101001,438,239,456,335,369,7,7,3,1,5,7,3,1,7,7,1101001,4,5
1010007,0,1010,0,101001,438,239,471,335,369,7,7,3,1,5,7,3,1,7,7,1101001,4,5
1010008,0,1010,0,101001,388,211,404,297,327,7,7,3,1,5,7,3,1,7,7,1101001,4,5
1010009,0,1010,0,101001,391,215,404,297,327,7,7,3,1,5,7,3,1,7,7,1101001,4,5
1010010,0,1010,0,101001,409,223,426,312,344,7,7,3,1,5,7,3,1,7,7,1101001,4,5
1010011,0,1010,0,101001,423,231,441,323,357,7,7,3,1,5,7,3,1,7,7,1101001,4,5
1010012,0,1010,0,101001,437,238,455,334,368,7,7,3,1,5,7,3,1,7,7,1101001,4,5
1010100,0,1010,0,101,273,151,284,210,231,7,7,3,1,5,7,3,1,7,7,0,3,5
1010101,0,1010,0,101001,273,201,284,241,231,7,7,3,1,5,7,3,1,7,7,1101001,3,5
1010900,0,1010,0,101001,264,235,268,251,215,7,7,6,5,5,7,3,1,7,6,1101001,4,5
1011001,0,1011,0,101101,300,277,291,309,317,1,7,7,7,2,6,7,2,7,1,1101101,4,5
1011002,0,1011,0,101101,305,282,296,314,322,1,7,7,7,2,6,7,2,7,1,1101101,4,5
1011003,0,1011,0,101101,302,278,292,310,318,1,7,7,6,2,6,7,2,7,1,1101101,4,5
1011004,0,1011,0,101101,300,277,291,308,317,1,7,7,6,2,6,7,2,7,1,1101101,4,5
1011005,0,1011,0,101101,304,281,294,312,321,1,7,7,6,2,6,7,2,7,1,1101101,4,5
1011006,0,1011,0,101101,300,277,291,309,317,1,7,7,7,2,6,7,2,7,1,1101101,4,5
1011007,0,1011,0,101101,305,282,296,314,322,1,7,7,7,2,6,7,2,7,1,1101101,4,5
1011008,0,1011,0,101101,305,282,296,314,322,1,7,7,7,2,6,7,2,7,1,1101101,4,5
1011009,0,1011,0,101101,305,282,296,314,322,1,7,7,7,2,6,7,2,7,1,1101101,4,5
1011010,0,1011,0,101101,331,306,322,341,350,1,7,7,7,2,6,7,2,7,1,1101101,4,5
1011011,0,1011,0,101101,341,316,331,351,360,1,7,7,7,2,6,7,2,7,1,1101101,4,5
1011012,0,1011,0,101101,307,283,298,316,324,1,7,7,7,2,6,7,2,7,1,1101101,4,5
1011013,0,1011,0,101101,305,282,296,314,322,1,7,7,7,2,6,7,2,7,1,1101101,4,5
1011014,0,1011,0,101101,305,282,296,314,322,1,7,7,7,2,6,7,2,7,1,1101101,4,5
1011015,0,1011,0,101101,282,261,274,290,298,1,5,7,5,2,7,6,2,7,1,1101102,4,5
1011016,0,1011,0,101101,330,305,320,339,349,1,7,7,7,2,6,7,2,7,1,1101101,4,5
1011017,0,1011,0,101101,365,332,353,371,381,1,7,7,7,2,6,7,2,7,1,1101101,4,5
1011018,0,1011,0,101101,365,335,353,371,381,1,7,7,7,2,6,7,2,7,1,1101101,4,5
1011019,0,1011,0,101101,322,297,311,331,340,1,7,7,7,2,6,7,2,7,1,1101101,4,5
1011020,0,1011,0,101101,363,335,351,374,384,1,7,7,7,2,6,7,2,7,1,1101101,4,5
1011021,0,1011,0,101101,319,294,307,326,335,1,7,7,7,2,6,7,2,7,1,1101101,4,5
1011022,0,1011,0,101101,315,290,304,324,333,1,7,7,7,2,7,7,2,7,1,1101101,4,5
1011023,0,1011,0,101101,363,335,351,374,384,1,7,7,7,2,7,7,2,7,1,1101101,4,5
1011024,0,1011,0,101101,363,335,351,374,384,1,7,7,7,2,7,7,2,7,1,1101101,4,5
1011025,0,1011,0,101101,315,290,304,324,333,1,7,7,7,2,7,7,2,7,1,1101101,4,5
1011026,0,1011,0,101101,387,357,374,398,410,1,7,7,7,2,7,7,2,7,1,1101101,4,5
1011027,0,1011,0,101101,411,379,398,423,435,1,7,7,7,2,7,7,2,7,1,1101101,4,5
1011028,0,1011,0,101101,411,379,398,423,435,1,7,7,7,2,7,7,2,7,1,1101101,4,5
1011029,0,1011,0,101101,300,277,290,309,317,1,7,7,7,2,7,7,2,7,1,1101101,4,5
1011030,0,1011,0,101101,387,357,374,398,410,1,7,7,7,2,7,7,2,7,1,1101101,4,5
1011100,0,1011,0,101,235,217,228,242,249,1,7,7,7,2,7,7,2,7,1,0,3,5
1011101,0,1011,0,101101,252,217,255,242,249,1,7,7,7,2,7,6,2,7,1,9041,3,5
1011102,0,1011,0,101116,252,217,255,242,249,1,7,7,7,2,6,7,2,7,1,9064,3,5
1011103,0,1011,0,101101,252,217,255,242,249,1,7,7,7,2,6,7,2,7,1,9104,3,5
1011900,0,1011,0,101101,297,164,309,228,251,5,7,7,6,2,7,7,2,7,5,1101101,4,5
1012001,0,1012,0,101201,327,294,352,220,288,6,6,7,6,1,6,5,7,7,1,1101201,4,5
1012002,0,1012,0,101201,332,300,358,226,294,6,6,7,7,1,6,5,7,7,1,1101201,4,5
1012003,0,1012,0,101201,327,294,352,220,288,6,6,7,7,1,6,5,7,7,1,1101201,4,5
1012004,0,1012,0,101201,308,278,332,210,273,6,6,7,7,1,6,5,7,7,1,1101201,4,5
1012005,0,1012,0,101201,327,294,352,220,288,6,6,7,7,1,6,5,7,7,1,1101201,4,5
1012006,0,1012,0,101201,310,279,333,209,273,6,6,7,7,1,6,5,7,7,1,1101201,4,5
1012007,0,1012,0,101201,327,294,352,220,288,6,6,7,7,1,6,5,7,7,1,1101201,4,5
1012008,0,1012,0,101201,352,318,382,234,311,6,6,7,5,1,6,5,7,7,1,1101201,4,5
1012009,0,1012,0,101201,331,311,359,229,293,6,6,7,7,1,6,5,7,7,1,1101201,4,5
1012010,0,1012,0,101201,355,320,385,236,314,6,6,7,7,1,6,5,7,7,1,1101201,4,5
1012011,0,1012,0,101201,382,339,413,250,335,6,6,7,5,1,7,5,7,7,1,1101201,4,5
1012012,0,1012,0,101201,398,359,431,264,351,6,7,7,5,1,7,5,7,7,1,1101201,4,5
1012013,0,1012,0,101201,400,361,433,266,353,6,6,7,5,1,7,5,7,7,1,1101201,4,5
1012014,0,1012,0,101201,400,361,433,266,353,6,6,7,5,1,7,5,7,7,1,1101201,4,5
1012015,0,1012,0,101201,358,323,387,238,316,6,6,7,5,1,7,5,7,7,1,1101201,4,5
1012016,0,1012,0,101201,379,339,410,250,332,6,6,7,5,1,7,5,7,7,1,1101201,4,5
1012017,0,1012,0,101201,329,296,356,218,290,6,6,7,5,1,7,5,7,7,1,1101201,4,5
1012018,0,1012,0,101201,376,339,408,250,332,6,6,7,5,1,7,5,7,7,1,1101201,4,5
1012019,0,1012,0,101201,371,335,402,246,328,6,6,7,7,1,7,5,7,7,1,1101201,4,5
1012020,0,1012,0,101201,358,323,387,238,316,6,6,7,7,1,7,5,7,7,1,1101201,4,5
1012021,0,1012,0,101201,398,359,431,264,351,6,6,7,5,1,7,5,7,7,1,1101201,4,5
1012022,0,1012,0,101201,398,359,431,264,351,6,7,7,5,1,7,5,7,7,1,1101201,4,5
1012023,0,1012,0,101201,398,359,431,264,351,6,6,7,5,1,7,5,7,7,1,1101201,4,5
1012024,0,1012,0,101201,379,342,410,252,335,6,6,7,7,1,7,5,7,7,1,1101201,4,5
1012025,0,1012,0,101201,352,318,382,234,311,6,7,7,5,1,7,5,7,7,1,1101201,4,5
1012026,0,1012,0,101201,379,342,410,252,335,6,6,7,5,1,7,5,7,7,1,1101201,4,5
1012027,0,1012,0,101201,352,318,382,234,311,6,6,7,5,1,7,5,7,7,1,1101201,4,5
1012028,0,1012,0,101201,392,354,425,260,346,6,6,7,5,1,7,5,7,7,1,1101201,4,5
1012029,0,1012,0,101201,352,318,382,234,311,6,6,7,5,1,7,5,7,7,1,1101201,4,5
1012030,0,1012,0,101201,265,239,287,176,234,6,6,7,7,1,7,5,7,7,1,1101201,4,5
1012100,0,1012,0,101,214,193,231,144,189,6,6,7,5,1,7,5,7,7,7,0,3,5
1012101,0,1012,0,101201,262,230,299,144,294,6,6,7,5,1,7,5,7,7,7,1101201,3,5
1012900,0,1012,0,101201,247,228,239,254,261,6,6,7,5,1,7,5,7,7,6,1101201,4,5
1013001,0,1013,0,101301,316,341,262,252,324,1,2,7,7,6,7,4,2,7,3,1101301,4,5
1013002,0,1013,0,101301,315,341,261,253,324,1,2,7,7,6,7,4,2,7,3,1101301,4,5
1013003,0,1013,0,101301,342,368,284,274,350,1,2,7,7,6,7,4,2,7,3,1101301,4,5
1013004,0,1013,0,101301,342,368,283,274,351,1,2,7,7,6,7,4,2,7,3,1101301,4,5
1013005,0,1013,0,101301,337,364,281,270,346,1,2,7,7,6,7,4,2,7,3,1101301,4,5
1013006,0,1013,0,101301,317,342,262,253,324,1,2,7,7,6,7,4,2,7,3,1101301,4,5
1013007,0,1013,0,101301,315,341,261,253,324,1,2,7,7,6,7,4,2,7,3,1101301,4,5
1013008,0,1013,0,101301,342,368,283,274,351,1,2,7,7,6,7,4,2,7,3,1101301,4,5
1013009,0,1013,0,101301,319,344,265,256,326,1,2,7,7,6,7,4,2,7,3,1101301,4,5
1013010,0,1013,0,101301,315,341,261,253,324,1,2,7,7,6,7,4,2,7,3,1101301,4,5
1013011,0,1013,0,101301,342,368,283,274,351,1,2,7,7,6,7,4,2,7,3,1101301,4,5
1013012,0,1013,0,101301,315,341,261,253,324,1,2,7,7,6,7,4,2,7,3,1101301,4,5
1013013,0,1013,0,101301,381,412,318,305,391,1,2,7,7,6,7,4,2,7,3,1101301,4,5
1013015,0,1013,0,101301,349,378,289,280,359,1,6,7,7,2,2,6,7,7,3,1101302,4,5
1013016,0,1013,0,101302,296,320,246,236,303,1,2,7,7,6,7,4,2,7,3,1101303,4,5
1013017,0,1013,0,101302,376,406,312,300,385,1,2,7,7,6,7,4,2,7,3,1101303,4,5
1013018,0,1013,0,101302,385,415,319,307,394,1,2,7,7,6,7,4,2,7,3,1101303,4,5
1013019,0,1013,0,101301,345,372,286,275,353,1,2,7,7,6,7,4,2,7,3,1101301,4,5
1013020,0,1013,0,101302,330,355,273,263,337,1,2,7,7,6,7,4,2,7,3,1101303,4,5
1013021,0,1013,0,101301,386,417,317,307,396,1,2,7,7,6,7,4,2,7,3,1101301,4,5
1013022,0,1013,0,101301,389,420,320,309,399,1,2,7,7,6,7,4,2,7,3,1101301,4,5
1013023,0,1013,0,101301,389,420,320,309,399,1,2,7,7,6,7,4,2,7,3,1101301,4,5
1013024,0,1013,0,101301,337,364,277,268,346,1,2,7,7,6,7,4,2,7,3,1101301,4,5
1013025,0,1013,0,101301,363,392,298,288,372,1,2,7,7,6,7,4,2,7,3,1101301,4,5
1013026,0,1013,0,101301,337,364,277,268,346,1,2,7,7,6,7,4,2,7,3,1101301,4,5
1013027,0,1013,0,101301,334,361,275,266,343,1,2,7,7,6,7,4,2,7,3,1101301,4,5
1013028,0,1013,0,101301,401,434,330,319,412,1,2,7,7,6,7,4,2,7,3,1101301,4,5
1013029,0,1013,0,101301,401,434,330,319,412,1,2,7,7,6,7,4,2,7,3,1101301,4,5
1013030,0,1013,0,101301,316,342,260,251,325,1,2,7,7,6,7,4,2,7,3,1101301,4,5
1013031,0,1013,0,101302,389,420,320,309,399,1,2,7,7,6,7,4,2,7,3,1101303,4,5
1013032,0,1013,0,101302,337,364,277,268,346,1,2,7,7,6,7,4,2,7,3,1101303,4,5
1013033,0,1013,0,101302,337,364,277,268,346,1,2,7,7,6,7,4,2,7,3,1101303,4,5
1013034,0,1013,0,101301,337,364,277,268,346,1,2,7,7,6,7,4,2,7,3,1101301,4,5
1013035,0,1013,0,101301,337,364,277,268,346,1,2,7,7,6,7,4,2,7,3,1101301,4,5
1013036,0,1013,0,101301,311,336,256,247,319,1,2,7,7,6,7,4,2,7,3,1101301,4,5
1013037,0,1013,0,101301,308,333,253,245,317,1,2,7,7,6,7,4,2,7,3,1101301,4,5
1013038,0,1013,0,101301,303,328,249,241,311,1,2,7,7,6,7,4,2,7,3,1101301,4,5
1013039,0,1013,0,101301,337,364,277,268,346,1,2,7,7,6,7,4,2,7,3,1101301,4,5
1013040,0,1013,0,101301,334,378,275,258,343,1,2,7,7,6,7,4,2,7,3,1101301,4,5
1013041,0,1013,0,101301,350,378,288,278,359,1,2,7,7,6,7,4,2,7,3,1101301,4,5
1013042,0,1013,0,101301,334,361,275,266,343,1,2,7,7,6,7,4,2,7,3,1101301,4,5
1013043,0,1013,0,101301,350,378,288,278,359,1,2,7,7,6,7,4,2,7,3,1101301,4,5
1013044,0,1013,0,101301,337,364,277,268,346,1,2,7,7,6,7,4,2,7,3,1101301,4,5
1013045,0,1013,0,101301,337,364,277,268,346,1,2,7,7,6,7,4,2,7,3,1101301,4,5
1013046,0,1013,0,101301,311,336,256,247,319,1,2,7,7,6,7,4,2,7,3,1101301,4,5
1013047,0,1013,0,101301,308,333,253,245,317,1,2,7,7,6,7,4,2,7,3,1101301,4,5
1013048,0,1013,0,101301,332,358,273,264,340,1,2,7,7,6,7,4,2,7,3,1101301,4,5
1013049,0,1013,0,101301,427,462,351,340,439,1,2,7,7,6,7,4,2,7,3,1101301,4,5
1013050,0,1013,0,101301,435,470,351,340,439,1,2,7,7,6,7,4,2,7,3,1101301,4,5
1013051,0,1013,0,101301,438,473,360,348,450,1,2,7,7,6,7,4,2,7,3,1101301,4,5
1013052,0,1013,0,101301,363,392,298,288,372,1,2,7,7,6,7,4,2,7,3,1101301,4,5
1013053,0,1013,0,101301,389,420,320,309,399,1,2,7,7,6,7,4,2,7,7,1101301,4,5
1013054,0,1013,0,101301,337,364,277,268,346,1,2,7,7,6,7,4,2,7,7,1101301,4,5
1013100,0,1013,0,101,259,280,214,207,266,1,2,7,7,6,7,4,2,7,7,0,3,5
1013101,0,1013,0,101301,259,280,214,207,266,1,2,7,7,6,7,4,2,7,7,9039,3,5
1013102,0,1013,0,101301,333,334,224,217,295,1,2,7,7,6,7,4,2,7,7,9056,3,5
1013103,0,1013,0,101330,259,280,214,207,266,1,2,7,7,6,7,4,2,7,7,9066,3,5
1013104,0,1013,0,101301,259,280,214,207,266,1,2,7,7,6,7,4,2,7,7,9097,3,5
1013900,0,1013,0,101301,270,244,292,181,239,6,6,7,7,6,7,4,2,7,6,1101301,4,5
1014001,0,1014,0,101401,309,292,292,313,301,5,7,7,6,3,7,6,5,7,6,1101401,4,5
1014002,0,1014,0,101401,308,291,291,312,299,5,7,7,6,3,7,6,5,7,6,1101401,4,5
1014003,0,1014,0,101401,312,295,295,316,303,5,7,7,6,3,7,6,5,7,6,1101401,4,5
1014004,0,1014,0,101401,304,287,287,309,296,5,7,7,6,3,7,6,5,7,6,1101401,4,5
1014005,0,1014,0,101401,304,287,287,309,296,5,7,7,6,3,7,6,5,7,6,1101401,4,5
1014006,0,1014,0,101401,307,290,290,311,300,5,7,7,6,3,7,6,5,7,6,1101401,4,5
1014007,0,1014,0,101401,307,290,290,311,300,5,7,7,6,3,7,6,5,7,6,1101401,4,5
1014008,0,1014,0,101401,333,314,314,337,323,5,7,7,7,3,7,6,5,7,6,1101401,4,5
1014009,0,1014,0,101401,343,322,322,348,332,6,7,7,6,3,7,6,5,7,7,1101401,4,5
1014010,0,1014,0,101401,328,308,308,333,317,6,7,7,6,3,7,7,5,7,7,1101401,4,5
1014011,0,1014,0,101401,328,308,308,333,317,6,7,7,6,3,7,7,5,7,7,1101401,4,5
1014012,0,1014,0,101401,378,356,356,384,366,6,7,7,6,3,7,7,5,7,7,1101401,4,5
1014013,0,1014,0,101401,277,261,261,282,268,6,7,7,6,3,7,7,5,7,7,1101401,4,5
1014014,0,1014,0,101401,378,356,356,384,366,6,7,7,6,3,7,7,5,7,7,1101401,4,5
1014015,0,1014,0,101401,403,379,379,410,390,6,7,7,7,3,7,7,5,7,7,1101401,4,5
1014016,0,1014,0,101401,403,379,379,410,390,6,7,7,6,3,7,7,5,7,7,1101401,4,5
1014017,0,1014,0,101401,373,351,351,379,361,6,7,7,7,3,7,7,5,7,7,1101401,4,5
1014100,0,1014,0,101,245,231,231,249,238,6,7,7,6,3,7,7,5,7,7,0,3,5
1014101,0,1014,0,101401,245,231,242,249,238,6,7,7,6,7,6,6,5,7,7,9028,3,5
1014102,0,1014,0,101416,245,231,242,249,238,6,7,7,6,3,6,7,5,7,7,9063,3,5
1014900,0,1014,0,101401,264,285,218,211,271,6,7,7,6,3,7,7,5,7,6,1101401,4,5
1015001,0,1015,0,101501,309,331,286,298,277,1,3,7,7,5,7,6,1,7,3,1101501,4,5
1015002,0,1015,0,101501,418,448,388,404,376,1,3,7,7,5,7,6,1,7,3,1101501,4,5
1015003,0,1015,0,101501,375,401,347,362,337,1,3,7,7,5,7,6,1,7,3,1101501,4,5
1015004,0,1015,0,101501,367,394,340,354,329,1,3,7,7,5,7,6,1,7,3,1101501,4,5
1015005,0,1015,0,101501,309,331,286,298,277,1,3,7,7,5,7,6,1,7,3,1101501,4,5
1015006,0,1015,0,101501,322,344,298,310,288,1,3,7,7,5,7,6,1,7,3,1101501,4,5
1015007,0,1015,0,101501,323,346,299,311,289,1,3,7,7,5,7,6,1,7,3,1101501,4,5
1015008,0,1015,0,101501,313,335,290,302,281,1,3,7,7,5,7,6,1,7,3,1101501,5,5
1015009,0,1015,0,101501,313,335,290,302,281,1,3,7,7,5,7,6,1,7,3,1101501,5,5
1015010,0,1015,0,101501,313,335,290,302,281,1,3,7,7,5,7,6,1,7,3,1101501,5,5
1015011,0,1015,0,101501,306,305,283,288,299,1,3,7,7,5,7,6,1,7,3,1101501,5,5
1015012,0,1015,0,101501,376,403,349,364,339,1,3,7,7,5,7,6,1,7,3,1101501,4,5
1015013,0,1015,0,101501,338,362,314,327,304,1,3,7,7,5,7,6,1,7,3,1101501,4,5
1015014,0,1015,0,101501,344,369,319,332,310,1,3,7,7,5,7,6,1,7,3,1101501,4,5
1015015,0,1015,0,101501,355,380,330,343,320,1,3,7,7,5,7,6,1,7,3,1101501,4,5
1015016,0,1015,0,101501,347,372,322,336,312,1,3,7,7,5,7,6,1,7,3,1101501,4,5
1015017,0,1015,0,101501,341,366,317,330,307,1,3,7,7,5,7,6,1,7,3,1101501,4,5
1015018,0,1015,0,101501,310,332,287,299,279,1,3,7,7,5,7,6,1,7,3,1101501,4,5
1015019,0,1015,0,101501,353,377,327,340,318,1,3,7,7,5,7,6,1,7,3,1101501,4,5
1015020,0,1015,0,101501,538,536,498,507,526,1,3,7,7,5,7,6,1,7,3,1101502,4,5
1015021,0,1015,0,101501,381,380,353,359,372,1,3,7,7,5,7,6,1,7,3,1101501,4,5
1015022,0,1015,0,101501,318,316,294,299,310,1,3,7,7,5,7,6,1,7,3,1101501,4,5
1015023,0,1015,0,101501,381,380,353,359,372,1,3,7,7,5,7,6,1,7,3,1101501,4,5
1015024,0,1015,0,101501,343,342,315,320,332,1,3,7,7,5,7,6,1,7,3,1101501,4,5
1015025,0,1015,0,101501,343,342,315,320,332,1,3,7,7,5,7,6,1,7,3,1101501,4,5
1015026,0,1015,0,101501,343,342,315,320,332,1,3,7,7,5,7,6,1,7,3,1101501,4,5
1015027,0,1015,0,101501,318,316,294,296,308,1,3,7,7,5,7,6,1,7,3,1101501,4,5
1015028,0,1015,0,101501,333,331,308,313,325,1,7,7,7,5,7,7,1,7,7,1101501,4,5
1015029,0,1015,0,101501,467,463,430,437,454,1,3,7,7,5,7,6,1,7,3,1101501,4,5
1015030,0,1015,0,101501,368,367,341,347,360,1,3,7,7,5,7,6,1,7,3,1101501,4,5
1015031,0,1015,0,101501,351,349,324,330,342,1,3,7,7,5,7,6,1,7,3,1101501,4,5
1015032,0,1015,0,101501,333,331,308,313,325,1,3,7,7,5,7,7,1,7,7,1101501,4,5
1015033,0,1015,0,101501,455,453,421,428,444,1,3,7,7,5,7,7,1,7,7,1101501,4,5
1015034,0,1015,0,101501,455,458,418,428,441,1,3,7,7,5,7,7,1,7,7,1101501,4,5
1015035,0,1015,0,101501,419,430,388,394,409,1,3,7,7,5,7,6,1,7,3,1101501,4,5
1015036,0,1015,0,101501,422,417,390,394,409,1,3,7,7,5,7,6,1,7,3,1101501,4,5
1015037,0,1015,0,101501,455,453,421,428,444,1,3,7,7,5,7,7,1,7,7,1101501,4,5
1015038,0,1015,0,101501,422,417,390,394,409,1,3,7,7,5,7,6,1,7,3,1101501,4,5
1015039,0,1015,0,101501,422,420,390,397,412,1,3,7,7,5,7,6,1,7,3,1101501,4,5
1015040,0,1015,0,101501,372,372,345,351,365,1,3,7,7,5,7,6,1,7,3,1101501,4,5
1015041,0,1015,0,101501,373,372,345,351,365,1,3,7,7,5,7,7,1,7,7,1101501,4,5
1015042,0,1015,0,101501,373,372,345,351,365,1,3,7,7,5,7,7,1,7,7,1101501,4,5
1015043,0,1015,0,101501,376,374,348,354,367,1,3,7,7,5,7,7,1,7,7,1101501,4,5
1015044,0,1015,0,101501,378,377,350,356,370,1,3,7,7,5,7,7,1,7,7,1101501,4,5
1015045,0,1015,0,101501,356,354,329,335,347,1,3,7,7,5,7,7,1,7,7,1101501,4,5
1015046,0,1015,0,101501,356,354,329,335,347,1,3,7,7,5,7,7,1,7,7,1101501,4,5
1015047,0,1015,0,101501,356,354,329,335,347,1,3,7,7,5,7,7,1,7,7,1101501,4,5
1015048,0,1015,0,101501,318,316,294,299,310,1,3,7,7,5,7,7,1,7,7,1101501,4,5
1015049,0,1015,0,101501,315,314,291,296,308,1,3,7,7,5,7,7,1,7,7,1101501,4,5
1015050,0,1015,0,101501,356,354,329,335,347,1,3,7,7,5,7,7,1,7,7,1101501,4,5
1015051,0,1015,0,101501,330,329,306,311,322,1,3,7,7,5,7,7,1,7,7,1101501,4,5
1015052,0,1015,0,101501,330,329,306,311,322,1,3,7,7,5,7,7,1,7,7,1101501,4,5
1015053,0,1015,0,101501,432,430,400,406,422,1,3,7,7,5,7,7,1,7,7,1101501,4,5
1015054,0,1015,0,101501,330,329,306,311,322,1,3,7,7,5,7,7,1,7,7,1101501,4,5
1015055,0,1015,0,101501,432,430,400,406,422,1,3,7,7,5,7,7,1,7,7,1101501,4,5
1015056,0,1015,0,101501,432,430,400,406,422,1,3,7,7,5,7,7,1,7,7,1101501,4,5
1015057,0,1015,0,101501,394,392,364,370,384,1,3,7,7,5,7,7,1,7,7,1101501,4,5
1015058,0,1015,0,101501,406,405,376,382,397,1,3,7,7,5,7,7,1,7,7,1101501,4,5
1015100,0,1015,0,101,259,277,238,249,231,1,3,7,7,5,7,7,1,7,7,0,3,5
1015101,0,1015,0,101501,259,277,238,249,231,1,3,7,7,5,7,7,1,7,7,1101501,3,5
1015900,0,1015,0,101501,257,242,242,261,249,6,6,7,7,5,7,7,1,7,6,1101501,4,5
1016001,0,1016,0,101601,318,329,318,264,280,6,6,7,7,4,7,6,2,7,1,1101601,4,5
1016002,0,1016,0,101601,431,440,424,352,375,6,6,7,7,4,7,6,2,7,1,1101601,4,5
1016003,0,1016,0,101601,345,352,339,283,299,6,6,7,7,4,7,6,2,7,1,1101601,4,5
1016004,0,1016,0,101601,314,325,314,259,276,6,6,7,7,4,7,6,2,7,1,1101601,4,5
1016005,0,1016,0,101601,314,325,314,259,276,6,6,7,7,4,7,6,2,7,1,1101601,4,5
1016006,0,1016,0,101601,346,358,346,287,304,6,6,7,7,4,7,6,2,7,1,1101601,4,5
1016007,0,1016,0,101601,256,265,256,211,225,6,6,7,7,4,7,6,2,7,1,1101601,2,2
1016008,0,1016,0,101601,304,315,304,251,267,6,6,7,7,4,7,6,2,7,1,1101601,4,5
1016009,0,1016,0,101601,314,325,314,259,276,6,6,7,7,4,7,6,2,7,1,1101601,4,5
1016010,0,1016,0,101601,300,310,300,247,264,6,6,7,7,4,7,6,2,7,1,1101601,4,5
1016011,0,1016,0,101601,300,310,300,247,264,6,6,7,7,4,7,6,2,7,1,1101601,4,5
1016012,0,1016,0,101601,361,375,361,316,296,6,6,7,7,4,7,7,2,7,1,1101601,4,5
1016013,0,1016,0,101601,377,378,377,318,298,6,6,7,7,4,7,7,2,7,1,1101601,4,5
1016014,0,1016,0,101601,374,373,374,316,296,6,6,7,7,4,7,7,2,7,1,1101601,4,5
1016015,0,1016,0,101601,374,373,374,316,296,6,6,7,7,4,7,7,2,7,1,1101601,4,5
1016016,0,1016,0,101601,648,671,648,572,540,6,6,8,8,4,6,7,2,7,1,1101602,5,5
1016017,0,1016,0,101601,653,676,653,577,544,6,6,8,8,4,6,7,2,7,1,1101602,5,5
1016018,0,1016,0,101601,836,682,816,579,546,6,6,8,8,4,7,6,2,7,1,1101603,5,5
1016019,0,1016,0,101601,468,486,468,409,383,6,6,7,7,4,7,7,2,7,1,1101601,4,5
1016020,0,1016,0,101601,546,594,546,477,447,6,6,7,7,4,6,7,2,7,1,1101601,5,5
1016021,0,1016,0,101601,247,257,247,216,202,6,6,7,7,4,7,7,2,7,1,1101601,1,2
1016022,0,1016,0,101601,257,267,257,225,211,6,6,7,7,4,7,7,2,7,1,1101601,1,2
1016023,0,1016,0,101601,359,375,359,316,294,6,6,7,7,4,7,7,2,7,1,1101601,4,5
1016024,0,1016,0,101601,364,378,364,318,298,6,6,7,7,4,7,7,2,7,1,1101601,4,5
1016025,0,1016,0,101601,351,392,351,318,288,6,6,7,7,4,7,7,2,7,1,1101601,4,5
1016026,0,1016,0,101601,356,370,356,311,292,6,6,7,7,4,7,7,2,7,1,1101601,4,5
1016027,0,1016,0,101601,387,402,387,338,317,6,6,7,7,4,7,7,2,7,1,1101601,4,5
1016028,0,1016,0,101601,390,405,390,341,320,6,6,7,7,4,7,7,2,7,1,1101601,4,5
1016029,0,1016,0,101601,390,405,390,341,320,6,6,7,7,4,7,7,2,7,1,1101601,4,5
1016030,0,1016,0,101601,393,408,393,343,322,6,6,7,7,4,7,7,2,7,1,1101601,4,5
1016031,0,1016,0,101601,325,338,325,284,266,7,6,7,7,4,7,7,2,7,1,1101601,4,5
1016032,0,1016,0,101601,341,354,341,297,279,6,6,7,7,4,7,7,2,7,1,1101601,4,5
1016100,0,1016,0,101,263,273,263,217,231,6,6,7,7,4,7,7,2,7,1,0,3,5
1016101,0,1016,0,101601,263,273,263,217,231,6,6,7,7,4,7,6,2,7,1,9038,3,5
1016900,0,1016,0,101601,259,277,238,249,231,6,6,7,7,4,7,7,2,7,6,1101601,4,5
1017001,0,1017,0,101701,305,305,290,265,325,3,6,7,7,6,7,6,5,7,1,1101701,4,5
1017002,0,1017,0,101701,305,305,290,265,325,3,6,7,7,6,7,6,5,7,1,1101701,4,5
1017003,0,1017,0,101701,378,378,360,329,403,3,6,7,7,6,7,6,5,7,1,1101701,4,5
1017004,0,1017,0,101701,354,354,340,305,371,3,6,7,7,6,7,6,5,7,1,1101701,4,5
1017005,0,1017,0,101701,339,339,326,292,355,3,6,7,7,6,7,6,5,7,1,1101701,4,5
1017006,0,1017,0,101701,349,349,335,301,366,3,6,7,7,6,7,6,5,7,1,1101701,4,5
1017007,0,1017,0,101701,506,506,486,436,530,3,6,7,7,6,7,6,5,7,1,1101701,4,5
1017008,0,1017,0,101701,544,544,510,458,557,3,6,7,7,6,7,6,5,7,1,1101702,4,5
1017009,0,1017,0,101701,339,339,326,292,355,3,6,7,7,6,7,6,5,7,1,1101701,4,5
1017010,0,1017,0,101701,359,359,345,310,376,3,6,7,7,6,7,6,5,7,1,1101701,4,5
1017011,0,1017,0,101701,405,405,389,349,424,3,6,7,7,6,7,7,5,7,1,1101701,4,5
1017100,0,1017,0,101,266,266,252,231,284,3,6,7,7,6,7,7,5,7,1,0,3,5
1017101,0,1017,0,101701,266,266,252,231,284,3,6,7,7,6,7,7,5,7,1,9084,3,5
1017102,0,1017,0,101701,266,266,252,231,284,3,6,7,7,6,6,7,5,7,1,9123,3,5
1017900,0,1017,0,101701,265,275,265,218,232,6,6,7,7,6,7,7,5,7,6,1101701,4,5
1018001,0,1018,0,101801,295,265,301,309,327,5,6,7,3,4,7,6,1,7,1,1101801,4,5
1018002,0,1018,0,101801,295,265,301,309,327,5,6,7,3,4,7,6,1,7,1,1101801,4,5
1018003,0,1018,0,101801,253,228,258,265,280,5,4,7,7,4,6,7,1,7,1,1101802,4,5
1018004,0,1018,0,101801,276,248,282,289,306,5,4,7,7,4,6,7,1,7,1,1101802,4,5
1018005,0,1018,0,101801,284,255,290,298,315,5,4,7,7,4,6,7,1,7,1,1101802,4,5
1018006,0,1018,0,101801,292,262,298,306,323,5,4,7,7,4,6,7,1,7,1,1101802,4,5
1018007,0,1018,0,101801,353,317,361,369,391,5,4,7,7,4,6,7,1,7,1,1101802,4,5
1018008,0,1018,0,101801,319,285,325,335,354,5,6,7,6,4,7,7,1,7,1,1101801,4,5
1018009,0,1018,0,101801,342,306,349,358,380,5,6,7,3,4,7,7,1,7,1,1101801,4,5
1018010,0,1018,0,101801,331,296,338,347,368,5,6,7,3,4,7,7,1,7,1,1101801,4,5
1018011,0,1018,0,101801,308,276,314,323,342,5,6,7,3,4,7,7,1,7,1,1101801,4,5
1018012,0,1018,0,101801,337,301,344,354,375,5,6,7,3,4,7,7,1,7,1,1101801,4,5
1018013,0,1018,0,101801,307,274,313,322,342,5,6,7,3,4,7,7,1,7,1,1101801,4,5
1018014,0,1018,0,101801,326,291,332,342,363,5,6,7,3,4,7,7,1,7,1,1101801,4,5
1018015,0,1018,0,101801,299,268,306,314,333,5,6,7,6,4,7,7,1,7,1,1101801,4,5
1018016,0,1018,0,101801,302,272,309,317,336,5,6,7,6,4,7,7,1,7,1,1101801,4,5
1018017,0,1018,0,101801,237,212,242,249,264,5,6,7,6,4,7,7,1,7,1,1101801,4,5
1018018,0,1018,0,101801,356,318,363,374,396,5,6,7,3,4,7,7,1,7,1,1101801,4,5
1018019,0,1018,0,101801,315,282,322,331,351,5,6,7,3,4,7,7,1,7,1,1101801,4,5
1018020,0,1018,0,101801,351,314,358,369,391,5,6,7,3,4,7,7,1,7,1,1101801,4,5
1018021,0,1018,0,101801,297,266,304,312,331,5,6,7,3,4,7,7,1,7,1,1101801,4,5
1018022,0,1018,0,101801,297,266,304,312,331,5,6,7,3,4,7,7,1,7,1,1101801,4,5
1018023,0,1018,0,101801,297,266,304,312,331,5,6,7,3,4,7,7,1,7,1,1101801,4,5
1018024,0,1018,0,101801,521,466,532,548,581,5,6,7,3,4,7,7,1,7,1,1101801,4,5
1018025,0,1018,0,101801,325,291,332,341,362,5,6,7,3,4,7,7,1,7,1,1101801,4,5
1018026,0,1018,0,101801,297,266,304,312,331,5,6,7,6,4,7,7,1,7,1,1101801,4,5
1018027,0,1018,0,101801,308,276,315,324,343,5,6,7,3,4,7,7,1,7,1,1101801,4,5
1018028,0,1018,0,101801,308,276,315,324,343,5,6,7,3,4,7,7,1,7,1,1101801,4,5
1018029,0,1018,0,101801,308,276,315,324,343,5,6,7,3,4,7,7,1,7,1,1101801,4,5
1018030,0,1018,0,101801,294,263,300,309,327,5,6,7,3,4,7,7,1,7,1,1101801,4,5
1018031,0,1018,0,101801,308,276,315,324,343,5,6,7,3,4,7,7,1,7,1,1101801,4,5
1018032,0,1018,0,101801,308,276,315,324,343,5,6,7,3,4,7,7,1,7,1,1101801,4,5
1018033,0,1018,0,101801,308,276,315,324,343,5,6,7,3,4,7,7,1,7,1,1101801,4,5
1018034,0,1018,0,101801,308,276,315,324,343,5,6,7,3,4,7,7,1,7,1,1101801,4,5
1018035,0,1018,0,101801,356,318,363,374,396,5,6,7,3,4,7,7,1,7,1,1101801,4,5
1018036,0,1018,0,101801,332,297,339,349,370,5,6,7,3,4,7,7,1,7,1,1101801,4,5
1018037,0,1018,0,101801,308,276,315,324,343,5,6,7,3,4,7,7,1,7,1,1101801,4,5
1018038,0,1018,0,101801,332,297,339,349,370,5,6,7,3,4,7,7,1,7,1,1101801,4,5
1018039,0,1018,0,101801,280,250,286,294,312,5,6,7,7,4,7,7,1,7,1,1101801,4,5
1018100,0,1018,0,101,231,207,235,242,256,5,6,7,3,4,7,7,1,7,1,0,3,5
1018101,0,1018,0,101801,231,207,235,242,294,5,6,7,3,4,7,7,1,7,1,1101801,3,5
1018900,0,1018,0,101801,258,258,243,223,275,5,6,7,5,4,7,7,1,7,5,1101801,4,5
1019001,0,1019,0,101901,323,345,314,379,345,2,7,7,1,1,7,7,6,7,7,1101901,4,5
1019002,0,1019,0,101901,330,353,321,385,350,2,7,7,1,1,7,7,6,7,7,1101901,4,5
1019003,0,1019,0,101901,229,245,223,269,245,2,7,7,5,1,7,7,6,7,7,1101901,4,5
1019004,0,1019,0,101901,323,345,314,379,345,2,7,7,1,1,7,7,6,7,7,1101901,4,5
1019005,0,1019,0,101901,321,343,312,377,343,2,7,7,1,1,7,7,6,7,7,1101901,4,5
1019006,0,1019,0,101901,344,363,332,401,365,2,7,7,1,1,7,7,6,7,7,1101901,4,5
1019007,0,1019,0,101901,323,345,314,379,345,2,7,7,1,1,7,7,6,7,7,1101901,4,5
1019008,0,1019,0,101901,323,345,314,379,345,2,7,7,1,1,7,7,6,7,7,1101901,4,5
1019009,0,1019,0,101901,332,355,323,390,355,2,7,7,1,1,7,7,6,7,7,1101901,4,5
1019010,0,1019,0,101901,344,368,335,404,368,2,7,7,1,1,7,7,6,7,7,1101901,4,5
1019011,0,1019,0,101901,252,270,245,296,270,2,7,7,1,1,7,7,6,7,7,1101901,4,5
1019012,0,1019,0,101901,344,368,335,404,368,2,7,7,1,1,7,7,6,7,7,1101901,4,5
1019013,0,1019,0,101901,389,417,379,457,417,2,7,7,1,1,7,7,6,7,7,1101902,4,5
1019014,0,1019,0,101901,229,245,223,269,245,2,7,7,7,1,7,7,6,7,7,1101902,4,5
1019015,0,1019,0,101901,344,368,335,404,368,2,7,7,1,1,7,7,6,7,7,1101902,4,5
1019100,0,1019,0,101,267,196,232,221,253,6,7,7,3,5,7,7,6,7,7,0,3,5
1019101,0,1019,0,101901,267,201,248,231,284,6,7,7,3,5,6,6,7,7,7,9017,3,5
1019102,0,1019,0,101901,267,201,248,231,284,6,7,7,3,5,6,6,7,7,7,9030,3,5
1019103,0,1019,0,101940,267,201,248,231,284,6,7,7,3,5,7,6,6,7,7,9068,3,5
1019900,0,1019,0,101901,229,245,223,269,245,7,7,7,1,1,7,7,6,7,7,1101902,4,5
1020001,0,1020,0,102001,328,347,328,214,224,1,5,7,7,7,6,4,3,7,1,1102001,4,5
1020002,0,1020,0,102001,330,349,330,215,225,1,5,7,7,7,6,4,3,7,1,1102001,4,5
1020003,0,1020,0,102001,329,350,329,215,226,1,5,7,7,7,6,4,3,7,1,1102001,4,5
1020004,0,1020,0,102001,328,347,328,214,224,1,5,7,7,7,6,4,3,7,1,1102001,4,5
1020005,0,1020,0,102001,334,355,334,218,227,1,5,7,7,7,6,4,3,7,1,1102001,4,5
1020006,0,1020,0,102001,331,352,331,216,226,1,5,7,7,7,6,4,3,7,1,1102001,4,5
1020007,0,1020,0,102001,368,390,368,240,251,1,5,7,7,7,6,4,3,7,1,1102001,4,5
1020008,0,1020,0,102001,328,347,328,214,224,1,5,7,7,7,6,4,3,7,1,1102001,4,5
1020009,0,1020,0,102001,368,390,368,240,251,1,5,7,7,7,6,4,3,7,1,1102001,4,5
1020010,0,1020,0,102001,327,347,327,210,222,1,5,7,7,7,6,4,3,7,1,1102001,4,5
1020011,0,1020,0,102001,331,352,331,216,226,1,5,7,7,7,6,4,3,7,1,1102001,4,5
1020012,0,1020,0,102001,356,377,356,227,238,1,5,7,7,7,6,4,3,7,1,1102001,4,5
1020013,0,1020,0,102001,356,377,356,226,237,1,5,7,7,7,6,4,3,7,1,1102001,4,5
1020014,0,1020,0,102001,301,319,301,191,200,1,5,7,7,7,6,4,3,7,1,1102001,4,5
1020015,0,1020,0,102001,849,899,849,539,564,1,5,7,7,6,7,4,3,7,1,1102002,4,5
1020016,0,1020,0,102001,438,464,438,278,291,1,5,7,7,7,6,4,3,7,1,1102001,4,5
1020017,0,1020,0,102001,356,377,356,226,237,1,5,7,7,7,6,4,3,7,1,1102001,4,5
1020018,0,1020,0,102001,849,899,849,539,564,1,5,7,7,7,6,4,3,7,1,1102003,4,5
1020019,0,1020,0,102001,356,377,356,226,237,1,5,7,7,7,6,4,3,7,1,1102001,4,5
1020020,0,1020,0,102001,356,377,356,226,237,1,5,7,7,7,6,4,3,7,1,1102001,4,5
1020021,0,1020,0,102001,422,447,422,268,280,1,5,7,7,7,6,4,3,7,1,1102001,4,5
1020022,0,1020,0,102001,356,377,356,226,237,1,5,7,7,7,6,4,3,7,1,1102001,4,5
1020023,0,1020,0,102001,384,406,384,244,255,1,5,7,7,7,6,4,3,7,1,1102001,4,5
1020024,0,1020,0,102001,384,406,384,244,255,1,5,7,7,7,6,4,3,7,1,1102001,4,5
1020025,0,1020,0,102001,356,377,356,226,237,1,5,7,7,7,6,4,3,7,1,1102001,4,5
1020026,0,1020,0,102001,356,377,356,226,237,1,5,7,7,7,6,4,3,7,1,1102001,4,5
1020027,0,1020,0,102001,384,406,384,244,255,1,5,7,7,7,6,4,3,7,1,1102001,4,5
1020028,0,1020,0,102001,323,342,323,205,215,1,5,7,7,7,6,4,3,7,1,1102001,4,5
1020100,0,1020,0,101,235,249,235,151,158,1,5,7,7,7,6,4,3,7,1,0,3,5
1020101,0,1020,0,102001,256,332,242,182,201,1,7,7,7,7,6,4,3,7,1,9091,3,5
1020900,0,1020,0,102001,242,217,247,254,269,5,5,7,7,7,6,4,3,7,5,1102001,4,5
1021001,0,1021,0,102101,320,337,323,277,239,1,3,7,7,5,6,6,7,7,4,1102101,4,5
1021002,0,1021,0,102101,321,338,324,277,237,1,3,7,7,5,6,6,7,7,4,1102101,4,5
1021003,0,1021,0,102101,318,335,321,275,236,1,3,7,7,5,6,6,7,7,4,1102101,4,5
1021004,0,1021,0,102101,322,339,326,279,240,1,3,7,7,5,6,6,7,7,4,1102101,4,5
1021005,0,1021,0,102101,320,337,323,277,239,1,3,7,7,5,6,6,7,7,4,1102101,4,5
1021006,0,1021,0,102101,318,335,321,275,236,1,3,7,7,5,6,6,7,7,4,1102101,4,5
1021007,0,1021,0,102101,360,379,363,312,269,1,3,7,7,5,6,6,7,7,4,1102101,4,5
1021008,0,1021,0,102101,331,348,334,287,247,1,3,7,7,5,6,6,7,7,4,1102101,4,5
1021009,0,1021,0,102101,334,351,337,289,248,1,3,7,7,5,6,6,7,7,4,1102101,4,5
1021010,0,1021,0,102101,322,339,325,278,239,1,3,7,7,5,6,6,7,7,4,1102101,4,5
1021011,0,1021,0,102101,406,427,410,352,304,1,3,7,7,5,6,6,7,7,4,1102101,4,5
1021012,0,1021,0,102101,406,427,410,352,304,1,3,7,7,5,6,6,7,7,4,1102101,4,5
1021013,0,1021,0,102101,330,321,337,298,255,1,3,7,7,5,6,6,7,7,4,1102101,4,5
1021014,0,1021,0,102101,400,389,408,361,308,1,3,7,7,5,6,6,7,7,4,1102101,4,5
1021015,0,1021,0,102101,400,389,408,361,308,1,3,7,7,5,6,6,7,7,4,1102101,4,5
1021016,0,1021,0,102101,387,377,395,350,299,1,3,7,7,5,6,6,7,7,4,1102101,4,5
1021017,0,1021,0,102101,387,377,395,350,299,1,3,7,7,5,6,6,7,7,4,1102101,4,5
1021018,0,1021,0,102101,374,364,381,338,289,1,3,7,7,5,6,6,7,7,4,1102101,4,5
1021019,0,1021,0,102101,374,364,368,326,279,1,3,7,7,5,6,6,7,7,4,1102101,4,5
1021100,0,1021,0,101,256,270,259,221,189,1,3,7,7,5,7,7,7,7,7,0,3,5
1021101,0,1021,0,102101,256,270,299,221,189,1,3,7,7,5,7,7,7,7,7,1102101,3,5
1021900,0,1021,0,102101,272,201,237,226,258,6,6,7,7,5,7,7,7,7,6,1102101,4,5
1022001,0,1022,0,102201,256,224,253,235,232,2,7,7,5,4,6,3,7,7,1,1102201,4,5
1022002,0,1022,0,102201,358,314,354,329,325,2,7,7,5,4,7,3,5,7,1,1102201,4,5
1022003,0,1022,0,102201,364,318,359,334,329,2,7,7,5,4,7,3,5,7,1,1102201,4,5
1022004,0,1022,0,102201,317,278,314,291,288,2,7,7,6,4,7,3,5,7,1,1102201,4,5
1022005,0,1022,0,102201,346,302,342,317,313,2,7,7,6,4,7,3,5,7,1,1102201,4,5
1022006,0,1022,0,102201,379,332,374,348,343,2,7,7,5,4,7,3,5,7,1,1102201,4,5
1022007,0,1022,0,102201,384,336,380,353,348,2,7,7,5,4,7,3,5,7,1,1102201,4,5
1022008,0,1022,0,102201,340,298,336,313,309,2,7,7,7,4,7,3,5,7,1,1102201,4,5
1022009,0,1022,0,102201,327,286,323,300,296,2,7,7,5,4,7,3,5,7,1,1102201,4,5
1022010,0,1022,0,102201,397,347,392,365,360,2,7,7,5,4,7,3,5,7,1,1102201,4,5
1022011,0,1022,0,102201,397,347,392,365,360,2,7,7,5,4,7,3,5,7,1,1102201,4,5
1022012,0,1022,0,102201,343,300,339,315,311,2,7,7,5,4,7,3,5,7,1,1102201,4,5
1022013,0,1022,0,102201,327,286,323,300,296,2,7,7,5,4,7,3,5,7,1,1102201,4,5
1022014,0,1022,0,102201,327,286,323,300,296,2,7,7,5,4,6,3,7,7,1,1102201,4,5
1022015,0,1022,0,102201,343,300,339,315,311,2,7,7,5,4,7,3,5,7,1,1102201,4,5
1022016,0,1022,0,102201,282,246,278,259,255,2,7,7,5,4,7,3,5,7,1,1102201,4,5
1022017,0,1022,0,102201,384,336,380,353,348,2,7,7,5,4,7,3,5,7,1,1102201,4,5
1022018,0,1022,0,102201,317,278,314,291,288,2,7,7,6,4,7,3,5,7,1,1102201,4,5
1022019,0,1022,0,102201,333,291,329,306,302,2,7,7,5,4,7,3,5,7,1,1102201,4,5
1022020,0,1022,0,102201,384,336,380,353,348,2,7,7,5,4,7,3,5,7,1,1102201,4,5
1022021,0,1022,0,102201,333,291,329,306,302,2,7,7,5,4,7,3,5,7,1,1102201,4,5
1022022,0,1022,0,102201,333,291,329,306,302,2,7,7,5,4,7,3,5,7,1,1102201,4,5
1022023,0,1022,0,102201,333,291,329,306,302,2,7,7,5,4,7,3,5,7,1,1102201,4,5
1022100,0,1022,0,101,256,224,253,235,232,2,7,7,5,4,6,3,7,7,1,0,3,5
1022900,0,1022,0,102201,256,224,253,235,232,2,7,7,7,4,7,3,5,7,1,1102201,4,5
1023001,0,1023,0,102301,305,312,285,278,325,6,6,7,7,1,7,5,1,7,1,1102301,4,5
1023002,0,1023,0,102301,303,311,284,276,324,6,6,7,7,1,7,5,1,7,1,1102301,4,5
1023003,0,1023,0,102301,327,336,307,298,350,6,6,7,7,1,7,5,1,7,1,1102301,4,5
1023005,0,1023,0,102301,301,308,280,273,320,6,6,7,7,1,7,5,1,7,1,1102301,4,5
1023006,0,1023,0,102301,305,312,285,278,325,6,6,7,7,1,7,5,1,7,1,1102301,4,5
1023007,0,1023,0,102301,303,311,284,276,324,6,6,7,7,1,7,5,1,7,1,1102301,4,5
1023008,0,1023,0,102301,327,336,307,298,350,6,6,7,7,1,7,5,1,7,1,1102301,4,5
1023009,0,1023,0,102301,314,322,295,286,336,6,6,7,7,1,7,5,1,7,1,1102301,4,5
1023010,0,1023,0,102301,299,306,278,271,318,6,6,7,7,1,7,5,1,7,1,1102301,4,5
1023011,0,1023,0,102301,301,308,280,273,320,6,6,7,7,1,7,5,1,7,1,1102301,4,5
1023012,0,1023,0,102301,507,519,472,460,539,6,6,7,7,1,7,5,1,7,1,1102301,4,5
1023013,0,1023,0,102301,365,374,340,331,388,6,6,7,7,1,7,5,1,7,1,1102301,4,5
1023014,0,1023,0,102301,301,308,280,273,320,6,6,7,7,1,7,5,1,7,1,1102301,4,5
1023015,0,1023,0,102301,328,336,305,297,349,6,6,7,7,1,7,5,1,7,1,1102301,4,5
1023016,0,1023,0,102301,328,336,305,297,351,6,6,7,7,1,7,5,1,7,1,1102301,4,5
1023017,0,1023,0,102301,326,334,303,295,348,6,6,7,7,1,7,5,1,7,1,1102301,4,5
1023018,0,1023,0,102301,347,356,323,315,372,6,6,7,7,1,7,5,1,7,1,1102301,4,5
1023019,0,1023,0,102301,369,378,344,334,395,6,6,7,7,1,7,5,1,7,1,1102301,4,5
1023020,0,1023,0,102301,377,386,350,341,403,6,6,7,7,1,7,5,1,7,1,1102301,4,5
1023021,0,1023,0,102301,316,324,294,286,338,6,6,7,7,1,7,5,1,7,1,1102301,4,5
1023022,0,1023,0,102301,316,324,294,286,338,6,6,7,7,1,7,5,1,7,1,1102301,4,5
1023023,0,1023,0,102301,316,324,294,286,338,6,6,7,7,1,7,5,1,7,1,1102301,4,5
1023024,0,1023,0,102301,352,361,328,319,377,6,6,7,7,1,7,5,1,7,1,1102301,4,5
1023025,0,1023,0,102301,316,324,294,286,338,6,6,7,7,1,7,5,1,7,1,1102301,4,5
1023026,0,1023,0,102301,814,834,757,737,871,6,6,7,7,1,7,5,1,7,1,1102302,4,5
1023027,0,1023,0,102301,316,324,294,286,338,6,6,7,7,1,7,5,1,7,1,1102301,4,5
1023028,0,1023,0,102301,365,374,339,330,390,6,6,7,7,1,7,5,1,7,1,1102301,4,5
1023029,0,1023,0,102301,340,349,316,308,364,6,6,7,7,1,7,5,1,7,1,1102301,4,5
1023030,0,1023,0,102301,340,349,316,308,364,6,6,7,7,1,7,5,1,7,1,1102301,4,5
1023040,0,1023,0,102301,327,336,307,298,350,6,6,7,7,1,7,5,1,7,1,1102301,4,5
1023100,0,1023,0,101,259,266,242,235,277,6,6,7,7,1,7,5,1,7,1,0,3,5
1023101,0,1023,0,102301,294,295,296,255,291,6,6,7,7,1,7,5,1,7,1,9121,3,5
1023900,0,1023,0,102301,279,295,279,179,187,6,6,7,7,1,7,5,1,7,5,1102301,4,5
1024001,0,1024,0,102401,334,348,308,289,206,4,4,7,7,7,6,6,5,7,3,1102401,4,5
1024002,0,1024,0,102401,416,433,383,360,256,4,4,7,7,7,6,6,5,7,3,1102401,4,5
1024003,0,1024,0,102401,334,348,308,289,206,4,4,7,7,7,6,6,5,7,3,1102401,4,5
1024004,0,1024,0,102401,334,348,308,289,206,4,4,7,7,7,6,6,5,7,3,1102401,4,5
1024005,0,1024,0,102401,384,400,354,332,237,4,4,7,7,7,6,6,5,7,3,1102401,4,5
1024006,0,1024,0,102401,342,356,315,296,212,4,4,7,7,7,6,6,5,7,3,1102401,4,5
1024007,0,1024,0,102401,333,347,307,288,206,4,4,7,7,7,6,6,5,7,3,1102401,4,5
1024008,0,1024,0,102401,386,405,356,333,235,4,4,7,7,7,6,6,5,7,7,1102401,4,5
1024009,0,1024,0,102401,378,396,349,326,230,4,4,7,7,7,7,6,5,7,7,1102401,4,5
1024010,0,1024,0,102401,513,538,448,443,295,4,4,7,7,7,7,6,5,7,7,1102401,4,5
1024011,0,1024,0,102401,518,543,473,447,312,4,4,7,7,7,7,6,5,7,7,1102401,4,5
1024012,0,1024,0,102401,365,410,336,315,221,4,4,7,7,7,7,6,5,7,7,1102401,4,5
1024013,0,1024,0,102401,386,405,356,333,235,4,4,7,7,7,7,6,5,7,7,1102401,4,5
1024014,0,1024,0,102401,378,396,349,326,230,4,4,7,7,7,7,6,5,7,7,1102401,4,5
1024015,0,1024,0,102401,408,428,377,352,248,4,4,7,7,7,7,6,5,7,7,1102401,4,5
1024016,0,1024,0,102401,374,392,345,323,227,4,4,7,7,7,7,6,5,7,7,1102401,4,5
1024017,0,1024,0,102401,352,369,325,304,214,4,4,7,7,7,7,6,5,7,7,1102401,4,5
1024018,0,1024,0,102401,408,428,377,352,248,4,4,7,7,7,7,6,5,7,7,1102401,4,5
1024100,0,1024,0,101,235,245,217,203,144,4,4,7,7,7,7,6,5,7,7,0,3,5
1024101,0,1024,0,102401,235,294,217,203,302,4,4,7,7,7,7,6,5,7,7,1102401,3,5
1024900,0,1024,0,102401,263,278,266,228,194,6,6,7,7,7,7,6,5,7,6,1102401,4,5
1025001,0,1025,0,102501,319,349,328,232,279,1,1,6,7,1,5,7,5,7,1,1102501,4,5
1025002,0,1025,0,102501,338,370,348,246,296,1,1,6,7,1,5,7,5,7,1,1102501,4,5
1025003,0,1025,0,102501,315,344,323,227,274,1,1,6,7,1,5,7,5,7,1,1102501,4,5
1025004,0,1025,0,102501,268,293,275,194,234,1,1,7,7,1,5,7,5,7,1,1102502,4,5
1025005,0,1025,0,102501,344,375,352,249,300,1,1,7,7,1,5,7,5,7,1,1102502,4,5
1025006,0,1025,0,102501,358,391,367,258,312,1,1,7,7,1,5,7,5,7,1,1102502,4,5
1025007,0,1025,0,102501,364,400,374,259,317,1,1,6,7,1,5,7,5,7,1,1102502,4,5
1025008,0,1025,0,102501,517,513,506,350,428,1,1,6,7,1,5,7,5,7,1,1102503,4,5
1025009,0,1025,0,102501,394,432,405,280,342,1,1,6,7,1,5,7,5,7,1,1102502,4,5
1025010,0,1025,0,102501,357,392,367,254,310,1,1,6,7,1,5,7,5,7,1,1102502,4,5
1025011,0,1025,0,102501,308,338,316,219,268,1,1,6,7,1,5,7,5,7,1,1102502,4,5
1025012,0,1025,0,102501,750,824,772,534,653,1,1,6,7,1,5,7,5,7,1,1102504,4,5
1025013,0,1025,0,102501,344,378,354,245,300,1,1,6,7,1,5,7,5,7,1,1102502,4,5
1025100,0,1025,0,101,249,273,256,179,217,1,1,6,7,1,5,7,5,7,1,0,3,5
1025101,0,1025,0,102501,249,339,256,179,217,1,1,6,7,1,5,7,5,7,1,9023,3,5
1025102,0,1025,0,102501,249,339,256,179,217,1,1,6,7,1,5,7,5,7,1,9032,3,5
1025103,0,1025,0,102501,249,339,256,179,217,1,1,6,7,1,5,7,5,7,1,9074,3,5
1025104,0,1025,0,102501,255,239,286,209,217,1,7,6,7,1,5,7,5,7,7,9095,3,5
1025900,0,1025,0,102501,280,220,276,252,177,5,5,6,7,1,5,7,5,7,5,1102501,4,5
1026001,0,1026,0,102601,383,337,363,353,363,7,7,7,6,7,6,4,1,7,1,1102601,4,5
1026002,0,1026,0,102601,340,300,322,314,322,7,7,7,6,7,6,4,1,7,1,1102601,4,5
1026003,0,1026,0,102601,319,282,303,295,303,7,7,7,7,7,6,4,1,7,1,1102601,4,5
1026004,0,1026,0,102601,314,276,297,289,297,7,7,7,7,7,6,4,1,7,1,1102601,4,5
1026005,0,1026,0,102601,431,379,408,397,408,7,7,7,6,7,6,4,1,7,1,1102601,4,5
1026006,0,1026,0,102601,382,337,362,353,362,7,7,7,6,7,6,4,1,7,1,1102601,4,5
1026007,0,1026,0,102601,363,318,343,334,343,7,7,7,6,7,6,4,1,7,1,1102601,4,5
1026008,0,1026,0,102601,399,350,377,367,377,7,7,7,6,7,6,4,1,7,1,1102601,4,5
1026009,0,1026,0,102601,405,355,383,372,383,7,7,7,6,7,6,4,1,7,1,1102601,4,5
1026010,0,1026,0,102601,360,315,340,330,340,7,7,7,7,7,6,4,1,7,1,1102601,4,5
1026100,0,1026,0,101,263,231,249,242,249,7,7,7,6,7,6,4,1,7,1,0,3,5
1026101,0,1026,0,102601,293,231,249,242,249,7,7,7,6,7,6,4,1,7,1,9049,3,5
1026900,0,1026,0,102601,248,254,231,225,265,7,7,7,6,7,6,4,1,7,6,1102601,4,5
1027001,0,1027,0,102701,308,312,298,290,298,3,5,7,7,2,6,7,2,7,1,1102701,4,5
1027002,0,1027,0,102701,305,308,295,286,295,3,5,7,7,2,6,7,2,7,1,1102701,4,5
1027003,0,1027,0,102701,312,316,302,293,302,3,5,7,6,2,6,7,2,7,1,1102701,4,5
1027004,0,1027,0,102701,331,336,320,311,320,3,5,7,7,2,6,7,2,7,1,1102701,4,5
1027005,0,1027,0,102701,312,316,302,293,302,3,5,7,6,2,6,7,2,7,1,1102701,4,5
1027006,0,1027,0,102701,305,309,295,287,295,3,5,7,7,2,6,7,2,7,1,1102701,4,5
1027007,0,1027,0,102701,294,299,284,275,284,3,5,7,6,2,6,7,2,7,1,1102701,4,5
1027008,0,1027,0,102701,296,301,287,277,287,3,5,7,6,2,6,7,2,7,1,1102701,4,5
1027009,0,1027,0,102701,294,299,284,275,284,3,5,7,7,2,6,7,2,7,1,1102701,4,5
1027010,0,1027,0,102701,326,331,315,305,315,3,5,7,7,2,6,7,2,7,1,1102701,4,5
1027011,0,1027,0,102701,294,299,284,275,284,3,5,7,7,2,6,7,2,7,1,1102701,4,5
1027012,0,1027,0,102701,368,374,356,344,356,3,5,7,6,2,6,7,2,7,1,1102701,4,5
1027013,0,1027,0,102701,270,274,261,252,261,3,5,7,6,2,6,7,2,7,1,1102701,4,5
1027014,0,1027,0,102701,380,374,356,344,356,3,5,7,6,2,6,7,2,7,1,1102701,4,5
1027015,0,1027,0,102701,380,374,356,344,356,3,5,7,6,2,6,7,2,7,1,1102701,4,5
1027016,0,1027,0,102701,365,371,353,341,353,3,5,7,7,2,6,7,2,7,1,1102701,4,5
1027017,0,1027,0,102701,326,331,315,305,315,3,5,7,7,2,6,7,2,7,1,1102701,4,5
1027018,0,1027,0,102701,319,324,308,298,308,3,5,7,7,2,6,7,2,7,1,1102701,4,5
1027019,0,1027,0,102701,331,336,320,309,320,3,5,7,6,2,6,7,2,7,1,1102701,4,5
1027020,0,1027,0,102701,294,299,284,275,284,3,5,7,6,2,6,7,2,7,1,1102701,4,5
1027021,0,1027,0,102701,294,299,284,275,284,3,5,7,7,2,6,7,2,7,1,1102701,4,5
1027022,0,1027,0,102701,319,324,308,298,308,3,5,7,7,2,6,7,2,7,1,1102701,4,5
1027023,0,1027,0,102701,294,299,284,275,284,3,5,7,7,2,6,7,2,7,1,1102701,4,5
1027024,0,1027,0,102701,326,331,315,305,315,3,5,7,6,2,6,7,2,7,1,1102701,4,5
1027025,0,1027,0,102701,343,349,332,321,332,3,5,7,6,2,6,7,2,7,1,1102701,4,5
1027026,0,1027,0,102701,294,299,284,275,284,3,5,7,7,2,6,7,2,7,1,1102701,4,5
1027027,0,1027,0,102701,319,324,308,298,308,3,5,7,7,2,6,7,2,7,1,1102701,4,5
1027028,0,1027,0,102701,294,299,284,275,284,3,5,7,7,2,6,7,2,7,1,1102701,4,5
1027029,0,1027,0,102701,326,331,315,305,315,3,5,7,6,2,6,7,2,7,1,1102701,4,5
1027100,0,1027,0,101,221,224,214,207,214,3,5,7,6,2,7,7,2,7,1,0,3,5
1027101,0,1027,0,102701,221,243,315,207,214,3,5,7,6,2,7,7,2,7,1,1102701,3,5
1027102,0,1027,0,102701,221,224,335,207,214,3,7,7,6,2,6,7,2,7,7,9058,3,5
1027103,0,1027,0,102701,221,243,315,207,214,3,5,7,6,2,7,7,2,7,1,9082,3,5
1027900,0,1027,0,102701,275,288,254,238,169,5,5,7,6,2,7,7,2,7,5,1102701,4,5
1028001,0,1028,0,102801,378,180,343,270,311,7,6,1,1,5,7,6,2,7,4,1102801,4,5
1028002,0,1028,0,102801,369,177,335,264,304,7,6,1,1,5,7,6,2,7,4,1102801,4,5
1028003,0,1028,0,102801,371,177,336,265,305,7,6,1,1,5,7,6,2,7,4,1102801,4,5
1028004,0,1028,0,102801,374,179,339,267,308,7,6,1,1,5,7,6,2,7,4,1102801,4,5
1028005,0,1028,0,102801,437,207,396,312,358,7,6,2,1,6,7,5,1,7,2,1102801,4,5
1028006,0,1028,0,102801,434,206,393,309,356,7,6,2,1,6,7,5,1,7,2,1102801,4,5
1028007,0,1028,0,102801,422,200,382,301,345,7,6,2,1,6,7,5,1,7,2,1102801,4,5
1028008,0,1028,0,102801,422,200,382,301,345,7,6,2,1,6,7,5,1,7,2,1102801,4,5
1028009,0,1028,0,102801,388,184,351,276,318,7,7,2,1,6,7,5,1,7,2,1102801,4,5
1028010,0,1028,0,102801,389,184,353,277,319,7,6,2,1,6,7,5,1,7,2,1102801,4,5
1028011,0,1028,0,102801,389,184,353,277,319,7,6,2,1,6,7,5,1,7,2,1102801,4,5
1028100,0,1028,0,101,278,180,243,270,211,7,6,1,1,5,7,6,2,7,4,0,3,5
1028101,0,1028,0,102801,278,180,243,301,211,7,6,1,1,5,7,6,2,7,4,9015,3,5
1028900,0,1028,0,102801,310,147,281,221,254,7,7,2,1,6,7,5,1,7,2,1102801,4,5
1029001,0,1029,0,102901,363,329,317,363,348,4,7,7,3,5,7,2,1,7,6,1102902,4,5
1029002,0,1029,0,102901,339,307,295,339,325,4,7,7,3,5,7,2,1,7,6,1102902,4,5
1029003,0,1029,0,102901,315,285,274,315,302,4,7,7,3,5,7,2,1,7,6,1102902,4,5
1029004,0,1029,0,102901,315,285,274,315,302,4,7,7,3,5,7,2,1,7,6,1102902,4,5
1029005,0,1029,0,102901,315,285,274,315,302,4,7,7,3,5,7,2,1,7,6,1102902,4,5
1029006,0,1029,0,102901,315,285,274,315,302,4,7,7,3,5,7,2,1,7,6,1102902,4,5
1029100,0,1029,0,101,240,204,225,240,232,5,7,7,1,6,7,3,1,7,7,0,3,5
1029101,0,1029,0,102901,240,204,225,240,294,5,7,7,1,6,7,3,1,7,7,9046,3,5
1029102,0,1029,0,102901,240,204,225,240,294,5,7,7,1,6,7,3,1,7,7,9096,3,5
1029103,0,1029,0,102901,240,204,225,240,294,5,7,7,1,6,7,3,1,7,7,9120,3,5
1029900,0,1029,0,102901,242,219,211,242,232,4,7,7,3,5,7,2,1,7,7,1102902,4,5
1030001,0,1030,0,103001,402,441,387,380,413,3,5,7,7,6,7,5,1,7,1,1103001,4,5
1030002,0,1030,0,103001,298,326,286,281,306,3,5,7,7,6,7,5,1,7,1,1103001,4,5
1030003,0,1030,0,103001,304,333,292,287,312,3,5,7,7,6,7,5,1,7,1,1103001,4,5
1030004,0,1030,0,103001,321,353,309,304,330,3,5,7,7,6,7,5,1,7,1,1103001,4,5
1030005,0,1030,0,103001,323,355,311,306,332,3,5,7,7,6,7,5,1,7,1,1103001,4,5
1030006,0,1030,0,103001,302,331,290,285,310,3,5,7,7,6,7,5,1,7,1,1103001,4,5
1030007,0,1030,0,103001,290,319,280,275,298,3,5,7,7,6,7,5,1,7,1,1103001,4,5
1030008,0,1030,0,103001,296,326,285,281,305,3,5,7,7,6,7,5,1,7,1,1103001,4,5
1030009,0,1030,0,103001,272,299,262,258,280,3,5,7,7,6,7,5,1,7,1,1103001,4,5
1030010,0,1030,0,103001,281,307,269,265,288,3,5,7,7,6,7,5,1,7,1,1103001,4,5
1030011,0,1030,0,103001,272,299,262,258,280,3,5,7,7,6,7,5,1,7,1,1103001,4,5
1030012,0,1030,0,103001,281,307,269,265,288,3,5,7,7,6,7,5,1,7,1,1103001,4,5
1030013,0,1030,0,103001,301,334,290,285,311,3,5,7,7,6,7,5,1,7,1,1103001,4,5
1030014,0,1030,0,103001,318,353,306,301,329,3,5,7,7,6,7,5,1,7,1,1103001,4,5
1030015,0,1030,0,103001,373,414,359,353,386,3,5,7,7,6,7,5,1,7,1,1103001,4,5
1030016,0,1030,0,103001,379,420,364,358,391,3,5,7,7,6,7,5,1,7,1,1103001,4,5
1030017,0,1030,0,103001,300,333,289,284,310,3,5,7,7,6,7,5,1,7,1,1103001,4,5
1030018,0,1030,0,103001,336,372,323,318,347,3,5,7,7,6,7,5,1,7,1,1103001,4,5
1030019,0,1030,0,103001,300,333,289,284,310,3,5,7,7,6,7,5,1,7,1,1103001,4,5
1030020,0,1030,0,103001,360,399,347,341,372,3,5,7,7,6,7,5,1,7,1,1103001,4,5
1030021,0,1030,0,103001,298,330,286,281,308,3,5,7,7,6,7,5,1,7,1,1103001,4,5
1030100,0,1030,0,101,252,277,242,238,259,3,5,7,7,6,7,5,1,7,1,0,3,5
1030101,0,1030,0,103001,252,277,242,238,259,3,5,7,7,6,7,5,1,7,1,1103001,3,5
1030900,0,1030,0,103001,251,275,258,180,219,5,5,7,7,6,7,5,1,7,5,1103001,4,5
1031001,0,1031,0,103101,316,285,326,299,291,2,7,7,2,7,6,1,1,7,1,1103101,4,5
1031002,0,1031,0,103101,333,300,343,315,307,2,7,7,2,7,6,1,1,7,1,1103101,4,5
1031003,0,1031,0,103101,377,339,389,356,345,2,7,7,2,7,6,1,1,7,1,1103101,4,5
1031004,0,1031,0,103101,384,346,397,363,352,2,7,7,2,7,6,1,1,7,1,1103101,4,5
1031005,0,1031,0,103101,397,357,410,374,363,2,7,7,2,7,6,1,1,7,1,1103101,4,5
1031006,0,1031,0,103101,310,279,320,293,284,2,7,7,2,7,6,1,1,7,1,1103101,4,5
1031007,0,1031,0,103101,308,277,317,290,281,2,7,7,2,7,6,1,1,7,1,1103101,4,5
1031008,0,1031,0,103101,310,279,320,293,284,2,7,7,2,7,6,1,1,7,1,1103101,4,5
1031100,0,1031,0,101,249,224,256,235,228,2,7,7,2,7,6,1,1,7,1,0,3,5
1031101,0,1031,0,103101,294,224,256,235,228,2,7,7,2,7,6,1,1,7,1,9048,3,5
1031900,0,1031,0,103101,263,231,249,242,249,6,7,7,5,7,6,1,1,7,6,1103101,4,5
1032001,0,1032,0,103201,386,347,382,233,383,1,4,7,6,3,7,6,2,7,1,1103201,4,5
1032002,0,1032,0,103201,409,367,404,246,406,1,4,7,6,3,7,6,2,7,1,1103201,4,5
1032003,0,1032,0,103201,352,316,348,211,350,1,4,7,7,3,7,6,2,7,1,1103201,4,5
1032004,0,1032,0,103201,517,464,511,308,513,1,4,7,6,3,7,6,2,7,1,1103202,4,5
1032005,0,1032,0,103201,517,464,511,308,513,1,4,7,6,3,7,6,2,7,1,1103201,4,5
1032006,0,1032,0,103201,520,466,514,310,516,1,4,7,6,3,7,6,2,7,1,1103202,4,5
1032007,0,1032,0,103201,325,291,321,194,323,1,4,7,7,3,7,6,2,7,1,1103201,4,5
1032008,0,1032,0,103201,517,464,511,308,513,1,4,7,6,3,7,6,2,7,1,1103201,4,5
1032009,0,1032,0,103201,517,464,511,308,513,1,4,7,6,3,7,6,2,7,1,1103201,4,5
1032010,0,1032,0,103201,910,816,900,543,903,1,4,7,6,3,7,6,2,7,1,1103203,4,5
1032011,0,1032,0,103201,364,326,360,217,361,1,4,7,6,3,7,6,2,7,1,1103201,4,5
1032100,0,1032,0,101,238,214,235,193,217,1,7,7,6,3,7,6,2,7,1,0,3,5
1032101,0,1032,0,103201,332,258,275,203,338,1,4,7,6,3,7,6,2,7,1,9047,3,5
1032102,0,1032,0,103201,238,239,235,193,328,1,4,7,6,3,7,6,2,7,1,9072,3,5
1032103,0,1032,0,103201,238,229,235,193,338,1,7,7,6,3,7,6,2,7,1,9080,3,5
1032104,0,1032,0,103201,258,209,235,193,338,7,4,7,6,3,7,6,2,7,1,9089,3,5
1032900,0,1032,0,103201,250,254,242,234,242,6,6,7,6,3,7,6,2,7,6,1103201,4,5
1033001,0,1033,0,103301,331,304,340,268,274,1,4,7,5,1,5,6,7,7,1,1103301,4,5
1033002,0,1033,0,103301,353,324,363,286,292,1,4,7,5,1,5,6,7,7,1,1103301,4,5
1033003,0,1033,0,103301,374,344,384,303,310,1,4,7,5,1,5,6,7,7,1,1103301,4,5
1033004,0,1033,0,103301,440,405,453,358,365,1,4,7,5,1,5,6,7,7,1,1103301,4,5
1033005,0,1033,0,103301,351,320,360,281,286,1,4,7,5,1,5,6,7,7,1,1103301,4,5
1033006,0,1033,0,103301,324,295,332,259,264,1,4,7,5,1,5,6,7,7,1,1103301,4,5
1033007,0,1033,0,103301,497,450,507,395,403,1,4,7,5,1,5,6,7,7,1,1103301,4,5
1033008,0,1033,0,103301,397,362,407,318,323,1,4,7,5,1,5,6,7,7,1,1103301,4,5
1033009,0,1033,0,103301,332,303,341,266,271,1,4,7,5,1,5,6,7,7,1,1103301,4,5
1033010,0,1033,0,103301,365,330,371,289,295,1,4,7,5,1,5,6,7,7,1,1103301,4,5
1033011,0,1033,0,103301,365,330,371,289,295,1,4,7,5,1,5,6,7,7,1,1103301,4,5
1033012,0,1033,0,103301,365,330,371,289,295,1,4,7,5,1,5,6,7,7,1,1103301,4,5
1033013,0,1033,0,103301,351,320,360,281,286,1,4,7,7,1,5,6,7,7,1,1103301,4,5
1033100,0,1033,0,101,274,244,284,203,210,1,4,7,5,1,5,6,7,7,1,0,3,5
1033101,0,1033,0,103301,254,289,251,203,210,1,4,7,7,1,5,6,7,7,1,9050,3,5
1033102,0,1033,0,103301,274,244,284,203,210,1,4,7,5,1,5,6,7,7,1,9073,3,5
1033103,0,1033,0,103301,274,244,284,203,210,1,4,7,5,1,5,6,7,7,1,9113,3,5
1033900,0,1033,0,103301,270,246,277,216,220,1,4,7,7,1,5,6,7,7,1,1103301,4,5
1034001,0,1034,0,103401,308,335,355,277,288,2,6,7,7,1,7,5,6,7,7,1103401,4,5
1034002,0,1034,0,103401,356,387,411,321,333,2,6,7,7,1,7,5,6,7,7,1103401,4,5
1034003,0,1034,0,103401,340,369,391,306,318,2,6,7,7,1,7,5,6,7,7,1103401,4,5
1034004,0,1034,0,103401,356,387,411,321,333,2,6,7,7,1,7,5,6,7,7,1103401,4,5
1034005,0,1034,0,103401,340,369,391,306,318,2,6,7,7,1,7,5,6,7,7,1103401,4,5
1034006,0,1034,0,103401,358,388,411,323,335,2,6,7,7,1,7,5,6,7,7,1103401,4,5
1034007,0,1034,0,103401,286,311,330,257,268,2,6,7,7,1,7,5,6,7,7,1103401,4,5
1034008,0,1034,0,103401,291,317,335,262,272,2,6,7,7,1,7,5,6,7,7,1103401,4,5
1034009,0,1034,0,103401,286,311,329,257,267,2,6,7,7,1,7,5,6,7,7,1103401,4,5
1034010,0,1034,0,103401,289,315,334,260,271,2,6,7,7,1,7,5,6,7,7,1103401,4,5
1034011,0,1034,0,103401,311,337,358,280,290,2,6,7,7,1,6,5,7,7,7,1103401,4,5
1034012,0,1034,0,103401,354,389,407,320,330,2,6,7,7,1,6,5,7,7,7,1103401,4,5
1034013,0,1034,0,103401,356,386,410,320,332,2,6,7,7,1,6,5,7,7,7,1103401,4,5
1034014,0,1034,0,103401,263,285,303,237,245,2,6,7,7,1,6,5,7,7,7,1103401,4,5
1034015,0,1034,0,103401,323,350,371,290,301,2,6,7,7,1,6,5,7,7,7,1103401,4,5
1034016,0,1034,0,103401,356,386,410,320,332,2,6,7,7,1,6,5,7,7,7,1103401,4,5
1034017,0,1034,0,103401,354,396,407,318,330,2,6,7,7,1,6,5,7,7,7,1103401,4,5
1034018,0,1034,0,103401,356,386,410,320,332,2,6,7,7,1,6,5,7,7,7,1103401,4,5
1034019,0,1034,0,103401,311,337,358,280,290,2,6,7,7,1,6,5,7,7,7,1103401,4,5
1034020,0,1034,0,103401,354,396,407,318,330,2,6,7,7,1,6,5,7,7,7,1103401,4,5
1034100,0,1034,0,101,208,254,301,303,155,2,6,7,7,1,7,5,6,7,7,0,3,5
1034101,0,1034,0,103443,208,254,301,303,155,2,6,7,7,1,6,5,7,7,7,9067,3,5
1034102,0,1034,0,103401,208,254,301,303,155,2,6,7,7,1,7,5,6,7,7,9101,3,5
1034900,0,1034,0,103401,239,259,275,215,223,2,7,7,7,1,6,5,7,7,7,1103401,4,5
1035001,0,1035,0,103501,325,301,325,290,252,1,2,7,6,1,6,7,1,7,1,1103501,4,5
1035002,0,1035,0,103501,353,327,353,316,274,1,2,7,6,1,6,7,1,7,1,1103501,4,5
1035003,0,1035,0,103501,327,303,327,292,254,1,2,7,6,1,6,7,1,7,1,1103501,4,5
1035004,0,1035,0,103501,320,297,320,286,249,1,2,7,6,1,6,7,1,7,1,1103501,4,5
1035005,0,1035,0,103501,325,301,325,290,252,1,2,7,6,1,6,7,1,7,1,1103501,4,5
1035006,0,1035,0,103501,353,327,353,316,274,1,2,7,6,1,6,7,1,7,1,1103501,4,5
1035007,0,1035,0,103501,327,303,327,292,254,1,2,7,6,1,6,7,1,7,1,1103501,4,5
1035008,0,1035,0,103501,320,297,320,286,249,1,2,7,6,1,6,7,1,7,1,1103501,4,5
1035009,0,1035,0,103501,323,299,323,288,250,1,2,7,6,1,6,7,1,7,1,1103501,4,5
1035010,0,1035,0,103501,394,364,394,352,305,1,2,7,6,1,6,7,1,7,1,1103501,4,5
1035011,0,1035,0,103501,330,306,330,295,256,1,2,7,6,1,6,7,1,7,1,1103501,4,5
1035012,0,1035,0,103501,330,306,330,295,256,1,2,7,6,1,6,7,1,7,1,1103501,4,5
1035013,0,1035,0,103501,871,806,871,779,676,1,2,7,6,1,6,7,1,7,1,1103502,4,5
1035014,0,1035,0,103501,330,306,330,295,256,1,2,7,6,1,6,7,1,7,1,1103501,4,5
1035015,0,1035,0,103501,356,329,356,318,276,1,2,7,6,1,6,7,1,7,1,1103501,4,5
1035016,0,1035,0,103501,330,306,330,295,256,1,2,7,6,1,6,7,1,7,1,1103501,4,5
1035017,0,1035,0,103501,356,329,356,318,276,1,2,7,6,1,6,7,1,7,1,1103501,4,5
1035100,0,1035,0,101,224,207,224,200,175,1,2,7,6,1,6,7,1,7,1,0,3,5
1035101,0,1035,0,103501,249,207,323,200,230,1,2,7,6,1,6,7,1,7,1,1103501,3,5
1035900,0,1035,0,103501,302,146,274,217,249,5,5,7,6,1,6,7,1,7,5,1103501,4,5
1036001,0,1036,0,103601,304,264,304,241,286,2,5,7,7,2,5,6,7,7,1,1103601,4,5
1036002,0,1036,0,103601,324,281,324,257,305,2,5,7,7,2,5,7,7,7,1,1103601,4,5
1036003,0,1036,0,103601,326,279,326,257,307,2,5,7,7,2,5,7,7,7,1,1103601,4,5
1036004,0,1036,0,103601,514,424,488,388,460,2,5,7,7,2,5,7,7,7,1,1103601,4,5
1036005,0,1036,0,103601,373,323,373,296,351,2,5,7,7,2,5,7,7,7,1,1103601,4,5
1036006,0,1036,0,103601,527,446,488,388,460,2,5,7,7,2,5,7,7,7,1,1103601,4,5
1036007,0,1036,0,103601,321,279,321,255,303,2,5,7,7,2,5,7,7,7,1,1103601,4,5
1036008,0,1036,0,103601,334,290,334,265,315,2,5,7,7,2,5,7,7,7,1,1103601,4,5
1036009,0,1036,0,103601,283,245,283,224,266,2,5,7,7,2,5,7,7,7,1,1103601,4,5
1036010,0,1036,0,103601,334,290,334,265,315,2,5,7,7,2,5,7,7,7,1,1103601,4,5
1036011,0,1036,0,103601,319,277,319,253,300,2,5,7,7,2,5,7,7,7,1,1103601,4,5
1036012,0,1036,0,103601,360,312,360,286,339,2,5,7,7,2,5,7,7,7,1,1103601,4,5
1036013,0,1036,0,103601,319,277,319,253,300,2,5,7,7,2,5,7,7,7,1,1103601,4,5
1036014,0,1036,0,103601,319,277,319,253,300,2,5,7,7,2,5,7,7,7,1,1103601,4,5
1036100,0,1036,0,101,227,218,214,219,302,2,5,7,7,2,5,6,7,7,1,0,3,5
1036101,0,1036,0,103601,227,218,214,219,337,2,5,7,7,2,5,6,7,7,1,9075,3,5
1036900,0,1036,0,103601,257,223,257,204,242,2,5,7,7,2,5,7,7,7,1,1103601,4,5
1037001,0,1037,0,103701,318,306,306,272,298,1,1,7,6,1,6,7,1,7,2,1103701,4,5
1037002,0,1037,0,103701,317,305,305,271,295,1,1,7,6,1,6,7,1,7,2,1103701,4,5
1037003,0,1037,0,103701,315,303,303,269,294,1,1,7,6,1,6,7,1,7,2,1103701,4,5
1037004,0,1037,0,103701,300,287,287,254,279,1,1,7,6,1,6,7,1,7,2,1103701,4,5
1037005,0,1037,0,103701,252,241,241,213,234,1,7,7,6,1,6,7,1,7,2,1103701,4,5
1037006,0,1037,0,103701,290,277,277,245,269,1,1,7,6,1,6,7,1,7,2,1103701,4,5
1037007,0,1037,0,103701,302,289,289,256,281,1,1,7,6,1,6,7,1,7,2,1103701,4,5
1037008,0,1037,0,103701,353,337,337,298,328,1,1,7,6,1,6,7,1,7,2,1103701,4,5
1037009,0,1037,0,103701,310,296,296,262,288,1,1,7,6,1,6,7,1,7,2,1103701,4,5
1037010,0,1037,0,103701,252,241,241,213,234,1,7,7,6,1,6,7,1,7,2,1103701,4,5
1037011,0,1037,0,103701,328,313,313,277,304,1,7,7,6,1,6,7,1,7,2,1103701,4,5
1037012,0,1037,0,103701,312,299,299,264,290,1,7,7,6,1,6,7,1,7,2,1103701,4,5
1037013,0,1037,0,103701,328,313,313,277,304,1,7,7,6,1,6,7,1,7,2,1103701,4,5
1037014,0,1037,0,103701,378,362,362,320,351,1,7,7,6,1,6,7,1,7,2,1103701,4,5
1037015,0,1037,0,103701,328,313,313,277,304,1,1,7,6,1,6,7,1,7,2,1103701,4,5
1037016,0,1037,0,103701,353,337,337,298,328,1,1,7,6,1,6,7,1,7,2,1103701,4,5
1037017,0,1037,0,103701,312,299,299,264,290,1,1,7,6,1,6,7,1,7,2,1103701,4,5
1037018,0,1037,0,103701,378,362,362,320,351,1,1,7,6,1,6,7,1,7,2,1103701,4,5
1037019,0,1037,0,103701,312,299,299,264,290,1,1,7,6,1,6,7,1,7,2,1103701,4,5
1037020,0,1037,0,103701,403,386,386,341,374,1,1,7,6,1,6,7,1,7,2,1103701,4,5
1037021,0,1037,0,103701,328,313,313,277,304,1,1,7,6,1,6,7,1,7,2,1103701,4,5
1037022,0,1037,0,103701,252,241,241,213,234,1,7,7,6,1,6,7,1,7,2,1103701,4,5
1037023,0,1037,0,103701,328,313,313,277,304,1,1,7,6,1,6,7,1,7,2,1103701,4,5
1037024,0,1037,0,103701,353,337,337,298,328,1,1,7,6,1,6,7,1,7,2,1103701,4,5
1037025,0,1037,0,103701,328,313,313,277,304,1,7,7,6,1,6,7,1,7,2,1103701,4,5
1037026,0,1037,0,103701,328,313,313,277,304,1,1,7,6,1,6,7,1,7,2,1103701,4,5
1037027,0,1037,0,103701,312,299,299,264,290,1,1,7,6,1,6,7,1,7,2,1103701,4,5
1037028,0,1037,0,103701,403,386,386,341,374,1,1,7,6,1,6,7,1,7,2,1103701,4,5
1037029,0,1037,0,103701,328,313,313,277,304,1,1,7,6,1,6,7,1,7,2,1103701,4,5
1037030,0,1037,0,103701,328,313,313,277,304,1,1,7,6,1,6,7,1,7,2,1103701,4,5
1037031,0,1037,0,103701,363,347,347,307,337,1,1,7,6,1,6,7,1,7,2,1103701,4,5
1037032,0,1037,0,103701,857,819,819,724,796,1,1,7,6,1,6,7,1,7,2,1103702,4,5
1037033,0,1037,0,103701,312,299,299,264,290,1,1,7,6,1,6,7,1,7,2,1103701,4,5
1037034,0,1037,0,103701,328,313,313,277,304,1,1,7,6,1,6,7,1,7,2,1103701,4,5
1037035,0,1037,0,103701,328,313,313,277,304,1,1,7,6,1,6,7,1,7,2,1103701,4,5
1037036,0,1037,0,103701,363,347,347,307,337,1,1,7,6,1,6,7,1,7,2,1103701,4,5
1037037,0,1037,0,103701,252,241,241,213,234,1,1,7,6,1,7,6,1,7,2,1103701,4,5
1037100,0,1037,0,101,252,242,242,214,235,1,1,7,6,1,6,7,1,7,2,0,3,5
1037101,0,1037,0,103701,251,252,251,250,252,1,1,7,6,1,6,7,1,7,2,1103701,3,5
1037900,0,1037,0,103701,245,209,230,245,237,6,6,7,6,1,6,7,1,7,6,1103701,4,5
1038001,0,1038,0,103801,374,174,385,289,339,7,4,1,1,6,7,3,1,7,2,1103801,4,5
1038100,0,1038,0,101,288,134,296,222,261,7,4,1,1,6,7,3,1,7,2,0,3,5
1038101,0,1038,0,103826,288,134,296,222,261,7,4,1,1,6,7,3,1,7,2,9059,3,5
1038900,0,1038,0,103801,288,134,296,222,261,7,4,1,1,6,7,3,1,7,2,1103801,4,5
1039001,0,1039,0,103901,342,243,365,280,307,4,6,7,2,1,5,7,4,7,1,1103901,4,5
1039002,0,1039,0,103901,346,245,369,283,311,4,7,7,2,1,5,7,4,7,1,1103901,4,5
1039003,0,1039,0,103901,363,258,388,297,326,4,6,7,2,1,5,7,4,7,1,1103901,4,5
1039004,0,1039,0,103901,384,273,410,315,345,4,6,7,2,1,5,7,4,7,1,1103901,4,5
1039005,0,1039,0,103901,358,254,382,293,321,4,6,7,2,1,5,7,4,7,1,1103901,4,5
1039006,0,1039,0,103901,399,283,426,326,358,4,6,7,2,1,5,7,4,7,1,1103901,4,5
1039007,0,1039,0,103901,371,263,396,304,333,4,6,7,2,1,5,7,4,7,1,1103901,4,5
1039008,0,1039,0,103901,795,564,849,651,714,4,6,7,2,1,5,7,4,7,1,1103902,4,5
1039009,0,1039,0,103901,861,611,920,705,774,4,6,7,2,1,5,7,4,7,1,1103903,4,5
1039010,0,1039,0,103901,477,338,509,391,428,4,6,7,2,1,5,7,4,7,1,1103901,4,5
1039100,0,1039,0,101,195,232,311,233,193,4,6,7,2,1,5,7,4,7,1,0,3,5
1039101,0,1039,0,103901,212,232,336,233,182,7,6,7,2,1,5,7,4,7,1,9079,3,5
1039900,0,1039,0,103901,265,188,283,217,238,4,7,7,2,1,5,7,4,7,1,1103901,4,5
1040001,0,1040,0,104001,310,323,275,301,211,2,7,7,7,2,7,7,2,7,4,1104001,4,5
1040002,0,1040,0,104001,313,327,277,304,212,2,7,7,7,2,7,7,2,7,4,1104001,4,5
1040003,0,1040,0,104001,302,315,268,293,205,2,7,7,7,2,7,7,2,7,4,1104001,4,5
1040004,0,1040,0,104001,318,332,282,309,216,2,7,7,7,2,7,7,2,7,4,1104001,4,5
1040005,0,1040,0,104001,307,320,272,297,208,2,7,7,7,2,7,7,2,7,4,1104001,4,5
1040006,0,1040,0,104001,307,320,272,297,208,2,7,7,7,2,7,7,2,7,4,1104001,4,5
1040007,0,1040,0,104001,325,339,288,315,220,2,7,7,6,2,7,7,2,7,4,1104001,4,5
1040008,0,1040,0,104001,346,360,306,335,234,2,7,7,6,2,7,7,2,7,4,1104001,4,5
1040100,0,1040,0,101,249,260,220,241,169,6,7,6,6,6,6,7,2,7,7,0,3,5
1040101,0,1040,0,104001,249,260,260,241,209,6,7,6,6,6,6,7,2,7,7,1104001,3,5
1040900,0,1040,0,104001,260,271,230,252,176,2,7,7,7,2,7,7,2,7,4,1104001,4,5
1041001,0,1041,0,104101,348,126,338,311,274,7,6,1,1,6,7,2,1,7,1,1104101,4,5
1041002,0,1041,0,104101,348,126,338,311,274,7,6,1,1,6,7,2,1,7,1,1104101,4,5
1041003,0,1041,0,104101,372,135,361,332,293,7,6,1,1,6,7,2,1,7,1,1104101,4,5
1041004,0,1041,0,104101,449,164,436,401,354,7,6,1,1,6,7,2,1,7,1,1104101,4,5
1041005,0,1041,0,104101,371,126,368,338,296,7,6,1,1,6,7,2,1,7,1,1104101,4,5
1041006,0,1041,0,104101,446,152,441,405,356,7,6,1,1,6,7,2,1,7,1,1104101,4,5
1041007,0,1041,0,104101,401,136,397,365,320,7,6,1,1,6,7,2,1,7,1,1104101,4,5
1041008,0,1041,0,104101,404,137,400,367,322,7,6,1,1,6,7,2,1,7,7,1104101,4,5
1041009,0,1041,0,104101,425,141,420,386,339,7,6,1,1,7,7,2,1,7,7,1104101,4,5
1041010,0,1041,0,104101,401,136,397,365,320,7,6,1,1,7,7,2,1,7,7,1104101,4,5
1041011,0,1041,0,104101,356,121,353,324,284,7,6,1,1,7,7,2,1,7,7,1104101,4,5
1041012,0,1041,0,104101,511,173,506,462,405,7,6,1,1,7,7,2,1,7,7,1104101,4,5
1041013,0,1041,0,104101,431,146,426,392,344,7,6,1,1,7,7,2,1,7,7,1104101,4,5
1041014,0,1041,0,104101,431,146,426,392,344,7,7,1,1,7,7,2,1,7,7,1104101,4,5
1041015,0,1041,0,104101,549,187,544,500,438,7,6,1,1,7,7,2,1,7,7,1104101,4,5
1041016,0,1041,0,104101,505,172,500,459,403,7,6,1,1,7,7,2,1,7,7,1104101,4,5
1041017,0,1041,0,104101,446,152,441,405,356,7,6,1,1,7,7,2,1,7,7,1104101,4,5
1041018,0,1041,0,104101,401,136,397,365,320,7,7,1,1,7,7,2,1,7,7,1104101,4,5
1041019,0,1041,0,104101,549,187,544,500,438,7,6,1,1,7,7,2,1,7,7,1104101,4,5
1041020,0,1041,0,104101,745,254,738,678,595,7,6,1,1,7,7,2,1,7,7,1104101,4,5
1041021,0,1041,0,104101,416,141,412,378,332,7,7,1,1,7,7,2,1,7,7,1104101,4,5
1041022,0,1041,0,104101,460,157,456,419,367,7,6,1,1,7,6,2,1,7,7,1104101,4,5
1041100,0,1041,0,101,259,91,256,235,207,7,6,1,1,7,7,2,1,7,7,0,3,5
1041101,0,1041,0,104101,309,129,308,235,252,7,6,1,1,7,7,2,1,7,7,1104101,3,5
1041900,0,1041,0,104101,245,271,236,232,253,7,6,6,5,7,7,2,1,7,6,1104101,4,5
1042001,0,1042,0,104201,294,237,298,271,302,7,7,2,1,5,5,7,6,7,2,1104201,4,5
1042002,0,1042,0,104201,374,302,380,345,385,7,7,2,1,5,5,7,6,7,2,1104201,4,5
1042100,0,1042,0,101,294,217,238,201,292,7,7,2,1,5,5,7,6,7,2,0,3,5
1042101,0,1042,0,104201,324,217,328,201,332,7,7,2,1,7,5,6,6,7,2,9025,3,5
1042102,0,1042,0,104201,294,217,238,201,292,7,7,2,1,5,5,7,6,7,2,9108,3,5
1042900,0,1042,0,104201,253,204,257,233,260,7,7,2,1,5,5,7,6,7,2,1104201,4,5
1043001,0,1043,0,104301,370,284,399,303,325,5,7,6,1,1,7,6,2,2,7,1104301,4,5
1043002,0,1043,0,104301,383,294,413,314,336,5,7,6,1,1,7,6,2,2,7,1104301,4,5
1043100,0,1043,0,101,192,204,223,231,192,5,7,6,1,2,7,5,1,2,7,0,3,5
1043101,0,1043,0,101,265,204,256,305,182,5,7,6,1,2,7,5,1,2,7,9126,3,5
1043900,0,1043,0,104301,255,196,275,209,224,5,7,7,1,1,7,6,2,2,7,1104301,4,5
1044001,0,1044,0,104401,364,307,374,295,350,3,7,7,5,1,3,6,7,7,1,1104401,4,5
1044002,0,1044,0,104401,331,279,341,268,319,3,7,7,5,1,3,6,7,7,1,1104401,4,5
1044003,0,1044,0,104401,327,275,336,264,314,3,7,7,5,1,3,6,7,7,1,1104401,4,5
1044004,0,1044,0,104401,376,316,386,303,361,3,7,7,5,1,3,7,7,7,1,1104401,4,5
1044005,0,1044,0,104401,389,327,399,314,374,3,7,7,5,1,3,7,7,7,1,1104401,4,5
1044006,0,1044,0,104401,376,316,386,303,361,3,7,7,5,1,3,7,7,7,1,1104401,4,5
1044007,0,1044,0,104401,357,301,367,288,344,3,7,7,5,1,3,7,7,7,1,1104401,4,5
1044008,0,1044,0,104401,319,269,328,258,307,3,7,7,5,1,3,7,7,7,1,1104401,4,5
1044009,0,1044,0,104401,393,331,404,317,378,3,7,7,5,1,3,7,7,7,1,1104401,4,5
1044010,0,1044,0,104401,393,331,404,317,378,3,7,7,5,1,3,7,7,7,1,1104401,4,5
1044011,0,1044,0,104401,319,269,328,258,307,3,7,7,5,1,3,7,7,7,1,1104401,4,5
1044012,0,1044,0,104401,393,331,404,317,378,3,7,7,5,1,3,7,7,7,1,1104401,4,5
1044013,0,1044,0,104401,337,283,346,272,324,3,7,7,5,1,3,7,7,7,1,1104401,4,5
1044014,0,1044,0,104401,389,327,399,314,374,3,7,7,5,1,3,7,7,7,1,1104401,4,5
1044015,0,1044,0,104401,414,349,426,334,398,3,7,7,5,1,3,7,7,7,1,1104401,4,5
1044016,0,1044,0,104401,337,283,346,272,324,3,7,7,5,1,3,7,7,7,1,1104401,4,5
1044017,0,1044,0,104401,414,349,426,334,398,3,7,7,5,1,3,7,7,7,1,1104401,4,5
1044018,0,1044,0,104401,337,283,346,272,324,3,7,7,5,1,3,7,7,7,1,1104401,4,5
1044019,0,1044,0,104401,414,349,426,334,398,3,7,7,5,1,3,7,7,7,1,1104401,4,5
1044020,0,1044,0,104401,285,240,293,230,274,3,7,7,5,1,3,7,7,7,1,1104401,4,5
1044021,0,1044,0,104401,363,305,372,293,349,3,7,7,5,1,3,7,7,7,1,1104401,4,5
1044022,0,1044,0,104401,363,305,372,293,349,3,7,7,5,1,3,6,7,7,1,1104401,4,5
1044023,0,1044,0,104401,363,305,372,293,349,3,7,7,5,1,3,6,7,7,1,1104401,4,5
1044024,0,1044,0,104401,337,283,346,272,324,3,7,7,5,1,3,7,7,7,1,1104401,4,5
1044100,0,1044,0,101,242,213,291,146,219,3,7,7,5,1,3,6,7,7,1,0,3,5
1044101,0,1044,0,104401,296,251,291,146,219,3,7,7,5,1,3,6,7,7,1,9092,3,5
1044900,0,1044,0,104401,259,218,266,209,249,3,7,7,5,1,3,7,7,7,1,1104401,4,5
1045001,0,1045,0,104501,310,333,289,275,310,1,1,7,7,4,7,6,1,7,1,1104501,4,5
1045002,0,1045,0,104501,309,331,286,274,309,1,1,7,7,4,7,6,1,7,1,1104501,4,5
1045003,0,1045,0,104501,308,330,285,273,308,1,1,7,7,4,7,6,1,7,1,1104501,4,5
1045004,0,1045,0,104501,302,325,279,266,302,1,1,7,7,4,7,6,1,7,1,1104501,4,5
1045005,0,1045,0,104501,253,324,282,337,344,1,1,7,7,4,7,6,1,7,1,1104501,4,5
1045006,0,1045,0,104501,331,356,309,294,331,1,1,7,7,4,7,6,1,7,1,1104501,4,5
1045007,0,1045,0,104501,352,378,329,313,352,1,1,7,7,4,7,6,1,7,1,1104501,4,5
1045008,0,1045,0,104501,331,356,309,294,331,1,1,7,7,4,7,6,1,7,1,1104501,4,5
1045009,0,1045,0,104501,342,368,318,357,364,1,1,7,7,4,7,6,1,7,1,1104501,4,5
1045010,0,1045,0,104501,228,319,254,306,312,1,1,7,7,4,7,6,1,7,1,1104501,4,5
1045011,0,1045,0,104501,361,343,318,357,364,1,1,7,7,4,7,6,1,7,1,1104501,4,5
1045012,0,1045,0,104501,285,319,297,357,364,1,1,7,7,4,7,6,1,7,1,1104501,4,5
1045013,0,1045,0,104501,266,343,297,357,364,1,1,7,7,4,7,6,1,7,1,1104501,4,5
1045014,0,1045,0,104501,295,380,329,395,403,1,1,7,7,4,7,6,1,7,1,1104501,4,5
1045015,0,1045,0,104501,247,319,276,332,338,1,1,7,7,4,7,6,1,7,1,1104501,4,5
1045016,0,1045,0,104501,266,343,297,357,364,1,1,7,7,4,7,6,1,7,1,1104501,4,5
1045017,0,1045,0,104501,304,392,326,393,400,1,1,7,7,4,7,6,1,7,1,1104501,4,5
1045018,0,1045,0,104501,266,343,297,357,364,1,1,7,7,4,7,6,1,7,1,1104501,4,5
1045019,0,1045,0,104501,304,387,329,395,403,1,1,7,7,4,7,6,1,7,1,1104501,4,5
1045020,0,1045,0,104501,304,392,329,395,403,1,1,7,7,4,7,6,1,7,1,1104501,4,5
1045021,0,1045,0,104501,285,363,314,377,385,1,1,7,7,4,7,6,1,7,1,1104501,4,5
1045022,0,1045,0,104501,279,360,312,375,382,1,1,7,7,4,7,6,1,7,1,1104501,4,5
1045023,0,1045,0,104501,190,245,212,255,260,1,6,7,7,4,7,6,1,7,1,1104501,4,5
1045100,0,1045,0,101,238,256,221,210,238,1,1,7,7,4,7,6,1,7,1,0,3,5
1045101,0,1045,0,104501,238,340,221,210,238,1,1,7,7,4,7,6,1,7,1,1104501,3,5
1045900,0,1045,0,104501,253,228,261,239,232,5,5,7,7,4,7,6,1,7,5,1104501,4,5
1046001,0,1046,0,104601,404,286,343,404,331,6,7,7,3,7,4,1,1,3,7,1104601,4,5
1046002,0,1046,0,104601,410,290,348,410,336,6,7,7,3,7,4,1,1,3,7,1104601,4,5
1046003,0,1046,0,104601,407,288,345,407,334,6,7,7,3,7,4,1,1,3,7,1104601,4,5
1046004,0,1046,0,104601,410,290,348,410,336,6,7,7,3,7,4,1,1,3,7,1104601,4,5
1046005,0,1046,0,104601,385,272,327,385,316,6,7,7,3,7,4,1,1,3,7,1104601,4,5
1046006,0,1046,0,104601,848,598,717,845,692,6,7,7,3,7,4,1,1,3,7,1104602,5,5
1046007,0,1046,0,104601,421,298,357,421,345,6,7,7,3,7,4,1,1,3,7,1104601,4,5
1046008,0,1046,0,104601,881,623,747,881,722,6,7,7,3,7,4,1,1,3,7,1104602,5,5
1046009,0,1046,0,104601,416,294,353,416,341,6,7,7,3,7,4,1,1,3,7,1104601,4,5
1046010,0,1046,0,104601,900,637,764,900,738,6,7,7,3,7,4,1,1,3,7,1104602,4,5
1046011,0,1046,0,104601,360,255,306,360,295,6,7,7,3,7,4,1,1,3,7,1104601,4,5
1046012,0,1046,0,104601,900,637,764,900,738,6,7,7,3,7,4,1,1,3,7,1104603,4,5
1046013,0,1046,0,104601,416,294,353,416,341,6,7,7,3,7,4,1,1,3,7,1104601,4,5
1046014,0,1046,0,104601,360,255,306,360,295,6,7,7,3,7,4,1,1,3,7,1104601,4,5
1046015,0,1046,0,104601,850,602,721,850,697,6,7,8,3,7,4,1,1,3,7,1104604,4,5
1046016,0,1046,0,104601,416,294,353,416,341,6,7,7,3,7,4,1,1,3,7,1104601,4,5
1046017,0,1046,0,104601,416,294,353,416,341,6,7,7,3,7,4,1,1,3,7,1104601,4,5
1046018,0,1046,0,104601,360,255,306,360,295,6,7,7,3,7,4,1,1,3,7,1104601,4,5
1046019,0,1046,0,104601,416,294,353,416,341,6,7,7,3,7,4,1,1,3,7,1104601,4,5
1046020,0,1046,0,104601,416,294,353,416,341,6,7,7,3,7,4,1,1,3,7,1104601,4,5
1046021,0,1046,0,104601,416,294,353,416,341,6,7,7,3,7,4,1,1,3,7,1104601,4,5
1046100,0,1046,0,101,277,196,235,277,227,3,7,7,1,7,6,2,2,3,7,0,3,5
1046101,0,1046,0,104601,299,196,235,277,227,3,7,7,1,7,6,2,2,3,7,9035,3,5
1046102,0,1046,0,104601,299,196,235,277,227,3,7,7,1,7,6,2,2,3,7,9076,3,5
1046103,0,1046,0,104601,299,196,235,277,227,3,7,7,1,7,6,2,2,3,7,9116,3,5
1046900,0,1046,0,104601,277,196,235,277,227,7,7,7,3,7,4,1,1,3,7,1104601,4,5
1047001,0,1047,0,104701,264,275,253,226,233,1,3,7,7,1,6,7,2,7,1,1104702,4,5
1047002,0,1047,0,104701,297,310,285,254,263,1,3,7,7,1,6,7,2,7,1,1104702,4,5
1047003,0,1047,0,104701,301,314,288,258,266,1,3,7,7,1,6,7,2,7,1,1104702,4,5
1047004,0,1047,0,104701,292,305,280,250,258,1,3,7,7,1,6,7,2,7,1,1104702,4,5
1047005,0,1047,0,104701,328,343,315,281,290,1,3,7,7,1,6,7,2,7,1,1104701,4,5
1047006,0,1047,0,104701,364,380,349,313,323,1,3,7,7,1,6,7,2,7,1,1104702,4,5
1047007,0,1047,0,104701,298,311,285,256,264,1,3,7,7,1,6,7,2,7,1,1104702,4,5
1047008,0,1047,0,104701,326,340,311,278,287,1,3,7,7,1,6,7,2,7,1,1104702,4,5
1047009,0,1047,0,104701,331,345,317,283,292,1,3,7,7,1,6,7,2,7,1,1104702,4,5
1047010,0,1047,0,104701,395,412,378,338,349,1,3,7,7,1,6,7,2,7,1,1104701,4,5
1047011,0,1047,0,104701,398,415,376,340,347,1,3,7,7,1,6,7,2,7,1,1104701,4,5
1047012,0,1047,0,104701,344,359,329,294,304,1,3,7,7,1,6,7,2,7,1,1104701,4,5
1047013,0,1047,0,104701,349,364,334,299,308,1,3,7,7,1,6,7,2,7,1,1104701,4,5
1047014,0,1047,0,104701,344,359,329,294,304,1,3,7,7,1,6,7,2,7,1,1104701,4,5
1047015,0,1047,0,104701,319,333,305,273,281,1,3,7,7,1,6,7,2,7,1,1104701,4,5
1047016,0,1047,0,104701,311,325,298,266,275,1,3,7,7,1,6,7,2,7,1,1104701,4,5
1047017,0,1047,0,104701,362,378,342,305,315,1,3,7,7,1,6,7,2,7,1,1104701,4,5
1047018,0,1047,0,104701,314,322,300,268,277,1,3,7,7,1,6,7,2,7,1,1104701,4,5
1047019,0,1047,0,104701,311,325,295,264,272,1,3,7,7,1,6,7,2,7,1,1104701,4,5
1047020,0,1047,0,104701,314,327,298,266,275,1,3,7,7,1,6,7,2,7,1,1104701,4,5
1047021,0,1047,0,104701,339,372,325,290,299,1,3,7,7,1,6,7,2,7,1,1104701,4,5
1047022,0,1047,0,104701,319,333,305,273,281,1,3,7,7,1,6,7,2,7,1,1104701,4,5
1047023,0,1047,0,104701,360,375,344,307,317,1,3,7,7,1,6,7,2,7,1,1104701,4,5
1047024,0,1047,0,104701,362,378,346,310,320,1,3,7,7,1,6,7,2,7,1,1104701,4,5
1047025,0,1047,0,104701,434,452,415,371,383,1,3,7,7,1,6,7,2,7,1,1104701,4,5
1047026,0,1047,0,104701,342,356,327,292,302,1,3,7,7,1,6,7,2,7,1,1104701,4,5
1047027,0,1047,0,104701,342,356,327,292,302,1,3,7,7,1,6,7,2,7,1,1104701,4,5
1047028,0,1047,0,104701,360,375,344,307,317,1,3,7,7,1,6,7,2,7,1,1104701,4,5
1047029,0,1047,0,104701,408,426,390,349,360,1,3,7,7,1,6,7,2,7,1,1104701,4,5
1047030,0,1047,0,104701,281,293,268,240,248,1,3,7,7,1,6,7,2,7,1,1104701,4,5
1047031,0,1047,0,104701,332,346,317,283,293,1,3,7,7,1,6,7,2,7,1,1104701,4,5
1047032,0,1047,0,104701,332,346,317,283,293,1,3,7,7,1,6,7,2,7,1,1104701,4,5
1047033,0,1047,0,104701,332,346,317,283,293,1,3,7,7,1,6,7,2,7,1,1104701,4,5
1047034,0,1047,0,104701,281,293,268,240,248,1,3,7,7,1,6,7,2,7,1,1104701,4,5
1047035,0,1047,0,104701,383,399,366,327,338,1,3,7,7,1,6,7,2,7,1,1104701,4,5
1047036,0,1047,0,104701,332,346,317,283,293,1,3,7,7,1,6,7,2,7,1,1104701,4,5
1047037,0,1047,0,104701,332,346,317,283,293,1,3,7,7,1,6,7,2,7,1,1104701,4,5
1047038,0,1047,0,104701,357,372,342,305,315,1,3,7,7,1,6,7,2,7,1,1104701,4,5
1047039,0,1047,0,104701,408,426,390,349,360,1,3,7,7,1,6,7,2,7,1,1104701,4,5
1047040,0,1047,0,104701,383,399,366,327,338,1,3,7,7,1,6,7,2,7,1,1104701,4,5
1047100,0,1047,0,101,255,266,244,218,225,1,3,7,7,1,6,7,2,7,1,0,3,5
1047900,0,1047,0,104701,255,266,244,218,225,1,3,7,7,1,6,7,2,7,1,1104701,4,5
1048001,0,1048,0,104801,330,324,276,267,293,1,1,7,6,1,7,6,1,7,1,1104801,4,5
1048002,0,1048,0,104801,331,325,277,268,295,1,1,7,6,1,7,6,1,7,1,1104801,4,5
1048003,0,1048,0,104801,327,321,274,265,291,1,1,7,7,1,7,6,1,7,1,1104801,4,5
1048004,0,1048,0,104801,258,254,215,208,229,1,5,7,6,1,7,6,1,7,1,1104801,4,5
1048005,0,1048,0,104801,310,318,258,250,275,1,1,7,7,1,7,6,1,7,1,1104801,4,5
1048006,0,1048,0,104801,310,305,258,250,275,1,1,7,6,1,7,6,1,7,1,1104801,4,5
1048007,0,1048,0,104801,297,292,247,239,263,1,1,7,6,1,7,6,1,7,1,1104801,4,5
1048008,0,1048,0,104801,310,305,258,250,275,1,1,7,6,1,7,6,1,7,1,1104801,4,5
1048009,0,1048,0,104801,369,363,307,297,327,1,1,7,6,1,7,6,1,7,1,1104801,4,5
1048010,0,1048,0,104801,335,330,280,270,298,1,1,7,6,1,7,6,1,7,1,1104801,4,5
1048011,0,1048,0,104801,361,356,301,291,321,1,1,7,6,1,7,6,1,7,1,1104801,4,5
1048012,0,1048,0,104801,361,356,301,291,321,1,1,7,6,1,7,6,1,7,1,1104801,4,5
1048013,0,1048,0,104801,284,279,237,229,252,1,1,7,6,1,7,6,1,7,1,1104801,4,5
1048014,0,1048,0,104801,335,330,280,270,298,1,1,7,6,1,7,6,1,7,1,1104801,4,5
1048015,0,1048,0,104801,335,330,280,270,298,1,1,7,6,1,7,6,1,7,1,1104801,4,5
1048016,0,1048,0,104801,320,315,267,258,284,1,1,7,6,1,7,6,1,7,1,1104801,4,5
1048017,0,1048,0,104801,335,330,280,270,298,1,1,7,6,1,7,6,1,7,1,1104801,4,5
1048018,0,1048,0,104801,361,356,301,291,321,1,1,7,6,1,7,6,1,7,1,1104801,4,5
1048019,0,1048,0,104801,320,315,267,258,284,1,1,7,6,1,7,6,1,7,1,1104801,4,5
1048020,0,1048,0,104801,320,315,267,258,284,1,1,7,6,1,7,6,1,7,1,1104801,4,5
1048021,0,1048,0,104801,335,330,280,270,298,1,1,7,6,1,7,6,1,7,1,1104801,4,5
1048022,0,1048,0,104801,361,356,301,291,321,1,1,7,6,1,7,6,1,7,1,1104801,4,5
1048023,0,1048,0,104801,335,330,280,270,298,1,1,7,6,1,7,6,1,7,1,1104801,4,5
1048024,0,1048,0,104801,413,406,344,333,366,1,1,7,6,1,7,6,1,7,1,1104801,4,5
1048025,0,1048,0,104801,361,356,301,291,321,1,1,7,6,1,7,6,1,7,1,1104801,4,5
1048026,0,1048,0,104801,335,330,280,270,298,1,1,7,6,1,7,6,1,7,1,1104801,4,5
1048027,0,1048,0,104801,361,356,301,291,321,1,1,7,6,1,7,6,1,7,1,1104801,4,5
1048028,0,1048,0,104801,335,330,280,270,298,1,1,7,6,1,7,6,1,7,1,1104801,4,5
1048029,0,1048,0,104801,335,330,280,270,298,1,1,7,6,1,7,6,1,7,1,1104801,4,5
1048030,0,1048,0,104801,387,381,323,312,344,1,1,7,6,1,7,6,1,7,1,1104801,4,5
1048031,0,1048,0,104801,387,381,323,312,344,1,1,7,6,1,7,6,1,7,1,1104801,4,5
1048032,0,1048,0,104801,361,356,301,291,321,1,1,7,6,1,7,6,1,7,1,1104801,4,5
1048033,0,1048,0,104801,335,330,280,270,298,1,1,7,6,1,7,6,1,7,1,1104801,4,5
1048034,0,1048,0,104801,413,406,344,333,366,1,1,7,6,1,7,6,1,7,1,1104801,4,5
1048035,0,1048,0,104801,335,330,280,270,298,1,1,7,6,1,7,6,1,7,1,1104801,4,5
1048100,0,1048,0,101,280,284,236,167,193,1,1,7,6,1,7,6,1,7,1,0,3,5
1048101,0,1048,0,104801,280,284,236,207,208,1,1,7,6,1,6,7,1,7,1,9020,3,5
1048900,0,1048,0,104801,265,238,262,215,241,5,5,7,6,1,7,6,1,7,5,1104801,4,5
1049001,0,1049,0,104901,341,302,321,284,176,2,4,7,5,1,5,7,4,7,1,1104901,4,5
1049002,0,1049,0,104901,373,331,351,310,193,2,4,7,5,1,5,7,4,7,1,1104901,4,5
1049003,0,1049,0,104901,376,333,354,312,194,2,4,7,5,1,5,7,4,7,1,1104901,4,5
1049004,0,1049,0,104901,376,333,354,312,194,2,4,7,5,1,5,7,4,7,1,1104901,4,5
1049005,0,1049,0,104901,491,435,462,408,253,2,4,7,5,1,5,7,4,7,1,1104901,4,5
1049006,0,1049,0,104901,434,384,408,360,224,2,4,7,5,1,5,7,4,7,1,1104901,4,5
1049007,0,1049,0,104901,376,333,354,312,194,2,4,7,5,1,5,7,4,7,1,1104901,4,5
1049008,0,1049,0,104901,376,333,354,312,194,2,4,7,5,1,5,7,4,7,1,1104901,4,5
1049009,0,1049,0,104901,434,384,408,360,224,2,4,7,5,1,5,7,4,7,1,1104901,4,5
1049100,0,1049,0,101,241,252,261,234,176,2,4,7,5,1,5,7,4,7,1,0,3,5
1049101,0,1049,0,104901,282,252,294,234,176,2,4,7,5,1,5,7,4,7,1,9019,3,5
1049102,0,1049,0,104901,282,252,294,234,176,2,4,7,5,1,5,7,4,7,1,9029,3,5
1049900,0,1049,0,104901,289,256,272,240,149,2,4,7,5,1,5,7,4,7,1,1104901,4,5
1050001,0,1050,0,105001,325,320,343,293,219,5,6,7,5,1,1,6,7,7,1,1105001,4,5
1050002,0,1050,0,105001,393,388,416,355,265,5,6,7,5,1,1,6,7,7,1,1105001,4,5
1050003,0,1050,0,105001,324,320,343,292,218,5,6,7,5,1,1,6,7,7,1,1105001,4,5
1050004,0,1050,0,105001,320,316,338,288,216,5,6,7,5,1,1,6,7,7,1,1105001,4,5
1050005,0,1050,0,105001,326,321,344,294,219,5,6,7,5,1,1,6,7,7,1,1105001,4,5
1050006,0,1050,0,105001,324,318,342,292,216,5,6,7,7,1,1,6,7,7,1,1105001,4,5
1050007,0,1050,0,105001,393,388,416,355,265,5,6,7,7,1,1,6,7,7,1,1105001,4,5
1050008,0,1050,0,105001,324,320,343,292,218,5,6,7,7,1,1,6,7,7,1,1105001,4,5
1050009,0,1050,0,105001,240,237,252,214,161,5,6,7,7,1,1,6,7,7,1,1105001,4,5
1050010,0,1050,0,105001,326,321,344,294,219,5,6,7,7,1,1,6,7,7,1,1105001,4,5
1050011,0,1050,0,105001,419,366,411,369,287,5,6,7,5,1,1,7,7,7,1,1105001,4,5
1050012,0,1050,0,105001,405,354,398,357,278,5,6,7,5,1,1,7,7,7,1,1105001,4,5
1050013,0,1050,0,105001,378,330,371,333,259,5,6,7,5,1,1,7,7,7,1,1105001,4,5
1050100,0,1050,0,101,256,252,214,207,228,5,6,7,5,1,1,7,7,7,1,0,3,5
1050101,0,1050,0,105001,256,252,328,207,228,5,6,7,5,1,1,7,7,7,1,1105001,3,5
1050900,0,1050,0,105001,264,241,271,212,216,5,6,7,5,1,1,7,7,7,5,1105001,4,5
1051001,0,1051,0,105101,369,218,365,355,311,7,7,4,1,5,7,5,1,7,1,1105101,4,5
1051002,0,1051,0,105101,342,204,339,329,289,7,7,4,1,5,7,5,1,7,1,1105101,4,5
1051003,0,1051,0,105101,336,198,333,325,283,7,7,4,1,5,7,5,1,7,1,1105101,4,5
1051004,0,1051,0,105101,369,218,365,355,311,7,7,4,1,5,7,5,1,7,1,1105101,4,5
1051005,0,1051,0,105101,405,210,369,359,312,7,7,4,1,5,7,5,1,7,7,1105101,4,5
1051006,0,1051,0,105101,389,224,384,377,327,7,7,4,1,5,7,5,1,7,7,1105101,4,5
1051007,0,1051,0,105101,378,218,374,364,316,7,7,6,1,5,7,5,1,7,7,1105101,4,5
1051008,0,1051,0,105101,274,159,272,265,230,7,7,6,1,5,7,5,1,7,7,1105101,4,5
1051009,0,1051,0,105101,342,197,338,329,286,7,7,4,1,5,7,5,1,7,7,1105101,4,5
1051010,0,1051,0,105101,397,228,392,382,331,7,7,4,1,5,7,5,1,7,7,1105101,4,5
1051011,0,1051,0,105101,373,215,369,359,312,7,7,4,1,5,7,5,1,7,7,1105101,4,5
1051100,0,1051,0,101,249,245,263,224,165,7,7,4,1,5,7,5,1,7,7,0,3,5
1051101,0,1051,0,105101,313,245,315,277,273,7,7,4,1,5,7,5,1,7,7,9090,3,5
1051102,0,1051,0,105101,277,245,305,224,165,7,7,4,1,5,7,5,1,7,7,9099,3,5
1051900,0,1051,0,105101,262,277,237,237,169,7,7,5,5,5,7,5,1,7,5,1105101,4,5
1052100,0,1052,0,101,259,151,256,249,217,7,6,1,1,1,1,7,5,1,7,0,3,5
1052101,0,1052,0,105201,259,151,256,249,217,7,6,1,1,1,1,7,5,1,7,1105201,3,5
1052900,0,1052,0,105201,259,240,259,232,202,7,6,6,5,1,1,7,5,5,7,1105201,4,5
1053001,0,1053,0,105301,360,316,382,338,331,7,7,6,1,1,3,7,5,7,4,1105301,4,5
1053002,0,1053,0,105301,307,270,326,288,282,7,7,6,1,1,3,7,5,7,4,1105301,4,5
1053003,0,1053,0,105301,307,270,326,288,282,7,7,6,1,1,3,7,5,7,4,1105301,4,5
1053004,0,1053,0,105301,330,290,350,309,303,7,7,6,1,1,3,7,5,7,4,1105301,4,5
1053005,0,1053,0,105301,302,265,320,283,277,7,7,7,1,1,3,7,5,7,4,1105301,4,5
1053006,0,1053,0,105301,343,301,363,321,315,7,7,6,1,1,3,7,5,7,4,1105301,4,5
1053007,0,1053,0,105301,302,265,320,283,277,7,7,7,1,1,3,7,5,7,4,1105301,4,5
1053008,0,1053,0,105301,335,294,355,314,308,7,7,6,1,1,3,7,5,7,4,1105301,4,5
1053009,0,1053,0,105301,318,279,336,298,291,7,7,6,1,1,3,7,5,7,4,1105301,4,5
1053010,0,1053,0,105301,305,268,323,286,280,7,7,6,1,1,3,7,5,7,4,1105301,4,5
1053011,0,1053,0,105301,302,265,320,283,277,7,7,6,1,1,3,7,5,7,4,1105301,4,5
1053012,0,1053,0,105301,343,301,363,321,315,7,7,6,1,1,3,7,5,7,4,1105301,4,5
1053013,0,1053,0,105301,318,279,336,298,291,7,7,6,1,1,3,7,5,7,4,1105301,4,5
1053014,0,1053,0,105301,318,279,336,298,291,7,7,6,1,1,3,7,5,7,4,1105301,4,5
1053015,0,1053,0,105301,318,279,336,298,291,7,7,6,1,1,3,7,5,7,4,1105301,4,5
1053016,0,1053,0,105301,330,290,350,309,303,7,7,6,1,1,3,7,5,7,4,1105301,4,5
1053017,0,1053,0,105301,343,301,363,321,315,7,7,6,1,1,3,7,5,7,4,1105301,4,5
1053018,0,1053,0,105301,330,290,350,309,303,7,7,6,1,1,3,7,5,7,4,1105301,4,5
1053019,0,1053,0,105301,343,301,363,321,315,7,7,6,1,1,3,7,5,7,4,1105301,4,5
1053020,0,1053,0,105301,318,279,336,298,291,7,7,6,1,1,3,7,5,7,4,1105301,4,5
1053021,0,1053,0,105301,335,294,355,314,308,7,7,6,1,1,3,7,5,7,4,1105301,4,5
1053022,0,1053,0,105301,310,272,328,290,284,7,7,6,1,1,3,7,5,7,4,1105301,4,5
1053023,0,1053,0,105301,356,312,377,333,326,7,7,6,1,1,3,7,5,7,4,1105301,4,5
1053024,0,1053,0,105301,325,285,344,305,298,7,7,6,1,1,3,7,5,7,4,1105301,4,5
1053025,0,1053,0,105301,338,297,358,317,310,7,7,6,1,1,3,7,5,7,4,1105301,4,5
1053026,0,1053,0,105301,335,294,355,314,308,7,7,6,1,1,3,7,5,7,4,1105301,4,5
1053027,0,1053,0,105301,333,292,352,312,305,7,7,6,1,1,3,7,5,7,4,1105301,4,5
1053028,0,1053,0,105301,310,272,328,290,284,7,7,6,1,1,3,7,5,7,4,1105301,4,5
1053029,0,1053,0,105301,307,274,328,290,284,7,7,6,1,1,3,7,5,7,4,1105301,4,5
1053100,0,1053,0,101,260,166,282,238,231,7,7,6,1,1,3,7,5,7,7,0,3,5
1053101,0,1053,0,105301,260,166,304,300,231,7,7,6,1,1,3,6,7,7,4,9018,3,5
1053102,0,1053,0,105301,260,166,304,300,231,7,7,6,1,1,3,7,5,7,7,9117,3,5
1053900,0,1053,0,105301,254,223,269,238,233,7,7,6,1,1,3,7,5,7,7,1105301,4,5
1054001,0,1054,0,105401,362,170,386,225,321,7,6,1,1,1,6,7,6,7,7,1105401,4,5
1054002,0,1054,0,105401,346,162,369,215,307,7,6,1,1,1,6,7,6,7,7,1105401,4,5
1054003,0,1054,0,105401,349,166,372,219,310,7,6,1,1,1,6,7,6,7,7,1105401,4,5
1054004,0,1054,0,105401,373,175,397,232,330,7,6,1,1,1,6,7,6,7,7,1105401,4,5
1054005,0,1054,0,105401,357,168,381,222,317,7,6,1,1,1,6,7,6,7,7,1105401,4,5
1054006,0,1054,0,105401,382,180,407,238,339,7,6,1,1,1,6,7,6,7,7,1105401,4,5
1054007,0,1054,0,105401,349,166,372,219,310,7,6,1,1,1,6,7,6,7,7,1105401,4,5
1054008,0,1054,0,105401,373,175,397,232,330,7,6,1,1,1,6,7,6,7,7,1105401,4,5
1054009,0,1054,0,105401,338,159,361,210,300,7,7,1,1,1,6,7,6,7,7,1105401,4,5
1054010,0,1054,0,105401,397,186,424,247,352,7,6,1,1,1,6,7,6,7,7,1105401,4,5
1054011,0,1054,0,105401,397,186,424,247,352,7,6,1,1,1,6,7,6,7,7,1105401,4,5
1054012,0,1054,0,105401,368,173,393,229,326,7,6,1,1,1,6,7,6,7,7,1105401,4,5
1054013,0,1054,0,105401,368,173,393,229,326,7,6,1,1,1,6,7,6,7,7,1105401,4,5
1054100,0,1054,0,101,98,63,88,179,81,7,6,1,1,1,6,7,6,7,7,0,3,5
1054101,0,1054,0,105401,255,184,258,305,204,7,6,1,1,1,6,7,6,7,7,9109,3,5
1054900,0,1054,0,105401,294,138,314,183,261,7,7,1,1,1,6,7,6,7,7,1105401,4,5
1055001,0,1055,0,105501,366,328,356,303,356,1,1,7,7,1,6,7,5,7,2,1105501,4,5
1055002,0,1055,0,105501,259,232,252,214,252,1,1,7,6,1,6,7,5,7,2,1105501,4,5
1055003,0,1055,0,105501,325,291,316,268,316,1,1,7,6,1,6,7,5,7,2,1105501,4,5
1055004,0,1055,0,105501,325,291,316,268,316,1,1,7,6,1,6,7,5,7,2,1105501,4,5
1055005,0,1055,0,105501,322,288,313,266,313,1,1,7,6,1,6,7,5,7,2,1105501,4,5
1055006,0,1055,0,105501,325,291,316,268,316,1,1,7,6,1,6,7,5,7,2,1105501,4,5
1055007,0,1055,0,105501,325,291,316,268,316,1,1,7,6,1,6,7,5,7,2,1105501,4,5
1055008,0,1055,0,105501,400,358,389,330,389,1,1,7,6,1,6,7,5,7,2,1105501,4,5
1055009,0,1055,0,105501,325,291,316,268,316,1,1,7,6,1,6,7,5,7,2,1105501,4,5
1055010,0,1055,0,105501,400,358,389,330,389,1,1,7,6,1,6,7,5,7,2,1105501,4,5
1055011,0,1055,0,105501,325,291,316,268,316,1,1,7,6,1,6,7,5,7,2,1105501,4,5
1055100,0,1055,0,101,217,235,217,172,165,1,2,7,7,2,7,7,1,7,7,0,3,5
1055101,0,1055,0,101,217,235,299,244,277,1,2,7,7,2,7,7,1,7,7,1105501,3,5
1055900,0,1055,0,105501,259,232,252,214,252,1,1,7,7,1,6,7,5,7,2,1105501,4,5
1056001,0,1056,0,105601,326,352,326,260,250,2,5,7,7,1,6,7,2,7,2,1105601,4,5
1056002,0,1056,0,105601,322,348,322,256,246,2,5,7,7,1,6,7,2,7,2,1105601,4,5
1056003,0,1056,0,105601,322,348,322,256,246,2,5,7,7,1,6,7,2,7,2,1105601,4,5
1056004,0,1056,0,105601,398,432,398,314,303,2,5,7,7,1,6,7,2,7,7,1105601,4,5
1056005,0,1056,0,105601,374,406,374,295,285,2,5,7,7,1,6,7,2,7,7,1105601,4,5
1056006,0,1056,0,105601,369,401,369,291,281,2,5,7,7,1,6,7,2,7,7,1105601,4,5
1056007,0,1056,0,105601,369,401,369,291,281,2,5,7,7,1,6,7,2,7,7,1105601,4,5
1056008,0,1056,0,105601,305,331,305,241,232,2,5,7,7,1,6,7,2,7,7,1105601,4,5
1056009,0,1056,0,105601,305,331,305,241,232,2,5,7,7,1,6,7,2,7,7,1105601,4,5
1056010,0,1056,0,105601,320,347,320,252,243,2,5,7,7,1,6,7,2,7,7,1105602,4,5
1056011,0,1056,0,105601,305,331,305,241,232,2,5,7,7,1,6,7,2,7,7,1105602,4,5
1056012,0,1056,0,105601,320,347,320,252,243,2,5,7,7,1,6,7,2,7,7,1105602,4,5
1056013,0,1056,0,105601,344,374,344,272,262,2,5,7,7,1,6,7,2,7,7,1105602,4,5
1056014,0,1056,0,105601,305,331,305,241,232,2,5,7,7,1,6,7,2,7,7,1105602,4,5
1056015,0,1056,0,105601,344,374,344,272,262,2,5,7,7,1,6,7,2,7,7,1105602,4,5
1056016,0,1056,0,105601,305,331,305,241,232,2,5,7,7,1,6,7,2,7,7,1105602,4,5
1056017,0,1056,0,105601,283,307,283,223,215,2,5,7,7,1,6,7,2,7,7,1105602,4,5
1056018,0,1056,0,105601,246,267,246,194,187,2,5,7,7,1,6,7,2,7,7,1105602,4,5
1056100,0,1056,0,101,282,132,301,175,250,2,5,7,7,1,6,7,2,7,7,0,3,5
1056101,0,1056,0,105601,282,132,301,188,250,2,5,7,7,1,6,7,2,7,7,1105601,3,5
1056900,0,1056,0,105601,269,269,242,217,176,6,5,7,7,1,6,7,2,7,6,1105601,4,5
1057001,0,1057,0,105701,640,392,490,343,607,1,7,7,7,1,3,6,7,7,1,1105702,5,5
1057002,0,1057,0,105701,389,332,358,322,337,1,6,7,7,1,3,7,7,7,1,1105701,4,5
1057003,0,1057,0,105701,394,336,363,326,342,1,6,7,7,1,3,7,7,7,1,1105701,4,5
1057004,0,1057,0,105701,590,503,543,488,512,1,6,7,7,1,3,6,7,7,1,1105703,4,5
1057005,0,1057,0,105701,593,506,545,491,514,1,6,7,7,1,3,6,7,7,1,1105703,4,5
1057006,0,1057,0,105701,598,513,550,495,519,1,6,7,7,1,3,6,7,7,1,1105703,4,5
1057007,0,1057,0,105701,362,309,333,299,314,1,6,7,7,1,3,7,7,7,1,1105701,4,5
1057008,0,1057,0,105701,405,346,373,335,352,1,6,7,7,1,3,7,7,7,1,1105701,4,5
1057009,0,1057,0,105701,359,306,330,297,312,1,6,7,7,1,3,7,7,7,1,1105701,4,5
1057010,0,1057,0,105701,370,316,340,306,321,1,6,7,7,1,3,7,7,7,1,1105701,4,5
1057011,0,1057,0,105701,381,325,350,313,330,1,6,7,7,1,3,7,7,7,1,1105701,4,5
1057012,0,1057,0,105701,381,325,350,315,330,1,6,7,7,1,3,7,7,7,1,1105701,4,5
1057100,0,1057,0,101,240,232,310,243,227,1,7,7,7,1,3,6,7,7,1,0,5,5
1057900,0,1057,0,105701,272,232,250,225,236,1,7,7,7,1,3,7,7,7,1,1105701,4,5
1058001,0,1058,0,105801,315,332,302,277,261,1,1,7,6,2,7,6,2,7,7,1105801,4,5
1058002,0,1058,0,105801,318,334,304,279,262,1,1,7,6,2,7,6,2,7,7,1105801,4,5
1058003,0,1058,0,105801,322,339,309,282,265,1,1,7,6,2,7,6,2,7,7,1105801,4,5
1058004,0,1058,0,105801,315,332,302,277,261,1,1,7,6,2,7,6,2,7,7,1105801,4,5
1058005,0,1058,0,105801,313,329,300,274,258,1,1,7,6,2,7,6,2,7,7,1105801,4,5
1058006,0,1058,0,105801,321,338,307,280,263,1,2,7,7,2,7,6,3,7,3,1105801,4,5
1058007,0,1058,0,105801,340,358,326,299,282,1,2,7,6,2,7,6,3,7,3,1105801,4,5
1058008,0,1058,0,105801,343,362,329,302,285,1,2,7,6,2,7,6,3,7,3,1105801,4,5
1058009,0,1058,0,105801,306,322,293,269,253,1,2,7,6,2,7,6,3,7,3,1105801,4,5
1058010,0,1058,0,105801,350,369,336,308,290,1,2,7,7,2,7,6,3,7,3,1105801,4,5
1058011,0,1058,0,105801,552,532,527,531,452,1,2,7,6,2,7,6,3,7,3,1105802,4,5
1058012,0,1058,0,105801,368,388,351,321,301,1,2,7,7,2,7,6,3,7,3,1105801,4,5
1058013,0,1058,0,105801,368,388,351,321,301,1,2,7,7,2,7,6,3,7,3,1105801,4,5
1058014,0,1058,0,105801,373,393,356,325,305,1,2,7,6,2,7,6,3,7,3,1105801,4,5
1058015,0,1058,0,105801,352,371,334,305,286,1,2,7,6,2,7,6,3,7,3,1105801,4,5
1058016,0,1058,0,105801,300,316,286,261,245,1,2,7,6,2,7,6,3,7,3,1105801,4,5
1058017,0,1058,0,105801,334,352,316,289,271,1,2,7,7,2,7,6,3,7,3,1105801,4,5
1058018,0,1058,0,105801,389,410,371,339,318,1,2,7,6,2,7,6,3,7,3,1105801,4,5
1058019,0,1058,0,105801,339,357,324,295,277,1,2,7,6,2,7,6,3,7,3,1105801,4,5
1058020,0,1058,0,105801,387,407,366,334,314,1,2,7,6,2,7,6,3,7,3,1105801,4,5
1058021,0,1058,0,105801,387,407,366,334,314,1,2,7,6,2,7,6,3,7,3,1105801,4,5
1058022,0,1058,0,105801,352,371,336,307,288,1,2,7,7,2,7,6,3,7,3,1105801,4,5
1058023,0,1058,0,105801,360,379,344,314,295,1,2,7,6,2,7,6,3,7,3,1105801,4,5
1058024,0,1058,0,105801,363,382,346,316,297,1,2,7,6,2,7,6,3,7,3,1105801,4,5
1058025,0,1058,0,105801,366,385,349,318,299,1,2,7,6,2,7,6,3,7,3,1105801,4,5
1058026,0,1058,0,105801,368,388,351,321,301,1,2,7,7,2,7,6,3,7,3,1105801,4,5
1058027,0,1058,0,105801,381,402,364,332,312,1,2,7,6,2,7,6,3,7,3,1105801,4,5
1058028,0,1058,0,105801,316,332,301,275,258,1,2,7,6,2,7,6,3,7,3,1105801,4,5
1058029,0,1058,0,105801,329,346,314,286,269,1,2,7,7,2,7,6,3,7,3,1105801,4,5
1058030,0,1058,0,105801,395,416,377,344,323,1,2,7,6,2,7,6,3,7,3,1105801,4,5
1058031,0,1058,0,105801,421,443,402,366,344,1,2,7,6,2,7,6,3,7,3,1105801,4,5
1058032,0,1058,0,105801,342,360,326,298,280,1,2,7,6,2,7,6,3,7,3,1105801,4,5
1058033,0,1058,0,105801,421,443,402,366,344,1,2,7,6,2,7,6,3,7,3,1105801,4,5
1058034,0,1058,0,105801,421,443,402,366,344,1,2,7,6,2,7,6,3,7,3,1105801,4,5
1058035,0,1058,0,105801,368,388,351,321,301,1,2,7,7,2,7,6,3,7,3,1105801,4,5
1058100,0,1058,0,101,263,277,251,229,215,1,2,7,7,2,7,6,3,7,3,0,3,5
1058900,0,1058,0,105801,263,277,251,229,215,1,2,7,7,2,7,6,3,7,3,1105801,4,5
1059001,0,1059,0,105901,325,287,329,254,329,3,7,7,2,5,6,7,1,7,1,1105902,5,5
1059002,0,1059,0,105901,365,322,369,285,369,3,7,7,2,5,6,7,1,7,1,1105902,4,5
1059003,0,1059,0,105901,321,284,325,251,325,3,7,7,2,5,6,7,1,7,1,1105902,4,5
1059004,0,1059,0,105901,368,336,372,287,372,3,7,7,2,5,6,7,1,7,1,1105902,4,5
1059005,0,1059,0,105901,368,325,372,287,372,3,7,7,2,5,6,7,1,7,1,1105902,4,5
1059006,0,1059,0,105901,321,284,325,251,325,3,7,7,2,5,6,7,1,7,1,1105902,4,5
1059007,0,1059,0,105901,350,309,354,273,354,3,7,7,2,5,6,7,1,7,1,1105902,4,5
1059008,0,1059,0,105901,347,306,351,271,351,3,7,7,2,5,6,7,1,7,1,1105902,4,5
1059009,0,1059,0,105901,380,336,385,297,385,3,7,7,2,5,6,7,1,7,1,1105902,4,5
1059010,0,1059,0,105901,326,288,329,255,329,3,7,7,2,5,6,7,1,7,1,1105902,4,5
1059011,0,1059,0,105901,386,341,390,302,390,3,7,7,2,5,6,7,1,7,1,1105902,4,5
1059012,0,1059,0,105901,386,341,390,302,390,3,7,7,2,5,6,7,1,7,1,1105902,4,5
1059013,0,1059,0,105901,334,295,338,261,338,3,7,7,2,5,6,7,1,7,1,1105902,4,5
1059014,0,1059,0,105901,334,295,338,261,338,3,7,7,2,5,6,7,1,7,1,1105902,4,5
1059015,0,1059,0,105901,360,318,364,281,364,3,7,7,2,5,6,7,1,7,1,1105902,4,5
1059016,0,1059,0,105901,386,341,390,302,390,3,7,7,2,5,6,7,1,7,1,1105902,4,5
1059017,0,1059,0,105901,257,227,260,201,260,3,7,7,7,5,6,7,1,7,1,1105902,4,5
1059100,0,1059,0,101,259,248,251,185,208,2,7,7,3,5,7,7,1,7,1,0,3,5
1059101,0,1059,0,105901,259,248,302,185,208,2,7,7,3,5,6,7,1,7,1,9053,3,5
1059102,0,1059,0,105923,259,248,302,185,208,2,7,7,3,5,6,7,1,7,1,9062,3,5
1059103,0,1059,0,105901,259,248,302,185,208,2,7,7,3,5,7,7,1,7,1,9083,3,5
1059104,0,1059,0,105901,259,248,302,185,208,7,7,7,3,5,6,7,1,7,1,9088,3,5
1059900,0,1059,0,105901,257,227,260,201,260,3,7,7,2,5,6,7,1,7,1,1105902,4,5
1060001,0,1060,0,106001,343,296,282,285,312,1,5,7,7,2,6,7,4,7,1,1106001,4,5
1060002,0,1060,0,106001,343,296,282,285,312,1,5,7,7,2,6,7,4,7,1,1106001,4,5
1060003,0,1060,0,106001,335,289,275,278,305,1,5,7,7,2,6,7,4,7,1,1106001,4,5
1060004,0,1060,0,106001,341,294,280,283,310,1,5,7,7,2,6,7,4,7,1,1106001,4,5
1060005,0,1060,0,106001,343,296,282,285,312,1,5,7,7,2,6,7,4,7,1,1106001,4,5
1060006,0,1060,0,106001,371,320,305,308,337,1,5,7,7,2,6,7,4,7,1,1106001,4,5
1060007,0,1060,0,106001,340,293,279,282,309,1,5,7,7,2,6,7,4,7,1,1106001,4,5
1060008,0,1060,0,106001,338,290,276,280,307,1,7,7,7,2,6,7,4,7,7,1106001,4,5
1060009,0,1060,0,106001,338,290,276,280,307,1,5,7,7,2,6,7,4,7,1,1106001,4,5
1060010,0,1060,0,106001,351,301,286,290,319,1,5,7,7,2,6,7,4,7,7,1106001,4,5
1060011,0,1060,0,106001,354,303,288,292,321,1,5,7,7,2,6,7,4,7,7,1106001,4,5
1060012,0,1060,0,106001,351,301,286,290,319,1,5,7,7,2,6,7,4,7,7,1106001,4,5
1060013,0,1060,0,106001,333,285,271,275,302,1,5,7,7,2,6,7,4,7,7,1106001,4,5
1060014,0,1060,0,106001,351,306,286,290,319,1,5,7,7,2,6,7,4,7,7,1106001,4,5
1060015,0,1060,0,106001,351,306,286,290,319,1,5,7,7,2,6,7,4,7,7,1106001,4,5
1060016,0,1060,0,106001,351,301,286,290,319,1,5,7,7,2,6,7,4,7,7,1106001,4,5
1060017,0,1060,0,106001,341,292,278,282,309,1,5,7,7,2,6,7,4,7,7,1106001,4,5
1060018,0,1060,0,106001,398,341,324,329,361,1,5,7,7,2,6,7,4,7,7,1106001,4,5
1060019,0,1060,0,106001,364,312,297,301,330,1,5,7,7,2,6,7,4,7,7,1106001,4,5
1060020,0,1060,0,106001,338,290,276,280,307,1,5,7,7,2,6,7,4,7,7,1106001,4,5
1060021,0,1060,0,106001,322,277,263,267,293,1,5,7,7,2,6,7,4,7,7,1106001,4,5
1060022,0,1060,0,106001,322,277,263,267,293,1,5,7,7,2,6,7,4,7,7,1106001,4,5
1060100,0,1060,0,101,279,244,263,208,184,1,5,7,7,2,6,7,4,7,7,0,3,5
1060101,0,1060,0,106001,233,251,263,208,293,1,5,7,7,2,6,7,4,7,7,9022,3,5
1060900,0,1060,0,106001,257,246,246,218,239,6,5,7,7,2,6,7,4,7,6,1106001,4,5
1061001,0,1061,0,106101,341,269,327,255,285,7,6,6,5,1,6,7,4,7,1,1106101,4,5
1061002,0,1061,0,106101,346,271,330,257,288,7,6,6,5,1,6,7,4,7,1,1106101,4,5
1061003,0,1061,0,106101,350,274,334,260,291,7,6,6,5,1,6,7,4,7,1,1106101,4,5
1061004,0,1061,0,106101,346,271,330,257,288,7,6,6,5,1,6,7,4,7,1,1106101,4,5
1061005,0,1061,0,106101,343,269,327,255,286,7,6,6,5,1,6,7,4,7,1,1106101,4,5
1061006,0,1061,0,106101,378,296,360,280,314,7,6,6,5,1,6,7,4,7,1,1106101,4,5
1061007,0,1061,0,106101,340,267,325,253,283,7,6,6,5,1,6,7,4,7,1,1106101,4,5
1061008,0,1061,0,106101,334,262,318,248,278,7,6,6,5,1,6,7,4,7,1,1106101,4,5
1061009,0,1061,0,106101,329,259,314,246,275,7,6,6,5,1,6,7,4,7,1,1106101,4,5
1061010,0,1061,0,106101,398,313,380,297,332,7,6,6,5,1,6,7,4,7,1,1106101,4,5
1061011,0,1061,0,106101,329,259,314,246,275,7,6,6,5,1,6,7,4,7,1,1106101,4,5
1061012,0,1061,0,106101,329,255,313,241,273,7,6,6,5,1,6,7,4,7,1,1106101,4,5
1061013,0,1061,0,106101,374,290,356,273,309,7,6,6,5,1,6,7,4,7,1,1106101,4,5
1061014,0,1061,0,106101,414,321,394,302,343,7,6,6,5,1,6,7,4,7,1,1106101,4,5
1061015,0,1061,0,106101,374,290,356,273,309,7,6,6,5,1,6,7,4,7,1,1106101,4,5
1061016,0,1061,0,106101,347,269,330,254,287,7,6,6,7,1,6,7,4,7,1,1106101,4,5
1061017,0,1061,0,106101,347,269,330,254,287,7,6,6,5,1,6,7,4,7,1,1106101,4,5
1061018,0,1061,0,106101,347,269,330,254,287,7,6,6,5,1,6,7,4,7,1,1106101,4,5
1061019,0,1061,0,106101,347,269,330,254,287,7,6,6,5,1,6,7,4,7,1,1106101,4,5
1061020,0,1061,0,106101,294,228,279,215,243,7,6,6,5,1,6,7,4,7,1,1106101,4,5
1061021,0,1061,0,106101,534,414,508,390,442,7,6,6,5,1,6,7,4,7,1,1106101,4,5
1061022,0,1061,0,106101,331,257,315,242,274,7,6,6,5,7,6,6,4,7,1,1106101,4,5
1061023,0,1061,0,106101,427,331,406,312,354,7,6,6,5,1,6,7,4,7,1,1106101,4,5
1061024,0,1061,0,106101,347,269,330,254,287,7,6,6,5,1,6,7,4,7,1,1106101,4,5
1061025,0,1061,0,106101,347,269,330,254,287,7,6,6,5,1,6,7,4,7,1,1106101,4,5
1061026,0,1061,0,106101,331,257,315,242,274,7,6,6,5,1,6,7,4,7,1,1106101,4,5
1061027,0,1061,0,106101,347,269,330,254,287,7,6,6,5,1,6,7,4,7,1,1106101,4,5
1061028,0,1061,0,106101,331,257,315,242,274,7,6,6,5,1,6,7,4,7,1,1106101,4,5
1061029,0,1061,0,106101,382,296,363,279,316,7,6,6,5,1,6,7,4,7,1,1106101,4,5
1061030,0,1061,0,106101,331,257,315,242,274,7,6,6,5,1,6,7,4,7,1,1106101,4,5
1061031,0,1061,0,106101,331,257,315,242,274,7,6,6,5,1,6,7,4,7,1,1106101,4,5
1061032,0,1061,0,106101,331,257,315,242,274,7,6,6,7,1,6,7,4,7,1,1106101,4,5
1061100,0,1061,0,101,228,196,186,189,207,7,6,6,5,1,6,7,4,7,1,0,3,5
1061101,0,1061,0,106150,228,200,260,264,264,7,6,6,5,1,6,7,4,7,1,9060,3,5
1061102,0,1061,0,106101,315,211,333,278,280,7,6,6,5,1,6,7,4,7,1,9078,3,5
1061900,0,1061,0,106101,281,133,289,218,255,7,6,6,5,1,6,7,4,7,6,1106101,4,5
1062001,0,1062,0,106201,314,245,301,230,260,1,2,7,7,2,7,7,3,7,1,1106201,4,5
1062002,0,1062,0,106201,349,271,333,256,289,1,2,7,7,2,7,7,3,7,1,1106201,4,5
1062003,0,1062,0,106201,371,289,354,273,307,1,2,7,7,2,7,7,3,7,1,1106201,4,5
1062004,0,1062,0,106201,363,282,346,267,300,1,2,7,7,2,7,7,3,7,1,1106201,4,5
1062005,0,1062,0,106201,391,304,372,287,323,1,2,7,7,2,7,7,3,7,1,1106201,4,5
1062006,0,1062,0,106201,346,269,330,254,286,1,2,7,7,2,7,7,3,7,1,1106201,4,5
1062100,0,1062,0,101,224,175,214,165,186,1,2,7,7,2,7,7,3,7,1,0,3,5
1062101,0,1062,0,106201,224,259,214,244,294,1,2,7,7,2,6,7,3,7,1,9124,3,5
1062900,0,1062,0,106201,279,217,266,205,231,1,2,7,7,2,7,7,3,7,1,1106201,4,5
1063001,0,1063,0,106301,360,318,352,334,362,2,7,7,5,2,6,7,2,7,1,1106302,4,5
1063002,0,1063,0,106301,323,285,316,300,326,2,6,7,5,2,6,7,2,7,1,1106302,4,5
1063003,0,1063,0,106301,275,243,270,255,277,2,7,7,5,2,6,7,2,7,1,1106302,4,5
1063004,0,1063,0,106301,315,278,309,292,318,2,7,7,5,2,6,7,2,7,1,1106302,4,5
1063005,0,1063,0,106301,313,326,306,290,315,2,6,7,5,2,6,7,2,7,1,1106302,4,5
1063006,0,1063,0,106301,340,301,333,316,343,2,7,7,5,2,6,7,2,7,1,1106302,4,5
1063007,0,1063,0,106301,340,309,331,316,343,2,6,7,5,2,6,7,2,7,1,1106302,4,5
1063008,0,1063,0,106301,310,274,304,288,312,2,6,7,5,2,6,7,2,7,1,1106302,4,5
1063009,0,1063,0,106301,320,283,314,297,323,2,7,7,5,2,6,7,2,7,1,1106302,4,5
1063010,0,1063,0,106301,323,287,316,299,325,2,6,7,5,2,6,7,2,7,1,1106302,4,5
1063011,0,1063,0,106301,310,274,304,288,312,2,6,7,5,2,6,7,2,7,1,1106302,4,5
1063012,0,1063,0,106301,370,327,363,343,373,2,6,7,5,2,6,7,2,7,1,1106302,4,5
1063013,0,1063,0,106301,325,287,319,302,328,2,6,7,5,2,6,7,2,7,1,1106302,4,5
1063014,0,1063,0,106301,325,287,319,302,328,2,6,7,5,2,6,7,2,7,1,1106302,4,5
1063100,0,1063,0,101,184,192,162,230,195,2,6,7,7,2,6,7,2,7,1,0,3,5
1063101,0,1063,0,106301,223,296,162,293,300,2,6,7,7,2,6,7,2,7,1,9094,3,5
1063900,0,1063,0,106301,250,221,245,232,252,2,7,7,5,2,6,7,2,7,1,1106302,4,5
1064001,0,1064,0,106401,338,338,290,344,311,1,2,7,7,7,3,2,1,7,1,1106402,4,5
1064002,0,1064,0,106401,312,312,269,319,287,1,2,7,7,7,3,2,1,7,1,1106402,4,5
1064003,0,1064,0,106401,275,275,237,281,253,1,2,7,7,7,3,2,1,7,1,1106402,4,5
1064004,0,1064,0,106401,345,345,297,349,315,1,2,7,7,7,3,2,1,7,1,1106402,4,5
1064005,0,1064,0,106401,350,350,301,357,322,1,2,7,7,7,3,2,1,7,1,1106402,4,5
1064006,0,1064,0,106401,335,335,288,342,308,1,2,7,7,7,3,2,1,7,1,1106402,4,5
1064100,0,1064,0,101,169,225,138,162,253,1,2,7,7,7,3,2,1,7,1,0,3,5
1064101,0,1064,0,106401,277,301,138,302,253,1,2,7,7,7,3,2,1,7,1,9021,3,5
1064102,0,1064,0,106401,277,301,138,302,253,1,2,7,7,7,3,2,1,7,1,9054,3,5
1064900,0,1064,0,106401,250,250,215,255,230,1,2,7,7,7,3,2,1,7,1,1106402,4,5
1065001,0,1065,0,106501,367,302,374,374,317,5,7,5,3,7,6,1,1,7,1,1106502,4,5
1065002,0,1065,0,106501,367,302,374,374,317,5,7,5,3,7,6,1,1,7,1,1106502,4,5
1065003,0,1065,0,106501,305,251,311,311,263,5,7,5,3,7,6,1,1,7,1,1106502,4,5
1065004,0,1065,0,106501,305,251,311,311,263,5,7,5,3,7,6,1,1,7,1,1106502,4,5
1065005,0,1065,0,106501,292,240,298,298,252,5,7,5,3,7,6,1,1,7,1,1106502,4,5
1065006,0,1065,0,106501,330,272,337,337,285,5,7,5,3,7,6,1,1,7,1,1106502,4,5
1065007,0,1065,0,106501,254,209,259,259,219,5,7,5,7,7,6,1,1,7,1,1106502,4,5
1065008,0,1065,0,106501,305,251,311,311,263,5,7,5,3,7,6,1,1,7,1,1106502,4,5
1065009,0,1065,0,106501,297,245,303,303,256,7,7,5,3,7,6,1,1,7,1,1106502,4,5
1065010,0,1065,0,106501,343,282,350,350,296,7,7,5,3,7,6,1,1,7,1,1106502,4,5
1065011,0,1065,0,106501,318,261,324,324,274,5,7,5,3,7,6,1,1,7,1,1106502,4,5
1065012,0,1065,0,106501,305,251,311,311,263,5,7,6,3,7,6,1,1,7,1,1106502,4,5
1065013,0,1065,0,106501,297,245,303,303,256,7,7,5,3,7,6,1,1,7,1,1106502,4,5
1065014,0,1065,0,106501,305,251,311,311,263,5,7,6,3,7,6,1,1,7,1,1106502,4,5
1065015,0,1065,0,106501,343,282,350,350,296,5,7,5,3,7,6,1,1,7,1,1106502,4,5
1065016,0,1065,0,106501,305,251,311,311,263,5,7,5,6,7,6,1,1,7,1,1106502,4,5
1065017,0,1065,0,106501,325,268,332,332,280,7,7,5,3,7,6,1,1,7,1,1106502,4,5
1065018,0,1065,0,106501,351,288,357,357,302,5,7,5,3,7,6,1,1,7,1,1106502,4,5
1065019,0,1065,0,106501,381,314,389,389,329,5,7,5,3,7,6,1,1,7,1,1106502,4,5
1065020,0,1065,0,106501,305,251,311,311,263,5,7,5,3,7,6,1,1,7,1,1106502,4,5
1065021,0,1065,0,106501,356,293,363,363,307,5,7,5,3,7,6,1,1,7,1,1106502,4,5
1065022,0,1065,0,106501,254,209,259,259,219,5,7,5,6,7,6,1,1,7,1,1106502,4,5
1065023,0,1065,0,106501,363,293,370,370,313,7,7,5,3,7,6,1,1,7,1,1106502,4,5
1065024,0,1065,0,106501,348,286,355,355,300,5,7,5,3,7,6,1,1,7,1,1106502,4,5
1065025,0,1065,0,106501,254,209,259,259,219,7,7,5,3,7,6,1,1,7,1,1106502,4,5
1065026,0,1065,0,106501,366,297,373,368,311,5,7,5,3,7,6,1,1,7,1,1106502,4,5
1065027,0,1065,0,106501,254,209,259,259,219,5,7,5,6,7,6,1,1,7,1,1106502,4,5
1065028,0,1065,0,106501,356,293,363,363,307,5,7,5,3,7,6,1,1,7,1,1106502,4,5
1065029,0,1065,0,106501,315,259,321,321,272,7,7,5,3,7,6,1,1,7,1,1106502,4,5
1065030,0,1065,0,106501,381,314,389,389,329,5,7,5,3,7,6,1,1,7,1,1106502,4,5
1065031,0,1065,0,106501,254,209,259,259,219,5,7,5,6,7,6,1,1,7,1,1106502,4,5
1065032,0,1065,0,106501,338,278,344,344,291,5,7,5,3,7,6,1,1,7,1,1106502,4,5
1065033,0,1065,0,106501,318,261,324,324,274,5,7,5,3,7,6,1,1,7,1,1106502,4,5
1065034,0,1065,0,106501,338,278,344,344,291,7,7,5,3,7,6,1,1,7,1,1106502,4,5
1065035,0,1065,0,106501,356,293,363,363,307,5,7,5,3,7,6,1,1,7,1,1106502,4,5
1065036,0,1065,0,106501,381,314,389,389,329,5,7,5,3,7,6,1,1,7,1,1106502,4,5
1065037,0,1065,0,106501,338,278,344,344,291,5,7,5,3,7,6,1,1,7,1,1106502,4,5
1065038,0,1065,0,106501,254,209,259,259,219,7,7,5,3,7,6,1,1,7,1,1106502,4,5
1065039,0,1065,0,106501,358,295,365,365,309,7,7,5,3,7,6,1,1,7,1,1106502,4,5
1065040,0,1065,0,106501,361,297,368,368,311,5,7,5,3,7,6,1,1,7,1,1106502,4,5
1065100,0,1065,0,101,262,218,142,211,138,7,7,6,3,7,6,1,1,7,1,0,3,5
1065101,0,1065,0,106501,276,218,177,303,244,5,7,6,3,7,6,1,1,7,1,9016,3,5
1065900,0,1065,0,106501,254,209,259,259,219,5,7,5,3,7,6,1,1,7,1,1106502,4,5
1066001,0,1066,0,106601,559,358,298,400,390,3,6,7,5,7,1,1,1,7,3,1106601,4,5
1066002,0,1066,0,106601,565,361,301,404,394,3,6,7,5,7,1,1,1,7,3,1106601,4,5
1066003,0,1066,0,106601,454,291,242,325,317,3,6,7,5,7,1,1,1,7,3,1106601,4,5
1066004,0,1066,0,106601,458,293,244,327,319,3,6,7,5,7,1,1,1,7,3,1106601,4,5
1066005,0,1066,0,106601,501,321,267,359,350,3,6,7,5,7,1,1,1,7,3,1106601,4,5
1066006,0,1066,0,106601,504,323,269,361,352,3,6,7,5,7,1,1,1,7,3,1106602,4,5
1066007,0,1066,0,106601,434,278,231,311,303,3,6,7,5,7,1,1,1,7,3,1106601,4,5
1066008,0,1066,0,106601,434,278,231,311,303,3,6,7,5,7,1,1,1,7,3,1106601,4,5
1066100,0,1066,0,101,269,172,144,192,187,3,6,7,5,7,1,1,1,7,3,0,3,5
1066101,0,1066,0,106601,340,202,144,340,145,3,6,7,5,7,1,1,1,7,3,1106601,3,5
1066900,0,1066,0,106601,334,214,178,239,233,3,7,7,5,7,1,1,1,7,3,1106601,4,5
1067001,0,1067,0,106701,328,319,337,303,342,1,5,7,7,1,6,7,4,7,1,1106702,4,5
1067002,0,1067,0,106701,386,374,397,355,402,1,5,7,7,1,6,7,4,7,1,1106702,4,5
1067003,0,1067,0,106701,364,351,372,335,379,1,5,7,7,1,6,7,4,7,1,1106702,4,5
1067004,0,1067,0,106701,364,353,374,335,379,1,5,7,7,1,6,7,4,7,1,1106702,4,5
1067005,0,1067,0,106701,323,314,332,297,336,1,5,7,7,1,6,7,4,7,1,1106702,4,5
1067006,0,1067,0,106701,304,295,310,278,314,1,5,7,7,1,6,7,4,7,1,1106702,4,5
1067007,0,1067,0,106701,304,293,312,278,316,1,5,7,7,1,6,7,4,7,1,1106702,4,5
1067008,0,1067,0,106701,374,351,372,333,377,1,5,7,7,1,6,7,4,7,1,1106702,4,5
1067009,0,1067,0,106701,374,351,372,333,377,1,5,7,7,1,6,7,4,7,1,1106702,4,5
1067010,0,1067,0,106701,299,290,308,275,311,1,5,7,7,1,6,7,4,7,1,1106702,4,5
1067011,0,1067,0,106701,299,290,308,275,311,1,5,7,7,1,6,7,4,7,1,1106702,4,5
1067012,0,1067,0,106701,299,290,308,275,311,1,5,7,7,1,6,7,4,7,1,1106702,4,5
1067013,0,1067,0,106701,313,304,322,289,326,1,5,7,7,1,6,7,4,7,1,1106702,4,5
1067014,0,1067,0,106701,299,290,308,275,311,1,5,7,7,1,6,7,4,7,1,1106702,4,5
1067015,0,1067,0,106701,313,304,322,289,326,1,5,7,7,1,6,7,4,7,1,1106702,4,5
1067100,0,1067,0,101,314,112,138,125,138,2,4,7,7,1,4,7,6,7,1,0,3,5
1067101,0,1067,0,106701,314,255,267,199,238,2,4,7,7,1,4,7,6,7,1,9033,3,5
1067900,0,1067,0,106701,241,234,248,222,251,1,5,7,7,1,6,7,4,7,1,1106702,4,5
1068001,0,1068,0,106801,305,322,261,322,302,3,5,7,7,7,6,5,1,7,1,1106802,4,5
1068002,0,1068,0,106801,340,360,291,360,337,3,5,7,7,7,6,5,1,7,1,1106802,4,5
1068003,0,1068,0,106801,347,367,297,367,344,3,5,7,7,7,6,5,1,7,1,1106802,4,5
1068004,0,1068,0,106801,224,236,192,236,222,3,5,7,7,7,6,5,1,7,1,1106802,4,5
1068005,0,1068,0,106801,332,352,285,352,330,3,5,7,7,7,6,5,1,7,1,1106802,4,5
1068006,0,1068,0,106801,346,366,297,366,343,3,5,7,7,7,6,5,1,7,1,1106802,4,5
1068007,0,1068,0,106801,318,337,273,337,316,3,5,7,7,7,6,5,1,7,1,1106802,4,5
1068008,0,1068,0,106801,303,320,259,320,300,3,5,7,7,7,6,5,1,7,1,1106802,4,5
1068009,0,1068,0,106801,279,295,239,295,277,3,5,7,7,7,6,5,1,7,1,1106802,4,5
1068010,0,1068,0,106801,344,364,295,364,341,3,5,7,7,7,6,5,1,7,1,1106802,4,5
1068011,0,1068,0,106801,268,284,230,284,266,3,5,7,7,7,6,5,1,7,1,1106802,4,5
1068012,0,1068,0,106801,464,490,397,490,460,3,5,7,7,7,6,5,1,7,1,1106802,4,5
1068013,0,1068,0,106801,344,361,295,361,339,3,5,7,7,7,6,5,1,7,1,1106802,4,5
1068014,0,1068,0,106801,368,387,316,387,365,3,5,7,7,7,6,5,1,7,1,1106802,4,5
1068015,0,1068,0,106801,368,390,314,390,365,3,5,7,7,7,6,5,1,7,1,1106802,4,5
1068016,0,1068,0,106801,268,284,230,284,266,3,5,7,7,7,6,5,1,7,1,1106802,4,5
1068017,0,1068,0,106801,344,364,299,364,341,3,5,7,7,7,6,5,1,7,1,1106803,4,5
1068018,0,1068,0,106801,344,364,295,364,341,3,5,7,7,7,6,5,1,7,1,1106802,4,5
1068019,0,1068,0,106801,344,361,295,361,339,3,5,7,7,7,6,5,1,7,1,1106802,4,5
1068020,0,1068,0,106801,349,369,299,369,346,3,5,7,7,7,6,5,1,7,1,1106802,4,5
1068021,0,1068,0,106801,305,323,261,323,303,3,5,7,7,7,6,5,1,7,1,1106802,4,5
1068022,0,1068,0,106801,671,710,575,710,666,3,5,7,7,7,6,5,1,7,1,1106802,4,5
1068023,0,1068,0,106801,305,323,261,323,303,3,5,7,7,7,6,5,1,7,1,1106802,4,5
1068024,0,1068,0,106801,368,387,316,387,365,3,5,7,7,7,6,5,1,7,1,1106802,4,5
1068025,0,1068,0,106801,368,390,314,390,365,3,5,7,7,7,6,5,1,7,1,1106802,4,5
1068026,0,1068,0,106801,268,284,230,284,266,3,5,7,7,7,6,5,1,7,1,1106802,4,5
1068027,0,1068,0,106801,368,387,316,387,365,3,5,7,7,7,6,5,1,7,1,1106802,4,5
1068028,0,1068,0,106801,329,348,282,348,327,3,5,7,7,7,6,5,1,7,1,1106802,4,5
1068029,0,1068,0,106801,344,364,295,364,341,3,5,7,7,7,6,5,1,7,1,1106802,4,5
1068030,0,1068,0,106801,305,323,261,323,303,3,5,7,7,7,6,5,1,7,1,1106802,4,5
1068031,0,1068,0,106801,368,387,316,387,365,3,5,7,7,7,6,5,1,7,1,1106802,4,5
1068032,0,1068,0,106801,325,343,278,343,322,3,5,7,7,7,6,5,1,7,1,1106802,4,5
1068033,0,1068,0,106801,368,387,316,387,365,3,5,7,7,7,6,5,1,7,1,1106802,4,5
1068034,0,1068,0,106801,368,390,314,390,365,3,5,7,7,7,6,5,1,7,1,1106802,4,5
1068035,0,1068,0,106801,368,387,316,387,365,3,5,7,7,7,6,5,1,7,1,1106802,4,5
1068036,0,1068,0,106801,329,348,282,348,327,3,5,7,7,7,6,5,1,7,1,1106802,4,5
1068037,0,1068,0,106801,366,387,314,387,363,3,5,7,7,7,6,5,1,7,1,1106802,4,5
1068038,0,1068,0,106801,327,346,280,346,324,3,5,7,7,7,6,5,1,7,1,1106802,4,5
1068039,0,1068,0,106801,464,490,397,490,460,3,5,7,7,7,6,5,1,7,1,1106802,4,5
1068040,0,1068,0,106801,344,361,295,361,339,3,5,7,7,7,6,5,1,7,1,1106802,4,5
1068041,0,1068,0,106801,329,348,282,348,327,3,5,7,7,7,6,5,1,7,1,1106802,4,5
1068042,0,1068,0,106801,368,390,314,390,365,3,5,7,7,7,6,5,1,7,1,1106802,4,5
1068043,0,1068,0,106801,329,348,282,348,327,3,5,7,7,7,6,5,1,7,1,1106802,4,5
1068044,0,1068,0,106801,342,361,293,361,339,3,5,7,7,7,6,5,1,7,1,1106802,4,5
1068045,0,1068,0,106801,344,361,295,361,339,3,5,7,7,7,6,5,1,7,1,1106802,4,5
1068046,0,1068,0,106801,344,364,295,364,341,3,5,7,7,7,6,5,1,7,1,1106802,4,5
1068047,0,1068,0,106801,371,379,314,387,363,3,5,7,7,7,6,5,1,7,1,1106802,4,5
1068048,0,1068,0,106801,354,374,303,374,351,3,5,7,7,7,6,5,1,7,1,1106802,4,5
1068049,0,1068,0,106801,317,335,272,335,315,3,5,7,7,7,6,5,1,7,1,1106802,4,5
1068050,0,1068,0,106801,366,387,314,387,363,3,5,7,7,7,6,5,1,7,1,1106802,4,5
1068051,0,1068,0,106801,390,413,334,413,387,3,5,7,7,7,6,5,1,7,1,1106802,4,5
1068100,0,1068,0,101,230,251,274,201,219,3,3,7,7,7,6,5,1,7,7,0,3,5
1068101,0,1068,0,106801,311,266,276,201,219,3,3,7,7,7,6,5,1,7,7,9093,3,5
1068102,0,1068,0,106801,311,266,276,201,219,3,3,7,7,7,6,5,1,7,7,9115,3,5
1068900,0,1068,0,106801,244,258,209,258,242,3,5,7,7,7,6,5,1,7,1,1106802,4,5
1069001,0,1069,0,106901,286,277,263,297,291,3,7,7,3,6,7,2,1,7,1,1106901,4,5
1069002,0,1069,0,106901,348,337,320,361,354,3,7,7,3,6,7,2,1,7,1,1106901,4,5
1069003,0,1069,0,106901,302,292,277,313,307,3,7,7,3,6,7,2,1,7,1,1106901,4,5
1069004,0,1069,0,106901,304,294,279,315,309,3,7,7,3,6,7,2,1,7,1,1106901,4,5
1069005,0,1069,0,106901,287,277,263,297,291,3,7,7,3,6,7,2,1,7,1,1106901,4,5
1069006,0,1069,0,106901,352,341,323,365,358,3,7,7,3,6,7,2,1,7,1,1106901,4,5
1069007,0,1069,0,106901,345,334,317,358,351,3,7,7,3,6,7,2,1,7,1,1106901,4,5
1069008,0,1069,0,106901,304,294,279,315,309,3,7,7,3,6,7,2,1,7,1,1106901,4,5
1069009,0,1069,0,106901,369,353,335,378,371,3,7,7,3,6,7,2,1,7,1,1106901,4,5
1069010,0,1069,0,106901,282,273,259,292,287,3,7,7,6,6,7,2,1,7,1,1106901,4,5
1069100,0,1069,0,101,218,213,215,224,199,3,7,7,3,6,7,2,1,7,1,0,3,5
1069101,0,1069,0,106901,268,213,215,299,215,3,7,7,3,6,7,2,1,7,7,9087,3,5
1069900,0,1069,0,106901,243,235,223,252,247,3,7,7,3,6,7,2,1,7,1,1106901,4,5
1070001,0,1070,0,107001,331,331,317,338,304,1,6,7,7,1,3,7,7,7,1,1107001,4,5
1070100,0,1070,0,101,235,245,235,250,225,1,7,7,5,3,7,5,3,7,1,0,3,5
1070101,0,1070,0,101,235,245,276,250,225,1,7,7,5,3,7,5,3,7,1,9027,3,5
1070102,0,1070,0,101,235,245,276,250,225,1,5,7,5,3,6,7,3,7,1,9125,3,5
1070900,0,1070,0,107001,245,245,235,250,225,1,5,7,5,3,7,5,3,7,1,1107001,4,5
1071001,0,1071,0,107101,346,353,338,316,350,3,6,7,4,5,7,5,1,7,2,1107101,4,5
1071002,0,1071,0,107101,307,314,301,282,312,3,6,7,4,5,7,5,1,7,2,1107101,4,5
1071003,0,1071,0,107101,336,343,329,307,341,3,6,7,4,5,7,5,1,7,2,1107101,4,5
1071004,0,1071,0,107101,307,314,301,281,311,3,6,7,4,5,7,5,1,7,2,1107101,4,5
1071005,0,1071,0,107101,315,321,308,287,319,3,6,7,4,5,7,5,1,7,2,1107101,4,5
1071006,0,1071,0,107101,322,329,315,294,326,3,7,7,4,5,7,5,1,7,2,1107101,4,5
1071007,0,1071,0,107101,322,329,315,294,326,3,6,7,4,5,7,5,1,7,2,1107101,4,5
1071008,0,1071,0,107101,356,363,348,325,360,3,6,7,4,5,7,5,1,7,2,1107101,4,5
1071009,0,1071,0,107101,339,346,332,309,343,3,6,7,4,5,7,5,1,7,2,1107101,4,5
1071010,0,1071,0,107101,281,287,275,256,284,3,6,7,6,5,7,5,1,7,2,1107101,4,5
1071100,0,1071,0,101,245,224,238,201,240,3,6,7,4,5,7,5,1,7,2,0,3,5
1071101,0,1071,0,107101,245,224,238,261,240,7,6,7,4,5,7,5,1,7,2,9052,3,5
1071102,0,1071,0,107101,245,224,238,261,240,7,6,7,4,5,7,5,1,7,2,9118,3,5
1071900,0,1071,0,107101,242,247,237,221,245,3,7,7,4,5,7,5,1,7,2,1107101,4,5
1072001,0,1072,0,107201,360,378,327,375,347,3,6,7,4,2,7,6,2,7,4,1107201,4,5
1072002,0,1072,0,107201,283,297,257,295,273,3,6,7,4,2,7,6,2,7,4,1107201,4,5
1072003,0,1072,0,107201,280,294,255,292,271,3,6,7,6,2,7,6,2,7,4,1107201,4,5
1072004,0,1072,0,107201,312,327,284,325,301,3,6,7,6,2,7,6,2,7,4,1107201,4,5
1072005,0,1072,0,107201,360,378,327,375,347,3,6,7,4,2,7,6,2,7,4,1107201,4,5
1072006,0,1072,0,107201,283,297,257,295,273,3,6,7,4,2,7,6,2,7,4,1107201,4,5
1072007,0,1072,0,107201,327,343,298,341,317,3,6,7,6,2,7,6,2,7,4,1107201,4,5
1072008,0,1072,0,107201,280,294,255,292,271,3,6,7,6,2,7,6,2,7,4,1107201,4,5
1072009,0,1072,0,107201,312,327,284,325,301,3,6,7,6,2,7,6,2,7,4,1107201,4,5
1072010,0,1072,0,107201,304,319,275,316,293,3,7,7,4,2,7,6,2,7,4,1107201,4,5
1072011,0,1072,0,107201,292,306,264,304,281,3,6,7,4,2,7,6,2,7,4,1107201,4,5
1072012,0,1072,0,107201,316,332,286,329,304,3,6,7,4,2,7,6,2,7,4,1107201,4,5
1072013,0,1072,0,107201,316,332,286,329,304,3,6,7,4,2,7,6,2,7,4,1107201,4,5
1072014,0,1072,0,107201,340,357,308,354,328,3,6,7,4,2,7,6,2,7,4,1107201,4,5
1072015,0,1072,0,107201,267,281,242,278,257,3,6,7,7,2,7,6,2,7,4,1107201,4,5
1072016,0,1072,0,107201,345,362,312,359,332,3,6,7,4,2,7,6,2,7,4,1107201,4,5
1072017,0,1072,0,107201,316,332,286,329,304,3,6,7,4,2,7,6,2,7,4,1107201,4,5
1072018,0,1072,0,107201,267,281,242,278,257,3,6,7,6,2,7,6,2,7,4,1107201,4,5
1072019,0,1072,0,107201,328,344,297,342,316,3,6,7,4,2,7,6,2,7,4,1107201,4,5
1072020,0,1072,0,107201,345,362,312,359,332,3,6,7,4,2,7,6,2,7,4,1107201,4,5
1072021,0,1072,0,107201,316,332,286,329,304,3,6,7,4,2,7,6,2,7,4,1107201,4,5
1072022,0,1072,0,107201,345,362,312,359,332,3,6,7,4,2,7,6,2,7,4,1107201,4,5
1072023,0,1072,0,107201,292,306,264,304,281,3,6,7,6,2,7,6,2,7,4,1107201,4,5
1072100,0,1072,0,101,243,255,220,253,211,3,6,7,4,2,7,6,2,7,4,0,3,5
1072101,0,1072,0,107201,243,255,220,253,211,3,6,7,4,2,7,6,2,7,4,9119,3,5
1072900,0,1072,0,107201,243,255,220,253,234,3,6,7,4,2,7,6,2,7,4,1107201,4,5
1073001,0,1073,0,107301,338,324,302,316,338,2,4,7,6,1,7,7,3,7,2,1107301,4,5
1073002,0,1073,0,107301,325,312,291,304,325,2,4,7,6,1,7,7,3,7,2,1107301,4,5
1073003,0,1073,0,107301,310,298,278,290,310,2,4,7,6,1,7,7,3,7,2,1107301,4,5
1073100,0,1073,0,101,250,240,224,234,250,2,4,7,7,1,7,7,3,7,2,0,3,5
1073900,0,1073,0,107301,250,240,224,234,250,2,4,7,7,1,7,7,3,7,2,1107301,4,5
1074001,0,1074,0,107401,359,403,359,300,388,2,5,7,7,1,7,6,5,7,1,1107401,4,5
1074002,0,1074,0,107401,289,328,286,244,312,2,6,7,7,1,7,7,5,7,1,1107401,4,5
1074003,0,1074,0,107401,325,369,321,274,351,2,5,7,7,1,7,7,5,7,1,1107401,4,5
1074004,0,1074,0,107401,325,369,321,274,351,2,5,7,7,1,7,7,5,7,1,1107401,4,5
1074005,0,1074,0,107401,302,342,299,255,326,2,5,7,7,1,7,7,5,7,1,1107401,4,5
1074006,0,1074,0,107401,265,300,262,223,286,2,5,7,7,1,7,7,5,7,1,1107401,4,5
1074007,0,1074,0,107401,313,355,309,264,338,2,5,7,7,1,7,7,5,7,1,1107401,4,5
1074008,0,1074,0,107401,313,355,309,264,338,2,5,7,7,1,7,7,5,7,1,1107401,4,5
1074009,0,1074,0,107401,265,300,262,223,286,2,5,7,7,1,7,7,5,7,1,1107401,4,5
1074010,0,1074,0,107401,386,437,381,325,416,2,5,7,7,1,7,7,5,7,1,1107401,4,5
1074011,0,1074,0,107401,299,339,295,252,322,2,5,7,7,1,7,7,5,7,1,1107401,4,5
1074012,0,1074,0,107401,337,382,333,284,364,2,5,7,7,1,7,7,5,7,1,1107401,4,5
1074013,0,1074,0,107401,362,410,357,305,390,2,5,7,7,1,7,7,5,7,1,1107401,4,5
1074014,0,1074,0,107401,337,382,333,284,364,2,5,7,7,1,7,7,5,7,1,1107401,4,5
1074015,0,1074,0,107401,337,382,333,284,364,2,5,7,7,1,7,7,5,7,1,1107401,4,5
1074016,0,1074,0,107401,337,382,333,284,364,2,5,7,7,1,7,7,5,7,1,1107401,4,5
1074017,0,1074,0,107401,313,355,309,264,338,2,5,7,7,1,7,7,5,7,1,1107401,4,5
1074018,0,1074,0,107401,313,355,309,264,338,2,5,7,7,1,7,7,5,7,1,1107401,4,5
1074019,0,1074,0,107401,313,355,309,264,338,2,5,7,7,1,7,7,5,7,1,1107401,4,5
1074020,0,1074,0,107401,386,437,381,325,416,2,5,7,7,1,7,7,5,7,1,1107401,4,5
1074021,0,1074,0,107401,299,339,295,252,322,2,5,7,7,1,7,7,5,7,1,1107401,4,5
1074022,0,1074,0,107401,299,339,295,252,322,2,5,7,7,1,7,7,5,7,1,1107401,4,5
1074023,0,1074,0,107401,280,317,276,235,302,2,5,7,7,1,7,7,5,7,1,1107401,4,5
1074100,0,1074,0,101,231,353,194,137,282,2,5,7,7,1,7,6,5,7,1,0,3,5
1074101,0,1074,0,107401,231,340,220,137,282,2,5,7,7,1,6,6,7,7,1,9057,3,5
1074900,0,1074,0,107401,241,273,238,203,260,2,5,7,7,1,7,7,5,7,1,1107401,4,5
1075001,0,1075,0,107501,374,324,392,365,347,2,7,7,2,1,4,7,2,7,1,1107501,4,5
1075002,0,1075,0,107501,324,281,339,316,300,2,7,7,2,1,4,7,2,7,1,1107501,4,5
1075003,0,1075,0,107501,398,346,418,389,370,2,7,7,2,1,4,7,2,7,1,1107501,4,5
1075004,0,1075,0,107501,847,734,887,826,785,2,7,7,2,1,4,7,2,7,1,1107502,4,5
1075900,0,1075,0,107501,249,216,261,243,231,2,7,7,2,1,4,7,2,7,1,1107501,4,5
1076001,0,1076,0,107601,304,371,319,362,301,1,5,7,7,1,6,7,6,7,3,1107601,4,5
1076002,0,1076,0,107601,337,412,347,393,327,1,5,7,7,1,6,7,6,7,3,1107601,4,5
1076003,0,1076,0,107601,330,390,335,380,316,1,5,7,7,1,6,7,6,7,3,1107601,4,5
1076004,0,1076,0,107601,279,341,293,332,276,1,5,7,7,1,6,7,6,7,3,1107601,4,5
1076005,0,1076,0,107601,290,354,304,345,287,1,5,7,7,1,6,7,6,7,3,1107601,4,5
1076006,0,1076,0,107601,333,407,349,396,330,1,5,7,7,1,6,7,6,7,3,1107601,4,5
1076007,0,1076,0,107601,279,341,293,332,276,1,5,7,7,1,6,7,6,7,3,1107601,4,5
1076100,0,1076,0,101,239,297,231,209,242,1,5,7,7,1,5,7,6,7,3,0,3,5
1076101,0,1076,0,101,239,297,231,209,242,1,7,7,7,1,5,7,6,7,3,9037,3,5
1076900,0,1076,0,107601,220,269,231,262,218,1,5,7,7,1,6,7,6,7,3,1107601,4,5
1077001,0,1077,0,107701,334,396,317,324,349,2,5,7,7,4,7,7,3,7,1,1107701,4,5
1077002,0,1077,0,107701,332,393,315,323,347,2,5,7,7,4,7,7,3,7,1,1107701,4,5
1077003,0,1077,0,107701,356,421,337,345,371,2,5,7,7,4,7,7,3,7,1,1107701,4,5
1077004,0,1077,0,107701,410,485,389,398,428,2,5,7,7,4,7,7,3,7,1,1107701,4,5
1077005,0,1077,0,107701,325,385,309,316,340,2,5,7,7,4,7,7,3,7,1,1107701,4,5
1077006,0,1077,0,107701,292,346,277,283,305,2,5,7,7,4,7,7,3,7,1,1107701,4,5
1077007,0,1077,0,107701,274,325,260,266,286,2,5,7,7,4,7,7,3,7,1,1107701,4,5
1077008,0,1077,0,107701,410,485,389,398,428,2,5,7,7,4,7,7,3,7,1,1107701,4,5
1077009,0,1077,0,107701,326,385,309,318,342,2,5,7,7,4,7,7,3,7,1,1107701,4,5
1077010,0,1077,0,107701,312,369,294,302,325,2,5,7,7,4,7,7,3,7,1,1107701,4,5
1077011,0,1077,0,107701,315,371,298,306,329,2,5,7,7,4,7,7,3,7,1,1107701,4,5
1077012,0,1077,0,107701,319,371,303,311,334,2,5,7,7,4,7,7,3,7,1,1107701,4,5
1077013,0,1077,0,107701,291,344,276,284,305,2,5,7,7,4,7,7,3,7,1,1107701,4,5
1077014,0,1077,0,107701,315,371,298,306,329,2,5,7,7,4,7,7,3,7,1,1107701,4,5
1077015,0,1077,0,107701,315,371,298,306,329,2,5,7,7,4,7,7,3,7,1,1107701,4,5
1077016,0,1077,0,107701,315,371,298,306,329,2,5,7,7,4,7,7,3,7,1,1107701,4,5
1077017,0,1077,0,107701,319,371,303,311,334,2,5,7,7,4,7,7,3,7,1,1107701,4,5
1077018,0,1077,0,107701,291,344,276,284,305,2,5,7,7,4,7,7,3,7,1,1107701,4,5
1077019,0,1077,0,107701,322,380,305,313,337,2,5,7,7,4,7,7,3,7,1,1107701,4,5
1077020,0,1077,0,107701,291,344,276,284,305,2,5,7,7,4,7,7,3,7,1,1107701,4,5
1077021,0,1077,0,107701,331,391,314,322,346,2,5,7,7,4,7,7,3,7,1,1107701,4,5
1077022,0,1077,0,107701,331,391,314,322,346,2,5,7,7,4,7,7,3,7,1,1107701,4,5
1077023,0,1077,0,107701,291,344,276,284,305,2,5,7,7,4,7,7,3,7,1,1107701,4,5
1077024,0,1077,0,107701,331,391,314,322,346,2,5,7,7,4,7,7,3,7,1,1107701,4,5
1077025,0,1077,0,107701,331,391,314,322,346,2,5,7,7,4,7,7,3,7,1,1107701,4,5
1077026,0,1077,0,107701,282,333,267,275,295,2,5,7,7,4,7,7,3,7,1,1107701,4,5
1077027,0,1077,0,107701,319,377,303,311,334,2,5,7,7,4,7,7,3,7,1,1107701,4,5
1077028,0,1077,0,107701,289,341,274,281,303,2,5,7,7,4,7,7,3,7,1,1107701,4,5
1077029,0,1077,0,107701,303,358,287,295,317,2,5,7,7,4,7,7,3,7,1,1107701,4,5
1077030,0,1077,0,107701,303,358,287,295,317,2,5,7,7,4,7,7,3,7,1,1107701,4,5
1077031,0,1077,0,107701,303,358,287,295,317,2,5,7,7,4,7,7,3,7,1,1107701,4,5
1077032,0,1077,0,107701,303,358,287,295,317,2,5,7,7,4,7,7,3,7,1,1107701,4,5
1077033,0,1077,0,107701,326,385,309,318,342,2,5,7,7,4,7,7,3,7,1,1107701,4,5
1077034,0,1077,0,107701,326,385,309,318,342,2,5,7,7,4,7,7,3,7,1,1107701,4,5
1077035,0,1077,0,107701,326,385,309,318,342,2,5,7,7,4,7,7,3,7,1,1107701,4,5
1077036,0,1077,0,107701,289,341,274,281,303,2,5,7,7,4,7,7,3,7,1,1107701,4,5
1077100,0,1077,0,101,233,275,221,227,244,2,5,7,7,4,7,7,3,7,1,0,3,5
1077900,0,1077,0,107701,233,275,221,227,244,2,5,7,7,4,7,7,3,7,1,1107701,4,5
1078001,0,1078,0,107801,311,232,272,333,304,7,7,6,1,4,7,4,1,7,3,1107801,4,5
1078002,0,1078,0,107801,316,236,277,338,309,7,7,6,1,4,7,4,1,7,3,1107801,4,5
1078003,0,1078,0,107801,311,232,272,333,304,7,7,6,1,4,7,4,1,7,3,1107801,4,5
1078004,0,1078,0,107801,321,240,281,344,314,7,7,6,1,4,7,4,1,7,3,1107801,4,5
1078005,0,1078,0,107801,324,242,284,347,316,7,7,6,1,4,7,4,1,7,3,1107801,4,5
1078006,0,1078,0,107801,339,253,297,363,331,7,7,6,1,4,7,4,1,7,3,1107801,4,5
1078007,0,1078,0,107801,319,238,279,341,311,7,7,6,1,4,7,4,1,7,3,1107801,4,5
1078008,0,1078,0,107801,360,384,315,413,351,7,7,7,1,4,7,4,1,7,3,1107801,4,5
1078009,0,1078,0,107801,347,259,304,371,339,7,7,6,1,4,7,4,1,7,3,1107801,4,5
1078010,0,1078,0,107801,334,250,293,358,326,7,7,6,1,4,7,4,1,7,3,1107801,4,5
1078011,0,1078,0,107801,347,259,304,371,339,7,7,6,1,4,7,4,1,7,3,1107801,4,5
1078012,0,1078,0,107801,319,238,279,341,311,7,7,6,1,4,7,4,1,7,3,1107801,4,5
1078013,0,1078,0,107801,360,269,315,385,351,7,7,7,1,4,7,4,1,7,3,1107801,4,5
1078014,0,1078,0,107801,365,273,320,391,356,7,7,6,1,4,7,4,1,7,3,1107801,4,5
1078015,0,1078,0,107801,344,257,299,366,334,7,7,6,1,4,7,4,1,7,3,1107801,4,5
1078016,0,1078,0,107801,386,288,338,413,377,7,7,6,1,4,7,4,1,7,3,1107801,4,5
1078017,0,1078,0,107801,321,240,281,344,314,7,7,6,1,4,7,4,1,7,3,1107801,4,5
1078018,0,1078,0,107801,386,288,338,413,377,7,7,7,1,4,7,4,1,7,3,1107801,4,5
1078019,0,1078,0,107801,321,240,281,344,314,7,7,6,1,4,7,4,1,7,3,1107801,4,5
1078020,0,1078,0,107801,398,298,349,426,389,7,7,6,1,4,7,4,1,7,3,1107801,4,5
1078021,0,1078,0,107801,368,275,322,393,359,7,7,6,1,4,7,4,1,7,3,1107801,4,5
1078100,0,1078,0,101,278,192,272,194,255,7,7,6,1,4,7,4,1,7,3,0,3,5
1078101,0,1078,0,107801,278,192,272,194,294,7,7,6,1,4,7,4,1,7,3,9098,3,5
1078900,0,1078,0,107801,257,192,225,275,251,7,7,7,1,4,7,4,1,7,3,1107801,4,5
1079001,0,1079,0,107901,348,337,326,330,311,2,7,7,2,7,7,3,1,1,7,1107901,4,5
1079002,0,1079,0,107901,378,366,357,359,341,2,7,7,2,7,7,3,1,1,7,1107901,4,5
1079003,0,1079,0,107901,312,303,295,296,281,2,7,7,2,7,7,3,1,1,7,1107901,4,5
1079004,0,1079,0,107901,312,303,295,296,281,2,7,7,2,7,7,3,1,1,7,1107901,4,5
1079005,0,1079,0,107901,312,303,295,296,281,2,7,7,2,7,7,3,1,1,7,1107901,4,5
1079006,0,1079,0,107901,403,390,381,382,363,2,7,7,2,7,7,3,1,1,7,1107901,4,5
1079007,0,1079,0,107901,328,317,309,311,295,2,7,7,2,7,7,3,1,1,7,1107901,4,5
1079008,0,1079,0,107901,328,317,309,311,295,2,7,7,2,7,7,3,1,1,7,1107901,4,5
1079009,0,1079,0,107901,378,366,357,359,341,2,7,7,2,7,7,3,1,1,7,1107901,4,5
1079010,0,1079,0,107901,378,366,357,359,341,2,7,7,2,7,7,3,1,1,7,1107901,4,5
1079011,0,1079,0,107901,411,199,321,324,307,2,7,7,2,7,7,3,1,1,7,1107901,4,5
1079012,0,1079,0,107901,474,230,371,374,354,2,7,7,2,7,7,3,1,1,7,1107901,4,5
1079013,0,1079,0,107901,411,199,321,324,307,2,7,7,2,7,7,3,1,1,7,1107901,4,5
1079014,0,1079,0,107901,411,199,321,324,307,2,7,7,2,7,7,3,1,1,7,1107901,4,5
1079015,0,1079,0,107901,411,199,321,324,307,2,7,7,2,7,7,3,1,1,7,1107901,4,5
1079900,0,1079,0,107901,252,244,238,239,227,2,7,7,2,7,7,3,1,1,7,1107901,4,5
1080001,0,1080,0,108001,410,366,352,370,422,1,7,7,1,7,6,2,1,2,7,1108001,4,5
1080002,0,1080,0,108001,384,344,330,347,396,1,7,7,1,7,6,2,1,2,7,1108001,4,5
1080003,0,1080,0,108001,410,366,352,370,422,1,7,7,1,7,6,2,1,2,7,1108001,4,5
1080004,0,1080,0,108001,282,252,242,254,290,1,7,7,1,7,6,2,1,2,7,1108001,4,5
1080005,0,1080,0,108001,333,298,286,300,343,1,7,7,1,7,6,2,1,2,7,1108001,4,5
1080006,0,1080,0,108001,410,366,352,370,422,1,7,7,1,7,6,2,1,2,7,1108001,4,5
1080007,0,1080,0,108001,333,298,286,300,343,1,7,7,1,7,6,2,1,2,7,1108001,4,5
1080008,0,1080,0,108001,384,344,330,347,396,1,7,7,1,7,6,2,1,2,7,1108001,4,5
1080009,0,1080,0,108001,384,344,330,347,396,1,7,7,1,7,6,2,1,2,7,1108001,4,5
1080010,0,1080,0,108001,333,298,286,300,343,1,7,7,1,7,6,2,1,2,7,1108001,4,5
1080011,0,1080,0,108001,384,344,330,347,396,1,7,7,1,7,6,2,1,2,7,1108001,4,5
1080012,0,1080,0,108001,333,298,286,300,343,1,7,7,1,7,6,2,1,2,7,1108001,4,5
1080013,0,1080,0,108001,333,298,286,300,343,1,7,7,1,7,6,2,1,2,7,1108001,4,5
1080014,0,1080,0,108001,333,298,286,300,343,1,7,7,1,7,6,2,1,2,7,1108001,4,5
1080015,0,1080,0,108001,384,344,330,347,396,1,7,7,1,7,6,2,1,2,7,1108001,4,5
1080900,0,1080,0,108001,256,229,220,231,264,1,7,7,1,7,6,2,1,2,7,1108001,4,5
1081001,0,1081,0,108101,368,322,382,332,313,7,7,6,1,7,7,2,1,2,7,1108101,4,5
1081002,0,1081,0,108101,344,302,358,311,293,7,7,6,1,7,7,2,1,2,7,1108101,4,5
1081003,0,1081,0,108101,347,304,360,313,296,7,7,6,1,7,7,2,1,2,7,1108101,4,5
1081004,0,1081,0,108101,355,311,366,318,300,7,7,6,1,7,7,2,1,2,7,1108101,4,5
1081005,0,1081,0,108101,344,302,358,311,293,7,7,6,1,7,7,2,1,2,7,1108101,4,5
1081006,0,1081,0,108101,355,311,366,318,300,7,7,6,1,7,7,2,1,2,7,1108101,4,5
1081007,0,1081,0,108101,360,315,374,325,307,7,7,6,1,7,7,2,1,2,7,1108101,4,5
1081008,0,1081,0,108101,411,360,427,371,350,7,7,6,1,7,7,2,1,2,7,1108101,4,5
1081009,0,1081,0,108101,334,293,347,302,285,7,7,6,1,7,7,2,1,2,7,1108101,4,5
1081010,0,1081,0,108101,308,270,320,278,263,7,7,6,1,7,7,2,1,2,7,1108101,4,5
1081011,0,1081,0,108101,334,293,347,302,285,7,7,6,1,7,7,2,1,2,7,1108101,4,5
1081012,0,1081,0,108101,334,293,347,302,285,7,7,6,1,7,7,2,1,2,7,1108101,4,5
1081013,0,1081,0,108101,334,293,347,302,285,7,7,6,1,7,7,2,1,2,7,1108101,4,5
1081014,0,1081,0,108101,334,293,347,302,285,7,7,6,1,7,7,2,1,2,7,1108101,4,5
1081015,0,1081,0,108101,334,293,347,302,285,7,7,6,1,7,7,2,1,2,7,1108101,4,5
1081016,0,1081,0,108101,334,293,347,302,285,7,7,6,1,7,7,2,1,2,7,1108101,4,5
1081017,0,1081,0,108101,386,338,401,348,329,7,7,6,1,7,7,2,1,2,7,1108101,4,5
1081018,0,1081,0,108101,386,338,401,348,329,7,7,6,1,7,7,2,1,2,7,1108101,4,5
1081019,0,1081,0,108101,386,338,401,348,329,7,7,6,1,7,7,2,1,2,7,1108101,4,5
1081020,0,1081,0,108101,334,293,347,302,285,7,7,6,1,7,7,2,1,2,7,1108101,4,5
1081900,0,1081,0,108101,257,225,267,232,219,7,7,7,1,7,7,2,1,2,7,1108101,4,5
1082001,0,1082,0,108201,392,303,377,380,350,5,7,6,1,4,7,4,5,7,1,1108201,4,5
1082002,0,1082,0,108201,347,269,334,336,310,5,7,6,1,4,7,4,5,7,1,1108201,4,5
1082003,0,1082,0,108201,470,364,452,455,419,5,7,6,1,4,7,4,5,7,1,1108201,4,5
1082004,0,1082,0,108201,386,299,371,374,345,5,7,7,1,4,7,4,5,7,1,1108201,4,5
1082005,0,1082,0,108201,339,263,326,329,303,5,7,6,1,4,7,4,5,7,1,1108201,4,5
1082006,0,1082,0,108201,339,263,326,329,303,5,7,6,1,4,7,4,5,7,1,1108201,4,5
1082007,0,1082,0,108201,339,263,326,329,303,5,7,6,1,4,7,4,5,7,1,1108201,4,5
1082008,0,1082,0,108201,339,263,326,329,303,5,7,6,1,4,7,4,5,7,1,1108201,4,5
1082009,0,1082,0,108201,392,303,377,380,350,5,7,6,1,4,7,4,5,7,1,1108201,4,5
1082900,0,1082,0,108201,261,202,251,253,233,7,7,7,1,4,7,4,5,7,1,1108201,4,5
1083001,0,1083,0,108301,367,331,367,293,328,1,3,7,7,1,6,7,4,7,1,1108301,4,5
1083002,0,1083,0,108301,585,528,559,445,500,1,3,7,7,1,6,7,4,7,1,1108302,4,5
1083003,0,1083,0,108301,584,504,507,424,476,1,3,7,7,1,6,7,4,7,1,1108302,4,5
1083004,0,1083,0,108301,325,293,325,259,290,1,3,7,7,1,6,7,4,7,1,1108301,4,5
1083005,0,1083,0,108301,372,336,372,297,333,1,3,7,7,1,6,7,4,7,1,1108301,4,5
1083006,0,1083,0,108301,479,432,479,382,428,1,3,7,7,1,6,7,4,7,1,1108301,4,5
1083007,0,1083,0,108301,386,348,386,307,345,1,3,7,7,1,6,7,4,7,1,1108301,4,5
1083008,0,1083,0,108301,439,396,439,350,393,1,3,7,7,1,6,7,4,7,1,1108301,4,5
1083009,0,1083,0,108301,354,319,354,282,317,1,3,7,7,1,6,7,4,7,1,1108301,4,5
1083010,0,1083,0,108301,585,528,559,445,500,1,3,7,7,1,6,7,4,7,1,1108302,4,5
1083011,0,1083,0,108301,306,276,306,244,274,1,3,7,7,1,6,7,4,7,1,1108301,4,5
1083012,0,1083,0,108301,394,355,394,314,352,1,3,7,7,1,6,7,4,7,1,1108301,4,5
1083013,0,1083,0,108301,354,319,354,282,317,1,3,7,7,1,6,7,4,7,1,1108301,4,5
1083014,0,1083,0,108301,372,336,372,297,333,1,3,7,7,1,6,7,4,7,1,1108301,4,5
1083015,0,1083,0,108301,386,348,386,307,345,1,3,7,7,1,6,7,4,7,1,1108301,4,5
1083016,0,1083,0,108301,386,348,386,307,345,1,3,7,7,1,6,7,4,7,1,1108301,4,5
1083017,0,1083,0,108301,415,374,415,331,371,1,3,7,7,1,6,7,4,7,1,1108301,4,5
1083018,0,1083,0,108301,306,276,306,244,274,1,3,7,7,1,6,7,4,7,1,1108301,4,5
1083019,0,1083,0,108301,415,374,415,331,371,1,3,7,7,1,6,7,4,7,1,1108301,4,5
1083020,0,1083,0,108301,333,300,333,265,298,1,3,7,7,1,6,7,4,7,1,1108301,4,5
1083021,0,1083,0,108301,394,355,394,314,352,1,3,7,7,1,6,7,4,7,1,1108301,4,5
1083022,0,1083,0,108301,354,319,354,282,317,1,3,7,7,1,6,7,4,7,1,1108301,4,5
1083023,0,1083,0,108301,585,528,559,445,500,1,3,7,7,1,6,7,4,7,1,1108302,4,5
1083024,0,1083,0,108301,306,276,306,244,274,1,3,7,7,1,6,7,4,7,1,1108301,4,5
1083025,0,1083,0,108301,394,355,394,314,352,1,3,7,7,1,6,7,4,7,1,1108301,4,5
1083026,0,1083,0,108301,359,324,359,286,321,1,3,7,7,1,6,7,4,7,1,1108301,4,5
1083027,0,1083,0,108301,383,346,380,303,340,1,3,7,7,1,6,7,4,7,1,1108301,4,5
1083028,0,1083,0,108301,399,360,399,318,357,1,3,7,7,1,6,7,4,7,1,1108301,4,5
1083029,0,1083,0,108301,372,336,372,297,333,1,3,7,7,1,6,7,4,7,1,1108301,4,5
1083030,0,1083,0,108301,372,336,372,297,333,1,3,7,7,1,6,7,4,7,1,1108301,4,5
1083031,0,1083,0,108301,346,312,346,276,309,1,3,7,7,1,6,7,4,7,1,1108301,4,5
1083032,0,1083,0,108301,426,384,426,339,381,1,3,7,7,1,6,7,4,7,1,1108301,4,5
1083033,0,1083,0,108301,346,312,346,276,309,1,3,7,7,1,6,7,4,7,1,1108301,4,5
1083034,0,1083,0,108301,346,312,346,276,309,1,3,7,7,1,6,7,4,7,1,1108301,4,5
1083035,0,1083,0,108301,665,600,665,530,595,1,3,7,7,1,6,7,4,7,1,1108303,4,5
1083036,0,1083,0,108301,330,298,330,263,295,1,3,7,7,1,6,7,4,7,1,1108301,4,5
1083037,0,1083,0,108301,426,384,426,339,381,1,3,7,7,1,6,7,4,7,1,1108301,4,5
1083038,0,1083,0,108301,372,336,372,297,333,1,3,7,7,1,6,7,4,7,1,1108301,4,5
1083039,0,1083,0,108301,399,360,399,318,357,1,3,7,7,1,6,7,4,7,1,1108302,4,5
1083040,0,1083,0,108301,346,312,346,276,309,1,3,7,7,1,7,7,4,7,1,1108302,4,5
1083041,0,1083,0,108301,426,384,426,339,381,1,3,7,7,1,7,6,4,7,1,1108301,4,5
1083042,0,1083,0,108301,426,384,426,339,381,1,3,7,7,1,7,6,4,7,1,1108301,4,5
1083043,0,1083,0,108301,346,312,346,276,309,1,3,7,7,1,7,7,4,7,1,1108301,4,5
1083100,0,1083,0,101,267,231,267,193,228,1,3,7,7,1,6,7,4,7,1,0,3,5
1083900,0,1083,0,108301,266,240,266,212,238,1,3,7,7,1,7,7,4,7,1,1108301,4,5
1084001,0,1084,0,108401,308,277,331,245,278,2,7,7,2,1,4,6,7,7,2,1108401,4,5
1084002,0,1084,0,108401,314,282,337,249,283,2,7,7,2,1,4,6,7,7,2,1108401,4,5
1084003,0,1084,0,108401,321,289,345,255,290,2,7,7,2,1,4,6,7,7,2,1108401,4,5
1084004,0,1084,0,108401,326,293,351,259,295,2,7,7,2,1,4,6,7,7,2,1108401,4,5
1084005,0,1084,0,108401,393,353,422,312,355,2,7,7,2,1,4,6,7,7,2,1108401,4,5
1084006,0,1084,0,108401,308,277,331,245,278,2,7,7,2,1,4,6,7,7,2,1108401,4,5
1084007,0,1084,0,108401,314,282,337,249,283,2,7,7,2,1,4,6,7,7,2,1108401,4,5
1084008,0,1084,0,108401,321,289,345,255,290,2,7,7,2,1,4,6,7,7,2,1108401,4,5
1084009,0,1084,0,108401,326,293,351,259,295,2,7,7,2,1,4,6,7,7,2,1108401,4,5
1084010,0,1084,0,108401,411,370,442,326,371,2,7,7,2,1,4,6,7,7,2,1108401,4,5
1084011,0,1084,0,108401,328,295,352,260,296,2,7,7,2,1,4,6,7,7,2,1108401,4,5
1084012,0,1084,0,108401,328,295,352,260,296,2,7,7,2,1,4,6,7,7,2,1108401,4,5
1084013,0,1084,0,108401,344,310,370,273,311,2,7,7,2,1,4,6,7,7,2,1108401,4,5
1084014,0,1084,0,108401,344,310,370,273,311,2,7,7,2,1,4,6,7,7,2,1108401,4,5
1084015,0,1084,0,108401,399,358,428,316,360,2,7,7,2,1,4,6,7,7,2,1108401,4,5
1084016,0,1084,0,108401,334,300,359,265,302,2,7,7,2,1,4,6,7,7,2,1108401,4,5
1084017,0,1084,0,108401,334,300,359,265,302,2,7,7,2,1,4,6,7,7,2,1108401,4,5
1084018,0,1084,0,108401,386,347,414,306,348,2,7,7,2,1,4,6,7,7,2,1108401,4,5
1084019,0,1084,0,108401,334,300,359,265,302,2,7,7,2,1,4,6,7,7,2,1108401,4,5
1084020,0,1084,0,108401,643,578,690,510,580,2,7,7,2,1,4,6,7,7,2,1108402,4,5
1084021,0,1084,0,108401,411,370,442,326,371,2,7,7,2,1,4,6,7,7,2,1108401,4,5
1084900,0,1084,0,108401,257,231,276,204,232,2,7,7,2,1,4,6,7,7,2,1108401,4,5
1085001,0,1085,0,108501,372,300,385,320,328,7,7,3,1,1,6,7,7,7,1,1108501,4,5
1085002,0,1085,0,108501,393,317,407,338,347,7,7,3,1,1,6,7,7,7,1,1108501,4,5
1085003,0,1085,0,108501,369,298,382,317,326,7,7,3,1,1,6,7,7,7,1,1108501,4,5
1085004,0,1085,0,108501,262,211,271,225,231,7,7,6,1,1,6,7,7,7,1,1108501,4,5
1085005,0,1085,0,108501,262,211,271,225,231,7,7,6,1,1,6,7,7,7,1,1108501,4,5
1085006,0,1085,0,108501,341,274,352,293,300,7,7,3,1,1,6,7,7,7,1,1108501,4,5
1085007,0,1085,0,108501,328,264,339,281,289,7,7,3,1,1,6,7,7,7,1,1108501,4,5
1085008,0,1085,0,108501,354,285,366,304,312,7,7,3,1,1,6,7,7,7,1,1108501,4,5
1085009,0,1085,0,108501,354,285,366,304,312,7,7,3,1,1,6,7,7,7,1,1108501,4,5
1085010,0,1085,0,108501,372,300,385,320,328,7,7,3,1,1,6,7,7,7,1,1108501,4,5
1085011,0,1085,0,108501,254,205,263,218,224,7,7,3,1,1,6,7,7,7,1,1108501,1,2
1085012,0,1085,0,108501,254,205,263,218,224,7,7,3,1,1,6,7,7,7,1,1108501,1,2
1085013,0,1085,0,108501,393,317,407,338,347,7,7,3,1,1,6,7,7,7,1,1108501,4,5
1085014,0,1085,0,108501,367,295,379,315,323,7,7,3,1,1,6,7,7,7,1,1108501,4,5
1085015,0,1085,0,108501,372,300,385,320,328,7,7,3,1,1,6,7,7,7,1,1108501,4,5
1085016,0,1085,0,108501,354,285,366,304,312,7,7,3,1,1,6,7,7,7,1,1108501,4,5
1085017,0,1085,0,108501,351,281,363,299,307,7,7,7,1,1,6,7,7,7,1,1108501,4,5
1085018,0,1085,0,108501,341,274,352,293,300,7,7,7,1,1,6,7,7,7,1,1108501,4,5
1085019,0,1085,0,108501,348,281,360,299,307,7,7,3,1,1,6,7,7,7,1,1108501,4,5
1085020,0,1085,0,108501,351,283,363,302,310,7,7,3,1,1,6,7,7,7,1,1108501,4,5
1085021,0,1085,0,108501,388,312,401,333,342,7,7,3,1,1,6,7,7,7,1,1108501,4,5
1085100,0,1085,0,101,272,200,285,220,228,7,7,3,1,1,6,7,7,7,1,0,3,5
1085101,0,1085,0,108501,272,200,285,220,228,7,7,3,1,1,6,7,7,7,1,9044,3,5
1085900,0,1085,0,108501,262,211,271,225,231,7,7,3,1,1,6,7,7,7,1,1108501,4,5
1086001,0,1086,0,108601,323,288,311,264,304,6,7,7,6,1,7,7,2,7,2,1108601,4,5
1086002,0,1086,0,108601,389,346,374,318,366,6,7,7,2,1,7,7,2,7,2,1108601,4,5
1086003,0,1086,0,108601,487,433,468,398,457,6,7,7,2,1,7,7,2,7,2,1108601,4,5
1086900,0,1086,0,108601,263,234,253,215,247,6,7,7,2,1,7,7,2,7,2,1108601,4,5
1087001,0,1087,0,108701,354,262,347,351,298,7,6,1,1,7,7,1,1,7,1,1108701,4,5
1087002,0,1087,0,108701,392,290,384,389,330,7,6,1,1,7,7,1,1,7,1,1108701,4,5
1087100,0,1087,0,101,249,223,247,248,233,7,6,1,1,7,7,1,1,7,1,0,3,5
1087900,0,1087,0,108701,253,187,248,251,213,7,7,1,1,7,7,1,1,7,1,1108701,4,5
1088001,0,1088,0,108801,377,338,423,330,333,1,6,7,3,1,6,7,4,7,1,1108801,4,5
1088002,0,1088,0,108801,314,281,353,275,278,1,6,7,3,1,6,7,4,7,1,1108801,4,5
1088003,0,1088,0,108801,364,326,409,319,322,1,6,7,3,1,6,7,4,7,1,1108801,4,5
1088004,0,1088,0,108801,364,326,409,319,322,1,6,7,3,1,6,7,4,7,1,1108801,4,5
1088005,0,1088,0,108801,377,338,423,330,333,1,6,7,3,1,6,7,4,7,1,1108801,4,5
1088006,0,1088,0,108801,366,329,412,321,324,1,6,7,3,1,6,7,4,7,1,1108801,4,5
1088007,0,1088,0,108801,314,281,353,275,278,1,6,7,3,1,6,7,4,7,1,1108801,4,5
1088008,0,1088,0,108801,251,225,282,220,222,1,6,7,6,1,6,7,4,7,1,1108801,4,5
1088009,0,1088,0,108801,339,304,381,297,300,1,6,7,3,1,6,7,4,7,1,1108801,4,5
1088010,0,1088,0,108801,336,302,378,295,297,1,6,7,3,1,6,7,4,7,1,1108801,4,5
1088011,0,1088,0,108801,339,304,381,297,300,1,6,7,3,1,6,7,4,7,1,1108801,4,5
1088012,0,1088,0,108801,314,281,353,275,278,1,6,7,3,1,6,7,4,7,1,1108801,4,5
1088013,0,1088,0,108801,251,225,282,220,222,1,6,7,6,1,6,7,4,7,1,1108801,4,5
1088014,0,1088,0,108801,336,302,378,295,297,1,7,7,3,1,6,7,4,7,1,1108801,4,5
1088015,0,1088,0,108801,377,338,423,330,333,1,6,7,3,1,6,7,4,7,1,1108801,4,5
1088016,0,1088,0,108801,301,270,338,264,266,1,6,7,3,1,6,7,4,7,1,1108801,4,5
1088017,0,1088,0,108801,339,304,381,297,300,1,6,7,3,1,6,7,4,7,1,1108801,4,5
1088018,0,1088,0,108801,364,326,409,319,322,1,6,7,3,1,6,7,4,7,1,1108801,4,5
1088019,0,1088,0,108801,314,281,353,275,278,1,6,7,3,1,6,7,4,7,1,1108801,4,5
1088020,0,1088,0,108801,314,281,353,275,278,1,6,7,3,1,6,7,4,7,1,1108801,4,5
1088021,0,1088,0,108801,377,338,423,330,333,1,6,7,3,1,6,7,4,7,1,1108801,4,5
1088900,0,1088,0,108801,251,225,282,220,222,1,7,7,3,1,6,7,4,7,1,1108801,4,5
1089001,0,1089,0,108901,234,277,216,240,233,1,6,7,7,1,7,6,2,7,1,1108901,4,5
1089002,0,1089,0,108901,314,371,289,322,312,1,1,7,7,1,7,6,2,7,1,1108901,4,5
1089003,0,1089,0,108901,314,371,289,322,312,1,1,7,7,1,7,6,2,7,1,1108901,4,5
1089004,0,1089,0,108901,234,277,216,240,233,1,1,7,7,7,6,6,2,7,1,1108901,4,5
1089005,0,1089,0,108901,293,346,270,300,291,1,1,7,7,1,7,6,2,7,1,1108901,4,5
1089006,0,1089,0,108901,332,393,307,341,331,1,1,7,7,1,7,6,2,7,1,1108901,4,5
1089007,0,1089,0,108901,295,352,268,305,291,1,1,7,7,1,7,6,2,7,1,1108901,4,5
1089008,0,1089,0,108901,314,371,289,322,312,1,1,7,7,1,7,6,2,7,1,1108901,4,5
1089009,0,1089,0,108901,304,360,281,312,303,1,1,7,7,1,7,6,2,7,1,1108901,4,5
1089010,0,1089,0,108901,314,371,289,322,312,1,1,7,7,1,7,6,2,7,1,1108901,4,5
1089011,0,1089,0,108901,293,346,270,300,291,1,1,7,7,1,7,6,2,7,1,1108901,4,5
1089012,0,1089,0,108901,337,399,311,346,336,1,1,7,7,1,7,6,2,7,1,1108901,4,5
1089013,0,1089,0,108901,295,352,268,305,291,1,1,7,7,1,7,6,2,7,1,1108901,4,5
1089014,0,1089,0,108901,234,277,216,240,233,1,6,7,7,1,7,6,2,7,1,1108901,4,5
1089015,0,1089,0,108901,314,371,289,322,312,1,1,7,7,1,7,6,2,7,1,1108901,4,5
1089016,0,1089,0,108901,314,371,289,322,312,1,1,7,7,1,7,6,2,7,1,1108901,4,5
1089017,0,1089,0,108901,288,341,266,295,287,1,1,7,7,1,7,6,2,7,1,1108901,4,5
1089018,0,1089,0,108901,293,346,270,300,291,1,1,7,7,1,7,6,2,7,1,1108901,4,5
1089019,0,1089,0,108901,314,371,289,322,312,1,1,7,7,1,7,6,2,7,1,1108901,4,5
1089020,0,1089,0,108901,295,352,268,305,291,1,1,7,7,1,7,6,2,7,1,1108901,4,5
1089021,0,1089,0,108901,314,371,289,322,312,1,1,7,7,1,7,6,2,7,1,1108901,4,5
1089022,0,1089,0,108901,314,371,289,322,312,1,1,7,7,1,7,6,2,7,1,1108901,4,5
1089023,0,1089,0,108901,295,352,268,305,291,1,1,7,7,1,7,6,2,7,1,1108901,4,5
1089024,0,1089,0,108901,351,416,324,360,350,1,1,7,7,1,7,6,2,7,1,1108901,4,5
1089025,0,1089,0,108901,304,360,281,312,303,1,1,7,7,1,7,6,2,7,1,1108901,4,5
1089026,0,1089,0,108901,304,360,281,312,303,1,1,7,7,1,7,6,2,7,1,1108901,4,5
1089027,0,1089,0,108901,328,388,302,336,326,1,1,7,7,1,7,6,2,7,1,1108901,4,5
1089028,0,1089,0,108901,328,388,302,336,326,1,1,7,7,1,7,6,2,7,1,1108901,4,5
1089029,0,1089,0,108901,328,388,302,336,326,1,1,7,7,1,7,6,2,7,1,1108901,4,5
1089030,0,1089,0,108901,304,360,281,312,303,1,1,7,7,1,7,6,2,7,1,1108901,4,5
1089031,0,1089,0,108901,304,360,281,312,303,1,1,7,7,1,7,6,2,7,1,1108901,4,5
1089900,0,1089,0,108901,234,277,216,240,233,1,1,7,7,1,7,6,2,7,1,1108901,4,5
1090001,0,1090,0,109001,316,271,269,340,304,5,7,7,1,7,7,3,1,7,1,1109001,4,5
1090002,0,1090,0,109001,352,302,299,378,338,5,7,7,1,7,7,3,1,7,1,1109001,4,5
1090003,0,1090,0,109001,708,553,559,734,656,5,7,7,1,6,7,3,1,7,1,1109002,5,5
1090004,0,1090,0,109001,336,289,286,362,323,5,7,7,1,7,7,3,1,7,1,1109001,4,5
1090005,0,1090,0,109001,339,291,288,364,326,5,7,7,1,7,7,3,1,7,1,1109001,4,5
1090006,0,1090,0,109001,339,291,288,364,326,5,7,7,1,7,7,3,1,7,1,1109001,4,5
1090007,0,1090,0,109001,336,289,286,362,323,5,7,7,1,7,7,3,1,7,1,1109001,4,5
1090008,0,1090,0,109001,342,293,290,367,328,5,7,7,1,7,7,3,1,7,1,1109001,4,5
1090009,0,1090,0,109001,339,291,288,364,326,5,7,7,1,7,7,3,1,7,1,1109001,4,5
1090010,0,1090,0,109001,278,239,237,299,267,5,7,7,1,7,7,3,1,7,1,1109001,4,5
1090011,0,1090,0,109001,380,326,323,408,365,5,7,7,1,7,7,3,1,7,1,1109001,4,5
1090012,0,1090,0,109001,316,271,269,340,304,5,7,7,1,7,7,3,1,7,1,1109001,4,5
1090013,0,1090,0,109001,304,260,258,326,292,5,7,7,1,7,7,3,1,7,1,1109001,4,5
1090014,0,1090,0,109001,304,260,258,326,292,5,7,7,5,7,7,3,1,7,1,1109001,4,5
1090015,0,1090,0,109001,329,282,280,354,316,5,7,7,1,7,7,3,1,7,1,1109001,4,5
1090016,0,1090,0,109001,329,282,280,354,316,5,7,7,1,7,7,3,1,7,1,1109001,4,5
1090017,0,1090,0,109001,329,282,280,354,316,5,7,7,1,7,7,3,1,7,1,1109001,4,5
1090900,0,1090,0,109001,253,217,215,272,243,5,7,7,1,7,7,3,1,7,1,1109001,4,5
1091001,0,1091,0,109101,329,278,335,269,289,3,7,7,1,1,4,7,5,7,1,1109101,4,5
1091002,0,1091,0,109101,368,311,375,301,325,3,7,7,1,1,4,7,5,7,1,1109101,4,5
1091003,0,1091,0,109101,342,289,348,280,302,3,7,7,1,1,4,7,5,7,1,1109101,4,5
1091004,0,1091,0,109101,342,289,348,280,302,3,7,7,1,1,4,7,5,7,1,1109101,4,5
1091900,0,1091,0,109101,263,222,268,215,232,3,7,7,1,1,4,7,5,7,1,1109101,4,5
1092001,0,1092,0,109201,351,328,386,311,328,3,6,7,4,1,7,6,4,7,2,1109201,4,5
1092002,0,1092,0,109201,351,328,386,311,328,3,6,7,4,1,7,6,4,7,2,1109201,4,5
1092003,0,1092,0,109201,309,289,340,274,289,3,6,7,4,1,7,6,4,7,2,1109201,4,5
1092004,0,1092,0,109201,351,328,386,311,328,3,6,7,4,1,7,6,4,7,2,1109201,4,5
1092005,0,1092,0,109201,395,370,435,350,370,3,6,7,4,1,7,6,4,7,2,1109201,4,5
1092006,0,1092,0,109201,304,285,335,270,285,3,6,7,4,1,7,6,4,7,2,1109201,4,5
1092007,0,1092,0,109201,321,300,354,285,300,3,6,7,4,1,7,6,4,7,2,1109201,4,5
1092008,0,1092,0,109201,371,347,408,329,347,3,6,7,4,1,7,6,4,7,2,1109201,4,5
1092009,0,1092,0,109201,306,286,337,272,286,3,6,7,6,1,7,6,4,7,2,1109201,4,5
1092010,0,1092,0,109201,321,300,354,285,300,3,6,7,4,1,7,6,4,7,2,1109201,4,5
1092011,0,1092,0,109201,306,286,337,272,286,3,6,7,4,1,7,6,4,7,2,1109201,4,5
1092900,0,1092,0,109201,247,231,272,219,231,3,6,7,4,1,7,6,4,7,2,1109201,4,5
1093001,0,1093,0,109301,382,256,342,335,333,7,6,1,1,3,7,6,5,7,1,1109301,4,5
1093002,0,1093,0,109301,385,258,344,337,336,8,6,1,1,3,7,6,5,7,1,1109302,5,5
1093003,0,1093,0,109301,382,256,342,335,333,7,6,1,1,3,7,6,5,7,1,1109301,4,5
1093100,0,1093,0,101,252,200,299,299,169,7,6,1,1,3,7,6,5,7,1,0,3,5
1093900,0,1093,0,109301,273,183,244,239,238,7,7,1,1,3,7,6,5,7,1,1109301,4,5
1094001,0,1094,0,109401,319,300,333,264,285,1,5,7,6,1,4,7,6,7,1,1109401,4,5
1094002,0,1094,0,109401,281,264,293,232,251,1,5,7,6,1,4,7,6,7,1,1109401,4,5
1094003,0,1094,0,109401,332,312,346,274,296,1,5,7,6,1,4,7,6,7,1,1109401,4,5
1094004,0,1094,0,109401,332,312,346,274,296,1,5,7,6,1,4,7,6,7,1,1109401,4,5
1094005,0,1094,0,109401,357,336,372,295,319,1,5,7,6,1,4,7,6,7,1,1109401,4,5
1094006,0,1094,0,109401,867,816,904,717,775,1,5,7,6,1,4,7,6,7,1,1109402,4,5
1094007,0,1094,0,109401,281,264,293,232,251,1,5,7,6,1,4,7,6,7,1,1109401,4,5
1094008,0,1094,0,109401,357,336,372,295,319,1,5,7,6,1,4,7,6,7,1,1109401,4,5
1094009,0,1094,0,109401,357,336,372,295,319,1,5,7,6,1,4,7,6,7,1,1109401,4,5
1094010,0,1094,0,109401,434,408,452,359,388,1,5,7,6,1,4,7,6,7,1,1109401,4,5
1094011,0,1094,0,109401,260,245,271,215,233,1,5,7,7,1,4,7,6,7,1,1109401,4,5
1094900,0,1094,0,109401,255,240,266,211,228,1,5,7,7,1,4,7,6,7,1,1109401,4,5
1095001,0,1095,0,109501,440,261,341,396,363,7,4,1,1,4,7,4,1,7,1,1109501,4,5
1095002,0,1095,0,109501,498,296,386,449,411,7,4,1,1,4,7,4,1,7,1,1109501,4,5
1095003,0,1095,0,109501,527,313,409,475,436,7,4,1,1,4,7,4,1,7,1,1109501,4,5
1095004,0,1095,0,109501,440,261,341,396,363,7,4,1,1,4,7,4,1,7,1,1109501,4,5
1095005,0,1095,0,109501,387,230,300,348,319,7,4,1,1,4,7,4,1,7,1,1109501,4,5
1095006,0,1095,0,109501,390,231,302,351,322,7,4,1,1,4,7,4,1,7,1,1109501,4,5
1095007,0,1095,0,109501,368,218,285,331,304,7,4,1,1,4,7,4,1,7,1,1109501,4,5
1095008,0,1095,0,109501,328,195,254,296,271,7,4,1,1,4,7,4,1,7,1,1109501,4,5
1095009,0,1095,0,109501,445,264,344,401,367,7,4,1,1,4,7,4,1,7,1,1109501,4,5
1095900,0,1095,0,109501,293,174,227,264,242,7,4,1,1,4,7,4,1,7,1,1109501,4,5
1096001,0,1096,0,109601,325,281,321,310,263,1,6,7,5,1,4,7,2,7,1,1109601,4,5
1096002,0,1096,0,109601,325,281,321,310,263,1,6,7,5,1,4,7,2,7,1,1109601,4,5
1096003,0,1096,0,109601,322,279,319,308,260,1,6,7,5,1,4,7,2,7,1,1109601,4,5
1096900,0,1096,0,109601,260,225,257,248,210,1,6,7,5,1,4,7,2,7,1,1109601,4,5
1097001,0,1097,0,109701,319,294,341,299,308,5,7,7,1,1,7,7,2,7,1,1109701,4,5
1097002,0,1097,0,109701,710,530,614,538,554,5,7,7,1,1,7,6,2,7,1,1109702,4,5
1097003,0,1097,0,109701,754,548,635,556,573,5,7,7,1,1,6,7,2,7,1,1109703,4,5
1097004,0,1097,0,109701,757,568,658,577,594,5,7,7,1,1,6,7,2,7,1,1109703,4,5
1097005,0,1097,0,109701,792,588,682,597,615,5,7,7,1,1,6,7,2,7,1,1109704,4,5
1097900,0,1097,0,109701,245,226,262,230,237,5,7,7,1,1,7,7,2,7,1,1109701,4,5
1098001,0,1098,0,109801,337,274,343,300,330,5,7,7,1,7,7,5,1,2,7,1109801,4,5
1098100,0,1098,0,101,259,211,264,231,254,5,7,7,1,7,7,5,1,2,7,9127,3,5
1098101,0,1098,0,109801,301,211,302,302,305,5,7,7,1,6,7,5,1,2,7,9024,3,5
1098102,0,1098,0,109801,259,211,264,231,254,5,7,7,1,6,7,5,1,2,7,9043,3,5
1098103,0,1098,0,109801,259,211,264,231,254,5,7,7,1,6,7,5,1,2,7,9077,3,5
1098900,0,1098,0,109801,259,211,264,231,254,5,7,7,1,7,7,5,1,2,7,1109801,4,5
1099001,0,1099,0,109901,351,307,310,314,319,4,7,7,3,6,7,3,1,1,7,1109901,4,5
1099002,0,1099,0,109901,393,344,350,354,360,4,7,7,3,6,7,3,1,1,7,1109901,4,5
1099003,0,1099,0,109901,328,286,291,295,300,4,7,7,3,6,7,3,1,1,7,1109901,4,5
1099004,0,1099,0,109901,393,344,350,354,360,4,7,7,3,6,7,3,1,1,7,1109901,4,5
1099005,0,1099,0,109901,369,323,329,333,338,4,7,7,3,6,7,3,1,1,7,1109901,4,5
1099006,0,1099,0,109901,356,311,317,321,326,4,7,7,3,6,7,3,1,1,7,1109901,4,5
1099007,0,1099,0,109901,372,325,331,335,341,4,7,7,3,6,7,3,1,1,7,1109901,4,5
1099008,0,1099,0,109901,354,309,315,319,324,4,7,7,3,6,7,3,1,1,7,1109901,4,5
1099009,0,1099,0,109901,393,344,350,354,360,4,7,7,3,6,7,3,1,1,7,1109901,4,5
1099010,0,1099,0,109901,348,305,310,314,319,4,7,7,3,6,7,3,1,1,7,1109901,4,5
1099011,0,1099,0,109901,346,302,308,312,317,4,7,7,3,6,7,3,1,1,7,1109901,4,5
1099012,0,1099,0,109901,385,337,343,347,353,4,7,7,3,6,7,3,1,1,7,1109901,4,5
1099013,0,1099,0,109901,343,300,305,309,314,4,7,7,3,6,7,3,1,1,7,1109901,4,5
1099014,0,1099,0,109901,348,305,310,314,319,4,7,7,3,6,7,3,1,1,7,1109901,4,5
1099015,0,1099,0,109901,419,366,373,378,384,4,7,7,3,6,7,3,1,1,7,1109901,4,5
1099016,0,1099,0,109901,393,344,350,354,360,4,7,7,3,6,7,3,1,1,7,1109901,4,5
1099017,0,1099,0,109901,393,344,350,354,360,4,7,7,3,6,7,3,1,1,7,1109901,4,5
1099100,0,1099,0,101,251,258,224,251,219,4,7,7,3,6,7,3,1,1,7,9128,3,5
1099101,0,1099,0,109901,251,258,224,251,219,4,7,7,3,6,7,3,1,1,7,9034,3,5
1099102,0,1099,0,109901,302,258,304,285,267,4,7,7,3,6,7,3,1,1,7,9106,3,5
1099900,0,1099,0,109901,262,229,233,236,240,4,7,7,3,6,7,3,1,1,7,1109901,4,5
1100001,0,1100,0,110001,316,292,302,354,344,4,7,7,3,5,7,5,3,1,7,1110001,4,5
1100002,0,1100,0,110001,335,310,320,375,365,4,7,7,3,5,7,5,3,1,7,1110001,4,5
1100003,0,1100,0,110001,314,290,299,351,342,4,7,7,3,5,7,5,3,1,7,1110001,4,5
1100004,0,1100,0,110001,335,310,320,375,365,4,7,7,3,5,7,5,3,1,7,1110001,4,5
1100005,0,1100,0,110001,300,277,286,335,326,4,7,7,3,5,7,5,3,1,7,1110001,4,5
1100006,0,1100,0,110001,337,312,322,378,368,4,7,7,3,5,7,5,3,1,7,1110001,4,5
1100007,0,1100,0,110001,340,314,324,380,370,4,7,7,3,5,7,5,3,1,7,1110001,4,5
1100008,0,1100,0,110001,323,299,308,362,352,4,7,7,3,5,7,5,3,1,7,1110001,4,5
1100009,0,1100,0,110001,295,273,281,330,321,4,7,7,3,5,7,5,3,1,7,1110001,4,5
1100010,0,1100,0,110001,342,316,326,383,373,4,7,7,3,5,7,5,3,1,7,1110001,4,5
1100011,0,1100,0,110001,312,288,297,348,339,4,7,7,3,5,7,5,3,1,7,1110001,4,5
1100012,0,1100,0,110001,300,277,286,335,326,4,7,7,3,5,7,5,3,1,7,1110001,4,5
1100013,0,1100,0,110001,312,290,297,346,337,4,7,7,3,5,7,5,3,1,7,1110001,4,5
1100014,0,1100,0,110001,295,273,281,330,321,4,7,7,3,5,7,5,3,1,7,1110001,4,5
1100015,0,1100,0,110001,312,290,295,346,337,4,7,7,3,5,7,5,3,1,7,1110001,4,5
1100016,0,1100,0,110001,316,292,302,354,344,4,7,7,3,5,7,5,3,1,7,1110001,4,5
1100017,0,1100,0,110001,319,294,304,356,347,4,7,7,3,5,7,5,3,1,7,1110001,4,5
1100018,0,1100,0,110001,307,281,293,341,334,4,7,7,3,5,7,5,3,1,7,1110001,4,5
1100019,0,1100,0,110001,304,283,290,341,332,4,7,7,3,5,7,5,3,1,7,1110001,4,5
1100020,0,1100,0,110001,300,277,286,335,326,4,7,7,3,5,7,5,3,1,7,1110001,4,5
1100021,0,1100,0,110001,295,273,281,330,321,4,7,7,3,5,7,5,3,1,7,1110001,4,5
1100022,0,1100,0,110001,295,273,281,330,321,4,7,7,3,5,7,5,3,1,7,1110001,4,5
1100023,0,1100,0,110001,337,312,322,378,368,4,7,7,3,5,7,5,3,1,7,1110001,4,5
1100024,0,1100,0,110001,337,312,322,378,368,4,7,7,3,5,7,5,3,1,7,1110001,4,5
1100025,0,1100,0,110001,335,310,320,375,365,4,7,7,3,5,7,5,3,1,7,1110001,4,5
1100026,0,1100,0,110001,337,312,322,378,368,4,7,7,3,5,7,5,3,1,7,1110001,4,5
1100027,0,1100,0,110001,319,294,304,356,347,4,7,7,3,5,7,5,3,1,7,1110001,4,5
1100028,0,1100,0,110001,335,310,320,375,365,4,7,7,3,5,7,5,3,1,7,1110001,4,5
1100029,0,1100,0,110001,307,283,293,343,334,4,7,7,3,5,7,5,3,1,7,1110001,4,5
1100030,0,1100,0,110001,307,283,293,343,334,4,7,7,3,5,7,5,3,1,7,1110001,4,5
1100031,0,1100,0,110001,293,270,279,327,319,4,7,7,3,5,7,5,3,1,7,1110001,4,5
1100032,0,1100,0,110001,307,283,293,343,334,4,7,7,3,5,7,5,3,1,7,1110001,4,5
1100033,0,1100,0,110001,307,283,293,343,334,4,7,7,3,5,7,5,3,1,7,1110001,4,5
1100034,0,1100,0,110001,378,349,360,422,411,4,7,7,3,5,6,7,3,1,7,1110001,4,5
1100035,0,1100,0,110001,307,283,293,343,334,4,7,7,3,5,7,5,3,1,7,1110001,4,5
1100036,0,1100,0,110001,307,283,293,343,334,4,7,7,3,5,7,5,3,1,7,1110001,4,5
1100037,0,1100,0,110001,307,283,293,343,334,4,7,7,3,5,7,5,3,1,7,1110001,4,5
1100038,0,1100,0,110001,307,283,293,343,334,4,7,7,3,5,7,5,3,1,7,1110001,4,5
1100039,0,1100,0,110001,307,283,293,343,334,4,7,7,3,5,7,5,3,1,7,1110001,4,5
1100040,0,1100,0,110001,307,283,293,343,334,4,7,7,3,5,7,5,3,1,7,1110001,4,5
1100100,0,1100,0,101,212,248,232,192,301,4,7,7,3,5,7,5,3,1,7,9129,3,5
1100101,0,1100,0,110001,256,248,232,192,301,4,7,7,3,5,7,5,3,1,7,9107,3,5
1100900,0,1100,0,110001,236,218,225,264,257,4,7,7,3,5,7,5,3,1,7,1110001,4,5
1102001,0,1102,0,110201,289,265,304,271,298,1,2,7,7,1,6,7,3,7,1,1110201,4,5
1102002,0,1102,0,110201,306,281,321,287,315,1,2,7,7,1,6,7,3,7,1,1110201,4,5
1102003,0,1102,0,110201,277,254,291,260,285,1,2,7,7,1,6,7,3,7,1,1110201,4,5
1102004,0,1102,0,110201,345,316,362,323,355,1,2,7,7,1,6,7,3,7,1,1110201,4,5
1102005,0,1102,0,110201,349,320,367,328,360,1,2,7,7,1,6,7,3,7,1,1110201,4,5
1102006,0,1102,0,110201,328,301,344,307,337,1,2,7,7,1,6,7,3,7,1,1110201,4,5
1102900,0,1102,0,110201,241,221,253,226,248,1,2,7,7,1,6,7,3,7,1,1110201,4,5
1103900,0,1103,0,110301,231,224,226,223,251,1,7,7,2,3,7,7,1,7,1,1110301,4,5
1104001,0,1104,0,110401,278,264,246,268,241,3,6,7,5,6,7,3,1,7,1,1110401,4,5
1104002,0,1104,0,110401,280,266,249,270,243,3,6,7,5,6,7,3,1,7,1,1110401,4,5
1104003,0,1104,0,110401,325,303,285,309,279,3,6,7,5,6,7,3,1,7,1,1110401,4,5
1104004,0,1104,0,110401,354,335,313,341,306,3,6,7,5,6,7,3,1,7,1,1110401,4,5
1104005,0,1104,0,110401,369,344,322,351,315,3,6,7,5,6,7,3,1,7,1,1110401,4,5
1104006,0,1104,0,110401,386,365,342,372,335,3,6,7,5,6,7,3,1,7,1,1110401,4,5
1104007,0,1104,0,110401,328,303,290,316,281,3,6,7,5,6,7,3,1,7,1,1110401,4,5
1104008,0,1104,0,110401,390,369,345,377,338,3,6,7,5,7,6,3,1,7,1,1110401,4,5
1104009,0,1104,0,110401,359,339,317,346,311,3,6,7,7,7,6,3,1,7,1,1110401,4,5
1104010,0,1104,0,110401,362,344,321,350,314,3,6,7,5,7,7,3,1,7,1,1110401,4,5
1104900,0,1104,0,110401,257,244,228,248,223,3,7,7,5,7,7,3,1,7,1,1110401,4,5
1105001,0,1105,0,110501,296,270,316,263,313,2,6,7,6,2,6,7,5,7,1,1110501,4,5
1105002,0,1105,0,110501,296,270,316,263,313,2,6,7,6,2,6,7,5,7,1,1110501,4,5
1105003,0,1105,0,110501,296,270,316,263,313,2,6,7,6,2,6,7,5,7,1,1110501,4,5
1105004,0,1105,0,110501,326,297,347,289,345,2,6,7,6,2,6,7,5,7,1,1110501,4,5
1105005,0,1105,0,110501,324,295,342,285,339,2,6,7,6,2,6,7,5,7,1,1110501,4,5
1105006,0,1105,0,110501,324,295,342,285,339,2,6,7,6,2,6,7,5,7,1,1110501,4,5
1105007,0,1105,0,110501,296,270,316,263,313,2,6,7,6,2,6,7,5,7,1,1110501,4,5
1105008,0,1105,0,110501,326,297,347,289,345,2,6,7,6,2,6,7,5,7,1,1110501,4,5
1105009,0,1105,0,110501,321,293,342,285,339,2,6,7,6,2,6,7,5,7,1,1110501,4,5
1105010,0,1105,0,110501,306,279,326,272,324,2,6,7,6,2,6,7,5,7,1,1110501,4,5
1105011,0,1105,0,110501,272,248,289,241,287,2,6,7,6,2,7,7,5,7,1,1110501,4,5
1105012,0,1105,0,110501,321,293,342,285,339,2,6,7,6,2,7,7,5,7,1,1110501,4,5
1105013,0,1105,0,110501,321,293,342,285,339,2,6,7,6,2,7,7,5,7,1,1110501,4,5
1105014,0,1105,0,110501,321,293,342,285,339,2,6,7,6,2,7,7,5,7,1,1110501,4,5
1105015,0,1105,0,110501,272,248,289,241,287,2,6,7,6,2,7,7,5,7,1,1110501,4,5
1105016,0,1105,0,110501,321,293,342,285,339,2,6,7,6,2,7,7,5,7,1,1110501,4,5
1105017,0,1105,0,110501,371,338,395,329,392,2,6,7,6,2,7,7,5,7,1,1110501,4,5
1105018,0,1105,0,110501,321,293,342,285,339,2,6,7,6,2,7,7,5,7,1,1110501,4,5
1105019,0,1105,0,110501,321,293,342,285,339,2,6,7,6,2,7,7,5,7,1,1110501,4,5
1105020,0,1105,0,110501,321,293,342,285,339,2,6,7,6,2,7,7,5,7,1,1110501,4,5
1105021,0,1105,0,110501,321,293,342,285,339,2,6,7,6,2,7,7,5,7,1,1110501,4,5
1105022,0,1105,0,110501,395,360,421,350,418,2,6,7,6,2,7,7,5,7,1,1110501,4,5
1105900,0,1105,0,110501,247,225,263,219,261,2,7,7,6,2,7,7,5,7,1,1110501,4,5
1106001,0,1106,0,110601,383,402,391,370,361,1,1,7,7,1,6,7,5,7,1,1110601,4,5
1106002,0,1106,0,110601,301,316,308,291,284,1,1,7,7,1,6,7,5,7,1,1110601,4,5
1106003,0,1106,0,110601,359,377,367,347,338,1,1,7,7,1,6,7,5,7,1,1110601,4,5
1106004,0,1106,0,110601,362,380,369,350,341,1,1,7,7,1,6,7,5,7,1,1110601,4,5
1106005,0,1106,0,110601,301,316,308,291,284,1,1,7,7,1,6,7,5,7,1,1110601,4,5
1106006,0,1106,0,110601,349,367,357,338,329,1,1,7,7,1,6,7,5,7,1,1110601,4,5
1106007,0,1106,0,110601,323,339,330,310,302,1,1,7,7,1,6,7,5,7,1,1110601,4,5
1106008,0,1106,0,110601,301,316,308,291,284,1,1,7,7,1,6,7,5,7,1,1110601,4,5
1106009,0,1106,0,110601,289,304,295,280,272,1,1,7,7,1,6,7,5,7,1,1110601,4,5
1106010,0,1106,0,110601,301,316,308,291,284,1,1,7,7,1,6,7,5,7,1,1110601,4,5
1106011,0,1106,0,110601,603,633,615,583,568,1,1,7,7,1,6,7,5,7,1,1110602,4,5
1106012,0,1106,0,110601,603,633,615,583,568,1,1,7,7,1,6,7,5,7,1,1110602,4,5
1106013,0,1106,0,110601,386,405,394,373,363,1,1,7,7,1,6,7,5,7,1,1110601,4,5
1106014,0,1106,0,110601,265,278,271,256,250,1,1,7,7,1,6,7,5,7,1,1110601,4,5
1106015,0,1106,0,110601,362,380,369,350,341,1,1,7,7,1,6,7,5,7,1,1110601,4,5
1106016,0,1106,0,110601,265,278,271,256,250,1,1,7,7,1,6,7,5,7,1,1110601,4,5
1106017,0,1106,0,110601,362,380,369,350,341,1,1,7,7,1,6,7,5,7,1,1110601,4,5
1106900,0,1106,0,110601,241,253,246,233,227,1,1,7,7,1,6,7,5,7,1,1110601,4,5
1107001,0,1107,0,110701,364,348,308,356,286,1,2,7,6,7,6,2,1,7,1,1110701,4,5
1107002,0,1107,0,110701,364,329,308,356,286,1,2,7,6,7,6,2,1,7,1,1110701,4,5
1107003,0,1107,0,110701,346,312,293,338,272,1,2,7,6,6,7,2,1,7,1,1110701,4,5
1107004,0,1107,0,110701,364,329,308,356,286,1,2,7,6,7,6,2,1,7,1,1110701,4,5
1107005,0,1107,0,110701,399,360,338,390,314,1,2,7,6,7,6,2,1,7,1,1110701,4,5
1107006,0,1107,0,110701,372,336,315,364,293,1,2,7,6,6,7,2,1,7,1,1110701,4,5
1107007,0,1107,0,110701,359,324,304,351,282,1,2,7,6,7,6,2,1,7,1,1110701,4,5
1107008,0,1107,0,110701,426,384,360,416,334,1,2,7,6,7,6,2,1,7,1,1110701,4,5
1107009,0,1107,0,110701,359,324,304,351,282,1,2,7,6,7,6,2,1,7,1,1110701,4,5
1107010,0,1107,0,110701,372,336,315,364,293,1,2,7,6,7,6,2,1,7,1,1110701,4,5
1107011,0,1107,0,110701,359,324,304,351,282,1,2,7,6,7,6,2,1,7,1,1110701,4,5
1107012,0,1107,0,110701,388,350,329,380,305,1,2,7,6,7,6,2,1,7,1,1110701,4,5
1107013,0,1107,0,110701,364,329,308,356,286,1,2,7,6,7,6,2,1,7,1,1110701,4,5
1107014,0,1107,0,110701,346,312,293,338,272,1,2,7,6,6,7,2,1,7,1,1110701,4,5
1107015,0,1107,0,110701,364,329,308,356,286,1,2,7,6,7,6,2,1,7,1,1110701,4,5
1107016,0,1107,0,110701,399,360,338,390,314,1,2,7,6,7,6,2,1,7,1,1110701,4,5
1107017,0,1107,0,110701,364,348,308,356,286,1,2,7,6,7,6,2,1,7,1,1110701,4,5
1107018,0,1107,0,110701,364,329,308,356,286,1,2,7,6,7,6,2,1,7,1,1110701,4,5
1107019,0,1107,0,110701,359,324,304,351,282,1,2,7,6,6,7,2,1,7,1,1110701,4,5
1107020,0,1107,0,110701,364,329,308,356,286,1,2,7,6,7,6,2,1,7,1,1110701,4,5
1107021,0,1107,0,110701,399,360,338,390,314,1,2,7,6,7,6,2,1,7,1,1110701,4,5
1107022,0,1107,0,110701,372,336,315,364,293,1,2,7,6,7,6,2,1,7,1,1110701,4,5
1107023,0,1107,0,110701,293,264,248,286,230,1,2,7,6,7,6,2,1,7,1,1110701,4,5
1107024,0,1107,0,110701,293,264,248,286,230,1,2,7,6,7,6,2,1,7,1,1110701,4,5
1107025,0,1107,0,110701,346,312,293,338,272,1,2,7,6,7,6,2,1,7,1,1110701,4,5
1107026,0,1107,0,110701,426,384,360,416,334,1,2,7,7,7,6,2,1,7,1,1110701,4,5
1107027,0,1107,0,110701,346,312,293,338,272,1,2,7,6,7,6,2,1,7,1,1110701,4,5
1107028,0,1107,0,110701,372,336,315,364,293,1,2,7,6,6,7,2,1,7,1,1110701,4,5
1107029,0,1107,0,110701,346,312,293,338,272,1,2,7,6,7,6,2,1,7,1,1110701,4,5
1107030,0,1107,0,110701,399,360,338,390,314,1,2,7,6,7,6,2,1,7,1,1110701,4,5
1107031,0,1107,0,110701,346,312,293,338,272,1,2,7,6,7,6,2,1,7,1,1110701,4,5
1107032,0,1107,0,110701,346,312,293,338,272,1,2,7,6,7,6,2,1,7,1,1110701,4,5
1107033,0,1107,0,110701,399,360,338,390,314,1,2,7,6,7,6,2,1,7,1,1110701,4,5
1107034,0,1107,0,110701,346,312,293,338,272,1,2,7,6,6,7,2,1,7,1,1110701,4,5
1107035,0,1107,0,110701,399,360,338,390,314,1,2,7,6,6,7,2,1,7,1,1110701,4,5
1107036,0,1107,0,110701,293,264,248,286,230,1,2,7,6,7,6,2,1,7,1,1110701,4,5
1107037,0,1107,0,110701,346,312,293,338,272,1,2,7,6,7,6,2,1,7,1,1110701,4,5
1107038,0,1107,0,110701,293,264,248,286,230,1,2,7,6,7,6,2,1,7,1,1110701,4,5
1107039,0,1107,0,110701,346,312,293,338,272,1,2,7,6,7,6,2,1,7,1,1110701,4,5
1107040,0,1107,0,110701,346,312,293,338,272,1,2,7,6,7,6,2,1,7,1,1110701,4,5
1107041,0,1107,0,110701,346,312,293,338,272,1,2,7,6,7,6,2,1,7,1,1110701,4,5
1107042,0,1107,0,110701,399,360,338,390,314,1,2,7,6,7,6,2,1,7,1,1110701,4,5
1107043,0,1107,0,110701,346,312,293,338,272,1,2,7,6,7,6,2,1,7,1,1110701,4,5
1107044,0,1107,0,110701,426,384,360,416,334,1,2,7,6,6,7,2,1,7,1,1110701,4,5
1107900,0,1107,0,110701,266,240,225,260,209,1,2,7,7,7,6,2,1,7,1,1110701,4,5
1108001,0,1108,0,110801,553,473,519,359,418,1,7,7,5,1,5,6,7,7,1,1110802,5,5
1108002,0,1108,0,110801,582,498,519,359,418,1,7,7,5,1,5,7,6,7,1,1110803,5,5
1108003,0,1108,0,110801,407,349,382,265,308,1,7,7,5,1,5,7,6,7,1,1110801,4,5
1108004,0,1108,0,110801,393,336,369,255,297,1,7,7,5,1,5,7,6,7,1,1110801,4,5
1108005,0,1108,0,110801,728,623,683,473,550,1,7,7,5,1,5,6,7,7,1,1110802,5,5
1108006,0,1108,0,110801,742,635,696,482,561,1,7,7,5,1,5,7,6,7,1,1110803,5,5
1108007,0,1108,0,110801,393,336,369,255,297,1,7,7,5,1,5,7,6,7,1,1110801,4,5
1108900,0,1108,0,110801,291,249,273,189,220,1,7,7,5,1,5,7,6,7,1,1110801,4,5
1109001,0,1109,0,110901,307,282,301,307,282,7,7,6,1,3,7,5,1,7,1,1110901,4,5
1109002,0,1109,0,110901,307,282,301,307,282,7,7,6,1,3,7,5,1,7,1,1110901,4,5
1109003,0,1109,0,110901,307,282,301,307,282,7,7,6,1,3,7,5,1,7,1,1110901,4,5
1109004,0,1109,0,110901,420,386,411,420,386,7,7,6,1,3,7,5,1,7,1,1110901,4,5
1109005,0,1109,0,110901,647,595,634,647,595,7,7,6,1,3,7,5,1,7,1,1110902,4,5
1109006,0,1109,0,110901,307,282,301,307,282,7,7,6,1,3,7,5,1,7,1,1110901,4,5
1109007,0,1109,0,110901,307,282,301,307,282,7,7,6,1,3,7,5,1,7,1,1110901,4,5
1109008,0,1109,0,110901,307,282,301,307,282,7,7,6,1,3,7,5,1,7,1,1110901,4,5
1109009,0,1109,0,110901,307,282,301,307,282,7,7,6,1,3,7,5,1,7,1,1110901,4,5
1109010,0,1109,0,110901,647,595,634,647,595,7,7,6,1,3,7,5,1,7,1,1110902,4,5
1109011,0,1109,0,110901,420,386,411,420,386,7,7,6,1,3,7,5,1,7,1,1110901,4,5
1109012,0,1109,0,110901,324,298,317,324,298,7,7,6,1,3,7,5,1,7,1,1110901,4,5
1109013,0,1109,0,110901,324,298,317,324,298,7,7,6,1,3,7,5,1,7,1,1110901,4,5
1109014,0,1109,0,110901,324,298,317,324,298,7,7,6,1,3,7,5,1,7,1,1110901,4,5
1109015,0,1109,0,110901,349,321,342,349,321,7,7,6,1,3,7,5,1,7,1,1110901,4,5
1109016,0,1109,0,110901,324,298,317,324,298,7,7,6,1,3,7,5,1,7,1,1110901,4,5
1109017,0,1109,0,110901,274,252,268,274,252,7,7,6,1,3,7,5,1,7,1,1110901,4,5
1109018,0,1109,0,110901,309,284,303,309,284,7,7,6,1,3,7,5,1,7,1,1110901,4,5
1109019,0,1109,0,110901,324,298,317,324,298,7,7,6,1,3,7,5,1,7,1,1110901,4,5
1109020,0,1109,0,110901,349,321,342,349,321,7,7,6,1,3,7,5,1,7,1,1110901,4,5
1109021,0,1109,0,110901,398,366,390,398,366,7,7,6,1,3,7,5,1,7,1,1110901,4,5
1109022,0,1109,0,110901,847,779,830,847,779,7,7,6,1,3,7,5,1,7,1,1110903,4,5
1109023,0,1109,0,110901,867,797,849,867,797,7,7,6,1,3,7,5,1,7,1,1110904,4,5
1109024,0,1109,0,110901,398,366,390,398,366,7,7,7,1,3,7,5,1,7,1,1110901,4,5
1109025,0,1109,0,110901,324,298,317,324,298,7,7,6,1,3,7,5,1,7,1,1110901,4,5
1109026,0,1109,0,110901,324,298,317,324,298,7,7,6,1,3,7,5,1,7,1,1110901,4,5
1109027,0,1109,0,110901,867,797,849,867,797,7,7,6,1,3,7,5,1,7,1,1110903,4,5
1109900,0,1109,0,110901,249,229,244,249,229,7,7,6,1,3,7,5,1,7,1,1110901,4,5
1110001,0,1110,0,111001,313,295,331,319,338,1,6,7,3,3,7,7,6,7,1,1111001,4,5
1110002,0,1110,0,111001,331,313,351,338,358,1,7,7,3,3,7,7,6,7,1,1111001,4,5
1110003,0,1110,0,111001,658,488,623,600,635,1,6,7,3,3,6,7,6,7,1,1111002,5,5
1110004,0,1110,0,111001,294,278,311,300,318,1,6,7,3,3,7,7,6,7,1,1111001,4,5
1110005,0,1110,0,111001,306,289,324,312,330,1,6,7,3,3,7,7,6,7,1,1111001,4,5
1110006,0,1110,0,111001,329,311,349,336,356,1,7,7,3,3,7,7,6,7,1,1111001,4,5
1110007,0,1110,0,111001,376,355,398,384,406,1,6,7,3,3,6,7,6,7,1,1111001,4,5
1110008,0,1110,0,111001,306,289,324,312,330,1,6,7,3,3,7,7,6,7,1,1111001,4,5
1110009,0,1110,0,111001,376,355,398,384,406,1,7,7,3,3,7,7,6,7,1,1111001,4,5
1110010,0,1110,0,111001,799,755,847,816,864,1,6,7,3,3,6,7,6,7,1,1111003,4,5
1110900,0,1110,0,111001,235,222,249,240,254,1,7,7,3,3,7,7,6,7,1,1111001,4,5
1111001,0,1111,0,111101,331,297,331,291,346,7,6,7,1,1,6,7,3,7,1,1111101,4,5
1111002,0,1111,0,111101,334,299,334,293,348,5,7,7,1,1,6,7,3,7,1,1111101,4,5
1111003,0,1111,0,111101,349,312,349,307,364,5,6,7,1,1,6,7,3,7,1,1111101,4,5
1111004,0,1111,0,111101,331,297,331,291,346,5,6,7,1,1,6,7,3,7,1,1111101,4,5
1111005,0,1111,0,111101,374,335,374,329,390,5,6,7,1,1,6,7,3,7,1,1111101,4,5
1111006,0,1111,0,111101,374,335,374,329,390,5,7,7,1,1,6,7,3,7,1,1111101,4,5
1111007,0,1111,0,111101,311,279,311,274,325,5,6,7,1,1,6,7,3,7,1,1111101,4,5
1111008,0,1111,0,111101,341,305,341,300,356,5,6,7,1,1,6,7,3,7,1,1111101,4,5
1111009,0,1111,0,111101,358,320,358,314,373,5,6,7,1,1,6,7,3,7,1,1111101,4,5
1111010,0,1111,0,111101,341,305,341,300,356,5,6,7,1,1,6,7,3,7,1,1111101,4,5
1111011,0,1111,0,111101,378,339,378,332,395,5,6,7,1,1,6,7,3,7,1,1111101,4,5
1111012,0,1111,0,111101,307,275,307,270,320,5,6,7,1,1,6,7,3,7,1,1111101,4,5
1111013,0,1111,0,111101,358,320,358,314,373,5,6,7,1,1,6,7,3,7,1,1111101,4,5
1111014,0,1111,0,111101,324,290,324,285,338,5,6,7,1,1,6,7,3,7,1,1111101,4,5
1111015,0,1111,0,111101,349,312,349,307,364,7,6,7,1,1,6,7,3,7,1,1111101,4,5
1111016,0,1111,0,111101,349,312,349,307,364,5,7,7,1,1,6,7,3,7,1,1111101,4,5
1111017,0,1111,0,111101,324,290,324,285,338,5,6,7,1,1,6,7,3,7,1,1111101,4,5
1111018,0,1111,0,111101,324,290,324,285,338,5,6,7,1,1,6,7,3,7,1,1111101,4,5
1111019,0,1111,0,111101,847,758,847,745,884,5,6,7,1,1,6,7,3,7,1,1111102,4,5
1111020,0,1111,0,111101,398,357,398,350,416,5,7,7,1,1,6,7,3,7,1,1111101,4,5
1111021,0,1111,0,111101,398,357,398,350,416,5,7,7,1,1,6,7,3,7,1,1111101,4,5
1111900,0,1111,0,111101,249,223,249,219,260,5,7,7,1,1,6,7,3,7,1,1111101,4,5
1112001,0,1112,0,111201,311,268,341,257,311,5,7,3,1,4,7,2,1,7,5,1111201,4,5
1112002,0,1112,0,111201,346,298,379,286,346,7,7,3,1,4,7,2,1,7,5,1111201,4,5
1112003,0,1112,0,111201,348,298,382,286,346,5,7,3,1,4,7,2,1,7,5,1111201,4,5
1112004,0,1112,0,111201,358,309,393,296,358,5,7,3,1,4,7,2,1,7,5,1111201,4,5
1112005,0,1112,0,111201,309,266,339,255,309,5,7,3,1,4,7,2,1,7,5,1111201,4,5
1112006,0,1112,0,111201,331,285,363,273,331,5,7,3,1,4,7,2,1,7,5,1111201,4,5
1112007,0,1112,0,111201,331,285,363,273,331,5,7,3,1,4,7,2,1,7,5,1111201,4,5
1112008,0,1112,0,111201,274,236,301,226,274,7,7,3,1,4,7,2,1,7,5,1111201,4,5
1112009,0,1112,0,111201,375,323,411,310,375,5,7,3,1,4,7,2,1,7,5,1111201,4,5
1112010,0,1112,0,111201,338,291,371,279,338,5,7,3,1,4,7,2,1,7,5,1111201,4,5
1112011,0,1112,0,111201,304,262,334,251,304,5,7,3,1,4,7,2,1,7,5,1111201,4,5
1112012,0,1112,0,111201,304,262,334,251,304,5,7,3,1,4,7,2,1,7,5,1111201,4,5
1112013,0,1112,0,111201,304,262,334,251,304,5,7,3,1,4,7,2,1,7,5,1111201,4,5
1112014,0,1112,0,111201,272,234,298,224,272,7,7,3,1,4,7,2,1,7,5,1111201,4,5
1112015,0,1112,0,111201,346,298,379,286,346,5,7,3,1,4,7,2,1,7,5,1111201,4,5
1112016,0,1112,0,111201,371,320,407,306,371,5,7,3,1,4,7,2,1,7,5,1111201,4,5
1112017,0,1112,0,111201,306,264,336,253,306,5,7,3,1,4,7,2,1,7,5,1111201,4,5
1112018,0,1112,0,111201,321,277,352,265,321,5,7,3,1,4,7,2,1,7,5,1111201,4,5
1112019,0,1112,0,111201,321,277,352,265,321,5,7,3,1,4,7,2,1,7,5,1111201,4,5
1112020,0,1112,0,111201,272,234,298,224,272,5,7,3,1,4,7,2,1,7,5,1111201,4,5
1112021,0,1112,0,111201,321,277,352,265,321,5,7,3,1,4,7,2,1,7,5,1111201,4,5
1112022,0,1112,0,111201,321,277,352,265,321,5,7,3,1,4,7,2,1,7,5,1111201,4,5
1112023,0,1112,0,111201,395,341,434,326,395,5,7,3,1,4,7,2,1,7,5,1111201,4,5
1112024,0,1112,0,111201,321,277,352,265,321,5,7,3,1,4,7,2,1,7,5,1111201,4,5
1112025,0,1112,0,111201,272,234,298,224,272,5,7,3,1,4,7,2,1,7,5,1111201,4,5
1112900,0,1112,0,111201,247,213,271,204,247,5,7,3,1,4,7,2,1,7,5,1111201,4,5
1113900,0,1113,0,111301,257,233,240,218,252,1,7,7,1,5,7,6,2,7,3,1111301,4,5
1114001,0,1114,0,111401,348,312,411,393,359,1,7,7,7,1,6,7,7,7,1,1111401,4,5
1114002,0,1114,0,111401,302,270,356,341,311,1,7,7,7,1,6,7,7,7,1,1111401,4,5
1114003,0,1114,0,111401,580,520,685,655,598,1,7,7,7,1,6,7,7,7,1,1111401,4,5
1114004,0,1114,0,111401,302,270,356,341,311,1,7,7,6,1,6,7,7,7,1,1111401,4,5
1114005,0,1114,0,111401,348,312,411,393,359,1,7,7,6,1,6,7,7,7,1,1111401,4,5
1114006,0,1114,0,111401,302,270,356,341,311,1,7,7,6,1,6,7,7,7,1,1111401,4,5
1114007,0,1114,0,111401,348,312,411,393,359,1,7,7,6,1,6,7,7,7,1,1111401,4,5
1114008,0,1114,0,111401,441,395,521,498,454,1,7,7,6,1,6,6,7,7,1,1111402,4,5
1114009,0,1114,0,111401,371,333,438,419,382,1,7,7,6,1,6,7,7,7,1,1111401,4,5
1114010,0,1114,0,111401,302,270,356,341,311,1,7,7,6,1,6,7,7,7,1,1111401,4,5
1114011,0,1114,0,111401,302,270,356,341,311,1,7,7,6,1,6,7,7,7,1,1111401,4,5
1114012,0,1114,0,111401,302,270,356,341,311,1,7,7,6,1,6,7,7,7,1,1111401,4,5
1114013,0,1114,0,111401,371,333,438,419,382,1,7,7,6,1,6,7,7,7,1,1111401,4,5
1114014,0,1114,0,111401,288,258,340,325,296,1,7,7,6,1,6,7,7,7,1,1111401,4,5
1114015,0,1114,0,111401,766,686,904,865,789,1,7,7,6,1,6,6,7,7,1,1111403,4,5
1114016,0,1114,0,111401,302,270,356,341,311,1,7,7,6,1,6,7,7,7,1,1111401,4,5
1114017,0,1114,0,111401,766,686,904,865,789,1,7,7,6,1,6,6,7,7,1,1111403,4,5
1114018,0,1114,0,111401,789,707,932,891,813,1,7,7,6,1,6,6,7,7,1,1111404,4,5
1114019,0,1114,0,111401,371,333,438,419,382,1,7,7,6,1,6,7,6,7,1,1111401,4,5
1114020,0,1114,0,111401,302,270,356,341,311,1,7,7,6,1,6,7,7,7,1,1111401,4,5
1114021,0,1114,0,111401,302,270,356,341,311,1,7,7,6,1,6,7,7,7,1,1111401,4,5
1114022,0,1114,0,111401,789,707,932,891,813,1,7,7,6,1,6,6,7,7,1,1111405,4,5
1114023,0,1114,0,111401,302,270,356,341,311,1,7,7,6,1,6,7,7,7,1,1111401,4,5
1114024,0,1114,0,111401,348,312,411,393,359,1,7,7,6,1,6,7,7,7,1,1111401,4,5
1114025,0,1114,0,111401,371,333,438,419,382,1,7,7,6,1,6,7,6,7,1,1111401,4,5
1114900,0,1114,0,111401,232,208,274,262,239,1,7,7,7,1,6,7,7,7,1,1111401,4,5
1115001,0,1115,0,111501,420,396,410,290,323,1,5,7,7,1,2,7,7,7,4,1111501,4,5
1115002,0,1115,0,111501,403,380,393,278,310,1,5,7,7,1,2,7,7,7,4,1111501,4,5
1115003,0,1115,0,111501,403,380,393,278,310,1,5,7,7,1,2,7,7,7,4,1111501,4,5
1115004,0,1115,0,111501,414,391,404,286,318,1,5,7,7,1,2,7,7,7,4,1111501,4,5
1115005,0,1115,0,111501,308,290,300,212,237,1,5,7,7,1,2,7,7,7,4,1111501,4,5
1115006,0,1115,0,111501,308,290,300,212,237,1,5,7,7,1,2,7,7,7,4,1111501,4,5
1115007,0,1115,0,111501,308,290,300,212,237,1,5,7,7,1,2,7,7,7,4,1111501,4,5
1115008,0,1115,0,111501,364,343,355,251,280,1,5,7,7,1,2,7,7,7,4,1111501,4,5
1115009,0,1115,0,111501,812,766,792,560,624,1,5,8,8,1,2,6,7,7,4,1111502,4,5
1115010,0,1115,0,111501,826,779,805,569,634,1,5,8,8,1,2,6,7,7,4,1111503,4,5
1115011,0,1115,0,111501,364,343,355,251,280,1,5,7,7,1,2,7,7,7,4,1111501,4,5
1115012,0,1115,0,111501,854,805,833,589,656,1,5,8,8,1,2,6,7,7,4,1111504,4,5
1115013,0,1115,0,111501,364,343,355,251,280,1,5,7,7,1,2,7,7,7,4,1111501,4,5
1115014,0,1115,0,111501,448,422,437,309,344,1,5,7,7,1,2,7,7,7,4,1111501,4,5
1115015,0,1115,0,111501,448,422,437,309,344,1,5,7,7,1,2,7,7,7,4,1111501,4,5
1115016,0,1115,0,111501,420,396,410,290,323,1,5,7,7,1,2,7,7,7,4,1111501,4,5
1115017,0,1115,0,111501,644,607,628,444,495,1,5,7,7,1,2,6,7,7,4,1111505,4,5
1115018,0,1115,0,111501,448,422,437,309,344,1,5,7,7,1,2,7,7,7,4,1111501,4,5
1115019,0,1115,0,111501,420,396,410,290,323,1,5,7,7,1,2,7,7,7,4,1111501,4,5
1115020,0,1115,0,111501,364,343,355,251,280,1,5,7,7,1,2,7,7,7,4,1111501,4,5
1115021,0,1115,0,111501,700,660,683,483,538,1,5,7,7,1,2,6,7,7,4,1111506,4,5
1115022,0,1115,0,111501,448,422,437,309,344,1,5,7,7,1,2,7,7,7,4,1111501,4,5
1115023,0,1115,0,111501,448,422,437,309,344,1,5,7,7,1,2,7,7,7,4,1111501,4,5
1115900,0,1115,0,111501,280,264,273,193,215,1,5,7,7,1,2,7,7,7,4,1111501,4,5
1116001,0,1116,0,111601,289,231,263,222,221,1,7,7,6,3,7,6,4,7,1,1111601,4,5
1116002,0,1116,0,111601,289,231,263,222,221,1,7,7,6,3,7,6,4,7,1,1111601,4,5
1116003,0,1116,0,111601,434,347,395,333,332,1,7,7,7,3,7,6,4,7,1,1111601,4,5
1116004,0,1116,0,111601,376,300,342,289,287,1,7,7,7,3,7,6,4,7,1,1111601,4,5
1116005,0,1116,0,111601,462,370,421,355,354,1,7,7,7,3,7,6,4,7,1,1111601,4,5
1116006,0,1116,0,111601,446,356,406,343,341,1,7,7,6,3,7,7,4,7,1,1111601,4,5
1116007,0,1116,0,111601,434,347,395,333,332,1,7,7,6,3,7,7,4,7,1,1111601,4,5
1116008,0,1116,0,111601,737,589,671,566,564,1,7,7,6,3,7,6,4,7,1,1111602,4,5
1116009,0,1116,0,111601,405,323,368,311,309,1,7,7,6,3,7,7,4,7,1,1111601,4,5
1116010,0,1116,0,111601,376,300,342,289,287,1,7,7,6,3,7,7,4,7,1,1111601,4,5
1116011,0,1116,0,111601,434,347,395,333,332,1,7,7,6,3,7,7,4,7,1,1111601,4,5
1116012,0,1116,0,111601,376,300,342,289,287,1,7,7,6,3,7,7,4,7,1,1111601,4,5
1116013,0,1116,0,111601,318,254,289,244,243,1,7,7,6,3,7,7,4,7,1,1111601,4,5
1116014,0,1116,0,111601,838,670,763,644,641,1,8,8,6,3,7,6,4,7,1,1111603,4,5
1116015,0,1116,0,111601,867,693,789,666,663,1,8,8,6,3,6,7,4,7,1,1111604,4,5
1116016,0,1116,0,111601,376,300,342,289,287,1,7,7,6,3,7,7,4,7,1,1111601,4,5
1116017,0,1116,0,111601,881,705,802,677,674,1,8,8,6,3,7,6,4,7,1,1111605,4,5
1116018,0,1116,0,111601,376,300,342,289,287,1,7,7,6,3,7,7,4,7,1,1111601,4,5
1116019,0,1116,0,111601,376,300,342,289,287,1,7,7,6,3,7,7,4,7,1,1111601,4,5
1116020,0,1116,0,111601,489,412,420,409,398,1,7,7,6,3,7,7,4,7,1,1111601,4,5
1116021,0,1116,0,111601,462,370,421,355,354,1,7,7,6,3,7,7,4,7,1,1111601,4,5
1116900,0,1116,0,111601,289,231,263,222,221,1,7,7,7,3,7,7,4,7,1,1111601,4,5
1117001,0,1117,0,111701,299,363,315,356,315,1,3,7,7,1,3,7,7,7,1,1111701,4,5
1117002,0,1117,0,111701,260,316,274,310,274,1,3,7,7,1,3,7,7,7,1,1111701,4,5
1117003,0,1117,0,111701,260,316,274,310,274,1,3,7,7,1,3,7,7,7,1,1111701,4,5
1117004,0,1117,0,111701,282,342,296,335,296,1,3,7,7,1,3,7,7,7,1,1111701,4,5
1117005,0,1117,0,111701,282,342,296,335,296,1,3,7,7,1,3,7,7,7,1,1111701,4,5
1117006,0,1117,0,111701,304,368,319,361,319,1,3,7,7,1,3,6,7,7,1,1111701,4,5
1117007,0,1117,0,111701,239,289,251,284,251,1,3,7,7,1,3,7,7,7,1,1111701,4,5
1117008,0,1117,0,111701,304,368,319,361,319,1,3,7,7,1,3,6,7,7,1,1111701,4,5
1117009,0,1117,0,111701,269,326,283,320,283,1,3,7,7,1,3,7,7,7,1,1111701,4,5
1117010,0,1117,0,111701,239,289,251,284,251,1,3,7,7,1,3,7,7,7,1,1111701,4,5
1117011,0,1117,0,111701,269,326,283,320,283,1,3,7,7,1,3,7,7,7,1,1111701,4,5
1117012,0,1117,0,111701,269,326,283,320,283,1,3,7,7,1,3,7,7,7,1,1111701,4,5
1117013,0,1117,0,111701,282,342,296,335,296,1,3,7,7,1,3,7,7,7,1,1111701,4,5
1117014,0,1117,0,111701,239,289,251,284,251,1,3,7,7,1,3,7,7,7,1,1111701,4,5
1117015,0,1117,0,111701,304,368,319,361,319,1,3,7,7,1,3,7,7,7,1,1111701,4,5
1117016,0,1117,0,111701,282,342,296,335,296,1,3,7,7,1,3,7,7,7,1,1111701,4,5
1117017,0,1117,0,111701,282,342,296,335,296,1,3,7,7,1,3,7,7,7,1,1111701,4,5
1117018,0,1117,0,111701,304,368,319,361,319,1,3,7,7,1,3,7,7,7,1,1111701,4,5
1117019,0,1117,0,111701,304,368,319,361,319,1,3,7,7,1,3,7,7,7,1,1111701,4,5
1117900,0,1117,0,111701,217,263,228,258,228,1,3,7,7,1,3,7,7,7,1,1111701,4,5
1118001,0,1118,0,111801,325,320,312,300,303,1,6,7,1,1,6,7,5,7,1,1111801,4,5
1118002,0,1118,0,111801,325,320,312,300,303,1,6,7,1,1,6,7,5,7,1,1111801,4,5
1118003,0,1118,0,111801,350,344,336,323,326,1,6,7,1,1,6,6,7,7,1,1111801,4,5
1118004,0,1118,0,111801,310,305,298,286,289,1,6,7,1,1,6,7,5,7,1,1111801,4,5
1118005,0,1118,0,111801,325,320,312,300,303,1,6,7,1,1,6,7,5,7,1,1111801,4,5
1118006,0,1118,0,111801,350,344,336,323,326,1,6,7,1,1,6,7,5,7,1,1111801,4,5
1118007,0,1118,0,111801,400,394,384,370,373,1,6,7,1,1,6,7,5,7,1,1111801,4,5
1118008,0,1118,0,111801,310,305,298,286,289,1,6,7,1,1,6,7,5,7,1,1111801,4,5
1118009,0,1118,0,111801,325,320,312,300,303,1,6,7,1,1,6,7,5,7,1,1111801,4,5
1118010,0,1118,0,111801,275,271,264,254,256,1,6,7,1,1,6,7,5,7,1,1111801,4,5
1118011,0,1118,0,111801,325,320,312,300,303,1,6,7,1,1,6,7,5,7,1,1111801,4,5
1118012,0,1118,0,111801,400,394,384,370,373,1,6,7,1,1,6,7,5,7,1,1111801,4,5
1118900,0,1118,0,111801,250,246,240,231,233,1,7,7,1,1,6,7,5,7,1,1111801,4,5
1119001,0,1119,0,111901,344,377,410,288,383,2,5,7,7,1,1,7,7,7,1,1111901,4,5
1119002,0,1119,0,111901,366,402,437,307,408,2,5,7,7,1,1,7,7,7,1,1111901,4,5
1119003,0,1119,0,111901,344,377,410,288,383,2,5,7,7,1,1,7,7,7,1,1111901,4,5
1119004,0,1119,0,111901,298,326,355,250,332,2,5,7,7,1,1,7,7,7,1,1111901,4,5
1119005,0,1119,0,111901,298,326,355,250,332,2,5,7,7,1,1,7,7,7,1,1111901,4,5
1119006,0,1119,0,111901,344,377,410,288,383,2,5,7,7,1,1,7,7,7,1,1111901,4,5
1119007,0,1119,0,111901,321,351,382,269,357,2,5,7,7,1,1,6,7,7,1,1111901,4,5
1119008,0,1119,0,111901,298,326,355,250,332,2,5,7,7,1,1,7,7,7,1,1111901,4,5
1119900,0,1119,0,111901,229,251,273,192,255,2,5,7,7,1,1,7,7,7,1,1111901,4,5
1120001,0,1120,0,112001,354,171,276,279,264,7,4,1,1,7,5,1,1,7,1,1112001,4,5
1120002,0,1120,0,112001,444,215,346,349,331,7,4,1,1,7,5,1,1,7,1,1112001,4,5
1120003,0,1120,0,112001,397,192,309,312,296,7,4,1,1,7,5,1,1,7,1,1112001,4,5
1120004,0,1120,0,112001,348,168,272,274,260,7,4,1,1,7,5,1,1,7,1,1112001,4,5
1120005,0,1120,0,112001,348,168,272,274,260,7,4,1,1,7,5,1,1,7,1,1112001,4,5
1120006,0,1120,0,112001,392,190,306,309,293,7,4,1,1,7,5,1,1,7,1,1112001,4,5
1120007,0,1120,0,112001,411,199,321,324,307,7,4,1,1,7,5,1,1,7,1,1112001,4,5
1120008,0,1120,0,112001,348,168,272,274,260,7,4,1,1,7,5,1,1,7,1,1112001,4,5
1120009,0,1120,0,112001,442,214,346,349,330,7,4,1,1,7,5,1,1,7,1,1112001,4,5
1120900,0,1120,0,112001,287,168,234,270,241,7,4,1,1,7,5,1,1,7,1,1112001,4,5
1121001,0,1121,0,112101,384,291,518,291,317,7,7,2,1,1,1,5,7,7,1,1112101,4,5
1121002,0,1121,0,112101,384,301,500,291,317,7,7,2,1,1,1,5,7,7,1,1112101,4,5
1121003,0,1121,0,112101,333,252,449,252,274,7,7,2,1,1,1,5,7,7,1,1112101,4,5
1121004,0,1121,0,112101,384,291,518,291,317,7,7,2,1,1,1,5,7,7,1,1112101,4,5
1121005,0,1121,0,112101,358,272,483,272,295,7,7,2,1,1,1,5,7,7,1,1112101,4,5
1121006,0,1121,0,112101,410,310,552,310,338,7,7,2,1,1,1,5,7,7,1,1112101,4,5
1121007,0,1121,0,112101,384,291,518,291,317,7,7,2,1,1,1,5,7,7,1,1112101,4,5
1121008,0,1121,0,112101,384,291,518,291,317,7,7,2,1,1,1,5,7,7,1,1112101,4,5
1121009,0,1121,0,112101,333,252,449,252,274,7,7,2,1,1,1,5,7,7,1,1112101,4,5
1121900,0,1121,0,112101,256,194,345,194,211,7,7,2,1,1,1,5,7,7,1,1112101,4,5
1124900,0,1124,0,112401,266,216,238,231,249,1,7,7,1,3,7,6,1,7,1,1112401,4,5
1126001,0,1126,0,112601,316,303,324,308,309,2,7,7,4,1,5,7,7,7,1,1112601,4,5
1126002,0,1126,0,112601,316,303,324,308,309,2,7,7,4,1,5,7,7,7,1,1112601,4,5
1126003,0,1126,0,112601,316,303,324,308,309,2,7,7,4,1,5,7,7,7,1,1112601,4,5
1126004,0,1126,0,112601,316,303,324,308,309,2,7,7,4,1,5,7,7,7,1,1112601,4,5
1126005,0,1126,0,112601,316,303,324,308,309,2,7,7,4,1,5,7,7,7,1,1112601,4,5
1126006,0,1126,0,112601,301,289,309,294,295,2,7,7,4,1,5,7,7,7,1,1112601,4,5
1126900,0,1126,0,112601,243,233,249,237,238,2,7,7,4,1,5,7,7,7,1,1112601,4,5
1127001,0,1127,0,112701,328,355,290,291,296,1,1,7,7,6,7,3,1,7,1,1112701,4,5
1127002,0,1127,0,112701,312,339,277,278,283,1,1,7,7,6,7,3,1,7,1,1112701,4,5
1127003,0,1127,0,112701,328,355,290,291,296,1,1,7,7,7,7,1,1,7,1,1112701,4,5
1127004,0,1127,0,112701,328,355,290,291,296,1,1,7,7,7,7,1,1,7,1,1112701,4,5
1127005,0,1127,0,112701,328,355,290,291,296,1,1,7,7,7,7,1,1,7,1,1112701,4,5
1127900,0,1127,0,112701,252,273,223,224,228,1,1,7,7,7,7,1,1,7,1,1112701,4,5
1128001,0,1128,0,112801,328,322,352,256,302,1,5,7,7,1,7,7,4,7,1,1112801,4,5
1128002,0,1128,0,112801,328,322,352,256,302,1,5,7,7,1,7,7,4,7,1,1112801,4,5
1128003,0,1128,0,112801,328,322,352,256,302,1,5,7,7,1,7,7,4,7,1,1112801,4,5
1128004,0,1128,0,112801,328,322,352,256,302,1,5,7,7,1,7,7,4,7,1,1112801,4,5
1128005,0,1128,0,112801,328,322,352,256,302,1,5,7,7,1,7,7,4,7,1,1112801,4,5
1128006,0,1128,0,112801,328,322,352,256,302,1,5,7,7,1,7,7,4,7,1,1112801,4,5
1128007,0,1128,0,112801,312,308,336,244,288,1,5,7,7,1,7,7,4,7,1,1112801,4,5
1128008,0,1128,0,112801,328,322,352,256,302,1,5,7,7,1,7,7,4,7,1,1112801,4,5
1128009,0,1128,0,112801,403,397,434,315,371,1,5,7,7,1,7,7,4,7,1,1112801,4,5
1128010,0,1128,0,112801,328,322,352,256,302,1,5,7,7,1,7,7,4,7,1,1112801,4,5
1128011,0,1128,0,112801,328,322,352,256,302,1,5,7,7,1,7,7,4,7,1,1112801,4,5
1128012,0,1128,0,112801,312,308,336,244,288,1,5,7,7,1,7,7,4,7,1,1112801,4,5
1128013,0,1128,0,112801,328,322,352,256,302,1,5,7,7,1,7,7,4,7,1,1112801,4,5
1128014,0,1128,0,112801,312,308,336,244,288,1,5,7,7,1,7,7,4,7,1,1112801,4,5
1128015,0,1128,0,112801,328,322,352,256,302,1,5,7,7,1,7,7,4,7,1,1112801,4,5
1128016,0,1128,0,112801,328,322,352,256,302,1,5,7,7,1,7,7,4,7,1,1112801,4,5
1128017,0,1128,0,112801,378,372,407,296,348,1,5,7,7,1,7,7,4,7,1,1112801,4,5
1128018,0,1128,0,112801,312,308,336,244,288,1,5,7,7,1,7,7,4,7,1,1112801,4,5
1128019,0,1128,0,112801,328,322,352,256,302,1,5,7,7,1,7,7,4,7,1,1112801,4,5
1128020,0,1128,0,112801,328,322,352,256,302,1,5,7,7,1,7,7,4,7,1,1112801,4,5
1128900,0,1128,0,112801,252,248,271,197,232,1,5,7,7,1,7,7,4,7,1,1112801,4,5
1129001,0,1129,0,112901,450,372,427,358,398,3,7,7,2,1,7,7,4,7,1,1112901,4,5
1129002,0,1129,0,112901,786,651,746,626,696,3,7,7,2,1,7,7,4,7,1,1112901,4,5
1129003,0,1129,0,112901,560,464,531,446,496,3,7,7,2,1,7,7,4,7,1,1112901,4,5
1129004,0,1129,0,112901,414,343,393,329,366,3,7,7,2,1,6,7,4,7,1,1112901,4,5
1129005,0,1129,0,112901,431,356,409,343,381,3,7,7,2,1,7,7,4,7,1,1112901,4,5
1129006,0,1129,0,112901,497,410,472,396,439,3,7,7,2,1,7,7,4,7,1,1112901,4,5
1129007,0,1129,0,112901,1126,930,1069,898,996,3,8,8,2,1,7,6,4,7,1,1112902,4,5
1129008,0,1129,0,112901,431,356,409,343,381,3,7,7,2,1,7,7,4,7,1,1112901,4,5
1129009,0,1129,0,112901,497,410,472,396,439,3,7,7,2,1,7,7,4,7,1,1112901,4,5
1129010,0,1129,0,112901,1126,930,1069,898,996,3,8,8,2,1,7,6,4,7,1,1112903,4,5
1129011,0,1129,0,112901,560,464,531,446,496,3,7,7,2,1,7,7,4,7,1,1112901,4,5
1129012,0,1129,0,112901,431,356,409,343,381,3,7,7,2,1,7,7,4,7,1,1112901,4,5
1129013,0,1129,0,112901,911,752,865,726,805,3,7,8,2,1,7,6,4,7,1,1112904,4,5
1129014,0,1129,0,112901,497,410,472,396,439,3,7,7,2,1,7,7,4,7,1,1112901,4,5
1129015,0,1129,0,112901,1126,930,1069,898,996,3,7,8,2,1,7,6,4,7,1,1112903,4,5
1129016,0,1129,0,112901,1126,930,1069,898,996,3,7,8,2,1,7,6,4,7,1,1112903,4,5
1129017,0,1129,0,112901,428,353,406,341,378,3,7,7,2,1,7,7,4,7,1,1112901,4,5
1129018,0,1129,0,112901,1079,891,1024,860,954,3,8,8,2,1,6,6,7,7,1,1112905,4,5
1129019,0,1129,0,112901,1104,912,1048,880,976,3,8,8,2,1,7,6,4,7,1,1112906,4,5
1129020,0,1129,0,112901,1126,930,1069,898,996,3,8,8,2,1,6,7,4,7,1,1112907,4,5
1129021,0,1129,0,112901,428,353,406,341,378,3,7,7,2,1,7,7,4,7,1,1112901,4,5
1129022,0,1129,0,112901,428,353,406,341,378,3,7,7,2,1,7,7,4,7,1,1112901,4,5
1129023,0,1129,0,112901,1126,930,1069,898,996,3,8,8,2,1,7,6,4,7,1,1112908,4,5
1129024,0,1129,0,112901,359,296,341,286,317,3,7,7,2,1,7,7,4,7,1,1112901,4,5
1129025,0,1129,0,112901,414,342,393,330,366,3,7,7,2,1,7,7,4,7,1,1112901,4,5
1129026,0,1129,0,112901,1159,958,1100,924,1025,3,7,8,2,1,7,6,4,7,1,1112908,4,5
1129900,0,1129,0,112901,276,228,262,220,244,3,7,7,2,1,7,7,4,7,1,1112901,4,5
1130001,0,1130,0,113001,264,262,255,266,273,1,7,7,4,2,7,7,1,7,1,1113001,4,5
1130002,0,1130,0,113001,360,357,347,363,373,1,7,7,4,2,7,7,1,7,1,1113001,4,5
1130003,0,1130,0,113001,264,262,255,266,273,1,7,7,4,2,7,7,1,7,1,1113001,4,5
1130004,0,1130,0,113001,264,262,255,266,273,1,7,7,4,2,7,7,1,7,1,1113001,4,5
1130005,0,1130,0,113001,264,262,254,266,274,1,7,7,4,2,7,7,1,7,1,1113001,4,5
1130006,0,1130,0,113001,600,595,578,605,623,1,7,7,4,2,7,6,1,7,1,1113002,4,5
1130007,0,1130,0,113001,264,262,254,266,274,1,7,7,4,2,7,7,1,7,1,1113001,4,5
1130008,0,1130,0,113001,360,357,347,363,374,1,7,7,4,2,7,7,1,7,1,1113001,4,5
1130009,0,1130,0,113001,298,295,286,300,309,1,7,7,4,2,7,7,1,7,1,1113001,4,5
1130010,0,1130,0,113001,264,262,254,266,274,1,7,7,4,2,7,7,1,7,1,1113001,4,5
1130011,0,1130,0,113001,384,381,370,387,398,1,7,7,4,2,7,7,1,7,1,1113001,4,5
1130012,0,1130,0,113001,264,262,254,266,274,1,7,7,4,2,7,7,1,7,1,1113001,4,5
1130013,0,1130,0,113001,360,357,347,363,374,1,7,7,4,2,7,7,1,7,1,1113001,4,5
1130014,0,1130,0,113001,264,262,254,266,274,1,7,7,4,2,7,7,1,7,1,1113001,4,5
1130015,0,1130,0,113001,384,381,370,387,398,1,7,7,4,2,7,7,1,7,1,1113001,4,5
1130016,0,1130,0,113001,336,333,323,339,349,1,7,7,4,2,7,7,1,7,1,1113001,4,5
1130017,0,1130,0,113001,264,262,254,266,274,1,7,7,4,2,7,7,1,7,1,1113001,4,5
1130018,0,1130,0,113001,360,357,347,363,374,1,7,7,4,2,7,7,1,7,1,1113001,4,5
1130019,0,1130,0,113001,336,333,323,339,349,1,7,7,4,2,7,7,1,7,1,1113001,4,5
1130020,0,1130,0,113001,312,309,300,315,324,1,7,7,4,2,7,7,1,7,1,1113001,4,5
1130021,0,1130,0,113001,312,309,300,315,324,1,7,7,4,2,7,7,1,7,1,1113001,4,5
1130022,0,1130,0,113001,336,333,323,339,349,1,7,7,4,2,7,6,1,7,1,1113001,4,5
1130023,0,1130,0,113001,336,333,323,339,349,1,7,7,4,2,7,6,1,7,1,1113001,4,5
1130024,0,1130,0,113001,336,333,323,339,349,1,7,7,4,2,7,6,1,7,1,1113001,4,5
1130025,0,1130,0,113001,336,333,323,339,349,1,7,7,4,2,7,6,1,7,1,1113001,4,5
1130026,0,1130,0,113001,360,357,347,363,374,1,7,7,4,2,7,7,1,7,1,1113001,4,5
1130027,0,1130,0,113001,360,357,347,363,374,1,7,7,4,2,7,7,1,7,1,1113001,4,5
1130028,0,1130,0,113001,360,357,347,363,374,1,7,7,4,2,7,7,1,7,1,1113001,4,5
1130029,0,1130,0,113001,312,309,300,315,324,1,7,7,4,2,7,7,1,7,1,1113001,4,5
1130900,0,1130,0,113001,240,238,231,242,249,1,7,7,4,2,7,7,1,7,1,1113001,4,5
1131001,0,1131,0,113101,330,270,350,329,281,7,7,5,1,2,7,7,6,7,1,1113101,4,5
1131002,0,1131,0,113101,330,270,350,329,281,7,7,5,1,2,7,7,6,7,1,1113101,4,5
1131003,0,1131,0,113101,635,520,673,633,540,7,7,5,1,2,7,6,6,7,1,1113102,4,5
1131004,0,1131,0,113101,432,354,457,430,367,7,7,5,1,2,7,7,6,7,1,1113101,4,5
1131005,0,1131,0,113101,330,270,350,329,281,7,7,5,1,2,7,7,6,7,1,1113101,4,5
1131006,0,1131,0,113101,635,520,673,633,540,7,7,5,1,2,7,6,6,7,1,1113102,4,5
1131007,0,1131,0,113101,432,354,457,430,367,7,7,5,1,2,7,7,6,7,1,1113101,4,5
1131008,0,1131,0,113101,381,312,404,380,324,7,7,5,1,2,7,7,6,7,1,1113101,4,5
1131009,0,1131,0,113101,330,270,350,329,281,7,7,5,1,2,7,7,6,7,1,1113101,4,5
1131010,0,1131,0,113101,330,270,350,329,281,7,7,5,1,2,7,7,6,7,1,1113101,4,5
1131011,0,1131,0,113101,381,312,404,380,324,7,7,5,1,2,7,7,6,7,1,1113101,4,5
1131012,0,1131,0,113101,330,270,350,329,281,7,7,5,1,2,7,7,6,7,1,1113101,4,5
1131900,0,1131,0,113101,254,208,269,253,216,7,7,5,1,2,7,7,6,7,1,1113101,4,5
1132001,0,1132,0,113201,361,322,311,248,317,1,5,7,1,1,6,7,1,7,1,1113201,4,5
1132002,0,1132,0,113201,473,422,406,325,415,1,5,7,1,1,6,7,1,7,1,1113201,4,5
1132003,0,1132,0,113201,361,322,311,248,317,1,5,7,1,1,6,7,1,7,1,1113201,4,5
1132004,0,1132,0,113201,445,397,382,306,390,1,5,7,1,1,6,7,1,7,1,1113201,4,5
1132005,0,1132,0,113201,361,322,311,248,317,1,5,7,1,1,6,7,1,7,1,1113201,4,5
1132006,0,1132,0,113201,709,632,609,487,622,1,5,7,1,1,6,7,1,7,1,1113202,4,5
1132007,0,1132,0,113201,361,322,311,248,317,1,5,7,1,1,6,7,1,7,1,1113201,4,5
1132008,0,1132,0,113201,306,273,263,210,268,1,5,7,1,1,6,7,1,7,1,1113201,4,5
1132009,0,1132,0,113201,361,322,311,248,317,1,5,7,1,1,6,7,1,7,1,1113201,4,5
1132010,0,1132,0,113201,434,278,231,311,303,1,5,7,1,1,6,7,1,7,1,1113201,4,5
1132011,0,1132,0,113201,389,347,335,267,342,1,5,7,1,1,7,6,1,7,1,1113201,4,5
1132012,0,1132,0,113201,361,322,311,248,317,1,5,7,1,1,6,7,1,7,1,1113201,4,5
1132013,0,1132,0,113201,1168,1042,1004,802,1025,1,5,8,1,1,6,7,1,7,1,1113203,4,5
1132014,0,1132,0,113201,361,322,311,248,317,1,5,7,1,1,6,7,1,7,1,1113201,4,5
1132015,0,1132,0,113201,361,322,311,248,317,1,5,7,1,1,6,7,1,7,1,1113201,4,5
1132016,0,1132,0,113201,361,322,311,248,317,1,5,7,1,1,6,7,1,7,1,1113201,4,5
1132900,0,1132,0,113201,278,248,239,191,244,1,5,7,1,1,6,7,1,7,1,1113201,4,5
1133001,0,1133,0,113301,345,329,293,260,334,1,6,7,7,1,7,6,4,7,1,1113301,4,5
1133002,0,1133,0,113301,345,329,293,260,334,1,6,7,7,1,7,6,4,7,1,1113301,4,5
1133003,0,1133,0,113301,371,354,315,280,360,1,6,7,7,1,7,6,4,7,1,1113301,4,5
1133004,0,1133,0,113301,390,372,331,294,378,1,6,7,7,1,7,6,4,7,1,1113301,4,5
1133005,0,1133,0,113301,398,380,338,300,386,1,6,7,7,1,7,6,4,7,1,1113301,4,5
1133006,0,1133,0,113301,345,329,293,260,334,1,6,7,7,1,7,6,4,7,1,1113301,4,5
1133007,0,1133,0,113301,398,380,338,300,386,1,6,7,7,1,7,6,4,7,1,1113301,4,5
1133008,0,1133,0,113301,424,405,360,320,411,1,6,7,7,1,7,6,4,7,1,1113301,4,5
1133009,0,1133,0,113301,345,329,293,260,334,1,6,7,7,1,7,6,4,7,1,1113301,4,5
1133010,0,1133,0,113301,345,329,293,260,334,1,6,7,7,1,7,6,4,7,1,1113301,4,5
1133011,0,1133,0,113301,345,329,293,260,334,1,6,7,7,1,7,6,4,7,1,1113301,4,5
1133012,0,1133,0,113301,345,329,293,260,334,1,6,7,7,1,7,6,4,7,1,1113301,4,5
1133013,0,1133,0,113301,371,354,315,280,360,1,6,7,7,1,7,6,4,7,1,1113301,4,5
1133014,0,1133,0,113301,371,354,315,280,360,1,6,7,7,1,7,6,4,7,1,1113301,4,5
1133015,0,1133,0,113301,676,645,574,510,655,1,6,7,7,1,7,6,4,7,1,1113302,4,5
1133016,0,1133,0,113301,371,354,315,280,360,1,6,7,7,1,7,6,4,7,1,1113301,4,5
1133017,0,1133,0,113301,345,329,293,260,334,1,6,7,7,1,7,6,4,7,1,1113301,4,5
1133018,0,1133,0,113301,345,329,293,260,334,1,6,7,7,1,7,6,4,7,1,1113301,4,5
1133019,0,1133,0,113301,424,405,360,320,411,1,6,7,7,1,7,6,4,7,1,1113301,4,5
1133020,0,1133,0,113301,345,329,293,260,334,1,6,7,7,1,7,6,4,7,1,1113301,4,5
1133021,0,1133,0,113301,358,342,304,270,347,1,6,7,7,1,7,6,4,7,1,1113301,4,5
1133022,0,1133,0,113301,345,329,293,260,334,1,6,7,7,1,7,6,4,7,1,1113301,4,5
1133023,0,1133,0,113301,345,329,293,260,334,1,6,7,7,1,7,6,4,7,1,1113301,4,5
1133024,0,1133,0,113301,345,329,293,260,334,1,6,7,7,1,7,6,4,7,1,1113301,4,5
1133025,0,1133,0,113301,424,405,360,320,411,1,6,7,7,1,7,6,4,7,1,1113301,4,5
1133026,0,1133,0,113301,1113,1063,945,840,1079,1,6,8,7,1,7,6,4,7,1,1113303,4,5
1133027,0,1133,0,113301,901,860,765,680,874,1,6,7,7,1,7,6,4,7,1,1113304,4,5
1133028,0,1133,0,113301,345,329,293,260,334,1,6,7,7,1,7,6,4,7,1,1113301,4,5
1133029,0,1133,0,113301,398,380,338,300,386,1,6,7,7,1,7,6,4,7,1,1113301,4,5
1133900,0,1133,0,113301,265,253,225,200,257,1,6,7,7,1,7,6,4,7,1,1113301,4,5
1134001,0,1134,0,113401,287,272,268,218,263,1,6,7,6,3,7,6,1,7,1,1113401,4,5
1134002,0,1134,0,113401,339,321,317,257,311,1,6,7,6,3,7,6,1,7,1,1113401,4,5
1134003,0,1134,0,113401,405,383,378,307,370,1,6,7,6,3,7,6,1,7,1,1113401,4,5
1134004,0,1134,0,113401,287,272,268,218,263,1,6,7,6,3,7,6,1,7,1,1113401,4,5
1134005,0,1134,0,113401,339,321,317,257,311,1,6,7,6,3,7,6,1,7,1,1113401,4,5
1134006,0,1134,0,113401,339,321,317,257,311,1,6,7,6,3,7,6,1,7,1,1113401,4,5
1134007,0,1134,0,113401,287,272,268,218,263,1,6,7,6,3,7,6,1,7,1,1113401,4,5
1134008,0,1134,0,113401,287,272,268,218,263,1,6,7,6,3,7,6,1,7,1,1113401,4,5
1134009,0,1134,0,113401,339,321,317,257,311,1,6,7,6,3,7,6,1,7,1,1113401,4,5
1134010,0,1134,0,113401,392,371,366,297,359,1,6,7,6,3,7,6,1,7,1,1113401,4,5
1134011,0,1134,0,113401,287,272,268,218,263,1,6,7,6,3,7,6,1,7,1,1113401,4,5
1134012,0,1134,0,113401,418,395,390,317,382,1,6,7,6,3,7,6,1,7,1,1113401,4,5
1134013,0,1134,0,113401,339,321,317,257,311,1,6,7,6,3,7,6,1,7,1,1113401,4,5
1134014,0,1134,0,113401,287,272,268,218,263,1,6,7,6,3,7,6,1,7,1,1113401,4,5
1134015,0,1134,0,113401,287,272,268,218,263,1,6,7,6,3,7,6,1,7,1,1113401,4,5
1134016,0,1134,0,113401,365,346,342,277,335,1,6,7,6,3,7,6,1,7,1,1113401,4,5
1134017,0,1134,0,113401,287,272,268,218,263,1,6,7,6,3,7,6,1,7,1,1113401,4,5
1134018,0,1134,0,113401,339,321,317,257,311,1,6,7,6,3,7,6,1,7,1,1113401,4,5
1134019,0,1134,0,113401,418,395,390,317,382,1,6,7,6,3,7,6,1,7,1,1113401,4,5
1134020,0,1134,0,113401,287,272,268,218,263,1,6,7,6,3,7,6,1,7,1,1113401,4,5
1134021,0,1134,0,113401,365,346,342,277,335,1,6,7,6,3,7,6,1,7,1,1113401,4,5
1134022,0,1134,0,113401,339,321,317,257,311,1,6,7,6,3,7,6,1,7,1,1113401,4,5
1134023,0,1134,0,113401,287,272,268,218,263,1,6,7,6,3,7,6,1,7,1,1113401,4,5
1134024,0,1134,0,113401,287,272,268,218,263,1,6,7,6,3,7,6,1,7,1,1113401,4,5
1134025,0,1134,0,113401,339,321,317,257,311,1,6,7,6,3,7,6,1,7,1,1113401,4,5
1134026,0,1134,0,113401,365,346,342,277,335,1,6,7,6,3,7,6,1,7,1,1113401,4,5
1134027,0,1134,0,113401,365,346,342,277,335,1,6,7,6,3,7,6,1,7,1,1113401,4,5
1134028,0,1134,0,113401,365,346,342,277,335,1,6,7,6,3,7,6,1,7,1,1113401,4,5
1134900,0,1134,0,113401,261,247,244,198,239,1,6,7,6,3,7,6,1,7,1,1113401,4,5
1135900,0,1135,0,113501,243,240,235,228,254,1,1,7,7,1,6,7,1,7,1,1113501,4,5
1136001,0,1136,0,113601,335,307,260,350,308,1,7,7,2,1,6,7,2,7,6,1113601,4,5
1136002,0,1136,0,113601,361,330,280,377,332,1,7,7,2,1,6,7,2,7,6,1113601,4,5
1136003,0,1136,0,113601,361,330,280,377,332,1,7,7,2,1,6,7,2,7,6,1113601,4,5
1136004,0,1136,0,113601,413,378,320,430,379,1,7,7,2,1,6,7,2,7,6,1113601,4,5
1136005,0,1136,0,113601,361,330,280,377,332,1,7,7,2,1,6,7,2,7,6,1113601,4,5
1136900,0,1136,0,113601,258,236,200,269,237,1,7,7,2,1,6,7,2,7,7,1113601,4,5
1137001,0,1137,0,113701,363,365,325,340,287,1,5,7,7,7,6,6,3,7,1,1113701,4,5
1137002,0,1137,0,113701,363,365,325,340,287,1,5,7,7,7,6,6,3,7,1,1113701,4,5
1137003,0,1137,0,113701,337,339,302,316,267,1,5,7,7,7,6,7,3,7,1,1113701,4,5
1137004,0,1137,0,113701,363,365,325,340,287,1,5,7,7,6,7,6,3,7,1,1113701,4,5
1137005,0,1137,0,113701,363,365,325,340,287,1,5,7,7,7,6,6,3,7,1,1113701,4,5
1137006,0,1137,0,113701,337,339,302,316,267,1,5,7,7,7,6,7,3,7,1,1113701,4,5
1137007,0,1137,0,113701,321,324,288,301,254,1,5,7,7,7,6,6,3,7,1,1113701,4,5
1137008,0,1137,0,113701,337,339,302,316,267,1,5,7,7,7,6,7,3,7,1,1113701,4,5
1137009,0,1137,0,113701,414,418,371,389,328,1,5,7,7,7,6,7,3,7,1,1113701,4,5
1137900,0,1137,0,113701,259,261,232,243,205,1,5,7,7,7,6,7,3,7,1,1113701,4,5
1138900,0,1138,0,113801,243,254,236,227,264,1,7,7,5,5,7,7,1,4,7,1113801,4,5
1140900,0,1140,0,114001,252,247,249,234,218,1,7,7,1,4,7,7,2,4,7,1114001,4,5
1143001,0,1143,0,114301,374,298,374,298,336,1,6,7,6,1,7,6,3,7,7,1114301,4,5
1143900,0,1143,0,114301,267,213,267,213,240,1,7,7,7,1,7,7,3,7,7,1114301,4,5
1144001,0,1144,0,114401,330,288,326,278,267,1,7,7,5,1,7,6,1,7,1,1114401,4,5
1144002,0,1144,0,114401,346,302,342,291,280,1,7,7,5,1,7,6,1,7,1,1114401,4,5
1144003,0,1144,0,114401,346,302,342,291,280,1,7,7,5,1,7,6,1,7,1,1114401,4,5
1144004,0,1144,0,114401,372,325,368,314,301,1,7,7,5,1,7,6,1,7,1,1114401,4,5
1144005,0,1144,0,114401,426,371,421,358,344,1,7,7,5,1,7,6,1,7,1,1114401,4,5
1144006,0,1144,0,114401,346,302,342,291,280,1,7,7,5,1,7,6,1,7,1,1114401,4,5
1144007,0,1144,0,114401,346,302,342,291,280,1,7,7,5,1,7,6,1,7,1,1114401,4,5
1144008,0,1144,0,114401,426,371,421,358,344,1,7,7,5,1,7,6,1,7,1,1114401,4,5
1144009,0,1144,0,114401,333,290,329,280,269,1,7,7,5,1,7,6,1,7,1,1114401,4,5
1144010,0,1144,0,114401,346,302,342,291,280,1,7,7,5,1,7,6,1,7,1,1114401,4,5
1144011,0,1144,0,114401,426,371,421,358,344,1,7,7,5,1,7,6,1,7,1,1114401,4,5
1144900,0,1144,0,114401,266,232,263,224,215,1,7,7,5,1,7,6,1,7,1,1114401,4,5
1145001,0,1145,0,114501,372,287,354,251,296,1,6,7,5,1,7,7,7,7,1,1114501,4,5
1145002,0,1145,0,114501,400,309,381,270,319,1,6,7,5,1,7,7,7,7,1,1114501,4,5
1145003,0,1145,0,114501,372,287,354,251,296,1,6,7,5,1,7,7,7,7,1,1114501,4,5
1145004,0,1145,0,114501,355,274,337,239,283,1,6,7,5,1,7,7,7,7,1,1114501,4,5
1145005,0,1145,0,114501,372,287,354,251,296,1,6,7,5,1,7,7,7,7,1,1114501,4,5
1145006,0,1145,0,114501,372,287,354,251,296,1,6,7,5,1,7,7,7,7,1,1114501,4,5
1145007,0,1145,0,114501,395,305,375,266,315,1,6,7,5,1,7,7,7,7,1,1114501,4,5
1145008,0,1145,0,114501,372,287,354,251,296,1,6,7,5,1,7,7,7,7,1,1114501,4,5
1145900,0,1145,0,114501,286,221,272,193,228,1,7,7,5,1,7,7,7,7,1,1114501,4,5
2001900,0,2001,0,200101,252,231,249,220,228,7,7,7,7,2,7,7,2,7,7,1200101,4,5
2001901,0,2001,0,200101,239,219,237,209,217,7,7,7,7,2,7,7,2,7,7,1200102,4,5
2001902,0,2001,0,200101,403,354,398,352,364,7,7,7,7,2,7,8,2,7,7,1200103,5,5
2001903,0,2001,0,200101,321,287,318,281,291,7,7,7,7,2,7,8,2,7,7,1200102,4,5
2001904,0,2001,0,200101,401,359,398,351,364,7,7,7,7,2,7,8,2,7,7,1200104,4,5
2002100,0,2002,0,200201,401,373,372,361,225,7,7,7,7,3,7,5,6,7,7,1200201,4,5
2002101,0,2002,0,200201,481,423,412,391,335,7,7,7,7,3,7,5,6,7,7,1200303,4,5
2002901,0,2002,0,200201,261,243,242,235,146,2,7,7,5,3,7,5,6,7,1,1200202,4,5
2002902,0,2002,0,200201,331,308,307,298,186,2,7,7,5,3,7,5,6,7,1,1200204,4,5
2002903,0,2002,0,200201,430,400,399,387,242,2,7,7,5,3,7,5,6,7,1,1200205,4,5
2002904,0,2002,0,200201,215,200,200,194,121,2,7,7,5,3,7,5,6,7,1,1200204,4,5
2003100,0,2003,0,200301,415,411,367,211,320,7,7,7,7,4,5,7,5,7,7,1200301,4,5
2003101,0,2003,0,200301,480,452,407,341,360,7,7,7,7,4,5,7,5,7,7,1200203,4,5
2003901,0,2003,0,200301,270,267,239,137,208,2,6,7,7,4,5,7,5,7,1,1200302,4,5
2003902,0,2003,0,200301,343,339,303,174,264,2,6,7,7,4,5,7,5,7,1,1200304,4,5
2003903,0,2003,0,200301,446,441,394,226,343,2,6,7,7,4,5,7,5,7,1,1200305,4,5
2004901,0,2004,0,200401,941,979,981,1095,1106,1,6,7,6,1,6,7,6,7,1,1300004,4,5
2005901,0,2005,0,200501,1260,902,1200,667,870,1,6,7,6,1,6,7,5,7,1,1300001,4,5
2005902,0,2005,0,200501,884,1003,931,1035,1052,1,6,7,6,1,6,7,5,7,1,1300002,4,5
2006901,0,2006,0,200601,896,906,985,989,1026,1,7,7,6,1,5,6,7,7,1,1300003,4,5
3000100,0,1,8000,8,753,521,799,475,553,7,4,1,1,7,5,4,3,7,1,8001,4,5
3000101,0,1,8000,8,985,568,841,629,613,7,4,1,1,7,5,4,3,7,1,9000,4,5
3001100,0,1,8413,8,709,474,616,429,422,7,4,2,1,3,4,5,7,7,1,8017,1,5
3001101,0,1,8413,8,841,518,852,527,519,7,4,2,1,3,4,5,7,7,1,9001,1,5
3002100,0,1,8515,8,789,511,769,402,633,4,7,4,2,5,7,5,4,7,6,8086,4,5
3002101,0,1,8515,8,830,542,800,732,707,4,7,4,2,5,7,5,4,7,6,9003,4,5
3003100,0,1,8109,8,775,491,628,351,373,5,7,5,2,4,5,7,5,7,1,8033,1,5
3003101,0,1,8109,8,816,531,660,833,413,5,7,5,2,4,5,7,5,7,1,9004,1,5
3004100,0,2002,0,200201,849,733,721,711,451,2,5,7,5,3,7,5,6,7,1,1200201,4,5
3004101,0,2002,0,200201,862,829,833,759,629,2,5,7,5,3,7,5,6,7,1,9006,4,5
3005100,0,1,8265,8,681,530,576,492,403,2,5,7,5,4,5,7,5,7,1,8054,1,5
3005101,0,1,8265,8,714,562,1032,529,433,2,5,7,5,4,5,7,5,7,1,9007,1,5
3006100,0,2003,0,200301,831,871,692,411,663,2,6,7,7,4,5,7,5,7,1,1200301,4,5
3006101,0,2003,0,200301,972,912,785,533,723,2,6,7,7,4,5,7,5,7,1,9009,4,5
3007100,0,1,8383,8,496,665,531,424,559,1,1,6,7,3,4,5,7,7,1,8079,1,5
3007101,0,1,8383,8,707,762,585,458,794,1,1,6,7,3,4,5,7,7,1,9010,1,5
3008100,0,1,8549,8,772,538,721,422,734,4,7,4,2,5,7,5,4,1,7,8106,4,5
3008101,0,1,8549,8,812,582,782,516,952,4,7,4,2,5,7,5,4,1,7,9012,4,5
3009100,0,1,8550,8,741,355,792,286,533,5,7,5,2,5,7,5,4,1,7,8107,1,5
3009101,0,1,8550,8,785,407,826,336,874,5,7,5,2,5,7,5,4,1,7,9013,1,5
3010100,0,1,8035,8,711,294,704,174,815,7,6,2,1,7,5,5,5,7,1,8002,1,5
3010101,0,1,8035,8,859,324,844,224,915,7,6,2,1,7,5,5,5,7,1,9002,1,5
3011100,0,1,8116,8,673,505,655,693,244,6,7,6,2,3,4,5,7,7,1,8038,1,5
3011101,0,1,8116,8,704,536,730,922,275,6,7,6,2,3,4,5,7,7,1,9005,1,5
3012100,0,1,8205,8,684,678,644,223,422,2,5,7,5,5,7,5,4,7,1,8047,1,5
3012101,0,1,8205,8,724,710,934,285,500,2,5,7,5,5,7,5,4,7,1,9008,1,5
3013100,0,1,8323,8,577,558,510,434,555,1,1,6,7,7,5,4,3,7,1,8061,1,5
3013101,0,1,8323,8,618,938,541,465,631,1,1,6,7,7,5,4,3,7,1,9011,1,5
3014100,0,1,8569,8,694,229,573,525,633,6,7,6,2,3,7,5,6,1,6,8108,1,5
3014101,0,1,8569,8,725,280,607,557,1033,6,7,6,2,3,7,5,6,1,7,9014,1,5
8610001,0,1,8610,8,354,343,354,305,299,1,6,7,6,1,4,7,6,7,1,8610001,4,5
8611001,0,1,8611,8,263,225,291,206,230,5,7,6,4,2,5,6,7,7,1,8611001,4,5
8612001,0,1,8612,8,255,233,200,255,260,2,7,7,3,6,7,4,1,7,1,8612001,4,5
8612002,0,1,8612,8,342,303,268,342,348,2,7,7,3,6,7,4,1,7,1,8612001,4,5
8612003,0,1,8612,8,344,303,270,342,348,2,7,7,3,6,7,4,1,7,1,8612001,4,5
8612004,0,1,8612,8,344,315,270,342,348,2,7,7,3,6,7,4,1,7,1,8612001,4,5
8612005,0,1,8612,8,349,319,274,349,356,2,7,7,3,6,7,4,1,7,1,8612001,4,5
8612006,0,1,8612,8,408,373,320,408,416,2,7,7,3,6,7,4,1,7,1,8612001,4,5
8612007,0,1,8612,8,383,350,300,383,390,2,7,7,3,6,7,4,1,7,1,8612001,4,5
8612008,0,1,8612,8,357,326,280,357,364,2,7,7,3,6,7,4,1,7,1,8612001,4,5
8613001,0,1,8613,8,235,229,287,207,229,3,5,7,6,1,5,6,7,7,2,8613001,4,5
8613002,0,1,8613,8,329,321,402,290,321,3,6,7,6,1,5,6,7,7,2,8613001,4,5
8613003,0,1,8613,8,331,323,405,292,323,3,5,7,6,1,5,6,7,7,2,8613001,4,5
8613004,0,1,8613,8,336,327,410,296,327,3,5,7,6,1,5,6,7,7,2,8613001,4,5
8614001,0,1,8614,8,224,191,211,114,186,2,6,7,6,4,5,6,5,6,1,8053,4,5
8615001,0,1,8615,8,202,280,237,219,245,1,2,7,7,1,7,6,4,7,1,8615001,4,5
8616001,0,1,8616,8,258,258,221,230,226,1,1,7,7,4,7,5,1,7,1,8616001,4,5
8617001,0,1,8617,8,258,221,284,191,239,1,4,7,2,1,7,7,5,7,1,8617001,4,5
8617002,0,1,8617,8,335,287,369,248,311,1,4,7,2,1,7,7,5,7,1,8617001,4,5
8618001,0,1,8618,8,241,224,251,226,248,4,7,6,4,1,6,7,4,7,1,8618001,4,5
8619001,0,1,8619,8,266,255,238,211,230,1,5,7,7,1,7,7,1,7,1,8619001,4,5
8619002,0,1,8619,8,337,323,301,267,291,1,5,7,7,1,7,7,1,7,1,8619001,3,3
8619003,0,1,8619,8,379,364,339,301,328,1,5,7,7,1,7,7,1,7,1,8619001,3,3
8619004,0,1,8619,8,337,323,301,267,291,1,5,7,7,1,7,7,1,7,1,8619001,3,3
8620001,0,1,8620,8,270,231,265,212,222,1,6,7,1,1,7,6,1,7,7,8620001,4,5
8620002,0,1,8620,8,408,349,401,321,336,1,6,7,1,1,6,7,1,7,7,8620001,3,3
8620003,0,1,8620,8,322,276,316,253,265,1,6,7,1,1,7,6,1,7,7,8620001,3,3
8620004,0,1,8620,8,342,293,336,269,281,1,6,7,1,1,7,6,1,7,7,8620001,3,3
8621001,0,1,8621,8,255,219,240,183,231,1,6,7,6,1,7,5,1,7,1,8621001,4,5
8621002,0,1,8621,8,343,294,323,246,310,1,6,7,6,1,7,5,1,7,1,8621001,3,3
8621003,0,1,8621,8,374,322,352,269,339,1,6,7,6,1,7,5,1,7,1,8621001,3,3
8621004,0,1,8621,8,374,322,352,269,339,1,6,7,6,1,7,5,1,7,1,8621001,3,3
8621005,0,1,8621,8,296,254,278,212,268,1,6,7,6,1,7,5,1,7,1,8621001,3,3
8621006,0,1,8621,8,296,254,278,212,268,1,6,7,6,1,7,5,1,7,1,8621001,3,3
8621007,0,1,8621,8,296,254,278,212,268,1,6,7,6,1,7,5,1,7,1,8621001,3,3
8621008,0,1,8621,8,333,286,313,239,301,1,6,7,6,1,7,5,1,7,1,8621001,3,3
8622001,0,1,8622,8,277,263,275,198,216,1,5,7,5,1,7,5,1,7,7,8622001,4,5
8622002,0,1,8622,8,877,833,871,627,684,1,5,7,5,1,7,5,1,7,7,8622001,3,3
8623001,0,1,8623,8,264,258,282,185,223,1,7,7,5,1,7,6,1,3,7,8623001,3,3
8623002,0,1,8623,8,858,839,917,601,725,1,7,7,5,1,7,6,1,3,7,8623001,3,3
8623003,0,1,8623,8,858,839,917,601,725,1,7,7,5,1,6,7,1,3,7,8623002,3,3
8623004,0,1,8623,8,858,839,917,601,725,1,7,7,5,1,7,6,1,3,7,8623001,3,3
8624001,0,1,8624,8,277,234,258,216,215,1,7,7,2,1,7,7,1,7,1,8624001,3,3
8624002,0,1,8624,8,360,304,335,281,280,1,7,7,2,1,7,7,1,7,1,8624001,3,3
8625001,0,1,8625,8,265,259,228,244,204,2,7,7,3,7,7,5,1,7,2,8625001,3,3
8625002,0,1,8625,8,345,337,296,317,265,2,7,7,3,7,7,5,1,7,2,8625001,3,3
8626001,0,1,8626,8,248,272,252,199,229,1,6,6,7,1,7,5,1,7,1,8626001,3,3
8627001,0,1,8627,8,283,190,220,262,245,7,7,5,1,7,6,1,1,2,7,8627001,3,3
8627002,0,1,8627,8,283,190,220,262,245,7,7,5,1,7,6,1,1,6,7,8627001,3,3
8628001,0,1,8628,8,260,261,241,202,236,1,6,7,6,7,5,1,1,7,1,8628001,3,3
8628002,0,1,8628,8,416,418,386,323,378,1,6,7,6,7,5,1,1,7,1,8628002,3,3
8629001,0,1,8629,8,260,267,219,223,231,1,5,7,1,7,6,1,1,7,1,8629001,3,3
8629002,0,1,8629,8,416,427,350,357,370,1,5,7,1,7,6,1,1,7,1,8629001,3,3
8629003,0,1,8629,8,416,427,350,357,370,1,5,7,1,7,6,1,1,7,1,8629001,3,3
9001001,51,1,9001,8,751,678,769,434,756,5,3,7,4,7,1,5,3,7,1,8201,3,5
9001002,63,1,9001,8,751,678,769,434,756,5,3,7,4,7,1,5,3,7,1,8404,3,5
9002001,51,1,9002,8,713,646,789,514,793,3,4,7,5,7,2,6,6,7,1,8202,3,5
9003001,51,1,9003,8,765,692,626,600,685,1,1,7,1,7,4,6,5,7,1,8203,3,5
9004001,51,1,9004,8,791,630,666,417,770,3,3,7,1,7,4,1,1,7,1,8204,3,5
9004002,64,1,9004,8,791,630,666,417,770,3,3,7,1,7,4,1,1,7,1,8397,3,5
9005001,51,1,9005,8,778,693,723,502,683,5,5,7,4,7,1,3,4,7,1,8205,3,5
9006001,51,1,9006,8,735,679,744,577,730,1,1,7,6,7,5,3,6,7,1,8206,3,5
9007001,51,1,9007,8,777,659,671,422,778,4,1,7,6,7,6,6,5,7,1,8207,3,5
9008001,51,1,9008,8,739,684,799,595,691,1,1,7,5,7,1,1,1,7,1,8208,3,5
9008002,64,1,9008,8,739,684,799,595,691,1,1,7,5,7,1,1,1,7,1,8398,3,5
9009001,51,1,9009,8,796,656,626,583,727,2,4,7,1,7,6,3,5,7,1,8209,3,5
9010001,51,1,9010,8,745,611,695,402,708,1,5,7,6,2,7,4,4,7,1,8210,3,5
9011001,51,1,9011,8,789,659,632,420,773,5,3,7,5,3,7,5,3,7,1,8211,3,5
9012001,51,1,9012,8,715,672,642,595,800,5,2,7,3,6,7,2,1,7,1,8212,3,5
9013001,51,1,9013,8,725,669,786,497,703,2,4,7,5,1,7,3,2,7,1,8213,3,5
9014001,51,1,9014,8,736,654,736,477,655,3,1,7,5,4,7,4,6,7,1,8214,3,5
9014002,63,1,9014,8,736,654,736,477,655,3,1,7,5,4,7,4,6,7,1,8405,3,5
9015001,51,1,9015,8,764,682,749,587,687,4,1,7,1,4,7,5,6,7,1,8215,3,5
9016001,51,1,9016,8,791,671,655,572,790,3,5,7,5,5,7,1,3,7,1,8216,3,5
9016002,63,1,9016,8,791,671,655,572,790,3,5,7,5,5,7,1,3,7,1,8406,3,5
9017001,51,1,9017,8,800,657,765,524,700,5,5,7,1,2,7,1,6,7,1,8217,3,5
9017002,63,1,9017,8,800,657,765,524,700,5,5,7,1,2,7,1,6,7,1,8410,3,5
9018001,51,1,9018,8,723,621,728,475,648,1,3,7,6,3,7,3,3,7,1,8218,3,5
9018002,64,1,9018,8,723,621,728,475,648,1,3,7,6,3,7,3,3,7,1,8399,3,5
9019001,51,1,9019,8,758,601,635,525,630,4,5,7,6,5,7,4,6,7,1,8219,3,5
9019002,63,1,9019,8,758,601,635,525,630,4,5,7,6,5,7,4,6,7,1,8407,3,5
9020001,51,1,9020,8,702,622,603,465,711,5,3,7,2,2,7,4,2,7,1,8220,3,5
9021001,51,1,9021,8,771,663,752,526,756,3,2,7,5,4,7,6,1,7,1,8221,3,5
9022001,51,1,9022,8,708,638,684,567,659,2,5,7,3,5,7,5,4,7,1,8222,3,5
9023001,51,1,9023,8,751,664,666,403,681,1,5,7,1,4,7,5,1,7,1,8223,3,5
9024001,51,1,9024,8,733,693,659,469,663,5,2,7,1,1,7,2,2,7,1,8224,3,5
9025001,51,1,9025,8,773,601,732,457,682,4,1,7,1,1,7,2,3,7,1,8225,3,5
9025002,64,1,9025,8,773,601,732,457,682,4,1,7,1,1,7,2,3,7,1,8391,3,5
9026001,51,1,9026,8,776,689,614,557,794,5,1,7,6,4,7,1,6,7,1,8226,3,5
9027001,51,1,9027,8,707,654,791,420,732,5,1,7,4,2,6,7,2,7,1,8227,3,5
9028001,51,1,9028,8,788,692,614,406,644,1,2,7,3,1,3,7,4,7,1,8228,3,5
9029001,51,1,9029,8,701,694,680,430,694,2,4,7,5,6,3,7,1,7,1,8229,3,5
9030001,51,1,9030,8,707,678,746,406,744,1,1,7,2,6,1,7,5,7,1,8230,3,5
9031001,51,1,9031,8,784,649,631,459,694,2,1,7,4,2,4,7,3,7,1,8231,3,5
9032001,51,1,9032,8,715,623,671,589,629,2,5,7,4,2,6,7,3,7,1,8232,3,5
9032002,62,1,9032,8,715,623,671,589,629,2,7,7,4,2,6,7,3,7,1,8402,3,5
9033001,51,1,9033,8,704,632,719,444,721,5,1,7,4,4,3,7,5,7,1,8233,3,5
9034001,51,1,9034,8,788,686,787,549,642,2,3,7,1,2,5,7,5,7,1,8234,3,5
9034002,63,1,9034,8,788,686,787,549,642,2,3,7,1,2,5,7,5,7,1,8408,3,5
9035001,51,1,9035,8,794,619,650,440,765,3,4,7,2,6,6,7,4,7,1,8235,3,5
9035002,64,1,9035,8,794,619,650,440,765,3,4,7,2,6,6,7,4,7,1,8400,3,5
9036001,51,1,9036,8,780,677,662,578,600,1,5,7,1,2,4,7,5,7,1,8236,3,5
9036002,62,1,9036,8,780,677,662,578,600,1,7,7,1,2,4,7,5,7,1,8403,3,5
9037001,51,1,9037,8,722,627,667,403,761,3,5,7,5,6,1,7,5,7,1,8237,3,5
9037002,64,1,9037,8,722,627,667,403,761,3,5,7,5,6,1,7,5,7,1,8394,3,5
9038001,51,1,9038,8,738,618,637,517,782,2,1,7,5,3,5,7,2,7,1,8238,3,5
9039001,51,1,9039,8,790,700,737,484,618,4,4,7,2,5,5,7,5,7,1,8239,3,5
9040001,51,1,9040,8,741,615,789,530,663,2,3,7,4,6,2,7,1,7,1,8240,3,5
9040002,64,1,9040,8,741,615,789,530,663,2,3,7,4,6,2,7,1,7,1,8401,3,5
9040901,0,9040,0,904001,480,475,424,244,370,7,7,7,7,6,6,7,6,7,7,1200401,5,5
9041001,51,1,9041,8,721,659,765,541,662,3,1,7,4,2,2,7,5,7,1,8241,3,5
9041901,0,9041,0,904101,433,387,429,379,393,7,7,7,7,6,7,6,6,7,7,1200501,5,5
9042001,51,1,9042,8,777,696,713,525,643,5,2,7,1,6,3,7,4,7,1,8242,3,5
9042901,0,9042,0,904201,463,431,430,417,260,7,7,7,7,6,6,6,7,7,7,1200601,5,5
9043001,51,1,9043,8,797,642,715,452,628,3,2,7,3,1,4,7,4,7,1,8243,3,5
9043002,63,1,9043,8,797,642,715,452,628,3,2,7,3,1,4,7,4,7,1,8409,3,5
9044001,51,1,9044,8,714,640,753,427,606,2,1,7,5,4,1,7,3,7,1,8244,3,5
9044002,64,1,9044,8,714,640,753,427,606,2,1,7,5,4,1,7,3,7,1,8392,3,5
9045001,51,1,9045,8,774,616,633,417,768,3,5,7,3,3,5,7,6,7,1,8245,3,5
9046001,51,1,9046,8,787,615,731,572,644,3,4,7,2,5,5,7,2,7,1,8246,3,5
9046901,0,9046,0,904601,239,208,246,189,229,1,7,7,7,1,7,1,1,7,1,1201001,5,5
9047001,51,1,9047,8,758,634,675,571,690,3,3,7,2,2,3,7,4,7,1,8247,3,5
9047901,0,9047,0,904701,213,235,225,204,243,7,7,7,7,2,5,7,1,7,5,1201002,5,5
9048001,51,1,9048,8,799,620,743,429,670,1,1,7,6,6,4,7,1,7,1,8248,3,5
9048002,64,1,9048,8,799,620,743,429,670,1,1,7,6,6,4,7,1,7,1,8393,3,5
9048901,0,9048,0,904801,223,185,248,220,223,7,7,7,6,2,7,1,1,7,7,1201003,5,5
9049001,51,1,9049,8,736,688,645,566,703,5,4,7,2,4,1,7,5,7,1,8249,3,5
9050001,51,1,9050,8,707,644,641,572,697,5,4,7,5,3,5,7,2,7,1,8250,3,5
9051001,51,1,9051,8,773,654,715,538,669,1,5,7,2,3,1,5,7,7,1,8251,3,5
9052001,51,1,9052,8,761,615,660,594,656,1,3,7,2,5,3,6,7,7,1,8252,3,5
9053001,51,1,9053,8,765,686,608,478,731,3,3,7,4,1,5,6,7,7,1,8253,3,5
9054001,51,1,9054,8,719,636,753,459,683,2,2,7,3,3,4,2,7,7,1,8254,3,5
9054002,64,1,9054,8,719,636,753,459,683,2,2,7,3,3,4,2,7,7,1,8396,3,5
9055001,51,1,9055,8,762,652,746,492,734,2,5,7,2,5,3,4,7,7,1,8255,3,5
9056001,51,1,9056,8,711,677,774,407,705,3,2,7,6,3,5,4,7,7,1,8256,3,5
9056002,63,1,9056,8,711,677,774,407,705,3,2,7,6,3,5,4,7,7,1,8411,3,5
9057001,51,1,9057,8,709,635,736,550,752,1,1,7,4,4,3,2,7,7,1,8257,3,5
9058001,51,1,9058,8,725,682,677,596,757,5,4,7,6,6,1,1,7,7,1,8258,3,5
9059001,51,1,9059,8,705,691,779,462,767,3,3,7,6,5,4,6,7,7,1,8259,3,5
9060001,51,1,9060,8,773,626,630,415,719,2,4,7,1,6,3,4,7,7,1,8260,3,5
9060002,64,1,9060,8,773,626,630,415,719,2,4,7,1,6,3,4,7,7,1,8395,3,5
9061001,51,1,9061,8,764,626,702,426,725,2,4,7,1,6,3,4,7,7,1,8261,3,5
9100001,61,1,9100,8,515,633,552,633,649,7,7,3,1,6,7,5,3,7,1,8300,3,5
9100002,62,1,9100,8,750,631,759,558,720,7,7,3,1,6,7,5,3,7,1,8300,3,5
9101001,61,1,9101,8,523,644,561,643,687,7,7,5,3,4,5,7,4,7,1,8301,3,5
9101002,62,1,9101,8,523,644,561,643,687,7,7,5,3,4,5,7,4,7,1,8301,3,5
9102001,61,1,9102,8,529,658,589,649,677,7,5,4,1,3,7,5,3,7,7,8302,3,5
9102002,65,1,9102,8,649,662,674,576,747,7,5,4,1,5,7,6,3,7,7,8302,3,5
9103001,61,1,9103,8,527,648,588,631,696,7,5,3,1,3,4,7,5,7,7,8303,3,5
9103002,65,1,9103,8,576,683,730,511,734,7,5,3,1,3,5,7,1,7,7,8303,3,5
9104001,61,1,9104,8,511,630,553,629,647,7,6,3,1,7,6,5,3,7,7,8304,3,5
9104002,65,1,9104,8,619,637,704,590,701,7,6,3,1,7,6,4,3,7,7,8304,3,5
9105001,65,1,9105,8,554,643,717,597,770,7,7,5,3,3,4,7,3,1,7,8305,3,5
9105002,66,1,9105,8,742,637,762,560,766,7,7,5,3,3,4,7,3,1,7,8305,3,5
9106001,65,1,9106,8,607,652,656,528,792,7,7,3,1,3,5,7,3,1,7,8306,3,5
9106002,66,1,9106,8,705,603,727,590,765,7,7,3,1,3,5,7,3,1,7,8306,3,5
9107001,66,1,9107,8,725,666,763,529,796,4,7,7,2,5,7,4,3,1,7,8307,3,5
9107002,67,1,9107,8,725,666,763,529,796,4,7,7,2,5,7,4,3,1,7,8307,3,5
9108001,66,1,9108,8,720,688,733,586,781,3,7,7,1,5,7,5,3,1,7,8308,3,5
9108002,67,1,9108,8,720,688,733,586,781,3,7,7,1,5,7,5,3,1,7,8308,3,5
9109001,66,1,9109,8,745,664,738,511,760,5,7,7,1,2,6,7,3,1,7,8309,3,5
9109002,67,1,9109,8,745,664,738,511,760,5,7,7,1,2,6,7,3,1,7,8309,3,5
9110001,67,1,9110,8,706,687,715,586,725,1,5,7,1,3,5,7,4,1,7,8310,3,5
9111001,67,1,9111,8,744,613,763,583,793,1,4,7,1,1,4,7,5,1,7,8311,3,5
9112001,68,1,9112,8,630,661,687,533,713,7,7,1,1,7,5,3,2,1,7,8312,3,5
9112002,69,1,9112,8,706,668,761,537,794,7,7,1,1,7,5,3,2,1,7,8312,3,5
9113001,68,1,9113,8,571,625,704,545,763,7,7,4,1,3,5,3,7,1,7,8313,3,5
9113002,69,1,9113,8,711,619,719,530,785,7,7,4,1,3,5,3,7,1,7,8313,3,5
9114001,68,1,9114,8,627,666,699,566,736,7,7,5,3,5,7,6,1,1,7,8314,3,5
9114002,69,1,9114,8,791,630,707,595,739,7,7,5,3,5,7,6,1,1,7,8314,3,5
9115001,68,1,9115,8,568,700,714,594,775,7,7,3,1,4,7,5,2,1,7,8315,3,5
9115002,69,1,9115,8,777,649,761,560,776,7,7,3,1,4,7,5,2,1,7,8315,3,5
9116001,68,1,9116,8,565,667,651,533,774,7,7,3,1,3,5,7,3,1,7,8316,3,5
9116002,69,1,9116,8,708,632,756,529,793,7,7,3,1,3,5,7,3,1,7,8316,3,5
9117001,61,1,9117,8,512,632,583,668,678,7,5,3,1,7,5,1,1,7,1,8317,3,5
9118001,61,1,9118,8,526,657,591,625,648,7,7,5,1,3,7,5,3,7,1,8318,3,5
9118002,62,1,9118,8,701,675,744,572,772,7,7,5,1,3,7,5,3,7,1,8318,3,5
9119001,61,1,9119,8,511,631,589,629,690,7,7,3,1,5,7,4,2,7,1,8319,3,5
9119002,62,1,9119,8,750,611,791,549,747,7,7,3,1,5,7,4,2,7,1,8319,3,5
9120001,63,1,9120,8,748,649,735,542,709,3,7,7,1,3,5,5,7,7,1,8320,3,5
9120002,62,1,9120,8,748,649,735,542,709,3,7,7,1,3,5,5,7,7,1,8320,3,5
9121001,65,1,9121,8,576,600,693,561,706,7,4,3,1,1,3,7,5,1,7,8321,3,5
9122001,65,1,9122,8,604,655,696,575,705,7,7,1,1,2,7,5,3,1,7,8322,3,5
9122002,66,1,9122,8,761,683,782,554,718,7,7,1,1,2,7,5,3,1,7,8322,3,5
9123001,66,1,9123,8,725,686,710,561,771,3,7,7,3,3,5,5,7,1,7,8323,3,5
9123002,67,1,9123,8,725,686,710,561,771,3,7,7,3,3,5,5,7,1,7,8323,3,5
9124001,66,1,9124,8,737,616,790,562,747,2,7,7,3,2,6,7,5,1,7,8324,3,5
9124002,67,1,9124,8,737,616,790,562,747,2,7,7,3,2,6,7,5,1,7,8324,3,5
9125001,67,1,9125,8,785,684,705,512,717,2,4,7,3,3,5,7,6,1,7,8325,3,5
9126001,64,1,9126,8,713,640,711,597,724,1,4,7,1,3,5,7,1,7,1,8326,3,5
9127001,65,1,9127,8,623,694,680,517,709,7,5,4,3,7,4,3,2,1,7,8327,3,5
9127002,68,1,9127,8,623,694,680,517,709,7,5,4,3,7,4,3,2,1,7,8327,3,5
9128001,68,1,9128,8,606,657,662,522,800,7,4,3,3,4,4,7,5,1,7,8328,3,5
9129001,68,1,9129,8,577,682,732,531,797,7,3,3,1,2,4,7,3,1,7,8329,3,5
9130001,69,1,9130,8,713,645,790,539,744,5,7,4,1,3,4,7,4,1,7,8330,3,5
9131001,69,1,9131,8,734,649,743,579,742,3,7,5,3,1,4,7,4,1,7,8331,3,5
9132001,69,1,9132,8,756,639,778,505,724,4,7,5,3,3,3,7,4,1,7,8332,3,5
9133001,61,1,9133,8,556,652,553,642,679,7,7,3,2,3,5,7,2,7,1,8333,3,5
9133002,62,1,9133,8,556,652,553,642,679,7,7,3,2,3,5,7,2,7,1,8333,3,5
9134001,61,1,9134,8,514,634,588,642,673,7,7,2,1,5,7,4,3,7,1,8334,3,5
9134002,62,1,9134,8,754,677,781,518,794,7,7,2,1,5,7,4,3,7,1,8334,3,5
9135001,62,1,9135,8,738,628,744,554,759,1,7,7,5,1,5,7,5,7,1,8335,3,5
9135002,63,1,9135,8,738,628,744,554,759,1,7,7,5,1,5,7,5,7,1,8335,3,5
9136001,63,1,9136,8,742,667,752,542,729,3,3,7,4,1,3,5,7,7,1,8336,3,5
9137001,65,1,9137,8,618,653,688,547,788,7,3,3,1,3,7,5,5,1,7,8337,3,5
9138001,65,1,9138,8,553,662,738,503,713,7,5,4,2,7,6,4,1,1,7,8338,3,5
9139001,65,1,9139,8,563,631,715,538,746,7,4,2,1,1,4,5,7,1,7,8339,3,5
9140001,66,1,9140,8,781,696,799,508,754,3,7,4,3,3,7,5,1,1,7,8340,3,5
9141001,66,1,9141,8,713,648,781,579,777,4,7,5,2,2,5,7,4,1,7,8341,3,5
9142001,67,1,9142,8,768,657,736,538,739,3,5,7,2,3,5,7,5,1,7,8342,3,5
9143001,67,1,9143,8,730,649,713,564,714,1,6,7,4,7,5,4,1,1,7,8343,3,5
9144001,67,1,9144,8,723,633,700,575,716,1,4,7,4,2,4,6,7,1,7,8344,3,5
9145001,64,1,9145,8,748,681,757,548,732,3,5,7,1,5,7,5,1,7,1,8345,3,5
9146001,68,1,9146,8,610,697,664,592,716,7,4,3,2,4,7,6,3,1,7,8346,3,5
9147001,68,1,9147,8,644,679,710,515,732,7,5,3,3,7,5,3,1,1,7,8347,3,5
9148001,68,1,9148,8,559,679,725,546,714,7,6,3,1,2,5,7,6,1,7,8348,3,5
9149001,69,1,9149,8,752,623,768,533,735,3,7,3,1,3,5,7,5,1,7,8349,3,5
9150001,69,1,9150,8,751,635,718,566,781,5,7,3,1,2,5,7,4,1,7,8350,3,5
9151001,61,1,9151,8,531,657,567,659,657,7,6,7,1,5,7,3,2,7,1,8351,3,5
9151002,63,1,9151,8,531,657,567,659,657,7,6,7,1,5,7,3,2,7,1,8351,3,5
9152001,61,1,9152,8,542,652,572,651,656,7,7,3,1,7,6,4,1,7,1,8352,3,5
9152002,62,1,9152,8,721,699,800,583,797,7,7,3,1,7,6,4,1,7,1,8352,3,5
9153001,61,1,9153,8,536,645,568,656,656,7,7,5,3,1,4,7,5,7,1,8353,3,5
9153002,62,1,9153,8,746,650,784,507,777,7,7,5,3,1,4,7,5,7,1,8353,3,5
9154001,62,1,9154,8,720,635,772,574,733,4,7,3,1,4,7,4,2,7,1,8354,3,5
9155001,63,1,9155,8,739,663,708,595,734,5,6,7,1,3,7,5,1,7,1,8355,3,5
9156001,65,1,9156,8,574,670,701,505,767,7,5,4,4,2,7,6,3,1,7,8356,3,5
9157001,65,1,9157,8,639,626,707,535,780,7,5,4,3,1,5,7,4,1,7,8357,3,5
9158001,66,1,9158,8,750,668,745,571,776,3,7,3,1,1,3,6,7,1,7,8358,3,5
9159001,66,1,9159,8,759,666,713,595,749,5,7,4,3,1,5,7,4,1,7,8359,3,5
9160001,66,1,9160,8,702,648,729,500,796,4,7,5,2,1,6,7,3,1,7,8360,3,5
9161001,67,1,9161,8,760,624,764,579,784,3,5,7,4,4,7,6,3,1,7,8361,3,5
9162001,67,1,9162,8,754,636,719,564,765,4,4,7,5,1,3,6,7,1,7,8362,3,5
9163001,64,1,9163,8,766,634,790,553,712,3,4,7,1,4,7,4,3,7,1,8363,3,5
9164001,68,1,9164,8,557,649,720,535,794,7,7,4,1,4,7,4,3,1,7,8364,3,5
9164002,69,1,9164,8,741,697,722,523,798,7,7,4,1,4,7,4,3,1,7,8364,3,5
9165001,68,1,9165,8,610,603,665,531,728,7,4,3,1,1,5,7,6,1,7,8365,3,5
9166001,69,1,9166,8,715,610,737,591,758,2,7,3,3,1,6,7,5,1,7,8366,3,5
9167001,69,1,9167,8,705,657,787,599,758,3,7,5,1,1,3,5,7,1,7,8367,3,5
9168001,61,1,9168,8,522,672,574,621,692,7,7,3,1,3,3,4,7,7,1,8368,3,5
9168002,62,1,9168,8,767,619,759,533,792,7,7,3,1,3,3,4,7,7,1,8368,3,5
9169001,61,1,9169,8,514,627,566,623,666,7,5,4,2,5,5,7,4,7,1,8369,3,5
9170001,61,1,9170,8,527,638,558,631,689,7,3,2,1,4,5,7,2,7,1,8370,3,5
9171001,62,1,9171,8,749,660,747,511,701,5,7,5,4,7,4,4,3,7,1,8371,3,5
9172001,62,1,9172,8,776,635,768,557,765,2,7,6,3,3,5,7,4,7,1,8372,3,5
9173001,63,1,9173,8,787,618,706,509,704,2,5,7,2,7,4,3,1,7,1,8373,3,5
9174001,63,1,9174,8,720,633,767,553,759,3,4,7,5,3,5,7,4,7,1,8374,3,5
9175001,63,1,9175,8,757,697,781,518,798,3,5,7,3,4,4,7,5,7,1,8375,3,5
9176001,65,1,9176,8,608,696,669,522,745,7,7,4,3,1,3,4,7,1,7,8376,3,5
9176002,66,1,9176,8,757,615,794,543,746,7,7,4,3,1,3,4,7,1,7,8376,3,5
9177001,65,1,9177,8,627,605,677,590,754,7,6,4,3,6,7,5,3,1,7,8377,3,5
9178001,65,1,9178,8,553,644,722,521,733,7,5,3,3,4,5,7,4,1,7,8378,3,5
9179001,66,1,9179,8,735,634,788,530,753,4,7,4,3,3,4,7,6,1,7,8379,3,5
9180001,66,1,9180,8,715,627,741,526,745,1,7,7,3,5,7,5,3,1,7,8380,3,5
9180002,67,1,9180,8,715,627,741,526,745,1,7,7,3,5,7,5,3,1,7,8380,3,5
9181001,67,1,9181,8,700,683,756,598,712,1,5,7,3,4,7,6,4,1,7,8381,3,5
9182001,67,1,9182,8,738,688,705,578,726,1,4,7,3,4,6,7,5,1,7,8382,3,5
9183001,64,1,9183,8,730,635,765,564,753,3,5,7,1,2,4,7,2,7,1,8383,3,5
9184001,64,1,9184,8,700,682,792,580,769,3,4,7,1,1,5,7,1,7,1,8384,3,5
9185001,64,1,9185,8,735,680,741,549,723,3,5,7,4,1,7,5,3,7,1,8385,3,5
9186001,68,1,9186,8,632,657,750,527,723,7,7,4,2,5,7,5,2,1,7,8386,3,5
9186002,69,1,9186,8,756,691,794,529,796,7,7,4,2,5,7,5,2,1,7,8386,3,5
9187001,68,1,9187,8,607,601,744,512,763,7,5,4,2,4,5,7,4,1,7,8387,3,5
9188001,68,1,9188,8,625,603,665,531,728,7,5,3,1,1,4,5,7,1,7,8388,3,5
9189001,69,1,9189,8,706,651,758,542,792,1,7,4,2,2,3,4,7,1,7,8389,3,5
9190001,69,1,9190,8,748,603,748,589,783,1,7,4,2,3,6,7,4,1,7,8390,3,5
91129901,0,1129,0,112901,454,234,414,617,372,1,8,8,2,1,6,8,6,8,1,1201004,5,5
91129902,0,1129,0,112901,424,469,373,469,387,1,8,8,2,1,8,6,6,8,1,1201005,5,5
131081101,0,1081,0,108101,248,225,267,231,219,7,7,7,1,7,6,2,1,3,7,131081101,4,5
131132101,0,1132,0,113202,278,245,237,191,244,1,5,7,2,1,6,7,1,7,1,131132101,4,5
131136101,0,1136,0,113601,267,236,198,269,235,1,7,7,2,1,6,7,2,7,6,131136101,4,5
131138101,0,1138,0,113801,238,248,229,223,256,1,7,7,1,5,7,6,4,1,7,131138101,4,5
131140101,0,1140,0,114001,289,243,244,228,212,1,7,7,1,1,6,7,6,4,7,131140101,4,5
