id,support_card_id,pattern,pos_index,pos_x,pos_y,scale_x,scale_y,rot_z
1,10001,1,1,0,20000,9408,9408,0
2,10001,2,1,-5000,2480000,9427,9427,0
3,10001,2,2,55000,-6390000,9347,9347,0
4,10001,3,1,-10000,4205000,9380,9380,0
5,10001,3,2,0,-2145000,9481,9481,0
6,10001,3,3,-10000,-7550000,9355,9355,0
7,10001,4,1,-2670000,2015000,10000,9995,0
8,10001,4,2,3420000,2350000,10000,10000,0
9,10001,4,3,-2670000,-6570000,10000,10000,0
10,10001,4,4,3020000,-6570000,10000,10000,0
11,10001,5,1,-2500000,3915000,8522,8526,0
12,10001,5,2,3015000,3555000,8608,8608,0
13,10001,5,3,60000,-1785000,9789,9794,0
14,10001,5,4,-2500000,-7135000,8382,8382,0
15,10001,5,5,3230000,-7090000,8339,8343,0
16,10002,1,1,0,20000,9408,9408,0
17,10002,2,1,-5000,2480000,9427,9427,0
18,10002,2,2,55000,-6390000,9347,9347,0
19,10002,3,1,-10000,4205000,9380,9380,0
20,10002,3,2,0,-2145000,9481,9481,0
21,10002,3,3,-10000,-7550000,9355,9355,0
22,10002,4,1,-2670000,2015000,10000,9995,0
23,10002,4,2,3800000,2350000,10000,10000,0
24,10002,4,3,-2670000,-6570000,10000,10000,0
25,10002,4,4,3320000,-6570000,10000,10000,0
26,10002,5,1,-2500000,3915000,8522,8526,0
27,10002,5,2,3315000,3555000,8608,8608,0
28,10002,5,3,60000,-1785000,9789,9794,0
29,10002,5,4,-2500000,-7135000,8382,8382,0
30,10002,5,5,3530000,-7090000,8339,8343,0
31,10003,1,1,0,20000,9408,9408,0
32,10003,2,1,-5000,2480000,9427,9427,0
33,10003,2,2,55000,-6390000,9347,9347,0
34,10003,3,1,-10000,4205000,9380,9380,0
35,10003,3,2,0,-2145000,9481,9481,0
36,10003,3,3,-10000,-7550000,9355,9355,0
37,10003,4,1,-2670000,2015000,10000,9995,0
38,10003,4,2,3220000,2350000,10000,10000,0
39,10003,4,3,-2670000,-6570000,10000,10000,0
40,10003,4,4,3020000,-6570000,10000,10000,0
41,10003,5,1,-2500000,3915000,8522,8526,0
42,10003,5,2,3015000,3555000,8608,8608,0
43,10003,5,3,60000,-1385000,9789,9794,0
44,10003,5,4,-2500000,-7135000,8382,8382,0
45,10003,5,5,3230000,-7090000,8339,8343,0
46,10004,1,1,0,20000,9408,9408,0
47,10004,2,1,-5000,2480000,9427,9427,0
48,10004,2,2,55000,-6390000,9347,9347,0
49,10004,3,1,-10000,4205000,9380,9380,0
50,10004,3,2,0,-2145000,9481,9481,0
51,10004,3,3,-10000,-7550000,9355,9355,0
52,10004,4,1,-2670000,2015000,10000,9995,0
53,10004,4,2,3070000,2350000,10000,10000,0
54,10004,4,3,-2670000,-6570000,10000,10000,0
55,10004,4,4,3020000,-6570000,10000,10000,0
56,10004,5,1,-2600000,3915000,8522,8526,0
57,10004,5,2,2815000,3555000,8608,8608,0
58,10004,5,3,60000,-1785000,9789,9794,0
59,10004,5,4,-2700000,-7135000,8382,8382,0
60,10004,5,5,3230000,-7090000,8339,8343,0
61,10005,1,1,0,20000,9408,9408,0
62,10005,2,1,-5000,2480000,9427,9427,0
63,10005,2,2,55000,-6390000,9347,9347,0
64,10005,3,1,-10000,4205000,9380,9380,0
65,10005,3,2,0,-2145000,9481,9481,0
66,10005,3,3,-10000,-7550000,9355,9355,0
67,10005,4,1,-2670000,2015000,10000,9995,0
68,10005,4,2,3420000,2350000,10000,10000,0
69,10005,4,3,-2670000,-6570000,10000,10000,0
70,10005,4,4,3020000,-6570000,10000,10000,0
71,10005,5,1,-2700000,3915000,8522,8526,0
72,10005,5,2,3015000,3555000,8608,8608,0
73,10005,5,3,60000,-1785000,9789,9794,0
74,10005,5,4,-2500000,-7135000,8382,8382,0
75,10005,5,5,3230000,-7090000,8339,8343,0
76,10006,1,1,0,20000,9408,9408,0
77,10006,2,1,-5000,2480000,9427,9427,0
78,10006,2,2,55000,-6390000,9347,9347,0
79,10006,3,1,-10000,4205000,9380,9380,0
80,10006,3,2,0,-2145000,9481,9481,0
81,10006,3,3,-10000,-7550000,9355,9355,0
82,10006,4,1,-2670000,2015000,10000,9995,0
83,10006,4,2,3120000,2350000,10000,10000,0
84,10006,4,3,-2670000,-6570000,10000,10000,0
85,10006,4,4,3020000,-6570000,10000,10000,0
86,10006,5,1,-2700000,3915000,8522,8526,0
87,10006,5,2,3015000,3555000,8608,8608,0
88,10006,5,3,60000,-1985000,9789,9794,0
89,10006,5,4,-2500000,-7135000,8382,8382,0
90,10006,5,5,3230000,-7090000,8339,8343,0
91,10007,1,1,0,20000,9408,9408,0
92,10007,2,1,-5000,2480000,9427,9427,0
93,10007,2,2,55000,-6390000,9347,9347,0
94,10007,3,1,-10000,4205000,9380,9380,0
95,10007,3,2,0,-2145000,9481,9481,0
96,10007,3,3,-10000,-7550000,9355,9355,0
97,10007,4,1,-2670000,2015000,10000,9995,0
98,10007,4,2,3420000,2350000,10000,10000,0
99,10007,4,3,-2670000,-6570000,10000,10000,0
100,10007,4,4,3020000,-6570000,10000,10000,0
101,10007,5,1,-2500000,3915000,8522,8526,0
102,10007,5,2,3015000,3555000,8608,8608,0
103,10007,5,3,60000,-1785000,9789,9794,0
104,10007,5,4,-2500000,-7135000,8382,8382,0
105,10007,5,5,3230000,-7090000,8339,8343,0
106,10008,1,1,0,20000,9408,9408,0
107,10008,2,1,-5000,2480000,9427,9427,0
108,10008,2,2,55000,-6390000,9347,9347,0
109,10008,3,1,-10000,4205000,9380,9380,0
110,10008,3,2,0,-2145000,9481,9481,0
111,10008,3,3,-10000,-7550000,9355,9355,0
112,10008,4,1,-2670000,2015000,10000,9995,0
113,10008,4,2,3420000,2350000,10000,10000,0
114,10008,4,3,-2670000,-6570000,10000,10000,0
115,10008,4,4,3020000,-6570000,10000,10000,0
116,10008,5,1,-2500000,3915000,8522,8526,0
117,10008,5,2,3015000,3555000,8608,8608,0
118,10008,5,3,60000,-1785000,9789,9794,0
119,10008,5,4,-2500000,-7135000,8382,8382,0
120,10008,5,5,3230000,-7090000,8339,8343,0
121,10009,1,1,0,20000,9408,9408,0
122,10009,2,1,-5000,2480000,9427,9427,0
123,10009,2,2,55000,-6390000,9347,9347,0
124,10009,3,1,-10000,4805000,9380,9380,0
125,10009,3,2,0,-1545000,9481,9481,0
126,10009,3,3,-10000,-6950000,9355,9355,0
127,10009,4,1,-2670000,2015000,10000,9995,0
128,10009,4,2,3420000,2350000,10000,10000,0
129,10009,4,3,-2670000,-6570000,10000,10000,0
130,10009,4,4,3020000,-6570000,10000,10000,0
131,10009,5,1,-2500000,4315000,8522,8526,0
132,10009,5,2,3015000,3555000,8608,8608,0
133,10009,5,3,60000,-1085000,9789,9794,0
134,10009,5,4,-2500000,-6535000,8382,8382,0
135,10009,5,5,3230000,-6590000,8339,8343,0
136,10010,1,1,0,20000,9408,9408,0
137,10010,2,1,-5000,2480000,9427,9427,0
138,10010,2,2,55000,-6390000,9347,9347,0
139,10010,3,1,-10000,4205000,9380,9380,0
140,10010,3,2,0,-2145000,9481,9481,0
141,10010,3,3,-10000,-7550000,9355,9355,0
142,10010,4,1,-2670000,2015000,10000,9995,0
143,10010,4,2,3420000,2350000,10000,10000,0
144,10010,4,3,-2670000,-6570000,10000,10000,0
145,10010,4,4,3020000,-6570000,10000,10000,0
146,10010,5,1,-2500000,3915000,8522,8526,0
147,10010,5,2,3015000,3555000,8608,8608,0
148,10010,5,3,60000,-1785000,9789,9794,0
149,10010,5,4,-2500000,-7135000,8382,8382,0
150,10010,5,5,3230000,-7090000,8339,8343,0
151,10011,1,1,0,20000,9408,9408,0
152,10011,2,1,-5000,2480000,9427,9427,0
153,10011,2,2,55000,-6390000,9347,9347,0
154,10011,3,1,-10000,4205000,9380,9380,0
155,10011,3,2,0,-2145000,9481,9481,0
156,10011,3,3,-10000,-7550000,9355,9355,0
157,10011,4,1,-2670000,2015000,10000,9995,0
158,10011,4,2,3420000,2350000,10000,10000,0
159,10011,4,3,-2670000,-6570000,10000,10000,0
160,10011,4,4,3020000,-6570000,10000,10000,0
161,10011,5,1,-2500000,3915000,8522,8526,0
162,10011,5,2,3015000,3555000,8608,8608,0
163,10011,5,3,60000,-1785000,9789,9794,0
164,10011,5,4,-2500000,-7135000,8382,8382,0
165,10011,5,5,3230000,-7090000,8339,8343,0
166,10012,1,1,0,20000,9408,9408,0
167,10012,2,1,-5000,2480000,9427,9427,0
168,10012,2,2,55000,-6390000,9347,9347,0
169,10012,3,1,-10000,4205000,9380,9380,0
170,10012,3,2,0,-2145000,9481,9481,0
171,10012,3,3,-10000,-7550000,9355,9355,0
172,10012,4,1,-2670000,2015000,10000,9995,0
173,10012,4,2,3420000,2350000,10000,10000,0
174,10012,4,3,-2670000,-6570000,10000,10000,0
175,10012,4,4,3020000,-6570000,10000,10000,0
176,10012,5,1,-2500000,3915000,8522,8526,0
177,10012,5,2,3015000,3555000,8608,8608,0
178,10012,5,3,60000,-1785000,9789,9794,0
179,10012,5,4,-2500000,-7135000,8382,8382,0
180,10012,5,5,3230000,-7090000,8339,8343,0
181,10013,1,1,0,20000,9408,9408,0
182,10013,2,1,-5000,2480000,9427,9427,0
183,10013,2,2,55000,-6390000,9347,9347,0
184,10013,3,1,-10000,4205000,9380,9380,0
185,10013,3,2,0,-2145000,9481,9481,0
186,10013,3,3,-10000,-7550000,9355,9355,0
187,10013,4,1,-2670000,2015000,10000,9995,0
188,10013,4,2,3420000,2350000,10000,10000,0
189,10013,4,3,-2670000,-6570000,10000,10000,0
190,10013,4,4,3020000,-6570000,10000,10000,0
191,10013,5,1,-2500000,3915000,8522,8526,0
192,10013,5,2,3015000,3555000,8608,8608,0
193,10013,5,3,60000,-1785000,9789,9794,0
194,10013,5,4,-2500000,-7135000,8382,8382,0
195,10013,5,5,3230000,-7090000,8339,8343,0
196,10014,1,1,0,20000,9408,9408,0
197,10014,2,1,-5000,2480000,9427,9427,0
198,10014,2,2,55000,-6390000,9347,9347,0
199,10014,3,1,-10000,4205000,9380,9380,0
200,10014,3,2,0,-2145000,9481,9481,0
201,10014,3,3,-10000,-7150000,9355,9355,0
202,10014,4,1,-2670000,2015000,10000,9995,0
203,10014,4,2,3420000,2350000,10000,10000,0
204,10014,4,3,-2670000,-6570000,10000,10000,0
205,10014,4,4,3020000,-6570000,10000,10000,0
206,10014,5,1,-2500000,3915000,8522,8526,0
207,10014,5,2,3015000,3555000,8608,8608,0
208,10014,5,3,60000,-1585000,9789,9794,0
209,10014,5,4,-2500000,-6935000,8382,8382,0
210,10014,5,5,3230000,-7090000,8339,8343,0
211,10015,1,1,15000,0,9360,9360,0
212,10015,2,1,0,3555000,9334,9334,0
213,10015,2,2,-120000,-5675000,9480,9480,0
214,10015,3,1,-55000,4720000,9461,9461,0
215,10015,3,2,0,-1710000,9461,9461,0
216,10015,3,3,-5000,-6730000,9387,9387,0
217,10015,4,1,-3105000,3345000,9349,9342,0
218,10015,4,2,2255000,3780000,9349,9347,0
219,10015,4,3,-3105000,-5090000,9349,9347,0
220,10015,4,4,2135000,-4760000,9349,9347,0
221,10015,5,1,-3030000,5030000,7809,7812,0
222,10015,5,2,2285000,4665000,8160,8160,0
223,10015,5,3,0,-785000,9405,9410,0
224,10015,5,4,-3020000,-6370000,8402,8402,0
225,10015,5,5,2690000,-6150000,8188,8192,0
226,10016,1,1,0,20000,9408,9408,0
227,10016,2,1,-5000,2480000,9427,9427,0
228,10016,2,2,55000,-6390000,9347,9347,0
229,10016,3,1,-10000,4205000,9380,9380,0
230,10016,3,2,0,-2145000,9481,9481,0
231,10016,3,3,-10000,-7550000,9355,9355,0
232,10016,4,1,-2880000,3920000,8064,8060,0
233,10016,4,2,2820000,4185000,7808,7808,0
234,10016,4,3,-2490000,-6090000,7474,7474,0
235,10016,4,4,2820000,-5640000,7565,7565,0
236,10016,5,1,-2500000,3915000,8522,8526,0
237,10016,5,2,3015000,3555000,8608,8608,0
238,10016,5,3,60000,-1585000,9789,9794,0
239,10016,5,4,-2500000,-7135000,8382,8382,0
240,10016,5,5,3230000,-7090000,8339,8343,0
241,10017,1,1,0,20000,9408,9408,0
242,10017,2,1,-5000,2480000,9427,9427,0
243,10017,2,2,55000,-6390000,9347,9347,0
244,10017,3,1,-10000,4205000,9380,9380,0
245,10017,3,2,0,-2145000,9481,9481,0
246,10017,3,3,-10000,-7550000,9355,9355,0
247,10017,4,1,-2670000,2015000,10000,9995,0
248,10017,4,2,3420000,2350000,10000,10000,0
249,10017,4,3,-2670000,-6570000,10000,10000,0
250,10017,4,4,3020000,-6570000,10000,10000,0
251,10017,5,1,-2500000,3915000,8522,8526,0
252,10017,5,2,3015000,3555000,8608,8608,0
253,10017,5,3,60000,-1785000,9789,9794,0
254,10017,5,4,-2500000,-7135000,8382,8382,0
255,10017,5,5,3230000,-7090000,8339,8343,0
256,10018,1,1,0,20000,9408,9408,0
257,10018,2,1,-5000,2480000,9427,9427,0
258,10018,2,2,55000,-6390000,9347,9347,0
259,10018,3,1,-10000,4205000,9380,9380,0
260,10018,3,2,0,-2145000,9481,9481,0
261,10018,3,3,-10000,-7550000,9355,9355,0
262,10018,4,1,-2670000,2015000,10000,9995,0
263,10018,4,2,3420000,2350000,10000,10000,0
264,10018,4,3,-2670000,-6570000,10000,10000,0
265,10018,4,4,3020000,-6570000,10000,10000,0
266,10018,5,1,-2500000,3915000,8522,8526,0
267,10018,5,2,3015000,3555000,8608,8608,0
268,10018,5,3,60000,-1485000,9789,9794,0
269,10018,5,4,-2500000,-7035000,8382,8382,0
270,10018,5,5,3230000,-6990000,8339,8343,0
271,10019,1,1,0,20000,9408,9408,0
272,10019,2,1,-5000,2480000,9427,9427,0
273,10019,2,2,55000,-6390000,9347,9347,0
274,10019,3,1,-10000,4205000,9380,9380,0
275,10019,3,2,0,-2145000,9481,9481,0
276,10019,3,3,-10000,-7550000,9355,9355,0
277,10019,4,1,-2670000,2015000,10000,9995,0
278,10019,4,2,3420000,2350000,10000,10000,0
279,10019,4,3,-2670000,-6570000,10000,10000,0
280,10019,4,4,3020000,-6570000,10000,10000,0
281,10019,5,1,-2500000,3915000,8522,8526,0
282,10019,5,2,3015000,3555000,8608,8608,0
283,10019,5,3,60000,-1785000,9789,9794,0
284,10019,5,4,-2500000,-7135000,8382,8382,0
285,10019,5,5,3230000,-7090000,8339,8343,0
286,10020,1,1,0,0,9415,9415,0
287,10020,2,1,40000,3885000,9306,9304,0
288,10020,2,2,0,-4795000,9306,9304,0
289,10020,3,1,-35000,4975000,9436,9436,0
290,10020,3,2,-35000,-1300000,9436,9436,0
291,10020,3,3,5000,-6290000,9387,9387,0
292,10020,4,1,-3105000,4230000,9219,9214,0
293,10020,4,2,3020000,4235000,9219,9219,0
294,10020,4,3,-3100000,-4985000,9219,9219,0
295,10020,4,4,3020000,-4705000,9219,9219,0
296,10020,5,1,-3255000,5240000,8507,8511,0
297,10020,5,2,2695000,4930000,8532,8532,0
298,10020,5,3,0,-700000,9343,9348,0
299,10020,5,4,-3020000,-6140000,8313,8313,0
300,10020,5,5,2695000,-5945000,8126,8130,0
301,10021,1,1,0,20000,9408,9408,0
302,10021,2,1,-5000,2480000,9427,9427,0
303,10021,2,2,55000,-6390000,9347,9347,0
304,10021,3,1,-10000,4205000,9380,9380,0
305,10021,3,2,0,-2145000,9481,9481,0
306,10021,3,3,-10000,-7550000,9355,9355,0
307,10021,4,1,-2670000,2015000,10000,9995,0
308,10021,4,2,3420000,2350000,10000,10000,0
309,10021,4,3,-2670000,-6570000,10000,10000,0
310,10021,4,4,3020000,-6570000,10000,10000,0
311,10021,5,1,-2500000,3915000,8522,8526,0
312,10021,5,2,3015000,3555000,8608,8608,0
313,10021,5,3,60000,-1785000,9789,9794,0
314,10021,5,4,-2500000,-7135000,8382,8382,0
315,10021,5,5,3230000,-7090000,8339,8343,0
316,10022,1,1,0,20000,9408,9408,0
317,10022,2,1,-5000,2480000,9427,9427,0
318,10022,2,2,55000,-6390000,9347,9347,0
319,10022,3,1,-10000,4405000,9380,9380,0
320,10022,3,2,0,-1945000,9481,9481,0
321,10022,3,3,-10000,-7250000,9355,9355,0
322,10022,4,1,-2670000,2015000,10000,9995,0
323,10022,4,2,3420000,2350000,10000,10000,0
324,10022,4,3,-2670000,-6570000,10000,10000,0
325,10022,4,4,3020000,-6570000,10000,10000,0
326,10022,5,1,-2700000,4115000,8522,8526,0
327,10022,5,2,3015000,3555000,8608,8608,0
328,10022,5,3,60000,-1285000,9789,9794,0
329,10022,5,4,-2500000,-6835000,8382,8382,0
330,10022,5,5,3230000,-6990000,8339,8343,0
331,10023,1,1,0,20000,9408,9408,0
332,10023,2,1,-5000,2480000,9427,9427,0
333,10023,2,2,55000,-6390000,9347,9347,0
334,10023,3,1,-10000,4905000,9380,9380,0
335,10023,3,2,0,-1445000,9481,9481,0
336,10023,3,3,-10000,-6850000,9355,9355,0
337,10023,4,1,-2670000,2015000,10000,9995,0
338,10023,4,2,3420000,2550000,10000,10000,0
339,10023,4,3,-2670000,-6570000,10000,10000,0
340,10023,4,4,3020000,-6570000,10000,10000,0
341,10023,5,1,-2500000,4715000,8522,8526,0
342,10023,5,2,3015000,3555000,8608,8608,0
343,10023,5,3,60000,-885000,9789,9794,0
344,10023,5,4,-2500000,-6535000,8382,8382,0
345,10023,5,5,3230000,-6590000,8339,8343,0
346,10024,1,1,0,0,9415,9415,0
347,10024,2,1,40000,3885000,9306,9304,0
348,10024,2,2,0,-4795000,9306,9304,0
349,10024,3,1,45000,5650000,9436,9436,0
350,10024,3,2,5000,-695000,9436,9436,0
351,10024,3,3,5000,-5700000,9387,9387,0
352,10024,4,1,-2805000,4230000,9219,9214,0
353,10024,4,2,3020000,4235000,9219,9219,0
354,10024,4,3,-2800000,-4925000,9219,9219,0
355,10024,4,4,3020000,-4705000,9219,9219,0
356,10024,5,1,-2505000,5400000,8507,8511,0
357,10024,5,2,2695000,5030000,8532,8532,0
358,10024,5,3,70000,-70000,9343,9348,0
359,10024,5,4,-2500000,-5750000,8313,8313,0
360,10024,5,5,3020000,-5945000,8126,8130,0
361,10025,1,1,0,20000,9408,9408,0
362,10025,2,1,-5000,2480000,9427,9427,0
363,10025,2,2,55000,-6390000,9347,9347,0
364,10025,3,1,-10000,4605000,9380,9380,0
365,10025,3,2,0,-1745000,9481,9481,0
366,10025,3,3,-10000,-7150000,9355,9355,0
367,10025,4,1,-2670000,2015000,10000,9995,0
368,10025,4,2,3420000,2350000,10000,10000,0
369,10025,4,3,-2670000,-6570000,10000,10000,0
370,10025,4,4,3020000,-6570000,10000,10000,0
371,10025,5,1,-2500000,4115000,8522,8526,0
372,10025,5,2,3015000,3555000,8608,8608,0
373,10025,5,3,60000,-1135000,9789,9794,0
374,10025,5,4,-2500000,-6835000,8382,8382,0
375,10025,5,5,3230000,-6890000,8339,8343,0
376,10026,1,1,0,0,9415,9415,0
377,10026,2,1,40000,3885000,9306,9304,0
378,10026,2,2,0,-4795000,9306,9304,0
379,10026,3,1,45000,5650000,9436,9436,0
380,10026,3,2,5000,-695000,9436,9436,0
381,10026,3,3,5000,-5700000,9387,9387,0
382,10026,4,1,-2420000,4230000,9219,9214,0
383,10026,4,2,3500000,4225000,9219,9219,0
384,10026,4,3,-2420000,-4705000,9219,9219,0
385,10026,4,4,3280000,-4485000,9219,9219,0
386,10026,5,1,-2505000,5030000,8507,8511,0
387,10026,5,2,3020000,4730000,8532,8532,0
388,10026,5,3,70000,-630000,9343,9348,0
389,10026,5,4,-2350000,-5700000,8313,8313,0
390,10026,5,5,3350000,-5700000,8126,8130,0
391,10027,1,1,0,0,9415,9415,0
392,10027,2,1,40000,3885000,9306,9304,0
393,10027,2,2,0,-4795000,9306,9304,0
394,10027,3,1,-35000,4890000,9436,9436,0
395,10027,3,2,45000,-1735000,9436,9436,0
396,10027,3,3,45000,-6520000,9387,9387,0
397,10027,4,1,-2860000,3860000,9219,9214,0
398,10027,4,2,2780000,4035000,9219,9219,0
399,10027,4,3,-3100000,-5295000,9219,9219,0
400,10027,4,4,2780000,-4565000,9219,9219,0
401,10027,5,1,-3020000,4755000,8507,8511,0
402,10027,5,2,2460000,4730000,8532,8532,0
403,10027,5,3,0,-850000,9343,9348,0
404,10027,5,4,-3100000,-5700000,8313,8313,0
405,10027,5,5,2460000,-5505000,8126,8130,0
406,10028,1,1,0,20000,9408,9408,0
407,10028,2,1,-5000,2480000,9427,9427,0
408,10028,2,2,55000,-6390000,9347,9347,0
409,10028,3,1,-10000,4205000,9380,9380,0
410,10028,3,2,0,-2145000,9481,9481,0
411,10028,3,3,-10000,-7550000,9355,9355,0
412,10028,4,1,-2670000,2015000,10000,9995,0
413,10028,4,2,3120000,2350000,10000,10000,0
414,10028,4,3,-2670000,-6570000,10000,10000,0
415,10028,4,4,3020000,-6570000,10000,10000,0
416,10028,5,1,-2500000,3915000,8522,8526,0
417,10028,5,2,3015000,3555000,8608,8608,0
418,10028,5,3,60000,-1785000,9789,9794,0
419,10028,5,4,-2500000,-7135000,8382,8382,0
420,10028,5,5,3230000,-7090000,8339,8343,0
421,10029,1,1,0,20000,9408,9408,0
422,10029,2,1,-5000,2480000,9427,9427,0
423,10029,2,2,55000,-6390000,9347,9347,0
424,10029,3,1,-10000,4705000,9380,9380,0
425,10029,3,2,0,-1645000,9481,9481,0
426,10029,3,3,-10000,-7050000,9355,9355,0
427,10029,4,1,-2670000,2015000,10000,9995,0
428,10029,4,2,3420000,2350000,10000,10000,0
429,10029,4,3,-2670000,-6570000,10000,10000,0
430,10029,4,4,3020000,-6570000,10000,10000,0
431,10029,5,1,-2500000,4215000,8522,8526,0
432,10029,5,2,3015000,3555000,8608,8608,0
433,10029,5,3,60000,-1085000,9789,9794,0
434,10029,5,4,-2500000,-6735000,8382,8382,0
435,10029,5,5,3230000,-6890000,8339,8343,0
436,10030,1,1,0,0,9415,9415,0
437,10030,2,1,40000,3885000,9306,9304,0
438,10030,2,2,0,-4795000,9306,9304,0
439,10030,3,1,-35000,4890000,9436,9436,0
440,10030,3,2,45000,-1735000,9436,9436,0
441,10030,3,3,85000,-6800000,9387,9387,0
442,10030,4,1,-3330000,3860000,9219,9214,0
443,10030,4,2,2350000,3855000,9219,9219,0
444,10030,4,3,-3330000,-5295000,9219,9219,0
445,10030,4,4,2350000,-4625000,9219,9219,0
446,10030,5,1,-3255000,4730000,8507,8511,0
447,10030,5,2,2135000,4730000,8532,8532,0
448,10030,5,3,0,-850000,9343,9348,0
449,10030,5,4,-3100000,-5700000,8313,8313,0
450,10030,5,5,2135000,-5505000,8126,8130,0
451,10031,1,1,0,0,9415,9415,0
452,10031,2,1,40000,3485000,9306,9304,0
453,10031,2,2,0,-5455000,9306,9304,0
454,10031,3,1,-35000,4890000,9436,9436,0
455,10031,3,2,45000,-1735000,9436,9436,0
456,10031,3,3,85000,-6800000,9387,9387,0
457,10031,4,1,-3105000,3860000,9219,9214,0
458,10031,4,2,2350000,3855000,9219,9219,0
459,10031,4,3,-3100000,-5295000,9219,9219,0
460,10031,4,4,2350000,-4625000,9219,9219,0
461,10031,5,1,-3020000,4680000,8014,8018,0
462,10031,5,2,2265000,4680000,7960,7960,0
463,10031,5,3,0,-850000,9343,9348,0
464,10031,5,4,-3020000,-6385000,7852,7852,0
465,10031,5,5,2465000,-6025000,7712,7715,0
466,10032,1,1,0,20000,9408,9408,0
467,10032,2,1,-5000,2480000,9427,9427,0
468,10032,2,2,55000,-6390000,9347,9347,0
469,10032,3,1,-10000,4205000,9380,9380,0
470,10032,3,2,0,-2145000,9481,9481,0
471,10032,3,3,-10000,-7550000,9355,9355,0
472,10032,4,1,-2670000,2015000,10000,9995,0
473,10032,4,2,3420000,2350000,10000,10000,0
474,10032,4,3,-2670000,-6570000,10000,10000,0
475,10032,4,4,3020000,-6570000,10000,10000,0
476,10032,5,1,-2500000,3915000,8522,8526,0
477,10032,5,2,3015000,3555000,8608,8608,0
478,10032,5,3,60000,-1585000,9789,9794,0
479,10032,5,4,-2500000,-6935000,8382,8382,0
480,10032,5,5,3230000,-7090000,8339,8343,0
481,10033,1,1,0,20000,9408,9408,0
482,10033,2,1,-5000,2480000,9427,9427,0
483,10033,2,2,55000,-6390000,9347,9347,0
484,10033,3,1,-10000,4205000,9380,9380,0
485,10033,3,2,0,-2145000,9481,9481,0
486,10033,3,3,-10000,-7550000,9355,9355,0
487,10033,4,1,-2670000,2015000,10000,9995,0
488,10033,4,2,3420000,2350000,10000,10000,0
489,10033,4,3,-2670000,-6570000,10000,10000,0
490,10033,4,4,3020000,-6570000,10000,10000,0
491,10033,5,1,-2500000,3915000,8522,8526,0
492,10033,5,2,3015000,3555000,8608,8608,0
493,10033,5,3,60000,-1785000,9789,9794,0
494,10033,5,4,-2500000,-7135000,8382,8382,0
495,10033,5,5,3230000,-7090000,8339,8343,0
496,10034,1,1,0,20000,9408,9408,0
497,10034,2,1,-5000,2480000,9427,9427,0
498,10034,2,2,55000,-6390000,9347,9347,0
499,10034,3,1,-10000,4705000,9380,9380,0
500,10034,3,2,0,-1645000,9481,9481,0
501,10034,3,3,-10000,-7050000,9355,9355,0
502,10034,4,1,-2670000,2015000,10000,9995,0
503,10034,4,2,3420000,2350000,10000,10000,0
504,10034,4,3,-2670000,-6570000,10000,10000,0
505,10034,4,4,3020000,-6570000,10000,10000,0
506,10034,5,1,-2500000,4115000,8522,8526,0
507,10034,5,2,3015000,3555000,8608,8608,0
508,10034,5,3,60000,-1285000,9789,9794,0
509,10034,5,4,-2500000,-6735000,8382,8382,0
510,10034,5,5,3230000,-6890000,8339,8343,0
511,10035,1,1,0,20000,9408,9408,0
512,10035,2,1,-5000,2480000,9427,9427,0
513,10035,2,2,55000,-6390000,9347,9347,0
514,10035,3,1,-10000,4205000,9380,9380,0
515,10035,3,2,0,-2145000,9481,9481,0
516,10035,3,3,-10000,-7550000,9355,9355,0
517,10035,4,1,-2670000,2015000,10000,9995,0
518,10035,4,2,3420000,2350000,10000,10000,0
519,10035,4,3,-2670000,-6570000,10000,10000,0
520,10035,4,4,3020000,-6570000,10000,10000,0
521,10035,5,1,-2500000,3915000,8522,8526,0
522,10035,5,2,3015000,3555000,8608,8608,0
523,10035,5,3,60000,-1785000,9789,9794,0
524,10035,5,4,-2500000,-7135000,8382,8382,0
525,10035,5,5,3230000,-7090000,8339,8343,0
526,10036,1,1,0,20000,9408,9408,0
527,10036,2,1,-5000,2480000,9427,9427,0
528,10036,2,2,55000,-6390000,9347,9347,0
529,10036,3,1,-10000,4205000,9380,9380,0
530,10036,3,2,0,-2145000,9481,9481,0
531,10036,3,3,-10000,-7550000,9355,9355,0
532,10036,4,1,-2670000,2015000,10000,9995,0
533,10036,4,2,3420000,2350000,10000,10000,0
534,10036,4,3,-2670000,-6570000,10000,10000,0
535,10036,4,4,3020000,-6570000,10000,10000,0
536,10036,5,1,-2500000,3915000,8522,8526,0
537,10036,5,2,3015000,3555000,8608,8608,0
538,10036,5,3,60000,-1785000,9789,9794,0
539,10036,5,4,-2500000,-7135000,8382,8382,0
540,10036,5,5,3230000,-7090000,8339,8343,0
541,10037,1,1,0,20000,9408,9408,0
542,10037,2,1,-5000,2480000,9427,9427,0
543,10037,2,2,55000,-6390000,9347,9347,0
544,10037,3,1,-10000,4205000,9380,9380,0
545,10037,3,2,0,-2145000,9481,9481,0
546,10037,3,3,-10000,-7550000,9355,9355,0
547,10037,4,1,-2670000,2015000,10000,9995,0
548,10037,4,2,3420000,2350000,10000,10000,0
549,10037,4,3,-2670000,-6570000,10000,10000,0
550,10037,4,4,3020000,-6570000,10000,10000,0
551,10037,5,1,-2500000,3915000,8522,8526,0
552,10037,5,2,3015000,3555000,8608,8608,0
553,10037,5,3,60000,-1785000,9789,9794,0
554,10037,5,4,-2500000,-7135000,8382,8382,0
555,10037,5,5,3230000,-7090000,8339,8343,0
556,10038,1,1,0,20000,9408,9408,0
557,10038,2,1,-5000,2480000,9427,9427,0
558,10038,2,2,55000,-6390000,9347,9347,0
559,10038,3,1,-10000,4205000,9380,9380,0
560,10038,3,2,0,-2145000,9481,9481,0
561,10038,3,3,-10000,-7550000,9355,9355,0
562,10038,4,1,-2670000,2015000,10000,9995,0
563,10038,4,2,3420000,2350000,10000,10000,0
564,10038,4,3,-2670000,-6570000,10000,10000,0
565,10038,4,4,3020000,-6570000,10000,10000,0
566,10038,5,1,-2500000,3915000,8522,8526,0
567,10038,5,2,3015000,3555000,8608,8608,0
568,10038,5,3,60000,-1785000,9789,9794,0
569,10038,5,4,-2500000,-7135000,8382,8382,0
570,10038,5,5,3230000,-7090000,8339,8343,0
571,10039,1,1,0,0,9415,9415,0
572,10039,2,1,40000,3485000,9306,9304,0
573,10039,2,2,0,-5455000,9306,9304,0
574,10039,3,1,-35000,4890000,9436,9436,0
575,10039,3,2,45000,-1415000,9436,9436,0
576,10039,3,3,85000,-6600000,9387,9387,0
577,10039,4,1,-2720000,3850000,9219,9214,0
578,10039,4,2,2710000,3845000,9219,9219,0
579,10039,4,3,-2720000,-5015000,9219,9219,0
580,10039,4,4,2710000,-4425000,9219,9219,0
581,10039,5,1,-2855000,4680000,8014,8018,0
582,10039,5,2,2665000,4680000,7960,7960,0
583,10039,5,3,0,-850000,9343,9348,0
584,10039,5,4,-2725000,-6170000,7852,7852,0
585,10039,5,5,2865000,-6025000,7712,7715,0
586,10040,1,1,0,20000,9408,9408,0
587,10040,2,1,-5000,2480000,9427,9427,0
588,10040,2,2,55000,-6390000,9347,9347,0
589,10040,3,1,-10000,4605000,9380,9380,0
590,10040,3,2,0,-1745000,9481,9481,0
591,10040,3,3,-10000,-7150000,9355,9355,0
592,10040,4,1,-2670000,2015000,10000,9995,0
593,10040,4,2,3420000,2350000,10000,10000,0
594,10040,4,3,-2670000,-6570000,10000,10000,0
595,10040,4,4,3020000,-6570000,10000,10000,0
596,10040,5,1,-2500000,4115000,8522,8526,0
597,10040,5,2,3015000,3555000,8608,8608,0
598,10040,5,3,60000,-1285000,9789,9794,0
599,10040,5,4,-2500000,-6735000,8382,8382,0
600,10040,5,5,3230000,-7090000,8339,8343,0
601,10041,1,1,0,0,9415,9415,0
602,10041,2,1,40000,3745000,9306,9304,0
603,10041,2,2,0,-5455000,9306,9304,0
604,10041,3,1,-35000,5270000,9436,9436,0
605,10041,3,2,-35000,-1075000,9436,9436,0
606,10041,3,3,45000,-6290000,9387,9387,0
607,10041,4,1,-2720000,3850000,9219,9214,0
608,10041,4,2,2710000,3845000,9219,9219,0
609,10041,4,3,-2720000,-5015000,9219,9219,0
610,10041,4,4,2710000,-4425000,9219,9219,0
611,10041,5,1,-2855000,4980000,8014,8018,0
612,10041,5,2,2665000,4915000,7960,7960,0
613,10041,5,3,0,-530000,9343,9348,0
614,10041,5,4,-2730000,-6170000,7852,7852,0
615,10041,5,5,2800000,-5855000,7794,7798,0
616,10042,1,1,0,20000,9408,9408,0
617,10042,2,1,-5000,2480000,9427,9427,0
618,10042,2,2,55000,-6390000,9347,9347,0
619,10042,3,1,-10000,4605000,9380,9380,0
620,10042,3,2,0,-1945000,9481,9481,0
621,10042,3,3,-10000,-7150000,9355,9355,0
622,10042,4,1,-2670000,2015000,10000,9995,0
623,10042,4,2,3420000,2350000,10000,10000,0
624,10042,4,3,-2670000,-6570000,10000,10000,0
625,10042,4,4,3020000,-6570000,10000,10000,0
626,10042,5,1,-2500000,3915000,8522,8526,0
627,10042,5,2,3015000,3555000,8608,8608,0
628,10042,5,3,60000,-1285000,9789,9794,0
629,10042,5,4,-2500000,-6835000,8382,8382,0
630,10042,5,5,3230000,-6890000,8339,8343,0
631,10043,1,1,0,20000,9408,9408,0
632,10043,2,1,-5000,2480000,9427,9427,0
633,10043,2,2,55000,-6390000,9347,9347,0
634,10043,3,1,-10000,4205000,9380,9380,0
635,10043,3,2,0,-2145000,9481,9481,0
636,10043,3,3,-10000,-7550000,9355,9355,0
637,10043,4,1,-2670000,2015000,10000,9995,0
638,10043,4,2,3420000,2350000,10000,10000,0
639,10043,4,3,-2670000,-6570000,10000,10000,0
640,10043,4,4,3020000,-6570000,10000,10000,0
641,10043,5,1,-2500000,3915000,8522,8526,0
642,10043,5,2,3015000,3555000,8608,8608,0
643,10043,5,3,60000,-1585000,9789,9794,0
644,10043,5,4,-2500000,-7135000,8382,8382,0
645,10043,5,5,3230000,-7090000,8339,8343,0
646,10044,1,1,0,20000,9408,9408,0
647,10044,2,1,-5000,2480000,9427,9427,0
648,10044,2,2,55000,-6390000,9347,9347,0
649,10044,3,1,-10000,4205000,9380,9380,0
650,10044,3,2,0,-2145000,9481,9481,0
651,10044,3,3,-10000,-7550000,9355,9355,0
652,10044,4,1,-2670000,2015000,10000,9995,0
653,10044,4,2,3420000,2350000,10000,10000,0
654,10044,4,3,-2670000,-6570000,10000,10000,0
655,10044,4,4,3020000,-6570000,10000,10000,0
656,10044,5,1,-2500000,3915000,8522,8526,0
657,10044,5,2,3015000,3555000,8608,8608,0
658,10044,5,3,60000,-1785000,9789,9794,0
659,10044,5,4,-2500000,-7135000,8382,8382,0
660,10044,5,5,3230000,-7090000,8339,8343,0
661,10045,1,1,0,20000,9408,9408,0
662,10045,2,1,-5000,2480000,9427,9427,0
663,10045,2,2,55000,-6390000,9347,9347,0
664,10045,3,1,-10000,4205000,9380,9380,0
665,10045,3,2,0,-2145000,9481,9481,0
666,10045,3,3,-10000,-7550000,9355,9355,0
667,10045,4,1,-2670000,2015000,10000,9995,0
668,10045,4,2,3020000,2350000,10000,10000,0
669,10045,4,3,-2670000,-6570000,10000,10000,0
670,10045,4,4,3020000,-6570000,10000,10000,0
671,10045,5,1,-2500000,3915000,8522,8526,0
672,10045,5,2,3015000,3555000,8608,8608,0
673,10045,5,3,60000,-1785000,9789,9794,0
674,10045,5,4,-2500000,-7135000,8382,8382,0
675,10045,5,5,3230000,-7090000,8339,8343,0
676,10046,1,1,0,20000,9408,9408,0
677,10046,2,1,-5000,2480000,9427,9427,0
678,10046,2,2,55000,-6390000,9347,9347,0
679,10046,3,1,-10000,4205000,9380,9380,0
680,10046,3,2,0,-2145000,9481,9481,0
681,10046,3,3,-10000,-7550000,9355,9355,0
682,10046,4,1,-2670000,2015000,10000,9995,0
683,10046,4,2,3420000,2350000,10000,10000,0
684,10046,4,3,-2670000,-6570000,10000,10000,0
685,10046,4,4,3020000,-6570000,10000,10000,0
686,10046,5,1,-2500000,3915000,8522,8526,0
687,10046,5,2,3015000,3555000,8608,8608,0
688,10046,5,3,60000,-1785000,9789,9794,0
689,10046,5,4,-2500000,-7135000,8382,8382,0
690,10046,5,5,3230000,-7090000,8339,8343,0
691,10047,1,1,0,20000,9408,9408,0
692,10047,2,1,-5000,2480000,9427,9427,0
693,10047,2,2,55000,-6390000,9347,9347,0
694,10047,3,1,-10000,4205000,9380,9380,0
695,10047,3,2,0,-2145000,9481,9481,0
696,10047,3,3,-10000,-7550000,9355,9355,0
697,10047,4,1,-2670000,2015000,10000,9995,0
698,10047,4,2,3420000,2350000,10000,10000,0
699,10047,4,3,-2670000,-6570000,10000,10000,0
700,10047,4,4,3020000,-6570000,10000,10000,0
701,10047,5,1,-2500000,3915000,8522,8526,0
702,10047,5,2,3015000,3555000,8608,8608,0
703,10047,5,3,60000,-1785000,9789,9794,0
704,10047,5,4,-2500000,-7135000,8382,8382,0
705,10047,5,5,3230000,-7090000,8339,8343,0
706,10048,1,1,0,20000,9408,9408,0
707,10048,2,1,-5000,2480000,9427,9427,0
708,10048,2,2,55000,-6390000,9347,9347,0
709,10048,3,1,-10000,4205000,9380,9380,0
710,10048,3,2,0,-2145000,9481,9481,0
711,10048,3,3,-10000,-7550000,9355,9355,0
712,10048,4,1,-2670000,2015000,10000,9995,0
713,10048,4,2,3420000,2350000,10000,10000,0
714,10048,4,3,-2670000,-6570000,10000,10000,0
715,10048,4,4,3020000,-6570000,10000,10000,0
716,10048,5,1,-2500000,3915000,8522,8526,0
717,10048,5,2,3015000,3555000,8608,8608,0
718,10048,5,3,60000,-1785000,9789,9794,0
719,10048,5,4,-2500000,-7135000,8382,8382,0
720,10048,5,5,3230000,-7090000,8339,8343,0
721,10049,1,1,0,20000,9408,9408,0
722,10049,2,1,-5000,2480000,9427,9427,0
723,10049,2,2,55000,-6390000,9347,9347,0
724,10049,3,1,-10000,4205000,9380,9380,0
725,10049,3,2,0,-2145000,9481,9481,0
726,10049,3,3,-10000,-7550000,9355,9355,0
727,10049,4,1,-2670000,2015000,10000,9995,0
728,10049,4,2,3420000,2350000,10000,10000,0
729,10049,4,3,-2670000,-6570000,10000,10000,0
730,10049,4,4,3020000,-6570000,10000,10000,0
731,10049,5,1,-2500000,3915000,8522,8526,0
732,10049,5,2,3015000,3555000,8608,8608,0
733,10049,5,3,60000,-1785000,9789,9794,0
734,10049,5,4,-2500000,-7135000,8382,8382,0
735,10049,5,5,3230000,-7090000,8339,8343,0
736,10050,1,1,0,20000,9408,9408,0
737,10050,2,1,-5000,2480000,9427,9427,0
738,10050,2,2,55000,-6390000,9347,9347,0
739,10050,3,1,-10000,4205000,9380,9380,0
740,10050,3,2,0,-2145000,9481,9481,0
741,10050,3,3,-10000,-6850000,9355,9355,0
742,10050,4,1,-2670000,2015000,10000,9995,0
743,10050,4,2,3420000,2350000,10000,10000,0
744,10050,4,3,-2670000,-6570000,10000,10000,0
745,10050,4,4,3020000,-6570000,10000,10000,0
746,10050,5,1,-2500000,3915000,8522,8526,0
747,10050,5,2,3015000,3555000,8608,8608,0
748,10050,5,3,60000,-1785000,9789,9794,0
749,10050,5,4,-2500000,-6635000,8382,8382,0
750,10050,5,5,3230000,-6490000,8339,8343,0
751,20001,1,1,1530000,-595000,11150,11150,0
752,20001,2,1,0,2625000,9306,9304,0
753,20001,2,2,40000,-6735000,9306,9304,0
754,20001,3,1,-35000,3290000,9436,9436,0
755,20001,3,2,-35000,-2355000,9436,9436,0
756,20001,3,3,45000,-7525000,9387,9387,0
757,20001,4,1,975000,1510000,10356,10350,0
758,20001,4,2,5990000,2905000,9009,9008,0
759,20001,4,3,315000,-6790000,9558,9557,0
760,20001,4,4,6160000,-6090000,9219,9219,0
761,20001,5,1,245000,3555000,9476,9481,0
762,20001,5,2,5705000,3765000,8257,8257,0
763,20001,5,3,0,-2520000,9343,9348,0
764,20001,5,4,760000,-7575000,10112,10112,0
765,20001,5,5,6025000,-6735000,8383,8387,0
766,20002,1,1,85000,-20000,9290,9290,0
767,20002,2,1,0,2580000,9306,9304,0
768,20002,2,2,40000,-6735000,9306,9304,0
769,20002,3,1,40000,4690000,9201,9201,0
770,20002,3,2,50000,-2145000,9306,9306,0
771,20002,3,3,45000,-7005000,9387,9387,0
772,20002,4,1,-3905000,3685000,8296,8291,0
773,20002,4,2,1670000,3820000,8166,8166,0
774,20002,4,3,-3765000,-6440000,8125,8124,0
775,20002,4,4,1690000,-5350000,8191,8191,0
776,20002,5,1,-4000000,4905000,7146,7149,0
777,20002,5,2,1975000,5130000,6945,6946,0
778,20002,5,3,0,-1120000,9343,9348,0
779,20002,5,4,-3710000,-6560000,6779,6776,0
780,20002,5,5,1980000,-6560000,7051,7055,0
781,20003,1,1,85000,-20000,9290,9290,0
782,20003,2,1,0,2580000,9306,9304,0
783,20003,2,2,40000,-6735000,9306,9304,0
784,20003,3,1,40000,4355000,9201,9201,0
785,20003,3,2,50000,-2145000,9306,9306,0
786,20003,3,3,45000,-7220000,9387,9387,0
787,20003,4,1,-3905000,3650000,8296,8291,0
788,20003,4,2,1670000,3785000,8166,8166,0
789,20003,4,3,-3535000,-5700000,8125,8124,0
790,20003,4,4,1690000,-5350000,8191,8191,0
791,20003,5,1,-4000000,4870000,7146,7149,0
792,20003,5,2,1690000,4745000,7299,7299,0
793,20003,5,3,0,-1345000,9343,9348,0
794,20003,5,4,-3710000,-6560000,6779,6776,0
795,20003,5,5,1590000,-6170000,7423,7427,0
796,20004,1,1,85000,-20000,9290,9290,0
797,20004,2,1,0,2580000,9306,9304,0
798,20004,2,2,40000,-6735000,9306,9304,0
799,20004,3,1,40000,2905000,9201,9201,0
800,20004,3,2,40000,-3065000,9306,9306,0
801,20004,3,3,-15000,-8790000,9387,9387,0
802,20004,4,1,-4165000,2875000,9034,9028,0
803,20004,4,2,1250000,2805000,9109,9108,0
804,20004,4,3,-4320000,-6725000,8850,8849,0
805,20004,4,4,1225000,-6090000,9075,9074,0
806,20004,5,1,-4400000,3940000,8060,8064,0
807,20004,5,2,1150000,4040000,7967,7967,0
808,20004,5,3,0,-2830000,9343,9348,0
809,20004,5,4,-4000000,-7465000,7627,7625,0
810,20004,5,5,1150000,-7135000,8095,8100,0
811,20005,1,1,85000,-20000,9290,9290,0
812,20005,2,1,-5000,3080000,9543,9541,0
813,20005,2,2,10000,-4995000,9306,9304,0
814,20005,3,1,-90000,5650000,9269,9271,0
815,20005,3,2,20000,-255000,9306,9306,0
816,20005,3,3,25000,-5530000,9387,9384,0
817,20005,4,1,-2825000,4470000,7714,7708,0
818,20005,4,2,2375000,4730000,7453,7450,0
819,20005,4,3,-3260000,-4440000,7346,7347,0
820,20005,4,4,2350000,-4180000,7810,7812,0
821,20005,5,1,-3020000,5490000,7478,7481,0
822,20005,5,2,2320000,5250000,7708,7708,0
823,20005,5,3,40000,180000,9343,9347,0
824,20005,5,4,-3015000,-5700000,7305,7301,0
825,20005,5,5,2550000,-5345000,7423,7429,0
826,20006,1,1,85000,-20000,9290,9290,0
827,20006,2,1,-5000,2315000,9543,9541,0
828,20006,2,2,40000,-6735000,9306,9304,0
829,20006,3,1,25000,3125000,9201,9201,0
830,20006,3,2,60000,-3400000,9306,9306,0
831,20006,3,3,-5000,-8530000,9387,9387,0
832,20006,4,1,-3685000,2875000,9034,9028,0
833,20006,4,2,1940000,2785000,9109,9108,0
834,20006,4,3,-3685000,-6725000,8850,8849,0
835,20006,4,4,1670000,-6090000,9075,9074,0
836,20006,5,1,-3815000,3940000,8060,8064,0
837,20006,5,2,1790000,4005000,7967,7967,0
838,20006,5,3,0,-2830000,9343,9348,0
839,20006,5,4,-3465000,-7385000,7627,7625,0
840,20006,5,5,1895000,-7135000,8095,8100,0
841,20007,1,1,-20000,-25000,9405,9405,0
842,20007,2,1,40000,4130000,9308,9308,0
843,20007,2,2,-5000,-3645000,9268,9268,0
844,20007,3,1,0,6265000,9334,9334,0
845,20007,3,2,-5000,195000,9277,9277,0
846,20007,3,3,25000,-5360000,9204,9204,0
847,20007,4,1,-4790000,5005000,9357,9353,0
848,20007,4,2,585000,5680000,8940,8940,0
849,20007,4,3,-4790000,-4105000,8622,8622,0
850,20007,4,4,585000,-3030000,8894,8894,0
851,20007,5,1,-4705000,5880000,8470,8474,0
852,20007,5,2,820000,5880000,8429,8429,0
853,20007,5,3,0,580000,9446,9451,0
854,20007,5,4,-4710000,-5110000,8473,8473,0
855,20007,5,5,880000,-4870000,8502,8506,0
856,20008,1,1,85000,-20000,9290,9290,0
857,20008,2,1,-5000,3215000,9543,9541,0
858,20008,2,2,10000,-6025000,9306,9304,0
859,20008,3,1,30000,3750000,9269,9271,0
860,20008,3,2,10000,-1220000,9306,9306,0
861,20008,3,3,-65000,-6730000,9387,9384,0
862,20008,4,1,-665000,3570000,8432,8428,0
863,20008,4,2,4910000,3505000,8488,8490,0
864,20008,4,3,-600000,-6090000,8550,8551,0
865,20008,4,4,5125000,-5755000,8755,8755,0
866,20008,5,1,-1185000,4475000,7788,7789,0
867,20008,5,2,4825000,3825000,8185,8187,0
868,20008,5,3,0,-1650000,9343,9347,0
869,20008,5,4,-1035000,-6695000,7974,7969,0
870,20008,5,5,5105000,-6695000,8061,8063,0
871,20009,1,1,85000,-20000,9290,9290,0
872,20009,2,1,10000,2330000,9543,9541,0
873,20009,2,2,40000,-8025000,9306,9304,0
874,20009,3,1,0,2625000,9269,9271,0
875,20009,3,2,60000,-4025000,9306,9306,0
876,20009,3,3,65000,-10470000,9387,9384,0
877,20009,4,1,-6360000,-515000,12184,12178,0
878,20009,4,2,-450000,120000,11575,11576,0
879,20009,4,3,-5410000,-9970000,10164,10165,0
880,20009,4,4,-235000,-9180000,10915,10915,0
881,20009,5,1,-5410000,1020000,10727,10728,0
882,20009,5,2,-485000,1010000,10735,10738,0
883,20009,5,3,70000,-4890000,9343,9347,0
884,20009,5,4,-5715000,-11710000,10353,10346,0
885,20009,5,5,-5000,-11520000,10899,10902,0
886,20010,1,1,85000,-20000,9290,9290,0
887,20010,2,1,-5000,2315000,9543,9541,0
888,20010,2,2,40000,-6735000,9306,9304,0
889,20010,3,1,25000,4355000,9201,9201,0
890,20010,3,2,30000,-2865000,9306,9306,0
891,20010,3,3,-35000,-7450000,9387,9387,0
892,20010,4,1,-5290000,2910000,9034,9028,0
893,20010,4,2,265000,2820000,9109,9108,0
894,20010,4,3,-5400000,-6725000,8850,8849,0
895,20010,4,4,235000,-6090000,9075,9074,0
896,20010,5,1,-5035000,3945000,8060,8064,0
897,20010,5,2,715000,3505000,8456,8456,0
898,20010,5,3,0,-1460000,9343,9348,0
899,20010,5,4,-4685000,-7135000,7627,7625,0
900,20010,5,5,715000,-7135000,8479,8484,0
901,20011,1,1,30000,45000,9382,9382,0
902,20011,2,1,0,2605000,9280,9280,0
903,20011,2,2,-5000,-6570000,9215,9215,0
904,20011,3,1,-5000,3360000,9387,9384,0
905,20011,3,2,-5000,-2150000,9387,9384,0
906,20011,3,3,45000,-7545000,9387,9384,0
907,20011,4,1,-770000,3615000,8340,8336,0
908,20011,4,2,4845000,3745000,8221,8221,0
909,20011,4,3,-625000,-6090000,8519,8519,0
910,20011,4,4,4845000,-5700000,8325,8325,0
911,20011,5,1,-1100000,3940000,8029,8033,0
912,20011,5,2,4465000,3890000,8089,8089,0
913,20011,5,3,-5000,-2140000,9390,9395,0
914,20011,5,4,-1010000,-7310000,7918,7918,0
915,20011,5,5,4465000,-7025000,7645,7648,0
916,20012,1,1,85000,-20000,9290,9290,0
917,20012,2,1,-5000,2350000,9543,9541,0
918,20012,2,2,40000,-6735000,9306,9304,0
919,20012,3,1,55000,4015000,9272,9272,0
920,20012,3,2,30000,-2865000,9306,9306,0
921,20012,3,3,-35000,-7630000,9387,9387,0
922,20012,4,1,-3490000,2875000,9034,9028,0
923,20012,4,2,2350000,2785000,9109,9108,0
924,20012,4,3,-3105000,-6725000,8850,8849,0
925,20012,4,4,2375000,-6090000,9075,9074,0
926,20012,5,1,-3370000,4290000,7732,7735,0
927,20012,5,2,2135000,3975000,8033,8033,0
928,20012,5,3,40000,-1830000,9343,9348,0
929,20012,5,4,-3455000,-7135000,7627,7625,0
930,20012,5,5,2135000,-7135000,8479,8484,0
931,20013,1,1,30000,45000,9382,9382,0
932,20013,2,1,0,2605000,9280,9280,0
933,20013,2,2,-5000,-6570000,9215,9215,0
934,20013,3,1,45000,2690000,9387,9384,0
935,20013,3,2,-5000,-3010000,9387,9384,0
936,20013,3,3,5000,-8285000,9387,9384,0
937,20013,4,1,-770000,3615000,8340,8336,0
938,20013,4,2,4585000,3745000,8221,8221,0
939,20013,4,3,-625000,-6090000,8519,8519,0
940,20013,4,4,4670000,-5700000,8325,8325,0
941,20013,5,1,-1030000,3815000,8115,8119,0
942,20013,5,2,4465000,3685000,8276,8276,0
943,20013,5,3,-5000,-2890000,9390,9395,0
944,20013,5,4,-1010000,-7310000,7918,7918,0
945,20013,5,5,4465000,-7025000,7645,7648,0
946,20014,1,1,85000,-20000,9290,9290,0
947,20014,2,1,-5000,2315000,9543,9541,0
948,20014,2,2,0,-7095000,9306,9304,0
949,20014,3,1,0,3500000,9272,9272,0
950,20014,3,2,30000,-2865000,9306,9306,0
951,20014,3,3,-5000,-8030000,9387,9387,0
952,20014,4,1,-3105000,2875000,9034,9028,0
953,20014,4,2,2400000,2840000,9109,9108,0
954,20014,4,3,-2950000,-6725000,8850,8849,0
955,20014,4,4,2425000,-6090000,9075,9074,0
956,20014,5,1,-3020000,4285000,7732,7735,0
957,20014,5,2,2480000,4045000,8033,8033,0
958,20014,5,3,40000,-2150000,9343,9348,0
959,20014,5,4,-3020000,-7135000,7627,7625,0
960,20014,5,5,2690000,-7360000,8168,8172,0
961,20015,1,1,30000,45000,9382,9382,0
962,20015,2,1,-5000,2940000,9280,9280,0
963,20015,2,2,5000,-4995000,9215,9215,0
964,20015,3,1,-5000,6320000,9387,9384,0
965,20015,3,2,45000,0,9387,9384,0
966,20015,3,3,45000,-5270000,9387,9384,0
967,20015,4,1,-2720000,3630000,8340,8338,0
968,20015,4,2,2725000,3745000,8222,8220,0
969,20015,4,3,-2765000,-4945000,8519,8518,0
970,20015,4,4,2810000,-4740000,8327,8324,0
971,20015,5,1,-2905000,5600000,6576,6579,0
972,20015,5,2,2655000,5385000,6786,6786,0
973,20015,5,3,110000,500000,9390,9395,0
974,20015,5,4,-2825000,-5440000,6676,6676,0
975,20015,5,5,3070000,-5085000,6670,6673,0
976,20016,1,1,85000,-20000,9290,9290,0
977,20016,2,1,-5000,2280000,9543,9541,0
978,20016,2,2,-5000,-7525000,9306,9304,0
979,20016,3,1,-5000,3200000,9272,9272,0
980,20016,3,2,20000,-3590000,9306,9306,0
981,20016,3,3,-5000,-8550000,9387,9387,0
982,20016,4,1,-4865000,2890000,9034,9028,0
983,20016,4,2,675000,2805000,9109,9108,0
984,20016,4,3,-4865000,-6725000,8850,8849,0
985,20016,4,4,645000,-6725000,9075,9074,0
986,20016,5,1,-4805000,4410000,7613,7616,0
987,20016,5,2,1060000,3975000,8033,8033,0
988,20016,5,3,0,-2580000,9343,9348,0
989,20016,5,4,-4465000,-7595000,7627,7625,0
990,20016,5,5,950000,-7595000,8168,8172,0
991,20017,1,1,85000,-20000,9290,9290,0
992,20017,2,1,-5000,2305000,9543,9541,0
993,20017,2,2,5000,-7525000,9306,9304,0
994,20017,3,1,-5000,2625000,9272,9272,0
995,20017,3,2,20000,-4470000,9306,9306,0
996,20017,3,3,-5000,-9910000,9387,9387,0
997,20017,4,1,-4005000,2720000,9203,9198,0
998,20017,4,2,1030000,2645000,9234,9234,0
999,20017,4,3,-4070000,-8360000,9282,9282,0
1000,20017,4,4,1535000,-6090000,8457,8457,0
1001,20017,5,1,-3770000,3640000,8344,8348,0
1002,20017,5,2,1690000,3210000,8722,8723,0
1003,20017,5,3,0,-4360000,9343,9348,0
1004,20017,5,4,-3465000,-8815000,7627,7625,0
1005,20017,5,5,1590000,-8885000,8168,8172,0
1006,20018,1,1,85000,-20000,9290,9290,0
1007,20018,2,1,0,2350000,9543,9541,0
1008,20018,2,2,-5000,-6745000,9306,9304,0
1009,20018,3,1,25000,5040000,9240,9240,0
1010,20018,3,2,30000,-1540000,9306,9306,0
1011,20018,3,3,-45000,-6650000,9387,9387,0
1012,20018,4,1,-2855000,4740000,7280,7276,0
1013,20018,4,2,2310000,4530000,7475,7474,0
1014,20018,4,3,-2855000,-5655000,6769,6768,0
1015,20018,4,4,2600000,-5180000,7113,7112,0
1016,20018,5,1,-2630000,4780000,7237,7241,0
1017,20018,5,2,2435000,4740000,7309,7310,0
1018,20018,5,3,70000,-850000,9343,9348,0
1019,20018,5,4,-2635000,-6385000,6597,6594,0
1020,20018,5,5,2690000,-6310000,6965,6969,0
1021,20019,1,1,85000,-20000,9290,9290,0
1022,20019,2,1,-5000,2760000,9543,9541,0
1023,20019,2,2,5000,-5245000,9306,9304,0
1024,20019,3,1,35000,6200000,9272,9272,0
1025,20019,3,2,-30000,-535000,9306,9306,0
1026,20019,3,3,45000,-5560000,9387,9387,0
1027,20019,4,1,-2855000,4740000,7280,7276,0
1028,20019,4,2,2565000,4870000,7155,7155,0
1029,20019,4,3,-2895000,-4815000,6769,6768,0
1030,20019,4,4,2565000,-4450000,7113,7112,0
1031,20019,5,1,-3020000,5275000,7237,7241,0
1032,20019,5,2,2410000,4730000,7309,7310,0
1033,20019,5,3,40000,270000,9343,9348,0
1034,20019,5,4,-2635000,-5700000,6597,6594,0
1035,20019,5,5,2690000,-5700000,6965,6969,0
1036,20020,1,1,85000,-20000,9290,9290,0
1037,20020,2,1,40000,2350000,9543,9541,0
1038,20020,2,2,40000,-7825000,9306,9304,0
1039,20020,3,1,-5000,2625000,9272,9272,0
1040,20020,3,2,0,-3590000,9306,9306,0
1041,20020,3,3,85000,-8790000,9387,9387,0
1042,20020,4,1,-2050000,3920000,8064,8060,0
1043,20020,4,2,3420000,4185000,7808,7808,0
1044,20020,4,3,-1920000,-6710000,7474,7474,0
1045,20020,4,4,3615000,-5570000,7565,7565,0
1046,20020,5,1,-1890000,4845000,7237,7241,0
1047,20020,5,2,3265000,4770000,7309,7310,0
1048,20020,5,3,0,-3190000,9343,9348,0
1049,20020,5,4,-2215000,-7700000,6597,6594,0
1050,20020,5,5,3605000,-7615000,6965,6969,0
1051,20021,1,1,85000,-20000,9290,9290,0
1052,20021,2,1,535000,1625000,10208,10208,0
1053,20021,2,2,600000,-8560000,10000,10000,0
1054,20021,3,1,-25000,2621000,9272,9272,0
1055,20021,3,2,0,-3590000,9306,9306,0
1056,20021,3,3,85000,-8790000,9387,9387,0
1057,20021,4,1,-1280000,4315000,7713,7709,0
1058,20021,4,2,4110000,4835000,7217,7216,0
1059,20021,4,3,-1280000,-7325000,7708,7707,0
1060,20021,4,4,4540000,-5700000,7488,7487,0
1061,20021,5,1,-1505000,4590000,7478,7482,0
1062,20021,5,2,4530000,4350000,7709,7710,0
1063,20021,5,3,0,-3190000,9343,9348,0
1064,20021,5,4,-1645000,-8030000,7305,7302,0
1065,20021,5,5,4350000,-7925000,7424,7428,0
1066,20023,1,1,0,0,10000,10000,0
1067,20023,2,1,0,3990000,10000,10000,0
1068,20023,2,2,40000,-4500000,10000,10000,0
1069,20023,3,1,-5000,6890000,9741,9741,0
1070,20023,3,2,0,540000,10000,10000,0
1071,20023,3,3,0,-4530000,10000,10000,0
1072,20023,4,1,-2050000,4235000,10000,9995,0
1073,20023,4,2,3370000,4670000,10000,10000,0
1074,20023,4,3,-2050000,-4120000,10000,10000,0
1075,20023,4,4,3370000,-3520000,10000,10000,0
1076,20023,5,1,-2500000,6535000,8803,8807,0
1077,20023,5,2,2790000,6535000,8414,8414,0
1078,20023,5,3,40000,935000,10000,10005,0
1079,20023,5,4,-2100000,-4040000,9172,9172,0
1080,20023,5,5,3335000,-4725000,9088,9092,0
1081,30001,1,1,-1740000,-660000,11301,11301,0
1082,30001,2,1,-1065000,1170000,10613,10613,0
1083,30001,2,2,-1065000,-7860000,10613,10613,0
1084,30001,3,1,-5000,3430000,9263,9263,0
1085,30001,3,2,5000,-2810000,9387,9387,0
1086,30001,3,3,145000,-8610000,9387,9387,0
1087,30001,4,1,-5290000,4145000,7844,7836,0
1088,30001,4,2,620000,3540000,8411,8411,0
1089,30001,4,3,-4885000,-6090000,7788,7788,0
1090,30001,4,4,570000,-6090000,8475,8475,0
1091,30001,5,1,-5280000,3975000,7968,7978,0
1092,30001,5,2,1120000,4010000,7943,7943,0
1093,30001,5,3,75000,-2525000,9349,9351,0
1094,30001,5,4,-4745000,-7905000,7974,7974,0
1095,30001,5,5,905000,-7845000,8209,8205,0
1096,30002,1,1,660000,-805000,9891,9891,0
1097,30002,2,1,420000,2080000,9775,9775,0
1098,30002,2,2,675000,-8005000,9757,9757,0
1099,30002,3,1,105000,1820000,10000,10000,0
1100,30002,3,2,110000,-4480000,10000,10000,0
1101,30002,3,3,0,-10560000,10000,10000,0
1102,30002,4,1,-970000,770000,11625,11615,97223
1103,30002,4,2,3215000,1740000,10142,10142,0
1104,30002,4,3,-1695000,-8805000,9458,9458,98957
1105,30002,4,4,3610000,-7760000,10000,10000,0
1106,30002,5,1,-1485000,1595000,10777,10776,93364
1107,30002,5,2,3135000,2150000,9708,9708,0
1108,30002,5,3,5000,-4570000,10403,10407,0
1109,30002,5,4,-1670000,-8305000,6965,6965,101734
1110,30002,5,5,3135000,-9295000,9796,9796,0
1111,30003,1,1,1570000,-1770000,10869,10869,0
1112,30003,2,1,1645000,1205000,11293,11293,0
1113,30003,2,2,1350000,-6890000,10929,10929,0
1114,30003,3,1,1075000,4355000,10563,10563,0
1115,30003,3,2,1245000,-2040000,10663,10663,0
1116,30003,3,3,1245000,-7075000,10823,10823,0
1117,30003,4,1,0,1820000,10931,10921,97223
1118,30003,4,2,5085000,2420000,10142,10142,0
1119,30003,4,3,5000,-6575000,9458,9458,98957
1120,30003,4,4,4970000,-6580000,10000,10000,0
1121,30003,5,1,-310000,4680000,10088,10087,93364
1122,30003,5,2,4815000,4220000,9708,9708,0
1123,30003,5,3,925000,-1350000,10403,10407,0
1124,30003,5,4,-310000,-6390000,9432,9432,101734
1125,30003,5,5,4885000,-6865000,9796,9796,0
1126,30004,1,1,910000,-1770000,10869,10869,0
1127,30004,2,1,1915000,449000,11293,11293,0
1128,30004,2,2,1770000,-9235000,11115,11115,0
1129,30004,3,1,955000,1555000,10563,10563,0
1130,30004,3,2,1055000,-4605000,10591,10591,0
1131,30004,3,3,1165000,-10000000,10823,10823,0
1132,30004,4,1,1465000,830000,11890,11880,97223
1133,30004,4,2,5305000,1910000,10142,10142,0
1134,30004,4,3,265000,-8365000,9458,9458,98957
1135,30004,4,4,4970000,-7770000,10000,10000,0
1136,30004,5,1,580000,2555000,10088,10087,93364
1137,30004,5,2,5300000,2240000,9708,9708,0
1138,30004,5,3,665000,-4650000,10403,10407,0
1139,30004,5,4,500000,-9450000,9432,9432,101734
1140,30004,5,5,5405000,-9695000,9796,9796,0
1141,30005,1,1,-105000,-75000,9276,9276,0
1142,30005,2,1,-5000,2560000,9300,9300,0
1143,30005,2,2,-5000,-7230000,9300,9300,0
1144,30005,3,1,-5000,3460000,9263,9263,0
1145,30005,3,2,5000,-2510000,9387,9387,0
1146,30005,3,3,145000,-7710000,9387,9387,0
1147,30005,4,1,-2630000,4180000,7844,7836,0
1148,30005,4,2,2845000,4545000,7491,7491,0
1149,30005,4,3,-2835000,-6605000,7986,7986,0
1150,30005,4,4,2845000,-6605000,8475,8475,0
1151,30005,5,1,-2820000,4010000,7968,7978,0
1152,30005,5,2,2690000,4080000,7943,7943,0
1153,30005,5,3,75000,-2075000,9349,9351,0
1154,30005,5,4,-2825000,-7520000,7974,7974,0
1155,30005,5,5,2625000,-7515000,8209,8205,0
1156,30006,1,1,-105000,-75000,9276,9276,0
1157,30006,2,1,-5000,2565000,9300,9300,0
1158,30006,2,2,-5000,-7740000,9300,9300,0
1159,30006,3,1,-5000,3760000,9263,9263,0
1160,30006,3,2,5000,-2870000,9387,9387,0
1161,30006,3,3,145000,-7950000,9387,9387,0
1162,30006,4,1,-3830000,4215000,7844,7836,0
1163,30006,4,2,1675000,4580000,7491,7491,0
1164,30006,4,3,-3870000,-6875000,7559,7559,0
1165,30006,4,4,1360000,-5765000,7639,7639,0
1166,30006,5,1,-3850000,5150000,6927,6937,0
1167,30006,5,2,1800000,5025000,7025,7025,0
1168,30006,5,3,75000,-1985000,9349,9351,0
1169,30006,5,4,-3995000,-7670000,7974,7974,0
1170,30006,5,5,1690000,-7135000,7299,7296,0
1171,30007,1,1,-105000,-75000,9276,9276,0
1172,30007,2,1,-5000,2920000,9300,9300,0
1173,30007,2,2,-5000,-6750000,9300,9300,0
1174,30007,3,1,-5000,4180000,9263,9263,0
1175,30007,3,2,5000,-1850000,9387,9387,0
1176,30007,3,3,145000,-7770000,9387,9387,0
1177,30007,4,1,-3415000,3605000,8358,8348,0
1178,30007,4,2,2285000,3715000,8244,8244,0
1179,30007,4,3,-3855000,-6290000,8906,8906,0
1180,30007,4,4,1810000,-5480000,8800,8800,0
1181,30007,5,1,-3495000,4030000,7974,7988,0
1182,30007,5,2,1690000,3695000,8271,8271,0
1183,30007,5,3,75000,-1625000,9349,9351,0
1184,30007,5,4,-3500000,-7280000,8439,8439,0
1185,30007,5,5,2000000,-6835000,8265,8262,0
1186,30008,1,1,15000,-75000,9276,9276,0
1187,30008,2,1,-5000,2920000,9300,9300,0
1188,30008,2,2,-5000,-7620000,9300,9300,0
1189,30008,3,1,-5000,3010000,9263,9263,0
1190,30008,3,2,5000,-2930000,9387,9387,0
1191,30008,3,3,145000,-8280000,9387,9387,0
1192,30008,4,1,-510000,3270000,8674,8665,0
1193,30008,4,2,5015000,3715000,8244,8244,0
1194,30008,4,3,-325000,-6985000,8906,8906,0
1195,30008,4,4,5460000,-6510000,8800,8800,0
1196,30008,5,1,-570000,3495000,8439,8452,0
1197,30008,5,2,5295000,3685000,8271,8271,0
1198,30008,5,3,165000,-2935000,9349,9351,0
1199,30008,5,4,-570000,-8030000,8439,8439,0
1200,30008,5,5,5300000,-7675000,8265,8262,0
1201,30009,1,1,15000,-75000,9276,9276,0
1202,30009,2,1,-5000,2550000,9300,9300,0
1203,30009,2,2,-5000,-7820000,9300,9300,0
1204,30009,3,1,25000,2600000,9263,9263,0
1205,30009,3,2,5000,-3590000,9387,9387,0
1206,30009,3,3,145000,-9910000,9387,9387,0
1207,30009,4,1,-5020000,3270000,8674,8665,0
1208,30009,4,2,810000,3715000,8244,8244,0
1209,30009,4,3,-4835000,-7760000,8906,8906,0
1210,30009,4,4,740000,-6775000,8800,8800,0
1211,30009,5,1,-4810000,3495000,8439,8452,0
1212,30009,5,2,795000,3715000,8271,8271,0
1213,30009,5,3,165000,-3925000,9349,9351,0
1214,30009,5,4,-4650000,-9085000,8439,8439,0
1215,30009,5,5,730000,-8725000,8265,8262,0
1216,30010,1,1,15000,-75000,9276,9276,0
1217,30010,2,1,-5000,2585000,9300,9300,0
1218,30010,2,2,-5000,-7820000,9300,9300,0
1219,30010,3,1,25000,2645000,9263,9263,0
1220,30010,3,2,5000,-3860000,9387,9387,0
1221,30010,3,3,145000,-9580000,9387,9387,0
1222,30010,4,1,-5020000,3270000,8674,8665,0
1223,30010,4,2,810000,3715000,8244,8244,0
1224,30010,4,3,-5205000,-7760000,8906,8906,0
1225,30010,4,4,450000,-6945000,8800,8800,0
1226,30010,5,1,-4810000,3565000,8439,8452,0
1227,30010,5,2,795000,3680000,8271,8271,0
1228,30010,5,3,165000,-3475000,9349,9351,0
1229,30010,5,4,-4890000,-8995000,8439,8439,0
1230,30010,5,5,730000,-8725000,8265,8262,0
1231,30011,1,1,15000,-75000,9276,9276,0
1232,30011,2,1,-5000,2585000,9300,9300,0
1233,30011,2,2,-5000,-7820000,9300,9300,0
1234,30011,3,1,25000,2645000,9263,9263,0
1235,30011,3,2,5000,-4130000,9387,9387,0
1236,30011,3,3,145000,-9580000,9387,9387,0
1237,30011,4,1,-4720000,3270000,8674,8665,0
1238,30011,4,2,990000,3715000,8244,8244,0
1239,30011,4,3,-4695000,-7760000,8906,8906,0
1240,30011,4,4,960000,-6945000,8800,8800,0
1241,30011,5,1,-4660000,3600000,8439,8452,0
1242,30011,5,2,975000,3680000,8271,8271,0
1243,30011,5,3,165000,-3475000,9349,9351,0
1244,30011,5,4,-4530000,-8995000,8439,8439,0
1245,30011,5,5,1150000,-8725000,8265,8262,0
1246,30012,1,1,15000,-75000,9276,9276,0
1247,30012,2,1,-5000,2580000,9300,9300,0
1248,30012,2,2,-5000,-7820000,9300,9300,0
1249,30012,3,1,25000,3660000,9263,9263,0
1250,30012,3,2,5000,-2690000,9387,9387,0
1251,30012,3,3,145000,-7930000,9387,9387,0
1252,30012,4,1,-2890000,3270000,8674,8665,0
1253,30012,4,2,2735000,3715000,8244,8244,0
1254,30012,4,3,-2955000,-7400000,7903,7903,0
1255,30012,4,4,2515000,-6045000,7903,7903,0
1256,30012,5,1,-3020000,4390000,7596,7604,0
1257,30012,5,2,2150000,4465000,7533,7533,0
1258,30012,5,3,75000,-1825000,9349,9351,0
1259,30012,5,4,-2695000,-7410000,6676,6676,0
1260,30012,5,5,2455000,-7410000,7094,7093,0
1261,30013,1,1,15000,-75000,9276,9276,0
1262,30013,2,1,35000,4855000,9300,9300,0
1263,30013,2,2,35000,-3230000,9300,9300,0
1264,30013,3,1,45000,8250000,9263,9263,0
1265,30013,3,2,-25000,1790000,9387,9387,0
1266,30013,3,3,205000,-3440000,9387,9387,0
1267,30013,4,1,-2890000,4440000,8674,8665,0
1268,30013,4,2,2735000,5230000,8244,8244,0
1269,30013,4,3,-2905000,-3890000,7903,7903,0
1270,30013,4,4,2215000,-3475000,7903,7903,0
1271,30013,5,1,-2550000,7220000,7596,7604,0
1272,30013,5,2,3060000,6495000,7533,7533,0
1273,30013,5,3,5000,2495000,9349,9351,0
1274,30013,5,4,-2500000,-3980000,7663,7663,0
1275,30013,5,5,2405000,-3785000,7850,7846,0
1276,30014,1,1,1300000,-1880000,10869,10869,0
1277,30014,2,1,805000,1545000,10251,10251,0
1278,30014,2,2,805000,-8315000,10052,10052,0
1279,30014,3,1,150000,2910000,9454,9454,0
1280,30014,3,2,300000,-3115000,9579,9579,0
1281,30014,3,3,300000,-8365000,9778,9778,0
1282,30014,4,1,-135000,2875000,9802,9793,97223
1283,30014,4,2,4500000,3825000,8120,8120,0
1284,30014,4,3,-510000,-7180000,8655,8655,98957
1285,30014,4,4,5300000,-6090000,8437,8437,0
1286,30014,5,1,-490000,4375000,8280,8279,93364
1287,30014,5,2,4785000,4025000,7950,7950,0
1288,30014,5,3,-15000,-2880000,9560,9564,0
1289,30014,5,4,-520000,-7770000,8626,8626,101734
1290,30014,5,5,5245000,-8015000,8556,8556,0
1291,30015,1,1,30000,-215000,9296,9296,0
1292,30015,2,1,-605000,1775000,10031,10031,0
1293,30015,2,2,-545000,-8415000,9957,9957,0
1294,30015,3,1,55000,3315000,9302,9302,0
1295,30015,3,2,55000,-3115000,9298,9298,0
1296,30015,3,3,105000,-8340000,9387,9387,0
1297,30015,4,1,-3655000,3590000,8627,8620,97223
1298,30015,4,2,965000,2955000,8965,8965,0
1299,30015,4,3,-3640000,-7785000,8655,8655,98957
1300,30015,4,4,1390000,-6090000,8437,8437,0
1301,30015,5,1,-3605000,3975000,8280,8279,93364
1302,30015,5,2,1525000,4115000,7950,7950,0
1303,30015,5,3,-80000,-2410000,9343,9347,0
1304,30015,5,4,-3335000,-8230000,8264,8264,101734
1305,30015,5,5,1500000,-8150000,8278,8277,0
1306,30016,1,1,15000,-75000,9276,9276,0
1307,30016,2,1,35000,2550000,9300,9300,0
1308,30016,2,2,35000,-7290000,9300,9300,0
1309,30016,3,1,105000,4020000,9263,9263,0
1310,30016,3,2,5000,-3100000,9387,9387,0
1311,30016,3,3,15000,-7760000,9387,9387,0
1312,30016,4,1,-4610000,4710000,7348,7339,0
1313,30016,4,2,1090000,4100000,7906,7906,0
1314,30016,4,3,-4615000,-7010000,7903,7903,0
1315,30016,4,4,1090000,-5925000,7903,7903,0
1316,30016,5,1,-4550000,4460000,7596,7604,0
1317,30016,5,2,1105000,4075000,7924,7924,0
1318,30016,5,3,25000,-1945000,9349,9351,0
1319,30016,5,4,-4495000,-7550000,7663,7663,0
1320,30016,5,5,1215000,-7555000,7850,7846,0
1321,30017,1,1,15000,-75000,9276,9276,0
1322,30017,2,1,35000,2620000,9300,9300,0
1323,30017,2,2,35000,-7770000,9300,9300,0
1324,30017,3,1,105000,3120000,9263,9263,0
1325,30017,3,2,5000,-3460000,9387,9387,0
1326,30017,3,3,15000,-8810000,9387,9387,0
1327,30017,4,1,-4250000,4710000,7348,7339,0
1328,30017,4,2,1060000,4100000,7906,7906,0
1329,30017,4,3,-4225000,-7010000,7903,7903,0
1330,30017,4,4,1300000,-5925000,7903,7903,0
1331,30017,5,1,-4190000,4460000,7596,7604,0
1332,30017,5,2,1105000,4145000,7924,7924,0
1333,30017,5,3,25000,-2785000,9349,9351,0
1334,30017,5,4,-4315000,-8120000,7663,7663,0
1335,30017,5,5,1455000,-7975000,7850,7846,0
1336,30018,1,1,15000,-75000,9276,9276,0
1337,30018,2,1,35000,2620000,9300,9300,0
1338,30018,2,2,35000,-7380000,9300,9300,0
1339,30018,3,1,105000,4170000,9263,9263,0
1340,30018,3,2,5000,-2470000,9387,9387,0
1341,30018,3,3,15000,-8150000,9387,9387,0
1342,30018,4,1,-3625000,4140000,7887,7879,0
1343,30018,4,2,2020000,4170000,7906,7906,0
1344,30018,4,3,-3595000,-7010000,7903,7903,0
1345,30018,4,4,2110000,-5925000,7903,7903,0
1346,30018,5,1,-3500000,4460000,7596,7604,0
1347,30018,5,2,1895000,4295000,7788,7788,0
1348,30018,5,3,25000,-2335000,9349,9351,0
1349,30018,5,4,-3020000,-7200000,6750,6750,0
1350,30018,5,5,1925000,-7115000,7243,7240,0
1351,30019,1,1,1470000,-1635000,10741,10741,0
1352,30019,2,1,595000,1885000,9993,9993,0
1353,30019,2,2,450000,-8015000,9766,9766,0
1354,30019,3,1,75000,2690000,9302,9302,0
1355,30019,3,2,145000,-3590000,9298,9298,0
1356,30019,3,3,205000,-8770000,9387,9387,0
1357,30019,4,1,-710000,3490000,9091,9083,97223
1358,30019,4,2,4110000,3880000,8120,8120,0
1359,30019,4,3,-830000,-7385000,8655,8655,98957
1360,30019,4,4,4370000,-6090000,8437,8437,0
1361,30019,5,1,-1095000,3965000,8574,8573,93364
1362,30019,5,2,3605000,4045000,7950,7950,0
1363,30019,5,3,0,-3340000,9343,9347,0
1364,30019,5,4,-1285000,-8230000,8264,8264,101734
1365,30019,5,5,4150000,-8230000,8278,8277,0
1366,30020,1,1,15000,-75000,9276,9276,0
1367,30020,2,1,35000,2650000,9300,9300,0
1368,30020,2,2,35000,-7680000,9300,9300,0
1369,30020,3,1,105000,2630000,9263,9263,0
1370,30020,3,2,5000,-2920000,9387,9387,0
1371,30020,3,3,15000,-8330000,9387,9387,0
1372,30020,4,1,-505000,3350000,8618,8608,0
1373,30020,4,2,5765000,3220000,8732,8732,0
1374,30020,4,3,-510000,-6705000,8575,8575,0
1375,30020,4,4,5300000,-5700000,7903,7903,0
1376,30020,5,1,-80000,2895000,9021,9029,0
1377,30020,5,2,5675000,3105000,8819,8819,0
1378,30020,5,3,25000,-2965000,9349,9351,0
1379,30020,5,4,-650000,-8245000,8311,8311,0
1380,30020,5,5,5675000,-8035000,8284,8281,0
1381,30021,1,1,15000,-75000,9276,9276,0
1382,30021,2,1,35000,2650000,9300,9300,0
1383,30021,2,2,35000,-7860000,9300,9300,0
1384,30021,3,1,105000,2940000,9263,9263,0
1385,30021,3,2,5000,-3340000,9387,9387,0
1386,30021,3,3,15000,-8840000,9387,9387,0
1387,30021,4,1,-3250000,3745000,8228,8220,0
1388,30021,4,2,2125000,4085000,7900,7900,0
1389,30021,4,3,-3105000,-7760000,8575,8575,0
1390,30021,4,4,2215000,-5995000,7903,7903,0
1391,30021,5,1,-3400000,3910000,8116,8125,0
1392,30021,5,2,1690000,4420000,7640,7640,0
1393,30021,5,3,25000,-2965000,9349,9351,0
1394,30021,5,4,-3400000,-8030000,6764,6764,0
1395,30021,5,5,2260000,-7575000,7014,7012,0
1396,30022,1,1,-25000,-30000,9337,9337,0
1397,30022,2,1,-15000,2840000,9263,9263,0
1398,30022,2,2,40000,-6280000,9195,9195,0
1399,30022,3,1,-35000,3480000,9253,9253,0
1400,30022,3,2,-5000,-2295000,9211,9211,0
1401,30022,3,3,15000,-8445000,9312,9312,0
1402,30022,4,1,-4470000,4850000,7202,7199,0
1403,30022,4,2,-50000,2740000,9229,9229,0
1404,30022,4,3,-4655000,-5700000,7837,7837,0
1405,30022,4,4,-940000,-7005000,10335,10335,0
1406,30022,5,1,-5965000,3870000,8109,8113,0
1407,30022,5,2,-380000,2030000,9791,9791,0
1408,30022,5,3,-50000,-2520000,9195,9199,5680
1409,30022,5,4,-4490000,-7230000,6899,6899,124714
1410,30022,5,5,-505000,-8435000,9904,9909,0
1411,30023,1,1,-10000,-15000,9335,9335,0
1412,30023,2,1,0,6420000,9421,9421,0
1413,30023,2,2,5000,-2855000,9313,9313,0
1414,30023,3,1,-20000,6780000,9244,9244,0
1415,30023,3,2,-40000,1125000,9218,9218,0
1416,30023,3,3,40000,-4580000,9178,9178,0
1417,30023,4,1,-770000,6645000,8337,8333,0
1418,30023,4,2,4430000,6960000,8029,8029,0
1419,30023,4,3,-990000,-3185000,8614,8614,0
1420,30023,4,4,5400000,-3750000,7792,7792,0
1421,30023,5,1,-420000,7470000,8656,8661,-26458
1422,30023,5,2,5300000,7215000,8325,8325,0
1423,30023,5,3,-5000,1050000,9335,9339,0
1424,30023,5,4,-1155000,-4270000,7739,7739,0
1425,30023,5,5,5605000,-4425000,7464,7468,0
1426,30024,1,1,110000,40000,10000,10000,0
1427,30024,2,1,40000,2300000,10000,10000,0
1428,30024,2,2,0,-7020000,10000,10000,0
1429,30024,3,1,40000,3330000,10000,10000,0
1430,30024,3,2,40000,-3100000,10000,10000,0
1431,30024,3,3,0,-8070000,10000,10000,0
1432,30024,4,1,-3580000,2995000,10000,9995,0
1433,30024,4,2,2350000,3000000,10000,10000,0
1434,30024,4,3,-2770000,-7090000,10000,10000,0
1435,30024,4,4,2350000,-6460000,10000,10000,0
1436,30024,5,1,-3020000,3090000,9501,9505,0
1437,30024,5,2,2190000,3090000,9266,9266,0
1438,30024,5,3,0,-2585000,10000,10005,0
1439,30024,5,4,-2585000,-8015000,9772,9772,0
1440,30024,5,5,2795000,-8015000,10020,10025,0
1441,30025,1,1,110000,40000,10000,10000,0
1442,30025,2,1,-1670000,3530000,12204,12204,0
1443,30025,2,2,-1415000,-5135000,11751,11751,0
1444,30025,3,1,105000,6105000,9372,9372,0
1445,30025,3,2,-1560000,-1000000,11932,11932,0
1446,30025,3,3,-80000,-5470000,9494,9494,0
1447,30025,4,1,-5720000,4835000,10252,10247,0
1448,30025,4,2,-510000,4835000,10747,10747,0
1449,30025,4,3,-6240000,-4870000,11477,11477,0
1450,30025,4,4,-730000,-4085000,11510,11510,0
1451,30025,5,1,-6805000,5450000,11273,11278,0
1452,30025,5,2,-1085000,5315000,11269,11269,0
1453,30025,5,3,-465000,-70000,10499,10504,0
1454,30025,5,4,-6065000,-4900000,10359,10359,0
1455,30025,5,5,-580000,-5700000,10907,10913,0
1456,10051,1,1,985000,-5000,11651,11651,0
1457,10051,2,1,360000,2300000,10000,10000,0
1458,10051,2,2,360000,-5000000,10000,10000,0
1459,10051,3,1,355000,4470000,10000,10000,0
1460,10051,3,2,210000,-1260000,10000,10000,0
1461,10051,3,3,210000,-7120000,10000,10000,0
1462,10051,4,1,-2290000,2995000,10000,9995,0
1463,10051,4,2,3530000,4100000,10000,10000,0
1464,10051,4,3,-2290000,-5290000,10000,10000,0
1465,10051,4,4,3530000,-4280000,10000,10000,0
1466,10051,5,1,-2500000,4380000,10000,10005,0
1467,10051,5,2,3125000,4375000,10000,10000,0
1468,10051,5,3,0,-1165000,10000,10005,0
1469,10051,5,4,-2120000,-6720000,10000,10000,0
1470,10051,5,5,3610000,-6395000,10000,10005,0
1471,10052,1,1,-240000,-255000,10000,10000,0
1472,10052,2,1,0,2730000,10000,10000,0
1473,10052,2,2,-240000,-5000000,10000,10000,0
1474,10052,3,1,-200000,4470000,10000,10000,0
1475,10052,3,2,-200000,-1260000,10000,10000,0
1476,10052,3,3,-290000,-7040000,10000,10000,0
1477,10052,4,1,-3100000,3295000,10000,9995,0
1478,10052,4,2,2660000,3760000,10000,10000,0
1479,10052,4,3,-3660000,-5310000,10000,10000,0
1480,10052,4,4,2080000,-4520000,10000,10000,0
1481,10052,5,1,-3340000,4360000,10000,10005,0
1482,10052,5,2,2660000,4355000,10000,10000,0
1483,10052,5,3,-5000,-1465000,10000,10005,0
1484,10052,5,4,-3340000,-6800000,10000,10000,0
1485,10052,5,5,2660000,-6415000,10000,10005,0
1486,20024,1,1,-1080000,-900000,10957,10957,0
1487,20024,2,1,-1025000,3615000,10823,10823,0
1488,20024,2,2,-1165000,-4995000,10999,10999,0
1489,20024,3,1,-290000,5060000,10000,10000,0
1490,20024,3,2,-840000,-1195000,10683,10683,0
1491,20024,3,3,70000,-6410000,10000,10000,0
1492,20024,4,1,-4160000,3725000,10000,9995,0
1493,20024,4,2,1030000,4340000,10000,10000,0
1494,20024,4,3,-4165000,-5290000,10000,10000,0
1495,20024,4,4,1330000,-4850000,10000,10000,0
1496,20024,5,1,-4900000,4680000,10000,10005,0
1497,20024,5,2,1150000,4375000,10000,10000,0
1498,20024,5,3,-140000,-345000,10000,10005,0
1499,20024,5,4,-4000000,-6090000,10000,10000,0
1500,20024,5,5,1150000,-6085000,10000,10005,0
1501,30026,1,1,20000,-25000,9978,9978,0
1502,30026,2,1,-5000,3810000,10000,10000,0
1503,30026,2,2,0,-4170000,10000,10000,0
1504,30026,3,1,-20000,5650000,9355,9355,-1754
1505,30026,3,2,105000,295000,9728,9728,0
1506,30026,3,3,-50000,-5795000,9429,9429,0
1507,30026,4,1,-1830000,3955000,8958,8954,0
1508,30026,4,2,3730000,4990000,8465,8465,0
1509,30026,4,3,-1830000,-4120000,8416,8416,0
1510,30026,4,4,3610000,-3430000,8320,8320,0
1511,30026,5,1,-2105000,5625000,7565,7569,0
1512,30026,5,2,3605000,5625000,7194,7194,0
1513,30026,5,3,40000,-265000,9378,9382,0
1514,30026,5,4,-2200000,-5070000,7473,7473,0
1515,30026,5,5,3605000,-4435000,7781,7785,0
1516,20025,1,1,0,0,10000,10000,0
1517,20025,2,1,5000,2155000,9468,9468,0
1518,20025,2,2,110000,-7320000,10000,10000,0
1519,20025,3,1,0,1420000,10000,10000,0
1520,20025,3,2,0,-4440000,10000,10000,0
1521,20025,3,3,-200000,-9640000,10000,10000,0
1522,20025,4,1,-1850000,1425000,10000,9995,0
1523,20025,4,2,2780000,1700000,10000,10000,0
1524,20025,4,3,-2360000,-7760000,10000,10000,0
1525,20025,4,4,3020000,-7520000,10000,10000,0
1526,20025,5,1,-2500000,1715000,10000,10005,0
1527,20025,5,2,2780000,1720000,10000,10000,0
1528,20025,5,3,0,-4365000,10000,10005,0
1529,20025,5,4,-2500000,-9600000,10000,10000,0
1530,20025,5,5,3000000,-9050000,10000,10005,0
1531,30027,1,1,0,0,10000,10000,0
1532,30027,2,1,-5000,2865000,9468,9468,0
1533,30027,2,2,-105000,-4995000,9599,9599,0
1534,30027,3,1,-5000,5895000,9603,9603,0
1535,30027,3,2,-5000,-255000,9509,9509,0
1536,30027,3,3,0,-5720000,9361,9361,0
1537,30027,4,1,-2360000,3810000,8841,8837,0
1538,30027,4,2,3240000,4325000,8361,8361,0
1539,30027,4,3,-2230000,-4640000,7854,7854,0
1540,30027,4,4,3240000,-3760000,7946,7946,0
1541,30027,5,1,-2500000,5970000,7507,7511,0
1542,30027,5,2,3000000,5970000,7069,7069,0
1543,30027,5,3,-35000,190000,9310,9315,0
1544,30027,5,4,-2325000,-5345000,7291,7291,0
1545,30027,5,5,3160000,-4995000,7259,7262,0
1546,10053,1,1,0,0,10000,10000,0
1547,10053,2,1,-5000,2270000,9573,9573,0
1548,10053,2,2,40000,-6160000,10000,10000,0
1549,10053,3,1,0,3490000,10000,10000,0
1550,10053,3,2,0,-2145000,10000,10000,0
1551,10053,3,3,40000,-7850000,10000,10000,0
1552,10053,4,1,-2310000,2345000,10000,9995,0
1553,10053,4,2,3020000,2730000,10000,10000,0
1554,10053,4,3,-2310000,-6660000,10000,10000,0
1555,10053,4,4,3020000,-6090000,10000,10000,0
1556,10053,5,1,-2670000,3485000,10000,10005,0
1557,10053,5,2,2780000,3030000,10000,10000,0
1558,10053,5,3,40000,-2245000,10000,10005,0
1559,10053,5,4,-2500000,-7730000,10000,10000,0
1560,10053,5,5,2780000,-7285000,10000,10005,0
1561,10054,1,1,0,0,10000,10000,0
1562,10054,2,1,-5000,2270000,9573,9573,0
1563,10054,2,2,40000,-6160000,10000,10000,0
1564,10054,3,1,0,3910000,10000,10000,0
1565,10054,3,2,0,-2145000,10000,10000,0
1566,10054,3,3,40000,-7610000,10000,10000,0
1567,10054,4,1,-2310000,2345000,10000,9995,0
1568,10054,4,2,3020000,2730000,10000,10000,0
1569,10054,4,3,-2310000,-6660000,10000,10000,0
1570,10054,4,4,3020000,-6090000,10000,10000,0
1571,10054,5,1,-2670000,3485000,10000,10005,0
1572,10054,5,2,2780000,3030000,10000,10000,0
1573,10054,5,3,0,-1925000,10000,10005,0
1574,10054,5,4,-2500000,-7290000,10000,10000,0
1575,10054,5,5,2780000,-7285000,10000,10005,0
1576,10055,1,1,0,0,10000,10000,0
1577,10055,2,1,0,2000000,10000,10000,0
1578,10055,2,2,110000,-5980000,10000,10000,0
1579,10055,3,1,0,3870000,10000,10000,0
1580,10055,3,2,0,-2150000,10000,10000,0
1581,10055,3,3,110000,-7250000,10000,10000,0
1582,10055,4,1,-2770000,2345000,10000,9995,0
1583,10055,4,2,2670000,3000000,10000,10000,0
1584,10055,4,3,-3100000,-6090000,10000,10000,0
1585,10055,4,4,2660000,-5700000,10000,10000,0
1586,10055,5,1,-3020000,3625000,10000,10005,0
1587,10055,5,2,2410000,3020000,10000,10000,0
1588,10055,5,3,-5000,-1925000,10000,10005,0
1589,10055,5,4,-2770000,-7140000,10000,10000,0
1590,10055,5,5,2660000,-6880000,10000,10005,0
1591,10056,1,1,0,0,10000,10000,0
1592,10056,2,1,0,2000000,10000,10000,0
1593,10056,2,2,110000,-5980000,10000,10000,0
1594,10056,3,1,0,3870000,10000,10000,0
1595,10056,3,2,0,-2150000,10000,10000,0
1596,10056,3,3,110000,-7250000,10000,10000,0
1597,10056,4,1,-2770000,2345000,10000,9995,0
1598,10056,4,2,2670000,3000000,10000,10000,0
1599,10056,4,3,-3100000,-6090000,10000,10000,0
1600,10056,4,4,2660000,-5700000,10000,10000,0
1601,10056,5,1,-3020000,3625000,10000,10005,0
1602,10056,5,2,2410000,3020000,10000,10000,0
1603,10056,5,3,-5000,-1925000,10000,10005,0
1604,10056,5,4,-2770000,-7140000,10000,10000,0
1605,10056,5,5,2660000,-6880000,10000,10005,0
1606,10057,1,1,0,0,10000,10000,0
1607,10057,2,1,0,2000000,10000,10000,0
1608,10057,2,2,110000,-5980000,10000,10000,0
1609,10057,3,1,0,3870000,10000,10000,0
1610,10057,3,2,0,-2150000,10000,10000,0
1611,10057,3,3,110000,-7250000,10000,10000,0
1612,10057,4,1,-2770000,2345000,10000,9995,0
1613,10057,4,2,2670000,3000000,10000,10000,0
1614,10057,4,3,-3100000,-6090000,10000,10000,0
1615,10057,4,4,2660000,-5700000,10000,10000,0
1616,10057,5,1,-3020000,3625000,10000,10005,0
1617,10057,5,2,2410000,3020000,10000,10000,0
1618,10057,5,3,-5000,-1925000,10000,10005,0
1619,10057,5,4,-2770000,-7140000,10000,10000,0
1620,10057,5,5,2660000,-6880000,10000,10005,0
1621,20026,1,1,0,0,10000,10000,0
1622,20026,2,1,0,2000000,10000,10000,0
1623,20026,2,2,110000,-5980000,10000,10000,0
1624,20026,3,1,-175000,4880000,9612,9612,0
1625,20026,3,2,0,-1690000,10000,10000,0
1626,20026,3,3,-5000,-6830000,9536,9536,0
1627,20026,4,1,-3125000,2820000,9560,9555,0
1628,20026,4,2,2315000,3470000,9561,9561,0
1629,20026,4,3,-3125000,-6050000,9309,9309,0
1630,20026,4,4,2420000,-5700000,9706,9706,0
1631,20026,5,1,-3020000,4600000,8530,8534,0
1632,20026,5,2,2355000,3890000,8717,8717,0
1633,20026,5,3,-5000,-1050000,9350,9355,0
1634,20026,5,4,-2885000,-6615000,8358,8358,0
1635,20026,5,5,2375000,-6615000,8742,8746,0
1636,30028,1,1,0,-10000,10000,10000,0
1637,30028,2,1,0,2000000,10000,10000,0
1638,30028,2,2,110000,-6720000,10000,10000,0
1639,30028,3,1,-65000,3180000,9612,9612,0
1640,30028,3,2,0,-3165000,10000,10000,0
1641,30028,3,3,-5000,-8430000,9536,9536,0
1642,30028,4,1,-2415000,2250000,9560,9555,0
1643,30028,4,2,3260000,2630000,9561,9561,0
1644,30028,4,3,-2210000,-6750000,9309,9309,0
1645,30028,4,4,3150000,-6750000,9706,9706,0
1646,30028,5,1,-2265000,3480000,8530,8534,0
1647,30028,5,2,3235000,3280000,8717,8717,0
1648,30028,5,3,40000,-2635000,9350,9355,0
1649,30028,5,4,-2405000,-7945000,8358,8358,0
1650,30028,5,5,3255000,-7735000,8742,8746,0
1651,30029,1,1,0,-10000,10000,10000,0
1652,30029,2,1,0,2000000,10000,10000,0
1653,30029,2,2,110000,-6720000,10000,10000,0
1654,30029,3,1,-65000,3180000,9612,9612,0
1655,30029,3,2,0,-3165000,10000,10000,0
1656,30029,3,3,-5000,-8430000,9536,9536,0
1657,30029,4,1,-3105000,2250000,9560,9555,0
1658,30029,4,2,2425000,2630000,9561,9561,0
1659,30029,4,3,-3105000,-6750000,9309,9309,0
1660,30029,4,4,2310000,-6750000,9706,9706,0
1661,30029,5,1,-3020000,3480000,8530,8534,0
1662,30029,5,2,2355000,3280000,8717,8717,0
1663,30029,5,3,40000,-2635000,9350,9355,0
1664,30029,5,4,-2885000,-7945000,8358,8358,0
1665,30029,5,5,2375000,-7945000,8742,8746,0
1666,30030,1,1,0,-10000,10000,10000,0
1667,30030,2,1,0,2000000,10000,10000,0
1668,30030,2,2,110000,-6720000,10000,10000,0
1669,30030,3,1,-65000,3180000,9612,9612,0
1670,30030,3,2,0,-2945000,10000,10000,0
1671,30030,3,3,0,-8030000,9536,9536,0
1672,30030,4,1,-2315000,2250000,9560,9555,0
1673,30030,4,2,3020000,2630000,9561,9561,0
1674,30030,4,3,-2315000,-6750000,9309,9309,0
1675,30030,4,4,3370000,-6325000,9706,9706,0
1676,30030,5,1,-2500000,3480000,8530,8534,0
1677,30030,5,2,3035000,3280000,8717,8717,0
1678,30030,5,3,40000,-2635000,9350,9355,0
1679,30030,5,4,-2365000,-7525000,8358,8358,0
1680,30030,5,5,3355000,-7135000,8742,8746,0
1681,20027,1,1,0,0,10000,10000,0
1682,20027,2,1,0,2300000,10000,10000,0
1683,20027,2,2,0,-5700000,10000,10000,0
1684,20027,3,1,50000,5650000,9442,9442,0
1685,20027,3,2,40000,-940000,10000,10000,0
1686,20027,3,3,95000,-6290000,9349,9349,0
1687,20027,4,1,-5050000,2995000,10000,9995,0
1688,20027,4,2,570000,3480000,10000,10000,0
1689,20027,4,3,-5050000,-5290000,10000,10000,0
1690,20027,4,4,570000,-4850000,10000,10000,0
1691,20027,5,1,-4865000,5060000,8805,8809,0
1692,20027,5,2,1075000,4360000,8160,8160,0
1693,20027,5,3,85000,-255000,9387,9391,0
1694,20027,5,4,-4545000,-5700000,8967,8967,0
1695,20027,5,5,680000,-5700000,8649,8653,0
1696,30031,1,1,0,0,10000,10000,0
1697,30031,2,1,0,2000000,10000,10000,0
1698,30031,2,2,110000,-7560000,10000,10000,0
1699,30031,3,1,-5000,2910000,9442,9442,0
1700,30031,3,2,70000,-3400000,10000,10000,0
1701,30031,3,3,65000,-8935000,9349,9349,0
1702,30031,4,1,-3960000,2165000,10000,9995,0
1703,30031,4,2,1350000,2160000,10000,10000,0
1704,30031,4,3,-3960000,-7330000,10000,10000,0
1705,30031,4,4,1350000,-6825000,10000,10000,0
1706,30031,5,1,-4000000,3090000,8805,8809,0
1707,30031,5,2,1335000,2500000,9538,9538,0
1708,30031,5,3,-5000,-3220000,9694,9699,0
1709,30031,5,4,-3875000,-8600000,8967,8967,0
1710,30031,5,5,1740000,-8525000,9034,9039,0
1711,10058,1,1,0,0,10000,10000,0
1712,10058,2,1,0,2000000,10000,10000,0
1713,10058,2,2,0,-6060000,10000,10000,0
1714,10058,3,1,0,3700000,10000,10000,0
1715,10058,3,2,0,-2420000,10000,10000,0
1716,10058,3,3,40000,-7590000,10000,10000,0
1717,10058,4,1,-2670000,2725000,10000,9995,0
1718,10058,4,2,3020000,3240000,10000,10000,0
1719,10058,4,3,-2670000,-5700000,10000,10000,0
1720,10058,4,4,3020000,-5310000,10000,10000,0
1721,10058,5,1,-2770000,3485000,10000,10005,0
1722,10058,5,2,2780000,3280000,10000,10000,0
1723,10058,5,3,40000,-1925000,10000,10005,0
1724,10058,5,4,-2500000,-7280000,10000,10000,0
1725,10058,5,5,2780000,-6855000,10000,10005,0
1726,10059,1,1,0,0,10000,10000,0
1727,10059,2,1,0,2000000,10000,10000,0
1728,10059,2,2,0,-6060000,10000,10000,0
1729,10059,3,1,0,3700000,10000,10000,0
1730,10059,3,2,0,-2420000,10000,10000,0
1731,10059,3,3,40000,-7590000,10000,10000,0
1732,10059,4,1,-2670000,2725000,10000,9995,0
1733,10059,4,2,3020000,3240000,10000,10000,0
1734,10059,4,3,-2670000,-5700000,10000,10000,0
1735,10059,4,4,3020000,-5310000,10000,10000,0
1736,10059,5,1,-2770000,3485000,10000,10005,0
1737,10059,5,2,2780000,3280000,10000,10000,0
1738,10059,5,3,40000,-1925000,10000,10005,0
1739,10059,5,4,-2500000,-7280000,10000,10000,0
1740,10059,5,5,3000000,-6855000,10000,10005,0
1741,20028,1,1,0,0,10000,10000,0
1742,20028,2,1,0,2940000,10000,10000,0
1743,20028,2,2,0,-5240000,10000,10000,0
1744,20028,3,1,40000,5650000,9344,9344,0
1745,20028,3,2,0,-950000,10000,10000,0
1746,20028,3,3,0,-6040000,9472,9472,0
1747,20028,4,1,-4145000,4665000,8047,8043,0
1748,20028,4,2,1425000,5325000,7680,7680,0
1749,20028,4,3,-4170000,-5070000,8178,8178,0
1750,20028,4,4,1425000,-4290000,8272,8272,0
1751,20028,5,1,-4115000,5815000,7192,7195,0
1752,20028,5,2,1525000,5315000,7478,7478,0
1753,20028,5,3,-5000,-255000,9343,9347,0
1754,20028,5,4,-3765000,-5825000,7627,7627,0
1755,20028,5,5,1525000,-5355000,8059,8062,0
1756,30032,1,1,0,0,10000,10000,0
1757,30032,2,1,0,1640000,10000,10000,0
1758,30032,2,2,0,-7440000,10000,10000,0
1759,30032,3,1,-30000,2370000,9344,9344,0
1760,30032,3,2,-30000,-4010000,10000,10000,0
1761,30032,3,3,75000,-9600000,9472,9472,0
1762,30032,4,1,-4165000,1885000,9574,9570,0
1763,30032,4,2,1030000,1885000,9900,9900,0
1764,30032,4,3,-4165000,-7760000,10137,10137,0
1765,30032,4,4,1140000,-7550000,10336,10336,0
1766,30032,5,1,-4295000,2840000,9037,9041,0
1767,30032,5,2,1525000,2500000,9356,9356,0
1768,30032,5,3,-5000,-3970000,9343,9347,0
1769,30032,5,4,-3485000,-8835000,8788,8788,0
1770,30032,5,5,1690000,-8490000,8860,8864,0
1771,30033,1,1,0,0,10000,10000,0
1772,30033,2,1,0,2000000,10000,10000,0
1773,30033,2,2,0,-6620000,10000,10000,0
1774,30033,3,1,40000,4145000,9344,9344,0
1775,30033,3,2,0,-1930000,10000,10000,0
1776,30033,3,3,40000,-7040000,9472,9472,0
1777,30033,4,1,-2150000,3150000,8834,8830,0
1778,30033,4,2,3425000,3635000,8630,8630,0
1779,30033,4,3,-2200000,-6090000,8776,8776,0
1780,30033,4,4,3655000,-5650000,9399,9399,0
1781,30033,5,1,-2100000,4030000,7932,7936,0
1782,30033,5,2,3610000,3820000,8458,8458,0
1783,30033,5,3,70000,-1650000,9343,9347,0
1784,30033,5,4,-1790000,-7135000,8788,8788,0
1785,30033,5,5,3930000,-6680000,8860,8864,0
1786,10061,1,1,0,0,10000,10000,0
1787,10061,2,1,0,2300000,10000,10000,0
1788,10061,2,2,110000,-6560000,10000,10000,0
1789,10061,3,1,0,3870000,10000,10000,0
1790,10061,3,2,0,-2490000,10000,10000,0
1791,10061,3,3,0,-7440000,10000,10000,0
1792,10061,4,1,-2350000,2835000,10000,9995,0
1793,10061,4,2,3020000,3000000,10000,10000,0
1794,10061,4,3,-2350000,-6450000,10000,10000,0
1795,10061,4,4,3020000,-5700000,10000,10000,0
1796,10061,5,1,-2500000,3555000,10000,10005,0
1797,10061,5,2,2780000,3180000,10000,10000,0
1798,10061,5,3,110000,-1925000,10000,10005,0
1799,10061,5,4,-2500000,-7280000,10000,10000,0
1800,10061,5,5,3110000,-7135000,10000,10005,0
1801,10062,1,1,0,0,10000,10000,0
1802,10062,2,1,0,2000000,10000,10000,0
1803,10062,2,2,110000,-6560000,10000,10000,0
1804,10062,3,1,0,3870000,10000,10000,0
1805,10062,3,2,0,-2490000,10000,10000,0
1806,10062,3,3,0,-7440000,10000,10000,0
1807,10062,4,1,-2770000,2835000,10000,9995,0
1808,10062,4,2,2670000,3000000,10000,10000,0
1809,10062,4,3,-2670000,-6420000,10000,10000,0
1810,10062,4,4,2660000,-5700000,10000,10000,0
1811,10062,5,1,-2770000,3520000,10000,10005,0
1812,10062,5,2,2300000,3480000,10000,10000,0
1813,10062,5,3,110000,-1925000,10000,10005,0
1814,10062,5,4,-3020000,-7280000,10000,10000,0
1815,10062,5,5,2660000,-7285000,10000,10005,0
1816,20029,1,1,0,0,10000,10000,0
1817,20029,2,1,0,2000000,10000,10000,0
1818,20029,2,2,5000,-7730000,10000,10000,0
1819,20029,3,1,0,2190000,10000,10000,0
1820,20029,3,2,0,-3590000,10000,10000,0
1821,20029,3,3,0,-9120000,10000,10000,0
1822,20029,4,1,-2770000,1785000,10000,9995,0
1823,20029,4,2,2670000,1790000,10000,10000,0
1824,20029,4,3,-2670000,-7760000,10000,10000,0
1825,20029,4,4,2670000,-7080000,10000,10000,0
1826,20029,5,1,-2770000,2155000,10000,10005,0
1827,20029,5,2,2660000,2150000,10000,10000,0
1828,20029,5,3,110000,-3545000,10000,10005,0
1829,20029,5,4,-2770000,-8620000,10000,10000,0
1830,20029,5,5,2660000,-8615000,10000,10005,0
1831,30038,1,1,0,0,10000,10000,0
1832,30038,2,1,0,2000000,10000,10000,0
1833,30038,2,2,40000,-7370000,10000,10000,0
1834,30038,3,1,70000,3360000,10000,10000,0
1835,30038,3,2,0,-3080000,10000,10000,0
1836,30038,3,3,0,-8400000,10000,10000,0
1837,30038,4,1,-5050000,1795000,10000,9995,0
1838,30038,4,2,570000,2160000,10000,10000,0
1839,30038,4,3,-4740000,-7080000,10000,10000,0
1840,30038,4,4,570000,-6690000,10000,10000,0
1841,30038,5,1,-4990000,2735000,10000,10005,0
1842,30038,5,2,600000,2500000,10000,10000,0
1843,30038,5,3,-140000,-2545000,10000,10005,0
1844,30038,5,4,-4990000,-8260000,10000,10000,0
1845,30038,5,5,670000,-8035000,10000,10005,0
1846,30058,1,1,0,0,10000,10000,0
1847,30058,2,1,-5000,2000000,10000,10000,0
1848,30058,2,2,-10000,-6690000,10000,10000,0
1849,30058,3,1,1870000,3845000,12057,12057,0
1850,30058,3,2,1655000,-1665000,12152,12152,0
1851,30058,3,3,1555000,-6905000,11666,11666,0
1852,30058,4,1,-5000,2870000,11890,11884,0
1853,30058,4,2,5400000,3310000,12297,12297,0
1854,30058,4,3,0,-6090000,12117,12117,0
1855,30058,4,4,5575000,-5290000,12509,12509,0
1856,30058,5,1,-700000,4380000,10000,10005,0
1857,30058,5,2,4660000,4390000,10000,10000,0
1858,30058,5,3,1420000,-1880000,11762,11767,0
1859,30058,5,4,-310000,-6830000,10419,10419,0
1860,30058,5,5,5210000,-6370000,10685,10689,0
1861,10063,1,1,0,0,10000,10000,0
1862,10063,2,1,0,2300000,10000,10000,0
1863,10063,2,2,0,-6060000,10000,10000,0
1864,10063,3,1,0,3830000,10000,10000,0
1865,10063,3,2,0,-1620000,10000,10000,0
1866,10063,3,3,0,-7260000,10000,10000,0
1867,10063,4,1,-2670000,2420000,10000,9995,0
1868,10063,4,2,2660000,2730000,10000,10000,0
1869,10063,4,3,-2670000,-6090000,10000,10000,0
1870,10063,4,4,2660000,-5310000,10000,10000,0
1871,10063,5,1,-2670000,3625000,10000,10005,0
1872,10063,5,2,2660000,3480000,10000,10000,0
1873,10063,5,3,40000,-1925000,10000,10005,0
1874,10063,5,4,-2670000,-7280000,10000,10000,0
1875,10063,5,5,2690000,-6835000,10000,10005,0
1876,10064,1,1,0,0,10000,10000,0
1877,10064,2,1,0,2300000,10000,10000,0
1878,10064,2,2,0,-6060000,10000,10000,0
1879,10064,3,1,0,3830000,10000,10000,0
1880,10064,3,2,0,-1930000,10000,10000,0
1881,10064,3,3,0,-7850000,10000,10000,0
1882,10064,4,1,-2670000,2420000,10000,9995,0
1883,10064,4,2,2660000,2730000,10000,10000,0
1884,10064,4,3,-2670000,-6090000,10000,10000,0
1885,10064,4,4,2660000,-5310000,10000,10000,0
1886,10064,5,1,-2670000,3625000,10000,10005,0
1887,10064,5,2,2660000,3480000,10000,10000,0
1888,10064,5,3,40000,-1925000,10000,10005,0
1889,10064,5,4,-2670000,-7280000,10000,10000,0
1890,10064,5,5,2690000,-6835000,10000,10005,0
1891,30039,1,1,0,0,10000,10000,0
1892,30039,2,1,0,3740000,10000,10000,0
1893,30039,2,2,0,-5240000,10000,10000,0
1894,30039,3,1,0,5650000,10000,10000,0
1895,30039,3,2,0,-940000,10000,10000,0
1896,30039,3,3,40000,-6290000,10000,10000,0
1897,30039,4,1,-2730000,3825000,8475,8471,0
1898,30039,4,2,2660000,4240000,8690,8690,0
1899,30039,4,3,-2915000,-5055000,8248,8248,0
1900,30039,4,4,2515000,-4660000,8273,8273,0
1901,30039,5,1,-3020000,5280000,8664,8668,0
1902,30039,5,2,2255000,5095000,8498,8498,0
1903,30039,5,3,-140000,-345000,10000,10005,0
1904,30039,5,4,-2910000,-5655000,8527,8527,0
1905,30039,5,5,2690000,-5535000,8441,8444,0
1906,30040,1,1,360000,0,10000,10000,0
1907,30040,2,1,355000,2730000,10000,10000,0
1908,30040,2,2,360000,-6410000,10000,10000,0
1909,30040,3,1,500000,3340000,10000,10000,0
1910,30040,3,2,500000,-2150000,10000,10000,0
1911,30040,3,3,500000,-7420000,10000,10000,0
1912,30040,4,1,-280000,3435000,8821,8817,0
1913,30040,4,2,5300000,4060000,8690,8690,0
1914,30040,4,3,-260000,-5845000,8968,8968,0
1915,30040,4,4,5670000,-5290000,9142,9142,0
1916,30040,5,1,135000,3885000,9619,9623,0
1917,30040,5,2,5970000,3885000,9737,9737,0
1918,30040,5,3,340000,-1925000,10000,10005,0
1919,30040,5,4,510000,-7550000,10085,10085,0
1920,30040,5,5,6785000,-7420000,10129,10134,0
1921,30041,1,1,-330000,20000,10000,10000,0
1922,30041,2,1,-360000,2730000,10000,10000,0
1923,30041,2,2,-360000,-6410000,10000,10000,0
1924,30041,3,1,0,3970000,10000,10000,0
1925,30041,3,2,-200000,-1930000,10000,10000,0
1926,30041,3,3,-290000,-8070000,10000,10000,0
1927,30041,4,1,-4770000,3395000,8821,8817,0
1928,30041,4,2,265000,3395000,9149,9149,0
1929,30041,4,3,-4885000,-5700000,8968,8968,0
1930,30041,4,4,270000,-5290000,9142,9142,0
1931,30041,5,1,-5290000,3885000,9619,9623,0
1932,30041,5,2,130000,3765000,9737,9737,0
1933,30041,5,3,-310000,-2045000,10000,10005,0
1934,30041,5,4,-5290000,-7470000,10085,10085,0
1935,30041,5,5,130000,-7140000,10129,10134,0
1936,10065,1,1,0,0,10000,10000,0
1937,10065,2,1,10000,2300000,10000,10000,0
1938,10065,2,2,0,-6480000,10000,10000,0
1939,10065,3,1,40000,3980000,10000,10000,0
1940,10065,3,2,40000,-2470000,10000,10000,0
1941,10065,3,3,-5000,-7850000,10000,10000,0
1942,10065,4,1,-2770000,2995000,10000,9995,0
1943,10065,4,2,2660000,3000000,10000,10000,0
1944,10065,4,3,-2770000,-6350000,10000,10000,0
1945,10065,4,4,2350000,-5310000,10000,10000,0
1946,10065,5,1,-2770000,3485000,10000,10005,0
1947,10065,5,2,2660000,2970000,10000,10000,0
1948,10065,5,3,-5000,-1925000,10000,10005,0
1949,10065,5,4,-2770000,-7280000,10000,10000,0
1950,10065,5,5,2690000,-6865000,10000,10005,0
1951,10066,1,1,0,0,10000,10000,0
1952,10066,2,1,10000,2300000,10000,10000,0
1953,10066,2,2,0,-6480000,10000,10000,0
1954,10066,3,1,40000,3980000,10000,10000,0
1955,10066,3,2,40000,-2470000,10000,10000,0
1956,10066,3,3,-5000,-7850000,10000,10000,0
1957,10066,4,1,-2450000,2995000,10000,9995,0
1958,10066,4,2,3020000,3260000,10000,10000,0
1959,10066,4,3,-2450000,-6090000,10000,10000,0
1960,10066,4,4,3020000,-5310000,10000,10000,0
1961,10066,5,1,-2290000,3555000,10000,10005,0
1962,10066,5,2,3040000,3480000,10000,10000,0
1963,10066,5,3,-5000,-1925000,10000,10005,0
1964,10066,5,4,-2290000,-7210000,10000,10000,0
1965,10066,5,5,3040000,-6905000,10000,10005,0
1966,20031,1,1,0,0,10000,10000,0
1967,20031,2,1,0,4500000,10000,10000,0
1968,20031,2,2,40000,-3840000,10000,10000,0
1969,20031,3,1,40000,6550000,10000,10000,0
1970,20031,3,2,-10000,940000,10000,10000,0
1971,20031,3,3,-10000,-4430000,10000,10000,0
1972,20031,4,1,-870000,5445000,10000,9995,0
1973,20031,4,2,4700000,5915000,10000,10000,0
1974,20031,4,3,-750000,-3730000,10000,10000,0
1975,20031,4,4,4700000,-2650000,10000,10000,0
1976,20031,5,1,-1010000,6685000,10000,10005,0
1977,20031,5,2,4640000,6380000,10000,10000,0
1978,20031,5,3,-5000,935000,10000,10005,0
1979,20031,5,4,-700000,-4620000,10000,10000,0
1980,20031,5,5,4640000,-4085000,10000,10005,0
1981,30042,1,1,-635000,215000,9932,9932,0
1982,30042,2,1,-670000,3920000,10000,10000,0
1983,30042,2,2,-670000,-4360000,10000,10000,0
1984,30042,3,1,-50000,7360000,9234,9234,0
1985,30042,3,2,-670000,0,10000,10000,0
1986,30042,3,3,-10000,-4675000,9185,9185,0
1987,30042,4,1,-6240000,3835000,9128,9124,68909
1988,30042,4,2,-570000,4355000,9877,9877,0
1989,30042,4,3,-5630000,-5290000,8428,8428,71079
1990,30042,4,4,-1120000,-3440000,10558,10558,0
1991,30042,5,1,-6150000,6280000,8607,8611,65570
1992,30042,5,2,-515000,5765000,9771,9771,0
1993,30042,5,3,-160000,1150000,9329,9334,0
1994,30042,5,4,-5730000,-5510000,8046,8046,107340
1995,30042,5,5,-700000,-4245000,10000,10005,0
1996,30059,1,1,0,325000,9932,9932,0
1997,30059,2,1,-370000,4140000,10000,10000,0
1998,30059,2,2,-370000,-4060000,10000,10000,0
1999,30059,3,1,-390000,5560000,9717,9717,0
2000,30059,3,2,-350000,210000,9825,9825,0
2001,30059,3,3,-40000,-5200000,9185,9185,0
2002,30059,4,1,-5060000,4015000,10007,10003,-220
2003,30059,4,2,470000,4535000,9877,9877,0
2004,30059,4,3,-4835000,-4475000,9241,9241,-359
2005,30059,4,4,265000,-3455000,9939,9939,0
2006,30059,5,1,-5290000,5560000,9578,9582,-194
2007,30059,5,2,415000,5560000,9771,9771,0
2008,30059,5,3,-310000,75000,9692,9697,0
2009,30059,5,4,-5110000,-5345000,9363,9363,255
2010,30059,5,5,420000,-5345000,10000,10005,0
2011,30055,1,1,55000,20000,9500,9500,0
2012,30055,2,1,600000,2300000,10000,10000,0
2013,30055,2,2,600000,-6600000,10000,10000,0
2014,30055,3,1,210000,3480000,10000,10000,0
2015,30055,3,2,360000,-2450000,10000,10000,0
2016,30055,3,3,500000,-8030000,10000,10000,0
2017,30055,4,1,-3960000,2420000,10000,9995,0
2018,30055,4,2,1710000,2830000,10000,10000,0
2019,30055,4,3,-3960000,-6090000,10000,10000,0
2020,30055,4,4,1400000,-5290000,10000,10000,0
2021,30055,5,1,-4000000,3115000,10000,10005,0
2022,30055,5,2,1430000,3110000,10000,10000,0
2023,30055,5,3,-140000,-2525000,10000,10005,0
2024,30055,5,4,-4000000,-7650000,10000,10000,0
2025,30055,5,5,1430000,-7215000,10000,10005,0
2026,30056,1,1,-670000,20000,10000,10000,0
2027,30056,2,1,-670000,1720000,10000,10000,0
2028,30056,2,2,-670000,-6960000,10000,10000,0
2029,30056,3,1,-490000,3320000,10000,10000,0
2030,30056,3,2,-670000,-2900000,10000,10000,0
2031,30056,3,3,-670000,-8550000,10000,10000,0
2032,30056,4,1,-5990000,1855000,10000,9995,0
2033,30056,4,2,-510000,2420000,10000,10000,0
2034,30056,4,3,-5990000,-7040000,10000,10000,0
2035,30056,4,4,-510000,-6090000,10000,10000,0
2036,30056,5,1,-6130000,2735000,10000,10005,0
2037,30056,5,2,-670000,2500000,10000,10000,0
2038,30056,5,3,-670000,-2520000,10000,10005,0
2039,30056,5,4,-6130000,-8030000,10000,10000,0
2040,30056,5,5,-670000,-8025000,10000,10005,0
2041,30057,1,1,20000,0,10000,10000,0
2042,30057,2,1,-5000,1620000,10000,10000,0
2043,30057,2,2,-10000,-7460000,10000,10000,0
2044,30057,3,1,-5000,2210000,10000,10000,0
2045,30057,3,2,-10000,-3590000,10000,10000,0
2046,30057,3,3,110000,-9150000,10000,10000,0
2047,30057,4,1,-870000,1635000,10000,9995,0
2048,30057,4,2,4480000,1840000,10000,10000,0
2049,30057,4,3,-870000,-8030000,10000,10000,0
2050,30057,4,4,4480000,-7230000,10000,10000,0
2051,30057,5,1,-1010000,2155000,10000,10005,0
2052,30057,5,2,4505000,1820000,10000,10000,0
2053,30057,5,3,0,-3785000,10000,10005,0
2054,30057,5,4,-870000,-9250000,10000,10000,0
2055,30057,5,5,4510000,-8945000,10000,10005,0
2056,10069,1,1,0,-1190000,10000,10000,0
2057,10069,2,1,360000,940000,10000,10000,0
2058,10069,2,2,110000,-7770000,10000,10000,0
2059,10069,3,1,-625000,3385000,9920,9920,0
2060,10069,3,2,710000,-3060000,10112,10112,0
2061,10069,3,3,-5000,-7845000,9152,9152,0
2062,10069,4,1,-2685000,1125000,9786,9781,0
2063,10069,4,2,3230000,2130000,9901,9901,0
2064,10069,4,3,-3100000,-7665000,9902,9902,0
2065,10069,4,4,3230000,-6995000,9641,9641,0
2066,10069,5,1,-2680000,3455000,9178,9182,0
2067,10069,5,2,3480000,3385000,10257,10257,0
2068,10069,5,3,-490000,-2235000,10000,10005,0
2069,10069,5,4,-2685000,-7455000,7664,7664,0
2070,10069,5,5,3230000,-7600000,8999,9003,0
2071,20034,1,1,360000,-940000,10000,10000,0
2072,20034,2,1,55000,-15000,11055,11055,0
2073,20034,2,2,175000,-9130000,10912,10912,0
2074,20034,3,1,355000,2050000,9759,9759,0
2075,20034,3,2,620000,-4530000,10000,10000,0
2076,20034,3,3,-20000,-9315000,9197,9197,0
2077,20034,4,1,-2770000,205000,10890,10885,0
2078,20034,4,2,2350000,1160000,10002,10002,0
2079,20034,4,3,-3095000,-8835000,9512,9512,0
2080,20034,4,4,2350000,-8410000,10000,10000,0
2081,20034,5,1,-2770000,1645000,10000,10005,0
2082,20034,5,2,2695000,1645000,9427,9427,0
2083,20034,5,3,75000,-3550000,9050,9054,0
2084,20034,5,4,-2500000,-9210000,8401,8401,0
2085,20034,5,5,2695000,-9215000,9126,9130,0
2086,30048,1,1,-690000,-10000,10000,10000,0
2087,30048,2,1,-690000,3050000,10000,10000,0
2088,30048,2,2,-865000,-6025000,10339,10339,0
2089,30048,3,1,-325000,5275000,9545,9545,0
2090,30048,3,2,-590000,-830000,10000,10000,0
2091,30048,3,3,-150000,-6750000,9333,9333,0
2092,30048,4,1,-5965000,2285000,9879,9875,0
2093,30048,4,2,-590000,2420000,10000,10000,0
2094,30048,4,3,-6060000,-6290000,10000,10000,0
2095,30048,4,4,-690000,-5510000,10000,10000,0
2096,30048,5,1,-5910000,4600000,8749,8753,0
2097,30048,5,2,-180000,4035000,9355,9355,0
2098,30048,5,3,-80000,-560000,9233,9237,0
2099,30048,5,4,-5910000,-6505000,9282,9282,0
2100,30048,5,5,-590000,-6585000,10000,10005,0
2101,30060,1,1,600000,-700000,10000,10000,0
2102,30060,2,1,600000,1980000,10000,10000,0
2103,30060,2,2,600000,-5880000,10000,10000,0
2104,30060,3,1,980000,2910000,11820,11820,0
2105,30060,3,2,2035000,-3205000,11903,11903,0
2106,30060,3,3,1400000,-8110000,11300,11300,0
2107,30060,4,1,0,1470000,11803,11797,0
2108,30060,4,2,4870000,2420000,11735,11735,0
2109,30060,4,3,-505000,-6990000,11990,11990,0
2110,30060,4,4,4330000,-5815000,11827,11827,0
2111,30060,5,1,-1010000,3910000,11345,11350,0
2112,30060,5,2,4865000,2275000,12079,12079,0
2113,30060,5,3,1335000,-2580000,10910,10915,0
2114,30060,5,4,-705000,-8240000,12483,12483,0
2115,30060,5,5,4820000,-8235000,12417,12422,0
2116,10072,1,1,0,-730000,10000,10000,0
2117,10072,2,1,110000,1450000,10000,10000,0
2118,10072,2,2,110000,-7230000,10000,10000,0
2119,10072,3,1,60000,3725000,9456,9456,0
2120,10072,3,2,620000,-2700000,10000,10000,0
2121,10072,3,3,-5000,-7680000,9228,9228,0
2122,10072,4,1,-2050000,550000,10703,10698,0
2123,10072,4,2,3505000,1530000,10343,10343,0
2124,10072,4,3,-2620000,-7290000,10000,10000,0
2125,10072,4,4,3020000,-6390000,10000,10000,0
2126,10072,5,1,-2500000,3555000,9050,9054,0
2127,10072,5,2,3210000,3485000,9342,9342,0
2128,10072,5,3,-310000,-1960000,9458,9463,0
2129,10072,5,4,-3020000,-7380000,8261,8261,0
2130,10072,5,5,3105000,-7405000,8235,8239,0
2131,30044,1,1,-25000,-2725000,11889,11889,0
2132,30044,2,1,-380000,690000,10604,10604,0
2133,30044,2,2,110000,-8470000,10000,10000,0
2134,30044,3,1,-290000,2490000,10000,10000,0
2135,30044,3,2,-180000,-4430000,10000,10000,0
2136,30044,3,3,-180000,-9175000,9616,9616,0
2137,30044,4,1,-3785000,-355000,11384,11379,0
2138,30044,4,2,1530000,460000,10816,10816,0
2139,30044,4,3,-3590000,-9140000,10000,10000,50649
2140,30044,4,4,1530000,-8270000,10000,10000,0
2141,30044,5,1,-4095000,1805000,10453,10458,0
2142,30044,5,2,1900000,1580000,10381,10381,0
2143,30044,5,3,-490000,-3405000,10000,10005,0
2144,30044,5,4,-4090000,-9020000,10000,10000,0
2145,30044,5,5,1910000,-9015000,10000,10005,0
2146,30045,1,1,110000,-580000,10000,10000,0
2147,30045,2,1,360000,1230000,10000,10000,0
2148,30045,2,2,360000,-7770000,10000,10000,0
2149,30045,3,1,-125000,3690000,9425,9425,0
2150,30045,3,2,95000,-2865000,9329,9329,0
2151,30045,3,3,-10000,-8025000,9283,9283,0
2152,30045,4,1,-2645000,1985000,9255,9250,0
2153,30045,4,2,2475000,1760000,9621,9621,0
2154,30045,4,3,-2300000,-7250000,8734,8734,0
2155,30045,4,4,2905000,-6920000,8753,8753,0
2156,30045,5,1,-3020000,3210000,8589,8593,0
2157,30045,5,2,2785000,2500000,9235,9235,0
2158,30045,5,3,-320000,-2145000,9779,9784,0
2159,30045,5,4,-2130000,-7750000,8523,8523,0
2160,30045,5,5,2690000,-7495000,8598,8602,0
2161,30046,1,1,-690000,530000,10000,10000,0
2162,30046,2,1,-870000,7800000,10000,10000,0
2163,30046,2,2,110000,-1160000,10000,10000,0
2164,30046,3,1,-200000,9600000,10000,10000,0
2165,30046,3,2,500000,4350000,10000,10000,0
2166,30046,3,3,-490000,-1260000,10000,10000,0
2167,30046,4,1,-1755000,7240000,10475,10470,0
2168,30046,4,2,3485000,8050000,10578,10578,0
2169,30046,4,3,-1810000,-775000,10406,10406,0
2170,30046,4,4,3330000,-755000,10386,10386,0
2171,30046,5,1,-1825000,9925000,8832,8836,0
2172,30046,5,2,3490000,9340000,10000,10000,0
2173,30046,5,3,-510000,3975000,10000,10005,0
2174,30046,5,4,-1650000,-1350000,10000,10000,0
2175,30046,5,5,3490000,-760000,10386,10391,0
2176,30047,1,1,100000,-1220000,10694,10694,0
2177,30047,2,1,-130000,2620000,10297,10297,0
2178,30047,2,2,-130000,-6160000,10000,10000,0
2179,30047,3,1,-300000,2685000,10638,10638,0
2180,30047,3,2,-460000,-3400000,11374,11374,0
2181,30047,3,3,-370000,-8665000,10551,10551,0
2182,30047,4,1,-2205000,1970000,10007,10002,0
2183,30047,4,2,3020000,3415000,10384,10384,0
2184,30047,4,3,-2485000,-6020000,10353,10353,0
2185,30047,4,4,2020000,-5775000,10434,10434,0
2186,30047,5,1,-2955000,2805000,10752,10757,0
2187,30047,5,2,2710000,3125000,10458,10458,0
2188,30047,5,3,-310000,-2915000,10000,10005,0
2189,30047,5,4,-1975000,-7135000,10399,10399,0
2190,30047,5,5,3060000,-6460000,10348,10353,0
2191,30061,1,1,805000,-975000,10254,10254,0
2192,30061,2,1,1785000,-350000,11468,11468,0
2193,30061,2,2,2255000,-10065000,12050,12050,0
2194,30061,3,1,1240000,280000,10745,10745,0
2195,30061,3,2,1690000,-5515000,11472,11472,0
2196,30061,3,3,1220000,-10285000,10720,10720,0
2197,30061,4,1,1690000,-575000,11858,11852,0
2198,30061,4,2,6980000,345000,11196,11196,0
2199,30061,4,3,1630000,-10550000,11186,11186,0
2200,30061,4,4,6955000,-9605000,11223,11223,0
2201,30061,5,1,1690000,135000,12026,12031,0
2202,30061,5,2,6765000,-255000,11480,11480,0
2203,30061,5,3,1820000,-5400000,11425,11431,0
2204,30061,5,4,1610000,-10820000,11301,11301,0
2205,30061,5,5,7555000,-10680000,11359,11365,0
2206,10070,1,1,-455000,-1805000,10703,10703,0
2207,10070,2,1,0,2000000,10000,10000,0
2208,10070,2,2,-290000,-7295000,9503,9503,0
2209,10070,3,1,-80000,3455000,9393,9393,0
2210,10070,3,2,45000,-2915000,9547,9547,0
2211,10070,3,3,-85000,-7815000,9400,9400,0
2212,10070,4,1,-2490000,890000,10821,10816,0
2213,10070,4,2,3040000,1505000,10321,10321,0
2214,10070,4,3,-1730000,-6975000,10486,10486,0
2215,10070,4,4,2775000,-6800000,10651,10651,0
2216,10070,5,1,-2500000,3485000,9171,9175,0
2217,10070,5,2,3605000,2760000,9853,9853,0
2218,10070,5,3,-360000,-2390000,9576,9581,0
2219,10070,5,4,-1725000,-7675000,9697,9697,0
2220,10070,5,5,2160000,-7675000,10132,10136,0
2221,20035,1,1,360000,-1050000,10000,10000,0
2222,20035,2,1,435000,535000,10542,10542,0
2223,20035,2,2,440000,-8760000,10000,10000,0
2224,20035,3,1,205000,1560000,9748,9748,0
2225,20035,3,2,360000,-4590000,10000,10000,0
2226,20035,3,3,175000,-9600000,9425,9425,0
2227,20035,4,1,-1750000,380000,10730,10725,0
2228,20035,4,2,3850000,110000,10977,10977,0
2229,20035,4,3,-2050000,-9600000,10000,10000,0
2230,20035,4,4,3060000,-8340000,10000,10000,0
2231,20035,5,1,-1320000,1165000,10000,10005,0
2232,20035,5,2,3140000,570000,10560,10560,0
2233,20035,5,3,65000,-4205000,9385,9389,0
2234,20035,5,4,-1320000,-9870000,10000,10000,0
2235,20035,5,5,2710000,-8820000,9133,9137,0
2236,30054,1,1,895000,-2635000,11474,11474,0
2237,30054,2,1,955000,-50000,11089,11089,0
2238,30054,2,2,955000,-9525000,10738,10738,0
2239,30054,3,1,805000,620000,10539,10539,0
2240,30054,3,2,750000,-5130000,10160,10160,0
2241,30054,3,3,640000,-11320000,10000,10000,0
2242,30054,4,1,-1155000,-1055000,12062,12057,0
2243,30054,4,2,4325000,-295000,11355,11351,0
2244,30054,4,3,-1265000,-10690000,10640,10640,0
2245,30054,4,4,4595000,-10105000,11572,11572,0
2246,30054,5,1,-1860000,315000,10790,10795,0
2247,30054,5,2,4465000,360000,10752,10752,0
2248,30054,5,3,400000,-5300000,9639,9643,0
2249,30054,5,4,-1010000,-11510000,10630,10630,0
2250,30054,5,5,4080000,-11415000,10485,10490,0
2251,30062,1,1,310000,-1205000,9755,9755,0
2252,30062,2,1,2905000,-1910000,12855,12855,0
2253,30062,2,2,2590000,-11110000,12464,12464,0
2254,30062,3,1,2260000,-560000,12005,12005,0
2255,30062,3,2,100000,-4580000,9507,9507,0
2256,30062,3,3,110000,-11120000,10337,10337,0
2257,30062,4,1,1670000,-1625000,12575,12570,0
2258,30062,4,2,7625000,-1090000,12265,12265,0
2259,30062,4,3,1030000,-11120000,11515,11515,0
2260,30062,4,4,8785000,-10720000,12504,12504,76290
2261,30062,5,1,1220000,175000,10763,10768,0
2262,30062,5,2,6140000,280000,10706,10706,0
2263,30062,5,3,970000,-5600000,10349,10353,0
2264,30062,5,4,810000,-10895000,10387,10387,0
2265,30062,5,5,6420000,-10725000,10561,10566,-343
2266,10060,1,1,0,20000,9408,9408,0
2267,10060,2,1,-5000,2480000,9427,9427,0
2268,10060,2,2,55000,-6390000,9347,9347,0
2269,10060,3,1,-10000,4205000,9380,9380,0
2270,10060,3,2,0,-2145000,9481,9481,0
2271,10060,3,3,-10000,-7550000,9355,9355,0
2272,10060,4,1,-2670000,2015000,10000,9995,0
2273,10060,4,2,3420000,2350000,10000,10000,0
2274,10060,4,3,-2670000,-6570000,10000,10000,0
2275,10060,4,4,3020000,-6570000,10000,10000,0
2276,10060,5,1,-2500000,3915000,8522,8526,0
2277,10060,5,2,3015000,3555000,8608,8608,0
2278,10060,5,3,60000,-1785000,9789,9794,0
2279,10060,5,4,-2500000,-7135000,8382,8382,0
2280,10060,5,5,3230000,-7090000,8339,8343,0
2281,30034,1,1,815000,-1785000,11010,11010,0
2282,30034,2,1,530000,390000,10834,10834,0
2283,30034,2,2,1060000,-8390000,10482,10482,0
2284,30034,3,1,620000,3150000,10000,10000,0
2285,30034,3,2,525000,-3400000,9819,9819,0
2286,30034,3,3,355000,-8375000,9549,9549,0
2287,30034,4,1,-540000,545000,10616,10611,0
2288,30034,4,2,4650000,1040000,10259,10259,0
2289,30034,4,3,-1280000,-8275000,9489,9489,0
2290,30034,4,4,4545000,-8275000,10388,10388,0
2291,30034,5,1,-1520000,3090000,9130,9135,0
2292,30034,5,2,4630000,3555000,8749,8749,0
2293,30034,5,3,125000,-2580000,9411,9416,0
2294,30034,5,4,-955000,-8180000,9161,9161,0
2295,30034,5,5,4150000,-8380000,9342,9347,0
2296,30036,1,1,0,20000,9408,9408,0
2297,30036,2,1,-5000,2480000,9427,9427,0
2298,30036,2,2,55000,-6390000,9347,9347,0
2299,30036,3,1,-10000,4205000,9380,9380,0
2300,30036,3,2,0,-2145000,9481,9481,0
2301,30036,3,3,-10000,-7550000,9355,9355,0
2302,30036,4,1,-2670000,2015000,10000,9995,0
2303,30036,4,2,3420000,2350000,10000,10000,0
2304,30036,4,3,-2670000,-6570000,10000,10000,0
2305,30036,4,4,3020000,-6570000,10000,10000,0
2306,30036,5,1,-2500000,3915000,8522,8526,0
2307,30036,5,2,3015000,3555000,8608,8608,0
2308,30036,5,3,60000,-1785000,9789,9794,0
2309,30036,5,4,-2500000,-7135000,8382,8382,0
2310,30036,5,5,3230000,-7090000,8339,8343,0
2311,20037,1,1,-850000,-1155000,10346,10346,0
2312,20037,2,1,-1025000,630000,10587,10587,0
2313,20037,2,2,-720000,-8360000,10968,10968,0
2314,20037,3,1,-495000,3325000,9857,9857,0
2315,20037,3,2,-60000,-3205000,9465,9465,0
2316,20037,3,3,-575000,-8250000,9954,9954,0
2317,20037,4,1,-4435000,1205000,11123,11118,0
2318,20037,4,2,810000,2420000,10491,10491,0
2319,20037,4,3,-4430000,-7770000,10000,10000,0
2320,20037,4,4,1030000,-7765000,9502,9502,0
2321,20037,5,1,-4455000,3080000,8852,8856,0
2322,20037,5,2,1205000,2760000,9154,9154,0
2323,20037,5,3,-160000,-2160000,9333,9337,0
2324,20037,5,4,-4455000,-8030000,9607,9607,0
2325,20037,5,5,1210000,-8010000,9650,9655,0
2326,30063,1,1,5000,-1920000,10984,10984,0
2327,30063,2,1,0,1120000,10000,10000,0
2328,30063,2,2,0,-8760000,10000,10000,0
2329,30063,3,1,-105000,1835000,9772,9772,0
2330,30063,3,2,1085000,-5020000,10723,10723,0
2331,30063,3,3,290000,-9920000,10261,10261,0
2332,30063,4,1,-2355000,480000,10602,10597,0
2333,30063,4,2,3430000,1040000,10596,10596,0
2334,30063,4,3,-2445000,-9600000,10492,10492,0
2335,30063,4,4,3560000,-8810000,10436,10436,0
2336,30063,5,1,-1540000,1395000,9861,9865,0
2337,30063,5,2,3610000,1160000,10000,10000,0
2338,30063,5,3,-125000,-3900000,9289,9293,0
2339,30063,5,4,-2080000,-9690000,10000,10000,0
2340,30063,5,5,2780000,-9215000,10000,10005,0
2341,30064,1,1,15000,1285000,10462,10462,0
2342,30064,2,1,5000,5525000,10745,10745,0
2343,30064,2,2,0,-2810000,9313,9313,0
2344,30064,3,1,-10000,8230000,9496,9496,0
2345,30064,3,2,0,2240000,10000,10000,0
2346,30064,3,3,45000,-3070000,9286,9286,0
2347,30064,4,1,-2395000,5915000,10937,10932,0
2348,30064,4,2,2730000,6900000,10807,10807,0
2349,30064,4,3,-2400000,-1550000,10000,10000,0
2350,30064,4,4,2350000,-1445000,10330,10330,0
2351,30064,5,1,-2400000,8210000,10406,10411,0
2352,30064,5,2,2690000,7620000,10000,10000,0
2353,30064,5,3,-10000,2765000,9625,9630,0
2354,30064,5,4,-2505000,-2680000,10279,10279,0
2355,30064,5,5,2690000,-2680000,10078,10083,0
2356,30065,1,1,-1165000,-1685000,10666,10666,0
2357,30065,2,1,-445000,155000,11019,11019,0
2358,30065,2,2,-440000,-8460000,10000,10000,0
2359,30065,3,1,-1150000,3050000,10000,10000,-112299
2360,30065,3,2,-620000,-4270000,10000,10000,-37848
2361,30065,3,3,-95000,-9110000,9510,9510,0
2362,30065,4,1,-4720000,765000,10401,10396,0
2363,30065,4,2,470000,1405000,10385,10385,-41245
2364,30065,4,3,-5705000,-8055000,10230,10230,-86319
2365,30065,4,4,-120000,-7105000,10000,10000,-113553
2366,30065,5,1,-4240000,2155000,10000,10005,0
2367,30065,5,2,675000,2380000,10116,10116,-31971
2368,30065,5,3,-830000,-3470000,10163,10168,0
2369,30065,5,4,-4905000,-8805000,9191,9191,-66378
2370,30065,5,5,500000,-8950000,9734,9738,-81265
2371,30066,1,1,-580000,-665000,9866,9866,0
2372,30066,2,1,-675000,1610000,10056,10056,0
2373,30066,2,2,-725000,-7730000,10180,10177,0
2374,30066,3,1,-230000,3880000,9454,9454,0
2375,30066,3,2,-275000,-2780000,9619,9619,0
2376,30066,3,3,-150000,-8025000,9393,9391,0
2377,30066,4,1,-4165000,2345000,9527,9523,46043
2378,30066,4,2,1390000,2000000,9623,9623,33967
2379,30066,4,3,-4305000,-7740000,10721,10721,63443
2380,30066,4,4,1060000,-7765000,10935,10935,46942
2381,30066,5,1,-4390000,4010000,7979,7983,0
2382,30066,5,2,1150000,2960000,9386,9386,0
2383,30066,5,3,0,-2045000,9218,9222,0
2384,30066,5,4,-4800000,-7800000,10000,10000,0
2385,30066,5,5,1150000,-7850000,9831,9836,0
2386,10067,1,1,20000,-1525000,10544,10544,0
2387,10067,2,1,0,1975000,9205,9205,0
2388,10067,2,2,5000,-7890000,9473,9470,0
2389,10067,3,1,0,3690000,9387,9387,0
2390,10067,3,2,0,-2570000,9229,9229,0
2391,10067,3,3,0,-7940000,9191,9191,0
2392,10067,4,1,-3005000,905000,10288,10284,0
2393,10067,4,2,2565000,2155000,9487,9487,0
2394,10067,4,3,-3395000,-7760000,9263,9263,0
2395,10067,4,4,2780000,-7170000,9219,9219,0
2396,10067,5,1,-3455000,3410000,9560,9564,0
2397,10067,5,2,2375000,3420000,8829,8829,0
2398,10067,5,3,0,-2110000,9141,9145,0
2399,10067,5,4,-2665000,-7700000,8913,8913,0
2400,10067,5,5,3075000,-7695000,9139,9140,0
2401,10071,1,1,-15000,-520000,9607,9607,0
2402,10071,2,1,0,1160000,10000,10000,0
2403,10071,2,2,0,-7620000,10000,10000,0
2404,10071,3,1,-40000,3830000,9514,9514,0
2405,10071,3,2,25000,-2665000,9411,9411,0
2406,10071,3,3,-5000,-7730000,9411,9414,0
2407,10071,4,1,-2640000,1105000,10214,10209,0
2408,10071,4,2,2685000,1445000,10265,10265,0
2409,10071,4,3,-3105000,-7090000,8956,8956,0
2410,10071,4,4,3020000,-7090000,9431,9431,0
2411,10071,5,1,-3130000,3935000,8390,8394,0
2412,10071,5,2,3235000,3285000,8784,8784,0
2413,10071,5,3,35000,-2035000,9171,9175,0
2414,10071,5,4,-3020000,-7420000,8726,8726,0
2415,10071,5,5,2690000,-7425000,8722,8726,0
2416,20038,1,1,20000,-940000,10000,10000,0
2417,20038,2,1,940000,-670000,11662,11662,0
2418,20038,2,2,940000,-9600000,11055,11055,0
2419,20038,3,1,1150000,1385000,10656,10656,0
2420,20038,3,2,1315000,-4920000,10863,10863,0
2421,20038,3,3,825000,-10080000,10401,10401,0
2422,20038,4,1,-225000,-585000,11618,11612,0
2423,20038,4,2,4735000,620000,10538,10538,0
2424,20038,4,3,-870000,-9610000,10000,10000,0
2425,20038,4,4,5085000,-8765000,10404,10404,0
2426,20038,5,1,-420000,1020000,10134,10138,0
2427,20038,5,2,4985000,1595000,9607,9607,0
2428,20038,5,3,705000,-4420000,10127,10132,0
2429,20038,5,4,-310000,-10105000,10323,10323,0
2430,20038,5,5,4900000,-10105000,10109,10114,0
2431,30043,1,1,-915000,-1250000,10377,10377,0
2432,30043,2,1,-845000,850000,10290,10290,0
2433,30043,2,2,-955000,-9220000,10427,10427,0
2434,30043,3,1,-855000,1470000,10289,10289,0
2435,30043,3,2,-1030000,-4895000,10507,10507,0
2436,30043,3,3,-875000,-10420000,10316,10316,0
2437,30043,4,1,-4860000,435000,10669,10664,0
2438,30043,4,2,1300000,890000,10840,10840,0
2439,30043,4,3,-4550000,-9855000,10211,10211,0
2440,30043,4,4,1325000,-9210000,10811,10811,0
2441,30043,5,1,-4460000,1165000,10000,10005,0
2442,30043,5,2,630000,1100000,10336,10336,0
2443,30043,5,3,-895000,-4395000,10240,10245,0
2444,30043,5,4,-4460000,-10150000,10000,10000,0
2445,30043,5,5,965000,-10150000,10115,10120,0
2446,10073,1,1,0,-340000,10000,10000,0
2447,10073,2,1,110000,1530000,10000,10000,0
2448,10073,2,2,0,-7500000,10000,10000,0
2449,10073,3,1,0,3535000,9391,9391,0
2450,10073,3,2,130000,-2870000,9304,9304,0
2451,10073,3,3,110000,-8030000,9378,9378,0
2452,10073,4,1,-2615000,1385000,9806,9801,0
2453,10073,4,2,2535000,1595000,10165,10165,0
2454,10073,4,3,-2650000,-7850000,10149,10149,0
2455,10073,4,4,3020000,-7230000,9572,9572,0
2456,10073,5,1,-3020000,3205000,10000,10005,0
2457,10073,5,2,2260000,2515000,10125,10125,0
2458,10073,5,3,0,-2180000,9353,9358,0
2459,10073,5,4,-3020000,-7745000,8816,8816,0
2460,10073,5,5,2970000,-7560000,8638,8642,0
2461,30068,1,1,-270000,-1435000,10601,10599,0
2462,30068,2,1,5000,700000,10613,10613,0
2463,30068,2,2,0,-7725000,9791,9791,0
2464,30068,3,1,-35000,3570000,9164,9164,0
2465,30068,3,2,-25000,-2620000,9275,9275,0
2466,30068,3,3,-25000,-7675000,9308,9308,0
2467,30068,4,1,-2770000,2165000,10000,9995,0
2468,30068,4,2,3390000,2470000,9293,9293,0
2469,30068,4,3,-2685000,-7315000,9575,9575,0
2470,30068,4,4,3020000,-6540000,8854,8854,0
2471,30068,5,1,-2870000,4240000,8758,8762,0
2472,30068,5,2,3210000,2565000,8934,8934,0
2473,30068,5,3,-120000,-2150000,9315,9320,0
2474,30068,5,4,-3020000,-7560000,8579,8579,0
2475,30068,5,5,3535000,-7565000,8913,8917,0
2476,30069,1,1,-1365000,-1820000,11022,11022,0
2477,30069,2,1,-990000,755000,10620,10620,0
2478,30069,2,2,-1025000,-8695000,10659,10659,0
2479,30069,3,1,-1815000,1550000,11639,11639,0
2480,30069,3,2,-1335000,-3010000,10908,10908,0
2481,30069,3,3,-1120000,-10055000,10783,10783,0
2482,30069,4,1,-6955000,1270000,10000,9995,82241
2483,30069,4,2,-1010000,1865000,10657,10657,0
2484,30069,4,3,-6335000,-9600000,10000,10000,112005
2485,30069,4,4,-1295000,-9080000,11010,11010,0
2486,30069,5,1,-6580000,2375000,10000,10005,83679
2487,30069,5,2,-655000,1175000,10919,10919,49140
2488,30069,5,3,-1625000,-4705000,12265,12271,62965
2489,30069,5,4,-6630000,-10430000,10690,10690,100976
2490,30069,5,5,-1535000,-9250000,11035,11040,0
2491,30070,1,1,-300000,-940000,11747,11747,0
2492,30070,2,1,-240000,2700000,10000,10000,0
2493,30070,2,2,360000,-6770000,10000,10000,0
2494,30070,3,1,155000,5025000,9447,9447,0
2495,30070,3,2,-665000,-1375000,10081,10081,0
2496,30070,3,3,-665000,-6700000,10083,10083,0
2497,30070,4,1,-4195000,2235000,11062,11057,0
2498,30070,4,2,1225000,2235000,10553,10553,0
2499,30070,4,3,-3660000,-6330000,10000,10000,0
2500,30070,4,4,1055000,-6330000,9709,9709,0
2501,30070,5,1,-4910000,4490000,10125,10130,0
2502,30070,5,2,820000,3740000,10828,10828,0
2503,30070,5,3,-760000,-885000,10335,10339,0
2504,30070,5,4,-4460000,-6780000,10000,10000,0
2505,30070,5,5,840000,-6775000,8945,8949,0
2506,20039,1,1,970000,-1430000,10457,10457,0
2507,20039,2,1,980000,710000,10624,10623,0
2508,20039,2,2,970000,-9105000,10459,10459,0
2509,20039,3,1,0,1995000,9568,9568,0
2510,20039,3,2,360000,-4530000,10000,10000,0
2511,20039,3,3,-80000,-9605000,9456,9456,0
2512,20039,4,1,-2050000,0,11169,11164,0
2513,20039,4,2,3690000,1345000,10272,10272,0
2514,20039,4,3,-2050000,-9420000,10000,10000,0
2515,20039,4,4,3775000,-8505000,10376,10376,0
2516,20039,5,1,-2500000,1445000,10000,10005,0
2517,20039,5,2,3610000,1450000,10000,10000,0
2518,20039,5,3,-135000,-3645000,9139,9140,0
2519,20039,5,4,-2500000,-9600000,10000,10000,0
2520,20039,5,5,3300000,-9595000,10000,10005,0
2521,30071,1,1,0,-240000,9247,9247,0
2522,30071,2,1,-680000,10420000,11292,11292,0
2523,30071,2,2,-680000,450000,12479,12479,0
2524,30071,3,1,-545000,11260000,10761,10761,0
2525,30071,3,2,5000,5100000,11394,11394,0
2526,30071,3,3,-545000,-560000,10881,10881,0
2527,30071,4,1,-3770000,9710000,11353,11348,0
2528,30071,4,2,3295000,10650000,11283,11283,-68937
2529,30071,4,3,-3775000,0,11840,11840,0
2530,30071,4,4,3020000,130000,11459,11459,-52732
2531,30071,5,1,-4000000,11015000,10000,10005,0
2532,30071,5,2,3080000,10420000,10000,10000,-101371
2533,30071,5,3,-700000,4560000,10488,10493,0
2534,30071,5,4,-2215000,-1940000,10000,10000,-102297
2535,30071,5,5,3275000,-1385000,10000,10005,-89430
2536,30072,1,1,0,-845000,10033,10033,0
2537,30072,2,1,210000,1995000,9875,9875,0
2538,30072,2,2,285000,-6650000,9611,9611,0
2539,30072,3,1,130000,4035000,9308,9308,0
2540,30072,3,2,220000,-2145000,9480,9480,0
2541,30072,3,3,45000,-7515000,9178,9178,0
2542,30072,4,1,-1280000,1955000,9448,9444,0
2543,30072,4,2,3870000,2680000,9182,9182,0
2544,30072,4,3,-1765000,-7200000,9312,9312,0
2545,30072,4,4,3870000,-6640000,9368,9368,0
2546,30072,5,1,-1695000,4385000,8247,8251,0
2547,30072,5,2,4290000,3955000,9061,9061,0
2548,30072,5,3,0,-1750000,9261,9266,0
2549,30072,5,4,-1695000,-7270000,8789,8789,0
2550,30072,5,5,3610000,-7280000,9331,9335,0
2551,30073,1,1,1060000,-1385000,10572,10572,0
2552,30073,2,1,1360000,825000,10942,10942,0
2553,30073,2,2,1145000,-7495000,10676,10676,0
2554,30073,3,1,270000,3645000,9540,9540,0
2555,30073,3,2,1025000,-2550000,10390,10390,0
2556,30073,3,3,525000,-7605000,9772,9772,0
2557,30073,4,1,-1275000,1680000,9721,9717,0
2558,30073,4,2,4550000,2350000,10000,10000,0
2559,30073,4,3,-905000,-6855000,10376,10376,0
2560,30073,4,4,4930000,-6755000,10469,10469,0
2561,30073,5,1,-785000,3555000,9559,9563,0
2562,30073,5,2,4760000,2920000,10000,10000,0
2563,30073,5,3,585000,-1955000,9981,9986,0
2564,30073,5,4,-1290000,-7415000,8934,8934,0
2565,30073,5,5,4255000,-7325000,9015,9019,0
2566,30074,1,1,225000,-565000,9884,9884,0
2567,30074,2,1,0,2000000,10000,10000,0
2568,30074,2,2,40000,-7950000,9653,9653,0
2569,30074,3,1,890000,2910000,10335,10335,0
2570,30074,3,2,900000,-3040000,10322,10322,0
2571,30074,3,3,240000,-8210000,9415,9415,0
2572,30074,4,1,-1115000,1945000,10203,10198,0
2573,30074,4,2,4115000,2350000,9647,9647,0
2574,30074,4,3,-1280000,-6900000,10000,10000,0
2575,30074,4,4,4970000,-6900000,10000,10000,0
2576,30074,5,1,-1185000,2865000,10203,10208,0
2577,30074,5,2,5355000,2800000,10268,10268,0
2578,30074,5,3,1310000,-3015000,10880,10885,0
2579,30074,5,4,-1010000,-8255000,9793,9793,0
2580,30074,5,5,5140000,-8385000,10000,10005,0
2581,10068,1,1,240000,-505000,9493,9493,0
2582,10068,2,1,220000,2300000,9532,9532,0
2583,10068,2,2,-160000,-7410000,10000,10000,0
2584,10068,3,1,-60000,3720000,9304,9304,0
2585,10068,3,2,195000,-3010000,9361,9361,0
2586,10068,3,3,-60000,-8030000,9192,9192,0
2587,10068,4,1,-2870000,2610000,9296,9292,0
2588,10068,4,2,3020000,1870000,10270,10270,0
2589,10068,4,3,-3105000,-6965000,9270,9270,0
2590,10068,4,4,3150000,-6310000,10434,10434,0
2591,10068,5,1,-2725000,3490000,9174,9178,0
2592,10068,5,2,2920000,2910000,10186,10186,0
2593,10068,5,3,40000,-2090000,9304,9308,0
2594,10068,5,4,-3520000,-7650000,9321,9321,0
2595,10068,5,5,3515000,-7365000,8716,8720,0
2596,20032,1,1,720000,-940000,10000,10000,0
2597,20032,2,1,1110000,1650000,10632,10632,0
2598,20032,2,2,1110000,-8340000,10632,10632,0
2599,20032,3,1,640000,2690000,10000,10000,0
2600,20032,3,2,640000,-2420000,10000,10000,0
2601,20032,3,3,495000,-8510000,9733,9733,0
2602,20032,4,1,265000,765000,10605,10600,0
2603,20032,4,2,6440000,2830000,10000,10000,0
2604,20032,4,3,-220000,-7760000,10000,10000,0
2605,20032,4,4,5420000,-6780000,10558,10558,0
2606,20032,5,1,-140000,2705000,10000,10005,0
2607,20032,5,2,6160000,3165000,9576,9576,0
2608,20032,5,3,1155000,-2975000,10688,10693,0
2609,20032,5,4,-420000,-8500000,10000,10000,0
2610,20032,5,5,6160000,-8170000,9913,9918,0
2611,30075,1,1,-345000,-340000,9572,9572,0
2612,30075,2,1,-85000,2550000,9409,9409,0
2613,30075,2,2,-85000,-5750000,9411,9411,0
2614,30075,3,1,-195000,4350000,9411,9411,0
2615,30075,3,2,-195000,-1630000,9412,9412,0
2616,30075,3,3,-195000,-7440000,9411,9411,0
2617,30075,4,1,-6565000,2635000,9794,9790,0
2618,30075,4,2,-940000,3000000,10335,10335,0
2619,30075,4,3,-6400000,-6490000,10000,10000,0
2620,30075,4,4,-670000,-5625000,10124,10124,0
2621,30075,5,1,-6690000,3835000,10000,10005,0
2622,30075,5,2,-1010000,3160000,10384,10384,0
2623,30075,5,3,-350000,-1465000,9566,9571,0
2624,30075,5,4,-6180000,-7600000,10000,10000,0
2625,30075,5,5,-875000,-7525000,10551,10556,0
2626,30076,1,1,0,0,9303,9303,0
2627,30076,2,1,0,4715000,9317,9317,0
2628,30076,2,2,60000,-3210000,9331,9331,0
2629,30076,3,1,25000,5800000,9239,9239,0
2630,30076,3,2,5000,-340000,9387,9387,0
2631,30076,3,3,25000,-6000000,9274,9274,0
2632,30076,4,1,-2430000,4800000,6890,6887,0
2633,30076,4,2,2935000,5025000,7096,7096,0
2634,30076,4,3,-2430000,-4555000,6871,6871,0
2635,30076,4,4,3020000,-4310000,7100,7100,0
2636,30076,5,1,-2675000,6400000,5944,5947,0
2637,30076,5,2,2940000,5745000,5972,5972,0
2638,30076,5,3,-5000,-170000,9252,9256,0
2639,30076,5,4,-2285000,-5010000,6423,6423,0
2640,30076,5,5,2940000,-5010000,6419,6422,0
2641,10075,1,1,0,-375000,9651,9651,0
2642,10075,2,1,110000,1295000,10125,10125,0
2643,10075,2,2,110000,-7110000,10000,10000,0
2644,10075,3,1,-60000,3720000,9303,9303,0
2645,10075,3,2,290000,-2640000,9566,9566,0
2646,10075,3,3,160000,-7555000,9317,9317,0
2647,10075,4,1,-2610000,1425000,10000,9995,0
2648,10075,4,2,3600000,1875000,9579,9579,0
2649,10075,4,3,-2615000,-7100000,8334,8334,0
2650,10075,4,4,3260000,-6860000,9154,9154,0
2651,10075,5,1,-2760000,4330000,9018,9022,0
2652,10075,5,2,3375000,3620000,9139,9139,0
2653,10075,5,3,185000,-2045000,9487,9491,0
2654,10075,5,4,-2500000,-7535000,8694,8694,0
2655,10075,5,5,3605000,-7590000,8853,8857,0
2656,30077,1,1,20000,-940000,10000,10000,0
2657,30077,2,1,0,1560000,9591,9591,0
2658,30077,2,2,5000,-8235000,10000,10000,15778
2659,30077,3,1,5000,2685000,9747,9747,7558
2660,30077,3,2,210000,-3590000,10000,10000,0
2661,30077,3,3,-105000,-8735000,9607,9607,0
2662,30077,4,1,-3360000,1825000,10000,9995,0
2663,30077,4,2,2350000,1830000,10000,10000,0
2664,30077,4,3,-3360000,-8410000,10000,10000,0
2665,30077,4,4,2350000,-8340000,10000,10000,0
2666,30077,5,1,-2730000,2680000,10283,10288,0
2667,30077,5,2,1900000,3200000,8909,8909,0
2668,30077,5,3,-140000,-3035000,9524,9528,0
2669,30077,5,4,-3575000,-8865000,8899,8899,0
2670,30077,5,5,3140000,-8600000,9145,9149,0
2671,30078,1,1,290000,-940000,10335,10335,0
2672,30078,2,1,110000,1160000,10000,10000,0
2673,30078,2,2,360000,-8040000,10000,10000,0
2674,30078,3,1,90000,2690000,9638,9638,0
2675,30078,3,2,640000,-3400000,10000,10000,0
2676,30078,3,3,-40000,-8560000,9331,9331,0
2677,30078,4,1,-2050000,1615000,10000,9995,0
2678,30078,4,2,3630000,1620000,10000,10000,0
2679,30078,4,3,-1780000,-7760000,9294,9294,0
2680,30078,4,4,3270000,-6770000,8476,8476,0
2681,30078,5,1,-1755000,2950000,9260,9264,0
2682,30078,5,2,3385000,3070000,9152,9152,0
2683,30078,5,3,-310000,-2905000,9682,9686,0
2684,30078,5,4,-2505000,-7920000,7950,7950,0
2685,30078,5,5,3345000,-8015000,8420,8424,0
2686,30079,1,1,-690000,-940000,10000,10000,0
2687,30079,2,1,-310000,820000,10520,10520,0
2688,30079,2,2,-535000,-8460000,10242,10242,0
2689,30079,3,1,355000,2690000,9805,9805,0
2690,30079,3,2,365000,-3900000,9684,9684,0
2691,30079,3,3,-520000,-8805000,9568,9568,0
2692,30079,4,1,-2050000,905000,10174,10169,0
2693,30079,4,2,3750000,1860000,9628,9628,0
2694,30079,4,3,-2770000,-7500000,10000,10000,0
2695,30079,4,4,3450000,-6990000,10000,10000,0
2696,30079,5,1,-2500000,2800000,10355,10359,0
2697,30079,5,2,3800000,2440000,10332,10332,0
2698,30079,5,3,-650000,-3195000,10632,10637,0
2699,30079,5,4,-1775000,-8690000,9461,9461,0
2700,30079,5,5,4070000,-8685000,10000,10005,0
2701,20022,1,1,600000,0,10000,10000,0
2702,20022,2,1,600000,2300000,10000,10000,0
2703,20022,2,2,600000,-6630000,10000,10000,0
2704,20022,3,1,210000,4900000,9378,9378,0
2705,20022,3,2,665000,-1160000,10056,10056,0
2706,20022,3,3,255000,-6540000,9436,9436,0
2707,20022,4,1,-1280000,2590000,10228,10223,0
2708,20022,4,2,3910000,3670000,9219,9219,0
2709,20022,4,3,-1630000,-6095000,9568,9568,0
2710,20022,4,4,3910000,-5610000,10000,10000,0
2711,20022,5,1,-1900000,5150000,8798,8802,0
2712,20022,5,2,3755000,5150000,9610,9610,0
2713,20022,5,3,135000,-935000,9424,9428,0
2714,20022,5,4,-2100000,-7135000,8550,8550,0
2715,20022,5,5,3610000,-6465000,8327,8331,0
2716,30082,1,1,0,-45000,9289,9289,0
2717,30082,2,1,730000,2300000,10037,10037,0
2718,30082,2,2,585000,-5690000,9861,9861,0
2719,30082,3,1,520000,5500000,9750,9750,0
2720,30082,3,2,795000,-885000,10163,10163,0
2721,30082,3,3,65000,-6040000,9312,9312,0
2722,30082,4,1,-1985000,2690000,9025,9020,0
2723,30082,4,2,3350000,3980000,7993,7993,0
2724,30082,4,3,-2055000,-6090000,7019,7019,0
2725,30082,4,4,3780000,-5910000,7991,7991,0
2726,30082,5,1,-1675000,4920000,7727,7730,0
2727,30082,5,2,3605000,4965000,7395,7395,0
2728,30082,5,3,150000,-340000,9440,9444,0
2729,30082,5,4,-2145000,-6035000,8304,8304,0
2730,30082,5,5,3605000,-5700000,7953,7957,0
2731,30083,1,1,-295000,-5000,9512,9512,0
2732,30083,2,1,-350000,1750000,9693,9693,0
2733,30083,2,2,-600000,-8100000,10000,10000,0
2734,30083,3,1,-360000,3685000,9615,9615,0
2735,30083,3,2,-85000,-3180000,9275,9275,0
2736,30083,3,3,-20000,-7740000,9145,9145,0
2737,30083,4,1,-5320000,2165000,9110,9106,0
2738,30083,4,2,85000,2345000,9327,9327,0
2739,30083,4,3,-5490000,-7145000,9317,9317,0
2740,30083,4,4,70000,-7210000,9378,9378,0
2741,30083,5,1,-5355000,3480000,8732,8736,0
2742,30083,5,2,-115000,3200000,9276,9276,0
2743,30083,5,3,-135000,-2080000,9301,9305,0
2744,30083,5,4,-5290000,-7735000,8705,8705,0
2745,30083,5,5,290000,-7735000,8772,8776,0
2746,30084,1,1,-3070000,-4095000,13008,13006,0
2747,30084,2,1,-2785000,-875000,12670,12670,0
2748,30084,2,2,-2395000,-9860000,12184,12184,0
2749,30084,3,1,-3095000,-700000,13474,13474,0
2750,30084,3,2,-2565000,-7005000,12571,12571,0
2751,30084,3,3,-2250000,-12020000,12179,12179,0
2752,30084,4,1,-7190000,380000,10980,10974,0
2753,30084,4,2,-970000,1005000,10571,10571,0
2754,30084,4,3,-7200000,-10335000,11113,11113,0
2755,30084,4,4,-1010000,-9010000,10622,10622,0
2756,30084,5,1,-7200000,720000,10535,10539,0
2757,30084,5,2,-700000,795000,10610,10610,0
2758,30084,5,3,-2180000,-5810000,11834,11839,0
2759,30084,5,4,-6180000,-11205000,10246,10246,0
2760,30084,5,5,-700000,-10045000,10000,10005,0
2761,20030,1,1,-180000,-240000,9777,9777,0
2762,20030,2,1,-465000,1710000,9796,9796,0
2763,20030,2,2,-190000,-4995000,9456,9456,0
2764,20030,3,1,-460000,4995000,9717,9717,0
2765,20030,3,2,0,-1360000,9145,9145,0
2766,20030,3,3,0,-6395000,9121,9121,0
2767,20030,4,1,-2770000,1535000,10000,9995,0
2768,20030,4,2,3020000,3270000,9208,9208,0
2769,20030,4,3,-3100000,-6090000,10000,10000,0
2770,20030,4,4,2375000,-6090000,9498,9498,0
2771,20030,5,1,-3145000,4725000,8365,8369,0
2772,20030,5,2,3145000,3950000,8856,8856,0
2773,20030,5,3,-350000,-700000,9566,9571,0
2774,20030,5,4,-3015000,-6390000,7392,7388,0
2775,20030,5,5,3145000,-6385000,8556,8564,0
2776,30085,1,1,985000,-1145000,10477,10477,0
2777,30085,2,1,1290000,1160000,10855,10855,0
2778,30085,2,2,1290000,-7380000,10855,10855,0
2779,30085,3,1,620000,2205000,10237,10237,0
2780,30085,3,2,1055000,-3590000,10539,10539,0
2781,30085,3,3,480000,-8805000,9800,9800,0
2782,30085,4,1,-1210000,1070000,10432,10428,0
2783,30085,4,2,4110000,1530000,10000,10000,0
2784,30085,4,3,-1560000,-8080000,10000,10000,0
2785,30085,4,4,3840000,-7200000,9182,9182,0
2786,30085,5,1,-1410000,2155000,10000,10005,0
2787,30085,5,2,4070000,2380000,9480,9480,0
2788,30085,5,3,360000,-3225000,10000,10005,0
2789,30085,5,4,-1010000,-9045000,9380,9382,0
2790,30085,5,5,4025000,-8985000,9424,9428,0
2791,10076,1,1,360000,-340000,10000,10000,0
2792,10076,2,1,360000,2000000,10000,10000,0
2793,10076,2,2,360000,-6480000,10000,10000,0
2794,10076,3,1,210000,4355000,9596,9596,0
2795,10076,3,2,60000,-2150000,9303,9303,0
2796,10076,3,3,105000,-7425000,9401,9401,0
2797,10076,4,1,-2835000,1470000,10330,10325,0
2798,10076,4,2,3275000,2160000,9684,9684,0
2799,10076,4,3,-2055000,-6090000,10428,10428,0
2800,10076,4,4,3025000,-6090000,9610,9610,0
2801,10076,5,1,-2035000,3730000,10096,10101,0
2802,10076,5,2,3145000,4065000,9427,9427,0
2803,10076,5,3,0,-1460000,9345,9349,0
2804,10076,5,4,-1685000,-7135000,8443,8443,0
2805,10076,5,5,3180000,-6820000,8898,8902,0
2806,10077,1,1,0,-940000,10000,10000,0
2807,10077,2,1,0,2300000,10000,10000,0
2808,10077,2,2,0,-7080000,10000,10000,0
2809,10077,3,1,0,3390000,9554,9554,0
2810,10077,3,2,0,-2370000,9303,9303,0
2811,10077,3,3,40000,-8210000,9593,9593,0
2812,10077,4,1,-2635000,1025000,10241,10236,0
2813,10077,4,2,3020000,1455000,9717,9717,0
2814,10077,4,3,-3100000,-7260000,10000,10000,0
2815,10077,4,4,2785000,-6870000,9411,9411,0
2816,10077,5,1,-3290000,3980000,8548,8552,0
2817,10077,5,2,2690000,2855000,9353,9353,0
2818,10077,5,3,-385000,-2355000,9610,9614,0
2819,10077,5,4,-2095000,-7860000,9164,9164,0
2820,10077,5,5,2690000,-7450000,8848,8852,0
2821,20040,1,1,-240000,-360000,9665,9665,0
2822,20040,2,1,600000,1680000,10000,10000,0
2823,20040,2,2,600000,-5930000,10000,10000,0
2824,20040,3,1,215000,3895000,9464,9464,0
2825,20040,3,2,710000,-2550000,10000,10000,0
2826,20040,3,3,355000,-7690000,9647,9647,0
2827,20040,4,1,-3105000,2345000,9415,9411,0
2828,20040,4,2,2350000,2160000,10000,10000,0
2829,20040,4,3,-2350000,-6750000,9033,9033,0
2830,20040,4,4,2355000,-5880000,9052,9052,0
2831,20040,5,1,-3360000,3625000,10000,10005,0
2832,20040,5,2,2690000,2960000,10000,10000,0
2833,20040,5,3,335000,-1860000,9673,9677,0
2834,20040,5,4,-2500000,-7170000,8625,8625,0
2835,20040,5,5,2695000,-6745000,9015,9019,0
2836,20041,1,1,1305000,-1690000,10874,10874,0
2837,20041,2,1,1170000,820000,10706,10706,0
2838,20041,2,2,1170000,-7380000,10706,10706,0
2839,20041,3,1,755000,3300000,10428,10428,0
2840,20041,3,2,1175000,-2630000,10576,10576,0
2841,20041,3,3,1070000,-7920000,10706,10706,0
2842,20041,4,1,-40000,1805000,10000,9995,0
2843,20041,4,2,4500000,1800000,10337,10337,0
2844,20041,4,3,-510000,-6780000,10000,10000,0
2845,20041,4,4,5160000,-6780000,9517,9517,0
2846,20041,5,1,-1010000,3475000,10000,10005,0
2847,20041,5,2,4285000,3060000,9476,9476,0
2848,20041,5,3,1290000,-2405000,10818,10823,0
2849,20041,5,4,225000,-7695000,9204,9204,0
2850,20041,5,5,4685000,-7695000,8978,8982,0
2851,20042,1,1,110000,-1830000,10000,10000,0
2852,20042,2,1,0,1470000,10000,10000,0
2853,20042,2,2,110000,-7470000,10000,10000,0
2854,20042,3,1,-145000,2610000,9498,9498,0
2855,20042,3,2,360000,-4140000,9916,9916,0
2856,20042,3,3,75000,-8890000,9300,9300,0
2857,20042,4,1,-3510000,280000,10823,10818,0
2858,20042,4,2,2315000,780000,10686,10686,0
2859,20042,4,3,-3105000,-8105000,9576,9576,0
2860,20042,4,4,1160000,-7760000,9257,9257,0
2861,20042,5,1,-3020000,2155000,10000,10005,0
2862,20042,5,2,2040000,1850000,10000,10000,0
2863,20042,5,3,-960000,-3605000,10632,10637,0
2864,20042,5,4,-3510000,-8910000,9393,9393,0
2865,20042,5,5,1695000,-8910000,9312,9317,0
2866,20043,1,1,555000,-990000,10056,10056,0
2867,20043,2,1,1385000,725000,10638,10637,0
2868,20043,2,2,870000,-7170000,10335,10335,0
2869,20043,3,1,180000,3525000,9455,9456,0
2870,20043,3,2,620000,-2910000,10000,10000,0
2871,20043,3,3,145000,-8100000,9387,9387,0
2872,20043,4,1,-1840000,1975000,9331,9327,0
2873,20043,4,2,3370000,1965000,9335,9335,0
2874,20043,4,3,-1840000,-7350000,8625,8625,0
2875,20043,4,4,3370000,-7350000,9331,9331,0
2876,20043,5,1,-1970000,3220000,9010,9014,0
2877,20043,5,2,3555000,2305000,9362,9362,0
2878,20043,5,3,-75000,-2255000,9265,9270,0
2879,20043,5,4,-1715000,-8000000,8410,8410,0
2880,20043,5,5,3655000,-7855000,8270,8274,0
2881,30081,1,1,75000,-225000,9419,9419,0
2882,30081,2,1,300000,-1825000,12738,12738,0
2883,30081,2,2,-300000,-9210000,11822,11822,0
2884,30081,3,1,-290000,2220000,10000,10000,0
2885,30081,3,2,55000,-4420000,10427,10427,0
2886,30081,3,3,-285000,-9310000,9696,9696,0
2887,30081,4,1,-3780000,380000,10841,10836,0
2888,30081,4,2,3020000,905000,10349,10349,0
2889,30081,4,3,-3100000,-8910000,10000,10000,0
2890,30081,4,4,2350000,-7500000,10000,10000,0
2891,30081,5,1,-3735000,2025000,9870,9874,0
2892,30081,5,2,2690000,1530000,10335,10335,0
2893,30081,5,3,-430000,-3545000,10000,10005,0
2894,30081,5,4,-3300000,-9240000,10000,10000,0
2895,30081,5,5,2430000,-9125000,10000,10005,0
2896,30086,1,1,300000,-940000,10372,10372,0
2897,30086,2,1,930000,385000,11231,11231,0
2898,30086,2,2,600000,-8460000,10000,10000,0
2899,30086,3,1,360000,2190000,10000,10000,0
2900,30086,3,2,685000,-4720000,10229,10229,0
2901,30086,3,3,110000,-9600000,10251,10251,0
2902,30086,4,1,-4180000,105000,10976,10971,0
2903,30086,4,2,920000,640000,10558,10558,0
2904,30086,4,3,-3960000,-8640000,10000,10000,0
2905,30086,4,4,1200000,-8410000,10211,10211,0
2906,30086,5,1,-3550000,1785000,9442,9447,0
2907,30086,5,2,720000,1050000,10152,10152,0
2908,30086,5,3,-295000,-3630000,9809,9813,0
2909,30086,5,4,-3715000,-9440000,9647,9647,0
2910,30086,5,5,1690000,-9440000,9195,9199,0
2911,30087,1,1,-845000,-1025000,10636,10636,0
2912,30087,2,1,-795000,2000000,10242,10242,0
2913,30087,2,2,-795000,-5870000,10242,10242,0
2914,30087,3,1,-505000,5010000,9981,9981,0
2915,30087,3,2,-685000,-2150000,10242,10242,0
2916,30087,3,3,-700000,-6890000,10223,10223,0
2917,30087,4,1,-4160000,1965000,9489,9484,0
2918,30087,4,2,1030000,3020000,9199,9199,0
2919,30087,4,3,-4445000,-6445000,9411,9411,0
2920,30087,4,4,1030000,-6305000,9540,9540,0
2921,30087,5,1,-4980000,4380000,9505,9509,0
2922,30087,5,2,835000,3555000,9462,9462,0
2923,30087,5,3,-1285000,-885000,10976,10981,0
2924,30087,5,4,-4440000,-6730000,9554,9554,0
2925,30087,5,5,1560000,-6870000,8251,8255,0
2926,30088,1,1,-255000,-835000,9763,9763,0
2927,30088,2,1,-280000,6130000,9777,9777,0
2928,30088,2,2,-285000,-2330000,9610,9610,0
2929,30088,3,1,-375000,7360000,9387,9387,0
2930,30088,3,2,-3775000,940000,14071,14071,0
2931,30088,3,3,-425000,-4680000,9919,9919,0
2932,30088,4,1,-7230000,5915000,11031,11026,0
2933,30088,4,2,-1095000,7060000,10725,10725,0
2934,30088,4,3,-8025000,-3700000,12323,12323,0
2935,30088,4,4,-1695000,-3520000,11468,11468,0
2936,30088,5,1,-6920000,7215000,10000,10005,0
2937,30088,5,2,-1315000,6900000,11059,11059,0
2938,30088,5,3,-420000,1165000,9653,9658,0
2939,30088,5,4,-6670000,-4615000,10868,10868,0
2940,30088,5,5,-1180000,-4865000,10632,10637,0
2941,20044,1,1,-240000,-320000,9701,9701,0
2942,20044,2,1,-675000,1340000,10167,10167,0
2943,20044,2,2,-335000,-6915000,9744,9744,0
2944,20044,3,1,-145000,4695000,9511,9512,0
2945,20044,3,2,-270000,-1880000,9665,9665,0
2946,20044,3,3,-420000,-7010000,9851,9851,0
2947,20044,4,1,-4095000,1855000,9535,9531,0
2948,20044,4,2,1670000,2610000,9155,9155,0
2949,20044,4,3,-3510000,-5760000,8810,8810,0
2950,20044,4,4,1900000,-5760000,8659,8659,0
2951,20044,5,1,-3995000,4725000,8653,8657,0
2952,20044,5,2,1690000,3580000,8682,8682,0
2953,20044,5,3,-310000,-1070000,9678,9684,0
2954,20044,5,4,-3330000,-6705000,7832,7832,0
2955,20044,5,5,1610000,-6705000,8783,8787,0
2956,30089,1,1,0,15000,9317,9317,0
2957,30089,2,1,0,1160000,10000,10000,0
2958,30089,2,2,0,-8100000,9668,9665,0
2959,30089,3,1,0,1590000,10000,10000,0
2960,30089,3,2,0,-4500000,9861,9861,0
2961,30089,3,3,0,-9600000,9641,9638,0
2962,30089,4,1,-2560000,1275000,10000,9995,0
2963,30089,4,2,2965000,1590000,9684,9684,0
2964,30089,4,3,-3100000,-7430000,9331,9331,0
2965,30089,4,4,3025000,-7430000,9610,9610,0
2966,30089,5,1,-2665000,1395000,10129,10134,0
2967,30089,5,2,2695000,2070000,9164,9164,0
2968,30089,5,3,0,-4005000,9415,9419,0
2969,30089,5,4,-2500000,-9600000,10000,10000,0
2970,30089,5,5,2690000,-9225000,10000,10005,0
2971,30090,1,1,600000,-940000,10000,10000,0
2972,30090,2,1,600000,1650000,10000,10000,0
2973,30090,2,2,720000,-5240000,10000,10000,0
2974,30090,3,1,750000,4355000,10163,10163,0
2975,30090,3,2,1685000,-1650000,11468,11468,0
2976,30090,3,3,1685000,-6690000,11468,11468,0
2977,30090,4,1,270000,2835000,10000,9995,0
2978,30090,4,2,5620000,3630000,10000,10000,0
2979,30090,4,3,410000,-5640000,10508,10508,0
2980,30090,4,4,5795000,-5310000,9349,9349,0
2981,30090,5,1,500000,4820000,10613,10618,0
2982,30090,5,2,6485000,4820000,10083,10083,0
2983,30090,5,3,1355000,-1165000,11059,11065,0
2984,30090,5,4,360000,-6630000,10223,10223,0
2985,30090,5,5,5935000,-6610000,10452,10457,0
2986,30091,1,1,925000,-1375000,10403,10404,0
2987,30091,2,1,1470000,-370000,11078,11078,0
2988,30091,2,2,1290000,-8700000,10855,10855,0
2989,30091,3,1,1340000,2690000,11041,11041,0
2990,30091,3,2,1340000,-3400000,11041,11041,0
2991,30091,3,3,1340000,-8970000,11041,11041,0
2992,30091,4,1,-1175000,765000,10581,10576,0
2993,30091,4,2,4110000,1210000,10041,10046,0
2994,30091,4,3,-1535000,-8030000,8990,8990,0
2995,30091,4,4,4110000,-8100000,9777,9777,0
2996,30091,5,1,-795000,2565000,9013,9018,0
2997,30091,5,2,3895000,1910000,9784,9784,0
2998,30091,5,3,110000,-3045000,10000,10005,0
2999,30091,5,4,-610000,-8615000,9244,9244,0
3000,30091,5,5,3935000,-8335000,8978,8982,0
3001,30092,1,1,360000,210000,9805,9805,0
3002,30092,2,1,935000,825000,10415,10415,0
3003,30092,2,2,485000,-7380000,9859,9859,0
3004,30092,3,1,110000,3210000,9665,9665,0
3005,30092,3,2,360000,-3400000,10000,10000,0
3006,30092,3,3,110000,-8490000,10139,10139,0
3007,30092,4,1,-1465000,330000,10910,10905,0
3008,30092,4,2,3310000,2100000,9257,9257,0
3009,30092,4,3,-1890000,-8035000,9455,9456,0
3010,30092,4,4,3880000,-7450000,10000,10000,0
3011,30092,5,1,-1935000,2775000,9648,9652,0
3012,30092,5,2,3610000,2160000,10000,10000,-30992
3013,30092,5,3,-140000,-2525000,10000,10005,0
3014,30092,5,4,-2220000,-8380000,10000,10000,0
3015,30092,5,5,3775000,-8265000,10204,10209,0
3016,20045,1,1,600000,-940000,10000,10000,0
3017,20045,2,1,870000,1590000,10335,10335,0
3018,20045,2,2,870000,-7950000,10335,10335,0
3019,20045,3,1,950000,1685000,10384,10384,0
3020,20045,3,2,940000,-4690000,10471,10474,0
3021,20045,3,3,1115000,-9990000,10752,10752,0
3022,20045,4,1,-2050000,835000,10363,10359,0
3023,20045,4,2,3735000,905000,10290,10290,0
3024,20045,4,3,-1540000,-8330000,10000,10000,0
3025,20045,4,4,3940000,-8370000,10037,10037,0
3026,20045,5,1,-1980000,2025000,9590,9594,0
3027,20045,5,2,4070000,1170000,10000,10000,0
3028,20045,5,3,375000,-3915000,9721,9726,0
3029,20045,5,4,-1260000,-9190000,9517,9517,0
3030,20045,5,5,3835000,-9040000,9484,9489,0
3031,20046,1,1,-360000,-940000,10000,10000,0
3032,20046,2,1,-930000,820000,10446,10446,0
3033,20046,2,2,-660000,-7140000,10260,10260,0
3034,20046,3,1,-490000,3960000,10000,10000,0
3035,20046,3,2,-300000,-2145000,9763,9763,0
3036,20046,3,3,-430000,-7345000,9923,9923,0
3037,20046,4,1,-3105000,2215000,9275,9271,0
3038,20046,4,2,2350000,2690000,8894,8894,0
3039,20046,4,3,-3105000,-7320000,9610,9610,0
3040,20046,4,4,2015000,-6880000,9052,9052,0
3041,20046,5,1,-3445000,3975000,8738,8742,0
3042,20046,5,2,2585000,3480000,8717,8717,0
3043,20046,5,3,-420000,-1760000,10163,10167,0
3044,20046,5,4,-3015000,-7135000,8395,8395,0
3045,20046,5,5,1885000,-7135000,7853,7856,0
3046,30093,1,1,-450000,-940000,10000,10000,0
3047,30093,2,1,-750000,820000,10446,10446,0
3048,30093,2,2,0,-6990000,10000,10000,0
3049,30093,3,1,-490000,2690000,10000,10000,0
3050,30093,3,2,-490000,-4320000,10000,10000,0
3051,30093,3,3,-200000,-9090000,10000,10000,0
3052,30093,4,1,-4345000,1705000,10000,9995,89516
3053,30093,4,2,550000,1375000,10397,10397,0
3054,30093,4,3,-4620000,-8340000,9469,9469,0
3055,30093,4,4,950000,-8340000,10000,10000,0
3056,30093,5,1,-4740000,2185000,9683,9688,0
3057,30093,5,2,1720000,2185000,9811,9811,105655
3058,30093,5,3,-1375000,-3795000,10836,10841,0
3059,30093,5,4,-3385000,-8875000,9226,9226,0
3060,30093,5,5,830000,-9180000,9603,9608,0
3061,30094,1,1,-1235000,-1670000,10678,10678,0
3062,30094,2,1,-1925000,825000,11715,11715,0
3063,30094,2,2,-1760000,-6865000,11512,11510,0
3064,30094,3,1,-2480000,3465000,12467,12467,0
3065,30094,3,2,-2915000,-3890000,13002,13002,0
3066,30094,3,3,-1735000,-8370000,11543,11543,0
3067,30094,4,1,-7015000,545000,10762,10757,0
3068,30094,4,2,-1235000,2075000,10703,10703,0
3069,30094,4,3,-7500000,-7400000,11747,11747,0
3070,30094,4,4,-1600000,-7400000,11425,11425,0
3071,30094,5,1,-7235000,3375000,10392,10397,0
3072,30094,5,2,-1135000,2375000,10636,10636,0
3073,30094,5,3,-2410000,-2625000,12119,12124,0
3074,30094,5,4,-6380000,-8260000,10000,10000,0
3075,30094,5,5,-1105000,-8345000,10502,10507,0
3076,30095,1,1,600000,-940000,10000,10000,0
3077,30095,2,1,820000,1160000,10087,10087,0
3078,30095,2,2,745000,-7235000,10181,10181,0
3079,30095,3,1,750000,4005000,10161,10163,0
3080,30095,3,2,710000,-2400000,10000,10000,0
3081,30095,3,3,500000,-7490000,10000,10000,0
3082,30095,4,1,-870000,2165000,10000,9995,0
3083,30095,4,2,3910000,2420000,10000,10000,0
3084,30095,4,3,-1280000,-6780000,10000,10000,0
3085,30095,4,4,4440000,-6500000,10000,10000,0
3086,30095,5,1,-1405000,3555000,9696,9700,0
3087,30095,5,2,4070000,2920000,10000,10000,0
3088,30095,5,3,500000,-2045000,10000,10005,0
3089,30095,5,4,-1050000,-7570000,9250,9250,0
3090,30095,5,5,3910000,-6980000,9548,9552,0
3091,30096,1,1,-690000,-630000,10000,10000,0
3092,30096,2,1,-735000,2300000,10242,10242,0
3093,30096,2,2,-885000,-6230000,10428,10428,0
3094,30096,3,1,-790000,4050000,10372,10372,0
3095,30096,3,2,0,-2610000,10000,10000,0
3096,30096,3,3,-610000,-7310000,10149,10149,0
3097,30096,4,1,-4140000,2345000,9442,9438,0
3098,30096,4,2,1375000,2820000,9312,9312,0
3099,30096,4,3,-4030000,-6280000,8736,8736,0
3100,30096,4,4,1535000,-6280000,8457,8457,0
3101,30096,5,1,-4000000,4110000,8910,8914,0
3102,30096,5,2,1690000,4110000,9489,9489,0
3103,30096,5,3,-1010000,-1465000,10000,10005,0
3104,30096,5,4,-3335000,-7140000,8606,8606,0
3105,30096,5,5,1690000,-7135000,9046,9050,0
3106,10078,1,1,-420000,-630000,10000,10000,0
3107,10078,2,1,-270000,1650000,10000,10000,0
3108,10078,2,2,-270000,-5910000,10000,10000,0
3109,10078,3,1,-490000,4050000,10000,10000,0
3110,10078,3,2,-290000,-2490000,10000,10000,0
3111,10078,3,3,-290000,-7120000,10000,10000,0
3112,10078,4,1,-4160000,1705000,10000,9995,0
3113,10078,4,2,2030000,1710000,10000,10000,0
3114,10078,4,3,-3960000,-7050000,10000,10000,0
3115,10078,4,4,1670000,-6720000,10000,10000,0
3116,10078,5,1,-4000000,3985000,10000,10005,0
3117,10078,5,2,1690000,2880000,10000,10000,0
3118,10078,5,3,-425000,-1715000,10204,10209,0
3119,10078,5,4,-3630000,-7140000,10000,10000,0
3120,10078,5,5,1690000,-7285000,10000,10005,0
3121,20047,1,1,110000,-1190000,10000,10000,0
3122,20047,2,1,1070000,495000,10858,10858,0
3123,20047,2,2,1125000,-8250000,10651,10651,0
3124,20047,3,1,1050000,775000,10682,10683,0
3125,20047,3,2,1110000,-5285000,10607,10609,0
3126,20047,3,3,1110000,-10760000,10607,10607,0
3127,20047,4,1,-1280000,290000,11148,11143,0
3128,20047,4,2,4115000,645000,10824,10822,0
3129,20047,4,3,-1280000,-9240000,11375,11375,0
3130,20047,4,4,4510000,-7760000,10000,10000,0
3131,20047,5,1,-710000,315000,11165,11166,0
3132,20047,5,2,4155000,160000,11022,11022,0
3133,20047,5,3,1235000,-5205000,10911,10915,0
3134,20047,5,4,-1285000,-10720000,11134,11134,0
3135,20047,5,5,4770000,-9715000,10000,10005,0
3136,30097,1,1,1680000,20000,11190,11190,0
3137,30097,2,1,1785000,2730000,11468,11468,0
3138,30097,2,2,1470000,-5000000,11078,11078,0
3139,30097,3,1,1175000,5800000,10688,10688,0
3140,30097,3,2,1480000,460000,11041,11041,0
3141,30097,3,3,1340000,-5110000,11214,11214,0
3142,30097,4,1,265000,2885000,10279,10274,0
3143,30097,4,2,5825000,4200000,9759,9759,0
3144,30097,4,3,870000,-5310000,10000,10000,0
3145,30097,4,4,6020000,-5290000,10000,10000,0
3146,30097,5,1,-195000,5725000,9164,9168,0
3147,30097,5,2,5595000,5140000,9710,9710,0
3148,30097,5,3,1545000,325000,11171,11176,0
3149,30097,5,4,500000,-5310000,10000,10000,0
3150,30097,5,5,5830000,-4595000,10000,10005,0
3151,30098,1,1,155000,-190000,9302,9302,0
3152,30098,2,1,1010000,825000,10506,10506,0
3153,30098,2,2,600000,-7860000,10000,10000,0
3154,30098,3,1,1685000,1120000,11468,11468,0
3155,30098,3,2,2345000,-5480000,12286,12286,0
3156,30098,3,3,1935000,-10365000,11778,11778,0
3157,30098,4,1,265000,300000,10832,10827,0
3158,30098,4,2,5785000,1375000,10292,10292,0
3159,30098,4,3,0,-9500000,11078,11078,0
3160,30098,4,4,5745000,-8600000,10243,10243,0
3161,30098,5,1,285000,1590000,10096,10101,0
3162,30098,5,2,5570000,1550000,10567,10567,0
3163,30098,5,3,2040000,-4925000,11784,11789,0
3164,30098,5,4,400000,-9935000,10620,10618,0
3165,30098,5,5,5570000,-9935000,10000,10005,0
3166,30099,1,1,255000,-395000,9577,9577,0
3167,30099,2,1,685000,555000,10849,10850,0
3168,30099,2,2,360000,-7490000,10000,10000,0
3169,30099,3,1,375000,2250000,10328,10328,0
3170,30099,3,2,850000,-4190000,10794,10794,0
3171,30099,3,3,640000,-8860000,10000,10000,0
3172,30099,4,1,-1980000,735000,10557,10552,0
3173,30099,4,2,3335000,805000,10329,10329,0
3174,30099,4,3,-2050000,-8270000,9071,9071,0
3175,30099,4,4,3335000,-8660000,9713,9713,0
3176,30099,5,1,-2570000,2625000,9951,9956,0
3177,30099,5,2,2665000,2070000,9510,9510,0
3178,30099,5,3,820000,-3475000,10270,10275,0
3179,30099,5,4,-2240000,-8690000,10000,10000,0
3180,30099,5,5,3290000,-8695000,9628,9633,0
3181,30100,1,1,20000,-940000,10000,10000,0
3182,30100,2,1,0,2295000,9735,9735,0
3183,30100,2,2,-510000,-5240000,10000,10000,0
3184,30100,3,1,-150000,5650000,9582,9582,0
3185,30100,3,2,0,-995000,9318,9317,0
3186,30100,3,3,35000,-5880000,9510,9510,0
3187,30100,4,1,-3100000,2865000,8910,8905,0
3188,30100,4,2,2350000,3695000,8786,8786,0
3189,30100,4,3,-2765000,-6000000,7825,7825,0
3190,30100,4,4,2350000,-5760000,8362,8362,0
3191,30100,5,1,-2500000,5035000,8439,8443,0
3192,30100,5,2,2630000,4680000,8216,8216,0
3193,30100,5,3,5000,-5000,9582,9586,0
3194,30100,5,4,-2465000,-5705000,8395,8395,0
3195,30100,5,5,2690000,-5690000,8587,8591,0
3196,20048,1,1,-95000,-615000,10257,10257,0
3197,20048,2,1,0,1425000,10248,10248,0
3198,20048,2,2,-240000,-6810000,10297,10297,0
3199,20048,3,1,-295000,4005000,9845,9847,0
3200,20048,3,2,180000,-2490000,9777,9777,0
3201,20048,3,3,-490000,-7520000,10000,10000,0
3202,20048,4,1,-3320000,1910000,10237,10232,0
3203,20048,4,2,2010000,1860000,10000,10000,0
3204,20048,4,3,-3320000,-6090000,10000,10000,0
3205,20048,4,4,2010000,-5790000,10000,10000,0
3206,20048,5,1,-3390000,3985000,10000,10005,0
3207,20048,5,2,2065000,3485000,9535,9540,0
3208,20048,5,3,0,-1755000,9529,9531,0
3209,20048,5,4,-3020000,-7140000,10000,10000,0
3210,20048,5,5,1690000,-7215000,10000,10005,0
3211,30053,1,1,920000,-1085000,10691,10691,0
3212,30053,2,1,875000,825000,10665,10665,0
3213,30053,2,2,870000,-6780000,10000,10000,0
3214,30053,3,1,745000,2280000,10477,10477,0
3215,30053,3,2,815000,-3590000,10390,10390,0
3216,30053,3,3,875000,-8550000,10316,10316,0
3217,30053,4,1,-2050000,1615000,10000,9995,0
3218,30053,4,2,3660000,1160000,10000,10000,0
3219,30053,4,3,-2050000,-8100000,10000,10000,0
3220,30053,4,4,3660000,-7760000,10000,10000,0
3221,30053,5,1,-1920000,2495000,10000,10005,0
3222,30053,5,2,4070000,2160000,10000,10000,0
3223,30053,5,3,1170000,-3305000,10706,10711,0
3224,30053,5,4,-1650000,-8500000,10000,10000,0
3225,30053,5,5,3610000,-8265000,10000,10005,0
3226,30102,1,1,1460000,-1900000,11066,11069,0
3227,30102,2,1,1065000,2090000,10576,10576,0
3228,30102,2,2,1170000,-5900000,10781,10781,0
3229,30102,3,1,710000,4750000,10595,10595,0
3230,30102,3,2,1220000,-1620000,10632,10632,0
3231,30102,3,3,950000,-6730000,10297,10297,0
3232,30102,4,1,-1590000,2695000,9119,9114,0
3233,30102,4,2,3455000,3435000,9436,9438,0
3234,30102,4,3,-1885000,-5470000,9164,9164,0
3235,30102,4,4,3555000,-5310000,9312,9312,0
3236,30102,5,1,-1750000,4500000,8266,8271,0
3237,30102,5,2,3610000,3875000,9532,9532,0
3238,30102,5,3,1050000,-910000,10560,10565,0
3239,30102,5,4,-2150000,-6390000,8764,8764,0
3240,30102,5,5,3610000,-6385000,10000,10005,0
3241,30103,1,1,355000,-1500000,10746,10746,0
3242,30103,2,1,110000,3020000,9331,9331,0
3243,30103,2,2,110000,-8310000,9864,9861,0
3244,30103,3,1,110000,2910000,10000,10000,0
3245,30103,3,2,360000,-3240000,10474,10474,0
3246,30103,3,3,210000,-8290000,10000,10000,0
3247,30103,4,1,-2010000,1165000,10373,10368,0
3248,30103,4,2,3200000,1565000,10375,10375,0
3249,30103,4,3,-2585000,-6725000,9659,9659,0
3250,30103,4,4,2780000,-6360000,10000,10000,0
3251,30103,5,1,-2960000,2985000,9766,9770,0
3252,30103,5,2,2495000,2540000,9645,9645,0
3253,30103,5,3,450000,-2705000,10112,10116,0
3254,30103,5,4,-2230000,-8220000,10000,10000,0
3255,30103,5,5,3245000,-8225000,10576,10581,0
3256,30104,1,1,-975000,-1510000,10688,10688,0
3257,30104,2,1,-990000,720000,10633,10633,0
3258,30104,2,2,-1065000,-8030000,10539,10539,0
3259,30104,3,1,-850000,3630000,10446,10446,0
3260,30104,3,2,-695000,-3400000,10948,10948,0
3261,30104,3,3,-945000,-8035000,10328,10330,0
3262,30104,4,1,-5290000,1015000,10485,10480,0
3263,30104,4,2,630000,1850000,9703,9703,0
3264,30104,4,3,-4720000,-7300000,9294,9294,0
3265,30104,4,4,635000,-7160000,9164,9164,0
3266,30104,5,1,-5215000,3260000,9793,9797,0
3267,30104,5,2,600000,2500000,10000,10000,0
3268,30104,5,3,-225000,-1895000,10017,10020,0
3269,30104,5,4,-4650000,-7830000,10000,10000,0
3270,30104,5,5,875000,-7955000,9659,9664,0
3271,20049,1,1,1520000,-2150000,11662,11662,0
3272,20049,2,1,1455000,-95000,11381,11381,0
3273,20049,2,2,1555000,-8875000,11706,11706,0
3274,20049,3,1,1335000,2610000,11057,11057,0
3275,20049,3,2,1435000,-3680000,11555,11555,0
3276,20049,3,3,1250000,-8680000,10792,10792,0
3277,20049,4,1,-730000,-815000,12276,12270,0
3278,20049,4,2,5100000,240000,12166,12166,0
3279,20049,4,3,-1135000,-8460000,11406,11403,0
3280,20049,4,4,5030000,-8230000,11773,11773,0
3281,20049,5,1,-1200000,2415000,10582,10587,0
3282,20049,5,2,4895000,1640000,10836,10836,0
3283,20049,5,3,1085000,-3055000,10922,10927,0
3284,20049,5,4,-1115000,-8525000,10127,10127,0
3285,20049,5,5,4845000,-8555000,10038,10043,0
3286,30106,1,1,1585000,-4735000,13573,13573,0
3287,30106,2,1,-85000,-445000,11577,11577,0
3288,30106,2,2,55000,-9825000,11073,11073,0
3289,30106,3,1,-160000,215000,10979,10979,0
3290,30106,3,2,-160000,-4335000,9679,9679,0
3291,30106,3,3,-770000,-11240000,10384,10384,0
3292,30106,4,1,-1190000,-1960000,12952,12946,0
3293,30106,4,2,4825000,-1970000,13020,13020,0
3294,30106,4,3,-1505000,-12430000,13337,13337,0
3295,30106,4,4,4660000,-12100000,13627,13627,0
3296,30106,5,1,-1440000,-490000,11623,11629,0
3297,30106,5,2,4630000,-1150000,12342,12342,0
3298,30106,5,3,680000,-5810000,10756,10762,0
3299,30106,5,4,-1220000,-11395000,10433,10433,0
3300,30106,5,5,4950000,-10995000,10444,10449,0
3301,10081,1,1,55000,-1025000,10636,10636,0
3302,10081,2,1,-30000,1860000,10000,10000,0
3303,10081,2,2,-30000,-7320000,10000,10000,0
3304,10081,3,1,-10000,3900000,9333,9333,0
3305,10081,3,2,5000,-2460000,9237,9237,0
3306,10081,3,3,-70000,-7780000,9255,9255,0
3307,10081,4,1,-2845000,1510000,9922,9917,0
3308,10081,4,2,3260000,1640000,10000,10000,0
3309,10081,4,3,-2945000,-7425000,10301,10301,0
3310,10081,4,4,3020000,-7285000,10756,10756,0
3311,10081,5,1,-3095000,3840000,9487,9492,0
3312,10081,5,2,3055000,2865000,9819,9819,0
3313,10081,5,3,0,-1770000,9393,9398,0
3314,10081,5,4,-3020000,-7285000,8657,8657,0
3315,10081,5,5,3090000,-7335000,8812,8816,0
3316,20033,1,1,920000,-1290000,10593,10593,0
3317,20033,2,1,805000,0,11287,11287,0
3318,20033,2,2,805000,-9125000,10999,10999,0
3319,20033,3,1,480000,1980000,10000,10000,0
3320,20033,3,2,845000,-4350000,10502,10502,0
3321,20033,3,3,590000,-9440000,10065,10065,0
3322,20033,4,1,-1800000,-255000,11662,11657,0
3323,20033,4,2,3820000,145000,11539,11539,0
3324,20033,4,3,-1815000,-9390000,11059,11059,0
3325,20033,4,4,3865000,-8925000,10654,10654,0
3326,20033,5,1,-1895000,2585000,9291,9295,0
3327,20033,5,2,3850000,2290000,9246,9246,0
3328,20033,5,3,220000,-3585000,9527,9532,0
3329,20033,5,4,-2185000,-8715000,8155,8155,0
3330,20033,5,5,3940000,-8800000,8296,8300,0
3331,30067,1,1,20000,-815000,13470,13471,0
3332,30067,2,1,40000,60000,17506,17506,0
3333,30067,2,2,40000,-8025000,18333,18333,0
3334,30067,3,1,115000,3490000,16451,16451,0
3335,30067,3,2,120000,-2725000,16810,16810,0
3336,30067,3,3,0,-8255000,17672,17672,0
3337,30067,4,1,-2575000,1795000,13572,13566,0
3338,30067,4,2,3265000,2315000,13678,13678,0
3339,30067,4,3,-2680000,-6375000,13185,13185,0
3340,30067,4,4,3295000,-6090000,13004,13004,0
3341,30067,5,1,-2935000,3400000,13771,13777,0
3342,30067,5,2,3065000,2740000,14332,14332,0
3343,30067,5,3,115000,-2160000,16649,16656,0
3344,30067,5,4,-2500000,-7500000,12043,12043,0
3345,30067,5,5,3300000,-7530000,12308,12314,0
3346,30105,1,1,630000,-2290000,11932,11932,0
3347,30105,2,1,970000,825000,12438,12438,0
3348,30105,2,2,970000,-7790000,12639,12639,0
3349,30105,3,1,435000,3865000,9770,9770,0
3350,30105,3,2,625000,-2490000,9980,9980,0
3351,30105,3,3,340000,-7620000,9853,9853,0
3352,30105,4,1,-1755000,930000,10330,10325,0
3353,30105,4,2,4205000,1660000,10129,10129,0
3354,30105,4,3,-1490000,-7405000,9616,9616,0
3355,30105,4,4,4260000,-7095000,9650,9650,0
3356,30105,5,1,-1880000,3615000,8932,8936,0
3357,30105,5,2,3810000,3190000,9333,9333,0
3358,30105,5,3,325000,-1895000,10109,10114,0
3359,30105,5,4,-1930000,-7370000,8289,8289,0
3360,30105,5,5,3900000,-7440000,8537,8541,0
3361,30107,1,1,25000,-775000,10105,10105,0
3362,30107,2,1,-1170000,230000,11030,11030,0
3363,30107,2,2,-1385000,-9335000,11294,11294,0
3364,30107,3,1,-965000,620000,10810,10810,0
3365,30107,3,2,-1360000,-6000000,11477,11477,0
3366,30107,3,3,-1735000,-12850000,11941,11941,0
3367,30107,4,1,-6910000,-1315000,12555,12549,0
3368,30107,4,2,-635000,-485000,11800,11800,0
3369,30107,4,3,-6955000,-12440000,12808,12808,0
3370,30107,4,4,-810000,-10630000,12317,12317,0
3371,30107,5,1,-6255000,-745000,11940,11945,0
3372,30107,5,2,-1180000,-1195000,12449,12449,0
3373,30107,5,3,-3505000,-8265000,13873,13880,0
3374,30107,5,4,-6125000,-12605000,11557,11557,0
3375,30107,5,5,-310000,-12110000,11574,11579,0
3376,30108,1,1,-125000,-215000,9884,9884,0
3377,30108,2,1,-440000,1770000,10058,10058,0
3378,30108,2,2,-910000,-7445000,10645,10645,0
3379,30108,3,1,-85000,3470000,9612,9612,0
3380,30108,3,2,-25000,-2145000,9672,9672,0
3381,30108,3,3,-550000,-8870000,10187,10187,0
3382,30108,4,1,-5315000,2345000,9163,9159,0
3383,30108,4,2,415000,2475000,9068,9068,0
3384,30108,4,3,-5355000,-7960000,9645,9645,0
3385,30108,4,4,550000,-7510000,9603,9603,0
3386,30108,5,1,-5290000,3080000,9489,9494,0
3387,30108,5,2,500000,2380000,9297,9297,0
3388,30108,5,3,-900000,-3070000,10488,10493,0
3389,30108,5,4,-5495000,-8630000,9583,9583,0
3390,30108,5,5,675000,-8630000,9298,9302,0
3391,30109,1,1,265000,-560000,9768,9768,0
3392,30109,2,1,95000,1980000,9697,9697,0
3393,30109,2,2,250000,-7050000,10000,10000,0
3394,30109,3,1,10000,3165000,9625,9625,0
3395,30109,3,2,110000,-3030000,9657,9657,0
3396,30109,3,3,55000,-8220000,9723,9723,0
3397,30109,4,1,-1055000,1830000,9625,9621,0
3398,30109,4,2,4110000,2150000,9322,9322,0
3399,30109,4,3,-920000,-7845000,9344,9344,0
3400,30109,4,4,3980000,-6645000,8896,8896,0
3401,30109,5,1,-1190000,2980000,8700,8704,0
3402,30109,5,2,4275000,2300000,9175,9175,0
3403,30109,5,3,-105000,-2680000,9755,9759,0
3404,30109,5,4,-1340000,-8165000,9335,9335,0
3405,30109,5,5,4265000,-8170000,8961,8965,0
3406,20050,1,1,625000,-1115000,10257,10257,0
3407,20050,2,1,1010000,660000,10546,10546,0
3408,20050,2,2,900000,-8500000,10410,10410,0
3409,20050,3,1,210000,1770000,9565,9565,0
3410,20050,3,2,625000,-4575000,10080,10080,0
3411,20050,3,3,355000,-9600000,9755,9755,0
3412,20050,4,1,-840000,675000,10594,10589,0
3413,20050,4,2,4640000,1240000,10076,10076,0
3414,20050,4,3,-670000,-8980000,10183,10183,0
3415,20050,4,4,4815000,-8550000,10326,10326,0
3416,20050,5,1,-455000,2380000,9014,9019,0
3417,20050,5,2,4835000,1970000,9422,9422,0
3418,20050,5,3,150000,-4185000,10000,10005,0
3419,20050,5,4,-450000,-9630000,10000,10000,0
3420,20050,5,5,5365000,-9690000,10078,10083,0
3421,30110,1,1,-390000,-730000,10000,10000,0
3422,30110,2,1,-390000,2000000,10000,10000,0
3423,30110,2,2,-390000,-7470000,10000,10000,0
3424,30110,3,1,-415000,3290000,9904,9904,0
3425,30110,3,2,-200000,-3400000,10000,10000,0
3426,30110,3,3,-340000,-8455000,10060,10060,0
3427,30110,4,1,-4480000,1200000,10759,10754,0
3428,30110,4,2,990000,1605000,10515,10515,0
3429,30110,4,3,-4160000,-7440000,10000,10000,0
3430,30110,4,4,1410000,-7760000,10000,10000,0
3431,30110,5,1,-4545000,2850000,10105,10109,0
3432,30110,5,2,1150000,2380000,10199,10199,0
3433,30110,5,3,-960000,-2850000,10459,10464,0
3434,30110,5,4,-4000000,-8260000,10000,10000,0
3435,30110,5,5,1690000,-8265000,10000,10005,0
3436,30101,1,1,3845000,-3765000,14280,14280,0
3437,30101,2,1,4115000,-1450000,14693,14693,0
3438,30101,2,2,3570000,-9770000,13939,13939,0
3439,30101,3,1,3795000,35000,14193,14193,0
3440,30101,3,2,3495000,-5070000,13636,13636,0
3441,30101,3,3,3850000,-10720000,14262,14262,0
3442,30101,4,1,3300000,-1185000,13943,13936,0
3443,30101,4,2,9415000,-820000,14207,14207,0
3444,30101,4,3,2850000,-10020000,13299,13299,0
3445,30101,4,4,8700000,-9600000,13321,13321,0
3446,30101,5,1,3605000,495000,14384,14390,0
3447,30101,5,2,9420000,420000,14461,14461,0
3448,30101,5,3,3455000,-5475000,13862,13869,0
3449,30101,5,4,3025000,-10465000,13326,13326,0
3450,30101,5,5,8350000,-10290000,12836,12842,0
3451,30121,1,1,-3565000,-4710000,13736,13736,0
3452,30121,2,1,-6450000,-4995000,17399,17399,0
3453,30121,2,2,-6350000,-13765000,17519,17519,0
3454,30121,3,1,-5345000,-1395000,16018,16018,0
3455,30121,3,2,-5500000,-8780000,16491,16491,0
3456,30121,3,3,-5510000,-13795000,16219,16219,0
3457,30121,4,1,-12930000,-4645000,17766,17758,0
3458,30121,4,2,-6715000,-4835000,17577,17577,0
3459,30121,4,3,-13685000,-14855000,19437,19437,0
3460,30121,4,4,-7200000,-14645000,19105,19105,0
3461,30121,5,1,-12200000,-2520000,17173,17181,0
3462,30121,5,2,-6695000,-3385000,17729,17729,0
3463,30121,5,3,-6135000,-7755000,16846,16854,0
3464,30121,5,4,-12520000,-14055000,17610,17610,0
3465,30121,5,5,-6655000,-14235000,17775,17783,0
3466,30111,1,1,-1490000,-1510000,11535,11535,0
3467,30111,2,1,-2715000,770000,12953,12953,0
3468,30111,2,2,-2315000,-8595000,12460,12460,0
3469,30111,3,1,-1400000,3585000,11374,11374,0
3470,30111,3,2,-1150000,-3060000,11514,11514,0
3471,30111,3,3,-990000,-8350000,11312,11312,0
3472,30111,4,1,-5830000,1430000,10966,10961,0
3473,30111,4,2,0,1980000,10444,10444,0
3474,30111,4,3,-5830000,-8130000,11619,11619,0
3475,30111,4,4,-230000,-7910000,11300,11300,0
3476,30111,5,1,-5640000,3185000,10000,10005,0
3477,30111,5,2,245000,3055000,9884,9884,0
3478,30111,5,3,-785000,-2265000,10517,10522,0
3479,30111,5,4,-5290000,-8190000,10850,10850,0
3480,30111,5,5,-310000,-8190000,10647,10652,0
3481,30112,1,1,555000,-590000,10651,10651,0
3482,30112,2,1,1450000,0,11684,11684,0
3483,30112,2,2,1330000,-8115000,11686,11686,0
3484,30112,3,1,935000,3155000,11035,11035,0
3485,30112,3,2,970000,-3045000,11055,11055,0
3486,30112,3,3,935000,-8220000,10792,10792,0
3487,30112,4,1,-715000,1405000,10158,10154,0
3488,30112,4,2,4565000,1815000,9770,9770,0
3489,30112,4,3,-1280000,-7230000,10000,10000,0
3490,30112,4,4,4750000,-6930000,10000,10000,0
3491,30112,5,1,-1010000,3210000,9614,9619,0
3492,30112,5,2,4295000,2900000,9648,9648,0
3493,30112,5,3,675000,-2525000,10418,10423,0
3494,30112,5,4,-975000,-7960000,9572,9572,0
3495,30112,5,5,4535000,-8045000,9797,9802,0
3496,30113,1,1,3025000,-3420000,13439,13439,0
3497,30113,2,1,3705000,-500000,14184,14184,0
3498,30113,2,2,3855000,-9505000,14365,14365,0
3499,30113,3,1,2470000,1835000,12766,12766,0
3500,30113,3,2,2835000,-3845000,12895,12895,0
3501,30113,3,3,2640000,-9290000,12679,12679,0
3502,30113,4,1,1815000,185000,12077,12071,0
3503,30113,4,2,7750000,185000,12703,12703,0
3504,30113,4,3,2050000,-8730000,12367,12367,0
3505,30113,4,4,7575000,-7980000,12581,12581,0
3506,30113,5,1,1725000,1830000,11976,11981,0
3507,30113,5,2,8070000,1050000,12915,12915,0
3508,30113,5,3,1725000,-3980000,12027,12032,0
3509,30113,5,4,1030000,-9030000,10966,10966,0
3510,30113,5,5,7660000,-9070000,11634,11640,0
3511,10079,1,1,355000,-825000,10452,10452,0
3512,10079,2,1,0,2540000,10000,10000,0
3513,10079,2,2,360000,-6980000,10000,10000,0
3514,10079,3,1,110000,4355000,9631,9631,0
3515,10079,3,2,110000,-1885000,9633,9633,0
3516,10079,3,3,-50000,-6920000,9432,9432,0
3517,10079,4,1,-2410000,2940000,9279,9274,0
3518,10079,4,2,3005000,2830000,9375,9375,0
3519,10079,4,3,-2050000,-6770000,10000,10000,0
3520,10079,4,4,3020000,-6655000,9894,9894,0
3521,10079,5,1,-2500000,4455000,9209,9213,0
3522,10079,5,2,3055000,3815000,9436,9436,0
3523,10079,5,3,0,-1345000,9515,9520,0
3524,10079,5,4,-2470000,-6915000,9243,9243,0
3525,10079,5,5,3125000,-6935000,9350,9355,0
3526,10080,1,1,-85000,-1160000,10464,10464,0
3527,10080,2,1,-85000,1730000,10103,10103,0
3528,10080,2,2,-180000,-7525000,10387,10387,0
3529,10080,3,1,-160000,3725000,10052,10052,0
3530,10080,3,2,45000,-2730000,10306,10306,0
3531,10080,3,3,-75000,-7930000,9731,9731,0
3532,10080,4,1,-3180000,1815000,10000,9995,0
3533,10080,4,2,3020000,1810000,10000,10000,0
3534,10080,4,3,-3105000,-7000000,10000,10000,0
3535,10080,4,4,2780000,-7060000,10000,10000,0
3536,10080,5,1,-2920000,3445000,9774,9779,0
3537,10080,5,2,2965000,3135000,9552,9552,0
3538,10080,5,3,0,-1955000,9756,9761,0
3539,10080,5,4,-2920000,-7570000,10000,10000,0
3540,10080,5,5,2970000,-7635000,10000,10005,0
3541,20051,1,1,-1590000,-2210000,11460,11460,0
3542,20051,2,1,-980000,1120000,10568,10568,0
3543,20051,2,2,-1190000,-7265000,10833,10833,0
3544,20051,3,1,-555000,4200000,10082,10082,0
3545,20051,3,2,-1295000,-3175000,10995,10995,0
3546,20051,3,3,-1085000,-7745000,10738,10738,0
3547,20051,4,1,-6360000,280000,10924,10919,0
3548,20051,4,2,-285000,1260000,10400,10400,0
3549,20051,4,3,-6165000,-7410000,10690,10690,0
3550,20051,4,4,-610000,-7595000,11026,11026,0
3551,20051,5,1,-5795000,3485000,9673,9677,0
3552,20051,5,2,0,2860000,9777,9777,0
3553,20051,5,3,-835000,-1625000,10244,10249,0
3554,20051,5,4,-5380000,-7690000,10000,10000,0
3555,20051,5,5,-180000,-7845000,10000,10005,0
3556,30114,1,1,-1405000,-4210000,13215,13215,0
3557,30114,2,1,-1585000,-2895000,13936,13936,0
3558,30114,2,2,-1590000,-12610000,14116,14116,0
3559,30114,3,1,-1360000,-3135000,14855,14855,0
3560,30114,3,2,-1290000,-8800000,14775,14775,0
3561,30114,3,3,-1585000,-14725000,14778,14778,0
3562,30114,4,1,-4165000,-2645000,13786,13779,0
3563,30114,4,2,1090000,-2330000,13486,13486,0
3564,30114,4,3,-3945000,-12780000,14058,14058,0
3565,30114,4,4,1090000,-13000000,14712,14712,0
3566,30114,5,1,-4355000,-2165000,14011,14017,0
3567,30114,5,2,1485000,-2400000,14440,14440,0
3568,30114,5,3,-1805000,-9060000,14854,14860,0
3569,30114,5,4,-4000000,-14345000,14540,14540,0
3570,30114,5,5,1485000,-14585000,15018,15025,0
3571,30115,1,1,-620000,-900000,10522,10522,0
3572,30115,2,1,355000,825000,10890,10890,0
3573,30115,2,2,455000,-8390000,11013,11013,0
3574,30115,3,1,105000,3320000,9534,9534,0
3575,30115,3,2,575000,-3175000,10096,10096,0
3576,30115,3,3,210000,-8310000,9601,9601,0
3577,30115,4,1,-1930000,1520000,10040,10035,0
3578,30115,4,2,3205000,1875000,10228,10228,0
3579,30115,4,3,-2080000,-7760000,10000,10000,0
3580,30115,4,4,3210000,-7370000,10000,10000,0
3581,30115,5,1,-2075000,3080000,9142,9146,0
3582,30115,5,2,3350000,3040000,9106,9106,0
3583,30115,5,3,-205000,-2460000,9746,9750,0
3584,30115,5,4,-1650000,-8045000,9251,9251,0
3585,30115,5,5,3350000,-8045000,9657,9661,0
3586,30116,1,1,2240000,0,12476,12476,0
3587,30116,2,1,1460000,3390000,11523,11523,0
3588,30116,2,2,1150000,-4995000,10919,10919,0
3589,30116,3,1,305000,5800000,9835,9835,0
3590,30116,3,2,725000,420000,10393,10393,0
3591,30116,3,3,380000,-5035000,9929,9929,0
3592,30116,4,1,-360000,3425000,10667,10662,0
3593,30116,4,2,5440000,3630000,10587,10587,0
3594,30116,4,3,-210000,-4785000,10484,10484,0
3595,30116,4,4,5300000,-4785000,10138,10138,0
3596,30116,5,1,-140000,5845000,10000,10005,0
3597,30116,5,2,5210000,5295000,9817,9817,0
3598,30116,5,3,355000,60000,10317,10321,0
3599,30116,5,4,-140000,-5190000,10000,10000,0
3600,30116,5,5,5230000,-5340000,9842,9846,0
3601,30117,1,1,-685000,-4595000,14196,14196,0
3602,30117,2,1,-490000,-1915000,14300,14300,0
3603,30117,2,2,-490000,-10520000,14918,14918,0
3604,30117,3,1,-975000,350000,14144,14144,0
3605,30117,3,2,-450000,-5590000,13493,13493,0
3606,30117,3,3,-850000,-10980000,13988,13988,0
3607,30117,4,1,-2780000,-1515000,13012,13006,0
3608,30117,4,2,3020000,-1515000,13312,13312,0
3609,30117,4,3,-2910000,-10360000,13170,13170,0
3610,30117,4,4,3060000,-10155000,13359,13359,0
3611,30117,5,1,-2500000,380000,13331,13337,0
3612,30117,5,2,3095000,115000,13091,13091,0
3613,30117,5,3,-765000,-5120000,13700,13707,0
3614,30117,5,4,-2455000,-10680000,13228,13228,0
3615,30117,5,5,3155000,-10615000,13166,13172,0
3616,10084,1,1,-5000,-1435000,11791,11791,0
3617,10084,2,1,355000,825000,11401,11401,0
3618,10084,2,2,170000,-7520000,11635,11635,0
3619,10084,3,1,-385000,3410000,10564,10564,0
3620,10084,3,2,920000,-3135000,11140,11140,0
3621,10084,3,3,-290000,-8070000,10000,10000,0
3622,10084,4,1,-2345000,900000,10515,10511,0
3623,10084,4,2,2530000,825000,10486,10486,0
3624,10084,4,3,-3100000,-7760000,10000,10000,0
3625,10084,4,4,2530000,-7760000,10000,10000,0
3626,10084,5,1,-2280000,3145000,10000,10005,0
3627,10084,5,2,2780000,2500000,10000,10000,0
3628,10084,5,3,-65000,-2150000,10219,10223,0
3629,10084,5,4,-2280000,-7620000,10000,10000,0
3630,10084,5,5,2690000,-7625000,10000,10005,0
3631,30145,1,1,-13550000,-16460000,26007,26007,661
3632,30145,2,1,-8435000,-6445000,19631,19631,-75
3633,30145,2,2,-8255000,-14965000,19399,19399,0
3634,30145,3,1,-22075000,1680000,25767,25767,-381906
3635,30145,3,2,-9810000,-13340000,21552,21552,0
3636,30145,3,3,-12325000,-19560000,22978,22978,-64746
3637,30145,4,1,-14015000,-8305000,19438,19429,0
3638,30145,4,2,-9370000,-8675000,20916,20916,0
3639,30145,4,3,-14865000,-16065000,19699,19699,0
3640,30145,4,4,-8905000,-16655000,20245,20245,0
3641,30145,5,1,-12285000,-4190000,16423,16431,0
3642,30145,5,2,-7710000,-5825000,18750,18750,0
3643,30145,5,3,-12585000,-17710000,24758,24770,572
3644,30145,5,4,-10945000,-15555000,15904,15904,0
3645,30145,5,5,-8560000,-18805000,19400,19409,-18489
3646,10082,1,1,-335000,-655000,10551,10551,0
3647,10082,2,1,-390000,2000000,10000,10000,0
3648,10082,2,2,-390000,-7590000,10000,10000,0
3649,10082,3,1,-490000,3720000,10000,10000,0
3650,10082,3,2,0,-2640000,10000,10000,0
3651,10082,3,3,-290000,-7850000,10000,10000,0
3652,10082,4,1,-3225000,265000,11767,11762,0
3653,10082,4,2,2755000,900000,11283,11283,0
3654,10082,4,3,-2960000,-7235000,11947,11947,0
3655,10082,4,4,2465000,-7080000,11289,11289,0
3656,10082,5,1,-3270000,3485000,10000,10005,0
3657,10082,5,2,2400000,3060000,10000,10000,0
3658,10082,5,3,-540000,-2035000,10212,10217,0
3659,10082,5,4,-3020000,-7580000,10000,10000,0
3660,10082,5,5,2400000,-7695000,10000,10005,0
3661,20052,1,1,1085000,-1810000,11617,11617,0
3662,20052,2,1,1585000,825000,11372,11372,0
3663,20052,2,2,1190000,-8855000,11501,11501,0
3664,20052,3,1,760000,2345000,10328,10328,0
3665,20052,3,2,660000,-3610000,10196,10196,0
3666,20052,3,3,490000,-8950000,10406,10406,0
3667,20052,4,1,-2010000,0,11562,11556,0
3668,20052,4,2,4140000,-65000,11490,11490,0
3669,20052,4,3,-1280000,-8860000,10988,10988,0
3670,20052,4,4,4075000,-8820000,10587,10587,0
3671,20052,5,1,-1980000,2495000,10000,10005,0
3672,20052,5,2,4070000,2160000,10000,10000,0
3673,20052,5,3,685000,-3365000,10426,10431,0
3674,20052,5,4,-1650000,-8770000,10000,10000,0
3675,20052,5,5,4440000,-8855000,10000,10005,0
3676,30118,1,1,-1465000,-1780000,11949,11949,0
3677,30118,2,1,-2385000,-1240000,12953,12953,0
3678,30118,2,2,-2270000,-9010000,12946,12946,0
3679,30118,3,1,-1815000,545000,12246,12246,0
3680,30118,3,2,-1685000,-5105000,12088,12088,0
3681,30118,3,3,-1820000,-10720000,12253,12253,0
3682,30118,4,1,-6410000,-535000,11997,11991,0
3683,30118,4,2,-730000,-670000,12117,12117,0
3684,30118,4,3,-6410000,-9600000,11697,11697,0
3685,30118,4,4,-730000,-9925000,11762,11762,0
3686,30118,5,1,-6560000,1140000,11064,11069,0
3687,30118,5,2,-805000,725000,11457,11457,0
3688,30118,5,3,-2115000,-4705000,12263,12269,0
3689,30118,5,4,-6560000,-10300000,11459,11459,0
3690,30118,5,5,-420000,-10360000,11394,11399,0
3691,30119,1,1,2100000,-2700000,12193,12193,0
3692,30119,2,1,1740000,815000,11787,11787,0
3693,30119,2,2,2345000,-8955000,12534,12534,0
3694,30119,3,1,1835000,2150000,11653,11653,0
3695,30119,3,2,2210000,-3960000,12010,12010,0
3696,30119,3,3,2350000,-9150000,12181,12181,0
3697,30119,4,1,730000,545000,11834,11829,0
3698,30119,4,2,6350000,665000,11713,11713,0
3699,30119,4,3,1220000,-8460000,12454,12454,0
3700,30119,4,4,6635000,-8455000,12822,12822,0
3701,30119,5,1,500000,2380000,10410,10415,0
3702,30119,5,2,6035000,1860000,10279,10279,0
3703,30119,5,3,840000,-3380000,10506,10511,0
3704,30119,5,4,710000,-8540000,10881,10881,0
3705,30119,5,5,6035000,-8460000,10803,10808,0
3706,30120,1,1,-2095000,-2725000,12215,12215,0
3707,30120,2,1,-2845000,-1285000,13050,13050,0
3708,30120,2,2,-2615000,-9600000,12770,12770,0
3709,30120,3,1,-290000,2850000,10000,10000,0
3710,30120,3,2,-720000,-3975000,10533,10533,0
3711,30120,3,3,-340000,-9090000,10509,10509,0
3712,30120,4,1,-5290000,620000,10948,10943,0
3713,30120,4,2,90000,685000,11175,11175,0
3714,30120,4,3,-5410000,-9130000,11503,11503,0
3715,30120,4,4,-145000,-8930000,11318,11318,0
3716,30120,5,1,-5380000,2155000,10000,10005,0
3717,30120,5,2,340000,1800000,10000,10000,0
3718,30120,5,3,-430000,-3075000,10000,10005,0
3719,30120,5,4,-5290000,-8620000,10000,10000,0
3720,30120,5,5,500000,-8615000,10000,10005,0
3721,30146,1,1,-250000,-1080000,10448,10448,0
3722,30146,2,1,-450000,2300000,10694,10694,0
3723,30146,2,2,-450000,-6255000,10964,10964,0
3724,30146,3,1,-295000,4355000,10290,10290,0
3725,30146,3,2,55000,-1795000,10589,10589,0
3726,30146,3,3,-145000,-7185000,10480,10480,0
3727,30146,4,1,-2305000,2345000,10946,10941,0
3728,30146,4,2,3430000,2420000,11251,11251,0
3729,30146,4,3,-2305000,-6770000,11590,11590,0
3730,30146,4,4,3260000,-6660000,11784,11784,0
3731,30146,5,1,-2500000,4375000,10000,10005,0
3732,30146,5,2,3550000,4080000,10000,10000,0
3733,30146,5,3,-140000,-1385000,10000,10005,0
3734,30146,5,4,-1920000,-6680000,10000,10000,0
3735,30146,5,5,3480000,-6485000,10000,10005,0
3736,20053,1,1,-265000,-2420000,11271,11271,0
3737,20053,2,1,-280000,105000,11521,11521,0
3738,20053,2,2,-5000,-10130000,11860,11860,0
3739,20053,3,1,-200000,1620000,10000,10000,0
3740,20053,3,2,0,-4440000,10000,10000,0
3741,20053,3,3,0,-9530000,10000,10000,0
3742,20053,4,1,-2910000,-630000,11798,11793,0
3743,20053,4,2,3020000,-565000,11791,11791,0
3744,20053,4,3,-2605000,-9630000,12186,12186,0
3745,20053,4,4,2675000,-9025000,11900,11900,0
3746,20053,5,1,-2770000,1585000,10000,10005,0
3747,20053,5,2,2690000,830000,10314,10314,0
3748,20053,5,3,140000,-4150000,10174,10179,0
3749,20053,5,4,-2190000,-9600000,10000,10000,0
3750,20053,5,5,2780000,-9595000,10000,10005,0
3751,30122,1,1,-405000,-1030000,10640,10640,0
3752,30122,2,1,-1245000,1545000,11780,11780,0
3753,30122,2,2,-1120000,-8350000,11526,11526,0
3754,30122,3,1,-965000,2730000,10834,10834,0
3755,30122,3,2,-250000,-3590000,10741,10741,0
3756,30122,3,3,-825000,-8900000,11111,11111,0
3757,30122,4,1,-4165000,905000,11332,11327,0
3758,30122,4,2,1550000,1305000,11213,11213,0
3759,30122,4,3,-4165000,-8180000,11729,11729,0
3760,30122,4,4,1245000,-8180000,11593,11593,0
3761,30122,5,1,-3630000,2765000,10370,10375,0
3762,30122,5,2,1250000,2500000,10468,10468,0
3763,30122,5,3,-690000,-2825000,10334,10339,0
3764,30122,5,4,-3620000,-8465000,10359,10359,0
3765,30122,5,5,1250000,-8490000,10210,10214,0
3766,10085,1,1,0,-1455000,11035,11035,0
3767,10085,2,1,5000,1335000,11242,11242,0
3768,10085,2,2,-5000,-7930000,11675,11675,0
3769,10085,3,1,-290000,3720000,10000,10000,0
3770,10085,3,2,0,-2690000,10355,10355,0
3771,10085,3,3,0,-7940000,10000,10000,0
3772,10085,4,1,-2625000,620000,10788,10783,0
3773,10085,4,2,2780000,1280000,10816,10816,0
3774,10085,4,3,-2775000,-7680000,11307,11307,0
3775,10085,4,4,2820000,-7590000,10865,10865,0
3776,10085,5,1,-3020000,3485000,10000,10005,0
3777,10085,5,2,2780000,2880000,10000,10000,0
3778,10085,5,3,0,-2045000,10000,10005,0
3779,10085,5,4,-2500000,-7640000,10000,10000,0
3780,10085,5,5,2780000,-7725000,10000,10005,0
3781,30123,1,1,-1815000,-2515000,12023,12023,0
3782,30123,2,1,-750000,405000,11499,11499,0
3783,30123,2,2,-430000,-7550000,10038,10038,0
3784,30123,3,1,-3865000,3370000,15708,15708,0
3785,30123,3,2,-2985000,-2565000,13451,13451,0
3786,30123,3,3,-3190000,-7750000,14191,14191,0
3787,30123,4,1,-6125000,2025000,15582,15575,0
3788,30123,4,2,-625000,2335000,15581,15581,0
3789,30123,4,3,-6125000,-7280000,14729,14729,0
3790,30123,4,4,-510000,-7190000,14303,14303,0
3791,30123,5,1,-6135000,3555000,15026,15033,0
3792,30123,5,2,-810000,3375000,15389,15389,0
3793,30123,5,3,-3135000,-2155000,13884,13891,0
3794,30123,5,4,-5695000,-7700000,13763,13763,0
3795,30123,5,5,-110000,-7700000,13844,13851,0
3796,30124,1,1,-1835000,-3350000,12409,12409,0
3797,30124,2,1,-1390000,1305000,11213,11213,0
3798,30124,2,2,-1390000,-7715000,11836,11836,0
3799,30124,3,1,-1225000,3790000,10912,10912,0
3800,30124,3,2,-200000,-2640000,10000,10000,0
3801,30124,3,3,-1145000,-7820000,10901,10901,0
3802,30124,4,1,-5015000,1265000,10839,10834,0
3803,30124,4,2,810000,1795000,10964,10964,0
3804,30124,4,3,-4860000,-7285000,10914,10914,0
3805,30124,4,4,470000,-7285000,10584,10584,0
3806,30124,5,1,-4680000,3625000,10000,10005,0
3807,30124,5,2,600000,2970000,10000,10000,0
3808,30124,5,3,-1140000,-2020000,10905,10910,0
3809,30124,5,4,-4460000,-7280000,10000,10000,0
3810,30124,5,5,870000,-7285000,10000,10005,0
3811,30125,1,1,-435000,-4865000,13772,13772,0
3812,30125,2,1,355000,-1935000,13359,13359,0
3813,30125,2,2,355000,-10720000,13926,13926,0
3814,30125,3,1,-355000,880000,11987,11987,0
3815,30125,3,2,0,-4790000,11552,11552,0
3816,30125,3,3,-205000,-10090000,11804,11804,0
3817,30125,4,1,-1985000,-1260000,12358,12353,0
3818,30125,4,2,3490000,-1090000,12291,12291,0
3819,30125,4,3,-1850000,-10250000,12527,12527,0
3820,30125,4,4,3490000,-10120000,11996,11996,0
3821,30125,5,1,-2500000,1555000,10000,10005,0
3822,30125,5,2,2780000,1170000,10000,10000,0
3823,30125,5,3,150000,-4125000,10000,10005,0
3824,30125,5,4,-2500000,-9620000,10000,10000,0
3825,30125,5,5,3090000,-9625000,10000,10005,0
3826,10086,1,1,-5000,-880000,10502,10502,0
3827,10086,2,1,-90000,2300000,10000,10000,0
3828,10086,2,2,-90000,-6180000,10000,10000,0
3829,10086,3,1,-330000,4445000,9801,9801,0
3830,10086,3,2,0,-1890000,10000,10000,0
3831,10086,3,3,-385000,-7095000,9735,9735,0
3832,10086,4,1,-3205000,1735000,10538,10533,0
3833,10086,4,2,2460000,2090000,10424,10424,0
3834,10086,4,3,-2960000,-6390000,10841,10841,0
3835,10086,4,4,2400000,-6400000,10647,10647,0
3836,10086,5,1,-3190000,4105000,10000,10005,0
3837,10086,5,2,2690000,3620000,10000,10000,0
3838,10086,5,3,-290000,-1250000,9826,9831,0
3839,10086,5,4,-2500000,-6660000,10000,10000,0
3840,10086,5,5,2430000,-6665000,10000,10005,0
3841,20054,1,1,-395000,-3110000,13067,13067,0
3842,20054,2,1,-685000,330000,13326,13326,0
3843,20054,2,2,-665000,-9230000,13355,13355,0
3844,20054,3,1,-300000,1385000,12690,12690,0
3845,20054,3,2,355000,-4850000,13112,13112,0
3846,20054,3,3,130000,-10575000,13544,13544,0
3847,20054,4,1,-1630000,-1825000,15290,15283,0
3848,20054,4,2,4280000,-1090000,15302,15302,0
3849,20054,4,3,-1280000,-10720000,15735,15735,0
3850,20054,4,4,3825000,-10580000,15866,15866,0
3851,20054,5,1,-1780000,630000,13951,13958,0
3852,20054,5,2,3830000,240000,14323,14323,0
3853,20054,5,3,-420000,-5080000,13639,13645,0
3854,20054,5,4,-1740000,-10720000,14001,14001,0
3855,20054,5,5,3830000,-10480000,13777,13784,0
3856,30126,1,1,-3750000,-4130000,15112,15112,0
3857,30126,2,1,-4555000,-1605000,15068,15068,0
3858,30126,2,2,-4555000,-11360000,15781,15781,0
3859,30126,3,1,-4150000,0,14535,14535,0
3860,30126,3,2,-3920000,-6595000,15527,15527,0
3861,30126,3,3,-3805000,-12020000,15382,15382,0
3862,30126,4,1,-6880000,-1090000,14300,14293,0
3863,30126,4,2,-975000,-1165000,14365,14365,0
3864,30126,4,3,-6880000,-10720000,14887,14887,0
3865,30126,4,4,-1055000,-10720000,14753,14753,0
3866,30126,5,1,-6650000,0,13806,13813,0
3867,30126,5,2,-960000,-510000,13894,13894,0
3868,30126,5,3,-3225000,-5495000,13996,14002,0
3869,30126,5,4,-6250000,-11290000,14309,14309,0
3870,30126,5,5,-1010000,-11405000,14199,14205,0
3871,30127,1,1,-2725000,-2495000,12710,12710,0
3872,30127,2,1,-1235000,1130000,11013,11013,0
3873,30127,2,2,-1070000,-7835000,10803,10803,0
3874,30127,3,1,-1035000,3805000,10451,10451,0
3875,30127,3,2,-905000,-3400000,10765,10765,0
3876,30127,3,3,-1325000,-8180000,10814,10814,0
3877,30127,4,1,-5765000,1550000,10368,10363,0
3878,30127,4,2,0,1550000,10886,10886,0
3879,30127,4,3,-5365000,-7760000,10861,10861,0
3880,30127,4,4,75000,-7660000,10573,10573,0
3881,30127,5,1,-5700000,3235000,10000,10005,0
3882,30127,5,2,150000,3230000,10000,10000,0
3883,30127,5,3,-1210000,-2160000,10783,10788,0
3884,30127,5,4,-4980000,-8040000,10000,10000,0
3885,30127,5,5,340000,-8035000,10000,10005,0
3886,30128,1,1,-1530000,-3140000,12331,12331,0
3887,30128,2,1,-1875000,-520000,11804,11804,0
3888,30128,2,2,-1750000,-10055000,11648,11648,0
3889,30128,3,1,-905000,1620000,10513,10513,0
3890,30128,3,2,-1180000,-4900000,10857,10857,0
3891,30128,3,3,-930000,-10020000,10794,10794,0
3892,30128,4,1,-3845000,-435000,11682,11677,0
3893,30128,4,2,1865000,-365000,11599,11599,0
3894,30128,4,3,-3715000,-9425000,12086,12086,0
3895,30128,4,4,1885000,-9385000,12079,12079,0
3896,30128,5,1,-3610000,1585000,10000,10005,0
3897,30128,5,2,1980000,1580000,10000,10000,0
3898,30128,5,3,-430000,-3855000,10000,10005,0
3899,30128,5,4,-3610000,-9620000,10000,10000,0
3900,30128,5,5,1690000,-9605000,10000,10005,0
3901,30129,1,1,-1475000,-2450000,11963,11963,0
3902,30129,2,1,-1740000,70000,11860,11860,0
3903,30129,2,2,-1790000,-9315000,11920,11920,0
3904,30129,3,1,-1140000,2295000,11053,11053,0
3905,30129,3,2,-1160000,-4040000,11189,11189,0
3906,30129,3,3,-1085000,-9250000,11095,11095,0
3907,30129,4,1,-4360000,0,11091,11086,0
3908,30129,4,2,1635000,160000,10894,10894,0
3909,30129,4,3,-4360000,-9045000,11463,11463,0
3910,30129,4,4,1705000,-9045000,11405,11405,0
3911,30129,5,1,-4190000,2515000,10000,10005,0
3912,30129,5,2,1150000,1830000,10000,10000,0
3913,30129,5,3,-815000,-3495000,10216,10221,0
3914,30129,5,4,-4460000,-8930000,10000,10000,0
3915,30129,5,5,1410000,-8925000,10000,10005,0
3916,10087,1,1,-60000,-1340000,10593,10593,0
3917,10087,2,1,-370000,1040000,10593,10593,0
3918,10087,2,2,-370000,-7165000,10395,10395,0
3919,10087,3,1,-200000,3840000,10000,10000,0
3920,10087,3,2,0,-2430000,10000,10000,0
3921,10087,3,3,-290000,-7410000,10000,10000,0
3922,10087,4,1,-3100000,1655000,10000,9995,0
3923,10087,4,2,2350000,1660000,10000,10000,0
3924,10087,4,3,-2770000,-7080000,10000,10000,0
3925,10087,4,4,2350000,-7080000,10000,10000,0
3926,10087,5,1,-3270000,3625000,10000,10005,0
3927,10087,5,2,2340000,3090000,10000,10000,0
3928,10087,5,3,-140000,-1825000,10000,10005,0
3929,10087,5,4,-2770000,-7400000,10000,10000,0
3930,10087,5,5,2600000,-7485000,10000,10005,0
3931,20055,1,1,-670000,-1795000,10964,10964,0
3932,20055,2,1,-895000,390000,10790,10790,0
3933,20055,2,2,-915000,-8730000,10491,10491,0
3934,20055,3,1,-1165000,1765000,10834,10834,0
3935,20055,3,2,-1080000,-4185000,10732,10732,0
3936,20055,3,3,-860000,-9380000,10457,10457,0
3937,20055,4,1,-3580000,230000,10964,10959,0
3938,20055,4,2,1820000,695000,10529,10529,0
3939,20055,4,3,-3640000,-8940000,10894,10894,0
3940,20055,4,4,1670000,-8390000,10181,10181,0
3941,20055,5,1,-3910000,2375000,10000,10005,0
3942,20055,5,2,1690000,1890000,10000,10000,0
3943,20055,5,3,-400000,-3635000,10000,10005,0
3944,20055,5,4,-3910000,-8870000,10000,10000,0
3945,20055,5,5,1950000,-8875000,10000,10005,0
3946,30130,1,1,-1230000,-2680000,11847,11847,0
3947,30130,2,1,-1200000,-200000,11811,11811,0
3948,30130,2,2,-1365000,-9535000,11900,11900,0
3949,30130,3,1,-2095000,710000,11842,11842,0
3950,30130,3,2,-1695000,-5645000,12224,12224,0
3951,30130,3,3,-2260000,-10890000,12193,12193,0
3952,30130,4,1,-5790000,-1390000,12936,12930,0
3953,30130,4,2,265000,-1490000,12833,12833,0
3954,30130,4,3,-5790000,-10720000,13473,13473,0
3955,30130,4,4,-105000,-10485000,13270,13270,0
3956,30130,5,1,-5675000,940000,11186,11191,0
3957,30130,5,2,0,940000,11236,11236,0
3958,30130,5,3,-1990000,-5050000,11871,11876,0
3959,30130,5,4,-5315000,-10565000,11443,11443,0
3960,30130,5,5,355000,-10720000,11690,11696,0
3961,30131,1,1,360000,-730000,10000,10000,0
3962,30131,2,1,355000,285000,11140,11140,0
3963,30131,2,2,300000,-8110000,11276,11276,0
3964,30131,3,1,210000,2165000,10932,10932,0
3965,30131,3,2,740000,-4135000,10914,10914,0
3966,30131,3,3,160000,-9210000,10455,10455,0
3967,30131,4,1,-2775000,900000,10627,10622,0
3968,30131,4,2,3130000,915000,10546,10546,0
3969,30131,4,3,-2810000,-8255000,10582,10582,0
3970,30131,4,4,3255000,-8260000,10390,10390,0
3971,30131,5,1,-2770000,2495000,10000,10005,0
3972,30131,5,2,3030000,1800000,10000,10000,0
3973,30131,5,3,150000,-3545000,10000,10005,0
3974,30131,5,4,-2500000,-8960000,10000,10000,0
3975,30131,5,5,3030000,-8955000,10000,10005,0
3976,30132,1,1,-4045000,-5320000,14628,14628,0
3977,30132,2,1,-4105000,-1135000,14443,14443,0
3978,30132,2,2,-4125000,-9215000,14428,14428,0
3979,30132,3,1,-3950000,1950000,14285,14285,0
3980,30132,3,2,-3980000,-4685000,14216,14216,0
3981,30132,3,3,-3945000,-9740000,14171,14171,0
3982,30132,4,1,-6185000,0,11403,11398,0
3983,30132,4,2,-310000,570000,11403,11403,0
3984,30132,4,3,-5965000,-8865000,11131,11131,0
3985,30132,4,4,-510000,-8850000,11142,11142,0
3986,30132,5,1,-5785000,2680000,9982,9987,0
3987,30132,5,2,15000,2380000,10167,10167,0
3988,30132,5,3,-4570000,-3920000,14834,14841,0
3989,30132,5,4,-5785000,-8560000,10812,10812,0
3990,30132,5,5,-420000,-8480000,10201,10205,0
3991,30133,1,1,1160000,-1855000,11093,11093,0
3992,30133,2,1,2320000,-1255000,12467,12467,0
3993,30133,2,2,2020000,-10415000,12097,12097,0
3994,30133,3,1,1355000,1125000,11680,11680,0
3995,30133,3,2,1645000,-4930000,11421,11421,0
3996,30133,3,3,1030000,-10070000,11274,11274,0
3997,30133,4,1,-275000,0,11359,11354,0
3998,30133,4,2,5300000,-20000,11376,11376,0
3999,30133,4,3,-510000,-9600000,10459,10459,0
4000,30133,4,4,5495000,-9600000,11207,11207,0
4001,30133,5,1,-700000,1555000,10000,10005,0
4002,30133,5,2,5050000,1550000,10000,10000,0
4003,30133,5,3,910000,-4160000,10459,10464,0
4004,30133,5,4,-430000,-9600000,10000,10000,0
4005,30133,5,5,5070000,-9715000,10000,10005,0
4006,10088,1,1,0,-1100000,10707,10707,0
4007,10088,2,1,-150000,1600000,10372,10372,0
4008,10088,2,2,50000,-7075000,10620,10620,0
4009,10088,3,1,-290000,3810000,10000,10000,0
4010,10088,3,2,0,-2400000,10000,10000,0
4011,10088,3,3,0,-7550000,10000,10000,0
4012,10088,4,1,-2770000,1445000,10000,9995,0
4013,10088,4,2,3020000,1720000,10000,10000,0
4014,10088,4,3,-2860000,-6840000,10000,10000,0
4015,10088,4,4,2900000,-6810000,10000,10000,0
4016,10088,5,1,-2650000,3740000,9298,9302,0
4017,10088,5,2,2940000,3520000,9010,9010,0
4018,10088,5,3,-95000,-1750000,9550,9554,0
4019,10088,5,4,-2025000,-7415000,9527,9527,0
4020,10088,5,5,2690000,-7440000,9121,9126,0
4021,10089,1,1,15000,-1725000,10964,10964,0
4022,10089,2,1,5000,1475000,11109,11109,0
4023,10089,2,2,0,-7040000,11423,11423,0
4024,10089,3,1,-290000,4080000,10000,10000,0
4025,10089,3,2,70000,-2150000,10000,10000,0
4026,10089,3,3,0,-7260000,10000,10000,0
4027,10089,4,1,-2530000,1550000,10136,10131,0
4028,10089,4,2,3390000,1785000,10348,10348,0
4029,10089,4,3,-2420000,-6720000,10000,10000,0
4030,10089,4,4,2780000,-6720000,10000,10000,0
4031,10089,5,1,-2500000,3925000,10000,10005,0
4032,10089,5,2,3120000,3550000,10000,10000,0
4033,10089,5,3,0,-1495000,10000,10005,0
4034,10089,5,4,-2160000,-7190000,10000,10000,0
4035,10089,5,5,2780000,-7135000,10000,10005,0
4036,10091,1,1,0,-2110000,11318,11318,0
4037,10091,2,1,355000,1470000,10939,10939,0
4038,10091,2,2,350000,-7240000,10939,10939,0
4039,10091,3,1,-200000,3870000,10000,10000,0
4040,10091,3,2,0,-2490000,10000,10000,0
4041,10091,3,3,-290000,-7800000,10000,10000,0
4042,10091,4,1,-2770000,1475000,10000,9995,0
4043,10091,4,2,2350000,1470000,10000,10000,0
4044,10091,4,3,-2770000,-6960000,10000,10000,0
4045,10091,4,4,2350000,-6960000,10000,10000,0
4046,10091,5,1,-3020000,3515000,10000,10005,0
4047,10091,5,2,2370000,3240000,10000,10000,0
4048,10091,5,3,-430000,-1935000,10000,10005,0
4049,10091,5,4,-2770000,-7500000,10000,10000,0
4050,10091,5,5,2690000,-7615000,10000,10005,0
4051,20056,1,1,3325000,-4330000,13709,13709,0
4052,20056,2,1,3415000,-350000,14229,14229,0
4053,20056,2,2,3410000,-9215000,14227,14227,0
4054,20056,3,1,3230000,2725000,13359,13359,0
4055,20056,3,2,3470000,-4300000,14303,14303,0
4056,20056,3,3,3400000,-9400000,13591,13591,0
4057,20056,4,1,0,1415000,10696,10691,0
4058,20056,4,2,5390000,1415000,10863,10863,0
4059,20056,4,3,-165000,-8420000,10897,10897,0
4060,20056,4,4,5300000,-8355000,11146,11146,0
4061,20056,5,1,-420000,2735000,10000,10005,0
4062,20056,5,2,5475000,1980000,10707,10707,0
4063,20056,5,3,4675000,-3635000,15269,15276,0
4064,20056,5,4,-140000,-8400000,10000,10000,0
4065,20056,5,5,5475000,-8520000,10526,10531,0
4066,20057,1,1,1735000,-2785000,11891,11891,0
4067,20057,2,1,1840000,-740000,11956,11956,0
4068,20057,2,2,2020000,-9515000,12179,12179,0
4069,20057,3,1,500000,2340000,10000,10000,0
4070,20057,3,2,810000,-3665000,10348,10348,0
4071,20057,3,3,680000,-8660000,10225,10225,0
4072,20057,4,1,-1035000,455000,10924,10919,0
4073,20057,4,2,4450000,715000,10674,10674,0
4074,20057,4,3,-1140000,-8890000,10792,10792,0
4075,20057,4,4,4545000,-8885000,10785,10785,0
4076,20057,5,1,-1530000,2625000,9068,9072,0
4077,20057,5,2,4095000,2470000,8927,8927,0
4078,20057,5,3,340000,-3285000,10000,10005,0
4079,20057,5,4,-1530000,-8600000,9333,9333,0
4080,20057,5,5,4320000,-8600000,9213,9217,0
4081,20058,1,1,1105000,-1800000,11133,11133,0
4082,20058,2,1,1585000,1075000,11370,11370,0
4083,20058,2,2,1455000,-7930000,11209,11209,0
4084,20058,3,1,500000,3690000,10000,10000,0
4085,20058,3,2,620000,-2520000,10000,10000,0
4086,20058,3,3,640000,-7850000,10000,10000,0
4087,20058,4,1,-1210000,1785000,10000,9995,0
4088,20058,4,2,4410000,2160000,10000,10000,0
4089,20058,4,3,-1210000,-7500000,10000,10000,0
4090,20058,4,4,4260000,-7260000,10000,10000,0
4091,20058,5,1,-1010000,3485000,10000,10005,0
4092,20058,5,2,4320000,2940000,10000,10000,0
4093,20058,5,3,0,-2045000,10000,10005,0
4094,20058,5,4,-960000,-7670000,10000,10000,0
4095,20058,5,5,4130000,-7665000,10000,10005,0
4096,20059,1,1,-1995000,-3880000,13660,13660,0
4097,20059,2,1,-2170000,245000,13480,13480,0
4098,20059,2,2,-2000000,-8050000,13272,13272,0
4099,20059,3,1,-1905000,3655000,11854,11854,0
4100,20059,3,2,-1800000,-2965000,11985,11985,0
4101,20059,3,3,-2030000,-8190000,12268,12268,0
4102,20059,4,1,-4165000,1150000,10942,10936,0
4103,20059,4,2,1030000,1565000,11178,11178,0
4104,20059,4,3,-4165000,-7760000,11202,11202,0
4105,20059,4,4,1175000,-7740000,11218,11218,0
4106,20059,5,1,-4000000,3485000,10000,10005,0
4107,20059,5,2,1410000,2970000,10000,10000,0
4108,20059,5,3,-2285000,-2140000,12348,12354,0
4109,20059,5,4,-3540000,-7670000,10000,10000,0
4110,20059,5,5,1630000,-7705000,10000,10005,0
4111,30134,1,1,2245000,-2975000,12449,12449,0
4112,30134,2,1,2640000,1145000,12828,12828,0
4113,30134,2,2,3420000,-8520000,13790,13790,0
4114,30134,3,1,1620000,2690000,11463,11463,0
4115,30134,3,2,2165000,-3590000,12065,12065,0
4116,30134,3,3,1830000,-9080000,11646,11646,0
4117,30134,4,1,625000,830000,10776,10771,0
4118,30134,4,2,5920000,1405000,10535,10535,0
4119,30134,4,3,715000,-7760000,10649,10649,0
4120,30134,4,4,5920000,-7760000,10190,10190,0
4121,30134,5,1,500000,3025000,10000,10005,0
4122,30134,5,2,5910000,3020000,10000,10000,0
4123,30134,5,3,500000,-2525000,10000,10005,0
4124,30134,5,4,500000,-7740000,10000,10000,0
4125,30134,5,5,5910000,-8015000,10000,10005,0
4126,30135,1,1,-3285000,-5320000,14430,14430,0
4127,30135,2,1,-3295000,-3010000,14218,14218,0
4128,30135,2,2,-3390000,-13130000,14338,14338,0
4129,30135,3,1,-3310000,-2535000,14559,14559,0
4130,30135,3,2,-3040000,-8545000,14225,14225,0
4131,30135,3,3,-3040000,-14160000,14575,14575,0
4132,30135,4,1,-6050000,-4285000,15170,15163,0
4133,30135,4,2,-510000,-4195000,15079,15079,0
4134,30135,4,3,-6050000,-14220000,15467,15467,0
4135,30135,4,4,-210000,-13640000,15010,15010,0
4136,30135,5,1,-5965000,-2160000,13650,13657,0
4137,30135,5,2,-420000,-2405000,13881,13881,0
4138,30135,5,3,-3170000,-7960000,13929,13935,0
4139,30135,5,4,-6065000,-13575000,13861,13861,0
4140,30135,5,5,0,-13695000,13978,13984,0
4141,30136,1,1,-2610000,-9530000,18000,18000,0
4142,30136,2,1,-2340000,-6150000,18000,18000,0
4143,30136,2,2,-2335000,-15990000,18000,18000,0
4144,30136,3,1,-2340000,-5310000,18000,18000,0
4145,30136,3,2,-1950000,-11700000,18000,18000,0
4146,30136,3,3,-1945000,-17590000,18000,18000,0
4147,30136,4,1,-4810000,-6440000,18000,17992,0
4148,30136,4,2,1415000,-6120000,18000,18000,0
4149,30136,4,3,-4560000,-16410000,18000,18000,0
4150,30136,4,4,1390000,-16290000,18000,18000,0
4151,30136,5,1,-4410000,-5645000,18000,18008,0
4152,30136,5,2,1410000,-5640000,18000,18000,0
4153,30136,5,3,-2220000,-11445000,18000,18008,0
4154,30136,5,4,-4000000,-17995000,18000,18000,0
4155,30136,5,5,1415000,-17740000,18000,18008,0
4156,20060,1,1,445000,-1745000,10921,10921,0
4157,20060,2,1,0,760000,10522,10522,0
4158,20060,2,2,100000,-8420000,10642,10642,0
4159,20060,3,1,495000,2390000,10448,10448,0
4160,20060,3,2,495000,-3950000,10611,10611,0
4161,20060,3,3,415000,-9010000,10761,10761,0
4162,20060,4,1,-2490000,1200000,10183,10178,0
4163,20060,4,2,3020000,1320000,10000,10000,0
4164,20060,4,3,-2490000,-8340000,10000,10000,0
4165,20060,4,4,3020000,-7760000,9817,9817,0
4166,20060,5,1,-2770000,2375000,10000,10005,0
4167,20060,5,2,3150000,1590000,10000,10000,0
4168,20060,5,3,0,-3310000,10230,10234,0
4169,20060,5,4,-2500000,-8840000,10000,10000,0
4170,20060,5,5,2780000,-8925000,10000,10005,0
4171,30137,1,1,-365000,-890000,10512,10512,0
4172,30137,2,1,-2170000,-3090000,20000,20000,0
4173,30137,2,2,-2170000,-11700000,20000,20000,0
4174,30137,3,1,-1890000,-560000,20000,20000,0
4175,30137,3,2,-1890000,-6810000,20000,20000,0
4176,30137,3,3,-1890000,-12020000,20000,20000,0
4177,30137,4,1,-4860000,-1090000,17000,16992,0
4178,30137,4,2,1030000,-1080000,17000,17000,0
4179,30137,4,3,-4830000,-10230000,17000,17000,0
4180,30137,4,4,810000,-10230000,17000,17000,0
4181,30137,5,1,-4840000,370000,16000,16007,0
4182,30137,5,2,1150000,-70000,16000,16000,0
4183,30137,5,3,-2500000,-6105000,19000,19009,0
4184,30137,5,4,-4690000,-10770000,16000,16000,0
4185,30137,5,5,1150000,-10775000,16000,16007,0
4186,30138,1,1,-2100000,-3380000,12251,12251,0
4187,30138,2,1,-1865000,-500000,11780,11780,0
4188,30138,2,2,-1685000,-10350000,12039,12039,0
4189,30138,3,1,-1705000,220000,12000,12000,0
4190,30138,3,2,-1635000,-6410000,12000,12000,0
4191,30138,3,3,-2195000,-11610000,12000,12000,0
4192,30138,4,1,-6060000,-815000,12000,11994,0
4193,30138,4,2,-510000,-820000,12000,12000,0
4194,30138,4,3,-6055000,-11010000,12000,12000,0
4195,30138,4,4,-670000,-10370000,12000,12000,0
4196,30138,5,1,-6185000,440000,11000,11005,0
4197,30138,5,2,-655000,265000,11000,11000,0
4198,30138,5,3,-2285000,-5595000,12000,12006,0
4199,30138,5,4,-5760000,-10945000,11000,11000,0
4200,30138,5,5,-310000,-10940000,11000,11005,0
4201,30139,1,1,-5290000,-8130000,17000,17000,0
4202,30139,2,1,-5290000,-6150000,18000,18000,0
4203,30139,2,2,-5295000,-15300000,18000,18000,0
4204,30139,3,1,-5760000,-5880000,19000,19000,0
4205,30139,3,2,-5290000,-12020000,19000,19000,0
4206,30139,3,3,-5765000,-17625000,19000,19000,0
4207,30139,4,1,-8710000,-6845000,19000,18991,0
4208,30139,4,2,-3105000,-6855000,19000,19000,0
4209,30139,4,3,-8400000,-16725000,19000,19000,0
4210,30139,4,4,-3180000,-16725000,19000,19000,0
4211,30139,5,1,-8915000,-5705000,19000,19009,0
4212,30139,5,2,-3330000,-6060000,19000,19000,0
4213,30139,5,3,-5820000,-11700000,19000,19009,0
4214,30139,5,4,-8500000,-17490000,19000,19000,0
4215,30139,5,5,-3020000,-17565000,19000,19009,0
4216,30140,1,1,15000,-5765000,15042,15042,0
4217,30140,2,1,5000,330000,12000,12000,0
4218,30140,2,2,355000,-8940000,12000,12000,0
4219,30140,3,1,105000,1890000,11000,11000,0
4220,30140,3,2,355000,-4475000,11000,11000,0
4221,30140,3,3,210000,-9945000,11000,11000,0
4222,30140,4,1,-2365000,-255000,12000,11994,0
4223,30140,4,2,3450000,-260000,12000,12000,0
4224,30140,4,3,-2050000,-9600000,12000,12000,0
4225,30140,4,4,3445000,-9600000,12000,12000,0
4226,30140,5,1,-2460000,1435000,11000,11005,0
4227,30140,5,2,3585000,1115000,11000,11000,0
4228,30140,5,3,0,-4125000,11000,11005,0
4229,30140,5,4,-2070000,-9930000,11000,11000,0
4230,30140,5,5,3420000,-9960000,11000,11005,0
4231,20061,1,1,-1480000,-2260000,11461,11461,0
4232,20061,2,1,-1595000,-800000,12000,12000,0
4233,20061,2,2,-1595000,-9600000,12000,12000,0
4234,20061,3,1,-490000,3000000,10000,10000,0
4235,20061,3,2,-490000,-3400000,10000,10000,0
4236,20061,3,3,-490000,-8860000,10000,10000,0
4237,20061,4,1,-4980000,-815000,12000,11994,0
4238,20061,4,2,495000,-810000,12000,12000,0
4239,20061,4,3,-4950000,-9420000,12000,12000,0
4240,20061,4,4,265000,-9360000,12000,12000,0
4241,20061,5,1,-4710000,1735000,11000,11005,0
4242,20061,5,2,375000,1410000,11000,11000,0
4243,20061,5,3,-960000,-3620000,11000,11005,0
4244,20061,5,4,-4715000,-9300000,11000,11000,0
4245,20061,5,5,665000,-9300000,11000,11005,0
4246,30037,1,1,-2275000,2600000,12000,12000,0
4247,30037,2,1,-2910000,7020000,13000,13000,0
4248,30037,2,2,-2910000,-960000,13000,13000,0
4249,30037,3,1,-2105000,10020000,12000,12000,0
4250,30037,3,2,-2105000,3310000,12000,12000,0
4251,30037,3,3,-2105000,-1725000,12000,12000,0
4252,30037,4,1,-6875000,6245000,11000,10995,0
4253,30037,4,2,-1190000,6545000,11000,11000,0
4254,30037,4,3,-6525000,-1950000,11000,11000,0
4255,30037,4,4,-1185000,-1945000,11000,11000,0
4256,30037,5,1,-6380000,8875000,10000,10005,0
4257,30037,5,2,-700000,8180000,10000,10000,0
4258,30037,5,3,-1400000,3855000,11000,11005,0
4259,30037,5,4,-6060000,-2370000,10000,10000,0
4260,30037,5,5,-700000,-2425000,10000,10005,0
4261,30141,1,1,-630000,-3245000,12701,12701,0
4262,30141,2,1,-660000,-1610000,13000,13000,0
4263,30141,2,2,-660000,-9870000,13000,13000,0
4264,30141,3,1,-600000,0,13000,13000,0
4265,30141,3,2,0,-6300000,13000,13000,0
4266,30141,3,3,-600000,-11080000,13000,13000,0
4267,30141,4,1,-3105000,-635000,12000,11994,0
4268,30141,4,2,3020000,-815000,12000,12000,0
4269,30141,4,3,-3105000,-9990000,12000,12000,0
4270,30141,4,4,3025000,-9990000,12000,12000,0
4271,30141,5,1,-2500000,110000,12000,12006,0
4272,30141,5,2,2690000,-70000,12000,12000,0
4273,30141,5,3,-1465000,-5385000,12000,12006,0
4274,30141,5,4,-2505000,-11010000,12000,12000,0
4275,30141,5,5,2695000,-11020000,12000,12006,0
4276,30142,1,1,-2670000,-3570000,13000,13000,0
4277,30142,2,1,-2910000,-1500000,13000,13000,0
4278,30142,2,2,-2910000,-9600000,13000,13000,0
4279,30142,3,1,-2910000,390000,13000,13000,0
4280,30142,3,2,-2910000,-5730000,13000,13000,0
4281,30142,3,3,-2910000,-12020000,13000,13000,0
4282,30142,4,1,-7880000,-1495000,13000,12994,0
4283,30142,4,2,-2050000,-1500000,13000,13000,0
4284,30142,4,3,-7880000,-10720000,13000,13000,0
4285,30142,4,4,-2050000,-10720000,13000,13000,0
4286,30142,5,1,-7730000,-5000,13000,13006,0
4287,30142,5,2,-2270000,-170000,13000,13000,0
4288,30142,5,3,-3020000,-5775000,13000,13006,0
4289,30142,5,4,-7800000,-11490000,13000,13000,0
4290,30142,5,5,-2270000,-11700000,13000,13006,0
4291,30143,1,1,15000,-3570000,13000,13000,0
4292,30143,2,1,-300000,-1190000,12500,12500,0
4293,30143,2,2,-295000,-9930000,12500,12500,0
4294,30143,3,1,-870000,0,12500,12500,0
4295,30143,3,2,0,-6290000,12500,12500,0
4296,30143,3,3,-870000,-11100000,12500,12500,0
4297,30143,4,1,-3290000,-1615000,13000,12994,0
4298,30143,4,2,2420000,-1620000,13000,13000,0
4299,30143,4,3,-3105000,-10470000,13000,13000,0
4300,30143,4,4,2420000,-10470000,13000,13000,0
4301,30143,5,1,-3020000,-170000,13000,13006,0
4302,30143,5,2,2280000,-510000,13000,13000,0
4303,30143,5,3,-420000,-5775000,13000,13006,0
4304,30143,5,4,-3020000,-11490000,13000,13000,0
4305,30143,5,5,2280000,-11615000,13000,13006,0
4306,20062,1,1,-1890000,-2490000,12000,12000,0
4307,20062,2,1,-1920000,-350000,12000,12000,0
4308,20062,2,2,-1925000,-8910000,12000,12000,0
4309,20062,3,1,-1095000,2905000,11000,11000,0
4310,20062,3,2,-1095000,-3400000,11000,11000,0
4311,20062,3,3,-735000,-9145000,11000,11000,0
4312,20062,4,1,-4800000,105000,12000,11994,0
4313,20062,4,2,1030000,110000,12000,12000,0
4314,20062,4,3,-4795000,-8370000,12000,12000,0
4315,20062,4,4,1025000,-8370000,12000,12000,0
4316,20062,5,1,-4680000,1855000,12000,12006,0
4317,20062,5,2,900000,1560000,12000,12000,0
4318,20062,5,3,-1950000,-3705000,12000,12006,0
4319,20062,5,4,-4675000,-9430000,12000,12000,0
4320,20062,5,5,580000,-9440000,12000,12006,0
4321,30147,1,1,0,-1680000,11000,11000,0
4322,30147,2,1,0,540000,11000,11000,0
4323,30147,2,2,-5000,-8995000,10998,10999,0
4324,30147,3,1,0,1410000,11000,11000,0
4325,30147,3,2,-120000,-4230000,11000,11000,0
4326,30147,3,3,-115000,-9630000,11000,11000,0
4327,30147,4,1,-2050000,550000,11000,10995,0
4328,30147,4,2,3330000,545000,11000,11000,0
4329,30147,4,3,-2055000,-8880000,11000,11000,0
4330,30147,4,4,3335000,-8875000,11000,11000,0
4331,30147,5,1,-2220000,1705000,11000,11005,0
4332,30147,5,2,3270000,1410000,11000,11000,0
4333,30147,5,3,-310000,-4335000,11000,11005,0
4334,30147,5,4,-2225000,-9690000,11000,11000,0
4335,30147,5,5,3605000,-9690000,11000,11005,0
4336,30148,1,1,-1140000,-1800000,11000,11000,0
4337,30148,2,1,-1170000,135000,11000,11000,0
4338,30148,2,2,-1165000,-8940000,11000,11000,0
4339,30148,3,1,-1095000,1075000,11000,11000,0
4340,30148,3,2,-1005000,-5160000,11000,11000,0
4341,30148,3,3,-1095000,-10765000,11000,11000,0
4342,30148,4,1,-5820000,-815000,12000,11994,0
4343,30148,4,2,-270000,-820000,12000,12000,0
4344,30148,4,3,-5820000,-9990000,12000,12000,0
4345,30148,4,4,-275000,-9990000,12000,12000,0
4346,30148,5,1,-5670000,1050000,11000,11005,0
4347,30148,5,2,40000,720000,11000,11000,0
4348,30148,5,3,-1010000,-4905000,11000,11005,0
4349,30148,5,4,-5290000,-10360000,11000,11000,0
4350,30148,5,5,45000,-10360000,11000,11005,0
4351,30149,1,1,-360000,-1835000,11000,11000,0
4352,30149,2,1,-420000,380000,11000,11000,0
4353,30149,2,2,-415000,-8400000,11000,11000,0
4354,30149,3,1,-290000,2910000,10000,10000,0
4355,30149,3,2,-290000,-3400000,10000,10000,0
4356,30149,3,3,-490000,-8460000,10000,10000,0
4357,30149,4,1,-3285000,550000,11000,10995,0
4358,30149,4,2,2320000,545000,11000,11000,0
4359,30149,4,3,-3285000,-8030000,11000,11000,0
4360,30149,4,4,2345000,-8025000,11000,11000,0
4361,30149,5,1,-3510000,2785000,10000,10005,0
4362,30149,5,2,1950000,2790000,10000,10000,0
4363,30149,5,3,-320000,-2525000,10000,10005,0
4364,30149,5,4,-3510000,-8520000,10000,10000,0
4365,30149,5,5,2280000,-8555000,10000,10005,0
4366,30150,1,1,-420000,-7290000,18000,18000,0
4367,30150,2,1,0,-7080000,18000,18000,0
4368,30150,2,2,0,-16740000,18000,18000,0
4369,30150,3,1,355000,-5010000,17000,17000,0
4370,30150,3,2,840000,-10930000,17000,17000,0
4371,30150,3,3,350000,-16360000,17000,17000,0
4372,30150,4,1,-1560000,-6090000,17000,16992,0
4373,30150,4,2,4110000,-6080000,17000,17000,0
4374,30150,4,3,-1560000,-15870000,17000,17000,0
4375,30150,4,4,4440000,-15540000,17000,17000,0
4376,30150,5,1,-1530000,-4955000,17000,17008,0
4377,30150,5,2,3900000,-4970000,17000,17000,0
4378,30150,5,3,355000,-10720000,17000,17008,0
4379,30150,5,4,-1530000,-16440000,17000,17000,0
4380,30150,5,5,4290000,-16430000,17000,17008,0
4381,20063,1,1,-1205000,-3960000,13000,13000,0
4382,20063,2,1,-1615000,-830000,12000,12000,0
4383,20063,2,2,-1505000,-9900000,12000,12000,0
4384,20063,3,1,-935000,270000,12000,12000,0
4385,20063,3,2,-930000,-5700000,12000,12000,0
4386,20063,3,3,-925000,-11340000,12000,12000,0
4387,20063,4,1,-4950000,-815000,12000,11994,0
4388,20063,4,2,810000,-820000,12000,12000,0
4389,20063,4,3,-4945000,-11040000,12000,12000,0
4390,20063,4,4,950000,-11040000,12000,12000,0
4391,20063,5,1,-4800000,595000,11000,11005,0
4392,20063,5,2,805000,435000,11000,11000,0
4393,20063,5,3,-1010000,-5115000,11000,11005,0
4394,20063,5,4,-4805000,-10785000,11000,11000,0
4395,20063,5,5,805000,-10920000,11000,11005,0
4396,30152,1,1,0,-2820000,12000,12000,0
4397,30152,2,1,0,-830000,12000,12000,0
4398,30152,2,2,5000,-9180000,12000,12000,0
4399,30152,3,1,355000,1470000,11000,11000,0
4400,30152,3,2,355000,-4475000,11000,11000,0
4401,30152,3,3,355000,-10370000,11000,11000,0
4402,30152,4,1,-2820000,340000,11000,10995,0
4403,30152,4,2,2670000,335000,11000,11000,0
4404,30152,4,3,-2815000,-8880000,11000,11000,0
4405,30152,4,4,3020000,-8875000,11000,11000,0
4406,30152,5,1,-2770000,1525000,10000,10005,0
4407,30152,5,2,2400000,1530000,10000,10000,0
4408,30152,5,3,-140000,-4035000,10000,10005,0
4409,30152,5,4,-2770000,-9710000,10000,10000,0
4410,30152,5,5,2690000,-9715000,10000,10005,0
4411,10092,1,1,0,-960000,11000,11000,0
4412,10092,2,1,0,1680000,11000,11000,0
4413,10092,2,2,5000,-6315000,11000,11000,0
4414,10092,3,1,0,4770000,10000,10000,0
4415,10092,3,2,0,-1560000,10000,10000,0
4416,10092,3,3,0,-6410000,10000,10000,0
4417,10092,4,1,-2770000,2165000,10000,9995,0
4418,10092,4,2,3020000,2170000,10000,10000,0
4419,10092,4,3,-2770000,-6090000,10000,10000,0
4420,10092,4,4,3020000,-6090000,10000,10000,0
4421,10092,5,1,-2500000,4375000,10000,10005,0
4422,10092,5,2,2780000,3900000,10000,10000,0
4423,10092,5,3,0,-1165000,10000,10005,0
4424,10092,5,4,-2160000,-7140000,10000,10000,0
4425,10092,5,5,2780000,-7135000,10000,10005,0
4426,20064,1,1,-420000,-2850000,12000,12000,0
4427,20064,2,1,-805000,825000,11000,11000,0
4428,20064,2,2,-805000,-7440000,11000,11000,0
4429,20064,3,1,-5000,3390000,11000,11000,0
4430,20064,3,2,0,-2970000,11000,11000,0
4431,20064,3,3,-735000,-8445000,11000,11000,0
4432,20064,4,1,-3575000,550000,11000,10995,0
4433,20064,4,2,1950000,545000,11000,11000,0
4434,20064,4,3,-3575000,-8220000,11000,11000,0
4435,20064,4,4,1955000,-8270000,11000,11000,0
4436,20064,5,1,-3575000,2935000,11000,11005,0
4437,20064,5,2,1950000,2380000,11000,11000,0
4438,20064,5,3,0,-2580000,11000,11005,0
4439,20064,5,4,-3020000,-8355000,11000,11000,0
4440,20064,5,5,1955000,-8320000,11000,11005,0
4441,30151,1,1,-305000,-2490000,12000,12000,0
4442,30151,2,1,-695000,195000,11000,11000,0
4443,30151,2,2,-695000,-8400000,11000,11000,0
4444,30151,3,1,-315000,2325000,11000,11000,0
4445,30151,3,2,105000,-3595000,11000,11000,0
4446,30151,3,3,-735000,-9225000,11000,11000,0
4447,30151,4,1,-3720000,1485000,10000,9995,0
4448,30151,4,2,1670000,1490000,10000,10000,0
4449,30151,4,3,-3720000,-7760000,10000,10000,0
4450,30151,4,4,1670000,-7760000,10000,10000,0
4451,30151,5,1,-4000000,2375000,10000,10005,0
4452,30151,5,2,1690000,2160000,10000,10000,0
4453,30151,5,3,-390000,-3075000,10000,10005,0
4454,30151,5,4,-3720000,-8600000,10000,10000,0
4455,30151,5,5,2070000,-8605000,10000,10005,0
4456,30153,1,1,-300000,-380000,11000,11004,0
4457,30153,2,1,-310000,2000000,11000,11000,0
4458,30153,2,2,-305000,-8030000,11000,11000,0
4459,30153,3,1,0,2730000,11000,11000,0
4460,30153,3,2,-5000,-3100000,11000,11000,0
4461,30153,3,3,-5000,-8565000,11000,11000,0
4462,30153,4,1,-2940000,1425000,10000,9995,0
4463,30153,4,2,3185000,1620000,10500,10500,0
4464,30153,4,3,-2535000,-8385000,10500,10500,0
4465,30153,4,4,3185000,-8390000,10500,10500,0
4466,30153,5,1,-3020000,2845000,10000,10005,0
4467,30153,5,2,2690000,2160000,10000,10000,0
4468,30153,5,3,-420000,-3025000,10500,10505,0
4469,30153,5,4,-3020000,-8340000,10000,10000,0
4470,30153,5,5,2780000,-8265000,10000,10005,0
4471,30154,1,1,715000,-2490000,12000,12000,0
4472,30154,2,1,840000,240000,11400,11400,0
4473,30154,2,2,840000,-7860000,11400,11400,0
4474,30154,3,1,825000,3830000,10400,10400,0
4475,30154,3,2,985000,-2845000,10600,10600,0
4476,30154,3,3,985000,-7790000,10500,10500,0
4477,30154,4,1,-3105000,345000,11200,11195,0
4478,30154,4,2,3020000,905000,11200,11200,0
4479,30154,4,3,-3110000,-7760000,11200,11200,0
4480,30154,4,4,3020000,-7760000,11200,11200,0
4481,30154,5,1,-2670000,3245000,10000,10005,0
4482,30154,5,2,3090000,2500000,10000,10000,0
4483,30154,5,3,0,-2090000,10292,10297,0
4484,30154,5,4,-2500000,-7700000,10196,10196,0
4485,30154,5,5,3090000,-7705000,10000,10005,0
4486,30155,1,1,-5000,-2560000,13700,13700,0
4487,30155,2,1,5000,-2225000,14000,14000,0
4488,30155,2,2,5000,-10980000,15000,15000,0
4489,30155,3,1,-490000,1620000,10000,10000,0
4490,30155,3,2,355000,-4480000,10800,10800,0
4491,30155,3,3,0,-9930000,11000,11000,0
4492,30155,4,1,-1655000,-725000,12000,11994,0
4493,30155,4,2,4110000,-255000,12000,12000,0
4494,30155,4,3,-2050000,-9990000,12000,12000,0
4495,30155,4,4,4105000,-9990000,12000,12000,0
4496,30155,5,1,-1545000,1295000,10800,10805,0
4497,30155,5,2,3820000,975000,11100,11100,0
4498,30155,5,3,0,-4335000,11000,11005,0
4499,30155,5,4,-2170000,-9815000,11000,11000,0
4500,30155,5,5,4100000,-9690000,11200,11205,0
4501,30156,1,1,-3630000,-5325000,14633,14633,0
4502,30156,2,1,-3040000,-2935000,14000,14000,0
4503,30156,2,2,-3040000,-11700000,14000,14000,0
4504,30156,3,1,-3720000,-2145000,14000,14000,0
4505,30156,3,2,-3720000,-7705000,14000,14000,0
4506,30156,3,3,-3520000,-13940000,14000,14000,0
4507,30156,4,1,-8280000,-3415000,14500,14493,0
4508,30156,4,2,-3050000,-3420000,14500,14500,0
4509,30156,4,3,-8280000,-12645000,14000,14000,0
4510,30156,4,4,-2650000,-11700000,14000,14000,0
4511,30156,5,1,-7470000,-2065000,13000,13006,0
4512,30156,5,2,-1990000,-2070000,13000,13000,0
4513,30156,5,3,-3020000,-7685000,13467,13473,0
4514,30156,5,4,-7400000,-13240000,13000,13000,0
4515,30156,5,5,-1990000,-12810000,13000,13006,0
4516,10093,1,1,-5000,-2490000,12000,12000,0
4517,10093,2,1,0,675000,11500,11500,0
4518,10093,2,2,-405000,-7170000,11000,11000,0
4519,10093,3,1,-290000,3990000,10000,10000,0
4520,10093,3,2,0,-1930000,10000,10000,0
4521,10093,3,3,0,-7380000,10000,10000,0
4522,10093,4,1,-2050000,1425000,10000,9995,0
4523,10093,4,2,3020000,1160000,10000,10000,0
4524,10093,4,3,-2050000,-7170000,10000,10000,0
4525,10093,4,4,2780000,-7170000,10500,10500,0
4526,10093,5,1,-2500000,3575000,10000,10005,0
4527,10093,5,2,2660000,2970000,10000,10000,0
4528,10093,5,3,-430000,-1705000,10000,10005,0
4529,10093,5,4,-2500000,-7280000,10000,10000,0
4530,10093,5,5,3200000,-7135000,10000,10005,0
4531,20065,1,1,1770000,-965000,12000,12000,0
4532,20065,2,1,600000,2000000,10000,10000,0
4533,20065,2,2,600000,-5700000,10000,10000,0
4534,20065,3,1,-515000,5225000,10000,10000,-57251
4535,20065,3,2,360000,-940000,10000,10000,0
4536,20065,3,3,360000,-5960000,10000,10000,0
4537,20065,4,1,-1630000,1535000,10000,9995,0
4538,20065,4,2,3840000,2510000,10000,10000,0
4539,20065,4,3,-2050000,-5700000,10000,10000,0
4540,20065,4,4,3840000,-5700000,10000,10000,0
4541,20065,5,1,-1770000,5065000,10000,10005,0
4542,20065,5,2,3940000,4370000,10000,10000,0
4543,20065,5,3,0,-345000,10000,10005,0
4544,20065,5,4,-1770000,-5810000,10000,10000,0
4545,20065,5,5,3940000,-5825000,10000,10005,0
4546,30157,1,1,355000,-2290000,13000,13000,0
4547,30157,2,1,1075000,220000,12000,12000,0
4548,30157,2,2,1075000,-8010000,12000,12000,0
4549,30157,3,1,355000,2150000,12000,12000,0
4550,30157,3,2,355000,-3840000,12000,12000,0
4551,30157,3,3,355000,-9430000,12000,12000,0
4552,30157,4,1,-2050000,-255000,12000,11994,0
4553,30157,4,2,3420000,545000,12000,12000,0
4554,30157,4,3,-2045000,-9130000,12000,12000,0
4555,30157,4,4,3425000,-7760000,12000,12000,0
4556,30157,5,1,-2070000,2495000,10000,10005,0
4557,30157,5,2,3240000,2150000,10000,10000,0
4558,30157,5,3,500000,-3105000,10000,10005,0
4559,30157,5,4,-2070000,-8610000,10000,10000,0
4560,30157,5,5,3240000,-8615000,10000,10005,0
4561,30158,1,1,955000,-2850000,15000,15000,0
4562,30158,2,1,630000,825000,13000,13000,0
4563,30158,2,2,630000,-7985000,13000,13000,0
4564,30158,3,1,355000,2760000,12000,12000,0
4565,30158,3,2,355000,-3310000,12000,12000,0
4566,30158,3,3,355000,-9130000,12000,12000,0
4567,30158,4,1,-1655000,765000,12000,11994,0
4568,30158,4,2,4110000,2190000,12000,12000,0
4569,30158,4,3,-1280000,-8590000,12000,12000,0
4570,30158,4,4,3845000,-7000000,12000,12000,0
4571,30158,5,1,-2130000,3035000,10000,10005,0
4572,30158,5,2,3610000,3030000,10000,10000,0
4573,30158,5,3,150000,-2525000,10000,10005,0
4574,30158,5,4,-2130000,-8170000,10000,10000,0
4575,30158,5,5,3610000,-7985000,10000,10005,0
4576,30159,1,1,-1175000,-4520000,13500,13500,0
4577,30159,2,1,-1740000,-1270000,12500,12500,0
4578,30159,2,2,-1740000,-9510000,12500,12500,0
4579,30159,3,1,-1295000,2235000,11000,11000,0
4580,30159,3,2,-1295000,-4125000,11000,11000,0
4581,30159,3,3,-1295000,-9275000,11000,11000,0
4582,30159,4,1,-4220000,1625000,10000,9995,0
4583,30159,4,2,1120000,1420000,10000,10000,0
4584,30159,4,3,-4220000,-8890000,10000,10000,0
4585,30159,4,4,1120000,-8340000,10000,10000,0
4586,30159,5,1,-4460000,2155000,10000,10005,0
4587,30159,5,2,1150000,1630000,10000,10000,0
4588,30159,5,3,-420000,-3215000,10000,10005,0
4589,30159,5,4,-4460000,-8920000,10000,10000,0
4590,30159,5,5,1480000,-8915000,10000,10005,0
4591,10094,1,1,0,0,10000,10000,0
4592,10094,2,1,0,2000000,11000,11000,0
4593,10094,2,2,5000,-7260000,11000,11000,0
4594,10094,3,1,-5000,3840000,11000,11000,0
4595,10094,3,2,0,-2220000,11000,11000,0
4596,10094,3,3,-5000,-7915000,10998,10999,0
4597,10094,4,1,-2400000,1110000,11000,10995,0
4598,10094,4,2,3375000,1115000,11000,11000,0
4599,10094,4,3,-2275000,-7200000,11000,11000,0
4600,10094,4,4,3375000,-6930000,11000,11000,0
4601,10094,5,1,-2460000,3520000,11000,11005,0
4602,10094,5,2,3210000,3485000,11000,11000,0
4603,10094,5,3,0,-1815000,11000,11005,0
4604,10094,5,4,-2455000,-7590000,11000,11000,0
4605,10094,5,5,3210000,-7710000,11000,11005,0
4606,30160,1,1,-1620000,-3690000,13000,13000,0
4607,30160,2,1,-1680000,-2495000,13500,13500,0
4608,30160,2,2,-1685000,-11700000,13500,13500,0
4609,30160,3,1,-1230000,-330000,13000,13000,0
4610,30160,3,2,-1260000,-6630000,13000,13000,0
4611,30160,3,3,-1260000,-11700000,13000,13000,0
4612,30160,4,1,-3290000,-2280000,13000,12994,0
4613,30160,4,2,2100000,-2080000,13000,13000,0
4614,30160,4,3,-3290000,-11570000,13000,13000,0
4615,30160,4,4,2100000,-11640000,13000,13000,0
4616,30160,5,1,-3290000,-605000,13000,13006,0
4617,30160,5,2,1990000,-610000,13000,13000,0
4618,30160,5,3,-1410000,-5955000,13000,13006,0
4619,30160,5,4,-3020000,-11850000,13000,13000,0
4620,30160,5,5,1990000,-11915000,13000,13006,0
4621,30161,1,1,3620000,1440000,14000,14000,0
4622,30161,2,1,3230000,5465000,14000,14000,0
4623,30161,2,2,3230000,-3185000,14000,14000,0
4624,30161,3,1,1920000,6690000,11500,11500,0
4625,30161,3,2,1920000,1305000,11500,11500,0
4626,30161,3,3,1920000,-4020000,12000,12000,0
4627,30161,4,1,2850000,5515000,14000,13993,0
4628,30161,4,2,8890000,5915000,14000,14000,0
4629,30161,4,3,3230000,-3365000,14000,14000,0
4630,30161,4,4,8890000,-3365000,14000,14000,0
4631,30161,5,1,2800000,7705000,14000,14007,0
4632,30161,5,2,8220000,7715000,14000,14000,0
4633,30161,5,3,3570000,2260000,14000,14007,0
4634,30161,5,4,3230000,-3390000,14000,14000,0
4635,30161,5,5,8280000,-3610000,14000,14007,0
4636,30162,1,1,9750000,5490000,22000,22000,0
4637,30162,2,1,9685000,10760000,22000,22000,0
4638,30162,2,2,9685000,2300000,22000,22000,0
4639,30162,3,1,9745000,13445000,21000,21000,0
4640,30162,3,2,9930000,7510000,22000,22000,0
4641,30162,3,3,9745000,2100000,22000,22000,0
4642,30162,4,1,4560000,9600000,18000,17992,0
4643,30162,4,2,9960000,9770000,18000,18000,0
4644,30162,4,3,4565000,1320000,18000,18000,0
4645,30162,4,4,9960000,1320000,18000,18000,0
4646,30162,5,1,4760000,11930000,18000,18008,0
4647,30162,5,2,9965000,11370000,18000,18000,0
4648,30162,5,3,2330000,1280000,12000,12006,0
4649,30162,5,4,5010000,840000,18000,18000,0
4650,30162,5,5,9965000,785000,18000,18008,0
4651,20066,1,1,2070000,-255000,12000,12000,0
4652,20066,2,1,2215000,3310000,12000,12000,0
4653,20066,2,2,2215000,-4440000,12000,12000,0
4654,20066,3,1,1305000,6450000,11000,11000,0
4655,20066,3,2,2075000,675000,11800,11800,0
4656,20066,3,3,1485000,-4620000,11000,11000,0
4657,20066,4,1,270000,2725000,10000,9995,0
4658,20066,4,2,6020000,4020000,10000,10000,0
4659,20066,4,3,190000,-4760000,10000,10000,0
4660,20066,4,4,6020000,-4760000,10000,10000,0
4661,20066,5,1,150000,6085000,10000,10005,0
4662,20066,5,2,5850000,5400000,10000,10000,0
4663,20066,5,3,1145000,780000,11000,11005,0
4664,20066,5,4,340000,-4770000,10000,10000,0
4665,20066,5,5,5850000,-4805000,10000,10005,0
4666,30163,1,1,0,-340000,10000,10000,0
4667,30163,2,1,-330000,1420000,10000,10000,0
4668,30163,2,2,0,-7590000,10000,10000,0
4669,30163,3,1,0,3810000,10000,10000,0
4670,30163,3,2,210000,-2520000,10000,10000,0
4671,30163,3,3,360000,-7770000,10000,10000,0
4672,30163,4,1,-1675000,620000,11000,10995,0
4673,30163,4,2,3645000,1405000,10700,10700,0
4674,30163,4,3,-1820000,-7350000,10000,10000,0
4675,30163,4,4,3650000,-7350000,10000,10000,0
4676,30163,5,1,-1655000,3555000,8000,8004,0
4677,30163,5,2,3265000,2915000,9000,9000,0
4678,30163,5,3,55000,-1785000,9500,9504,0
4679,30163,5,4,-1655000,-7345000,8000,8000,0
4680,30163,5,5,3665000,-7345000,9500,9504,0
4681,20067,1,1,-2845000,-1810000,13000,13000,0
4682,20067,2,1,-3000000,825000,13000,13000,0
4683,20067,2,2,-3405000,-8550000,13500,13500,0
4684,20067,3,1,-2910000,2690000,13000,13000,0
4685,20067,3,2,-3475000,-3535000,13500,13500,0
4686,20067,3,3,-2910000,-8670000,13000,13000,0
4687,20067,4,1,-5720000,1155000,10000,9995,0
4688,20067,4,2,-255000,1720000,9500,9500,0
4689,20067,4,3,-5720000,-7390000,10000,10000,0
4690,20067,4,4,-400000,-7390000,10000,10000,0
4691,20067,5,1,-6000000,3175000,10000,10005,0
4692,20067,5,2,-420000,2380000,10000,10000,0
4693,20067,5,3,-3120000,-2940000,13000,13006,0
4694,20067,5,4,-5290000,-8140000,10000,10000,0
4695,20067,5,5,-140000,-8205000,10000,10005,0
4696,30164,1,1,-3545000,-855000,13500,13500,0
4697,30164,2,1,-2905000,5910000,12700,12700,0
4698,30164,2,2,-2870000,-2145000,12700,12700,0
4699,30164,3,1,-2685000,7360000,12500,12500,0
4700,30164,3,2,-2690000,675000,12500,12500,0
4701,30164,3,3,-2685000,-5160000,12500,12500,0
4702,30164,4,1,-4700000,4650000,7000,6997,0
4703,30164,4,2,590000,4660000,8300,8300,0
4704,30164,4,3,-4890000,-3960000,7500,7500,0
4705,30164,4,4,430000,-3565000,8500,8500,0
4706,30164,5,1,-4340000,6470000,6000,6003,0
4707,30164,5,2,775000,6470000,8000,8000,0
4708,30164,5,3,-2800000,900000,12600,12606,0
4709,30164,5,4,-4550000,-3910000,7500,7500,0
4710,30164,5,5,855000,-3790000,8000,8004,0
4711,30165,1,1,-5000,-8950000,18000,18000,0
4712,30165,2,1,-5000,-3960000,15000,15000,0
4713,30165,2,2,-5000,-14140000,15000,15000,0
4714,30165,3,1,-5000,-2355000,14000,14000,0
4715,30165,3,2,-10000,-8340000,14000,14000,0
4716,30165,3,3,40000,-13940000,14000,14000,0
4717,30165,4,1,-2565000,-4285000,15000,14993,0
4718,30165,4,2,3020000,-5290000,16000,16000,0
4719,30165,4,3,-2565000,-14330000,16000,16000,0
4720,30165,4,4,3020000,-14325000,16000,16000,0
4721,30165,5,1,-2500000,-2520000,14000,14007,0
4722,30165,5,2,2690000,-2515000,14000,14000,0
4723,30165,5,3,0,-8090000,14000,14007,0
4724,30165,5,4,-2500000,-13620000,14000,14000,0
4725,30165,5,5,2690000,-13650000,14000,14007,0
4726,30166,1,1,-3270000,-9130000,20000,20000,0
4727,30166,2,1,-2405000,-3000000,15000,15000,0
4728,30166,2,2,-2405000,-12290000,15000,15000,0
4729,30166,3,1,-2435000,-255000,14000,14000,0
4730,30166,3,2,-2440000,-6770000,14000,14000,0
4731,30166,3,3,-2440000,-12375000,14000,14000,0
4732,30166,4,1,-5290000,-3620000,16000,15993,0
4733,30166,4,2,-510000,-3205000,16000,16000,0
4734,30166,4,3,-5290000,-12690000,16000,16000,0
4735,30166,4,4,-510000,-13000000,16000,16000,0
4736,30166,5,1,-4880000,-870000,14000,14007,0
4737,30166,5,2,-310000,-1460000,14000,14000,0
4738,30166,5,3,-2500000,-6770000,14000,14007,0
4739,30166,5,4,-4880000,-12475000,14000,14000,0
4740,30166,5,5,-310000,-12610000,14000,14007,0
4741,30167,1,1,-785000,-8465000,17000,17000,0
4742,30167,2,1,-1025000,-2970000,15000,15000,0
4743,30167,2,2,-1025000,-11290000,15000,15000,0
4744,30167,3,1,-1115000,780000,13000,13000,0
4745,30167,3,2,-825000,-5120000,12000,12000,0
4746,30167,3,3,-825000,-10280000,12000,12000,0
4747,30167,4,1,-3245000,-875000,12000,11994,0
4748,30167,4,2,2185000,-815000,12000,12000,0
4749,30167,4,3,-3245000,-10020000,12000,12000,0
4750,30167,4,4,2485000,-10020000,12000,12000,0
4751,30167,5,1,-3265000,750000,12000,12006,0
4752,30167,5,2,2215000,10000,12000,12000,0
4753,30167,5,3,-950000,-4580000,12000,12006,0
4754,30167,5,4,-3265000,-10045000,12000,12000,0
4755,30167,5,5,2215000,-10050000,12000,12006,0
4756,10095,1,1,-5000,-2975000,13000,13000,0
4757,10095,2,1,-540000,-195000,11500,11500,0
4758,10095,2,2,-540000,-8460000,11500,11500,0
4759,10095,3,1,-490000,2690000,10000,10000,0
4760,10095,3,2,-490000,-3280000,10000,10000,0
4761,10095,3,3,-490000,-8580000,10000,10000,0
4762,10095,4,1,-3100000,1425000,10000,9995,0
4763,10095,4,2,2070000,1630000,10000,10000,0
4764,10095,4,3,-3100000,-8340000,10000,10000,0
4765,10095,4,4,2070000,-8340000,10000,10000,0
4766,10095,5,1,-3020000,2495000,10000,10005,0
4767,10095,5,2,2160000,1890000,10000,10000,0
4768,10095,5,3,-420000,-2925000,10000,10005,0
4769,10095,5,4,-2670000,-8380000,10000,10000,0
4770,10095,5,5,2160000,-8265000,10000,10005,0
4771,20068,1,1,1980000,-2170000,13000,13000,0
4772,20068,2,1,1915000,-255000,12000,12000,0
4773,20068,2,2,1915000,-7980000,12000,12000,0
4774,20068,3,1,1425000,2705000,11000,11000,0
4775,20068,3,2,1425000,-3145000,11000,11000,0
4776,20068,3,3,1425000,-8565000,11000,11000,0
4777,20068,4,1,265000,350000,11000,10995,0
4778,20068,4,2,5400000,355000,11000,11000,0
4779,20068,4,3,265000,-7760000,11000,11000,0
4780,20068,4,4,5300000,-7765000,11000,11000,0
4781,20068,5,1,-20000,2605000,10000,10005,0
4782,20068,5,2,5300000,2610000,10000,10000,0
4783,20068,5,3,1690000,-2910000,11300,11305,0
4784,20068,5,4,0,-8380000,10000,10000,0
4785,20068,5,5,5300000,-8155000,10000,10005,0
4786,30168,1,1,355000,-2560000,13700,13700,0
4787,30168,2,1,270000,2000000,13000,13000,0
4788,30168,2,2,270000,-6770000,13000,13000,0
4789,30168,3,1,-5000,3230000,13000,13000,0
4790,30168,3,2,210000,-2850000,13000,13000,0
4791,30168,3,3,210000,-8340000,13000,13000,0
4792,30168,4,1,-1600000,1180000,13000,12994,0
4793,30168,4,2,3600000,1300000,13000,13000,0
4794,30168,4,3,-1600000,-7760000,13000,13000,0
4795,30168,4,4,3600000,-7760000,13000,13000,0
4796,30168,5,1,-1950000,2905000,12000,12006,0
4797,30168,5,2,3090000,2910000,12000,12000,0
4798,30168,5,3,-5000,-2380000,12000,12006,0
4799,30168,5,4,-1945000,-8230000,12000,12000,0
4800,30168,5,5,3085000,-8190000,12000,12006,0
4801,30169,1,1,-2310000,-1810000,13000,13000,0
4802,30169,2,1,-1860000,-350000,12000,12000,0
4803,30169,2,2,-1855000,-7680000,12000,12000,0
4804,30169,3,1,-1405000,2325000,11000,11000,0
4805,30169,3,2,-1435000,-3130000,11000,11000,0
4806,30169,3,3,-1405000,-8925000,11000,11000,0
4807,30169,4,1,-4165000,125000,11000,11000,0
4808,30169,4,2,1030000,1075000,11000,11000,0
4809,30169,4,3,-4165000,-8250000,11000,11000,0
4810,30169,4,4,1035000,-8245000,11000,11000,0
4811,30169,5,1,-4000000,2160000,10000,10000,0
4812,30169,5,2,970000,1630000,10000,10000,0
4813,30169,5,3,-1555000,-3370000,11000,11000,0
4814,30169,5,4,-4000000,-8380000,10000,10000,0
4815,30169,5,5,970000,-8260000,10000,10000,0
4816,30170,1,1,-1140000,-4280000,13000,13000,0
4817,30170,2,1,-1505000,-255000,12000,12000,0
4818,30170,2,2,-1505000,-9600000,12000,12000,0
4819,30170,3,1,-1545000,220000,12000,12000,0
4820,30170,3,2,-1545000,-5490000,12000,12000,0
4821,30170,3,3,-1545000,-11490000,12000,12000,0
4822,30170,4,1,-3225000,-815000,12000,12000,0
4823,30170,4,2,1615000,-810000,12000,12000,0
4824,30170,4,3,-3225000,-9930000,12000,12000,0
4825,30170,4,4,1615000,-9600000,12000,12000,0
4826,30170,5,1,-3520000,-255000,12000,12000,0
4827,30170,5,2,1475000,-730000,12000,12000,0
4828,30170,5,3,-1480000,-5155000,11500,11500,0
4829,30170,5,4,-3515000,-11700000,12000,12000,0
4830,30170,5,5,1185000,-11700000,12000,12000,0
4831,30171,1,1,-5000,-730000,10000,10000,0
4832,30171,2,1,-480000,1630000,10000,10000,0
4833,30171,2,2,0,-8460000,10000,10000,0
4834,30171,3,1,-200000,1630000,10000,10000,0
4835,30171,3,2,-200000,-4250000,10000,10000,0
4836,30171,3,3,-200000,-9600000,10000,10000,0
4837,30171,4,1,-2340000,1160000,10000,10000,0
4838,30171,4,2,3020000,1420000,10000,10000,0
4839,30171,4,3,-2340000,-8730000,10000,10000,0
4840,30171,4,4,3020000,-8410000,10000,10000,0
4841,30171,5,1,-2440000,2500000,10000,10000,0
4842,30171,5,2,3020000,1030000,10000,10000,0
4843,30171,5,3,-140000,-4020000,10000,10000,0
4844,30171,5,4,-2440000,-9730000,10000,10000,0
4845,30171,5,5,3020000,-9130000,10000,10000,0
4846,20069,1,1,-2310000,-3570000,13000,13000,0
4847,20069,2,1,-1615000,-350000,12000,12000,0
4848,20069,2,2,-1505000,-8400000,12000,12000,0
4849,20069,3,1,-1585000,2705000,11000,11000,0
4850,20069,3,2,-290000,-2660000,10000,10000,0
4851,20069,3,3,-1585000,-9145000,11000,11000,0
4852,20069,4,1,-4765000,345000,11000,11000,0
4853,20069,4,2,805000,345000,11000,11000,0
4854,20069,4,3,-4765000,-8640000,11000,11000,0
4855,20069,4,4,690000,-8635000,11000,11000,0
4856,20069,5,1,-4460000,2500000,10000,10000,0
4857,20069,5,2,600000,1720000,10000,10000,0
4858,20069,5,3,-640000,-2820000,10000,10000,0
4859,20069,5,4,-4460000,-8380000,10000,10000,0
4860,20069,5,5,870000,-8380000,10000,10000,0
4861,30172,1,1,355000,-2910000,13000,13000,0
4862,30172,2,1,55000,-830000,13000,13000,0
4863,30172,2,2,270000,-9130000,13000,13000,0
4864,30172,3,1,210000,1995000,11000,11000,0
4865,30172,3,2,215000,-3595000,11000,11000,0
4866,30172,3,3,215000,-9600000,11000,11000,0
4867,30172,4,1,-2050000,345000,11000,11000,0
4868,30172,4,2,3255000,345000,11000,11000,0
4869,30172,4,3,-2055000,-8730000,11000,11000,0
4870,30172,4,4,3195000,-8725000,11000,11000,0
4871,30172,5,1,-2070000,1920000,10000,10000,0
4872,30172,5,2,3060000,1630000,10000,10000,0
4873,30172,5,3,150000,-3270000,10000,10000,0
4874,30172,5,4,-1650000,-9130000,10000,10000,0
4875,30172,5,5,3060000,-8840000,10000,10000,0
4876,10097,1,1,600000,-1740000,12000,12000,0
4877,10097,2,1,355000,1115000,11000,11000,0
4878,10097,2,2,55000,-6770000,11000,11000,0
4879,10097,3,1,210000,3810000,10000,10000,0
4880,10097,3,2,500000,-1560000,10000,10000,0
4881,10097,3,3,620000,-7560000,10000,10000,0
4882,10097,4,1,-2050000,1630000,10000,10000,0
4883,10097,4,2,3020000,2160000,10000,10000,0
4884,10097,4,3,-2050000,-7290000,10000,10000,0
4885,10097,4,4,3020000,-6770000,10000,10000,0
4886,10097,5,1,-1980000,3620000,10000,10000,0
4887,10097,5,2,3090000,3000000,10000,10000,0
4888,10097,5,3,150000,-1930000,10000,10000,0
4889,10097,5,4,-1980000,-7280000,10000,10000,0
4890,10097,5,5,2780000,-6770000,10000,10000,0
4891,10098,1,1,55000,-2490000,12000,12000,0
4892,10098,2,1,55000,-255000,12000,12000,0
4893,10098,2,2,55000,-8070000,12000,12000,0
4894,10098,3,1,-200000,3240000,10000,10000,0
4895,10098,3,2,-200000,-2150000,10000,10000,0
4896,10098,3,3,0,-8160000,10000,10000,0
4897,10098,4,1,-2050000,905000,11000,11000,0
4898,10098,4,2,2760000,765000,11000,11000,0
4899,10098,4,3,-2435000,-8030000,11000,11000,0
4900,10098,4,4,2755000,-7760000,11000,11000,0
4901,10098,5,1,-2500000,3000000,10000,10000,0
4902,10098,5,2,2690000,2380000,10000,10000,0
4903,10098,5,3,-140000,-2460000,10000,10000,0
4904,10098,5,4,-2220000,-7760000,10000,10000,0
4905,10098,5,5,2660000,-7760000,10000,10000,0
4906,20070,1,1,-5000,-3570000,13000,13000,0
4907,20070,2,1,-1065000,-1030000,12000,12000,0
4908,20070,2,2,-1065000,-9130000,12000,12000,0
4909,20070,3,1,-870000,1890000,10000,10000,0
4910,20070,3,2,-200000,-3440000,10000,10000,0
4911,20070,3,3,-200000,-9510000,10000,10000,0
4912,20070,4,1,-3105000,135000,11000,11000,0
4913,20070,4,2,1990000,135000,11000,11000,0
4914,20070,4,3,-3105000,-9130000,11000,11000,0
4915,20070,4,4,1985000,-9125000,11000,11000,0
4916,20070,5,1,-3020000,1890000,10000,10000,0
4917,20070,5,2,2040000,1170000,10000,10000,0
4918,20070,5,3,-310000,-3540000,10000,10000,0
4919,20070,5,4,-3020000,-9130000,10000,10000,0
4920,20070,5,5,2040000,-8870000,10000,10000,0
4921,30173,1,1,-2310000,-3570000,13000,13000,0
4922,30173,2,1,-2135000,-350000,12000,12000,0
4923,30173,2,2,-2135000,-9130000,12000,12000,0
4924,30173,3,1,-2195000,540000,12000,12000,0
4925,30173,3,2,-2105000,-4980000,12000,12000,0
4926,30173,3,3,-2195000,-11200000,12000,12000,0
4927,30173,4,1,-4945000,135000,11000,11000,0
4928,30173,4,2,-5000,135000,11000,11000,0
4929,30173,4,3,-5855000,-9600000,11000,11000,0
4930,30173,4,4,-5000,-9130000,11000,11000,0
4931,30173,5,1,-4710000,1170000,10000,10000,0
4932,30173,5,2,500000,1170000,10000,10000,0
4933,30173,5,3,-2290000,-5265000,12000,12000,0
4934,30173,5,4,-5270000,-10425000,11000,11000,0
4935,30173,5,5,235000,-10425000,11000,11000,0
4936,30174,1,1,-1230000,-2960000,12000,12000,0
4937,30174,2,1,-1170000,135000,11000,11000,0
4938,30174,2,2,-805000,-8760000,11000,11000,0
4939,30174,3,1,-1415000,1695000,11000,11000,0
4940,30174,3,2,-1415000,-3805000,11000,11000,0
4941,30174,3,3,-1415000,-9870000,11000,11000,0
4942,30174,4,1,-3840000,0,11000,11000,0
4943,30174,4,2,1670000,0,11000,11000,0
4944,30174,4,3,-3835000,-9540000,11000,11000,0
4945,30174,4,4,1665000,-9130000,11000,11000,0
4946,30174,5,1,-3600000,1630000,10000,10000,0
4947,30174,5,2,1690000,880000,10500,10500,0
4948,30174,5,3,-960000,-3725000,10500,10500,0
4949,30174,5,4,-3330000,-9270000,10000,10000,0
4950,30174,5,5,1690000,-9510000,10000,10000,0
4951,30175,1,1,355000,-3230000,13000,13000,0
4952,30175,2,1,-5000,-830000,13000,13000,0
4953,30175,2,2,-10000,-9130000,13000,13000,0
4954,30175,3,1,-735000,1125000,11000,11000,0
4955,30175,3,2,-735000,-4475000,11000,11000,0
4956,30175,3,3,-735000,-10110000,11000,11000,0
4957,30175,4,1,-3615000,-730000,12000,12000,0
4958,30175,4,2,1320000,-730000,12000,12000,0
4959,30175,4,3,-3615000,-9130000,12000,12000,0
4960,30175,4,4,1325000,-8800000,12000,12000,0
4961,30175,5,1,-4000000,1360000,11000,11000,0
4962,30175,5,2,1150000,345000,11000,11000,0
4963,30175,5,3,-655000,-4620000,11000,11000,0
4964,30175,5,4,-3575000,-9690000,11000,11000,0
4965,30175,5,5,1675000,-9600000,11000,11000,0
4966,30176,1,1,-5000,-3570000,13000,13000,0
4967,30176,2,1,355000,220000,12000,12000,0
4968,30176,2,2,0,-7390000,12000,12000,0
4969,30176,3,1,110000,3840000,10000,10000,0
4970,30176,3,2,110000,-1650000,10000,10000,0
4971,30176,3,3,110000,-7500000,10000,10000,0
4972,30176,4,1,-2700000,-185000,11000,11000,0
4973,30176,4,2,2780000,1125000,10500,10500,0
4974,30176,4,3,-2700000,-7460000,10500,10500,0
4975,30176,4,4,2775000,-6920000,10500,10500,0
4976,30176,5,1,-2590000,3620000,10000,10000,0
4977,30176,5,2,2780000,2880000,10000,10000,0
4978,30176,5,3,0,-1930000,10000,10000,0
4979,30176,5,4,-2500000,-7280000,10000,10000,0
4980,30176,5,5,2690000,-7140000,10000,10000,0
4981,10099,1,1,0,0,12000,12000,0
4982,10099,2,1,-5000,2000000,12000,12000,0
4983,10099,2,2,5000,-6360000,12000,12000,0
4984,10099,3,1,0,4770000,10000,10000,0
4985,10099,3,2,0,-730000,10000,10000,0
4986,10099,3,3,0,-6410000,10000,10000,0
4987,10099,4,1,-2050000,2160000,10000,10000,0
4988,10099,4,2,3020000,2830000,10000,10000,0
4989,10099,4,3,-2770000,-6090000,10000,10000,0
4990,10099,4,4,2660000,-5310000,10000,10000,0
4991,10099,5,1,-2500000,4370000,10000,10000,0
4992,10099,5,2,2780000,3620000,10000,10000,0
4993,10099,5,3,0,-940000,10000,10000,0
4994,10099,5,4,-2100000,-6390000,10000,10000,0
4995,10099,5,5,2780000,-6080000,10000,10000,0
4996,10100,1,1,15000,-2150000,12000,12000,0
4997,10100,2,1,-5000,825000,12000,12000,0
4998,10100,2,2,0,-7390000,12000,12000,0
4999,10100,3,1,0,3630000,10000,10000,0
5000,10100,3,2,0,-1530000,10000,10000,0
5001,10100,3,3,-200000,-7530000,10000,10000,0
5002,10100,4,1,-2340000,1420000,10000,10000,0
5003,10100,4,2,3020000,1420000,10000,10000,0
5004,10100,4,3,-2340000,-7320000,10000,10000,0
5005,10100,4,4,2350000,-6770000,10000,10000,0
5006,10100,5,1,-2500000,3270000,10000,10000,0
5007,10100,5,2,2780000,2760000,10000,10000,0
5008,10100,5,3,0,-1930000,10000,10000,0
5009,10100,5,4,-2250000,-7280000,10000,10000,0
5010,10100,5,5,2780000,-6770000,10000,10000,0
5011,20071,1,1,-2760000,-1810000,13000,13000,0
5012,20071,2,1,-2010000,1210000,12000,12000,0
5013,20071,2,2,-2005000,-6030000,12000,12000,0
5014,20071,3,1,-2105000,3780000,12000,12000,0
5015,20071,3,2,-3140000,-1990000,13000,13000,0
5016,20071,3,3,-2105000,-7620000,12000,12000,0
5017,20071,4,1,-6400000,2350000,10000,10000,0
5018,20071,4,2,-510000,2830000,10000,10000,0
5019,20071,4,3,-6030000,-6770000,10000,10000,0
5020,20071,4,4,-510000,-6770000,10000,10000,0
5021,20071,5,1,-6380000,3480000,10000,10000,0
5022,20071,5,2,-640000,2620000,10000,10000,0
5023,20071,5,3,-2225000,-1940000,12000,12000,0
5024,20071,5,4,-5730000,-7560000,10000,10000,0
5025,20071,5,5,-430000,-7560000,10000,10000,0
5026,30177,1,1,355000,-3230000,13000,13000,0
5027,30177,2,1,355000,-730000,12000,12000,0
5028,30177,2,2,355000,-8460000,12000,12000,0
5029,30177,3,1,0,2690000,10000,10000,0
5030,30177,3,2,0,-2700000,10000,10000,0
5031,30177,3,3,0,-8430000,10000,10000,0
5032,30177,4,1,-2050000,345000,11000,11000,0
5033,30177,4,2,3020000,1630000,10000,10000,0
5034,30177,4,3,-2045000,-7760000,11000,11000,0
5035,30177,4,4,3020000,-6770000,11000,11000,0
5036,30177,5,1,-2500000,2500000,10000,10000,0
5037,30177,5,2,3210000,1720000,10000,10000,0
5038,30177,5,3,60000,-3000000,10000,10000,0
5039,30177,5,4,-1920000,-8380000,10000,10000,0
5040,30177,5,5,3210000,-8260000,10000,10000,0
5041,10101,1,1,0,0,10000,10000,0
5042,10101,2,1,0,1630000,10000,10000,0
5043,10101,2,2,10000,-6770000,10000,10000,0
5044,10101,3,1,0,3990000,10000,10000,0
5045,10101,3,2,0,-1560000,10000,10000,0
5046,10101,3,3,0,-7110000,10000,10000,0
5047,10101,4,1,-2670000,1420000,10000,10000,0
5048,10101,4,2,2660000,2420000,10000,10000,0
5049,10101,4,3,-2670000,-6770000,10000,10000,0
5050,10101,4,4,2350000,-6090000,10000,10000,0
5051,10101,5,1,-2770000,3620000,10000,10000,0
5052,10101,5,2,2660000,2880000,10000,10000,0
5053,10101,5,3,0,-1460000,10000,10000,0
5054,10101,5,4,-2500000,-7210000,10000,10000,0
5055,10101,5,5,2660000,-6770000,10000,10000,0
5056,30178,1,1,1920000,-2150000,12000,12000,0
5057,30178,2,1,2215000,-730000,12000,12000,0
5058,30178,2,2,2215000,-8880000,12000,12000,0
5059,30178,3,1,1515000,1530000,11000,11000,0
5060,30178,3,2,2325000,-4050000,12000,12000,0
5061,30178,3,3,2115000,-9600000,12000,12000,0
5062,30178,4,1,810000,345000,11000,11000,0
5063,30178,4,2,5770000,1115000,11000,11000,0
5064,30178,4,3,1030000,-8490000,11000,11000,0
5065,30178,4,4,6180000,-7760000,11000,11000,0
5066,30178,5,1,500000,2380000,10000,10000,0
5067,30178,5,2,5990000,1630000,10000,10000,0
5068,30178,5,3,2215000,-4260000,12000,12000,0
5069,30178,5,4,1185000,-9600000,12000,12000,0
5070,30178,5,5,5990000,-8880000,11000,11000,0
5071,30179,1,1,-810000,-1210000,12000,12000,0
5072,30179,2,1,-1065000,1420000,12000,12000,0
5073,30179,2,2,-1065000,-6000000,12000,12000,0
5074,30179,3,1,-895000,4620000,10500,10500,0
5075,30179,3,2,-895000,-1120000,10500,10500,0
5076,30179,3,3,-895000,-6770000,10500,10500,0
5077,30179,4,1,-3960000,2160000,10000,10000,0
5078,30179,4,2,1580000,2220000,10000,10000,0
5079,30179,4,3,-4160000,-6090000,10000,10000,0
5080,30179,4,4,1580000,-6090000,10000,10000,0
5081,30179,5,1,-4000000,4370000,10000,10000,0
5082,30179,5,2,1440000,3620000,10000,10000,0
5083,30179,5,3,-430000,-950000,10000,10000,0
5084,30179,5,4,-3510000,-6390000,10000,10000,0
5085,30179,5,5,1440000,-6390000,10000,10000,0
5086,30180,1,1,-4545000,-6130000,15000,15000,0
5087,30180,2,1,-4350000,-3720000,14500,14500,0
5088,30180,2,2,-4350000,-11710000,14500,14500,0
5089,30180,3,1,-2800000,60000,13000,13000,0
5090,30180,3,2,-3030000,-6290000,13000,13000,0
5091,30180,3,3,-3030000,-12020000,13000,13000,0
5092,30180,4,1,-6220000,135000,11000,11000,0
5093,30180,4,2,-2050000,-255000,12000,12000,0
5094,30180,4,3,-6665000,-10760000,12000,12000,0
5095,30180,4,4,-1615000,-10760000,12000,12000,0
5096,30180,5,1,-7185000,195000,11000,11000,0
5097,30180,5,2,-1290000,105000,11000,11000,0
5098,30180,5,3,-2315000,-5380000,12000,12000,0
5099,30180,5,4,-7185000,-10455000,11000,11000,0
5100,30180,5,5,-1295000,-10080000,11000,11000,0
5101,30181,1,1,355000,-260000,15000,15000,0
5102,30181,2,1,55000,3270000,13000,13000,0
5103,30181,2,2,355000,-4995000,13000,13000,0
5104,30181,3,1,210000,5280000,12000,12000,0
5105,30181,3,2,210000,-260000,10000,10000,0
5106,30181,3,3,355000,-6000000,13000,13000,0
5107,30181,4,1,-2050000,2940000,13000,13000,0
5108,30181,4,2,3290000,3230000,13000,13000,0
5109,30181,4,3,-2050000,-5290000,13000,13000,0
5110,30181,4,4,3020000,-4780000,13000,13000,0
5111,30181,5,1,-2500000,4790000,10000,10000,0
5112,30181,5,2,2660000,4370000,10000,10000,0
5113,30181,5,3,375000,-5000,11000,11000,0
5114,30181,5,4,-2500000,-6030000,10000,10000,0
5115,30181,5,5,2780000,-5970000,10000,10000,0
5116,10090,1,1,55000,-1210000,13000,13000,0
5117,10090,2,1,5000,1210000,12000,12000,0
5118,10090,2,2,-5000,-6510000,12000,12000,0
5119,10090,3,1,0,4350000,10000,10000,0
5120,10090,3,2,110000,-1260000,10000,10000,0
5121,10090,3,3,0,-7110000,10000,10000,0
5122,10090,4,1,-2400000,2420000,10000,10000,0
5123,10090,4,2,2780000,2420000,10000,10000,0
5124,10090,4,3,-2670000,-6090000,10000,10000,0
5125,10090,4,4,2780000,-5310000,10000,10000,0
5126,10090,5,1,-2500000,4370000,10000,10000,0
5127,10090,5,2,2660000,3480000,10000,10000,0
5128,10090,5,3,0,-1350000,10000,10000,0
5129,10090,5,4,-2100000,-6770000,10000,10000,0
5130,10090,5,5,2780000,-6770000,10000,10000,0
5131,20072,1,1,-2420000,-1810000,13000,13000,0
5132,20072,2,1,-2940000,-255000,13000,13000,0
5133,20072,2,2,-2420000,-7620000,13000,13000,0
5134,20072,3,1,-2105000,3310000,12000,12000,0
5135,20072,3,2,-2105000,-2790000,12000,12000,0
5136,20072,3,3,-1905000,-8160000,12000,12000,0
5137,20072,4,1,-6090000,2350000,10000,10000,0
5138,20072,4,2,-510000,760000,10000,10000,0
5139,20072,4,3,-5720000,-6770000,10000,10000,0
5140,20072,4,4,-510000,-6420000,10000,10000,0
5141,20072,5,1,-5940000,3480000,10000,10000,0
5142,20072,5,2,-700000,2500000,10000,10000,0
5143,20072,5,3,-2015000,-2420000,12000,12000,0
5144,20072,5,4,-5410000,-7280000,10000,10000,0
5145,20072,5,5,-420000,-7650000,10000,10000,0
5146,30182,1,1,-2820000,-1810000,13000,13000,0
5147,30182,2,1,-2820000,-1810000,13000,13000,0
5148,30182,2,2,-2820000,-9600000,13000,13000,0
5149,30182,3,1,-2105000,1420000,12000,12000,0
5150,30182,3,2,-2285000,-4740000,12000,12000,0
5151,30182,3,3,-895000,-10025000,10500,10500,0
5152,30182,4,1,-5720000,1630000,10000,10000,0
5153,30182,4,2,-510000,1420000,10000,10000,0
5154,30182,4,3,-5720000,-8340000,10000,10000,0
5155,30182,4,4,-670000,-7760000,10000,10000,0
5156,30182,5,1,-6030000,1630000,10000,10000,0
5157,30182,5,2,-430000,1630000,10000,10000,0
5158,30182,5,3,-640000,-3800000,10000,10000,0
5159,30182,5,4,-5290000,-9690000,10000,10000,0
5160,30182,5,5,-140000,-9600000,10000,10000,0
5161,30189,1,1,3020000,-1810000,13000,13000,0
5162,30189,2,1,3020000,825000,13000,13000,0
5163,30189,2,2,3020000,-7500000,13000,13000,0
5164,30189,3,1,2115000,2190000,12000,12000,0
5165,30189,3,2,3870000,-4045000,14000,14000,0
5166,30189,3,3,2920000,-8610000,13000,13000,0
5167,30189,4,1,1380000,765000,11000,11000,0
5168,30189,4,2,6825000,1410000,11000,11000,0
5169,30189,4,3,1375000,-7760000,11000,11000,0
5170,30189,4,4,6825000,-6770000,11000,11000,0
5171,30189,5,1,600000,3000000,10000,10000,0
5172,30189,5,2,6420000,2380000,10000,10000,0
5173,30189,5,3,2760000,-3570000,13000,13000,0
5174,30189,5,4,1990000,-8380000,13000,13000,0
5175,30189,5,5,7370000,-7760000,13000,13000,0
5176,10102,1,1,355000,-1800000,12000,12000,0
5177,10102,2,1,110000,1420000,11000,11000,0
5178,10102,2,2,105000,-7500000,11000,11000,0
5179,10102,3,1,0,3600000,10000,10000,0
5180,10102,3,2,0,-1910000,10000,10000,0
5181,10102,3,3,0,-7850000,10000,10000,0
5182,10102,4,1,-2050000,1630000,10000,10000,0
5183,10102,4,2,2780000,2160000,10000,10000,0
5184,10102,4,3,-2050000,-6770000,10000,10000,0
5185,10102,4,4,2780000,-6510000,10000,10000,0
5186,10102,5,1,-2500000,3240000,10000,10000,0
5187,10102,5,2,2780000,2790000,10000,10000,0
5188,10102,5,3,0,-2050000,10000,10000,0
5189,10102,5,4,-2250000,-7970000,10000,10000,0
5190,10102,5,5,2780000,-7520000,10000,10000,0
5191,30183,1,1,-2070000,-1810000,12999,13002,0
5192,30183,2,1,-2035000,-730000,12001,11998,0
5193,30183,2,2,-2045000,-9600000,12001,11998,0
5194,30183,3,1,-490000,2160000,10000,10000,0
5195,30183,3,2,-85000,-3800000,9500,9500,0
5196,30183,3,3,0,-9600000,10000,10000,0
5197,30183,4,1,-3420000,1160000,10000,10000,0
5198,30183,4,2,1670000,1420000,10000,10000,0
5199,30183,4,3,-3420000,-9340000,10000,10000,0
5200,30183,4,4,1670000,-8410000,10000,10000,0
5201,30183,5,1,-4000000,1630000,10000,10000,0
5202,30183,5,2,1150000,1170000,10000,10000,0
5203,30183,5,3,-140000,-3570000,10000,10000,0
5204,30183,5,4,-3600000,-9130000,10000,10000,0
5205,30183,5,5,1150000,-8380000,10000,10000,0
5206,30184,1,1,-1020000,-2690000,12500,12500,0
5207,30184,2,1,-570000,2000000,10000,10000,0
5208,30184,2,2,0,-5820000,10000,10000,0
5209,30184,3,1,0,5410000,9200,9200,0
5210,30184,3,2,-5000,-910000,9500,9500,-45997
5211,30184,3,3,0,-6770000,9500,9500,-2568
5212,30184,4,1,-3105000,2420000,9000,9000,0
5213,30184,4,2,1855000,2915000,9000,9000,0
5214,30184,4,3,-3570000,-5790000,9000,9000,0
5215,30184,4,4,1625000,-5785000,9000,9000,0
5216,30184,5,1,-4000000,4730000,9000,9000,0
5217,30184,5,2,1690000,3900000,9000,9000,0
5218,30184,5,3,55000,-820000,9200,9200,0
5219,30184,5,4,-3655000,-6165000,9000,9000,0
5220,30184,5,5,1685000,-5780000,9000,9000,0
5221,30185,1,1,-5000,-1810000,13000,13000,0
5222,30185,2,1,10000,1160000,10000,10000,0
5223,30185,2,2,0,-7020000,10000,10000,0
5224,30185,3,1,-290000,3420000,10000,10000,0
5225,30185,3,2,0,-2160000,9500,9500,0
5226,30185,3,3,0,-8070000,10000,10000,0
5227,30185,4,1,-2770000,1420000,10000,10000,0
5228,30185,4,2,2350000,1630000,10000,10000,0
5229,30185,4,3,-3100000,-7760000,10000,10000,0
5230,30185,4,4,2350000,-6770000,10000,10000,0
5231,30185,5,1,-3300000,3000000,10000,10000,0
5232,30185,5,2,2190000,2160000,10000,10000,0
5233,30185,5,3,0,-2170000,10000,10000,0
5234,30185,5,4,-3020000,-7760000,10000,10000,0
5235,30185,5,5,2190000,-7280000,10000,10000,0
5236,30190,1,1,-6070000,-990000,17000,17000,0
5237,30190,2,1,-5290000,2300000,16000,16000,0
5238,30190,2,2,-5290000,-6795000,16000,16000,0
5239,30190,3,1,-4325000,4440000,15000,15000,0
5240,30190,3,2,-6140000,-1380000,17000,17000,0
5241,30190,3,3,-6140000,-7530000,17000,17000,0
5242,30190,4,1,-7880000,3310000,12000,12000,0
5243,30190,4,2,-2800000,2820000,13000,13000,0
5244,30190,4,3,-8140000,-6750000,13000,13000,0
5245,30190,4,4,-2800000,-6090000,13000,13000,0
5246,30190,5,1,-8070000,4075000,12000,12000,0
5247,30190,5,2,-3020000,3555000,13000,13000,0
5248,30190,5,3,-4635000,-1350000,15000,15000,0
5249,30190,5,4,-8610000,-6770000,14000,14000,0
5250,30190,5,5,-3830000,-6765000,14000,14000,0
5251,10103,1,1,-1200000,-2885000,14000,14000,0
5252,10103,2,1,-1505000,220000,12000,12000,0
5253,10103,2,2,-1505000,-6770000,12000,12000,0
5254,10103,3,1,-490000,3990000,10000,10000,0
5255,10103,3,2,-630000,-1360000,10000,10000,0
5256,10103,3,3,-630000,-7440000,10000,10000,0
5257,10103,4,1,-4160000,1630000,10000,10000,0
5258,10103,4,2,1030000,2420000,10000,10000,0
5259,10103,4,3,-3960000,-6390000,10000,10000,0
5260,10103,4,4,1030000,-5610000,10000,10000,0
5261,10103,5,1,-4460000,3620000,10000,10000,0
5262,10103,5,2,1150000,2820000,10000,10000,0
5263,10103,5,3,-670000,-1680000,10000,10000,0
5264,10103,5,4,-4000000,-7280000,10000,10000,0
5265,10103,5,5,1440000,-7140000,10000,10000,0
5266,10113,1,1,355000,-2885000,14000,14000,0
5267,10113,2,1,0,1160000,10000,10000,0
5268,10113,2,2,60000,-7140000,10000,10000,0
5269,10113,3,1,-290000,3180000,10000,10000,0
5270,10113,3,2,110000,-2030000,10000,10000,0
5271,10113,3,3,110000,-7580000,10000,10000,0
5272,10113,4,1,-2670000,1420000,10000,10000,0
5273,10113,4,2,2660000,1420000,10000,10000,0
5274,10113,4,3,-2770000,-7410000,10000,10000,0
5275,10113,4,4,2660000,-6770000,10000,10000,0
5276,10113,5,1,-2500000,2940000,10000,10000,0
5277,10113,5,2,3060000,2160000,10000,10000,0
5278,10113,5,3,110000,-2520000,10000,10000,0
5279,10113,5,4,-2500000,-7820000,10000,10000,0
5280,10113,5,5,3060000,-7820000,10000,10000,0
5281,20073,1,1,-3420000,-5520000,17000,17000,0
5282,20073,2,1,-3120000,-2160000,14000,14000,0
5283,20073,2,2,-3120000,-10760000,14000,14000,0
5284,20073,3,1,-1295000,1800000,11000,11000,0
5285,20073,3,2,-1295000,-3805000,11000,11000,0
5286,20073,3,3,-1095000,-9765000,11000,11000,0
5287,20073,4,1,-5290000,135000,11000,11000,0
5288,20073,4,2,15000,135000,11000,11000,0
5289,20073,4,3,-5410000,-8730000,11000,11000,0
5290,20073,4,4,15000,-8725000,11000,11000,0
5291,20073,5,1,-5290000,1630000,10000,10000,0
5292,20073,5,2,-140000,1630000,10000,10000,0
5293,20073,5,3,-1475000,-3900000,11000,11000,0
5294,20073,5,4,-5040000,-8760000,10000,10000,0
5295,20073,5,5,340000,-8760000,10000,10000,0
5296,20074,1,1,1260000,-4305000,14000,14000,0
5297,20074,2,1,1920000,-2885000,14000,14000,0
5298,20074,2,2,1920000,-11490000,14000,14000,0
5299,20074,3,1,2115000,550000,12000,12000,0
5300,20074,3,2,2115000,-5160000,12000,12000,0
5301,20074,3,3,2115000,-10760000,12000,12000,0
5302,20074,4,1,-510000,-815000,12000,12000,0
5303,20074,4,2,4395000,-730000,12000,12000,0
5304,20074,4,3,-505000,-10490000,12000,12000,0
5305,20074,4,4,4395000,-10490000,12000,12000,0
5306,20074,5,1,-805000,600000,11000,11000,0
5307,20074,5,2,4265000,135000,11000,11000,0
5308,20074,5,3,1690000,-5370000,12000,12000,0
5309,20074,5,4,-805000,-10760000,12000,12000,0
5310,20074,5,5,4265000,-10370000,11000,11000,0
5311,30186,1,1,-13875000,-20330000,35000,35000,0
5312,30186,2,1,-14205000,-16800000,35000,35000,0
5313,30186,2,2,-14205000,-25210000,35000,35000,0
5314,30186,3,1,-14850000,-15480000,36000,36000,0
5315,30186,3,2,-15240000,-22200000,38000,38000,0
5316,30186,3,3,-15245000,-28100000,38000,38000,0
5317,30186,4,1,-17850000,-18970000,38000,38000,0
5318,30186,4,2,-12630000,-18510000,38000,38000,0
5319,30186,4,3,-17855000,-27300000,38000,38000,0
5320,30186,4,4,-12635000,-27300000,38000,38000,0
5321,30186,5,1,-17885000,-16980000,38000,38000,0
5322,30186,5,2,-12690000,-17710000,38000,38000,0
5323,30186,5,3,-15810000,-22380000,38000,38000,0
5324,30186,5,4,-17885000,-27970000,38000,38000,0
5325,30186,5,5,-12685000,-27970000,38000,38000,0
5326,30187,1,1,2405000,-3960000,15000,15000,0
5327,30187,2,1,2555000,-3330000,15000,15000,0
5328,30187,2,2,2555000,-10620000,15000,15000,0
5329,30187,3,1,2400000,-560000,14000,14000,0
5330,30187,3,2,2115000,-5220000,12000,12000,0
5331,30187,3,3,2400000,-11700000,14000,14000,0
5332,30187,4,1,540000,-2145000,14000,14000,0
5333,30187,4,2,5890000,-1475000,14000,14000,0
5334,30187,4,3,540000,-10760000,14000,14000,0
5335,30187,4,4,5300000,-9600000,14000,14000,0
5336,30187,5,1,-430000,1630000,10000,10000,0
5337,30187,5,2,4590000,1630000,10000,10000,0
5338,30187,5,3,2215000,-5400000,12000,12000,0
5339,30187,5,4,-310000,-9710000,10000,10000,0
5340,30187,5,5,4590000,-9710000,10000,10000,0
5341,30191,1,1,-870000,-4305000,14000,14000,0
5342,30191,2,1,-1470000,-1810000,13000,13000,0
5343,30191,2,2,-1470000,-10760000,13000,13000,0
5344,30191,3,1,-810000,0,12000,12000,0
5345,30191,3,2,-5000,-4890000,11000,11000,0
5346,30191,3,3,-1545000,-10760000,12000,12000,0
5347,30191,4,1,-4165000,545000,11000,11000,0
5348,30191,4,2,1380000,345000,11000,11000,0
5349,30191,4,3,-3840000,-9840000,11000,11000,0
5350,30191,4,4,1030000,-9130000,11000,11000,0
5351,30191,5,1,-4000000,1420000,10000,10000,0
5352,30191,5,2,1690000,1170000,10000,10000,0
5353,30191,5,3,0,-4890000,10000,10000,0
5354,30191,5,4,-3020000,-10020000,10000,10000,0
5355,30191,5,5,1690000,-10020000,10000,10000,0
5356,10105,1,1,355000,-2150000,12000,12000,0
5357,10105,2,1,0,0,12000,12000,0
5358,10105,2,2,-5000,-8030000,12000,12000,0
5359,10105,3,1,-200000,3570000,10000,10000,0
5360,10105,3,2,0,-1700000,10000,10000,0
5361,10105,3,3,-200000,-7850000,10000,10000,0
5362,10105,4,1,-2340000,1160000,10000,10000,0
5363,10105,4,2,3020000,1160000,10000,10000,0
5364,10105,4,3,-2770000,-7440000,10000,10000,0
5365,10105,4,4,3540000,-7760000,10000,10000,0
5366,10105,5,1,-2770000,3480000,10000,10000,0
5367,10105,5,2,2780000,2500000,10000,10000,0
5368,10105,5,3,0,-2050000,10000,10000,0
5369,10105,5,4,-2010000,-7650000,10000,10000,0
5370,10105,5,5,3330000,-7650000,10000,10000,0
5371,10114,1,1,355000,-1720000,13000,13000,0
5372,10114,2,1,0,1210000,12000,12000,0
5373,10114,2,2,40000,-7110000,12000,12000,0
5374,10114,3,1,0,4350000,10000,10000,0
5375,10114,3,2,360000,-1260000,10000,10000,0
5376,10114,3,3,210000,-7020000,10000,10000,0
5377,10114,4,1,-2050000,1800000,10000,10000,0
5378,10114,4,2,3540000,1800000,10000,10000,0
5379,10114,4,3,-2770000,-6750000,10000,10000,0
5380,10114,4,4,3020000,-6510000,10000,10000,0
5381,10114,5,1,-2500000,4020000,10000,10000,0
5382,10114,5,2,3090000,3240000,10000,10000,0
5383,10114,5,3,0,-1350000,10000,10000,0
5384,10114,5,4,-2500000,-6740000,10000,10000,0
5385,10114,5,5,2780000,-6740000,10000,10000,0
5386,20075,1,1,720000,-2290000,13000,13000,0
5387,20075,2,1,1190000,825000,13000,13000,0
5388,20075,2,2,1190000,-9130000,13000,13000,0
5389,20075,3,1,210000,2910000,10000,10000,0
5390,20075,3,2,210000,-2150000,10000,10000,0
5391,20075,3,3,210000,-8070000,10000,10000,0
5392,20075,4,1,-795000,-90000,12000,12000,0
5393,20075,4,2,4560000,-90000,13000,13000,0
5394,20075,4,3,-510000,-8730000,13000,13000,0
5395,20075,4,4,4100000,-8730000,14000,14000,0
5396,20075,5,1,-805000,2380000,11000,11000,0
5397,20075,5,2,4265000,1475000,11000,11000,0
5398,20075,5,3,0,-2580000,10000,10000,0
5399,20075,5,4,-1010000,-8355000,11000,11000,0
5400,20075,5,5,4265000,-8285000,11000,11000,0
5401,30193,1,1,0,0,10000,10000,0
5402,30193,2,1,0,2300000,10000,10000,0
5403,30193,2,2,0,-5240000,10000,10000,0
5404,30193,3,1,-405000,5650000,9500,9500,0
5405,30193,3,2,-285000,-910000,9500,9500,0
5406,30193,3,3,-85000,-6770000,9500,9500,0
5407,30193,4,1,-4165000,2345000,9000,9000,0
5408,30193,4,2,1030000,2345000,9000,9000,0
5409,30193,4,3,-4560000,-5700000,9000,9000,0
5410,30193,4,4,1035000,-5705000,9000,9000,0
5411,30193,5,1,-4575000,5250000,9000,9000,0
5412,30193,5,2,805000,4410000,9000,9000,0
5413,30193,5,3,0,-580000,9200,9200,0
5414,30193,5,4,-4575000,-5700000,9000,9000,0
5415,30193,5,5,955000,-5705000,9000,9000,0
5416,30194,1,1,0,0,12000,12000,0
5417,30194,2,1,0,2300000,11000,11000,0
5418,30194,2,2,0,-6420000,12000,12000,0
5419,30194,3,1,70000,4740000,10000,10000,0
5420,30194,3,2,210000,-700000,10000,10000,0
5421,30194,3,3,70000,-6410000,10000,10000,0
5422,30194,4,1,-2770000,1160000,10000,10000,0
5423,30194,4,2,3300000,2160000,10000,10000,0
5424,30194,4,3,-2520000,-6360000,10000,10000,0
5425,30194,4,4,3020000,-6090000,10000,10000,0
5426,30194,5,1,-2220000,4370000,10000,10000,0
5427,30194,5,2,3240000,3620000,10000,10000,0
5428,30194,5,3,110000,-940000,10000,10000,0
5429,30194,5,4,-2220000,-6390000,10000,10000,0
5430,30194,5,5,3240000,-6630000,10000,10000,0
5431,30195,1,1,-1505000,-2150000,12000,12000,0
5432,30195,2,1,-1950000,-350000,12000,12000,0
5433,30195,2,2,-1955000,-10360000,12000,12000,0
5434,30195,3,1,-1295000,1125000,11000,11000,0
5435,30195,3,2,-290000,-4230000,10000,10000,0
5436,30195,3,3,-1295000,-10760000,11000,11000,0
5437,30195,4,1,-5020000,135000,11000,11000,0
5438,30195,4,2,40000,545000,11000,11000,0
5439,30195,4,3,-5855000,-9030000,11000,11000,0
5440,30195,4,4,950000,-8340000,10000,10000,0
5441,30195,5,1,-5760000,1170000,10000,10000,0
5442,30195,5,2,-140000,1170000,10000,10000,0
5443,30195,5,3,-390000,-4380000,10000,10000,0
5444,30195,5,4,-5290000,-9990000,10000,10000,0
5445,30195,5,5,-140000,-9690000,10000,10000,0
5446,30196,1,1,-5000,-1075000,11000,11000,0
5447,30196,2,1,-5000,345000,11000,11000,0
5448,30196,2,2,-5000,-8550000,11000,11000,0
5449,30196,3,1,-90000,3810000,10000,10000,0
5450,30196,3,2,-90000,-1530000,10000,10000,0
5451,30196,3,3,-90000,-7440000,10000,10000,0
5452,30196,4,1,-2460000,1160000,10000,10000,0
5453,30196,4,2,3270000,1530000,10000,10000,0
5454,30196,4,3,-2460000,-7320000,10000,10000,0
5455,30196,4,4,3270000,-6780000,10000,10000,0
5456,30196,5,1,-2500000,3480000,10000,10000,0
5457,30196,5,2,3240000,2730000,10000,10000,0
5458,30196,5,3,0,-1940000,10000,10000,0
5459,30196,5,4,-2500000,-7280000,10000,10000,0
5460,30196,5,5,2690000,-7530000,10000,10000,0
5461,30197,1,1,-630000,-2490000,12000,12000,0
5462,30197,2,1,0,135000,11000,11000,0
5463,30197,2,2,-5000,-8030000,11000,11000,0
5464,30197,3,1,40000,2730000,10000,10000,0
5465,30197,3,2,0,-2940000,10000,10000,0
5466,30197,3,3,0,-8670000,10000,10000,0
5467,30197,4,1,-3600000,1160000,10000,10000,0
5468,30197,4,2,1710000,1160000,10000,10000,0
5469,30197,4,3,-3600000,-8410000,10000,10000,0
5470,30197,4,4,1980000,-8340000,10000,10000,0
5471,30197,5,1,-4000000,2380000,10000,10000,0
5472,30197,5,2,2010000,1590000,10000,10000,0
5473,30197,5,3,-420000,-3000000,10000,10000,0
5474,30197,5,4,-3570000,-8380000,10000,10000,0
5475,30197,5,5,2010000,-8380000,10000,10000,0
5476,10106,1,1,355000,-730000,12000,12000,0
5477,10106,2,1,0,1115000,11000,11000,0
5478,10106,2,2,-5000,-8030000,11000,11000,0
5479,10106,3,1,-200000,2910000,10000,10000,0
5480,10106,3,2,-200000,-2150000,10000,10000,0
5481,10106,3,3,-200000,-8340000,10000,10000,0
5482,10106,4,1,-2770000,1160000,10000,10000,0
5483,10106,4,2,2780000,1160000,10000,10000,0
5484,10106,4,3,-2770000,-7760000,10000,10000,0
5485,10106,4,4,2780000,-7760000,10000,10000,0
5486,10106,5,1,-3020000,3000000,10000,10000,0
5487,10106,5,2,2690000,2160000,10000,10000,0
5488,10106,5,3,0,-2580000,10000,10000,0
5489,10106,5,4,-2500000,-8030000,10000,10000,0
5490,10106,5,5,2780000,-8030000,10000,10000,0
5491,20076,1,1,-570000,-1960000,13000,13000,0
5492,20076,2,1,-285000,-830000,12000,12000,0
5493,20076,2,2,-285000,-9300000,12000,12000,0
5494,20076,3,1,-480000,1950000,11000,11000,0
5495,20076,3,2,-480000,-3400000,11000,11000,0
5496,20076,3,3,-475000,-9235000,11000,11000,0
5497,20076,4,1,-3105000,135000,11000,11000,0
5498,20076,4,2,2515000,135000,11000,11000,0
5499,20076,4,3,-3105000,-9030000,11000,11000,0
5500,20076,4,4,2515000,-8755000,11000,11000,0
5501,20076,5,1,-3020000,1970000,10500,10500,0
5502,20076,5,2,2115000,1170000,10500,10500,0
5503,20076,5,3,-140000,-3090000,10000,10000,0
5504,20076,5,4,-2500000,-9100000,10500,10500,0
5505,20076,5,5,2115000,-9100000,10500,10500,0
5506,30192,1,1,-3890000,-3155000,14000,14000,0
5507,30192,2,1,-3080000,-1810000,13000,13000,0
5508,30192,2,2,-3080000,-10470000,13000,13000,0
5509,30192,3,1,-2685000,1125000,12500,12500,0
5510,30192,3,2,-2505000,-4350000,12500,12500,0
5511,30192,3,3,-2685000,-10360000,12500,12500,0
5512,30192,4,1,-6360000,0,11000,11000,0
5513,30192,4,2,-1280000,135000,11000,11000,0
5514,30192,4,3,-6365000,-9490000,11000,11000,0
5515,30192,4,4,-1275000,-9415000,11000,11000,0
5516,30192,5,1,-6380000,1440000,10000,10000,0
5517,30192,5,2,-420000,1170000,10000,10000,0
5518,30192,5,3,-2685000,-4550000,12500,12500,0
5519,30192,5,4,-5760000,-9320000,10000,10000,0
5520,30192,5,5,-670000,-9320000,10000,10000,0
5521,30198,1,1,-1980000,-930000,12000,12000,0
5522,30198,2,1,-1880000,-350000,11500,11500,0
5523,30198,2,2,-1880000,-9000000,11500,11500,0
5524,30198,3,1,-1475000,720000,11000,11000,0
5525,30198,3,2,-1295000,-5340000,11000,11000,0
5526,30198,3,3,-1475000,-11115000,11000,11000,0
5527,30198,4,1,-4765000,135000,11000,11000,0
5528,30198,4,2,0,135000,11000,11000,0
5529,30198,4,3,-4765000,-9840000,11000,11000,0
5530,30198,4,4,-5000,-9600000,11000,11000,0
5531,30198,5,1,-5290000,630000,10500,10500,0
5532,30198,5,2,40000,630000,10500,10500,0
5533,30198,5,3,-310000,-4980000,10000,10000,0
5534,30198,5,4,-4890000,-10720000,10000,10000,0
5535,30198,5,5,670000,-10360000,10000,10000,0
5536,30213,1,1,355000,4745000,16000,16000,0
5537,30213,2,1,355000,8460000,16000,16000,0
5538,30213,2,2,0,-830000,16000,16000,0
5539,30213,3,1,685000,8730000,12000,12000,0
5540,30213,3,2,690000,3310000,12000,12000,0
5541,30213,3,3,695000,-2490000,12000,12000,0
5542,30213,4,1,-2050000,6820000,12000,12000,0
5543,30213,4,2,4110000,7210000,12000,12000,0
5544,30213,4,3,-2055000,-1210000,12000,12000,0
5545,30213,4,4,4105000,-815000,12000,12000,0
5546,30213,5,1,-1950000,8520000,12000,12000,0
5547,30213,5,2,3605000,8220000,12000,12000,0
5548,30213,5,3,355000,3220000,12000,12000,0
5549,30213,5,4,-1615000,-2490000,12000,12000,0
5550,30213,5,5,3870000,-1460000,12000,12000,0
5551,10107,1,1,355000,-820000,12000,12000,0
5552,10107,2,1,0,1115000,11000,11000,0
5553,10107,2,2,55000,-6840000,11000,11000,0
5554,10107,3,1,0,4020000,10000,10000,0
5555,10107,3,2,0,-1500000,10000,10000,0
5556,10107,3,3,0,-7290000,10000,10000,0
5557,10107,4,1,-2770000,1410000,10000,10000,0
5558,10107,4,2,2780000,2160000,10000,10000,0
5559,10107,4,3,-2770000,-7080000,10000,10000,0
5560,10107,4,4,3020000,-6810000,10000,10000,0
5561,10107,5,1,-3020000,3620000,10000,10000,0
5562,10107,5,2,3030000,2730000,10000,10000,0
5563,10107,5,3,0,-1640000,10000,10000,0
5564,10107,5,4,-2500000,-7140000,10000,10000,0
5565,10107,5,5,3030000,-7140000,10000,10000,0
5566,10117,1,1,355000,-1810000,13000,13000,0
5567,10117,2,1,10000,1420000,10000,10000,0
5568,10117,2,2,0,-7170000,10000,10000,0
5569,10117,3,1,0,3750000,10000,10000,0
5570,10117,3,2,0,-1620000,10000,10000,0
5571,10117,3,3,-200000,-7530000,10000,10000,0
5572,10117,4,1,-2050000,1160000,10000,10000,0
5573,10117,4,2,3420000,1160000,10000,10000,0
5574,10117,4,3,-2460000,-7380000,10000,10000,0
5575,10117,4,4,3420000,-6960000,10000,10000,0
5576,10117,5,1,-2040000,3480000,10000,10000,0
5577,10117,5,2,2780000,2730000,10000,10000,0
5578,10117,5,3,40000,-1940000,10000,10000,0
5579,10117,5,4,-2040000,-7280000,10000,10000,0
5580,10117,5,5,3610000,-7280000,10000,10000,0
5581,30199,1,1,-750000,-3230000,13000,13000,0
5582,30199,2,1,-1065000,-255000,12000,12000,0
5583,30199,2,2,-1065000,-9600000,12000,12000,0
5584,30199,3,1,-490000,1120000,10000,10000,0
5585,30199,3,2,-490000,-4470000,10000,10000,0
5586,30199,3,3,-490000,-10360000,10000,10000,0
5587,30199,4,1,-4165000,135000,11000,11000,0
5588,30199,4,2,1380000,135000,11000,11000,0
5589,30199,4,3,-4165000,-9415000,11000,11000,0
5590,30199,4,4,1030000,-9600000,11000,11000,0
5591,30199,5,1,-3640000,1170000,10000,10000,0
5592,30199,5,2,1690000,1160000,10000,10000,0
5593,30199,5,3,0,-4620000,10000,10000,0
5594,30199,5,4,-3640000,-10360000,10000,10000,0
5595,30199,5,5,1150000,-10360000,10000,10000,0
5596,30200,1,1,2070000,-2730000,14000,14000,0
5597,30200,2,1,2070000,-1470000,13000,13000,0
5598,30200,2,2,2070000,-9600000,13000,13000,0
5599,30200,3,1,70000,2070000,10000,10000,0
5600,30200,3,2,620000,-2970000,10000,10000,0
5601,30200,3,3,620000,-8690000,10000,10000,0
5602,30200,4,1,-1280000,135000,11000,11000,0
5603,30200,4,2,4710000,135000,11000,11000,0
5604,30200,4,3,-1275000,-8970000,11000,11000,0
5605,30200,4,4,4715000,-8700000,11000,11000,0
5606,30200,5,1,-1010000,1680000,10000,10000,0
5607,30200,5,2,4070000,1170000,10000,10000,0
5608,30200,5,3,110000,-3540000,10000,10000,0
5609,30200,5,4,-430000,-9080000,10000,10000,0
5610,30200,5,5,4070000,-8700000,10000,10000,0
5611,30201,1,1,-4475000,-3520000,15000,15000,0
5612,30201,2,1,-3900000,825000,14000,14000,0
5613,30201,2,2,-3900000,-6750000,14000,14000,0
5614,30201,3,1,-3090000,4390000,13000,13000,0
5615,30201,3,2,-3575000,-1815000,13500,13500,0
5616,30201,3,3,-3090000,-7260000,13000,13000,0
5617,30201,4,1,-7400000,1075000,11000,11000,0
5618,30201,4,2,-1475000,1475000,11000,11000,0
5619,30201,4,3,-8065000,-6870000,11000,11000,0
5620,30201,4,4,-1475000,-6420000,11000,11000,0
5621,30201,5,1,-7400000,3990000,10000,10000,0
5622,30201,5,2,-1475000,3125000,11000,11000,0
5623,30201,5,3,-1505000,-1015000,11000,11000,0
5624,30201,5,4,-8375000,-6770000,11000,11000,0
5625,30201,5,5,-1505000,-7105000,11000,11000,0
5626,10108,1,1,0,0,10000,10000,0
5627,10108,2,1,10000,2300000,10000,10000,0
5628,10108,2,2,0,-7500000,10000,10000,0
5629,10108,3,1,0,3600000,10000,10000,0
5630,10108,3,2,0,-2150000,10000,10000,0
5631,10108,3,3,0,-7850000,10000,10000,0
5632,10108,4,1,-3360000,1160000,10000,10000,0
5633,10108,4,2,2350000,1410000,10000,10000,0
5634,10108,4,3,-3360000,-7500000,10000,10000,0
5635,10108,4,4,2780000,-7760000,10000,10000,0
5636,10108,5,1,-3020000,3480000,10000,10000,0
5637,10108,5,2,2690000,2500000,10000,10000,0
5638,10108,5,3,0,-2120000,10000,10000,0
5639,10108,5,4,-2770000,-7560000,10000,10000,0
5640,10108,5,5,2160000,-7560000,10000,10000,0
5641,20077,1,1,-1110000,-2125000,11000,11000,0
5642,20077,2,1,-670000,1120000,10000,10000,0
5643,20077,2,2,-670000,-8760000,10000,10000,0
5644,20077,3,1,-670000,1120000,10000,10000,0
5645,20077,3,2,-670000,-4660000,10000,10000,0
5646,20077,3,3,-670000,-10360000,10000,10000,0
5647,20077,4,1,-4740000,1160000,10000,10000,0
5648,20077,4,2,1030000,1160000,10000,10000,0
5649,20077,4,3,-4740000,-9600000,10000,10000,0
5650,20077,4,4,1030000,-8410000,10000,10000,0
5651,20077,5,1,-4460000,1160000,10000,10000,0
5652,20077,5,2,870000,1170000,10000,10000,0
5653,20077,5,3,-670000,-4740000,10000,10000,0
5654,20077,5,4,-4460000,-10360000,10000,10000,0
5655,20077,5,5,580000,-10360000,10000,10000,0
5656,30202,1,1,40000,20000,12000,12000,0
5657,30202,2,1,-670000,2000000,10000,10000,0
5658,30202,2,2,-670000,-8030000,10000,10000,0
5659,30202,3,1,-490000,2540000,10000,10000,0
5660,30202,3,2,-490000,-2490000,10000,10000,0
5661,30202,3,3,-490000,-8610000,10000,10000,0
5662,30202,4,1,-3720000,1160000,10000,10000,0
5663,30202,4,2,1670000,1160000,10000,10000,0
5664,30202,4,3,-3720000,-7760000,10000,10000,0
5665,30202,4,4,1670000,-7760000,10000,10000,0
5666,30202,5,1,-4000000,2380000,10000,10000,0
5667,30202,5,2,1410000,1710000,10000,10000,0
5668,30202,5,3,-700000,-3120000,10000,10000,0
5669,30202,5,4,-3660000,-8640000,10000,10000,0
5670,30202,5,5,1690000,-8640000,10000,10000,0
5671,30203,1,1,3830000,-255000,14000,14000,0
5672,30203,2,1,3830000,3365000,14000,14000,0
5673,30203,2,2,3830000,-3960000,14000,14000,0
5674,30203,3,1,2920000,6420000,13000,13000,0
5675,30203,3,2,2115000,-360000,12000,12000,0
5676,30203,3,3,2920000,-4890000,13000,13000,0
5677,30203,4,1,670000,2350000,10000,10000,0
5678,30203,4,2,6440000,3480000,10000,10000,0
5679,30203,4,3,670000,-4850000,10000,10000,0
5680,30203,4,4,6440000,-4850000,10000,10000,0
5681,30203,5,1,360000,6300000,10000,10000,0
5682,30203,5,2,6090000,5460000,10000,10000,0
5683,30203,5,3,2215000,570000,12000,12000,0
5684,30203,5,4,600000,-4920000,10000,10000,0
5685,30203,5,5,6090000,-4920000,10000,10000,0
5686,30204,1,1,4755000,-2460000,15000,15000,0
5687,30204,2,1,4635000,0,15000,15000,0
5688,30204,2,2,4635000,-8220000,15000,15000,0
5689,30204,3,1,3730000,2905000,14000,14000,0
5690,30204,3,2,2425000,-2660000,12000,12000,0
5691,30204,3,3,3730000,-8030000,14000,14000,0
5692,30204,4,1,3090000,300000,13000,13000,0
5693,30204,4,2,8070000,1190000,13000,13000,0
5694,30204,4,3,2995000,-7500000,13000,13000,0
5695,30204,4,4,8070000,-7500000,13000,13000,0
5696,30204,5,1,2285000,2880000,12000,12000,0
5697,30204,5,2,7790000,2190000,12000,12000,0
5698,30204,5,3,3830000,-2935000,14000,14000,0
5699,30204,5,4,2285000,-8030000,12000,12000,0
5700,30204,5,5,7860000,-8030000,12000,12000,0
5701,30205,1,1,-2155000,-3270000,15000,15000,0
5702,30205,2,1,-2760000,-830000,14000,14000,0
5703,30205,2,2,-2760000,-9540000,14000,14000,0
5704,30205,3,1,-2710000,1680000,13000,13000,0
5705,30205,3,2,-1905000,-3690000,12000,12000,0
5706,30205,3,3,-2710000,-9600000,13000,13000,0
5707,30205,4,1,-5575000,-390000,12000,12000,0
5708,30205,4,2,405000,-390000,12000,12000,0
5709,30205,4,3,-5820000,-8730000,12000,12000,0
5710,30205,4,4,0,-8730000,12000,12000,0
5711,30205,5,1,-5380000,2380000,10000,10000,0
5712,30205,5,2,-140000,2160000,10000,10000,0
5713,30205,5,3,-670000,-3000000,10000,10000,0
5714,30205,5,4,-5290000,-8600000,10000,10000,0
5715,30205,5,5,340000,-8600000,10000,10000,0
5716,30206,1,1,-2515000,-6060000,15000,15000,0
5717,30206,2,1,-2845000,-4260000,15000,15000,0
5718,30206,2,2,-2845000,-13840000,15000,15000,0
5719,30206,3,1,-2710000,-1960000,13000,13000,0
5720,30206,3,2,-2710000,-8030000,13000,13000,0
5721,30206,3,3,-2710000,-13990000,13000,13000,0
5722,30206,4,1,-5580000,-3065000,14000,14000,0
5723,30206,4,2,-510000,-3065000,14000,14000,0
5724,30206,4,3,-5580000,-12800000,14000,14000,0
5725,30206,4,4,0,-11725000,14000,14000,0
5726,30206,5,1,-5290000,-2060000,13000,13000,0
5727,30206,5,2,0,-2060000,13000,13000,0
5728,30206,5,3,-3020000,-8030000,13000,13000,0
5729,30206,5,4,-5290000,-13990000,13000,13000,0
5730,30206,5,5,-420000,-13200000,13000,13000,0
5731,30208,1,1,-1830000,-1810000,13000,13000,0
5732,30208,2,1,-1615000,-350000,12000,12000,0
5733,30208,2,2,-1615000,-8030000,12000,12000,0
5734,30208,3,1,-670000,3150000,10000,10000,0
5735,30208,3,2,-670000,-2880000,10000,10000,0
5736,30208,3,3,-670000,-8310000,10000,10000,0
5737,30208,4,1,-4590000,1160000,10000,10000,0
5738,30208,4,2,1030000,1160000,10000,10000,0
5739,30208,4,3,-4590000,-8030000,10000,10000,0
5740,30208,4,4,1030000,-7760000,10000,10000,0
5741,30208,5,1,-4460000,3030000,10000,10000,0
5742,30208,5,2,1150000,2160000,10000,10000,0
5743,30208,5,3,-140000,-2430000,10000,10000,0
5744,30208,5,4,-4460000,-8030000,10000,10000,0
5745,30208,5,5,870000,-8260000,10000,10000,0
5746,20078,1,1,0,0,11000,11000,0
5747,20078,2,1,-240000,2000000,10000,10000,0
5748,20078,2,2,-240000,-6330000,10000,10000,0
5749,20078,3,1,0,4910000,10000,10000,0
5750,20078,3,2,0,-700000,10000,10000,0
5751,20078,3,3,0,-6410000,10000,10000,0
5752,20078,4,1,-3100000,1860000,10000,10000,0
5753,20078,4,2,2780000,1860000,10000,10000,0
5754,20078,4,3,-2520000,-6090000,10000,10000,0
5755,20078,4,4,2780000,-6090000,10000,10000,0
5756,20078,5,1,-3540000,4730000,10000,10000,0
5757,20078,5,2,2690000,3900000,10000,10000,0
5758,20078,5,3,0,-660000,10000,10000,0
5759,20078,5,4,-3020000,-6390000,10000,10000,0
5760,20078,5,5,2690000,-6390000,10000,10000,0
5761,20079,1,1,1230000,-2885000,14000,14000,0
5762,20079,2,1,1380000,0,13000,13000,0
5763,20079,2,2,1380000,-9130000,13000,13000,0
5764,20079,3,1,210000,2235000,11000,11000,0
5765,20079,3,2,1305000,-3595000,11000,11000,0
5766,20079,3,3,210000,-9145000,11000,11000,0
5767,20079,4,1,-2435000,135000,11000,11000,0
5768,20079,4,2,3585000,1075000,11000,11000,0
5769,20079,4,3,-2435000,-8030000,11000,11000,0
5770,20079,4,4,3585000,-8280000,11000,11000,0
5771,20079,5,1,-2070000,2160000,10000,10000,0
5772,20079,5,2,3270000,1175000,11000,11000,0
5773,20079,5,3,40000,-3330000,11000,11000,0
5774,20079,5,4,-2070000,-8910000,11000,11000,0
5775,20079,5,5,3265000,-8915000,11000,11000,0
5776,30209,1,1,-1650000,-2885000,14000,14000,0
5777,30209,2,1,-1770000,-2110000,13000,13000,0
5778,30209,2,2,-1770000,-11700000,13000,13000,0
5779,30209,3,1,-2105000,-880000,12000,12000,0
5780,30209,3,2,-2395000,-6840000,12000,12000,0
5781,30209,3,3,-2105000,-12430000,12000,12000,0
5782,30209,4,1,-5290000,-815000,12000,12000,0
5783,30209,4,2,-240000,-1090000,12000,12000,0
5784,30209,4,3,-5285000,-11700000,12000,12000,0
5785,30209,4,4,-245000,-10565000,12000,12000,0
5786,30209,5,1,-5835000,-980000,12000,12000,0
5787,30209,5,2,0,-980000,12000,12000,0
5788,30209,5,3,-2040000,-6655000,12000,12000,0
5789,30209,5,4,-5290000,-12390000,12000,12000,0
5790,30209,5,5,-5000,-12390000,12000,12000,0
5791,30210,1,1,1980000,-1810000,13000,13000,0
5792,30210,2,1,1380000,-1080000,13000,13000,0
5793,30210,2,2,1380000,-9300000,13000,13000,0
5794,30210,3,1,1305000,2145000,11000,11000,0
5795,30210,3,2,1305000,-3655000,11000,11000,0
5796,30210,3,3,1305000,-9145000,11000,11000,0
5797,30210,4,1,-1280000,135000,11000,11000,0
5798,30210,4,2,4110000,135000,11000,11000,0
5799,30210,4,3,-1275000,-8820000,11000,11000,0
5800,30210,4,4,4115000,-8030000,11000,11000,0
5801,30210,5,1,-1320000,2160000,10000,10000,0
5802,30210,5,2,4460000,1170000,10000,10000,0
5803,30210,5,3,500000,-3240000,10000,10000,0
5804,30210,5,4,-1320000,-8880000,10000,10000,0
5805,30210,5,5,4070000,-8880000,10000,10000,0
5806,30211,1,1,-1505000,-730000,12000,12000,0
5807,30211,2,1,-1950000,620000,12000,12000,0
5808,30211,2,2,-1615000,-8030000,12000,12000,0
5809,30211,3,1,-1700000,3205000,11500,11500,0
5810,30211,3,2,-1295000,-2235000,11000,11000,0
5811,30211,3,3,-1700000,-8020000,11500,11500,0
5812,30211,4,1,-3575000,545000,11000,11000,0
5813,30211,4,2,1675000,1115000,11000,11000,0
5814,30211,4,3,-3575000,-7760000,11000,11000,0
5815,30211,4,4,1675000,-7755000,11000,11000,0
5816,30211,5,1,-4000000,3240000,10000,10000,0
5817,30211,5,2,1690000,2500000,10000,10000,0
5818,30211,5,3,0,-2210000,10000,10000,0
5819,30211,5,4,-4000000,-7520000,10000,10000,0
5820,30211,5,5,1690000,-8030000,10000,10000,0
5821,30212,1,1,810000,-2885000,14000,14000,0
5822,30212,2,1,1075000,-350000,12000,12000,0
5823,30212,2,2,1075000,-8790000,12000,12000,0
5824,30212,3,1,805000,2570000,11000,11000,0
5825,30212,3,2,805000,-3010000,11000,11000,0
5826,30212,3,3,805000,-8610000,11000,11000,0
5827,30212,4,1,-1675000,135000,11000,11000,0
5828,30212,4,2,3585000,545000,11000,11000,0
5829,30212,4,3,-2050000,-8370000,11000,11000,0
5830,30212,4,4,3585000,-8370000,11000,11000,0
5831,30212,5,1,-2040000,2500000,10000,10000,0
5832,30212,5,2,3610000,1860000,10000,10000,0
5833,30212,5,3,500000,-2970000,10000,10000,0
5834,30212,5,4,-1310000,-8380000,10000,10000,0
5835,30212,5,5,3610000,-8380000,10000,10000,0
5836,20036,1,1,-3110000,-1800000,13000,13000,0
5837,20036,2,1,-2285000,330000,12000,12000,0
5838,20036,2,2,-2285000,-7510000,12000,12000,0
5839,20036,3,1,-1075000,4055000,10500,10500,0
5840,20036,3,2,-1075000,-1700000,10500,10500,0
5841,20036,3,3,-1075000,-7560000,10500,10500,0
5842,20036,4,1,-4710000,1160000,10000,10000,0
5843,20036,4,2,870000,1160000,10000,10000,0
5844,20036,4,3,-4710000,-7410000,10000,10000,0
5845,20036,4,4,570000,-7410000,10000,10000,0
5846,20036,5,1,-4770000,3480000,10000,10000,0
5847,20036,5,2,670000,2730000,10000,10000,0
5848,20036,5,3,-1105000,-1700000,10500,10500,0
5849,20036,5,4,-4460000,-7590000,10000,10000,0
5850,20036,5,5,870000,-7590000,10000,10000,0
5851,30214,1,1,-2420000,-1920000,13000,13000,0
5852,30214,2,1,-1475000,135000,11000,11000,0
5853,30214,2,2,-1475000,-8030000,11000,11000,0
5854,30214,3,1,-670000,3330000,10000,10000,0
5855,30214,3,2,-670000,-2670000,10000,10000,0
5856,30214,3,3,-670000,-8240000,10000,10000,0
5857,30214,4,1,-4590000,1160000,10000,10000,0
5858,30214,4,2,1030000,1160000,10000,10000,0
5859,30214,4,3,-4590000,-7760000,10000,10000,0
5860,30214,4,4,810000,-7760000,10000,10000,0
5861,30214,5,1,-4460000,3060000,10000,10000,0
5862,30214,5,2,670000,2380000,10000,10000,0
5863,30214,5,3,-670000,-2340000,10000,10000,0
5864,30214,5,4,-4460000,-8030000,10000,10000,0
5865,30214,5,5,930000,-8090000,10000,10000,0
5866,10096,1,1,355000,-1860000,13000,13000,0
5867,10096,2,1,355000,560000,11000,11000,0
5868,10096,2,2,355000,-7140000,11000,11000,0
5869,10096,3,1,110000,3930000,10000,10000,0
5870,10096,3,2,210000,-1670000,10000,10000,0
5871,10096,3,3,0,-7380000,10000,10000,0
5872,10096,4,1,-2050000,1160000,10000,10000,0
5873,10096,4,2,3480000,1160000,10000,10000,0
5874,10096,4,3,-2050000,-7320000,10000,10000,0
5875,10096,4,4,3480000,-6780000,10000,10000,0
5876,10096,5,1,-2500000,3520000,10000,10000,0
5877,10096,5,2,3090000,2730000,10000,10000,0
5878,10096,5,3,360000,-1700000,10000,10000,0
5879,10096,5,4,-2130000,-7530000,10000,10000,0
5880,10096,5,5,3330000,-7530000,10000,10000,0
5881,10118,1,1,355000,-1020000,13000,13000,0
5882,10118,2,1,355000,1475000,11000,11000,0
5883,10118,2,2,355000,-6315000,11000,11000,0
5884,10118,3,1,0,4380000,10000,10000,0
5885,10118,3,2,210000,-940000,10000,10000,0
5886,10118,3,3,210000,-6870000,10000,10000,0
5887,10118,4,1,-2430000,1470000,10000,10000,0
5888,10118,4,2,3480000,2160000,10000,10000,0
5889,10118,4,3,-2430000,-6390000,10000,10000,0
5890,10118,4,4,3480000,-6090000,10000,10000,0
5891,10118,5,1,-2500000,4110000,10000,10000,0
5892,10118,5,2,3300000,3480000,10000,10000,0
5893,10118,5,3,340000,-1160000,10000,10000,0
5894,10118,5,4,-2190000,-6650000,10000,10000,0
5895,10118,5,5,3300000,-6650000,10000,10000,0
5896,30215,1,1,810000,-2760000,13000,13000,0
5897,30215,2,1,1075000,220000,12000,12000,0
5898,30215,2,2,1075000,-7710000,12000,12000,0
5899,30215,3,1,805000,3805000,11000,11000,0
5900,30215,3,2,805000,-1415000,11000,11000,0
5901,30215,3,3,805000,-7485000,11000,11000,0
5902,30215,4,1,-2050000,2235000,11000,11000,0
5903,30215,4,2,3840000,1475000,11000,11000,0
5904,30215,4,3,-2045000,-7500000,11000,11000,0
5905,30215,4,4,4110000,-6090000,11000,11000,0
5906,30215,5,1,-1650000,3990000,10000,10000,0
5907,30215,5,2,3610000,2730000,10000,10000,0
5908,30215,5,3,580000,-1940000,10000,10000,0
5909,30215,5,4,-1980000,-7560000,10000,10000,0
5910,30215,5,5,3240000,-7560000,10000,10000,0
5911,30216,1,1,-7145000,4710000,18000,18000,0
5912,30216,2,1,-7200000,7080000,18000,18000,0
5913,30216,2,2,-7125000,-350000,18000,18000,0
5914,30216,3,1,-6945000,9860000,18000,18000,0
5915,30216,3,2,-7200000,4050000,18000,18000,0
5916,30216,3,3,-7125000,-1740000,18000,18000,0
5917,30216,4,1,-10275000,6855000,16000,16000,0
5918,30216,4,2,-5290000,7615000,16000,16000,0
5919,30216,4,3,-10560000,-1090000,16000,16000,0
5920,30216,4,4,-5290000,-815000,16000,16000,0
5921,30216,5,1,-10480000,8880000,16000,16000,0
5922,30216,5,2,-5290000,8220000,16000,16000,0
5923,30216,5,3,-5560000,3555000,16000,16000,0
5924,30216,5,4,-10480000,-2215000,16000,16000,0
5925,30216,5,5,-5290000,-2215000,16000,16000,0
5926,30221,1,1,2315000,1290000,15000,15000,0
5927,30221,2,1,2195000,2940000,15000,15000,0
5928,30221,2,2,2195000,-6000000,15000,15000,0
5929,30221,3,1,1610000,5000000,13000,13000,0
5930,30221,3,2,1610000,-695000,14000,14000,0
5931,30221,3,3,1610000,-6630000,13000,13000,0
5932,30221,4,1,-510000,2420000,14000,14000,0
5933,30221,4,2,4680000,2455000,14000,14000,0
5934,30221,4,3,-730000,-6090000,14000,14000,0
5935,30221,4,4,4680000,-5855000,14000,14000,0
5936,30221,5,1,-1010000,4300000,13000,13000,0
5937,30221,5,2,4590000,3630000,13000,13000,0
5938,30221,5,3,1690000,-1460000,13000,13000,0
5939,30221,5,4,-1010000,-6385000,13000,13000,0
5940,30221,5,5,4590000,-6090000,13000,13000,0
5941,10110,1,1,355000,-730000,12000,12000,0
5942,10110,2,1,0,2000000,10000,10000,0
5943,10110,2,2,0,-6570000,10000,10000,0
5944,10110,3,1,0,4230000,10000,10000,0
5945,10110,3,2,0,-1260000,10000,10000,0
5946,10110,3,3,0,-7050000,10000,10000,0
5947,10110,4,1,-2050000,1740000,10000,10000,0
5948,10110,4,2,3300000,2160000,10000,10000,0
5949,10110,4,3,-1630000,-6900000,10000,10000,0
5950,10110,4,4,3570000,-6090000,10000,10000,0
5951,10110,5,1,-2160000,3870000,10000,10000,0
5952,10110,5,2,3610000,3090000,10000,10000,0
5953,10110,5,3,0,-1460000,10000,10000,0
5954,10110,5,4,-2160000,-6990000,10000,10000,0
5955,10110,5,5,3060000,-6990000,10000,10000,0
5956,10115,1,1,0,-870000,12000,12000,0
5957,10115,2,1,0,1060000,10000,10000,0
5958,10115,2,2,0,-7560000,10000,10000,0
5959,10115,3,1,40000,3180000,10000,10000,0
5960,10115,3,2,0,-2460000,10000,10000,0
5961,10115,3,3,0,-8370000,10000,10000,0
5962,10115,4,1,-2770000,1160000,10000,10000,0
5963,10115,4,2,3020000,1160000,10000,10000,0
5964,10115,4,3,-2770000,-7760000,10000,10000,0
5965,10115,4,4,2780000,-6960000,10000,10000,0
5966,10115,5,1,-2770000,2730000,10000,10000,0
5967,10115,5,2,2690000,2160000,10000,10000,0
5968,10115,5,3,0,-2520000,10000,10000,0
5969,10115,5,4,-2500000,-8030000,10000,10000,0
5970,10115,5,5,2780000,-8030000,10000,10000,0
5971,20080,1,1,1680000,-1810000,13000,13000,0
5972,20080,2,1,1350000,220000,12000,12000,0
5973,20080,2,2,1345000,-8030000,12000,12000,0
5974,20080,3,1,620000,3480000,10000,10000,0
5975,20080,3,2,710000,-1860000,10000,10000,0
5976,20080,3,3,620000,-7850000,10000,10000,0
5977,20080,4,1,-870000,1160000,10000,10000,0
5978,20080,4,2,4350000,1160000,10000,10000,0
5979,20080,4,3,-870000,-7410000,10000,10000,0
5980,20080,4,4,4970000,-7410000,10000,10000,0
5981,20080,5,1,-1010000,3120000,10000,10000,0
5982,20080,5,2,4070000,2500000,10000,10000,0
5983,20080,5,3,580000,-2050000,10000,10000,0
5984,20080,5,4,-670000,-7640000,10000,10000,0
5985,20080,5,5,4070000,-7640000,10000,10000,0
5986,30217,1,1,-3110000,-1810000,13000,13000,0
5987,30217,2,1,-2220000,-830000,12000,12000,0
5988,30217,2,2,-1615000,-9360000,12000,12000,0
5989,30217,3,1,-1295000,2235000,11000,11000,0
5990,30217,3,2,-2285000,-3920000,12000,12000,0
5991,30217,3,3,-1295000,-9385000,11000,11000,0
5992,30217,4,1,-5855000,545000,11000,11000,0
5993,30217,4,2,-805000,545000,11000,11000,0
5994,30217,4,3,-6525000,-9000000,11000,11000,0
5995,30217,4,4,-805000,-8995000,11000,11000,0
5996,30217,5,1,-6360000,1920000,10000,10000,0
5997,30217,5,2,-670000,1530000,10000,10000,0
5998,30217,5,3,-700000,-3270000,10000,10000,0
5999,30217,5,4,-6120000,-9230000,10000,10000,0
6000,30217,5,5,40000,-9230000,10000,10000,0
6001,30218,1,1,1080000,-2040000,13000,13000,0
6002,30218,2,1,630000,0,12000,12000,0
6003,30218,2,2,625000,-9210000,12000,12000,0
6004,30218,3,1,-200000,2160000,10000,10000,0
6005,30218,3,2,0,-3240000,10000,10000,0
6006,30218,3,3,-200000,-9000000,10000,10000,0
6007,30218,4,1,-3100000,1160000,10000,10000,0
6008,30218,4,2,2350000,1160000,10000,10000,0
6009,30218,4,3,-3100000,-8700000,10000,10000,0
6010,30218,4,4,2350000,-8410000,10000,10000,0
6011,30218,5,1,-3020000,2040000,10000,10000,0
6012,30218,5,2,2690000,1170000,10000,10000,0
6013,30218,5,3,150000,-3540000,10000,10000,0
6014,30218,5,4,-3020000,-9060000,10000,10000,0
6015,30218,5,5,2690000,-9060000,10000,10000,0
6016,30219,1,1,-1230000,-1860000,13000,13000,0
6017,30219,2,1,-1615000,-350000,12000,12000,0
6018,30219,2,2,-1615000,-8340000,12000,12000,0
6019,30219,3,1,-490000,3240000,10000,10000,0
6020,30219,3,2,-490000,-2400000,10000,10000,0
6021,30219,3,3,-490000,-8370000,10000,10000,0
6022,30219,4,1,-4650000,1160000,10000,10000,0
6023,30219,4,2,870000,1560000,10000,10000,0
6024,30219,4,3,-4650000,-8030000,10000,10000,0
6025,30219,4,4,950000,-7140000,10000,10000,0
6026,30219,5,1,-4460000,3000000,10000,10000,0
6027,30219,5,2,870000,2160000,10000,10000,0
6028,30219,5,3,-670000,-2520000,10000,10000,0
6029,30219,5,4,-4460000,-8030000,10000,10000,0
6030,30219,5,5,870000,-8030000,10000,10000,0
6031,30220,1,1,0,0,10000,10000,0
6032,30220,2,1,600000,1420000,10000,10000,0
6033,30220,2,2,600000,-7290000,10000,10000,0
6034,30220,3,1,-200000,3540000,10000,10000,0
6035,30220,3,2,0,-2430000,10000,10000,0
6036,30220,3,3,-200000,-7560000,10000,10000,0
6037,30220,4,1,-1630000,1160000,10000,10000,0
6038,30220,4,2,4110000,1160000,10000,10000,0
6039,30220,4,3,-1630000,-7500000,10000,10000,0
6040,30220,4,4,4110000,-7200000,10000,10000,0
6041,30220,5,1,-1630000,3210000,10000,10000,0
6042,30220,5,2,3610000,2730000,10000,10000,0
6043,30220,5,3,110000,-2050000,10000,10000,0
6044,30220,5,4,-1320000,-7550000,10000,10000,0
6045,30220,5,5,3610000,-7550000,10000,10000,0
6046,30222,1,1,-3120000,-3060000,14000,14000,0
6047,30222,2,1,-1980000,-830000,12000,12000,0
6048,30222,2,2,-1975000,-10360000,12000,12000,0
6049,30222,3,1,-1295000,1415000,11000,11000,0
6050,30222,3,2,-2285000,-4980000,12000,12000,0
6051,30222,3,3,-2285000,-10760000,12000,12000,0
6052,30222,4,1,-5855000,135000,11000,11000,0
6053,30222,4,2,-805000,545000,11000,11000,0
6054,30222,4,3,-5855000,-10080000,11000,11000,0
6055,30222,4,4,-730000,-9030000,11000,11000,0
6056,30222,5,1,-5970000,1470000,10000,10000,0
6057,30222,5,2,-140000,1470000,10000,10000,0
6058,30222,5,3,-670000,-3870000,10000,10000,0
6059,30222,5,4,-6120000,-9710000,10000,10000,0
6060,30222,5,5,-430000,-9600000,10000,10000,0
6061,30223,1,1,-4725000,-4440000,15000,15000,0
6062,30223,2,1,-4705000,540000,15000,15000,0
6063,30223,2,2,-4705000,-9600000,15000,15000,0
6064,30223,3,1,-3900000,1380000,14000,14000,0
6065,30223,3,2,-4705000,-4830000,15000,15000,0
6066,30223,3,3,-3900000,-10380000,14000,14000,0
6067,30223,4,1,-7200000,-540000,14000,14000,0
6068,30223,4,2,-2050000,-1090000,14000,14000,0
6069,30223,4,3,-7495000,-9960000,14000,14000,0
6070,30223,4,4,-1280000,-9150000,14000,14000,0
6071,30223,5,1,-6380000,2160000,10000,10000,0
6072,30223,5,2,-580000,1620000,10000,10000,0
6073,30223,5,3,-3020000,-4010000,13000,13000,0
6074,30223,5,4,-6090000,-9140000,10000,10000,0
6075,30223,5,5,-580000,-8600000,10000,10000,0
6076,30224,1,1,-1890000,0,12000,12000,0
6077,30224,2,1,-1890000,0,12000,12000,0
6078,30224,2,2,-1885000,-7390000,12000,12000,0
6079,30224,3,1,-1295000,3805000,11000,11000,0
6080,30224,3,2,-1905000,-2150000,12000,12000,0
6081,30224,3,3,-1905000,-7620000,12000,12000,0
6082,30224,4,1,-5050000,1160000,10000,10000,0
6083,30224,4,2,1030000,1160000,10000,10000,0
6084,30224,4,3,-5050000,-7440000,10000,10000,0
6085,30224,4,4,810000,-7440000,10000,10000,0
6086,30224,5,1,-4980000,3550000,10000,10000,0
6087,30224,5,2,870000,2730000,10000,10000,0
6088,30224,5,3,-670000,-1760000,10000,10000,0
6089,30224,5,4,-4460000,-7560000,10000,10000,0
6090,30224,5,5,500000,-7560000,10000,10000,0
6091,30225,1,1,-360000,-2885000,14000,14000,0
6092,30225,2,1,-5000,-2430000,14000,14000,0
6093,30225,2,2,0,-10760000,14000,14000,0
6094,30225,3,1,-200000,1270000,10000,10000,0
6095,30225,3,2,-200000,-4080000,10000,10000,0
6096,30225,3,3,0,-10080000,10000,10000,0
6097,30225,4,1,-2770000,1160000,10000,10000,0
6098,30225,4,2,2350000,1160000,10000,10000,0
6099,30225,4,3,-3100000,-8700000,10000,10000,0
6100,30225,4,4,2780000,-7760000,10000,10000,0
6101,30225,5,1,-3020000,1650000,10000,10000,0
6102,30225,5,2,2070000,1160000,10000,10000,0
6103,30225,5,3,0,-4290000,10000,10000,0
6104,30225,5,4,-2770000,-9710000,10000,10000,0
6105,30225,5,5,2690000,-9600000,10000,10000,0
6106,20081,1,1,-1230000,-1810000,13000,13000,0
6107,20081,2,1,-695000,135000,11000,11000,0
6108,20081,2,2,-695000,-9180000,11000,11000,0
6109,20081,3,1,-490000,2430000,10000,10000,0
6110,20081,3,2,0,-3400000,10000,10000,0
6111,20081,3,3,-490000,-9060000,10000,10000,0
6112,20081,4,1,-3105000,0,11000,11000,0
6113,20081,4,2,2350000,545000,11000,11000,0
6114,20081,4,3,-3285000,-8790000,11000,11000,0
6115,20081,4,4,2355000,-8795000,11000,11000,0
6116,20081,5,1,-3020000,2160000,10000,10000,0
6117,20081,5,2,2400000,1170000,10000,10000,0
6118,20081,5,3,-700000,-3270000,10000,10000,0
6119,20081,5,4,-2770000,-8940000,10000,10000,0
6120,20081,5,5,2400000,-8940000,10000,10000,0
6121,30226,1,1,3230000,-2610000,14000,14000,0
6122,30226,2,1,3020000,0,13000,13000,0
6123,30226,2,2,3020000,-8030000,13000,13000,0
6124,30226,3,1,2255000,2910000,12000,12000,0
6125,30226,3,2,3190000,-2290000,13000,13000,0
6126,30226,3,3,1445000,-7850000,11000,11000,0
6127,30226,4,1,2350000,0,13000,13000,0
6128,30226,4,2,7320000,905000,13000,13000,0
6129,30226,4,3,2350000,-7760000,13000,13000,0
6130,30226,4,4,7400000,-6750000,13000,13000,0
6131,30226,5,1,1145000,3160000,11000,11000,0
6132,30226,5,2,6780000,2500000,11000,11000,0
6133,30226,5,3,2375000,-2670000,12000,12000,0
6134,30226,5,4,1145000,-7910000,11000,11000,0
6135,30226,5,5,6785000,-7905000,11000,11000,0
6136,30227,1,1,-2850000,-2250000,14000,14000,0
6137,30227,2,1,-2730000,825000,13000,13000,0
6138,30227,2,2,-2730000,-8030000,13000,13000,0
6139,30227,3,1,-670000,3570000,10000,10000,0
6140,30227,3,2,-3090000,-2850000,13000,13000,0
6141,30227,3,3,-670000,-7850000,10000,10000,0
6142,30227,4,1,-5970000,110000,12000,12000,0
6143,30227,4,2,-730000,890000,12000,12000,0
6144,30227,4,3,-6360000,-7760000,12000,12000,0
6145,30227,4,4,-735000,-7760000,12000,12000,0
6146,30227,5,1,-6185000,2970000,11000,11000,0
6147,30227,5,2,-655000,2235000,11000,11000,0
6148,30227,5,3,-2285000,-2490000,12000,12000,0
6149,30227,5,4,-6185000,-8030000,11000,11000,0
6150,30227,5,5,-655000,-8035000,11000,11000,0
6151,30228,1,1,-3900000,450000,14000,14000,0
6152,30228,2,1,-3090000,3900000,13000,13000,0
6153,30228,2,2,-3090000,-3930000,13000,13000,0
6154,30228,3,1,-2285000,7360000,12000,12000,0
6155,30228,3,2,-2940000,1125000,12700,12700,0
6156,30228,3,3,-2285000,-4290000,12000,12000,0
6157,30228,4,1,-7285000,3230000,13000,13000,0
6158,30228,4,2,-1600000,4390000,13000,13000,0
6159,30228,4,3,-7280000,-3570000,13000,13000,0
6160,30228,4,4,-1600000,-3570000,13000,13000,0
6161,30228,5,1,-6995000,6900000,12000,12000,0
6162,30228,5,2,-1465000,6150000,12000,12000,0
6163,30228,5,3,-2315000,1590000,12000,12000,0
6164,30228,5,4,-6995000,-4140000,12000,12000,0
6165,30228,5,5,-1505000,-4140000,12000,12000,0
6166,30229,1,1,-685000,-3960000,15000,15000,0
6167,30229,2,1,-540000,0,14000,14000,0
6168,30229,2,2,-540000,-8700000,14000,14000,0
6169,30229,3,1,-240000,2910000,12000,12000,0
6170,30229,3,2,0,-2730000,10000,10000,0
6171,30229,3,3,-245000,-8560000,12000,12000,0
6172,30229,4,1,-3100000,1160000,10000,10000,0
6173,30229,4,2,2350000,1160000,10000,10000,0
6174,30229,4,3,-3100000,-8030000,10000,10000,0
6175,30229,4,4,2350000,-6990000,10000,10000,0
6176,30229,5,1,-3050000,2850000,10000,10000,0
6177,30229,5,2,2070000,2160000,10000,10000,0
6178,30229,5,3,40000,-2520000,10000,10000,0
6179,30229,5,4,-3050000,-8030000,10000,10000,0
6180,30229,5,5,2340000,-8030000,10000,10000,0
6181,30230,1,1,930000,-1980000,13000,13000,0
6182,30230,2,1,360000,1160000,10000,10000,0
6183,30230,2,2,360000,-7080000,10000,10000,0
6184,30230,3,1,210000,4050000,10000,10000,0
6185,30230,3,2,500000,-1650000,10000,10000,0
6186,30230,3,3,210000,-7200000,10000,10000,0
6187,30230,4,1,-1630000,1160000,10000,10000,0
6188,30230,4,2,3360000,1890000,10000,10000,0
6189,30230,4,3,-2050000,-6810000,10000,10000,0
6190,30230,4,4,3390000,-6510000,10000,10000,0
6191,30230,5,1,-1980000,3780000,10000,10000,0
6192,30230,5,2,3360000,3060000,10000,10000,0
6193,30230,5,3,670000,-1460000,10000,10000,0
6194,30230,5,4,-1980000,-7140000,10000,10000,0
6195,30230,5,5,3360000,-7140000,10000,10000,0
6196,30231,1,1,840000,-2010000,13000,13000,0
6197,30231,2,1,1620000,-2370000,14000,14000,0
6198,30231,2,2,1620000,-9600000,14000,14000,0
6199,30231,3,1,805000,1475000,11000,11000,0
6200,30231,3,2,710000,-3590000,10000,10000,0
6201,30231,3,3,620000,-9290000,10000,10000,0
6202,30231,4,1,-1210000,1160000,10000,10000,0
6203,30231,4,2,4110000,940000,10000,10000,0
6204,30231,4,3,-1280000,-8410000,10000,10000,0
6205,30231,4,4,4110000,-6480000,10000,10000,0
6206,30231,5,1,-1010000,1800000,10000,10000,0
6207,30231,5,2,4380000,1800000,10000,10000,0
6208,30231,5,3,580000,-3540000,10000,10000,0
6209,30231,5,4,-1010000,-9240000,10000,10000,0
6210,30231,5,5,4380000,-9240000,10000,10000,0
6211,10111,1,1,-5000,-730000,12000,12000,0
6212,10111,2,1,0,1160000,10000,10000,0
6213,10111,2,2,0,-7260000,10000,10000,0
6214,10111,3,1,-200000,3630000,10000,10000,0
6215,10111,3,2,-680000,-2150000,10000,10000,0
6216,10111,3,3,-200000,-7850000,10000,10000,0
6217,10111,4,1,-3600000,1160000,10000,10000,0
6218,10111,4,2,1710000,1590000,10000,10000,0
6219,10111,4,3,-3600000,-7440000,10000,10000,0
6220,10111,4,4,1710000,-6810000,10000,10000,0
6221,10111,5,1,-3480000,3120000,10000,10000,0
6222,10111,5,2,2130000,2500000,10000,10000,0
6223,10111,5,3,-430000,-2050000,10000,10000,0
6224,10111,5,4,-3020000,-7640000,10000,10000,0
6225,10111,5,5,2130000,-7640000,10000,10000,0
6226,10116,1,1,-285000,-1415000,11000,11000,0
6227,10116,2,1,0,825000,11000,11000,0
6228,10116,2,2,-5000,-7230000,11000,11000,0
6229,10116,3,1,0,3900000,10000,10000,0
6230,10116,3,2,0,-1940000,10000,10000,0
6231,10116,3,3,-300000,-7485000,11000,11000,0
6232,10116,4,1,-2770000,1160000,10000,10000,0
6233,10116,4,2,2350000,1160000,10000,10000,0
6234,10116,4,3,-3100000,-6930000,10000,10000,0
6235,10116,4,4,2100000,-6930000,10000,10000,0
6236,10116,5,1,-3020000,3520000,10000,10000,0
6237,10116,5,2,2340000,2730000,10000,10000,0
6238,10116,5,3,-60000,-1760000,10000,10000,0
6239,10116,5,4,-3020000,-7280000,10000,10000,0
6240,10116,5,5,2780000,-7280000,10000,10000,0
6241,20082,1,1,2100000,-1920000,13000,13000,0
6242,20082,2,1,1405000,2300000,11000,11000,0
6243,20082,2,2,1405000,-5310000,11000,11000,0
6244,20082,3,1,710000,5800000,10000,10000,0
6245,20082,3,2,1115000,400000,10500,10500,0
6246,20082,3,3,710000,-5550000,10000,10000,0
6247,20082,4,1,-400000,1920000,10000,10000,0
6248,20082,4,2,5300000,3000000,10000,10000,0
6249,20082,4,3,-730000,-5290000,10000,10000,0
6250,20082,4,4,4970000,-4850000,10000,10000,0
6251,20082,5,1,-670000,5520000,10000,10000,0
6252,20082,5,2,5300000,4730000,10000,10000,0
6253,20082,5,3,500000,-70000,10000,10000,0
6254,20082,5,4,-390000,-5460000,10000,10000,0
6255,20082,5,5,5050000,-5460000,10000,10000,0
6256,30232,1,1,1560000,-1810000,13000,13000,0
6257,30232,2,1,1615000,2000000,12000,12000,0
6258,30232,2,2,1615000,-5700000,12000,12000,0
6259,30232,3,1,500000,5060000,10000,10000,0
6260,30232,3,2,730000,-520000,10000,10000,0
6261,30232,3,3,730000,-5940000,10000,10000,0
6262,30232,4,1,-1210000,2160000,10000,10000,0
6263,30232,4,2,4110000,2420000,10000,10000,0
6264,30232,4,3,-1210000,-5700000,10000,10000,0
6265,30232,4,4,4110000,-4850000,10000,10000,0
6266,30232,5,1,-1630000,5060000,10000,10000,0
6267,30232,5,2,4070000,4080000,10000,10000,0
6268,30232,5,3,360000,-660000,10000,10000,0
6269,30232,5,4,-1650000,-6030000,10000,10000,0
6270,30232,5,5,4070000,-6030000,10000,10000,0
6271,30233,1,1,870000,-2760000,14000,14000,0
6272,30233,2,1,0,-830000,12000,12000,0
6273,30233,2,2,-5000,-9270000,12000,12000,0
6274,30233,3,1,0,1740000,10000,10000,0
6275,30233,3,2,670000,-3590000,10000,10000,0
6276,30233,3,3,0,-9020000,10000,10000,0
6277,30233,4,1,-1280000,-560000,12000,12000,0
6278,30233,4,2,4110000,-90000,12000,12000,0
6279,30233,4,3,-1615000,-8550000,12000,12000,0
6280,30233,4,4,4105000,-9060000,12000,12000,0
6281,30233,5,1,-1350000,1530000,10000,10000,0
6282,30233,5,2,4070000,1530000,10000,10000,0
6283,30233,5,3,580000,-3540000,10000,10000,0
6284,30233,5,4,-1350000,-9230000,10000,10000,0
6285,30233,5,5,4070000,-9230000,10000,10000,0
6286,30234,1,1,3830000,-3000000,14000,14000,0
6287,30234,2,1,3090000,0,13000,13000,0
6288,30234,2,2,3020000,-7320000,13000,13000,0
6289,30234,3,1,2325000,3430000,12000,12000,0
6290,30234,3,2,3605000,-3065000,13500,13500,0
6291,30234,3,3,2285000,-7380000,12000,12000,0
6292,30234,4,1,2185000,110000,12000,12000,0
6293,30234,4,2,7400000,905000,12000,12000,0
6294,30234,4,3,2185000,-7350000,12000,12000,0
6295,30234,4,4,7635000,-7350000,12000,12000,0
6296,30234,5,1,670000,3620000,10000,10000,0
6297,30234,5,2,6440000,2970000,10000,10000,0
6298,30234,5,3,1880000,-1955000,11500,11500,0
6299,30234,5,4,670000,-7280000,10000,10000,0
6300,30234,5,5,6440000,-7280000,10000,10000,0
6301,30235,1,1,355000,-1810000,13000,13000,0
6302,30235,2,1,55000,-830000,13000,13000,0
6303,30235,2,2,0,-8465000,13000,13000,0
6304,30235,3,1,0,3150000,10000,10000,0
6305,30235,3,2,30000,-2550000,10000,10000,0
6306,30235,3,3,0,-8000000,10000,10000,0
6307,30235,4,1,-2820000,545000,11000,11000,0
6308,30235,4,2,2910000,620000,11000,11000,0
6309,30235,4,3,-2435000,-8030000,11000,11000,0
6310,30235,4,4,2755000,-7970000,11000,11000,0
6311,30235,5,1,-2770000,3060000,10000,10000,0
6312,30235,5,2,2780000,2380000,10000,10000,0
6313,30235,5,3,340000,-2460000,10000,10000,0
6314,30235,5,4,-2770000,-8030000,10000,10000,0
6315,30235,5,5,2780000,-8030000,10000,10000,0
6316,20083,1,1,-3230000,-3120000,14000,14000,0
6317,20083,2,1,-3090000,-830000,13000,13000,0
6318,20083,2,2,-3090000,-9120000,13000,13000,0
6319,20083,3,1,-2305000,2190000,12000,12000,0
6320,20083,3,2,-2305000,-3400000,12000,12000,0
6321,20083,3,3,-2305000,-9270000,12000,12000,0
6322,20083,4,1,-7200000,-815000,13000,13000,0
6323,20083,4,2,-1600000,-1070000,13000,13000,0
6324,20083,4,3,-7400000,-9270000,13000,13000,0
6325,20083,4,4,-1600000,-9600000,13000,13000,0
6326,20083,5,1,-5940000,2160000,10000,10000,0
6327,20083,5,2,-140000,1230000,10000,10000,0
6328,20083,5,3,-670000,-2910000,10000,10000,0
6329,20083,5,4,-5940000,-8600000,10000,10000,0
6330,20083,5,5,-430000,-8880000,10000,10000,0
6331,30236,1,1,40000,-1950000,13000,13000,0
6332,30236,2,1,0,-2140000,13000,13000,0
6333,30236,2,2,0,-10360000,13000,13000,0
6334,30236,3,1,110000,1860000,10000,10000,0
6335,30236,3,2,110000,-3590000,10000,10000,0
6336,30236,3,3,0,-9640000,10000,10000,0
6337,30236,4,1,-2420000,-1740000,13000,13000,0
6338,30236,4,2,3290000,-1090000,13000,13000,0
6339,30236,4,3,-2465000,-10360000,13000,13000,0
6340,30236,4,4,3290000,-9600000,13000,13000,0
6341,30236,5,1,-2770000,1170000,10000,10000,0
6342,30236,5,2,3060000,1170000,10000,10000,0
6343,30236,5,3,40000,-3960000,10000,10000,0
6344,30236,5,4,-2770000,-9600000,10000,10000,0
6345,30236,5,5,3060000,-9270000,10000,10000,0
6346,30237,1,1,-1680000,-1810000,13000,13000,0
6347,30237,2,1,-1615000,0,12000,12000,0
6348,30237,2,2,-1615000,-9600000,12000,12000,0
6349,30237,3,1,-670000,2250000,10000,10000,0
6350,30237,3,2,-1475000,-4170000,11000,11000,0
6351,30237,3,3,-670000,-9600000,10000,10000,0
6352,30237,4,1,-5720000,1160000,10000,10000,0
6353,30237,4,2,270000,1160000,10000,10000,0
6354,30237,4,3,-5290000,-8410000,10000,10000,0
6355,30237,4,4,-40000,-8410000,10000,10000,0
6356,30237,5,1,-5760000,1710000,10000,10000,0
6357,30237,5,2,360000,1070000,10000,10000,0
6358,30237,5,3,-700000,-3540000,10000,10000,0
6359,30237,5,4,-5380000,-9360000,10000,10000,0
6360,30237,5,5,500000,-9600000,10000,10000,0
6361,30238,1,1,-2285000,-1210000,12000,12000,0
6362,30238,2,1,-1475000,135000,11000,11000,0
6363,30238,2,2,-1475000,-8310000,11000,11000,0
6364,30238,3,1,-670000,2910000,10000,10000,0
6365,30238,3,2,-670000,-3000000,10000,10000,0
6366,30238,3,3,-670000,-8640000,10000,10000,0
6367,30238,4,1,-4680000,1160000,10000,10000,0
6368,30238,4,2,1030000,1160000,10000,10000,0
6369,30238,4,3,-4680000,-8410000,10000,10000,0
6370,30238,4,4,1030000,-8340000,10000,10000,0
6371,30238,5,1,-4460000,2380000,10000,10000,0
6372,30238,5,2,1150000,1680000,10000,10000,0
6373,30238,5,3,-670000,-2850000,10000,10000,0
6374,30238,5,4,-4000000,-8380000,10000,10000,0
6375,30238,5,5,1150000,-8380000,10000,10000,0
6376,30239,1,1,-330000,-2040000,13000,13000,0
6377,30239,2,1,-270000,1120000,10000,10000,0
6378,30239,2,2,0,-8030000,10000,10000,0
6379,30239,3,1,-200000,3060000,10000,10000,0
6380,30239,3,2,-200000,-2970000,10000,10000,0
6381,30239,3,3,-200000,-8400000,10000,10000,0
6382,30239,4,1,-3420000,1160000,10000,10000,0
6383,30239,4,2,2040000,1530000,10000,10000,0
6384,30239,4,3,-3420000,-7760000,10000,10000,0
6385,30239,4,4,2040000,-7230000,10000,10000,0
6386,30239,5,1,-3420000,3000000,10000,10000,0
6387,30239,5,2,2010000,2160000,10000,10000,0
6388,30239,5,3,-140000,-2580000,10000,10000,0
6389,30239,5,4,-3420000,-8260000,10000,10000,0
6390,30239,5,5,2010000,-8260000,10000,10000,0
6391,30240,1,1,0,0,10000,10000,0
6392,30240,2,1,0,3300000,10000,10000,0
6393,30240,2,2,0,-5000000,10000,10000,0
6394,30240,3,1,-15000,6470000,9100,9100,0
6395,30240,3,2,-15000,0,9100,9100,0
6396,30240,3,3,-15000,-5700000,9100,9100,0
6397,30240,4,1,-3105000,3425000,8100,8100,0
6398,30240,4,2,2185000,3855000,8100,8100,0
6399,30240,4,3,-3185000,-5185000,8000,8000,0
6400,30240,4,4,2105000,-4755000,8000,8000,0
6401,30240,5,1,-3420000,5520000,8000,8000,0
6402,30240,5,2,2130000,4680000,8000,8000,0
6403,30240,5,3,0,70000,9100,9100,0
6404,30240,5,4,-3205000,-5370000,8000,8000,0
6405,30240,5,5,2125000,-5370000,8000,8000,0
6406,10122,1,1,0,-3230000,13000,13000,0
6407,10122,2,1,0,1160000,10000,10000,0
6408,10122,2,2,0,-7200000,10000,10000,0
6409,10122,3,1,-290000,3720000,10000,10000,0
6410,10122,3,2,-200000,-1650000,10000,10000,0
6411,10122,3,3,-290000,-7530000,10000,10000,0
6412,10122,4,1,-2430000,1160000,10000,10000,0
6413,10122,4,2,2780000,1160000,10000,10000,0
6414,10122,4,3,-2770000,-7260000,10000,10000,0
6415,10122,4,4,3020000,-7260000,10000,10000,0
6416,10122,5,1,-2500000,3240000,10000,10000,0
6417,10122,5,2,2780000,2500000,10000,10000,0
6418,10122,5,3,-140000,-1940000,10000,10000,0
6419,10122,5,4,-2770000,-7520000,10000,10000,0
6420,10122,5,5,2780000,-7520000,10000,10000,0
6421,10123,1,1,0,0,10000,10000,0
6422,10123,2,1,0,1410000,10000,10000,0
6423,10123,2,2,0,-6750000,10000,10000,0
6424,10123,3,1,-200000,3930000,10000,10000,0
6425,10123,3,2,210000,-1650000,10000,10000,0
6426,10123,3,3,210000,-7530000,10000,10000,0
6427,10123,4,1,-2050000,1160000,10000,10000,0
6428,10123,4,2,3480000,1160000,10000,10000,0
6429,10123,4,3,-2050000,-7050000,10000,10000,0
6430,10123,4,4,3480000,-7050000,10000,10000,0
6431,10123,5,1,-2070000,3620000,10000,10000,0
6432,10123,5,2,3610000,3030000,10000,10000,0
6433,10123,5,3,500000,-1460000,10000,10000,0
6434,10123,5,4,-2070000,-7140000,10000,10000,0
6435,10123,5,5,3610000,-7280000,10000,10000,0
6436,10124,1,1,0,0,10000,10000,0
6437,10124,2,1,40000,1160000,10000,10000,0
6438,10124,2,2,0,-7320000,10000,10000,0
6439,10124,3,1,-290000,3930000,10000,10000,0
6440,10124,3,2,0,-1650000,10000,10000,0
6441,10124,3,3,360000,-7260000,10000,10000,0
6442,10124,4,1,-3100000,1160000,10000,10000,0
6443,10124,4,2,2780000,1560000,10000,10000,0
6444,10124,4,3,-3100000,-6930000,10000,10000,0
6445,10124,4,4,2780000,-6090000,10000,10000,0
6446,10124,5,1,-3020000,3620000,10000,10000,0
6447,10124,5,2,2780000,2970000,10000,10000,0
6448,10124,5,3,110000,-1730000,10000,10000,0
6449,10124,5,4,-3020000,-7280000,10000,10000,0
6450,10124,5,5,2780000,-7280000,10000,10000,0
6451,20084,1,1,-2280000,-4645000,14000,14000,0
6452,20084,2,1,-1170000,135000,11000,11000,0
6453,20084,2,2,-1175000,-9120000,11000,11000,0
6454,20084,3,1,-490000,2130000,10000,10000,0
6455,20084,3,2,-670000,-3400000,10000,10000,0
6456,20084,3,3,-670000,-9600000,10000,10000,0
6457,20084,4,1,-4560000,1160000,10000,10000,0
6458,20084,4,2,1030000,1160000,10000,10000,0
6459,20084,4,3,-4560000,-8670000,10000,10000,0
6460,20084,4,4,1030000,-8410000,10000,10000,0
6461,20084,5,1,-4460000,1890000,10000,10000,0
6462,20084,5,2,1150000,1170000,10000,10000,0
6463,20084,5,3,-670000,-3540000,10000,10000,0
6464,20084,5,4,-4000000,-9240000,10000,10000,0
6465,20084,5,5,1150000,-9240000,10000,10000,0
6466,20085,1,1,0,0,10000,10000,0
6467,20085,2,1,-670000,1160000,10000,10000,0
6468,20085,2,2,-670000,-6480000,10000,10000,0
6469,20085,3,1,-670000,4470000,10000,10000,0
6470,20085,3,2,-670000,-940000,10000,10000,0
6471,20085,3,3,-670000,-6900000,10000,10000,0
6472,20085,4,1,-3600000,1650000,10000,10000,0
6473,20085,4,2,2040000,1650000,10000,10000,0
6474,20085,4,3,-3100000,-6870000,10000,10000,0
6475,20085,4,4,1670000,-6090000,10000,10000,0
6476,20085,5,1,-3600000,4020000,10000,10000,0
6477,20085,5,2,2130000,3240000,10000,10000,0
6478,20085,5,3,-670000,-1160000,10000,10000,0
6479,20085,5,4,-3600000,-6740000,10000,10000,0
6480,20085,5,5,1710000,-6740000,10000,10000,0
6481,30241,1,1,355000,-7290000,16000,16000,0
6482,30241,2,1,550000,-3185000,14000,14000,0
6483,30241,2,2,550000,-12765000,14000,14000,0
6484,30241,3,1,810000,-2080000,13000,13000,0
6485,30241,3,2,810000,-8030000,13000,13000,0
6486,30241,3,3,810000,-13990000,13000,13000,0
6487,30241,4,1,-2050000,-2080000,13000,13000,0
6488,30241,4,2,3290000,-2080000,13000,13000,0
6489,30241,4,3,-2050000,-12800000,13000,13000,0
6490,30241,4,4,3690000,-11570000,13000,13000,0
6491,30241,5,1,-2285000,-980000,12000,12000,0
6492,30241,5,2,3455000,-980000,12000,12000,0
6493,30241,5,3,580000,-7680000,12000,12000,0
6494,30241,5,4,-1920000,-12980000,12000,12000,0
6495,30241,5,5,3605000,-12910000,12000,12000,0
6496,30242,1,1,-2280000,-3305000,14000,14000,0
6497,30242,2,1,-1410000,-2110000,13000,13000,0
6498,30242,2,2,-2420000,-10360000,13000,13000,0
6499,30242,3,1,-490000,1770000,10000,10000,0
6500,30242,3,2,-670000,-4200000,10000,10000,0
6501,30242,3,3,-670000,-9640000,10000,10000,0
6502,30242,4,1,-5050000,1160000,10000,10000,0
6503,30242,4,2,810000,1160000,10000,10000,0
6504,30242,4,3,-5050000,-9210000,10000,10000,0
6505,30242,4,4,670000,-8340000,10000,10000,0
6506,30242,5,1,-4920000,1500000,10000,10000,0
6507,30242,5,2,500000,1500000,10000,10000,0
6508,30242,5,3,-700000,-3990000,10000,10000,0
6509,30242,5,4,-4460000,-9600000,10000,10000,0
6510,30242,5,5,600000,-9600000,10000,10000,0
6511,30243,1,1,-8760000,1110000,20000,20000,0
6512,30243,2,1,-8850000,4050000,20000,20000,0
6513,30243,2,2,-8850000,-3840000,20000,20000,0
6514,30243,3,1,-8850000,7420000,20000,20000,0
6515,30243,3,2,-8850000,1905000,20000,20000,0
6516,30243,3,3,-8850000,-4170000,20000,20000,0
6517,30243,4,1,-10915000,4215000,16000,16000,0
6518,30243,4,2,-5590000,4415000,16000,16000,0
6519,30243,4,3,-11240000,-4295000,16000,16000,0
6520,30243,4,4,-5510000,-4295000,16000,16000,0
6521,30243,5,1,-11220000,6495000,16000,16000,0
6522,30243,5,2,-5290000,5515000,16000,16000,0
6523,30243,5,3,-7200000,1520000,18000,18000,0
6524,30243,5,4,-11220000,-4590000,16000,16000,0
6525,30243,5,5,-5540000,-4590000,16000,16000,0
6526,20086,1,1,600000,-750000,12000,12000,0
6527,20086,2,1,360000,2000000,10000,10000,0
6528,20086,2,2,360000,-5940000,10000,10000,0
6529,20086,3,1,360000,5060000,10000,10000,0
6530,20086,3,2,360000,-560000,10000,10000,0
6531,20086,3,3,360000,-6290000,10000,10000,0
6532,20086,4,1,-1630000,1160000,10000,10000,0
6533,20086,4,2,3450000,2160000,10000,10000,0
6534,20086,4,3,-2050000,-6090000,10000,10000,0
6535,20086,4,4,3450000,-6090000,10000,10000,0
6536,20086,5,1,-2220000,4680000,10000,10000,0
6537,20086,5,2,3610000,3900000,10000,10000,0
6538,20086,5,3,0,-720000,10000,10000,0
6539,20086,5,4,-2220000,-6390000,10000,10000,0
6540,20086,5,5,3610000,-6140000,10000,10000,0
6541,30244,1,1,-1320000,-2010000,13000,13000,0
6542,30244,2,1,-1065000,620000,12000,12000,0
6543,30244,2,2,-1065000,-7390000,12000,12000,0
6544,30244,3,1,-670000,3810000,10000,10000,0
6545,30244,3,2,-670000,-1770000,10000,10000,0
6546,30244,3,3,-670000,-7850000,10000,10000,0
6547,30244,4,1,-3390000,1160000,10000,10000,0
6548,30244,4,2,2780000,1160000,10000,10000,0
6549,30244,4,3,-3100000,-7320000,10000,10000,0
6550,30244,4,4,2350000,-7320000,10000,10000,0
6551,30244,5,1,-3540000,3480000,10000,10000,0
6552,30244,5,2,2370000,2500000,10000,10000,0
6553,30244,5,3,-670000,-1940000,10000,10000,0
6554,30244,5,4,-3020000,-7590000,10000,10000,0
6555,30244,5,5,2370000,-7590000,10000,10000,0
6556,10119,1,1,690000,-1810000,13000,13000,0
6557,10119,2,1,355000,1155000,12000,12000,0
6558,10119,2,2,1075000,-6360000,12000,12000,0
6559,10119,3,1,500000,4560000,10000,10000,0
6560,10119,3,2,500000,-1160000,10000,10000,0
6561,10119,3,3,500000,-6720000,10000,10000,0
6562,10119,4,1,-1280000,1160000,10000,10000,0
6563,10119,4,2,3910000,1680000,10000,10000,0
6564,10119,4,3,-1280000,-6420000,10000,10000,0
6565,10119,4,4,4110000,-6090000,10000,10000,0
6566,10119,5,1,-1630000,4110000,10000,10000,0
6567,10119,5,2,3610000,3480000,10000,10000,0
6568,10119,5,3,500000,-1160000,10000,10000,0
6569,10119,5,4,-1630000,-6710000,10000,10000,0
6570,10119,5,5,4070000,-6710000,10000,10000,0
6571,30245,1,1,1140000,-1500000,13000,13000,0
6572,30245,2,1,40000,1500000,12000,12000,0
6573,30245,2,2,1075000,-6420000,12000,12000,0
6574,30245,3,1,210000,5070000,11000,11000,0
6575,30245,3,2,805000,-1075000,11000,11000,0
6576,30245,3,3,805000,-6470000,11000,11000,0
6577,30245,4,1,-2050000,1440000,10000,10000,0
6578,30245,4,2,3360000,2160000,10000,10000,0
6579,30245,4,3,-2770000,-6330000,10000,10000,0
6580,30245,4,4,3360000,-6330000,10000,10000,0
6581,30245,5,1,-2220000,4370000,10000,10000,0
6582,30245,5,2,3300000,3620000,10000,10000,0
6583,30245,5,3,40000,-750000,10000,10000,0
6584,30245,5,4,-2220000,-6390000,10000,10000,0
6585,30245,5,5,3300000,-6390000,10000,10000,0
6586,30246,1,1,-2730000,-1890000,13000,13000,0
6587,30246,2,1,-2285000,2300000,12000,12000,0
6588,30246,2,2,-2285000,-5700000,12000,12000,0
6589,30246,3,1,-1475000,5805000,11000,11000,0
6590,30246,3,2,-1045000,-560000,10466,10466,0
6591,30246,3,3,-1475000,-5880000,11000,11000,0
6592,30246,4,1,-4740000,2160000,10000,10000,0
6593,30246,4,2,870000,3270000,10000,10000,0
6594,30246,4,3,-4740000,-5700000,10000,10000,0
6595,30246,4,4,820000,-5700000,10000,10000,0
6596,30246,5,1,-4890000,5280000,10000,10000,0
6597,30246,5,2,760000,4490000,10000,10000,0
6598,30246,5,3,-700000,40000,10000,10000,0
6599,30246,5,4,-4890000,-5700000,10000,10000,0
6600,30246,5,5,870000,-5820000,10000,10000,0
6601,30247,1,1,355000,-1950000,13000,13000,0
6602,30247,2,1,805000,135000,11000,11000,0
6603,30247,2,2,1050000,-7115000,11000,11000,0
6604,30247,3,1,360000,3480000,10000,10000,0
6605,30247,3,2,620000,-2150000,10000,10000,0
6606,30247,3,3,360000,-7730000,10000,10000,0
6607,30247,4,1,-2050000,1160000,10000,10000,0
6608,30247,4,2,3910000,940000,10000,10000,0
6609,30247,4,3,-2370000,-7380000,10000,10000,0
6610,30247,4,4,3360000,-7760000,10000,10000,0
6611,30247,5,1,-2340000,3270000,10000,10000,0
6612,30247,5,2,3610000,2500000,10000,10000,0
6613,30247,5,3,530000,-2150000,10000,10000,0
6614,30247,5,4,-2340000,-7770000,10000,10000,0
6615,30247,5,5,3610000,-7770000,10000,10000,0
6616,10120,1,1,355000,-1810000,13000,13000,0
6617,10120,2,1,110000,1630000,10000,10000,0
6618,10120,2,2,110000,-7170000,10000,10000,0
6619,10120,3,1,110000,4350000,10000,10000,0
6620,10120,3,2,620000,-1260000,10000,10000,0
6621,10120,3,3,110000,-6660000,10000,10000,0
6622,10120,4,1,-2050000,1160000,10000,10000,0
6623,10120,4,2,3420000,1710000,10000,10000,0
6624,10120,4,3,-2370000,-6510000,10000,10000,0
6625,10120,4,4,3420000,-6510000,10000,10000,0
6626,10120,5,1,-2500000,3930000,10000,10000,0
6627,10120,5,2,3120000,3180000,10000,10000,0
6628,10120,5,3,340000,-1350000,10000,10000,0
6629,10120,5,4,-2500000,-6830000,10000,10000,0
6630,10120,5,5,3120000,-7140000,10000,10000,0
6631,10121,1,1,-5000,-2490000,12000,12000,0
6632,10121,2,1,-300000,1160000,10000,10000,0
6633,10121,2,2,-300000,-6840000,10000,10000,0
6634,10121,3,1,-290000,3690000,10000,10000,0
6635,10121,3,2,-670000,-1640000,10000,10000,0
6636,10121,3,3,-670000,-7850000,10000,10000,0
6637,10121,4,1,-2770000,1160000,10000,10000,0
6638,10121,4,2,2350000,1160000,10000,10000,0
6639,10121,4,3,-3100000,-7760000,10000,10000,0
6640,10121,4,4,2350000,-7310000,10000,10000,0
6641,10121,5,1,-3020000,3030000,10000,10000,0
6642,10121,5,2,2310000,2380000,10000,10000,0
6643,10121,5,3,-700000,-1940000,10000,10000,0
6644,10121,5,4,-2770000,-7730000,10000,10000,0
6645,10121,5,5,2310000,-7730000,10000,10000,0
6646,20087,1,1,-900000,-3120000,14000,14000,0
6647,20087,2,1,-780000,-2110000,13000,13000,0
6648,20087,2,2,-780000,-10360000,13000,13000,0
6649,20087,3,1,-480000,0,12000,12000,0
6650,20087,3,2,0,-5190000,12000,12000,0
6651,20087,3,3,210000,-11280000,12000,12000,0
6652,20087,4,1,-2485000,-815000,12000,12000,0
6653,20087,4,2,3020000,-810000,12000,12000,0
6654,20087,4,3,-2485000,-9600000,12000,12000,0
6655,20087,4,4,3015000,-8970000,12000,12000,0
6656,20087,5,1,-3020000,1070000,10000,10000,0
6657,20087,5,2,2780000,1170000,10000,10000,0
6658,20087,5,3,-140000,-4350000,10000,10000,0
6659,20087,5,4,-2220000,-10360000,10000,10000,0
6660,20087,5,5,3300000,-10020000,10000,10000,0
6661,30248,1,1,-990000,-2880000,13000,13000,0
6662,30248,2,1,-1505000,-830000,12000,12000,0
6663,30248,2,2,-1065000,-8760000,12000,12000,0
6664,30248,3,1,-1475000,2055000,11000,11000,0
6665,30248,3,2,-1475000,-3800000,12000,12000,0
6666,30248,3,3,-1005000,-9145000,11000,11000,0
6667,30248,4,1,-3960000,1160000,10000,10000,0
6668,30248,4,2,1670000,1160000,10000,10000,0
6669,30248,4,3,-3960000,-7760000,10000,10000,0
6670,30248,4,4,1670000,-7290000,10000,10000,0
6671,30248,5,1,-3700000,1920000,10000,10000,0
6672,30248,5,2,1980000,1170000,10000,10000,0
6673,30248,5,3,-700000,-3300000,10000,10000,0
6674,30248,5,4,-3700000,-9090000,10000,10000,0
6675,30248,5,5,1980000,-8840000,10000,10000,0
6676,10125,1,1,-540000,-2970000,13000,13000,0
6677,10125,2,1,-600000,825000,12000,12000,0
6678,10125,2,2,-605000,-6770000,12000,12000,0
6679,10125,3,1,-670000,4350000,10000,10000,0
6680,10125,3,2,-670000,-1260000,10000,10000,0
6681,10125,3,3,-670000,-7230000,10000,10000,0
6682,10125,4,1,-2770000,1160000,10000,10000,0
6683,10125,4,2,2350000,2160000,10000,10000,0
6684,10125,4,3,-3100000,-6630000,10000,10000,0
6685,10125,4,4,2350000,-6630000,10000,10000,0
6686,10125,5,1,-3510000,4020000,10000,10000,0
6687,10125,5,2,2340000,3210000,10000,10000,0
6688,10125,5,3,-670000,-1350000,10000,10000,0
6689,10125,5,4,-3230000,-6950000,10000,10000,0
6690,10125,5,5,2070000,-6950000,10000,10000,0
6691,30249,1,1,-2760000,-3810000,13000,13000,0
6692,30249,2,1,-2420000,-1470000,13000,13000,0
6693,30249,2,2,-2420000,-9180000,13000,13000,0
6694,30249,3,1,-690000,2880000,10000,10000,0
6695,30249,3,2,-1475000,-4135000,11000,11000,0
6696,30249,3,3,-690000,-8910000,10000,10000,0
6697,30249,4,1,-3960000,1160000,10000,10000,0
6698,30249,4,2,1670000,1160000,10000,10000,0
6699,30249,4,3,-4160000,-8340000,10000,10000,0
6700,30249,4,4,1410000,-7760000,10000,10000,0
6701,30249,5,1,-4530000,2220000,10000,10000,0
6702,30249,5,2,1410000,1440000,10000,10000,0
6703,30249,5,3,-750000,-3120000,10000,10000,0
6704,30249,5,4,-4000000,-8690000,10000,10000,0
6705,30249,5,5,1690000,-8690000,10000,10000,0
6706,30250,1,1,355000,-3230000,13000,13000,0
6707,30250,2,1,355000,-1350000,13000,13000,0
6708,30250,2,2,360000,-9890000,13000,13000,0
6709,30250,3,1,110000,2010000,10000,10000,0
6710,30250,3,2,210000,-3590000,10000,10000,0
6711,30250,3,3,110000,-9210000,10000,10000,0
6712,30250,4,1,-2435000,0,11000,11000,0
6713,30250,4,2,3320000,135000,11000,11000,0
6714,30250,4,3,-2435000,-9105000,11000,11000,0
6715,30250,4,4,3020000,-9105000,11000,11000,0
6716,30250,5,1,-2500000,1740000,10000,10000,0
6717,30250,5,2,3180000,940000,10000,10000,0
6718,30250,5,3,0,-3810000,10000,10000,0
6719,30250,5,4,-2040000,-9200000,10000,10000,0
6720,30250,5,5,3180000,-9200000,10000,10000,0
6721,30251,1,1,-2485000,-3200000,12000,12000,0
6722,30251,2,1,-2285000,-830000,12000,12000,0
6723,30251,2,2,-2285000,-8640000,12000,12000,0
6724,30251,3,1,-670000,2910000,10000,10000,0
6725,30251,3,2,-1475000,-3595000,11000,11000,0
6726,30251,3,3,-670000,-8550000,10000,10000,0
6727,30251,4,1,-5050000,1160000,10000,10000,0
6728,30251,4,2,270000,1160000,10000,10000,0
6729,30251,4,3,-5050000,-8030000,10000,10000,0
6730,30251,4,4,270000,-7760000,10000,10000,0
6731,30251,5,1,-5290000,2500000,10000,10000,0
6732,30251,5,2,360000,1800000,10000,10000,0
6733,30251,5,3,-670000,-2850000,10000,10000,0
6734,30251,5,4,-4800000,-8380000,10000,10000,0
6735,30251,5,5,420000,-8670000,10000,10000,0
6736,30260,1,1,-4185000,9010000,18000,18000,0
6737,30260,2,1,-4180000,14370000,18000,18000,0
6738,30260,2,2,-3765000,5790000,18000,18000,0
6739,30260,3,1,-3685000,14460000,15000,15000,0
6740,30260,3,2,-2880000,8250000,14000,14000,0
6741,30260,3,3,-3685000,3155000,15000,15000,0
6742,30260,4,1,-5665000,12920000,15000,15000,0
6743,30260,4,2,5000,13590000,15000,15000,0
6744,30260,4,3,-5285000,4440000,15000,15000,0
6745,30260,4,4,5000,4440000,15000,15000,0
6746,30260,5,1,-4765000,12740000,12001,11998,0
6747,30260,5,2,585000,11930000,12001,11998,0
6748,30260,5,3,-2680000,7220000,12503,12500,0
6749,30260,5,4,-4385000,1960000,13000,12997,0
6750,30260,5,5,355000,2500000,14000,13996,0
6751,10126,1,1,355000,-1210000,12000,12000,0
6752,10126,2,1,355000,1475000,11000,11000,0
6753,10126,2,2,355000,-6310000,11000,11000,0
6754,10126,3,1,500000,4470000,10000,10000,0
6755,10126,3,2,500000,-940000,10000,10000,0
6756,10126,3,3,500000,-6900000,10000,10000,0
6757,10126,4,1,-2050000,1650000,10000,10000,0
6758,10126,4,2,2780000,2160000,10000,10000,0
6759,10126,4,3,-2490000,-6390000,10000,10000,0
6760,10126,4,4,3510000,-5700000,10000,10000,0
6761,10126,5,1,-2160000,4110000,10000,10000,0
6762,10126,5,2,3270000,3480000,10000,10000,0
6763,10126,5,3,580000,-1160000,10000,10000,0
6764,10126,5,4,-2500000,-6650000,10000,10000,0
6765,10126,5,5,3270000,-6650000,10000,10000,0
6766,20088,1,1,-2760000,-1500000,13000,13000,0
6767,20088,2,1,-2285000,825000,12000,12000,0
6768,20088,2,2,-2285000,-7390000,12000,12000,0
6769,20088,3,1,-1475000,4050000,11000,11000,0
6770,20088,3,2,-2285000,-2145000,12000,12000,0
6771,20088,3,3,-1475000,-7480000,11000,11000,0
6772,20088,4,1,-5820000,1530000,12000,12000,0
6773,20088,4,2,40000,1800000,12000,12000,0
6774,20088,4,3,-5825000,-7000000,12000,12000,0
6775,20088,4,4,-210000,-7000000,12000,12000,0
6776,20088,5,1,-5700000,3930000,10000,10000,0
6777,20088,5,2,0,3090000,10000,10000,0
6778,20088,5,3,-1105000,-1345000,10500,10500,0
6779,20088,5,4,-5700000,-7210000,10000,10000,0
6780,20088,5,5,150000,-7140000,10000,10000,0
6781,30252,1,1,0,-4305000,14000,14000,0
6782,30252,2,1,-420000,-830000,12000,12000,0
6783,30252,2,2,-425000,-10910000,12000,12000,0
6784,30252,3,1,0,1120000,10000,10000,0
6785,30252,3,2,-490000,-4590000,10000,10000,0
6786,30252,3,3,0,-10720000,10000,10000,0
6787,30252,4,1,-3410000,-425000,11500,11500,0
6788,30252,4,2,2920000,-425000,11500,11500,0
6789,30252,4,3,-2840000,-10760000,11500,11500,0
6790,30252,4,4,2920000,-10025000,11500,11500,0
6791,30252,5,1,-3020000,135000,11000,11000,0
6792,30252,5,2,2690000,135000,11000,11000,0
6793,30252,5,3,-420000,-5190000,11000,11000,0
6794,30252,5,4,-3025000,-10785000,11000,11000,0
6795,30252,5,5,2515000,-10785000,11000,11000,0
6796,10127,1,1,355000,-3570000,13000,13000,0
6797,10127,2,1,0,345000,11000,11000,0
6798,10127,2,2,40000,-7590000,11000,11000,0
6799,10127,3,1,110000,3330000,10000,10000,0
6800,10127,3,2,110000,-2150000,10000,10000,0
6801,10127,3,3,110000,-8030000,10000,10000,0
6802,10127,4,1,-2435000,545000,11000,11000,0
6803,10127,4,2,3020000,545000,11000,11000,0
6804,10127,4,3,-2435000,-7760000,11000,11000,0
6805,10127,4,4,3025000,-7765000,11000,11000,0
6806,10127,5,1,-2220000,3090000,10000,10000,0
6807,10127,5,2,3240000,2380000,10000,10000,0
6808,10127,5,3,40000,-2310000,10000,10000,0
6809,10127,5,4,-2500000,-7850000,10000,10000,0
6810,10127,5,5,3240000,-7850000,10000,10000,0
6811,30253,1,1,0,-2040000,13000,13000,0
6812,30253,2,1,0,0,12000,12000,0
6813,30253,2,2,-5000,-8030000,12000,12000,0
6814,30253,3,1,-270000,2570000,11000,11000,0
6815,30253,3,2,0,-3090000,11000,11000,0
6816,30253,3,3,0,-8925000,11000,11000,0
6817,30253,4,1,-2055000,545000,10998,10999,0
6818,30253,4,2,3015000,895000,10998,10999,0
6819,30253,4,3,-2475000,-8025000,10998,10999,0
6820,30253,4,4,3025000,-7755000,10998,10999,0
6821,30253,5,1,-2070000,2380000,10000,10000,0
6822,30253,5,2,3360000,1860000,10000,10000,0
6823,30253,5,3,-140000,-2880000,10000,10000,0
6824,30253,5,4,-2500000,-8380000,10000,10000,0
6825,30253,5,5,3360000,-8380000,10000,10000,0
6826,30254,1,1,-5000,-2150000,12000,12000,0
6827,30254,2,1,0,0,11000,11000,0
6828,30254,2,2,40000,-8400000,12000,12000,0
6829,30254,3,1,-260000,3030000,10000,10000,0
6830,30254,3,2,0,-2490000,10000,10000,0
6831,30254,3,3,0,-8400000,10000,10000,0
6832,30254,4,1,-2435000,625000,10998,10999,0
6833,30254,4,2,3015000,545000,10998,10999,0
6834,30254,4,3,-2675000,-8025000,10998,10999,0
6835,30254,4,4,3015000,-8035000,10998,10999,0
6836,30254,5,1,-2500000,2730000,10000,10000,0
6837,30254,5,2,2780000,2160000,10000,10000,0
6838,30254,5,3,-140000,-2520000,10000,10000,0
6839,30254,5,4,-2770000,-8170000,10000,10000,0
6840,30254,5,5,2780000,-8170000,10000,10000,0
6841,30255,1,1,-2310000,-3230000,13000,13000,0
6842,30255,2,1,-2285000,-350000,12000,12000,0
6843,30255,2,2,-2285000,-8030000,12000,12000,0
6844,30255,3,1,-670000,3420000,10000,10000,0
6845,30255,3,2,-670000,-2730000,10000,10000,0
6846,30255,3,3,-670000,-8310000,10000,10000,0
6847,30255,4,1,-4500000,1160000,10000,10000,0
6848,30255,4,2,810000,1160000,10000,10000,0
6849,30255,4,3,-4500000,-8030000,10000,10000,0
6850,30255,4,4,570000,-7760000,10000,10000,0
6851,30255,5,1,-5040000,3090000,10000,10000,0
6852,30255,5,2,580000,2380000,10000,10000,0
6853,30255,5,3,-700000,-2310000,10000,10000,0
6854,30255,5,4,-5040000,-8030000,10000,10000,0
6855,30255,5,5,600000,-8030000,10000,10000,0
6856,30256,1,1,1950000,-1800000,12000,12000,0
6857,30256,2,1,1135000,1075000,11000,11000,0
6858,30256,2,2,1615000,-6600000,12000,12000,0
6859,30256,3,1,620000,4290000,10000,10000,0
6860,30256,3,2,710000,-1860000,10000,10000,0
6861,30256,3,3,620000,-7080000,10000,10000,0
6862,30256,4,1,-870000,1530000,10000,10000,0
6863,30256,4,2,4650000,1830000,10000,10000,0
6864,30256,4,3,-870000,-6480000,10000,10000,0
6865,30256,4,4,4650000,-6480000,10000,10000,0
6866,30256,5,1,-700000,3930000,10000,10000,0
6867,30256,5,2,4500000,3180000,10000,10000,0
6868,30256,5,3,670000,-1380000,10000,10000,0
6869,30256,5,4,-430000,-7140000,10000,10000,0
6870,30256,5,5,4500000,-7140000,10000,10000,0
6871,20089,1,1,3020000,-990000,13000,13000,0
6872,20089,2,1,3020000,825000,13000,13000,0
6873,20089,2,2,3090000,-6840000,13000,13000,0
6874,20089,3,1,2325000,4205000,12000,12000,0
6875,20089,3,2,2325000,-1860000,12000,12000,0
6876,20089,3,3,2325000,-6870000,12000,12000,0
6877,20089,4,1,40000,1160000,10000,10000,0
6878,20089,4,2,6020000,2160000,10000,10000,0
6879,20089,4,3,270000,-6660000,10000,10000,0
6880,20089,4,4,6020000,-6660000,10000,10000,0
6881,20089,5,1,360000,3960000,10000,10000,0
6882,20089,5,2,5940000,3180000,10000,10000,0
6883,20089,5,3,1880000,-1495000,11500,11500,0
6884,20089,5,4,500000,-6800000,10000,10000,0
6885,20089,5,5,5940000,-6800000,10000,10000,0
6886,30258,1,1,5560000,-2970000,16000,16000,0
6887,30258,2,1,5530000,-590000,16000,16000,0
6888,30258,2,2,5530000,-8730000,16000,16000,0
6889,30258,3,1,5580000,1710000,16000,16000,0
6890,30258,3,2,5580000,-4500000,16000,16000,0
6891,30258,3,3,5580000,-9660000,16000,16000,0
6892,30258,4,1,3150000,545000,13000,13000,0
6893,30258,4,2,8890000,0,13000,13000,0
6894,30258,4,3,3150000,-8550000,13000,13000,0
6895,30258,4,4,8890000,-8550000,13000,13000,0
6896,30258,5,1,2285000,2550000,12000,12000,0
6897,30258,5,2,8220000,1650000,12000,12000,0
6898,30258,5,3,3150000,-3090000,13000,13000,0
6899,30258,5,4,2345000,-8230000,12000,12000,0
6900,30258,5,5,8725000,-8230000,12000,12000,0
6901,30259,1,1,-450000,-855000,11000,11000,0
6902,30259,2,1,60000,1160000,10000,10000,0
6903,30259,2,2,0,-7590000,10000,10000,0
6904,30259,3,1,-200000,3150000,10000,10000,0
6905,30259,3,2,-290000,-3150000,10000,10000,0
6906,30259,3,3,0,-8340000,10000,10000,0
6907,30259,4,1,-3100000,1160000,10000,10000,0
6908,30259,4,2,2350000,1530000,10000,10000,0
6909,30259,4,3,-3100000,-7500000,10000,10000,0
6910,30259,4,4,2780000,-7500000,10000,10000,0
6911,30259,5,1,-3450000,2500000,10000,10000,0
6912,30259,5,2,2250000,1830000,10000,10000,0
6913,30259,5,3,-390000,-2580000,10000,10000,0
6914,30259,5,4,-3450000,-8260000,10000,10000,0
6915,30259,5,5,2250000,-8380000,10000,10000,0
6916,10131,1,1,0,-2290000,12999,13002,0
6917,10131,2,1,0,820000,12001,11998,0
6918,10131,2,2,-5000,-6890000,12001,11998,0
6919,10131,3,1,0,3690000,10000,10000,0
6920,10131,3,2,0,-1550000,10000,10000,0
6921,10131,3,3,0,-7560000,10000,10000,0
6922,10131,4,1,-3100000,1430000,10000,10000,0
6923,10131,4,2,2350000,1790000,10000,10000,0
6924,10131,4,3,-3100000,-7220000,10000,10000,0
6925,10131,4,4,2350000,-6650000,10000,10000,0
6926,10131,5,1,-3020000,3480000,10000,10000,0
6927,10131,5,2,2780000,2730000,10000,10000,0
6928,10131,5,3,0,-1940000,10000,10000,0
6929,10131,5,4,-2500000,-7520000,10000,10000,0
6930,10131,5,5,2780000,-7520000,10000,10000,0
6931,30261,1,1,-1475000,20000,11000,11000,0
6932,30261,2,1,-670000,2000000,10000,10000,0
6933,30261,2,2,-670000,-6450000,10000,10000,0
6934,30261,3,1,-750000,4350000,10000,10000,0
6935,30261,3,2,-750000,-1785000,10000,10000,0
6936,30261,3,3,-750000,-7080000,10000,10000,0
6937,30261,4,1,-5050000,1160000,10000,10000,0
6938,30261,4,2,870000,1710000,10000,10000,0
6939,30261,4,3,-5050000,-6990000,10000,10000,0
6940,30261,4,4,570000,-6600000,10000,10000,0
6941,30261,5,1,-5010000,3960000,10000,10000,0
6942,30261,5,2,580000,3210000,10000,10000,0
6943,30261,5,3,-700000,-1310000,10000,10000,0
6944,30261,5,4,-4890000,-7070000,10000,10000,0
6945,30261,5,5,670000,-7140000,10000,10000,0
6946,30262,1,1,-480000,-3230000,12999,13002,0
6947,30262,2,1,-545000,-350000,12001,11998,0
6948,30262,2,2,-545000,-8030000,12001,11998,0
6949,30262,3,1,-200000,3360000,10000,10000,0
6950,30262,3,2,0,-2520000,10000,10000,0
6951,30262,3,3,0,-7850000,10000,10000,0
6952,30262,4,1,-3360000,1160000,10000,10000,0
6953,30262,4,2,2350000,1160000,10000,10000,0
6954,30262,4,3,-3100000,-7760000,10000,10000,0
6955,30262,4,4,2350000,-7760000,10000,10000,0
6956,30262,5,1,-3330000,3270000,10000,10000,0
6957,30262,5,2,2380000,2730000,10000,10000,0
6958,30262,5,3,-700000,-2310000,10000,10000,0
6959,30262,5,4,-3040000,-7880000,10000,10000,0
6960,30262,5,5,2200000,-7790000,10000,10000,0
6961,30263,1,1,-1505000,-1210000,12000,12000,0
6962,30263,2,1,-1050000,1475000,11000,11000,0
6963,30263,2,2,-1055000,-7380000,11000,11000,0
6964,30263,3,1,-670000,3780000,10000,10000,0
6965,30263,3,2,-670000,-2210000,10000,10000,0
6966,30263,3,3,-670000,-7800000,10000,10000,0
6967,30263,4,1,-4160000,1620000,10000,10000,0
6968,30263,4,2,1410000,1620000,10000,10000,0
6969,30263,4,3,-4470000,-7350000,10000,10000,0
6970,30263,4,4,1030000,-7350000,10000,10000,0
6971,30263,5,1,-4000000,3480000,10000,10000,0
6972,30263,5,2,1150000,2730000,10000,10000,0
6973,30263,5,3,-700000,-1940000,10000,10000,0
6974,30263,5,4,-4460000,-7620000,10000,10000,0
6975,30263,5,5,1410000,-7620000,10000,10000,0
6976,10129,1,1,0,0,10000,10000,0
6977,10129,2,1,0,2000000,10000,10000,0
6978,10129,2,2,0,-6000000,10000,10000,0
6979,10129,3,1,0,4350000,10000,10000,0
6980,10129,3,2,110000,-1260000,10000,10000,0
6981,10129,3,3,0,-6900000,10000,10000,0
6982,10129,4,1,-2770000,2160000,10000,10000,0
6983,10129,4,2,2780000,2420000,10000,10000,0
6984,10129,4,3,-2770000,-6090000,10000,10000,0
6985,10129,4,4,3020000,-5700000,10000,10000,0
6986,10129,5,1,-2410000,4220000,10000,10000,0
6987,10129,5,2,2690000,3480000,10000,10000,0
6988,10129,5,3,150000,-1350000,10000,10000,0
6989,10129,5,4,-3020000,-6780000,10000,10000,0
6990,10129,5,5,2780000,-6870000,10000,10000,0
6991,10132,1,1,0,0,13000,13000,0
6992,10132,2,1,-260000,1700000,13000,13000,0
6993,10132,2,2,-260000,-6450000,13000,13000,0
6994,10132,3,1,-200000,4920000,10000,10000,0
6995,10132,3,2,-200000,-940000,10000,10000,0
6996,10132,3,3,-200000,-6690000,10000,10000,0
6997,10132,4,1,-3245000,1610000,12000,12000,0
6998,10132,4,2,2285000,2150000,12000,12000,0
6999,10132,4,3,-3610000,-6090000,13000,13000,0
7000,10132,4,4,1950000,-5290000,13000,13000,0
7001,10132,5,1,-3450000,4680000,10000,10000,0
7002,10132,5,2,2220000,4080000,10000,10000,0
7003,10132,5,3,-140000,-790000,10000,10000,0
7004,10132,5,4,-3450000,-6390000,10000,10000,0
7005,10132,5,5,2690000,-6390000,10000,10000,0
7006,10133,1,1,355000,-2885000,14000,14000,0
7007,10133,2,1,0,2300000,10000,10000,0
7008,10133,2,2,0,-6270000,10000,10000,0
7009,10133,3,1,-200000,4650000,10000,10000,0
7010,10133,3,2,-200000,-940000,10000,10000,0
7011,10133,3,3,-200000,-6690000,10000,10000,0
7012,10133,4,1,-1630000,2160000,10000,10000,0
7013,10133,4,2,3510000,2160000,10000,10000,0
7014,10133,4,3,-2310000,-6420000,10000,10000,0
7015,10133,4,4,3510000,-6090000,10000,10000,0
7016,10133,5,1,-2500000,4370000,10000,10000,0
7017,10133,5,2,3030000,3620000,10000,10000,0
7018,10133,5,3,360000,-940000,10000,10000,0
7019,10133,5,4,-2010000,-6390000,10000,10000,0
7020,10133,5,5,3610000,-6390000,10000,10000,0
7021,10134,1,1,40000,-2010000,13000,13000,0
7022,10134,2,1,110000,1440000,10000,10000,0
7023,10134,2,2,0,-6840000,10000,10000,0
7024,10134,3,1,0,3840000,10000,10000,0
7025,10134,3,2,0,-1800000,10000,10000,0
7026,10134,3,3,0,-7320000,10000,10000,0
7027,10134,4,1,-2370000,1160000,10000,10000,0
7028,10134,4,2,3020000,1830000,10000,10000,0
7029,10134,4,3,-2770000,-7230000,10000,10000,0
7030,10134,4,4,3390000,-6660000,10000,10000,0
7031,10134,5,1,-2500000,3620000,10000,10000,0
7032,10134,5,2,3360000,3000000,10000,10000,0
7033,10134,5,3,40000,-1730000,10000,10000,0
7034,10134,5,4,-2500000,-7280000,10000,10000,0
7035,10134,5,5,3300000,-7280000,10000,10000,0
7036,30264,1,1,-5530000,-1920000,16000,16000,0
7037,30264,2,1,-5510000,1170000,16000,16000,0
7038,30264,2,2,-5510000,-6455000,16000,16000,0
7039,30264,3,1,-4705000,4680000,15000,15000,0
7040,30264,3,2,-8745000,-1440000,20000,20000,0
7041,30264,3,3,-4705000,-7110000,15000,15000,0
7042,30264,4,1,-7040000,2730000,10000,10000,0
7043,30264,4,2,-3170000,2420000,13000,13000,0
7044,30264,4,3,-7040000,-6090000,10000,10000,0
7045,30264,4,4,-3090000,-5290000,13000,13000,0
7046,30264,5,1,-7200000,4370000,10000,10000,0
7047,30264,5,2,-2285000,3555000,12000,12000,0
7048,30264,5,3,1080000,-5015000,12000,12000,674378
7049,30264,5,4,-6490000,-6390000,10000,10000,0
7050,30264,5,5,-2285000,-6390000,12000,12000,0
7051,30265,1,1,355000,-1810000,13000,13000,0
7052,30265,2,1,0,-1030000,12000,12000,0
7053,30265,2,2,-5000,-9330000,12000,12000,0
7054,30265,3,1,0,2070000,10000,10000,0
7055,30265,3,2,0,-3400000,10000,10000,0
7056,30265,3,3,0,-9360000,10000,10000,0
7057,30265,4,1,-3105000,-815000,12000,12000,0
7058,30265,4,2,2185000,-810000,12000,12000,0
7059,30265,4,3,-3690000,-9600000,12000,12000,0
7060,30265,4,4,2185000,-9270000,12000,12000,0
7061,30265,5,1,-3300000,1680000,10000,10000,0
7062,30265,5,2,1980000,1170000,10000,10000,0
7063,30265,5,3,0,-3870000,10000,10000,0
7064,30265,5,4,-2500000,-9590000,10000,10000,0
7065,30265,5,5,2430000,-9080000,10000,10000,0
7066,30266,1,1,9595000,930000,21000,21000,0
7067,30266,2,1,10445000,4050000,22000,22000,0
7068,30266,2,2,10445000,-3765000,22000,22000,0
7069,30266,3,1,9675000,6820000,21000,21000,0
7070,30266,3,2,9675000,1125000,21000,21000,0
7071,30266,3,3,9675000,-4140000,21000,21000,0
7072,30266,4,1,7030000,4140000,18000,18000,0
7073,30266,4,2,12475000,4560000,18000,18000,0
7074,30266,4,3,7025000,-4350000,18000,18000,0
7075,30266,4,4,12475000,-4040000,18000,18000,0
7076,30266,5,1,5510000,6455000,16000,16000,0
7077,30266,5,2,10920000,5515000,16000,16000,0
7078,30266,5,3,8740000,930000,20000,20000,0
7079,30266,5,4,5510000,-4710000,16000,16000,0
7080,30266,5,5,11220000,-4715000,16000,16000,0
7081,10135,1,1,0,-780000,12000,12000,0
7082,10135,2,1,0,2300000,10000,10000,0
7083,10135,2,2,0,-6870000,10000,10000,0
7084,10135,3,1,0,3930000,10000,10000,0
7085,10135,3,2,0,-1500000,10000,10000,0
7086,10135,3,3,0,-7470000,10000,10000,0
7087,10135,4,1,-2370000,1160000,10000,10000,0
7088,10135,4,2,3020000,1500000,10000,10000,0
7089,10135,4,3,-2770000,-7200000,10000,10000,0
7090,10135,4,4,3020000,-7200000,10000,10000,0
7091,10135,5,1,-2770000,3800000,10000,10000,0
7092,10135,5,2,3060000,2970000,10000,10000,0
7093,10135,5,3,0,-1460000,10000,10000,0
7094,10135,5,4,-2500000,-7210000,10000,10000,0
7095,10135,5,5,3060000,-7280000,10000,10000,0
7096,10136,1,1,5000,-780000,12001,11998,0
7097,10136,2,1,0,2300000,10000,10000,0
7098,10136,2,2,0,-6870000,10000,10000,0
7099,10136,3,1,0,3930000,10000,10000,0
7100,10136,3,2,0,-1790000,10000,10000,0
7101,10136,3,3,0,-8030000,10000,10000,0
7102,10136,4,1,-2370000,1160000,10000,10000,0
7103,10136,4,2,3020000,1500000,10000,10000,0
7104,10136,4,3,-2770000,-7200000,10000,10000,0
7105,10136,4,4,3020000,-7200000,10000,10000,0
7106,10136,5,1,-2770000,3480000,10000,10000,0
7107,10136,5,2,3060000,2970000,10000,10000,0
7108,10136,5,3,-140000,-2050000,10000,10000,0
7109,10136,5,4,-3020000,-7280000,10000,10000,0
7110,10136,5,5,3060000,-7280000,10000,10000,0
7111,30267,1,1,-1170000,-3990000,13000,13000,0
7112,30267,2,1,-780000,-830000,13000,13000,0
7113,30267,2,2,-780000,-8465000,13000,13000,0
7114,30267,3,1,-1005000,2905000,11000,11000,0
7115,30267,3,2,-1005000,-3030000,11000,11000,0
7116,30267,3,3,-1005000,-8640000,11000,11000,0
7117,30267,4,1,-3100000,1160000,10000,10000,0
7118,30267,4,2,2070000,1160000,10000,10000,0
7119,30267,4,3,-3510000,-8030000,10000,10000,0
7120,30267,4,4,1670000,-7760000,10000,10000,0
7121,30267,5,1,-3300000,2495000,10000,10005,0
7122,30267,5,2,1710000,1860000,10000,10000,0
7123,30267,5,3,-670000,-2585000,10000,10005,0
7124,30267,5,4,-3300000,-8380000,10000,10000,0
7125,30267,5,5,2070000,-8385000,10000,10005,0
7126,30268,1,1,355000,-3570000,13000,13000,0
7127,30268,2,1,0,1120000,10000,10000,0
7128,30268,2,2,0,-8030000,10000,10000,0
7129,30268,3,1,70000,2370000,10000,10000,0
7130,30268,3,2,0,-3400000,10000,10000,0
7131,30268,3,3,0,-8880000,10000,10000,0
7132,30268,4,1,-2770000,1160000,10000,10000,0
7133,30268,4,2,3020000,1160000,10000,10000,0
7134,30268,4,3,-2770000,-8410000,10000,10000,0
7135,30268,4,4,2780000,-7500000,10000,10000,0
7136,30268,5,1,-3020000,2400000,10000,10000,0
7137,30268,5,2,2780000,1590000,10000,10000,0
7138,30268,5,3,150000,-3300000,10000,10000,0
7139,30268,5,4,-2770000,-8730000,10000,10000,0
7140,30268,5,5,2780000,-8730000,10000,10000,0
7141,30269,1,1,-1390000,-3570000,12999,13002,0
7142,30269,2,1,-1615000,-830000,12000,12000,0
7143,30269,2,2,-1615000,-9600000,12000,12000,0
7144,30269,3,1,-670000,2450000,10000,10000,0
7145,30269,3,2,-1095000,-3910000,11000,11000,0
7146,30269,3,3,-670000,-9120000,10000,10000,0
7147,30269,4,1,-3520000,1160000,10000,10000,0
7148,30269,4,2,1710000,1160000,10000,10000,0
7149,30269,4,3,-3960000,-8680000,10000,10000,0
7150,30269,4,4,1710000,-7760000,10000,10000,0
7151,30269,5,1,-3740000,2160000,10000,10000,0
7152,30269,5,2,1710000,1500000,10000,10000,0
7153,30269,5,3,-670000,-3210000,10000,10000,0
7154,30269,5,4,-3740000,-8970000,10000,10000,0
7155,30269,5,5,1710000,-8970000,10000,10000,0
7156,20090,1,1,-1470000,-3230000,13000,13000,0
7157,20090,2,1,-1615000,-730000,12000,12000,0
7158,20090,2,2,-1615000,-9930000,12000,12000,0
7159,20090,3,1,-670000,1830000,10000,10000,0
7160,20090,3,2,-670000,-3590000,10000,10000,0
7161,20090,3,3,-670000,-9640000,10000,10000,0
7162,20090,4,1,-4160000,1160000,10000,10000,0
7163,20090,4,2,1670000,1160000,10000,10000,0
7164,20090,4,3,-4160000,-9000000,10000,10000,0
7165,20090,4,4,1030000,-9000000,10000,10000,0
7166,20090,5,1,-4460000,1590000,10000,10000,0
7167,20090,5,2,1150000,1170000,10000,10000,0
7168,20090,5,3,-700000,-3840000,10000,10000,0
7169,20090,5,4,-4000000,-9590000,10000,10000,0
7170,20090,5,5,1150000,-9590000,10000,10000,0
7171,30270,1,1,-3175000,-3270000,15000,15000,0
7172,30270,2,1,-3600000,825000,14000,14000,0
7173,30270,2,2,-3600000,-6870000,14000,14000,0
7174,30270,3,1,-2285000,4355000,12000,12000,0
7175,30270,3,2,-2285000,-880000,12000,12000,0
7176,30270,3,3,-2105000,-7260000,12000,12000,0
7177,30270,4,1,-5050000,1830000,10000,10000,0
7178,30270,4,2,950000,2160000,10000,10000,0
7179,30270,4,3,-4710000,-6900000,10000,10000,0
7180,30270,4,4,950000,-6900000,10000,10000,0
7181,30270,5,1,-5290000,3930000,10000,10000,0
7182,30270,5,2,870000,3060000,10000,10000,0
7183,30270,5,3,-700000,-1350000,10000,10000,0
7184,30270,5,4,-4460000,-7140000,10000,10000,0
7185,30270,5,5,1150000,-7140000,10000,10000,0
7186,30271,1,1,355000,-4200000,15000,15000,0
7187,30271,2,1,-5000,-2970000,15000,15000,0
7188,30271,2,2,-5000,-11070000,15000,15000,0
7189,30271,3,1,-300000,-560000,14000,14000,0
7190,30271,3,2,5000,-6540000,15000,15000,0
7191,30271,3,3,-295000,-12020000,15000,15000,0
7192,30271,4,1,-2425000,-2550000,15000,15000,0
7193,30271,4,2,3025000,-2310000,15000,15000,0
7194,30271,4,3,-3105000,-11700000,15000,15000,0
7195,30271,4,4,3025000,-10760000,15000,15000,0
7196,30271,5,1,-2505000,-1350000,15000,15000,0
7197,30271,5,2,2695000,-1460000,15000,15000,0
7198,30271,5,3,5000,-6390000,15000,15000,0
7199,30271,5,4,-2505000,-12180000,15000,15000,0
7200,30271,5,5,2975000,-12180000,15000,15000,0
7201,30272,1,1,55000,-2490000,12000,12000,0
7202,30272,2,1,-670000,1120000,10000,10000,0
7203,30272,2,2,-670000,-7230000,10000,10000,0
7204,30272,3,1,-670000,3270000,10000,10000,0
7205,30272,3,2,-495000,-2880000,10000,10000,-274
7206,30272,3,3,-670000,-8070000,10000,10000,0
7207,30272,4,1,-2770000,1160000,10000,10000,0
7208,30272,4,2,2500000,1440000,10000,10000,0
7209,30272,4,3,-2770000,-7050000,10000,10000,0
7210,30272,4,4,2500000,-6600000,10000,10000,0
7211,30272,5,1,-2770000,3060000,10000,10000,0
7212,30272,5,2,2400000,2500000,10000,10000,0
7213,30272,5,3,-140000,-2260000,10000,10000,0
7214,30272,5,4,-2770000,-7700000,10000,10000,0
7215,30272,5,5,2400000,-8030000,10000,10000,0
7216,30273,1,1,3230000,-2885000,14000,14000,0
7217,30273,2,1,1950000,-1710000,13000,13000,0
7218,30273,2,2,1950000,-9600000,13000,13000,0
7219,30273,3,1,1515000,1770000,11000,11000,0
7220,30273,3,2,1515000,-3870000,11000,11000,0
7221,30273,3,3,1515000,-9450000,11000,11000,0
7222,30273,4,1,-795000,-90000,12000,12000,0
7223,30273,4,2,4740000,110000,12000,12000,0
7224,30273,4,3,-1010000,-9180000,12000,12000,0
7225,30273,4,4,4735000,-9180000,12000,12000,0
7226,30273,5,1,-1630000,2160000,10000,10000,0
7227,30273,5,2,4070000,1170000,10000,10000,0
7228,30273,5,3,720000,-3570000,10000,10000,0
7229,30273,5,4,-1630000,-8600000,10000,10000,0
7230,30273,5,5,4070000,-8880000,10000,10000,0
7231,10137,1,1,0,0,12000,12000,0
7232,10137,2,1,0,2000000,10000,10000,0
7233,10137,2,2,0,-6390000,10000,10000,0
7234,10137,3,1,-200000,4680000,10000,10000,0
7235,10137,3,2,0,-940000,10000,10000,0
7236,10137,3,3,0,-6660000,10000,10000,0
7237,10137,4,1,-2520000,1470000,10000,10000,0
7238,10137,4,2,3330000,2350000,10000,10000,0
7239,10137,4,3,-2520000,-6330000,10000,10000,0
7240,10137,4,4,3020000,-5700000,10000,10000,0
7241,10137,5,1,-2500000,4370000,10000,10000,0
7242,10137,5,2,3360000,3480000,10000,10000,0
7243,10137,5,3,0,-940000,10000,10000,0
7244,10137,5,4,-2770000,-6690000,10000,10000,0
7245,10137,5,5,3060000,-6690000,10000,10000,0
7246,20091,1,1,-2310000,-2290000,13000,13000,0
7247,20091,2,1,-1920000,-1030000,12000,12000,0
7248,20091,2,2,-1925000,-8340000,12000,12000,0
7249,20091,3,1,-670000,2910000,10000,10000,0
7250,20091,3,2,-670000,-2790000,10000,10000,0
7251,20091,3,3,-670000,-8460000,10000,10000,0
7252,20091,4,1,-3690000,1160000,10000,10000,0
7253,20091,4,2,1670000,1160000,10000,10000,0
7254,20091,4,3,-4165000,-8030000,10000,10000,0
7255,20091,4,4,1670000,-8030000,10000,10000,0
7256,20091,5,1,-4000000,2160000,10000,10000,0
7257,20091,5,2,1690000,1530000,10000,10000,0
7258,20091,5,3,-700000,-2850000,10000,10000,0
7259,20091,5,4,-4460000,-8600000,10000,10000,0
7260,20091,5,5,1410000,-8260000,10000,10000,0
7261,30274,1,1,1590000,-3120000,14000,14000,0
7262,30274,2,1,1110000,-2850000,14000,14000,0
7263,30274,2,2,1110000,-12765000,14000,14000,0
7264,30274,3,1,620000,1270000,10000,10000,0
7265,30274,3,2,710000,-4960000,10000,10000,0
7266,30274,3,3,710000,-11320000,10000,10000,0
7267,30274,4,1,-2050000,-1815000,13000,13000,0
7268,30274,4,2,3290000,-1820000,13000,13000,0
7269,30274,4,3,-2050000,-11640000,13000,13000,0
7270,30274,4,4,3290000,-10760000,13000,13000,0
7271,30274,5,1,-2500000,1170000,10000,10000,0
7272,30274,5,2,3610000,1170000,10000,10000,0
7273,30274,5,3,670000,-5460000,10000,10000,0
7274,30274,5,4,-2130000,-11280000,10000,10000,0
7275,30274,5,5,3610000,-10930000,10000,10000,0
7276,30275,1,1,-2070000,-1950000,13000,13000,0
7277,30275,2,1,-2070000,-2670000,14000,14000,0
7278,30275,2,2,-2070000,-10720000,14000,14000,0
7279,30275,3,1,-670000,2130000,10000,10000,0
7280,30275,3,2,-670000,-3840000,10000,10000,0
7281,30275,3,3,-670000,-9600000,10000,10000,0
7282,30275,4,1,-4620000,1160000,10000,10000,0
7283,30275,4,2,950000,1160000,10000,10000,0
7284,30275,4,3,-4620000,-9210000,10000,10000,0
7285,30275,4,4,950000,-8410000,10000,10000,0
7286,30275,5,1,-4460000,1440000,10000,10000,0
7287,30275,5,2,1150000,1170000,10000,10000,0
7288,30275,5,3,-670000,-3810000,10000,10000,0
7289,30275,5,4,-4460000,-9410000,10000,10000,0
7290,30275,5,5,1150000,-9410000,10000,10000,0
7291,20092,1,1,-480000,-3570000,13000,13000,0
7292,20092,2,1,-390000,-830000,12000,12000,0
7293,20092,2,2,-395000,-10360000,12000,12000,0
7294,20092,3,1,-200000,1070000,10000,10000,0
7295,20092,3,2,-200000,-4680000,10000,10000,0
7296,20092,3,3,0,-10630000,10000,10000,0
7297,20092,4,1,-3100000,1160000,10000,10000,0
7298,20092,4,2,2780000,1160000,10000,10000,0
7299,20092,4,3,-2770000,-9030000,10000,10000,0
7300,20092,4,4,2780000,-8410000,10000,10000,0
7301,20092,5,1,-2770000,1170000,10000,10000,0
7302,20092,5,2,2690000,1170000,10000,10000,0
7303,20092,5,3,-700000,-4740000,10000,10000,0
7304,20092,5,4,-3020000,-10360000,10000,10000,0
7305,20092,5,5,3090000,-10360000,10000,10000,0
7306,30277,1,1,-1975000,-750000,12001,11998,0
7307,30277,2,1,-670000,2000000,10000,10000,0
7308,30277,2,2,-670000,-5700000,10000,10000,0
7309,30277,3,1,-670000,4800000,10000,10000,0
7310,30277,3,2,-670000,-940000,10000,10000,0
7311,30277,3,3,-670000,-6660000,10000,10000,0
7312,30277,4,1,-5050000,2160000,10000,10000,0
7313,30277,4,2,570000,2730000,10000,10000,0
7314,30277,4,3,-5050000,-6480000,10000,10000,0
7315,30277,4,4,670000,-6480000,10000,10000,0
7316,30277,5,1,-5010000,4680000,10000,10000,0
7317,30277,5,2,500000,3930000,10000,10000,0
7318,30277,5,3,-700000,-940000,10000,10000,0
7319,30277,5,4,-4460000,-6390000,10000,10000,0
7320,30277,5,5,580000,-6390000,10000,10000,0
7321,10139,1,1,355000,-2490000,12000,12000,0
7322,10139,2,1,0,1500000,10000,10000,0
7323,10139,2,2,0,-8030000,10000,10000,0
7324,10139,3,1,210000,3360000,10000,10000,0
7325,10139,3,2,0,-2460000,10000,10000,0
7326,10139,3,3,360000,-8030000,10000,10000,0
7327,10139,4,1,-2050000,1160000,10000,10000,0
7328,10139,4,2,3360000,1160000,10000,10000,0
7329,10139,4,3,-2430000,-7760000,10000,10000,0
7330,10139,4,4,3360000,-7760000,10000,10000,0
7331,10139,5,1,-2220000,3000000,10000,10000,0
7332,10139,5,2,3090000,2160000,10000,10000,0
7333,10139,5,3,150000,-2380000,10000,10000,0
7334,10139,5,4,-2220000,-7940000,10000,10000,0
7335,10139,5,5,3090000,-8030000,10000,10000,0
7336,30278,1,1,-2420000,-3570000,13000,13000,0
7337,30278,2,1,-2285000,-1030000,12000,12000,0
7338,30278,2,2,-2285000,-9600000,12000,12000,0
7339,30278,3,1,-670000,2690000,10000,10000,0
7340,30278,3,2,-2425000,-4890000,12000,12000,0
7341,30278,3,3,-670000,-9060000,10000,10000,0
7342,30278,4,1,-5290000,1160000,10000,10000,0
7343,30278,4,2,190000,1160000,10000,10000,0
7344,30278,4,3,-5290000,-8790000,10000,10000,0
7345,30278,4,4,570000,-8410000,10000,10000,0
7346,30278,5,1,-5290000,1830000,10000,10000,0
7347,30278,5,2,40000,1070000,10000,10000,0
7348,30278,5,3,-700000,-3150000,10000,10000,0
7349,30278,5,4,-5380000,-8930000,10000,10000,0
7350,30278,5,5,0,-8930000,10000,10000,0
7351,30279,1,1,2215000,-1210000,12000,12000,0
7352,30279,2,1,2285000,-350000,12000,12000,0
7353,30279,2,2,2285000,-8580000,12000,12000,0
7354,30279,3,1,690000,2690000,10000,10000,0
7355,30279,3,2,710000,-2730000,10000,10000,0
7356,30279,3,3,620000,-8460000,10000,10000,0
7357,30279,4,1,-510000,1160000,10000,10000,0
7358,30279,4,2,5580000,1160000,10000,10000,0
7359,30279,4,3,-510000,-8030000,10000,10000,0
7360,30279,4,4,5580000,-7760000,10000,10000,0
7361,30279,5,1,-140000,2500000,10000,10000,0
7362,30279,5,2,5570000,1680000,10000,10000,0
7363,30279,5,3,670000,-2940000,10000,10000,0
7364,30279,5,4,0,-8260000,10000,10000,0
7365,30279,5,5,5570000,-8380000,10000,10000,0
7366,30280,1,1,2335000,-2850000,12000,12000,0
7367,30280,2,1,2215000,620000,12000,12000,0
7368,30280,2,2,2215000,-7020000,12000,12000,0
7369,30280,3,1,710000,3870000,10000,10000,0
7370,30280,3,2,1515000,-1710000,11000,11000,0
7371,30280,3,3,710000,-6890000,10000,10000,0
7372,30280,4,1,670000,1160000,10000,10000,0
7373,30280,4,2,6790000,1620000,10000,10000,0
7374,30280,4,3,670000,-6690000,10000,10000,0
7375,30280,4,4,6790000,-6090000,10000,10000,0
7376,30280,5,1,670000,3900000,10000,10000,0
7377,30280,5,2,6750000,3000000,10000,10000,0
7378,30280,5,3,670000,-1760000,10000,10000,0
7379,30280,5,4,670000,-6860000,10000,10000,0
7380,30280,5,5,6440000,-6860000,10000,10000,0
7381,20093,1,1,2215000,-2490000,12000,12000,0
7382,20093,2,1,2285000,1680000,12000,12000,0
7383,20093,2,2,2285000,-5700000,12000,12000,0
7384,20093,3,1,620000,3990000,10000,10000,0
7385,20093,3,2,710000,-1500000,10000,10000,0
7386,20093,3,3,710000,-6770000,10000,10000,0
7387,20093,4,1,405000,680000,12000,12000,0
7388,20093,4,2,5820000,1470000,12000,12000,0
7389,20093,4,3,405000,-6750000,12000,12000,0
7390,20093,4,4,5815000,-6360000,12000,12000,0
7391,20093,5,1,110000,4020000,10000,10000,0
7392,20093,5,2,5570000,3480000,10000,10000,0
7393,20093,5,3,1525000,-1435000,11000,11000,0
7394,20093,5,4,360000,-6740000,10000,10000,0
7395,20093,5,5,5570000,-6740000,10000,10000,0
7396,30281,1,1,355000,-2790000,12000,12000,0
7397,30281,2,1,355000,-830000,12000,12000,0
7398,30281,2,2,40000,-9150000,12000,12000,0
7399,30281,3,1,360000,2100000,10000,10000,0
7400,30281,3,2,360000,-3590000,10000,10000,0
7401,30281,3,3,360000,-9240000,10000,10000,0
7402,30281,4,1,-1630000,1160000,10000,10000,0
7403,30281,4,2,4110000,1160000,10000,10000,0
7404,30281,4,3,-1280000,-8730000,10000,10000,0
7405,30281,4,4,3910000,-8030000,10000,10000,0
7406,30281,5,1,-1950000,1770000,10000,10000,0
7407,30281,5,2,4070000,940000,10000,10000,0
7408,30281,5,3,670000,-3540000,10000,10000,0
7409,30281,5,4,-1380000,-9240000,10000,10000,0
7410,30281,5,5,4070000,-9240000,10000,10000,0
7411,30282,1,1,-1470000,-4305000,14000,14000,0
7412,30282,2,1,-1505000,0,12000,12000,0
7413,30282,2,2,-1505000,-7710000,12000,12000,0
7414,30282,3,1,-780000,3690000,10000,10000,0
7415,30282,3,2,-780000,-1970000,10000,10000,0
7416,30282,3,3,-780000,-7850000,10000,10000,0
7417,30282,4,1,-3960000,1160000,10000,10000,0
7418,30282,4,2,2070000,1160000,10000,10000,0
7419,30282,4,3,-4040000,-7760000,10000,10000,0
7420,30282,4,4,1670000,-7260000,10000,10000,0
7421,30282,5,1,-4000000,3480000,10000,10000,0
7422,30282,5,2,1980000,2730000,10000,10000,0
7423,30282,5,3,-670000,-1940000,10000,10000,0
7424,30282,5,4,-3660000,-7680000,10000,10000,0
7425,30282,5,5,1980000,-7680000,10000,10000,0
7426,30283,1,1,1470000,-4305000,14000,14000,0
7427,30283,2,1,1320000,-1030000,12000,12000,0
7428,30283,2,2,1325000,-10000000,12000,12000,0
7429,30283,3,1,620000,1120000,10000,10000,0
7430,30283,3,2,1615000,-5280000,12000,12000,0
7431,30283,3,3,750000,-10210000,10000,10000,0
7432,30283,4,1,-1280000,-1090000,12000,12000,0
7433,30283,4,2,4110000,-1090000,12000,12000,0
7434,30283,4,3,-1655000,-9930000,12000,12000,0
7435,30283,4,4,4105000,-9930000,12000,12000,0
7436,30283,5,1,-1630000,1170000,10000,10000,0
7437,30283,5,2,3610000,1070000,10000,10000,0
7438,30283,5,3,670000,-4590000,10000,10000,0
7439,30283,5,4,-1630000,-10020000,10000,10000,0
7440,30283,5,5,4070000,-10020000,10000,10000,0
7441,30284,1,1,-1980000,-3570000,13000,13000,0
7442,30284,2,1,-2285000,-1030000,12000,12000,0
7443,30284,2,2,-2285000,-9960000,12000,12000,0
7444,30284,3,1,-670000,1650000,10000,10000,0
7445,30284,3,2,-670000,-4020000,10000,10000,0
7446,30284,3,3,-670000,-9600000,10000,10000,0
7447,30284,4,1,-3960000,1160000,10000,10000,0
7448,30284,4,2,1670000,1160000,10000,10000,0
7449,30284,4,3,-4160000,-8410000,10000,10000,0
7450,30284,4,4,1710000,-8410000,10000,10000,0
7451,30284,5,1,-4460000,1170000,10000,10000,0
7452,30284,5,2,1710000,1160000,10000,10000,0
7453,30284,5,3,-700000,-3900000,10000,10000,0
7454,30284,5,4,-4000000,-9710000,10000,10000,0
7455,30284,5,5,1690000,-9710000,10000,10000,0
7456,20094,1,1,1140000,-4305000,14000,14000,0
7457,20094,2,1,1650000,-2110000,13000,13000,0
7458,20094,2,2,1650000,-10080000,13000,13000,0
7459,20094,3,1,805000,630000,11000,11000,0
7460,20094,3,2,805000,-5280000,11000,11000,0
7461,20094,3,3,805000,-9960000,11000,11000,0
7462,20094,4,1,-2050000,-815000,12000,12000,0
7463,20094,4,2,3325000,-1090000,12000,12000,0
7464,20094,4,3,-1655000,-10565000,12000,12000,0
7465,20094,4,4,3325000,-9600000,12000,12000,0
7466,20094,5,1,-2500000,1680000,10000,10000,0
7467,20094,5,2,3090000,1050000,10000,10000,0
7468,20094,5,3,40000,-4560000,10000,10000,0
7469,20094,5,4,-2130000,-10360000,10000,10000,0
7470,20094,5,5,3090000,-9960000,10000,10000,0
7471,30285,1,1,1020000,-3960000,13000,13000,0
7472,30285,2,1,1085000,0,11000,11000,0
7473,30285,2,2,1085000,-9600000,11000,11000,0
7474,30285,3,1,360000,1160000,10000,10000,0
7475,30285,3,2,620000,-4320000,10000,10000,0
7476,30285,3,3,360000,-10110000,10000,10000,0
7477,30285,4,1,-2050000,1160000,10000,10000,0
7478,30285,4,2,3910000,1160000,10000,10000,0
7479,30285,4,3,-1630000,-9600000,10000,10000,0
7480,30285,4,4,4110000,-8410000,10000,10000,0
7481,30285,5,1,-2010000,1170000,10000,10000,0
7482,30285,5,2,4070000,1070000,10000,10000,0
7483,30285,5,3,580000,-4470000,10000,10000,0
7484,30285,5,4,-1650000,-9960000,10000,10000,0
7485,30285,5,5,4350000,-9960000,10000,10000,0
7486,30286,1,1,0,0,10000,10000,0
7487,30286,2,1,0,1530000,10000,10000,0
7488,30286,2,2,0,-6180000,10000,10000,0
7489,30286,3,1,0,4940000,10000,10000,0
7490,30286,3,2,0,-1080000,10000,10000,0
7491,30286,3,3,0,-6690000,10000,10000,0
7492,30286,4,1,-2770000,1740000,10000,10000,0
7493,30286,4,2,2480000,2160000,10000,10000,0
7494,30286,4,3,-2770000,-6090000,10000,10000,0
7495,30286,4,4,2390000,-6090000,10000,10000,0
7496,30286,5,1,-3020000,4680000,10000,10000,0
7497,30286,5,2,2220000,3870000,10000,10000,0
7498,30286,5,3,-140000,-660000,10000,10000,0
7499,30286,5,4,-3020000,-6390000,10000,10000,0
7500,30286,5,5,2420000,-6390000,10000,10000,0
7501,30287,1,1,0,0,10000,10000,0
7502,30287,2,1,0,1440000,10000,10000,0
7503,30287,2,2,0,-6360000,10000,10000,0
7504,30287,3,1,-200000,4880000,10000,10000,0
7505,30287,3,2,-630000,-1680000,10000,10000,0
7506,30287,3,3,-490000,-6810000,10000,10000,0
7507,30287,4,1,-3960000,1160000,10000,10000,0
7508,30287,4,2,1670000,1830000,10000,10000,0
7509,30287,4,3,-3960000,-6090000,10000,10000,0
7510,30287,4,4,1670000,-6090000,10000,10000,0
7511,30287,5,1,-4000000,4370000,10000,10000,0
7512,30287,5,2,1690000,3620000,10000,10000,0
7513,30287,5,3,-1320000,-940000,10000,10000,0
7514,30287,5,4,-3480000,-6540000,10000,10000,0
7515,30287,5,5,1710000,-6540000,10000,10000,0
7516,30288,1,1,-1410000,-2000000,13000,13000,0
7517,30288,2,1,-670000,2300000,10000,10000,0
7518,30288,2,2,-670000,-5240000,10000,10000,0
7519,30288,3,1,-670000,4350000,10000,10000,0
7520,30288,3,2,-670000,-2340000,10000,10000,0
7521,30288,3,3,-670000,-6870000,10000,10000,0
7522,30288,4,1,-4410000,1160000,10000,10000,0
7523,30288,4,2,1290000,1800000,10000,10000,0
7524,30288,4,3,-4650000,-6570000,10000,10000,0
7525,30288,4,4,950000,-6570000,10000,10000,0
7526,30288,5,1,-4460000,4370000,10000,10000,0
7527,30288,5,2,870000,3620000,10000,10000,0
7528,30288,5,3,-670000,-1160000,10000,10000,0
7529,30288,5,4,-4460000,-6750000,10000,10000,0
7530,30288,5,5,1150000,-6750000,10000,10000,0
7531,10140,1,1,0,-2580000,14000,14000,0
7532,10140,2,1,0,1620000,10000,10000,0
7533,10140,2,2,0,-6660000,10000,10000,0
7534,10140,3,1,-200000,4080000,10000,10000,0
7535,10140,3,2,0,-1500000,10000,10000,0
7536,10140,3,3,-200000,-7440000,10000,10000,0
7537,10140,4,1,-2400000,1160000,10000,10000,0
7538,10140,4,2,3020000,1530000,10000,10000,0
7539,10140,4,3,-3100000,-6930000,10000,10000,0
7540,10140,4,4,2780000,-6930000,10000,10000,0
7541,10140,5,1,-2500000,3620000,10000,10000,0
7542,10140,5,2,2780000,2970000,10000,10000,0
7543,10140,5,3,-140000,-1610000,10000,10000,0
7544,10140,5,4,-2770000,-7210000,10000,10000,0
7545,10140,5,5,2780000,-7280000,10000,10000,0
7546,10142,1,1,0,0,12000,12000,0
7547,10142,2,1,0,2300000,10000,10000,0
7548,10142,2,2,0,-6180000,10000,10000,0
7549,10142,3,1,0,4350000,10000,10000,0
7550,10142,3,2,360000,-1260000,10000,10000,0
7551,10142,3,3,0,-7020000,10000,10000,0
7552,10142,4,1,-2050000,1160000,10000,10000,0
7553,10142,4,2,3020000,2160000,10000,10000,0
7554,10142,4,3,-2770000,-6570000,10000,10000,0
7555,10142,4,4,3300000,-6330000,10000,10000,0
7556,10142,5,1,-2500000,4050000,10000,10000,0
7557,10142,5,2,3180000,3210000,10000,10000,0
7558,10142,5,3,500000,-1460000,10000,10000,0
7559,10142,5,4,-2500000,-6710000,10000,10000,0
7560,10142,5,5,3180000,-6710000,10000,10000,0
7561,10143,1,1,0,0,10000,10000,0
7562,10143,2,1,0,1650000,10000,10000,0
7563,10143,2,2,0,-6540000,10000,10000,0
7564,10143,3,1,40000,3870000,10000,10000,0
7565,10143,3,2,0,-2150000,10000,10000,0
7566,10143,3,3,0,-7350000,10000,10000,0
7567,10143,4,1,-2770000,1160000,10000,10000,0
7568,10143,4,2,3020000,1440000,10000,10000,0
7569,10143,4,3,-2770000,-6810000,10000,10000,0
7570,10143,4,4,3020000,-6810000,10000,10000,0
7571,10143,5,1,-2500000,3620000,10000,10000,0
7572,10143,5,2,3150000,3120000,10000,10000,0
7573,10143,5,3,150000,-1730000,10000,10000,0
7574,10143,5,4,-2770000,-7280000,10000,10000,0
7575,10143,5,5,2690000,-7280000,10000,10000,0
7576,20095,1,1,1410000,-4305000,14000,14000,0
7577,20095,2,1,1530000,-2110000,13000,13000,0
7578,20095,2,2,1530000,-9150000,13000,13000,0
7579,20095,3,1,620000,1770000,10000,10000,0
7580,20095,3,2,710000,-3590000,10000,10000,0
7581,20095,3,3,620000,-9600000,10000,10000,0
7582,20095,4,1,-2050000,1160000,10000,10000,0
7583,20095,4,2,3600000,1160000,10000,10000,0
7584,20095,4,3,-1630000,-8730000,10000,10000,0
7585,20095,4,4,3910000,-8030000,10000,10000,0
7586,20095,5,1,-1920000,1500000,10000,10000,0
7587,20095,5,2,3610000,1170000,10000,10000,0
7588,20095,5,3,340000,-3930000,10000,10000,0
7589,20095,5,4,-1650000,-9260000,10000,10000,0
7590,20095,5,5,3610000,-8970000,10000,10000,0
7591,20096,1,1,1230000,-4305000,14000,14000,0
7592,20096,2,1,1075000,-1030000,12000,12000,0
7593,20096,2,2,1075000,-8670000,12000,12000,0
7594,20096,3,1,500000,2730000,10000,10000,0
7595,20096,3,2,500000,-2850000,10000,10000,0
7596,20096,3,3,500000,-8700000,10000,10000,0
7597,20096,4,1,-2400000,1160000,10000,10000,0
7598,20096,4,2,3020000,1160000,10000,10000,0
7599,20096,4,3,-2400000,-7760000,10000,10000,0
7600,20096,4,4,3020000,-7760000,10000,10000,0
7601,20096,5,1,-2500000,2380000,10000,10000,0
7602,20096,5,2,3150000,1710000,10000,10000,0
7603,20096,5,3,40000,-2970000,10000,10000,0
7604,20096,5,4,-2500000,-8380000,10000,10000,0
7605,20096,5,5,3150000,-8380000,10000,10000,0
7606,30289,1,1,-2310000,-3230000,13000,13000,0
7607,30289,2,1,-1505000,-830000,12000,12000,0
7608,30289,2,2,-1065000,-9030000,12000,12000,0
7609,30289,3,1,-670000,2910000,10000,10000,0
7610,30289,3,2,-670000,-2850000,10000,10000,0
7611,30289,3,3,-670000,-8610000,10000,10000,0
7612,30289,4,1,-3960000,1160000,10000,10000,0
7613,30289,4,2,1320000,1160000,10000,10000,0
7614,30289,4,3,-3960000,-7760000,10000,10000,0
7615,30289,4,4,1320000,-7380000,10000,10000,0
7616,30289,5,1,-4460000,2380000,10000,10000,0
7617,30289,5,2,1150000,1680000,10000,10000,0
7618,30289,5,3,-700000,-2940000,10000,10000,0
7619,30289,5,4,-4000000,-8380000,10000,10000,0
7620,30289,5,5,1420000,-8380000,10000,10000,0
7621,30291,1,1,-8740000,20000,20000,20000,0
7622,30291,2,1,-8740000,4200000,20000,20000,0
7623,30291,2,2,-8740000,-3480000,20000,20000,0
7624,30291,3,1,-8560000,4890000,20000,20000,0
7625,30291,3,2,-8740000,-700000,20000,20000,0
7626,30291,3,3,-8740000,-6540000,20000,20000,0
7627,30291,4,1,-12175000,3300000,18000,18000,0
7628,30291,4,2,-7125000,3300000,18000,18000,0
7629,30291,4,3,-13140000,-5290000,18000,18000,0
7630,30291,4,4,-7125000,-5290000,18000,18000,0
7631,30291,5,1,-13375000,4730000,18000,18000,0
7632,30291,5,2,-7125000,4350000,18000,18000,0
7633,30291,5,3,-7125000,-660000,18000,18000,0
7634,30291,5,4,-12835000,-6385000,18000,18000,0
7635,30291,5,5,-7200000,-6380000,18000,18000,0
7636,10144,1,1,0,0,10000,10000,0
7637,10144,2,1,360000,1690000,10000,10000,0
7638,10144,2,2,0,-6420000,10000,10000,0
7639,10144,3,1,710000,4350000,10000,10000,0
7640,10144,3,2,710000,-1260000,10000,10000,0
7641,10144,3,3,670000,-6870000,10000,10000,0
7642,10144,4,1,-2400000,2160000,10000,10000,0
7643,10144,4,2,3480000,2350000,10000,10000,0
7644,10144,4,3,-2400000,-6540000,10000,10000,0
7645,10144,4,4,3910000,-6540000,10000,10000,0
7646,10144,5,1,-2040000,4110000,10000,10000,0
7647,10144,5,2,3610000,3480000,10000,10000,0
7648,10144,5,3,360000,-1350000,10000,10000,0
7649,10144,5,4,-2040000,-6720000,10000,10000,0
7650,10144,5,5,3730000,-6870000,10000,10000,0
7651,20097,1,1,0,0,10000,10000,0
7652,20097,2,1,0,1160000,10000,10000,0
7653,20097,2,2,0,-7770000,10000,10000,0
7654,20097,3,1,40000,3240000,10000,10000,0
7655,20097,3,2,40000,-2580000,10000,10000,0
7656,20097,3,3,0,-8070000,10000,10000,0
7657,20097,4,1,-3100000,1160000,10000,10000,0
7658,20097,4,2,2510000,1190000,10000,10000,0
7659,20097,4,3,-3100000,-8030000,10000,10000,0
7660,20097,4,4,2510000,-7760000,10000,10000,0
7661,20097,5,1,-3020000,3090000,10000,10000,0
7662,20097,5,2,2690000,2160000,10000,10000,0
7663,20097,5,3,150000,-2520000,10000,10000,0
7664,20097,5,4,-3020000,-8030000,10000,10000,0
7665,20097,5,5,2400000,-8260000,10000,10000,0
7666,30292,1,1,0,0,10000,10000,0
7667,30292,2,1,0,1160000,10000,10000,0
7668,30292,2,2,0,-7320000,10000,10000,0
7669,30292,3,1,0,3390000,10000,10000,0
7670,30292,3,2,0,-2430000,10000,10000,0
7671,30292,3,3,0,-8340000,10000,10000,0
7672,30292,4,1,-1900000,890000,10000,10000,0
7673,30292,4,2,3390000,1160000,10000,10000,0
7674,30292,4,3,-2050000,-6990000,10000,10000,0
7675,30292,4,4,3390000,-6990000,10000,10000,0
7676,30292,5,1,-1980000,2730000,10000,10000,0
7677,30292,5,2,3030000,2160000,10000,10000,0
7678,30292,5,3,110000,-2050000,10000,10000,0
7679,30292,5,4,-1980000,-8030000,10000,10000,0
7680,30292,5,5,3360000,-8030000,10000,10000,0
7681,30293,1,1,5000,-3450000,15000,15000,0
7682,30293,2,1,-270000,2300000,10000,10000,0
7683,30293,2,2,0,-6960000,10000,10000,0
7684,30293,3,1,-200000,3210000,10000,10000,0
7685,30293,3,2,0,-2520000,10000,10000,0
7686,30293,3,3,70000,-8370000,10000,10000,0
7687,30293,4,1,-2050000,1160000,10000,10000,0
7688,30293,4,2,3300000,1680000,10000,10000,0
7689,30293,4,3,-2310000,-7050000,10000,10000,0
7690,30293,4,4,3020000,-7050000,10000,10000,0
7691,30293,5,1,-2500000,2730000,10000,10000,0
7692,30293,5,2,3210000,2380000,10000,10000,0
7693,30293,5,3,0,-2540000,10000,10000,0
7694,30293,5,4,-2070000,-8030000,10000,10000,0
7695,30293,5,5,3210000,-8030000,10000,10000,0
7696,30294,1,1,0,0,10000,10000,0
7697,30294,2,1,0,1470000,10000,10000,0
7698,30294,2,2,0,-8460000,10000,10000,0
7699,30294,3,1,40000,1680000,10000,10000,0
7700,30294,3,2,40000,-3590000,10000,10000,0
7701,30294,3,3,0,-9640000,10000,10000,0
7702,30294,4,1,-2770000,1160000,10000,10000,0
7703,30294,4,2,2350000,1160000,10000,10000,0
7704,30294,4,3,-3100000,-8340000,10000,10000,0
7705,30294,4,4,2350000,-7760000,10000,10000,0
7706,30294,5,1,-3020000,1170000,10000,10000,0
7707,30294,5,2,2310000,1170000,10000,10000,0
7708,30294,5,3,-310000,-4140000,10000,10000,0
7709,30294,5,4,-3020000,-9710000,10000,10000,0
7710,30294,5,5,2310000,-9710000,10000,10000,0
7711,30295,1,1,0,0,10000,10000,0
7712,30295,2,1,0,1160000,10000,10000,0
7713,30295,2,2,0,-8030000,10000,10000,0
7714,30295,3,1,-200000,2690000,10000,10000,0
7715,30295,3,2,110000,-3060000,10000,10000,0
7716,30295,3,3,-200000,-8730000,10000,10000,0
7717,30295,4,1,-2050000,1160000,10000,10000,0
7718,30295,4,2,3330000,1160000,10000,10000,0
7719,30295,4,3,-2050000,-8030000,10000,10000,0
7720,30295,4,4,3600000,-7760000,10000,10000,0
7721,30295,5,1,-2250000,2160000,10000,10000,0
7722,30295,5,2,3610000,1440000,10000,10000,0
7723,30295,5,3,40000,-3090000,10000,10000,0
7724,30295,5,4,-2500000,-8600000,10000,10000,0
7725,30295,5,5,3300000,-8600000,10000,10000,0
7726,20098,1,1,2420000,-2290000,13000,13000,0
7727,20098,2,1,2215000,1710000,12000,12000,0
7728,20098,2,2,2215000,-6090000,12000,12000,0
7729,20098,3,1,590000,4470000,10000,10000,0
7730,20098,3,2,2235000,-880000,12000,12000,0
7731,20098,3,3,620000,-6290000,10000,10000,0
7732,20098,4,1,-40000,1620000,10000,10000,0
7733,20098,4,2,5300000,2160000,10000,10000,0
7734,20098,4,3,0,-6090000,10000,10000,0
7735,20098,4,4,5300000,-5310000,10000,10000,0
7736,20098,5,1,-140000,4370000,10000,10000,0
7737,20098,5,2,5050000,3620000,10000,10000,0
7738,20098,5,3,670000,-940000,10000,10000,0
7739,20098,5,4,-310000,-6390000,10000,10000,0
7740,20098,5,5,5050000,-6390000,10000,10000,0
7741,30296,1,1,840000,-1950000,13000,13000,0
7742,30296,2,1,0,2300000,10000,10000,0
7743,30296,2,2,0,-5700000,10000,10000,0
7744,30296,3,1,110000,6060000,10000,10000,0
7745,30296,3,2,500000,-340000,10000,10000,0
7746,30296,3,3,360000,-5700000,10000,10000,0
7747,30296,4,1,-2310000,1800000,10000,10000,0
7748,30296,4,2,3480000,3000000,10000,10000,0
7749,30296,4,3,-2050000,-5290000,10000,10000,0
7750,30296,4,4,3480000,-5290000,10000,10000,0
7751,30296,5,1,-1650000,5460000,10000,10000,0
7752,30296,5,2,3330000,4730000,10000,10000,0
7753,30296,5,3,0,220000,10000,10000,0
7754,30296,5,4,-2040000,-5300000,10000,10000,0
7755,30296,5,5,3610000,-5300000,10000,10000,0
7756,30297,1,1,355000,-3930000,14000,14000,0
7757,30297,2,1,0,1160000,10000,10000,0
7758,30297,2,2,0,-6630000,10000,10000,0
7759,30297,3,1,-290000,4350000,10000,10000,0
7760,30297,3,2,-670000,-1620000,10000,10000,0
7761,30297,3,3,0,-7200000,10000,10000,0
7762,30297,4,1,-2770000,1620000,10000,10000,0
7763,30297,4,2,2200000,2220000,10000,10000,0
7764,30297,4,3,-3100000,-6690000,10000,10000,0
7765,30297,4,4,2200000,-6090000,10000,10000,0
7766,30297,5,1,-3290000,3890000,10000,10000,0
7767,30297,5,2,2160000,3210000,10000,10000,0
7768,30297,5,3,-430000,-1350000,10000,10000,0
7769,30297,5,4,-3020000,-7140000,10000,10000,0
7770,30297,5,5,2160000,-6870000,10000,10000,0
7771,30298,1,1,0,0,10000,10000,0
7772,30298,2,1,1590000,470000,13000,13000,0
7773,30298,2,2,1590000,-7560000,13000,13000,0
7774,30298,3,1,500000,3870000,10000,10000,0
7775,30298,3,2,500000,-1260000,10000,10000,0
7776,30298,3,3,0,-7170000,10000,10000,0
7777,30298,4,1,-1280000,1160000,10000,10000,0
7778,30298,4,2,4530000,1710000,10000,10000,0
7779,30298,4,3,-1210000,-7200000,10000,10000,0
7780,30298,4,4,4530000,-6930000,10000,10000,0
7781,30298,5,1,-960000,3620000,10000,10000,0
7782,30298,5,2,4440000,3000000,10000,10000,0
7783,30298,5,3,670000,-1670000,10000,10000,0
7784,30298,5,4,-1010000,-7140000,10000,10000,0
7785,30298,5,5,4440000,-7280000,10000,10000,0
7786,30299,1,1,-1560000,-4645000,14000,14000,0
7787,30299,2,1,-670000,1160000,10000,10000,0
7788,30299,2,2,-670000,-8030000,10000,10000,0
7789,30299,3,1,-670000,3150000,10000,10000,0
7790,30299,3,2,-670000,-3090000,10000,10000,0
7791,30299,3,3,-670000,-8490000,10000,10000,0
7792,30299,4,1,-4160000,1160000,10000,10000,0
7793,30299,4,2,1230000,1160000,10000,10000,0
7794,30299,4,3,-4530000,-7760000,10000,10000,0
7795,30299,4,4,1030000,-7760000,10000,10000,0
7796,30299,5,1,-4460000,2730000,10000,10000,0
7797,30299,5,2,870000,1860000,10000,10000,0
7798,30299,5,3,-670000,-2540000,10000,10000,0
7799,30299,5,4,-4460000,-8260000,10000,10000,0
7800,30299,5,5,1150000,-8380000,10000,10000,0
7801,20099,1,1,-3900000,270000,14000,14000,0
7802,20099,2,1,-3090000,2300000,13000,13000,0
7803,20099,2,2,-3090000,-5700000,13000,13000,0
7804,20099,3,1,-2285000,5650000,12000,12000,0
7805,20099,3,2,-2285000,-560000,12000,12000,0
7806,20099,3,3,-2285000,-5970000,12000,12000,0
7807,20099,4,1,-5720000,3000000,10000,10000,0
7808,20099,4,2,270000,3300000,10000,10000,0
7809,20099,4,3,-5720000,-5700000,10000,10000,0
7810,20099,4,4,-40000,-4850000,10000,10000,0
7811,20099,5,1,-5380000,4730000,10000,10000,0
7812,20099,5,2,0,4370000,10000,10000,0
7813,20099,5,3,-2285000,-170000,12000,12000,0
7814,20099,5,4,-5380000,-6080000,10000,10000,0
7815,20099,5,5,-140000,-6080000,10000,10000,0
7816,30300,1,1,1170000,-2290000,13000,13000,0
7817,30300,2,1,600000,2000000,10000,10000,0
7818,30300,2,2,600000,-6240000,10000,10000,0
7819,30300,3,1,360000,5340000,10000,10000,0
7820,30300,3,2,620000,-700000,10000,10000,0
7821,30300,3,3,360000,-6290000,10000,10000,0
7822,30300,4,1,-1630000,1560000,10000,10000,0
7823,30300,4,2,3910000,2420000,10000,10000,0
7824,30300,4,3,-1630000,-6090000,10000,10000,0
7825,30300,4,4,3660000,-5700000,10000,10000,0
7826,30300,5,1,-1630000,4730000,10000,10000,0
7827,30300,5,2,3610000,3990000,10000,10000,0
7828,30300,5,3,600000,-340000,10000,10000,0
7829,30300,5,4,-1920000,-6080000,10000,10000,0
7830,30300,5,5,3610000,-6080000,10000,10000,0
7831,30301,1,1,355000,-3230000,13000,13000,0
7832,30301,2,1,720000,-830000,12000,12000,0
7833,30301,2,2,725000,-8030000,12000,12000,0
7834,30301,3,1,40000,2280000,10000,10000,0
7835,30301,3,2,500000,-3400000,10000,10000,0
7836,30301,3,3,0,-9030000,10000,10000,0
7837,30301,4,1,-2050000,1160000,10000,10000,0
7838,30301,4,2,3910000,1410000,10000,10000,0
7839,30301,4,3,-2050000,-7760000,10000,10000,0
7840,30301,4,4,3510000,-7440000,10000,10000,0
7841,30301,5,1,-1920000,1800000,10000,10000,0
7842,30301,5,2,3610000,1070000,10000,10000,0
7843,30301,5,3,110000,-3540000,10000,10000,0
7844,30301,5,4,-1920000,-8960000,10000,10000,0
7845,30301,5,5,3610000,-8960000,10000,10000,0
7846,30302,1,1,-1560000,-4645000,14000,14000,0
7847,30302,2,1,-1615000,-830000,12000,12000,0
7848,30302,2,2,-1505000,-9300000,12000,12000,0
7849,30302,3,1,-490000,2420000,10000,10000,0
7850,30302,3,2,-670000,-3400000,10000,10000,0
7851,30302,3,3,-670000,-9180000,10000,10000,0
7852,30302,4,1,-5050000,1160000,10000,10000,0
7853,30302,4,2,570000,1160000,10000,10000,0
7854,30302,4,3,-4800000,-8030000,10000,10000,0
7855,30302,4,4,270000,-7350000,10000,10000,0
7856,30302,5,1,-5380000,1770000,10000,10000,0
7857,30302,5,2,360000,1160000,10000,10000,0
7858,30302,5,3,-700000,-3240000,10000,10000,0
7859,30302,5,4,-5290000,-8990000,10000,10000,0
7860,30302,5,5,360000,-8990000,10000,10000,0
7861,30303,1,1,0,-5160000,17000,17000,0
7862,30303,2,1,0,1160000,10000,10000,0
7863,30303,2,2,0,-7590000,10000,10000,0
7864,30303,3,1,0,2690000,10000,10000,0
7865,30303,3,2,70000,-3090000,10000,10000,0
7866,30303,3,3,-490000,-8760000,10000,10000,0
7867,30303,4,1,-2430000,1160000,10000,10000,0
7868,30303,4,2,3020000,1160000,10000,10000,0
7869,30303,4,3,-2770000,-7760000,10000,10000,0
7870,30303,4,4,3020000,-7220000,10000,10000,0
7871,30303,5,1,-2500000,2160000,10000,10000,0
7872,30303,5,2,3330000,1620000,10000,10000,0
7873,30303,5,3,-140000,-3030000,10000,10000,0
7874,30303,5,4,-2770000,-8600000,10000,10000,0
7875,30303,5,5,3330000,-8600000,10000,10000,0
7876,30304,1,1,2620000,-770000,13000,13000,0
7877,30304,2,1,1960000,2800000,12070,12070,0
7878,30304,2,2,1930000,-5335000,12032,12032,0
7879,30304,3,1,1560000,6060000,11050,11050,0
7880,30304,3,2,1995000,300000,11515,11515,0
7881,30304,3,3,1310000,-5200000,11004,11004,0
7882,30304,4,1,55000,2350000,10500,10500,0
7883,30304,4,2,5400000,3300000,10290,10290,0
7884,30304,4,3,-5000,-5290000,10500,10500,0
7885,30304,4,4,5345000,-5260000,10500,10500,0
7886,30304,5,1,80000,5745000,11500,11500,0
7887,30304,5,2,5435000,4955000,11500,11500,-51528
7888,30304,5,3,1980000,505000,11500,11500,0
7889,30304,5,4,155000,-5160000,11500,11500,0
7890,30304,5,5,5565000,-5030000,11347,11347,0
