id,hint_id,support_card_id,hint_group,hint_gain_type,hint_value_1,hint_value_2,group_id,condition_set_id,priority
1,9081001,30001,1,0,200162,1,0,0,0
2,9081001,30001,2,0,200232,1,0,0,0
3,9081001,30001,3,0,200512,1,0,0,0
4,9081001,30001,4,0,200612,1,0,0,0
5,9081001,30001,5,0,200732,1,0,0,0
6,9081001,30001,6,0,201352,1,0,0,0
7,9081001,30001,7,0,201542,1,0,0,0
8,9081001,30001,8,1,1,1,0,0,0
9,9081001,30001,8,1,3,1,0,0,0
10,9081001,30001,8,1,4,6,0,0,0
11,9081001,10001,1,0,200162,1,0,0,0
12,9081001,10001,2,0,200232,1,0,0,0
13,9081001,10001,3,0,200512,1,0,0,0
14,9081001,10001,4,0,200612,1,0,0,0
15,9081001,10001,5,0,200732,1,0,0,0
16,9081001,10001,6,0,201352,1,0,0,0
17,9081001,10001,7,0,201542,1,0,0,0
18,9081001,10001,8,1,1,1,0,0,0
19,9081001,10001,8,1,3,1,0,0,0
20,9081001,10001,8,1,4,6,0,0,0
21,9081002,30002,1,0,200432,1,0,0,0
22,9081002,30002,2,0,200532,1,0,0,0
23,9081002,30002,3,0,200542,1,0,0,0
24,9081002,30002,4,0,200552,1,0,0,0
25,9081002,30002,5,0,200712,1,0,0,0
26,9081002,30002,6,0,201242,1,0,0,0
27,9081002,30002,7,0,201252,1,0,0,0
28,9081002,30002,8,0,201522,1,0,0,0
29,9081002,30002,9,0,201272,1,0,0,0
31,9081002,30002,10,1,1,6,0,0,0
32,9081002,30002,10,1,3,2,0,0,0
33,9081002,10002,1,0,200432,1,0,0,0
34,9081002,10002,2,0,200532,1,0,0,0
35,9081002,10002,3,0,200542,1,0,0,0
36,9081002,10002,4,0,200552,1,0,0,0
37,9081002,10002,5,0,200712,1,0,0,0
38,9081002,10002,6,0,201242,1,0,0,0
39,9081002,10002,7,0,201252,1,0,0,0
40,9081002,10002,8,0,201522,1,0,0,0
41,9081002,10002,9,0,201272,1,0,0,0
43,9081002,10002,10,1,1,6,0,0,0
44,9081002,10002,10,1,3,2,0,0,0
45,9081003,30003,1,0,200452,1,0,0,0
46,9081003,30003,2,0,200492,1,0,0,0
47,9081003,30003,3,0,200502,1,0,0,0
48,9081003,30003,4,0,201132,1,0,0,0
49,9081003,30003,5,0,201142,1,0,0,0
50,9081003,30003,6,0,201332,1,0,0,0
51,9081003,30003,7,1,1,6,0,0,0
52,9081003,30003,7,1,3,2,0,0,0
53,9081003,10003,1,0,200452,1,0,0,0
54,9081003,10003,2,0,200492,1,0,0,0
55,9081003,10003,3,0,200502,1,0,0,0
56,9081003,10003,4,0,201132,1,0,0,0
57,9081003,10003,5,0,201142,1,0,0,0
58,9081003,10003,6,0,201332,1,0,0,0
59,9081003,10003,7,1,1,6,0,0,0
60,9081003,10003,7,1,3,2,0,0,0
61,9081004,10004,1,0,200532,1,0,0,0
62,9081004,10004,2,0,200682,1,0,0,0
63,9081004,10004,3,0,201042,1,0,0,0
64,9081004,10004,4,0,201052,1,0,0,0
65,9081004,10004,5,0,201062,1,0,0,0
66,9081004,10004,6,1,1,6,0,0,0
67,9081004,10004,6,1,3,2,0,0,0
68,9081005,20001,1,0,200182,1,0,0,0
69,9081005,20001,2,0,200222,1,0,0,0
70,9081005,20001,3,0,200771,1,0,0,0
71,9081005,20001,4,0,201042,1,0,0,0
72,9081005,20001,5,0,201072,1,0,0,0
73,9081005,20001,6,1,5,6,0,0,0
74,9081005,20001,6,1,30,5,0,0,0
75,9081005,10049,1,0,200182,1,0,0,0
76,9081005,10049,2,0,200222,1,0,0,0
77,9081005,10049,3,0,200771,1,0,0,0
78,9081005,10049,4,0,201042,1,0,0,0
79,9081005,10049,5,0,201072,1,0,0,0
80,9081005,10049,6,1,5,6,0,0,0
81,9081005,10049,6,1,30,5,0,0,0
82,9081006,10005,1,0,200222,1,0,0,0
83,9081006,10005,2,0,200332,1,0,0,0
84,9081006,10005,3,0,200342,1,0,0,0
85,9081006,10005,4,0,200432,1,0,0,0
86,9081006,10005,5,0,200492,1,0,0,0
87,9081006,10005,6,0,200512,1,0,0,0
88,9081006,10005,7,0,200722,1,0,0,0
89,9081006,10005,8,0,201062,1,0,0,0
90,9081006,10005,9,0,201352,1,0,0,0
91,9081006,10005,10,0,201601,1,0,0,0
92,9081006,10005,11,1,2,2,0,0,0
93,9081006,10005,11,1,3,6,0,0,0
94,9081007,30004,1,0,200622,1,0,0,0
95,9081007,30004,2,0,200642,1,0,0,0
96,9081007,30004,3,0,200752,1,0,0,0
97,9081007,30004,4,0,201212,1,0,0,0
98,9081007,30004,5,0,201232,1,0,0,0
99,9081007,30004,6,0,201472,1,0,0,0
100,9081007,30004,7,0,201482,1,0,0,0
101,9081007,30004,8,0,201502,1,0,0,0
102,9081007,30004,9,0,201512,1,0,0,0
103,9081007,30004,10,0,201552,1,0,0,0
104,9081007,30004,11,0,201581,1,0,0,0
105,9081007,30004,12,0,201591,1,0,0,0
106,9081007,30004,13,0,201601,1,0,0,0
107,9081007,30004,14,0,201631,1,0,0,0
108,9081007,30004,15,1,2,6,0,0,0
109,9081007,30004,15,1,4,2,0,0,0
110,9081007,10006,1,0,200622,1,0,0,0
111,9081007,10006,2,0,200642,1,0,0,0
112,9081007,10006,3,0,200752,1,0,0,0
113,9081007,10006,4,0,201212,1,0,0,0
114,9081007,10006,5,0,201232,1,0,0,0
115,9081007,10006,6,0,201472,1,0,0,0
116,9081007,10006,7,0,201482,1,0,0,0
117,9081007,10006,8,0,201502,1,0,0,0
118,9081007,10006,9,0,201512,1,0,0,0
119,9081007,10006,10,0,201552,1,0,0,0
120,9081007,10006,11,0,201581,1,0,0,0
121,9081007,10006,12,0,201591,1,0,0,0
122,9081007,10006,13,0,201601,1,0,0,0
123,9081007,10006,14,0,201631,1,0,0,0
124,9081007,10006,15,1,2,6,0,0,0
125,9081007,10006,15,1,4,2,0,0,0
126,9081008,30005,1,0,200032,1,0,0,0
127,9081008,30005,2,0,200362,1,0,0,0
128,9081008,30005,3,0,200372,1,0,0,0
129,9081008,30005,4,0,200382,1,0,0,0
130,9081008,30005,5,0,200512,1,0,0,0
131,9081008,30005,6,0,200602,1,0,0,0
132,9081008,30005,7,0,200702,1,0,0,0
133,9081008,30005,8,0,201032,1,0,0,0
134,9081008,30005,9,0,201102,1,0,0,0
135,9081008,30005,10,1,2,2,0,0,0
136,9081008,30005,10,1,3,6,0,0,0
137,9081008,10007,1,0,200032,1,0,0,0
138,9081008,10007,2,0,200362,1,0,0,0
139,9081008,10007,3,0,200372,1,0,0,0
140,9081008,10007,4,0,200382,1,0,0,0
141,9081008,10007,5,0,200512,1,0,0,0
142,9081008,10007,6,0,200602,1,0,0,0
143,9081008,10007,7,0,200702,1,0,0,0
144,9081008,10007,8,0,201032,1,0,0,0
145,9081008,10007,9,0,201102,1,0,0,0
146,9081008,10007,10,1,2,2,0,0,0
147,9081008,10007,10,1,3,6,0,0,0
148,9081009,20002,1,0,200282,1,0,0,0
149,9081009,20002,2,0,200572,1,0,0,0
150,9081009,20002,3,0,200582,1,0,0,0
151,9081009,20002,4,0,200712,1,0,0,0
152,9081009,20002,5,0,200722,1,0,0,0
153,9081009,20002,6,0,201052,1,0,0,0
154,9081009,20002,7,1,5,6,0,0,0
155,9081009,20002,7,1,30,5,0,0,0
156,9081009,10023,1,0,200282,1,0,0,0
157,9081009,10023,2,0,200572,1,0,0,0
158,9081009,10023,3,0,200582,1,0,0,0
159,9081009,10023,4,0,200712,1,0,0,0
160,9081009,10023,5,0,200722,1,0,0,0
161,9081009,10023,6,0,201052,1,0,0,0
162,9081009,10023,7,1,5,6,0,0,0
163,9081009,10023,7,1,30,5,0,0,0
164,9081010,10008,1,0,200572,1,0,0,0
165,9081010,10008,2,0,200582,1,0,0,0
166,9081010,10008,3,0,200682,1,0,0,0
167,9081010,10008,4,0,200702,1,0,0,0
168,9081010,10008,5,0,201032,1,0,0,0
169,9081010,10008,6,0,201052,1,0,0,0
170,9081010,10008,7,1,1,6,0,0,0
171,9081010,10008,7,1,3,2,0,0,0
172,9081011,30006,1,0,200042,1,0,0,0
173,9081011,30006,2,0,200282,1,0,0,0
174,9081011,30006,3,0,200512,1,0,0,0
175,9081011,30006,4,0,200592,1,0,0,0
176,9081011,30006,5,0,200602,1,0,0,0
177,9081011,30006,6,0,200702,1,0,0,0
178,9081011,30006,7,0,200871,1,0,0,0
179,9081011,30006,8,0,201152,1,0,0,0
180,9081011,30006,9,1,1,1,0,0,0
181,9081011,30006,9,1,3,1,0,0,0
182,9081011,30006,9,1,4,6,0,0,0
183,9081011,10009,1,0,200042,1,0,0,0
184,9081011,10009,2,0,200282,1,0,0,0
185,9081011,10009,3,0,200512,1,0,0,0
186,9081011,10009,4,0,200592,1,0,0,0
187,9081011,10009,5,0,200602,1,0,0,0
188,9081011,10009,6,0,200702,1,0,0,0
189,9081011,10009,7,0,200871,1,0,0,0
190,9081011,10009,8,0,201152,1,0,0,0
191,9081011,10009,9,1,1,1,0,0,0
192,9081011,10009,9,1,3,1,0,0,0
193,9081011,10009,9,1,4,6,0,0,0
194,9081012,20003,1,0,200562,1,0,0,0
195,9081012,20003,2,0,200642,1,0,0,0
196,9081012,20003,3,0,201452,1,0,0,0
197,9081012,20003,4,0,201532,1,0,0,0
198,9081012,20003,5,0,201552,1,0,0,0
199,9081012,20003,6,1,2,2,0,0,0
200,9081012,20003,6,1,3,6,0,0,0
201,9081013,30022,1,0,200062,1,0,0,0
202,9081013,30022,2,0,200162,1,0,0,0
203,9081013,30022,3,0,200232,1,0,0,0
204,9081013,30022,4,0,200332,1,0,0,0
205,9081013,30022,5,0,200362,1,0,0,0
206,9081013,30022,6,0,200562,1,0,0,0
207,9081013,30022,7,0,200582,1,0,0,0
208,9081013,30022,8,0,200742,1,0,0,0
209,9081013,30022,9,0,200752,1,0,0,0
210,9081013,30022,10,0,200762,1,0,0,0
211,9081013,30022,11,1,2,6,0,0,0
212,9081013,30022,11,1,4,2,0,0,0
213,9081013,10010,1,0,200062,1,0,0,0
214,9081013,10010,2,0,200172,1,0,0,0
215,9081013,10010,3,0,200562,1,0,0,0
216,9081013,10010,4,0,200742,1,0,0,0
217,9081013,10010,5,0,201182,1,0,0,0
218,9081013,10010,6,0,201192,1,0,0,0
219,9081013,10010,7,0,201352,1,0,0,0
220,9081013,10010,8,0,201372,1,0,0,0
221,9081013,10010,9,1,2,6,0,0,0
222,9081013,10010,9,1,4,2,0,0,0
223,9081014,30007,1,0,200132,1,0,0,0
224,9081014,30007,2,0,200212,1,0,0,0
225,9081014,30007,3,0,200582,1,0,0,0
226,9081014,30007,4,0,200722,1,0,0,0
227,9081014,30007,5,0,201102,1,0,0,0
228,9081014,30007,6,0,201122,1,0,0,0
229,9081014,30007,7,0,201312,1,0,0,0
230,9081014,30007,8,1,2,2,0,0,0
231,9081014,30007,8,1,3,6,0,0,0
232,9081014,10011,1,0,200132,1,0,0,0
233,9081014,10011,2,0,200212,1,0,0,0
234,9081014,10011,3,0,200582,1,0,0,0
235,9081014,10011,4,0,200722,1,0,0,0
236,9081014,10011,5,0,201102,1,0,0,0
237,9081014,10011,6,0,201122,1,0,0,0
238,9081014,10011,7,0,201312,1,0,0,0
239,9081014,10011,8,1,2,2,0,0,0
240,9081014,10011,8,1,3,6,0,0,0
241,9081015,10012,1,0,200562,1,0,0,0
242,9081015,10012,2,0,200722,1,0,0,0
243,9081015,10012,3,0,201182,1,0,0,0
244,9081015,10012,4,0,201312,1,0,0,0
245,9081015,10012,5,0,201362,1,0,0,0
246,9081015,10012,6,0,201382,1,0,0,0
247,9081015,10012,7,0,201432,1,0,0,0
248,9081015,10012,8,1,2,6,0,0,0
249,9081015,10012,8,1,4,2,0,0,0
250,9081012,10024,1,0,200562,1,0,0,0
251,9081012,10024,2,0,200642,1,0,0,0
252,9081012,10024,3,0,201452,1,0,0,0
253,9081012,10024,4,0,201532,1,0,0,0
254,9081012,10024,5,0,201552,1,0,0,0
255,9081012,10024,6,1,2,2,0,0,0
256,9081012,10024,6,1,3,6,0,0,0
257,9081017,10013,1,0,200572,1,0,0,0
258,9081017,10013,2,0,200831,1,0,0,0
259,9081017,10013,3,0,200861,1,0,0,0
260,9081017,10013,4,0,200891,1,0,0,0
261,9081017,10013,5,0,200921,1,0,0,0
262,9081017,10013,6,0,201152,1,0,0,0
263,9081017,10013,7,0,201532,1,0,0,0
264,9081017,10013,8,0,201601,1,0,0,0
265,9081017,10013,9,1,5,6,0,0,0
266,9081017,10013,9,1,30,5,0,0,0
267,9081018,20004,1,0,200472,1,0,0,0
268,9081018,20004,2,0,200722,1,0,0,0
269,9081018,20004,3,0,200931,1,0,0,0
270,9081018,20004,4,0,200941,1,0,0,0
271,9081018,20004,5,0,201102,1,0,0,0
272,9081018,20004,6,0,201601,1,0,0,0
273,9081018,20004,7,1,1,1,0,0,0
274,9081018,20004,7,1,3,1,0,0,0
275,9081018,20004,7,1,4,6,0,0,0
276,9081018,10025,1,0,200472,1,0,0,0
277,9081018,10025,2,0,200722,1,0,0,0
278,9081018,10025,3,0,200931,1,0,0,0
279,9081018,10025,4,0,200941,1,0,0,0
280,9081018,10025,5,0,201102,1,0,0,0
281,9081018,10025,6,0,201601,1,0,0,0
282,9081018,10025,7,1,1,1,0,0,0
283,9081018,10025,7,1,3,1,0,0,0
284,9081018,10025,7,1,4,6,0,0,0
285,9081020,30008,1,0,200252,1,0,0,0
286,9081020,30008,2,0,200302,1,0,0,0
287,9081020,30008,3,0,200771,1,0,0,0
288,9081020,30008,4,0,200811,1,0,0,0
289,9081020,30008,5,0,200881,1,0,0,0
290,9081020,30008,6,0,201611,1,0,0,0
291,9081020,30008,7,1,2,6,0,0,0
292,9081020,30008,7,1,4,2,0,0,0
293,9081020,10014,1,0,200252,1,0,0,0
294,9081020,10014,2,0,200302,1,0,0,0
295,9081020,10014,3,0,200771,1,0,0,0
296,9081020,10014,4,0,200811,1,0,0,0
297,9081020,10014,5,0,200881,1,0,0,0
298,9081020,10014,6,0,201611,1,0,0,0
299,9081020,10014,7,1,2,6,0,0,0
300,9081020,10014,7,1,4,2,0,0,0
301,9081021,30009,1,0,200712,1,0,0,0
302,9081021,30009,2,0,200811,1,0,0,0
303,9081021,30009,3,0,200901,1,0,0,0
304,9081021,30009,4,0,201112,1,0,0,0
305,9081021,30009,5,0,201132,1,0,0,0
306,9081021,30009,6,0,201142,1,0,0,0
307,9081021,30009,7,0,201412,1,0,0,0
308,9081021,30009,8,1,2,6,0,0,0
309,9081021,30009,8,1,4,2,0,0,0
310,9081021,10027,1,0,200712,1,0,0,0
311,9081021,10027,2,0,200811,1,0,0,0
312,9081021,10027,3,0,200901,1,0,0,0
313,9081021,10027,4,0,201112,1,0,0,0
314,9081021,10027,5,0,201132,1,0,0,0
315,9081021,10027,6,0,201142,1,0,0,0
316,9081021,10027,7,0,201412,1,0,0,0
317,9081021,10027,8,1,2,6,0,0,0
318,9081021,10027,8,1,4,2,0,0,0
319,9081022,30010,1,0,200012,1,0,0,0
320,9081022,30010,2,0,200192,1,0,0,0
321,9081022,30010,3,0,200262,1,0,0,0
322,9081022,30010,4,0,200372,1,0,0,0
323,9081022,30010,5,0,200492,1,0,0,0
324,9081022,30010,6,1,5,6,0,0,0
325,9081022,30010,6,1,30,5,0,0,0
326,9081022,10028,1,0,200012,1,0,0,0
327,9081022,10028,2,0,200192,1,0,0,0
328,9081022,10028,3,0,200262,1,0,0,0
329,9081022,10028,4,0,200372,1,0,0,0
330,9081022,10028,5,0,200492,1,0,0,0
331,9081022,10028,6,1,5,6,0,0,0
332,9081022,10028,6,1,30,5,0,0,0
333,9081023,20006,1,0,200052,1,0,0,0
334,9081023,20006,2,0,200162,1,0,0,0
335,9081023,20006,3,0,200222,1,0,0,0
336,9081023,20006,4,0,200262,1,0,0,0
337,9081023,20006,5,0,200821,1,0,0,0
338,9081023,20006,6,1,2,2,0,0,0
339,9081023,20006,6,1,3,6,0,0,0
340,9081023,10029,1,0,200052,1,0,0,0
341,9081023,10029,2,0,200162,1,0,0,0
342,9081023,10029,3,0,200222,1,0,0,0
343,9081023,10029,4,0,200262,1,0,0,0
344,9081023,10029,5,0,200821,1,0,0,0
345,9081023,10029,6,1,2,2,0,0,0
346,9081023,10029,6,1,3,6,0,0,0
347,9081024,20007,1,0,200142,1,0,0,0
348,9081024,20007,2,0,200332,1,0,0,0
349,9081024,20007,3,0,200362,1,0,0,0
350,9081024,20007,4,0,200382,1,0,0,0
351,9081024,20007,5,0,200492,1,0,0,0
352,9081024,20007,6,0,200502,1,0,0,0
353,9081024,20007,7,1,2,6,0,0,0
354,9081024,20007,7,1,4,2,0,0,0
355,9081024,10030,1,0,200142,1,0,0,0
356,9081024,10030,2,0,200332,1,0,0,0
357,9081024,10030,3,0,200362,1,0,0,0
358,9081024,10030,4,0,200382,1,0,0,0
359,9081024,10030,5,0,200492,1,0,0,0
360,9081024,10030,6,0,200502,1,0,0,0
361,9081024,10030,7,1,2,6,0,0,0
362,9081024,10030,7,1,4,2,0,0,0
363,9081025,20008,1,0,200162,1,0,0,0
364,9081025,20008,2,0,200232,1,0,0,0
365,9081025,20008,3,0,201172,1,0,0,0
366,9081025,20008,4,0,201202,1,0,0,0
367,9081025,20008,5,0,201222,1,0,0,0
368,9081025,20008,6,0,201581,1,0,0,0
369,9081025,20008,7,1,2,6,0,0,0
370,9081025,20008,7,1,4,2,0,0,0
371,9081025,10031,1,0,200162,1,0,0,0
372,9081025,10031,2,0,200232,1,0,0,0
373,9081025,10031,3,0,201172,1,0,0,0
374,9081025,10031,4,0,201202,1,0,0,0
375,9081025,10031,5,0,201222,1,0,0,0
376,9081025,10031,6,0,201581,1,0,0,0
377,9081025,10031,7,1,2,6,0,0,0
378,9081025,10031,7,1,4,2,0,0,0
379,9081027,20010,1,0,200162,1,0,0,0
380,9081027,20010,2,0,200232,1,0,0,0
381,9081027,20010,3,0,200722,1,0,0,0
382,9081027,20010,4,0,201102,1,0,0,0
383,9081027,20010,5,1,2,2,0,0,0
384,9081027,20010,5,1,3,6,0,0,0
385,9081027,10033,1,0,200162,1,0,0,0
386,9081027,10033,2,0,200232,1,0,0,0
387,9081027,10033,3,0,200722,1,0,0,0
388,9081027,10033,4,0,201102,1,0,0,0
389,9081027,10033,5,1,2,2,0,0,0
390,9081027,10033,5,1,3,6,0,0,0
391,9081029,20011,1,0,200042,1,0,0,0
392,9081029,20011,2,0,200202,1,0,0,0
393,9081029,20011,3,0,200732,1,0,0,0
394,9081029,20011,4,0,201112,1,0,0,0
395,9081029,20011,5,1,1,1,0,0,0
396,9081029,20011,5,1,3,1,0,0,0
397,9081029,20011,5,1,4,6,0,0,0
398,9081029,10034,1,0,200042,1,0,0,0
399,9081029,10034,2,0,200202,1,0,0,0
400,9081029,10034,3,0,200732,1,0,0,0
401,9081029,10034,4,0,201112,1,0,0,0
402,9081029,10034,5,1,1,1,0,0,0
403,9081029,10034,5,1,3,1,0,0,0
404,9081029,10034,5,1,4,6,0,0,0
405,9081029,30031,1,0,200042,1,0,0,0
406,9081029,30031,2,0,200202,1,0,0,0
407,9081029,30031,3,0,200732,1,0,0,0
408,9081029,30031,4,0,201112,1,0,0,0
409,9081029,30031,5,1,5,6,0,0,0
410,9081029,30031,5,1,30,5,0,0,0
411,9081030,30023,1,0,200062,1,0,0,0
412,9081030,30023,2,0,200272,1,0,0,0
413,9081030,30023,3,0,200742,1,0,0,0
414,9081030,30023,4,0,200801,1,0,0,0
415,9081030,30023,5,0,200861,1,0,0,0
416,9081030,30023,6,0,200871,1,0,0,0
417,9081030,30023,7,0,201342,1,0,0,0
418,9081030,30023,8,0,201372,1,0,0,0
419,9081030,30023,9,0,201581,1,0,0,0
420,9081030,30023,10,1,2,6,0,0,0
421,9081030,30023,10,1,4,2,0,0,0
422,9081030,10015,1,0,200062,1,0,0,0
423,9081030,10015,2,0,200272,1,0,0,0
424,9081030,10015,3,0,200742,1,0,0,0
425,9081030,10015,4,0,200801,1,0,0,0
426,9081030,10015,5,0,200861,1,0,0,0
427,9081030,10015,6,0,200871,1,0,0,0
428,9081030,10015,7,0,201342,1,0,0,0
429,9081030,10015,8,0,201372,1,0,0,0
430,9081030,10015,9,0,201581,1,0,0,0
431,9081030,10015,10,1,2,6,0,0,0
432,9081030,10015,10,1,4,2,0,0,0
433,9081031,30011,1,0,200732,1,0,0,0
434,9081031,30011,2,0,201082,1,0,0,0
435,9081031,30011,3,0,201282,1,0,0,0
436,9081031,30011,4,0,201651,1,0,0,0
437,9081031,30011,5,0,201661,1,0,0,0
438,9081031,30011,6,1,1,1,0,0,0
439,9081031,30011,6,1,3,1,0,0,0
440,9081031,30011,6,1,4,6,0,0,0
441,9081031,10035,1,0,200732,1,0,0,0
442,9081031,10035,2,0,201082,1,0,0,0
443,9081031,10035,3,0,201282,1,0,0,0
444,9081031,10035,4,0,201651,1,0,0,0
445,9081031,10035,5,0,201661,1,0,0,0
446,9081031,10035,6,1,1,1,0,0,0
447,9081031,10035,6,1,3,1,0,0,0
448,9081031,10035,6,1,4,6,0,0,0
449,9081032,20012,1,0,200722,1,0,0,0
450,9081032,20012,2,0,201102,1,0,0,0
451,9081032,20012,3,0,201112,1,0,0,0
452,9081032,20012,4,0,201152,1,0,0,0
453,9081032,20012,5,1,5,6,0,0,0
454,9081032,20012,5,1,30,5,0,0,0
455,9081032,10036,1,0,200722,1,0,0,0
456,9081032,10036,2,0,201102,1,0,0,0
457,9081032,10036,3,0,201112,1,0,0,0
458,9081032,10036,4,0,201152,1,0,0,0
459,9081032,10036,5,1,5,6,0,0,0
460,9081032,10036,5,1,30,5,0,0,0
461,9081035,30012,1,0,200152,1,0,0,0
462,9081035,30012,2,0,200222,1,0,0,0
463,9081035,30012,3,0,200592,1,0,0,0
464,9081035,30012,4,0,200602,1,0,0,0
465,9081035,30012,5,0,200612,1,0,0,0
466,9081035,30012,6,1,1,1,0,0,0
467,9081035,30012,6,1,3,1,0,0,0
468,9081035,30012,6,1,4,6,0,0,0
469,9081035,30033,1,0,200152,1,0,0,0
470,9081035,30033,2,0,200222,1,0,0,0
471,9081035,30033,3,0,200592,1,0,0,0
472,9081035,30033,4,0,200602,1,0,0,0
473,9081035,30033,5,0,200612,1,0,0,0
474,9081035,30033,6,1,2,2,0,0,0
475,9081035,30033,6,1,3,6,0,0,0
476,9081035,10016,1,0,200152,1,0,0,0
477,9081035,10016,2,0,200222,1,0,0,0
478,9081035,10016,3,0,200592,1,0,0,0
479,9081035,10016,4,0,200602,1,0,0,0
480,9081035,10016,5,0,200612,1,0,0,0
481,9081035,10016,6,1,1,1,0,0,0
482,9081035,10016,6,1,3,1,0,0,0
483,9081035,10016,6,1,4,6,0,0,0
484,9081037,20013,1,0,200132,1,0,0,0
485,9081037,20013,2,0,200372,1,0,0,0
486,9081037,20013,3,0,201382,1,0,0,0
487,9081037,20013,4,0,201392,1,0,0,0
488,9081037,20013,5,0,201402,1,0,0,0
489,9081037,20013,6,1,1,6,0,0,0
490,9081037,20013,6,1,3,2,0,0,0
491,9081037,10038,1,0,200132,1,0,0,0
492,9081037,10038,2,0,200372,1,0,0,0
493,9081037,10038,3,0,201382,1,0,0,0
494,9081037,10038,4,0,201392,1,0,0,0
495,9081037,10038,5,0,201402,1,0,0,0
496,9081037,10038,6,1,1,6,0,0,0
497,9081037,10038,6,1,3,2,0,0,0
498,9081040,30014,1,0,200082,1,0,0,0
499,9081040,30014,2,0,200692,1,0,0,0
500,9081040,30014,3,0,201062,1,0,0,0
501,9081040,30014,4,1,1,6,0,0,0
502,9081040,30014,4,1,3,2,0,0,0
503,9081040,10017,1,0,200082,1,0,0,0
504,9081040,10017,2,0,200692,1,0,0,0
505,9081040,10017,3,0,201062,1,0,0,0
506,9081040,10017,4,1,1,6,0,0,0
507,9081040,10017,4,1,3,2,0,0,0
508,9081041,30015,1,0,200652,1,0,0,0
509,9081041,30015,2,0,200791,1,0,0,0
510,9081041,30015,3,0,200841,1,0,0,0
511,9081041,30015,4,0,200962,1,0,0,0
512,9081041,30015,5,0,200972,1,0,0,0
513,9081041,30015,6,0,200982,1,0,0,0
514,9081041,30015,7,0,200992,1,0,0,0
515,9081041,30015,8,0,201012,1,0,0,0
516,9081041,30015,9,1,1,6,0,0,0
517,9081041,30015,9,1,3,2,0,0,0
518,9081041,10018,1,0,200652,1,0,0,0
519,9081041,10018,2,0,200791,1,0,0,0
520,9081041,10018,3,0,200841,1,0,0,0
521,9081041,10018,4,0,200962,1,0,0,0
522,9081041,10018,5,0,200972,1,0,0,0
523,9081041,10018,6,0,200982,1,0,0,0
524,9081041,10018,7,0,200992,1,0,0,0
525,9081041,10018,8,0,201012,1,0,0,0
526,9081041,10018,9,1,1,6,0,0,0
527,9081041,10018,9,1,3,2,0,0,0
528,9081045,30016,1,0,200152,1,0,0,0
529,9081045,30016,2,0,200352,1,0,0,0
530,9081045,30016,3,0,200462,1,0,0,0
531,9081045,30016,4,0,200512,1,0,0,0
532,9081045,30016,5,0,200881,1,0,0,0
533,9081045,30016,6,1,2,6,0,0,0
534,9081045,30016,6,1,4,2,0,0,0
535,9081045,10019,1,0,200152,1,0,0,0
536,9081045,10019,2,0,200352,1,0,0,0
537,9081045,10019,3,0,200462,1,0,0,0
538,9081045,10019,4,0,200512,1,0,0,0
539,9081045,10019,5,0,200881,1,0,0,0
540,9081045,10019,6,1,2,6,0,0,0
541,9081045,10019,6,1,4,2,0,0,0
542,9081046,30017,1,0,200162,1,0,0,0
543,9081046,30017,2,0,200222,1,0,0,0
544,9081046,30017,3,0,200262,1,0,0,0
545,9081046,30017,4,0,200352,1,0,0,0
546,9081046,30017,5,0,200952,1,0,0,0
547,9081046,30017,6,0,201292,1,0,0,0
548,9081046,30017,7,0,201302,1,0,0,0
549,9081046,30017,8,0,201522,1,0,0,0
550,9081046,30017,9,1,2,2,0,0,0
551,9081046,30017,9,1,3,6,0,0,0
552,9081046,10039,1,0,200162,1,0,0,0
553,9081046,10039,2,0,200222,1,0,0,0
554,9081046,10039,3,0,200262,1,0,0,0
555,9081046,10039,4,0,200352,1,0,0,0
556,9081046,10039,5,0,200952,1,0,0,0
557,9081046,10039,6,0,201292,1,0,0,0
558,9081046,10039,7,0,201302,1,0,0,0
559,9081046,10039,8,0,201522,1,0,0,0
560,9081046,10039,9,1,2,2,0,0,0
561,9081046,10039,9,1,3,6,0,0,0
562,9081051,30018,1,0,200052,1,0,0,0
563,9081051,30018,2,0,200132,1,0,0,0
564,9081051,30018,3,0,200152,1,0,0,0
565,9081051,30018,4,0,200702,1,0,0,0
566,9081051,30018,5,0,201322,1,0,0,0
567,9081051,30018,6,1,1,6,0,0,0
568,9081051,30018,6,1,3,2,0,0,0
569,9081051,20027,1,0,200052,1,0,0,0
570,9081051,20027,2,0,200132,1,0,0,0
571,9081051,20027,3,0,200152,1,0,0,0
572,9081051,20027,4,0,200702,1,0,0,0
573,9081051,20027,5,0,201322,1,0,0,0
574,9081051,20027,6,1,2,2,0,0,0
575,9081051,20027,6,1,3,6,0,0,0
576,9081051,10041,1,0,200052,1,0,0,0
577,9081051,10041,2,0,200132,1,0,0,0
578,9081051,10041,3,0,200152,1,0,0,0
579,9081051,10041,4,0,200702,1,0,0,0
580,9081051,10041,5,0,201322,1,0,0,0
581,9081051,10041,6,1,1,6,0,0,0
582,9081051,10041,6,1,3,2,0,0,0
583,9081052,30019,1,1,1,1,0,0,0
584,9081052,30019,1,1,3,1,0,0,0
585,9081052,30019,1,1,4,6,0,0,0
586,9081052,10020,1,1,1,1,0,0,0
587,9081052,10020,1,1,3,1,0,0,0
588,9081052,10020,1,1,4,6,0,0,0
589,9081055,20015,1,0,200362,1,0,0,0
590,9081055,20015,2,0,200462,1,0,0,0
591,9081055,20015,3,0,200851,1,0,0,0
592,9081055,20015,4,0,200881,1,0,0,0
593,9081055,20015,5,0,201611,1,0,0,0
594,9081055,20015,6,1,5,6,0,0,0
595,9081055,20015,6,1,30,5,0,0,0
596,9081055,10043,1,0,200362,1,0,0,0
597,9081055,10043,2,0,200462,1,0,0,0
598,9081055,10043,3,0,200851,1,0,0,0
599,9081055,10043,4,0,200881,1,0,0,0
600,9081055,10043,5,0,201611,1,0,0,0
601,9081055,10043,6,1,5,6,0,0,0
602,9081055,10043,6,1,30,5,0,0,0
603,9081056,20016,1,0,200092,1,0,0,0
604,9081056,20016,2,0,200482,1,0,0,0
605,9081056,20016,3,0,200781,1,0,0,0
606,9081056,20016,4,0,201392,1,0,0,0
607,9081056,20016,5,0,201422,1,0,0,0
608,9081056,20016,6,0,201562,1,0,0,0
609,9081056,20016,7,0,201571,1,0,0,0
610,9081056,20016,8,1,5,6,0,0,0
611,9081056,20016,8,1,30,5,0,0,0
612,9081056,10044,1,0,200092,1,0,0,0
613,9081056,10044,2,0,200482,1,0,0,0
614,9081056,10044,3,0,200781,1,0,0,0
615,9081056,10044,4,0,201392,1,0,0,0
616,9081056,10044,5,0,201422,1,0,0,0
617,9081056,10044,6,0,201562,1,0,0,0
618,9081056,10044,7,0,201571,1,0,0,0
619,9081056,10044,8,1,5,6,0,0,0
620,9081056,10044,8,1,30,5,0,0,0
621,9081058,20017,1,0,200142,1,0,0,0
622,9081058,20017,2,0,200152,1,0,0,0
623,9081058,20017,3,0,200252,1,0,0,0
624,9081058,20017,4,0,200302,1,0,0,0
625,9081058,20017,5,0,201122,1,0,0,0
626,9081058,20017,6,0,201382,1,0,0,0
627,9081058,20017,7,0,201621,1,0,0,0
628,9081058,20017,8,1,1,1,0,0,0
629,9081058,20017,8,1,3,1,0,0,0
630,9081058,20017,8,1,4,6,0,0,0
631,9081058,10045,1,0,200142,1,0,0,0
632,9081058,10045,2,0,200152,1,0,0,0
633,9081058,10045,3,0,200252,1,0,0,0
634,9081058,10045,4,0,200302,1,0,0,0
635,9081058,10045,5,0,201122,1,0,0,0
636,9081058,10045,6,0,201382,1,0,0,0
637,9081058,10045,7,0,201621,1,0,0,0
638,9081058,10045,8,1,1,1,0,0,0
639,9081058,10045,8,1,3,1,0,0,0
640,9081058,10045,8,1,4,6,0,0,0
641,9081059,20018,1,0,200062,1,0,0,0
642,9081059,20018,2,0,200212,1,0,0,0
643,9081059,20018,3,0,200722,1,0,0,0
644,9081059,20018,4,0,200732,1,0,0,0
645,9081059,20018,5,0,201542,1,0,0,0
646,9081059,20018,6,1,5,6,0,0,0
647,9081059,20018,6,1,30,5,0,0,0
648,9081059,10046,1,0,200062,1,0,0,0
649,9081059,10046,2,0,200212,1,0,0,0
650,9081059,10046,3,0,200722,1,0,0,0
651,9081059,10046,4,0,200732,1,0,0,0
652,9081059,10046,5,0,201542,1,0,0,0
653,9081059,10046,6,1,5,6,0,0,0
654,9081059,10046,6,1,30,5,0,0,0
655,9081060,20019,1,0,200122,1,0,0,0
656,9081060,20019,2,0,200342,1,0,0,0
657,9081060,20019,3,0,200442,1,0,0,0
658,9081060,20019,4,0,200502,1,0,0,0
659,9081060,20019,5,0,200911,1,0,0,0
660,9081060,20019,6,0,201162,1,0,0,0
661,9081060,20019,7,0,201422,1,0,0,0
662,9081060,20019,8,0,201442,1,0,0,0
663,9081060,20019,9,1,1,1,0,0,0
664,9081060,20019,9,1,3,1,0,0,0
665,9081060,20019,9,1,4,6,0,0,0
666,9081060,20026,1,0,200122,1,0,0,0
667,9081060,20026,2,0,200342,1,0,0,0
668,9081060,20026,3,0,200442,1,0,0,0
669,9081060,20026,4,0,200502,1,0,0,0
670,9081060,20026,5,0,200911,1,0,0,0
671,9081060,20026,6,0,201162,1,0,0,0
672,9081060,20026,7,0,201422,1,0,0,0
673,9081060,20026,8,0,201442,1,0,0,0
674,9081060,20026,9,1,5,6,0,0,0
675,9081060,20026,9,1,30,5,0,0,0
676,9081060,10047,1,0,200122,1,0,0,0
677,9081060,10047,2,0,200342,1,0,0,0
678,9081060,10047,3,0,200442,1,0,0,0
679,9081060,10047,4,0,200502,1,0,0,0
680,9081060,10047,5,0,200911,1,0,0,0
681,9081060,10047,6,0,201162,1,0,0,0
682,9081060,10047,7,0,201422,1,0,0,0
683,9081060,10047,8,0,201442,1,0,0,0
684,9081060,10047,9,1,1,1,0,0,0
685,9081060,10047,9,1,3,1,0,0,0
686,9081060,10047,9,1,4,6,0,0,0
687,9081061,20020,1,0,200152,1,0,0,0
688,9081061,20020,2,0,200222,1,0,0,0
689,9081061,20020,3,0,200262,1,0,0,0
690,9081061,20020,4,0,200352,1,0,0,0
691,9081061,20020,5,0,200662,1,0,0,0
692,9081061,20020,6,0,200672,1,0,0,0
693,9081061,20020,7,1,1,6,0,0,0
694,9081061,20020,7,1,3,2,0,0,0
695,9081061,10048,1,0,200152,1,0,0,0
696,9081061,10048,2,0,200222,1,0,0,0
697,9081061,10048,3,0,200262,1,0,0,0
698,9081061,10048,4,0,200352,1,0,0,0
699,9081061,10048,5,0,200662,1,0,0,0
700,9081061,10048,6,0,200672,1,0,0,0
701,9081061,10048,7,1,1,6,0,0,0
702,9081061,10048,7,1,3,2,0,0,0
703,9081019,20005,1,0,200442,1,0,0,0
704,9081019,20005,2,0,200482,1,0,0,0
705,9081019,20005,3,0,201032,1,0,0,0
706,9081019,20005,4,0,201092,1,0,0,0
707,9081019,20005,5,0,201102,1,0,0,0
708,9081019,20005,6,0,201382,1,0,0,0
709,9081019,20005,7,1,2,2,0,0,0
710,9081019,20005,7,1,3,6,0,0,0
711,9081019,10026,1,0,200442,1,0,0,0
712,9081019,10026,2,0,200482,1,0,0,0
713,9081019,10026,3,0,201032,1,0,0,0
714,9081019,10026,4,0,201092,1,0,0,0
715,9081019,10026,5,0,201102,1,0,0,0
716,9081019,10026,6,0,201382,1,0,0,0
717,9081019,10026,7,1,2,2,0,0,0
718,9081019,10026,7,1,3,6,0,0,0
719,9081026,20009,1,0,200242,1,0,0,0
720,9081026,20009,2,0,200532,1,0,0,0
721,9081026,20009,3,0,201242,1,0,0,0
722,9081026,20009,4,0,201252,1,0,0,0
723,9081026,20009,5,1,2,2,0,0,0
724,9081026,20009,5,1,3,6,0,0,0
725,9081026,10032,1,0,200242,1,0,0,0
726,9081026,10032,2,0,200532,1,0,0,0
727,9081026,10032,3,0,201242,1,0,0,0
728,9081026,10032,4,0,201252,1,0,0,0
729,9081026,10032,5,1,2,2,0,0,0
730,9081026,10032,5,1,3,6,0,0,0
731,9081036,30013,1,0,201212,1,0,0,0
732,9081036,30013,2,0,201492,1,0,0,0
733,9081036,30013,3,0,201502,1,0,0,0
734,9081036,30013,4,1,5,6,0,0,0
735,9081036,30013,4,1,30,5,0,0,0
736,9081036,10037,1,0,201212,1,0,0,0
737,9081036,10037,2,0,201492,1,0,0,0
738,9081036,10037,3,0,201502,1,0,0,0
739,9081036,10037,4,1,5,6,0,0,0
740,9081036,10037,4,1,30,5,0,0,0
741,9081050,20014,1,0,200442,1,0,0,0
742,9081050,20014,2,0,200482,1,0,0,0
743,9081050,20014,3,0,200622,1,0,0,0
744,9081050,20014,4,0,200632,1,0,0,0
745,9081050,20014,5,0,201462,1,0,0,0
746,9081050,20014,6,0,201512,1,0,0,0
747,9081050,20014,7,0,201641,1,0,0,0
748,9081050,20014,8,1,1,6,0,0,0
749,9081050,20014,8,1,3,2,0,0,0
750,9081050,10040,1,0,200442,1,0,0,0
751,9081050,10040,2,0,200482,1,0,0,0
752,9081050,10040,3,0,200622,1,0,0,0
753,9081050,10040,4,0,200632,1,0,0,0
754,9081050,10040,5,0,201462,1,0,0,0
755,9081050,10040,6,0,201512,1,0,0,0
756,9081050,10040,7,0,201641,1,0,0,0
757,9081050,10040,8,1,1,6,0,0,0
758,9081050,10040,8,1,3,2,0,0,0
759,9081054,30020,1,0,200262,1,0,0,0
760,9081054,30020,2,0,200662,1,0,0,0
761,9081054,30020,3,0,200672,1,0,0,0
762,9081054,30020,4,0,200682,1,0,0,0
763,9081054,30020,5,0,200702,1,0,0,0
764,9081054,30020,6,0,201002,1,0,0,0
765,9081054,30020,7,0,201022,1,0,0,0
766,9081054,30020,8,1,1,6,0,0,0
767,9081054,30020,8,1,3,2,0,0,0
768,9081054,10042,1,0,200262,1,0,0,0
769,9081054,10042,2,0,200662,1,0,0,0
770,9081054,10042,3,0,200672,1,0,0,0
771,9081054,10042,4,0,200682,1,0,0,0
772,9081054,10042,5,0,200702,1,0,0,0
773,9081054,10042,6,0,201002,1,0,0,0
774,9081054,10042,7,0,201022,1,0,0,0
775,9081054,10042,8,1,1,6,0,0,0
776,9081054,10042,8,1,3,2,0,0,0
777,9081006,30024,1,0,200222,1,0,0,0
778,9081006,30024,2,0,200332,1,0,0,0
779,9081006,30024,3,0,200342,1,0,0,0
780,9081006,30024,4,0,200432,1,0,0,0
781,9081006,30024,5,0,200492,1,0,0,0
782,9081006,30024,6,0,200512,1,0,0,0
783,9081006,30024,7,0,200722,1,0,0,0
784,9081006,30024,8,0,201062,1,0,0,0
785,9081006,30024,9,0,201352,1,0,0,0
786,9081006,30024,10,0,201601,1,0,0,0
787,9081006,30024,11,1,2,2,0,0,0
788,9081006,30024,11,1,3,6,0,0,0
789,9081044,20023,1,0,200452,1,0,0,0
790,9081044,20023,2,0,200771,1,0,0,0
791,9081044,20023,3,0,200781,1,0,0,0
792,9081044,20023,4,0,201162,1,0,0,0
793,9081044,20023,5,0,201472,1,0,0,0
794,9081044,20023,6,0,201482,1,0,0,0
795,9081044,20023,8,0,201651,1,0,0,0
796,9081044,20023,9,1,1,6,0,0,0
797,9081044,20023,9,1,3,2,0,0,0
798,9081044,10050,1,0,200452,1,0,0,0
799,9081044,10050,2,0,200771,1,0,0,0
800,9081044,10050,3,0,200781,1,0,0,0
801,9081044,10050,4,0,201162,1,0,0,0
802,9081044,10050,5,0,201472,1,0,0,0
803,9081044,10050,6,0,201482,1,0,0,0
804,9081044,10050,7,0,201651,1,0,0,0
805,9081044,10050,9,1,1,6,0,0,0
806,9081044,10050,9,1,3,2,0,0,0
807,9081001,30025,1,0,200162,1,0,0,0
808,9081001,30025,2,0,200232,1,0,0,0
809,9081001,30025,3,0,200512,1,0,0,0
810,9081001,30025,4,0,200612,1,0,0,0
811,9081001,30025,5,0,200732,1,0,0,0
812,9081001,30025,6,0,201352,1,0,0,0
813,9081001,30025,7,0,201542,1,0,0,0
814,9081001,30025,8,1,1,6,0,0,0
815,9081001,30025,8,1,3,2,0,0,0
816,9081066,30026,1,0,200282,1,0,0,0
817,9081066,30026,2,0,200292,1,0,0,0
818,9081066,30026,3,0,200532,1,0,0,0
819,9081066,30026,4,0,200542,1,0,0,0
820,9081066,30026,5,0,201272,1,0,0,0
821,9081066,30026,6,0,201282,1,0,0,0
822,9081066,30026,8,1,1,6,0,0,0
823,9081066,30026,8,1,3,2,0,0,0
824,9081066,10051,1,0,200282,1,0,0,0
825,9081066,10051,2,0,200292,1,0,0,0
826,9081066,10051,3,0,200532,1,0,0,0
827,9081066,10051,4,0,200542,1,0,0,0
828,9081066,10051,5,0,201272,1,0,0,0
829,9081066,10051,6,0,201282,1,0,0,0
830,9081066,10051,8,1,1,6,0,0,0
831,9081066,10051,8,1,3,2,0,0,0
832,9081065,20024,1,0,200462,1,0,0,0
833,9081065,20024,2,0,200562,1,0,0,0
834,9081065,20024,3,0,201042,1,0,0,0
835,9081065,20024,4,0,201052,1,0,0,0
836,9081065,20024,5,0,201082,1,0,0,0
837,9081065,20024,7,0,201631,1,0,0,0
838,9081065,20024,8,0,201651,1,0,0,0
839,9081065,20024,9,1,2,2,0,0,0
840,9081065,20024,9,1,3,6,0,0,0
841,9081065,10052,1,0,200462,1,0,0,0
842,9081065,10052,2,0,200562,1,0,0,0
843,9081065,10052,3,0,201042,1,0,0,0
844,9081065,10052,4,0,201052,1,0,0,0
845,9081065,10052,5,0,201082,1,0,0,0
846,9081065,10052,7,0,201631,1,0,0,0
847,9081065,10052,8,0,201651,1,0,0,0
848,9081065,10052,9,1,2,2,0,0,0
849,9081065,10052,9,1,3,6,0,0,0
850,9081064,30027,1,0,200042,1,0,0,0
851,9081064,30027,2,0,200052,1,0,0,0
852,9081064,30027,3,0,200532,1,0,0,0
853,9081064,30027,4,0,200542,1,0,0,0
854,9081064,30027,5,0,200871,1,0,0,0
855,9081064,30027,6,0,201282,1,0,0,0
856,9081064,30027,7,0,201631,1,0,0,0
857,9081064,30027,8,1,1,1,0,0,0
858,9081064,30027,8,1,3,1,0,0,0
859,9081064,30027,8,1,4,6,0,0,0
860,9081064,10054,1,0,200042,1,0,0,0
861,9081064,10054,2,0,200052,1,0,0,0
862,9081064,10054,3,0,200532,1,0,0,0
863,9081064,10054,4,0,200542,1,0,0,0
864,9081064,10054,5,0,200871,1,0,0,0
865,9081064,10054,6,0,201282,1,0,0,0
866,9081064,10054,7,0,201631,1,0,0,0
867,9081064,10054,8,1,1,1,0,0,0
868,9081064,10054,8,1,3,1,0,0,0
869,9081064,10054,8,1,4,6,0,0,0
870,9081063,20025,1,0,200442,1,0,0,0
871,9081063,20025,2,0,200482,1,0,0,0
872,9081063,20025,3,0,201122,1,0,0,0
873,9081063,20025,4,0,201432,1,0,0,0
874,9081063,20025,5,0,201442,1,0,0,0
875,9081063,20025,7,1,5,6,0,0,0
876,9081063,20025,7,1,30,5,0,0,0
877,9081063,10053,1,0,200442,1,0,0,0
878,9081063,10053,2,0,200482,1,0,0,0
879,9081063,10053,3,0,201122,1,0,0,0
880,9081063,10053,4,0,201432,1,0,0,0
881,9081063,10053,5,0,201442,1,0,0,0
882,9081063,10053,7,1,5,6,0,0,0
883,9081063,10053,7,1,30,5,0,0,0
884,9081068,30028,1,0,200332,1,0,0,0
885,9081068,30028,2,0,200352,1,0,0,0
886,9081068,30028,3,0,200382,1,0,0,0
887,9081068,30028,4,0,200432,1,0,0,0
888,9081068,30028,5,0,200762,1,0,0,0
889,9081068,30028,6,0,201182,1,0,0,0
890,9081068,30028,7,0,201242,1,0,0,0
891,9081068,30028,8,0,201262,1,0,0,0
892,9081068,30028,10,1,1,6,0,0,0
893,9081068,30028,10,1,3,2,0,0,0
894,9081068,10055,1,0,200332,1,0,0,0
895,9081068,10055,2,0,200352,1,0,0,0
896,9081068,10055,3,0,200382,1,0,0,0
897,9081068,10055,4,0,200432,1,0,0,0
898,9081068,10055,5,0,200762,1,0,0,0
899,9081068,10055,6,0,201182,1,0,0,0
900,9081068,10055,8,0,201242,1,0,0,0
901,9081068,10055,9,0,201262,1,0,0,0
902,9081068,10055,10,1,1,6,0,0,0
903,9081068,10055,10,1,3,2,0,0,0
904,9081067,30029,1,0,200152,1,0,0,0
905,9081067,30029,2,0,200212,1,0,0,0
906,9081067,30029,3,0,200841,1,0,0,0
907,9081067,30029,4,0,201112,1,0,0,0
908,9081067,30029,5,0,201152,1,0,0,0
909,9081067,30029,6,0,201422,1,0,0,0
910,9081067,30029,7,0,201432,1,0,0,0
911,9081067,30029,8,1,2,6,0,0,0
912,9081067,30029,8,1,4,2,0,0,0
913,9081067,10056,1,0,200152,1,0,0,0
914,9081067,10056,2,0,200212,1,0,0,0
915,9081067,10056,3,0,200841,1,0,0,0
916,9081067,10056,4,0,201112,1,0,0,0
917,9081067,10056,5,0,201152,1,0,0,0
918,9081067,10056,6,0,201422,1,0,0,0
919,9081067,10056,7,0,201432,1,0,0,0
920,9081067,10056,8,1,2,6,0,0,0
921,9081067,10056,8,1,4,2,0,0,0
922,9081062,30030,1,0,200442,1,0,0,0
923,9081062,30030,2,0,200472,1,0,0,0
924,9081062,30030,3,0,200732,1,0,0,0
925,9081062,30030,4,0,200742,1,0,0,0
926,9081062,30030,5,0,201402,1,0,0,0
927,9081062,30030,6,1,1,1,0,0,0
928,9081062,30030,6,1,3,1,0,0,0
929,9081062,30030,6,1,4,6,0,0,0
930,9081062,10057,1,0,200442,1,0,0,0
931,9081062,10057,2,0,200472,1,0,0,0
932,9081062,10057,3,0,200732,1,0,0,0
933,9081062,10057,4,0,200742,1,0,0,0
934,9081062,10057,5,0,201402,1,0,0,0
935,9081062,10057,6,1,1,1,0,0,0
936,9081062,10057,6,1,3,1,0,0,0
937,9081062,10057,6,1,4,6,0,0,0
938,9081072,30032,1,0,200462,1,0,0,0
939,9081072,30032,2,0,200512,1,0,0,0
940,9081072,30032,3,0,200582,1,0,0,0
941,9081072,30032,4,0,200722,1,0,0,0
942,9081072,30032,5,0,201611,1,0,0,0
943,9081072,30032,6,1,2,2,0,0,0
944,9081072,30032,6,1,3,6,0,0,0
945,9081072,10058,1,0,200462,1,0,0,0
946,9081072,10058,2,0,200512,1,0,0,0
947,9081072,10058,3,0,200582,1,0,0,0
948,9081072,10058,4,0,200722,1,0,0,0
949,9081072,10058,5,0,201611,1,0,0,0
950,9081072,10058,6,1,2,2,0,0,0
951,9081072,10058,6,1,3,6,0,0,0
952,9081047,20028,1,0,200362,1,0,0,0
953,9081047,20028,2,0,200452,1,0,0,0
954,9081047,20028,3,0,200492,1,0,0,0
955,9081047,20028,4,0,200502,1,0,0,0
956,9081047,20028,5,0,201332,1,0,0,0
957,9081047,20028,6,0,201432,1,0,0,0
958,9081047,20028,7,0,201532,1,0,0,0
959,9081047,20028,8,0,201542,1,0,0,0
960,9081047,20028,9,1,2,6,0,0,0
961,9081047,20028,9,1,4,2,0,0,0
962,9081047,10059,1,0,200362,1,0,0,0
963,9081047,10059,2,0,200452,1,0,0,0
964,9081047,10059,3,0,200492,1,0,0,0
965,9081047,10059,4,0,200502,1,0,0,0
966,9081047,10059,5,0,201332,1,0,0,0
967,9081047,10059,6,0,201432,1,0,0,0
968,9081047,10059,7,0,201532,1,0,0,0
969,9081047,10059,8,0,201542,1,0,0,0
970,9081047,10059,9,1,2,6,0,0,0
971,9081047,10059,9,1,4,2,0,0,0
972,9081003,30058,1,0,200452,1,0,0,0
973,9081003,30058,2,0,200492,1,0,0,0
974,9081003,30058,3,0,200502,1,0,0,0
975,9081003,30058,4,0,201132,1,0,0,0
976,9081003,30058,5,0,201142,1,0,0,0
977,9081003,30058,6,0,201332,1,0,0,0
978,9081003,30058,7,1,2,2,0,0,0
979,9081003,30058,7,1,3,6,0,0,0
980,9081042,20029,1,0,200152,1,0,0,0
981,9081042,20029,2,0,200472,1,0,0,0
982,9081042,20029,3,0,200652,1,0,0,0
983,9081042,20029,4,0,200692,1,0,0,0
984,9081042,20029,5,0,200962,1,0,0,0
985,9081042,20029,6,0,201072,1,0,0,0
986,9081042,20029,7,1,1,1,0,0,0
987,9081042,20029,7,1,3,1,0,0,0
988,9081042,20029,7,1,4,6,0,0,0
989,9081042,10061,1,0,200152,1,0,0,0
990,9081042,10061,2,0,200472,1,0,0,0
991,9081042,10061,3,0,200652,1,0,0,0
992,9081042,10061,4,0,200692,1,0,0,0
993,9081042,10061,5,0,200962,1,0,0,0
994,9081042,10061,6,0,201072,1,0,0,0
995,9081042,10061,7,1,1,1,0,0,0
996,9081042,10061,7,1,3,1,0,0,0
997,9081042,10061,7,1,4,6,0,0,0
998,9081069,10062,1,0,200732,1,0,0,0
999,9081069,10062,2,0,201052,1,0,0,0
1000,9081069,10062,3,0,201112,1,0,0,0
1001,9081069,10062,4,0,201532,1,0,0,0
1002,9081069,10062,5,1,2,6,0,0,0
1003,9081069,10062,5,1,4,2,0,0,0
1004,9081069,30038,1,0,200732,1,0,0,0
1005,9081069,30038,2,0,201052,1,0,0,0
1006,9081069,30038,3,0,201112,1,0,0,0
1007,9081069,30038,4,0,201532,1,0,0,0
1008,9081069,30038,5,1,2,6,0,0,0
1009,9081069,30038,5,1,4,2,0,0,0
1010,9081039,10063,1,0,200132,1,0,0,0
1011,9081039,10063,2,0,200572,1,0,0,0
1012,9081039,10063,3,0,201142,1,0,0,0
1013,9081039,10063,4,0,201362,1,0,0,0
1014,9081039,10063,5,1,1,6,0,0,0
1015,9081039,10063,5,1,3,2,0,0,0
1016,9081039,30039,1,0,200132,1,0,0,0
1017,9081039,30039,2,0,200572,1,0,0,0
1018,9081039,30039,3,0,201142,1,0,0,0
1019,9081039,30039,4,0,201362,1,0,0,0
1020,9081039,30039,5,1,1,6,0,0,0
1021,9081039,30039,5,1,3,2,0,0,0
1022,9081028,10064,1,0,200212,1,0,0,0
1023,9081028,10064,2,0,200552,1,0,0,0
1024,9081028,10064,3,0,200972,1,0,0,0
1025,9081028,10064,4,0,200992,1,0,0,0
1026,9081028,10064,5,0,201002,1,0,0,0
1027,9081028,10064,6,0,201352,1,0,0,0
1028,9081028,10064,7,1,1,1,0,0,0
1029,9081028,10064,7,1,3,1,0,0,0
1030,9081028,10064,7,1,4,6,0,0,0
1031,9081028,30040,1,0,200212,1,0,0,0
1032,9081028,30040,2,0,200552,1,0,0,0
1033,9081028,30040,3,0,200972,1,0,0,0
1034,9081028,30040,4,0,200992,1,0,0,0
1035,9081028,30040,5,0,201002,1,0,0,0
1036,9081028,30040,6,0,201352,1,0,0,0
1037,9081028,30040,7,1,1,1,0,0,0
1038,9081028,30040,7,1,3,1,0,0,0
1039,9081028,30040,7,1,4,6,0,0,0
1040,9081059,30041,1,0,200062,1,0,0,0
1041,9081059,30041,2,0,200212,1,0,0,0
1042,9081059,30041,3,0,200722,1,0,0,0
1043,9081059,30041,4,0,200732,1,0,0,0
1044,9081059,30041,5,0,201542,1,0,0,0
1045,9081059,30041,6,1,5,6,0,0,0
1046,9081059,30041,6,1,30,5,0,0,0
1047,9081053,30042,1,0,200292,1,0,0,0
1048,9081053,30042,2,0,200362,1,0,0,0
1049,9081053,30042,3,0,200672,1,0,0,0
1050,9081053,30042,4,0,201032,1,0,0,0
1051,9081053,30042,5,0,201062,1,0,0,0
1052,9081053,30042,6,0,201382,1,0,0,0
1053,9081053,30042,7,1,2,2,0,0,0
1054,9081053,30042,7,1,3,6,0,0,0
1055,9081053,10065,1,0,200292,1,0,0,0
1056,9081053,10065,2,0,200362,1,0,0,0
1057,9081053,10065,3,0,200672,1,0,0,0
1058,9081053,10065,4,0,201032,1,0,0,0
1059,9081053,10065,5,0,201062,1,0,0,0
1060,9081053,10065,6,0,201382,1,0,0,0
1061,9081053,10065,7,1,2,2,0,0,0
1062,9081053,10065,7,1,3,6,0,0,0
1063,9081043,20031,1,0,200162,1,0,0,0
1064,9081043,20031,2,0,200282,1,0,0,0
1065,9081043,20031,3,0,200582,1,0,0,0
1066,9081043,20031,4,0,200851,1,0,0,0
1067,9081043,20031,5,1,1,6,0,0,0
1068,9081043,20031,5,1,3,2,0,0,0
1069,9081043,10066,1,0,200162,1,0,0,0
1070,9081043,10066,2,0,200282,1,0,0,0
1071,9081043,10066,3,0,200582,1,0,0,0
1072,9081043,10066,4,0,200851,1,0,0,0
1073,9081043,10066,5,1,1,6,0,0,0
1074,9081043,10066,5,1,3,2,0,0,0
1075,9081026,30059,1,0,200242,1,0,0,0
1076,9081026,30059,2,0,200532,1,0,0,0
1077,9081026,30059,3,0,201242,1,0,0,0
1078,9081026,30059,4,0,201252,1,0,0,0
1079,9081026,30059,5,1,2,6,0,0,0
1080,9081026,30059,5,1,4,2,0,0,0
1081,9081020,30055,1,0,200252,1,0,0,0
1082,9081020,30055,2,0,200302,1,0,0,0
1083,9081020,30055,3,0,200771,1,0,0,0
1084,9081020,30055,4,0,200811,1,0,0,0
1085,9081020,30055,5,0,200881,1,0,0,0
1086,9081020,30055,6,0,201611,1,0,0,0
1087,9081020,30055,7,1,5,6,0,0,0
1088,9081020,30055,7,1,30,5,0,0,0
1089,9081061,30056,1,0,200152,1,0,0,0
1090,9081061,30056,2,0,200222,1,0,0,0
1091,9081061,30056,3,0,200262,1,0,0,0
1092,9081061,30056,4,0,200352,1,0,0,0
1093,9081061,30056,5,0,200662,1,0,0,0
1094,9081061,30056,6,0,200672,1,0,0,0
1095,9081061,30056,7,1,2,2,0,0,0
1096,9081061,30056,7,1,3,6,0,0,0
1097,9081007,30057,1,0,200622,1,0,0,0
1098,9081007,30057,2,0,200642,1,0,0,0
1099,9081007,30057,3,0,200752,1,0,0,0
1100,9081007,30057,4,0,201212,1,0,0,0
1101,9081007,30057,5,0,201232,1,0,0,0
1102,9081007,30057,6,0,201472,1,0,0,0
1103,9081007,30057,7,0,201482,1,0,0,0
1104,9081007,30057,8,0,201502,1,0,0,0
1105,9081007,30057,9,0,201512,1,0,0,0
1106,9081007,30057,10,0,201552,1,0,0,0
1107,9081007,30057,11,0,201581,1,0,0,0
1108,9081007,30057,12,0,201591,1,0,0,0
1109,9081007,30057,13,0,201601,1,0,0,0
1110,9081007,30057,14,0,201631,1,0,0,0
1111,9081007,30057,15,1,1,6,0,0,0
1112,9081007,30057,15,1,3,2,0,0,0
1113,9081027,30048,1,0,200162,1,0,0,0
1114,9081027,30048,2,0,200232,1,0,0,0
1115,9081027,30048,3,0,200722,1,0,0,0
1116,9081027,30048,4,0,201102,1,0,0,0
1117,9081027,30048,5,1,1,1,0,0,0
1118,9081027,30048,5,1,3,1,0,0,0
1119,9081027,30048,5,1,4,6,0,0,0
1120,9081071,20034,1,0,200022,1,0,0,0
1121,9081071,20034,2,0,200572,1,0,0,0
1122,9081071,20034,3,0,201142,1,0,0,0
1123,9081071,20034,4,0,201322,1,0,0,0
1124,9081071,20034,5,0,201532,1,0,0,0
1125,9081071,20034,6,1,5,6,0,0,0
1126,9081071,20034,6,1,30,5,0,0,0
1127,9081071,10069,1,0,200022,1,0,0,0
1128,9081071,10069,2,0,200572,1,0,0,0
1129,9081071,10069,3,0,201142,1,0,0,0
1130,9081071,10069,4,0,201322,1,0,0,0
1131,9081071,10069,5,0,201532,1,0,0,0
1132,9081071,10069,6,1,5,6,0,0,0
1133,9081071,10069,6,1,30,5,0,0,0
1134,9081066,30060,1,0,200282,1,0,0,0
1135,9081066,30060,2,0,200292,1,0,0,0
1136,9081066,30060,3,0,200532,1,0,0,0
1137,9081066,30060,4,0,200542,1,0,0,0
1138,9081066,30060,5,0,201272,1,0,0,0
1139,9081066,30060,6,0,201282,1,0,0,0
1140,9081066,30060,8,1,1,1,0,0,0
1141,9081066,30060,8,1,3,1,0,0,0
1142,9081066,30060,8,1,4,6,0,0,0
1143,9081016,30044,1,0,200012,1,0,0,0
1144,9081016,30044,2,0,200572,1,0,0,0
1145,9081016,30044,3,0,200612,1,0,0,0
1146,9081016,30044,4,0,200752,1,0,0,0
1147,9081016,30044,5,0,201102,1,0,0,0
1148,9081016,30044,6,0,201112,1,0,0,0
1149,9081016,30044,7,0,201172,1,0,0,0
1150,9081016,30044,8,0,201352,1,0,0,0
1151,9081016,30044,9,1,1,6,0,0,0
1152,9081016,30044,9,1,3,2,0,0,0
1153,9081016,10072,1,0,200012,1,0,0,0
1154,9081016,10072,2,0,200572,1,0,0,0
1155,9081016,10072,3,0,200612,1,0,0,0
1156,9081016,10072,4,0,200752,1,0,0,0
1157,9081016,10072,5,0,201102,1,0,0,0
1158,9081016,10072,6,0,201112,1,0,0,0
1159,9081016,10072,7,0,201172,1,0,0,0
1160,9081016,10072,8,0,201352,1,0,0,0
1161,9081016,10072,9,1,1,6,0,0,0
1162,9081016,10072,9,1,3,2,0,0,0
1163,9081044,30045,1,0,200452,1,0,0,0
1164,9081044,30045,2,0,200771,1,0,0,0
1165,9081044,30045,3,0,200781,1,0,0,0
1166,9081044,30045,4,0,201162,1,0,0,0
1167,9081044,30045,5,0,201472,1,0,0,0
1168,9081044,30045,6,0,201482,1,0,0,0
1169,9081044,30045,8,0,201651,1,0,0,0
1170,9081044,30045,9,1,1,6,0,0,0
1171,9081044,30045,9,1,3,2,0,0,0
1172,9081035,30046,1,0,200152,1,0,0,0
1173,9081035,30046,2,0,200222,1,0,0,0
1174,9081035,30046,3,0,200592,1,0,0,0
1175,9081035,30046,4,0,200602,1,0,0,0
1176,9081035,30046,5,0,200612,1,0,0,0
1177,9081035,30046,6,1,2,6,0,0,0
1178,9081035,30046,6,1,4,2,0,0,0
1179,9081009,30047,1,0,200282,1,0,0,0
1180,9081009,30047,2,0,200572,1,0,0,0
1181,9081009,30047,3,0,200582,1,0,0,0
1182,9081009,30047,4,0,200712,1,0,0,0
1183,9081009,30047,5,0,200722,1,0,0,0
1184,9081009,30047,6,0,201052,1,0,0,0
1185,9081009,30047,7,1,2,2,0,0,0
1186,9081009,30047,7,1,3,6,0,0,0
1187,9081030,30034,1,0,200062,1,0,0,0
1188,9081030,30034,2,0,200272,1,0,0,0
1189,9081030,30034,3,0,200742,1,0,0,0
1190,9081030,30034,4,0,200801,1,0,0,0
1191,9081030,30034,5,0,200861,1,0,0,0
1192,9081030,30034,6,0,200871,1,0,0,0
1193,9081030,30034,7,0,201342,1,0,0,0
1194,9081030,30034,8,0,201372,1,0,0,0
1195,9081030,30034,9,0,201581,1,0,0,0
1196,9081030,30034,10,1,2,2,0,0,0
1197,9081030,30034,10,1,3,6,0,0,0
1198,9081023,30061,1,0,200052,1,0,0,0
1199,9081023,30061,2,0,200162,1,0,0,0
1200,9081023,30061,3,0,200222,1,0,0,0
1201,9081023,30061,4,0,200262,1,0,0,0
1202,9081023,30061,5,0,200821,1,0,0,0
1203,9081023,30061,6,1,5,6,0,0,0
1204,9081023,30061,6,1,30,5,0,0,0
1205,9081060,30054,1,0,200122,1,0,0,0
1206,9081060,30054,2,0,200342,1,0,0,0
1207,9081060,30054,3,0,200442,1,0,0,0
1208,9081060,30054,4,0,200502,1,0,0,0
1209,9081060,30054,5,0,200911,1,0,0,0
1210,9081060,30054,6,0,201162,1,0,0,0
1211,9081060,30054,7,0,201422,1,0,0,0
1212,9081060,30054,8,0,201442,1,0,0,0
1213,9081060,30054,9,1,5,6,0,0,0
1214,9081060,30054,9,1,30,5,0,0,0
1215,9081048,20035,1,0,200302,1,0,0,0
1216,9081048,20035,2,0,200562,1,0,0,0
1217,9081048,20035,3,0,200592,1,0,0,0
1218,9081048,20035,4,0,201102,1,0,0,0
1219,9081048,20035,5,0,201112,1,0,0,0
1220,9081048,20035,6,0,201312,1,0,0,0
1221,9081048,20035,7,1,2,6,0,0,0
1222,9081048,20035,7,1,4,2,0,0,0
1223,9081048,10070,1,0,200302,1,0,0,0
1224,9081048,10070,2,0,200562,1,0,0,0
1225,9081048,10070,3,0,200592,1,0,0,0
1226,9081048,10070,4,0,201102,1,0,0,0
1227,9081048,10070,5,0,201112,1,0,0,0
1228,9081048,10070,6,0,201312,1,0,0,0
1229,9081048,10070,7,1,2,6,0,0,0
1230,9081048,10070,7,1,4,2,0,0,0
1231,9081002,30062,1,0,200432,1,0,0,0
1232,9081002,30062,2,0,200532,1,0,0,0
1233,9081002,30062,3,0,200542,1,0,0,0
1234,9081002,30062,4,0,200552,1,0,0,0
1235,9081002,30062,5,0,200712,1,0,0,0
1236,9081002,30062,6,0,201242,1,0,0,0
1237,9081002,30062,7,0,201252,1,0,0,0
1238,9081002,30062,8,0,201522,1,0,0,0
1239,9081002,30062,9,0,201272,1,0,0,0
1240,9081002,30062,10,1,2,6,0,0,0
1241,9081002,30062,10,1,4,2,0,0,0
1242,9081063,30063,1,0,200442,1,0,0,0
1243,9081063,30063,2,0,200482,1,0,0,0
1244,9081063,30063,3,0,201122,1,0,0,0
1245,9081063,30063,4,0,201432,1,0,0,0
1246,9081063,30063,5,0,201442,1,0,0,0
1247,9081063,30063,6,1,1,1,0,0,0
1248,9081063,30063,6,1,3,1,0,0,0
1249,9081063,30063,6,1,4,6,0,0,0
1250,9081022,20037,1,0,200012,1,0,0,0
1251,9081022,20037,2,0,200192,1,0,0,0
1252,9081022,20037,3,0,200262,1,0,0,0
1253,9081022,20037,4,0,200372,1,0,0,0
1254,9081022,20037,5,0,200492,1,0,0,0
1255,9081022,20037,6,1,2,2,0,0,0
1256,9081022,20037,6,1,3,6,0,0,0
1257,9081021,30064,1,0,200712,1,0,0,0
1258,9081021,30064,2,0,200811,1,0,0,0
1259,9081021,30064,3,0,200901,1,0,0,0
1260,9081021,30064,4,0,201112,1,0,0,0
1261,9081021,30064,5,0,201132,1,0,0,0
1262,9081021,30064,6,0,201142,1,0,0,0
1263,9081021,30064,7,0,201412,1,0,0,0
1264,9081021,30064,8,1,2,2,0,0,0
1265,9081021,30064,8,1,3,6,0,0,0
1266,9081047,30065,1,0,200362,1,0,0,0
1267,9081047,30065,2,0,200452,1,0,0,0
1268,9081047,30065,3,0,200492,1,0,0,0
1269,9081047,30065,4,0,200502,1,0,0,0
1270,9081047,30065,5,0,201332,1,0,0,0
1271,9081047,30065,6,0,201432,1,0,0,0
1272,9081047,30065,7,0,201532,1,0,0,0
1273,9081047,30065,8,0,201542,1,0,0,0
1274,9081047,30065,9,1,1,6,0,0,0
1275,9081047,30065,9,1,3,2,0,0,0
1276,9081026,30066,1,0,200242,1,0,0,0
1277,9081026,30066,2,0,200532,1,0,0,0
1278,9081026,30066,3,0,201242,1,0,0,0
1279,9081026,30066,4,0,201252,1,0,0,0
1280,9081026,30066,5,1,5,6,0,0,0
1281,9081026,30066,5,1,30,5,0,0,0
1282,9081049,30043,1,0,200162,1,0,0,0
1283,9081049,30043,2,0,200302,1,0,0,0
1284,9081049,30043,3,0,200602,1,0,0,0
1285,9081049,30043,4,0,200612,1,0,0,0
1286,9081049,30043,5,0,200732,1,0,0,0
1287,9081049,30043,6,0,201382,1,0,0,0
1288,9081049,30043,7,0,201442,1,0,0,0
1289,9081049,30043,8,0,201562,1,0,0,0
1290,9081049,30043,9,0,201702,1,0,0,0
1291,9081049,30043,10,1,2,6,0,0,0
1292,9081049,30043,10,1,4,2,0,0,0
1293,9081070,20038,1,0,200162,1,0,0,0
1294,9081070,20038,2,0,200582,1,0,0,0
1295,9081070,20038,3,0,201112,1,0,0,0
1296,9081070,20038,4,0,201641,1,0,0,0
1297,9081070,20038,5,1,1,1,0,0,0
1298,9081070,20038,5,1,3,1,0,0,0
1299,9081070,20038,5,1,4,6,0,0,0
1300,9081049,10067,1,0,200162,1,0,0,0
1301,9081049,10067,2,0,200302,1,0,0,0
1302,9081049,10067,3,0,200602,1,0,0,0
1303,9081049,10067,4,0,200612,1,0,0,0
1304,9081049,10067,5,0,200732,1,0,0,0
1305,9081049,10067,6,0,201382,1,0,0,0
1306,9081049,10067,7,0,201442,1,0,0,0
1307,9081049,10067,8,0,201562,1,0,0,0
1308,9081049,10067,9,0,201702,1,0,0,0
1309,9081049,10067,10,1,2,6,0,0,0
1310,9081049,10067,10,1,4,2,0,0,0
1311,9081070,10071,1,0,200162,1,0,0,0
1312,9081070,10071,2,0,200582,1,0,0,0
1313,9081070,10071,3,0,201112,1,0,0,0
1314,9081070,10071,4,0,201641,1,0,0,0
1315,9081070,10071,5,1,1,1,0,0,0
1316,9081070,10071,5,1,3,1,0,0,0
1317,9081070,10071,5,1,4,6,0,0,0
1318,9081038,30068,1,0,200652,1,0,0,0
1319,9081038,30068,2,0,200911,1,0,0,0
1320,9081038,30068,3,0,200962,1,0,0,0
1321,9081038,30068,4,0,201002,1,0,0,0
1322,9081038,30068,5,0,201372,1,0,0,0
1323,9081038,30068,6,1,5,6,0,0,0
1324,9081038,30068,6,1,30,5,0,0,0
1325,9081016,30069,1,0,200012,1,0,0,0
1326,9081016,30069,2,0,200572,1,0,0,0
1327,9081016,30069,3,0,200612,1,0,0,0
1328,9081016,30069,4,0,200752,1,0,0,0
1329,9081016,30069,5,0,201102,1,0,0,0
1330,9081016,30069,6,0,201112,1,0,0,0
1331,9081016,30069,7,0,201172,1,0,0,0
1332,9081016,30069,8,0,201352,1,0,0,0
1333,9081016,30069,9,1,2,6,0,0,0
1334,9081016,30069,9,1,4,2,0,0,0
1335,9081029,30070,1,0,200042,1,0,0,0
1336,9081029,30070,2,0,200202,1,0,0,0
1337,9081029,30070,3,0,200732,1,0,0,0
1338,9081029,30070,4,0,201112,1,0,0,0
1339,9081029,30070,5,1,1,1,0,0,0
1340,9081029,30070,5,1,3,1,0,0,0
1341,9081029,30070,5,1,4,6,0,0,0
1342,9081038,10073,1,0,200652,1,0,0,0
1343,9081038,10073,2,0,200911,1,0,0,0
1344,9081038,10073,3,0,200962,1,0,0,0
1345,9081038,10073,4,0,201002,1,0,0,0
1346,9081038,10073,5,0,201372,1,0,0,0
1347,9081038,10073,6,1,5,6,0,0,0
1348,9081038,10073,6,1,30,5,0,0,0
1349,9081065,30071,1,0,200462,1,0,0,0
1350,9081065,30071,2,0,200562,1,0,0,0
1351,9081065,30071,3,0,201042,1,0,0,0
1352,9081065,30071,4,0,201052,1,0,0,0
1353,9081065,30071,5,0,201082,1,0,0,0
1354,9081065,30071,7,0,201631,1,0,0,0
1355,9081065,30071,8,0,201651,1,0,0,0
1356,9081065,30071,9,1,2,2,0,0,0
1357,9081065,30071,9,1,3,6,0,0,0
1358,9081008,20039,1,0,200032,1,0,0,0
1359,9081008,20039,2,0,200362,1,0,0,0
1360,9081008,20039,3,0,200372,1,0,0,0
1361,9081008,20039,4,0,200382,1,0,0,0
1362,9081008,20039,5,0,200512,1,0,0,0
1363,9081008,20039,6,0,200602,1,0,0,0
1364,9081008,20039,7,0,200702,1,0,0,0
1365,9081008,20039,8,0,201032,1,0,0,0
1366,9081008,20039,9,0,201102,1,0,0,0
1367,9081008,20039,10,1,1,6,0,0,0
1368,9081008,20039,10,1,3,2,0,0,0
1369,9081024,30072,1,0,200142,1,0,0,0
1370,9081024,30072,2,0,200332,1,0,0,0
1371,9081024,30072,3,0,200362,1,0,0,0
1372,9081024,30072,4,0,200382,1,0,0,0
1373,9081024,30072,5,0,200492,1,0,0,0
1374,9081024,30072,6,0,200502,1,0,0,0
1375,9081024,30072,7,1,1,6,0,0,0
1376,9081024,30072,7,1,3,2,0,0,0
1377,9081050,30073,1,0,200442,1,0,0,0
1378,9081050,30073,2,0,200482,1,0,0,0
1379,9081050,30073,3,0,200622,1,0,0,0
1380,9081050,30073,4,0,200632,1,0,0,0
1381,9081050,30073,5,0,201462,1,0,0,0
1382,9081050,30073,6,0,201512,1,0,0,0
1383,9081050,30073,7,0,201641,1,0,0,0
1384,9081050,30073,8,1,5,6,0,0,0
1385,9081050,30073,8,1,30,5,0,0,0
1386,9081055,30074,1,0,200362,1,0,0,0
1387,9081055,30074,2,0,200462,1,0,0,0
1388,9081055,30074,3,0,200851,1,0,0,0
1389,9081055,30074,4,0,200881,1,0,0,0
1390,9081055,30074,5,0,201611,1,0,0,0
1391,9081055,30074,6,1,2,2,0,0,0
1392,9081055,30074,6,1,3,6,0,0,0
1393,9081025,30075,1,0,200162,1,0,0,0
1394,9081025,30075,2,0,200232,1,0,0,0
1395,9081025,30075,3,0,201172,1,0,0,0
1396,9081025,30075,4,0,201202,1,0,0,0
1397,9081025,30075,5,0,201222,1,0,0,0
1398,9081025,30075,6,0,201581,1,0,0,0
1399,9081025,30075,7,1,2,6,0,0,0
1400,9081025,30075,7,1,4,2,0,0,0
1401,9081034,20032,1,0,200172,1,0,0,0
1402,9081034,20032,2,0,200202,1,0,0,0
1403,9081034,20032,3,0,200292,1,0,0,0
1404,9081034,20032,4,0,200462,1,0,0,0
1405,9081034,20032,5,0,201442,1,0,0,0
1406,9081034,20032,6,0,201611,1,0,0,0
1407,9081034,20032,7,0,201682,1,0,0,0
1408,9081034,20032,8,0,202002,1,0,0,0
1409,9081034,20032,9,1,2,2,0,0,0
1410,9081034,20032,9,1,3,6,0,0,0
1411,9081034,10068,1,0,200172,1,0,0,0
1412,9081034,10068,2,0,200202,1,0,0,0
1413,9081034,10068,3,0,200292,1,0,0,0
1414,9081034,10068,4,0,200462,1,0,0,0
1415,9081034,10068,5,0,201442,1,0,0,0
1416,9081034,10068,6,0,201611,1,0,0,0
1417,9081034,10068,7,0,201682,1,0,0,0
1418,9081034,10068,8,0,202002,1,0,0,0
1419,9081034,10068,9,1,2,2,0,0,0
1420,9081034,10068,9,1,3,6,0,0,0
1421,9081002,30076,1,0,200432,1,0,0,0
1422,9081002,30076,2,0,200532,1,0,0,0
1423,9081002,30076,3,0,200542,1,0,0,0
1424,9081002,30076,4,0,200552,1,0,0,0
1425,9081002,30076,5,0,200712,1,0,0,0
1426,9081002,30076,6,0,201242,1,0,0,0
1427,9081002,30076,7,0,201252,1,0,0,0
1428,9081002,30076,8,0,201522,1,0,0,0
1429,9081002,30076,9,0,201272,1,0,0,0
1430,9081002,30076,10,1,1,6,0,0,0
1431,9081002,30076,10,1,3,2,0,0,0
1432,9081033,30077,1,0,200632,1,0,0,0
1433,9081033,30077,2,0,201152,1,0,0,0
1434,9081033,30077,3,0,201452,1,0,0,0
1435,9081033,30077,4,0,201492,1,0,0,0
1436,9081033,30077,5,0,201502,1,0,0,0
1437,9081033,30077,8,1,2,2,0,0,0
1438,9081033,30077,8,1,3,6,0,0,0
1439,9081033,10075,1,0,200632,1,0,0,0
1440,9081033,10075,2,0,201152,1,0,0,0
1441,9081033,10075,3,0,201452,1,0,0,0
1442,9081033,10075,4,0,201492,1,0,0,0
1443,9081033,10075,5,0,201502,1,0,0,0
1444,9081033,10075,8,1,2,2,0,0,0
1445,9081033,10075,8,1,3,6,0,0,0
1446,9081056,30078,1,0,200092,1,0,0,0
1447,9081056,30078,2,0,200482,1,0,0,0
1448,9081056,30078,3,0,200781,1,0,0,0
1449,9081056,30078,4,0,201392,1,0,0,0
1450,9081056,30078,5,0,201422,1,0,0,0
1451,9081056,30078,6,0,201562,1,0,0,0
1452,9081056,30078,7,0,201571,1,0,0,0
1453,9081056,30078,8,1,1,6,0,0,0
1454,9081056,30078,8,1,3,2,0,0,0
1455,9081058,30079,1,0,200142,1,0,0,0
1456,9081058,30079,2,0,200152,1,0,0,0
1457,9081058,30079,3,0,200252,1,0,0,0
1458,9081058,30079,4,0,200302,1,0,0,0
1459,9081058,30079,5,0,201122,1,0,0,0
1460,9081058,30079,6,0,201382,1,0,0,0
1461,9081058,30079,7,0,201621,1,0,0,0
1462,9081058,30079,8,1,2,6,0,0,0
1463,9081058,30079,8,1,4,2,0,0,0
1464,9081021,20022,1,0,200712,1,0,0,0
1465,9081021,20022,2,0,200811,1,0,0,0
1466,9081021,20022,3,0,200901,1,0,0,0
1467,9081021,20022,4,0,201112,1,0,0,0
1468,9081021,20022,5,0,201132,1,0,0,0
1469,9081021,20022,6,0,201142,1,0,0,0
1470,9081021,20022,7,0,201412,1,0,0,0
1471,9081021,20022,8,1,4,6,0,0,0
1472,9081021,20022,8,1,1,1,0,0,0
1473,9081021,20022,8,1,3,1,0,0,0
1474,9081051,30082,1,0,200052,1,0,0,0
1475,9081051,30082,2,0,200132,1,0,0,0
1476,9081051,30082,3,0,200152,1,0,0,0
1477,9081051,30082,4,0,200702,1,0,0,0
1478,9081051,30082,5,0,201322,1,0,0,0
1479,9081051,30082,6,1,5,6,0,0,0
1480,9081051,30082,6,1,30,5,0,0,0
1481,9081041,30083,1,0,200652,1,0,0,0
1482,9081041,30083,2,0,200791,1,0,0,0
1483,9081041,30083,3,0,200841,1,0,0,0
1484,9081041,30083,4,0,200962,1,0,0,0
1485,9081041,30083,5,0,200972,1,0,0,0
1486,9081041,30083,6,0,200982,1,0,0,0
1487,9081041,30083,7,0,200992,1,0,0,0
1488,9081041,30083,8,0,201012,1,0,0,0
1489,9081041,30083,9,1,1,1,0,0,0
1490,9081041,30083,9,1,3,1,0,0,0
1491,9081041,30083,9,1,4,6,0,0,0
1492,9081048,30084,1,0,200302,1,0,0,0
1493,9081048,30084,2,0,200562,1,0,0,0
1494,9081048,30084,3,0,200592,1,0,0,0
1495,9081048,30084,4,0,201102,1,0,0,0
1496,9081048,30084,5,0,201112,1,0,0,0
1497,9081048,30084,6,0,201312,1,0,0,0
1498,9081048,30084,7,1,1,6,0,0,0
1499,9081048,30084,7,1,3,2,0,0,0
1500,9081031,20030,1,0,200732,1,0,0,0
1501,9081031,20030,2,0,201082,1,0,0,0
1502,9081031,20030,3,0,201282,1,0,0,0
1503,9081031,20030,4,0,201651,1,0,0,0
1504,9081031,20030,5,0,201661,1,0,0,0
1505,9081031,20030,6,1,5,6,0,0,0
1506,9081031,20030,6,1,30,5,0,0,0
1507,9081019,30085,1,0,200022,1,0,0,0
1508,9081019,30085,2,0,201032,1,0,0,0
1509,9081019,30085,3,0,201382,1,0,0,0
1510,9081019,30085,4,0,201591,1,0,0,0
1511,9081019,30085,5,0,201682,1,0,0,0
1512,9081019,30085,6,0,201702,1,0,0,0
1513,9081019,30085,7,1,2,2,0,0,0
1514,9081019,30085,7,1,3,6,0,0,0
1515,9081077,30086,1,0,200142,1,0,0,0
1516,9081077,30086,2,0,200152,1,0,0,0
1517,9081077,30086,3,0,200252,1,0,0,0
1518,9081077,30086,4,0,200572,1,0,0,0
1519,9081077,30086,8,1,1,6,0,0,0
1520,9081077,30086,8,1,3,2,0,0,0
1521,9081077,10077,1,0,200142,1,0,0,0
1522,9081077,10077,2,0,200152,1,0,0,0
1523,9081077,10077,3,0,200252,1,0,0,0
1524,9081077,10077,4,0,200572,1,0,0,0
1525,9081077,10077,8,1,1,6,0,0,0
1526,9081077,10077,8,1,3,2,0,0,0
1527,9081074,30087,1,0,200012,1,0,0,0
1528,9081074,30087,2,0,200762,1,0,0,0
1529,9081074,30087,3,0,201202,1,0,0,0
1530,9081074,30087,4,0,201212,1,0,0,0
1531,9081074,30087,5,0,201222,1,0,0,0
1532,9081074,30087,6,1,2,6,0,0,0
1533,9081074,30087,6,1,4,2,0,0,0
1534,9081074,10076,1,0,200012,1,0,0,0
1535,9081074,10076,2,0,200762,1,0,0,0
1536,9081074,10076,3,0,201202,1,0,0,0
1537,9081074,10076,4,0,201212,1,0,0,0
1538,9081074,10076,5,0,201222,1,0,0,0
1539,9081074,10076,6,1,2,6,0,0,0
1540,9081074,10076,6,1,4,2,0,0,0
1541,9081067,30088,1,0,200592,1,0,0,0
1542,9081067,30088,2,0,201212,1,0,0,0
1543,9081067,30088,3,0,201382,1,0,0,0
1544,9081067,30088,4,0,201392,1,0,0,0
1545,9081067,30088,5,0,201542,1,0,0,0
1546,9081067,30088,6,0,201692,1,0,0,0
1547,9081067,30088,7,1,5,6,0,0,0
1548,9081067,30088,7,1,30,5,0,0,0
1549,9081027,20040,1,0,200602,1,0,0,0
1550,9081027,20040,2,0,200722,1,0,0,0
1551,9081027,20040,3,0,201102,1,0,0,0
1552,9081027,20040,4,1,2,6,0,0,0
1553,9081027,20040,4,1,4,2,0,0,0
1554,9081033,20041,1,0,200632,1,0,0,0
1555,9081033,20041,2,0,201152,1,0,0,0
1556,9081033,20041,3,0,201452,1,0,0,0
1557,9081033,20041,4,0,201492,1,0,0,0
1558,9081033,20041,5,0,201502,1,0,0,0
1559,9081033,20041,6,1,1,1,0,0,0
1560,9081033,20041,6,1,3,1,0,0,0
1561,9081033,20041,6,1,4,6,0,0,0
1562,9081041,20042,1,0,200652,1,0,0,0
1563,9081041,20042,2,0,200791,1,0,0,0
1564,9081041,20042,3,0,200841,1,0,0,0
1565,9081041,20042,4,0,200962,1,0,0,0
1566,9081041,20042,5,0,200972,1,0,0,0
1567,9081041,20042,6,0,200982,1,0,0,0
1568,9081041,20042,7,0,200992,1,0,0,0
1569,9081041,20042,8,0,201012,1,0,0,0
1570,9081041,20042,9,1,2,2,0,0,0
1571,9081041,20042,9,1,3,6,0,0,0
1572,9081001,20043,1,0,200162,1,0,0,0
1573,9081001,20043,2,0,200512,1,0,0,0
1574,9081001,20043,3,0,200562,1,0,0,0
1575,9081001,20043,4,0,200732,1,0,0,0
1576,9081001,20043,5,0,201312,1,0,0,0
1577,9081001,20043,6,0,201352,1,0,0,0
1578,9081001,20043,7,0,201362,1,0,0,0
1579,9081001,20043,8,1,2,2,0,0,0
1580,9081001,20043,8,1,3,6,0,0,0
1586,9081077,30086,5,0,200582,1,0,0,0
1587,9081077,30086,6,0,201172,1,0,0,0
1588,9081077,30086,7,0,201702,1,0,0,0
1589,9081077,10077,5,0,200582,1,0,0,0
1590,9081077,10077,6,0,201172,1,0,0,0
1591,9081077,10077,7,0,201702,1,0,0,0
1592,9081038,20044,1,0,200652,1,0,0,0
1593,9081038,20044,2,0,200911,1,0,0,0
1594,9081038,20044,3,0,200962,1,0,0,0
1595,9081038,20044,4,0,201002,1,0,0,0
1596,9081038,20044,5,0,201372,1,0,0,0
1597,9081038,20044,6,1,1,6,0,0,0
1598,9081038,20044,6,1,3,2,0,0,0
1599,9081055,30089,1,0,200362,1,0,0,0
1600,9081055,30089,2,0,200462,1,0,0,0
1601,9081055,30089,3,0,200851,1,0,0,0
1602,9081055,30089,4,0,200881,1,0,0,0
1603,9081055,30089,5,0,201611,1,0,0,0
1604,9081055,30089,6,1,4,6,0,0,0
1605,9081055,30089,6,1,1,1,0,0,0
1606,9081055,30089,6,1,3,1,0,0,0
1607,9081017,30090,1,0,200831,1,0,0,0
1608,9081017,30090,2,0,200861,1,0,0,0
1609,9081017,30090,3,0,200891,1,0,0,0
1610,9081017,30090,4,0,200921,1,0,0,0
1611,9081017,30090,5,0,201102,1,0,0,0
1612,9081017,30090,6,0,201112,1,0,0,0
1613,9081017,30090,7,0,201152,1,0,0,0
1614,9081017,30090,8,0,201702,1,0,0,0
1615,9081017,30090,9,1,2,6,0,0,0
1616,9081017,30090,9,1,4,2,0,0,0
1617,9081070,30091,1,0,200162,1,0,0,0
1618,9081070,30091,2,0,201112,1,0,0,0
1619,9081070,30091,3,0,201382,1,0,0,0
1620,9081070,30091,4,0,201641,1,0,0,0
1621,9081070,30091,5,0,201692,1,0,0,0
1622,9081070,30091,6,1,5,6,0,0,0
1623,9081070,30091,6,1,30,5,0,0,0
1624,9081036,30092,1,0,200622,1,0,0,0
1625,9081036,30092,2,0,200642,1,0,0,0
1626,9081036,30092,3,0,200722,1,0,0,0
1627,9081036,30092,4,0,201462,1,0,0,0
1628,9081036,30092,5,0,201492,1,0,0,0
1629,9081036,30092,6,1,1,6,0,0,0
1630,9081036,30092,6,1,3,2,0,0,0
1631,9081046,20045,1,0,200162,1,0,0,0
1632,9081046,20045,2,0,200222,1,0,0,0
1633,9081046,20045,3,0,200952,1,0,0,0
1634,9081046,20045,4,0,201242,1,0,0,0
1635,9081046,20045,5,0,201522,1,0,0,0
1636,9081046,20045,6,0,201672,1,0,0,0
1637,9081046,20045,7,0,201682,1,0,0,0
1638,9081046,20045,8,1,1,1,0,0,0
1639,9081046,20045,8,1,3,1,0,0,0
1640,9081046,20045,8,1,4,6,0,0,0
1641,9081009,30093,1,0,200282,1,0,0,0
1642,9081009,30093,2,0,200572,1,0,0,0
1643,9081009,30093,3,0,200582,1,0,0,0
1644,9081009,30093,4,0,201322,1,0,0,0
1645,9081009,30093,5,0,201342,1,0,0,0
1646,9081009,30093,6,1,2,2,0,0,0
1647,9081009,30093,6,1,3,6,0,0,0
1648,9081044,20046,1,0,200452,1,0,0,0
1649,9081044,20046,2,0,201162,1,0,0,0
1650,9081044,20046,3,0,201462,1,0,0,0
1651,9081044,20046,4,0,201472,1,0,0,0
1652,9081044,20046,5,0,201482,1,0,0,0
1653,9081044,20046,6,0,201552,1,0,0,0
1654,9081044,20046,8,0,201651,1,0,0,0
1655,9081044,20046,9,1,5,6,0,0,0
1656,9081044,20046,9,1,30,5,0,0,0
1657,9081053,30094,1,0,200292,1,0,0,0
1658,9081053,30094,2,0,200512,1,0,0,0
1659,9081053,30094,3,0,200612,1,0,0,0
1660,9081053,30094,4,0,200672,1,0,0,0
1661,9081053,30094,5,0,200702,1,0,0,0
1662,9081053,30094,6,0,201032,1,0,0,0
1663,9081053,30094,7,1,1,1,0,0,0
1664,9081053,30094,7,1,3,1,0,0,0
1665,9081053,30094,7,1,4,6,0,0,0
1666,9081042,30095,1,0,200152,1,0,0,0
1667,9081042,30095,2,0,200582,1,0,0,0
1668,9081042,30095,3,0,200602,1,0,0,0
1669,9081042,30095,4,0,200652,1,0,0,0
1670,9081042,30095,5,0,200692,1,0,0,0
1671,9081042,30095,6,0,201442,1,0,0,0
1672,9081042,30095,7,0,201532,1,0,0,0
1673,9081042,30095,8,0,201542,1,0,0,0
1674,9081042,30095,9,0,201902,1,0,0,0
1675,9081042,30095,10,1,1,6,0,0,0
1676,9081042,30095,10,1,3,2,0,0,0
1677,9081039,30096,1,0,200132,1,0,0,0
1678,9081039,30096,2,0,200572,1,0,0,0
1679,9081039,30096,3,0,201142,1,0,0,0
1680,9081039,30096,4,0,201362,1,0,0,0
1681,9081039,30096,5,1,2,2,0,0,0
1682,9081039,30096,5,1,3,6,0,0,0
1683,9081057,10078,1,0,200232,1,0,0,0
1684,9081057,10078,2,0,200342,1,0,0,0
1685,9081057,10078,3,0,200512,1,0,0,0
1686,9081057,10078,4,0,200642,1,0,0,0
1687,9081057,10078,5,0,201112,1,0,0,0
1688,9081057,10078,6,0,201502,1,0,0,0
1689,9081057,10078,7,0,201611,1,0,0,0
1690,9081057,10078,8,1,5,6,0,0,0
1691,9081057,10078,8,1,30,5,0,0,0
1692,9081057,30097,1,0,200232,1,0,0,0
1693,9081057,30097,2,0,200342,1,0,0,0
1694,9081057,30097,3,0,200512,1,0,0,0
1695,9081057,30097,4,0,200642,1,0,0,0
1696,9081057,30097,5,0,201112,1,0,0,0
1697,9081057,30097,6,0,201502,1,0,0,0
1698,9081057,30097,7,0,201611,1,0,0,0
1699,9081057,30097,8,1,5,6,0,0,0
1700,9081057,30097,8,1,30,5,0,0,0
1701,9081003,20047,1,0,200452,1,0,0,0
1702,9081003,20047,2,0,200492,1,0,0,0
1703,9081003,20047,3,0,200502,1,0,0,0
1704,9081003,20047,4,0,201132,1,0,0,0
1705,9081003,20047,5,0,201142,1,0,0,0
1706,9081003,20047,6,0,201332,1,0,0,0
1707,9081003,20047,7,1,2,6,0,0,0
1708,9081003,20047,7,1,4,2,0,0,0
1709,9081052,30098,1,1,2,2,90815201,0,90
1710,9081052,30098,1,1,3,6,90815202,0,90
1712,9081063,30099,1,0,200482,1,0,0,0
1713,9081063,30099,2,0,200592,1,0,0,0
1714,9081063,30099,3,0,201392,1,0,0,0
1715,9081063,30099,4,0,201432,1,0,0,0
1716,9081063,30099,5,0,201442,1,0,0,0
1717,9081063,30099,6,0,201542,1,0,0,0
1718,9081063,30099,8,1,2,6,0,0,0
1719,9081063,30099,8,1,4,2,0,0,0
1720,9081030,30100,1,0,200742,1,0,0,0
1721,9081030,30100,2,0,201322,1,0,0,0
1722,9081030,30100,3,0,201342,1,0,0,0
1723,9081030,30100,4,0,201372,1,0,0,0
1724,9081030,30100,5,0,201532,1,0,0,0
1725,9081030,30100,6,0,202012,1,0,0,0
1726,9081030,30100,7,1,5,6,0,0,0
1727,9081030,30100,7,1,30,5,0,0,0
1728,9081010,30053,1,0,200162,1,0,0,0
1729,9081010,30053,2,0,200682,1,0,0,0
1730,9081010,30053,3,0,201032,1,0,0,0
1731,9081010,30053,4,0,201052,1,0,0,0
1732,9081010,30053,5,0,201062,1,0,0,0
1733,9081010,30053,6,0,201082,1,0,0,0
1734,9081010,30053,7,1,1,6,0,0,0
1735,9081010,30053,7,1,3,2,0,0,0
1736,9081006,20048,2,0,200342,1,0,0,0
1737,9081006,20048,3,0,200492,1,0,0,0
1738,9081006,20048,4,0,200512,1,0,0,0
1739,9081006,20048,5,0,201062,1,0,0,0
1740,9081006,20048,6,0,201072,1,0,0,0
1741,9081006,20048,7,0,201601,1,0,0,0
1742,9081006,20048,8,0,202112,1,0,0,0
1743,9081006,20048,9,0,202122,1,0,0,0
1744,9081006,20048,10,1,1,1,0,0,0
1745,9081006,20048,10,1,3,1,0,0,0
1746,9081006,20048,10,1,4,6,0,0,0
1747,9081014,30102,1,0,200132,1,0,0,0
1748,9081014,30102,2,0,200572,1,0,0,0
1749,9081014,30102,3,0,200582,1,0,0,0
1750,9081014,30102,4,0,201122,1,0,0,0
1751,9081014,30102,5,0,201312,1,0,0,0
1752,9081014,30102,6,0,201532,1,0,0,0
1753,9081014,30102,7,0,201902,1,0,0,0
1754,9081014,30102,8,1,1,1,0,0,0
1755,9081014,30102,8,1,3,1,0,0,0
1756,9081014,30102,8,1,4,6,0,0,0
1757,9081062,30103,1,0,200352,1,0,0,0
1758,9081062,30103,2,0,200442,1,0,0,0
1759,9081062,30103,3,0,200472,1,0,0,0
1760,9081062,30103,4,0,200492,1,0,0,0
1761,9081062,30103,5,0,200512,1,0,0,0
1762,9081062,30103,6,0,201621,1,0,0,0
1763,9081062,30103,7,1,5,6,0,0,0
1764,9081062,30103,7,1,30,5,0,0,0
1765,9081047,30104,1,0,200032,1,0,0,0
1766,9081047,30104,2,0,200722,1,0,0,0
1767,9081047,30104,3,0,201112,1,0,0,0
1768,9081047,30104,4,0,201152,1,0,0,0
1769,9081047,30104,5,0,201532,1,0,0,0
1770,9081047,30104,6,0,201542,1,0,0,0
1771,9081047,30104,7,1,2,6,0,0,0
1772,9081047,30104,7,1,4,2,0,0,0
1773,9081063,30099,7,0,201692,1,0,0,0
1774,9081040,20049,1,0,200232,1,0,0,0
1775,9081040,20049,2,0,200302,1,0,0,0
1776,9081040,20049,3,0,200692,1,0,0,0
1777,9081040,20049,4,0,201611,1,0,0,0
1778,9081040,20049,5,0,201641,1,0,0,0
1779,9081040,20049,6,1,5,6,0,0,0
1780,9081040,20049,6,1,30,5,0,0,0
1781,9081018,30106,1,0,200931,1,0,0,0
1782,9081018,30106,2,0,200941,1,0,0,0
1783,9081018,30106,3,0,201382,1,0,0,0
1784,9081018,30106,4,0,201442,1,0,0,0
1785,9081018,30106,5,0,201692,1,0,0,0
1786,9081018,30106,6,0,202122,1,0,0,0
1787,9081018,30106,7,1,3,6,0,0,0
1788,9081018,30106,7,1,2,2,0,0,0
1789,9081001,30105,1,0,200012,1,0,0,0
1790,9081001,30105,2,0,200042,1,0,0,0
1791,9081001,30105,3,0,200142,1,0,0,0
1792,9081001,30105,4,0,200202,1,0,0,0
1793,9081001,30105,5,0,201172,1,0,0,0
1794,9081001,30105,6,0,201212,1,0,0,0
1795,9081001,30105,7,1,1,1,0,0,0
1796,9081001,30105,7,1,3,1,0,0,0
1797,9081001,30105,7,1,4,6,0,0,0
1798,9081073,10081,1,0,200302,1,0,0,0
1799,9081073,10081,2,0,200722,1,0,0,0
1800,9081073,10081,3,0,202032,1,0,0,0
1801,9081073,10081,4,0,202092,1,0,0,0
1802,9081073,10081,5,0,202152,1,0,0,0
1803,9081073,10081,6,1,1,1,0,0,0
1804,9081073,10081,6,1,3,1,0,0,0
1805,9081073,10081,6,1,4,6,0,0,0
1806,9081014,20033,1,0,200132,1,0,0,0
1807,9081014,20033,2,0,200582,1,0,0,0
1808,9081014,20033,3,0,200722,1,0,0,0
1809,9081014,20033,4,0,201312,1,0,0,0
1810,9081014,20033,5,0,201902,1,0,0,0
1811,9081014,20033,6,1,1,6,0,0,0
1812,9081014,20033,6,1,3,2,0,0,0
1813,9081004,30107,1,0,200182,1,0,0,0
1814,9081004,30107,2,0,200432,1,0,0,0
1815,9081004,30107,3,0,200532,1,0,0,0
1816,9081004,30107,4,0,201242,1,0,0,0
1817,9081004,30107,5,0,201252,1,0,0,0
1818,9081004,30107,6,0,201272,1,0,0,0
1819,9081004,30107,7,0,201571,1,0,0,0
1820,9081004,30107,8,0,201601,1,0,0,0
1821,9081004,30107,9,0,201651,1,0,0,0
1822,9081004,30107,10,0,201661,1,0,0,0
1824,9081004,30107,11,1,1,6,0,0,0
1825,9081004,30107,11,1,3,2,0,0,0
1826,9081049,30108,1,0,200162,1,0,0,0
1827,9081049,30108,2,0,200182,1,0,0,0
1828,9081049,30108,3,0,200302,1,0,0,0
1829,9081049,30108,4,0,200492,1,0,0,0
1830,9081049,30108,5,0,200602,1,0,0,0
1831,9081049,30108,6,0,200732,1,0,0,0
1832,9081049,30108,7,0,201382,1,0,0,0
1833,9081049,30108,8,0,201562,1,0,0,0
1834,9081049,30108,9,0,201571,1,0,0,0
1835,9081049,30108,10,0,201591,1,0,0,0
1836,9081049,30108,11,0,201702,1,0,0,0
1837,9081049,30108,12,0,202032,1,0,0,0
1838,9081049,30108,13,1,5,6,0,0,0
1839,9081049,30108,13,1,30,5,0,0,0
1840,9081069,30109,1,0,200182,1,0,0,0
1841,9081069,30109,2,0,201032,1,0,0,0
1842,9081069,30109,3,0,201052,1,0,0,0
1843,9081069,30109,4,0,201312,1,0,0,0
1844,9081069,30109,5,0,201322,1,0,0,0
1845,9081069,30109,6,0,201532,1,0,0,0
1846,9081069,30109,7,0,201902,1,0,0,0
1847,9081069,30109,8,1,1,1,0,0,0
1848,9081069,30109,8,1,3,1,0,0,0
1849,9081069,30109,8,1,4,6,0,0,0
1850,9081020,20050,1,0,200532,1,0,0,0
1851,9081020,20050,2,0,200542,1,0,0,0
1852,9081020,20050,3,0,200881,1,0,0,0
1853,9081020,20050,4,0,200811,1,0,0,0
1854,9081020,20050,5,0,201522,1,0,0,0
1855,9081020,20050,6,0,201601,1,0,0,0
1856,9081020,20050,7,1,5,6,0,0,0
1857,9081020,20050,7,1,30,5,0,0,0
1858,9081025,30110,1,0,200742,1,0,0,0
1859,9081025,30110,2,0,201172,1,0,0,0
1860,9081025,30110,3,0,201182,1,0,0,0
1861,9081025,30110,4,0,201202,1,0,0,0
1862,9081025,30110,5,0,201212,1,0,0,0
1863,9081025,30110,6,0,201222,1,0,0,0
1864,9081025,30110,7,0,201581,1,0,0,0
1865,9081025,30110,8,1,2,6,0,0,0
1866,9081025,30110,8,1,4,2,0,0,0
1867,9081032,30101,1,0,200722,1,0,0,0
1868,9081032,30101,2,0,201102,1,0,0,0
1869,9081032,30101,3,0,201112,1,0,0,0
1870,9081032,30101,4,0,201152,1,0,0,0
1871,9081032,30101,5,0,201322,1,0,0,0
1872,9081032,30101,6,0,201532,1,0,0,0
1873,9081032,30101,7,0,201902,1,0,0,0
1874,9081032,30101,9,1,1,6,0,0,0
1875,9081032,30101,9,1,3,2,0,0,0
1876,9081026,30121,1,0,200432,1,0,0,0
1877,9081026,30121,2,0,200452,1,0,0,0
1878,9081026,30121,3,0,200532,1,0,0,0
1879,9081026,30121,4,0,201272,1,0,0,0
1880,9081026,30121,5,0,201242,1,0,0,0
1881,9081026,30121,6,0,201252,1,0,0,0
1882,9081026,30121,7,1,1,6,0,0,0
1883,9081026,30121,7,1,3,2,0,0,0
1884,9081003,30111,1,0,200282,1,0,0,0
1885,9081003,30111,2,0,200332,1,0,0,0
1886,9081003,30111,3,0,200452,1,0,0,0
1887,9081003,30111,4,0,200492,1,0,0,0
1888,9081003,30111,5,0,200502,1,0,0,0
1889,9081003,30111,6,0,201142,1,0,0,0
1890,9081003,30111,7,0,201322,1,0,0,0
1891,9081003,30111,8,0,202132,1,0,0,0
1892,9081003,30111,9,1,5,6,0,0,0
1893,9081003,30111,9,1,30,5,0,0,0
1894,9081066,30112,1,0,200282,1,0,0,0
1895,9081066,30112,2,0,200292,1,0,0,0
1896,9081066,30112,3,0,200532,1,0,0,0
1897,9081066,30112,4,0,200542,1,0,0,0
1898,9081066,30112,5,0,201282,1,0,0,0
1899,9081066,30112,6,0,201272,1,0,0,0
1900,9081066,30112,7,0,202392,1,0,0,0
1901,9081066,30112,8,1,1,1,0,0,0
1902,9081066,30112,8,1,3,1,0,0,0
1903,9081066,30112,8,1,4,6,0,0,0
1904,9081023,30113,1,0,200052,1,0,0,0
1905,9081023,30113,2,0,200162,1,0,0,0
1906,9081023,30113,3,0,200262,1,0,0,0
1907,9081023,30113,4,0,200222,1,0,0,0
1908,9081023,30113,5,0,200562,1,0,0,0
1909,9081023,30113,6,0,201202,1,0,0,0
1910,9081023,30113,7,0,201312,1,0,0,0
1911,9081023,30113,8,0,201532,1,0,0,0
1912,9081023,30113,9,0,201611,1,0,0,0
1913,9081023,30113,10,0,201902,1,0,0,0
1914,9081023,30113,11,0,202192,1,0,0,0
1915,9081023,30113,12,1,2,6,0,0,0
1916,9081023,30113,12,1,4,2,0,0,0
1917,9081032,30101,8,0,202372,1,0,0,0
1918,9081085,10079,1,0,200602,1,0,0,0
1919,9081085,10079,2,0,200672,1,0,0,0
1920,9081085,10079,3,0,200831,1,0,0,0
1921,9081085,10079,4,0,200841,1,0,0,0
1922,9081085,10079,5,0,200851,1,0,0,0
1923,9081085,10079,6,0,201022,1,0,0,0
1924,9081085,10079,7,0,201092,1,0,0,0
1925,9081085,10079,8,0,201152,1,0,0,0
1926,9081085,10079,9,0,201382,1,0,0,0
1927,9081085,10079,10,0,201641,1,0,0,0
1928,9081085,10079,11,0,202122,1,0,0,0
1929,9081085,10079,12,1,3,6,0,0,0
1930,9081085,10079,12,1,2,2,0,0,0
1931,9081085,30114,1,0,200602,1,0,0,0
1932,9081085,30114,2,0,200672,1,0,0,0
1933,9081085,30114,3,0,200831,1,0,0,0
1934,9081085,30114,4,0,200841,1,0,0,0
1935,9081085,30114,5,0,200851,1,0,0,0
1936,9081085,30114,6,0,201022,1,0,0,0
1937,9081085,30114,7,0,201092,1,0,0,0
1938,9081085,30114,8,0,201152,1,0,0,0
1939,9081085,30114,9,0,201382,1,0,0,0
1940,9081085,30114,10,0,201641,1,0,0,0
1941,9081085,30114,11,0,202122,1,0,0,0
1942,9081085,30114,12,1,3,6,0,0,0
1943,9081085,30114,12,1,2,2,0,0,0
1944,9081093,10080,1,0,200702,1,0,0,0
1945,9081093,10080,2,0,200972,1,0,0,0
1946,9081093,10080,3,0,200992,1,0,0,0
1947,9081093,10080,4,0,201312,1,0,0,0
1948,9081093,10080,5,0,201532,1,0,0,0
1949,9081093,10080,6,0,202372,1,0,0,0
1950,9081093,10080,7,1,1,1,0,0,0
1951,9081093,10080,7,1,3,1,0,0,0
1952,9081093,10080,7,1,4,6,0,0,0
1953,9081093,20051,1,0,200702,1,0,0,0
1954,9081093,20051,2,0,200972,1,0,0,0
1955,9081093,20051,3,0,200992,1,0,0,0
1956,9081093,20051,4,0,201312,1,0,0,0
1957,9081093,20051,5,0,201532,1,0,0,0
1958,9081093,20051,6,0,202372,1,0,0,0
1959,9081093,20051,7,1,1,1,0,0,0
1960,9081093,20051,7,1,3,1,0,0,0
1961,9081093,20051,7,1,4,6,0,0,0
1962,9081064,30115,1,0,200532,1,0,0,0
1963,9081064,30115,2,0,200552,1,0,0,0
1964,9081064,30115,3,0,201192,1,0,0,0
1965,9081064,30115,4,0,201282,1,0,0,0
1966,9081064,30115,5,0,201522,1,0,0,0
1967,9081064,30115,6,0,201601,1,0,0,0
1968,9081064,30115,7,0,201631,1,0,0,0
1969,9081064,30115,8,0,201661,1,0,0,0
1970,9081064,30115,9,1,2,6,0,0,0
1971,9081064,30115,9,1,4,2,0,0,0
1972,9081065,30116,1,0,200152,1,0,0,0
1973,9081065,30116,2,0,200192,1,0,0,0
1974,9081065,30116,3,0,200212,1,0,0,0
1975,9081065,30116,4,0,201042,1,0,0,0
1976,9081065,30116,5,0,201052,1,0,0,0
1977,9081065,30116,6,0,201082,1,0,0,0
1978,9081065,30116,7,0,201631,1,0,0,0
1979,9081065,30116,8,0,201651,1,0,0,0
1980,9081043,30117,1,0,200582,1,0,0,0
1981,9081043,30117,2,0,200851,1,0,0,0
1982,9081043,30117,3,0,200282,1,0,0,0
1983,9081043,30117,4,0,200162,1,0,0,0
1984,9081043,30117,5,0,202282,1,0,0,0
1985,9081043,30117,6,0,202302,1,0,0,0
1986,9081043,30117,7,0,202312,1,0,0,0
1987,9081043,30117,8,0,202343,1,0,0,0
1988,9081043,30117,9,0,202362,1,0,0,0
1989,9081043,30117,10,1,1,1,0,0,0
1990,9081043,30117,10,1,3,1,0,0,0
1991,9081043,30117,10,1,4,6,0,0,0
1992,9081065,30116,9,0,202392,1,0,0,0
1993,9081065,30116,10,1,1,6,0,0,0
1994,9081065,30116,10,1,3,2,0,0,0
1995,9081084,10084,1,0,200152,1,0,0,0
1996,9081084,10084,2,0,200642,1,0,0,0
1997,9081084,10084,3,0,200702,1,0,0,0
1998,9081084,10084,4,0,201122,1,0,0,0
1999,9081084,10084,5,0,202082,1,0,0,0
2000,9081084,10084,6,0,202102,1,0,0,0
2001,9081084,10084,7,1,3,6,0,0,0
2002,9081084,10084,7,1,2,2,0,0,0
2003,9081084,30145,1,0,200152,1,0,0,0
2004,9081084,30145,2,0,200642,1,0,0,0
2005,9081084,30145,3,0,200702,1,0,0,0
2006,9081084,30145,4,0,201122,1,0,0,0
2007,9081084,30145,5,0,202082,1,0,0,0
2008,9081084,30145,6,0,202102,1,0,0,0
2009,9081084,30145,7,1,3,6,0,0,0
2010,9081084,30145,7,1,2,2,0,0,0
2011,9081083,30118,1,0,200352,1,0,0,0
2012,9081083,30118,2,0,200602,1,0,0,0
2013,9081083,30118,3,0,201172,1,0,0,0
2014,9081083,30118,4,0,201202,1,0,0,0
2015,9081083,30118,5,0,201392,1,0,0,0
2016,9081083,30118,6,0,201412,1,0,0,0
2017,9081083,30118,7,0,202122,1,0,0,0
2018,9081083,30118,8,0,202422,1,0,0,0
2019,9081083,30118,9,1,2,6,0,0,0
2020,9081083,10082,1,0,200352,1,0,0,0
2021,9081083,10082,2,0,200602,1,0,0,0
2022,9081083,10082,3,0,201172,1,0,0,0
2023,9081083,10082,4,0,201202,1,0,0,0
2024,9081083,10082,5,0,201392,1,0,0,0
2025,9081083,10082,6,0,201412,1,0,0,0
2026,9081083,10082,7,0,202122,1,0,0,0
2027,9081083,10082,8,0,202422,1,0,0,0
2028,9081083,10082,9,1,2,6,0,0,0
2029,9081073,20052,1,0,200302,1,0,0,0
2030,9081073,20052,2,0,200722,1,0,0,0
2031,9081073,20052,3,0,202032,1,0,0,0
2032,9081073,20052,4,0,202092,1,0,0,0
2033,9081073,20052,5,0,202152,1,0,0,0
2034,9081073,20052,6,1,1,1,0,0,0
2035,9081073,20052,6,1,3,1,0,0,0
2036,9081073,20052,6,1,4,6,0,0,0
2037,9081083,30118,9,1,4,2,0,0,0
2038,9081083,10082,9,1,4,2,0,0,0
2039,9081006,30146,1,0,200222,1,0,0,0
2040,9081006,30146,2,0,200332,1,0,0,0
2041,9081006,30146,3,0,200492,1,0,0,0
2042,9081006,30146,4,0,200572,1,0,0,0
2043,9081006,30146,5,0,200722,1,0,0,0
2044,9081006,30146,6,0,201312,1,0,0,0
2045,9081006,30146,7,0,201322,1,0,0,0
2046,9081006,30146,8,0,201342,1,0,0,0
2047,9081006,30146,9,0,201352,1,0,0,0
2048,9081006,30146,10,0,201702,1,0,0,0
2049,9081006,30146,11,0,201902,1,0,0,0
2050,9081006,30146,12,0,202432,1,0,0,0
2051,9081006,30146,13,1,5,6,0,0,0
2052,9081006,30146,13,1,30,5,0,0,0
2053,9081072,30120,1,0,200462,1,0,0,0
2054,9081072,30120,2,0,200512,1,0,0,0
2055,9081072,30120,3,0,200582,1,0,0,0
2056,9081072,30120,4,0,200722,1,0,0,0
2057,9081072,30120,5,0,201102,1,0,0,0
2058,9081072,30120,6,0,201112,1,0,0,0
2059,9081072,30120,7,0,201611,1,0,0,0
2060,9081072,30120,8,1,1,1,0,0,0
2061,9081072,30120,8,1,3,1,0,0,0
2062,9081072,30120,8,1,4,6,0,0,0
2063,9081071,30119,1,0,200022,1,0,0,0
2064,9081071,30119,2,0,200572,1,0,0,0
2065,9081071,30119,3,0,201142,1,0,0,0
2066,9081071,30119,4,0,201322,1,0,0,0
2067,9081071,30119,5,0,201532,1,0,0,0
2068,9081071,30119,6,1,1,6,0,0,0
2069,9081071,30119,6,1,3,2,0,0,0
2070,9081037,30122,1,0,200132,1,0,0,0
2071,9081037,30122,2,0,201142,1,0,0,0
2072,9081037,30122,3,0,201382,1,0,0,0
2073,9081037,30122,4,0,201392,1,0,0,0
2074,9081037,30122,5,0,201402,1,0,0,0
2075,9081037,30122,6,0,201542,1,0,0,0
2076,9081037,30122,7,0,202082,1,0,0,0
2077,9081037,30122,8,1,1,6,0,0,0
2078,9081037,30122,8,1,3,2,0,0,0
2079,9081077,20053,1,0,200012,1,0,0,0
2080,9081077,20053,2,0,200142,1,0,0,0
2081,9081077,20053,3,0,200152,1,0,0,0
2082,9081077,20053,4,0,200572,1,0,0,0
2083,9081077,20053,5,0,200582,1,0,0,0
2084,9081077,20053,6,1,3,6,0,0,0
2085,9081077,20053,6,1,2,2,0,0,0
2086,9081016,30123,1,0,200012,1,0,0,0
2087,9081016,30123,2,0,200152,1,0,0,0
2088,9081016,30123,3,0,200202,1,0,0,0
2089,9081016,30123,4,0,200572,1,0,0,0
2090,9081016,30123,5,0,200612,1,0,0,0
2091,9081016,30123,6,0,201172,1,0,0,0
2092,9081016,30123,7,0,202192,1,0,0,0
2093,9081016,30123,8,0,202432,1,0,0,0
2094,9081016,30123,9,0,202472,1,0,0,0
2095,9081016,30123,10,0,202482,1,0,0,0
2096,9081016,30123,11,1,2,2,0,0,0
2097,9081016,30123,11,1,3,6,0,0,0
2098,9081018,30124,1,0,200132,1,0,0,0
2099,9081018,30124,2,0,200202,1,0,0,0
2100,9081018,30124,3,0,200592,1,0,0,0
2101,9081018,30124,4,0,200702,1,0,0,0
2103,9081018,30124,5,0,201382,1,0,0,0
2105,9081018,30124,6,0,201542,1,0,0,0
2106,9081018,30124,7,0,201692,1,0,0,0
2107,9081018,30124,8,0,202122,1,0,0,0
2108,9081018,30124,9,1,5,6,0,0,0
2109,9081018,30124,9,1,30,5,0,0,0
2110,9081076,30125,1,0,200172,1,0,0,0
2111,9081076,30125,2,0,200202,1,0,0,0
2112,9081076,30125,3,0,200212,1,0,0,0
2113,9081076,30125,4,0,200742,1,0,0,0
2114,9081076,30125,5,0,201182,1,0,0,0
2115,9081076,30125,6,0,201222,1,0,0,0
2116,9081076,30125,7,0,201422,1,0,0,0
2117,9081076,30125,8,0,202072,1,0,0,0
2118,9081076,30125,9,0,202422,1,0,0,0
2119,9081076,30125,10,1,2,6,0,0,0
2120,9081076,30125,10,1,4,2,0,0,0
2121,9081076,10085,1,0,200172,1,0,0,0
2122,9081076,10085,2,0,200202,1,0,0,0
2123,9081076,10085,3,0,200212,1,0,0,0
2124,9081076,10085,4,0,200742,1,0,0,0
2125,9081076,10085,5,0,201182,1,0,0,0
2126,9081076,10085,6,0,201222,1,0,0,0
2127,9081076,10085,7,0,201422,1,0,0,0
2128,9081076,10085,8,0,202072,1,0,0,0
2129,9081076,10085,9,0,202422,1,0,0,0
2130,9081076,10085,10,1,2,6,0,0,0
2131,9081076,10085,10,1,4,2,0,0,0
2132,9081015,20054,1,0,200142,1,0,0,0
2133,9081015,20054,2,0,200352,1,0,0,0
2134,9081015,20054,3,0,200362,1,0,0,0
2135,9081015,20054,4,0,200562,1,0,0,0
2136,9081015,20054,5,0,200582,1,0,0,0
2137,9081015,20054,6,0,200722,1,0,0,0
2138,9081015,20054,7,0,201182,1,0,0,0
2139,9081015,20054,8,0,201902,1,0,0,0
2140,9081015,20054,9,0,202012,1,0,0,0
2141,9081015,20054,10,1,2,6,0,0,0
2142,9081015,20054,10,1,4,2,0,0,0
2143,9081078,30126,1,0,200192,1,0,0,0
2144,9081078,30126,2,0,200302,1,0,0,0
2145,9081078,30126,3,0,200342,1,0,0,0
2146,9081078,30126,4,0,201042,1,0,0,0
2147,9081078,30126,5,0,201052,1,0,0,0
2148,9081078,30126,6,0,201072,1,0,0,0
2149,9081078,30126,7,0,201112,1,0,0,0
2150,9081078,30126,8,0,201532,1,0,0,0
2151,9081078,30126,9,0,202412,1,0,0,0
2152,9081078,30126,10,1,1,1,0,0,0
2153,9081078,30126,10,1,3,1,0,0,0
2154,9081078,30126,10,1,4,6,0,0,0
2155,9081078,10086,1,0,200192,1,0,0,0
2156,9081078,10086,2,0,200302,1,0,0,0
2157,9081078,10086,3,0,200342,1,0,0,0
2158,9081078,10086,4,0,201042,1,0,0,0
2159,9081078,10086,5,0,201052,1,0,0,0
2160,9081078,10086,6,0,201072,1,0,0,0
2161,9081078,10086,7,0,201112,1,0,0,0
2162,9081078,10086,8,0,201532,1,0,0,0
2163,9081078,10086,9,0,202412,1,0,0,0
2164,9081078,10086,10,1,1,1,0,0,0
2165,9081078,10086,10,1,3,1,0,0,0
2166,9081078,10086,10,1,4,6,0,0,0
2167,9081001,30127,1,0,200022,1,0,0,0
2168,9081001,30127,2,0,200132,1,0,0,0
2169,9081001,30127,3,0,200492,1,0,0,0
2170,9081001,30127,4,0,200512,1,0,0,0
2171,9081001,30127,5,0,200722,1,0,0,0
2172,9081001,30127,6,0,200762,1,0,0,0
2173,9081001,30127,7,0,201142,1,0,0,0
2174,9081001,30127,8,0,201702,1,0,0,0
2175,9081001,30127,9,0,202012,1,0,0,0
2176,9081001,30127,10,0,202092,1,0,0,0
2177,9081044,30128,1,0,200781,1,0,0,0
2178,9081044,30128,2,0,201162,1,0,0,0
2179,9081044,30128,3,0,201452,1,0,0,0
2180,9081044,30128,4,0,201472,1,0,0,0
2181,9081044,30128,5,0,201482,1,0,0,0
2182,9081044,30128,6,0,201651,1,0,0,0
2183,9081044,30128,7,0,202382,1,0,0,0
2184,9081044,30128,8,0,202492,1,0,0,0
2185,9081044,30128,9,1,5,6,0,0,0
2186,9081044,30128,9,1,30,5,0,0,0
2188,9081011,30129,1,0,200202,1,0,0,0
2189,9081011,30129,2,0,200222,1,0,0,0
2190,9081011,30129,3,0,201182,1,0,0,0
2191,9081011,30129,4,0,201222,1,0,0,0
2192,9081011,30129,5,0,202192,1,0,0,0
2193,9081011,30129,6,1,2,2,0,0,0
2194,9081011,30129,6,1,3,6,0,0,0
2195,9081001,30127,11,1,2,6,0,0,0
2196,9081001,30127,11,1,4,2,0,0,0
2197,9081087,10087,1,0,200162,1,0,0,0
2198,9081087,10087,2,0,200532,1,0,0,0
2199,9081087,10087,3,0,200962,1,0,0,0
2200,9081087,10087,4,0,201022,1,0,0,0
2201,9081087,10087,5,0,201262,1,0,0,0
2202,9081087,10087,6,0,201302,1,0,0,0
2203,9081087,10087,7,0,201601,1,0,0,0
2204,9081087,10087,8,1,1,6,0,0,0
2205,9081087,10087,8,1,3,2,0,0,0
2206,9081087,20055,1,0,200162,1,0,0,0
2207,9081087,20055,2,0,200532,1,0,0,0
2208,9081087,20055,3,0,200962,1,0,0,0
2209,9081087,20055,4,0,201022,1,0,0,0
2210,9081087,20055,5,0,201262,1,0,0,0
2211,9081087,20055,6,0,201302,1,0,0,0
2212,9081087,20055,7,0,201601,1,0,0,0
2213,9081087,20055,8,1,1,6,0,0,0
2214,9081087,20055,8,1,3,2,0,0,0
2215,9081093,30130,1,0,200702,1,0,0,0
2216,9081093,30130,2,0,200972,1,0,0,0
2217,9081093,30130,3,0,200992,1,0,0,0
2218,9081093,30130,4,0,201312,1,0,0,0
2219,9081093,30130,5,0,201532,1,0,0,0
2220,9081093,30130,6,0,202372,1,0,0,0
2221,9081093,30130,7,1,1,1,0,0,0
2222,9081093,30130,7,1,3,1,0,0,0
2223,9081093,30130,7,1,4,6,0,0,0
2224,9081055,30131,1,0,200472,1,0,0,0
2226,9081055,30131,2,0,201172,1,0,0,0
2228,9081055,30131,3,0,201222,1,0,0,0
2229,9081055,30131,4,0,201611,1,0,0,0
2230,9081055,30131,5,0,201702,1,0,0,0
2233,9081054,30132,1,0,200232,1,0,0,0
2234,9081054,30132,2,0,200492,1,0,0,0
2235,9081054,30132,3,0,200592,1,0,0,0
2236,9081054,30132,4,0,200652,1,0,0,0
2237,9081054,30132,5,0,201392,1,0,0,0
2238,9081054,30132,6,0,202122,1,0,0,0
2241,9081028,30133,1,0,200212,1,0,0,0
2242,9081028,30133,2,0,200552,1,0,0,0
2243,9081028,30133,3,0,200972,1,0,0,0
2244,9081028,30133,4,0,200992,1,0,0,0
2245,9081028,30133,5,0,201002,1,0,0,0
2246,9081028,30133,6,0,201352,1,0,0,0
2247,9081028,30133,7,1,5,6,0,0,0
2248,9081028,30133,7,1,30,5,0,0,0
2249,9081055,30131,6,0,202082,1,0,0,0
2250,9081055,30131,7,0,202102,1,0,0,0
2251,9081055,30131,8,0,202422,1,0,0,0
2252,9081055,30131,9,1,1,6,0,0,0
2253,9081055,30131,9,1,3,2,0,0,0
2254,9081054,30132,7,0,202402,1,0,0,0
2255,9081054,30132,8,1,2,2,0,0,0
2256,9081054,30132,8,1,3,6,0,0,0
2257,9081052,30098,1,1,2,4,90815201,830098,100
2258,9081052,30098,1,1,3,12,90815202,830098,100
2259,9081052,30098,1,1,30,2,90815203,830098,100
2260,9081086,30134,1,0,200362,1,0,0,0
2261,9081086,30134,2,0,200432,1,0,0,0
2262,9081086,30134,3,0,201032,1,0,0,0
2263,9081086,30134,4,0,201042,1,0,0,0
2264,9081086,30134,5,0,201052,1,0,0,0
2265,9081086,30134,6,0,201102,1,0,0,0
2266,9081086,30134,7,0,201702,1,0,0,0
2267,9081086,30134,8,0,202432,1,0,0,0
2268,9081086,30134,9,0,202532,1,0,0,0
2269,9081086,30134,10,1,5,6,0,0,0
2270,9081086,30134,10,1,30,5,0,0,0
2271,9081086,10088,1,0,200362,1,0,0,0
2272,9081086,10088,2,0,200432,1,0,0,0
2273,9081086,10088,3,0,201032,1,0,0,0
2274,9081086,10088,4,0,201052,1,0,0,0
2275,9081086,10088,5,0,201042,1,0,0,0
2276,9081086,10088,6,0,201102,1,0,0,0
2277,9081086,10088,7,0,201702,1,0,0,0
2278,9081086,10088,8,0,202432,1,0,0,0
2279,9081086,10088,9,0,202532,1,0,0,0
2280,9081086,10088,10,1,5,6,0,0,0
2281,9081086,10088,10,1,30,5,0,0,0
2282,9081094,20056,1,0,201392,1,0,0,0
2283,9081094,20056,2,0,201462,1,0,0,0
2284,9081094,20056,3,0,202022,1,0,0,0
2285,9081094,20056,4,0,202082,1,0,0,0
2286,9081094,20056,5,0,202122,1,0,0,0
2287,9081094,20056,6,0,202452,1,0,0,0
2288,9081094,20056,7,0,202492,1,0,0,0
2289,9081094,20056,8,1,1,6,0,0,0
2290,9081094,10089,1,0,201392,1,0,0,0
2291,9081094,10089,2,0,201462,1,0,0,0
2292,9081094,10089,3,0,202022,1,0,0,0
2293,9081094,10089,4,0,202082,1,0,0,0
2294,9081094,10089,5,0,202122,1,0,0,0
2295,9081094,10089,6,0,202452,1,0,0,0
2296,9081094,10089,7,0,202492,1,0,0,0
2297,9081094,10089,8,1,1,6,0,0,0
2298,9081059,20057,1,0,200012,1,0,0,0
2299,9081059,20057,2,0,200142,1,0,0,0
2300,9081059,20057,3,0,201112,1,0,0,0
2301,9081059,20057,4,0,201132,1,0,0,0
2302,9081059,20057,5,0,201152,1,0,0,0
2303,9081059,20057,6,0,202082,1,0,0,0
2304,9081059,20057,7,1,1,1,0,0,0
2305,9081059,20057,7,1,3,1,0,0,0
2306,9081059,20057,7,1,4,6,0,0,0
2307,9081017,20058,1,0,200831,1,0,0,0
2308,9081017,20058,2,0,200861,1,0,0,0
2309,9081017,20058,3,0,200891,1,0,0,0
2310,9081017,20058,4,0,200921,1,0,0,0
2311,9081017,20058,5,0,201172,1,0,0,0
2312,9081017,20058,6,0,201182,1,0,0,0
2313,9081017,20058,7,0,202012,1,0,0,0
2314,9081017,20058,8,0,202422,1,0,0,0
2315,9081017,20058,9,1,2,6,0,0,0
2316,9081017,20058,9,1,4,2,0,0,0
2317,9081032,20059,1,0,200012,1,0,0,0
2318,9081032,20059,2,0,200042,1,0,0,0
2319,9081032,20059,3,0,200722,1,0,0,0
2320,9081032,20059,4,0,201102,1,0,0,0
2321,9081032,20059,5,0,201152,1,0,0,0
2322,9081032,20059,6,0,201532,1,0,0,0
2323,9081032,20059,7,0,201902,1,0,0,0
2324,9081032,20059,8,0,202032,1,0,0,0
2325,9081032,20059,9,0,202372,1,0,0,0
2326,9081032,20059,10,1,2,2,0,0,0
2327,9081032,20059,10,1,3,6,0,0,0
2328,9081104,30135,1,0,200032,1,0,0,0
2329,9081104,30135,2,0,200542,1,0,0,0
2330,9081104,30135,3,0,200732,1,0,0,0
2331,9081104,30135,4,0,201102,1,0,0,0
2332,9081104,30135,5,0,201252,1,0,0,0
2333,9081104,30135,6,0,201272,1,0,0,0
2334,9081104,30135,7,0,202412,1,0,0,0
2335,9081104,30135,8,0,202432,1,0,0,0
2336,9081104,30135,9,0,202462,1,0,0,0
2337,9081104,10091,1,0,200032,1,0,0,0
2338,9081104,10091,2,0,200542,1,0,0,0
2339,9081104,10091,3,0,200732,1,0,0,0
2340,9081104,10091,4,0,201102,1,0,0,0
2341,9081104,10091,5,0,201252,1,0,0,0
2342,9081104,10091,6,0,201272,1,0,0,0
2343,9081104,10091,7,0,202412,1,0,0,0
2344,9081104,10091,8,0,202432,1,0,0,0
2345,9081104,10091,9,0,202462,1,0,0,0
2346,9081083,30136,1,0,201112,1,0,0,0
2347,9081083,30136,2,0,201392,1,0,0,0
2348,9081083,30136,3,0,201412,1,0,0,0
2349,9081083,30136,4,0,201702,1,0,0,0
2350,9081083,30136,5,0,202092,1,0,0,0
2351,9081083,30136,6,0,202122,1,0,0,0
2352,9081083,30136,7,1,1,1,0,0,0
2353,9081083,30136,7,1,3,1,0,0,0
2354,9081083,30136,7,1,4,6,0,0,0
2355,9081094,20056,8,1,3,2,0,0,0
2356,9081104,30135,10,1,1,6,0,0,0
2357,9081104,30135,10,1,3,2,0,0,0
2358,9081104,10091,10,1,1,6,0,0,0
2359,9081104,10091,10,1,3,2,0,0,0
2360,9081094,10089,8,1,3,2,0,0,0
2361,9081028,20060,1,0,200212,1,0,0,0
2362,9081028,20060,2,0,200342,1,0,0,0
2363,9081028,20060,3,0,200652,1,0,0,0
2364,9081028,20060,4,0,200972,1,0,0,0
2365,9081028,20060,5,0,200992,1,0,0,0
2366,9081028,20060,6,0,201002,1,0,0,0
2367,9081028,20060,7,0,202412,1,0,0,0
2368,9081028,20060,8,1,2,2,0,0,0
2369,9081028,20060,8,1,3,6,0,0,0
2370,9081060,30138,1,0,200122,1,0,0,0
2371,9081060,30138,2,0,200332,1,0,0,0
2372,9081060,30138,3,0,200362,1,0,0,0
2373,9081060,30138,4,0,200442,1,0,0,0
2374,9081060,30138,5,0,200512,1,0,0,0
2375,9081060,30138,6,0,200602,1,0,0,0
2376,9081060,30138,7,0,201591,1,0,0,0
2377,9081060,30138,8,0,201651,1,0,0,0
2378,9081060,30138,9,1,2,2,0,0,0
2379,9081060,30138,9,1,3,6,0,0,0
2380,9081013,30139,1,0,200062,1,0,0,0
2381,9081013,30139,2,0,200162,1,0,0,0
2382,9081013,30139,3,0,200352,1,0,0,0
2383,9081013,30139,4,0,200382,1,0,0,0
2384,9081013,30139,5,0,200762,1,0,0,0
2385,9081013,30139,6,0,201172,1,0,0,0
2386,9081013,30139,7,0,201182,1,0,0,0
2387,9081013,30139,8,0,202012,1,0,0,0
2388,9081013,30139,9,0,202582,1,0,0,0
2390,9081013,30139,10,1,2,6,0,0,0
2391,9081013,30139,10,1,4,2,0,0,0
2392,9081003,30140,1,0,200452,1,0,0,0
2393,9081003,30140,2,0,200492,1,0,0,0
2394,9081003,30140,3,0,200502,1,0,0,0
2395,9081003,30140,4,0,201132,1,0,0,0
2396,9081003,30140,5,0,201142,1,0,0,0
2397,9081003,30140,6,0,201332,1,0,0,0
2398,9081003,30140,7,0,202432,1,0,0,0
2399,9081003,30140,8,1,1,6,0,0,0
2400,9081003,30140,8,1,3,2,0,0,0
2401,9081017,30037,1,0,200012,1,0,0,0
2402,9081017,30037,2,0,200042,1,0,0,0
2403,9081017,30037,3,0,200352,1,0,0,0
2404,9081017,30037,4,0,200712,1,0,0,0
2405,9081017,30037,5,0,201112,1,0,0,0
2406,9081017,30037,6,0,201152,1,0,0,0
2407,9081017,30037,7,0,202092,1,0,0,0
2408,9081017,30037,8,0,202102,1,0,0,0
2409,9081017,30037,9,0,202412,1,0,0,0
2410,9081017,30037,10,0,202432,1,0,0,0
2411,9081017,30037,11,0,202472,1,0,0,0
2412,9081017,30037,12,0,202522,1,0,0,0
2413,9081017,30037,13,1,1,1,0,0,0
2414,9081017,30037,13,1,3,1,0,0,0
2415,9081007,20061,1,0,200622,1,0,0,0
2416,9081007,20061,2,0,200642,1,0,0,0
2417,9081007,20061,3,0,200752,1,0,0,0
2418,9081007,20061,4,0,200791,1,0,0,0
2419,9081007,20061,5,0,200801,1,0,0,0
2420,9081007,20061,6,0,200811,1,0,0,0
2421,9081007,20061,7,0,200821,1,0,0,0
2422,9081007,20061,8,0,201202,1,0,0,0
2423,9081007,20061,9,0,201212,1,0,0,0
2424,9081007,20061,10,0,201222,1,0,0,0
2425,9081007,20061,11,0,201232,1,0,0,0
2426,9081007,20061,12,0,201452,1,0,0,0
2427,9081007,20061,13,0,201462,1,0,0,0
2428,9081007,20061,14,0,201472,1,0,0,0
2429,9081007,20061,15,0,201482,1,0,0,0
2430,9081007,20061,16,0,201502,1,0,0,0
2431,9081007,20061,17,0,201512,1,0,0,0
2432,9081007,20061,18,0,201552,1,0,0,0
2433,9081007,20061,19,0,201591,1,0,0,0
2434,9081007,20061,20,0,201631,1,0,0,0
2435,9081007,20061,21,0,202022,1,0,0,0
2436,9081007,20061,22,0,202032,1,0,0,0
2437,9081007,20061,23,0,202382,1,0,0,0
2438,9081007,20061,24,0,202492,1,0,0,0
2439,9081007,20061,25,1,2,6,0,0,0
2440,9081007,20061,25,1,4,2,0,0,0
2441,9081017,30037,13,1,4,6,0,0,0
2442,9081026,30141,1,0,200022,1,0,0,0
2443,9081026,30141,2,0,200152,1,0,0,0
2444,9081026,30141,3,0,200162,1,0,0,0
2445,9081026,30141,4,0,200532,1,0,0,0
2446,9081026,30141,5,0,200542,1,0,0,0
2447,9081026,30141,6,0,200552,1,0,0,0
2448,9081026,30141,7,0,201292,1,0,0,0
2449,9081026,30141,8,0,201581,1,0,0,0
2450,9081026,30141,9,0,201601,1,0,0,0
2452,9081026,30141,10,1,5,6,0,0,0
2453,9081026,30141,10,1,30,5,0,0,0
2454,9081076,30142,1,0,200172,1,0,0,0
2455,9081076,30142,2,0,200352,1,0,0,0
2456,9081076,30142,3,0,200382,1,0,0,0
2457,9081076,30142,4,0,201222,1,0,0,0
2458,9081076,30142,5,0,202072,1,0,0,0
2459,9081076,30142,6,0,202592,1,0,0,0
2460,9081076,30142,7,0,202612,1,0,0,0
2461,9081076,30142,9,1,2,6,0,0,0
2462,9081076,30142,9,1,4,2,0,0,0
2463,9081063,30143,1,0,200482,1,0,0,0
2465,9081063,30143,2,0,200592,1,0,0,0
2466,9081063,30143,3,0,201382,1,0,0,0
2467,9081063,30143,4,0,201442,1,0,0,0
2468,9081063,30143,5,0,201542,1,0,0,0
2469,9081063,30143,6,1,2,2,0,0,0
2470,9081063,30143,6,1,3,6,0,0,0
2471,9081076,30142,8,0,202622,1,0,0,0
2472,9081094,30147,1,0,200332,1,0,0,0
2473,9081094,30147,2,0,200602,1,0,0,0
2474,9081094,30147,3,0,201102,1,0,0,0
2476,9081094,30147,4,0,201112,1,0,0,0
2478,9081094,30147,5,0,202082,1,0,0,0
2479,9081094,30147,6,0,202492,1,0,0,0
2480,9081094,30147,7,0,202662,1,0,0,0
2481,9081094,30147,8,1,1,6,0,0,0
2482,9081094,30147,8,1,3,2,0,0,0
2483,9081004,20062,1,0,200042,1,0,0,0
2484,9081004,20062,2,0,200532,1,0,0,0
2485,9081004,20062,3,0,200552,1,0,0,0
2486,9081004,20062,4,0,200682,1,0,0,0
2487,9081004,20062,5,0,201062,1,0,0,0
2488,9081004,20062,6,0,201082,1,0,0,0
2489,9081004,20062,7,0,202532,1,0,0,0
2490,9081004,20062,8,1,5,6,0,0,0
2491,9081004,20062,8,1,30,5,0,0,0
2493,9081009,30148,1,0,200432,1,0,0,0
2494,9081009,30148,2,0,200712,1,0,0,0
2495,9081009,30148,3,0,200722,1,0,0,0
2496,9081009,30148,4,0,200732,1,0,0,0
2497,9081009,30148,5,0,201102,1,0,0,0
2498,9081009,30148,6,0,201262,1,0,0,0
2499,9081009,30148,7,0,201272,1,0,0,0
2500,9081009,30148,8,0,201522,1,0,0,0
2501,9081009,30148,9,0,202132,1,0,0,0
2502,9081009,30148,10,0,202462,1,0,0,0
2503,9081009,30148,11,1,1,1,0,0,0
2504,9081009,30148,11,1,3,1,0,0,0
2505,9081009,30148,11,1,4,6,0,0,0
2506,9081087,30149,1,0,200432,1,0,0,0
2507,9081087,30149,2,0,200532,1,0,0,0
2508,9081087,30149,3,0,200652,1,0,0,0
2509,9081087,30149,4,0,200962,1,0,0,0
2510,9081087,30149,5,0,200972,1,0,0,0
2511,9081087,30149,6,0,201002,1,0,0,0
2512,9081087,30149,7,0,201522,1,0,0,0
2513,9081087,30149,8,1,5,6,0,0,0
2514,9081087,30149,8,1,30,5,0,0,0
2517,9081008,30150,1,0,200032,1,0,0,0
2518,9081008,30150,2,0,200382,1,0,0,0
2519,9081008,30150,3,0,200592,1,0,0,0
2520,9081008,30150,4,0,201062,1,0,0,0
2521,9081008,30150,5,0,202082,1,0,0,0
2522,9081008,30150,6,0,202152,1,0,0,0
2523,9081008,30150,7,1,2,6,0,0,0
2524,9081008,30150,7,1,4,2,0,0,0
2525,9081015,30152,1,0,200042,1,0,0,0
2526,9081015,30152,2,0,200362,1,0,0,0
2527,9081015,30152,3,0,200382,1,0,0,0
2528,9081015,30152,4,0,200752,1,0,0,0
2529,9081015,30152,5,0,201172,1,0,0,0
2530,9081015,30152,6,0,201182,1,0,0,0
2531,9081015,30152,7,0,202012,1,0,0,0
2532,9081015,30152,8,0,202482,1,0,0,0
2533,9081015,30152,9,0,202562,1,0,0,0
2534,9081015,30152,10,1,5,6,0,0,0
2540,9081002,20063,1,0,200022,1,0,0,0
2541,9081002,20063,2,0,200152,1,0,0,0
2542,9081002,20063,3,0,200212,1,0,0,0
2543,9081002,20063,4,0,200542,1,0,0,0
2544,9081002,20063,5,0,201242,1,0,0,0
2545,9081002,20063,6,0,201302,1,0,0,0
2546,9081002,20063,7,0,201621,1,0,0,0
2547,9081002,20063,8,0,202502,1,0,0,0
2548,9081002,20063,9,1,1,6,0,0,0
2549,9081002,20063,9,1,3,2,0,0,0
2550,9081024,30151,1,0,200462,1,0,0,0
2551,9081024,30151,2,0,200492,1,0,0,0
2552,9081024,30151,3,0,200572,1,0,0,0
2553,9081024,30151,4,0,201142,1,0,0,0
2554,9081024,30151,5,0,201312,1,0,0,0
2555,9081024,30151,6,0,201902,1,0,0,0
2556,9081024,30151,7,0,202432,1,0,0,0
2557,9081024,30151,8,1,2,2,0,0,0
2558,9081024,30151,8,1,3,6,0,0,0
2559,9081098,20064,1,0,200952,1,0,0,0
2560,9081098,20064,2,0,201532,1,0,0,0
2561,9081098,20064,3,0,201672,1,0,0,0
2562,9081098,20064,4,0,201682,1,0,0,0
2563,9081098,20064,5,0,202212,1,0,0,0
2564,9081098,20064,6,0,202222,1,0,0,0
2565,9081098,20064,7,0,202252,1,0,0,0
2566,9081098,20064,8,0,202302,1,0,0,0
2567,9081098,20064,9,1,1,1,0,0,0
2568,9081098,20064,9,1,3,1,0,0,0
2569,9081098,20064,9,1,4,6,0,0,0
2570,9081098,10092,1,0,200952,1,0,0,0
2571,9081098,10092,2,0,201532,1,0,0,0
2572,9081098,10092,3,0,201672,1,0,0,0
2573,9081098,10092,4,0,201682,1,0,0,0
2574,9081098,10092,5,0,202212,1,0,0,0
2575,9081098,10092,6,0,202222,1,0,0,0
2576,9081098,10092,7,0,202252,1,0,0,0
2577,9081098,10092,8,0,202302,1,0,0,0
2578,9081098,10092,9,1,1,1,0,0,0
2579,9081098,10092,9,1,3,1,0,0,0
2580,9081098,10092,9,1,4,6,0,0,0
2581,9081015,30152,10,1,30,5,0,0,0
2582,9081040,30153,1,0,201042,1,0,0,0
2583,9081040,30153,2,0,201072,1,0,0,0
2584,9081040,30153,3,0,201092,1,0,0,0
2585,9081040,30153,4,0,201611,1,0,0,0
2586,9081040,30153,5,0,202402,1,0,0,0
2587,9081040,30153,6,0,202502,1,0,0,0
2588,9081040,30153,7,0,202672,1,0,0,0
2589,9081040,30153,8,1,1,1,0,0,0
2590,9081040,30153,8,1,3,1,0,0,0
2591,9081040,30153,8,1,4,6,0,0,0
2592,9081064,30154,1,0,200332,1,0,0,0
2593,9081064,30154,2,0,200742,1,0,0,0
2594,9081064,30154,3,0,201172,1,0,0,0
2595,9081064,30154,4,0,201182,1,0,0,0
2596,9081064,30154,5,0,201242,1,0,0,0
2597,9081064,30154,6,0,201282,1,0,0,0
2598,9081064,30154,7,0,201601,1,0,0,0
2599,9081064,30154,8,0,201661,1,0,0,0
2600,9081064,30154,9,0,202392,1,0,0,0
2601,9081064,30154,10,0,202682,1,0,0,0
2602,9081064,30154,11,1,1,6,0,0,0
2603,9081064,30154,11,1,3,2,0,0,0
2604,9081065,30155,1,0,200152,1,0,0,0
2605,9081065,30155,2,0,200182,1,0,0,0
2606,9081065,30155,3,0,200212,1,0,0,0
2607,9081065,30155,4,0,200972,1,0,0,0
2608,9081065,30155,5,0,201042,1,0,0,0
2609,9081065,30155,6,0,201372,1,0,0,0
2610,9081065,30155,7,0,201651,1,0,0,0
2611,9081065,30155,8,0,202042,1,0,0,0
2612,9081065,30155,9,1,5,6,0,0,0
2613,9081065,30155,9,1,30,5,0,0,0
2614,9081100,30156,1,0,201072,1,0,0,0
2615,9081100,30156,2,0,201672,1,0,0,0
2616,9081100,30156,3,0,201682,1,0,0,0
2617,9081100,30156,4,0,202212,1,0,0,0
2618,9081100,30156,5,0,202232,1,0,0,0
2619,9081100,30156,6,0,202282,1,0,0,0
2620,9081100,30156,7,0,202302,1,0,0,0
2621,9081100,30156,8,0,202343,1,0,0,0
2622,9081100,30156,9,0,202362,1,0,0,0
2623,9081100,30156,10,1,2,2,0,0,0
2624,9081100,30156,10,1,3,6,0,0,0
2625,9081011,20065,1,0,200592,1,0,0,0
2626,9081011,20065,2,0,200612,1,0,0,0
2627,9081011,20065,3,0,201042,1,0,0,0
2628,9081011,20065,4,0,201072,1,0,0,0
2629,9081011,20065,5,0,201412,1,0,0,0
2630,9081011,20065,6,0,201442,1,0,0,0
2631,9081011,20065,7,1,2,2,0,0,0
2632,9081011,20065,7,1,3,6,0,0,0
2633,9081100,10093,1,0,201072,1,0,0,0
2635,9081100,10093,2,0,201672,1,0,0,0
2636,9081100,10093,3,0,201682,1,0,0,0
2637,9081100,10093,4,0,202212,1,0,0,0
2638,9081100,10093,5,0,202232,1,0,0,0
2639,9081100,10093,6,0,202282,1,0,0,0
2640,9081100,10093,7,0,202302,1,0,0,0
2641,9081100,10093,8,0,202343,1,0,0,0
2642,9081100,10093,9,0,202362,1,0,0,0
2643,9081100,10093,10,1,2,2,0,0,0
2644,9081100,10093,10,1,3,6,0,0,0
2645,9081025,30157,1,0,200742,1,0,0,0
2646,9081025,30157,2,0,201172,1,0,0,0
2647,9081025,30157,3,0,202072,1,0,0,0
2648,9081025,30157,4,0,202422,1,0,0,0
2649,9081025,30157,5,0,202522,1,0,0,0
2650,9081025,30157,6,0,202562,1,0,0,0
2651,9081025,30157,7,0,202592,1,0,0,0
2652,9081025,30157,8,1,5,6,0,0,0
2653,9081025,30157,8,1,30,5,0,0,0
2654,9081094,30158,1,0,200592,1,0,0,0
2655,9081094,30158,2,0,200602,1,0,0,0
2656,9081094,30158,3,0,201102,1,0,0,0
2657,9081094,30158,4,0,201392,1,0,0,0
2658,9081094,30158,5,0,201412,1,0,0,0
2659,9081094,30158,6,0,201542,1,0,0,0
2660,9081094,30158,7,0,202082,1,0,0,0
2661,9081094,30158,8,0,202612,1,0,0,0
2662,9081094,30158,9,0,202622,1,0,0,0
2663,9081094,30158,10,1,1,1,0,0,0
2664,9081094,30158,10,1,3,1,0,0,0
2665,9081094,30158,10,1,4,6,0,0,0
2666,9081018,30159,1,0,200562,1,0,0,0
2667,9081018,30159,2,0,201322,1,0,0,0
2668,9081018,30159,3,0,201342,1,0,0,0
2669,9081018,30159,4,0,201372,1,0,0,0
2670,9081018,30159,5,0,201532,1,0,0,0
2671,9081018,30159,6,0,201902,1,0,0,0
2672,9081018,30159,7,0,202372,1,0,0,0
2673,9081018,30159,8,1,1,6,0,0,0
2674,9081018,30159,8,1,3,2,0,0,0
2675,9081014,30161,1,0,200332,1,0,0,0
2676,9081014,30161,2,0,200352,1,0,0,0
2677,9081014,30161,3,0,201112,1,0,0,0
2678,9081014,30161,4,0,201322,1,0,0,0
2679,9081014,30161,5,0,202132,1,0,0,0
2680,9081014,30161,6,0,202172,1,0,0,0
2681,9081014,30161,7,0,202372,1,0,0,0
2682,9081014,30161,8,0,202712,1,0,0,0
2683,9081014,30161,9,1,1,6,0,0,0
2684,9081014,30161,9,1,3,2,0,0,0
2685,9081033,30162,1,0,200622,1,0,0,0
2686,9081033,30162,2,0,200632,1,0,0,0
2687,9081033,30162,3,0,201462,1,0,0,0
2689,9081033,30162,4,0,201502,1,0,0,0
2690,9081033,30162,5,0,202022,1,0,0,0
2691,9081033,30162,6,1,2,6,0,0,0
2692,9081033,30162,6,1,4,2,0,0,0
2693,9081049,30163,1,0,200462,1,0,0,0
2694,9081049,30163,2,0,200512,1,0,0,0
2695,9081049,30163,3,0,201641,1,0,0,0
2696,9081049,30163,4,0,202442,1,0,0,0
2697,9081049,30163,5,0,202652,1,0,0,0
2699,9081049,30163,6,0,202732,1,0,0,0
2700,9081049,30163,7,1,5,6,0,0,0
2701,9081049,30163,7,1,30,5,0,0,0
2702,9081068,20066,1,0,200332,1,0,0,0
2703,9081068,20066,2,0,200352,1,0,0,0
2704,9081068,20066,3,0,200382,1,0,0,0
2705,9081068,20066,4,0,200762,1,0,0,0
2706,9081068,20066,5,0,201192,1,0,0,0
2707,9081068,20066,6,0,201242,1,0,0,0
2708,9081068,20066,7,0,202462,1,0,0,0
2709,9081068,20066,8,1,2,6,0,0,0
2710,9081068,20066,8,1,4,2,0,0,0
2711,9081012,30164,1,0,200332,1,0,0,0
2712,9081012,30164,2,0,200492,1,0,0,0
2713,9081012,30164,3,0,200512,1,0,0,0
2714,9081012,30164,4,0,200622,1,0,0,0
2715,9081012,30164,5,0,200632,1,0,0,0
2716,9081012,30164,6,0,201452,1,0,0,0
2717,9081012,30164,7,1,2,2,0,0,0
2718,9081012,30164,7,1,3,6,0,0,0
2719,9081010,20067,1,0,200682,1,0,0,0
2720,9081010,20067,2,0,201042,1,0,0,0
2721,9081010,20067,3,0,201052,1,0,0,0
2722,9081010,20067,4,0,201062,1,0,0,0
2723,9081010,20067,5,0,201082,1,0,0,0
2724,9081010,20067,6,1,5,6,0,0,0
2725,9081010,20067,6,1,30,5,0,0,0
2726,9081084,30165,1,0,200032,1,0,0,0
2727,9081084,30165,2,0,200362,1,0,0,0
2728,9081084,30165,3,0,200492,1,0,0,0
2729,9081084,30165,4,0,200642,1,0,0,0
2730,9081084,30165,5,0,200732,1,0,0,0
2731,9081084,30165,6,0,201102,1,0,0,0
2732,9081084,30165,7,0,201452,1,0,0,0
2733,9081084,30165,8,0,202102,1,0,0,0
2734,9081084,30165,9,1,2,6,0,0,0
2735,9081084,30165,9,1,4,2,0,0,0
2736,9081107,30166,1,0,200252,1,0,0,0
2737,9081107,30166,2,0,200532,1,0,0,0
2738,9081107,30166,3,0,200542,1,0,0,0
2739,9081107,30166,4,0,200552,1,0,0,0
2740,9081107,30166,5,0,201252,1,0,0,0
2741,9081107,30166,6,1,1,1,0,0,0
2742,9081107,30166,6,1,3,1,0,0,0
2743,9081107,30166,6,1,4,6,0,0,0
2744,9081107,10095,1,0,200252,1,0,0,0
2745,9081107,10095,2,0,200532,1,0,0,0
2746,9081107,10095,3,0,200542,1,0,0,0
2747,9081107,10095,4,0,200552,1,0,0,0
2748,9081107,10095,5,0,201252,1,0,0,0
2749,9081107,10095,6,1,1,1,0,0,0
2750,9081107,10095,6,1,3,1,0,0,0
2751,9081107,10095,6,1,4,6,0,0,0
2752,9081022,30167,1,0,200012,1,0,0,0
2753,9081022,30167,2,0,200452,1,0,0,0
2754,9081022,30167,3,0,200562,1,0,0,0
2755,9081022,30167,4,0,200682,1,0,0,0
2756,9081022,30167,5,0,200722,1,0,0,0
2757,9081022,30167,6,0,202372,1,0,0,0
2758,9081022,30167,7,1,1,6,0,0,0
2759,9081022,30167,7,1,3,2,0,0,0
2760,9081007,30168,1,0,200012,1,0,0,0
2761,9081007,30168,2,0,200462,1,0,0,0
2762,9081007,30168,3,0,200512,1,0,0,0
2763,9081007,30168,4,0,200622,1,0,0,0
2764,9081007,30168,5,0,200642,1,0,0,0
2765,9081007,30168,6,0,201452,1,0,0,0
2766,9081007,30168,7,0,201462,1,0,0,0
2767,9081007,30168,8,0,201552,1,0,0,0
2768,9081007,30168,9,0,201591,1,0,0,0
2769,9081007,30168,10,1,1,6,0,0,0
2770,9081007,30168,10,1,3,2,0,0,0
2771,9081060,20068,1,0,200602,1,0,0,0
2772,9081060,20068,2,0,201162,1,0,0,0
2773,9081060,20068,3,0,201402,1,0,0,0
2774,9081060,20068,4,0,201422,1,0,0,0
2775,9081060,20068,5,0,201442,1,0,0,0
2776,9081060,20068,6,0,201692,1,0,0,0
2777,9081060,20068,7,1,2,6,0,0,0
2778,9081060,20068,7,1,4,2,0,0,0
2779,9081073,30169,1,0,200512,1,0,0,0
2780,9081073,30169,2,0,200582,1,0,0,0
2781,9081073,30169,3,0,200732,1,0,0,0
2782,9081073,30169,4,0,201102,1,0,0,0
2783,9081073,30169,5,0,202372,1,0,0,0
2784,9081073,30169,6,0,202472,1,0,0,0
2785,9081073,30169,7,1,2,2,0,0,0
2786,9081073,30169,7,1,3,6,0,0,0
2787,9081061,30170,1,0,200612,1,0,0,0
2788,9081061,30170,2,0,200652,1,0,0,0
2789,9081061,30170,3,0,200962,1,0,0,0
2790,9081061,30170,4,0,201002,1,0,0,0
2791,9081061,30170,5,0,202122,1,0,0,0
2792,9081061,30170,6,0,202542,1,0,0,0
2793,9081061,30170,7,0,202752,1,0,0,0
2794,9081061,30170,8,1,1,1,0,0,0
2795,9081061,30170,8,1,3,1,0,0,0
2796,9081061,30170,8,1,4,6,0,0,0
2797,9081052,30171,1,1,2,2,0,0,0
2798,9081052,30171,1,1,3,6,0,0,0
2799,9081013,30172,1,0,200582,1,0,0,0
2800,9081013,30172,2,0,201312,1,0,0,0
2801,9081013,30172,3,0,201352,1,0,0,0
2802,9081013,30172,4,0,201611,1,0,0,0
2803,9081013,30172,5,0,201902,1,0,0,0
2804,9081013,30172,6,0,202372,1,0,0,0
2805,9081013,30172,7,0,202762,1,0,0,0
2806,9081013,30172,8,0,202772,1,0,0,0
2807,9081013,30172,9,1,5,6,0,0,0
2808,9081013,30172,9,1,30,5,0,0,0
2809,9081062,20069,1,0,200482,1,0,0,0
2810,9081062,20069,2,0,200592,1,0,0,0
2811,9081062,20069,3,0,201212,1,0,0,0
2812,9081062,20069,4,0,201222,1,0,0,0
2813,9081062,20069,5,0,201382,1,0,0,0
2814,9081062,20069,6,0,201692,1,0,0,0
2815,9081062,20069,7,1,1,6,0,0,0
2816,9081062,20069,7,1,3,2,0,0,0
2817,9081102,30173,1,0,200382,1,0,0,0
2818,9081102,30173,2,0,200492,1,0,0,0
2819,9081102,30173,3,0,200512,1,0,0,0
2820,9081102,30173,4,0,201651,1,0,0,0
2821,9081102,30173,5,0,201661,1,0,0,0
2822,9081102,30173,8,1,2,6,0,0,0
2823,9081102,30173,8,1,4,2,0,0,0
2824,9081090,20070,1,0,200032,1,0,0,0
2825,9081090,20070,2,0,200132,1,0,0,0
2826,9081090,20070,3,0,200452,1,0,0,0
2827,9081090,20070,4,0,200542,1,0,0,0
2828,9081090,20070,5,0,201292,1,0,0,0
2829,9081090,20070,6,1,1,1,0,0,0
2830,9081090,20070,6,1,3,1,0,0,0
2831,9081090,20070,6,1,4,6,0,0,0
2832,9081090,10097,1,0,200032,1,0,0,0
2833,9081090,10097,2,0,200132,1,0,0,0
2834,9081090,10097,3,0,200452,1,0,0,0
2835,9081090,10097,4,0,200542,1,0,0,0
2836,9081090,10097,5,0,201292,1,0,0,0
2837,9081090,10097,6,1,1,1,0,0,0
2838,9081090,10097,6,1,3,1,0,0,0
2839,9081090,10097,6,1,4,6,0,0,0
2840,9081102,10098,1,0,200382,1,0,0,0
2841,9081102,10098,2,0,200492,1,0,0,0
2842,9081102,10098,3,0,200512,1,0,0,0
2843,9081102,10098,4,0,201651,1,0,0,0
2844,9081102,10098,5,0,201661,1,0,0,0
2845,9081102,10098,8,1,2,6,0,0,0
2846,9081102,10098,8,1,4,2,0,0,0
2847,9081059,30174,1,0,200462,1,0,0,0
2848,9081059,30174,2,0,200612,1,0,0,0
2849,9081059,30174,3,0,200702,1,0,0,0
2850,9081059,30174,4,0,201042,1,0,0,0
2851,9081059,30174,5,0,202112,1,0,0,0
2852,9081059,30174,6,0,202402,1,0,0,0
2853,9081059,30174,7,0,202612,1,0,0,0
2854,9081059,30174,8,1,1,6,0,0,0
2855,9081059,30174,8,1,3,2,0,0,0
2856,9081086,30175,1,0,200012,1,0,0,0
2857,9081086,30175,2,0,200722,1,0,0,0
2858,9081086,30175,3,0,201102,1,0,0,0
2859,9081086,30175,4,0,201581,1,0,0,0
2860,9081086,30175,5,0,201661,1,0,0,0
2861,9081086,30175,6,0,201702,1,0,0,0
2862,9081086,30175,7,0,202082,1,0,0,0
2863,9081086,30175,8,0,202432,1,0,0,0
2864,9081086,30175,9,0,202532,1,0,0,0
2865,9081086,30175,10,0,202712,1,0,0,0
2866,9081086,30175,11,0,202742,1,0,0,0
2867,9081086,30175,12,1,2,2,0,0,0
2868,9081027,30176,1,0,200142,1,0,0,0
2869,9081027,30176,2,0,200202,1,0,0,0
2870,9081027,30176,3,0,201212,1,0,0,0
2871,9081027,30176,4,0,201382,1,0,0,0
2872,9081027,30176,5,0,201402,1,0,0,0
2873,9081027,30176,6,0,202092,1,0,0,0
2874,9081027,30176,7,1,1,1,0,0,0
2875,9081027,30176,7,1,3,1,0,0,0
2876,9081027,30176,7,1,4,6,0,0,0
2877,9081102,30173,6,0,202792,1,0,0,0
2878,9081102,30173,7,0,202802,1,0,0,0
2879,9081102,10098,6,0,202792,1,0,0,0
2880,9081102,10098,7,0,202802,1,0,0,0
2881,9081086,30175,12,1,3,6,0,0,0
2882,9081091,30177,1,0,200592,1,0,0,0
2883,9081091,30177,2,0,200602,1,0,0,0
2884,9081091,30177,3,0,201102,1,0,0,0
2885,9081091,30177,4,0,201412,1,0,0,0
2886,9081091,30177,5,0,201692,1,0,0,0
2887,9081091,30177,6,0,202102,1,0,0,0
2888,9081091,30177,7,0,202652,1,0,0,0
2889,9081091,30177,8,1,1,1,0,0,0
2890,9081091,30177,8,1,3,1,0,0,0
2891,9081091,30177,8,1,4,6,0,0,0
2892,9081103,20071,1,0,200432,1,0,0,0
2893,9081103,20071,2,0,200442,1,0,0,0
2894,9081103,20071,3,0,200472,1,0,0,0
2895,9081103,20071,4,0,200482,1,0,0,0
2896,9081103,20071,5,0,200492,1,0,0,0
2897,9081103,20071,6,0,200722,1,0,0,0
2898,9081103,20071,7,0,201651,1,0,0,0
2899,9081103,20071,8,1,2,2,0,0,0
2900,9081103,20071,8,1,3,6,0,0,0
2901,9081091,10099,1,0,200592,1,0,0,0
2902,9081091,10099,2,0,200602,1,0,0,0
2903,9081091,10099,3,0,201102,1,0,0,0
2904,9081091,10099,4,0,201412,1,0,0,0
2905,9081091,10099,5,0,201692,1,0,0,0
2906,9081091,10099,6,0,202102,1,0,0,0
2907,9081091,10099,7,0,202652,1,0,0,0
2908,9081091,10099,8,1,1,1,0,0,0
2909,9081091,10099,8,1,3,1,0,0,0
2910,9081091,10099,8,1,4,6,0,0,0
2911,9081103,10100,1,0,200432,1,0,0,0
2912,9081103,10100,2,0,200442,1,0,0,0
2913,9081103,10100,3,0,200472,1,0,0,0
2914,9081103,10100,4,0,200482,1,0,0,0
2915,9081103,10100,5,0,200492,1,0,0,0
2916,9081103,10100,6,0,200722,1,0,0,0
2917,9081103,10100,7,0,201651,1,0,0,0
2918,9081103,10100,8,1,2,2,0,0,0
2919,9081103,10100,8,1,3,6,0,0,0
2920,9081108,30178,1,0,200382,1,0,0,0
2921,9081108,30178,2,0,201102,1,0,0,0
2922,9081108,30178,3,0,201452,1,0,0,0
2923,9081108,30178,4,0,201651,1,0,0,0
2924,9081108,30178,5,0,202552,1,0,0,0
2925,9081108,30178,6,0,202662,1,0,0,0
2926,9081108,30178,7,0,202722,1,0,0,0
2927,9081108,30178,8,1,1,6,0,0,0
2928,9081108,30178,8,1,3,2,0,0,0
2929,9081067,30179,1,0,200342,1,0,0,0
2930,9081067,30179,2,0,200452,1,0,0,0
2931,9081067,30179,3,0,200602,1,0,0,0
2932,9081067,30179,4,0,202092,1,0,0,0
2933,9081067,30179,5,0,201392,1,0,0,0
2934,9081067,30179,6,0,202152,1,0,0,0
2935,9081067,30179,7,0,202612,1,0,0,0
2936,9081067,30179,8,0,202622,1,0,0,0
2937,9081067,30179,9,1,5,6,0,0,0
2938,9081067,30179,9,1,30,5,0,0,0
2939,9081066,30181,1,0,200282,1,0,0,0
2940,9081066,30181,2,0,200462,1,0,0,0
2941,9081066,30181,3,0,200532,1,0,0,0
2942,9081066,30181,4,0,200552,1,0,0,0
2943,9081066,30181,5,0,200732,1,0,0,0
2944,9081066,30181,6,0,201192,1,0,0,0
2945,9081066,30181,7,0,201282,1,0,0,0
2946,9081066,30181,8,0,202032,1,0,0,0
2947,9081066,30181,9,0,202392,1,0,0,0
2948,9081066,30181,10,0,202652,1,0,0,0
2949,9081066,30181,11,1,2,6,0,0,0
2950,9081066,30181,11,1,4,2,0,0,0
2951,9081108,10101,1,0,200382,1,0,0,0
2952,9081108,10101,2,0,201102,1,0,0,0
2953,9081108,10101,3,0,201452,1,0,0,0
2954,9081108,10101,4,0,201651,1,0,0,0
2955,9081108,10101,5,0,202552,1,0,0,0
2956,9081108,10101,6,0,202662,1,0,0,0
2957,9081108,10101,7,0,202722,1,0,0,0
2958,9081108,10101,8,1,1,6,0,0,0
2959,9081108,10101,8,1,3,2,0,0,0
2963,9081099,30182,1,0,201682,1,0,0,0
2964,9081099,30182,2,0,202262,1,0,0,0
2965,9081099,30182,3,0,202282,1,0,0,0
2966,9081099,30182,4,0,202312,1,0,0,0
2967,9081099,30182,5,0,202832,1,0,0,0
2968,9081099,30182,6,0,202842,1,0,0,0
2969,9081099,30182,7,1,2,6,0,0,0
2970,9081099,30182,7,1,4,2,0,0,0
2971,9081068,30189,1,0,200062,1,0,0,0
2972,9081068,30189,2,0,200432,1,0,0,0
2973,9081068,30189,3,0,200722,1,0,0,0
2974,9081068,30189,4,0,200762,1,0,0,0
2975,9081068,30189,5,0,201282,1,0,0,0
2976,9081068,30189,6,0,201522,1,0,0,0
2977,9081068,30189,7,1,1,1,0,0,0
2978,9081068,30189,7,1,3,1,0,0,0
2979,9081068,30189,7,1,4,6,0,0,0
2980,9081084,20072,1,0,200362,1,0,0,0
2981,9081084,20072,2,0,200502,1,0,0,0
2982,9081084,20072,3,0,200632,1,0,0,0
2983,9081084,20072,4,0,200642,1,0,0,0
2984,9081084,20072,5,0,201102,1,0,0,0
2985,9081084,20072,6,0,201452,1,0,0,0
2986,9081084,20072,7,0,201472,1,0,0,0
2987,9081084,20072,8,1,5,6,0,0,0
2988,9081084,20072,8,1,30,5,0,0,0
2992,9081099,10090,1,0,201682,1,0,0,0
2993,9081099,10090,2,0,202262,1,0,0,0
2994,9081099,10090,3,0,202282,1,0,0,0
2995,9081099,10090,4,0,202312,1,0,0,0
2996,9081099,10090,5,0,202832,1,0,0,0
2997,9081099,10090,6,0,202842,1,0,0,0
2998,9081099,10090,7,1,2,6,0,0,0
2999,9081099,10090,7,1,4,2,0,0,0
3000,9081035,30183,1,0,200022,1,0,0,0
3001,9081035,30183,2,0,200492,1,0,0,0
3003,9081035,30183,3,0,200592,1,0,0,0
3004,9081035,30183,4,0,200602,1,0,0,0
3005,9081035,30183,5,0,202612,1,0,0,0
3006,9081035,30183,6,0,202622,1,0,0,0
3008,9081035,30183,7,1,2,2,0,0,0
3009,9081035,30183,7,1,3,6,0,0,0
3011,9081041,30184,1,0,200972,1,0,0,0
3012,9081041,30184,2,0,200992,1,0,0,0
3013,9081041,30184,3,0,201601,1,0,0,0
3014,9081041,30184,4,0,202042,1,0,0,0
3015,9081041,30184,5,0,202752,1,0,0,0
3016,9081041,30184,6,0,202802,1,0,0,0
3017,9081041,30184,7,0,202862,1,0,0,0
3018,9081041,30184,8,1,1,6,0,0,0
3019,9081041,30184,8,1,3,2,0,0,0
3020,9081082,30185,1,0,200132,1,0,0,0
3021,9081082,30185,2,0,200432,1,0,0,0
3022,9081082,30185,3,0,200502,1,0,0,0
3023,9081082,30185,4,0,200582,1,0,0,0
3024,9081082,30185,5,0,200682,1,0,0,0
3025,9081082,30185,6,0,200702,1,0,0,0
3026,9081082,30185,7,0,201042,1,0,0,0
3027,9081082,30185,8,0,201062,1,0,0,0
3028,9081082,30185,9,1,5,6,0,0,0
3029,9081082,30185,9,1,30,5,0,0,0
3030,9081082,10102,1,0,200132,1,0,0,0
3031,9081082,10102,2,0,200432,1,0,0,0
3032,9081082,10102,3,0,200502,1,0,0,0
3033,9081082,10102,4,0,200582,1,0,0,0
3034,9081082,10102,5,0,200682,1,0,0,0
3035,9081082,10102,6,0,200702,1,0,0,0
3036,9081082,10102,7,0,201042,1,0,0,0
3037,9081082,10102,8,0,201062,1,0,0,0
3038,9081082,10102,9,1,5,6,0,0,0
3039,9081082,10102,9,1,30,5,0,0,0
3040,9081108,30190,1,0,200472,1,0,0,0
3041,9081108,30190,2,0,200512,1,0,0,0
3042,9081108,30190,3,0,201102,1,0,0,0
3043,9081108,30190,4,0,202102,1,0,0,0
3044,9081108,30190,5,1,2,6,0,0,0
3045,9081108,30190,5,1,4,2,0,0,0
3046,9081115,30187,1,0,200332,1,0,0,0
3047,9081115,30187,2,0,200492,1,0,0,0
3048,9081115,30187,3,0,201611,1,0,0,0
3049,9081115,30187,4,0,201661,1,0,0,0
3050,9081115,30187,5,0,202552,1,0,0,0
3051,9081115,30187,6,0,202662,1,0,0,0
3052,9081115,30187,7,0,202872,1,0,0,0
3053,9081115,30187,8,1,1,1,0,0,0
3054,9081115,30187,8,1,3,1,0,0,0
3055,9081115,30187,8,1,4,6,0,0,0
3056,9081115,10103,1,0,200332,1,0,0,0
3057,9081115,10103,2,0,200492,1,0,0,0
3058,9081115,10103,3,0,201611,1,0,0,0
3059,9081115,10103,4,0,201661,1,0,0,0
3060,9081115,10103,5,0,202552,1,0,0,0
3061,9081115,10103,6,0,202662,1,0,0,0
3062,9081115,10103,7,0,202872,1,0,0,0
3063,9081115,10103,8,1,1,1,0,0,0
3064,9081115,10103,8,1,3,1,0,0,0
3065,9081115,10103,8,1,4,6,0,0,0
3066,9081116,30186,1,0,200152,1,0,0,0
3067,9081116,30186,2,0,200362,1,0,0,0
3068,9081116,30186,3,0,200512,1,0,0,0
3069,9081116,30186,4,0,200562,1,0,0,0
3070,9081116,30186,5,0,201402,1,0,0,0
3071,9081116,30186,6,0,201591,1,0,0,0
3072,9081116,30186,7,0,202532,1,0,0,0
3073,9081116,30186,8,1,1,6,0,0,0
3074,9081116,30186,8,1,3,2,0,0,0
3075,9081116,10113,1,0,200152,1,0,0,0
3076,9081116,10113,2,0,200362,1,0,0,0
3077,9081116,10113,3,0,200512,1,0,0,0
3078,9081116,10113,4,0,200562,1,0,0,0
3079,9081116,10113,5,0,201402,1,0,0,0
3080,9081116,10113,6,0,201591,1,0,0,0
3081,9081116,10113,7,0,202532,1,0,0,0
3082,9081116,10113,8,1,1,6,0,0,0
3083,9081116,10113,8,1,3,2,0,0,0
3084,9081048,20073,1,0,200302,1,0,0,0
3085,9081048,20073,2,0,200502,1,0,0,0
3086,9081048,20073,3,0,200582,1,0,0,0
3087,9081048,20073,4,0,200722,1,0,0,0
3088,9081048,20073,5,0,201102,1,0,0,0
3089,9081048,20073,6,0,202652,1,0,0,0
3090,9081048,20073,7,0,202792,1,0,0,0
3091,9081048,20073,8,1,1,6,0,0,0
3092,9081048,20073,8,1,3,2,0,0,0
3093,9081072,20074,1,0,200472,1,0,0,0
3094,9081072,20074,2,0,200512,1,0,0,0
3095,9081072,20074,3,0,200572,1,0,0,0
3096,9081072,20074,4,0,200732,1,0,0,0
3097,9081072,20074,5,0,201112,1,0,0,0
3098,9081072,20074,6,0,202092,1,0,0,0
3099,9081072,20074,7,0,202412,1,0,0,0
3100,9081072,20074,8,1,2,6,0,0,0
3101,9081072,20074,8,1,4,2,0,0,0
3102,9081102,30191,1,0,200462,1,0,0,0
3103,9081102,30191,2,0,200492,1,0,0,0
3104,9081102,30191,3,0,200512,1,0,0,0
3105,9081102,30191,4,0,200722,1,0,0,0
3106,9081102,30191,5,0,201631,1,0,0,0
3107,9081102,30191,6,0,202792,1,0,0,0
3108,9081102,30191,7,1,2,2,0,0,0
3109,9081102,30191,7,1,3,6,0,0,0
3110,9081089,30193,1,0,200562,1,0,0,0
3111,9081089,30193,2,0,200582,1,0,0,0
3112,9081089,30193,3,0,200752,1,0,0,0
3113,9081089,30193,4,0,201172,1,0,0,0
3114,9081089,30193,5,0,201182,1,0,0,0
3115,9081089,30193,6,0,201312,1,0,0,0
3116,9081089,30193,7,0,202372,1,0,0,0
3117,9081089,30193,8,0,202482,1,0,0,0
3118,9081089,30193,9,1,2,6,0,0,0
3119,9081089,30193,9,1,4,2,0,0,0
3120,9081109,30194,1,0,200052,1,0,0,0
3121,9081109,30194,2,0,200582,1,0,0,0
3122,9081109,30194,3,0,200682,1,0,0,0
3123,9081109,30194,4,0,201032,1,0,0,0
3124,9081109,30194,5,0,201062,1,0,0,0
3125,9081109,30194,6,0,201072,1,0,0,0
3126,9081109,30194,7,0,201082,1,0,0,0
3127,9081109,30194,8,1,1,1,0,0,0
3128,9081109,30194,8,1,3,1,0,0,0
3129,9081109,30194,8,1,4,6,0,0,0
3130,9081107,20075,1,0,200032,1,0,0,0
3131,9081107,20075,2,0,200372,1,0,0,0
3132,9081107,20075,3,0,200712,1,0,0,0
3133,9081107,20075,4,0,200722,1,0,0,0
3134,9081107,20075,5,0,201262,1,0,0,0
3135,9081107,20075,6,0,202132,1,0,0,0
3136,9081107,20075,7,0,202652,1,0,0,0
3137,9081107,20075,8,0,202792,1,0,0,0
3138,9081107,20075,9,1,1,1,0,0,0
3139,9081107,20075,9,1,3,1,0,0,0
3140,9081107,20075,9,1,4,6,0,0,0
3141,9081089,10105,1,0,200562,1,0,0,0
3142,9081089,10105,2,0,200582,1,0,0,0
3143,9081089,10105,3,0,200752,1,0,0,0
3144,9081089,10105,4,0,201172,1,0,0,0
3145,9081089,10105,5,0,201182,1,0,0,0
3146,9081089,10105,6,0,201312,1,0,0,0
3147,9081089,10105,7,0,202372,1,0,0,0
3148,9081089,10105,8,0,202482,1,0,0,0
3149,9081089,10105,9,1,2,6,0,0,0
3150,9081089,10105,9,1,4,2,0,0,0
3151,9081109,10114,1,0,200052,1,0,0,0
3152,9081109,10114,2,0,200582,1,0,0,0
3153,9081109,10114,3,0,200682,1,0,0,0
3154,9081109,10114,4,0,201032,1,0,0,0
3155,9081109,10114,5,0,201062,1,0,0,0
3156,9081109,10114,6,0,201072,1,0,0,0
3157,9081109,10114,7,0,201082,1,0,0,0
3158,9081109,10114,8,1,1,1,0,0,0
3159,9081109,10114,8,1,3,1,0,0,0
3160,9081109,10114,8,1,4,6,0,0,0
3161,9081093,30195,1,0,200182,1,0,0,0
3163,9081093,30195,2,0,200652,1,0,0,0
3164,9081093,30195,3,0,200962,1,0,0,0
3165,9081093,30195,4,0,200992,1,0,0,0
3166,9081093,30195,5,0,202172,1,0,0,0
3170,9081078,30196,1,0,200582,1,0,0,0
3171,9081078,30196,2,0,200682,1,0,0,0
3172,9081078,30196,3,0,201312,1,0,0,0
3173,9081078,30196,4,0,201651,1,0,0,0
3174,9081078,30196,5,0,201902,1,0,0,0
3175,9081078,30196,6,0,202502,1,0,0,0
3176,9081078,30196,7,0,202532,1,0,0,0
3177,9081078,30196,8,1,1,6,0,0,0
3178,9081078,30196,8,1,3,2,0,0,0
3179,9081053,30197,1,0,200032,1,0,0,0
3180,9081053,30197,2,0,200632,1,0,0,0
3181,9081053,30197,3,0,200672,1,0,0,0
3182,9081053,30197,4,0,200702,1,0,0,0
3183,9081053,30197,5,0,201002,1,0,0,0
3184,9081053,30197,6,0,201072,1,0,0,0
3185,9081053,30197,7,0,202382,1,0,0,0
3186,9081053,30197,8,1,2,2,0,0,0
3187,9081053,30197,8,1,3,6,0,0,0
3188,9081105,30198,1,0,200132,1,0,0,0
3189,9081105,30198,2,0,201112,1,0,0,0
3190,9081105,30198,3,0,201591,1,0,0,0
3191,9081105,30198,4,0,201702,1,0,0,0
3192,9081105,30198,5,0,202102,1,0,0,0
3193,9081105,30198,6,0,202161,1,0,0,0
3194,9081105,30198,7,0,202522,1,0,0,0
3195,9081105,30198,8,0,202602,1,0,0,0
3196,9081105,30198,9,1,5,6,0,0,0
3197,9081105,30198,9,1,30,5,0,0,0
3198,9081091,30192,1,0,200612,1,0,0,0
3199,9081091,30192,2,0,200692,1,0,0,0
3200,9081091,30192,3,0,201072,1,0,0,0
3201,9081091,30192,4,0,201162,1,0,0,0
3202,9081091,30192,5,0,201402,1,0,0,0
3203,9081091,30192,6,0,202652,1,0,0,0
3204,9081091,30192,7,1,1,6,0,0,0
3205,9081091,30192,7,1,3,2,0,0,0
3206,9081036,20076,1,0,200372,1,0,0,0
3207,9081036,20076,2,0,200632,1,0,0,0
3208,9081036,20076,3,0,201452,1,0,0,0
3209,9081036,20076,4,0,201492,1,0,0,0
3210,9081036,20076,5,0,202382,1,0,0,0
3211,9081036,20076,6,0,202942,1,0,0,0
3212,9081036,20076,7,1,2,2,0,0,0
3213,9081036,20076,7,1,3,6,0,0,0
3214,9081105,10106,1,0,200132,1,0,0,0
3215,9081105,10106,2,0,201112,1,0,0,0
3216,9081105,10106,3,0,201591,1,0,0,0
3217,9081105,10106,4,0,201702,1,0,0,0
3218,9081105,10106,5,0,202102,1,0,0,0
3219,9081105,10106,6,0,202161,1,0,0,0
3220,9081105,10106,7,0,202522,1,0,0,0
3221,9081105,10106,8,0,202602,1,0,0,0
3222,9081105,10106,9,1,5,6,0,0,0
3223,9081105,10106,9,1,30,5,0,0,0
3224,9081093,30195,6,0,202802,1,0,0,0
3225,9081093,30195,7,0,202862,1,0,0,0
3226,9081093,30195,8,1,2,2,0,0,0
3227,9081093,30195,8,1,3,6,0,0,0
3228,9081003,30213,1,0,200042,1,0,0,0
3229,9081003,30213,2,0,200332,1,0,0,0
3230,9081003,30213,3,0,200502,1,0,0,0
3231,9081003,30213,4,0,200722,1,0,0,0
3232,9081003,30213,5,0,201611,1,0,0,0
3233,9081003,30213,6,1,1,6,0,0,0
3234,9081003,30213,6,1,3,2,0,0,0
3236,9081106,30199,1,0,200602,1,0,0,0
3237,9081106,30199,2,0,200742,1,0,0,0
3238,9081106,30199,3,0,201222,1,0,0,0
3239,9081106,30199,4,0,201422,1,0,0,0
3240,9081106,30199,5,0,202562,1,0,0,0
3241,9081106,30199,6,0,202592,1,0,0,0
3242,9081106,30199,7,0,202622,1,0,0,0
3243,9081106,30199,8,1,2,6,0,0,0
3244,9081106,30199,8,1,4,2,0,0,0
3245,9081050,30201,1,0,200642,1,0,0,0
3246,9081050,30201,2,0,201452,1,0,0,0
3247,9081050,30201,3,0,202382,1,0,0,0
3248,9081050,30201,4,0,202882,1,0,0,0
3249,9081050,30201,5,0,202902,1,0,0,0
3250,9081050,30201,6,0,202922,1,0,0,0
3251,9081050,30201,7,0,202932,1,0,0,0
3252,9081050,30201,8,0,202972,1,0,0,0
3253,9081050,30201,9,1,5,6,0,0,0
3254,9081050,30201,9,1,30,5,0,0,0
3255,9081096,30200,1,0,200302,1,0,0,0
3256,9081096,30200,2,0,200372,1,0,0,0
3257,9081096,30200,3,0,201402,1,0,0,0
3258,9081096,30200,4,0,201422,1,0,0,0
3259,9081096,30200,5,0,202092,1,0,0,0
3260,9081096,30200,6,0,202472,1,0,0,0
3261,9081096,30200,7,0,202652,1,0,0,0
3262,9081096,30200,8,1,1,1,0,0,0
3263,9081096,30200,8,1,3,1,0,0,0
3264,9081096,30200,8,1,4,6,0,0,0
3265,9081106,10107,1,0,200602,1,0,0,0
3266,9081106,10107,2,0,200742,1,0,0,0
3267,9081106,10107,3,0,201222,1,0,0,0
3268,9081106,10107,4,0,201422,1,0,0,0
3269,9081106,10107,5,0,202562,1,0,0,0
3270,9081106,10107,6,0,202592,1,0,0,0
3271,9081106,10107,7,0,202622,1,0,0,0
3272,9081106,10107,8,1,2,6,0,0,0
3273,9081106,10107,8,1,4,2,0,0,0
3274,9081096,10117,1,0,200302,1,0,0,0
3275,9081096,10117,2,0,200372,1,0,0,0
3276,9081096,10117,3,0,201402,1,0,0,0
3277,9081096,10117,4,0,201422,1,0,0,0
3278,9081096,10117,5,0,202092,1,0,0,0
3279,9081096,10117,6,0,202472,1,0,0,0
3280,9081096,10117,7,0,202652,1,0,0,0
3281,9081096,10117,8,1,1,1,0,0,0
3282,9081096,10117,8,1,3,1,0,0,0
3283,9081096,10117,8,1,4,6,0,0,0
3284,9081008,30202,1,0,200022,1,0,0,0
3285,9081008,30202,2,0,200332,1,0,0,0
3286,9081008,30202,3,0,200612,1,0,0,0
3287,9081008,30202,4,0,201072,1,0,0,0
3288,9081008,30202,5,0,202152,1,0,0,0
3289,9081008,30202,6,0,202402,1,0,0,0
3290,9081008,30202,7,0,202652,1,0,0,0
3291,9081008,30202,8,1,1,1,0,0,0
3292,9081008,30202,8,1,3,1,0,0,0
3293,9081008,30202,8,1,4,6,0,0,0
3294,9081092,20077,1,0,200462,1,0,0,0
3295,9081092,20077,2,0,201102,1,0,0,0
3296,9081092,20077,3,0,201132,1,0,0,0
3297,9081092,20077,4,0,201591,1,0,0,0
3298,9081092,20077,5,0,201702,1,0,0,0
3299,9081092,20077,6,0,202092,1,0,0,0
3300,9081092,20077,7,0,202472,1,0,0,0
3301,9081092,20077,8,0,202792,1,0,0,0
3302,9081092,20077,9,1,5,6,0,0,0
3303,9081092,20077,9,1,30,5,0,0,0
3304,9081092,10108,1,0,200462,1,0,0,0
3305,9081092,10108,2,0,201102,1,0,0,0
3306,9081092,10108,3,0,201132,1,0,0,0
3307,9081092,10108,4,0,201591,1,0,0,0
3308,9081092,10108,5,0,201702,1,0,0,0
3309,9081092,10108,6,0,202092,1,0,0,0
3310,9081092,10108,7,0,202472,1,0,0,0
3311,9081092,10108,8,0,202792,1,0,0,0
3312,9081092,10108,9,1,5,6,0,0,0
3313,9081092,10108,9,1,30,5,0,0,0
3314,9081094,30203,1,0,200032,1,0,0,0
3315,9081094,30203,2,0,200482,1,0,0,0
3316,9081094,30203,3,0,200512,1,0,0,0
3317,9081094,30203,4,0,201102,1,0,0,0
3318,9081094,30203,5,0,202102,1,0,0,0
3319,9081094,30203,6,0,202522,1,0,0,0
3320,9081094,30203,7,0,202652,1,0,0,0
3321,9081094,30203,8,1,2,2,0,0,0
3322,9081094,30203,8,1,3,6,0,0,0
3323,9081020,30204,1,0,200012,1,0,0,0
3324,9081020,30204,2,0,201112,1,0,0,0
3325,9081020,30204,3,0,201242,1,0,0,0
3326,9081020,30204,4,0,201262,1,0,0,0
3327,9081020,30204,5,0,201272,1,0,0,0
3328,9081020,30204,6,0,202132,1,0,0,0
3329,9081020,30204,7,0,202462,1,0,0,0
3330,9081020,30204,8,1,2,2,0,0,0
3331,9081020,30204,8,1,3,6,0,0,0
3332,9081091,30206,1,0,200362,1,0,0,0
3333,9081091,30206,2,0,200492,1,0,0,0
3334,9081091,30206,3,0,201032,1,0,0,0
3335,9081091,30206,4,0,201591,1,0,0,0
3336,9081091,30206,5,0,202622,1,0,0,0
3337,9081091,30206,6,0,202802,1,0,0,0
3338,9081091,30206,7,1,1,6,0,0,0
3339,9081091,30206,7,1,3,2,0,0,0
3340,9081090,30205,1,0,200342,1,0,0,0
3341,9081090,30205,2,0,200432,1,0,0,0
3342,9081090,30205,3,0,200462,1,0,0,0
3343,9081090,30205,4,0,200502,1,0,0,0
3344,9081090,30205,5,0,201052,1,0,0,0
3345,9081090,30205,6,0,201292,1,0,0,0
3346,9081090,30205,7,0,202532,1,0,0,0
3347,9081090,30205,8,1,1,6,0,0,0
3348,9081090,30205,8,1,3,2,0,0,0
3349,9081051,30208,1,0,200362,1,0,0,0
3350,9081051,30208,2,0,201601,1,0,0,0
3351,9081051,30208,3,0,201651,1,0,0,0
3352,9081051,30208,4,0,202802,1,0,0,0
3353,9081051,30208,5,0,203032,1,0,0,0
3354,9081051,30208,6,0,203042,1,0,0,0
3355,9081051,30208,7,1,2,2,0,0,0
3356,9081051,30208,7,1,3,6,0,0,0
3357,9081092,30209,1,0,200492,1,0,0,0
3358,9081092,30209,2,0,200562,1,0,0,0
3359,9081092,30209,3,0,200572,1,0,0,0
3360,9081092,30209,4,0,201102,1,0,0,0
3361,9081092,30209,5,0,201112,1,0,0,0
3362,9081092,30209,6,0,201312,1,0,0,0
3363,9081092,30209,7,0,201661,1,0,0,0
3364,9081092,30209,8,0,201702,1,0,0,0
3365,9081092,30209,9,0,203052,1,0,0,0
3366,9081092,30209,10,1,2,6,0,0,0
3367,9081092,30209,10,1,4,2,0,0,0
3368,9081056,20078,1,0,201212,1,0,0,0
3369,9081056,20078,2,0,201222,1,0,0,0
3370,9081056,20078,3,0,201562,1,0,0,0
3371,9081056,20078,4,0,201571,1,0,0,0
3372,9081056,20078,5,0,202072,1,0,0,0
3373,9081056,20078,6,0,202792,1,0,0,0
3374,9081056,20078,7,1,1,6,0,0,0
3375,9081056,20078,7,1,3,2,0,0,0
3376,9081046,30210,1,0,200452,1,0,0,0
3377,9081046,30210,2,0,200532,1,0,0,0
3378,9081046,30210,3,0,200542,1,0,0,0
3379,9081046,30210,4,0,201242,1,0,0,0
3386,9081098,30211,1,0,200022,1,0,0,0
3387,9081098,30211,2,0,201601,1,0,0,0
3388,9081098,30211,3,0,202252,1,0,0,0
3389,9081098,30211,4,0,202262,1,0,0,0
3390,9081098,30211,5,0,202302,1,0,0,0
3391,9081098,30211,6,0,202332,1,0,0,0
3392,9081098,30211,7,0,202652,1,0,0,0
3393,9081098,30211,8,0,203093,1,0,0,0
3396,9081100,30212,1,0,200472,1,0,0,0
3397,9081100,30212,2,0,201682,1,0,0,0
3398,9081100,30212,3,0,202252,1,0,0,0
3399,9081100,30212,4,0,202372,1,0,0,0
3400,9081100,30212,5,0,202842,1,0,0,0
3401,9081100,30212,6,1,2,6,0,0,0
3402,9081100,30212,6,1,4,2,0,0,0
3403,9081098,30211,9,0,203103,1,0,0,0
3404,9081098,30211,10,1,5,6,0,0,0
3405,9081098,30211,10,1,30,5,0,0,0
3406,9081022,30214,1,0,200182,1,0,0,0
3407,9081022,30214,2,0,200382,1,0,0,0
3408,9081022,30214,3,0,201112,1,0,0,0
3409,9081022,30214,4,0,202532,1,0,0,0
3410,9081022,30214,5,0,202702,1,0,0,0
3411,9081022,30214,6,0,202982,1,0,0,0
3412,9081022,30214,7,0,203052,1,0,0,0
3416,9081064,20036,1,0,200332,1,0,0,0
3417,9081064,20036,2,0,200742,1,0,0,0
3418,9081064,20036,3,0,200762,1,0,0,0
3419,9081064,20036,4,0,201192,1,0,0,0
3420,9081064,20036,5,0,201282,1,0,0,0
3421,9081064,20036,6,0,202012,1,0,0,0
3422,9081064,20036,7,0,202582,1,0,0,0
3423,9081064,20036,8,0,202792,1,0,0,0
3424,9081064,20036,9,1,2,6,0,0,0
3425,9081064,20036,9,1,4,2,0,0,0
3426,9081097,30215,1,0,200332,1,0,0,0
3427,9081097,30215,2,0,200362,1,0,0,0
3428,9081097,30215,3,0,200492,1,0,0,0
3429,9081097,30215,4,0,201112,1,0,0,0
3430,9081097,30215,5,0,201611,1,0,0,0
3431,9081097,30215,6,0,201661,1,0,0,0
3432,9081097,30215,7,0,202742,1,0,0,0
3433,9081097,30215,8,0,202962,1,0,0,0
3434,9081097,30215,9,1,1,6,0,0,0
3435,9081097,30215,9,1,3,2,0,0,0
3436,9081097,10096,1,0,200332,1,0,0,0
3437,9081097,10096,2,0,200362,1,0,0,0
3438,9081097,10096,3,0,200492,1,0,0,0
3439,9081097,10096,4,0,201112,1,0,0,0
3440,9081097,10096,5,0,201611,1,0,0,0
3441,9081097,10096,6,0,201661,1,0,0,0
3442,9081097,10096,7,0,202742,1,0,0,0
3443,9081097,10096,8,0,202962,1,0,0,0
3444,9081097,10096,9,1,1,6,0,0,0
3445,9081097,10096,9,1,3,2,0,0,0
3446,9081046,30210,5,0,201252,1,0,0,0
3447,9081046,30210,6,0,201272,1,0,0,0
3448,9081046,30210,7,0,201522,1,0,0,0
3449,9081046,30210,8,0,201601,1,0,0,0
3450,9081046,30210,9,0,202462,1,0,0,0
3451,9081046,30210,10,1,1,6,0,0,0
3452,9081046,30210,10,1,3,2,0,0,0
3453,9081114,30216,1,0,200342,1,0,0,0
3454,9081114,30216,2,0,200372,1,0,0,0
3455,9081114,30216,3,0,200462,1,0,0,0
3456,9081114,30216,4,0,200702,1,0,0,0
3457,9081114,30216,5,0,201072,1,0,0,0
3458,9081114,30216,6,0,202112,1,0,0,0
3459,9081114,30216,7,0,202652,1,0,0,0
3460,9081114,30216,8,1,1,1,0,0,0
3461,9081114,30216,8,1,3,1,0,0,0
3462,9081114,30216,8,1,4,6,0,0,0
3463,9081114,10118,1,0,200342,1,0,0,0
3464,9081114,10118,2,0,200372,1,0,0,0
3465,9081114,10118,3,0,200462,1,0,0,0
3466,9081114,10118,4,0,200702,1,0,0,0
3467,9081114,10118,5,0,201072,1,0,0,0
3468,9081114,10118,6,0,202112,1,0,0,0
3469,9081114,10118,7,0,202652,1,0,0,0
3470,9081114,10118,8,1,1,1,0,0,0
3471,9081114,10118,8,1,3,1,0,0,0
3472,9081114,10118,8,1,4,6,0,0,0
3473,9081067,30221,1,0,200512,1,0,0,0
3474,9081067,30221,2,0,200742,1,0,0,0
3475,9081067,30221,3,0,200752,1,0,0,0
3476,9081067,30221,4,0,200762,1,0,0,0
3477,9081067,30221,5,0,201202,1,0,0,0
3478,9081067,30221,6,0,202192,1,0,0,0
3479,9081067,30221,7,0,202472,1,0,0,0
3480,9081067,30221,8,1,2,6,0,0,0
3481,9081067,30221,8,1,4,2,0,0,0
3482,9081055,20079,1,0,200012,1,0,0,0
3483,9081055,20079,2,0,200372,1,0,0,0
3484,9081055,20079,3,0,200462,1,0,0,0
3485,9081055,20079,4,0,200572,1,0,0,0
3486,9081055,20079,5,0,200722,1,0,0,0
3487,9081055,20079,6,0,201332,1,0,0,0
3488,9081055,20079,7,0,202082,1,0,0,0
3489,9081055,20079,8,1,1,1,0,0,0
3490,9081055,20079,8,1,3,1,0,0,0
3491,9081055,20079,8,1,4,6,0,0,0
3492,9081022,30214,8,0,203112,1,0,0,0
3493,9081022,30214,9,1,1,1,0,0,0
3494,9081022,30214,9,1,3,1,0,0,0
3495,9081022,30214,9,1,4,6,0,0,0
3496,9081010,30218,1,0,200682,1,0,0,0
3497,9081010,30218,2,0,201042,1,0,0,0
3498,9081010,30218,3,0,201072,1,0,0,0
3499,9081010,30218,4,0,201601,1,0,0,0
3500,9081010,30218,5,0,202502,1,0,0,0
3501,9081010,30218,6,0,202672,1,0,0,0
3502,9081010,30218,7,0,203022,1,0,0,0
3503,9081010,30218,8,0,203162,1,0,0,0
3504,9081010,30218,9,1,5,6,0,0,0
3505,9081010,30218,9,1,30,5,0,0,0
3507,9081005,30219,1,0,201322,1,0,0,0
3508,9081005,30219,2,0,201661,1,0,0,0
3509,9081005,30219,3,0,201902,1,0,0,0
3510,9081005,30219,4,0,202372,1,0,0,0
3511,9081005,30219,5,0,202472,1,0,0,0
3512,9081005,30219,6,0,202982,1,0,0,0
3513,9081005,30219,7,0,203042,1,0,0,0
3516,9081083,30220,1,0,200462,1,0,0,0
3517,9081083,30220,2,0,200472,1,0,0,0
3518,9081083,30220,3,0,200742,1,0,0,0
3519,9081083,30220,4,0,200762,1,0,0,0
3520,9081083,30220,5,0,201182,1,0,0,0
3521,9081083,30220,6,0,201222,1,0,0,0
3522,9081083,30220,7,0,202792,1,0,0,0
3523,9081083,30220,8,1,5,6,0,0,0
3524,9081083,30220,8,1,30,5,0,0,0
3525,9081081,30222,1,0,201072,1,0,0,0
3526,9081081,30222,2,0,201661,1,0,0,0
3527,9081081,30222,3,0,202252,1,0,0,0
3528,9081081,30222,4,0,202262,1,0,0,0
3529,9081081,30222,5,0,202302,1,0,0,0
3530,9081081,30222,6,0,202332,1,0,0,0
3531,9081081,30222,7,0,202952,1,0,0,0
3532,9081081,30222,8,0,203103,1,0,0,0
3533,9081081,30222,9,0,203182,1,0,0,0
3534,9081081,30222,10,1,2,2,0,0,0
3535,9081081,30222,10,1,3,6,0,0,0
3536,9081081,10110,1,0,201072,1,0,0,0
3537,9081081,10110,2,0,201661,1,0,0,0
3538,9081081,10110,3,0,202252,1,0,0,0
3539,9081081,10110,4,0,202262,1,0,0,0
3540,9081081,10110,5,0,202302,1,0,0,0
3541,9081081,10110,6,0,202332,1,0,0,0
3542,9081081,10110,7,0,202952,1,0,0,0
3543,9081081,10110,8,0,203103,1,0,0,0
3544,9081081,10110,9,0,203182,1,0,0,0
3545,9081081,10110,10,1,2,2,0,0,0
3546,9081081,10110,10,1,3,6,0,0,0
3547,9081076,20080,1,0,200442,1,0,0,0
3548,9081076,20080,2,0,200502,1,0,0,0
3549,9081076,20080,3,0,200742,1,0,0,0
3550,9081076,20080,4,0,201202,1,0,0,0
3551,9081076,20080,5,0,201222,1,0,0,0
3552,9081076,20080,6,0,202422,1,0,0,0
3553,9081076,20080,7,0,202662,1,0,0,0
3554,9081076,20080,8,1,5,6,0,0,0
3555,9081076,20080,8,1,30,5,0,0,0
3556,9081005,30219,8,1,1,1,0,0,0
3557,9081005,30219,8,1,3,1,0,0,0
3558,9081005,30219,8,1,4,6,0,0,0
3559,9081110,30217,1,0,200132,1,0,0,0
3560,9081110,30217,2,0,200462,1,0,0,0
3561,9081110,30217,3,0,200512,1,0,0,0
3563,9081110,30217,4,0,201702,1,0,0,0
3564,9081110,30217,5,0,202092,1,0,0,0
3565,9081110,30217,6,0,202472,1,0,0,0
3566,9081110,30217,7,1,5,6,0,0,0
3567,9081110,30217,7,1,30,5,0,0,0
3568,9081110,10115,1,0,200132,1,0,0,0
3569,9081110,10115,2,0,200462,1,0,0,0
3571,9081110,10115,3,0,200512,1,0,0,0
3572,9081110,10115,4,0,201702,1,0,0,0
3573,9081110,10115,5,0,202092,1,0,0,0
3574,9081110,10115,6,0,202472,1,0,0,0
3575,9081110,10115,7,1,5,6,0,0,0
3576,9081110,10115,7,1,30,5,0,0,0
3577,9081012,30223,1,0,200632,1,0,0,0
3578,9081012,30223,2,0,200642,1,0,0,0
3579,9081012,30223,3,0,201462,1,0,0,0
3580,9081012,30223,4,0,201591,1,0,0,0
3581,9081012,30223,5,0,201651,1,0,0,0
3582,9081012,30223,6,0,202872,1,0,0,0
3583,9081012,30223,7,0,202882,1,0,0,0
3584,9081012,30223,8,0,202912,1,0,0,0
3585,9081012,30223,9,1,1,1,0,0,0
3586,9081012,30223,9,1,3,1,0,0,0
3587,9081012,30223,9,1,4,6,0,0,0
3588,9081016,30224,1,0,201312,1,0,0,0
3589,9081016,30224,2,0,201322,1,0,0,0
3590,9081016,30224,3,0,201902,1,0,0,0
3591,9081016,30224,4,0,202472,1,0,0,0
3592,9081016,30224,5,0,202482,1,0,0,0
3593,9081016,30224,6,0,203222,1,0,0,0
3594,9081016,30224,7,0,203232,1,0,0,0
3595,9081016,30224,8,1,1,6,0,0,0
3596,9081016,30224,8,1,3,2,0,0,0
3597,9081056,30225,1,0,201412,1,0,0,0
3598,9081056,30225,2,0,201422,1,0,0,0
3599,9081056,30225,3,0,201562,1,0,0,0
3600,9081056,30225,4,0,201571,1,0,0,0
3601,9081056,30225,5,0,202542,1,0,0,0
3602,9081056,30225,6,0,202642,1,0,0,0
3603,9081056,30225,7,1,1,1,0,0,0
3604,9081056,30225,7,1,3,1,0,0,0
3605,9081056,30225,7,1,4,6,0,0,0
3606,9081036,30226,1,0,200142,1,0,0,0
3607,9081036,30226,2,0,200332,1,0,0,0
3609,9081036,30226,3,0,200512,1,0,0,0
3611,9081036,30226,4,0,201182,1,0,0,0
3612,9081036,30226,5,0,202522,1,0,0,0
3613,9081036,30226,6,0,203242,1,0,0,0
3614,9081036,30226,7,0,203252,1,0,0,0
3615,9081036,30226,8,1,2,6,0,0,0
3616,9081036,30226,8,1,4,2,0,0,0
3617,9081009,30227,1,0,200362,1,0,0,0
3618,9081009,30227,2,0,201252,1,0,0,0
3619,9081009,30227,3,0,201262,1,0,0,0
3620,9081009,30227,4,0,201272,1,0,0,0
3621,9081009,30227,5,0,201661,1,0,0,0
3622,9081009,30227,6,0,202802,1,0,0,0
3623,9081009,30227,7,0,202812,1,0,0,0
3624,9081009,30227,8,0,202822,1,0,0,0
3625,9081009,30227,9,0,203262,1,0,0,0
3626,9081009,30227,10,0,203272,1,0,0,0
3627,9081009,30227,11,1,5,6,0,0,0
3628,9081009,30227,11,1,30,5,0,0,0
3629,9081083,30228,1,0,200592,1,0,0,0
3630,9081083,30228,2,0,201392,1,0,0,0
3631,9081083,30228,3,0,201651,1,0,0,0
3632,9081083,30228,4,0,202452,1,0,0,0
3633,9081083,30228,5,0,202542,1,0,0,0
3634,9081083,30228,6,0,202592,1,0,0,0
3635,9081083,30228,7,0,202612,1,0,0,0
3636,9081083,30228,8,0,202622,1,0,0,0
3637,9081083,30228,9,1,2,2,0,0,0
3638,9081083,30228,9,1,3,6,0,0,0
3639,9081082,20081,1,0,200132,1,0,0,0
3640,9081082,20081,2,0,200462,1,0,0,0
3641,9081082,20081,3,0,200502,1,0,0,0
3642,9081082,20081,4,0,200682,1,0,0,0
3643,9081082,20081,5,0,201042,1,0,0,0
3644,9081082,20081,6,0,201062,1,0,0,0
3646,9081082,20081,7,0,202502,1,0,0,0
3647,9081082,20081,8,0,203022,1,0,0,0
3648,9081082,20081,9,1,2,2,0,0,0
3649,9081082,20081,9,1,3,6,0,0,0
3650,9081019,30229,1,0,201032,1,0,0,0
3651,9081019,30229,2,0,201042,1,0,0,0
3652,9081019,30229,3,0,201072,1,0,0,0
3653,9081019,30229,4,0,201651,1,0,0,0
3654,9081019,30229,5,0,202112,1,0,0,0
3655,9081019,30229,6,0,202402,1,0,0,0
3656,9081019,30229,7,0,202962,1,0,0,0
3657,9081019,30229,8,0,203022,1,0,0,0
3658,9081019,30229,9,1,5,6,0,0,0
3659,9081019,30229,9,1,30,5,0,0,0
3660,9081058,30230,1,0,200012,1,0,0,0
3661,9081058,30230,2,0,200602,1,0,0,0
3662,9081058,30230,3,0,201382,1,0,0,0
3663,9081058,30230,4,0,201412,1,0,0,0
3664,9081058,30230,5,0,201591,1,0,0,0
3665,9081058,30230,6,0,202152,1,0,0,0
3666,9081058,30230,7,0,202472,1,0,0,0
3667,9081058,30230,8,0,203362,1,0,0,0
3668,9081058,30230,9,1,1,6,0,0,0
3669,9081058,30230,9,1,3,2,0,0,0
3670,9081015,30231,1,0,200352,1,0,0,0
3671,9081015,30231,2,0,200462,1,0,0,0
3672,9081015,30231,3,0,200572,1,0,0,0
3673,9081015,30231,4,0,201312,1,0,0,0
3674,9081015,30231,5,0,201332,1,0,0,0
3675,9081015,30231,6,0,202762,1,0,0,0
3676,9081015,30231,7,1,2,2,0,0,0
3677,9081015,30231,7,1,3,6,0,0,0
3678,9081128,30232,1,0,200332,1,0,0,0
3679,9081128,30232,2,0,200562,1,0,0,0
3680,9081128,30232,3,0,201312,1,0,0,0
3681,9081128,30232,4,0,201591,1,0,0,0
3682,9081128,30232,5,0,202372,1,0,0,0
3683,9081128,30232,6,0,202772,1,0,0,0
3684,9081128,30232,7,0,203132,1,0,0,0
3685,9081128,30232,8,0,203412,1,0,0,0
3686,9081128,30232,9,0,203422,1,0,0,0
3687,9081128,30232,10,1,1,1,0,0,0
3688,9081128,30232,10,1,3,1,0,0,0
3689,9081128,30232,10,1,4,6,0,0,0
3690,9081128,10116,1,0,200332,1,0,0,0
3691,9081128,10116,2,0,200562,1,0,0,0
3692,9081128,10116,3,0,201312,1,0,0,0
3693,9081128,10116,4,0,201591,1,0,0,0
3694,9081128,10116,5,0,202372,1,0,0,0
3695,9081128,10116,6,0,202772,1,0,0,0
3696,9081128,10116,7,0,203132,1,0,0,0
3697,9081128,10116,8,0,203412,1,0,0,0
3698,9081128,10116,9,0,203422,1,0,0,0
3699,9081128,10116,10,1,1,1,0,0,0
3700,9081128,10116,10,1,3,1,0,0,0
3701,9081128,10116,10,1,4,6,0,0,0
3702,9081124,20082,1,0,200462,1,0,0,0
3703,9081124,20082,2,0,200502,1,0,0,0
3704,9081124,20082,3,0,201352,1,0,0,0
3705,9081124,20082,4,0,202412,1,0,0,0
3706,9081124,20082,5,0,202802,1,0,0,0
3707,9081124,20082,6,0,202982,1,0,0,0
3708,9081124,20082,7,1,1,6,0,0,0
3709,9081124,20082,7,1,3,2,0,0,0
3710,9081124,10111,1,0,200462,1,0,0,0
3711,9081124,10111,2,0,200502,1,0,0,0
3712,9081124,10111,3,0,201352,1,0,0,0
3713,9081124,10111,4,0,202412,1,0,0,0
3714,9081124,10111,5,0,202802,1,0,0,0
3715,9081124,10111,6,0,202982,1,0,0,0
3716,9081124,10111,7,1,1,6,0,0,0
3717,9081124,10111,7,1,3,2,0,0,0
3718,9081017,30233,1,0,201102,1,0,0,0
3719,9081017,30233,2,0,201591,1,0,0,0
3720,9081017,30233,3,0,201611,1,0,0,0
3721,9081017,30233,4,0,201651,1,0,0,0
3722,9081017,30233,5,0,202172,1,0,0,0
3723,9081017,30233,6,0,202552,1,0,0,0
3724,9081017,30233,7,0,202712,1,0,0,0
3725,9081017,30233,8,0,202802,1,0,0,0
3726,9081017,30233,9,0,203432,1,0,0,0
3727,9081017,30233,10,1,5,6,0,0,0
3728,9081017,30233,10,1,30,5,0,0,0
3729,9081071,30234,1,0,200022,1,0,0,0
3730,9081071,30234,2,0,201322,1,0,0,0
3731,9081071,30234,3,0,202372,1,0,0,0
3732,9081071,30234,4,0,202532,1,0,0,0
3733,9081071,30234,5,0,202742,1,0,0,0
3734,9081071,30234,6,0,202982,1,0,0,0
3735,9081071,30234,7,0,203032,1,0,0,0
3736,9081071,30234,8,0,203132,1,0,0,0
3737,9081071,30234,9,0,203232,1,0,0,0
3738,9081071,30234,10,0,203442,1,0,0,0
3739,9081071,30234,11,1,2,2,0,0,0
3740,9081071,30234,11,1,3,6,0,0,0
3741,9081004,30235,1,0,200372,1,0,0,0
3742,9081004,30235,2,0,200432,1,0,0,0
3743,9081004,30235,3,0,200552,1,0,0,0
3744,9081004,30235,4,0,201252,1,0,0,0
3745,9081004,30235,5,0,201282,1,0,0,0
3746,9081004,30235,6,0,201522,1,0,0,0
3747,9081004,30235,7,0,201661,1,0,0,0
3748,9081004,30235,8,0,203032,1,0,0,0
3749,9081004,30235,9,1,1,6,0,0,0
3750,9081004,30235,9,1,3,2,0,0,0
3751,9081042,30236,1,0,200652,1,0,0,0
3752,9081042,30236,2,0,200962,1,0,0,0
3753,9081042,30236,3,0,200972,1,0,0,0
3754,9081042,30236,4,0,202402,1,0,0,0
3755,9081042,30236,5,0,203012,1,0,0,0
3756,9081042,30236,6,0,203042,1,0,0,0
3757,9081042,30236,7,0,203452,1,0,0,0
3758,9081042,30236,8,1,1,6,0,0,0
3759,9081042,30236,8,1,3,2,0,0,0
3760,9081086,20083,1,0,200462,1,0,0,0
3761,9081086,20083,2,0,200732,1,0,0,0
3762,9081086,20083,3,0,201142,1,0,0,0
3763,9081086,20083,4,0,201702,1,0,0,0
3764,9081086,20083,5,0,202092,1,0,0,0
3765,9081086,20083,6,0,202532,1,0,0,0
3766,9081086,20083,7,0,203312,1,0,0,0
3767,9081086,20083,8,1,2,6,0,0,0
3768,9081086,20083,8,1,4,2,0,0,0
3769,9081038,30237,1,0,200432,1,0,0,0
3770,9081038,30237,2,0,200652,1,0,0,0
3771,9081038,30237,3,0,200962,1,0,0,0
3772,9081038,30237,4,0,200972,1,0,0,0
3773,9081038,30237,5,0,201601,1,0,0,0
3774,9081038,30237,6,0,202042,1,0,0,0
3775,9081038,30237,7,0,202862,1,0,0,0
3776,9081038,30237,8,0,203012,1,0,0,0
3777,9081038,30237,9,0,203492,1,0,0,0
3778,9081038,30237,10,1,1,1,0,0,0
3779,9081038,30237,10,1,3,1,0,0,0
3780,9081038,30237,10,1,4,6,0,0,0
3781,9081063,30238,1,0,201032,1,0,0,0
3782,9081063,30238,2,0,201042,1,0,0,0
3783,9081063,30238,3,0,201072,1,0,0,0
3784,9081063,30238,4,0,201601,1,0,0,0
3785,9081063,30238,5,0,202502,1,0,0,0
3786,9081063,30238,6,0,202652,1,0,0,0
3787,9081063,30238,7,0,202962,1,0,0,0
3788,9081063,30238,8,0,203022,1,0,0,0
3789,9081063,30238,9,0,203042,1,0,0,0
3790,9081063,30238,10,1,5,6,0,0,0
3791,9081063,30238,10,1,30,5,0,0,0
3792,9081060,30239,1,0,200442,1,0,0,0
3793,9081060,30239,2,0,200472,1,0,0,0
3794,9081060,30239,3,0,200592,1,0,0,0
3795,9081060,30239,4,0,200781,1,0,0,0
3796,9081060,30239,5,0,201152,1,0,0,0
3797,9081060,30239,6,0,201692,1,0,0,0
3798,9081060,30239,7,0,202102,1,0,0,0
3799,9081060,30239,8,0,202122,1,0,0,0
3800,9081060,30239,9,1,2,6,0,0,0
3801,9081060,30239,9,1,4,2,0,0,0
3802,9081094,30240,1,0,200032,1,0,0,0
3803,9081094,30240,2,0,200502,1,0,0,0
3804,9081094,30240,3,0,200512,1,0,0,0
3805,9081094,30240,4,0,200612,1,0,0,0
3806,9081094,30240,5,0,201382,1,0,0,0
3807,9081094,30240,6,0,201402,1,0,0,0
3808,9081094,30240,7,0,201422,1,0,0,0
3809,9081094,30240,8,0,201542,1,0,0,0
3810,9081094,30240,9,1,2,6,0,0,0
3811,9081094,30240,9,1,4,2,0,0,0
3832,9081131,30243,1,0,200132,1,0,0,0
3833,9081131,30243,2,0,200702,1,0,0,0
3834,9081131,30243,3,0,202112,1,0,0,0
3835,9081131,30243,4,0,202552,1,0,0,0
3836,9081131,30243,5,0,202652,1,0,0,0
3837,9081131,30243,6,0,203042,1,0,0,0
3838,9081131,30243,7,0,203362,1,0,0,0
3839,9081131,30243,8,1,2,2,0,0,0
3840,9081131,30243,8,1,3,6,0,0,0
3841,9081131,10124,1,0,200132,1,0,0,0
3842,9081131,10124,2,0,200702,1,0,0,0
3843,9081131,10124,3,0,202112,1,0,0,0
3844,9081131,10124,4,0,202552,1,0,0,0
3845,9081131,10124,5,0,202652,1,0,0,0
3846,9081131,10124,6,0,203042,1,0,0,0
3847,9081131,10124,7,0,203362,1,0,0,0
3848,9081131,10124,8,1,2,2,0,0,0
3849,9081131,10124,8,1,3,6,0,0,0
3850,9081130,20084,1,0,200142,1,0,0,0
3851,9081130,20084,2,0,200342,1,0,0,0
3852,9081130,20084,3,0,200732,1,0,0,0
3853,9081130,20084,4,0,201112,1,0,0,0
3854,9081130,20084,5,0,201142,1,0,0,0
3855,9081130,20084,6,0,202652,1,0,0,0
3856,9081130,20084,7,0,203312,1,0,0,0
3857,9081130,20084,8,1,5,6,0,0,0
3858,9081130,20084,8,1,30,5,0,0,0
3859,9081130,10123,1,0,200142,1,0,0,0
3860,9081130,10123,2,0,200342,1,0,0,0
3861,9081130,10123,3,0,200732,1,0,0,0
3862,9081130,10123,4,0,201112,1,0,0,0
3863,9081130,10123,5,0,201142,1,0,0,0
3864,9081130,10123,6,0,202652,1,0,0,0
3865,9081130,10123,7,0,203312,1,0,0,0
3866,9081130,10123,8,1,5,6,0,0,0
3867,9081130,10123,8,1,30,5,0,0,0
3868,9081013,20085,1,0,200472,1,0,0,0
3869,9081013,20085,2,0,200482,1,0,0,0
3870,9081013,20085,3,0,200742,1,0,0,0
3871,9081013,20085,4,0,201532,1,0,0,0
3872,9081013,20085,5,0,202372,1,0,0,0
3873,9081013,20085,6,0,202762,1,0,0,0
3874,9081013,20085,7,0,203132,1,0,0,0
3875,9081013,20085,8,0,203302,1,0,0,0
3876,9081013,20085,9,1,1,1,0,0,0
3877,9081013,20085,9,1,3,1,0,0,0
3878,9081013,20085,9,1,4,6,0,0,0
3900,9081129,30242,1,0,200332,1,0,0,0
3901,9081129,30242,2,0,200362,1,0,0,0
3902,9081129,30242,3,0,200492,1,0,0,0
3903,9081129,30242,4,0,201591,1,0,0,0
3904,9081129,30242,5,0,201611,1,0,0,0
3905,9081129,30242,6,0,202702,1,0,0,0
3906,9081129,30242,7,0,202982,1,0,0,0
3907,9081129,30242,8,0,203122,1,0,0,0
3908,9081129,30242,9,0,203432,1,0,0,0
3909,9081129,30242,10,0,203442,1,0,0,0
3910,9081129,30242,11,1,1,6,0,0,0
3911,9081129,30242,11,1,3,2,0,0,0
3912,9081129,10122,1,0,200332,1,0,0,0
3913,9081129,10122,2,0,200362,1,0,0,0
3914,9081129,10122,3,0,200492,1,0,0,0
3915,9081129,10122,4,0,201591,1,0,0,0
3916,9081129,10122,5,0,201611,1,0,0,0
3917,9081129,10122,6,0,202702,1,0,0,0
3918,9081129,10122,7,0,202982,1,0,0,0
3919,9081129,10122,8,0,203122,1,0,0,0
3920,9081129,10122,9,0,203432,1,0,0,0
3921,9081129,10122,10,0,203442,1,0,0,0
3922,9081129,10122,11,1,1,6,0,0,0
3923,9081129,10122,11,1,3,2,0,0,0
3924,9081074,30244,1,0,200172,1,0,0,0
3925,9081074,30244,2,0,201172,1,0,0,0
3926,9081074,30244,3,0,201222,1,0,0,0
3927,9081074,30244,4,0,201382,1,0,0,0
3928,9081074,30244,5,0,201692,1,0,0,0
3929,9081074,30244,6,0,202422,1,0,0,0
3930,9081074,30244,7,0,202562,1,0,0,0
3931,9081074,30244,8,0,202592,1,0,0,0
3932,9081074,30244,9,0,203242,1,0,0,0
3933,9081074,30244,10,0,203332,1,0,0,0
3934,9081074,30244,11,0,203562,1,0,0,0
3935,9081074,30244,12,1,2,6,0,0,0
3936,9081074,30244,12,1,4,2,0,0,0
3937,9081030,20086,1,0,200062,1,0,0,0
3938,9081030,20086,2,0,200742,1,0,0,0
3939,9081030,20086,3,0,201352,1,0,0,0
3940,9081030,20086,4,0,201581,1,0,0,0
3941,9081030,20086,5,0,202722,1,0,0,0
3942,9081030,20086,6,0,202772,1,0,0,0
3943,9081030,20086,7,0,203302,1,0,0,0
3944,9081030,20086,8,1,1,6,0,0,0
3945,9081030,20086,8,1,3,2,0,0,0
3946,9081008,30245,1,0,200022,1,0,0,0
3947,9081008,30245,2,0,201112,1,0,0,0
3948,9081008,30245,3,0,201382,1,0,0,0
3949,9081008,30245,4,0,201392,1,0,0,0
3950,9081008,30245,5,0,202452,1,0,0,0
3951,9081008,30245,6,0,202612,1,0,0,0
3952,9081008,30245,7,0,202652,1,0,0,0
3953,9081008,30245,8,0,202712,1,0,0,0
3954,9081008,30245,9,0,203312,1,0,0,0
3955,9081008,30245,10,0,203572,1,0,0,0
3956,9081008,30245,11,1,2,2,0,0,0
3957,9081008,30245,11,1,3,6,0,0,0
3958,9081119,30246,1,0,200012,1,0,0,0
3959,9081119,30246,2,0,200492,1,0,0,0
3960,9081119,30246,3,0,200632,1,0,0,0
3961,9081119,30246,4,0,201462,1,0,0,0
3962,9081119,30246,5,0,202022,1,0,0,0
3963,9081119,30246,6,0,202882,1,0,0,0
3964,9081119,30246,7,0,202902,1,0,0,0
3965,9081119,30246,8,0,202922,1,0,0,0
3966,9081119,30246,9,0,202932,1,0,0,0
3967,9081119,30246,10,0,203582,1,0,0,0
3968,9081119,30246,11,1,1,6,0,0,0
3969,9081119,30246,11,1,3,2,0,0,0
3970,9081083,30247,1,0,200472,1,0,0,0
3971,9081083,30247,2,0,200512,1,0,0,0
3972,9081083,30247,3,0,200742,1,0,0,0
3973,9081083,30247,4,0,201212,1,0,0,0
3974,9081083,30247,5,0,201222,1,0,0,0
3975,9081083,30247,6,0,202072,1,0,0,0
3976,9081083,30247,7,0,202562,1,0,0,0
3977,9081083,30247,8,0,203302,1,0,0,0
3978,9081083,30247,9,1,1,6,0,0,0
3979,9081083,30247,9,1,3,2,0,0,0
3980,9081119,10119,1,0,200012,1,0,0,0
3981,9081119,10119,2,0,200492,1,0,0,0
3982,9081119,10119,3,0,200632,1,0,0,0
3983,9081119,10119,4,0,201462,1,0,0,0
3984,9081119,10119,5,0,202022,1,0,0,0
3985,9081119,10119,6,0,202882,1,0,0,0
3986,9081119,10119,7,0,202902,1,0,0,0
3987,9081119,10119,8,0,202922,1,0,0,0
3988,9081119,10119,9,0,202932,1,0,0,0
3989,9081119,10119,10,0,203582,1,0,0,0
3990,9081119,10119,11,1,1,6,0,0,0
3991,9081119,10119,11,1,3,2,0,0,0
3992,9081075,30248,1,0,200172,1,0,0,0
3993,9081075,30248,2,0,200592,1,0,0,0
3994,9081075,30248,3,0,201382,1,0,0,0
3995,9081075,30248,4,0,201412,1,0,0,0
3996,9081075,30248,5,0,202172,1,0,0,0
3997,9081075,30248,6,0,202452,1,0,0,0
3998,9081075,30248,7,0,202612,1,0,0,0
3999,9081075,30248,8,0,202622,1,0,0,0
4000,9081075,30248,9,0,203322,1,0,0,0
4001,9081075,30248,10,0,203592,1,0,0,0
4002,9081075,30248,11,1,5,6,0,0,0
4003,9081075,30248,11,1,30,5,0,0,0
4004,9081075,10120,1,0,200172,1,0,0,0
4005,9081075,10120,2,0,200592,1,0,0,0
4006,9081075,10120,3,0,201382,1,0,0,0
4007,9081075,10120,4,0,201412,1,0,0,0
4008,9081075,10120,5,0,202172,1,0,0,0
4009,9081075,10120,6,0,202452,1,0,0,0
4010,9081075,10120,7,0,202612,1,0,0,0
4011,9081075,10120,8,0,202622,1,0,0,0
4012,9081075,10120,9,0,203322,1,0,0,0
4013,9081075,10120,10,0,203592,1,0,0,0
4014,9081075,10120,11,1,5,6,0,0,0
4015,9081075,10120,11,1,30,5,0,0,0
4016,9081112,20087,1,0,200462,1,0,0,0
4017,9081112,20087,2,0,200502,1,0,0,0
4018,9081112,20087,3,0,200582,1,0,0,0
4019,9081112,20087,4,0,200682,1,0,0,0
4020,9081112,20087,5,0,201052,1,0,0,0
4021,9081112,20087,6,0,201072,1,0,0,0
4022,9081112,20087,7,0,201631,1,0,0,0
4023,9081112,20087,8,0,203022,1,0,0,0
4024,9081112,20087,9,1,2,2,0,0,0
4025,9081112,20087,9,1,3,6,0,0,0
4026,9081112,10121,1,0,200462,1,0,0,0
4027,9081112,10121,2,0,200502,1,0,0,0
4028,9081112,10121,3,0,200582,1,0,0,0
4029,9081112,10121,4,0,200682,1,0,0,0
4030,9081112,10121,5,0,201052,1,0,0,0
4031,9081112,10121,6,0,201072,1,0,0,0
4032,9081112,10121,7,0,201631,1,0,0,0
4033,9081112,10121,8,0,203022,1,0,0,0
4034,9081112,10121,9,1,2,2,0,0,0
4035,9081112,10121,9,1,3,6,0,0,0
4036,9081080,30249,1,0,201601,1,0,0,0
4037,9081080,30249,2,0,201661,1,0,0,0
4038,9081080,30249,3,0,201672,1,0,0,0
4039,9081080,30249,4,0,201682,1,0,0,0
4040,9081080,30249,5,0,202332,1,0,0,0
4041,9081080,30249,6,0,202952,1,0,0,0
4042,9081080,30249,7,0,203093,1,0,0,0
4043,9081080,30249,8,0,203103,1,0,0,0
4044,9081080,30249,9,0,203182,1,0,0,0
4045,9081080,30249,10,0,203602,1,0,0,0
4046,9081080,30249,11,1,1,1,0,0,0
4047,9081080,30249,11,1,3,1,0,0,0
4048,9081080,30249,11,1,4,6,0,0,0
4049,9081080,10125,1,0,201601,1,0,0,0
4050,9081080,10125,2,0,201661,1,0,0,0
4051,9081080,10125,3,0,201672,1,0,0,0
4052,9081080,10125,4,0,201682,1,0,0,0
4053,9081080,10125,5,0,202332,1,0,0,0
4054,9081080,10125,6,0,202952,1,0,0,0
4055,9081080,10125,7,0,203093,1,0,0,0
4056,9081080,10125,8,0,203103,1,0,0,0
4057,9081080,10125,9,0,203182,1,0,0,0
4058,9081080,10125,10,0,203602,1,0,0,0
4059,9081080,10125,11,1,1,1,0,0,0
4060,9081080,10125,11,1,3,1,0,0,0
4061,9081080,10125,11,1,4,6,0,0,0
4062,9081114,30250,1,0,201102,1,0,0,0
4063,9081114,30250,2,0,201462,1,0,0,0
4064,9081114,30250,3,0,202102,1,0,0,0
4065,9081114,30250,4,0,202532,1,0,0,0
4066,9081114,30250,5,0,202872,1,0,0,0
4067,9081114,30250,6,0,203172,1,0,0,0
4068,9081114,30250,7,0,203342,1,0,0,0
4069,9081114,30250,8,0,203432,1,0,0,0
4070,9081114,30250,9,0,203522,1,0,0,0
4071,9081114,30250,10,0,203532,1,0,0,0
4072,9081114,30250,11,1,2,2,0,0,0
4073,9081114,30250,11,1,3,6,0,0,0
4074,9081081,30251,1,0,200462,1,0,0,0
4075,9081081,30251,2,0,200502,1,0,0,0
4076,9081081,30251,3,0,201032,1,0,0,0
4077,9081081,30251,4,0,202282,1,0,0,0
4078,9081081,30251,5,0,202302,1,0,0,0
4079,9081081,30251,6,0,202343,1,0,0,0
4080,9081081,30251,7,0,202652,1,0,0,0
4081,9081081,30251,8,0,203022,1,0,0,0
4082,9081081,30251,9,1,1,1,0,0,0
4083,9081081,30251,9,1,3,1,0,0,0
4084,9081081,30251,9,1,4,6,0,0,0
4085,9081013,30260,1,0,200502,1,0,0,0
4086,9081013,30260,2,0,200762,1,0,0,0
4087,9081013,30260,3,0,201182,1,0,0,0
4088,9081013,30260,4,0,201352,1,0,0,0
4089,9081013,30260,5,0,201532,1,0,0,0
4090,9081013,30260,6,0,202372,1,0,0,0
4091,9081013,30260,7,0,202762,1,0,0,0
4092,9081013,30260,8,1,1,6,0,0,0
4093,9081013,30260,8,1,3,2,0,0,0
4094,9081002,30252,1,0,200452,1,0,0,0
4095,9081002,30252,2,0,200542,1,0,0,0
4096,9081002,30252,3,0,201242,1,0,0,0
4097,9081002,30252,4,0,201601,1,0,0,0
4098,9081002,30252,5,0,202692,1,0,0,0
4099,9081002,30252,6,0,203032,1,0,0,0
4100,9081002,30252,7,0,203382,1,0,0,0
4101,9081002,30252,8,0,203392,1,0,0,0
4102,9081002,30252,9,0,203402,1,0,0,0
4103,9081002,30252,10,0,203462,1,0,0,0
4104,9081002,30252,11,1,1,1,0,0,0
4105,9081002,30252,11,1,3,1,0,0,0
4106,9081002,30252,11,1,4,6,0,0,0
4107,9081134,20088,1,0,200352,1,0,0,0
4108,9081134,20088,2,0,200462,1,0,0,0
4109,9081134,20088,3,0,200572,1,0,0,0
4110,9081134,20088,4,0,201142,1,0,0,0
4111,9081134,20088,5,0,201352,1,0,0,0
4112,9081134,20088,6,0,202372,1,0,0,0
4113,9081134,20088,7,0,202762,1,0,0,0
4114,9081134,20088,8,0,202982,1,0,0,0
4115,9081134,20088,9,0,203312,1,0,0,0
4116,9081134,20088,10,1,2,6,0,0,0
4117,9081134,20088,10,1,4,2,0,0,0
4118,9081134,10126,1,0,200352,1,0,0,0
4119,9081134,10126,2,0,200462,1,0,0,0
4120,9081134,10126,3,0,200572,1,0,0,0
4121,9081134,10126,4,0,201142,1,0,0,0
4122,9081134,10126,5,0,201352,1,0,0,0
4123,9081134,10126,6,0,202372,1,0,0,0
4124,9081134,10126,7,0,202762,1,0,0,0
4125,9081134,10126,8,0,202982,1,0,0,0
4126,9081134,10126,9,0,203312,1,0,0,0
4127,9081134,10126,10,1,2,6,0,0,0
4128,9081134,10126,10,1,4,2,0,0,0
4129,9081109,30253,1,0,200682,1,0,0,0
4130,9081109,30253,2,0,201032,1,0,0,0
4131,9081109,30253,3,0,201052,1,0,0,0
4132,9081109,30253,4,0,201082,1,0,0,0
4133,9081109,30253,5,0,201601,1,0,0,0
4134,9081109,30253,6,0,202402,1,0,0,0
4135,9081109,30253,7,0,202672,1,0,0,0
4136,9081109,30253,8,0,203022,1,0,0,0
4137,9081109,30253,9,0,203032,1,0,0,0
4138,9081109,30253,10,0,203472,1,0,0,0
4139,9081109,30253,11,1,1,6,0,0,0
4140,9081109,30253,11,1,3,2,0,0,0
4141,9081112,30254,1,0,201042,1,0,0,0
4142,9081112,30254,2,0,201072,1,0,0,0
4143,9081112,30254,3,0,201312,1,0,0,0
4144,9081112,30254,4,0,201902,1,0,0,0
4145,9081112,30254,5,0,202502,1,0,0,0
4146,9081112,30254,6,0,202652,1,0,0,0
4147,9081112,30254,7,0,203042,1,0,0,0
4148,9081112,30254,8,0,203162,1,0,0,0
4149,9081112,30254,9,0,203422,1,0,0,0
4150,9081112,30254,10,1,5,6,0,0,0
4151,9081112,30254,10,1,30,5,0,0,0
4152,9081111,30255,1,0,200132,1,0,0,0
4153,9081111,30255,2,0,200502,1,0,0,0
4154,9081111,30255,3,0,200592,1,0,0,0
4155,9081111,30255,4,0,201402,1,0,0,0
4156,9081111,30255,5,0,201581,1,0,0,0
4157,9081111,30255,6,0,203242,1,0,0,0
4158,9081111,30255,7,0,203322,1,0,0,0
4159,9081111,30255,8,1,5,6,0,0,0
4160,9081111,30255,8,1,30,5,0,0,0
4161,9081111,10127,1,0,200132,1,0,0,0
4162,9081111,10127,2,0,200502,1,0,0,0
4163,9081111,10127,3,0,200592,1,0,0,0
4164,9081111,10127,4,0,201402,1,0,0,0
4165,9081111,10127,5,0,201581,1,0,0,0
4166,9081111,10127,6,0,203242,1,0,0,0
4167,9081111,10127,7,0,203322,1,0,0,0
4168,9081111,10127,8,1,5,6,0,0,0
4169,9081111,10127,8,1,30,5,0,0,0
4170,9081021,30256,1,0,200492,1,0,0,0
4171,9081021,30256,2,0,200512,1,0,0,0
4172,9081021,30256,3,0,201611,1,0,0,0
4173,9081021,30256,4,0,202522,1,0,0,0
4174,9081021,30256,5,0,202552,1,0,0,0
4175,9081021,30256,6,0,203362,1,0,0,0
4176,9081021,30256,7,0,203502,1,0,0,0
4177,9081021,30256,8,0,203662,1,0,0,0
4178,9081021,30256,9,1,2,2,0,0,0
4179,9081021,30256,9,1,3,6,0,0,0
4191,9081039,20089,1,0,200342,1,0,0,0
4192,9081039,20089,2,0,201132,1,0,0,0
4193,9081039,20089,3,0,201631,1,0,0,0
4194,9081039,20089,4,0,202102,1,0,0,0
4195,9081039,20089,5,0,202472,1,0,0,0
4196,9081039,20089,6,0,202722,1,0,0,0
4197,9081039,20089,7,0,203592,1,0,0,0
4198,9081039,20089,8,1,1,1,0,0,0
4199,9081039,20089,8,1,3,1,0,0,0
4200,9081039,20089,8,1,4,6,0,0,0
4201,9081113,30259,1,0,200502,1,0,0,0
4202,9081113,30259,2,0,200512,1,0,0,0
4203,9081113,30259,3,0,200572,1,0,0,0
4204,9081113,30259,4,0,201322,1,0,0,0
4205,9081113,30259,5,0,201342,1,0,0,0
4206,9081113,30259,6,0,202432,1,0,0,0
4207,9081113,30259,7,0,202982,1,0,0,0
4208,9081113,30259,8,1,1,6,0,0,0
4209,9081113,30259,8,1,3,2,0,0,0
4210,9081113,10129,1,0,200502,1,0,0,0
4211,9081113,10129,2,0,200512,1,0,0,0
4212,9081113,10129,3,0,200572,1,0,0,0
4213,9081113,10129,4,0,201322,1,0,0,0
4214,9081113,10129,5,0,201342,1,0,0,0
4215,9081113,10129,6,0,202432,1,0,0,0
4216,9081113,10129,7,0,202982,1,0,0,0
4217,9081113,10129,8,1,1,6,0,0,0
4218,9081113,10129,8,1,3,2,0,0,0
4243,9081108,30262,1,0,200642,1,0,0,0
4244,9081108,30262,2,0,201452,1,0,0,0
4245,9081108,30262,3,0,201462,1,0,0,0
4246,9081108,30262,4,0,201651,1,0,0,0
4247,9081108,30262,5,0,202382,1,0,0,0
4248,9081108,30262,6,0,202892,1,0,0,0
4249,9081108,30262,7,0,203152,1,0,0,0
4250,9081108,30262,8,0,203512,1,0,0,0
4251,9081108,30262,9,0,203752,1,0,0,0
4252,9081108,30262,10,0,203762,1,0,0,0
4253,9081108,30262,11,1,2,6,0,0,0
4254,9081108,30262,11,1,4,2,0,0,0
4255,9081091,30263,1,0,201062,1,0,0,0
4256,9081091,30263,2,0,201072,1,0,0,0
4257,9081091,30263,3,0,201412,1,0,0,0
4258,9081091,30263,4,0,201542,1,0,0,0
4259,9081091,30263,5,0,202172,1,0,0,0
4260,9081091,30263,6,0,202642,1,0,0,0
4261,9081091,30263,7,0,202652,1,0,0,0
4262,9081091,30263,8,1,2,2,0,0,0
4263,9081091,30263,8,1,3,6,0,0,0
4264,9081027,30258,1,0,200602,1,0,0,0
4265,9081027,30258,2,0,201392,1,0,0,0
4266,9081027,30258,3,0,201702,1,0,0,0
4267,9081027,30258,4,0,202082,1,0,0,0
4268,9081027,30258,5,0,202102,1,0,0,0
4269,9081027,30258,6,0,202122,1,0,0,0
4270,9081027,30258,7,0,203322,1,0,0,0
4271,9081027,30258,8,0,203332,1,0,0,0
4272,9081027,30258,9,0,203572,1,0,0,0
4273,9081027,30258,10,0,203682,1,0,0,0
4274,9081027,30258,11,1,2,6,0,0,0
4275,9081027,30258,11,1,4,2,0,0,0
4276,9081117,30261,1,0,200012,1,0,0,0
4277,9081117,30261,2,0,200182,1,0,0,0
4278,9081117,30261,3,0,200382,1,0,0,0
4279,9081117,30261,4,0,200752,1,0,0,0
4280,9081117,30261,5,0,201172,1,0,0,0
4281,9081117,30261,6,0,202582,1,0,0,0
4282,9081117,30261,7,0,202852,1,0,0,0
4283,9081117,30261,8,0,203562,1,0,0,0
4284,9081117,30261,9,0,203652,1,0,0,0
4285,9081117,30261,10,0,203732,1,0,0,0
4286,9081117,30261,11,0,203772,1,0,0,0
4287,9081117,30261,12,1,5,6,0,0,0
4288,9081117,30261,12,1,30,5,0,0,0
4289,9081117,10131,1,0,200012,1,0,0,0
4290,9081117,10131,2,0,200182,1,0,0,0
4291,9081117,10131,3,0,200382,1,0,0,0
4292,9081117,10131,4,0,200752,1,0,0,0
4293,9081117,10131,5,0,201172,1,0,0,0
4294,9081117,10131,6,0,202582,1,0,0,0
4295,9081117,10131,7,0,202852,1,0,0,0
4296,9081117,10131,8,0,203562,1,0,0,0
4297,9081117,10131,9,0,203652,1,0,0,0
4298,9081117,10131,10,0,203732,1,0,0,0
4299,9081117,10131,11,0,203772,1,0,0,0
4300,9081117,10131,12,1,5,6,0,0,0
4301,9081117,10131,12,1,30,5,0,0,0
4326,9081118,30265,1,0,200192,1,0,0,0
4327,9081118,30265,2,0,201102,1,0,0,0
4328,9081118,30265,3,0,201112,1,0,0,0
4329,9081118,30265,4,0,201412,1,0,0,0
4330,9081118,30265,5,0,202122,1,0,0,0
4331,9081118,30265,6,0,203322,1,0,0,0
4332,9081118,30265,7,0,203432,1,0,0,0
4333,9081118,30265,8,0,203572,1,0,0,0
4334,9081118,30265,9,0,203672,1,0,0,0
4335,9081118,30265,10,0,203832,1,0,0,0
4336,9081118,30265,11,0,203842,1,0,0,0
4337,9081118,30265,12,1,1,6,0,0,0
4338,9081118,30265,12,1,3,2,0,0,0
4339,9081118,10133,1,0,200192,1,0,0,0
4340,9081118,10133,2,0,201102,1,0,0,0
4341,9081118,10133,3,0,201112,1,0,0,0
4342,9081118,10133,4,0,201412,1,0,0,0
4343,9081118,10133,5,0,202122,1,0,0,0
4344,9081118,10133,6,0,203322,1,0,0,0
4345,9081118,10133,7,0,203432,1,0,0,0
4346,9081118,10133,8,0,203572,1,0,0,0
4347,9081118,10133,9,0,203672,1,0,0,0
4348,9081118,10133,10,0,203832,1,0,0,0
4349,9081118,10133,11,0,203842,1,0,0,0
4350,9081118,10133,12,1,1,6,0,0,0
4351,9081118,10133,12,1,3,2,0,0,0
4352,9081133,30266,1,0,200142,1,0,0,0
4353,9081133,30266,2,0,200482,1,0,0,0
4354,9081133,30266,3,0,202472,1,0,0,0
4355,9081133,30266,4,0,203052,1,0,0,0
4356,9081133,30266,5,0,203142,1,0,0,0
4357,9081133,30266,6,0,203232,1,0,0,0
4358,9081133,30266,7,1,5,6,0,0,0
4359,9081133,30266,7,1,30,5,0,0,0
4360,9081133,10134,1,0,200142,1,0,0,0
4361,9081133,10134,2,0,200482,1,0,0,0
4362,9081133,10134,3,0,202472,1,0,0,0
4363,9081133,10134,4,0,203052,1,0,0,0
4364,9081133,10134,5,0,203142,1,0,0,0
4365,9081133,10134,6,0,203232,1,0,0,0
4366,9081133,10134,7,1,5,6,0,0,0
4367,9081133,10134,7,1,30,5,0,0,0
4368,9081003,30275,1,0,201312,1,0,0,0
4369,9081003,30275,2,0,201322,1,0,0,0
4370,9081003,30275,3,0,201902,1,0,0,0
4371,9081003,30275,4,0,202372,1,0,0,0
4372,9081003,30275,5,0,203122,1,0,0,0
4373,9081003,30275,6,0,203232,1,0,0,0
4374,9081003,30275,7,0,203422,1,0,0,0
4375,9081003,30275,8,0,203442,1,0,0,0
4376,9081003,30275,9,0,203642,1,0,0,0
4377,9081003,30275,10,0,203712,1,0,0,0
4378,9081003,30275,11,0,203992,1,0,0,0
4379,9081003,30275,12,0,204002,1,0,0,0
4380,9081003,30275,13,1,1,6,0,0,0
4381,9081003,30275,13,1,3,2,0,0,0
4410,9081121,30268,1,0,200152,1,0,0,0
4411,9081121,30268,2,0,200362,1,0,0,0
4412,9081121,30268,3,0,201452,1,0,0,0
4413,9081121,30268,4,0,202382,1,0,0,0
4414,9081121,30268,5,0,202402,1,0,0,0
4415,9081121,30268,6,0,202922,1,0,0,0
4416,9081121,30268,7,0,203152,1,0,0,0
4417,9081121,30268,8,0,203762,1,0,0,0
4418,9081121,30268,9,0,203892,1,0,0,0
4419,9081121,30268,10,0,203902,1,0,0,0
4420,9081121,30268,11,1,5,6,0,0,0
4421,9081121,30268,11,1,30,5,0,0,0
4422,9081121,10136,1,0,200152,1,0,0,0
4423,9081121,10136,2,0,200362,1,0,0,0
4424,9081121,10136,3,0,201452,1,0,0,0
4425,9081121,10136,4,0,202382,1,0,0,0
4426,9081121,10136,5,0,202402,1,0,0,0
4427,9081121,10136,6,0,202922,1,0,0,0
4428,9081121,10136,7,0,203152,1,0,0,0
4429,9081121,10136,8,0,203762,1,0,0,0
4430,9081121,10136,9,0,203892,1,0,0,0
4431,9081121,10136,10,0,203902,1,0,0,0
4432,9081121,10136,11,1,5,6,0,0,0
4433,9081121,10136,11,1,30,5,0,0,0
4434,9081092,30269,1,0,200052,1,0,0,0
4435,9081092,30269,2,0,200582,1,0,0,0
4436,9081092,30269,3,0,200602,1,0,0,0
4437,9081092,30269,4,0,202152,1,0,0,0
4438,9081092,30269,5,0,202722,1,0,0,0
4439,9081092,30269,6,0,202742,1,0,0,0
4440,9081092,30269,7,0,203122,1,0,0,0
4441,9081092,30269,8,1,1,6,0,0,0
4442,9081092,30269,8,1,3,2,0,0,0
4443,9081135,30264,1,0,200332,1,0,0,0
4444,9081135,30264,2,0,201591,1,0,0,0
4445,9081135,30264,3,0,201601,1,0,0,0
4446,9081135,30264,4,0,201651,1,0,0,0
4447,9081135,30264,5,0,202532,1,0,0,0
4448,9081135,30264,6,0,202602,1,0,0,0
4449,9081135,30264,7,0,202722,1,0,0,0
4450,9081135,30264,8,0,203362,1,0,0,0
4451,9081135,30264,9,0,203502,1,0,0,0
4452,9081135,30264,10,0,203632,1,0,0,0
4453,9081135,30264,11,0,203852,1,0,0,0
4454,9081135,30264,12,0,203862,1,0,0,0
4455,9081135,30264,13,1,1,1,0,0,0
4456,9081135,30264,13,1,3,1,0,0,0
4457,9081135,30264,13,1,4,6,0,0,0
4458,9081135,10132,1,0,200332,1,0,0,0
4459,9081135,10132,2,0,201591,1,0,0,0
4460,9081135,10132,3,0,201601,1,0,0,0
4461,9081135,10132,4,0,201651,1,0,0,0
4462,9081135,10132,5,0,202532,1,0,0,0
4463,9081135,10132,6,0,202602,1,0,0,0
4464,9081135,10132,7,0,202722,1,0,0,0
4465,9081135,10132,8,0,203362,1,0,0,0
4466,9081135,10132,9,0,203502,1,0,0,0
4467,9081135,10132,10,0,203632,1,0,0,0
4468,9081135,10132,11,0,203852,1,0,0,0
4469,9081135,10132,12,0,203862,1,0,0,0
4470,9081135,10132,13,1,1,1,0,0,0
4471,9081135,10132,13,1,3,1,0,0,0
4472,9081135,10132,13,1,4,6,0,0,0
4473,9081085,30270,1,0,200192,1,0,0,0
4474,9081085,30270,2,0,200602,1,0,0,0
4475,9081085,30270,3,0,200962,1,0,0,0
4476,9081085,30270,4,0,201002,1,0,0,0
4477,9081085,30270,5,0,201392,1,0,0,0
4478,9081085,30270,6,0,202402,1,0,0,0
4479,9081085,30270,7,0,202752,1,0,0,0
4480,9081085,30270,8,0,203042,1,0,0,0
4481,9081085,30270,9,0,203452,1,0,0,0
4482,9081085,30270,10,0,203912,1,0,0,0
4483,9081085,30270,11,0,203922,1,0,0,0
4484,9081085,30270,12,1,1,1,0,0,0
4485,9081085,30270,12,1,3,1,0,0,0
4486,9081085,30270,12,1,4,6,0,0,0
4487,9081054,20090,1,0,200162,1,0,0,0
4488,9081054,20090,2,0,200652,1,0,0,0
4489,9081054,20090,3,0,201402,1,0,0,0
4490,9081054,20090,4,0,202152,1,0,0,0
4491,9081054,20090,5,0,202402,1,0,0,0
4492,9081054,20090,6,0,202722,1,0,0,0
4493,9081054,20090,7,0,203012,1,0,0,0
4494,9081054,20090,8,0,203152,1,0,0,0
4495,9081054,20090,9,1,5,6,0,0,0
4496,9081054,20090,9,1,30,5,0,0,0
4498,9081120,30267,1,0,200192,1,0,0,0
4499,9081120,30267,2,0,200362,1,0,0,0
4500,9081120,30267,3,0,200452,1,0,0,0
4501,9081120,30267,4,0,200652,1,0,0,0
4502,9081120,30267,5,0,200962,1,0,0,0
4503,9081120,30267,6,0,201661,1,0,0,0
4504,9081120,30267,7,0,202862,1,0,0,0
4505,9081120,30267,8,0,203032,1,0,0,0
4506,9081120,30267,9,0,203042,1,0,0,0
4507,9081120,30267,10,0,203061,1,0,0,0
4508,9081120,30267,11,0,203071,1,0,0,0
4509,9081120,30267,12,0,203482,1,0,0,0
4510,9081120,30267,13,0,203882,1,0,0,0
4511,9081120,30267,14,1,1,6,0,0,0
4512,9081120,30267,14,1,3,2,0,0,0
4513,9081120,10135,1,0,200192,1,0,0,0
4514,9081120,10135,2,0,200362,1,0,0,0
4515,9081120,10135,3,0,200452,1,0,0,0
4516,9081120,10135,4,0,200652,1,0,0,0
4517,9081120,10135,5,0,200962,1,0,0,0
4518,9081120,10135,6,0,201661,1,0,0,0
4519,9081120,10135,7,0,202862,1,0,0,0
4520,9081120,10135,8,0,203032,1,0,0,0
4521,9081120,10135,9,0,203042,1,0,0,0
4522,9081120,10135,10,0,203061,1,0,0,0
4523,9081120,10135,11,0,203071,1,0,0,0
4524,9081120,10135,12,0,203482,1,0,0,0
4525,9081120,10135,13,0,203882,1,0,0,0
4526,9081120,10135,14,1,1,6,0,0,0
4527,9081120,10135,14,1,3,2,0,0,0
4528,9081005,30271,1,0,200362,1,0,0,0
4529,9081005,30271,2,0,200492,1,0,0,0
4530,9081005,30271,3,0,200682,1,0,0,0
4531,9081005,30271,4,0,201042,1,0,0,0
4532,9081005,30271,5,0,201651,1,0,0,0
4533,9081005,30271,6,0,201902,1,0,0,0
4534,9081005,30271,7,0,202372,1,0,0,0
4535,9081005,30271,8,0,202672,1,0,0,0
4536,9081005,30271,9,0,202742,1,0,0,0
4537,9081005,30271,10,0,203162,1,0,0,0
4538,9081005,30271,11,0,203232,1,0,0,0
4539,9081005,30271,12,0,203962,1,0,0,0
4540,9081005,30271,13,1,1,1,0,0,0
4541,9081005,30271,13,1,3,1,0,0,0
4542,9081005,30271,13,1,4,6,0,0,0
4543,9081037,30272,1,0,200362,1,0,0,0
4544,9081037,30272,2,0,200462,1,0,0,0
4545,9081037,30272,3,0,201382,1,0,0,0
4546,9081037,30272,4,0,201392,1,0,0,0
4547,9081037,30272,5,0,201661,1,0,0,0
4548,9081037,30272,6,0,202122,1,0,0,0
4549,9081037,30272,7,0,202152,1,0,0,0
4550,9081037,30272,8,0,202612,1,0,0,0
4551,9081037,30272,9,0,202642,1,0,0,0
4552,9081037,30272,10,0,203672,1,0,0,0
4553,9081037,30272,11,1,1,6,0,0,0
4554,9081037,30272,11,1,3,2,0,0,0
4555,9081048,30273,1,0,200032,1,0,0,0
4556,9081048,30273,2,0,200602,1,0,0,0
4557,9081048,30273,3,0,201402,1,0,0,0
4558,9081048,30273,4,0,201661,1,0,0,0
4559,9081048,30273,5,0,201692,1,0,0,0
4560,9081048,30273,6,0,202612,1,0,0,0
4561,9081048,30273,7,0,202722,1,0,0,0
4562,9081048,30273,8,0,203312,1,0,0,0
4563,9081048,30273,9,1,2,2,0,0,0
4564,9081048,30273,9,1,3,6,0,0,0
4565,9081134,30274,1,0,200172,1,0,0,0
4566,9081134,30274,2,0,200352,1,0,0,0
4567,9081134,30274,3,0,200562,1,0,0,0
4568,9081134,30274,4,0,202372,1,0,0,0
4569,9081134,30274,5,0,202472,1,0,0,0
4570,9081134,30274,6,0,202482,1,0,0,0
4571,9081134,30274,7,0,202982,1,0,0,0
4572,9081134,30274,8,0,203032,1,0,0,0
4573,9081134,30274,9,0,203642,1,0,0,0
4574,9081134,30274,10,0,203652,1,0,0,0
4575,9081134,30274,11,0,203992,1,0,0,0
4576,9081134,30274,12,1,2,6,0,0,0
4577,9081134,30274,12,1,4,2,0,0,0
4578,9081126,20091,1,0,200222,1,0,0,0
4579,9081126,20091,2,0,201112,1,0,0,0
4580,9081126,20091,3,0,201142,1,0,0,0
4581,9081126,20091,4,0,202532,1,0,0,0
4582,9081126,20091,5,0,203142,1,0,0,0
4583,9081126,20091,6,0,203172,1,0,0,0
4584,9081126,20091,7,0,203242,1,0,0,0
4585,9081126,20091,8,0,203312,1,0,0,0
4586,9081126,20091,9,0,203432,1,0,0,0
4587,9081126,20091,10,1,1,6,0,0,0
4588,9081126,20091,10,1,3,2,0,0,0
4589,9081126,10137,1,0,200222,1,0,0,0
4590,9081126,10137,2,0,201112,1,0,0,0
4591,9081126,10137,3,0,201142,1,0,0,0
4592,9081126,10137,4,0,202532,1,0,0,0
4593,9081126,10137,5,0,203142,1,0,0,0
4594,9081126,10137,6,0,203172,1,0,0,0
4595,9081126,10137,7,0,203242,1,0,0,0
4596,9081126,10137,8,0,203312,1,0,0,0
4597,9081126,10137,9,0,203432,1,0,0,0
4598,9081126,10137,10,1,1,6,0,0,0
4599,9081126,10137,10,1,3,2,0,0,0
4600,9081026,30277,1,0,200132,1,0,0,0
4601,9081026,30277,2,0,200452,1,0,0,0
4602,9081026,30277,3,0,200532,1,0,0,0
4603,9081026,30277,4,0,200542,1,0,0,0
4604,9081026,30277,5,0,201242,1,0,0,0
4605,9081026,30277,6,0,201252,1,0,0,0
4606,9081026,30277,7,0,201272,1,0,0,0
4607,9081026,30277,8,0,201601,1,0,0,0
4608,9081026,30277,9,0,202161,1,0,0,0
4609,9081026,30277,10,0,203272,1,0,0,0
4610,9081026,30277,11,0,203462,1,0,0,0
4611,9081026,30277,12,0,204092,1,0,0,0
4612,9081026,30277,13,1,2,2,0,0,0
4613,9081026,30277,13,1,3,6,0,0,0
4614,9081099,20092,1,0,201332,1,0,0,0
4615,9081099,20092,2,0,201631,1,0,0,0
4616,9081099,20092,3,0,202302,1,0,0,0
4617,9081099,20092,4,0,202312,1,0,0,0
4618,9081099,20092,5,0,203093,1,0,0,0
4619,9081099,20092,6,0,203222,1,0,0,0
4620,9081099,20092,7,0,203422,1,0,0,0
4621,9081099,20092,8,0,203602,1,0,0,0
4622,9081099,20092,9,1,2,2,0,0,0
4623,9081099,20092,9,1,3,6,0,0,0
4624,9081007,30278,1,0,200202,1,0,0,0
4625,9081007,30278,2,0,200642,1,0,0,0
4626,9081007,30278,3,0,201182,1,0,0,0
4627,9081007,30278,4,0,201452,1,0,0,0
4628,9081007,30278,5,0,201591,1,0,0,0
4629,9081007,30278,6,0,202562,1,0,0,0
4630,9081007,30278,7,0,202852,1,0,0,0
4631,9081007,30278,8,0,202882,1,0,0,0
4632,9081007,30278,9,0,202892,1,0,0,0
4633,9081007,30278,10,0,203252,1,0,0,0
4634,9081007,30278,11,0,203532,1,0,0,0
4635,9081007,30278,12,0,203582,1,0,0,0
4636,9081007,30278,13,0,203762,1,0,0,0
4637,9081007,30278,14,1,2,6,0,0,0
4638,9081007,30278,14,1,4,2,0,0,0
4639,9081127,30279,1,0,201182,1,0,0,0
4640,9081127,30279,2,0,202012,1,0,0,0
4641,9081127,30279,3,0,202192,1,0,0,0
4642,9081127,30279,4,0,202482,1,0,0,0
4643,9081127,30279,5,0,202662,1,0,0,0
4644,9081127,30279,6,0,202772,1,0,0,0
4645,9081127,30279,7,0,203132,1,0,0,0
4646,9081127,30279,8,0,203412,1,0,0,0
4647,9081127,30279,9,0,203702,1,0,0,0
4648,9081127,30279,10,0,203712,1,0,0,0
4649,9081127,30279,11,0,204012,1,0,0,0
4650,9081127,30279,12,1,2,6,0,0,0
4651,9081127,30279,12,1,4,2,0,0,0
4652,9081127,10139,1,0,201182,1,0,0,0
4653,9081127,10139,2,0,202012,1,0,0,0
4654,9081127,10139,3,0,202192,1,0,0,0
4655,9081127,10139,4,0,202482,1,0,0,0
4656,9081127,10139,5,0,202662,1,0,0,0
4657,9081127,10139,6,0,202772,1,0,0,0
4658,9081127,10139,7,0,203132,1,0,0,0
4659,9081127,10139,8,0,203412,1,0,0,0
4660,9081127,10139,9,0,203702,1,0,0,0
4661,9081127,10139,10,0,203712,1,0,0,0
4662,9081127,10139,11,0,204012,1,0,0,0
4663,9081127,10139,12,1,2,6,0,0,0
4664,9081127,10139,12,1,4,2,0,0,0
4665,9081115,30280,1,0,201492,1,0,0,0
4666,9081115,30280,2,0,202022,1,0,0,0
4667,9081115,30280,3,0,202382,1,0,0,0
4668,9081115,30280,4,0,202552,1,0,0,0
4669,9081115,30280,5,0,202662,1,0,0,0
4670,9081115,30280,6,0,202902,1,0,0,0
4671,9081115,30280,7,0,202972,1,0,0,0
4672,9081115,30280,8,0,203752,1,0,0,0
4673,9081115,30280,9,1,2,6,0,0,0
4674,9081115,30280,9,1,4,2,0,0,0
4675,9081018,30282,1,0,200022,1,0,0,0
4676,9081018,30282,2,0,201102,1,0,0,0
4677,9081018,30282,3,0,201112,1,0,0,0
4678,9081018,30282,4,0,201702,1,0,0,0
4679,9081018,30282,5,0,202092,1,0,0,0
4680,9081018,30282,6,0,202472,1,0,0,0
4681,9081018,30282,7,0,202652,1,0,0,0
4682,9081018,30282,8,0,202712,1,0,0,0
4683,9081018,30282,9,0,203312,1,0,0,0
4684,9081018,30282,10,0,203432,1,0,0,0
4685,9081018,30282,11,0,204032,1,0,0,0
4686,9081018,30282,12,0,204042,1,0,0,0
4687,9081018,30282,13,0,204112,1,0,0,0
4688,9081018,30282,14,1,1,6,0,0,0
4689,9081018,30282,14,1,3,2,0,0,0
4690,9081022,30283,1,0,200202,1,0,0,0
4691,9081022,30283,2,0,200362,1,0,0,0
4692,9081022,30283,3,0,201342,1,0,0,0
4693,9081022,30283,4,0,202172,1,0,0,0
4694,9081022,30283,5,0,202702,1,0,0,0
4695,9081022,30283,6,0,202742,1,0,0,0
4696,9081022,30283,7,0,202762,1,0,0,0
4697,9081022,30283,8,0,202982,1,0,0,0
4698,9081022,30283,9,0,203032,1,0,0,0
4699,9081022,30283,10,0,203222,1,0,0,0
4700,9081022,30283,11,0,204052,1,0,0,0
4701,9081022,30283,12,0,204072,1,0,0,0
4702,9081022,30283,13,0,204082,1,0,0,0
4703,9081022,30283,15,1,2,2,0,0,0
4704,9081124,30284,1,0,200282,1,0,0,0
4705,9081124,30284,2,0,200342,1,0,0,0
4706,9081124,30284,3,0,201532,1,0,0,0
4707,9081124,30284,4,0,201601,1,0,0,0
4708,9081124,30284,5,0,202372,1,0,0,0
4709,9081124,30284,6,0,202412,1,0,0,0
4710,9081124,30284,7,0,202472,1,0,0,0
4711,9081124,30284,8,0,203222,1,0,0,0
4712,9081124,30284,9,1,1,1,0,0,0
4713,9081124,30284,9,1,3,1,0,0,0
4714,9081124,30284,9,1,4,6,0,0,0
4715,9081034,30281,1,0,200012,1,0,0,0
4716,9081034,30281,2,0,201172,1,0,0,0
4717,9081034,30281,3,0,201392,1,0,0,0
4718,9081034,30281,4,0,201692,1,0,0,0
4719,9081034,30281,5,0,202422,1,0,0,0
4720,9081034,30281,6,0,202592,1,0,0,0
4721,9081034,30281,7,0,202662,1,0,0,0
4722,9081034,30281,8,0,203152,1,0,0,0
4723,9081034,30281,9,0,203252,1,0,0,0
4724,9081034,30281,10,0,203332,1,0,0,0
4725,9081034,30281,11,0,203772,1,0,0,0
4726,9081034,30281,12,0,204022,1,0,0,0
4727,9081034,30281,13,1,2,6,0,0,0
4728,9081034,30281,13,1,4,2,0,0,0
4729,9081059,20093,1,0,200202,1,0,0,0
4730,9081059,20093,2,0,200502,1,0,0,0
4731,9081059,20093,3,0,201432,1,0,0,0
4732,9081059,20093,4,0,202112,1,0,0,0
4733,9081059,20093,5,0,202642,1,0,0,0
4734,9081059,20093,6,0,202962,1,0,0,0
4735,9081059,20093,7,0,203322,1,0,0,0
4736,9081059,20093,8,0,203552,1,0,0,0
4737,9081059,20093,9,1,1,6,0,0,0
4738,9081059,20093,9,1,3,2,0,0,0
4739,9081022,30283,15,1,3,6,0,0,0
4740,9081061,30285,1,0,200592,1,0,0,0
4741,9081061,30285,2,0,200602,1,0,0,0
4742,9081061,30285,3,0,201382,1,0,0,0
4743,9081061,30285,4,0,201412,1,0,0,0
4744,9081061,30285,5,0,202402,1,0,0,0
4745,9081061,30285,6,0,202622,1,0,0,0
4746,9081061,30285,7,0,203152,1,0,0,0
4747,9081061,30285,8,0,203332,1,0,0,0
4748,9081061,30285,9,0,203362,1,0,0,0
4749,9081061,30285,10,0,203542,1,0,0,0
4750,9081061,30285,11,0,203852,1,0,0,0
4751,9081061,30285,12,0,204132,1,0,0,0
4752,9081061,30285,13,1,1,1,0,0,0
4753,9081061,30285,13,1,3,1,0,0,0
4754,9081061,30285,13,1,4,6,0,0,0
4755,9081067,20094,1,0,200202,1,0,0,0
4756,9081067,20094,2,0,201402,1,0,0,0
4757,9081067,20094,3,0,201422,1,0,0,0
4758,9081067,20094,4,0,202082,1,0,0,0
4759,9081067,20094,5,0,202092,1,0,0,0
4760,9081067,20094,6,0,202662,1,0,0,0
4761,9081067,20094,7,0,203312,1,0,0,0
4762,9081067,20094,8,0,203622,1,0,0,0
4763,9081067,20094,9,0,203742,1,0,0,0
4764,9081067,20094,10,1,2,6,0,0,0
4765,9081067,20094,10,1,4,2,0,0,0
4766,9081022,30283,14,0,204162,1,0,0,0
4767,9081056,30286,1,0,200012,1,0,0,0
4768,9081056,30286,2,0,200752,1,0,0,0
4769,9081056,30286,3,0,201172,1,0,0,0
4770,9081056,30286,4,0,201591,1,0,0,0
4771,9081056,30286,5,0,202482,1,0,0,0
4772,9081056,30286,6,0,202682,1,0,0,0
4773,9081056,30286,7,0,202772,1,0,0,0
4774,9081056,30286,8,0,203302,1,0,0,0
4775,9081056,30286,9,0,203472,1,0,0,0
4776,9081056,30286,10,0,203702,1,0,0,0
4777,9081056,30286,11,0,204082,1,0,0,0
4778,9081056,30286,12,0,204202,1,0,0,0
4779,9081056,30286,13,1,1,6,0,0,0
4780,9081056,30286,13,1,3,2,0,0,0
4781,9081105,30287,1,0,201611,1,0,0,0
4782,9081105,30287,2,0,201631,1,0,0,0
4783,9081105,30287,3,0,201702,1,0,0,0
4784,9081105,30287,4,0,202082,1,0,0,0
4785,9081105,30287,5,0,202532,1,0,0,0
4786,9081105,30287,6,0,202552,1,0,0,0
4787,9081105,30287,7,0,202602,1,0,0,0
4788,9081105,30287,8,0,203142,1,0,0,0
4789,9081105,30287,9,0,203572,1,0,0,0
4790,9081105,30287,10,0,203632,1,0,0,0
4791,9081105,30287,11,0,203652,1,0,0,0
4792,9081105,30287,12,0,204052,1,0,0,0
4793,9081105,30287,13,1,2,2,0,0,0
4794,9081105,30287,13,1,3,6,0,0,0
4795,9081002,30288,1,0,200022,1,0,0,0
4796,9081002,30288,2,0,200432,1,0,0,0
4797,9081002,30288,3,0,201042,1,0,0,0
4798,9081002,30288,4,0,201262,1,0,0,0
4799,9081002,30288,5,0,201302,1,0,0,0
4800,9081002,30288,6,0,201522,1,0,0,0
4801,9081002,30288,7,0,201601,1,0,0,0
4802,9081002,30288,8,0,203022,1,0,0,0
4803,9081002,30288,9,0,203042,1,0,0,0
4804,9081002,30288,10,1,5,6,0,0,0
4805,9081002,30288,10,1,30,5,0,0,0
4806,9081138,30289,1,0,200362,1,0,0,0
4807,9081138,30289,2,0,200462,1,0,0,0
4808,9081138,30289,3,0,200492,1,0,0,0
4809,9081138,30289,4,0,201601,1,0,0,0
4810,9081138,30289,5,0,201611,1,0,0,0
4811,9081138,30289,6,0,201661,1,0,0,0
4812,9081138,30289,7,0,202552,1,0,0,0
4813,9081138,30289,8,0,202952,1,0,0,0
4814,9081138,30289,9,0,203502,1,0,0,0
4815,9081138,30289,10,0,203852,1,0,0,0
4816,9081138,30289,11,0,204122,1,0,0,0
4817,9081138,30289,12,0,204182,1,0,0,0
4818,9081138,30289,13,0,204222,1,0,0,0
4819,9081138,30289,14,1,5,6,0,0,0
4820,9081138,30289,14,1,30,5,0,0,0
4821,9081138,10140,1,0,200362,1,0,0,0
4822,9081138,10140,2,0,200462,1,0,0,0
4823,9081138,10140,3,0,200492,1,0,0,0
4824,9081138,10140,4,0,201601,1,0,0,0
4825,9081138,10140,5,0,201611,1,0,0,0
4826,9081138,10140,6,0,201661,1,0,0,0
4827,9081138,10140,7,0,202552,1,0,0,0
4828,9081138,10140,8,0,202952,1,0,0,0
4829,9081138,10140,9,0,203502,1,0,0,0
4830,9081138,10140,10,0,203852,1,0,0,0
4831,9081138,10140,11,0,204122,1,0,0,0
4832,9081138,10140,12,0,204182,1,0,0,0
4833,9081138,10140,13,0,204222,1,0,0,0
4834,9081138,10140,14,1,5,6,0,0,0
4835,9081138,10140,14,1,30,5,0,0,0
4836,9081143,30291,1,0,200042,1,0,0,0
4837,9081143,30291,2,0,200352,1,0,0,0
4838,9081143,30291,3,0,200512,1,0,0,0
4839,9081143,30291,4,0,201591,1,0,0,0
4840,9081143,30291,5,0,202602,1,0,0,0
4841,9081143,30291,6,0,202792,1,0,0,0
4842,9081143,30291,7,0,203652,1,0,0,0
4843,9081143,30291,8,0,203662,1,0,0,0
4844,9081143,30291,10,1,1,6,0,0,0
4845,9081143,30291,10,1,3,2,0,0,0
4846,9081143,10143,1,0,200042,1,0,0,0
4847,9081143,10143,2,0,200352,1,0,0,0
4848,9081143,10143,3,0,200512,1,0,0,0
4849,9081143,10143,4,0,201591,1,0,0,0
4850,9081143,10143,5,0,202602,1,0,0,0
4851,9081143,10143,6,0,202792,1,0,0,0
4852,9081143,10143,7,0,203652,1,0,0,0
4853,9081143,10143,8,0,203662,1,0,0,0
4854,9081143,10143,10,1,1,6,0,0,0
4855,9081143,10143,10,1,3,2,0,0,0
4856,9081136,20095,1,0,200602,1,0,0,0
4857,9081136,20095,2,0,200612,1,0,0,0
4858,9081136,20095,3,0,201402,1,0,0,0
4859,9081136,20095,4,0,201631,1,0,0,0
4860,9081136,20095,5,0,202122,1,0,0,0
4861,9081136,20095,6,0,202452,1,0,0,0
4862,9081136,20095,7,0,202642,1,0,0,0
4863,9081136,20095,8,0,203852,1,0,0,0
4864,9081136,20095,9,1,1,1,0,0,0
4865,9081136,20095,9,1,3,1,0,0,0
4866,9081136,20095,9,1,4,6,0,0,0
4867,9081136,10142,1,0,200602,1,0,0,0
4868,9081136,10142,2,0,200612,1,0,0,0
4869,9081136,10142,3,0,201402,1,0,0,0
4870,9081136,10142,4,0,201631,1,0,0,0
4871,9081136,10142,5,0,202122,1,0,0,0
4872,9081136,10142,6,0,202452,1,0,0,0
4873,9081136,10142,7,0,202642,1,0,0,0
4874,9081136,10142,8,0,203852,1,0,0,0
4875,9081136,10142,9,1,1,1,0,0,0
4876,9081136,10142,9,1,3,1,0,0,0
4877,9081136,10142,9,1,4,6,0,0,0
4878,9081010,20096,1,0,200162,1,0,0,0
4879,9081010,20096,2,0,201352,1,0,0,0
4880,9081010,20096,3,0,201532,1,0,0,0
4881,9081010,20096,4,0,202672,1,0,0,0
4882,9081010,20096,5,0,202762,1,0,0,0
4883,9081010,20096,6,0,203042,1,0,0,0
4884,9081010,20096,7,0,203162,1,0,0,0
4885,9081010,20096,8,0,204162,1,0,0,0
4886,9081010,20096,9,1,1,1,0,0,0
4887,9081010,20096,9,1,3,1,0,0,0
4888,9081010,20096,9,1,4,6,0,0,0
4889,9081140,30292,1,0,200302,1,0,0,0
4890,9081140,30292,2,0,201672,1,0,0,0
4891,9081140,30292,3,0,201682,1,0,0,0
4892,9081140,30292,4,0,202262,1,0,0,0
4893,9081140,30292,5,0,202302,1,0,0,0
4894,9081140,30292,6,0,202332,1,0,0,0
4895,9081140,30292,7,0,203093,1,0,0,0
4896,9081140,30292,8,0,203103,1,0,0,0
4897,9081140,30292,9,0,203182,1,0,0,0
4898,9081140,30292,10,0,203602,1,0,0,0
4899,9081140,30292,11,0,203612,1,0,0,0
4900,9081140,30292,12,0,203792,1,0,0,0
4901,9081140,30292,13,0,203982,1,0,0,0
4903,9081140,30292,14,1,1,6,0,0,0
4904,9081140,30292,14,1,3,2,0,0,0
4905,9081140,10144,1,0,200302,1,0,0,0
4906,9081140,10144,2,0,201672,1,0,0,0
4907,9081140,10144,3,0,201682,1,0,0,0
4908,9081140,10144,4,0,202262,1,0,0,0
4909,9081140,10144,5,0,202302,1,0,0,0
4910,9081140,10144,6,0,202332,1,0,0,0
4911,9081140,10144,7,0,203093,1,0,0,0
4912,9081140,10144,8,0,203103,1,0,0,0
4913,9081140,10144,9,0,203182,1,0,0,0
4914,9081140,10144,10,0,203602,1,0,0,0
4915,9081140,10144,11,0,203612,1,0,0,0
4916,9081140,10144,12,0,203792,1,0,0,0
4917,9081140,10144,13,0,203982,1,0,0,0
4919,9081140,10144,14,1,1,6,0,0,0
4920,9081140,10144,14,1,3,2,0,0,0
4921,9081045,20097,1,0,200352,1,0,0,0
4922,9081045,20097,2,0,200752,1,0,0,0
4923,9081045,20097,3,0,201182,1,0,0,0
4924,9081045,20097,4,0,201202,1,0,0,0
4925,9081045,20097,5,0,201212,1,0,0,0
4926,9081045,20097,6,0,203772,1,0,0,0
4927,9081045,20097,7,0,204142,1,0,0,0
4928,9081045,20097,8,1,2,2,0,0,0
4929,9081045,20097,8,1,3,6,0,0,0
4930,9081143,30291,9,0,204142,1,0,0,0
4931,9081143,10143,9,0,204142,1,0,0,0
4933,9081075,30293,1,0,200172,1,0,0,0
4934,9081075,30293,2,0,201591,1,0,0,0
4935,9081075,30293,3,0,202102,1,0,0,0
4936,9081075,30293,4,0,202172,1,0,0,0
4937,9081075,30293,5,0,202532,1,0,0,0
4938,9081075,30293,6,0,202652,1,0,0,0
4939,9081075,30293,7,0,203152,1,0,0,0
4940,9081075,30293,8,0,203352,1,0,0,0
4941,9081075,30293,9,0,203362,1,0,0,0
4942,9081075,30293,10,0,203792,1,0,0,0
4943,9081075,30293,11,0,204052,1,0,0,0
4944,9081075,30293,13,1,1,1,0,0,0
4945,9081075,30293,13,1,3,1,0,0,0
4946,9081075,30293,13,1,4,6,0,0,0
4947,9081112,30294,1,0,200172,1,0,0,0
4948,9081075,30293,12,0,204322,1,0,0,0
4949,9081112,30294,2,0,201082,1,0,0,0
4950,9081112,30294,3,0,201661,1,0,0,0
4951,9081112,30294,4,0,202532,1,0,0,0
4952,9081112,30294,5,0,202652,1,0,0,0
4953,9081112,30294,6,0,202742,1,0,0,0
4954,9081112,30294,7,0,202802,1,0,0,0
4955,9081112,30294,8,0,203032,1,0,0,0
4956,9081112,30294,9,0,203862,1,0,0,0
4957,9081112,30294,10,0,204052,1,0,0,0
4958,9081112,30294,13,1,1,1,0,0,0
4959,9081112,30294,13,1,3,1,0,0,0
4960,9081112,30294,13,1,4,6,0,0,0
4961,9081134,30295,1,0,200472,1,0,0,0
4962,9081134,30295,2,0,200562,1,0,0,0
4963,9081134,30295,3,0,201362,1,0,0,0
4964,9081134,30295,4,0,202161,1,0,0,0
4965,9081134,30295,5,0,202372,1,0,0,0
4966,9081134,30295,6,0,203412,1,0,0,0
4967,9081134,30295,7,0,203442,1,0,0,0
4968,9081134,30295,8,0,203992,1,0,0,0
4969,9081134,30295,9,1,2,2,0,0,0
4970,9081134,30295,9,1,3,6,0,0,0
4971,9081112,30294,11,0,204072,1,0,0,0
4972,9081112,30294,12,0,204322,1,0,0,0
4973,9081087,30296,1,0,200192,1,0,0,0
4974,9081087,30296,2,0,200962,1,0,0,0
4975,9081087,30296,3,0,200972,1,0,0,0
4976,9081087,30296,4,0,201012,1,0,0,0
4977,9081087,30296,5,0,202042,1,0,0,0
4978,9081087,30296,6,0,202862,1,0,0,0
4979,9081087,30296,7,0,203012,1,0,0,0
4980,9081087,30296,8,0,203482,1,0,0,0
4981,9081087,30296,9,0,203492,1,0,0,0
4982,9081087,30296,10,0,203872,1,0,0,0
4983,9081087,30296,11,0,204162,1,0,0,0
4984,9081087,30296,12,0,204272,1,0,0,0
4985,9081087,30296,13,0,204282,1,0,0,0
4986,9081087,30296,14,0,204312,1,0,0,0
4987,9081087,30296,15,1,1,1,0,0,0
4988,9081087,30296,15,1,3,1,0,0,0
4989,9081087,30296,15,1,4,6,0,0,0
4990,9081012,20098,1,0,201452,1,0,0,0
4991,9081012,20098,2,0,202492,1,0,0,0
4992,9081012,20098,3,0,202882,1,0,0,0
4993,9081012,20098,4,0,202892,1,0,0,0
4994,9081012,20098,5,0,203532,1,0,0,0
4995,9081012,20098,6,0,203662,1,0,0,0
4996,9081012,20098,7,0,203752,1,0,0,0
4997,9081012,20098,8,1,5,6,0,0,0
4998,9081012,20098,8,1,30,5,0,0,0
4999,9081019,30297,1,0,200602,1,0,0,0
5000,9081019,30297,2,0,201382,1,0,0,0
5001,9081019,30297,3,0,201392,1,0,0,0
5002,9081019,30297,4,0,201412,1,0,0,0
5003,9081019,30297,5,0,202152,1,0,0,0
5004,9081019,30297,6,0,202472,1,0,0,0
5005,9081019,30297,7,0,202622,1,0,0,0
5006,9081019,30297,8,0,203592,1,0,0,0
5007,9081019,30297,9,0,204112,1,0,0,0
5008,9081019,30297,10,0,204132,1,0,0,0
5009,9081019,30297,11,0,204352,1,0,0,0
5010,9081019,30297,12,0,204362,1,0,0,0
5011,9081019,30297,13,0,204372,1,0,0,0
5012,9081019,30297,14,1,2,2,0,0,0
5013,9081019,30297,14,1,3,6,0,0,0
5014,9081107,30298,1,0,200432,1,0,0,0
5015,9081107,30298,2,0,200542,1,0,0,0
5016,9081107,30298,3,0,201242,1,0,0,0
5017,9081107,30298,4,0,201252,1,0,0,0
5018,9081107,30298,5,0,201262,1,0,0,0
5019,9081107,30298,6,0,201272,1,0,0,0
5020,9081107,30298,7,0,202392,1,0,0,0
5021,9081107,30298,8,0,202692,1,0,0,0
5022,9081107,30298,9,0,202802,1,0,0,0
5023,9081107,30298,10,0,203032,1,0,0,0
5024,9081107,30298,11,0,203382,1,0,0,0
5025,9081107,30298,12,0,203402,1,0,0,0
5026,9081107,30298,13,0,203472,1,0,0,0
5027,9081107,30298,14,0,204342,1,0,0,0
5028,9081107,30298,15,1,1,6,0,0,0
5029,9081107,30298,15,1,3,2,0,0,0
5030,9081032,30299,1,0,200572,1,0,0,0
5031,9081032,30299,2,0,201322,1,0,0,0
5032,9081032,30299,3,0,201332,1,0,0,0
5033,9081032,30299,4,0,201362,1,0,0,0
5034,9081032,30299,5,0,202412,1,0,0,0
5035,9081032,30299,6,0,202792,1,0,0,0
5036,9081032,30299,7,0,202982,1,0,0,0
5037,9081032,30299,8,0,204082,1,0,0,0
5038,9081032,30299,9,1,1,1,0,0,0
5039,9081032,30299,9,1,3,1,0,0,0
5040,9081032,30299,9,1,4,6,0,0,0
5041,9081069,30300,1,0,200562,1,0,0,0
5042,9081069,30300,2,0,200722,1,0,0,0
5043,9081069,30300,3,0,202092,1,0,0,0
5044,9081069,30300,4,0,202602,1,0,0,0
5045,9081069,30300,5,0,202712,1,0,0,0
5046,9081069,30300,6,0,202742,1,0,0,0
5047,9081069,30300,7,0,203052,1,0,0,0
5048,9081069,30300,8,0,203122,1,0,0,0
5049,9081069,30300,9,0,203442,1,0,0,0
5050,9081069,30300,10,0,203862,1,0,0,0
5051,9081069,30300,11,0,204012,1,0,0,0
5052,9081069,30300,12,0,204082,1,0,0,0
5053,9081069,30300,13,0,204332,1,0,0,0
5054,9081069,30300,14,1,2,6,0,0,0
5055,9081069,30300,14,1,4,2,0,0,0
5056,9081071,20099,1,0,200582,1,0,0,0
5057,9081071,20099,2,0,200732,1,0,0,0
5058,9081071,20099,3,0,201142,1,0,0,0
5059,9081071,20099,4,0,201631,1,0,0,0
5060,9081071,20099,5,0,202742,1,0,0,0
5061,9081071,20099,6,0,203112,1,0,0,0
5062,9081071,20099,7,0,203312,1,0,0,0
5063,9081071,20099,8,0,204322,1,0,0,0
5064,9081071,20099,9,1,2,6,0,0,0
5065,9081071,20099,9,1,4,2,0,0,0
5066,9081058,30304,1,0,200332,1,0,0,0
5067,9081058,30304,2,0,200352,1,0,0,0
5068,9081058,30304,3,0,201591,1,0,0,0
5069,9081058,30304,4,0,201651,1,0,0,0
5070,9081058,30304,5,0,202012,1,0,0,0
5071,9081058,30304,6,0,202172,1,0,0,0
5072,9081058,30304,7,0,202602,1,0,0,0
5073,9081058,30304,8,0,203642,1,0,0,0
5074,9081058,30304,9,0,203652,1,0,0,0
5075,9081058,30304,10,0,204392,1,0,0,0
5076,9081058,30304,11,0,204472,1,0,0,0
5077,9081058,30304,12,1,2,6,0,0,0
5078,9081058,30304,12,1,4,2,0,0,0
5079,9081131,30301,1,0,201032,1,0,0,0
5080,9081131,30301,2,0,201042,1,0,0,0
5081,9081131,30301,3,0,201072,1,0,0,0
5082,9081131,30301,4,0,202112,1,0,0,0
5083,9081131,30301,5,0,202402,1,0,0,0
5084,9081131,30301,6,0,202962,1,0,0,0
5085,9081131,30301,7,0,203042,1,0,0,0
5086,9081131,30301,8,0,203542,1,0,0,0
5087,9081131,30301,9,0,203552,1,0,0,0
5088,9081131,30301,10,0,203942,1,0,0,0
5089,9081131,30301,11,0,204172,1,0,0,0
5090,9081131,30301,12,0,204462,1,0,0,0
5091,9081131,30301,13,1,2,2,0,0,0
5092,9081131,30301,13,1,3,6,0,0,0
5093,9081067,30302,1,0,200382,1,0,0,0
5094,9081067,30302,2,0,200752,1,0,0,0
5095,9081067,30302,3,0,201172,1,0,0,0
5096,9081067,30302,4,0,201182,1,0,0,0
5097,9081067,30302,5,0,202562,1,0,0,0
5098,9081067,30302,6,0,203242,1,0,0,0
5099,9081067,30302,7,0,203512,1,0,0,0
5100,9081067,30302,8,0,203562,1,0,0,0
5101,9081067,30302,9,0,203772,1,0,0,0
5102,9081067,30302,10,0,204022,1,0,0,0
5103,9081067,30302,11,0,204202,1,0,0,0
5104,9081067,30302,12,0,204293,1,0,0,0
5105,9081067,30302,13,0,204382,1,0,0,0
5106,9081067,30302,14,1,1,6,0,0,0
5107,9081067,30302,14,1,3,2,0,0,0
5108,9081128,30303,1,0,200332,1,0,0,0
5109,9081128,30303,2,0,200572,1,0,0,0
5110,9081128,30303,3,0,201422,1,0,0,0
5111,9081128,30303,4,0,202452,1,0,0,0
5112,9081128,30303,5,0,202662,1,0,0,0
5113,9081128,30303,6,0,202792,1,0,0,0
5114,9081128,30303,7,0,203952,1,0,0,0
5115,9081128,30303,8,0,204112,1,0,0,0
5116,9081128,30303,9,0,204132,1,0,0,0
5117,9081128,30303,10,1,2,6,0,0,0
5118,9081128,30303,10,1,4,2,0,0,0
