id,rental_rank,rental_num,use_value1,use_value2
1,1,1,20,10
2,1,2,20,10
3,1,3,20,10
4,1,4,20,10
5,1,5,20,10
6,1,6,20,10
7,1,7,20,10
8,1,8,20,10
9,1,9,20,10
10,1,10,20,10
11,2,1,50,30
12,2,2,50,30
13,2,3,50,30
14,2,4,50,30
15,2,5,50,30
16,2,6,50,30
17,2,7,50,30
18,2,8,50,30
19,2,9,50,30
20,2,10,50,30
21,3,1,100,60
22,3,2,100,60
23,3,3,100,60
24,3,4,100,60
25,3,5,100,60
26,3,6,100,60
27,3,7,100,60
28,3,8,100,60
29,3,9,100,60
30,3,10,100,60
31,4,1,170,100
32,4,2,170,100
33,4,3,170,100
34,4,4,170,100
35,4,5,170,100
36,4,6,170,100
37,4,7,170,100
38,4,8,170,100
39,4,9,170,100
40,4,10,170,100
41,5,1,260,150
42,5,2,260,150
43,5,3,260,150
44,5,4,260,150
45,5,5,260,150
46,5,6,260,150
47,5,7,260,150
48,5,8,260,150
49,5,9,260,150
50,5,10,260,150
51,6,1,380,220
52,6,2,380,220
53,6,3,380,220
54,6,4,380,220
55,6,5,380,220
56,6,6,380,220
57,6,7,380,220
58,6,8,380,220
59,6,9,380,220
60,6,10,380,220
61,7,1,530,310
62,7,2,530,310
63,7,3,530,310
64,7,4,530,310
65,7,5,530,310
66,7,6,530,310
67,7,7,530,310
68,7,8,530,310
69,7,9,530,310
70,7,10,530,310
71,8,1,710,410
72,8,2,710,410
73,8,3,710,410
74,8,4,710,410
75,8,5,710,410
76,8,6,710,410
77,8,7,710,410
78,8,8,710,410
79,8,9,710,410
80,8,10,710,410
81,9,1,920,520
82,9,2,920,520
83,9,3,920,520
84,9,4,920,520
85,9,5,920,520
86,9,6,920,520
87,9,7,920,520
88,9,8,920,520
89,9,9,920,520
90,9,10,920,520
91,10,1,1170,660
92,10,2,1170,660
93,10,3,1170,660
94,10,4,1170,660
95,10,5,1170,660
96,10,6,1170,660
97,10,7,1170,660
98,10,8,1170,660
99,10,9,1170,660
100,10,10,1170,660
101,11,1,1460,820
102,11,2,1460,820
103,11,3,1460,820
104,11,4,1460,820
105,11,5,1460,820
106,11,6,1460,820
107,11,7,1460,820
108,11,8,1460,820
109,11,9,1460,820
110,11,10,1460,820
111,12,1,1790,1000
112,12,2,1790,1000
113,12,3,1790,1000
114,12,4,1790,1000
115,12,5,1790,1000
116,12,6,1790,1000
117,12,7,1790,1000
118,12,8,1790,1000
119,12,9,1790,1000
120,12,10,1790,1000
121,13,1,2480,1380
122,13,2,2480,1380
123,13,3,2480,1380
124,13,4,2480,1380
125,13,5,2480,1380
126,13,6,2480,1380
127,13,7,2480,1380
128,13,8,2480,1380
129,13,9,2480,1380
130,13,10,2480,1380
131,14,1,3370,1860
132,14,2,3370,1860
133,14,3,3370,1860
134,14,4,3370,1860
135,14,5,3370,1860
136,14,6,3370,1860
137,14,7,3370,1860
138,14,8,3370,1860
139,14,9,3370,1860
140,14,10,3370,1860
141,15,1,4940,2720
142,15,2,4940,2720
143,15,3,4940,2720
144,15,4,4940,2720
145,15,5,4940,2720
146,15,6,4940,2720
147,15,7,4940,2720
148,15,8,4940,2720
149,15,9,4940,2720
150,15,10,4940,2720
151,16,1,7100,3880
152,16,2,7100,3880
153,16,3,7100,3880
154,16,4,7100,3880
155,16,5,7100,3880
156,16,6,7100,3880
157,16,7,7100,3880
158,16,8,7100,3880
159,16,9,7100,3880
160,16,10,7100,3880
161,17,1,10020,5440
162,17,2,10020,5440
163,17,3,10020,5440
164,17,4,10020,5440
165,17,5,10020,5440
166,17,6,10020,5440
167,17,7,10020,5440
168,17,8,10020,5440
169,17,9,10020,5440
170,17,10,10020,5440
171,18,1,13920,7520
172,18,2,13920,7520
173,18,3,13920,7520
174,18,4,13920,7520
175,18,5,13920,7520
176,18,6,13920,7520
177,18,7,13920,7520
178,18,8,13920,7520
179,18,9,13920,7520
180,18,10,13920,7520
181,19,1,14650,7860
182,19,2,14650,7860
183,19,3,14650,7860
184,19,4,14650,7860
185,19,5,14650,7860
186,19,6,14650,7860
187,19,7,14650,7860
188,19,8,14650,7860
189,19,9,14650,7860
190,19,10,14650,7860
191,20,1,14650,7860
192,20,2,14650,7860
193,20,3,14650,7860
194,20,4,14650,7860
195,20,5,14650,7860
196,20,6,14650,7860
197,20,7,14650,7860
198,20,8,14650,7860
199,20,9,14650,7860
200,20,10,14650,7860
201,21,1,14650,7860
202,21,2,14650,7860
203,21,3,14650,7860
204,21,4,14650,7860
205,21,5,14650,7860
206,21,6,14650,7860
207,21,7,14650,7860
208,21,8,14650,7860
209,21,9,14650,7860
210,21,10,14650,7860
211,22,1,14650,7860
212,22,2,14650,7860
213,22,3,14650,7860
214,22,4,14650,7860
215,22,5,14650,7860
216,22,6,14650,7860
217,22,7,14650,7860
218,22,8,14650,7860
219,22,9,14650,7860
220,22,10,14650,7860
221,23,1,14650,7860
222,23,2,14650,7860
223,23,3,14650,7860
224,23,4,14650,7860
225,23,5,14650,7860
226,23,6,14650,7860
227,23,7,14650,7860
228,23,8,14650,7860
229,23,9,14650,7860
230,23,10,14650,7860
231,24,1,14650,7860
232,24,2,14650,7860
233,24,3,14650,7860
234,24,4,14650,7860
235,24,5,14650,7860
236,24,6,14650,7860
237,24,7,14650,7860
238,24,8,14650,7860
239,24,9,14650,7860
240,24,10,14650,7860
241,25,1,14650,7860
242,25,2,14650,7860
243,25,3,14650,7860
244,25,4,14650,7860
245,25,5,14650,7860
246,25,6,14650,7860
247,25,7,14650,7860
248,25,8,14650,7860
249,25,9,14650,7860
250,25,10,14650,7860
251,26,1,14650,7860
252,26,2,14650,7860
253,26,3,14650,7860
254,26,4,14650,7860
255,26,5,14650,7860
256,26,6,14650,7860
257,26,7,14650,7860
258,26,8,14650,7860
259,26,9,14650,7860
260,26,10,14650,7860
261,27,1,14650,7860
262,27,2,14650,7860
263,27,3,14650,7860
264,27,4,14650,7860
265,27,5,14650,7860
266,27,6,14650,7860
267,27,7,14650,7860
268,27,8,14650,7860
269,27,9,14650,7860
270,27,10,14650,7860
271,28,1,14650,7860
272,28,2,14650,7860
273,28,3,14650,7860
274,28,4,14650,7860
275,28,5,14650,7860
276,28,6,14650,7860
277,28,7,14650,7860
278,28,8,14650,7860
279,28,9,14650,7860
280,28,10,14650,7860
281,29,1,14650,7860
282,29,2,14650,7860
283,29,3,14650,7860
284,29,4,14650,7860
285,29,5,14650,7860
286,29,6,14650,7860
287,29,7,14650,7860
288,29,8,14650,7860
289,29,9,14650,7860
290,29,10,14650,7860
291,30,1,14650,7860
292,30,2,14650,7860
293,30,3,14650,7860
294,30,4,14650,7860
295,30,5,14650,7860
296,30,6,14650,7860
297,30,7,14650,7860
298,30,8,14650,7860
299,30,9,14650,7860
300,30,10,14650,7860
301,31,1,14650,7860
302,31,2,14650,7860
303,31,3,14650,7860
304,31,4,14650,7860
305,31,5,14650,7860
306,31,6,14650,7860
307,31,7,14650,7860
308,31,8,14650,7860
309,31,9,14650,7860
310,31,10,14650,7860
311,32,1,14650,7860
312,32,2,14650,7860
313,32,3,14650,7860
314,32,4,14650,7860
315,32,5,14650,7860
316,32,6,14650,7860
317,32,7,14650,7860
318,32,8,14650,7860
319,32,9,14650,7860
320,32,10,14650,7860
321,33,1,14650,7860
322,33,2,14650,7860
323,33,3,14650,7860
324,33,4,14650,7860
325,33,5,14650,7860
326,33,6,14650,7860
327,33,7,14650,7860
328,33,8,14650,7860
329,33,9,14650,7860
330,33,10,14650,7860
331,34,1,14650,7860
332,34,2,14650,7860
333,34,3,14650,7860
334,34,4,14650,7860
335,34,5,14650,7860
336,34,6,14650,7860
337,34,7,14650,7860
338,34,8,14650,7860
339,34,9,14650,7860
340,34,10,14650,7860
341,35,1,14650,7860
342,35,2,14650,7860
343,35,3,14650,7860
344,35,4,14650,7860
345,35,5,14650,7860
346,35,6,14650,7860
347,35,7,14650,7860
348,35,8,14650,7860
349,35,9,14650,7860
350,35,10,14650,7860
351,36,1,14650,7860
352,36,2,14650,7860
353,36,3,14650,7860
354,36,4,14650,7860
355,36,5,14650,7860
356,36,6,14650,7860
357,36,7,14650,7860
358,36,8,14650,7860
359,36,9,14650,7860
360,36,10,14650,7860
361,37,1,14650,7860
362,37,2,14650,7860
363,37,3,14650,7860
364,37,4,14650,7860
365,37,5,14650,7860
366,37,6,14650,7860
367,37,7,14650,7860
368,37,8,14650,7860
369,37,9,14650,7860
370,37,10,14650,7860
371,38,1,14650,7860
372,38,2,14650,7860
373,38,3,14650,7860
374,38,4,14650,7860
375,38,5,14650,7860
376,38,6,14650,7860
377,38,7,14650,7860
378,38,8,14650,7860
379,38,9,14650,7860
380,38,10,14650,7860
381,39,1,14650,7860
382,39,2,14650,7860
383,39,3,14650,7860
384,39,4,14650,7860
385,39,5,14650,7860
386,39,6,14650,7860
387,39,7,14650,7860
388,39,8,14650,7860
389,39,9,14650,7860
390,39,10,14650,7860
391,40,1,14650,7860
392,40,2,14650,7860
393,40,3,14650,7860
394,40,4,14650,7860
395,40,5,14650,7860
396,40,6,14650,7860
397,40,7,14650,7860
398,40,8,14650,7860
399,40,9,14650,7860
400,40,10,14650,7860
401,41,1,14650,7860
402,41,2,14650,7860
403,41,3,14650,7860
404,41,4,14650,7860
405,41,5,14650,7860
406,41,6,14650,7860
407,41,7,14650,7860
408,41,8,14650,7860
409,41,9,14650,7860
410,41,10,14650,7860
411,42,1,14650,7860
412,42,2,14650,7860
413,42,3,14650,7860
414,42,4,14650,7860
415,42,5,14650,7860
416,42,6,14650,7860
417,42,7,14650,7860
418,42,8,14650,7860
419,42,9,14650,7860
420,42,10,14650,7860
421,43,1,14650,7860
422,43,2,14650,7860
423,43,3,14650,7860
424,43,4,14650,7860
425,43,5,14650,7860
426,43,6,14650,7860
427,43,7,14650,7860
428,43,8,14650,7860
429,43,9,14650,7860
430,43,10,14650,7860
431,44,1,14650,7860
432,44,2,14650,7860
433,44,3,14650,7860
434,44,4,14650,7860
435,44,5,14650,7860
436,44,6,14650,7860
437,44,7,14650,7860
438,44,8,14650,7860
439,44,9,14650,7860
440,44,10,14650,7860
441,45,1,14650,7860
442,45,2,14650,7860
443,45,3,14650,7860
444,45,4,14650,7860
445,45,5,14650,7860
446,45,6,14650,7860
447,45,7,14650,7860
448,45,8,14650,7860
449,45,9,14650,7860
450,45,10,14650,7860
451,46,1,14650,7860
452,46,2,14650,7860
453,46,3,14650,7860
454,46,4,14650,7860
455,46,5,14650,7860
456,46,6,14650,7860
457,46,7,14650,7860
458,46,8,14650,7860
459,46,9,14650,7860
460,46,10,14650,7860
461,47,1,14650,7860
462,47,2,14650,7860
463,47,3,14650,7860
464,47,4,14650,7860
465,47,5,14650,7860
466,47,6,14650,7860
467,47,7,14650,7860
468,47,8,14650,7860
469,47,9,14650,7860
470,47,10,14650,7860
471,48,1,14650,7860
472,48,2,14650,7860
473,48,3,14650,7860
474,48,4,14650,7860
475,48,5,14650,7860
476,48,6,14650,7860
477,48,7,14650,7860
478,48,8,14650,7860
479,48,9,14650,7860
480,48,10,14650,7860
481,49,1,14650,7860
482,49,2,14650,7860
483,49,3,14650,7860
484,49,4,14650,7860
485,49,5,14650,7860
486,49,6,14650,7860
487,49,7,14650,7860
488,49,8,14650,7860
489,49,9,14650,7860
490,49,10,14650,7860
491,50,1,14650,7860
492,50,2,14650,7860
493,50,3,14650,7860
494,50,4,14650,7860
495,50,5,14650,7860
496,50,6,14650,7860
497,50,7,14650,7860
498,50,8,14650,7860
499,50,9,14650,7860
500,50,10,14650,7860
501,51,1,14650,7860
502,51,2,14650,7860
503,51,3,14650,7860
504,51,4,14650,7860
505,51,5,14650,7860
506,51,6,14650,7860
507,51,7,14650,7860
508,51,8,14650,7860
509,51,9,14650,7860
510,51,10,14650,7860
511,52,1,14650,7860
512,52,2,14650,7860
513,52,3,14650,7860
514,52,4,14650,7860
515,52,5,14650,7860
516,52,6,14650,7860
517,52,7,14650,7860
518,52,8,14650,7860
519,52,9,14650,7860
520,52,10,14650,7860
521,53,1,14650,7860
522,53,2,14650,7860
523,53,3,14650,7860
524,53,4,14650,7860
525,53,5,14650,7860
526,53,6,14650,7860
527,53,7,14650,7860
528,53,8,14650,7860
529,53,9,14650,7860
530,53,10,14650,7860
531,54,1,14650,7860
532,54,2,14650,7860
533,54,3,14650,7860
534,54,4,14650,7860
535,54,5,14650,7860
536,54,6,14650,7860
537,54,7,14650,7860
538,54,8,14650,7860
539,54,9,14650,7860
540,54,10,14650,7860
541,55,1,14650,7860
542,55,2,14650,7860
543,55,3,14650,7860
544,55,4,14650,7860
545,55,5,14650,7860
546,55,6,14650,7860
547,55,7,14650,7860
548,55,8,14650,7860
549,55,9,14650,7860
550,55,10,14650,7860
551,56,1,14650,7860
552,56,2,14650,7860
553,56,3,14650,7860
554,56,4,14650,7860
555,56,5,14650,7860
556,56,6,14650,7860
557,56,7,14650,7860
558,56,8,14650,7860
559,56,9,14650,7860
560,56,10,14650,7860
561,57,1,14650,7860
562,57,2,14650,7860
563,57,3,14650,7860
564,57,4,14650,7860
565,57,5,14650,7860
566,57,6,14650,7860
567,57,7,14650,7860
568,57,8,14650,7860
569,57,9,14650,7860
570,57,10,14650,7860
571,58,1,14650,7860
572,58,2,14650,7860
573,58,3,14650,7860
574,58,4,14650,7860
575,58,5,14650,7860
576,58,6,14650,7860
577,58,7,14650,7860
578,58,8,14650,7860
579,58,9,14650,7860
580,58,10,14650,7860
581,59,1,14650,7860
582,59,2,14650,7860
583,59,3,14650,7860
584,59,4,14650,7860
585,59,5,14650,7860
586,59,6,14650,7860
587,59,7,14650,7860
588,59,8,14650,7860
589,59,9,14650,7860
590,59,10,14650,7860
591,60,1,14650,7860
592,60,2,14650,7860
593,60,3,14650,7860
594,60,4,14650,7860
595,60,5,14650,7860
596,60,6,14650,7860
597,60,7,14650,7860
598,60,8,14650,7860
599,60,9,14650,7860
600,60,10,14650,7860
601,61,1,14650,7860
602,61,2,14650,7860
603,61,3,14650,7860
604,61,4,14650,7860
605,61,5,14650,7860
606,61,6,14650,7860
607,61,7,14650,7860
608,61,8,14650,7860
609,61,9,14650,7860
610,61,10,14650,7860
611,62,1,14650,7860
612,62,2,14650,7860
613,62,3,14650,7860
614,62,4,14650,7860
615,62,5,14650,7860
616,62,6,14650,7860
617,62,7,14650,7860
618,62,8,14650,7860
619,62,9,14650,7860
620,62,10,14650,7860
621,63,1,14650,7860
622,63,2,14650,7860
623,63,3,14650,7860
624,63,4,14650,7860
625,63,5,14650,7860
626,63,6,14650,7860
627,63,7,14650,7860
628,63,8,14650,7860
629,63,9,14650,7860
630,63,10,14650,7860
631,64,1,14650,7860
632,64,2,14650,7860
633,64,3,14650,7860
634,64,4,14650,7860
635,64,5,14650,7860
636,64,6,14650,7860
637,64,7,14650,7860
638,64,8,14650,7860
639,64,9,14650,7860
640,64,10,14650,7860
641,65,1,14650,7860
642,65,2,14650,7860
643,65,3,14650,7860
644,65,4,14650,7860
645,65,5,14650,7860
646,65,6,14650,7860
647,65,7,14650,7860
648,65,8,14650,7860
649,65,9,14650,7860
650,65,10,14650,7860
651,66,1,14650,7860
652,66,2,14650,7860
653,66,3,14650,7860
654,66,4,14650,7860
655,66,5,14650,7860
656,66,6,14650,7860
657,66,7,14650,7860
658,66,8,14650,7860
659,66,9,14650,7860
660,66,10,14650,7860
661,67,1,14650,7860
662,67,2,14650,7860
663,67,3,14650,7860
664,67,4,14650,7860
665,67,5,14650,7860
666,67,6,14650,7860
667,67,7,14650,7860
668,67,8,14650,7860
669,67,9,14650,7860
670,67,10,14650,7860
671,68,1,14650,7860
672,68,2,14650,7860
673,68,3,14650,7860
674,68,4,14650,7860
675,68,5,14650,7860
676,68,6,14650,7860
677,68,7,14650,7860
678,68,8,14650,7860
679,68,9,14650,7860
680,68,10,14650,7860
681,69,1,14650,7860
682,69,2,14650,7860
683,69,3,14650,7860
684,69,4,14650,7860
685,69,5,14650,7860
686,69,6,14650,7860
687,69,7,14650,7860
688,69,8,14650,7860
689,69,9,14650,7860
690,69,10,14650,7860
691,70,1,14650,7860
692,70,2,14650,7860
693,70,3,14650,7860
694,70,4,14650,7860
695,70,5,14650,7860
696,70,6,14650,7860
697,70,7,14650,7860
698,70,8,14650,7860
699,70,9,14650,7860
700,70,10,14650,7860
701,71,1,14650,7860
702,71,2,14650,7860
703,71,3,14650,7860
704,71,4,14650,7860
705,71,5,14650,7860
706,71,6,14650,7860
707,71,7,14650,7860
708,71,8,14650,7860
709,71,9,14650,7860
710,71,10,14650,7860
711,72,1,14650,7860
712,72,2,14650,7860
713,72,3,14650,7860
714,72,4,14650,7860
715,72,5,14650,7860
716,72,6,14650,7860
717,72,7,14650,7860
718,72,8,14650,7860
719,72,9,14650,7860
720,72,10,14650,7860
721,73,1,14650,7860
722,73,2,14650,7860
723,73,3,14650,7860
724,73,4,14650,7860
725,73,5,14650,7860
726,73,6,14650,7860
727,73,7,14650,7860
728,73,8,14650,7860
729,73,9,14650,7860
730,73,10,14650,7860
731,74,1,14650,7860
732,74,2,14650,7860
733,74,3,14650,7860
734,74,4,14650,7860
735,74,5,14650,7860
736,74,6,14650,7860
737,74,7,14650,7860
738,74,8,14650,7860
739,74,9,14650,7860
740,74,10,14650,7860
741,75,1,14650,7860
742,75,2,14650,7860
743,75,3,14650,7860
744,75,4,14650,7860
745,75,5,14650,7860
746,75,6,14650,7860
747,75,7,14650,7860
748,75,8,14650,7860
749,75,9,14650,7860
750,75,10,14650,7860
751,76,1,14650,7860
752,76,2,14650,7860
753,76,3,14650,7860
754,76,4,14650,7860
755,76,5,14650,7860
756,76,6,14650,7860
757,76,7,14650,7860
758,76,8,14650,7860
759,76,9,14650,7860
760,76,10,14650,7860
761,77,1,14650,7860
762,77,2,14650,7860
763,77,3,14650,7860
764,77,4,14650,7860
765,77,5,14650,7860
766,77,6,14650,7860
767,77,7,14650,7860
768,77,8,14650,7860
769,77,9,14650,7860
770,77,10,14650,7860
771,78,1,14650,7860
772,78,2,14650,7860
773,78,3,14650,7860
774,78,4,14650,7860
775,78,5,14650,7860
776,78,6,14650,7860
777,78,7,14650,7860
778,78,8,14650,7860
779,78,9,14650,7860
780,78,10,14650,7860
781,79,1,14650,7860
782,79,2,14650,7860
783,79,3,14650,7860
784,79,4,14650,7860
785,79,5,14650,7860
786,79,6,14650,7860
787,79,7,14650,7860
788,79,8,14650,7860
789,79,9,14650,7860
790,79,10,14650,7860
791,80,1,14650,7860
792,80,2,14650,7860
793,80,3,14650,7860
794,80,4,14650,7860
795,80,5,14650,7860
796,80,6,14650,7860
797,80,7,14650,7860
798,80,8,14650,7860
799,80,9,14650,7860
800,80,10,14650,7860
801,81,1,14650,7860
802,81,2,14650,7860
803,81,3,14650,7860
804,81,4,14650,7860
805,81,5,14650,7860
806,81,6,14650,7860
807,81,7,14650,7860
808,81,8,14650,7860
809,81,9,14650,7860
810,81,10,14650,7860
811,82,1,14650,7860
812,82,2,14650,7860
813,82,3,14650,7860
814,82,4,14650,7860
815,82,5,14650,7860
816,82,6,14650,7860
817,82,7,14650,7860
818,82,8,14650,7860
819,82,9,14650,7860
820,82,10,14650,7860
821,83,1,14650,7860
822,83,2,14650,7860
823,83,3,14650,7860
824,83,4,14650,7860
825,83,5,14650,7860
826,83,6,14650,7860
827,83,7,14650,7860
828,83,8,14650,7860
829,83,9,14650,7860
830,83,10,14650,7860
831,84,1,14650,7860
832,84,2,14650,7860
833,84,3,14650,7860
834,84,4,14650,7860
835,84,5,14650,7860
836,84,6,14650,7860
837,84,7,14650,7860
838,84,8,14650,7860
839,84,9,14650,7860
840,84,10,14650,7860
841,85,1,14650,7860
842,85,2,14650,7860
843,85,3,14650,7860
844,85,4,14650,7860
845,85,5,14650,7860
846,85,6,14650,7860
847,85,7,14650,7860
848,85,8,14650,7860
849,85,9,14650,7860
850,85,10,14650,7860
851,86,1,14650,7860
852,86,2,14650,7860
853,86,3,14650,7860
854,86,4,14650,7860
855,86,5,14650,7860
856,86,6,14650,7860
857,86,7,14650,7860
858,86,8,14650,7860
859,86,9,14650,7860
860,86,10,14650,7860
861,87,1,14650,7860
862,87,2,14650,7860
863,87,3,14650,7860
864,87,4,14650,7860
865,87,5,14650,7860
866,87,6,14650,7860
867,87,7,14650,7860
868,87,8,14650,7860
869,87,9,14650,7860
870,87,10,14650,7860
871,88,1,14650,7860
872,88,2,14650,7860
873,88,3,14650,7860
874,88,4,14650,7860
875,88,5,14650,7860
876,88,6,14650,7860
877,88,7,14650,7860
878,88,8,14650,7860
879,88,9,14650,7860
880,88,10,14650,7860
881,89,1,14650,7860
882,89,2,14650,7860
883,89,3,14650,7860
884,89,4,14650,7860
885,89,5,14650,7860
886,89,6,14650,7860
887,89,7,14650,7860
888,89,8,14650,7860
889,89,9,14650,7860
890,89,10,14650,7860
891,90,1,14650,7860
892,90,2,14650,7860
893,90,3,14650,7860
894,90,4,14650,7860
895,90,5,14650,7860
896,90,6,14650,7860
897,90,7,14650,7860
898,90,8,14650,7860
899,90,9,14650,7860
900,90,10,14650,7860
901,91,1,14650,7860
902,91,2,14650,7860
903,91,3,14650,7860
904,91,4,14650,7860
905,91,5,14650,7860
906,91,6,14650,7860
907,91,7,14650,7860
908,91,8,14650,7860
909,91,9,14650,7860
910,91,10,14650,7860
911,92,1,14650,7860
912,92,2,14650,7860
913,92,3,14650,7860
914,92,4,14650,7860
915,92,5,14650,7860
916,92,6,14650,7860
917,92,7,14650,7860
918,92,8,14650,7860
919,92,9,14650,7860
920,92,10,14650,7860
921,93,1,14650,7860
922,93,2,14650,7860
923,93,3,14650,7860
924,93,4,14650,7860
925,93,5,14650,7860
926,93,6,14650,7860
927,93,7,14650,7860
928,93,8,14650,7860
929,93,9,14650,7860
930,93,10,14650,7860
931,94,1,14650,7860
932,94,2,14650,7860
933,94,3,14650,7860
934,94,4,14650,7860
935,94,5,14650,7860
936,94,6,14650,7860
937,94,7,14650,7860
938,94,8,14650,7860
939,94,9,14650,7860
940,94,10,14650,7860
941,95,1,14650,7860
942,95,2,14650,7860
943,95,3,14650,7860
944,95,4,14650,7860
945,95,5,14650,7860
946,95,6,14650,7860
947,95,7,14650,7860
948,95,8,14650,7860
949,95,9,14650,7860
950,95,10,14650,7860
951,96,1,14650,7860
952,96,2,14650,7860
953,96,3,14650,7860
954,96,4,14650,7860
955,96,5,14650,7860
956,96,6,14650,7860
957,96,7,14650,7860
958,96,8,14650,7860
959,96,9,14650,7860
960,96,10,14650,7860
961,97,1,14650,7860
962,97,2,14650,7860
963,97,3,14650,7860
964,97,4,14650,7860
965,97,5,14650,7860
966,97,6,14650,7860
967,97,7,14650,7860
968,97,8,14650,7860
969,97,9,14650,7860
970,97,10,14650,7860
971,98,1,14650,7860
972,98,2,14650,7860
973,98,3,14650,7860
974,98,4,14650,7860
975,98,5,14650,7860
976,98,6,14650,7860
977,98,7,14650,7860
978,98,8,14650,7860
979,98,9,14650,7860
980,98,10,14650,7860
981,1,11,20,10
982,1,12,20,10
983,1,13,20,10
984,1,14,20,10
985,1,15,20,10
986,2,11,50,30
987,2,12,50,30
988,2,13,50,30
989,2,14,50,30
990,2,15,50,30
991,3,11,100,60
992,3,12,100,60
993,3,13,100,60
994,3,14,100,60
995,3,15,100,60
996,4,11,170,100
997,4,12,170,100
998,4,13,170,100
999,4,14,170,100
1000,4,15,170,100
1001,5,11,260,150
1002,5,12,260,150
1003,5,13,260,150
1004,5,14,260,150
1005,5,15,260,150
1006,6,11,380,220
1007,6,12,380,220
1008,6,13,380,220
1009,6,14,380,220
1010,6,15,380,220
1011,7,11,530,310
1012,7,12,530,310
1013,7,13,530,310
1014,7,14,530,310
1015,7,15,530,310
1016,8,11,710,410
1017,8,12,710,410
1018,8,13,710,410
1019,8,14,710,410
1020,8,15,710,410
1021,9,11,920,520
1022,9,12,920,520
1023,9,13,920,520
1024,9,14,920,520
1025,9,15,920,520
1026,10,11,1170,660
1027,10,12,1170,660
1028,10,13,1170,660
1029,10,14,1170,660
1030,10,15,1170,660
1031,11,11,1460,820
1032,11,12,1460,820
1033,11,13,1460,820
1034,11,14,1460,820
1035,11,15,1460,820
1036,12,11,1790,1000
1037,12,12,1790,1000
1038,12,13,1790,1000
1039,12,14,1790,1000
1040,12,15,1790,1000
1041,13,11,2480,1380
1042,13,12,2480,1380
1043,13,13,2480,1380
1044,13,14,2480,1380
1045,13,15,2480,1380
1046,14,11,3370,1860
1047,14,12,3370,1860
1048,14,13,3370,1860
1049,14,14,3370,1860
1050,14,15,3370,1860
1051,15,11,4940,2720
1052,15,12,4940,2720
1053,15,13,4940,2720
1054,15,14,4940,2720
1055,15,15,4940,2720
1056,16,11,7100,3880
1057,16,12,7100,3880
1058,16,13,7100,3880
1059,16,14,7100,3880
1060,16,15,7100,3880
1061,17,11,10020,5440
1062,17,12,10020,5440
1063,17,13,10020,5440
1064,17,14,10020,5440
1065,17,15,10020,5440
1066,18,11,13920,7520
1067,18,12,13920,7520
1068,18,13,13920,7520
1069,18,14,13920,7520
1070,18,15,13920,7520
1071,19,11,14650,7860
1072,19,12,14650,7860
1073,19,13,14650,7860
1074,19,14,14650,7860
1075,19,15,14650,7860
1076,20,11,14650,7860
1077,20,12,14650,7860
1078,20,13,14650,7860
1079,20,14,14650,7860
1080,20,15,14650,7860
1081,21,11,14650,7860
1082,21,12,14650,7860
1083,21,13,14650,7860
1084,21,14,14650,7860
1085,21,15,14650,7860
1086,22,11,14650,7860
1087,22,12,14650,7860
1088,22,13,14650,7860
1089,22,14,14650,7860
1090,22,15,14650,7860
1091,23,11,14650,7860
1092,23,12,14650,7860
1093,23,13,14650,7860
1094,23,14,14650,7860
1095,23,15,14650,7860
1096,24,11,14650,7860
1097,24,12,14650,7860
1098,24,13,14650,7860
1099,24,14,14650,7860
1100,24,15,14650,7860
1101,25,11,14650,7860
1102,25,12,14650,7860
1103,25,13,14650,7860
1104,25,14,14650,7860
1105,25,15,14650,7860
1106,26,11,14650,7860
1107,26,12,14650,7860
1108,26,13,14650,7860
1109,26,14,14650,7860
1110,26,15,14650,7860
1111,27,11,14650,7860
1112,27,12,14650,7860
1113,27,13,14650,7860
1114,27,14,14650,7860
1115,27,15,14650,7860
1116,28,11,14650,7860
1117,28,12,14650,7860
1118,28,13,14650,7860
1119,28,14,14650,7860
1120,28,15,14650,7860
1121,29,11,14650,7860
1122,29,12,14650,7860
1123,29,13,14650,7860
1124,29,14,14650,7860
1125,29,15,14650,7860
1126,30,11,14650,7860
1127,30,12,14650,7860
1128,30,13,14650,7860
1129,30,14,14650,7860
1130,30,15,14650,7860
1131,31,11,14650,7860
1132,31,12,14650,7860
1133,31,13,14650,7860
1134,31,14,14650,7860
1135,31,15,14650,7860
1136,32,11,14650,7860
1137,32,12,14650,7860
1138,32,13,14650,7860
1139,32,14,14650,7860
1140,32,15,14650,7860
1141,33,11,14650,7860
1142,33,12,14650,7860
1143,33,13,14650,7860
1144,33,14,14650,7860
1145,33,15,14650,7860
1146,34,11,14650,7860
1147,34,12,14650,7860
1148,34,13,14650,7860
1149,34,14,14650,7860
1150,34,15,14650,7860
1151,35,11,14650,7860
1152,35,12,14650,7860
1153,35,13,14650,7860
1154,35,14,14650,7860
1155,35,15,14650,7860
1156,36,11,14650,7860
1157,36,12,14650,7860
1158,36,13,14650,7860
1159,36,14,14650,7860
1160,36,15,14650,7860
1161,37,11,14650,7860
1162,37,12,14650,7860
1163,37,13,14650,7860
1164,37,14,14650,7860
1165,37,15,14650,7860
1166,38,11,14650,7860
1167,38,12,14650,7860
1168,38,13,14650,7860
1169,38,14,14650,7860
1170,38,15,14650,7860
1171,39,11,14650,7860
1172,39,12,14650,7860
1173,39,13,14650,7860
1174,39,14,14650,7860
1175,39,15,14650,7860
1176,40,11,14650,7860
1177,40,12,14650,7860
1178,40,13,14650,7860
1179,40,14,14650,7860
1180,40,15,14650,7860
1181,41,11,14650,7860
1182,41,12,14650,7860
1183,41,13,14650,7860
1184,41,14,14650,7860
1185,41,15,14650,7860
1186,42,11,14650,7860
1187,42,12,14650,7860
1188,42,13,14650,7860
1189,42,14,14650,7860
1190,42,15,14650,7860
1191,43,11,14650,7860
1192,43,12,14650,7860
1193,43,13,14650,7860
1194,43,14,14650,7860
1195,43,15,14650,7860
1196,44,11,14650,7860
1197,44,12,14650,7860
1198,44,13,14650,7860
1199,44,14,14650,7860
1200,44,15,14650,7860
1201,45,11,14650,7860
1202,45,12,14650,7860
1203,45,13,14650,7860
1204,45,14,14650,7860
1205,45,15,14650,7860
1206,46,11,14650,7860
1207,46,12,14650,7860
1208,46,13,14650,7860
1209,46,14,14650,7860
1210,46,15,14650,7860
1211,47,11,14650,7860
1212,47,12,14650,7860
1213,47,13,14650,7860
1214,47,14,14650,7860
1215,47,15,14650,7860
1216,48,11,14650,7860
1217,48,12,14650,7860
1218,48,13,14650,7860
1219,48,14,14650,7860
1220,48,15,14650,7860
1221,49,11,14650,7860
1222,49,12,14650,7860
1223,49,13,14650,7860
1224,49,14,14650,7860
1225,49,15,14650,7860
1226,50,11,14650,7860
1227,50,12,14650,7860
1228,50,13,14650,7860
1229,50,14,14650,7860
1230,50,15,14650,7860
1231,51,11,14650,7860
1232,51,12,14650,7860
1233,51,13,14650,7860
1234,51,14,14650,7860
1235,51,15,14650,7860
1236,52,11,14650,7860
1237,52,12,14650,7860
1238,52,13,14650,7860
1239,52,14,14650,7860
1240,52,15,14650,7860
1241,53,11,14650,7860
1242,53,12,14650,7860
1243,53,13,14650,7860
1244,53,14,14650,7860
1245,53,15,14650,7860
1246,54,11,14650,7860
1247,54,12,14650,7860
1248,54,13,14650,7860
1249,54,14,14650,7860
1250,54,15,14650,7860
1251,55,11,14650,7860
1252,55,12,14650,7860
1253,55,13,14650,7860
1254,55,14,14650,7860
1255,55,15,14650,7860
1256,56,11,14650,7860
1257,56,12,14650,7860
1258,56,13,14650,7860
1259,56,14,14650,7860
1260,56,15,14650,7860
1261,57,11,14650,7860
1262,57,12,14650,7860
1263,57,13,14650,7860
1264,57,14,14650,7860
1265,57,15,14650,7860
1266,58,11,14650,7860
1267,58,12,14650,7860
1268,58,13,14650,7860
1269,58,14,14650,7860
1270,58,15,14650,7860
1271,59,11,14650,7860
1272,59,12,14650,7860
1273,59,13,14650,7860
1274,59,14,14650,7860
1275,59,15,14650,7860
1276,60,11,14650,7860
1277,60,12,14650,7860
1278,60,13,14650,7860
1279,60,14,14650,7860
1280,60,15,14650,7860
1281,61,11,14650,7860
1282,61,12,14650,7860
1283,61,13,14650,7860
1284,61,14,14650,7860
1285,61,15,14650,7860
1286,62,11,14650,7860
1287,62,12,14650,7860
1288,62,13,14650,7860
1289,62,14,14650,7860
1290,62,15,14650,7860
1291,63,11,14650,7860
1292,63,12,14650,7860
1293,63,13,14650,7860
1294,63,14,14650,7860
1295,63,15,14650,7860
1296,64,11,14650,7860
1297,64,12,14650,7860
1298,64,13,14650,7860
1299,64,14,14650,7860
1300,64,15,14650,7860
1301,65,11,14650,7860
1302,65,12,14650,7860
1303,65,13,14650,7860
1304,65,14,14650,7860
1305,65,15,14650,7860
1306,66,11,14650,7860
1307,66,12,14650,7860
1308,66,13,14650,7860
1309,66,14,14650,7860
1310,66,15,14650,7860
1311,67,11,14650,7860
1312,67,12,14650,7860
1313,67,13,14650,7860
1314,67,14,14650,7860
1315,67,15,14650,7860
1316,68,11,14650,7860
1317,68,12,14650,7860
1318,68,13,14650,7860
1319,68,14,14650,7860
1320,68,15,14650,7860
1321,69,11,14650,7860
1322,69,12,14650,7860
1323,69,13,14650,7860
1324,69,14,14650,7860
1325,69,15,14650,7860
1326,70,11,14650,7860
1327,70,12,14650,7860
1328,70,13,14650,7860
1329,70,14,14650,7860
1330,70,15,14650,7860
1331,71,11,14650,7860
1332,71,12,14650,7860
1333,71,13,14650,7860
1334,71,14,14650,7860
1335,71,15,14650,7860
1336,72,11,14650,7860
1337,72,12,14650,7860
1338,72,13,14650,7860
1339,72,14,14650,7860
1340,72,15,14650,7860
1341,73,11,14650,7860
1342,73,12,14650,7860
1343,73,13,14650,7860
1344,73,14,14650,7860
1345,73,15,14650,7860
1346,74,11,14650,7860
1347,74,12,14650,7860
1348,74,13,14650,7860
1349,74,14,14650,7860
1350,74,15,14650,7860
1351,75,11,14650,7860
1352,75,12,14650,7860
1353,75,13,14650,7860
1354,75,14,14650,7860
1355,75,15,14650,7860
1356,76,11,14650,7860
1357,76,12,14650,7860
1358,76,13,14650,7860
1359,76,14,14650,7860
1360,76,15,14650,7860
1361,77,11,14650,7860
1362,77,12,14650,7860
1363,77,13,14650,7860
1364,77,14,14650,7860
1365,77,15,14650,7860
1366,78,11,14650,7860
1367,78,12,14650,7860
1368,78,13,14650,7860
1369,78,14,14650,7860
1370,78,15,14650,7860
1371,79,11,14650,7860
1372,79,12,14650,7860
1373,79,13,14650,7860
1374,79,14,14650,7860
1375,79,15,14650,7860
1376,80,11,14650,7860
1377,80,12,14650,7860
1378,80,13,14650,7860
1379,80,14,14650,7860
1380,80,15,14650,7860
1381,81,11,14650,7860
1382,81,12,14650,7860
1383,81,13,14650,7860
1384,81,14,14650,7860
1385,81,15,14650,7860
1386,82,11,14650,7860
1387,82,12,14650,7860
1388,82,13,14650,7860
1389,82,14,14650,7860
1390,82,15,14650,7860
1391,83,11,14650,7860
1392,83,12,14650,7860
1393,83,13,14650,7860
1394,83,14,14650,7860
1395,83,15,14650,7860
1396,84,11,14650,7860
1397,84,12,14650,7860
1398,84,13,14650,7860
1399,84,14,14650,7860
1400,84,15,14650,7860
1401,85,11,14650,7860
1402,85,12,14650,7860
1403,85,13,14650,7860
1404,85,14,14650,7860
1405,85,15,14650,7860
1406,86,11,14650,7860
1407,86,12,14650,7860
1408,86,13,14650,7860
1409,86,14,14650,7860
1410,86,15,14650,7860
1411,87,11,14650,7860
1412,87,12,14650,7860
1413,87,13,14650,7860
1414,87,14,14650,7860
1415,87,15,14650,7860
1416,88,11,14650,7860
1417,88,12,14650,7860
1418,88,13,14650,7860
1419,88,14,14650,7860
1420,88,15,14650,7860
1421,89,11,14650,7860
1422,89,12,14650,7860
1423,89,13,14650,7860
1424,89,14,14650,7860
1425,89,15,14650,7860
1426,90,11,14650,7860
1427,90,12,14650,7860
1428,90,13,14650,7860
1429,90,14,14650,7860
1430,90,15,14650,7860
1431,91,11,14650,7860
1432,91,12,14650,7860
1433,91,13,14650,7860
1434,91,14,14650,7860
1435,91,15,14650,7860
1436,92,11,14650,7860
1437,92,12,14650,7860
1438,92,13,14650,7860
1439,92,14,14650,7860
1440,92,15,14650,7860
1441,93,11,14650,7860
1442,93,12,14650,7860
1443,93,13,14650,7860
1444,93,14,14650,7860
1445,93,15,14650,7860
1446,94,11,14650,7860
1447,94,12,14650,7860
1448,94,13,14650,7860
1449,94,14,14650,7860
1450,94,15,14650,7860
1451,95,11,14650,7860
1452,95,12,14650,7860
1453,95,13,14650,7860
1454,95,14,14650,7860
1455,95,15,14650,7860
1456,96,11,14650,7860
1457,96,12,14650,7860
1458,96,13,14650,7860
1459,96,14,14650,7860
1460,96,15,14650,7860
1461,97,11,14650,7860
1462,97,12,14650,7860
1463,97,13,14650,7860
1464,97,14,14650,7860
1465,97,15,14650,7860
1466,98,11,14650,7860
1467,98,12,14650,7860
1468,98,13,14650,7860
1469,98,14,14650,7860
1470,98,15,14650,7860
1471,1,16,20,10
1472,1,17,20,10
1473,1,18,20,10
1474,1,19,20,10
1475,1,20,20,10
1476,1,21,20,10
1477,1,22,20,10
1478,1,23,20,10
1479,1,24,20,10
1480,1,25,20,10
1481,2,16,50,30
1482,2,17,50,30
1483,2,18,50,30
1484,2,19,50,30
1485,2,20,50,30
1486,2,21,50,30
1487,2,22,50,30
1488,2,23,50,30
1489,2,24,50,30
1490,2,25,50,30
1491,3,16,100,60
1492,3,17,100,60
1493,3,18,100,60
1494,3,19,100,60
1495,3,20,100,60
1496,3,21,100,60
1497,3,22,100,60
1498,3,23,100,60
1499,3,24,100,60
1500,3,25,100,60
1501,4,16,170,100
1502,4,17,170,100
1503,4,18,170,100
1504,4,19,170,100
1505,4,20,170,100
1506,4,21,170,100
1507,4,22,170,100
1508,4,23,170,100
1509,4,24,170,100
1510,4,25,170,100
1511,5,16,260,150
1512,5,17,260,150
1513,5,18,260,150
1514,5,19,260,150
1515,5,20,260,150
1516,5,21,260,150
1517,5,22,260,150
1518,5,23,260,150
1519,5,24,260,150
1520,5,25,260,150
1521,6,16,380,220
1522,6,17,380,220
1523,6,18,380,220
1524,6,19,380,220
1525,6,20,380,220
1526,6,21,380,220
1527,6,22,380,220
1528,6,23,380,220
1529,6,24,380,220
1530,6,25,380,220
1531,7,16,530,310
1532,7,17,530,310
1533,7,18,530,310
1534,7,19,530,310
1535,7,20,530,310
1536,7,21,530,310
1537,7,22,530,310
1538,7,23,530,310
1539,7,24,530,310
1540,7,25,530,310
1541,8,16,710,410
1542,8,17,710,410
1543,8,18,710,410
1544,8,19,710,410
1545,8,20,710,410
1546,8,21,710,410
1547,8,22,710,410
1548,8,23,710,410
1549,8,24,710,410
1550,8,25,710,410
1551,9,16,920,520
1552,9,17,920,520
1553,9,18,920,520
1554,9,19,920,520
1555,9,20,920,520
1556,9,21,920,520
1557,9,22,920,520
1558,9,23,920,520
1559,9,24,920,520
1560,9,25,920,520
1561,10,16,1170,660
1562,10,17,1170,660
1563,10,18,1170,660
1564,10,19,1170,660
1565,10,20,1170,660
1566,10,21,1170,660
1567,10,22,1170,660
1568,10,23,1170,660
1569,10,24,1170,660
1570,10,25,1170,660
1571,11,16,1460,820
1572,11,17,1460,820
1573,11,18,1460,820
1574,11,19,1460,820
1575,11,20,1460,820
1576,11,21,1460,820
1577,11,22,1460,820
1578,11,23,1460,820
1579,11,24,1460,820
1580,11,25,1460,820
1581,12,16,1790,1000
1582,12,17,1790,1000
1583,12,18,1790,1000
1584,12,19,1790,1000
1585,12,20,1790,1000
1586,12,21,1790,1000
1587,12,22,1790,1000
1588,12,23,1790,1000
1589,12,24,1790,1000
1590,12,25,1790,1000
1591,13,16,2480,1380
1592,13,17,2480,1380
1593,13,18,2480,1380
1594,13,19,2480,1380
1595,13,20,2480,1380
1596,13,21,2480,1380
1597,13,22,2480,1380
1598,13,23,2480,1380
1599,13,24,2480,1380
1600,13,25,2480,1380
1601,14,16,3370,1860
1602,14,17,3370,1860
1603,14,18,3370,1860
1604,14,19,3370,1860
1605,14,20,3370,1860
1606,14,21,3370,1860
1607,14,22,3370,1860
1608,14,23,3370,1860
1609,14,24,3370,1860
1610,14,25,3370,1860
1611,15,16,4940,2720
1612,15,17,4940,2720
1613,15,18,4940,2720
1614,15,19,4940,2720
1615,15,20,4940,2720
1616,15,21,4940,2720
1617,15,22,4940,2720
1618,15,23,4940,2720
1619,15,24,4940,2720
1620,15,25,4940,2720
1621,16,16,7100,3880
1622,16,17,7100,3880
1623,16,18,7100,3880
1624,16,19,7100,3880
1625,16,20,7100,3880
1626,16,21,7100,3880
1627,16,22,7100,3880
1628,16,23,7100,3880
1629,16,24,7100,3880
1630,16,25,7100,3880
1631,17,16,10020,5440
1632,17,17,10020,5440
1633,17,18,10020,5440
1634,17,19,10020,5440
1635,17,20,10020,5440
1636,17,21,10020,5440
1637,17,22,10020,5440
1638,17,23,10020,5440
1639,17,24,10020,5440
1640,17,25,10020,5440
1641,18,16,13920,7520
1642,18,17,13920,7520
1643,18,18,13920,7520
1644,18,19,13920,7520
1645,18,20,13920,7520
1646,18,21,13920,7520
1647,18,22,13920,7520
1648,18,23,13920,7520
1649,18,24,13920,7520
1650,18,25,13920,7520
1651,19,16,14650,7860
1652,19,17,14650,7860
1653,19,18,14650,7860
1654,19,19,14650,7860
1655,19,20,14650,7860
1656,19,21,14650,7860
1657,19,22,14650,7860
1658,19,23,14650,7860
1659,19,24,14650,7860
1660,19,25,14650,7860
1661,20,16,14650,7860
1662,20,17,14650,7860
1663,20,18,14650,7860
1664,20,19,14650,7860
1665,20,20,14650,7860
1666,20,21,14650,7860
1667,20,22,14650,7860
1668,20,23,14650,7860
1669,20,24,14650,7860
1670,20,25,14650,7860
1671,21,16,14650,7860
1672,21,17,14650,7860
1673,21,18,14650,7860
1674,21,19,14650,7860
1675,21,20,14650,7860
1676,21,21,14650,7860
1677,21,22,14650,7860
1678,21,23,14650,7860
1679,21,24,14650,7860
1680,21,25,14650,7860
1681,22,16,14650,7860
1682,22,17,14650,7860
1683,22,18,14650,7860
1684,22,19,14650,7860
1685,22,20,14650,7860
1686,22,21,14650,7860
1687,22,22,14650,7860
1688,22,23,14650,7860
1689,22,24,14650,7860
1690,22,25,14650,7860
1691,23,16,14650,7860
1692,23,17,14650,7860
1693,23,18,14650,7860
1694,23,19,14650,7860
1695,23,20,14650,7860
1696,23,21,14650,7860
1697,23,22,14650,7860
1698,23,23,14650,7860
1699,23,24,14650,7860
1700,23,25,14650,7860
1701,24,16,14650,7860
1702,24,17,14650,7860
1703,24,18,14650,7860
1704,24,19,14650,7860
1705,24,20,14650,7860
1706,24,21,14650,7860
1707,24,22,14650,7860
1708,24,23,14650,7860
1709,24,24,14650,7860
1710,24,25,14650,7860
1711,25,16,14650,7860
1712,25,17,14650,7860
1713,25,18,14650,7860
1714,25,19,14650,7860
1715,25,20,14650,7860
1716,25,21,14650,7860
1717,25,22,14650,7860
1718,25,23,14650,7860
1719,25,24,14650,7860
1720,25,25,14650,7860
1721,26,16,14650,7860
1722,26,17,14650,7860
1723,26,18,14650,7860
1724,26,19,14650,7860
1725,26,20,14650,7860
1726,26,21,14650,7860
1727,26,22,14650,7860
1728,26,23,14650,7860
1729,26,24,14650,7860
1730,26,25,14650,7860
1731,27,16,14650,7860
1732,27,17,14650,7860
1733,27,18,14650,7860
1734,27,19,14650,7860
1735,27,20,14650,7860
1736,27,21,14650,7860
1737,27,22,14650,7860
1738,27,23,14650,7860
1739,27,24,14650,7860
1740,27,25,14650,7860
1741,28,16,14650,7860
1742,28,17,14650,7860
1743,28,18,14650,7860
1744,28,19,14650,7860
1745,28,20,14650,7860
1746,28,21,14650,7860
1747,28,22,14650,7860
1748,28,23,14650,7860
1749,28,24,14650,7860
1750,28,25,14650,7860
1751,29,16,14650,7860
1752,29,17,14650,7860
1753,29,18,14650,7860
1754,29,19,14650,7860
1755,29,20,14650,7860
1756,29,21,14650,7860
1757,29,22,14650,7860
1758,29,23,14650,7860
1759,29,24,14650,7860
1760,29,25,14650,7860
1761,30,16,14650,7860
1762,30,17,14650,7860
1763,30,18,14650,7860
1764,30,19,14650,7860
1765,30,20,14650,7860
1766,30,21,14650,7860
1767,30,22,14650,7860
1768,30,23,14650,7860
1769,30,24,14650,7860
1770,30,25,14650,7860
1771,31,16,14650,7860
1772,31,17,14650,7860
1773,31,18,14650,7860
1774,31,19,14650,7860
1775,31,20,14650,7860
1776,31,21,14650,7860
1777,31,22,14650,7860
1778,31,23,14650,7860
1779,31,24,14650,7860
1780,31,25,14650,7860
1781,32,16,14650,7860
1782,32,17,14650,7860
1783,32,18,14650,7860
1784,32,19,14650,7860
1785,32,20,14650,7860
1786,32,21,14650,7860
1787,32,22,14650,7860
1788,32,23,14650,7860
1789,32,24,14650,7860
1790,32,25,14650,7860
1791,33,16,14650,7860
1792,33,17,14650,7860
1793,33,18,14650,7860
1794,33,19,14650,7860
1795,33,20,14650,7860
1796,33,21,14650,7860
1797,33,22,14650,7860
1798,33,23,14650,7860
1799,33,24,14650,7860
1800,33,25,14650,7860
1801,34,16,14650,7860
1802,34,17,14650,7860
1803,34,18,14650,7860
1804,34,19,14650,7860
1805,34,20,14650,7860
1806,34,21,14650,7860
1807,34,22,14650,7860
1808,34,23,14650,7860
1809,34,24,14650,7860
1810,34,25,14650,7860
1811,35,16,14650,7860
1812,35,17,14650,7860
1813,35,18,14650,7860
1814,35,19,14650,7860
1815,35,20,14650,7860
1816,35,21,14650,7860
1817,35,22,14650,7860
1818,35,23,14650,7860
1819,35,24,14650,7860
1820,35,25,14650,7860
1821,36,16,14650,7860
1822,36,17,14650,7860
1823,36,18,14650,7860
1824,36,19,14650,7860
1825,36,20,14650,7860
1826,36,21,14650,7860
1827,36,22,14650,7860
1828,36,23,14650,7860
1829,36,24,14650,7860
1830,36,25,14650,7860
1831,37,16,14650,7860
1832,37,17,14650,7860
1833,37,18,14650,7860
1834,37,19,14650,7860
1835,37,20,14650,7860
1836,37,21,14650,7860
1837,37,22,14650,7860
1838,37,23,14650,7860
1839,37,24,14650,7860
1840,37,25,14650,7860
1841,38,16,14650,7860
1842,38,17,14650,7860
1843,38,18,14650,7860
1844,38,19,14650,7860
1845,38,20,14650,7860
1846,38,21,14650,7860
1847,38,22,14650,7860
1848,38,23,14650,7860
1849,38,24,14650,7860
1850,38,25,14650,7860
1851,39,16,14650,7860
1852,39,17,14650,7860
1853,39,18,14650,7860
1854,39,19,14650,7860
1855,39,20,14650,7860
1856,39,21,14650,7860
1857,39,22,14650,7860
1858,39,23,14650,7860
1859,39,24,14650,7860
1860,39,25,14650,7860
1861,40,16,14650,7860
1862,40,17,14650,7860
1863,40,18,14650,7860
1864,40,19,14650,7860
1865,40,20,14650,7860
1866,40,21,14650,7860
1867,40,22,14650,7860
1868,40,23,14650,7860
1869,40,24,14650,7860
1870,40,25,14650,7860
1871,41,16,14650,7860
1872,41,17,14650,7860
1873,41,18,14650,7860
1874,41,19,14650,7860
1875,41,20,14650,7860
1876,41,21,14650,7860
1877,41,22,14650,7860
1878,41,23,14650,7860
1879,41,24,14650,7860
1880,41,25,14650,7860
1881,42,16,14650,7860
1882,42,17,14650,7860
1883,42,18,14650,7860
1884,42,19,14650,7860
1885,42,20,14650,7860
1886,42,21,14650,7860
1887,42,22,14650,7860
1888,42,23,14650,7860
1889,42,24,14650,7860
1890,42,25,14650,7860
1891,43,16,14650,7860
1892,43,17,14650,7860
1893,43,18,14650,7860
1894,43,19,14650,7860
1895,43,20,14650,7860
1896,43,21,14650,7860
1897,43,22,14650,7860
1898,43,23,14650,7860
1899,43,24,14650,7860
1900,43,25,14650,7860
1901,44,16,14650,7860
1902,44,17,14650,7860
1903,44,18,14650,7860
1904,44,19,14650,7860
1905,44,20,14650,7860
1906,44,21,14650,7860
1907,44,22,14650,7860
1908,44,23,14650,7860
1909,44,24,14650,7860
1910,44,25,14650,7860
1911,45,16,14650,7860
1912,45,17,14650,7860
1913,45,18,14650,7860
1914,45,19,14650,7860
1915,45,20,14650,7860
1916,45,21,14650,7860
1917,45,22,14650,7860
1918,45,23,14650,7860
1919,45,24,14650,7860
1920,45,25,14650,7860
1921,46,16,14650,7860
1922,46,17,14650,7860
1923,46,18,14650,7860
1924,46,19,14650,7860
1925,46,20,14650,7860
1926,46,21,14650,7860
1927,46,22,14650,7860
1928,46,23,14650,7860
1929,46,24,14650,7860
1930,46,25,14650,7860
1931,47,16,14650,7860
1932,47,17,14650,7860
1933,47,18,14650,7860
1934,47,19,14650,7860
1935,47,20,14650,7860
1936,47,21,14650,7860
1937,47,22,14650,7860
1938,47,23,14650,7860
1939,47,24,14650,7860
1940,47,25,14650,7860
1941,48,16,14650,7860
1942,48,17,14650,7860
1943,48,18,14650,7860
1944,48,19,14650,7860
1945,48,20,14650,7860
1946,48,21,14650,7860
1947,48,22,14650,7860
1948,48,23,14650,7860
1949,48,24,14650,7860
1950,48,25,14650,7860
1951,49,16,14650,7860
1952,49,17,14650,7860
1953,49,18,14650,7860
1954,49,19,14650,7860
1955,49,20,14650,7860
1956,49,21,14650,7860
1957,49,22,14650,7860
1958,49,23,14650,7860
1959,49,24,14650,7860
1960,49,25,14650,7860
1961,50,16,14650,7860
1962,50,17,14650,7860
1963,50,18,14650,7860
1964,50,19,14650,7860
1965,50,20,14650,7860
1966,50,21,14650,7860
1967,50,22,14650,7860
1968,50,23,14650,7860
1969,50,24,14650,7860
1970,50,25,14650,7860
1971,51,16,14650,7860
1972,51,17,14650,7860
1973,51,18,14650,7860
1974,51,19,14650,7860
1975,51,20,14650,7860
1976,51,21,14650,7860
1977,51,22,14650,7860
1978,51,23,14650,7860
1979,51,24,14650,7860
1980,51,25,14650,7860
1981,52,16,14650,7860
1982,52,17,14650,7860
1983,52,18,14650,7860
1984,52,19,14650,7860
1985,52,20,14650,7860
1986,52,21,14650,7860
1987,52,22,14650,7860
1988,52,23,14650,7860
1989,52,24,14650,7860
1990,52,25,14650,7860
1991,53,16,14650,7860
1992,53,17,14650,7860
1993,53,18,14650,7860
1994,53,19,14650,7860
1995,53,20,14650,7860
1996,53,21,14650,7860
1997,53,22,14650,7860
1998,53,23,14650,7860
1999,53,24,14650,7860
2000,53,25,14650,7860
2001,54,16,14650,7860
2002,54,17,14650,7860
2003,54,18,14650,7860
2004,54,19,14650,7860
2005,54,20,14650,7860
2006,54,21,14650,7860
2007,54,22,14650,7860
2008,54,23,14650,7860
2009,54,24,14650,7860
2010,54,25,14650,7860
2011,55,16,14650,7860
2012,55,17,14650,7860
2013,55,18,14650,7860
2014,55,19,14650,7860
2015,55,20,14650,7860
2016,55,21,14650,7860
2017,55,22,14650,7860
2018,55,23,14650,7860
2019,55,24,14650,7860
2020,55,25,14650,7860
2021,56,16,14650,7860
2022,56,17,14650,7860
2023,56,18,14650,7860
2024,56,19,14650,7860
2025,56,20,14650,7860
2026,56,21,14650,7860
2027,56,22,14650,7860
2028,56,23,14650,7860
2029,56,24,14650,7860
2030,56,25,14650,7860
2031,57,16,14650,7860
2032,57,17,14650,7860
2033,57,18,14650,7860
2034,57,19,14650,7860
2035,57,20,14650,7860
2036,57,21,14650,7860
2037,57,22,14650,7860
2038,57,23,14650,7860
2039,57,24,14650,7860
2040,57,25,14650,7860
2041,58,16,14650,7860
2042,58,17,14650,7860
2043,58,18,14650,7860
2044,58,19,14650,7860
2045,58,20,14650,7860
2046,58,21,14650,7860
2047,58,22,14650,7860
2048,58,23,14650,7860
2049,58,24,14650,7860
2050,58,25,14650,7860
2051,59,16,14650,7860
2052,59,17,14650,7860
2053,59,18,14650,7860
2054,59,19,14650,7860
2055,59,20,14650,7860
2056,59,21,14650,7860
2057,59,22,14650,7860
2058,59,23,14650,7860
2059,59,24,14650,7860
2060,59,25,14650,7860
2061,60,16,14650,7860
2062,60,17,14650,7860
2063,60,18,14650,7860
2064,60,19,14650,7860
2065,60,20,14650,7860
2066,60,21,14650,7860
2067,60,22,14650,7860
2068,60,23,14650,7860
2069,60,24,14650,7860
2070,60,25,14650,7860
2071,61,16,14650,7860
2072,61,17,14650,7860
2073,61,18,14650,7860
2074,61,19,14650,7860
2075,61,20,14650,7860
2076,61,21,14650,7860
2077,61,22,14650,7860
2078,61,23,14650,7860
2079,61,24,14650,7860
2080,61,25,14650,7860
2081,62,16,14650,7860
2082,62,17,14650,7860
2083,62,18,14650,7860
2084,62,19,14650,7860
2085,62,20,14650,7860
2086,62,21,14650,7860
2087,62,22,14650,7860
2088,62,23,14650,7860
2089,62,24,14650,7860
2090,62,25,14650,7860
2091,63,16,14650,7860
2092,63,17,14650,7860
2093,63,18,14650,7860
2094,63,19,14650,7860
2095,63,20,14650,7860
2096,63,21,14650,7860
2097,63,22,14650,7860
2098,63,23,14650,7860
2099,63,24,14650,7860
2100,63,25,14650,7860
2101,64,16,14650,7860
2102,64,17,14650,7860
2103,64,18,14650,7860
2104,64,19,14650,7860
2105,64,20,14650,7860
2106,64,21,14650,7860
2107,64,22,14650,7860
2108,64,23,14650,7860
2109,64,24,14650,7860
2110,64,25,14650,7860
2111,65,16,14650,7860
2112,65,17,14650,7860
2113,65,18,14650,7860
2114,65,19,14650,7860
2115,65,20,14650,7860
2116,65,21,14650,7860
2117,65,22,14650,7860
2118,65,23,14650,7860
2119,65,24,14650,7860
2120,65,25,14650,7860
2121,66,16,14650,7860
2122,66,17,14650,7860
2123,66,18,14650,7860
2124,66,19,14650,7860
2125,66,20,14650,7860
2126,66,21,14650,7860
2127,66,22,14650,7860
2128,66,23,14650,7860
2129,66,24,14650,7860
2130,66,25,14650,7860
2131,67,16,14650,7860
2132,67,17,14650,7860
2133,67,18,14650,7860
2134,67,19,14650,7860
2135,67,20,14650,7860
2136,67,21,14650,7860
2137,67,22,14650,7860
2138,67,23,14650,7860
2139,67,24,14650,7860
2140,67,25,14650,7860
2141,68,16,14650,7860
2142,68,17,14650,7860
2143,68,18,14650,7860
2144,68,19,14650,7860
2145,68,20,14650,7860
2146,68,21,14650,7860
2147,68,22,14650,7860
2148,68,23,14650,7860
2149,68,24,14650,7860
2150,68,25,14650,7860
2151,69,16,14650,7860
2152,69,17,14650,7860
2153,69,18,14650,7860
2154,69,19,14650,7860
2155,69,20,14650,7860
2156,69,21,14650,7860
2157,69,22,14650,7860
2158,69,23,14650,7860
2159,69,24,14650,7860
2160,69,25,14650,7860
2161,70,16,14650,7860
2162,70,17,14650,7860
2163,70,18,14650,7860
2164,70,19,14650,7860
2165,70,20,14650,7860
2166,70,21,14650,7860
2167,70,22,14650,7860
2168,70,23,14650,7860
2169,70,24,14650,7860
2170,70,25,14650,7860
2171,71,16,14650,7860
2172,71,17,14650,7860
2173,71,18,14650,7860
2174,71,19,14650,7860
2175,71,20,14650,7860
2176,71,21,14650,7860
2177,71,22,14650,7860
2178,71,23,14650,7860
2179,71,24,14650,7860
2180,71,25,14650,7860
2181,72,16,14650,7860
2182,72,17,14650,7860
2183,72,18,14650,7860
2184,72,19,14650,7860
2185,72,20,14650,7860
2186,72,21,14650,7860
2187,72,22,14650,7860
2188,72,23,14650,7860
2189,72,24,14650,7860
2190,72,25,14650,7860
2191,73,16,14650,7860
2192,73,17,14650,7860
2193,73,18,14650,7860
2194,73,19,14650,7860
2195,73,20,14650,7860
2196,73,21,14650,7860
2197,73,22,14650,7860
2198,73,23,14650,7860
2199,73,24,14650,7860
2200,73,25,14650,7860
2201,74,16,14650,7860
2202,74,17,14650,7860
2203,74,18,14650,7860
2204,74,19,14650,7860
2205,74,20,14650,7860
2206,74,21,14650,7860
2207,74,22,14650,7860
2208,74,23,14650,7860
2209,74,24,14650,7860
2210,74,25,14650,7860
2211,75,16,14650,7860
2212,75,17,14650,7860
2213,75,18,14650,7860
2214,75,19,14650,7860
2215,75,20,14650,7860
2216,75,21,14650,7860
2217,75,22,14650,7860
2218,75,23,14650,7860
2219,75,24,14650,7860
2220,75,25,14650,7860
2221,76,16,14650,7860
2222,76,17,14650,7860
2223,76,18,14650,7860
2224,76,19,14650,7860
2225,76,20,14650,7860
2226,76,21,14650,7860
2227,76,22,14650,7860
2228,76,23,14650,7860
2229,76,24,14650,7860
2230,76,25,14650,7860
2231,77,16,14650,7860
2232,77,17,14650,7860
2233,77,18,14650,7860
2234,77,19,14650,7860
2235,77,20,14650,7860
2236,77,21,14650,7860
2237,77,22,14650,7860
2238,77,23,14650,7860
2239,77,24,14650,7860
2240,77,25,14650,7860
2241,78,16,14650,7860
2242,78,17,14650,7860
2243,78,18,14650,7860
2244,78,19,14650,7860
2245,78,20,14650,7860
2246,78,21,14650,7860
2247,78,22,14650,7860
2248,78,23,14650,7860
2249,78,24,14650,7860
2250,78,25,14650,7860
2251,79,16,14650,7860
2252,79,17,14650,7860
2253,79,18,14650,7860
2254,79,19,14650,7860
2255,79,20,14650,7860
2256,79,21,14650,7860
2257,79,22,14650,7860
2258,79,23,14650,7860
2259,79,24,14650,7860
2260,79,25,14650,7860
2261,80,16,14650,7860
2262,80,17,14650,7860
2263,80,18,14650,7860
2264,80,19,14650,7860
2265,80,20,14650,7860
2266,80,21,14650,7860
2267,80,22,14650,7860
2268,80,23,14650,7860
2269,80,24,14650,7860
2270,80,25,14650,7860
2271,81,16,14650,7860
2272,81,17,14650,7860
2273,81,18,14650,7860
2274,81,19,14650,7860
2275,81,20,14650,7860
2276,81,21,14650,7860
2277,81,22,14650,7860
2278,81,23,14650,7860
2279,81,24,14650,7860
2280,81,25,14650,7860
2281,82,16,14650,7860
2282,82,17,14650,7860
2283,82,18,14650,7860
2284,82,19,14650,7860
2285,82,20,14650,7860
2286,82,21,14650,7860
2287,82,22,14650,7860
2288,82,23,14650,7860
2289,82,24,14650,7860
2290,82,25,14650,7860
2291,83,16,14650,7860
2292,83,17,14650,7860
2293,83,18,14650,7860
2294,83,19,14650,7860
2295,83,20,14650,7860
2296,83,21,14650,7860
2297,83,22,14650,7860
2298,83,23,14650,7860
2299,83,24,14650,7860
2300,83,25,14650,7860
2301,84,16,14650,7860
2302,84,17,14650,7860
2303,84,18,14650,7860
2304,84,19,14650,7860
2305,84,20,14650,7860
2306,84,21,14650,7860
2307,84,22,14650,7860
2308,84,23,14650,7860
2309,84,24,14650,7860
2310,84,25,14650,7860
2311,85,16,14650,7860
2312,85,17,14650,7860
2313,85,18,14650,7860
2314,85,19,14650,7860
2315,85,20,14650,7860
2316,85,21,14650,7860
2317,85,22,14650,7860
2318,85,23,14650,7860
2319,85,24,14650,7860
2320,85,25,14650,7860
2321,86,16,14650,7860
2322,86,17,14650,7860
2323,86,18,14650,7860
2324,86,19,14650,7860
2325,86,20,14650,7860
2326,86,21,14650,7860
2327,86,22,14650,7860
2328,86,23,14650,7860
2329,86,24,14650,7860
2330,86,25,14650,7860
2331,87,16,14650,7860
2332,87,17,14650,7860
2333,87,18,14650,7860
2334,87,19,14650,7860
2335,87,20,14650,7860
2336,87,21,14650,7860
2337,87,22,14650,7860
2338,87,23,14650,7860
2339,87,24,14650,7860
2340,87,25,14650,7860
2341,88,16,14650,7860
2342,88,17,14650,7860
2343,88,18,14650,7860
2344,88,19,14650,7860
2345,88,20,14650,7860
2346,88,21,14650,7860
2347,88,22,14650,7860
2348,88,23,14650,7860
2349,88,24,14650,7860
2350,88,25,14650,7860
2351,89,16,14650,7860
2352,89,17,14650,7860
2353,89,18,14650,7860
2354,89,19,14650,7860
2355,89,20,14650,7860
2356,89,21,14650,7860
2357,89,22,14650,7860
2358,89,23,14650,7860
2359,89,24,14650,7860
2360,89,25,14650,7860
2361,90,16,14650,7860
2362,90,17,14650,7860
2363,90,18,14650,7860
2364,90,19,14650,7860
2365,90,20,14650,7860
2366,90,21,14650,7860
2367,90,22,14650,7860
2368,90,23,14650,7860
2369,90,24,14650,7860
2370,90,25,14650,7860
2371,91,16,14650,7860
2372,91,17,14650,7860
2373,91,18,14650,7860
2374,91,19,14650,7860
2375,91,20,14650,7860
2376,91,21,14650,7860
2377,91,22,14650,7860
2378,91,23,14650,7860
2379,91,24,14650,7860
2380,91,25,14650,7860
2381,92,16,14650,7860
2382,92,17,14650,7860
2383,92,18,14650,7860
2384,92,19,14650,7860
2385,92,20,14650,7860
2386,92,21,14650,7860
2387,92,22,14650,7860
2388,92,23,14650,7860
2389,92,24,14650,7860
2390,92,25,14650,7860
2391,93,16,14650,7860
2392,93,17,14650,7860
2393,93,18,14650,7860
2394,93,19,14650,7860
2395,93,20,14650,7860
2396,93,21,14650,7860
2397,93,22,14650,7860
2398,93,23,14650,7860
2399,93,24,14650,7860
2400,93,25,14650,7860
2401,94,16,14650,7860
2402,94,17,14650,7860
2403,94,18,14650,7860
2404,94,19,14650,7860
2405,94,20,14650,7860
2406,94,21,14650,7860
2407,94,22,14650,7860
2408,94,23,14650,7860
2409,94,24,14650,7860
2410,94,25,14650,7860
2411,95,16,14650,7860
2412,95,17,14650,7860
2413,95,18,14650,7860
2414,95,19,14650,7860
2415,95,20,14650,7860
2416,95,21,14650,7860
2417,95,22,14650,7860
2418,95,23,14650,7860
2419,95,24,14650,7860
2420,95,25,14650,7860
2421,96,16,14650,7860
2422,96,17,14650,7860
2423,96,18,14650,7860
2424,96,19,14650,7860
2425,96,20,14650,7860
2426,96,21,14650,7860
2427,96,22,14650,7860
2428,96,23,14650,7860
2429,96,24,14650,7860
2430,96,25,14650,7860
2431,97,16,14650,7860
2432,97,17,14650,7860
2433,97,18,14650,7860
2434,97,19,14650,7860
2435,97,20,14650,7860
2436,97,21,14650,7860
2437,97,22,14650,7860
2438,97,23,14650,7860
2439,97,24,14650,7860
2440,97,25,14650,7860
2441,98,16,14650,7860
2442,98,17,14650,7860
2443,98,18,14650,7860
2444,98,19,14650,7860
2445,98,20,14650,7860
2446,98,21,14650,7860
2447,98,22,14650,7860
2448,98,23,14650,7860
2449,98,24,14650,7860
2450,98,25,14650,7860
2451,99,1,14650,7860
2452,99,2,14650,7860
2453,99,3,14650,7860
2454,99,4,14650,7860
2455,99,5,14650,7860
2456,99,6,14650,7860
2457,99,7,14650,7860
2458,99,8,14650,7860
2459,99,9,14650,7860
2460,99,10,14650,7860
2461,99,11,14650,7860
2462,99,12,14650,7860
2463,99,13,14650,7860
2464,99,14,14650,7860
2465,99,15,14650,7860
2466,99,16,14650,7860
2467,99,17,14650,7860
2468,99,18,14650,7860
2469,99,19,14650,7860
2470,99,20,14650,7860
2471,99,21,14650,7860
2472,99,22,14650,7860
2473,99,23,14650,7860
2474,99,24,14650,7860
2475,99,25,14650,7860
2476,100,1,14650,7860
2477,100,2,14650,7860
2478,100,3,14650,7860
2479,100,4,14650,7860
2480,100,5,14650,7860
2481,100,6,14650,7860
2482,100,7,14650,7860
2483,100,8,14650,7860
2484,100,9,14650,7860
2485,100,10,14650,7860
2486,100,11,14650,7860
2487,100,12,14650,7860
2488,100,13,14650,7860
2489,100,14,14650,7860
2490,100,15,14650,7860
2491,100,16,14650,7860
2492,100,17,14650,7860
2493,100,18,14650,7860
2494,100,19,14650,7860
2495,100,20,14650,7860
2496,100,21,14650,7860
2497,100,22,14650,7860
2498,100,23,14650,7860
2499,100,24,14650,7860
2500,100,25,14650,7860
2501,101,1,14650,7860
2502,101,2,14650,7860
2503,101,3,14650,7860
2504,101,4,14650,7860
2505,101,5,14650,7860
2506,101,6,14650,7860
2507,101,7,14650,7860
2508,101,8,14650,7860
2509,101,9,14650,7860
2510,101,10,14650,7860
2511,101,11,14650,7860
2512,101,12,14650,7860
2513,101,13,14650,7860
2514,101,14,14650,7860
2515,101,15,14650,7860
2516,101,16,14650,7860
2517,101,17,14650,7860
2518,101,18,14650,7860
2519,101,19,14650,7860
2520,101,20,14650,7860
2521,101,21,14650,7860
2522,101,22,14650,7860
2523,101,23,14650,7860
2524,101,24,14650,7860
2525,101,25,14650,7860
2526,102,1,14650,7860
2527,102,2,14650,7860
2528,102,3,14650,7860
2529,102,4,14650,7860
2530,102,5,14650,7860
2531,102,6,14650,7860
2532,102,7,14650,7860
2533,102,8,14650,7860
2534,102,9,14650,7860
2535,102,10,14650,7860
2536,102,11,14650,7860
2537,102,12,14650,7860
2538,102,13,14650,7860
2539,102,14,14650,7860
2540,102,15,14650,7860
2541,102,16,14650,7860
2542,102,17,14650,7860
2543,102,18,14650,7860
2544,102,19,14650,7860
2545,102,20,14650,7860
2546,102,21,14650,7860
2547,102,22,14650,7860
2548,102,23,14650,7860
2549,102,24,14650,7860
2550,102,25,14650,7860
2551,103,1,14650,7860
2552,103,2,14650,7860
2553,103,3,14650,7860
2554,103,4,14650,7860
2555,103,5,14650,7860
2556,103,6,14650,7860
2557,103,7,14650,7860
2558,103,8,14650,7860
2559,103,9,14650,7860
2560,103,10,14650,7860
2561,103,11,14650,7860
2562,103,12,14650,7860
2563,103,13,14650,7860
2564,103,14,14650,7860
2565,103,15,14650,7860
2566,103,16,14650,7860
2567,103,17,14650,7860
2568,103,18,14650,7860
2569,103,19,14650,7860
2570,103,20,14650,7860
2571,103,21,14650,7860
2572,103,22,14650,7860
2573,103,23,14650,7860
2574,103,24,14650,7860
2575,103,25,14650,7860
2576,104,1,14650,7860
2577,104,2,14650,7860
2578,104,3,14650,7860
2579,104,4,14650,7860
2580,104,5,14650,7860
2581,104,6,14650,7860
2582,104,7,14650,7860
2583,104,8,14650,7860
2584,104,9,14650,7860
2585,104,10,14650,7860
2586,104,11,14650,7860
2587,104,12,14650,7860
2588,104,13,14650,7860
2589,104,14,14650,7860
2590,104,15,14650,7860
2591,104,16,14650,7860
2592,104,17,14650,7860
2593,104,18,14650,7860
2594,104,19,14650,7860
2595,104,20,14650,7860
2596,104,21,14650,7860
2597,104,22,14650,7860
2598,104,23,14650,7860
2599,104,24,14650,7860
2600,104,25,14650,7860
2601,105,1,14650,7860
2602,105,2,14650,7860
2603,105,3,14650,7860
2604,105,4,14650,7860
2605,105,5,14650,7860
2606,105,6,14650,7860
2607,105,7,14650,7860
2608,105,8,14650,7860
2609,105,9,14650,7860
2610,105,10,14650,7860
2611,105,11,14650,7860
2612,105,12,14650,7860
2613,105,13,14650,7860
2614,105,14,14650,7860
2615,105,15,14650,7860
2616,105,16,14650,7860
2617,105,17,14650,7860
2618,105,18,14650,7860
2619,105,19,14650,7860
2620,105,20,14650,7860
2621,105,21,14650,7860
2622,105,22,14650,7860
2623,105,23,14650,7860
2624,105,24,14650,7860
2625,105,25,14650,7860
2626,106,1,14650,7860
2627,106,2,14650,7860
2628,106,3,14650,7860
2629,106,4,14650,7860
2630,106,5,14650,7860
2631,106,6,14650,7860
2632,106,7,14650,7860
2633,106,8,14650,7860
2634,106,9,14650,7860
2635,106,10,14650,7860
2636,106,11,14650,7860
2637,106,12,14650,7860
2638,106,13,14650,7860
2639,106,14,14650,7860
2640,106,15,14650,7860
2641,106,16,14650,7860
2642,106,17,14650,7860
2643,106,18,14650,7860
2644,106,19,14650,7860
2645,106,20,14650,7860
2646,106,21,14650,7860
2647,106,22,14650,7860
2648,106,23,14650,7860
2649,106,24,14650,7860
2650,106,25,14650,7860
2651,107,1,14650,7860
2652,107,2,14650,7860
2653,107,3,14650,7860
2654,107,4,14650,7860
2655,107,5,14650,7860
2656,107,6,14650,7860
2657,107,7,14650,7860
2658,107,8,14650,7860
2659,107,9,14650,7860
2660,107,10,14650,7860
2661,107,11,14650,7860
2662,107,12,14650,7860
2663,107,13,14650,7860
2664,107,14,14650,7860
2665,107,15,14650,7860
2666,107,16,14650,7860
2667,107,17,14650,7860
2668,107,18,14650,7860
2669,107,19,14650,7860
2670,107,20,14650,7860
2671,107,21,14650,7860
2672,107,22,14650,7860
2673,107,23,14650,7860
2674,107,24,14650,7860
2675,107,25,14650,7860
2676,108,1,14650,7860
2677,108,2,14650,7860
2678,108,3,14650,7860
2679,108,4,14650,7860
2680,108,5,14650,7860
2681,108,6,14650,7860
2682,108,7,14650,7860
2683,108,8,14650,7860
2684,108,9,14650,7860
2685,108,10,14650,7860
2686,108,11,14650,7860
2687,108,12,14650,7860
2688,108,13,14650,7860
2689,108,14,14650,7860
2690,108,15,14650,7860
2691,108,16,14650,7860
2692,108,17,14650,7860
2693,108,18,14650,7860
2694,108,19,14650,7860
2695,108,20,14650,7860
2696,108,21,14650,7860
2697,108,22,14650,7860
2698,108,23,14650,7860
2699,108,24,14650,7860
2700,108,25,14650,7860
2701,109,1,14650,7860
2702,109,2,14650,7860
2703,109,3,14650,7860
2704,109,4,14650,7860
2705,109,5,14650,7860
2706,109,6,14650,7860
2707,109,7,14650,7860
2708,109,8,14650,7860
2709,109,9,14650,7860
2710,109,10,14650,7860
2711,109,11,14650,7860
2712,109,12,14650,7860
2713,109,13,14650,7860
2714,109,14,14650,7860
2715,109,15,14650,7860
2716,109,16,14650,7860
2717,109,17,14650,7860
2718,109,18,14650,7860
2719,109,19,14650,7860
2720,109,20,14650,7860
2721,109,21,14650,7860
2722,109,22,14650,7860
2723,109,23,14650,7860
2724,109,24,14650,7860
2725,109,25,14650,7860
2726,110,1,14650,7860
2727,110,2,14650,7860
2728,110,3,14650,7860
2729,110,4,14650,7860
2730,110,5,14650,7860
2731,110,6,14650,7860
2732,110,7,14650,7860
2733,110,8,14650,7860
2734,110,9,14650,7860
2735,110,10,14650,7860
2736,110,11,14650,7860
2737,110,12,14650,7860
2738,110,13,14650,7860
2739,110,14,14650,7860
2740,110,15,14650,7860
2741,110,16,14650,7860
2742,110,17,14650,7860
2743,110,18,14650,7860
2744,110,19,14650,7860
2745,110,20,14650,7860
2746,110,21,14650,7860
2747,110,22,14650,7860
2748,110,23,14650,7860
2749,110,24,14650,7860
2750,110,25,14650,7860
2751,111,1,14650,7860
2752,111,2,14650,7860
2753,111,3,14650,7860
2754,111,4,14650,7860
2755,111,5,14650,7860
2756,111,6,14650,7860
2757,111,7,14650,7860
2758,111,8,14650,7860
2759,111,9,14650,7860
2760,111,10,14650,7860
2761,111,11,14650,7860
2762,111,12,14650,7860
2763,111,13,14650,7860
2764,111,14,14650,7860
2765,111,15,14650,7860
2766,111,16,14650,7860
2767,111,17,14650,7860
2768,111,18,14650,7860
2769,111,19,14650,7860
2770,111,20,14650,7860
2771,111,21,14650,7860
2772,111,22,14650,7860
2773,111,23,14650,7860
2774,111,24,14650,7860
2775,111,25,14650,7860
2776,112,1,14650,7860
2777,112,2,14650,7860
2778,112,3,14650,7860
2779,112,4,14650,7860
2780,112,5,14650,7860
2781,112,6,14650,7860
2782,112,7,14650,7860
2783,112,8,14650,7860
2784,112,9,14650,7860
2785,112,10,14650,7860
2786,112,11,14650,7860
2787,112,12,14650,7860
2788,112,13,14650,7860
2789,112,14,14650,7860
2790,112,15,14650,7860
2791,112,16,14650,7860
2792,112,17,14650,7860
2793,112,18,14650,7860
2794,112,19,14650,7860
2795,112,20,14650,7860
2796,112,21,14650,7860
2797,112,22,14650,7860
2798,112,23,14650,7860
2799,112,24,14650,7860
2800,112,25,14650,7860
2801,113,1,14650,7860
2802,113,2,14650,7860
2803,113,3,14650,7860
2804,113,4,14650,7860
2805,113,5,14650,7860
2806,113,6,14650,7860
2807,113,7,14650,7860
2808,113,8,14650,7860
2809,113,9,14650,7860
2810,113,10,14650,7860
2811,113,11,14650,7860
2812,113,12,14650,7860
2813,113,13,14650,7860
2814,113,14,14650,7860
2815,113,15,14650,7860
2816,113,16,14650,7860
2817,113,17,14650,7860
2818,113,18,14650,7860
2819,113,19,14650,7860
2820,113,20,14650,7860
2821,113,21,14650,7860
2822,113,22,14650,7860
2823,113,23,14650,7860
2824,113,24,14650,7860
2825,113,25,14650,7860
2826,114,1,14650,7860
2827,114,2,14650,7860
2828,114,3,14650,7860
2829,114,4,14650,7860
2830,114,5,14650,7860
2831,114,6,14650,7860
2832,114,7,14650,7860
2833,114,8,14650,7860
2834,114,9,14650,7860
2835,114,10,14650,7860
2836,114,11,14650,7860
2837,114,12,14650,7860
2838,114,13,14650,7860
2839,114,14,14650,7860
2840,114,15,14650,7860
2841,114,16,14650,7860
2842,114,17,14650,7860
2843,114,18,14650,7860
2844,114,19,14650,7860
2845,114,20,14650,7860
2846,114,21,14650,7860
2847,114,22,14650,7860
2848,114,23,14650,7860
2849,114,24,14650,7860
2850,114,25,14650,7860
2851,115,1,14650,7860
2852,115,2,14650,7860
2853,115,3,14650,7860
2854,115,4,14650,7860
2855,115,5,14650,7860
2856,115,6,14650,7860
2857,115,7,14650,7860
2858,115,8,14650,7860
2859,115,9,14650,7860
2860,115,10,14650,7860
2861,115,11,14650,7860
2862,115,12,14650,7860
2863,115,13,14650,7860
2864,115,14,14650,7860
2865,115,15,14650,7860
2866,115,16,14650,7860
2867,115,17,14650,7860
2868,115,18,14650,7860
2869,115,19,14650,7860
2870,115,20,14650,7860
2871,115,21,14650,7860
2872,115,22,14650,7860
2873,115,23,14650,7860
2874,115,24,14650,7860
2875,115,25,14650,7860
2876,116,1,14650,7860
2877,116,2,14650,7860
2878,116,3,14650,7860
2879,116,4,14650,7860
2880,116,5,14650,7860
2881,116,6,14650,7860
2882,116,7,14650,7860
2883,116,8,14650,7860
2884,116,9,14650,7860
2885,116,10,14650,7860
2886,116,11,14650,7860
2887,116,12,14650,7860
2888,116,13,14650,7860
2889,116,14,14650,7860
2890,116,15,14650,7860
2891,116,16,14650,7860
2892,116,17,14650,7860
2893,116,18,14650,7860
2894,116,19,14650,7860
2895,116,20,14650,7860
2896,116,21,14650,7860
2897,116,22,14650,7860
2898,116,23,14650,7860
2899,116,24,14650,7860
2900,116,25,14650,7860
2901,117,1,14650,7860
2902,117,2,14650,7860
2903,117,3,14650,7860
2904,117,4,14650,7860
2905,117,5,14650,7860
2906,117,6,14650,7860
2907,117,7,14650,7860
2908,117,8,14650,7860
2909,117,9,14650,7860
2910,117,10,14650,7860
2911,117,11,14650,7860
2912,117,12,14650,7860
2913,117,13,14650,7860
2914,117,14,14650,7860
2915,117,15,14650,7860
2916,117,16,14650,7860
2917,117,17,14650,7860
2918,117,18,14650,7860
2919,117,19,14650,7860
2920,117,20,14650,7860
2921,117,21,14650,7860
2922,117,22,14650,7860
2923,117,23,14650,7860
2924,117,24,14650,7860
2925,117,25,14650,7860
2926,118,1,14650,7860
2927,118,2,14650,7860
2928,118,3,14650,7860
2929,118,4,14650,7860
2930,118,5,14650,7860
2931,118,6,14650,7860
2932,118,7,14650,7860
2933,118,8,14650,7860
2934,118,9,14650,7860
2935,118,10,14650,7860
2936,118,11,14650,7860
2937,118,12,14650,7860
2938,118,13,14650,7860
2939,118,14,14650,7860
2940,118,15,14650,7860
2941,118,16,14650,7860
2942,118,17,14650,7860
2943,118,18,14650,7860
2944,118,19,14650,7860
2945,118,20,14650,7860
2946,118,21,14650,7860
2947,118,22,14650,7860
2948,118,23,14650,7860
2949,118,24,14650,7860
2950,118,25,14650,7860
2951,119,1,14650,7860
2952,119,2,14650,7860
2953,119,3,14650,7860
2954,119,4,14650,7860
2955,119,5,14650,7860
2956,119,6,14650,7860
2957,119,7,14650,7860
2958,119,8,14650,7860
2959,119,9,14650,7860
2960,119,10,14650,7860
2961,119,11,14650,7860
2962,119,12,14650,7860
2963,119,13,14650,7860
2964,119,14,14650,7860
2965,119,15,14650,7860
2966,119,16,14650,7860
2967,119,17,14650,7860
2968,119,18,14650,7860
2969,119,19,14650,7860
2970,119,20,14650,7860
2971,119,21,14650,7860
2972,119,22,14650,7860
2973,119,23,14650,7860
2974,119,24,14650,7860
2975,119,25,14650,7860
2976,120,1,14650,7860
2977,120,2,14650,7860
2978,120,3,14650,7860
2979,120,4,14650,7860
2980,120,5,14650,7860
2981,120,6,14650,7860
2982,120,7,14650,7860
2983,120,8,14650,7860
2984,120,9,14650,7860
2985,120,10,14650,7860
2986,120,11,14650,7860
2987,120,12,14650,7860
2988,120,13,14650,7860
2989,120,14,14650,7860
2990,120,15,14650,7860
2991,120,16,14650,7860
2992,120,17,14650,7860
2993,120,18,14650,7860
2994,120,19,14650,7860
2995,120,20,14650,7860
2996,120,21,14650,7860
2997,120,22,14650,7860
2998,120,23,14650,7860
2999,120,24,14650,7860
3000,120,25,14650,7860
3001,121,1,14650,7860
3002,121,2,14650,7860
3003,121,3,14650,7860
3004,121,4,14650,7860
3005,121,5,14650,7860
3006,121,6,14650,7860
3007,121,7,14650,7860
3008,121,8,14650,7860
3009,121,9,14650,7860
3010,121,10,14650,7860
3011,121,11,14650,7860
3012,121,12,14650,7860
3013,121,13,14650,7860
3014,121,14,14650,7860
3015,121,15,14650,7860
3016,121,16,14650,7860
3017,121,17,14650,7860
3018,121,18,14650,7860
3019,121,19,14650,7860
3020,121,20,14650,7860
3021,121,21,14650,7860
3022,121,22,14650,7860
3023,121,23,14650,7860
3024,121,24,14650,7860
3025,121,25,14650,7860
3026,122,1,14650,7860
3027,122,2,14650,7860
3028,122,3,14650,7860
3029,122,4,14650,7860
3030,122,5,14650,7860
3031,122,6,14650,7860
3032,122,7,14650,7860
3033,122,8,14650,7860
3034,122,9,14650,7860
3035,122,10,14650,7860
3036,122,11,14650,7860
3037,122,12,14650,7860
3038,122,13,14650,7860
3039,122,14,14650,7860
3040,122,15,14650,7860
3041,122,16,14650,7860
3042,122,17,14650,7860
3043,122,18,14650,7860
3044,122,19,14650,7860
3045,122,20,14650,7860
3046,122,21,14650,7860
3047,122,22,14650,7860
3048,122,23,14650,7860
3049,122,24,14650,7860
3050,122,25,14650,7860
3051,123,1,14650,7860
3052,123,2,14650,7860
3053,123,3,14650,7860
3054,123,4,14650,7860
3055,123,5,14650,7860
3056,123,6,14650,7860
3057,123,7,14650,7860
3058,123,8,14650,7860
3059,123,9,14650,7860
3060,123,10,14650,7860
3061,123,11,14650,7860
3062,123,12,14650,7860
3063,123,13,14650,7860
3064,123,14,14650,7860
3065,123,15,14650,7860
3066,123,16,14650,7860
3067,123,17,14650,7860
3068,123,18,14650,7860
3069,123,19,14650,7860
3070,123,20,14650,7860
3071,123,21,14650,7860
3072,123,22,14650,7860
3073,123,23,14650,7860
3074,123,24,14650,7860
3075,123,25,14650,7860
3076,124,1,14650,7860
3077,124,2,14650,7860
3078,124,3,14650,7860
3079,124,4,14650,7860
3080,124,5,14650,7860
3081,124,6,14650,7860
3082,124,7,14650,7860
3083,124,8,14650,7860
3084,124,9,14650,7860
3085,124,10,14650,7860
3086,124,11,14650,7860
3087,124,12,14650,7860
3088,124,13,14650,7860
3089,124,14,14650,7860
3090,124,15,14650,7860
3091,124,16,14650,7860
3092,124,17,14650,7860
3093,124,18,14650,7860
3094,124,19,14650,7860
3095,124,20,14650,7860
3096,124,21,14650,7860
3097,124,22,14650,7860
3098,124,23,14650,7860
3099,124,24,14650,7860
3100,124,25,14650,7860
3101,125,1,14650,7860
3102,125,2,14650,7860
3103,125,3,14650,7860
3104,125,4,14650,7860
3105,125,5,14650,7860
3106,125,6,14650,7860
3107,125,7,14650,7860
3108,125,8,14650,7860
3109,125,9,14650,7860
3110,125,10,14650,7860
3111,125,11,14650,7860
3112,125,12,14650,7860
3113,125,13,14650,7860
3114,125,14,14650,7860
3115,125,15,14650,7860
3116,125,16,14650,7860
3117,125,17,14650,7860
3118,125,18,14650,7860
3119,125,19,14650,7860
3120,125,20,14650,7860
3121,125,21,14650,7860
3122,125,22,14650,7860
3123,125,23,14650,7860
3124,125,24,14650,7860
3125,125,25,14650,7860
3126,126,1,14650,7860
3127,126,2,14650,7860
3128,126,3,14650,7860
3129,126,4,14650,7860
3130,126,5,14650,7860
3131,126,6,14650,7860
3132,126,7,14650,7860
3133,126,8,14650,7860
3134,126,9,14650,7860
3135,126,10,14650,7860
3136,126,11,14650,7860
3137,126,12,14650,7860
3138,126,13,14650,7860
3139,126,14,14650,7860
3140,126,15,14650,7860
3141,126,16,14650,7860
3142,126,17,14650,7860
3143,126,18,14650,7860
3144,126,19,14650,7860
3145,126,20,14650,7860
3146,126,21,14650,7860
3147,126,22,14650,7860
3148,126,23,14650,7860
3149,126,24,14650,7860
3150,126,25,14650,7860
3151,127,1,14650,7860
3152,127,2,14650,7860
3153,127,3,14650,7860
3154,127,4,14650,7860
3155,127,5,14650,7860
3156,127,6,14650,7860
3157,127,7,14650,7860
3158,127,8,14650,7860
3159,127,9,14650,7860
3160,127,10,14650,7860
3161,127,11,14650,7860
3162,127,12,14650,7860
3163,127,13,14650,7860
3164,127,14,14650,7860
3165,127,15,14650,7860
3166,127,16,14650,7860
3167,127,17,14650,7860
3168,127,18,14650,7860
3169,127,19,14650,7860
3170,127,20,14650,7860
3171,127,21,14650,7860
3172,127,22,14650,7860
3173,127,23,14650,7860
3174,127,24,14650,7860
3175,127,25,14650,7860
3176,128,1,14650,7860
3177,128,2,14650,7860
3178,128,3,14650,7860
3179,128,4,14650,7860
3180,128,5,14650,7860
3181,128,6,14650,7860
3182,128,7,14650,7860
3183,128,8,14650,7860
3184,128,9,14650,7860
3185,128,10,14650,7860
3186,128,11,14650,7860
3187,128,12,14650,7860
3188,128,13,14650,7860
3189,128,14,14650,7860
3190,128,15,14650,7860
3191,128,16,14650,7860
3192,128,17,14650,7860
3193,128,18,14650,7860
3194,128,19,14650,7860
3195,128,20,14650,7860
3196,128,21,14650,7860
3197,128,22,14650,7860
3198,128,23,14650,7860
3199,128,24,14650,7860
3200,128,25,14650,7860
3201,129,1,14650,7860
3202,129,2,14650,7860
3203,129,3,14650,7860
3204,129,4,14650,7860
3205,129,5,14650,7860
3206,129,6,14650,7860
3207,129,7,14650,7860
3208,129,8,14650,7860
3209,129,9,14650,7860
3210,129,10,14650,7860
3211,129,11,14650,7860
3212,129,12,14650,7860
3213,129,13,14650,7860
3214,129,14,14650,7860
3215,129,15,14650,7860
3216,129,16,14650,7860
3217,129,17,14650,7860
3218,129,18,14650,7860
3219,129,19,14650,7860
3220,129,20,14650,7860
3221,129,21,14650,7860
3222,129,22,14650,7860
3223,129,23,14650,7860
3224,129,24,14650,7860
3225,129,25,14650,7860
3226,130,1,14650,7860
3227,130,2,14650,7860
3228,130,3,14650,7860
3229,130,4,14650,7860
3230,130,5,14650,7860
3231,130,6,14650,7860
3232,130,7,14650,7860
3233,130,8,14650,7860
3234,130,9,14650,7860
3235,130,10,14650,7860
3236,130,11,14650,7860
3237,130,12,14650,7860
3238,130,13,14650,7860
3239,130,14,14650,7860
3240,130,15,14650,7860
3241,130,16,14650,7860
3242,130,17,14650,7860
3243,130,18,14650,7860
3244,130,19,14650,7860
3245,130,20,14650,7860
3246,130,21,14650,7860
3247,130,22,14650,7860
3248,130,23,14650,7860
3249,130,24,14650,7860
3250,130,25,14650,7860
3251,131,1,14650,7860
3252,131,2,14650,7860
3253,131,3,14650,7860
3254,131,4,14650,7860
3255,131,5,14650,7860
3256,131,6,14650,7860
3257,131,7,14650,7860
3258,131,8,14650,7860
3259,131,9,14650,7860
3260,131,10,14650,7860
3261,131,11,14650,7860
3262,131,12,14650,7860
3263,131,13,14650,7860
3264,131,14,14650,7860
3265,131,15,14650,7860
3266,131,16,14650,7860
3267,131,17,14650,7860
3268,131,18,14650,7860
3269,131,19,14650,7860
3270,131,20,14650,7860
3271,131,21,14650,7860
3272,131,22,14650,7860
3273,131,23,14650,7860
3274,131,24,14650,7860
3275,131,25,14650,7860
3276,132,1,14650,7860
3277,132,2,14650,7860
3278,132,3,14650,7860
3279,132,4,14650,7860
3280,132,5,14650,7860
3281,132,6,14650,7860
3282,132,7,14650,7860
3283,132,8,14650,7860
3284,132,9,14650,7860
3285,132,10,14650,7860
3286,132,11,14650,7860
3287,132,12,14650,7860
3288,132,13,14650,7860
3289,132,14,14650,7860
3290,132,15,14650,7860
3291,132,16,14650,7860
3292,132,17,14650,7860
3293,132,18,14650,7860
3294,132,19,14650,7860
3295,132,20,14650,7860
3296,132,21,14650,7860
3297,132,22,14650,7860
3298,132,23,14650,7860
3299,132,24,14650,7860
3300,132,25,14650,7860
3301,133,1,14650,7860
3302,133,2,14650,7860
3303,133,3,14650,7860
3304,133,4,14650,7860
3305,133,5,14650,7860
3306,133,6,14650,7860
3307,133,7,14650,7860
3308,133,8,14650,7860
3309,133,9,14650,7860
3310,133,10,14650,7860
3311,133,11,14650,7860
3312,133,12,14650,7860
3313,133,13,14650,7860
3314,133,14,14650,7860
3315,133,15,14650,7860
3316,133,16,14650,7860
3317,133,17,14650,7860
3318,133,18,14650,7860
3319,133,19,14650,7860
3320,133,20,14650,7860
3321,133,21,14650,7860
3322,133,22,14650,7860
3323,133,23,14650,7860
3324,133,24,14650,7860
3325,133,25,14650,7860
3326,134,1,14650,7860
3327,134,2,14650,7860
3328,134,3,14650,7860
3329,134,4,14650,7860
3330,134,5,14650,7860
3331,134,6,14650,7860
3332,134,7,14650,7860
3333,134,8,14650,7860
3334,134,9,14650,7860
3335,134,10,14650,7860
3336,134,11,14650,7860
3337,134,12,14650,7860
3338,134,13,14650,7860
3339,134,14,14650,7860
3340,134,15,14650,7860
3341,134,16,14650,7860
3342,134,17,14650,7860
3343,134,18,14650,7860
3344,134,19,14650,7860
3345,134,20,14650,7860
3346,134,21,14650,7860
3347,134,22,14650,7860
3348,134,23,14650,7860
3349,134,24,14650,7860
3350,134,25,14650,7860
3351,135,1,14650,7860
3352,135,2,14650,7860
3353,135,3,14650,7860
3354,135,4,14650,7860
3355,135,5,14650,7860
3356,135,6,14650,7860
3357,135,7,14650,7860
3358,135,8,14650,7860
3359,135,9,14650,7860
3360,135,10,14650,7860
3361,135,11,14650,7860
3362,135,12,14650,7860
3363,135,13,14650,7860
3364,135,14,14650,7860
3365,135,15,14650,7860
3366,135,16,14650,7860
3367,135,17,14650,7860
3368,135,18,14650,7860
3369,135,19,14650,7860
3370,135,20,14650,7860
3371,135,21,14650,7860
3372,135,22,14650,7860
3373,135,23,14650,7860
3374,135,24,14650,7860
3375,135,25,14650,7860
3376,136,1,14650,7860
3377,136,2,14650,7860
3378,136,3,14650,7860
3379,136,4,14650,7860
3380,136,5,14650,7860
3381,136,6,14650,7860
3382,136,7,14650,7860
3383,136,8,14650,7860
3384,136,9,14650,7860
3385,136,10,14650,7860
3386,136,11,14650,7860
3387,136,12,14650,7860
3388,136,13,14650,7860
3389,136,14,14650,7860
3390,136,15,14650,7860
3391,136,16,14650,7860
3392,136,17,14650,7860
3393,136,18,14650,7860
3394,136,19,14650,7860
3395,136,20,14650,7860
3396,136,21,14650,7860
3397,136,22,14650,7860
3398,136,23,14650,7860
3399,136,24,14650,7860
3400,136,25,14650,7860
3401,137,1,14650,7860
3402,137,2,14650,7860
3403,137,3,14650,7860
3404,137,4,14650,7860
3405,137,5,14650,7860
3406,137,6,14650,7860
3407,137,7,14650,7860
3408,137,8,14650,7860
3409,137,9,14650,7860
3410,137,10,14650,7860
3411,137,11,14650,7860
3412,137,12,14650,7860
3413,137,13,14650,7860
3414,137,14,14650,7860
3415,137,15,14650,7860
3416,137,16,14650,7860
3417,137,17,14650,7860
3418,137,18,14650,7860
3419,137,19,14650,7860
3420,137,20,14650,7860
3421,137,21,14650,7860
3422,137,22,14650,7860
3423,137,23,14650,7860
3424,137,24,14650,7860
3425,137,25,14650,7860
3426,138,1,14650,7860
3427,138,2,14650,7860
3428,138,3,14650,7860
3429,138,4,14650,7860
3430,138,5,14650,7860
3431,138,6,14650,7860
3432,138,7,14650,7860
3433,138,8,14650,7860
3434,138,9,14650,7860
3435,138,10,14650,7860
3436,138,11,14650,7860
3437,138,12,14650,7860
3438,138,13,14650,7860
3439,138,14,14650,7860
3440,138,15,14650,7860
3441,138,16,14650,7860
3442,138,17,14650,7860
3443,138,18,14650,7860
3444,138,19,14650,7860
3445,138,20,14650,7860
3446,138,21,14650,7860
3447,138,22,14650,7860
3448,138,23,14650,7860
3449,138,24,14650,7860
3450,138,25,14650,7860
3451,139,1,14650,7860
3452,139,2,14650,7860
3453,139,3,14650,7860
3454,139,4,14650,7860
3455,139,5,14650,7860
3456,139,6,14650,7860
3457,139,7,14650,7860
3458,139,8,14650,7860
3459,139,9,14650,7860
3460,139,10,14650,7860
3461,139,11,14650,7860
3462,139,12,14650,7860
3463,139,13,14650,7860
3464,139,14,14650,7860
3465,139,15,14650,7860
3466,139,16,14650,7860
3467,139,17,14650,7860
3468,139,18,14650,7860
3469,139,19,14650,7860
3470,139,20,14650,7860
3471,139,21,14650,7860
3472,139,22,14650,7860
3473,139,23,14650,7860
3474,139,24,14650,7860
3475,139,25,14650,7860
3476,140,1,14650,7860
3477,140,2,14650,7860
3478,140,3,14650,7860
3479,140,4,14650,7860
3480,140,5,14650,7860
3481,140,6,14650,7860
3482,140,7,14650,7860
3483,140,8,14650,7860
3484,140,9,14650,7860
3485,140,10,14650,7860
3486,140,11,14650,7860
3487,140,12,14650,7860
3488,140,13,14650,7860
3489,140,14,14650,7860
3490,140,15,14650,7860
3491,140,16,14650,7860
3492,140,17,14650,7860
3493,140,18,14650,7860
3494,140,19,14650,7860
3495,140,20,14650,7860
3496,140,21,14650,7860
3497,140,22,14650,7860
3498,140,23,14650,7860
3499,140,24,14650,7860
3500,140,25,14650,7860
3501,141,1,14650,7860
3502,141,2,14650,7860
3503,141,3,14650,7860
3504,141,4,14650,7860
3505,141,5,14650,7860
3506,141,6,14650,7860
3507,141,7,14650,7860
3508,141,8,14650,7860
3509,141,9,14650,7860
3510,141,10,14650,7860
3511,141,11,14650,7860
3512,141,12,14650,7860
3513,141,13,14650,7860
3514,141,14,14650,7860
3515,141,15,14650,7860
3516,141,16,14650,7860
3517,141,17,14650,7860
3518,141,18,14650,7860
3519,141,19,14650,7860
3520,141,20,14650,7860
3521,141,21,14650,7860
3522,141,22,14650,7860
3523,141,23,14650,7860
3524,141,24,14650,7860
3525,141,25,14650,7860
3526,142,1,14650,7860
3527,142,2,14650,7860
3528,142,3,14650,7860
3529,142,4,14650,7860
3530,142,5,14650,7860
3531,142,6,14650,7860
3532,142,7,14650,7860
3533,142,8,14650,7860
3534,142,9,14650,7860
3535,142,10,14650,7860
3536,142,11,14650,7860
3537,142,12,14650,7860
3538,142,13,14650,7860
3539,142,14,14650,7860
3540,142,15,14650,7860
3541,142,16,14650,7860
3542,142,17,14650,7860
3543,142,18,14650,7860
3544,142,19,14650,7860
3545,142,20,14650,7860
3546,142,21,14650,7860
3547,142,22,14650,7860
3548,142,23,14650,7860
3549,142,24,14650,7860
3550,142,25,14650,7860
3551,143,1,14650,7860
3552,143,2,14650,7860
3553,143,3,14650,7860
3554,143,4,14650,7860
3555,143,5,14650,7860
3556,143,6,14650,7860
3557,143,7,14650,7860
3558,143,8,14650,7860
3559,143,9,14650,7860
3560,143,10,14650,7860
3561,143,11,14650,7860
3562,143,12,14650,7860
3563,143,13,14650,7860
3564,143,14,14650,7860
3565,143,15,14650,7860
3566,143,16,14650,7860
3567,143,17,14650,7860
3568,143,18,14650,7860
3569,143,19,14650,7860
3570,143,20,14650,7860
3571,143,21,14650,7860
3572,143,22,14650,7860
3573,143,23,14650,7860
3574,143,24,14650,7860
3575,143,25,14650,7860
3576,144,1,14650,7860
3577,144,2,14650,7860
3578,144,3,14650,7860
3579,144,4,14650,7860
3580,144,5,14650,7860
3581,144,6,14650,7860
3582,144,7,14650,7860
3583,144,8,14650,7860
3584,144,9,14650,7860
3585,144,10,14650,7860
3586,144,11,14650,7860
3587,144,12,14650,7860
3588,144,13,14650,7860
3589,144,14,14650,7860
3590,144,15,14650,7860
3591,144,16,14650,7860
3592,144,17,14650,7860
3593,144,18,14650,7860
3594,144,19,14650,7860
3595,144,20,14650,7860
3596,144,21,14650,7860
3597,144,22,14650,7860
3598,144,23,14650,7860
3599,144,24,14650,7860
3600,144,25,14650,7860
3601,145,1,14650,7860
3602,145,2,14650,7860
3603,145,3,14650,7860
3604,145,4,14650,7860
3605,145,5,14650,7860
3606,145,6,14650,7860
3607,145,7,14650,7860
3608,145,8,14650,7860
3609,145,9,14650,7860
3610,145,10,14650,7860
3611,145,11,14650,7860
3612,145,12,14650,7860
3613,145,13,14650,7860
3614,145,14,14650,7860
3615,145,15,14650,7860
3616,145,16,14650,7860
3617,145,17,14650,7860
3618,145,18,14650,7860
3619,145,19,14650,7860
3620,145,20,14650,7860
3621,145,21,14650,7860
3622,145,22,14650,7860
3623,145,23,14650,7860
3624,145,24,14650,7860
3625,145,25,14650,7860
3626,146,1,14650,7860
3627,146,2,14650,7860
3628,146,3,14650,7860
3629,146,4,14650,7860
3630,146,5,14650,7860
3631,146,6,14650,7860
3632,146,7,14650,7860
3633,146,8,14650,7860
3634,146,9,14650,7860
3635,146,10,14650,7860
3636,146,11,14650,7860
3637,146,12,14650,7860
3638,146,13,14650,7860
3639,146,14,14650,7860
3640,146,15,14650,7860
3641,146,16,14650,7860
3642,146,17,14650,7860
3643,146,18,14650,7860
3644,146,19,14650,7860
3645,146,20,14650,7860
3646,146,21,14650,7860
3647,146,22,14650,7860
3648,146,23,14650,7860
3649,146,24,14650,7860
3650,146,25,14650,7860
3651,147,1,14650,7860
3652,147,2,14650,7860
3653,147,3,14650,7860
3654,147,4,14650,7860
3655,147,5,14650,7860
3656,147,6,14650,7860
3657,147,7,14650,7860
3658,147,8,14650,7860
3659,147,9,14650,7860
3660,147,10,14650,7860
3661,147,11,14650,7860
3662,147,12,14650,7860
3663,147,13,14650,7860
3664,147,14,14650,7860
3665,147,15,14650,7860
3666,147,16,14650,7860
3667,147,17,14650,7860
3668,147,18,14650,7860
3669,147,19,14650,7860
3670,147,20,14650,7860
3671,147,21,14650,7860
3672,147,22,14650,7860
3673,147,23,14650,7860
3674,147,24,14650,7860
3675,147,25,14650,7860
3676,148,1,14650,7860
3677,148,2,14650,7860
3678,148,3,14650,7860
3679,148,4,14650,7860
3680,148,5,14650,7860
3681,148,6,14650,7860
3682,148,7,14650,7860
3683,148,8,14650,7860
3684,148,9,14650,7860
3685,148,10,14650,7860
3686,148,11,14650,7860
3687,148,12,14650,7860
3688,148,13,14650,7860
3689,148,14,14650,7860
3690,148,15,14650,7860
3691,148,16,14650,7860
3692,148,17,14650,7860
3693,148,18,14650,7860
3694,148,19,14650,7860
3695,148,20,14650,7860
3696,148,21,14650,7860
3697,148,22,14650,7860
3698,148,23,14650,7860
3699,148,24,14650,7860
3700,148,25,14650,7860
3701,149,1,14650,7860
3702,149,2,14650,7860
3703,149,3,14650,7860
3704,149,4,14650,7860
3705,149,5,14650,7860
3706,149,6,14650,7860
3707,149,7,14650,7860
3708,149,8,14650,7860
3709,149,9,14650,7860
3710,149,10,14650,7860
3711,149,11,14650,7860
3712,149,12,14650,7860
3713,149,13,14650,7860
3714,149,14,14650,7860
3715,149,15,14650,7860
3716,149,16,14650,7860
3717,149,17,14650,7860
3718,149,18,14650,7860
3719,149,19,14650,7860
3720,149,20,14650,7860
3721,149,21,14650,7860
3722,149,22,14650,7860
3723,149,23,14650,7860
3724,149,24,14650,7860
3725,149,25,14650,7860
3726,150,1,14650,7860
3727,150,2,14650,7860
3728,150,3,14650,7860
3729,150,4,14650,7860
3730,150,5,14650,7860
3731,150,6,14650,7860
3732,150,7,14650,7860
3733,150,8,14650,7860
3734,150,9,14650,7860
3735,150,10,14650,7860
3736,150,11,14650,7860
3737,150,12,14650,7860
3738,150,13,14650,7860
3739,150,14,14650,7860
3740,150,15,14650,7860
3741,150,16,14650,7860
3742,150,17,14650,7860
3743,150,18,14650,7860
3744,150,19,14650,7860
3745,150,20,14650,7860
3746,150,21,14650,7860
3747,150,22,14650,7860
3748,150,23,14650,7860
3749,150,24,14650,7860
3750,150,25,14650,7860
3751,151,1,14650,7860
3752,151,2,14650,7860
3753,151,3,14650,7860
3754,151,4,14650,7860
3755,151,5,14650,7860
3756,151,6,14650,7860
3757,151,7,14650,7860
3758,151,8,14650,7860
3759,151,9,14650,7860
3760,151,10,14650,7860
3761,151,11,14650,7860
3762,151,12,14650,7860
3763,151,13,14650,7860
3764,151,14,14650,7860
3765,151,15,14650,7860
3766,151,16,14650,7860
3767,151,17,14650,7860
3768,151,18,14650,7860
3769,151,19,14650,7860
3770,151,20,14650,7860
3771,151,21,14650,7860
3772,151,22,14650,7860
3773,151,23,14650,7860
3774,151,24,14650,7860
3775,151,25,14650,7860
3776,152,1,14650,7860
3777,152,2,14650,7860
3778,152,3,14650,7860
3779,152,4,14650,7860
3780,152,5,14650,7860
3781,152,6,14650,7860
3782,152,7,14650,7860
3783,152,8,14650,7860
3784,152,9,14650,7860
3785,152,10,14650,7860
3786,152,11,14650,7860
3787,152,12,14650,7860
3788,152,13,14650,7860
3789,152,14,14650,7860
3790,152,15,14650,7860
3791,152,16,14650,7860
3792,152,17,14650,7860
3793,152,18,14650,7860
3794,152,19,14650,7860
3795,152,20,14650,7860
3796,152,21,14650,7860
3797,152,22,14650,7860
3798,152,23,14650,7860
3799,152,24,14650,7860
3800,152,25,14650,7860
3801,153,1,14650,7860
3802,153,2,14650,7860
3803,153,3,14650,7860
3804,153,4,14650,7860
3805,153,5,14650,7860
3806,153,6,14650,7860
3807,153,7,14650,7860
3808,153,8,14650,7860
3809,153,9,14650,7860
3810,153,10,14650,7860
3811,153,11,14650,7860
3812,153,12,14650,7860
3813,153,13,14650,7860
3814,153,14,14650,7860
3815,153,15,14650,7860
3816,153,16,14650,7860
3817,153,17,14650,7860
3818,153,18,14650,7860
3819,153,19,14650,7860
3820,153,20,14650,7860
3821,153,21,14650,7860
3822,153,22,14650,7860
3823,153,23,14650,7860
3824,153,24,14650,7860
3825,153,25,14650,7860
3826,154,1,14650,7860
3827,154,2,14650,7860
3828,154,3,14650,7860
3829,154,4,14650,7860
3830,154,5,14650,7860
3831,154,6,14650,7860
3832,154,7,14650,7860
3833,154,8,14650,7860
3834,154,9,14650,7860
3835,154,10,14650,7860
3836,154,11,14650,7860
3837,154,12,14650,7860
3838,154,13,14650,7860
3839,154,14,14650,7860
3840,154,15,14650,7860
3841,154,16,14650,7860
3842,154,17,14650,7860
3843,154,18,14650,7860
3844,154,19,14650,7860
3845,154,20,14650,7860
3846,154,21,14650,7860
3847,154,22,14650,7860
3848,154,23,14650,7860
3849,154,24,14650,7860
3850,154,25,14650,7860
3851,155,1,14650,7860
3852,155,2,14650,7860
3853,155,3,14650,7860
3854,155,4,14650,7860
3855,155,5,14650,7860
3856,155,6,14650,7860
3857,155,7,14650,7860
3858,155,8,14650,7860
3859,155,9,14650,7860
3860,155,10,14650,7860
3861,155,11,14650,7860
3862,155,12,14650,7860
3863,155,13,14650,7860
3864,155,14,14650,7860
3865,155,15,14650,7860
3866,155,16,14650,7860
3867,155,17,14650,7860
3868,155,18,14650,7860
3869,155,19,14650,7860
3870,155,20,14650,7860
3871,155,21,14650,7860
3872,155,22,14650,7860
3873,155,23,14650,7860
3874,155,24,14650,7860
3875,155,25,14650,7860
3876,156,1,14650,7860
3877,156,2,14650,7860
3878,156,3,14650,7860
3879,156,4,14650,7860
3880,156,5,14650,7860
3881,156,6,14650,7860
3882,156,7,14650,7860
3883,156,8,14650,7860
3884,156,9,14650,7860
3885,156,10,14650,7860
3886,156,11,14650,7860
3887,156,12,14650,7860
3888,156,13,14650,7860
3889,156,14,14650,7860
3890,156,15,14650,7860
3891,156,16,14650,7860
3892,156,17,14650,7860
3893,156,18,14650,7860
3894,156,19,14650,7860
3895,156,20,14650,7860
3896,156,21,14650,7860
3897,156,22,14650,7860
3898,156,23,14650,7860
3899,156,24,14650,7860
3900,156,25,14650,7860
3901,157,1,14650,7860
3902,157,2,14650,7860
3903,157,3,14650,7860
3904,157,4,14650,7860
3905,157,5,14650,7860
3906,157,6,14650,7860
3907,157,7,14650,7860
3908,157,8,14650,7860
3909,157,9,14650,7860
3910,157,10,14650,7860
3911,157,11,14650,7860
3912,157,12,14650,7860
3913,157,13,14650,7860
3914,157,14,14650,7860
3915,157,15,14650,7860
3916,157,16,14650,7860
3917,157,17,14650,7860
3918,157,18,14650,7860
3919,157,19,14650,7860
3920,157,20,14650,7860
3921,157,21,14650,7860
3922,157,22,14650,7860
3923,157,23,14650,7860
3924,157,24,14650,7860
3925,157,25,14650,7860
3926,158,1,14650,7860
3927,158,2,14650,7860
3928,158,3,14650,7860
3929,158,4,14650,7860
3930,158,5,14650,7860
3931,158,6,14650,7860
3932,158,7,14650,7860
3933,158,8,14650,7860
3934,158,9,14650,7860
3935,158,10,14650,7860
3936,158,11,14650,7860
3937,158,12,14650,7860
3938,158,13,14650,7860
3939,158,14,14650,7860
3940,158,15,14650,7860
3941,158,16,14650,7860
3942,158,17,14650,7860
3943,158,18,14650,7860
3944,158,19,14650,7860
3945,158,20,14650,7860
3946,158,21,14650,7860
3947,158,22,14650,7860
3948,158,23,14650,7860
3949,158,24,14650,7860
3950,158,25,14650,7860
3951,159,1,14650,7860
3952,159,2,14650,7860
3953,159,3,14650,7860
3954,159,4,14650,7860
3955,159,5,14650,7860
3956,159,6,14650,7860
3957,159,7,14650,7860
3958,159,8,14650,7860
3959,159,9,14650,7860
3960,159,10,14650,7860
3961,159,11,14650,7860
3962,159,12,14650,7860
3963,159,13,14650,7860
3964,159,14,14650,7860
3965,159,15,14650,7860
3966,159,16,14650,7860
3967,159,17,14650,7860
3968,159,18,14650,7860
3969,159,19,14650,7860
3970,159,20,14650,7860
3971,159,21,14650,7860
3972,159,22,14650,7860
3973,159,23,14650,7860
3974,159,24,14650,7860
3975,159,25,14650,7860
3976,160,1,14650,7860
3977,160,2,14650,7860
3978,160,3,14650,7860
3979,160,4,14650,7860
3980,160,5,14650,7860
3981,160,6,14650,7860
3982,160,7,14650,7860
3983,160,8,14650,7860
3984,160,9,14650,7860
3985,160,10,14650,7860
3986,160,11,14650,7860
3987,160,12,14650,7860
3988,160,13,14650,7860
3989,160,14,14650,7860
3990,160,15,14650,7860
3991,160,16,14650,7860
3992,160,17,14650,7860
3993,160,18,14650,7860
3994,160,19,14650,7860
3995,160,20,14650,7860
3996,160,21,14650,7860
3997,160,22,14650,7860
3998,160,23,14650,7860
3999,160,24,14650,7860
4000,160,25,14650,7860
4001,161,1,14650,7860
4002,161,2,14650,7860
4003,161,3,14650,7860
4004,161,4,14650,7860
4005,161,5,14650,7860
4006,161,6,14650,7860
4007,161,7,14650,7860
4008,161,8,14650,7860
4009,161,9,14650,7860
4010,161,10,14650,7860
4011,161,11,14650,7860
4012,161,12,14650,7860
4013,161,13,14650,7860
4014,161,14,14650,7860
4015,161,15,14650,7860
4016,161,16,14650,7860
4017,161,17,14650,7860
4018,161,18,14650,7860
4019,161,19,14650,7860
4020,161,20,14650,7860
4021,161,21,14650,7860
4022,161,22,14650,7860
4023,161,23,14650,7860
4024,161,24,14650,7860
4025,161,25,14650,7860
4026,162,1,14650,7860
4027,162,2,14650,7860
4028,162,3,14650,7860
4029,162,4,14650,7860
4030,162,5,14650,7860
4031,162,6,14650,7860
4032,162,7,14650,7860
4033,162,8,14650,7860
4034,162,9,14650,7860
4035,162,10,14650,7860
4036,162,11,14650,7860
4037,162,12,14650,7860
4038,162,13,14650,7860
4039,162,14,14650,7860
4040,162,15,14650,7860
4041,162,16,14650,7860
4042,162,17,14650,7860
4043,162,18,14650,7860
4044,162,19,14650,7860
4045,162,20,14650,7860
4046,162,21,14650,7860
4047,162,22,14650,7860
4048,162,23,14650,7860
4049,162,24,14650,7860
4050,162,25,14650,7860
4051,163,1,14650,7860
4052,163,2,14650,7860
4053,163,3,14650,7860
4054,163,4,14650,7860
4055,163,5,14650,7860
4056,163,6,14650,7860
4057,163,7,14650,7860
4058,163,8,14650,7860
4059,163,9,14650,7860
4060,163,10,14650,7860
4061,163,11,14650,7860
4062,163,12,14650,7860
4063,163,13,14650,7860
4064,163,14,14650,7860
4065,163,15,14650,7860
4066,163,16,14650,7860
4067,163,17,14650,7860
4068,163,18,14650,7860
4069,163,19,14650,7860
4070,163,20,14650,7860
4071,163,21,14650,7860
4072,163,22,14650,7860
4073,163,23,14650,7860
4074,163,24,14650,7860
4075,163,25,14650,7860
4076,164,1,14650,7860
4077,164,2,14650,7860
4078,164,3,14650,7860
4079,164,4,14650,7860
4080,164,5,14650,7860
4081,164,6,14650,7860
4082,164,7,14650,7860
4083,164,8,14650,7860
4084,164,9,14650,7860
4085,164,10,14650,7860
4086,164,11,14650,7860
4087,164,12,14650,7860
4088,164,13,14650,7860
4089,164,14,14650,7860
4090,164,15,14650,7860
4091,164,16,14650,7860
4092,164,17,14650,7860
4093,164,18,14650,7860
4094,164,19,14650,7860
4095,164,20,14650,7860
4096,164,21,14650,7860
4097,164,22,14650,7860
4098,164,23,14650,7860
4099,164,24,14650,7860
4100,164,25,14650,7860
4101,165,1,14650,7860
4102,165,2,14650,7860
4103,165,3,14650,7860
4104,165,4,14650,7860
4105,165,5,14650,7860
4106,165,6,14650,7860
4107,165,7,14650,7860
4108,165,8,14650,7860
4109,165,9,14650,7860
4110,165,10,14650,7860
4111,165,11,14650,7860
4112,165,12,14650,7860
4113,165,13,14650,7860
4114,165,14,14650,7860
4115,165,15,14650,7860
4116,165,16,14650,7860
4117,165,17,14650,7860
4118,165,18,14650,7860
4119,165,19,14650,7860
4120,165,20,14650,7860
4121,165,21,14650,7860
4122,165,22,14650,7860
4123,165,23,14650,7860
4124,165,24,14650,7860
4125,165,25,14650,7860
4126,166,1,14650,7860
4127,166,2,14650,7860
4128,166,3,14650,7860
4129,166,4,14650,7860
4130,166,5,14650,7860
4131,166,6,14650,7860
4132,166,7,14650,7860
4133,166,8,14650,7860
4134,166,9,14650,7860
4135,166,10,14650,7860
4136,166,11,14650,7860
4137,166,12,14650,7860
4138,166,13,14650,7860
4139,166,14,14650,7860
4140,166,15,14650,7860
4141,166,16,14650,7860
4142,166,17,14650,7860
4143,166,18,14650,7860
4144,166,19,14650,7860
4145,166,20,14650,7860
4146,166,21,14650,7860
4147,166,22,14650,7860
4148,166,23,14650,7860
4149,166,24,14650,7860
4150,166,25,14650,7860
4151,167,1,14650,7860
4152,167,2,14650,7860
4153,167,3,14650,7860
4154,167,4,14650,7860
4155,167,5,14650,7860
4156,167,6,14650,7860
4157,167,7,14650,7860
4158,167,8,14650,7860
4159,167,9,14650,7860
4160,167,10,14650,7860
4161,167,11,14650,7860
4162,167,12,14650,7860
4163,167,13,14650,7860
4164,167,14,14650,7860
4165,167,15,14650,7860
4166,167,16,14650,7860
4167,167,17,14650,7860
4168,167,18,14650,7860
4169,167,19,14650,7860
4170,167,20,14650,7860
4171,167,21,14650,7860
4172,167,22,14650,7860
4173,167,23,14650,7860
4174,167,24,14650,7860
4175,167,25,14650,7860
4176,168,1,14650,7860
4177,168,2,14650,7860
4178,168,3,14650,7860
4179,168,4,14650,7860
4180,168,5,14650,7860
4181,168,6,14650,7860
4182,168,7,14650,7860
4183,168,8,14650,7860
4184,168,9,14650,7860
4185,168,10,14650,7860
4186,168,11,14650,7860
4187,168,12,14650,7860
4188,168,13,14650,7860
4189,168,14,14650,7860
4190,168,15,14650,7860
4191,168,16,14650,7860
4192,168,17,14650,7860
4193,168,18,14650,7860
4194,168,19,14650,7860
4195,168,20,14650,7860
4196,168,21,14650,7860
4197,168,22,14650,7860
4198,168,23,14650,7860
4199,168,24,14650,7860
4200,168,25,14650,7860
4201,169,1,14650,7860
4202,169,2,14650,7860
4203,169,3,14650,7860
4204,169,4,14650,7860
4205,169,5,14650,7860
4206,169,6,14650,7860
4207,169,7,14650,7860
4208,169,8,14650,7860
4209,169,9,14650,7860
4210,169,10,14650,7860
4211,169,11,14650,7860
4212,169,12,14650,7860
4213,169,13,14650,7860
4214,169,14,14650,7860
4215,169,15,14650,7860
4216,169,16,14650,7860
4217,169,17,14650,7860
4218,169,18,14650,7860
4219,169,19,14650,7860
4220,169,20,14650,7860
4221,169,21,14650,7860
4222,169,22,14650,7860
4223,169,23,14650,7860
4224,169,24,14650,7860
4225,169,25,14650,7860
4226,170,1,14650,7860
4227,170,2,14650,7860
4228,170,3,14650,7860
4229,170,4,14650,7860
4230,170,5,14650,7860
4231,170,6,14650,7860
4232,170,7,14650,7860
4233,170,8,14650,7860
4234,170,9,14650,7860
4235,170,10,14650,7860
4236,170,11,14650,7860
4237,170,12,14650,7860
4238,170,13,14650,7860
4239,170,14,14650,7860
4240,170,15,14650,7860
4241,170,16,14650,7860
4242,170,17,14650,7860
4243,170,18,14650,7860
4244,170,19,14650,7860
4245,170,20,14650,7860
4246,170,21,14650,7860
4247,170,22,14650,7860
4248,170,23,14650,7860
4249,170,24,14650,7860
4250,170,25,14650,7860
4251,171,1,14650,7860
4252,171,2,14650,7860
4253,171,3,14650,7860
4254,171,4,14650,7860
4255,171,5,14650,7860
4256,171,6,14650,7860
4257,171,7,14650,7860
4258,171,8,14650,7860
4259,171,9,14650,7860
4260,171,10,14650,7860
4261,171,11,14650,7860
4262,171,12,14650,7860
4263,171,13,14650,7860
4264,171,14,14650,7860
4265,171,15,14650,7860
4266,171,16,14650,7860
4267,171,17,14650,7860
4268,171,18,14650,7860
4269,171,19,14650,7860
4270,171,20,14650,7860
4271,171,21,14650,7860
4272,171,22,14650,7860
4273,171,23,14650,7860
4274,171,24,14650,7860
4275,171,25,14650,7860
4276,172,1,14650,7860
4277,172,2,14650,7860
4278,172,3,14650,7860
4279,172,4,14650,7860
4280,172,5,14650,7860
4281,172,6,14650,7860
4282,172,7,14650,7860
4283,172,8,14650,7860
4284,172,9,14650,7860
4285,172,10,14650,7860
4286,172,11,14650,7860
4287,172,12,14650,7860
4288,172,13,14650,7860
4289,172,14,14650,7860
4290,172,15,14650,7860
4291,172,16,14650,7860
4292,172,17,14650,7860
4293,172,18,14650,7860
4294,172,19,14650,7860
4295,172,20,14650,7860
4296,172,21,14650,7860
4297,172,22,14650,7860
4298,172,23,14650,7860
4299,172,24,14650,7860
4300,172,25,14650,7860
4301,173,1,14650,7860
4302,173,2,14650,7860
4303,173,3,14650,7860
4304,173,4,14650,7860
4305,173,5,14650,7860
4306,173,6,14650,7860
4307,173,7,14650,7860
4308,173,8,14650,7860
4309,173,9,14650,7860
4310,173,10,14650,7860
4311,173,11,14650,7860
4312,173,12,14650,7860
4313,173,13,14650,7860
4314,173,14,14650,7860
4315,173,15,14650,7860
4316,173,16,14650,7860
4317,173,17,14650,7860
4318,173,18,14650,7860
4319,173,19,14650,7860
4320,173,20,14650,7860
4321,173,21,14650,7860
4322,173,22,14650,7860
4323,173,23,14650,7860
4324,173,24,14650,7860
4325,173,25,14650,7860
4326,174,1,14650,7860
4327,174,2,14650,7860
4328,174,3,14650,7860
4329,174,4,14650,7860
4330,174,5,14650,7860
4331,174,6,14650,7860
4332,174,7,14650,7860
4333,174,8,14650,7860
4334,174,9,14650,7860
4335,174,10,14650,7860
4336,174,11,14650,7860
4337,174,12,14650,7860
4338,174,13,14650,7860
4339,174,14,14650,7860
4340,174,15,14650,7860
4341,174,16,14650,7860
4342,174,17,14650,7860
4343,174,18,14650,7860
4344,174,19,14650,7860
4345,174,20,14650,7860
4346,174,21,14650,7860
4347,174,22,14650,7860
4348,174,23,14650,7860
4349,174,24,14650,7860
4350,174,25,14650,7860
4351,175,1,14650,7860
4352,175,2,14650,7860
4353,175,3,14650,7860
4354,175,4,14650,7860
4355,175,5,14650,7860
4356,175,6,14650,7860
4357,175,7,14650,7860
4358,175,8,14650,7860
4359,175,9,14650,7860
4360,175,10,14650,7860
4361,175,11,14650,7860
4362,175,12,14650,7860
4363,175,13,14650,7860
4364,175,14,14650,7860
4365,175,15,14650,7860
4366,175,16,14650,7860
4367,175,17,14650,7860
4368,175,18,14650,7860
4369,175,19,14650,7860
4370,175,20,14650,7860
4371,175,21,14650,7860
4372,175,22,14650,7860
4373,175,23,14650,7860
4374,175,24,14650,7860
4375,175,25,14650,7860
4376,176,1,14650,7860
4377,176,2,14650,7860
4378,176,3,14650,7860
4379,176,4,14650,7860
4380,176,5,14650,7860
4381,176,6,14650,7860
4382,176,7,14650,7860
4383,176,8,14650,7860
4384,176,9,14650,7860
4385,176,10,14650,7860
4386,176,11,14650,7860
4387,176,12,14650,7860
4388,176,13,14650,7860
4389,176,14,14650,7860
4390,176,15,14650,7860
4391,176,16,14650,7860
4392,176,17,14650,7860
4393,176,18,14650,7860
4394,176,19,14650,7860
4395,176,20,14650,7860
4396,176,21,14650,7860
4397,176,22,14650,7860
4398,176,23,14650,7860
4399,176,24,14650,7860
4400,176,25,14650,7860
4401,177,1,14650,7860
4402,177,2,14650,7860
4403,177,3,14650,7860
4404,177,4,14650,7860
4405,177,5,14650,7860
4406,177,6,14650,7860
4407,177,7,14650,7860
4408,177,8,14650,7860
4409,177,9,14650,7860
4410,177,10,14650,7860
4411,177,11,14650,7860
4412,177,12,14650,7860
4413,177,13,14650,7860
4414,177,14,14650,7860
4415,177,15,14650,7860
4416,177,16,14650,7860
4417,177,17,14650,7860
4418,177,18,14650,7860
4419,177,19,14650,7860
4420,177,20,14650,7860
4421,177,21,14650,7860
4422,177,22,14650,7860
4423,177,23,14650,7860
4424,177,24,14650,7860
4425,177,25,14650,7860
4426,178,1,14650,7860
4427,178,2,14650,7860
4428,178,3,14650,7860
4429,178,4,14650,7860
4430,178,5,14650,7860
4431,178,6,14650,7860
4432,178,7,14650,7860
4433,178,8,14650,7860
4434,178,9,14650,7860
4435,178,10,14650,7860
4436,178,11,14650,7860
4437,178,12,14650,7860
4438,178,13,14650,7860
4439,178,14,14650,7860
4440,178,15,14650,7860
4441,178,16,14650,7860
4442,178,17,14650,7860
4443,178,18,14650,7860
4444,178,19,14650,7860
4445,178,20,14650,7860
4446,178,21,14650,7860
4447,178,22,14650,7860
4448,178,23,14650,7860
4449,178,24,14650,7860
4450,178,25,14650,7860
4451,179,1,14650,7860
4452,179,2,14650,7860
4453,179,3,14650,7860
4454,179,4,14650,7860
4455,179,5,14650,7860
4456,179,6,14650,7860
4457,179,7,14650,7860
4458,179,8,14650,7860
4459,179,9,14650,7860
4460,179,10,14650,7860
4461,179,11,14650,7860
4462,179,12,14650,7860
4463,179,13,14650,7860
4464,179,14,14650,7860
4465,179,15,14650,7860
4466,179,16,14650,7860
4467,179,17,14650,7860
4468,179,18,14650,7860
4469,179,19,14650,7860
4470,179,20,14650,7860
4471,179,21,14650,7860
4472,179,22,14650,7860
4473,179,23,14650,7860
4474,179,24,14650,7860
4475,179,25,14650,7860
4476,180,1,14650,7860
4477,180,2,14650,7860
4478,180,3,14650,7860
4479,180,4,14650,7860
4480,180,5,14650,7860
4481,180,6,14650,7860
4482,180,7,14650,7860
4483,180,8,14650,7860
4484,180,9,14650,7860
4485,180,10,14650,7860
4486,180,11,14650,7860
4487,180,12,14650,7860
4488,180,13,14650,7860
4489,180,14,14650,7860
4490,180,15,14650,7860
4491,180,16,14650,7860
4492,180,17,14650,7860
4493,180,18,14650,7860
4494,180,19,14650,7860
4495,180,20,14650,7860
4496,180,21,14650,7860
4497,180,22,14650,7860
4498,180,23,14650,7860
4499,180,24,14650,7860
4500,180,25,14650,7860
4501,181,1,14650,7860
4502,181,2,14650,7860
4503,181,3,14650,7860
4504,181,4,14650,7860
4505,181,5,14650,7860
4506,181,6,14650,7860
4507,181,7,14650,7860
4508,181,8,14650,7860
4509,181,9,14650,7860
4510,181,10,14650,7860
4511,181,11,14650,7860
4512,181,12,14650,7860
4513,181,13,14650,7860
4514,181,14,14650,7860
4515,181,15,14650,7860
4516,181,16,14650,7860
4517,181,17,14650,7860
4518,181,18,14650,7860
4519,181,19,14650,7860
4520,181,20,14650,7860
4521,181,21,14650,7860
4522,181,22,14650,7860
4523,181,23,14650,7860
4524,181,24,14650,7860
4525,181,25,14650,7860
4526,182,1,14650,7860
4527,182,2,14650,7860
4528,182,3,14650,7860
4529,182,4,14650,7860
4530,182,5,14650,7860
4531,182,6,14650,7860
4532,182,7,14650,7860
4533,182,8,14650,7860
4534,182,9,14650,7860
4535,182,10,14650,7860
4536,182,11,14650,7860
4537,182,12,14650,7860
4538,182,13,14650,7860
4539,182,14,14650,7860
4540,182,15,14650,7860
4541,182,16,14650,7860
4542,182,17,14650,7860
4543,182,18,14650,7860
4544,182,19,14650,7860
4545,182,20,14650,7860
4546,182,21,14650,7860
4547,182,22,14650,7860
4548,182,23,14650,7860
4549,182,24,14650,7860
4550,182,25,14650,7860
4551,183,1,14650,7860
4552,183,2,14650,7860
4553,183,3,14650,7860
4554,183,4,14650,7860
4555,183,5,14650,7860
4556,183,6,14650,7860
4557,183,7,14650,7860
4558,183,8,14650,7860
4559,183,9,14650,7860
4560,183,10,14650,7860
4561,183,11,14650,7860
4562,183,12,14650,7860
4563,183,13,14650,7860
4564,183,14,14650,7860
4565,183,15,14650,7860
4566,183,16,14650,7860
4567,183,17,14650,7860
4568,183,18,14650,7860
4569,183,19,14650,7860
4570,183,20,14650,7860
4571,183,21,14650,7860
4572,183,22,14650,7860
4573,183,23,14650,7860
4574,183,24,14650,7860
4575,183,25,14650,7860
4576,184,1,14650,7860
4577,184,2,14650,7860
4578,184,3,14650,7860
4579,184,4,14650,7860
4580,184,5,14650,7860
4581,184,6,14650,7860
4582,184,7,14650,7860
4583,184,8,14650,7860
4584,184,9,14650,7860
4585,184,10,14650,7860
4586,184,11,14650,7860
4587,184,12,14650,7860
4588,184,13,14650,7860
4589,184,14,14650,7860
4590,184,15,14650,7860
4591,184,16,14650,7860
4592,184,17,14650,7860
4593,184,18,14650,7860
4594,184,19,14650,7860
4595,184,20,14650,7860
4596,184,21,14650,7860
4597,184,22,14650,7860
4598,184,23,14650,7860
4599,184,24,14650,7860
4600,184,25,14650,7860
4601,185,1,14650,7860
4602,185,2,14650,7860
4603,185,3,14650,7860
4604,185,4,14650,7860
4605,185,5,14650,7860
4606,185,6,14650,7860
4607,185,7,14650,7860
4608,185,8,14650,7860
4609,185,9,14650,7860
4610,185,10,14650,7860
4611,185,11,14650,7860
4612,185,12,14650,7860
4613,185,13,14650,7860
4614,185,14,14650,7860
4615,185,15,14650,7860
4616,185,16,14650,7860
4617,185,17,14650,7860
4618,185,18,14650,7860
4619,185,19,14650,7860
4620,185,20,14650,7860
4621,185,21,14650,7860
4622,185,22,14650,7860
4623,185,23,14650,7860
4624,185,24,14650,7860
4625,185,25,14650,7860
4626,186,1,14650,7860
4627,186,2,14650,7860
4628,186,3,14650,7860
4629,186,4,14650,7860
4630,186,5,14650,7860
4631,186,6,14650,7860
4632,186,7,14650,7860
4633,186,8,14650,7860
4634,186,9,14650,7860
4635,186,10,14650,7860
4636,186,11,14650,7860
4637,186,12,14650,7860
4638,186,13,14650,7860
4639,186,14,14650,7860
4640,186,15,14650,7860
4641,186,16,14650,7860
4642,186,17,14650,7860
4643,186,18,14650,7860
4644,186,19,14650,7860
4645,186,20,14650,7860
4646,186,21,14650,7860
4647,186,22,14650,7860
4648,186,23,14650,7860
4649,186,24,14650,7860
4650,186,25,14650,7860
4651,187,1,14650,7860
4652,187,2,14650,7860
4653,187,3,14650,7860
4654,187,4,14650,7860
4655,187,5,14650,7860
4656,187,6,14650,7860
4657,187,7,14650,7860
4658,187,8,14650,7860
4659,187,9,14650,7860
4660,187,10,14650,7860
4661,187,11,14650,7860
4662,187,12,14650,7860
4663,187,13,14650,7860
4664,187,14,14650,7860
4665,187,15,14650,7860
4666,187,16,14650,7860
4667,187,17,14650,7860
4668,187,18,14650,7860
4669,187,19,14650,7860
4670,187,20,14650,7860
4671,187,21,14650,7860
4672,187,22,14650,7860
4673,187,23,14650,7860
4674,187,24,14650,7860
4675,187,25,14650,7860
4676,188,1,14650,7860
4677,188,2,14650,7860
4678,188,3,14650,7860
4679,188,4,14650,7860
4680,188,5,14650,7860
4681,188,6,14650,7860
4682,188,7,14650,7860
4683,188,8,14650,7860
4684,188,9,14650,7860
4685,188,10,14650,7860
4686,188,11,14650,7860
4687,188,12,14650,7860
4688,188,13,14650,7860
4689,188,14,14650,7860
4690,188,15,14650,7860
4691,188,16,14650,7860
4692,188,17,14650,7860
4693,188,18,14650,7860
4694,188,19,14650,7860
4695,188,20,14650,7860
4696,188,21,14650,7860
4697,188,22,14650,7860
4698,188,23,14650,7860
4699,188,24,14650,7860
4700,188,25,14650,7860
4701,189,1,14650,7860
4702,189,2,14650,7860
4703,189,3,14650,7860
4704,189,4,14650,7860
4705,189,5,14650,7860
4706,189,6,14650,7860
4707,189,7,14650,7860
4708,189,8,14650,7860
4709,189,9,14650,7860
4710,189,10,14650,7860
4711,189,11,14650,7860
4712,189,12,14650,7860
4713,189,13,14650,7860
4714,189,14,14650,7860
4715,189,15,14650,7860
4716,189,16,14650,7860
4717,189,17,14650,7860
4718,189,18,14650,7860
4719,189,19,14650,7860
4720,189,20,14650,7860
4721,189,21,14650,7860
4722,189,22,14650,7860
4723,189,23,14650,7860
4724,189,24,14650,7860
4725,189,25,14650,7860
4726,190,1,14650,7860
4727,190,2,14650,7860
4728,190,3,14650,7860
4729,190,4,14650,7860
4730,190,5,14650,7860
4731,190,6,14650,7860
4732,190,7,14650,7860
4733,190,8,14650,7860
4734,190,9,14650,7860
4735,190,10,14650,7860
4736,190,11,14650,7860
4737,190,12,14650,7860
4738,190,13,14650,7860
4739,190,14,14650,7860
4740,190,15,14650,7860
4741,190,16,14650,7860
4742,190,17,14650,7860
4743,190,18,14650,7860
4744,190,19,14650,7860
4745,190,20,14650,7860
4746,190,21,14650,7860
4747,190,22,14650,7860
4748,190,23,14650,7860
4749,190,24,14650,7860
4750,190,25,14650,7860
4751,191,1,14650,7860
4752,191,2,14650,7860
4753,191,3,14650,7860
4754,191,4,14650,7860
4755,191,5,14650,7860
4756,191,6,14650,7860
4757,191,7,14650,7860
4758,191,8,14650,7860
4759,191,9,14650,7860
4760,191,10,14650,7860
4761,191,11,14650,7860
4762,191,12,14650,7860
4763,191,13,14650,7860
4764,191,14,14650,7860
4765,191,15,14650,7860
4766,191,16,14650,7860
4767,191,17,14650,7860
4768,191,18,14650,7860
4769,191,19,14650,7860
4770,191,20,14650,7860
4771,191,21,14650,7860
4772,191,22,14650,7860
4773,191,23,14650,7860
4774,191,24,14650,7860
4775,191,25,14650,7860
4776,192,1,14650,7860
4777,192,2,14650,7860
4778,192,3,14650,7860
4779,192,4,14650,7860
4780,192,5,14650,7860
4781,192,6,14650,7860
4782,192,7,14650,7860
4783,192,8,14650,7860
4784,192,9,14650,7860
4785,192,10,14650,7860
4786,192,11,14650,7860
4787,192,12,14650,7860
4788,192,13,14650,7860
4789,192,14,14650,7860
4790,192,15,14650,7860
4791,192,16,14650,7860
4792,192,17,14650,7860
4793,192,18,14650,7860
4794,192,19,14650,7860
4795,192,20,14650,7860
4796,192,21,14650,7860
4797,192,22,14650,7860
4798,192,23,14650,7860
4799,192,24,14650,7860
4800,192,25,14650,7860
4801,193,1,14650,7860
4802,193,2,14650,7860
4803,193,3,14650,7860
4804,193,4,14650,7860
4805,193,5,14650,7860
4806,193,6,14650,7860
4807,193,7,14650,7860
4808,193,8,14650,7860
4809,193,9,14650,7860
4810,193,10,14650,7860
4811,193,11,14650,7860
4812,193,12,14650,7860
4813,193,13,14650,7860
4814,193,14,14650,7860
4815,193,15,14650,7860
4816,193,16,14650,7860
4817,193,17,14650,7860
4818,193,18,14650,7860
4819,193,19,14650,7860
4820,193,20,14650,7860
4821,193,21,14650,7860
4822,193,22,14650,7860
4823,193,23,14650,7860
4824,193,24,14650,7860
4825,193,25,14650,7860
4826,194,1,14650,7860
4827,194,2,14650,7860
4828,194,3,14650,7860
4829,194,4,14650,7860
4830,194,5,14650,7860
4831,194,6,14650,7860
4832,194,7,14650,7860
4833,194,8,14650,7860
4834,194,9,14650,7860
4835,194,10,14650,7860
4836,194,11,14650,7860
4837,194,12,14650,7860
4838,194,13,14650,7860
4839,194,14,14650,7860
4840,194,15,14650,7860
4841,194,16,14650,7860
4842,194,17,14650,7860
4843,194,18,14650,7860
4844,194,19,14650,7860
4845,194,20,14650,7860
4846,194,21,14650,7860
4847,194,22,14650,7860
4848,194,23,14650,7860
4849,194,24,14650,7860
4850,194,25,14650,7860
4851,195,1,14650,7860
4852,195,2,14650,7860
4853,195,3,14650,7860
4854,195,4,14650,7860
4855,195,5,14650,7860
4856,195,6,14650,7860
4857,195,7,14650,7860
4858,195,8,14650,7860
4859,195,9,14650,7860
4860,195,10,14650,7860
4861,195,11,14650,7860
4862,195,12,14650,7860
4863,195,13,14650,7860
4864,195,14,14650,7860
4865,195,15,14650,7860
4866,195,16,14650,7860
4867,195,17,14650,7860
4868,195,18,14650,7860
4869,195,19,14650,7860
4870,195,20,14650,7860
4871,195,21,14650,7860
4872,195,22,14650,7860
4873,195,23,14650,7860
4874,195,24,14650,7860
4875,195,25,14650,7860
4876,196,1,14650,7860
4877,196,2,14650,7860
4878,196,3,14650,7860
4879,196,4,14650,7860
4880,196,5,14650,7860
4881,196,6,14650,7860
4882,196,7,14650,7860
4883,196,8,14650,7860
4884,196,9,14650,7860
4885,196,10,14650,7860
4886,196,11,14650,7860
4887,196,12,14650,7860
4888,196,13,14650,7860
4889,196,14,14650,7860
4890,196,15,14650,7860
4891,196,16,14650,7860
4892,196,17,14650,7860
4893,196,18,14650,7860
4894,196,19,14650,7860
4895,196,20,14650,7860
4896,196,21,14650,7860
4897,196,22,14650,7860
4898,196,23,14650,7860
4899,196,24,14650,7860
4900,196,25,14650,7860
4901,197,1,14650,7860
4902,197,2,14650,7860
4903,197,3,14650,7860
4904,197,4,14650,7860
4905,197,5,14650,7860
4906,197,6,14650,7860
4907,197,7,14650,7860
4908,197,8,14650,7860
4909,197,9,14650,7860
4910,197,10,14650,7860
4911,197,11,14650,7860
4912,197,12,14650,7860
4913,197,13,14650,7860
4914,197,14,14650,7860
4915,197,15,14650,7860
4916,197,16,14650,7860
4917,197,17,14650,7860
4918,197,18,14650,7860
4919,197,19,14650,7860
4920,197,20,14650,7860
4921,197,21,14650,7860
4922,197,22,14650,7860
4923,197,23,14650,7860
4924,197,24,14650,7860
4925,197,25,14650,7860
4926,198,1,14650,7860
4927,198,2,14650,7860
4928,198,3,14650,7860
4929,198,4,14650,7860
4930,198,5,14650,7860
4931,198,6,14650,7860
4932,198,7,14650,7860
4933,198,8,14650,7860
4934,198,9,14650,7860
4935,198,10,14650,7860
4936,198,11,14650,7860
4937,198,12,14650,7860
4938,198,13,14650,7860
4939,198,14,14650,7860
4940,198,15,14650,7860
4941,198,16,14650,7860
4942,198,17,14650,7860
4943,198,18,14650,7860
4944,198,19,14650,7860
4945,198,20,14650,7860
4946,198,21,14650,7860
4947,198,22,14650,7860
4948,198,23,14650,7860
4949,198,24,14650,7860
4950,198,25,14650,7860
4951,199,1,14650,7860
4952,199,2,14650,7860
4953,199,3,14650,7860
4954,199,4,14650,7860
4955,199,5,14650,7860
4956,199,6,14650,7860
4957,199,7,14650,7860
4958,199,8,14650,7860
4959,199,9,14650,7860
4960,199,10,14650,7860
4961,199,11,14650,7860
4962,199,12,14650,7860
4963,199,13,14650,7860
4964,199,14,14650,7860
4965,199,15,14650,7860
4966,199,16,14650,7860
4967,199,17,14650,7860
4968,199,18,14650,7860
4969,199,19,14650,7860
4970,199,20,14650,7860
4971,199,21,14650,7860
4972,199,22,14650,7860
4973,199,23,14650,7860
4974,199,24,14650,7860
4975,199,25,14650,7860
4976,200,1,14650,7860
4977,200,2,14650,7860
4978,200,3,14650,7860
4979,200,4,14650,7860
4980,200,5,14650,7860
4981,200,6,14650,7860
4982,200,7,14650,7860
4983,200,8,14650,7860
4984,200,9,14650,7860
4985,200,10,14650,7860
4986,200,11,14650,7860
4987,200,12,14650,7860
4988,200,13,14650,7860
4989,200,14,14650,7860
4990,200,15,14650,7860
4991,200,16,14650,7860
4992,200,17,14650,7860
4993,200,18,14650,7860
4994,200,19,14650,7860
4995,200,20,14650,7860
4996,200,21,14650,7860
4997,200,22,14650,7860
4998,200,23,14650,7860
4999,200,24,14650,7860
5000,200,25,14650,7860
5001,201,1,14650,7860
5002,201,2,14650,7860
5003,201,3,14650,7860
5004,201,4,14650,7860
5005,201,5,14650,7860
5006,201,6,14650,7860
5007,201,7,14650,7860
5008,201,8,14650,7860
5009,201,9,14650,7860
5010,201,10,14650,7860
5011,201,11,14650,7860
5012,201,12,14650,7860
5013,201,13,14650,7860
5014,201,14,14650,7860
5015,201,15,14650,7860
5016,201,16,14650,7860
5017,201,17,14650,7860
5018,201,18,14650,7860
5019,201,19,14650,7860
5020,201,20,14650,7860
5021,201,21,14650,7860
5022,201,22,14650,7860
5023,201,23,14650,7860
5024,201,24,14650,7860
5025,201,25,14650,7860
5026,202,1,14650,7860
5027,202,2,14650,7860
5028,202,3,14650,7860
5029,202,4,14650,7860
5030,202,5,14650,7860
5031,202,6,14650,7860
5032,202,7,14650,7860
5033,202,8,14650,7860
5034,202,9,14650,7860
5035,202,10,14650,7860
5036,202,11,14650,7860
5037,202,12,14650,7860
5038,202,13,14650,7860
5039,202,14,14650,7860
5040,202,15,14650,7860
5041,202,16,14650,7860
5042,202,17,14650,7860
5043,202,18,14650,7860
5044,202,19,14650,7860
5045,202,20,14650,7860
5046,202,21,14650,7860
5047,202,22,14650,7860
5048,202,23,14650,7860
5049,202,24,14650,7860
5050,202,25,14650,7860
5051,203,1,14650,7860
5052,203,2,14650,7860
5053,203,3,14650,7860
5054,203,4,14650,7860
5055,203,5,14650,7860
5056,203,6,14650,7860
5057,203,7,14650,7860
5058,203,8,14650,7860
5059,203,9,14650,7860
5060,203,10,14650,7860
5061,203,11,14650,7860
5062,203,12,14650,7860
5063,203,13,14650,7860
5064,203,14,14650,7860
5065,203,15,14650,7860
5066,203,16,14650,7860
5067,203,17,14650,7860
5068,203,18,14650,7860
5069,203,19,14650,7860
5070,203,20,14650,7860
5071,203,21,14650,7860
5072,203,22,14650,7860
5073,203,23,14650,7860
5074,203,24,14650,7860
5075,203,25,14650,7860
5076,204,1,14650,7860
5077,204,2,14650,7860
5078,204,3,14650,7860
5079,204,4,14650,7860
5080,204,5,14650,7860
5081,204,6,14650,7860
5082,204,7,14650,7860
5083,204,8,14650,7860
5084,204,9,14650,7860
5085,204,10,14650,7860
5086,204,11,14650,7860
5087,204,12,14650,7860
5088,204,13,14650,7860
5089,204,14,14650,7860
5090,204,15,14650,7860
5091,204,16,14650,7860
5092,204,17,14650,7860
5093,204,18,14650,7860
5094,204,19,14650,7860
5095,204,20,14650,7860
5096,204,21,14650,7860
5097,204,22,14650,7860
5098,204,23,14650,7860
5099,204,24,14650,7860
5100,204,25,14650,7860
5101,205,1,14650,7860
5102,205,2,14650,7860
5103,205,3,14650,7860
5104,205,4,14650,7860
5105,205,5,14650,7860
5106,205,6,14650,7860
5107,205,7,14650,7860
5108,205,8,14650,7860
5109,205,9,14650,7860
5110,205,10,14650,7860
5111,205,11,14650,7860
5112,205,12,14650,7860
5113,205,13,14650,7860
5114,205,14,14650,7860
5115,205,15,14650,7860
5116,205,16,14650,7860
5117,205,17,14650,7860
5118,205,18,14650,7860
5119,205,19,14650,7860
5120,205,20,14650,7860
5121,205,21,14650,7860
5122,205,22,14650,7860
5123,205,23,14650,7860
5124,205,24,14650,7860
5125,205,25,14650,7860
5126,206,1,14650,7860
5127,206,2,14650,7860
5128,206,3,14650,7860
5129,206,4,14650,7860
5130,206,5,14650,7860
5131,206,6,14650,7860
5132,206,7,14650,7860
5133,206,8,14650,7860
5134,206,9,14650,7860
5135,206,10,14650,7860
5136,206,11,14650,7860
5137,206,12,14650,7860
5138,206,13,14650,7860
5139,206,14,14650,7860
5140,206,15,14650,7860
5141,206,16,14650,7860
5142,206,17,14650,7860
5143,206,18,14650,7860
5144,206,19,14650,7860
5145,206,20,14650,7860
5146,206,21,14650,7860
5147,206,22,14650,7860
5148,206,23,14650,7860
5149,206,24,14650,7860
5150,206,25,14650,7860
5151,207,1,14650,7860
5152,207,2,14650,7860
5153,207,3,14650,7860
5154,207,4,14650,7860
5155,207,5,14650,7860
5156,207,6,14650,7860
5157,207,7,14650,7860
5158,207,8,14650,7860
5159,207,9,14650,7860
5160,207,10,14650,7860
5161,207,11,14650,7860
5162,207,12,14650,7860
5163,207,13,14650,7860
5164,207,14,14650,7860
5165,207,15,14650,7860
5166,207,16,14650,7860
5167,207,17,14650,7860
5168,207,18,14650,7860
5169,207,19,14650,7860
5170,207,20,14650,7860
5171,207,21,14650,7860
5172,207,22,14650,7860
5173,207,23,14650,7860
5174,207,24,14650,7860
5175,207,25,14650,7860
5176,208,1,14650,7860
5177,208,2,14650,7860
5178,208,3,14650,7860
5179,208,4,14650,7860
5180,208,5,14650,7860
5181,208,6,14650,7860
5182,208,7,14650,7860
5183,208,8,14650,7860
5184,208,9,14650,7860
5185,208,10,14650,7860
5186,208,11,14650,7860
5187,208,12,14650,7860
5188,208,13,14650,7860
5189,208,14,14650,7860
5190,208,15,14650,7860
5191,208,16,14650,7860
5192,208,17,14650,7860
5193,208,18,14650,7860
5194,208,19,14650,7860
5195,208,20,14650,7860
5196,208,21,14650,7860
5197,208,22,14650,7860
5198,208,23,14650,7860
5199,208,24,14650,7860
5200,208,25,14650,7860
5201,209,1,14650,7860
5202,209,2,14650,7860
5203,209,3,14650,7860
5204,209,4,14650,7860
5205,209,5,14650,7860
5206,209,6,14650,7860
5207,209,7,14650,7860
5208,209,8,14650,7860
5209,209,9,14650,7860
5210,209,10,14650,7860
5211,209,11,14650,7860
5212,209,12,14650,7860
5213,209,13,14650,7860
5214,209,14,14650,7860
5215,209,15,14650,7860
5216,209,16,14650,7860
5217,209,17,14650,7860
5218,209,18,14650,7860
5219,209,19,14650,7860
5220,209,20,14650,7860
5221,209,21,14650,7860
5222,209,22,14650,7860
5223,209,23,14650,7860
5224,209,24,14650,7860
5225,209,25,14650,7860
5226,210,1,14650,7860
5227,210,2,14650,7860
5228,210,3,14650,7860
5229,210,4,14650,7860
5230,210,5,14650,7860
5231,210,6,14650,7860
5232,210,7,14650,7860
5233,210,8,14650,7860
5234,210,9,14650,7860
5235,210,10,14650,7860
5236,210,11,14650,7860
5237,210,12,14650,7860
5238,210,13,14650,7860
5239,210,14,14650,7860
5240,210,15,14650,7860
5241,210,16,14650,7860
5242,210,17,14650,7860
5243,210,18,14650,7860
5244,210,19,14650,7860
5245,210,20,14650,7860
5246,210,21,14650,7860
5247,210,22,14650,7860
5248,210,23,14650,7860
5249,210,24,14650,7860
5250,210,25,14650,7860
5251,211,1,14650,7860
5252,211,2,14650,7860
5253,211,3,14650,7860
5254,211,4,14650,7860
5255,211,5,14650,7860
5256,211,6,14650,7860
5257,211,7,14650,7860
5258,211,8,14650,7860
5259,211,9,14650,7860
5260,211,10,14650,7860
5261,211,11,14650,7860
5262,211,12,14650,7860
5263,211,13,14650,7860
5264,211,14,14650,7860
5265,211,15,14650,7860
5266,211,16,14650,7860
5267,211,17,14650,7860
5268,211,18,14650,7860
5269,211,19,14650,7860
5270,211,20,14650,7860
5271,211,21,14650,7860
5272,211,22,14650,7860
5273,211,23,14650,7860
5274,211,24,14650,7860
5275,211,25,14650,7860
5276,212,1,14650,7860
5277,212,2,14650,7860
5278,212,3,14650,7860
5279,212,4,14650,7860
5280,212,5,14650,7860
5281,212,6,14650,7860
5282,212,7,14650,7860
5283,212,8,14650,7860
5284,212,9,14650,7860
5285,212,10,14650,7860
5286,212,11,14650,7860
5287,212,12,14650,7860
5288,212,13,14650,7860
5289,212,14,14650,7860
5290,212,15,14650,7860
5291,212,16,14650,7860
5292,212,17,14650,7860
5293,212,18,14650,7860
5294,212,19,14650,7860
5295,212,20,14650,7860
5296,212,21,14650,7860
5297,212,22,14650,7860
5298,212,23,14650,7860
5299,212,24,14650,7860
5300,212,25,14650,7860
5301,213,1,14650,7860
5302,213,2,14650,7860
5303,213,3,14650,7860
5304,213,4,14650,7860
5305,213,5,14650,7860
5306,213,6,14650,7860
5307,213,7,14650,7860
5308,213,8,14650,7860
5309,213,9,14650,7860
5310,213,10,14650,7860
5311,213,11,14650,7860
5312,213,12,14650,7860
5313,213,13,14650,7860
5314,213,14,14650,7860
5315,213,15,14650,7860
5316,213,16,14650,7860
5317,213,17,14650,7860
5318,213,18,14650,7860
5319,213,19,14650,7860
5320,213,20,14650,7860
5321,213,21,14650,7860
5322,213,22,14650,7860
5323,213,23,14650,7860
5324,213,24,14650,7860
5325,213,25,14650,7860
5326,214,1,14650,7860
5327,214,2,14650,7860
5328,214,3,14650,7860
5329,214,4,14650,7860
5330,214,5,14650,7860
5331,214,6,14650,7860
5332,214,7,14650,7860
5333,214,8,14650,7860
5334,214,9,14650,7860
5335,214,10,14650,7860
5336,214,11,14650,7860
5337,214,12,14650,7860
5338,214,13,14650,7860
5339,214,14,14650,7860
5340,214,15,14650,7860
5341,214,16,14650,7860
5342,214,17,14650,7860
5343,214,18,14650,7860
5344,214,19,14650,7860
5345,214,20,14650,7860
5346,214,21,14650,7860
5347,214,22,14650,7860
5348,214,23,14650,7860
5349,214,24,14650,7860
5350,214,25,14650,7860
5351,215,1,14650,7860
5352,215,2,14650,7860
5353,215,3,14650,7860
5354,215,4,14650,7860
5355,215,5,14650,7860
5356,215,6,14650,7860
5357,215,7,14650,7860
5358,215,8,14650,7860
5359,215,9,14650,7860
5360,215,10,14650,7860
5361,215,11,14650,7860
5362,215,12,14650,7860
5363,215,13,14650,7860
5364,215,14,14650,7860
5365,215,15,14650,7860
5366,215,16,14650,7860
5367,215,17,14650,7860
5368,215,18,14650,7860
5369,215,19,14650,7860
5370,215,20,14650,7860
5371,215,21,14650,7860
5372,215,22,14650,7860
5373,215,23,14650,7860
5374,215,24,14650,7860
5375,215,25,14650,7860
5376,216,1,14650,7860
5377,216,2,14650,7860
5378,216,3,14650,7860
5379,216,4,14650,7860
5380,216,5,14650,7860
5381,216,6,14650,7860
5382,216,7,14650,7860
5383,216,8,14650,7860
5384,216,9,14650,7860
5385,216,10,14650,7860
5386,216,11,14650,7860
5387,216,12,14650,7860
5388,216,13,14650,7860
5389,216,14,14650,7860
5390,216,15,14650,7860
5391,216,16,14650,7860
5392,216,17,14650,7860
5393,216,18,14650,7860
5394,216,19,14650,7860
5395,216,20,14650,7860
5396,216,21,14650,7860
5397,216,22,14650,7860
5398,216,23,14650,7860
5399,216,24,14650,7860
5400,216,25,14650,7860
5401,217,1,14650,7860
5402,217,2,14650,7860
5403,217,3,14650,7860
5404,217,4,14650,7860
5405,217,5,14650,7860
5406,217,6,14650,7860
5407,217,7,14650,7860
5408,217,8,14650,7860
5409,217,9,14650,7860
5410,217,10,14650,7860
5411,217,11,14650,7860
5412,217,12,14650,7860
5413,217,13,14650,7860
5414,217,14,14650,7860
5415,217,15,14650,7860
5416,217,16,14650,7860
5417,217,17,14650,7860
5418,217,18,14650,7860
5419,217,19,14650,7860
5420,217,20,14650,7860
5421,217,21,14650,7860
5422,217,22,14650,7860
5423,217,23,14650,7860
5424,217,24,14650,7860
5425,217,25,14650,7860
5426,218,1,14650,7860
5427,218,2,14650,7860
5428,218,3,14650,7860
5429,218,4,14650,7860
5430,218,5,14650,7860
5431,218,6,14650,7860
5432,218,7,14650,7860
5433,218,8,14650,7860
5434,218,9,14650,7860
5435,218,10,14650,7860
5436,218,11,14650,7860
5437,218,12,14650,7860
5438,218,13,14650,7860
5439,218,14,14650,7860
5440,218,15,14650,7860
5441,218,16,14650,7860
5442,218,17,14650,7860
5443,218,18,14650,7860
5444,218,19,14650,7860
5445,218,20,14650,7860
5446,218,21,14650,7860
5447,218,22,14650,7860
5448,218,23,14650,7860
5449,218,24,14650,7860
5450,218,25,14650,7860
5451,219,1,14650,7860
5452,219,2,14650,7860
5453,219,3,14650,7860
5454,219,4,14650,7860
5455,219,5,14650,7860
5456,219,6,14650,7860
5457,219,7,14650,7860
5458,219,8,14650,7860
5459,219,9,14650,7860
5460,219,10,14650,7860
5461,219,11,14650,7860
5462,219,12,14650,7860
5463,219,13,14650,7860
5464,219,14,14650,7860
5465,219,15,14650,7860
5466,219,16,14650,7860
5467,219,17,14650,7860
5468,219,18,14650,7860
5469,219,19,14650,7860
5470,219,20,14650,7860
5471,219,21,14650,7860
5472,219,22,14650,7860
5473,219,23,14650,7860
5474,219,24,14650,7860
5475,219,25,14650,7860
5476,220,1,14650,7860
5477,220,2,14650,7860
5478,220,3,14650,7860
5479,220,4,14650,7860
5480,220,5,14650,7860
5481,220,6,14650,7860
5482,220,7,14650,7860
5483,220,8,14650,7860
5484,220,9,14650,7860
5485,220,10,14650,7860
5486,220,11,14650,7860
5487,220,12,14650,7860
5488,220,13,14650,7860
5489,220,14,14650,7860
5490,220,15,14650,7860
5491,220,16,14650,7860
5492,220,17,14650,7860
5493,220,18,14650,7860
5494,220,19,14650,7860
5495,220,20,14650,7860
5496,220,21,14650,7860
5497,220,22,14650,7860
5498,220,23,14650,7860
5499,220,24,14650,7860
5500,220,25,14650,7860
5501,221,1,14650,7860
5502,221,2,14650,7860
5503,221,3,14650,7860
5504,221,4,14650,7860
5505,221,5,14650,7860
5506,221,6,14650,7860
5507,221,7,14650,7860
5508,221,8,14650,7860
5509,221,9,14650,7860
5510,221,10,14650,7860
5511,221,11,14650,7860
5512,221,12,14650,7860
5513,221,13,14650,7860
5514,221,14,14650,7860
5515,221,15,14650,7860
5516,221,16,14650,7860
5517,221,17,14650,7860
5518,221,18,14650,7860
5519,221,19,14650,7860
5520,221,20,14650,7860
5521,221,21,14650,7860
5522,221,22,14650,7860
5523,221,23,14650,7860
5524,221,24,14650,7860
5525,221,25,14650,7860
5526,222,1,14650,7860
5527,222,2,14650,7860
5528,222,3,14650,7860
5529,222,4,14650,7860
5530,222,5,14650,7860
5531,222,6,14650,7860
5532,222,7,14650,7860
5533,222,8,14650,7860
5534,222,9,14650,7860
5535,222,10,14650,7860
5536,222,11,14650,7860
5537,222,12,14650,7860
5538,222,13,14650,7860
5539,222,14,14650,7860
5540,222,15,14650,7860
5541,222,16,14650,7860
5542,222,17,14650,7860
5543,222,18,14650,7860
5544,222,19,14650,7860
5545,222,20,14650,7860
5546,222,21,14650,7860
5547,222,22,14650,7860
5548,222,23,14650,7860
5549,222,24,14650,7860
5550,222,25,14650,7860
5551,223,1,14650,7860
5552,223,2,14650,7860
5553,223,3,14650,7860
5554,223,4,14650,7860
5555,223,5,14650,7860
5556,223,6,14650,7860
5557,223,7,14650,7860
5558,223,8,14650,7860
5559,223,9,14650,7860
5560,223,10,14650,7860
5561,223,11,14650,7860
5562,223,12,14650,7860
5563,223,13,14650,7860
5564,223,14,14650,7860
5565,223,15,14650,7860
5566,223,16,14650,7860
5567,223,17,14650,7860
5568,223,18,14650,7860
5569,223,19,14650,7860
5570,223,20,14650,7860
5571,223,21,14650,7860
5572,223,22,14650,7860
5573,223,23,14650,7860
5574,223,24,14650,7860
5575,223,25,14650,7860
5576,224,1,14650,7860
5577,224,2,14650,7860
5578,224,3,14650,7860
5579,224,4,14650,7860
5580,224,5,14650,7860
5581,224,6,14650,7860
5582,224,7,14650,7860
5583,224,8,14650,7860
5584,224,9,14650,7860
5585,224,10,14650,7860
5586,224,11,14650,7860
5587,224,12,14650,7860
5588,224,13,14650,7860
5589,224,14,14650,7860
5590,224,15,14650,7860
5591,224,16,14650,7860
5592,224,17,14650,7860
5593,224,18,14650,7860
5594,224,19,14650,7860
5595,224,20,14650,7860
5596,224,21,14650,7860
5597,224,22,14650,7860
5598,224,23,14650,7860
5599,224,24,14650,7860
5600,224,25,14650,7860
5601,225,1,14650,7860
5602,225,2,14650,7860
5603,225,3,14650,7860
5604,225,4,14650,7860
5605,225,5,14650,7860
5606,225,6,14650,7860
5607,225,7,14650,7860
5608,225,8,14650,7860
5609,225,9,14650,7860
5610,225,10,14650,7860
5611,225,11,14650,7860
5612,225,12,14650,7860
5613,225,13,14650,7860
5614,225,14,14650,7860
5615,225,15,14650,7860
5616,225,16,14650,7860
5617,225,17,14650,7860
5618,225,18,14650,7860
5619,225,19,14650,7860
5620,225,20,14650,7860
5621,225,21,14650,7860
5622,225,22,14650,7860
5623,225,23,14650,7860
5624,225,24,14650,7860
5625,225,25,14650,7860
5626,226,1,14650,7860
5627,226,2,14650,7860
5628,226,3,14650,7860
5629,226,4,14650,7860
5630,226,5,14650,7860
5631,226,6,14650,7860
5632,226,7,14650,7860
5633,226,8,14650,7860
5634,226,9,14650,7860
5635,226,10,14650,7860
5636,226,11,14650,7860
5637,226,12,14650,7860
5638,226,13,14650,7860
5639,226,14,14650,7860
5640,226,15,14650,7860
5641,226,16,14650,7860
5642,226,17,14650,7860
5643,226,18,14650,7860
5644,226,19,14650,7860
5645,226,20,14650,7860
5646,226,21,14650,7860
5647,226,22,14650,7860
5648,226,23,14650,7860
5649,226,24,14650,7860
5650,226,25,14650,7860
5651,227,1,14650,7860
5652,227,2,14650,7860
5653,227,3,14650,7860
5654,227,4,14650,7860
5655,227,5,14650,7860
5656,227,6,14650,7860
5657,227,7,14650,7860
5658,227,8,14650,7860
5659,227,9,14650,7860
5660,227,10,14650,7860
5661,227,11,14650,7860
5662,227,12,14650,7860
5663,227,13,14650,7860
5664,227,14,14650,7860
5665,227,15,14650,7860
5666,227,16,14650,7860
5667,227,17,14650,7860
5668,227,18,14650,7860
5669,227,19,14650,7860
5670,227,20,14650,7860
5671,227,21,14650,7860
5672,227,22,14650,7860
5673,227,23,14650,7860
5674,227,24,14650,7860
5675,227,25,14650,7860
5676,228,1,14650,7860
5677,228,2,14650,7860
5678,228,3,14650,7860
5679,228,4,14650,7860
5680,228,5,14650,7860
5681,228,6,14650,7860
5682,228,7,14650,7860
5683,228,8,14650,7860
5684,228,9,14650,7860
5685,228,10,14650,7860
5686,228,11,14650,7860
5687,228,12,14650,7860
5688,228,13,14650,7860
5689,228,14,14650,7860
5690,228,15,14650,7860
5691,228,16,14650,7860
5692,228,17,14650,7860
5693,228,18,14650,7860
5694,228,19,14650,7860
5695,228,20,14650,7860
5696,228,21,14650,7860
5697,228,22,14650,7860
5698,228,23,14650,7860
5699,228,24,14650,7860
5700,228,25,14650,7860
5701,229,1,14650,7860
5702,229,2,14650,7860
5703,229,3,14650,7860
5704,229,4,14650,7860
5705,229,5,14650,7860
5706,229,6,14650,7860
5707,229,7,14650,7860
5708,229,8,14650,7860
5709,229,9,14650,7860
5710,229,10,14650,7860
5711,229,11,14650,7860
5712,229,12,14650,7860
5713,229,13,14650,7860
5714,229,14,14650,7860
5715,229,15,14650,7860
5716,229,16,14650,7860
5717,229,17,14650,7860
5718,229,18,14650,7860
5719,229,19,14650,7860
5720,229,20,14650,7860
5721,229,21,14650,7860
5722,229,22,14650,7860
5723,229,23,14650,7860
5724,229,24,14650,7860
5725,229,25,14650,7860
5726,230,1,14650,7860
5727,230,2,14650,7860
5728,230,3,14650,7860
5729,230,4,14650,7860
5730,230,5,14650,7860
5731,230,6,14650,7860
5732,230,7,14650,7860
5733,230,8,14650,7860
5734,230,9,14650,7860
5735,230,10,14650,7860
5736,230,11,14650,7860
5737,230,12,14650,7860
5738,230,13,14650,7860
5739,230,14,14650,7860
5740,230,15,14650,7860
5741,230,16,14650,7860
5742,230,17,14650,7860
5743,230,18,14650,7860
5744,230,19,14650,7860
5745,230,20,14650,7860
5746,230,21,14650,7860
5747,230,22,14650,7860
5748,230,23,14650,7860
5749,230,24,14650,7860
5750,230,25,14650,7860
5751,231,1,14650,7860
5752,231,2,14650,7860
5753,231,3,14650,7860
5754,231,4,14650,7860
5755,231,5,14650,7860
5756,231,6,14650,7860
5757,231,7,14650,7860
5758,231,8,14650,7860
5759,231,9,14650,7860
5760,231,10,14650,7860
5761,231,11,14650,7860
5762,231,12,14650,7860
5763,231,13,14650,7860
5764,231,14,14650,7860
5765,231,15,14650,7860
5766,231,16,14650,7860
5767,231,17,14650,7860
5768,231,18,14650,7860
5769,231,19,14650,7860
5770,231,20,14650,7860
5771,231,21,14650,7860
5772,231,22,14650,7860
5773,231,23,14650,7860
5774,231,24,14650,7860
5775,231,25,14650,7860
5776,232,1,14650,7860
5777,232,2,14650,7860
5778,232,3,14650,7860
5779,232,4,14650,7860
5780,232,5,14650,7860
5781,232,6,14650,7860
5782,232,7,14650,7860
5783,232,8,14650,7860
5784,232,9,14650,7860
5785,232,10,14650,7860
5786,232,11,14650,7860
5787,232,12,14650,7860
5788,232,13,14650,7860
5789,232,14,14650,7860
5790,232,15,14650,7860
5791,232,16,14650,7860
5792,232,17,14650,7860
5793,232,18,14650,7860
5794,232,19,14650,7860
5795,232,20,14650,7860
5796,232,21,14650,7860
5797,232,22,14650,7860
5798,232,23,14650,7860
5799,232,24,14650,7860
5800,232,25,14650,7860
5801,233,1,14650,7860
5802,233,2,14650,7860
5803,233,3,14650,7860
5804,233,4,14650,7860
5805,233,5,14650,7860
5806,233,6,14650,7860
5807,233,7,14650,7860
5808,233,8,14650,7860
5809,233,9,14650,7860
5810,233,10,14650,7860
5811,233,11,14650,7860
5812,233,12,14650,7860
5813,233,13,14650,7860
5814,233,14,14650,7860
5815,233,15,14650,7860
5816,233,16,14650,7860
5817,233,17,14650,7860
5818,233,18,14650,7860
5819,233,19,14650,7860
5820,233,20,14650,7860
5821,233,21,14650,7860
5822,233,22,14650,7860
5823,233,23,14650,7860
5824,233,24,14650,7860
5825,233,25,14650,7860
5826,234,1,14650,7860
5827,234,2,14650,7860
5828,234,3,14650,7860
5829,234,4,14650,7860
5830,234,5,14650,7860
5831,234,6,14650,7860
5832,234,7,14650,7860
5833,234,8,14650,7860
5834,234,9,14650,7860
5835,234,10,14650,7860
5836,234,11,14650,7860
5837,234,12,14650,7860
5838,234,13,14650,7860
5839,234,14,14650,7860
5840,234,15,14650,7860
5841,234,16,14650,7860
5842,234,17,14650,7860
5843,234,18,14650,7860
5844,234,19,14650,7860
5845,234,20,14650,7860
5846,234,21,14650,7860
5847,234,22,14650,7860
5848,234,23,14650,7860
5849,234,24,14650,7860
5850,234,25,14650,7860
5851,235,1,14650,7860
5852,235,2,14650,7860
5853,235,3,14650,7860
5854,235,4,14650,7860
5855,235,5,14650,7860
5856,235,6,14650,7860
5857,235,7,14650,7860
5858,235,8,14650,7860
5859,235,9,14650,7860
5860,235,10,14650,7860
5861,235,11,14650,7860
5862,235,12,14650,7860
5863,235,13,14650,7860
5864,235,14,14650,7860
5865,235,15,14650,7860
5866,235,16,14650,7860
5867,235,17,14650,7860
5868,235,18,14650,7860
5869,235,19,14650,7860
5870,235,20,14650,7860
5871,235,21,14650,7860
5872,235,22,14650,7860
5873,235,23,14650,7860
5874,235,24,14650,7860
5875,235,25,14650,7860
5876,236,1,14650,7860
5877,236,2,14650,7860
5878,236,3,14650,7860
5879,236,4,14650,7860
5880,236,5,14650,7860
5881,236,6,14650,7860
5882,236,7,14650,7860
5883,236,8,14650,7860
5884,236,9,14650,7860
5885,236,10,14650,7860
5886,236,11,14650,7860
5887,236,12,14650,7860
5888,236,13,14650,7860
5889,236,14,14650,7860
5890,236,15,14650,7860
5891,236,16,14650,7860
5892,236,17,14650,7860
5893,236,18,14650,7860
5894,236,19,14650,7860
5895,236,20,14650,7860
5896,236,21,14650,7860
5897,236,22,14650,7860
5898,236,23,14650,7860
5899,236,24,14650,7860
5900,236,25,14650,7860
5901,237,1,14650,7860
5902,237,2,14650,7860
5903,237,3,14650,7860
5904,237,4,14650,7860
5905,237,5,14650,7860
5906,237,6,14650,7860
5907,237,7,14650,7860
5908,237,8,14650,7860
5909,237,9,14650,7860
5910,237,10,14650,7860
5911,237,11,14650,7860
5912,237,12,14650,7860
5913,237,13,14650,7860
5914,237,14,14650,7860
5915,237,15,14650,7860
5916,237,16,14650,7860
5917,237,17,14650,7860
5918,237,18,14650,7860
5919,237,19,14650,7860
5920,237,20,14650,7860
5921,237,21,14650,7860
5922,237,22,14650,7860
5923,237,23,14650,7860
5924,237,24,14650,7860
5925,237,25,14650,7860
5926,238,1,14650,7860
5927,238,2,14650,7860
5928,238,3,14650,7860
5929,238,4,14650,7860
5930,238,5,14650,7860
5931,238,6,14650,7860
5932,238,7,14650,7860
5933,238,8,14650,7860
5934,238,9,14650,7860
5935,238,10,14650,7860
5936,238,11,14650,7860
5937,238,12,14650,7860
5938,238,13,14650,7860
5939,238,14,14650,7860
5940,238,15,14650,7860
5941,238,16,14650,7860
5942,238,17,14650,7860
5943,238,18,14650,7860
5944,238,19,14650,7860
5945,238,20,14650,7860
5946,238,21,14650,7860
5947,238,22,14650,7860
5948,238,23,14650,7860
5949,238,24,14650,7860
5950,238,25,14650,7860
5951,239,1,14650,7860
5952,239,2,14650,7860
5953,239,3,14650,7860
5954,239,4,14650,7860
5955,239,5,14650,7860
5956,239,6,14650,7860
5957,239,7,14650,7860
5958,239,8,14650,7860
5959,239,9,14650,7860
5960,239,10,14650,7860
5961,239,11,14650,7860
5962,239,12,14650,7860
5963,239,13,14650,7860
5964,239,14,14650,7860
5965,239,15,14650,7860
5966,239,16,14650,7860
5967,239,17,14650,7860
5968,239,18,14650,7860
5969,239,19,14650,7860
5970,239,20,14650,7860
5971,239,21,14650,7860
5972,239,22,14650,7860
5973,239,23,14650,7860
5974,239,24,14650,7860
5975,239,25,14650,7860
5976,240,1,14650,7860
5977,240,2,14650,7860
5978,240,3,14650,7860
5979,240,4,14650,7860
5980,240,5,14650,7860
5981,240,6,14650,7860
5982,240,7,14650,7860
5983,240,8,14650,7860
5984,240,9,14650,7860
5985,240,10,14650,7860
5986,240,11,14650,7860
5987,240,12,14650,7860
5988,240,13,14650,7860
5989,240,14,14650,7860
5990,240,15,14650,7860
5991,240,16,14650,7860
5992,240,17,14650,7860
5993,240,18,14650,7860
5994,240,19,14650,7860
5995,240,20,14650,7860
5996,240,21,14650,7860
5997,240,22,14650,7860
5998,240,23,14650,7860
5999,240,24,14650,7860
6000,240,25,14650,7860
6001,241,1,14650,7860
6002,241,2,14650,7860
6003,241,3,14650,7860
6004,241,4,14650,7860
6005,241,5,14650,7860
6006,241,6,14650,7860
6007,241,7,14650,7860
6008,241,8,14650,7860
6009,241,9,14650,7860
6010,241,10,14650,7860
6011,241,11,14650,7860
6012,241,12,14650,7860
6013,241,13,14650,7860
6014,241,14,14650,7860
6015,241,15,14650,7860
6016,241,16,14650,7860
6017,241,17,14650,7860
6018,241,18,14650,7860
6019,241,19,14650,7860
6020,241,20,14650,7860
6021,241,21,14650,7860
6022,241,22,14650,7860
6023,241,23,14650,7860
6024,241,24,14650,7860
6025,241,25,14650,7860
6026,242,1,14650,7860
6027,242,2,14650,7860
6028,242,3,14650,7860
6029,242,4,14650,7860
6030,242,5,14650,7860
6031,242,6,14650,7860
6032,242,7,14650,7860
6033,242,8,14650,7860
6034,242,9,14650,7860
6035,242,10,14650,7860
6036,242,11,14650,7860
6037,242,12,14650,7860
6038,242,13,14650,7860
6039,242,14,14650,7860
6040,242,15,14650,7860
6041,242,16,14650,7860
6042,242,17,14650,7860
6043,242,18,14650,7860
6044,242,19,14650,7860
6045,242,20,14650,7860
6046,242,21,14650,7860
6047,242,22,14650,7860
6048,242,23,14650,7860
6049,242,24,14650,7860
6050,242,25,14650,7860
6051,243,1,14650,7860
6052,243,2,14650,7860
6053,243,3,14650,7860
6054,243,4,14650,7860
6055,243,5,14650,7860
6056,243,6,14650,7860
6057,243,7,14650,7860
6058,243,8,14650,7860
6059,243,9,14650,7860
6060,243,10,14650,7860
6061,243,11,14650,7860
6062,243,12,14650,7860
6063,243,13,14650,7860
6064,243,14,14650,7860
6065,243,15,14650,7860
6066,243,16,14650,7860
6067,243,17,14650,7860
6068,243,18,14650,7860
6069,243,19,14650,7860
6070,243,20,14650,7860
6071,243,21,14650,7860
6072,243,22,14650,7860
6073,243,23,14650,7860
6074,243,24,14650,7860
6075,243,25,14650,7860
6076,244,1,14650,7860
6077,244,2,14650,7860
6078,244,3,14650,7860
6079,244,4,14650,7860
6080,244,5,14650,7860
6081,244,6,14650,7860
6082,244,7,14650,7860
6083,244,8,14650,7860
6084,244,9,14650,7860
6085,244,10,14650,7860
6086,244,11,14650,7860
6087,244,12,14650,7860
6088,244,13,14650,7860
6089,244,14,14650,7860
6090,244,15,14650,7860
6091,244,16,14650,7860
6092,244,17,14650,7860
6093,244,18,14650,7860
6094,244,19,14650,7860
6095,244,20,14650,7860
6096,244,21,14650,7860
6097,244,22,14650,7860
6098,244,23,14650,7860
6099,244,24,14650,7860
6100,244,25,14650,7860
6101,245,1,14650,7860
6102,245,2,14650,7860
6103,245,3,14650,7860
6104,245,4,14650,7860
6105,245,5,14650,7860
6106,245,6,14650,7860
6107,245,7,14650,7860
6108,245,8,14650,7860
6109,245,9,14650,7860
6110,245,10,14650,7860
6111,245,11,14650,7860
6112,245,12,14650,7860
6113,245,13,14650,7860
6114,245,14,14650,7860
6115,245,15,14650,7860
6116,245,16,14650,7860
6117,245,17,14650,7860
6118,245,18,14650,7860
6119,245,19,14650,7860
6120,245,20,14650,7860
6121,245,21,14650,7860
6122,245,22,14650,7860
6123,245,23,14650,7860
6124,245,24,14650,7860
6125,245,25,14650,7860
6126,246,1,14650,7860
6127,246,2,14650,7860
6128,246,3,14650,7860
6129,246,4,14650,7860
6130,246,5,14650,7860
6131,246,6,14650,7860
6132,246,7,14650,7860
6133,246,8,14650,7860
6134,246,9,14650,7860
6135,246,10,14650,7860
6136,246,11,14650,7860
6137,246,12,14650,7860
6138,246,13,14650,7860
6139,246,14,14650,7860
6140,246,15,14650,7860
6141,246,16,14650,7860
6142,246,17,14650,7860
6143,246,18,14650,7860
6144,246,19,14650,7860
6145,246,20,14650,7860
6146,246,21,14650,7860
6147,246,22,14650,7860
6148,246,23,14650,7860
6149,246,24,14650,7860
6150,246,25,14650,7860
6151,247,1,14650,7860
6152,247,2,14650,7860
6153,247,3,14650,7860
6154,247,4,14650,7860
6155,247,5,14650,7860
6156,247,6,14650,7860
6157,247,7,14650,7860
6158,247,8,14650,7860
6159,247,9,14650,7860
6160,247,10,14650,7860
6161,247,11,14650,7860
6162,247,12,14650,7860
6163,247,13,14650,7860
6164,247,14,14650,7860
6165,247,15,14650,7860
6166,247,16,14650,7860
6167,247,17,14650,7860
6168,247,18,14650,7860
6169,247,19,14650,7860
6170,247,20,14650,7860
6171,247,21,14650,7860
6172,247,22,14650,7860
6173,247,23,14650,7860
6174,247,24,14650,7860
6175,247,25,14650,7860
6176,248,1,14650,7860
6177,248,2,14650,7860
6178,248,3,14650,7860
6179,248,4,14650,7860
6180,248,5,14650,7860
6181,248,6,14650,7860
6182,248,7,14650,7860
6183,248,8,14650,7860
6184,248,9,14650,7860
6185,248,10,14650,7860
6186,248,11,14650,7860
6187,248,12,14650,7860
6188,248,13,14650,7860
6189,248,14,14650,7860
6190,248,15,14650,7860
6191,248,16,14650,7860
6192,248,17,14650,7860
6193,248,18,14650,7860
6194,248,19,14650,7860
6195,248,20,14650,7860
6196,248,21,14650,7860
6197,248,22,14650,7860
6198,248,23,14650,7860
6199,248,24,14650,7860
6200,248,25,14650,7860
6201,249,1,14650,7860
6202,249,2,14650,7860
6203,249,3,14650,7860
6204,249,4,14650,7860
6205,249,5,14650,7860
6206,249,6,14650,7860
6207,249,7,14650,7860
6208,249,8,14650,7860
6209,249,9,14650,7860
6210,249,10,14650,7860
6211,249,11,14650,7860
6212,249,12,14650,7860
6213,249,13,14650,7860
6214,249,14,14650,7860
6215,249,15,14650,7860
6216,249,16,14650,7860
6217,249,17,14650,7860
6218,249,18,14650,7860
6219,249,19,14650,7860
6220,249,20,14650,7860
6221,249,21,14650,7860
6222,249,22,14650,7860
6223,249,23,14650,7860
6224,249,24,14650,7860
6225,249,25,14650,7860
6226,250,1,14650,7860
6227,250,2,14650,7860
6228,250,3,14650,7860
6229,250,4,14650,7860
6230,250,5,14650,7860
6231,250,6,14650,7860
6232,250,7,14650,7860
6233,250,8,14650,7860
6234,250,9,14650,7860
6235,250,10,14650,7860
6236,250,11,14650,7860
6237,250,12,14650,7860
6238,250,13,14650,7860
6239,250,14,14650,7860
6240,250,15,14650,7860
6241,250,16,14650,7860
6242,250,17,14650,7860
6243,250,18,14650,7860
6244,250,19,14650,7860
6245,250,20,14650,7860
6246,250,21,14650,7860
6247,250,22,14650,7860
6248,250,23,14650,7860
6249,250,24,14650,7860
6250,250,25,14650,7860
6251,251,1,14650,7860
6252,251,2,14650,7860
6253,251,3,14650,7860
6254,251,4,14650,7860
6255,251,5,14650,7860
6256,251,6,14650,7860
6257,251,7,14650,7860
6258,251,8,14650,7860
6259,251,9,14650,7860
6260,251,10,14650,7860
6261,251,11,14650,7860
6262,251,12,14650,7860
6263,251,13,14650,7860
6264,251,14,14650,7860
6265,251,15,14650,7860
6266,251,16,14650,7860
6267,251,17,14650,7860
6268,251,18,14650,7860
6269,251,19,14650,7860
6270,251,20,14650,7860
6271,251,21,14650,7860
6272,251,22,14650,7860
6273,251,23,14650,7860
6274,251,24,14650,7860
6275,251,25,14650,7860
6276,252,1,14650,7860
6277,252,2,14650,7860
6278,252,3,14650,7860
6279,252,4,14650,7860
6280,252,5,14650,7860
6281,252,6,14650,7860
6282,252,7,14650,7860
6283,252,8,14650,7860
6284,252,9,14650,7860
6285,252,10,14650,7860
6286,252,11,14650,7860
6287,252,12,14650,7860
6288,252,13,14650,7860
6289,252,14,14650,7860
6290,252,15,14650,7860
6291,252,16,14650,7860
6292,252,17,14650,7860
6293,252,18,14650,7860
6294,252,19,14650,7860
6295,252,20,14650,7860
6296,252,21,14650,7860
6297,252,22,14650,7860
6298,252,23,14650,7860
6299,252,24,14650,7860
6300,252,25,14650,7860
6301,253,1,14650,7860
6302,253,2,14650,7860
6303,253,3,14650,7860
6304,253,4,14650,7860
6305,253,5,14650,7860
6306,253,6,14650,7860
6307,253,7,14650,7860
6308,253,8,14650,7860
6309,253,9,14650,7860
6310,253,10,14650,7860
6311,253,11,14650,7860
6312,253,12,14650,7860
6313,253,13,14650,7860
6314,253,14,14650,7860
6315,253,15,14650,7860
6316,253,16,14650,7860
6317,253,17,14650,7860
6318,253,18,14650,7860
6319,253,19,14650,7860
6320,253,20,14650,7860
6321,253,21,14650,7860
6322,253,22,14650,7860
6323,253,23,14650,7860
6324,253,24,14650,7860
6325,253,25,14650,7860
6326,254,1,14650,7860
6327,254,2,14650,7860
6328,254,3,14650,7860
6329,254,4,14650,7860
6330,254,5,14650,7860
6331,254,6,14650,7860
6332,254,7,14650,7860
6333,254,8,14650,7860
6334,254,9,14650,7860
6335,254,10,14650,7860
6336,254,11,14650,7860
6337,254,12,14650,7860
6338,254,13,14650,7860
6339,254,14,14650,7860
6340,254,15,14650,7860
6341,254,16,14650,7860
6342,254,17,14650,7860
6343,254,18,14650,7860
6344,254,19,14650,7860
6345,254,20,14650,7860
6346,254,21,14650,7860
6347,254,22,14650,7860
6348,254,23,14650,7860
6349,254,24,14650,7860
6350,254,25,14650,7860
6351,255,1,14650,7860
6352,255,2,14650,7860
6353,255,3,14650,7860
6354,255,4,14650,7860
6355,255,5,14650,7860
6356,255,6,14650,7860
6357,255,7,14650,7860
6358,255,8,14650,7860
6359,255,9,14650,7860
6360,255,10,14650,7860
6361,255,11,14650,7860
6362,255,12,14650,7860
6363,255,13,14650,7860
6364,255,14,14650,7860
6365,255,15,14650,7860
6366,255,16,14650,7860
6367,255,17,14650,7860
6368,255,18,14650,7860
6369,255,19,14650,7860
6370,255,20,14650,7860
6371,255,21,14650,7860
6372,255,22,14650,7860
6373,255,23,14650,7860
6374,255,24,14650,7860
6375,255,25,14650,7860
6376,256,1,14650,7860
6377,256,2,14650,7860
6378,256,3,14650,7860
6379,256,4,14650,7860
6380,256,5,14650,7860
6381,256,6,14650,7860
6382,256,7,14650,7860
6383,256,8,14650,7860
6384,256,9,14650,7860
6385,256,10,14650,7860
6386,256,11,14650,7860
6387,256,12,14650,7860
6388,256,13,14650,7860
6389,256,14,14650,7860
6390,256,15,14650,7860
6391,256,16,14650,7860
6392,256,17,14650,7860
6393,256,18,14650,7860
6394,256,19,14650,7860
6395,256,20,14650,7860
6396,256,21,14650,7860
6397,256,22,14650,7860
6398,256,23,14650,7860
6399,256,24,14650,7860
6400,256,25,14650,7860
6401,257,1,14650,7860
6402,257,2,14650,7860
6403,257,3,14650,7860
6404,257,4,14650,7860
6405,257,5,14650,7860
6406,257,6,14650,7860
6407,257,7,14650,7860
6408,257,8,14650,7860
6409,257,9,14650,7860
6410,257,10,14650,7860
6411,257,11,14650,7860
6412,257,12,14650,7860
6413,257,13,14650,7860
6414,257,14,14650,7860
6415,257,15,14650,7860
6416,257,16,14650,7860
6417,257,17,14650,7860
6418,257,18,14650,7860
6419,257,19,14650,7860
6420,257,20,14650,7860
6421,257,21,14650,7860
6422,257,22,14650,7860
6423,257,23,14650,7860
6424,257,24,14650,7860
6425,257,25,14650,7860
6426,258,1,14650,7860
6427,258,2,14650,7860
6428,258,3,14650,7860
6429,258,4,14650,7860
6430,258,5,14650,7860
6431,258,6,14650,7860
6432,258,7,14650,7860
6433,258,8,14650,7860
6434,258,9,14650,7860
6435,258,10,14650,7860
6436,258,11,14650,7860
6437,258,12,14650,7860
6438,258,13,14650,7860
6439,258,14,14650,7860
6440,258,15,14650,7860
6441,258,16,14650,7860
6442,258,17,14650,7860
6443,258,18,14650,7860
6444,258,19,14650,7860
6445,258,20,14650,7860
6446,258,21,14650,7860
6447,258,22,14650,7860
6448,258,23,14650,7860
6449,258,24,14650,7860
6450,258,25,14650,7860
6451,259,1,14650,7860
6452,259,2,14650,7860
6453,259,3,14650,7860
6454,259,4,14650,7860
6455,259,5,14650,7860
6456,259,6,14650,7860
6457,259,7,14650,7860
6458,259,8,14650,7860
6459,259,9,14650,7860
6460,259,10,14650,7860
6461,259,11,14650,7860
6462,259,12,14650,7860
6463,259,13,14650,7860
6464,259,14,14650,7860
6465,259,15,14650,7860
6466,259,16,14650,7860
6467,259,17,14650,7860
6468,259,18,14650,7860
6469,259,19,14650,7860
6470,259,20,14650,7860
6471,259,21,14650,7860
6472,259,22,14650,7860
6473,259,23,14650,7860
6474,259,24,14650,7860
6475,259,25,14650,7860
6476,260,1,14650,7860
6477,260,2,14650,7860
6478,260,3,14650,7860
6479,260,4,14650,7860
6480,260,5,14650,7860
6481,260,6,14650,7860
6482,260,7,14650,7860
6483,260,8,14650,7860
6484,260,9,14650,7860
6485,260,10,14650,7860
6486,260,11,14650,7860
6487,260,12,14650,7860
6488,260,13,14650,7860
6489,260,14,14650,7860
6490,260,15,14650,7860
6491,260,16,14650,7860
6492,260,17,14650,7860
6493,260,18,14650,7860
6494,260,19,14650,7860
6495,260,20,14650,7860
6496,260,21,14650,7860
6497,260,22,14650,7860
6498,260,23,14650,7860
6499,260,24,14650,7860
6500,260,25,14650,7860
6501,261,1,14650,7860
6502,261,2,14650,7860
6503,261,3,14650,7860
6504,261,4,14650,7860
6505,261,5,14650,7860
6506,261,6,14650,7860
6507,261,7,14650,7860
6508,261,8,14650,7860
6509,261,9,14650,7860
6510,261,10,14650,7860
6511,261,11,14650,7860
6512,261,12,14650,7860
6513,261,13,14650,7860
6514,261,14,14650,7860
6515,261,15,14650,7860
6516,261,16,14650,7860
6517,261,17,14650,7860
6518,261,18,14650,7860
6519,261,19,14650,7860
6520,261,20,14650,7860
6521,261,21,14650,7860
6522,261,22,14650,7860
6523,261,23,14650,7860
6524,261,24,14650,7860
6525,261,25,14650,7860
6526,262,1,14650,7860
6527,262,2,14650,7860
6528,262,3,14650,7860
6529,262,4,14650,7860
6530,262,5,14650,7860
6531,262,6,14650,7860
6532,262,7,14650,7860
6533,262,8,14650,7860
6534,262,9,14650,7860
6535,262,10,14650,7860
6536,262,11,14650,7860
6537,262,12,14650,7860
6538,262,13,14650,7860
6539,262,14,14650,7860
6540,262,15,14650,7860
6541,262,16,14650,7860
6542,262,17,14650,7860
6543,262,18,14650,7860
6544,262,19,14650,7860
6545,262,20,14650,7860
6546,262,21,14650,7860
6547,262,22,14650,7860
6548,262,23,14650,7860
6549,262,24,14650,7860
6550,262,25,14650,7860
6551,263,1,14650,7860
6552,263,2,14650,7860
6553,263,3,14650,7860
6554,263,4,14650,7860
6555,263,5,14650,7860
6556,263,6,14650,7860
6557,263,7,14650,7860
6558,263,8,14650,7860
6559,263,9,14650,7860
6560,263,10,14650,7860
6561,263,11,14650,7860
6562,263,12,14650,7860
6563,263,13,14650,7860
6564,263,14,14650,7860
6565,263,15,14650,7860
6566,263,16,14650,7860
6567,263,17,14650,7860
6568,263,18,14650,7860
6569,263,19,14650,7860
6570,263,20,14650,7860
6571,263,21,14650,7860
6572,263,22,14650,7860
6573,263,23,14650,7860
6574,263,24,14650,7860
6575,263,25,14650,7860
6576,264,1,14650,7860
6577,264,2,14650,7860
6578,264,3,14650,7860
6579,264,4,14650,7860
6580,264,5,14650,7860
6581,264,6,14650,7860
6582,264,7,14650,7860
6583,264,8,14650,7860
6584,264,9,14650,7860
6585,264,10,14650,7860
6586,264,11,14650,7860
6587,264,12,14650,7860
6588,264,13,14650,7860
6589,264,14,14650,7860
6590,264,15,14650,7860
6591,264,16,14650,7860
6592,264,17,14650,7860
6593,264,18,14650,7860
6594,264,19,14650,7860
6595,264,20,14650,7860
6596,264,21,14650,7860
6597,264,22,14650,7860
6598,264,23,14650,7860
6599,264,24,14650,7860
6600,264,25,14650,7860
6601,265,1,14650,7860
6602,265,2,14650,7860
6603,265,3,14650,7860
6604,265,4,14650,7860
6605,265,5,14650,7860
6606,265,6,14650,7860
6607,265,7,14650,7860
6608,265,8,14650,7860
6609,265,9,14650,7860
6610,265,10,14650,7860
6611,265,11,14650,7860
6612,265,12,14650,7860
6613,265,13,14650,7860
6614,265,14,14650,7860
6615,265,15,14650,7860
6616,265,16,14650,7860
6617,265,17,14650,7860
6618,265,18,14650,7860
6619,265,19,14650,7860
6620,265,20,14650,7860
6621,265,21,14650,7860
6622,265,22,14650,7860
6623,265,23,14650,7860
6624,265,24,14650,7860
6625,265,25,14650,7860
6626,266,1,14650,7860
6627,266,2,14650,7860
6628,266,3,14650,7860
6629,266,4,14650,7860
6630,266,5,14650,7860
6631,266,6,14650,7860
6632,266,7,14650,7860
6633,266,8,14650,7860
6634,266,9,14650,7860
6635,266,10,14650,7860
6636,266,11,14650,7860
6637,266,12,14650,7860
6638,266,13,14650,7860
6639,266,14,14650,7860
6640,266,15,14650,7860
6641,266,16,14650,7860
6642,266,17,14650,7860
6643,266,18,14650,7860
6644,266,19,14650,7860
6645,266,20,14650,7860
6646,266,21,14650,7860
6647,266,22,14650,7860
6648,266,23,14650,7860
6649,266,24,14650,7860
6650,266,25,14650,7860
6651,267,1,14650,7860
6652,267,2,14650,7860
6653,267,3,14650,7860
6654,267,4,14650,7860
6655,267,5,14650,7860
6656,267,6,14650,7860
6657,267,7,14650,7860
6658,267,8,14650,7860
6659,267,9,14650,7860
6660,267,10,14650,7860
6661,267,11,14650,7860
6662,267,12,14650,7860
6663,267,13,14650,7860
6664,267,14,14650,7860
6665,267,15,14650,7860
6666,267,16,14650,7860
6667,267,17,14650,7860
6668,267,18,14650,7860
6669,267,19,14650,7860
6670,267,20,14650,7860
6671,267,21,14650,7860
6672,267,22,14650,7860
6673,267,23,14650,7860
6674,267,24,14650,7860
6675,267,25,14650,7860
6676,268,1,14650,7860
6677,268,2,14650,7860
6678,268,3,14650,7860
6679,268,4,14650,7860
6680,268,5,14650,7860
6681,268,6,14650,7860
6682,268,7,14650,7860
6683,268,8,14650,7860
6684,268,9,14650,7860
6685,268,10,14650,7860
6686,268,11,14650,7860
6687,268,12,14650,7860
6688,268,13,14650,7860
6689,268,14,14650,7860
6690,268,15,14650,7860
6691,268,16,14650,7860
6692,268,17,14650,7860
6693,268,18,14650,7860
6694,268,19,14650,7860
6695,268,20,14650,7860
6696,268,21,14650,7860
6697,268,22,14650,7860
6698,268,23,14650,7860
6699,268,24,14650,7860
6700,268,25,14650,7860
6701,269,1,14650,7860
6702,269,2,14650,7860
6703,269,3,14650,7860
6704,269,4,14650,7860
6705,269,5,14650,7860
6706,269,6,14650,7860
6707,269,7,14650,7860
6708,269,8,14650,7860
6709,269,9,14650,7860
6710,269,10,14650,7860
6711,269,11,14650,7860
6712,269,12,14650,7860
6713,269,13,14650,7860
6714,269,14,14650,7860
6715,269,15,14650,7860
6716,269,16,14650,7860
6717,269,17,14650,7860
6718,269,18,14650,7860
6719,269,19,14650,7860
6720,269,20,14650,7860
6721,269,21,14650,7860
6722,269,22,14650,7860
6723,269,23,14650,7860
6724,269,24,14650,7860
6725,269,25,14650,7860
6726,270,1,14650,7860
6727,270,2,14650,7860
6728,270,3,14650,7860
6729,270,4,14650,7860
6730,270,5,14650,7860
6731,270,6,14650,7860
6732,270,7,14650,7860
6733,270,8,14650,7860
6734,270,9,14650,7860
6735,270,10,14650,7860
6736,270,11,14650,7860
6737,270,12,14650,7860
6738,270,13,14650,7860
6739,270,14,14650,7860
6740,270,15,14650,7860
6741,270,16,14650,7860
6742,270,17,14650,7860
6743,270,18,14650,7860
6744,270,19,14650,7860
6745,270,20,14650,7860
6746,270,21,14650,7860
6747,270,22,14650,7860
6748,270,23,14650,7860
6749,270,24,14650,7860
6750,270,25,14650,7860
6751,271,1,14650,7860
6752,271,2,14650,7860
6753,271,3,14650,7860
6754,271,4,14650,7860
6755,271,5,14650,7860
6756,271,6,14650,7860
6757,271,7,14650,7860
6758,271,8,14650,7860
6759,271,9,14650,7860
6760,271,10,14650,7860
6761,271,11,14650,7860
6762,271,12,14650,7860
6763,271,13,14650,7860
6764,271,14,14650,7860
6765,271,15,14650,7860
6766,271,16,14650,7860
6767,271,17,14650,7860
6768,271,18,14650,7860
6769,271,19,14650,7860
6770,271,20,14650,7860
6771,271,21,14650,7860
6772,271,22,14650,7860
6773,271,23,14650,7860
6774,271,24,14650,7860
6775,271,25,14650,7860
6776,272,1,14650,7860
6777,272,2,14650,7860
6778,272,3,14650,7860
6779,272,4,14650,7860
6780,272,5,14650,7860
6781,272,6,14650,7860
6782,272,7,14650,7860
6783,272,8,14650,7860
6784,272,9,14650,7860
6785,272,10,14650,7860
6786,272,11,14650,7860
6787,272,12,14650,7860
6788,272,13,14650,7860
6789,272,14,14650,7860
6790,272,15,14650,7860
6791,272,16,14650,7860
6792,272,17,14650,7860
6793,272,18,14650,7860
6794,272,19,14650,7860
6795,272,20,14650,7860
6796,272,21,14650,7860
6797,272,22,14650,7860
6798,272,23,14650,7860
6799,272,24,14650,7860
6800,272,25,14650,7860
6801,273,1,14650,7860
6802,273,2,14650,7860
6803,273,3,14650,7860
6804,273,4,14650,7860
6805,273,5,14650,7860
6806,273,6,14650,7860
6807,273,7,14650,7860
6808,273,8,14650,7860
6809,273,9,14650,7860
6810,273,10,14650,7860
6811,273,11,14650,7860
6812,273,12,14650,7860
6813,273,13,14650,7860
6814,273,14,14650,7860
6815,273,15,14650,7860
6816,273,16,14650,7860
6817,273,17,14650,7860
6818,273,18,14650,7860
6819,273,19,14650,7860
6820,273,20,14650,7860
6821,273,21,14650,7860
6822,273,22,14650,7860
6823,273,23,14650,7860
6824,273,24,14650,7860
6825,273,25,14650,7860
6826,274,1,14650,7860
6827,274,2,14650,7860
6828,274,3,14650,7860
6829,274,4,14650,7860
6830,274,5,14650,7860
6831,274,6,14650,7860
6832,274,7,14650,7860
6833,274,8,14650,7860
6834,274,9,14650,7860
6835,274,10,14650,7860
6836,274,11,14650,7860
6837,274,12,14650,7860
6838,274,13,14650,7860
6839,274,14,14650,7860
6840,274,15,14650,7860
6841,274,16,14650,7860
6842,274,17,14650,7860
6843,274,18,14650,7860
6844,274,19,14650,7860
6845,274,20,14650,7860
6846,274,21,14650,7860
6847,274,22,14650,7860
6848,274,23,14650,7860
6849,274,24,14650,7860
6850,274,25,14650,7860
6851,275,1,14650,7860
6852,275,2,14650,7860
6853,275,3,14650,7860
6854,275,4,14650,7860
6855,275,5,14650,7860
6856,275,6,14650,7860
6857,275,7,14650,7860
6858,275,8,14650,7860
6859,275,9,14650,7860
6860,275,10,14650,7860
6861,275,11,14650,7860
6862,275,12,14650,7860
6863,275,13,14650,7860
6864,275,14,14650,7860
6865,275,15,14650,7860
6866,275,16,14650,7860
6867,275,17,14650,7860
6868,275,18,14650,7860
6869,275,19,14650,7860
6870,275,20,14650,7860
6871,275,21,14650,7860
6872,275,22,14650,7860
6873,275,23,14650,7860
6874,275,24,14650,7860
6875,275,25,14650,7860
6876,276,1,14650,7860
6877,276,2,14650,7860
6878,276,3,14650,7860
6879,276,4,14650,7860
6880,276,5,14650,7860
6881,276,6,14650,7860
6882,276,7,14650,7860
6883,276,8,14650,7860
6884,276,9,14650,7860
6885,276,10,14650,7860
6886,276,11,14650,7860
6887,276,12,14650,7860
6888,276,13,14650,7860
6889,276,14,14650,7860
6890,276,15,14650,7860
6891,276,16,14650,7860
6892,276,17,14650,7860
6893,276,18,14650,7860
6894,276,19,14650,7860
6895,276,20,14650,7860
6896,276,21,14650,7860
6897,276,22,14650,7860
6898,276,23,14650,7860
6899,276,24,14650,7860
6900,276,25,14650,7860
6901,277,1,14650,7860
6902,277,2,14650,7860
6903,277,3,14650,7860
6904,277,4,14650,7860
6905,277,5,14650,7860
6906,277,6,14650,7860
6907,277,7,14650,7860
6908,277,8,14650,7860
6909,277,9,14650,7860
6910,277,10,14650,7860
6911,277,11,14650,7860
6912,277,12,14650,7860
6913,277,13,14650,7860
6914,277,14,14650,7860
6915,277,15,14650,7860
6916,277,16,14650,7860
6917,277,17,14650,7860
6918,277,18,14650,7860
6919,277,19,14650,7860
6920,277,20,14650,7860
6921,277,21,14650,7860
6922,277,22,14650,7860
6923,277,23,14650,7860
6924,277,24,14650,7860
6925,277,25,14650,7860
6926,278,1,14650,7860
6927,278,2,14650,7860
6928,278,3,14650,7860
6929,278,4,14650,7860
6930,278,5,14650,7860
6931,278,6,14650,7860
6932,278,7,14650,7860
6933,278,8,14650,7860
6934,278,9,14650,7860
6935,278,10,14650,7860
6936,278,11,14650,7860
6937,278,12,14650,7860
6938,278,13,14650,7860
6939,278,14,14650,7860
6940,278,15,14650,7860
6941,278,16,14650,7860
6942,278,17,14650,7860
6943,278,18,14650,7860
6944,278,19,14650,7860
6945,278,20,14650,7860
6946,278,21,14650,7860
6947,278,22,14650,7860
6948,278,23,14650,7860
6949,278,24,14650,7860
6950,278,25,14650,7860
6951,279,1,14650,7860
6952,279,2,14650,7860
6953,279,3,14650,7860
6954,279,4,14650,7860
6955,279,5,14650,7860
6956,279,6,14650,7860
6957,279,7,14650,7860
6958,279,8,14650,7860
6959,279,9,14650,7860
6960,279,10,14650,7860
6961,279,11,14650,7860
6962,279,12,14650,7860
6963,279,13,14650,7860
6964,279,14,14650,7860
6965,279,15,14650,7860
6966,279,16,14650,7860
6967,279,17,14650,7860
6968,279,18,14650,7860
6969,279,19,14650,7860
6970,279,20,14650,7860
6971,279,21,14650,7860
6972,279,22,14650,7860
6973,279,23,14650,7860
6974,279,24,14650,7860
6975,279,25,14650,7860
6976,280,1,14650,7860
6977,280,2,14650,7860
6978,280,3,14650,7860
6979,280,4,14650,7860
6980,280,5,14650,7860
6981,280,6,14650,7860
6982,280,7,14650,7860
6983,280,8,14650,7860
6984,280,9,14650,7860
6985,280,10,14650,7860
6986,280,11,14650,7860
6987,280,12,14650,7860
6988,280,13,14650,7860
6989,280,14,14650,7860
6990,280,15,14650,7860
6991,280,16,14650,7860
6992,280,17,14650,7860
6993,280,18,14650,7860
6994,280,19,14650,7860
6995,280,20,14650,7860
6996,280,21,14650,7860
6997,280,22,14650,7860
6998,280,23,14650,7860
6999,280,24,14650,7860
7000,280,25,14650,7860
7001,281,1,14650,7860
7002,281,2,14650,7860
7003,281,3,14650,7860
7004,281,4,14650,7860
7005,281,5,14650,7860
7006,281,6,14650,7860
7007,281,7,14650,7860
7008,281,8,14650,7860
7009,281,9,14650,7860
7010,281,10,14650,7860
7011,281,11,14650,7860
7012,281,12,14650,7860
7013,281,13,14650,7860
7014,281,14,14650,7860
7015,281,15,14650,7860
7016,281,16,14650,7860
7017,281,17,14650,7860
7018,281,18,14650,7860
7019,281,19,14650,7860
7020,281,20,14650,7860
7021,281,21,14650,7860
7022,281,22,14650,7860
7023,281,23,14650,7860
7024,281,24,14650,7860
7025,281,25,14650,7860
7026,282,1,14650,7860
7027,282,2,14650,7860
7028,282,3,14650,7860
7029,282,4,14650,7860
7030,282,5,14650,7860
7031,282,6,14650,7860
7032,282,7,14650,7860
7033,282,8,14650,7860
7034,282,9,14650,7860
7035,282,10,14650,7860
7036,282,11,14650,7860
7037,282,12,14650,7860
7038,282,13,14650,7860
7039,282,14,14650,7860
7040,282,15,14650,7860
7041,282,16,14650,7860
7042,282,17,14650,7860
7043,282,18,14650,7860
7044,282,19,14650,7860
7045,282,20,14650,7860
7046,282,21,14650,7860
7047,282,22,14650,7860
7048,282,23,14650,7860
7049,282,24,14650,7860
7050,282,25,14650,7860
7051,283,1,14650,7860
7052,283,2,14650,7860
7053,283,3,14650,7860
7054,283,4,14650,7860
7055,283,5,14650,7860
7056,283,6,14650,7860
7057,283,7,14650,7860
7058,283,8,14650,7860
7059,283,9,14650,7860
7060,283,10,14650,7860
7061,283,11,14650,7860
7062,283,12,14650,7860
7063,283,13,14650,7860
7064,283,14,14650,7860
7065,283,15,14650,7860
7066,283,16,14650,7860
7067,283,17,14650,7860
7068,283,18,14650,7860
7069,283,19,14650,7860
7070,283,20,14650,7860
7071,283,21,14650,7860
7072,283,22,14650,7860
7073,283,23,14650,7860
7074,283,24,14650,7860
7075,283,25,14650,7860
7076,284,1,14650,7860
7077,284,2,14650,7860
7078,284,3,14650,7860
7079,284,4,14650,7860
7080,284,5,14650,7860
7081,284,6,14650,7860
7082,284,7,14650,7860
7083,284,8,14650,7860
7084,284,9,14650,7860
7085,284,10,14650,7860
7086,284,11,14650,7860
7087,284,12,14650,7860
7088,284,13,14650,7860
7089,284,14,14650,7860
7090,284,15,14650,7860
7091,284,16,14650,7860
7092,284,17,14650,7860
7093,284,18,14650,7860
7094,284,19,14650,7860
7095,284,20,14650,7860
7096,284,21,14650,7860
7097,284,22,14650,7860
7098,284,23,14650,7860
7099,284,24,14650,7860
7100,284,25,14650,7860
7101,285,1,14650,7860
7102,285,2,14650,7860
7103,285,3,14650,7860
7104,285,4,14650,7860
7105,285,5,14650,7860
7106,285,6,14650,7860
7107,285,7,14650,7860
7108,285,8,14650,7860
7109,285,9,14650,7860
7110,285,10,14650,7860
7111,285,11,14650,7860
7112,285,12,14650,7860
7113,285,13,14650,7860
7114,285,14,14650,7860
7115,285,15,14650,7860
7116,285,16,14650,7860
7117,285,17,14650,7860
7118,285,18,14650,7860
7119,285,19,14650,7860
7120,285,20,14650,7860
7121,285,21,14650,7860
7122,285,22,14650,7860
7123,285,23,14650,7860
7124,285,24,14650,7860
7125,285,25,14650,7860
7126,286,1,14650,7860
7127,286,2,14650,7860
7128,286,3,14650,7860
7129,286,4,14650,7860
7130,286,5,14650,7860
7131,286,6,14650,7860
7132,286,7,14650,7860
7133,286,8,14650,7860
7134,286,9,14650,7860
7135,286,10,14650,7860
7136,286,11,14650,7860
7137,286,12,14650,7860
7138,286,13,14650,7860
7139,286,14,14650,7860
7140,286,15,14650,7860
7141,286,16,14650,7860
7142,286,17,14650,7860
7143,286,18,14650,7860
7144,286,19,14650,7860
7145,286,20,14650,7860
7146,286,21,14650,7860
7147,286,22,14650,7860
7148,286,23,14650,7860
7149,286,24,14650,7860
7150,286,25,14650,7860
7151,287,1,14650,7860
7152,287,2,14650,7860
7153,287,3,14650,7860
7154,287,4,14650,7860
7155,287,5,14650,7860
7156,287,6,14650,7860
7157,287,7,14650,7860
7158,287,8,14650,7860
7159,287,9,14650,7860
7160,287,10,14650,7860
7161,287,11,14650,7860
7162,287,12,14650,7860
7163,287,13,14650,7860
7164,287,14,14650,7860
7165,287,15,14650,7860
7166,287,16,14650,7860
7167,287,17,14650,7860
7168,287,18,14650,7860
7169,287,19,14650,7860
7170,287,20,14650,7860
7171,287,21,14650,7860
7172,287,22,14650,7860
7173,287,23,14650,7860
7174,287,24,14650,7860
7175,287,25,14650,7860
7176,288,1,14650,7860
7177,288,2,14650,7860
7178,288,3,14650,7860
7179,288,4,14650,7860
7180,288,5,14650,7860
7181,288,6,14650,7860
7182,288,7,14650,7860
7183,288,8,14650,7860
7184,288,9,14650,7860
7185,288,10,14650,7860
7186,288,11,14650,7860
7187,288,12,14650,7860
7188,288,13,14650,7860
7189,288,14,14650,7860
7190,288,15,14650,7860
7191,288,16,14650,7860
7192,288,17,14650,7860
7193,288,18,14650,7860
7194,288,19,14650,7860
7195,288,20,14650,7860
7196,288,21,14650,7860
7197,288,22,14650,7860
7198,288,23,14650,7860
7199,288,24,14650,7860
7200,288,25,14650,7860
7201,289,1,14650,7860
7202,289,2,14650,7860
7203,289,3,14650,7860
7204,289,4,14650,7860
7205,289,5,14650,7860
7206,289,6,14650,7860
7207,289,7,14650,7860
7208,289,8,14650,7860
7209,289,9,14650,7860
7210,289,10,14650,7860
7211,289,11,14650,7860
7212,289,12,14650,7860
7213,289,13,14650,7860
7214,289,14,14650,7860
7215,289,15,14650,7860
7216,289,16,14650,7860
7217,289,17,14650,7860
7218,289,18,14650,7860
7219,289,19,14650,7860
7220,289,20,14650,7860
7221,289,21,14650,7860
7222,289,22,14650,7860
7223,289,23,14650,7860
7224,289,24,14650,7860
7225,289,25,14650,7860
7226,290,1,14650,7860
7227,290,2,14650,7860
7228,290,3,14650,7860
7229,290,4,14650,7860
7230,290,5,14650,7860
7231,290,6,14650,7860
7232,290,7,14650,7860
7233,290,8,14650,7860
7234,290,9,14650,7860
7235,290,10,14650,7860
7236,290,11,14650,7860
7237,290,12,14650,7860
7238,290,13,14650,7860
7239,290,14,14650,7860
7240,290,15,14650,7860
7241,290,16,14650,7860
7242,290,17,14650,7860
7243,290,18,14650,7860
7244,290,19,14650,7860
7245,290,20,14650,7860
7246,290,21,14650,7860
7247,290,22,14650,7860
7248,290,23,14650,7860
7249,290,24,14650,7860
7250,290,25,14650,7860
7251,291,1,14650,7860
7252,291,2,14650,7860
7253,291,3,14650,7860
7254,291,4,14650,7860
7255,291,5,14650,7860
7256,291,6,14650,7860
7257,291,7,14650,7860
7258,291,8,14650,7860
7259,291,9,14650,7860
7260,291,10,14650,7860
7261,291,11,14650,7860
7262,291,12,14650,7860
7263,291,13,14650,7860
7264,291,14,14650,7860
7265,291,15,14650,7860
7266,291,16,14650,7860
7267,291,17,14650,7860
7268,291,18,14650,7860
7269,291,19,14650,7860
7270,291,20,14650,7860
7271,291,21,14650,7860
7272,291,22,14650,7860
7273,291,23,14650,7860
7274,291,24,14650,7860
7275,291,25,14650,7860
7276,292,1,14650,7860
7277,292,2,14650,7860
7278,292,3,14650,7860
7279,292,4,14650,7860
7280,292,5,14650,7860
7281,292,6,14650,7860
7282,292,7,14650,7860
7283,292,8,14650,7860
7284,292,9,14650,7860
7285,292,10,14650,7860
7286,292,11,14650,7860
7287,292,12,14650,7860
7288,292,13,14650,7860
7289,292,14,14650,7860
7290,292,15,14650,7860
7291,292,16,14650,7860
7292,292,17,14650,7860
7293,292,18,14650,7860
7294,292,19,14650,7860
7295,292,20,14650,7860
7296,292,21,14650,7860
7297,292,22,14650,7860
7298,292,23,14650,7860
7299,292,24,14650,7860
7300,292,25,14650,7860
7301,293,1,14650,7860
7302,293,2,14650,7860
7303,293,3,14650,7860
7304,293,4,14650,7860
7305,293,5,14650,7860
7306,293,6,14650,7860
7307,293,7,14650,7860
7308,293,8,14650,7860
7309,293,9,14650,7860
7310,293,10,14650,7860
7311,293,11,14650,7860
7312,293,12,14650,7860
7313,293,13,14650,7860
7314,293,14,14650,7860
7315,293,15,14650,7860
7316,293,16,14650,7860
7317,293,17,14650,7860
7318,293,18,14650,7860
7319,293,19,14650,7860
7320,293,20,14650,7860
7321,293,21,14650,7860
7322,293,22,14650,7860
7323,293,23,14650,7860
7324,293,24,14650,7860
7325,293,25,14650,7860
7326,294,1,14650,7860
7327,294,2,14650,7860
7328,294,3,14650,7860
7329,294,4,14650,7860
7330,294,5,14650,7860
7331,294,6,14650,7860
7332,294,7,14650,7860
7333,294,8,14650,7860
7334,294,9,14650,7860
7335,294,10,14650,7860
7336,294,11,14650,7860
7337,294,12,14650,7860
7338,294,13,14650,7860
7339,294,14,14650,7860
7340,294,15,14650,7860
7341,294,16,14650,7860
7342,294,17,14650,7860
7343,294,18,14650,7860
7344,294,19,14650,7860
7345,294,20,14650,7860
7346,294,21,14650,7860
7347,294,22,14650,7860
7348,294,23,14650,7860
7349,294,24,14650,7860
7350,294,25,14650,7860
7351,295,1,14650,7860
7352,295,2,14650,7860
7353,295,3,14650,7860
7354,295,4,14650,7860
7355,295,5,14650,7860
7356,295,6,14650,7860
7357,295,7,14650,7860
7358,295,8,14650,7860
7359,295,9,14650,7860
7360,295,10,14650,7860
7361,295,11,14650,7860
7362,295,12,14650,7860
7363,295,13,14650,7860
7364,295,14,14650,7860
7365,295,15,14650,7860
7366,295,16,14650,7860
7367,295,17,14650,7860
7368,295,18,14650,7860
7369,295,19,14650,7860
7370,295,20,14650,7860
7371,295,21,14650,7860
7372,295,22,14650,7860
7373,295,23,14650,7860
7374,295,24,14650,7860
7375,295,25,14650,7860
7376,296,1,14650,7860
7377,296,2,14650,7860
7378,296,3,14650,7860
7379,296,4,14650,7860
7380,296,5,14650,7860
7381,296,6,14650,7860
7382,296,7,14650,7860
7383,296,8,14650,7860
7384,296,9,14650,7860
7385,296,10,14650,7860
7386,296,11,14650,7860
7387,296,12,14650,7860
7388,296,13,14650,7860
7389,296,14,14650,7860
7390,296,15,14650,7860
7391,296,16,14650,7860
7392,296,17,14650,7860
7393,296,18,14650,7860
7394,296,19,14650,7860
7395,296,20,14650,7860
7396,296,21,14650,7860
7397,296,22,14650,7860
7398,296,23,14650,7860
7399,296,24,14650,7860
7400,296,25,14650,7860
7401,297,1,14650,7860
7402,297,2,14650,7860
7403,297,3,14650,7860
7404,297,4,14650,7860
7405,297,5,14650,7860
7406,297,6,14650,7860
7407,297,7,14650,7860
7408,297,8,14650,7860
7409,297,9,14650,7860
7410,297,10,14650,7860
7411,297,11,14650,7860
7412,297,12,14650,7860
7413,297,13,14650,7860
7414,297,14,14650,7860
7415,297,15,14650,7860
7416,297,16,14650,7860
7417,297,17,14650,7860
7418,297,18,14650,7860
7419,297,19,14650,7860
7420,297,20,14650,7860
7421,297,21,14650,7860
7422,297,22,14650,7860
7423,297,23,14650,7860
7424,297,24,14650,7860
7425,297,25,14650,7860
7426,298,1,14650,7860
7427,298,2,14650,7860
7428,298,3,14650,7860
7429,298,4,14650,7860
7430,298,5,14650,7860
7431,298,6,14650,7860
7432,298,7,14650,7860
7433,298,8,14650,7860
7434,298,9,14650,7860
7435,298,10,14650,7860
7436,298,11,14650,7860
7437,298,12,14650,7860
7438,298,13,14650,7860
7439,298,14,14650,7860
7440,298,15,14650,7860
7441,298,16,14650,7860
7442,298,17,14650,7860
7443,298,18,14650,7860
7444,298,19,14650,7860
7445,298,20,14650,7860
7446,298,21,14650,7860
7447,298,22,14650,7860
7448,298,23,14650,7860
7449,298,24,14650,7860
7450,298,25,14650,7860
