id,factor_group_id,effect_id,target_type,value_1,value_2
1,1,1,1,1,0
2,1,2,1,4,0
3,1,3,1,7,0
4,1,4,1,10,0
5,1,5,1,13,0
6,1,6,1,16,0
7,1,7,1,19,0
8,1,8,1,22,0
9,1,9,1,25,0
10,1,10,1,28,0
11,2,1,2,1,0
12,2,2,2,4,0
13,2,3,2,7,0
14,2,4,2,10,0
15,2,5,2,13,0
16,2,6,2,16,0
17,2,7,2,19,0
18,2,8,2,22,0
19,2,9,2,25,0
20,2,10,2,28,0
21,3,1,3,1,0
22,3,2,3,4,0
23,3,3,3,7,0
24,3,4,3,10,0
25,3,5,3,13,0
26,3,6,3,16,0
27,3,7,3,19,0
28,3,8,3,22,0
29,3,9,3,25,0
30,3,10,3,28,0
31,4,1,4,1,0
32,4,2,4,4,0
33,4,3,4,7,0
34,4,4,4,10,0
35,4,5,4,13,0
36,4,6,4,16,0
37,4,7,4,19,0
38,4,8,4,22,0
39,4,9,4,25,0
40,4,10,4,28,0
41,5,1,5,1,0
42,5,2,5,4,0
43,5,3,5,7,0
44,5,4,5,10,0
45,5,5,5,13,0
46,5,6,5,16,0
47,5,7,5,19,0
48,5,8,5,22,0
49,5,9,5,25,0
50,5,10,5,28,0
51,11,1,11,1,0
52,11,2,11,2,0
53,12,1,12,1,0
54,12,2,12,2,0
55,21,1,21,1,0
56,21,2,21,2,0
57,22,1,22,1,0
58,22,2,22,2,0
59,23,1,23,1,0
60,23,2,23,2,0
61,24,1,24,1,0
62,24,2,24,2,0
63,31,1,31,1,0
64,31,2,31,2,0
65,32,1,32,1,0
66,32,2,32,2,0
67,33,1,33,1,0
68,33,2,33,2,0
69,34,1,34,1,0
70,34,2,34,2,0
71,100101,1,41,900011,1
72,100102,1,41,910011,1
73,100101,2,41,900011,2
74,100102,2,41,910011,2
75,100101,3,41,900011,3
76,100102,3,41,910011,3
77,100201,1,41,900021,1
79,100201,2,41,900021,2
81,100201,3,41,900021,3
83,100301,1,41,900031,1
84,100302,1,41,910031,1
85,100301,2,41,900031,2
86,100302,2,41,910031,2
87,100301,3,41,900031,3
88,100302,3,41,910031,3
89,100401,1,41,900041,1
90,100402,1,41,910041,1
91,100401,2,41,900041,2
92,100402,2,41,910041,2
93,100401,3,41,900041,3
94,100402,3,41,910041,3
95,100501,1,41,900051,1
97,100501,2,41,900051,2
99,100501,3,41,900051,3
101,100601,1,41,900061,1
102,100602,1,41,910061,1
103,100601,2,41,900061,2
104,100602,2,41,910061,2
105,100601,3,41,900061,3
106,100602,3,41,910061,3
107,100701,1,41,900071,1
109,100701,2,41,900071,2
111,100701,3,41,900071,3
113,100801,1,41,900081,1
115,100801,2,41,900081,2
117,100801,3,41,900081,3
119,100901,1,41,900091,1
121,100901,2,41,900091,2
123,100901,3,41,900091,3
125,101001,1,41,900101,1
127,101001,2,41,900101,2
129,101001,3,41,900101,3
131,101101,1,41,900111,1
132,101102,1,41,910111,1
133,101101,2,41,900111,2
134,101102,2,41,910111,2
135,101101,3,41,900111,3
136,101102,3,41,910111,3
137,101201,1,41,900121,1
139,101201,2,41,900121,2
141,101201,3,41,900121,3
143,101301,1,41,900131,1
144,101302,1,41,910131,1
145,101301,2,41,900131,2
146,101302,2,41,910131,2
147,101301,3,41,900131,3
148,101302,3,41,910131,3
149,101401,1,41,900141,1
150,101402,1,41,910141,1
151,101401,2,41,900141,2
152,101402,2,41,910141,2
153,101401,3,41,900141,3
154,101402,3,41,910141,3
155,101501,1,41,900151,1
156,101502,1,41,910151,1
157,101501,2,41,900151,2
158,101502,2,41,910151,2
159,101501,3,41,900151,3
160,101502,3,41,910151,3
161,101601,1,41,900161,1
162,101601,2,41,900161,2
163,101601,3,41,900161,3
164,101701,1,41,900171,1
165,101702,1,41,910171,1
166,101701,2,41,900171,2
167,101702,2,41,910171,2
168,101701,3,41,900171,3
169,101702,3,41,910171,3
170,101801,1,41,900181,1
172,101801,2,41,900181,2
174,101801,3,41,900181,3
176,101901,1,41,900191,1
177,101901,2,41,900191,2
178,101901,3,41,900191,3
179,102001,1,41,900201,1
181,102001,2,41,900201,2
183,102001,3,41,900201,3
185,102101,1,41,900211,1
186,102101,2,41,900211,2
187,102101,3,41,900211,3
188,102201,1,41,900221,1
189,102201,2,41,900221,2
190,102201,3,41,900221,3
191,102301,1,41,900231,1
192,102301,2,41,900231,2
193,102301,3,41,900231,3
194,102401,1,41,900241,1
196,102401,2,41,900241,2
198,102401,3,41,900241,3
200,102501,1,41,900251,1
201,102501,2,41,900251,2
202,102501,3,41,900251,3
203,102601,1,41,900261,1
204,102601,2,41,900261,2
205,102601,3,41,900261,3
206,102701,1,41,900271,1
208,102701,2,41,900271,2
210,102701,3,41,900271,3
212,102801,1,41,900281,1
213,102801,2,41,900281,2
214,102801,3,41,900281,3
215,102901,1,41,900291,1
216,102901,2,41,900291,2
217,102901,3,41,900291,3
218,103001,1,41,900301,1
219,103002,1,41,910301,1
220,103001,2,41,900301,2
221,103002,2,41,910301,2
222,103001,3,41,900301,3
223,103002,3,41,910301,3
224,103101,1,41,900311,1
225,103101,2,41,900311,2
226,103101,3,41,900311,3
227,103201,1,41,900321,1
229,103201,2,41,900321,2
231,103201,3,41,900321,3
233,103301,1,41,900331,1
234,103301,2,41,900331,2
235,103301,3,41,900331,3
236,103401,1,41,900341,1
237,103401,2,41,900341,2
238,103401,3,41,900341,3
239,103501,1,41,900351,1
241,103501,2,41,900351,2
243,103501,3,41,900351,3
245,103601,1,41,900361,1
246,103601,2,41,900361,2
247,103601,3,41,900361,3
248,103701,1,41,900371,1
249,103701,2,41,900371,2
250,103701,3,41,900371,3
251,103801,1,41,900381,1
252,103801,2,41,900381,2
253,103801,3,41,900381,3
254,103901,1,41,900391,1
255,103901,2,41,900391,2
256,103901,3,41,900391,3
257,104001,1,41,900401,1
258,104002,1,41,910401,1
259,104001,2,41,900401,2
260,104002,2,41,910401,2
261,104001,3,41,900401,3
262,104002,3,41,910401,3
263,104101,1,41,900411,1
265,104101,2,41,900411,2
267,104101,3,41,900411,3
269,104201,1,41,900421,1
270,104201,2,41,900421,2
271,104201,3,41,900421,3
272,104301,1,41,900431,1
273,104301,2,41,900431,2
274,104301,3,41,900431,3
275,104401,1,41,900441,1
276,104401,2,41,900441,2
277,104401,3,41,900441,3
278,104501,1,41,900451,1
279,104502,1,41,910451,1
280,104501,2,41,900451,2
281,104502,2,41,910451,2
282,104501,3,41,900451,3
283,104502,3,41,910451,3
284,104601,1,41,900461,1
285,104601,2,41,900461,2
286,104601,3,41,900461,3
287,104701,1,41,900471,1
288,104701,2,41,900471,2
289,104701,3,41,900471,3
290,104801,1,41,900481,1
291,104801,2,41,900481,2
292,104801,3,41,900481,3
293,104901,1,41,900491,1
294,104901,2,41,900491,2
295,104901,3,41,900491,3
296,105001,1,41,900501,1
297,105001,2,41,900501,2
298,105001,3,41,900501,3
299,105101,1,41,900511,1
300,105101,2,41,900511,2
301,105101,3,41,900511,3
302,105201,1,41,900521,1
303,105202,1,41,910521,1
304,105201,2,41,900521,2
305,105202,2,41,910521,2
306,105201,3,41,900521,3
307,105202,3,41,910521,3
308,105301,1,41,900531,1
309,105301,2,41,900531,2
310,105301,3,41,900531,3
314,105501,1,41,900551,1
315,105501,2,41,900551,2
316,105501,3,41,900551,3
317,105601,1,41,900561,1
318,105602,1,41,910561,1
319,105601,2,41,900561,2
320,105602,2,41,910561,2
321,105601,3,41,900561,3
322,105602,3,41,910561,3
323,105701,1,41,900571,1
324,105701,2,41,900571,2
325,105701,3,41,900571,3
326,105801,1,41,900581,1
327,105801,2,41,900581,2
328,105801,3,41,900581,3
329,105901,1,41,900591,1
330,105901,2,41,900591,2
331,105901,3,41,900591,3
332,106001,1,41,900601,1
334,106001,2,41,900601,2
336,106001,3,41,900601,3
338,106101,1,41,900611,1
340,106101,2,41,900611,2
342,106101,3,41,900611,3
344,20001,1,41,200012,1
345,20001,2,41,200012,2
346,20001,3,41,200012,3
347,20001,4,41,200012,4
348,20001,5,41,200012,5
349,20002,1,41,200022,1
350,20002,2,41,200022,2
351,20002,3,41,200022,3
352,20002,4,41,200022,4
353,20002,5,41,200022,5
354,20003,1,41,200032,1
355,20003,2,41,200032,2
356,20003,3,41,200032,3
357,20003,4,41,200032,4
358,20003,5,41,200032,5
359,20004,1,41,200042,1
360,20004,2,41,200042,2
361,20004,3,41,200042,3
362,20004,4,41,200042,4
363,20004,5,41,200042,5
364,20005,1,41,200052,1
365,20005,2,41,200052,2
366,20005,3,41,200052,3
367,20005,4,41,200052,4
368,20005,5,41,200052,5
369,20006,1,41,200062,1
370,20006,2,41,200062,2
371,20006,3,41,200062,3
372,20006,4,41,200062,4
373,20006,5,41,200062,5
374,20007,1,41,200072,1
375,20007,2,41,200072,2
376,20007,3,41,200072,3
377,20007,4,41,200072,4
378,20007,5,41,200072,5
379,20008,1,41,200082,1
380,20008,2,41,200082,2
381,20008,3,41,200082,3
382,20008,4,41,200082,4
383,20008,5,41,200082,5
384,20009,1,41,200092,1
385,20009,2,41,200092,2
386,20009,3,41,200092,3
387,20009,4,41,200092,4
388,20009,5,41,200092,5
389,20010,1,41,200102,1
390,20010,2,41,200102,2
391,20010,3,41,200102,3
392,20010,4,41,200102,4
393,20010,5,41,200102,5
394,20011,1,41,200112,1
395,20011,2,41,200112,2
396,20011,3,41,200112,3
397,20011,4,41,200112,4
398,20011,5,41,200112,5
399,20012,1,41,200122,1
400,20012,2,41,200122,2
401,20012,3,41,200122,3
402,20012,4,41,200122,4
403,20012,5,41,200122,5
404,20013,1,41,200132,1
405,20013,2,41,200132,2
406,20013,3,41,200132,3
407,20013,4,41,200132,4
408,20013,5,41,200132,5
409,20014,1,41,200142,1
410,20014,2,41,200142,2
411,20014,3,41,200142,3
412,20014,4,41,200142,4
413,20014,5,41,200142,5
414,20015,1,41,200152,1
415,20015,2,41,200152,2
416,20015,3,41,200152,3
417,20015,4,41,200152,4
418,20015,5,41,200152,5
419,20016,1,41,200162,1
420,20016,2,41,200162,2
421,20016,3,41,200162,3
422,20016,4,41,200162,4
423,20016,5,41,200162,5
424,20017,1,41,200172,1
425,20017,2,41,200172,2
426,20017,3,41,200172,3
427,20017,4,41,200172,4
428,20017,5,41,200172,5
429,20018,1,41,200182,1
430,20018,2,41,200182,2
431,20018,3,41,200182,3
432,20018,4,41,200182,4
433,20018,5,41,200182,5
434,20019,1,41,200192,1
435,20019,2,41,200192,2
436,20019,3,41,200192,3
437,20019,4,41,200192,4
438,20019,5,41,200192,5
439,20020,1,41,200202,1
440,20020,2,41,200202,2
441,20020,3,41,200202,3
442,20020,4,41,200202,4
443,20020,5,41,200202,5
444,20021,1,41,200212,1
445,20021,2,41,200212,2
446,20021,3,41,200212,3
447,20021,4,41,200212,4
448,20021,5,41,200212,5
449,20022,1,41,200222,1
450,20022,2,41,200222,2
451,20022,3,41,200222,3
452,20022,4,41,200222,4
453,20022,5,41,200222,5
454,20023,1,41,200232,1
455,20023,2,41,200232,2
456,20023,3,41,200232,3
457,20023,4,41,200232,4
458,20023,5,41,200232,5
459,20024,1,41,200242,1
460,20024,2,41,200242,2
461,20024,3,41,200242,3
462,20024,4,41,200242,4
463,20024,5,41,200242,5
464,20025,1,41,200252,1
465,20025,2,41,200252,2
466,20025,3,41,200252,3
467,20025,4,41,200252,4
468,20025,5,41,200252,5
469,20026,1,41,200262,1
470,20026,2,41,200262,2
471,20026,3,41,200262,3
472,20026,4,41,200262,4
473,20026,5,41,200262,5
474,20027,1,41,200272,1
475,20027,2,41,200272,2
476,20027,3,41,200272,3
477,20027,4,41,200272,4
478,20027,5,41,200272,5
479,20028,1,41,200282,1
480,20028,2,41,200282,2
481,20028,3,41,200282,3
482,20028,4,41,200282,4
483,20028,5,41,200282,5
484,20029,1,41,200292,1
485,20029,2,41,200292,2
486,20029,3,41,200292,3
487,20029,4,41,200292,4
488,20029,5,41,200292,5
489,20030,1,41,200302,1
490,20030,2,41,200302,2
491,20030,3,41,200302,3
492,20030,4,41,200302,4
493,20030,5,41,200302,5
494,20033,1,41,200332,1
495,20033,2,41,200332,2
496,20033,3,41,200332,3
497,20033,4,41,200332,4
498,20033,5,41,200332,5
499,20034,1,41,200342,1
500,20034,2,41,200342,2
501,20034,3,41,200342,3
502,20034,4,41,200342,4
503,20034,5,41,200342,5
504,20035,1,41,200352,1
505,20035,2,41,200352,2
506,20035,3,41,200352,3
507,20035,4,41,200352,4
508,20035,5,41,200352,5
509,20036,1,41,200362,1
510,20036,2,41,200362,2
511,20036,3,41,200362,3
512,20036,4,41,200362,4
513,20036,5,41,200362,5
514,20037,1,41,200372,1
515,20037,2,41,200372,2
516,20037,3,41,200372,3
517,20037,4,41,200372,4
518,20037,5,41,200372,5
519,20038,1,41,200382,1
520,20038,2,41,200382,2
521,20038,3,41,200382,3
522,20038,4,41,200382,4
523,20038,5,41,200382,5
524,20043,1,41,200432,1
525,20043,2,41,200432,2
526,20043,3,41,200432,3
527,20043,4,41,200432,4
528,20043,5,41,200432,5
529,20044,1,41,200442,1
530,20044,2,41,200442,2
531,20044,3,41,200442,3
532,20044,4,41,200442,4
533,20044,5,41,200442,5
534,20045,1,41,200452,1
535,20045,2,41,200452,2
536,20045,3,41,200452,3
537,20045,4,41,200452,4
538,20045,5,41,200452,5
539,20046,1,41,200462,1
540,20046,2,41,200462,2
541,20046,3,41,200462,3
542,20046,4,41,200462,4
543,20046,5,41,200462,5
544,20047,1,41,200472,1
545,20047,2,41,200472,2
546,20047,3,41,200472,3
547,20047,4,41,200472,4
548,20047,5,41,200472,5
549,20048,1,41,200482,1
550,20048,2,41,200482,2
551,20048,3,41,200482,3
552,20048,4,41,200482,4
553,20048,5,41,200482,5
554,20049,1,41,200492,1
555,20049,2,41,200492,2
556,20049,3,41,200492,3
557,20049,4,41,200492,4
558,20049,5,41,200492,5
559,20050,1,41,200502,1
560,20050,2,41,200502,2
561,20050,3,41,200502,3
562,20050,4,41,200502,4
563,20050,5,41,200502,5
564,20051,1,41,200512,1
565,20051,2,41,200512,2
566,20051,3,41,200512,3
567,20051,4,41,200512,4
568,20051,5,41,200512,5
569,20053,1,41,200532,1
570,20053,2,41,200532,2
571,20053,3,41,200532,3
572,20053,4,41,200532,4
573,20053,5,41,200532,5
574,20054,1,41,200542,1
575,20054,2,41,200542,2
576,20054,3,41,200542,3
577,20054,4,41,200542,4
578,20054,5,41,200542,5
579,20055,1,41,200552,1
580,20055,2,41,200552,2
581,20055,3,41,200552,3
582,20055,4,41,200552,4
583,20055,5,41,200552,5
584,20056,1,41,200562,1
585,20056,2,41,200562,2
586,20056,3,41,200562,3
587,20056,4,41,200562,4
588,20056,5,41,200562,5
589,20057,1,41,200572,1
590,20057,2,41,200572,2
591,20057,3,41,200572,3
592,20057,4,41,200572,4
593,20057,5,41,200572,5
594,20058,1,41,200582,1
595,20058,2,41,200582,2
596,20058,3,41,200582,3
597,20058,4,41,200582,4
598,20058,5,41,200582,5
599,20059,1,41,200592,1
600,20059,2,41,200592,2
601,20059,3,41,200592,3
602,20059,4,41,200592,4
603,20059,5,41,200592,5
604,20060,1,41,200602,1
605,20060,2,41,200602,2
606,20060,3,41,200602,3
607,20060,4,41,200602,4
608,20060,5,41,200602,5
609,20061,1,41,200612,1
610,20061,2,41,200612,2
611,20061,3,41,200612,3
612,20061,4,41,200612,4
613,20061,5,41,200612,5
614,20062,1,41,200622,1
615,20062,2,41,200622,2
616,20062,3,41,200622,3
617,20062,4,41,200622,4
618,20062,5,41,200622,5
619,20063,1,41,200632,1
620,20063,2,41,200632,2
621,20063,3,41,200632,3
622,20063,4,41,200632,4
623,20063,5,41,200632,5
624,20064,1,41,200642,1
625,20064,2,41,200642,2
626,20064,3,41,200642,3
627,20064,4,41,200642,4
628,20064,5,41,200642,5
629,20065,1,41,200652,1
630,20065,2,41,200652,2
631,20065,3,41,200652,3
632,20065,4,41,200652,4
633,20065,5,41,200652,5
634,20066,1,41,200662,1
635,20066,2,41,200662,2
636,20066,3,41,200662,3
637,20066,4,41,200662,4
638,20066,5,41,200662,5
639,20067,1,41,200672,1
640,20067,2,41,200672,2
641,20067,3,41,200672,3
642,20067,4,41,200672,4
643,20067,5,41,200672,5
644,20068,1,41,200682,1
645,20068,2,41,200682,2
646,20068,3,41,200682,3
647,20068,4,41,200682,4
648,20068,5,41,200682,5
649,20069,1,41,200692,1
650,20069,2,41,200692,2
651,20069,3,41,200692,3
652,20069,4,41,200692,4
653,20069,5,41,200692,5
654,20070,1,41,200702,1
655,20070,2,41,200702,2
656,20070,3,41,200702,3
657,20070,4,41,200702,4
658,20070,5,41,200702,5
659,20071,1,41,200712,1
660,20071,2,41,200712,2
661,20071,3,41,200712,3
662,20071,4,41,200712,4
663,20071,5,41,200712,5
664,20072,1,41,200722,1
665,20072,2,41,200722,2
666,20072,3,41,200722,3
667,20072,4,41,200722,4
668,20072,5,41,200722,5
669,20073,1,41,200732,1
670,20073,2,41,200732,2
671,20073,3,41,200732,3
672,20073,4,41,200732,4
673,20073,5,41,200732,5
674,20074,1,41,200742,1
675,20074,2,41,200742,2
676,20074,3,41,200742,3
677,20074,4,41,200742,4
678,20074,5,41,200742,5
679,20075,1,41,200752,1
680,20075,2,41,200752,2
681,20075,3,41,200752,3
682,20075,4,41,200752,4
683,20075,5,41,200752,5
684,20076,1,41,200762,1
685,20076,2,41,200762,2
686,20076,3,41,200762,3
687,20076,4,41,200762,4
688,20076,5,41,200762,5
689,20077,1,41,200771,1
690,20077,2,41,200771,2
691,20077,3,41,200771,3
692,20077,4,41,200771,4
693,20077,5,41,200771,5
694,20078,1,41,200781,1
695,20078,2,41,200781,2
696,20078,3,41,200781,3
697,20078,4,41,200781,4
698,20078,5,41,200781,5
699,20079,1,41,200791,1
700,20079,2,41,200791,2
701,20079,3,41,200791,3
702,20079,4,41,200791,4
703,20079,5,41,200791,5
704,20080,1,41,200801,1
705,20080,2,41,200801,2
706,20080,3,41,200801,3
707,20080,4,41,200801,4
708,20080,5,41,200801,5
709,20081,1,41,200811,1
710,20081,2,41,200811,2
711,20081,3,41,200811,3
712,20081,4,41,200811,4
713,20081,5,41,200811,5
714,20082,1,41,200821,1
715,20082,2,41,200821,2
716,20082,3,41,200821,3
717,20082,4,41,200821,4
718,20082,5,41,200821,5
719,20083,1,41,200831,1
720,20083,2,41,200831,2
721,20083,3,41,200831,3
722,20083,4,41,200831,4
723,20083,5,41,200831,5
724,20084,1,41,200841,1
725,20084,2,41,200841,2
726,20084,3,41,200841,3
727,20084,4,41,200841,4
728,20084,5,41,200841,5
729,20085,1,41,200851,1
730,20085,2,41,200851,2
731,20085,3,41,200851,3
732,20085,4,41,200851,4
733,20085,5,41,200851,5
734,20086,1,41,200861,1
735,20086,2,41,200861,2
736,20086,3,41,200861,3
737,20086,4,41,200861,4
738,20086,5,41,200861,5
739,20087,1,41,200871,1
740,20087,2,41,200871,2
741,20087,3,41,200871,3
742,20087,4,41,200871,4
743,20087,5,41,200871,5
744,20088,1,41,200881,1
745,20088,2,41,200881,2
746,20088,3,41,200881,3
747,20088,4,41,200881,4
748,20088,5,41,200881,5
749,20089,1,41,200891,1
750,20089,2,41,200891,2
751,20089,3,41,200891,3
752,20089,4,41,200891,4
753,20089,5,41,200891,5
754,20090,1,41,200901,1
755,20090,2,41,200901,2
756,20090,3,41,200901,3
757,20090,4,41,200901,4
758,20090,5,41,200901,5
759,20091,1,41,200911,1
760,20091,2,41,200911,2
761,20091,3,41,200911,3
762,20091,4,41,200911,4
763,20091,5,41,200911,5
764,20092,1,41,200921,1
765,20092,2,41,200921,2
766,20092,3,41,200921,3
767,20092,4,41,200921,4
768,20092,5,41,200921,5
769,20093,1,41,200931,1
770,20093,2,41,200931,2
771,20093,3,41,200931,3
772,20093,4,41,200931,4
773,20093,5,41,200931,5
774,20094,1,41,200941,1
775,20094,2,41,200941,2
776,20094,3,41,200941,3
777,20094,4,41,200941,4
778,20094,5,41,200941,5
779,20095,1,41,200952,1
780,20095,2,41,200952,2
781,20095,3,41,200952,3
782,20095,4,41,200952,4
783,20095,5,41,200952,5
784,20096,1,41,200962,1
785,20096,2,41,200962,2
786,20096,3,41,200962,3
787,20096,4,41,200962,4
788,20096,5,41,200962,5
789,20097,1,41,200972,1
790,20097,2,41,200972,2
791,20097,3,41,200972,3
792,20097,4,41,200972,4
793,20097,5,41,200972,5
794,20098,1,41,200982,1
795,20098,2,41,200982,2
796,20098,3,41,200982,3
797,20098,4,41,200982,4
798,20098,5,41,200982,5
799,20099,1,41,200992,1
800,20099,2,41,200992,2
801,20099,3,41,200992,3
802,20099,4,41,200992,4
803,20099,5,41,200992,5
804,20100,1,41,201002,1
805,20100,2,41,201002,2
806,20100,3,41,201002,3
807,20100,4,41,201002,4
808,20100,5,41,201002,5
809,20101,1,41,201012,1
810,20101,2,41,201012,2
811,20101,3,41,201012,3
812,20101,4,41,201012,4
813,20101,5,41,201012,5
814,20102,1,41,201022,1
815,20102,2,41,201022,2
816,20102,3,41,201022,3
817,20102,4,41,201022,4
818,20102,5,41,201022,5
819,20103,1,41,201032,1
820,20103,2,41,201032,2
821,20103,3,41,201032,3
822,20103,4,41,201032,4
823,20103,5,41,201032,5
824,20104,1,41,201042,1
825,20104,2,41,201042,2
826,20104,3,41,201042,3
827,20104,4,41,201042,4
828,20104,5,41,201042,5
829,20105,1,41,201052,1
830,20105,2,41,201052,2
831,20105,3,41,201052,3
832,20105,4,41,201052,4
833,20105,5,41,201052,5
834,20106,1,41,201062,1
835,20106,2,41,201062,2
836,20106,3,41,201062,3
837,20106,4,41,201062,4
838,20106,5,41,201062,5
839,20107,1,41,201072,1
840,20107,2,41,201072,2
841,20107,3,41,201072,3
842,20107,4,41,201072,4
843,20107,5,41,201072,5
844,20108,1,41,201082,1
845,20108,2,41,201082,2
846,20108,3,41,201082,3
847,20108,4,41,201082,4
848,20108,5,41,201082,5
849,20109,1,41,201092,1
850,20109,2,41,201092,2
851,20109,3,41,201092,3
852,20109,4,41,201092,4
853,20109,5,41,201092,5
854,20110,1,41,201102,1
855,20110,2,41,201102,2
856,20110,3,41,201102,3
857,20110,4,41,201102,4
858,20110,5,41,201102,5
859,20111,1,41,201112,1
860,20111,2,41,201112,2
861,20111,3,41,201112,3
862,20111,4,41,201112,4
863,20111,5,41,201112,5
864,20112,1,41,201122,1
865,20112,2,41,201122,2
866,20112,3,41,201122,3
867,20112,4,41,201122,4
868,20112,5,41,201122,5
869,20113,1,41,201132,1
870,20113,2,41,201132,2
871,20113,3,41,201132,3
872,20113,4,41,201132,4
873,20113,5,41,201132,5
874,20114,1,41,201142,1
875,20114,2,41,201142,2
876,20114,3,41,201142,3
877,20114,4,41,201142,4
878,20114,5,41,201142,5
879,20115,1,41,201152,1
880,20115,2,41,201152,2
881,20115,3,41,201152,3
882,20115,4,41,201152,4
883,20115,5,41,201152,5
884,20116,1,41,201162,1
885,20116,2,41,201162,2
886,20116,3,41,201162,3
887,20116,4,41,201162,4
888,20116,5,41,201162,5
889,20117,1,41,201172,1
890,20117,2,41,201172,2
891,20117,3,41,201172,3
892,20117,4,41,201172,4
893,20117,5,41,201172,5
894,20118,1,41,201182,1
895,20118,2,41,201182,2
896,20118,3,41,201182,3
897,20118,4,41,201182,4
898,20118,5,41,201182,5
899,20119,1,41,201192,1
900,20119,2,41,201192,2
901,20119,3,41,201192,3
902,20119,4,41,201192,4
903,20119,5,41,201192,5
904,20120,1,41,201202,1
905,20120,2,41,201202,2
906,20120,3,41,201202,3
907,20120,4,41,201202,4
908,20120,5,41,201202,5
909,20121,1,41,201212,1
910,20121,2,41,201212,2
911,20121,3,41,201212,3
912,20121,4,41,201212,4
913,20121,5,41,201212,5
914,20122,1,41,201222,1
915,20122,2,41,201222,2
916,20122,3,41,201222,3
917,20122,4,41,201222,4
918,20122,5,41,201222,5
919,20123,1,41,201232,1
920,20123,2,41,201232,2
921,20123,3,41,201232,3
922,20123,4,41,201232,4
923,20123,5,41,201232,5
924,20124,1,41,201242,1
925,20124,2,41,201242,2
926,20124,3,41,201242,3
927,20124,4,41,201242,4
928,20124,5,41,201242,5
929,20125,1,41,201252,1
930,20125,2,41,201252,2
931,20125,3,41,201252,3
932,20125,4,41,201252,4
933,20125,5,41,201252,5
934,20126,1,41,201262,1
935,20126,2,41,201262,2
936,20126,3,41,201262,3
937,20126,4,41,201262,4
938,20126,5,41,201262,5
939,20127,1,41,201272,1
940,20127,2,41,201272,2
941,20127,3,41,201272,3
942,20127,4,41,201272,4
943,20127,5,41,201272,5
944,20128,1,41,201282,1
945,20128,2,41,201282,2
946,20128,3,41,201282,3
947,20128,4,41,201282,4
948,20128,5,41,201282,5
949,20129,1,41,201292,1
950,20129,2,41,201292,2
951,20129,3,41,201292,3
952,20129,4,41,201292,4
953,20129,5,41,201292,5
954,20130,1,41,201302,1
955,20130,2,41,201302,2
956,20130,3,41,201302,3
957,20130,4,41,201302,4
958,20130,5,41,201302,5
959,20131,1,41,201312,1
960,20131,2,41,201312,2
961,20131,3,41,201312,3
962,20131,4,41,201312,4
963,20131,5,41,201312,5
964,20132,1,41,201322,1
965,20132,2,41,201322,2
966,20132,3,41,201322,3
967,20132,4,41,201322,4
968,20132,5,41,201322,5
969,20133,1,41,201332,1
970,20133,2,41,201332,2
971,20133,3,41,201332,3
972,20133,4,41,201332,4
973,20133,5,41,201332,5
974,20134,1,41,201342,1
975,20134,2,41,201342,2
976,20134,3,41,201342,3
977,20134,4,41,201342,4
978,20134,5,41,201342,5
979,20135,1,41,201352,1
980,20135,2,41,201352,2
981,20135,3,41,201352,3
982,20135,4,41,201352,4
983,20135,5,41,201352,5
984,20136,1,41,201362,1
985,20136,2,41,201362,2
986,20136,3,41,201362,3
987,20136,4,41,201362,4
988,20136,5,41,201362,5
989,20137,1,41,201372,1
990,20137,2,41,201372,2
991,20137,3,41,201372,3
992,20137,4,41,201372,4
993,20137,5,41,201372,5
994,20138,1,41,201382,1
995,20138,2,41,201382,2
996,20138,3,41,201382,3
997,20138,4,41,201382,4
998,20138,5,41,201382,5
999,20139,1,41,201392,1
1000,20139,2,41,201392,2
1001,20139,3,41,201392,3
1002,20139,4,41,201392,4
1003,20139,5,41,201392,5
1004,20140,1,41,201402,1
1005,20140,2,41,201402,2
1006,20140,3,41,201402,3
1007,20140,4,41,201402,4
1008,20140,5,41,201402,5
1009,20141,1,41,201412,1
1010,20141,2,41,201412,2
1011,20141,3,41,201412,3
1012,20141,4,41,201412,4
1013,20141,5,41,201412,5
1014,20142,1,41,201422,1
1015,20142,2,41,201422,2
1016,20142,3,41,201422,3
1017,20142,4,41,201422,4
1018,20142,5,41,201422,5
1019,20143,1,41,201432,1
1020,20143,2,41,201432,2
1021,20143,3,41,201432,3
1022,20143,4,41,201432,4
1023,20143,5,41,201432,5
1024,20144,1,41,201442,1
1025,20144,2,41,201442,2
1026,20144,3,41,201442,3
1027,20144,4,41,201442,4
1028,20144,5,41,201442,5
1029,20145,1,41,201452,1
1030,20145,2,41,201452,2
1031,20145,3,41,201452,3
1032,20145,4,41,201452,4
1033,20145,5,41,201452,5
1034,20146,1,41,201462,1
1035,20146,2,41,201462,2
1036,20146,3,41,201462,3
1037,20146,4,41,201462,4
1038,20146,5,41,201462,5
1039,20147,1,41,201472,1
1040,20147,2,41,201472,2
1041,20147,3,41,201472,3
1042,20147,4,41,201472,4
1043,20147,5,41,201472,5
1044,20148,1,41,201482,1
1045,20148,2,41,201482,2
1046,20148,3,41,201482,3
1047,20148,4,41,201482,4
1048,20148,5,41,201482,5
1049,20149,1,41,201492,1
1050,20149,2,41,201492,2
1051,20149,3,41,201492,3
1052,20149,4,41,201492,4
1053,20149,5,41,201492,5
1054,20150,1,41,201502,1
1055,20150,2,41,201502,2
1056,20150,3,41,201502,3
1057,20150,4,41,201502,4
1058,20150,5,41,201502,5
1059,20151,1,41,201512,1
1060,20151,2,41,201512,2
1061,20151,3,41,201512,3
1062,20151,4,41,201512,4
1063,20151,5,41,201512,5
1064,20152,1,41,201522,1
1065,20152,2,41,201522,2
1066,20152,3,41,201522,3
1067,20152,4,41,201522,4
1068,20152,5,41,201522,5
1069,20153,1,41,201532,1
1070,20153,2,41,201532,2
1071,20153,3,41,201532,3
1072,20153,4,41,201532,4
1073,20153,5,41,201532,5
1074,20154,1,41,201542,1
1075,20154,2,41,201542,2
1076,20154,3,41,201542,3
1077,20154,4,41,201542,4
1078,20154,5,41,201542,5
1079,20155,1,41,201552,1
1080,20155,2,41,201552,2
1081,20155,3,41,201552,3
1082,20155,4,41,201552,4
1083,20155,5,41,201552,5
1084,20156,1,41,201562,1
1085,20156,2,41,201562,2
1086,20156,3,41,201562,3
1087,20156,4,41,201562,4
1088,20156,5,41,201562,5
1089,20157,1,41,201571,1
1090,20157,2,41,201571,2
1091,20157,3,41,201571,3
1092,20157,4,41,201571,4
1093,20157,5,41,201571,5
1094,20158,1,41,201581,1
1095,20158,2,41,201581,2
1096,20158,3,41,201581,3
1097,20158,4,41,201581,4
1098,20158,5,41,201581,5
1099,20159,1,41,201591,1
1100,20159,2,41,201591,2
1101,20159,3,41,201591,3
1102,20159,4,41,201591,4
1103,20159,5,41,201591,5
1104,20160,1,41,201601,1
1105,20160,2,41,201601,2
1106,20160,3,41,201601,3
1107,20160,4,41,201601,4
1108,20160,5,41,201601,5
1109,20161,1,41,201611,1
1110,20161,2,41,201611,2
1111,20161,3,41,201611,3
1112,20161,4,41,201611,4
1113,20161,5,41,201611,5
1114,20162,1,41,201621,1
1115,20162,2,41,201621,2
1116,20162,3,41,201621,3
1117,20162,4,41,201621,4
1118,20162,5,41,201621,5
1119,20163,1,41,201631,1
1120,20163,2,41,201631,2
1121,20163,3,41,201631,3
1122,20163,4,41,201631,4
1123,20163,5,41,201631,5
1124,20164,1,41,201641,1
1125,20164,2,41,201641,2
1126,20164,3,41,201641,3
1127,20164,4,41,201641,4
1128,20164,5,41,201641,5
1129,20165,1,41,201651,1
1130,20165,2,41,201651,2
1131,20165,3,41,201651,3
1132,20165,4,41,201651,4
1133,20165,5,41,201651,5
1134,20166,1,41,201661,1
1135,20166,2,41,201661,2
1136,20166,3,41,201661,3
1137,20166,4,41,201661,4
1138,20166,5,41,201661,5
1139,20167,1,41,201672,1
1140,20167,2,41,201672,2
1141,20167,3,41,201672,3
1142,20167,4,41,201672,4
1143,20167,5,41,201672,5
1144,10001,1,3,3,0
1145,10001,1,41,200202,1
1146,10001,2,3,6,0
1147,10001,2,41,200202,1
1148,10001,3,3,9,0
1149,10001,3,41,200202,1
1150,10002,1,1,3,0
1151,10002,1,41,200072,1
1152,10002,2,1,6,0
1153,10002,2,41,200072,1
1154,10002,3,1,9,0
1155,10002,3,41,200072,1
1156,10003,1,4,3,0
1157,10003,1,41,200132,1
1158,10003,2,4,6,0
1159,10003,2,41,200132,1
1160,10003,3,4,9,0
1161,10003,3,41,200132,1
1162,10004,1,4,3,0
1163,10004,1,41,200052,1
1164,10004,2,4,6,0
1165,10004,2,41,200052,1
1166,10004,3,4,9,0
1167,10004,3,41,200052,1
1168,10005,1,3,3,0
1169,10005,1,41,200042,1
1170,10005,2,3,6,0
1171,10005,2,41,200042,1
1172,10005,3,3,9,0
1173,10005,3,41,200042,1
1174,10006,1,2,3,0
1175,10006,1,41,200172,1
1176,10006,2,2,6,0
1177,10006,2,41,200172,1
1178,10006,3,2,9,0
1179,10006,3,41,200172,1
1180,10007,1,1,3,0
1181,10007,1,3,3,0
1182,10007,2,1,6,0
1183,10007,2,3,6,0
1184,10007,3,1,9,0
1185,10007,3,3,9,0
1186,10008,1,1,3,0
1187,10008,1,3,3,0
1188,10008,2,1,6,0
1189,10008,2,3,6,0
1190,10008,3,1,9,0
1191,10008,3,3,9,0
1192,10009,1,2,3,0
1193,10009,1,41,200032,1
1194,10009,2,2,6,0
1195,10009,2,41,200032,1
1196,10009,3,2,9,0
1197,10009,3,41,200032,1
1198,10010,1,4,3,0
1199,10010,1,41,200032,1
1200,10010,2,4,6,0
1201,10010,2,41,200032,1
1202,10010,3,4,9,0
1203,10010,3,41,200032,1
1204,10011,1,1,3,0
1205,10011,1,41,200032,1
1206,10011,2,1,6,0
1207,10011,2,41,200032,1
1208,10011,3,1,9,0
1209,10011,3,41,200032,1
1210,10012,1,4,3,0
1211,10012,1,41,200182,1
1212,10012,2,4,6,0
1213,10012,2,41,200182,1
1214,10012,3,4,9,0
1215,10012,3,41,200182,1
1216,10013,1,1,3,0
1217,10013,1,41,200132,1
1218,10013,2,1,6,0
1219,10013,2,41,200132,1
1220,10013,3,1,9,0
1221,10013,3,41,200132,1
1222,10014,1,5,3,0
1223,10014,1,41,200062,1
1224,10014,2,5,6,0
1225,10014,2,41,200062,1
1226,10014,3,5,9,0
1227,10014,3,41,200062,1
1228,10015,1,2,3,0
1229,10015,1,41,200062,1
1230,10015,2,2,6,0
1231,10015,2,41,200062,1
1232,10015,3,2,9,0
1233,10015,3,41,200062,1
1234,10016,1,1,3,0
1235,10016,1,41,200192,1
1236,10016,2,1,6,0
1237,10016,2,41,200192,1
1238,10016,3,1,9,0
1239,10016,3,41,200192,1
1240,10017,1,2,3,0
1241,10017,1,41,200142,1
1242,10017,2,2,6,0
1243,10017,2,41,200142,1
1244,10017,3,2,9,0
1245,10017,3,41,200142,1
1246,10018,1,1,3,0
1247,10018,1,41,200132,1
1248,10018,2,1,6,0
1249,10018,2,41,200132,1
1250,10018,3,1,9,0
1251,10018,3,41,200132,1
1252,10019,1,2,3,0
1253,10019,1,41,200032,1
1254,10019,2,2,6,0
1255,10019,2,41,200032,1
1256,10019,3,2,9,0
1257,10019,3,41,200032,1
1258,10020,1,3,3,0
1259,10020,1,41,200072,1
1260,10020,2,3,6,0
1261,10020,2,41,200072,1
1262,10020,3,3,9,0
1263,10020,3,41,200072,1
1264,10021,1,1,3,0
1265,10021,1,3,3,0
1266,10021,2,1,6,0
1267,10021,2,3,6,0
1268,10021,3,1,9,0
1269,10021,3,3,9,0
1270,10022,1,1,3,0
1271,10022,1,4,3,0
1272,10022,2,1,6,0
1273,10022,2,4,6,0
1274,10022,3,1,9,0
1275,10022,3,4,9,0
1276,10023,1,4,3,0
1277,10023,1,41,200042,1
1278,10023,2,4,6,0
1279,10023,2,41,200042,1
1280,10023,3,4,9,0
1281,10023,3,41,200042,1
1282,10024,1,1,3,0
1283,10024,1,2,3,0
1284,10024,2,1,6,0
1285,10024,2,2,6,0
1286,10024,3,1,9,0
1287,10024,3,2,9,0
1288,10025,1,3,3,0
1289,10025,1,41,200952,1
1290,10025,2,3,6,0
1291,10025,2,41,200952,1
1292,10025,3,3,9,0
1293,10025,3,41,200952,1
1294,10026,1,3,3,0
1295,10026,1,41,200952,1
1296,10026,2,3,6,0
1297,10026,2,41,200952,1
1298,10026,3,3,9,0
1299,10026,3,41,200952,1
1300,10027,1,1,3,0
1301,10027,1,4,3,0
1302,10027,2,1,6,0
1303,10027,2,4,6,0
1304,10027,3,1,9,0
1305,10027,3,4,9,0
1306,10028,1,3,3,0
1307,10028,1,4,3,0
1308,10028,2,3,6,0
1309,10028,2,4,6,0
1310,10028,3,3,9,0
1311,10028,3,4,9,0
1312,10029,1,4,3,0
1313,10029,1,2,3,0
1314,10029,2,4,6,0
1315,10029,2,2,6,0
1316,10029,3,4,9,0
1317,10029,3,2,9,0
1318,10030,1,3,3,0
1319,10030,1,41,200952,1
1320,10030,2,3,6,0
1321,10030,2,41,200952,1
1322,10030,3,3,9,0
1323,10030,3,41,200952,1
1324,30001,1,1,10,0
1325,30001,1,2,10,0
1326,30001,2,1,20,0
1327,30001,2,2,20,0
1328,30001,3,1,30,0
1329,30001,3,2,30,0
1330,30002,1,3,10,0
1331,30002,1,5,10,0
1332,30002,2,3,20,0
1333,30002,2,5,20,0
1334,30002,3,3,30,0
1335,30002,3,5,30,0
1336,101802,1,41,910181,1
1337,101802,2,41,910181,2
1338,101802,3,41,910181,3
1339,102402,1,41,910241,1
1340,102402,2,41,910241,2
1341,102402,3,41,910241,3
1342,21001,1,41,210012,1
1343,21001,2,41,210012,2
1344,21001,3,41,210012,3
1345,21001,4,41,210012,4
1346,21001,5,41,210012,5
1347,21002,1,41,210022,1
1348,21002,2,41,210022,2
1349,21002,3,41,210022,3
1350,21002,4,41,210022,4
1351,21002,5,41,210022,5
1352,21003,1,41,210032,1
1353,21003,2,41,210032,2
1354,21003,3,41,210032,3
1355,21003,4,41,210032,4
1356,21003,5,41,210032,5
1357,21004,1,41,210042,1
1358,21004,2,41,210042,2
1359,21004,3,41,210042,3
1360,21004,4,41,210042,4
1361,21004,5,41,210042,5
1362,21005,1,41,210052,1
1363,21005,2,41,210052,2
1364,21005,3,41,210052,3
1365,21005,4,41,210052,4
1366,21005,5,41,210052,5
1367,20168,1,41,201682,1
1368,20168,2,41,201682,2
1369,20168,3,41,201682,3
1370,20168,4,41,201682,4
1371,20168,5,41,201682,5
1372,20169,1,41,201692,1
1373,20169,2,41,201692,2
1374,20169,3,41,201692,3
1375,20169,4,41,201692,4
1376,20169,5,41,201692,5
1377,20170,1,41,201702,1
1378,20170,2,41,201702,2
1379,20170,3,41,201702,3
1380,20170,4,41,201702,4
1381,20170,5,41,201702,5
1382,102302,1,41,910231,1
1383,102302,2,41,910231,2
1384,102302,3,41,910231,3
1385,30003,1,2,10,0
1386,30003,1,4,10,0
1387,30003,2,2,20,0
1388,30003,2,4,20,0
1389,30003,3,2,30,0
1390,30003,3,4,30,0
1391,20190,1,41,201902,1
1392,20190,2,41,201902,2
1393,20190,3,41,201902,3
1394,20190,4,41,201902,4
1395,20190,5,41,201902,5
1396,40001,1,51,1000011,1
1397,20200,1,41,202002,1
1398,20200,2,41,202002,2
1399,20200,3,41,202002,3
1400,20200,4,41,202002,4
1401,20200,5,41,202002,5
1402,20201,1,41,202012,1
1403,20201,2,41,202012,2
1404,20201,3,41,202012,3
1405,20201,4,41,202012,4
1406,20201,5,41,202012,5
1407,20202,1,41,202022,1
1408,20202,2,41,202022,2
1409,20202,3,41,202022,3
1410,20202,4,41,202022,4
1411,20202,5,41,202022,5
1412,106901,1,41,900691,1
1413,106901,2,41,900691,2
1414,106901,3,41,900691,3
1415,20203,1,41,202032,1
1416,20203,2,41,202032,2
1417,20203,3,41,202032,3
1418,20203,4,41,202032,4
1419,20203,5,41,202032,5
1420,21006,1,41,210062,1
1421,21006,2,41,210062,2
1422,21006,3,41,210062,3
1423,21006,4,41,210062,4
1424,21006,5,41,210062,5
1425,102602,1,41,910261,1
1426,102602,2,41,910261,2
1427,102602,3,41,910261,3
1428,103702,1,41,910371,1
1429,103702,2,41,910371,2
1430,103702,3,41,910371,3
1431,20204,1,41,202042,1
1432,20204,2,41,202042,2
1433,20204,3,41,202042,3
1434,20204,4,41,202042,4
1435,20204,5,41,202042,5
1436,106201,1,41,900621,1
1437,106201,2,41,900621,2
1438,106201,3,41,900621,3
1442,106401,1,41,900641,1
1443,106401,2,41,900641,2
1444,106401,3,41,900641,3
1445,106501,1,41,900651,1
1446,106501,2,41,900651,2
1447,106501,3,41,900651,3
1448,106601,1,41,900661,1
1449,106601,2,41,900661,2
1450,106601,3,41,900661,3
1451,106701,1,41,900671,1
1452,106701,2,41,900671,2
1453,106701,3,41,900671,3
1454,106801,1,41,900681,1
1455,106801,2,41,900681,2
1456,106801,3,41,900681,3
1460,107101,1,41,900711,1
1461,107101,2,41,900711,2
1462,107101,3,41,900711,3
1463,107201,1,41,900721,1
1464,107201,2,41,900721,2
1465,107201,3,41,900721,3
1469,107401,1,41,900741,1
1470,107401,2,41,900741,2
1471,107401,3,41,900741,3
1475,107601,1,41,900761,1
1476,107601,2,41,900761,2
1477,107601,3,41,900761,3
1481,107801,1,41,900781,1
1482,107801,2,41,900781,2
1483,107801,3,41,900781,3
1484,20207,1,41,202072,1
1485,20207,2,41,202072,2
1486,20207,3,41,202072,3
1487,20207,4,41,202072,4
1488,20207,5,41,202072,5
1489,100502,1,41,910051,1
1490,100502,2,41,910051,2
1491,100502,3,41,910051,3
1492,102002,1,41,910201,1
1493,102002,2,41,910201,2
1494,102002,3,41,910201,3
1495,20208,1,41,202082,1
1496,20208,2,41,202082,2
1497,20208,3,41,202082,3
1498,20208,4,41,202082,4
1499,20208,5,41,202082,5
1500,20209,1,41,202092,1
1501,20209,2,41,202092,2
1502,20209,3,41,202092,3
1503,20209,4,41,202092,4
1504,20209,5,41,202092,5
1505,20210,1,41,202102,1
1506,20210,2,41,202102,2
1507,20210,3,41,202102,3
1508,20210,4,41,202102,4
1509,20210,5,41,202102,5
1510,40002,1,51,1000012,1
1511,106002,1,41,910601,1
1512,106002,2,41,910601,2
1513,106002,3,41,910601,3
1514,106102,1,41,910611,1
1515,106102,2,41,910611,2
1516,106102,3,41,910611,3
1517,20211,1,41,202112,1
1518,20211,2,41,202112,2
1519,20211,3,41,202112,3
1520,20211,4,41,202112,4
1521,20211,5,41,202112,5
1522,20212,1,41,202122,1
1523,20212,2,41,202122,2
1524,20212,3,41,202122,3
1525,20212,4,41,202122,4
1526,20212,5,41,202122,5
1527,20213,1,41,202132,1
1528,20213,2,41,202132,2
1529,20213,3,41,202132,3
1530,20213,4,41,202132,4
1531,20213,5,41,202132,5
1532,102202,1,41,910221,1
1533,102202,2,41,910221,2
1534,102202,3,41,910221,3
1535,103802,1,41,910381,1
1536,103802,2,41,910381,2
1537,103802,3,41,910381,3
1538,20215,1,41,202152,1
1539,20215,2,41,202152,2
1540,20215,3,41,202152,3
1541,20215,4,41,202152,4
1542,20215,5,41,202152,5
1543,1,1,61,1,0
1544,1,2,61,1,0
1545,1,3,61,1,0
1546,1,4,61,2,0
1547,1,5,61,2,0
1548,1,6,61,2,0
1549,1,7,61,3,0
1550,1,8,61,3,0
1551,1,9,61,3,0
1552,1,10,61,4,0
1553,2,1,62,1,0
1554,2,2,62,1,0
1555,2,3,62,1,0
1556,2,4,62,2,0
1557,2,5,62,2,0
1558,2,6,62,2,0
1559,2,7,62,3,0
1560,2,8,62,3,0
1561,2,9,62,3,0
1562,2,10,62,4,0
1563,3,1,63,1,0
1564,3,2,63,1,0
1565,3,3,63,1,0
1566,3,4,63,2,0
1567,3,5,63,2,0
1568,3,6,63,2,0
1569,3,7,63,3,0
1570,3,8,63,3,0
1571,3,9,63,3,0
1572,3,10,63,4,0
1573,4,1,64,1,0
1574,4,2,64,1,0
1575,4,3,64,1,0
1576,4,4,64,2,0
1577,4,5,64,2,0
1578,4,6,64,2,0
1579,4,7,64,3,0
1580,4,8,64,3,0
1581,4,9,64,3,0
1582,4,10,64,4,0
1583,5,1,65,1,0
1584,5,2,65,1,0
1585,5,3,65,1,0
1586,5,4,65,2,0
1587,5,5,65,2,0
1588,5,6,65,2,0
1589,5,7,65,3,0
1590,5,8,65,3,0
1591,5,9,65,3,0
1592,5,10,65,4,0
1593,100101,1,62,2,0
1594,100101,1,65,1,0
1595,100101,2,62,3,0
1596,100101,2,65,1,0
1597,100101,4,41,900011,3
1598,100101,3,62,4,0
1599,100101,3,65,1,0
1600,40003,1,51,1000013,1
1601,100101,4,62,4,0
1602,100101,4,65,2,0
1603,100102,1,64,1,0
1604,100102,1,63,1,0
1605,100102,1,62,1,0
1606,100102,2,64,2,0
1607,100102,2,63,1,0
1608,100102,2,62,1,0
1609,100102,4,41,910011,3
1610,100102,3,64,2,0
1611,100102,3,63,2,0
1612,100102,3,62,1,0
1614,100102,4,64,2,0
1615,100102,4,63,2,0
1616,100102,4,62,2,0
1617,100201,1,61,2,0
1618,100201,1,64,1,0
1619,100201,2,61,3,0
1620,100201,2,64,1,0
1621,100201,4,41,900021,3
1622,100201,3,61,4,0
1623,100201,3,64,1,0
1625,100201,4,61,4,0
1626,100201,4,64,2,0
1627,100301,1,61,2,0
1628,100301,1,62,1,0
1629,100301,2,61,3,0
1630,100301,2,62,1,0
1631,100301,4,41,900031,3
1632,100301,3,61,4,0
1633,100301,3,62,1,0
1635,100301,4,61,4,0
1636,100301,4,62,2,0
1637,100302,1,64,1,0
1638,100302,1,62,1,0
1639,100302,1,61,1,0
1640,100302,2,64,2,0
1641,100302,2,62,1,0
1642,100302,2,61,1,0
1643,100302,4,41,910031,3
1644,100302,3,64,2,0
1645,100302,3,62,2,0
1646,100302,3,61,1,0
1648,100302,4,64,2,0
1649,100302,4,62,2,0
1650,100302,4,61,2,0
1651,100401,1,65,2,0
1652,100401,1,61,1,0
1653,100401,2,65,3,0
1654,100401,2,61,1,0
1655,100401,4,41,900041,3
1656,100401,3,65,4,0
1657,100401,3,61,1,0
1659,100401,4,65,4,0
1660,100401,4,61,2,0
1661,100402,1,65,2,0
1662,100402,1,61,1,0
1663,100402,2,65,3,0
1664,100402,2,61,1,0
1665,100402,4,41,910041,3
1666,100402,3,65,4,0
1667,100402,3,61,1,0
1669,100402,4,65,4,0
1670,100402,4,61,2,0
1671,100501,1,63,2,0
1672,100501,1,65,1,0
1673,100501,2,63,3,0
1674,100501,2,65,1,0
1675,100501,4,41,900051,3
1676,100501,3,63,4,0
1677,100501,3,65,1,0
1679,100501,4,63,4,0
1680,100501,4,65,2,0
1681,100502,1,63,1,0
1682,100502,1,61,1,0
1683,100502,1,65,1,0
1684,100502,2,63,2,0
1685,100502,2,61,1,0
1686,100502,2,65,1,0
1687,100502,4,41,910051,3
1688,100502,3,63,2,0
1689,100502,3,61,2,0
1690,100502,3,65,1,0
1692,100502,4,63,2,0
1693,100502,4,61,2,0
1694,100502,4,65,2,0
1695,100601,1,61,2,0
1696,100601,1,63,1,0
1697,100601,2,61,3,0
1698,100601,2,63,1,0
1699,100601,4,41,900061,3
1700,100601,3,61,4,0
1701,100601,3,63,1,0
1703,100601,4,61,4,0
1704,100601,4,63,2,0
1705,100602,1,62,2,0
1706,100602,1,61,1,0
1707,100602,2,62,3,0
1708,100602,2,61,1,0
1709,100602,4,41,910061,3
1710,100602,3,62,4,0
1711,100602,3,61,1,0
1713,100602,4,62,4,0
1714,100602,4,61,2,0
1715,100701,1,62,2,0
1716,100701,1,63,1,0
1717,100701,2,62,3,0
1718,100701,2,63,1,0
1719,100701,4,41,900071,3
1720,100701,3,62,4,0
1721,100701,3,63,1,0
1723,100701,4,62,4,0
1724,100701,4,63,2,0
1725,100801,1,63,2,0
1726,100801,1,61,1,0
1727,100801,2,63,3,0
1728,100801,2,61,1,0
1729,100801,4,41,900081,3
1730,100801,3,63,4,0
1731,100801,3,61,1,0
1733,100801,4,63,4,0
1734,100801,4,61,2,0
1735,100901,1,64,2,0
1736,100901,1,61,1,0
1737,100901,2,64,3,0
1738,100901,2,61,1,0
1739,100901,4,41,900091,3
1740,100901,3,64,4,0
1741,100901,3,61,1,0
1743,100901,4,64,4,0
1744,100901,4,61,2,0
1745,101001,1,61,2,0
1746,101001,1,65,1,0
1747,101001,2,61,3,0
1748,101001,2,65,1,0
1749,101001,4,41,900101,3
1750,101001,3,61,4,0
1751,101001,3,65,1,0
1753,101001,4,61,4,0
1754,101001,4,65,2,0
1755,101101,1,61,2,0
1756,101101,1,63,1,0
1757,101101,2,61,3,0
1758,101101,2,63,1,0
1759,101101,4,41,900111,3
1760,101101,3,61,4,0
1761,101101,3,63,1,0
1763,101101,4,61,4,0
1764,101101,4,63,2,0
1765,101102,1,65,2,0
1766,101102,1,62,1,0
1767,101102,2,65,3,0
1768,101102,2,62,1,0
1769,101102,4,41,910111,3
1770,101102,3,65,4,0
1771,101102,3,62,1,0
1773,101102,4,65,4,0
1774,101102,4,62,2,0
1775,101201,1,63,2,0
1776,101201,1,64,1,0
1777,101201,2,63,3,0
1778,101201,2,64,1,0
1779,101201,4,41,900121,3
1780,101201,3,63,4,0
1781,101201,3,64,1,0
1783,101201,4,63,4,0
1784,101201,4,64,2,0
1785,101301,1,62,2,0
1786,101301,1,65,1,0
1787,101301,2,62,3,0
1788,101301,2,65,1,0
1789,101301,4,41,900131,3
1790,101301,3,62,4,0
1791,101301,3,65,1,0
1793,101301,4,62,4,0
1794,101301,4,65,2,0
1795,101302,1,62,1,0
1796,101302,1,63,1,0
1797,101302,1,65,1,0
1798,101302,2,62,2,0
1799,101302,2,63,1,0
1800,101302,2,65,1,0
1801,101302,4,41,910131,3
1802,101302,3,62,2,0
1803,101302,3,63,2,0
1804,101302,3,65,1,0
1806,101302,4,62,2,0
1807,101302,4,63,2,0
1808,101302,4,65,2,0
1809,101401,1,61,2,0
1810,101401,1,65,1,0
1811,101401,2,61,3,0
1812,101401,2,65,1,0
1813,101401,4,41,900141,3
1814,101401,3,61,4,0
1815,101401,3,65,1,0
1817,101401,4,61,4,0
1818,101401,4,65,2,0
1819,101402,1,64,2,0
1820,101402,1,61,1,0
1821,101402,2,64,3,0
1822,101402,2,61,1,0
1823,101402,4,41,910141,3
1824,101402,3,64,4,0
1825,101402,3,61,1,0
1827,101402,4,64,4,0
1828,101402,4,61,2,0
1829,101501,1,62,2,0
1830,101501,1,65,1,0
1831,101501,2,62,3,0
1832,101501,2,65,1,0
1833,101501,4,41,900151,3
1834,101501,3,62,4,0
1835,101501,3,65,1,0
1837,101501,4,62,4,0
1838,101501,4,65,2,0
1839,101502,1,61,1,0
1840,101502,1,65,1,0
1841,101502,1,62,1,0
1842,101502,2,61,2,0
1843,101502,2,65,1,0
1844,101502,2,62,1,0
1845,101502,4,41,910151,3
1846,101502,3,61,2,0
1847,101502,3,65,2,0
1848,101502,3,62,1,0
1850,101502,4,61,2,0
1851,101502,4,65,2,0
1852,101502,4,62,2,0
1853,101601,1,62,2,0
1854,101601,1,61,1,0
1855,101601,2,62,3,0
1856,101601,2,61,1,0
1857,101601,4,41,900161,3
1858,101601,3,62,4,0
1859,101601,3,61,1,0
1861,101601,4,62,4,0
1862,101601,4,61,2,0
1863,101701,1,62,2,0
1864,101701,1,64,1,0
1865,101701,2,62,3,0
1866,101701,2,64,1,0
1867,101701,4,41,900171,3
1868,101701,3,62,4,0
1869,101701,3,64,1,0
1871,101701,4,62,4,0
1872,101701,4,64,2,0
1873,101702,1,62,1,0
1874,101702,1,65,1,0
1875,101702,1,61,1,0
1876,101702,2,62,2,0
1877,101702,2,65,1,0
1878,101702,2,61,1,0
1879,101702,4,41,910171,3
1880,101702,3,62,2,0
1881,101702,3,65,2,0
1882,101702,3,61,1,0
1884,101702,4,62,2,0
1885,101702,4,65,2,0
1886,101702,4,61,2,0
1887,101801,1,63,2,0
1888,101801,1,61,1,0
1889,101801,2,63,3,0
1890,101801,2,61,1,0
1891,101801,4,41,900181,3
1892,101801,3,63,4,0
1893,101801,3,61,1,0
1895,101801,4,63,4,0
1896,101801,4,61,2,0
1897,101802,1,64,1,0
1898,101802,1,61,1,0
1899,101802,1,63,1,0
1900,101802,2,64,2,0
1901,101802,2,61,1,0
1902,101802,2,63,1,0
1903,101802,4,41,910181,3
1904,101802,3,64,2,0
1905,101802,3,61,2,0
1906,101802,3,63,1,0
1908,101802,4,64,2,0
1909,101802,4,61,2,0
1910,101802,4,63,2,0
1911,101901,1,61,1,0
1912,101901,1,62,1,0
1913,101901,1,63,1,0
1914,101901,2,61,2,0
1915,101901,2,62,1,0
1916,101901,2,63,1,0
1917,101901,4,41,900191,3
1918,101901,3,61,2,0
1919,101901,3,62,2,0
1920,101901,3,63,1,0
1922,101901,4,61,2,0
1923,101901,4,62,2,0
1924,101901,4,63,2,0
1925,102001,1,65,2,0
1926,102001,1,62,1,0
1927,102001,2,65,3,0
1928,102001,2,62,1,0
1929,102001,4,41,900201,3
1930,102001,3,65,4,0
1931,102001,3,62,1,0
1933,102001,4,65,4,0
1934,102001,4,62,2,0
1935,102002,1,64,1,0
1936,102002,1,63,1,0
1937,102002,1,61,1,0
1938,102002,2,64,2,0
1939,102002,2,63,1,0
1940,102002,2,61,1,0
1941,102002,4,41,910201,3
1942,102002,3,64,2,0
1943,102002,3,63,2,0
1944,102002,3,61,1,0
1946,102002,4,64,2,0
1947,102002,4,63,2,0
1948,102002,4,61,2,0
1949,102101,1,62,2,0
1950,102101,1,63,1,0
1951,102101,2,62,3,0
1952,102101,2,63,1,0
1953,102101,4,41,900211,3
1954,102101,3,62,4,0
1955,102101,3,63,1,0
1957,102101,4,62,4,0
1958,102101,4,63,2,0
1959,102201,1,65,2,0
1960,102201,1,63,1,0
1961,102201,2,65,3,0
1962,102201,2,63,1,0
1963,102201,4,41,900221,3
1964,102201,3,65,4,0
1965,102201,3,63,1,0
1967,102201,4,65,4,0
1968,102201,4,63,2,0
1969,102202,1,65,2,0
1970,102202,1,64,1,0
1971,102202,2,65,3,0
1972,102202,2,64,1,0
1973,102202,4,41,910221,3
1974,102202,3,65,4,0
1975,102202,3,64,1,0
1977,102202,4,65,4,0
1978,102202,4,64,2,0
1979,102301,1,65,2,0
1980,102301,1,64,1,0
1981,102301,2,65,3,0
1982,102301,2,64,1,0
1983,102301,4,41,900231,3
1984,102301,3,65,4,0
1985,102301,3,64,1,0
1987,102301,4,65,4,0
1988,102301,4,64,2,0
1989,102302,1,63,1,0
1990,102302,1,62,1,0
1991,102302,1,65,1,0
1992,102302,2,63,2,0
1993,102302,2,62,1,0
1994,102302,2,65,1,0
1995,102302,4,41,910231,3
1996,102302,3,63,2,0
1997,102302,3,62,2,0
1998,102302,3,65,1,0
2000,102302,4,63,2,0
2001,102302,4,62,2,0
2002,102302,4,65,2,0
2003,102401,1,62,2,0
2004,102401,1,64,1,0
2005,102401,2,62,3,0
2006,102401,2,64,1,0
2007,102401,4,41,900241,3
2008,102401,3,62,4,0
2009,102401,3,64,1,0
2011,102401,4,62,4,0
2012,102401,4,64,2,0
2013,102402,1,65,1,0
2014,102402,1,62,1,0
2015,102402,1,61,1,0
2016,102402,2,65,2,0
2017,102402,2,62,1,0
2018,102402,2,61,1,0
2019,102402,4,41,910241,3
2020,102402,3,65,2,0
2021,102402,3,62,2,0
2022,102402,3,61,1,0
2024,102402,4,65,2,0
2025,102402,4,62,2,0
2026,102402,4,61,2,0
2027,102501,1,62,3,0
2028,102501,2,62,4,0
2029,102501,4,41,900251,3
2030,102501,3,62,5,0
2032,102501,4,62,6,0
2033,102601,1,62,2,0
2034,102601,1,63,1,0
2035,102601,2,62,3,0
2036,102601,2,63,1,0
2037,102601,4,41,900261,3
2038,102601,3,62,4,0
2039,102601,3,63,1,0
2041,102601,4,62,4,0
2042,102601,4,63,2,0
2043,102602,1,61,1,0
2044,102602,1,63,1,0
2045,102602,1,62,1,0
2046,102602,2,61,2,0
2047,102602,2,63,1,0
2048,102602,2,62,1,0
2049,102602,4,41,910261,3
2050,102602,3,61,2,0
2051,102602,3,63,2,0
2052,102602,3,62,1,0
2054,102602,4,61,2,0
2055,102602,4,63,2,0
2056,102602,4,62,2,0
2057,102701,1,63,2,0
2058,102701,1,65,1,0
2059,102701,2,63,3,0
2060,102701,2,65,1,0
2061,102701,4,41,900271,3
2062,102701,3,63,4,0
2063,102701,3,65,1,0
2065,102701,4,63,4,0
2066,102701,4,65,2,0
2067,102801,1,63,2,0
2068,102801,1,64,1,0
2069,102801,2,63,3,0
2070,102801,2,64,1,0
2071,102801,4,41,900281,3
2072,102801,3,63,4,0
2073,102801,3,64,1,0
2075,102801,4,63,4,0
2076,102801,4,64,2,0
2077,103001,1,64,2,0
2078,103001,1,62,1,0
2079,103001,2,64,3,0
2080,103001,2,62,1,0
2081,103001,4,41,900301,3
2082,103001,3,64,4,0
2083,103001,3,62,1,0
2085,103001,4,64,4,0
2086,103001,4,62,2,0
2087,103002,1,62,2,0
2088,103002,1,63,1,0
2089,103002,2,62,3,0
2090,103002,2,63,1,0
2091,103002,4,41,910301,3
2092,103002,3,62,4,0
2093,103002,3,63,1,0
2095,103002,4,62,4,0
2096,103002,4,63,2,0
2097,103101,1,61,2,0
2098,103101,1,64,1,0
2099,103101,2,61,3,0
2100,103101,2,64,1,0
2101,103101,4,41,900311,3
2102,103101,3,61,4,0
2103,103101,3,64,1,0
2105,103101,4,61,4,0
2106,103101,4,64,2,0
2107,103201,1,61,2,0
2108,103201,1,64,1,0
2109,103201,2,61,3,0
2110,103201,2,64,1,0
2111,103201,4,41,900321,3
2112,103201,3,61,4,0
2113,103201,3,64,1,0
2115,103201,4,61,4,0
2116,103201,4,64,2,0
2117,103301,1,63,2,0
2118,103301,1,61,1,0
2119,103301,2,63,3,0
2120,103301,2,61,1,0
2121,103301,4,41,900331,3
2122,103301,3,63,4,0
2123,103301,3,61,1,0
2125,103301,4,63,4,0
2126,103301,4,61,2,0
2127,103401,1,63,2,0
2128,103401,1,62,1,0
2129,103401,2,63,3,0
2130,103401,2,62,1,0
2131,103401,4,41,900341,3
2132,103401,3,63,4,0
2133,103401,3,62,1,0
2135,103401,4,63,4,0
2136,103401,4,62,2,0
2137,103501,1,63,2,0
2138,103501,1,62,1,0
2139,103501,2,63,3,0
2140,103501,2,62,1,0
2141,103501,4,41,900351,3
2142,103501,3,63,4,0
2143,103501,3,62,1,0
2145,103501,4,63,4,0
2146,103501,4,62,2,0
2147,103701,1,65,2,0
2148,103701,1,63,1,0
2149,103701,2,65,3,0
2150,103701,2,63,1,0
2151,103701,4,41,900371,3
2152,103701,3,65,4,0
2153,103701,3,63,1,0
2155,103701,4,65,4,0
2156,103701,4,63,2,0
2157,103702,1,65,1,0
2158,103702,1,62,1,0
2159,103702,1,63,1,0
2160,103702,2,65,2,0
2161,103702,2,62,1,0
2162,103702,2,63,1,0
2163,103702,4,41,910371,3
2164,103702,3,65,2,0
2165,103702,3,62,2,0
2166,103702,3,63,1,0
2168,103702,4,65,2,0
2169,103702,4,62,2,0
2170,103702,4,63,2,0
2171,103801,1,63,2,0
2172,103801,1,61,1,0
2173,103801,2,63,3,0
2174,103801,2,61,1,0
2175,103801,4,41,900381,3
2176,103801,3,63,4,0
2177,103801,3,61,1,0
2179,103801,4,63,4,0
2180,103801,4,61,2,0
2181,103802,1,63,1,0
2182,103802,1,61,1,0
2183,103802,1,65,1,0
2184,103802,2,63,2,0
2185,103802,2,61,1,0
2186,103802,2,65,1,0
2187,103802,4,41,910381,3
2188,103802,3,63,2,0
2189,103802,3,61,2,0
2190,103802,3,65,1,0
2192,103802,4,63,2,0
2193,103802,4,61,2,0
2194,103802,4,65,2,0
2195,103901,1,64,2,0
2196,103901,1,63,1,0
2197,103901,2,64,3,0
2198,103901,2,63,1,0
2199,103901,4,41,900391,3
2200,103901,3,64,4,0
2201,103901,3,63,1,0
2203,103901,4,64,4,0
2204,103901,4,63,2,0
2205,104001,1,64,2,0
2206,104001,1,63,1,0
2207,104001,2,64,3,0
2208,104001,2,63,1,0
2209,104001,4,41,900401,3
2210,104001,3,64,4,0
2211,104001,3,63,1,0
2213,104001,4,64,4,0
2214,104001,4,63,2,0
2215,104002,1,65,1,0
2216,104002,1,63,1,0
2217,104002,1,61,1,0
2218,104002,2,65,2,0
2219,104002,2,63,1,0
2220,104002,2,61,1,0
2221,104002,4,41,910401,3
2222,104002,3,65,2,0
2223,104002,3,63,2,0
2224,104002,3,61,1,0
2226,104002,4,65,2,0
2227,104002,4,63,2,0
2228,104002,4,61,2,0
2229,104101,1,61,2,0
2230,104101,1,65,1,0
2231,104101,2,61,3,0
2232,104101,2,65,1,0
2233,104101,4,41,900411,3
2234,104101,3,61,4,0
2235,104101,3,65,1,0
2237,104101,4,61,4,0
2238,104101,4,65,2,0
2239,104401,1,63,2,0
2240,104401,1,61,1,0
2241,104401,2,63,3,0
2242,104401,2,61,1,0
2243,104401,4,41,900441,3
2244,104401,3,63,4,0
2245,104401,3,61,1,0
2247,104401,4,63,4,0
2248,104401,4,61,2,0
2249,104501,1,65,2,0
2250,104501,1,62,1,0
2251,104501,2,65,3,0
2252,104501,2,62,1,0
2253,104501,4,41,900451,3
2254,104501,3,65,4,0
2255,104501,3,62,1,0
2257,104501,4,65,4,0
2258,104501,4,62,2,0
2259,104502,1,61,1,0
2260,104502,1,62,1,0
2261,104502,1,64,1,0
2262,104502,2,61,2,0
2263,104502,2,62,1,0
2264,104502,2,64,1,0
2265,104502,4,41,910451,3
2266,104502,3,61,2,0
2267,104502,3,62,2,0
2268,104502,3,64,1,0
2270,104502,4,61,2,0
2271,104502,4,62,2,0
2272,104502,4,64,2,0
2273,104601,1,61,2,0
2274,104601,1,63,1,0
2275,104601,2,61,3,0
2276,104601,2,63,1,0
2277,104601,4,41,900461,3
2278,104601,3,61,4,0
2279,104601,3,63,1,0
2281,104601,4,61,4,0
2282,104601,4,63,2,0
2283,104801,1,64,1,0
2284,104801,1,63,1,0
2285,104801,1,61,1,0
2286,104801,2,64,2,0
2287,104801,2,63,1,0
2288,104801,2,61,1,0
2289,104801,4,41,900481,3
2290,104801,3,64,2,0
2291,104801,3,63,2,0
2292,104801,3,61,1,0
2294,104801,4,64,2,0
2295,104801,4,63,2,0
2296,104801,4,61,2,0
2297,105001,1,64,2,0
2298,105001,1,61,1,0
2299,105001,2,64,3,0
2300,105001,2,61,1,0
2301,105001,4,41,900501,3
2302,105001,3,64,4,0
2303,105001,3,61,1,0
2305,105001,4,64,4,0
2306,105001,4,61,2,0
2307,105101,1,61,2,0
2308,105101,1,63,1,0
2309,105101,2,61,3,0
2310,105101,2,63,1,0
2311,105101,4,41,900511,3
2312,105101,3,61,4,0
2313,105101,3,63,1,0
2315,105101,4,61,4,0
2316,105101,4,63,2,0
2317,105201,1,64,2,0
2318,105201,1,63,1,0
2319,105201,2,64,3,0
2320,105201,2,63,1,0
2321,105201,4,41,900521,3
2322,105201,3,64,4,0
2323,105201,3,63,1,0
2325,105201,4,64,4,0
2326,105201,4,63,2,0
2327,105202,1,63,2,0
2328,105202,1,64,1,0
2329,105202,2,63,3,0
2330,105202,2,64,1,0
2331,105202,4,41,910521,3
2332,105202,3,63,4,0
2333,105202,3,64,1,0
2335,105202,4,63,4,0
2336,105202,4,64,2,0
2337,105301,1,64,1,0
2338,105301,1,63,1,0
2339,105301,1,61,1,0
2340,105301,2,64,2,0
2341,105301,2,63,1,0
2342,105301,2,61,1,0
2343,105301,4,41,900531,3
2344,105301,3,64,2,0
2345,105301,3,63,2,0
2346,105301,3,61,1,0
2348,105301,4,64,2,0
2349,105301,4,63,2,0
2350,105301,4,61,2,0
2351,105601,1,62,2,0
2352,105601,1,63,1,0
2353,105601,2,62,3,0
2354,105601,2,63,1,0
2355,105601,4,41,900561,3
2356,105601,3,62,4,0
2357,105601,3,63,1,0
2359,105601,4,62,4,0
2360,105601,4,63,2,0
2361,105602,1,65,1,0
2362,105602,1,62,1,0
2363,105602,1,64,1,0
2364,105602,2,65,2,0
2365,105602,2,62,1,0
2366,105602,2,64,1,0
2367,105602,4,41,910561,3
2368,105602,3,65,2,0
2369,105602,3,62,2,0
2370,105602,3,64,1,0
2372,105602,4,65,2,0
2373,105602,4,62,2,0
2374,105602,4,64,2,0
2375,105801,1,62,2,0
2376,105801,1,64,1,0
2377,105801,2,62,3,0
2378,105801,2,64,1,0
2379,105801,4,41,900581,3
2380,105801,3,62,4,0
2381,105801,3,64,1,0
2383,105801,4,62,4,0
2384,105801,4,64,2,0
2385,105901,1,65,2,0
2386,105901,1,61,1,0
2387,105901,2,65,3,0
2388,105901,2,61,1,0
2389,105901,4,41,900591,3
2390,105901,3,65,4,0
2391,105901,3,61,1,0
2393,105901,4,65,4,0
2394,105901,4,61,2,0
2395,106001,1,63,2,0
2396,106001,1,65,1,0
2397,106001,2,63,3,0
2398,106001,2,65,1,0
2399,106001,4,41,900601,3
2400,106001,3,63,4,0
2401,106001,3,65,1,0
2403,106001,4,63,4,0
2404,106001,4,65,2,0
2405,106002,1,65,1,0
2406,106002,1,63,1,0
2407,106002,1,62,1,0
2408,106002,2,65,2,0
2409,106002,2,63,1,0
2410,106002,2,62,1,0
2411,106002,4,41,910601,3
2412,106002,3,65,2,0
2413,106002,3,63,2,0
2414,106002,3,62,1,0
2416,106002,4,65,2,0
2417,106002,4,63,2,0
2418,106002,4,62,2,0
2419,106101,1,63,2,0
2420,106101,1,64,1,0
2421,106101,2,63,3,0
2422,106101,2,64,1,0
2423,106101,4,41,900611,3
2424,106101,3,63,4,0
2425,106101,3,64,1,0
2427,106101,4,63,4,0
2428,106101,4,64,2,0
2429,106102,1,64,1,0
2430,106102,1,61,1,0
2431,106102,1,63,1,0
2432,106102,2,64,2,0
2433,106102,2,61,1,0
2434,106102,2,63,1,0
2435,106102,4,41,910611,3
2436,106102,3,64,2,0
2437,106102,3,61,2,0
2438,106102,3,63,1,0
2440,106102,4,64,2,0
2441,106102,4,61,2,0
2442,106102,4,63,2,0
2443,106201,1,62,2,0
2444,106201,1,65,1,0
2445,106201,2,62,3,0
2446,106201,2,65,1,0
2447,106201,4,41,900621,3
2448,106201,3,62,4,0
2449,106201,3,65,1,0
2451,106201,4,62,4,0
2452,106201,4,65,2,0
2453,106401,1,62,1,0
2454,106401,1,61,1,0
2455,106401,1,65,1,0
2456,106401,2,62,2,0
2457,106401,2,61,1,0
2458,106401,2,65,1,0
2459,106401,4,41,900641,3
2460,106401,3,62,2,0
2461,106401,3,61,2,0
2462,106401,3,65,1,0
2464,106401,4,62,2,0
2465,106401,4,61,2,0
2466,106401,4,65,2,0
2467,106701,1,65,2,0
2468,106701,1,62,1,0
2469,106701,2,65,3,0
2470,106701,2,62,1,0
2471,106701,4,41,900671,3
2472,106701,3,65,4,0
2473,106701,3,62,1,0
2475,106701,4,65,4,0
2476,106701,4,62,2,0
2477,106801,1,61,2,0
2478,106801,1,62,1,0
2479,106801,2,61,3,0
2480,106801,2,62,1,0
2481,106801,4,41,900681,3
2482,106801,3,61,4,0
2483,106801,3,62,1,0
2485,106801,4,61,4,0
2486,106801,4,62,2,0
2487,106901,1,64,1,0
2488,106901,1,65,1,0
2489,106901,1,61,1,0
2490,106901,2,64,2,0
2491,106901,2,65,1,0
2492,106901,2,61,1,0
2493,106901,4,41,900691,3
2494,106901,3,64,2,0
2495,106901,3,65,2,0
2496,106901,3,61,1,0
2498,106901,4,64,2,0
2499,106901,4,65,2,0
2500,106901,4,61,2,0
2501,107101,1,65,2,0
2502,107101,1,61,1,0
2503,107101,2,65,3,0
2504,107101,2,61,1,0
2505,107101,4,41,900711,3
2506,107101,3,65,4,0
2507,107101,3,61,1,0
2509,107101,4,65,4,0
2510,107101,4,61,2,0
2511,107201,1,63,2,0
2512,107201,1,64,1,0
2513,107201,2,63,3,0
2514,107201,2,64,1,0
2515,107201,4,41,900721,3
2516,107201,3,63,4,0
2517,107201,3,64,1,0
2519,107201,4,63,4,0
2520,107201,4,64,2,0
2521,107401,1,62,1,0
2522,107401,1,65,1,0
2523,107401,1,64,1,0
2524,107401,2,62,2,0
2525,107401,2,65,1,0
2526,107401,2,64,1,0
2527,107401,4,41,900741,3
2528,107401,3,62,2,0
2529,107401,3,65,2,0
2530,107401,3,64,1,0
2532,107401,4,62,2,0
2533,107401,4,65,2,0
2534,107401,4,64,2,0
2535,101002,1,41,910101,1
2536,101002,2,41,910101,2
2537,101002,1,63,3,0
2538,101002,3,41,910101,3
2539,101002,2,63,4,0
2540,101002,4,41,910101,3
2541,101002,3,63,5,0
2543,101002,4,63,6,0
2544,105902,1,41,910591,1
2545,105902,2,41,910591,2
2546,105902,1,61,2,0
2547,105902,1,65,1,0
2549,105902,3,41,910591,3
2550,105902,2,61,3,0
2551,105902,2,65,1,0
2553,105902,4,41,910591,3
2554,105902,3,61,4,0
2555,105902,3,65,1,0
2558,105902,4,61,4,0
2559,105902,4,65,2,0
2561,20216,1,41,202161,1
2562,20216,2,41,202161,2
2563,20216,3,41,202161,3
2564,20216,4,41,202161,4
2565,20216,5,41,202161,5
2566,103601,1,65,3,0
2567,103601,2,65,4,0
2568,103601,4,41,900361,3
2569,103601,3,65,5,0
2571,103601,4,65,6,0
2572,20217,1,41,202172,1
2573,20217,2,41,202172,2
2574,20217,3,41,202172,3
2575,20217,4,41,202172,4
2576,20217,5,41,202172,5
2577,30004,1,1,10,0
2578,30004,1,4,10,0
2579,30004,2,1,20,0
2580,30004,2,4,20,0
2581,30004,3,1,30,0
2582,30004,3,4,30,0
2583,100702,1,41,910071,1
2584,100702,2,41,910071,2
2585,100702,1,63,2,0
2586,100702,1,65,1,0
2587,100702,3,41,910071,3
2588,100702,2,63,3,0
2589,100702,2,65,1,0
2590,100702,4,41,910071,3
2591,100702,3,63,4,0
2592,100702,3,65,1,0
2594,100702,4,63,4,0
2595,100702,4,65,2,0
2596,101303,1,41,920131,1
2597,101303,2,41,920131,2
2598,101303,1,65,1,0
2599,101303,1,61,1,0
2600,101303,1,62,1,0
2601,101303,3,41,920131,3
2602,101303,2,65,2,0
2603,101303,2,61,1,0
2604,101303,2,62,1,0
2605,101303,4,41,920131,3
2606,101303,3,65,2,0
2607,101303,3,61,2,0
2608,101303,3,62,1,0
2610,101303,4,65,2,0
2611,101303,4,61,2,0
2612,101303,4,62,2,0
2613,100103,1,41,920011,1
2614,100103,2,41,920011,2
2615,100103,1,61,1,0
2616,100103,1,65,1,0
2617,100103,1,62,1,0
2618,100103,3,41,920011,3
2619,100103,2,61,2,0
2620,100103,2,65,1,0
2621,100103,2,62,1,0
2622,100103,4,41,920011,3
2623,100103,3,61,2,0
2624,100103,3,65,2,0
2625,100103,3,62,1,0
2627,100103,4,61,2,0
2628,100103,4,65,2,0
2629,100103,4,62,2,0
2630,20219,1,41,202192,1
2631,20219,2,41,202192,2
2632,20219,3,41,202192,3
2633,20219,4,41,202192,4
2634,20219,5,41,202192,5
2635,109801,1,41,900981,1
2636,109801,2,41,900981,2
2637,109801,1,65,2,0
2638,109801,1,63,1,0
2639,109801,3,41,900981,3
2640,109801,2,65,3,0
2641,109801,2,63,1,0
2642,109801,4,41,900981,3
2643,109801,3,65,4,0
2644,109801,3,63,1,0
2646,109801,4,65,4,0
2647,109801,4,63,2,0
2648,104602,1,41,910461,1
2649,104602,1,61,2,0
2650,104602,1,64,1,0
2651,104602,2,41,910461,2
2652,104602,2,61,3,0
2653,104602,2,64,1,0
2654,104602,3,41,910461,3
2655,104602,3,61,4,0
2656,104602,3,64,1,0
2657,104602,4,41,910461,3
2658,104602,4,61,4,0
2659,104602,4,64,2,0
2660,20220,1,41,202202,1
2661,20220,2,41,202202,2
2662,20220,3,41,202202,3
2663,20220,4,41,202202,4
2664,20220,5,41,202202,5
2665,20221,1,41,202212,1
2666,20221,2,41,202212,2
2667,20221,3,41,202212,3
2668,20221,4,41,202212,4
2669,20221,5,41,202212,5
2670,20222,1,41,202222,1
2671,20222,2,41,202222,2
2672,20222,3,41,202222,3
2673,20222,4,41,202222,4
2674,20222,5,41,202222,5
2675,20223,1,41,202232,1
2676,20223,2,41,202232,2
2677,20223,3,41,202232,3
2678,20223,4,41,202232,4
2679,20223,5,41,202232,5
2680,20224,1,41,202242,1
2681,20224,2,41,202242,2
2682,20224,3,41,202242,3
2683,20224,4,41,202242,4
2684,20224,5,41,202242,5
2685,20225,1,41,202252,1
2686,20225,2,41,202252,2
2687,20225,3,41,202252,3
2688,20225,4,41,202252,4
2689,20225,5,41,202252,5
2690,20226,1,41,202262,1
2691,20226,2,41,202262,2
2692,20226,3,41,202262,3
2693,20226,4,41,202262,4
2694,20226,5,41,202262,5
2695,20227,1,41,202272,1
2696,20227,2,41,202272,2
2697,20227,3,41,202272,3
2698,20227,4,41,202272,4
2699,20227,5,41,202272,5
2700,20228,1,41,202282,1
2701,20228,2,41,202282,2
2702,20228,3,41,202282,3
2703,20228,4,41,202282,4
2704,20228,5,41,202282,5
2705,20229,1,41,202292,1
2706,20229,2,41,202292,2
2707,20229,3,41,202292,3
2708,20229,4,41,202292,4
2709,20229,5,41,202292,5
2710,20230,1,41,202302,1
2711,20230,2,41,202302,2
2712,20230,3,41,202302,3
2713,20230,4,41,202302,4
2714,20230,5,41,202302,5
2715,20231,1,41,202312,1
2716,20231,2,41,202312,2
2717,20231,3,41,202312,3
2718,20231,4,41,202312,4
2719,20231,5,41,202312,5
2720,20232,1,41,202322,1
2721,20232,2,41,202322,2
2722,20232,3,41,202322,3
2723,20232,4,41,202322,4
2724,20232,5,41,202322,5
2725,20233,1,41,202332,1
2726,20233,2,41,202332,2
2727,20233,3,41,202332,3
2728,20233,4,41,202332,4
2729,20233,5,41,202332,5
2730,20234,1,41,202343,1
2731,20234,2,41,202343,2
2732,20234,3,41,202343,3
2733,20234,4,41,202343,4
2734,20234,5,41,202343,5
2735,20235,1,41,202352,1
2736,20235,2,41,202352,2
2737,20235,3,41,202352,3
2738,20235,4,41,202352,4
2739,20235,5,41,202352,5
2740,20236,1,41,202362,1
2741,20236,2,41,202362,2
2742,20236,3,41,202362,3
2743,20236,4,41,202362,4
2744,20236,5,41,202362,5
2745,20237,1,41,202372,1
2746,20237,2,41,202372,2
2747,20237,3,41,202372,3
2748,20237,4,41,202372,4
2749,20237,5,41,202372,5
2750,21007,1,41,210072,1
2751,21007,2,41,210072,2
2752,21007,3,41,210072,3
2753,21007,4,41,210072,4
2754,21007,5,41,210072,5
2755,103502,1,41,910351,1
2756,103502,1,63,1,0
2757,103502,1,61,1,0
2758,103502,1,64,1,0
2759,103502,2,41,910351,2
2760,103502,2,63,2,0
2761,103502,2,61,1,0
2762,103502,2,64,1,0
2763,103502,3,41,910351,3
2764,103502,3,63,2,0
2765,103502,3,61,2,0
2766,103502,3,64,1,0
2767,103502,4,41,910351,3
2768,103502,4,63,2,0
2769,103502,4,61,2,0
2770,103502,4,64,2,0
2771,105002,1,41,910501,1
2772,105002,1,65,1,0
2773,105002,1,64,1,0
2774,105002,1,62,1,0
2775,105002,2,41,910501,2
2776,105002,2,65,2,0
2777,105002,2,64,1,0
2778,105002,2,62,1,0
2779,105002,3,41,910501,3
2780,105002,3,65,2,0
2781,105002,3,64,2,0
2782,105002,3,62,1,0
2783,105002,4,41,910501,3
2784,105002,4,65,2,0
2785,105002,4,64,2,0
2786,105002,4,62,2,0
2787,102901,1,64,2,0
2788,102901,1,61,1,0
2789,102901,2,64,3,0
2790,102901,2,61,1,0
2791,102901,3,64,4,0
2792,102901,3,61,1,0
2793,102901,4,64,4,0
2794,102901,4,61,2,0
2795,102901,4,41,900291,3
2796,20238,1,41,202382,1
2797,20238,2,41,202382,2
2798,20238,3,41,202382,3
2799,20238,4,41,202382,4
2800,20238,5,41,202382,5
2801,20239,1,41,202392,1
2802,20239,2,41,202392,2
2803,20239,3,41,202392,3
2804,20239,4,41,202392,4
2805,20239,5,41,202392,5
2806,104201,1,65,2,0
2807,104201,1,61,1,0
2808,104201,2,65,3,0
2809,104201,2,61,1,0
2810,104201,3,65,4,0
2811,104201,3,61,1,0
2812,104201,4,41,900421,3
2813,104201,4,65,4,0
2814,104201,4,61,2,0
2815,20240,1,41,202402,1
2816,20240,2,41,202402,2
2817,20240,3,41,202402,3
2818,20240,4,41,202402,4
2819,20240,5,41,202402,5
2820,10031,1,5,3,0
2821,10031,1,41,202222,1
2822,10031,2,5,6,0
2823,10031,2,41,202222,1
2824,10031,3,5,9,0
2825,10031,3,41,202222,1
2826,10032,1,1,3,0
2827,10032,1,41,202212,1
2828,10032,2,1,6,0
2829,10032,2,41,202212,1
2830,10032,3,1,9,0
2831,10032,3,41,202212,1
2832,10033,1,3,3,0
2833,10033,1,41,202232,1
2834,10033,2,3,6,0
2835,10033,2,41,202232,1
2836,10033,3,3,9,0
2837,10033,3,41,202232,1
2838,10034,1,5,3,0
2839,10034,1,41,202202,1
2840,10034,2,5,6,0
2841,10034,2,41,202202,1
2842,10034,3,5,9,0
2843,10034,3,41,202202,1
2844,101902,1,41,910191,1
2845,101902,1,64,1,0
2846,101902,1,63,1,0
2847,101902,1,61,1,0
2848,101902,2,41,910191,2
2849,101902,2,64,2,0
2850,101902,2,63,1,0
2851,101902,2,61,1,0
2852,101902,3,41,910191,3
2853,101902,3,64,2,0
2854,101902,3,63,2,0
2855,101902,3,61,1,0
2856,101902,4,41,910191,3
2857,101902,4,64,2,0
2858,101902,4,63,2,0
2859,101902,4,61,2,0
2860,105802,1,41,910581,1
2861,105802,1,63,2,0
2862,105802,1,65,1,0
2864,105802,2,41,910581,2
2865,105802,2,63,3,0
2866,105802,2,65,1,0
2868,105802,3,41,910581,3
2869,105802,3,63,4,0
2870,105802,3,65,1,0
2872,105802,4,41,910581,3
2873,105802,4,63,4,0
2874,105802,4,65,2,0
2876,108701,1,41,900871,1
2877,108701,1,61,2,0
2878,108701,1,64,1,0
2879,108701,2,41,900871,2
2880,108701,2,61,3,0
2881,108701,2,64,1,0
2882,108701,3,41,900871,3
2883,108701,3,61,4,0
2884,108701,3,64,1,0
2885,108701,4,41,900871,3
2886,108701,4,61,4,0
2887,108701,4,64,2,0
2888,107801,1,61,1,0
2889,107801,1,65,1,0
2890,107801,1,64,1,0
2891,107801,2,61,2,0
2892,107801,2,65,1,0
2893,107801,2,64,1,0
2894,107801,3,61,2,0
2895,107801,3,65,2,0
2896,107801,3,64,1,0
2897,107801,4,41,900781,3
2898,107801,4,61,2,0
2899,107801,4,65,2,0
2900,107801,4,64,2,0
2901,21008,1,41,210091,1
2902,21008,2,41,210091,2
2903,21008,3,41,210091,3
2904,21008,4,41,210091,4
2905,21008,5,41,210091,5
2906,21009,1,41,210101,1
2907,21009,2,41,210101,2
2908,21009,3,41,210101,3
2909,21009,4,41,210101,4
2910,21009,5,41,210101,5
2911,21010,1,41,210111,1
2912,21010,2,41,210111,2
2913,21010,3,41,210111,3
2914,21010,4,41,210111,4
2915,21010,5,41,210111,5
2916,21011,1,41,210121,1
2917,21011,2,41,210121,2
2918,21011,3,41,210121,3
2919,21011,4,41,210121,4
2920,21011,5,41,210121,5
2921,21012,1,41,210131,1
2922,21012,2,41,210131,2
2923,21012,3,41,210131,3
2924,21012,4,41,210131,4
2925,21012,5,41,210131,5
2926,21013,1,41,210141,1
2927,21013,2,41,210141,2
2928,21013,3,41,210141,3
2929,21013,4,41,210141,4
2930,21013,5,41,210141,5
2931,21014,1,1,2,0
2932,21014,1,41,210091,1
2933,21014,2,1,4,0
2934,21014,2,41,210091,2
2935,21014,3,1,6,0
2936,21014,3,41,210091,3
2937,21014,4,1,8,0
2938,21014,4,41,210091,4
2939,21014,5,1,10,0
2940,21014,5,41,210091,5
2941,21015,1,2,2,0
2942,21015,1,41,210101,1
2943,21015,2,2,4,0
2944,21015,2,41,210101,2
2945,21015,3,2,6,0
2946,21015,3,41,210101,3
2947,21015,4,2,8,0
2948,21015,4,41,210101,4
2949,21015,5,2,10,0
2950,21015,5,41,210101,5
2951,21016,1,3,2,0
2952,21016,1,41,210111,1
2953,21016,2,3,4,0
2954,21016,2,41,210111,2
2955,21016,3,3,6,0
2956,21016,3,41,210111,3
2957,21016,4,3,8,0
2958,21016,4,41,210111,4
2959,21016,5,3,10,0
2960,21016,5,41,210111,5
2961,21017,1,4,2,0
2962,21017,1,41,210121,1
2963,21017,2,4,4,0
2964,21017,2,41,210121,2
2965,21017,3,4,6,0
2966,21017,3,41,210121,3
2967,21017,4,4,8,0
2968,21017,4,41,210121,4
2969,21017,5,4,10,0
2970,21017,5,41,210121,5
2971,21018,1,5,2,0
2972,21018,1,41,210131,1
2973,21018,2,5,4,0
2974,21018,2,41,210131,2
2975,21018,3,5,6,0
2976,21018,3,41,210131,3
2977,21018,4,5,8,0
2978,21018,4,41,210131,4
2979,21018,5,5,10,0
2980,21018,5,41,210131,5
2981,21019,1,6,2,0
2982,21019,1,41,210141,1
2983,21019,2,6,4,0
2984,21019,2,41,210141,2
2985,21019,3,6,6,0
2986,21019,3,41,210141,3
2987,21019,4,6,8,0
2988,21019,4,41,210141,4
2989,21019,5,6,10,0
2990,21019,5,41,210141,5
2991,102102,1,41,910211,1
2992,102102,1,61,1,0
2993,102102,1,62,1,0
2994,102102,1,64,1,0
2995,102102,2,41,910211,2
2996,102102,2,61,2,0
2997,102102,2,62,1,0
2998,102102,2,64,1,0
2999,102102,3,41,910211,3
3000,102102,3,61,2,0
3001,102102,3,62,2,0
3002,102102,3,64,1,0
3003,102102,4,41,910211,3
3004,102102,4,61,2,0
3005,102102,4,62,2,0
3006,102102,4,64,2,0
3007,103402,1,41,910341,1
3008,103402,1,61,1,0
3009,103402,1,63,1,0
3010,103402,1,65,1,0
3011,103402,2,41,910341,2
3012,103402,2,61,2,0
3013,103402,2,63,1,0
3014,103402,2,65,1,0
3015,103402,3,41,910341,3
3016,103402,3,61,2,0
3017,103402,3,63,2,0
3018,103402,3,65,1,0
3019,103402,4,41,910341,3
3020,103402,4,61,2,0
3021,103402,4,63,2,0
3022,103402,4,65,2,0
3023,20241,1,41,202412,1
3024,20241,2,41,202412,2
3025,20241,3,41,202412,3
3026,20241,4,41,202412,4
3027,20241,5,41,202412,5
3028,20242,1,41,202422,1
3029,20242,2,41,202422,2
3030,20242,3,41,202422,3
3031,20242,4,41,202422,4
3032,20242,5,41,202422,5
3033,104901,1,62,1,0
3034,104901,1,63,1,0
3035,104901,1,61,1,0
3036,104901,2,62,2,0
3037,104901,2,63,1,0
3038,104901,2,61,1,0
3039,104901,3,62,2,0
3040,104901,3,63,2,0
3041,104901,3,61,1,0
3042,104901,4,41,900491,3
3043,104901,4,62,2,0
3044,104901,4,63,2,0
3045,104901,4,61,2,0
3046,20243,1,41,202432,1
3047,20243,2,41,202432,2
3048,20243,3,41,202432,3
3049,20243,4,41,202432,4
3050,20243,5,41,202432,5
3051,20244,1,41,202442,1
3052,20244,2,41,202442,2
3053,20244,3,41,202442,3
3054,20244,4,41,202442,4
3055,20244,5,41,202442,5
3056,110001,1,41,901001,1
3057,110001,1,64,2,0
3058,110001,1,65,1,0
3059,110001,2,41,901001,2
3060,110001,2,64,3,0
3061,110001,2,65,1,0
3062,110001,3,41,901001,3
3063,110001,3,64,4,0
3064,110001,3,65,1,0
3065,110001,4,41,901001,3
3066,110001,4,64,4,0
3067,110001,4,65,2,0
3068,100802,1,41,910081,1
3069,100802,1,61,2,0
3070,100802,1,64,1,0
3071,100802,2,41,910081,2
3072,100802,2,61,3,0
3073,100802,2,64,1,0
3074,100802,3,41,910081,3
3075,100802,3,61,4,0
3076,100802,3,64,1,0
3077,100802,4,41,910081,3
3078,100802,4,61,4,0
3079,100802,4,64,2,0
3080,100902,1,41,910091,1
3081,100902,1,61,2,0
3082,100902,1,65,1,0
3083,100902,2,41,910091,2
3084,100902,2,61,3,0
3085,100902,2,65,1,0
3086,100902,3,41,910091,3
3087,100902,3,61,4,0
3088,100902,3,65,1,0
3089,100902,4,41,910091,3
3090,100902,4,61,4,0
3091,100902,4,65,2,0
3092,104701,1,65,2,0
3093,104701,1,62,1,0
3094,104701,2,65,3,0
3095,104701,2,62,1,0
3096,104701,3,65,4,0
3097,104701,3,62,1,0
3098,104701,4,41,900471,3
3099,104701,4,65,4,0
3100,104701,4,62,2,0
3101,21020,1,41,210082,1
3102,21020,2,41,210082,2
3103,21020,3,41,210082,3
3104,21020,4,41,210082,4
3105,21020,5,41,210082,5
3106,21021,1,1,2,0
3107,21021,1,41,210012,1
3108,21021,2,1,4,0
3109,21021,2,41,210012,2
3110,21021,3,1,6,0
3111,21021,3,41,210012,3
3112,21021,4,1,8,0
3113,21021,4,41,210012,4
3114,21021,5,1,10,0
3115,21021,5,41,210012,5
3116,21022,1,2,2,0
3117,21022,1,41,210022,1
3118,21022,2,2,4,0
3119,21022,2,41,210022,2
3120,21022,3,2,6,0
3121,21022,3,41,210022,3
3122,21022,4,2,8,0
3123,21022,4,41,210022,4
3124,21022,5,2,10,0
3125,21022,5,41,210022,5
3126,21023,1,3,2,0
3127,21023,1,41,210032,1
3128,21023,2,3,4,0
3129,21023,2,41,210032,2
3130,21023,3,3,6,0
3131,21023,3,41,210032,3
3132,21023,4,3,8,0
3133,21023,4,41,210032,4
3134,21023,5,3,10,0
3135,21023,5,41,210032,5
3136,21024,1,4,2,0
3137,21024,1,41,210042,1
3138,21024,2,4,4,0
3139,21024,2,41,210042,2
3140,21024,3,4,6,0
3141,21024,3,41,210042,3
3142,21024,4,4,8,0
3143,21024,4,41,210042,4
3144,21024,5,4,10,0
3145,21024,5,41,210042,5
3146,21025,1,5,2,0
3147,21025,1,41,210052,1
3148,21025,2,5,4,0
3149,21025,2,41,210052,2
3150,21025,3,5,6,0
3151,21025,3,41,210052,3
3152,21025,4,5,8,0
3153,21025,4,41,210052,4
3154,21025,5,5,10,0
3155,21025,5,41,210052,5
3156,20245,1,41,202452,1
3157,20245,2,41,202452,2
3158,20245,3,41,202452,3
3159,20245,4,41,202452,4
3160,20245,5,41,202452,5
3161,20246,1,41,202462,1
3162,20246,2,41,202462,2
3163,20246,3,41,202462,3
3164,20246,4,41,202462,4
3165,20246,5,41,202462,5
3166,20247,1,41,202472,1
3167,20247,2,41,202472,2
3168,20247,3,41,202472,3
3169,20247,4,41,202472,4
3170,20247,5,41,202472,5
3171,20248,1,41,202482,1
3172,20248,2,41,202482,2
3173,20248,3,41,202482,3
3174,20248,4,41,202482,4
3175,20248,5,41,202482,5
3176,101602,1,41,910161,1
3177,101602,1,64,1,0
3178,101602,1,61,1,0
3179,101602,1,62,1,0
3180,101602,2,41,910161,2
3181,101602,2,64,2,0
3182,101602,2,61,1,0
3183,101602,2,62,1,0
3184,101602,3,41,910161,3
3185,101602,3,64,2,0
3186,101602,3,61,2,0
3187,101602,3,62,1,0
3188,101602,4,41,910161,3
3189,101602,4,64,2,0
3190,101602,4,61,2,0
3191,101602,4,62,2,0
3192,106702,1,41,910671,1
3193,106702,1,62,2,0
3194,106702,1,61,1,0
3195,106702,2,41,910671,2
3196,106702,2,62,3,0
3197,106702,2,61,1,0
3198,106702,3,41,910671,3
3199,106702,3,62,4,0
3200,106702,3,61,1,0
3201,106702,4,41,910671,3
3202,106702,4,62,4,0
3203,106702,4,61,2,0
3204,106802,1,41,910681,1
3205,106802,1,63,1,0
3206,106802,1,61,1,0
3207,106802,1,65,1,0
3208,106802,2,41,910681,2
3209,106802,2,63,2,0
3210,106802,2,61,1,0
3211,106802,2,65,1,0
3212,106802,3,41,910681,3
3213,106802,3,63,2,0
3214,106802,3,61,2,0
3215,106802,3,65,1,0
3216,106802,4,41,910681,3
3217,106802,4,63,2,0
3218,106802,4,61,2,0
3219,106802,4,65,2,0
3220,20249,1,41,202492,1
3221,20249,2,41,202492,2
3222,20249,3,41,202492,3
3223,20249,4,41,202492,4
3224,20249,5,41,202492,5
3225,109901,1,41,900991,1
3226,109901,1,62,1,0
3227,109901,1,61,1,0
3228,109901,1,65,1,0
3229,109901,2,41,900991,2
3230,109901,2,62,2,0
3231,109901,2,61,1,0
3232,109901,2,65,1,0
3233,109901,3,41,900991,3
3234,109901,3,62,2,0
3235,109901,3,61,2,0
3236,109901,3,65,1,0
3237,109901,4,41,900991,3
3238,109901,4,62,2,0
3239,109901,4,61,2,0
3240,109901,4,65,2,0
3241,106501,1,61,2,0
3242,106501,1,63,1,0
3243,106501,2,61,3,0
3244,106501,2,63,1,0
3245,106501,3,61,4,0
3246,106501,3,63,1,0
3247,106501,4,41,900651,3
3248,106501,4,61,4,0
3249,106501,4,63,2,0
3250,102702,1,41,910271,1
3251,102702,1,64,1,0
3252,102702,1,61,1,0
3253,102702,1,63,1,0
3254,102702,2,41,910271,2
3255,102702,2,64,2,0
3256,102702,2,61,1,0
3257,102702,2,63,1,0
3258,102702,3,41,910271,3
3259,102702,3,64,2,0
3260,102702,3,61,2,0
3261,102702,3,63,1,0
3262,102702,4,41,910271,3
3263,102702,4,64,2,0
3264,102702,4,61,2,0
3265,102702,4,63,2,0
3266,103102,1,41,910311,1
3267,103102,1,61,1,0
3268,103102,1,64,1,0
3269,103102,1,62,1,0
3270,103102,2,41,910311,2
3271,103102,2,61,2,0
3272,103102,2,64,1,0
3273,103102,2,62,1,0
3274,103102,3,41,910311,3
3275,103102,3,61,2,0
3276,103102,3,64,2,0
3277,103102,3,62,1,0
3278,103102,4,41,910311,3
3279,103102,4,61,2,0
3280,103102,4,64,2,0
3281,103102,4,62,2,0
3282,20250,1,41,202502,1
3283,20250,2,41,202502,2
3284,20250,3,41,202502,3
3285,20250,4,41,202502,4
3286,20250,5,41,202502,5
3287,104301,1,61,1,0
3288,104301,1,63,1,0
3289,104301,1,64,1,0
3290,104301,2,61,2,0
3291,104301,2,63,1,0
3292,104301,2,64,1,0
3293,104301,3,61,2,0
3294,104301,3,63,2,0
3295,104301,3,64,1,0
3296,104301,4,41,900431,3
3297,104301,4,61,2,0
3298,104301,4,63,2,0
3299,104301,4,64,2,0
3300,105701,1,61,1,0
3301,105701,1,62,1,0
3302,105701,1,65,1,0
3303,105701,2,61,2,0
3304,105701,2,62,1,0
3305,105701,2,65,1,0
3306,105701,3,61,2,0
3307,105701,3,62,2,0
3308,105701,3,65,1,0
3309,105701,4,41,900571,3
3310,105701,4,61,2,0
3311,105701,4,62,2,0
3312,105701,4,65,2,0
3313,106601,1,61,3,0
3314,106601,2,61,4,0
3315,106601,3,61,5,0
3316,106601,4,41,900661,3
3317,106601,4,61,6,0
3318,30005,1,1,10,0
3319,30005,1,3,10,0
3320,30005,2,1,20,0
3321,30005,2,3,20,0
3322,30005,3,1,30,0
3323,30005,3,3,30,0
3324,21026,1,41,210262,1
3325,21026,2,41,210262,2
3326,21026,3,41,210262,3
3327,21026,4,41,210262,4
3328,21026,5,41,210262,5
3329,21027,1,41,210272,1
3330,21027,2,41,210272,2
3331,21027,3,41,210272,3
3332,21027,4,41,210272,4
3333,21027,5,41,210272,5
3334,21028,1,41,210282,1
3335,21028,2,41,210282,2
3336,21028,3,41,210282,3
3337,21028,4,41,210282,4
3338,21028,5,41,210282,5
3339,108501,1,41,900851,1
3340,108501,1,63,2,0
3341,108501,1,65,1,0
3342,108501,2,41,900851,2
3343,108501,2,63,3,0
3344,108501,2,65,1,0
3345,108501,3,41,900851,3
3346,108501,3,63,4,0
3347,108501,3,65,1,0
3348,108501,4,41,900851,3
3349,108501,4,63,4,0
3350,108501,4,65,2,0
3351,20252,1,41,202522,1
3352,20252,2,41,202522,2
3353,20252,3,41,202522,3
3354,20252,4,41,202522,4
3355,20252,5,41,202522,5
3356,20253,1,41,202532,1
3357,20253,2,41,202532,2
3358,20253,3,41,202532,3
3359,20253,4,41,202532,4
3360,20253,5,41,202532,5
3361,108301,1,41,900831,1
3362,108301,1,62,2,0
3363,108301,1,63,1,0
3364,108301,2,41,900831,2
3365,108301,2,62,3,0
3366,108301,2,63,1,0
3367,108301,3,41,900831,3
3368,108301,3,62,4,0
3369,108301,3,63,1,0
3370,108301,4,41,900831,3
3371,108301,4,62,4,0
3372,108301,4,63,2,0
3373,20254,1,41,202542,1
3374,20254,2,41,202542,2
3375,20254,3,41,202542,3
3376,20254,4,41,202542,4
3377,20254,5,41,202542,5
3378,106902,1,41,910691,1
3379,106902,1,63,1,0
3380,106902,1,61,1,0
3381,106902,1,65,1,0
3382,106902,2,41,910691,2
3383,106902,2,63,2,0
3384,106902,2,61,1,0
3385,106902,2,65,1,0
3386,106902,3,41,910691,3
3387,106902,3,63,2,0
3388,106902,3,61,2,0
3389,106902,3,65,1,0
3390,106902,4,41,910691,3
3391,106902,4,63,2,0
3392,106902,4,61,2,0
3393,106902,4,65,2,0
3394,107102,1,41,910711,1
3395,107102,1,65,1,0
3396,107102,1,62,1,0
3397,107102,1,61,1,0
3398,107102,2,41,910711,2
3399,107102,2,65,2,0
3400,107102,2,62,1,0
3401,107102,2,61,1,0
3402,107102,3,41,910711,3
3403,107102,3,65,2,0
3404,107102,3,62,2,0
3405,107102,3,61,1,0
3406,107102,4,41,910711,3
3407,107102,4,65,2,0
3408,107102,4,62,2,0
3409,107102,4,61,2,0
3410,20255,1,41,202552,1
3411,20255,2,41,202552,2
3412,20255,3,41,202552,3
3413,20255,4,41,202552,4
3414,20255,5,41,202552,5
3415,20256,1,41,202562,1
3416,20256,2,41,202562,2
3417,20256,3,41,202562,3
3418,20256,4,41,202562,4
3419,20256,5,41,202562,5
3420,107601,1,62,2,0
3421,107601,1,63,1,0
3422,107601,2,62,3,0
3423,107601,2,63,1,0
3424,107601,3,62,4,0
3425,107601,3,63,1,0
3426,107601,4,41,900761,3
3427,107601,4,62,4,0
3428,107601,4,63,2,0
3429,20258,1,41,202582,1
3430,20258,2,41,202582,2
3431,20258,3,41,202582,3
3432,20258,4,41,202582,4
3433,20258,5,41,202582,5
3434,110501,1,41,901051,1
3435,110501,1,65,3,0
3436,110501,2,41,901051,2
3437,110501,2,65,4,0
3438,110501,3,41,901051,3
3439,110501,3,65,5,0
3440,110501,4,41,901051,3
3441,110501,4,65,6,0
3442,20259,1,41,202592,1
3443,20259,2,41,202592,2
3444,20259,3,41,202592,3
3445,20259,4,41,202592,4
3446,20259,5,41,202592,5
3447,104102,1,41,910411,1
3448,104102,1,61,1,0
3449,104102,1,63,1,0
3450,104102,1,65,1,0
3451,104102,2,41,910411,2
3452,104102,2,61,2,0
3453,104102,2,63,1,0
3454,104102,2,65,1,0
3455,104102,3,41,910411,3
3456,104102,3,61,2,0
3457,104102,3,63,2,0
3458,104102,3,65,1,0
3459,104102,4,41,910411,3
3460,104102,4,61,2,0
3461,104102,4,63,2,0
3462,104102,4,65,2,0
3463,106202,1,41,910621,1
3464,106202,1,63,2,0
3465,106202,1,61,1,0
3466,106202,2,41,910621,2
3467,106202,2,63,3,0
3468,106202,2,61,1,0
3469,106202,3,41,910621,3
3470,106202,3,63,4,0
3471,106202,3,61,1,0
3472,106202,4,41,910621,3
3473,106202,4,63,4,0
3474,106202,4,61,2,0
3475,20260,1,41,202602,1
3476,20260,2,41,202602,2
3477,20260,3,41,202602,3
3478,20260,4,41,202602,4
3479,20260,5,41,202602,5
3480,40004,1,51,1000014,1
3481,110601,1,41,901061,1
3482,110601,1,62,1,0
3483,110601,1,64,1,0
3484,110601,2,41,901061,2
3485,110601,2,62,2,0
3486,110601,2,64,1,0
3487,110601,3,41,901061,3
3488,110601,3,62,2,0
3489,110601,3,64,2,0
3490,110601,4,41,901061,3
3491,110601,4,62,2,0
3492,110601,4,64,2,0
3493,20261,1,41,202612,1
3494,20261,2,41,202612,2
3495,20261,3,41,202612,3
3496,20261,4,41,202612,4
3497,20261,5,41,202612,5
3498,20262,1,41,202622,1
3499,20262,2,41,202622,2
3500,20262,3,41,202622,3
3501,20262,4,41,202622,4
3502,20262,5,41,202622,5
3503,108401,1,41,900841,1
3504,108401,1,63,3,0
3505,108401,2,41,900841,2
3506,108401,2,63,4,0
3507,108401,3,41,900841,3
3508,108401,3,63,5,0
3509,108401,4,41,900841,3
3510,108401,4,63,6,0
3511,20265,1,41,202652,1
3512,20265,2,41,202652,2
3513,20265,3,41,202652,3
3514,20265,4,41,202652,4
3515,20265,5,41,202652,5
3516,20266,1,41,202662,1
3517,20266,2,41,202662,2
3518,20266,3,41,202662,3
3519,20266,4,41,202662,4
3520,20266,5,41,202662,5
3521,110601,1,63,1,0
3522,110601,2,63,1,0
3523,110601,3,63,1,0
3524,110601,4,63,2,0
3525,20264,1,41,202642,1
3526,20264,2,41,202642,2
3527,20264,3,41,202642,3
3528,20264,4,41,202642,4
3529,20264,5,41,202642,5
3530,101202,1,41,910121,1
3531,101202,1,63,1,0
3532,101202,1,61,1,0
3533,101202,1,65,1,0
3534,101202,2,41,910121,2
3535,101202,2,63,2,0
3536,101202,2,61,1,0
3537,101202,2,65,1,0
3538,101202,3,41,910121,3
3539,101202,3,63,2,0
3540,101202,3,61,2,0
3541,101202,3,65,1,0
3542,101202,4,41,910121,3
3543,101202,4,63,2,0
3544,101202,4,61,2,0
3545,101202,4,65,2,0
3546,105102,1,41,910511,1
3547,105102,1,65,2,0
3548,105102,1,61,1,0
3549,105102,2,41,910511,2
3550,105102,2,65,3,0
3551,105102,2,61,1,0
3552,105102,3,41,910511,3
3553,105102,3,65,4,0
3554,105102,3,61,1,0
3555,105102,4,41,910511,3
3556,105102,4,65,4,0
3557,105102,4,61,2,0
3558,105501,1,65,2,0
3559,105501,1,63,1,0
3560,105501,2,65,3,0
3561,105501,2,63,1,0
3562,105501,3,65,4,0
3563,105501,3,63,1,0
3564,105501,4,41,900551,3
3565,105501,4,65,4,0
3566,105501,4,63,2,0
3567,104802,1,41,910481,1
3568,104802,1,63,1,0
3569,104802,1,61,1,0
3570,104802,1,62,1,0
3571,104802,2,41,910481,2
3572,104802,2,63,2,0
3573,104802,2,61,1,0
3574,104802,2,62,1,0
3575,104802,3,41,910481,3
3576,104802,3,63,2,0
3577,104802,3,61,2,0
3578,104802,3,62,1,0
3579,104802,4,41,910481,3
3580,104802,4,63,2,0
3581,104802,4,61,2,0
3582,104802,4,62,2,0
3583,105302,1,41,910531,1
3584,105302,1,61,1,0
3585,105302,1,64,1,0
3586,105302,1,63,1,0
3587,105302,2,41,910531,2
3588,105302,2,61,2,0
3589,105302,2,64,1,0
3590,105302,2,63,1,0
3591,105302,3,41,910531,3
3592,105302,3,61,2,0
3593,105302,3,64,2,0
3594,105302,3,63,1,0
3595,105302,4,41,910531,3
3596,105302,4,61,2,0
3597,105302,4,64,2,0
3598,105302,4,63,2,0
3599,20267,1,41,202672,1
3600,20267,2,41,202672,2
3601,20267,3,41,202672,3
3602,20267,4,41,202672,4
3603,20267,5,41,202672,5
3604,20268,1,41,202682,1
3605,20268,2,41,202682,2
3606,20268,3,41,202682,3
3607,20268,4,41,202682,4
3608,20268,5,41,202682,5
3609,110401,1,41,901041,1
3610,110401,1,61,1,0
3611,110401,1,64,1,0
3612,110401,1,63,1,0
3613,110401,2,41,901041,2
3614,110401,2,61,2,0
3615,110401,2,64,1,0
3616,110401,2,63,1,0
3617,110401,3,41,901041,3
3618,110401,3,61,2,0
3619,110401,3,64,2,0
3620,110401,3,63,1,0
3621,110401,4,41,901041,3
3622,110401,4,61,2,0
3623,110401,4,64,2,0
3624,110401,4,63,2,0
3625,107001,1,41,900701,1
3626,107001,1,65,2,0
3627,107001,1,63,1,0
3628,107001,2,41,900701,2
3629,107001,2,65,3,0
3630,107001,2,63,1,0
3631,107001,3,41,900701,3
3632,107001,3,65,4,0
3633,107001,3,63,1,0
3634,107001,4,41,900701,3
3635,107001,4,65,4,0
3636,107001,4,63,2,0
3637,100202,1,41,910021,1
3638,100202,1,62,2,0
3639,100202,1,61,1,0
3640,100202,2,41,910021,2
3641,100202,2,62,3,0
3642,100202,2,61,1,0
3643,100202,3,41,910021,3
3644,100202,3,62,4,0
3645,100202,3,61,1,0
3646,100202,4,41,910021,3
3647,100202,4,62,4,0
3648,100202,4,61,2,0
3649,103202,1,41,910321,1
3650,103202,1,65,1,0
3651,103202,1,63,1,0
3652,103202,1,61,1,0
3653,103202,2,41,910321,2
3654,103202,2,65,2,0
3655,103202,2,63,1,0
3656,103202,2,61,1,0
3657,103202,3,41,910321,3
3658,103202,3,65,2,0
3659,103202,3,63,2,0
3660,103202,3,61,1,0
3661,103202,4,41,910321,3
3662,103202,4,65,2,0
3663,103202,4,63,2,0
3664,103202,4,61,2,0
3665,20269,1,41,202692,1
3666,20269,2,41,202692,2
3667,20269,3,41,202692,3
3668,20269,4,41,202692,4
3669,20269,5,41,202692,5
3670,20270,1,41,202702,1
3671,20270,2,41,202702,2
3672,20270,3,41,202702,3
3673,20270,4,41,202702,4
3674,20270,5,41,202702,5
3675,107701,1,41,900771,1
3676,107701,1,61,2,0
3677,107701,1,62,1,0
3678,107701,2,41,900771,2
3679,107701,2,61,3,0
3680,107701,2,62,1,0
3681,107701,3,41,900771,3
3682,107701,3,61,4,0
3683,107701,3,62,1,0
3684,107701,4,41,900771,3
3685,107701,4,61,4,0
3686,107701,4,62,2,0
3687,20271,1,41,202712,1
3688,20271,2,41,202712,2
3689,20271,3,41,202712,3
3690,20271,4,41,202712,4
3691,20271,5,41,202712,5
3692,20272,1,41,202722,1
3693,20272,2,41,202722,2
3694,20272,3,41,202722,3
3695,20272,4,41,202722,4
3696,20272,5,41,202722,5
3697,30006,1,2,10,0
3698,30006,1,3,10,0
3699,30006,2,2,20,0
3700,30006,2,3,20,0
3701,30006,3,2,30,0
3702,30006,3,3,30,0
3703,31001,1,3,1,0
3704,31001,2,3,4,0
3705,31001,3,3,7,0
3706,31001,4,3,10,0
3707,31001,5,3,13,0
3708,31002,1,6,1,0
3709,31002,2,6,4,0
3710,31002,3,6,7,0
3711,31002,4,6,10,0
3712,31002,5,6,13,0
3713,31003,1,4,1,0
3714,31003,2,4,4,0
3715,31003,3,4,7,0
3716,31003,4,4,10,0
3717,31003,5,4,13,0
3718,31004,1,2,1,0
3719,31004,2,2,4,0
3720,31004,3,2,7,0
3721,31004,4,2,10,0
3722,31004,5,2,13,0
3723,31005,1,5,1,0
3724,31005,2,5,4,0
3725,31005,3,5,7,0
3726,31005,4,5,10,0
3727,31005,5,5,13,0
3728,31006,1,1,1,0
3729,31006,2,1,4,0
3730,31006,3,1,7,0
3731,31006,4,1,10,0
3732,31006,5,1,13,0
3733,31007,1,2,3,0
3734,31007,1,4,3,0
3735,31007,2,2,6,0
3736,31007,2,4,6,0
3737,31007,3,2,9,0
3738,31007,3,4,9,0
3739,31008,1,3,3,0
3740,31008,1,5,3,0
3741,31008,2,3,6,0
3742,31008,2,5,6,0
3743,31008,3,3,9,0
3744,31008,3,5,9,0
3745,31009,1,1,3,0
3746,31009,1,41,200332,1
3747,31009,2,1,6,0
3748,31009,2,41,200332,1
3749,31009,3,1,9,0
3750,31009,3,41,200332,1
3751,31010,1,6,3,0
3752,31010,1,41,202172,1
3753,31010,2,6,6,0
3754,31010,2,41,202172,1
3755,31010,3,6,9,0
3756,31010,3,41,202172,1
3757,20273,1,41,202732,1
3758,20273,2,41,202732,2
3759,20273,3,41,202732,3
3760,20273,4,41,202732,4
3761,20273,5,41,202732,5
3762,10035,1,2,3,0
3763,10035,1,41,202732,1
3764,10035,2,2,6,0
3765,10035,2,41,202732,1
3766,10035,3,2,9,0
3767,10035,3,41,202732,1
3768,21029,1,41,210292,1
3769,21029,2,41,210292,2
3770,21029,3,41,210292,3
3771,21029,4,41,210292,4
3772,21029,5,41,210292,5
3773,100703,1,41,920071,1
3774,100703,1,62,1,0
3775,100703,1,61,1,0
3776,100703,1,63,1,0
3777,100703,2,41,920071,2
3778,100703,2,62,2,0
3779,100703,2,61,1,0
3780,100703,2,63,1,0
3781,100703,3,41,920071,3
3782,100703,3,62,2,0
3783,100703,3,61,2,0
3784,100703,3,63,1,0
3785,100703,4,41,920071,3
3786,100703,4,62,2,0
3787,100703,4,61,2,0
3788,100703,4,63,2,0
3789,40005,1,51,1000015,1
3790,109301,1,41,900931,1
3791,109301,1,64,2,0
3792,109301,1,61,1,0
3793,109301,2,41,900931,2
3794,109301,2,64,3,0
3795,109301,2,61,1,0
3796,109301,3,41,900931,3
3797,109301,3,64,4,0
3798,109301,3,61,1,0
3799,109301,4,41,900931,3
3800,109301,4,64,4,0
3801,109301,4,61,2,0
3802,106703,1,41,920671,1
3803,106703,1,62,1,0
3804,106703,1,61,1,0
3805,106703,1,64,1,0
3806,106703,2,41,920671,2
3807,106703,2,62,2,0
3808,106703,2,61,1,0
3809,106703,2,64,1,0
3810,106703,3,41,920671,3
3811,106703,3,62,2,0
3812,106703,3,61,2,0
3813,106703,3,64,1,0
3814,106703,4,41,920671,3
3815,106703,4,62,2,0
3816,106703,4,61,2,0
3817,106703,4,64,2,0
3818,103602,1,41,910361,1
3819,103602,1,62,1,0
3820,103602,1,65,1,0
3821,103602,1,63,1,0
3822,103602,2,41,910361,2
3823,103602,2,62,2,0
3824,103602,2,65,1,0
3825,103602,2,63,1,0
3826,103602,3,41,910361,3
3827,103602,3,62,2,0
3828,103602,3,65,2,0
3829,103602,3,63,1,0
3830,103602,4,41,910361,3
3831,103602,4,62,2,0
3832,103602,4,65,2,0
3833,103602,4,63,2,0
3834,108302,1,41,910831,1
3835,108302,1,63,2,0
3836,108302,1,61,1,0
3837,108302,2,41,910831,2
3838,108302,2,63,3,0
3839,108302,2,61,1,0
3840,108302,3,41,910831,3
3841,108302,3,63,4,0
3842,108302,3,61,1,0
3843,108302,4,41,910831,3
3844,108302,4,63,4,0
3845,108302,4,61,2,0
3846,108601,1,41,900861,1
3847,108601,1,61,2,0
3848,108601,1,65,1,0
3849,108601,2,41,900861,2
3850,108601,2,61,3,0
3851,108601,2,65,1,0
3852,108601,3,41,900861,3
3853,108601,3,61,4,0
3854,108601,3,65,1,0
3855,108601,4,41,900861,3
3856,108601,4,61,4,0
3857,108601,4,65,2,0
3858,20274,1,41,202742,1
3859,20274,2,41,202742,2
3860,20274,3,41,202742,3
3861,20274,4,41,202742,4
3862,20274,5,41,202742,5
3863,100303,1,41,920031,1
3864,100303,1,61,1,0
3865,100303,1,62,1,0
3866,100303,1,65,1,0
3867,100303,2,41,920031,2
3868,100303,2,61,2,0
3869,100303,2,62,1,0
3870,100303,2,65,1,0
3871,100303,3,41,920031,3
3872,100303,3,61,2,0
3873,100303,3,62,2,0
3874,100303,3,65,1,0
3875,100303,4,41,920031,3
3876,100303,4,61,2,0
3877,100303,4,62,2,0
3878,100303,4,65,2,0
3879,103902,1,41,910391,1
3880,103902,1,64,1,0
3881,103902,1,63,1,0
3882,103902,1,62,1,0
3883,103902,2,41,910391,2
3884,103902,2,64,2,0
3885,103902,2,63,1,0
3886,103902,2,62,1,0
3887,103902,3,41,910391,3
3888,103902,3,64,2,0
3889,103902,3,63,2,0
3890,103902,3,62,1,0
3891,103902,4,41,910391,3
3892,103902,4,64,2,0
3893,103902,4,63,2,0
3894,103902,4,62,2,0
3895,20275,1,41,202752,1
3896,20275,2,41,202752,2
3897,20275,3,41,202752,3
3898,20275,4,41,202752,4
3899,20275,5,41,202752,5
3900,110701,1,41,901071,1
3901,110701,1,63,1,0
3902,110701,1,61,1,0
3903,110701,1,64,1,0
3904,110701,2,41,901071,2
3905,110701,2,63,2,0
3906,110701,2,61,1,0
3907,110701,2,64,1,0
3908,110701,3,41,901071,3
3909,110701,3,63,2,0
3910,110701,3,61,2,0
3911,110701,3,64,1,0
3912,110701,4,41,901071,3
3913,110701,4,63,2,0
3914,110701,4,61,2,0
3915,110701,4,64,2,0
3916,20276,1,41,202762,1
3917,20276,2,41,202762,2
3918,20276,3,41,202762,3
3919,20276,4,41,202762,4
3920,20276,5,41,202762,5
3921,20277,1,41,202772,1
3922,20277,2,41,202772,2
3923,20277,3,41,202772,3
3924,20277,4,41,202772,4
3925,20277,5,41,202772,5
3926,106402,1,41,910641,1
3927,106402,1,62,2,0
3928,106402,1,61,1,0
3929,106402,2,41,910641,2
3930,106402,2,62,3,0
3931,106402,2,61,1,0
3932,106402,3,41,910641,3
3933,106402,3,62,4,0
3934,106402,3,61,1,0
3935,106402,4,41,910641,3
3936,106402,4,62,4,0
3937,106402,4,61,2,0
3938,107402,1,41,910741,1
3939,107402,1,62,2,0
3940,107402,1,65,1,0
3941,107402,2,41,910741,2
3942,107402,2,62,3,0
3943,107402,2,65,1,0
3944,107402,3,41,910741,3
3945,107402,3,62,4,0
3946,107402,3,65,1,0
3947,107402,4,41,910741,3
3948,107402,4,62,4,0
3949,107402,4,65,2,0
3950,20279,1,41,202792,1
3951,20279,2,41,202792,2
3952,20279,3,41,202792,3
3953,20279,4,41,202792,4
3954,20279,5,41,202792,5
3955,20280,1,41,202802,1
3956,20280,2,41,202802,2
3957,20280,3,41,202802,3
3958,20280,4,41,202802,4
3959,20280,5,41,202802,5
3960,108801,1,41,900881,1
3961,108801,1,63,2,0
3962,108801,1,64,1,0
3963,108801,2,41,900881,2
3964,108801,2,63,3,0
3965,108801,2,64,1,0
3966,108801,3,41,900881,3
3967,108801,3,63,4,0
3968,108801,3,64,1,0
3969,108801,4,41,900881,3
3970,108801,4,63,4,0
3971,108801,4,64,2,0
3972,40006,1,51,1000016,1
3973,108901,1,41,900891,1
3974,108901,1,65,1,0
3975,108901,1,64,1,0
3976,108901,1,62,1,0
3977,108901,2,41,900891,2
3978,108901,2,65,2,0
3979,108901,2,64,1,0
3980,108901,2,62,1,0
3981,108901,3,41,900891,3
3982,108901,3,65,2,0
3983,108901,3,64,2,0
3984,108901,3,62,1,0
3985,108901,4,41,900891,3
3986,108901,4,65,2,0
3987,108901,4,64,2,0
3988,108901,4,62,2,0
3989,106803,1,41,920681,1
3990,106803,1,64,2,0
3991,106803,1,61,1,0
3992,106803,2,41,920681,2
3993,106803,2,64,3,0
3994,106803,2,61,1,0
3995,106803,3,41,920681,3
3996,106803,3,64,4,0
3997,106803,3,61,1,0
3998,106803,4,41,920681,3
3999,106803,4,64,4,0
4000,106803,4,61,2,0
4001,20281,1,41,202812,1
4002,20281,2,41,202812,2
4003,20281,3,41,202812,3
4004,20281,4,41,202812,4
4005,20281,5,41,202812,5
4006,20282,1,41,202822,1
4007,20282,2,41,202822,2
4008,20282,3,41,202822,3
4009,20282,4,41,202822,4
4010,20282,5,41,202822,5
4011,106003,1,41,920601,1
4012,106003,1,61,1,0
4013,106003,1,65,1,0
4014,106003,1,63,1,0
4015,106003,2,41,920601,2
4016,106003,2,61,2,0
4017,106003,2,65,1,0
4018,106003,2,63,1,0
4019,106003,3,41,920601,3
4020,106003,3,61,2,0
4021,106003,3,65,2,0
4022,106003,3,63,1,0
4023,106003,4,41,920601,3
4024,106003,4,61,2,0
4025,106003,4,65,2,0
4026,106003,4,63,2,0
4027,109101,1,41,900911,1
4028,109101,1,63,1,0
4029,109101,1,65,1,0
4030,109101,1,61,1,0
4031,109101,2,41,900911,2
4032,109101,2,63,2,0
4033,109101,2,65,1,0
4034,109101,2,61,1,0
4035,109101,3,41,900911,3
4036,109101,3,63,2,0
4037,109101,3,65,2,0
4038,109101,3,61,1,0
4039,109101,4,41,900911,3
4040,109101,4,63,2,0
4041,109101,4,65,2,0
4042,109101,4,61,2,0
4043,20283,1,41,202832,1
4044,20283,2,41,202832,2
4045,20283,3,41,202832,3
4046,20283,4,41,202832,4
4047,20283,5,41,202832,5
4048,20284,1,41,202842,1
4049,20284,2,41,202842,2
4050,20284,3,41,202842,3
4051,20284,4,41,202842,4
4052,20284,5,41,202842,5
4053,102502,1,41,910251,1
4054,102502,1,62,2,0
4055,102502,1,63,1,0
4056,102502,2,41,910251,2
4057,102502,2,62,3,0
4058,102502,2,63,1,0
4059,102502,3,41,910251,3
4060,102502,3,62,4,0
4061,102502,3,63,1,0
4062,102502,4,41,910251,3
4063,102502,4,62,4,0
4064,102502,4,63,2,0
4065,102902,1,41,910291,1
4066,102902,1,64,1,0
4067,102902,1,61,1,0
4068,102902,1,63,1,0
4069,102902,2,41,910291,2
4070,102902,2,64,2,0
4071,102902,2,61,1,0
4072,102902,2,63,1,0
4073,102902,3,41,910291,3
4074,102902,3,64,2,0
4075,102902,3,61,2,0
4076,102902,3,63,1,0
4077,102902,4,41,910291,3
4078,102902,4,64,2,0
4079,102902,4,61,2,0
4080,102902,4,63,2,0
4081,20285,1,41,202852,1
4082,20285,2,41,202852,2
4083,20285,3,41,202852,3
4084,20285,4,41,202852,4
4085,20285,5,41,202852,5
4086,20286,1,41,202862,1
4087,20286,2,41,202862,2
4088,20286,3,41,202862,3
4089,20286,4,41,202862,4
4090,20286,5,41,202862,5
4091,31011,1,1,5,0
4092,31011,1,6,5,0
4093,31011,2,1,10,0
4094,31011,2,6,10,0
4095,31011,3,1,15,0
4096,31011,3,6,15,0
4097,31012,1,3,5,0
4098,31012,1,6,5,0
4099,31012,2,3,10,0
4100,31012,2,6,10,0
4101,31012,3,3,15,0
4102,31012,3,6,15,0
4103,31013,1,4,5,0
4104,31013,1,6,5,0
4105,31013,2,4,10,0
4106,31013,2,6,10,0
4107,31013,3,4,15,0
4108,31013,3,6,15,0
4109,31014,1,41,210311,1
4110,31014,2,41,210311,2
4111,31014,3,41,210311,3
4112,31014,4,41,210311,4
4113,31014,5,41,210311,5
4114,105401,1,41,900541,1
4115,105401,1,63,1,0
4116,105401,1,61,1,0
4117,105401,1,64,1,0
4118,105401,2,41,900541,2
4119,105401,2,63,2,0
4120,105401,2,61,1,0
4121,105401,2,64,1,0
4122,105401,3,41,900541,3
4123,105401,3,63,2,0
4124,105401,3,61,2,0
4125,105401,3,64,1,0
4126,105401,4,41,900541,3
4127,105401,4,63,2,0
4128,105401,4,61,2,0
4129,105401,4,64,2,0
4130,106301,1,41,900631,1
4131,106301,1,64,2,0
4132,106301,1,65,1,0
4133,106301,2,41,900631,2
4134,106301,2,64,3,0
4135,106301,2,65,1,0
4136,106301,3,41,900631,3
4137,106301,3,64,4,0
4138,106301,3,65,1,0
4139,106301,4,41,900631,3
4140,106301,4,64,4,0
4141,106301,4,65,2,0
4142,110801,1,41,901081,1
4143,110801,1,61,2,0
4144,110801,1,63,1,0
4145,110801,2,41,901081,2
4146,110801,2,61,3,0
4147,110801,2,63,1,0
4148,110801,3,41,901081,3
4149,110801,3,61,4,0
4150,110801,3,63,1,0
4151,110801,4,41,901081,3
4152,110801,4,61,4,0
4153,110801,4,63,2,0
4159,20287,1,41,202872,1
4160,20287,2,41,202872,2
4161,20287,3,41,202872,3
4162,20287,4,41,202872,4
4163,20287,5,41,202872,5
4164,20288,1,41,202882,1
4165,20288,2,41,202882,2
4166,20288,3,41,202882,3
4167,20288,4,41,202882,4
4168,20288,5,41,202882,5
4169,20289,1,41,202892,1
4170,20289,2,41,202892,2
4171,20289,3,41,202892,3
4172,20289,4,41,202892,4
4173,20289,5,41,202892,5
4174,20290,1,41,202902,1
4175,20290,2,41,202902,2
4176,20290,3,41,202902,3
4177,20290,4,41,202902,4
4178,20290,5,41,202902,5
4179,20291,1,41,202912,1
4180,20291,2,41,202912,2
4181,20291,3,41,202912,3
4182,20291,4,41,202912,4
4183,20291,5,41,202912,5
4184,20292,1,41,202922,1
4185,20292,2,41,202922,2
4186,20292,3,41,202922,3
4187,20292,4,41,202922,4
4188,20292,5,41,202922,5
4189,20293,1,41,202932,1
4190,20293,2,41,202932,2
4191,20293,3,41,202932,3
4192,20293,4,41,202932,4
4193,20293,5,41,202932,5
4194,20294,1,41,202942,1
4195,20294,2,41,202942,2
4196,20294,3,41,202942,3
4197,20294,4,41,202942,4
4198,20294,5,41,202942,5
4199,21030,1,41,210302,1
4200,21030,2,41,210302,2
4201,21030,3,41,210302,3
4202,21030,4,41,210302,4
4203,21030,5,41,210302,5
4204,108001,1,41,900801,1
4205,108001,1,65,1,0
4206,108001,1,63,1,0
4207,108001,1,61,1,0
4208,108001,2,41,900801,2
4209,108001,2,65,2,0
4210,108001,2,63,1,0
4211,108001,2,61,1,0
4212,108001,3,41,900801,3
4213,108001,3,65,2,0
4214,108001,3,63,2,0
4215,108001,3,61,1,0
4216,108001,4,41,900801,3
4217,108001,4,65,2,0
4218,108001,4,63,2,0
4219,108001,4,61,2,0
4220,20295,1,41,202952,1
4221,20295,2,41,202952,2
4222,20295,3,41,202952,3
4223,20295,4,41,202952,4
4224,20295,5,41,202952,5
4225,110901,1,41,901091,1
4226,110901,1,63,2,0
4227,110901,1,64,1,0
4228,110901,2,41,901091,2
4229,110901,2,63,3,0
4230,110901,2,64,1,0
4231,110901,3,41,901091,3
4232,110901,3,63,4,0
4233,110901,3,64,1,0
4234,110901,4,41,901091,3
4235,110901,4,63,4,0
4236,110901,4,64,2,0
4237,106502,1,41,910651,1
4238,106502,1,63,1,0
4239,106502,1,61,1,0
4240,106502,1,64,1,0
4241,106502,2,41,910651,2
4242,106502,2,63,2,0
4243,106502,2,61,1,0
4244,106502,2,64,1,0
4245,106502,3,41,910651,3
4246,106502,3,63,2,0
4247,106502,3,61,2,0
4248,106502,3,64,1,0
4249,106502,4,41,910651,3
4250,106502,4,63,2,0
4251,106502,4,61,2,0
4252,106502,4,64,2,0
4253,108502,1,41,910851,1
4254,108502,1,65,1,0
4255,108502,1,63,1,0
4256,108502,1,61,1,0
4257,108502,2,41,910851,2
4258,108502,2,65,2,0
4259,108502,2,63,1,0
4260,108502,2,61,1,0
4261,108502,3,41,910851,3
4262,108502,3,65,2,0
4263,108502,3,63,2,0
4264,108502,3,61,1,0
4265,108502,4,41,910851,3
4266,108502,4,65,2,0
4267,108502,4,63,2,0
4268,108502,4,61,2,0
4269,20296,1,41,202962,1
4270,20296,2,41,202962,2
4271,20296,3,41,202962,3
4272,20296,4,41,202962,4
4273,20296,5,41,202962,5
4274,103503,1,41,920351,1
4275,103503,1,61,1,0
4276,103503,1,63,1,0
4277,103503,1,62,1,0
4278,103503,2,41,920351,2
4279,103503,2,61,2,0
4280,103503,2,63,1,0
4281,103503,2,62,1,0
4282,103503,3,41,920351,3
4283,103503,3,61,2,0
4284,103503,3,63,2,0
4285,103503,3,62,1,0
4286,103503,4,41,920351,3
4287,103503,4,61,2,0
4288,103503,4,63,2,0
4289,103503,4,62,2,0
4290,110201,1,41,901021,1
4291,110201,1,64,1,0
4292,110201,1,63,1,0
4293,110201,1,62,1,0
4294,110201,2,41,901021,2
4295,110201,2,64,2,0
4296,110201,2,63,1,0
4297,110201,2,62,1,0
4298,110201,3,41,901021,3
4299,110201,3,64,2,0
4300,110201,3,63,2,0
4301,110201,3,62,1,0
4302,110201,4,41,901021,3
4303,110201,4,64,2,0
4304,110201,4,63,2,0
4305,110201,4,62,2,0
4306,104503,1,41,920451,1
4307,104503,1,62,1,0
4308,104503,1,61,1,0
4309,104503,1,65,1,0
4310,104503,2,41,920451,2
4311,104503,2,62,2,0
4312,104503,2,61,1,0
4313,104503,2,65,1,0
4314,104503,3,41,920451,3
4315,104503,3,62,2,0
4316,104503,3,61,2,0
4317,104503,3,65,1,0
4318,104503,4,41,920451,3
4319,104503,4,62,2,0
4320,104503,4,61,2,0
4321,104503,4,65,2,0
4322,107202,1,41,910721,1
4323,107202,1,63,1,0
4324,107202,1,64,1,0
4325,107202,1,62,1,0
4326,107202,2,41,910721,2
4327,107202,2,63,2,0
4328,107202,2,64,1,0
4329,107202,2,62,1,0
4330,107202,3,41,910721,3
4331,107202,3,63,2,0
4332,107202,3,64,2,0
4333,107202,3,62,1,0
4334,107202,4,41,910721,3
4335,107202,4,63,2,0
4336,107202,4,64,2,0
4337,107202,4,62,2,0
4338,20297,1,41,202972,1
4339,20297,2,41,202972,2
4340,20297,3,41,202972,3
4341,20297,4,41,202972,4
4342,20297,5,41,202972,5
4343,103203,1,41,920321,1
4344,103203,1,61,1,0
4345,103203,1,65,1,0
4346,103203,1,63,1,0
4347,103203,2,41,920321,2
4348,103203,2,61,2,0
4349,103203,2,65,1,0
4350,103203,2,63,1,0
4351,103203,3,41,920321,3
4352,103203,3,61,2,0
4353,103203,3,65,2,0
4354,103203,3,63,1,0
4355,103203,4,41,920321,3
4356,103203,4,61,2,0
4357,103203,4,65,2,0
4358,103203,4,63,2,0
4359,20298,1,41,202982,1
4360,20298,2,41,202982,2
4361,20298,3,41,202982,3
4362,20298,4,41,202982,4
4363,20298,5,41,202982,5
4364,108201,1,41,900821,1
4365,108201,1,61,2,0
4366,108201,1,65,1,0
4367,108201,2,41,900821,2
4368,108201,2,61,3,0
4369,108201,2,65,1,0
4370,108201,3,41,900821,3
4371,108201,3,61,4,0
4372,108201,3,65,1,0
4373,108201,4,41,900821,3
4374,108201,4,61,4,0
4375,108201,4,65,2,0
4376,31015,1,1,3,0
4377,31015,1,6,3,0
4378,31015,2,1,6,0
4379,31015,2,6,6,0
4380,31015,3,1,9,0
4381,31015,3,6,9,0
4382,31016,1,2,3,0
4383,31016,1,6,3,0
4384,31016,2,2,6,0
4385,31016,2,6,6,0
4386,31016,3,2,9,0
4387,31016,3,6,9,0
4388,31017,1,3,3,0
4389,31017,1,6,3,0
4390,31017,2,3,6,0
4391,31017,2,6,6,0
4392,31017,3,3,9,0
4393,31017,3,6,9,0
4394,31018,1,4,3,0
4395,31018,1,6,3,0
4396,31018,2,4,6,0
4397,31018,2,6,6,0
4398,31018,3,4,9,0
4399,31018,3,6,9,0
4400,31019,1,5,3,0
4401,31019,1,6,3,0
4402,31019,2,5,6,0
4403,31019,2,6,6,0
4404,31019,3,5,9,0
4405,31019,3,6,9,0
4406,31020,1,41,210331,1
4407,31020,2,41,210331,2
4408,31020,3,41,210331,3
4409,31020,4,41,210331,4
4410,31020,5,41,210331,5
4411,106103,1,41,920611,1
4412,106103,1,63,1,0
4413,106103,1,65,1,0
4414,106103,1,64,1,0
4415,106103,2,41,920611,2
4416,106103,2,63,2,0
4417,106103,2,65,1,0
4418,106103,2,64,1,0
4419,106103,3,41,920611,3
4420,106103,3,63,2,0
4421,106103,3,65,2,0
4422,106103,3,64,1,0
4423,106103,4,41,920611,3
4424,106103,4,63,2,0
4425,106103,4,65,2,0
4426,106103,4,64,2,0
4427,104402,1,41,910441,1
4428,104402,1,64,1,0
4429,104402,1,61,1,0
4430,104402,1,63,1,0
4431,104402,2,41,910441,2
4432,104402,2,64,2,0
4433,104402,2,61,1,0
4434,104402,2,63,1,0
4435,104402,3,41,910441,3
4436,104402,3,64,2,0
4437,104402,3,61,2,0
4438,104402,3,63,1,0
4439,104402,4,41,910441,3
4440,104402,4,64,2,0
4441,104402,4,61,2,0
4442,104402,4,63,2,0
4443,20299,1,41,202992,1
4444,20299,2,41,202992,2
4445,20299,3,41,202992,3
4446,20299,4,41,202992,4
4447,20299,5,41,202992,5
4448,109401,1,41,900941,1
4449,109401,1,63,1,0
4450,109401,1,61,1,0
4451,109401,1,62,1,0
4452,109401,2,41,900941,2
4453,109401,2,63,2,0
4454,109401,2,61,1,0
4455,109401,2,62,1,0
4456,109401,3,41,900941,3
4457,109401,3,63,2,0
4458,109401,3,61,2,0
4459,109401,3,62,1,0
4460,109401,4,41,900941,3
4461,109401,4,63,2,0
4462,109401,4,61,2,0
4463,109401,4,62,2,0
4464,20300,1,41,203002,1
4465,20300,2,41,203002,2
4466,20300,3,41,203002,3
4467,20300,4,41,203002,4
4468,20300,5,41,203002,5
4469,111901,1,41,901191,1
4470,111901,1,62,1,0
4471,111901,1,65,1,0
4472,111901,1,63,1,0
4473,111901,2,41,901191,2
4474,111901,2,62,2,0
4475,111901,2,65,1,0
4476,111901,2,63,1,0
4477,111901,3,41,901191,3
4478,111901,3,62,2,0
4479,111901,3,65,2,0
4480,111901,3,63,1,0
4481,111901,4,41,901191,3
4482,111901,4,62,2,0
4483,111901,4,65,2,0
4484,111901,4,63,2,0
4485,20301,1,41,203012,1
4486,20301,2,41,203012,2
4487,20301,3,41,203012,3
4488,20301,4,41,203012,4
4489,20301,5,41,203012,5
4490,20302,1,41,203022,1
4491,20302,2,41,203022,2
4492,20302,3,41,203022,3
4493,20302,4,41,203022,4
4494,20302,5,41,203022,5
4495,20303,1,41,203032,1
4496,20303,2,41,203032,2
4497,20303,3,41,203032,3
4498,20303,4,41,203032,4
4499,20303,5,41,203032,5
4500,20304,1,41,203042,1
4501,20304,2,41,203042,2
4502,20304,3,41,203042,3
4503,20304,4,41,203042,4
4504,20304,5,41,203042,5
4505,21032,1,41,210322,1
4506,21032,2,41,210322,2
4507,21032,3,41,210322,3
4508,21032,4,41,210322,4
4509,21032,5,41,210322,5
4510,103003,1,41,920301,1
4511,103003,1,62,2,0
4512,103003,1,64,1,0
4513,103003,2,41,920301,2
4514,103003,2,62,3,0
4515,103003,2,64,1,0
4516,103003,3,41,920301,3
4517,103003,3,62,4,0
4518,103003,3,64,1,0
4519,103003,4,41,920301,3
4520,103003,4,62,4,0
4521,103003,4,64,2,0
4522,20305,1,41,203052,1
4523,20305,2,41,203052,2
4524,20305,3,41,203052,3
4525,20305,4,41,203052,4
4526,20305,5,41,203052,5
4535,20306,1,41,203061,1
4536,20306,2,41,203061,2
4537,20306,3,41,203061,3
4538,20306,4,41,203061,4
4539,20306,5,41,203061,5
4540,20307,1,41,203071,1
4541,20307,2,41,203071,2
4542,20307,3,41,203071,3
4543,20307,4,41,203071,4
4544,20307,5,41,203071,5
4545,103703,1,41,920371,1
4546,103703,1,64,1,0
4547,103703,1,62,1,0
4548,103703,1,65,1,0
4549,103703,2,41,920371,2
4550,103703,2,64,2,0
4551,103703,2,62,1,0
4552,103703,2,65,1,0
4553,103703,3,41,920371,3
4554,103703,3,64,2,0
4555,103703,3,62,2,0
4556,103703,3,65,1,0
4557,103703,4,41,920371,3
4558,103703,4,64,2,0
4559,103703,4,62,2,0
4560,103703,4,65,2,0
4561,109902,1,41,910991,1
4562,109902,1,61,1,0
4563,109902,1,62,1,0
4564,109902,1,65,1,0
4565,109902,2,41,910991,2
4566,109902,2,61,2,0
4567,109902,2,62,1,0
4568,109902,2,65,1,0
4569,109902,3,41,910991,3
4570,109902,3,61,2,0
4571,109902,3,62,2,0
4572,109902,3,65,1,0
4573,109902,4,41,910991,3
4574,109902,4,61,2,0
4575,109902,4,62,2,0
4576,109902,4,65,2,0
4577,20308,1,41,203082,1
4578,20308,2,41,203082,2
4579,20308,3,41,203082,3
4580,20308,4,41,203082,4
4581,20308,5,41,203082,5
4582,20309,1,41,203093,1
4583,20309,2,41,203093,2
4584,20309,3,41,203093,3
4585,20309,4,41,203093,4
4586,20309,5,41,203093,5
4587,20310,1,41,203103,1
4588,20310,2,41,203103,2
4589,20310,3,41,203103,3
4590,20310,4,41,203103,4
4591,20310,5,41,203103,5
4592,112001,1,41,901201,1
4593,112001,1,61,2,0
4594,112001,1,63,1,0
4595,112001,2,41,901201,2
4596,112001,2,61,3,0
4597,112001,2,63,1,0
4598,112001,3,41,901201,3
4599,112001,3,61,4,0
4600,112001,3,63,1,0
4601,112001,4,41,901201,3
4602,112001,4,61,4,0
4603,112001,4,63,2,0
4604,20311,1,41,203112,1
4605,20311,2,41,203112,2
4606,20311,3,41,203112,3
4607,20311,4,41,203112,4
4608,20311,5,41,203112,5
4609,111601,1,41,901161,1
4610,111601,1,63,1,0
4611,111601,1,62,1,0
4612,111601,1,61,1,0
4613,111601,2,41,901161,2
4614,111601,2,63,2,0
4615,111601,2,62,1,0
4616,111601,2,61,1,0
4617,111601,3,41,901161,3
4618,111601,3,63,2,0
4619,111601,3,62,2,0
4620,111601,3,61,1,0
4621,111601,4,41,901161,3
4622,111601,4,63,2,0
4623,111601,4,62,2,0
4624,111601,4,61,2,0
4625,20312,1,41,203122,1
4626,20312,2,41,203122,2
4627,20312,3,41,203122,3
4628,20312,4,41,203122,4
4629,20312,5,41,203122,5
4630,20313,1,41,203132,1
4631,20313,2,41,203132,2
4632,20313,3,41,203132,3
4633,20313,4,41,203132,4
4634,20313,5,41,203132,5
4635,104702,1,41,910471,1
4636,104702,1,65,1,0
4637,104702,1,63,1,0
4638,104702,1,61,1,0
4639,104702,2,41,910471,2
4640,104702,2,65,2,0
4641,104702,2,63,1,0
4642,104702,2,61,1,0
4643,104702,3,41,910471,3
4644,104702,3,65,2,0
4645,104702,3,63,2,0
4646,104702,3,61,1,0
4647,104702,4,41,910471,3
4648,104702,4,65,2,0
4649,104702,4,63,2,0
4650,104702,4,61,2,0
4651,110502,1,41,911051,1
4652,110502,1,65,1,0
4653,110502,1,64,1,0
4654,110502,1,63,1,0
4655,110502,2,41,911051,2
4656,110502,2,65,2,0
4657,110502,2,64,1,0
4658,110502,2,63,1,0
4659,110502,3,41,911051,3
4660,110502,3,65,2,0
4661,110502,3,64,2,0
4662,110502,3,63,1,0
4663,110502,4,41,911051,3
4664,110502,4,65,2,0
4665,110502,4,64,2,0
4666,110502,4,63,2,0
4667,20316,1,41,203162,1
4668,20316,2,41,203162,2
4669,20316,3,41,203162,3
4670,20316,4,41,203162,4
4671,20316,5,41,203162,5
4672,111001,1,41,901101,1
4673,111001,1,63,1,0
4674,111001,1,65,1,0
4675,111001,1,61,1,0
4676,111001,2,41,901101,2
4677,111001,2,63,2,0
4678,111001,2,65,1,0
4679,111001,2,61,1,0
4680,111001,3,41,901101,3
4681,111001,3,63,2,0
4682,111001,3,65,2,0
4683,111001,3,61,1,0
4684,111001,4,41,901101,3
4685,111001,4,63,2,0
4686,111001,4,65,2,0
4687,111001,4,61,2,0
4688,20314,1,41,203142,1
4689,20314,2,41,203142,2
4690,20314,3,41,203142,3
4691,20314,4,41,203142,4
4692,20314,5,41,203142,5
4693,20315,1,41,203152,1
4694,20315,2,41,203152,2
4695,20315,3,41,203152,3
4696,20315,4,41,203152,4
4697,20315,5,41,203152,5
4698,20317,1,41,203172,1
4699,20317,2,41,203172,2
4700,20317,3,41,203172,3
4701,20317,4,41,203172,4
4702,20317,5,41,203172,5
4703,20318,1,41,203182,1
4704,20318,2,41,203182,2
4705,20318,3,41,203182,3
4706,20318,4,41,203182,4
4707,20318,5,41,203182,5
4708,112101,1,41,901211,1
4709,112101,1,61,2,0
4710,112101,1,63,1,0
4711,112101,2,41,901211,2
4712,112101,2,61,3,0
4713,112101,2,63,1,0
4714,112101,3,41,901211,3
4715,112101,3,61,4,0
4716,112101,3,63,1,0
4717,112101,4,41,901211,3
4718,112101,4,61,4,0
4719,112101,4,63,2,0
4725,31021,1,1,4,0
4726,31021,1,6,4,0
4727,31021,2,1,8,0
4728,31021,2,6,8,0
4729,31021,3,1,12,0
4730,31021,3,6,12,0
4731,31022,1,2,4,0
4732,31022,1,6,4,0
4733,31022,2,2,8,0
4734,31022,2,6,8,0
4735,31022,3,2,12,0
4736,31022,3,6,12,0
4737,31023,1,3,4,0
4738,31023,1,6,4,0
4739,31023,2,3,8,0
4740,31023,2,6,8,0
4741,31023,3,3,12,0
4742,31023,3,6,12,0
4743,31024,1,4,4,0
4744,31024,1,6,4,0
4745,31024,2,4,8,0
4746,31024,2,6,8,0
4747,31024,3,4,12,0
4748,102403,1,41,920241,1
4749,102403,1,62,1,0
4750,102403,1,61,1,0
4751,102403,1,65,1,0
4752,102403,2,41,920241,2
4753,102403,2,62,2,0
4754,102403,2,61,1,0
4755,102403,2,65,1,0
4756,102403,3,41,920241,3
4757,102403,3,62,2,0
4758,102403,3,61,2,0
4759,102403,3,65,1,0
4760,102403,4,41,920241,3
4761,102403,4,62,2,0
4762,102403,4,61,2,0
4763,102403,4,65,2,0
4764,104202,1,41,910421,1
4765,104202,1,65,1,0
4766,104202,1,61,1,0
4767,104202,1,63,1,0
4768,104202,2,41,910421,2
4769,104202,2,65,2,0
4770,104202,2,61,1,0
4771,104202,2,63,1,0
4772,104202,3,41,910421,3
4773,104202,3,65,2,0
4774,104202,3,61,2,0
4775,104202,3,63,1,0
4776,104202,4,41,910421,3
4777,104202,4,65,2,0
4778,104202,4,61,2,0
4779,104202,4,63,2,0
4780,20320,1,41,203202,1
4781,20320,2,41,203202,2
4782,20320,3,41,203202,3
4783,20320,4,41,203202,4
4784,20320,5,41,203202,5
4785,20321,1,41,203212,1
4786,20321,2,41,203212,2
4787,20321,3,41,203212,3
4788,20321,4,41,203212,4
4789,20321,5,41,203212,5
4790,20322,1,41,203222,1
4791,20322,2,41,203222,2
4792,20322,3,41,203222,3
4793,20322,4,41,203222,4
4794,20322,5,41,203222,5
4795,20323,1,41,203232,1
4796,20323,2,41,203232,2
4797,20323,3,41,203232,3
4798,20323,4,41,203232,4
4799,20323,5,41,203232,5
4800,40007,1,51,1000017,1
4801,112401,1,41,901241,1
4802,112401,1,61,2,0
4803,112401,1,64,1,0
4804,112401,2,41,901241,2
4805,112401,2,61,3,0
4806,112401,2,64,1,0
4807,112401,3,41,901241,3
4808,112401,3,61,4,0
4809,112401,3,64,1,0
4810,112401,4,41,901241,3
4811,112401,4,61,4,0
4812,112401,4,64,2,0
4813,31024,3,6,12,0
4814,31025,1,5,4,0
4815,31025,1,6,4,0
4816,31025,2,5,8,0
4817,31025,2,6,8,0
4818,31025,3,5,12,0
4819,31025,3,6,12,0
4820,102303,1,41,920231,1
4821,102303,1,63,1,0
4822,102303,1,62,1,0
4823,102303,1,64,1,0
4824,102303,2,41,920231,2
4825,102303,2,63,2,0
4826,102303,2,62,1,0
4827,102303,2,64,1,0
4828,102303,3,41,920231,3
4829,102303,3,63,2,0
4830,102303,3,62,2,0
4831,102303,3,64,1,0
4832,102303,4,41,920231,3
4833,102303,4,63,2,0
4834,102303,4,62,2,0
4835,102303,4,64,2,0
4836,20324,1,41,203242,1
4837,20324,2,41,203242,2
4838,20324,3,41,203242,3
4839,20324,4,41,203242,4
4840,20324,5,41,203242,5
4841,20325,1,41,203252,1
4842,20325,2,41,203252,2
4843,20325,3,41,203252,3
4844,20325,4,41,203252,4
4845,20325,5,41,203252,5
4846,20326,1,41,203262,1
4847,20326,2,41,203262,2
4848,20326,3,41,203262,3
4849,20326,4,41,203262,4
4850,20326,5,41,203262,5
4851,20327,1,41,203272,1
4852,20327,2,41,203272,2
4853,20327,3,41,203272,3
4854,20327,4,41,203272,4
4855,20327,5,41,203272,5
4856,20330,1,41,203302,1
4857,20330,2,41,203302,2
4858,20330,3,41,203302,3
4859,20330,4,41,203302,4
4860,20330,5,41,203302,5
4861,20331,1,41,203312,1
4862,20331,2,41,203312,2
4863,20331,3,41,203312,3
4864,20331,4,41,203312,4
4865,20331,5,41,203312,5
4866,21034,1,41,210342,1
4867,21034,2,41,210342,2
4868,21034,3,41,210342,3
4869,21034,4,41,210342,4
4870,21034,5,41,210342,5
4887,111101,1,41,901111,1
4888,111101,1,65,2,0
4889,111101,1,63,1,0
4890,111101,2,41,901111,2
4891,111101,2,65,3,0
4892,111101,2,63,1,0
4893,111101,3,41,901111,3
4894,111101,3,65,4,0
4895,111101,3,63,1,0
4896,111101,4,41,901111,3
4897,111101,4,65,4,0
4898,111101,4,63,2,0
4899,20332,1,41,203322,1
4900,20332,2,41,203322,2
4901,20332,3,41,203322,3
4902,20332,4,41,203322,4
4903,20332,5,41,203322,5
4904,20333,1,41,203332,1
4905,20333,2,41,203332,2
4906,20333,3,41,203332,3
4907,20333,4,41,203332,4
4908,20333,5,41,203332,5
4909,103302,1,41,910331,1
4910,103302,1,63,2,0
4911,103302,1,61,1,0
4912,103302,2,41,910331,2
4913,103302,2,63,3,0
4914,103302,2,61,1,0
4915,103302,3,41,910331,3
4916,103302,3,63,4,0
4917,103302,3,61,1,0
4918,103302,4,41,910331,3
4919,103302,4,63,4,0
4920,103302,4,61,2,0
4921,107702,1,41,910771,1
4922,107702,1,63,2,0
4923,107702,1,62,1,0
4924,107702,2,41,910771,2
4925,107702,2,63,3,0
4926,107702,2,62,1,0
4927,107702,3,41,910771,3
4928,107702,3,63,4,0
4929,107702,3,62,1,0
4930,107702,4,41,910771,3
4931,107702,4,63,4,0
4932,107702,4,62,2,0
4933,20334,1,41,203342,1
4934,20334,2,41,203342,2
4935,20334,3,41,203342,3
4936,20334,4,41,203342,4
4937,20334,5,41,203342,5
4938,20335,1,41,203352,1
4939,20335,2,41,203352,2
4940,20335,3,41,203352,3
4941,20335,4,41,203352,4
4942,20335,5,41,203352,5
4943,20336,1,41,203362,1
4944,20336,2,41,203362,2
4945,20336,3,41,203362,3
4946,20336,4,41,203362,4
4947,20336,5,41,203362,5
4948,105003,1,41,920501,1
4949,105003,1,63,2,0
4950,105003,1,65,1,0
4951,105003,2,41,920501,2
4952,105003,2,63,3,0
4953,105003,2,65,1,0
4954,105003,3,41,920501,3
4955,105003,3,63,4,0
4956,105003,3,65,1,0
4957,105003,4,41,920501,3
4958,105003,4,63,4,0
4959,105003,4,65,2,0
4960,111701,1,41,901171,1
4961,111701,1,64,1,0
4962,111701,1,63,1,0
4963,111701,1,61,1,0
4964,111701,2,41,901171,2
4965,111701,2,64,2,0
4966,111701,2,63,1,0
4967,111701,2,61,1,0
4968,111701,3,41,901171,3
4969,111701,3,64,2,0
4970,111701,3,63,2,0
4971,111701,3,61,1,0
4972,111701,4,41,901171,3
4973,111701,4,64,2,0
4974,111701,4,63,2,0
4975,111701,4,61,2,0
4976,20341,1,41,203412,1
4977,20341,2,41,203412,2
4978,20341,3,41,203412,3
4979,20341,4,41,203412,4
4980,20341,5,41,203412,5
4981,20342,1,41,203422,1
4982,20342,2,41,203422,2
4983,20342,3,41,203422,3
4984,20342,4,41,203422,4
4985,20342,5,41,203422,5
4986,101103,1,41,920111,1
4987,101103,1,64,2,0
4988,101103,1,65,1,0
4989,101103,2,41,920111,2
4990,101103,2,64,3,0
4991,101103,2,65,1,0
4992,101103,3,41,920111,3
4993,101103,3,64,4,0
4994,101103,3,65,1,0
4995,101103,4,41,920111,3
4996,101103,4,64,4,0
4997,101103,4,65,2,0
4998,20337,1,41,203372,1
4999,20337,2,41,203372,2
5000,20337,3,41,203372,3
5001,20337,4,41,203372,4
5002,20337,5,41,203372,5
5003,105702,1,41,910571,1
5004,105702,1,61,2,0
5005,105702,1,63,1,0
5006,105702,2,41,910571,2
5007,105702,2,61,3,0
5008,105702,2,63,1,0
5009,105702,3,41,910571,3
5010,105702,3,61,4,0
5011,105702,3,63,1,0
5012,105702,4,41,910571,3
5013,105702,4,61,4,0
5014,105702,4,63,2,0
5027,20338,1,41,203382,1
5028,20338,2,41,203382,2
5029,20338,3,41,203382,3
5030,20338,4,41,203382,4
5031,20338,5,41,203382,5
5032,20339,1,41,203392,1
5033,20339,2,41,203392,2
5034,20339,3,41,203392,3
5035,20339,4,41,203392,4
5036,20339,5,41,203392,5
5037,20343,1,41,203432,1
5038,20343,2,41,203432,2
5039,20343,3,41,203432,3
5040,20343,4,41,203432,4
5041,20343,5,41,203432,5
5042,20344,1,41,203442,1
5043,20344,2,41,203442,2
5044,20344,3,41,203442,3
5045,20344,4,41,203442,4
5046,20344,5,41,203442,5
5047,100403,1,41,920041,1
5048,100403,1,61,2,0
5049,100403,1,63,1,0
5050,100403,2,41,920041,2
5051,100403,2,61,3,0
5052,100403,2,63,1,0
5053,100403,3,41,920041,3
5054,100403,3,61,4,0
5055,100403,3,63,1,0
5056,100403,4,41,920041,3
5057,100403,4,61,4,0
5058,100403,4,63,2,0
5059,20345,1,41,203452,1
5060,20345,2,41,203452,2
5061,20345,3,41,203452,3
5062,20345,4,41,203452,4
5063,20345,5,41,203452,5
5064,20346,1,41,203462,1
5065,20346,2,41,203462,2
5066,20346,3,41,203462,3
5067,20346,4,41,203462,4
5068,20346,5,41,203462,5
5069,107901,1,41,900791,1
5070,107901,1,61,2,0
5071,107901,1,64,1,0
5072,107901,2,41,900791,2
5073,107901,2,61,3,0
5074,107901,2,64,1,0
5075,107901,3,41,900791,3
5076,107901,3,61,4,0
5077,107901,3,64,1,0
5078,107901,4,41,900791,3
5079,107901,4,61,4,0
5080,107901,4,64,2,0
5081,20347,1,41,203472,1
5082,20347,2,41,203472,2
5083,20347,3,41,203472,3
5084,20347,4,41,203472,4
5085,20347,5,41,203472,5
5086,110402,1,41,911041,1
5087,110402,1,64,1,0
5088,110402,1,63,1,0
5089,110402,1,61,1,0
5090,110402,2,41,911041,2
5091,110402,2,64,2,0
5092,110402,2,63,1,0
5093,110402,2,61,1,0
5094,110402,3,41,911041,3
5095,110402,3,64,2,0
5096,110402,3,63,2,0
5097,110402,3,61,1,0
5098,110402,4,41,911041,3
5099,110402,4,64,2,0
5100,110402,4,63,2,0
5101,110402,4,61,2,0
5102,50001,1,11,1,0
5103,50001,2,11,2,0
5104,50002,1,12,1,0
5105,50002,2,12,2,0
5106,50003,1,31,1,0
5107,50003,2,31,2,0
5108,50004,1,32,1,0
5109,50004,2,32,2,0
5110,50005,1,33,1,0
5111,50005,2,33,2,0
5112,50006,1,34,1,0
5113,50006,2,34,2,0
5114,50007,1,21,1,0
5115,50007,2,21,2,0
5116,50008,1,22,1,0
5117,50008,2,22,2,1
5118,50009,1,23,1,2
5119,50009,2,23,2,3
5120,50010,1,24,1,4
5121,50010,2,24,2,5
5122,50011,1,1,6,0
5123,50011,2,1,12,0
5124,50011,3,1,18,0
5125,50012,1,2,6,0
5126,50012,2,2,12,0
5127,50012,3,2,18,0
5128,50013,1,3,6,0
5129,50013,2,3,12,0
5130,50013,3,3,18,0
5131,50014,1,4,6,0
5132,50014,2,4,12,0
5133,50014,3,4,18,0
5134,50015,1,5,6,0
5135,50015,2,5,12,0
5136,50015,3,5,18,0
5137,50016,1,41,200012,1
5138,50016,2,41,200012,2
5139,50016,3,41,200012,3
5140,50016,4,41,200012,4
5141,50016,5,41,200012,5
5142,50017,1,41,200022,1
5143,50017,2,41,200022,2
5144,50017,3,41,200022,3
5145,50017,4,41,200022,4
5146,50017,5,41,200022,5
5147,50018,1,41,200172,1
5148,50018,2,41,200172,2
5149,50018,3,41,200172,3
5150,50018,4,41,200172,4
5151,50018,5,41,200172,5
5152,50019,1,41,200182,1
5153,50019,2,41,200182,2
5154,50019,3,41,200182,3
5155,50019,4,41,200182,4
5156,50019,5,41,200182,5
5157,50020,1,41,200192,1
5158,50020,2,41,200192,2
5159,50020,3,41,200192,3
5160,50020,4,41,200192,4
5161,50020,5,41,200192,5
5162,50021,1,41,200202,1
5163,50021,2,41,200202,2
5164,50021,3,41,200202,3
5165,50021,4,41,200202,4
5166,50021,5,41,200202,5
5167,50022,1,7,6,1
5168,50022,2,7,12,1
5169,50022,3,7,18,1
5170,50023,1,7,6,1
5171,50023,2,7,12,1
5172,50023,3,7,18,1
5173,50024,1,7,6,1
5174,50024,2,7,12,1
5175,50024,3,7,18,1
5176,50025,1,7,6,1
5177,50025,2,7,12,1
5178,50025,3,7,18,1
5179,50026,1,7,6,1
5180,50026,2,7,12,1
5181,50026,3,7,18,1
5182,50027,1,7,6,1
5183,50027,2,7,12,1
5184,50027,3,7,18,1
5185,50028,1,7,6,1
5186,50028,2,7,12,1
5187,50028,3,7,18,1
5188,50029,1,7,6,1
5189,50029,2,7,12,1
5190,50029,3,7,18,1
5191,50030,1,7,6,1
5192,50030,2,7,12,1
5193,50030,3,7,18,1
5194,50031,1,7,6,1
5195,50031,2,7,12,1
5196,50031,3,7,18,1
5197,50032,1,7,6,1
5198,50032,2,7,12,1
5199,50032,3,7,18,1
5200,50033,1,7,6,1
5201,50033,2,7,12,1
5202,50033,3,7,18,1
5203,50034,1,7,6,1
5204,50034,2,7,12,1
5205,50034,3,7,18,1
5206,50035,1,7,6,1
5207,50035,2,7,12,1
5208,50035,3,7,18,1
5209,50036,1,7,6,1
5210,50036,2,7,12,1
5211,50036,3,7,18,1
5212,50037,1,7,6,1
5213,50037,2,7,12,1
5214,50037,3,7,18,1
5215,50038,1,7,6,1
5216,50038,2,7,12,1
5217,50038,3,7,18,1
5218,50039,1,7,6,1
5219,50039,2,7,12,1
5220,50039,3,7,18,1
5221,50040,1,7,6,1
5222,50040,2,7,12,1
5223,50040,3,7,18,1
5224,50041,1,7,6,1
5225,50041,2,7,12,1
5226,50041,3,7,18,1
5227,50042,1,7,6,1
5228,50042,2,7,12,1
5229,50042,3,7,18,1
5230,50043,1,7,6,1
5231,50043,2,7,12,1
5232,50043,3,7,18,1
5233,50044,1,7,6,1
5234,50044,2,7,12,1
5235,50044,3,7,18,1
5236,50045,1,7,6,1
5237,50045,2,7,12,1
5238,50045,3,7,18,1
5239,50046,1,7,6,1
5240,50046,2,7,12,1
5241,50046,3,7,18,1
5242,50047,1,7,6,1
5243,50047,2,7,12,1
5244,50047,3,7,18,1
5245,50048,1,7,6,1
5246,50048,2,7,12,1
5247,50048,3,7,18,1
5248,50049,1,7,6,1
5249,50049,2,7,12,1
5250,50049,3,7,18,1
5251,50050,1,7,6,1
5252,50050,2,7,12,1
5253,50050,3,7,18,1
5254,50051,1,7,6,1
5255,20340,1,41,203402,1
5256,20340,2,41,203402,2
5257,20340,3,41,203402,3
5258,20340,4,41,203402,4
5259,20340,5,41,203402,5
5260,107802,1,41,910781,1
5261,107802,1,63,2,0
5262,107802,1,64,1,0
5263,107802,2,41,910781,2
5264,107802,2,63,3,0
5265,107802,2,64,1,0
5266,107802,3,41,910781,3
5267,107802,3,63,4,0
5268,107802,3,64,1,0
5269,107802,4,41,910781,3
5270,107802,4,63,4,0
5271,107802,4,64,2,0
5272,108702,1,41,910871,1
5273,108702,1,64,1,0
5274,108702,1,61,1,0
5275,108702,1,63,1,0
5276,108702,2,41,910871,2
5277,108702,2,64,2,0
5278,108702,2,61,1,0
5279,108702,2,63,1,0
5280,108702,3,41,910871,3
5281,108702,3,64,2,0
5282,108702,3,61,2,0
5283,108702,3,63,1,0
5284,108702,4,41,910871,3
5285,108702,4,64,2,0
5286,108702,4,61,2,0
5287,108702,4,63,2,0
5288,50051,2,7,12,1
5289,50051,3,7,18,1
5290,50052,1,7,6,1
5291,50052,2,7,12,1
5292,50052,3,7,18,1
5293,50053,1,7,6,1
5294,50053,2,7,12,1
5295,50053,3,7,18,1
5296,50054,1,7,6,1
5297,50054,2,7,12,1
5298,50054,3,7,18,1
5299,50055,1,7,6,1
5300,50055,2,7,12,1
5301,50055,3,7,18,1
5302,50056,1,7,6,1
5303,50056,2,7,12,1
5304,50056,3,7,18,1
5305,50057,1,7,6,1
5306,50057,2,7,12,1
5307,50057,3,7,18,1
5308,50058,1,7,6,1
5309,50058,2,7,12,1
5310,50058,3,7,18,1
5311,50059,1,7,6,1
5312,50059,2,7,12,1
5313,50059,3,7,18,1
5314,50060,1,7,6,1
5315,50060,2,7,12,1
5316,50060,3,7,18,1
5317,20348,1,41,203482,1
5318,20348,2,41,203482,2
5319,20348,3,41,203482,3
5320,20348,4,41,203482,4
5321,20348,5,41,203482,5
5322,20349,1,41,203492,1
5323,20349,2,41,203492,2
5324,20349,3,41,203492,3
5325,20349,4,41,203492,4
5326,20349,5,41,203492,5
5327,107301,1,41,900731,1
5328,107301,1,63,2,0
5329,107301,1,64,1,0
5330,107301,2,41,900731,2
5331,107301,2,63,3,0
5332,107301,2,64,1,0
5333,107301,3,41,900731,3
5334,107301,3,63,4,0
5335,107301,3,64,1,0
5336,107301,4,41,900731,3
5337,107301,4,63,4,0
5338,107301,4,64,2,0
5339,50061,1,7,6,1
5340,50061,2,7,12,1
5341,50061,3,7,18,1
5342,31026,1,3,12,0
5343,31026,1,4,12,0
5344,31026,2,3,24,0
5345,31026,2,4,24,0
5346,31026,3,3,36,0
5347,31026,3,4,36,0
5348,111501,1,41,901151,1
5349,111501,1,61,1,0
5350,111501,1,62,1,0
5351,111501,1,63,1,0
5352,111501,2,41,901151,2
5353,111501,2,61,2,0
5354,111501,2,62,1,0
5355,111501,2,63,1,0
5356,111501,3,41,901151,3
5357,111501,3,61,2,0
5358,111501,3,62,2,0
5359,111501,3,63,1,0
5360,111501,4,41,901151,3
5361,111501,4,61,2,0
5362,111501,4,62,2,0
5363,111501,4,63,2,0
5364,20350,1,41,203502,1
5365,20350,2,41,203502,2
5366,20350,3,41,203502,3
5367,20350,4,41,203502,4
5368,20350,5,41,203502,5
5369,20351,1,41,203512,1
5370,20351,2,41,203512,2
5371,20351,3,41,203512,3
5372,20351,4,41,203512,4
5373,20351,5,41,203512,5
5374,20352,1,41,203522,1
5375,20352,2,41,203522,2
5376,20352,3,41,203522,3
5377,20352,4,41,203522,4
5378,20352,5,41,203522,5
5379,20353,1,41,203532,1
5380,20353,2,41,203532,2
5381,20353,3,41,203532,3
5382,20353,4,41,203532,4
5383,20353,5,41,203532,5
5384,21035,1,41,210352,1
5385,21035,2,41,210352,2
5386,21035,3,41,210352,3
5387,21035,4,41,210352,4
5388,21035,5,41,210352,5
5389,113101,1,41,901311,1
5390,113101,1,64,2,0
5391,113101,1,63,1,0
5392,113101,2,41,901311,2
5393,113101,2,64,3,0
5394,113101,2,63,1,0
5395,113101,3,41,901311,3
5396,113101,3,64,4,0
5397,113101,3,63,1,0
5398,113101,4,41,901311,3
5399,113101,4,64,4,0
5400,113101,4,63,2,0
5401,20354,1,41,203542,1
5402,20354,2,41,203542,2
5403,20354,3,41,203542,3
5404,20354,4,41,203542,4
5405,20354,5,41,203542,5
5406,20355,1,41,203552,1
5407,20355,2,41,203552,2
5408,20355,3,41,203552,3
5409,20355,4,41,203552,4
5410,20355,5,41,203552,5
5411,20356,1,41,203562,1
5412,20356,2,41,203562,2
5413,20356,3,41,203562,3
5414,20356,4,41,203562,4
5415,20356,5,41,203562,5
5416,109601,1,41,900961,1
5417,109601,1,62,2,0
5418,109601,1,65,1,0
5419,109601,2,41,900961,2
5420,109601,2,62,3,0
5421,109601,2,65,1,0
5422,109601,3,41,900961,3
5423,109601,3,62,4,0
5424,109601,3,65,1,0
5425,109601,4,41,900961,3
5426,109601,4,62,4,0
5427,109601,4,65,2,0
5428,108402,1,41,910841,1
5429,108402,1,61,1,0
5430,108402,1,63,1,0
5431,108402,1,64,1,0
5432,108402,2,41,910841,2
5433,108402,2,61,2,0
5434,108402,2,63,1,0
5435,108402,2,64,1,0
5436,108402,3,41,910841,3
5437,108402,3,61,2,0
5438,108402,3,63,2,0
5439,108402,3,64,1,0
5440,108402,4,41,910841,3
5441,108402,4,61,2,0
5442,108402,4,63,2,0
5443,108402,4,64,2,0
5444,110702,1,41,911071,1
5445,110702,1,64,2,0
5446,110702,1,61,1,0
5447,110702,2,41,911071,2
5448,110702,2,64,3,0
5449,110702,2,61,1,0
5450,110702,3,41,911071,3
5451,110702,3,64,4,0
5452,110702,3,61,1,0
5453,110702,4,41,911071,3
5454,110702,4,64,4,0
5455,110702,4,61,2,0
5456,20357,1,41,203572,1
5457,20357,2,41,203572,2
5458,20357,3,41,203572,3
5459,20357,4,41,203572,4
5460,20357,5,41,203572,5
5461,20358,1,41,203582,1
5462,20358,2,41,203582,2
5463,20358,3,41,203582,3
5464,20358,4,41,203582,4
5465,20358,5,41,203582,5
5466,107002,1,41,910701,1
5467,107002,1,64,2,0
5468,107002,1,63,1,0
5469,107002,2,41,910701,2
5470,107002,2,64,3,0
5471,107002,2,63,1,0
5472,107002,3,41,910701,3
5473,107002,3,64,4,0
5474,107002,3,63,1,0
5475,107002,4,41,910701,3
5476,107002,4,64,4,0
5477,107002,4,63,2,0
5478,20359,1,41,203592,1
5479,20359,2,41,203592,2
5480,20359,3,41,203592,3
5481,20359,4,41,203592,4
5482,20359,5,41,203592,5
5483,112701,1,41,901271,1
5484,112701,1,64,2,0
5485,112701,1,62,1,0
5486,112701,2,41,901271,2
5487,112701,2,64,3,0
5488,112701,2,62,1,0
5489,112701,3,41,901271,3
5490,112701,3,64,4,0
5491,112701,3,62,1,0
5492,112701,4,41,901271,3
5493,112701,4,64,4,0
5494,112701,4,62,2,0
5495,104603,1,41,920461,1
5496,104603,1,63,1,0
5497,104603,1,62,1,0
5498,104603,1,64,1,0
5499,104603,2,41,920461,2
5500,104603,2,63,2,0
5501,104603,2,62,1,0
5502,104603,2,64,1,0
5503,104603,3,41,920461,3
5504,104603,3,63,2,0
5505,104603,3,62,2,0
5506,104603,3,64,1,0
5507,104603,4,41,920461,3
5508,104603,4,63,2,0
5509,104603,4,62,2,0
5510,104603,4,64,2,0
5511,109802,1,41,910981,1
5512,109802,1,62,1,0
5513,109802,1,64,1,0
5514,109802,1,63,1,0
5515,109802,2,41,910981,2
5516,109802,2,62,2,0
5517,109802,2,64,1,0
5518,109802,2,63,1,0
5519,109802,3,41,910981,3
5520,109802,3,62,2,0
5521,109802,3,64,2,0
5522,109802,3,63,1,0
5523,109802,4,41,910981,3
5524,109802,4,62,2,0
5525,109802,4,64,2,0
5526,109802,4,63,2,0
5527,20360,1,41,203602,1
5528,20360,2,41,203602,2
5529,20360,3,41,203602,3
5530,20360,4,41,203602,4
5531,20360,5,41,203602,5
5532,20361,1,41,203612,1
5533,20361,2,41,203612,2
5534,20361,3,41,203612,3
5535,20361,4,41,203612,4
5536,20361,5,41,203612,5
5537,109001,1,41,900901,1
5538,109001,1,63,2,0
5539,109001,1,64,1,0
5540,109001,2,41,900901,2
5541,109001,2,63,3,0
5542,109001,2,64,1,0
5543,109001,3,41,900901,3
5544,109001,3,63,4,0
5545,109001,3,64,1,0
5546,109001,4,41,900901,3
5547,109001,4,63,4,0
5548,109001,4,64,2,0
5549,113201,1,41,901321,1
5550,113201,1,64,1,0
5551,113201,1,62,1,0
5552,113201,1,61,1,0
5553,113201,2,41,901321,2
5554,113201,2,64,2,0
5555,113201,2,62,1,0
5556,113201,2,61,1,0
5557,113201,3,41,901321,3
5558,113201,3,64,2,0
5559,113201,3,62,2,0
5560,113201,3,61,1,0
5561,113201,4,41,901321,3
5562,113201,4,64,2,0
5563,113201,4,62,2,0
5564,113201,4,61,2,0
5565,20362,1,41,203622,1
5566,20362,2,41,203622,2
5567,20362,3,41,203622,3
5568,20362,4,41,203622,4
5569,20362,5,41,203622,5
5570,20363,1,41,203632,1
5571,20363,2,41,203632,2
5572,20363,3,41,203632,3
5573,20363,4,41,203632,4
5574,20363,5,41,203632,5
5575,108602,1,41,910861,1
5576,108602,1,63,1,0
5577,108602,1,65,1,0
5578,108602,1,64,1,0
5579,108602,2,41,910861,2
5580,108602,2,63,2,0
5581,108602,2,65,1,0
5582,108602,2,64,1,0
5583,108602,3,41,910861,3
5584,108602,3,63,2,0
5585,108602,3,65,2,0
5586,108602,3,64,1,0
5587,108602,4,41,910861,3
5588,108602,4,63,2,0
5589,108602,4,65,2,0
5590,108602,4,64,2,0
5591,111002,1,41,911101,1
5592,111002,1,64,2,0
5593,111002,1,63,1,0
5594,111002,2,41,911101,2
5595,111002,2,64,3,0
5596,111002,2,63,1,0
5597,111002,3,41,911101,3
5598,111002,3,64,4,0
5599,111002,3,63,1,0
5600,111002,4,41,911101,3
5601,111002,4,64,4,0
5602,111002,4,63,2,0
5603,31027,1,2,12,0
5604,31027,1,5,12,0
5605,31027,2,2,24,0
5606,31027,2,5,24,0
5607,31027,3,2,36,0
5608,31027,3,5,36,0
5609,113301,1,41,901331,1
5610,113301,1,61,1,0
5611,113301,1,62,1,0
5612,113301,1,64,1,0
5613,113301,2,41,901331,2
5614,113301,2,61,2,0
5615,113301,2,62,1,0
5616,113301,2,64,1,0
5617,113301,3,41,901331,3
5618,113301,3,61,2,0
5619,113301,3,62,2,0
5620,113301,3,64,1,0
5621,113301,4,41,901331,3
5622,113301,4,61,2,0
5623,113301,4,62,2,0
5624,113301,4,64,2,0
5625,20364,1,41,203642,1
5626,20364,2,41,203642,2
5627,20364,3,41,203642,3
5628,20364,4,41,203642,4
5629,20364,5,41,203642,5
5630,104003,1,41,920401,1
5631,104003,1,64,1,0
5632,104003,1,62,1,0
5633,104003,1,65,1,0
5634,104003,2,41,920401,2
5635,104003,2,64,2,0
5636,104003,2,62,1,0
5637,104003,2,65,1,0
5638,104003,3,41,920401,3
5639,104003,3,64,2,0
5640,104003,3,62,2,0
5641,104003,3,65,1,0
5642,104003,4,41,920401,3
5643,104003,4,64,2,0
5644,104003,4,62,2,0
5645,104003,4,65,2,0
5646,20365,1,41,203652,1
5647,20365,2,41,203652,2
5648,20365,3,41,203652,3
5649,20365,4,41,203652,4
5650,20365,5,41,203652,5
5651,20366,1,41,203662,1
5652,20366,2,41,203662,2
5653,20366,3,41,203662,3
5654,20366,4,41,203662,4
5655,20366,5,41,203662,5
5656,20367,1,41,203672,1
5657,20367,2,41,203672,2
5658,20367,3,41,203672,3
5659,20367,4,41,203672,4
5660,20367,5,41,203672,5
5661,21036,1,41,210362,1
5662,21036,2,41,210362,2
5663,21036,3,41,210362,3
5664,21036,4,41,210362,4
5665,21036,5,41,210362,5
5666,103103,1,41,920311,1
5667,103103,1,62,1,0
5668,103103,1,63,1,0
5669,103103,1,64,1,0
5670,103103,2,41,920311,2
5671,103103,2,62,2,0
5672,103103,2,63,1,0
5673,103103,2,64,1,0
5674,103103,3,41,920311,3
5675,103103,3,62,2,0
5676,103103,3,63,2,0
5677,103103,3,64,1,0
5678,103103,4,41,920311,3
5679,103103,4,62,2,0
5680,103103,4,63,2,0
5681,103103,4,64,2,0
5682,20368,1,41,203682,1
5683,20368,2,41,203682,2
5684,20368,3,41,203682,3
5685,20368,4,41,203682,4
5686,20368,5,41,203682,5
5687,110902,1,41,911091,1
5688,110902,1,63,1,0
5689,110902,1,65,1,0
5690,110902,1,61,1,0
5691,110902,2,41,911091,2
5692,110902,2,63,2,0
5693,110902,2,65,1,0
5694,110902,2,61,1,0
5695,110902,3,41,911091,3
5696,110902,3,63,2,0
5697,110902,3,65,2,0
5698,110902,3,61,1,0
5699,110902,4,41,911091,3
5700,110902,4,63,2,0
5701,110902,4,65,2,0
5702,110902,4,61,2,0
5703,111301,1,41,901131,1
5704,111301,1,65,1,0
5705,111301,1,64,1,0
5706,111301,1,62,1,0
5707,111301,2,41,901131,2
5708,111301,2,65,2,0
5709,111301,2,64,1,0
5710,111301,2,62,1,0
5711,111301,3,41,901131,3
5712,111301,3,65,2,0
5713,111301,3,64,2,0
5714,111301,3,62,1,0
5715,111301,4,41,901131,3
5716,111301,4,65,2,0
5717,111301,4,64,2,0
5718,111301,4,62,2,0
5719,108802,1,41,910881,1
5720,108802,1,64,1,0
5721,108802,1,62,1,0
5722,108802,1,63,1,0
5723,108802,2,41,910881,2
5724,108802,2,64,2,0
5725,108802,2,62,1,0
5726,108802,2,63,1,0
5727,108802,3,41,910881,3
5728,108802,3,64,2,0
5729,108802,3,62,2,0
5730,108802,3,63,1,0
5731,108802,4,41,910881,3
5732,108802,4,64,2,0
5733,108802,4,62,2,0
5734,108802,4,63,2,0
5735,108902,1,41,910891,1
5736,108902,1,64,2,0
5737,108902,1,62,1,0
5738,108902,2,41,910891,2
5739,108902,2,64,3,0
5740,108902,2,62,1,0
5741,108902,3,41,910891,3
5742,108902,3,64,4,0
5743,108902,3,62,1,0
5744,108902,4,41,910891,3
5745,108902,4,64,4,0
5746,108902,4,62,2,0
5747,20370,1,41,203702,1
5748,20370,2,41,203702,2
5749,20370,3,41,203702,3
5750,20370,4,41,203702,4
5751,20370,5,41,203702,5
5752,20371,1,41,203712,1
5753,20371,2,41,203712,2
5754,20371,3,41,203712,3
5755,20371,4,41,203712,4
5756,20371,5,41,203712,5
5757,20373,1,41,203732,1
5758,20373,2,41,203732,2
5759,20373,3,41,203732,3
5760,20373,4,41,203732,4
5761,20373,5,41,203732,5
5762,20374,1,41,203742,1
5763,20374,2,41,203742,2
5764,20374,3,41,203742,3
5765,20374,4,41,203742,4
5766,20374,5,41,203742,5
5767,20375,1,41,203752,1
5768,20375,2,41,203752,2
5769,20375,3,41,203752,3
5770,20375,4,41,203752,4
5771,20375,5,41,203752,5
5772,20376,1,41,203762,1
5773,20376,2,41,203762,2
5774,20376,3,41,203762,3
5775,20376,4,41,203762,4
5776,20376,5,41,203762,5
5777,20377,1,41,203772,1
5778,20377,2,41,203772,2
5779,20377,3,41,203772,3
5780,20377,4,41,203772,4
5781,20377,5,41,203772,5
5782,109102,1,41,910911,1
5783,109102,1,65,1,0
5784,109102,1,61,1,0
5785,109102,1,64,1,0
5786,109102,2,41,910911,2
5787,109102,2,65,2,0
5788,109102,2,61,1,0
5789,109102,2,64,1,0
5790,109102,3,41,910911,3
5791,109102,3,65,2,0
5792,109102,3,61,2,0
5793,109102,3,64,1,0
5794,109102,4,41,910911,3
5795,109102,4,65,2,0
5796,109102,4,61,2,0
5797,109102,4,64,2,0
5810,20378,1,41,203781,1
5811,20378,2,41,203781,2
5812,20378,3,41,203781,3
5813,20378,4,41,203781,4
5814,20378,5,41,203781,5
5815,20379,1,41,203792,1
5816,20379,2,41,203792,2
5817,20379,3,41,203792,3
5818,20379,4,41,203792,4
5819,20379,5,41,203792,5
5820,20380,1,41,203802,1
5821,20380,2,41,203802,2
5822,20380,3,41,203802,3
5823,20380,4,41,203802,4
5824,20380,5,41,203802,5
5825,20381,1,41,203812,1
5826,20381,2,41,203812,2
5827,20381,3,41,203812,3
5828,20381,4,41,203812,4
5829,20381,5,41,203812,5
5830,20382,1,41,203822,1
5831,20382,2,41,203822,2
5832,20382,3,41,203822,3
5833,20382,4,41,203822,4
5834,20382,5,41,203822,5
5835,20383,1,41,203832,1
5836,20383,2,41,203832,2
5837,20383,3,41,203832,3
5838,20383,4,41,203832,4
5839,20383,5,41,203832,5
5840,20384,1,41,203842,1
5841,20384,2,41,203842,2
5842,20384,3,41,203842,3
5843,20384,4,41,203842,4
5844,20384,5,41,203842,5
5845,20385,1,41,203852,1
5846,20385,2,41,203852,2
5847,20385,3,41,203852,3
5848,20385,4,41,203852,4
5849,20385,5,41,203852,5
5850,20386,1,41,203862,1
5851,20386,2,41,203862,2
5852,20386,3,41,203862,3
5853,20386,4,41,203862,4
5854,20386,5,41,203862,5
5855,109302,1,41,910931,1
5856,109302,1,63,2,0
5857,109302,1,61,1,0
5858,109302,2,41,910931,2
5859,109302,2,63,3,0
5860,109302,2,61,1,0
5861,109302,3,41,910931,3
5862,109302,3,63,4,0
5863,109302,3,61,1,0
5864,109302,4,41,910931,3
5865,109302,4,63,4,0
5866,109302,4,61,2,0
5867,110602,1,41,911061,1
5868,110602,1,62,1,0
5869,110602,1,63,1,0
5870,110602,1,64,1,0
5871,110602,2,41,911061,2
5872,110602,2,62,2,0
5873,110602,2,63,1,0
5874,110602,2,64,1,0
5875,110602,3,41,911061,3
5876,110602,3,62,2,0
5877,110602,3,63,2,0
5878,110602,3,64,1,0
5879,110602,4,41,911061,3
5880,110602,4,62,2,0
5881,110602,4,63,2,0
5882,110602,4,64,2,0
5883,20387,1,41,203872,1
5884,20387,2,41,203872,2
5885,20387,3,41,203872,3
5886,20387,4,41,203872,4
5887,20387,5,41,203872,5
5888,20388,1,41,203882,1
5889,20388,2,41,203882,2
5890,20388,3,41,203882,3
5891,20388,4,41,203882,4
5892,20388,5,41,203882,5
5893,20389,1,41,203892,1
5894,20389,2,41,203892,2
5895,20389,3,41,203892,3
5896,20389,4,41,203892,4
5897,20389,5,41,203892,5
5898,20390,1,41,203902,1
5899,20390,2,41,203902,2
5900,20390,3,41,203902,3
5901,20390,4,41,203902,4
5902,20390,5,41,203902,5
5903,109701,1,41,900971,1
5904,109701,1,62,1,0
5905,109701,1,64,1,0
5906,109701,1,63,1,0
5907,109701,2,41,900971,2
5908,109701,2,62,2,0
5909,109701,2,64,1,0
5910,109701,2,63,1,0
5911,109701,3,41,900971,3
5912,109701,3,62,2,0
5913,109701,3,64,2,0
5914,109701,3,63,1,0
5915,109701,4,41,900971,3
5916,109701,4,62,2,0
5917,109701,4,64,2,0
5918,109701,4,63,2,0
5919,108101,1,41,900811,1
5920,108101,1,64,2,0
5921,108101,1,63,1,0
5922,108101,2,41,900811,2
5923,108101,2,64,3,0
5924,108101,2,63,1,0
5925,108101,3,41,900811,3
5926,108101,3,64,4,0
5927,108101,3,63,1,0
5928,108101,4,41,900811,3
5929,108101,4,64,4,0
5930,108101,4,63,2,0
5931,20391,1,41,203912,1
5932,20391,2,41,203912,2
5933,20391,3,41,203912,3
5934,20391,4,41,203912,4
5935,20391,5,41,203912,5
5936,20392,1,41,203922,1
5937,20392,2,41,203922,2
5938,20392,3,41,203922,3
5939,20392,4,41,203922,4
5940,20392,5,41,203922,5
5941,109501,1,41,900951,1
5942,109501,1,65,1,0
5943,109501,1,64,1,0
5944,109501,1,63,1,0
5945,109501,2,41,900951,2
5946,109501,2,65,2,0
5947,109501,2,64,1,0
5948,109501,2,63,1,0
5949,109501,3,41,900951,3
5950,109501,3,65,2,0
5951,109501,3,64,2,0
5952,109501,3,63,1,0
5953,109501,4,41,900951,3
5954,109501,4,65,2,0
5955,109501,4,64,2,0
5956,109501,4,63,2,0
5957,20393,1,41,203932,1
5958,20393,2,41,203932,2
5959,20393,3,41,203932,3
5960,20393,4,41,203932,4
5961,20393,5,41,203932,5
5962,20397,1,41,203972,1
5963,20397,2,41,203972,2
5964,20397,3,41,203972,3
5965,20397,4,41,203972,4
5966,20397,5,41,203972,5
5967,20398,1,41,203982,1
5968,20398,2,41,203982,2
5969,20398,3,41,203982,3
5970,20398,4,41,203982,4
5971,20398,5,41,203982,5
5972,102802,1,41,910281,1
5973,102802,1,63,3,0
5974,102802,2,41,910281,2
5975,102802,2,63,4,0
5976,102802,3,41,910281,3
5977,102802,3,63,5,0
5978,102802,4,41,910281,3
5979,102802,4,63,6,0
5980,105502,1,41,910551,1
5981,105502,1,62,1,0
5982,105502,1,64,1,0
5983,105502,1,63,1,0
5984,105502,2,41,910551,2
5985,105502,2,62,2,0
5986,105502,2,64,1,0
5987,105502,2,63,1,0
5988,105502,3,41,910551,3
5989,105502,3,62,2,0
5990,105502,3,64,2,0
5991,105502,3,63,1,0
5992,105502,4,41,910551,3
5993,105502,4,62,2,0
5994,105502,4,64,2,0
5995,105502,4,63,2,0
5996,20394,1,41,203942,1
5997,20394,2,41,203942,2
5998,20394,3,41,203942,3
5999,20394,4,41,203942,4
6000,20394,5,41,203942,5
6001,20395,1,41,203952,1
6002,20395,2,41,203952,2
6003,20395,3,41,203952,3
6004,20395,4,41,203952,4
6005,20395,5,41,203952,5
6006,20396,1,41,203962,1
6007,20396,2,41,203962,2
6008,20396,3,41,203962,3
6009,20396,4,41,203962,4
6010,20396,5,41,203962,5
6011,104803,1,41,920481,1
6012,104803,1,64,1,0
6013,104803,1,62,1,0
6014,104803,1,63,1,0
6015,104803,2,41,920481,2
6016,104803,2,64,2,0
6017,104803,2,62,1,0
6018,104803,2,63,1,0
6019,104803,3,41,920481,3
6020,104803,3,64,2,0
6021,104803,3,62,2,0
6022,104803,3,63,1,0
6023,104803,4,41,920481,3
6024,104803,4,64,2,0
6025,104803,4,62,2,0
6026,104803,4,63,2,0
6027,20399,1,41,203992,1
6028,20399,2,41,203992,2
6029,20399,3,41,203992,3
6030,20399,4,41,203992,4
6031,20399,5,41,203992,5
6032,109201,1,41,900921,1
6033,109201,1,64,2,0
6034,109201,1,62,1,0
6035,109201,2,41,900921,2
6036,109201,2,64,3,0
6037,109201,2,62,1,0
6038,109201,3,41,900921,3
6039,109201,3,64,4,0
6040,109201,3,62,1,0
6041,109201,4,41,900921,3
6042,109201,4,64,4,0
6043,109201,4,62,2,0
6044,20405,1,41,204052,1
6045,20405,2,41,204052,2
6046,20405,3,41,204052,3
6047,20405,4,41,204052,4
6048,20405,5,41,204052,5
6049,108002,1,41,910801,1
6050,108002,1,65,2,0
6051,108002,1,63,1,0
6052,108002,2,41,910801,2
6053,108002,2,65,3,0
6054,108002,2,63,1,0
6055,108002,3,41,910801,3
6056,108002,3,65,4,0
6057,108002,3,63,1,0
6058,108002,4,41,910801,3
6059,108002,4,65,4,0
6060,108002,4,63,2,0
6061,20400,1,41,204002,1
6062,20400,2,41,204002,2
6063,20400,3,41,204002,3
6064,20400,4,41,204002,4
6065,20400,5,41,204002,5
6066,21037,1,41,210372,1
6067,21037,2,41,210372,2
6068,21037,3,41,210372,3
6069,21037,4,41,210372,4
6070,21037,5,41,210372,5
6071,31028,1,4,12,0
6072,31028,1,5,12,0
6073,31028,2,4,24,0
6074,31028,2,5,24,0
6075,31028,3,4,36,0
6076,31028,3,5,36,0
6077,110002,1,41,911001,1
6078,110002,1,63,1,0
6079,110002,1,64,1,0
6080,110002,1,62,1,0
6081,110002,2,41,911001,2
6082,110002,2,63,2,0
6083,110002,2,64,1,0
6084,110002,2,62,1,0
6085,110002,3,41,911001,3
6086,110002,3,63,2,0
6087,110002,3,64,2,0
6088,110002,3,62,1,0
6089,110002,4,41,911001,3
6090,110002,4,63,2,0
6091,110002,4,64,2,0
6092,110002,4,62,2,0
6093,20409,1,41,204092,1
6094,20409,2,41,204092,2
6095,20409,3,41,204092,3
6096,20409,4,41,204092,4
6097,20409,5,41,204092,5
6098,20410,1,41,204102,1
6099,20410,2,41,204102,2
6100,20410,3,41,204102,3
6101,20410,4,41,204102,4
6102,20410,5,41,204102,5
6103,20411,1,41,204112,1
6104,20411,2,41,204112,2
6105,20411,3,41,204112,3
6106,20411,4,41,204112,4
6107,20411,5,41,204112,5
6108,111401,1,41,901141,1
6109,111401,1,65,1,0
6110,111401,1,63,1,0
6111,111401,1,61,1,0
6112,111401,2,41,901141,2
6113,111401,2,65,2,0
6114,111401,2,63,1,0
6115,111401,2,61,1,0
6116,111401,3,41,901141,3
6117,111401,3,65,2,0
6118,111401,3,63,2,0
6119,111401,3,61,1,0
6120,111401,4,41,901141,3
6121,111401,4,65,2,0
6122,111401,4,63,2,0
6123,111401,4,61,2,0
6124,20406,1,41,204062,1
6125,20406,2,41,204062,2
6126,20406,3,41,204062,3
6127,20406,4,41,204062,4
6128,20406,5,41,204062,5
6157,20401,1,41,204012,1
6158,20401,2,41,204012,2
6159,20401,3,41,204012,3
6160,20401,4,41,204012,4
6161,20401,5,41,204012,5
6162,100603,1,41,920061,1
6163,100603,1,64,1,0
6164,100603,1,61,1,0
6165,100603,1,63,1,0
6166,100603,2,41,920061,2
6167,100603,2,64,2,0
6168,100603,2,61,1,0
6169,100603,2,63,1,0
6170,100603,3,41,920061,3
6171,100603,3,64,2,0
6172,100603,3,61,2,0
6173,100603,3,63,1,0
6174,100603,4,41,920061,3
6175,100603,4,64,2,0
6176,100603,4,61,2,0
6177,100603,4,63,2,0
6178,20402,1,41,204022,1
6179,20402,2,41,204022,2
6180,20402,3,41,204022,3
6181,20402,4,41,204022,4
6182,20402,5,41,204022,5
6183,20408,1,41,204082,1
6184,20408,2,41,204082,2
6185,20408,3,41,204082,3
6186,20408,4,41,204082,4
6187,20408,5,41,204082,5
6188,104902,1,41,910491,1
6189,104902,1,63,1,0
6190,104902,1,61,1,0
6191,104902,1,64,1,0
6192,104902,2,41,910491,2
6193,104902,2,63,2,0
6194,104902,2,61,1,0
6195,104902,2,64,1,0
6196,104902,3,41,910491,3
6197,104902,3,63,2,0
6198,104902,3,61,2,0
6199,104902,3,64,1,0
6200,104902,4,41,910491,3
6201,104902,4,63,2,0
6202,104902,4,61,2,0
6203,104902,4,64,2,0
6204,111902,1,41,911191,1
6205,111902,1,61,2,0
6206,111902,1,62,1,0
6207,111902,2,41,911191,2
6208,111902,2,61,3,0
6209,111902,2,62,1,0
6210,111902,3,41,911191,3
6211,111902,3,61,4,0
6212,111902,3,62,1,0
6213,111902,4,41,911191,3
6214,111902,4,61,4,0
6215,111902,4,62,2,0
6216,113501,1,41,901351,1
6217,113501,1,64,2,0
6218,113501,1,62,1,0
6219,113501,2,41,901351,2
6220,113501,2,64,3,0
6221,113501,2,62,1,0
6222,113501,3,41,901351,3
6223,113501,3,64,4,0
6224,113501,3,62,1,0
6225,113501,4,41,901351,3
6226,113501,4,64,4,0
6227,113501,4,62,2,0
6228,20412,1,41,204122,1
6229,20412,2,41,204122,2
6230,20412,3,41,204122,3
6231,20412,4,41,204122,4
6232,20412,5,41,204122,5
6233,31029,1,1,12,0
6234,31029,1,4,12,0
6235,31029,2,1,24,0
6236,31029,2,4,24,0
6237,31029,3,1,36,0
6238,31029,3,4,36,0
6239,106302,1,41,910631,1
6240,106302,1,63,1,0
6241,106302,1,62,1,0
6242,106302,1,64,1,0
6243,106302,2,41,910631,2
6244,106302,2,63,2,0
6245,106302,2,62,1,0
6246,106302,2,64,1,0
6247,106302,3,41,910631,3
6248,106302,3,63,2,0
6249,106302,3,62,2,0
6250,106302,3,64,1,0
6251,106302,4,41,910631,3
6252,106302,4,63,2,0
6253,106302,4,62,2,0
6254,106302,4,64,2,0
6255,107602,1,41,910761,1
6256,107602,1,64,2,0
6257,107602,1,62,1,0
6258,107602,2,41,910761,2
6259,107602,2,64,3,0
6260,107602,2,62,1,0
6261,107602,3,41,910761,3
6262,107602,3,64,4,0
6263,107602,3,62,1,0
6264,107602,4,41,910761,3
6265,107602,4,64,4,0
6266,107602,4,62,2,0
6267,20403,1,41,204032,1
6268,20403,2,41,204032,2
6269,20403,3,41,204032,3
6270,20403,4,41,204032,4
6271,20403,5,41,204032,5
6272,20404,1,41,204042,1
6273,20404,2,41,204042,2
6274,20404,3,41,204042,3
6275,20404,4,41,204042,4
6276,20404,5,41,204042,5
6277,20407,1,41,204072,1
6278,20407,2,41,204072,2
6279,20407,3,41,204072,3
6280,20407,4,41,204072,4
6281,20407,5,41,204072,5
6282,20414,1,41,204142,1
6283,20414,2,41,204142,2
6284,20414,3,41,204142,3
6285,20414,4,41,204142,4
6286,20414,5,41,204142,5
6287,20416,1,41,204162,1
6288,20416,2,41,204162,2
6289,20416,3,41,204162,3
6290,20416,4,41,204162,4
6291,20416,5,41,204162,5
6292,112402,1,41,911241,1
6293,112402,1,64,2,0
6294,112402,1,63,1,0
6295,112402,2,41,911241,2
6296,112402,2,64,3,0
6297,112402,2,63,1,0
6298,112402,3,41,911241,3
6299,112402,3,64,4,0
6300,112402,3,63,1,0
6301,112402,4,41,911241,3
6302,112402,4,64,4,0
6303,112402,4,63,2,0
6304,20413,1,41,204132,1
6305,20413,2,41,204132,2
6306,20413,3,41,204132,3
6307,20413,4,41,204132,4
6308,20413,5,41,204132,5
6309,113701,1,41,901371,1
6310,113701,1,61,1,0
6311,113701,1,65,1,0
6312,113701,1,64,1,0
6313,113701,2,41,901371,2
6314,113701,2,61,2,0
6315,113701,2,65,1,0
6316,113701,2,64,1,0
6317,113701,3,41,901371,3
6318,113701,3,61,2,0
6319,113701,3,65,2,0
6320,113701,3,64,1,0
6321,113701,4,41,901371,3
6322,113701,4,61,2,0
6323,113701,4,65,2,0
6324,113701,4,64,2,0
6325,101003,1,41,920101,1
6326,101003,1,64,2,0
6327,101003,1,63,1,0
6328,101003,2,41,920101,2
6329,101003,2,64,3,0
6330,101003,2,63,1,0
6331,101003,3,41,920101,3
6332,101003,3,64,4,0
6333,101003,3,63,1,0
6334,101003,4,41,920101,3
6335,101003,4,64,4,0
6336,101003,4,63,2,0
6349,20415,1,41,204152,1
6350,20415,2,41,204152,2
6351,20415,3,41,204152,3
6352,20415,4,41,204152,4
6353,20415,5,41,204152,5
6354,20417,1,41,204172,1
6355,20417,2,41,204172,2
6356,20417,3,41,204172,3
6357,20417,4,41,204172,4
6358,20417,5,41,204172,5
6359,20420,1,41,204202,1
6360,20420,2,41,204202,2
6361,20420,3,41,204202,3
6362,20420,4,41,204202,4
6363,20420,5,41,204202,5
6364,110301,1,41,901031,1
6365,110301,1,65,2,0
6366,110301,1,63,1,0
6367,110301,2,41,901031,2
6368,110301,2,65,3,0
6369,110301,2,63,1,0
6370,110301,3,41,901031,3
6371,110301,3,65,4,0
6372,110301,3,63,1,0
6373,110301,4,41,901031,3
6374,110301,4,65,4,0
6375,110301,4,63,2,0
6376,110202,1,41,911021,1
6377,110202,1,62,1,0
6378,110202,1,63,1,0
6379,110202,1,64,1,0
6380,110202,2,41,911021,2
6381,110202,2,62,2,0
6382,110202,2,63,1,0
6383,110202,2,64,1,0
6384,110202,3,41,911021,3
6385,110202,3,62,2,0
6386,110202,3,63,2,0
6387,110202,3,64,1,0
6388,110202,4,41,911021,3
6389,110202,4,62,2,0
6390,110202,4,63,2,0
6391,110202,4,64,2,0
6392,10036,1,5,3,0
6393,10036,1,41,204233,1
6394,10036,2,5,6,0
6395,10036,2,41,204233,1
6396,10036,3,5,9,0
6397,10036,3,41,204233,1
6398,10037,1,5,3,0
6399,10037,1,41,204243,1
6400,10037,2,5,6,0
6401,10037,2,41,204243,1
6402,10037,3,5,9,0
6403,10037,3,41,204243,1
6404,112901,1,41,901291,1
6405,112901,1,63,1,0
6406,112901,1,62,1,0
6407,112901,1,61,1,0
6408,112901,2,41,901291,2
6409,112901,2,63,2,0
6410,112901,2,62,1,0
6411,112901,2,61,1,0
6412,112901,3,41,901291,3
6413,112901,3,63,2,0
6414,112901,3,62,2,0
6415,112901,3,61,1,0
6416,112901,4,41,901291,3
6417,112901,4,63,2,0
6418,112901,4,62,2,0
6419,112901,4,61,2,0
6420,20418,1,41,204182,1
6421,20418,2,41,204182,2
6422,20418,3,41,204182,3
6423,20418,4,41,204182,4
6424,20418,5,41,204182,5
6425,20419,1,41,204192,1
6426,20419,2,41,204192,2
6427,20419,3,41,204192,3
6428,20419,4,41,204192,4
6429,20419,5,41,204192,5
6430,20423,1,41,204233,1
6431,20423,2,41,204233,2
6432,20423,3,41,204233,3
6433,20423,4,41,204233,4
6434,20423,5,41,204233,5
6435,20424,1,41,204243,1
6436,20424,2,41,204243,2
6437,20424,3,41,204243,3
6438,20424,4,41,204243,4
6439,20424,5,41,204243,5
6440,20421,1,41,204212,1
6441,20421,2,41,204212,2
6442,20421,3,41,204212,3
6443,20421,4,41,204212,4
6444,20421,5,41,204212,5
6445,20422,1,41,204222,1
6446,20422,2,41,204222,2
6447,20422,3,41,204222,3
6448,20422,4,41,204222,4
6449,20422,5,41,204222,5
6450,21038,1,41,210382,1
6451,21038,2,41,210382,2
6452,21038,3,41,210382,3
6453,21038,4,41,210382,4
6454,21038,5,41,210382,5
6455,113202,1,41,911321,1
6456,113202,1,62,1,0
6457,113202,1,64,1,0
6458,113202,1,65,1,0
6459,113202,2,41,911321,2
6460,113202,2,62,2,0
6461,113202,2,64,1,0
6462,113202,2,65,1,0
6463,113202,3,41,911321,3
6464,113202,3,62,2,0
6465,113202,3,64,2,0
6466,113202,3,65,1,0
6467,113202,4,41,911321,3
6468,113202,4,62,2,0
6469,113202,4,64,2,0
6470,113202,4,65,2,0
6471,20430,1,41,204302,1
6472,20430,2,41,204302,2
6473,20430,3,41,204302,3
6474,20430,4,41,204302,4
6475,20430,5,41,204302,5
6476,114301,1,41,901431,1
6477,114301,1,64,1,0
6478,114301,1,65,1,0
6479,114301,1,62,1,0
6480,114301,2,41,901431,2
6481,114301,2,64,2,0
6482,114301,2,65,1,0
6483,114301,2,62,1,0
6484,114301,3,41,901431,3
6485,114301,3,64,2,0
6486,114301,3,65,2,0
6487,114301,3,62,1,0
6488,114301,4,41,901431,3
6489,114301,4,64,2,0
6490,114301,4,65,2,0
6491,114301,4,62,2,0
6492,104103,1,41,920411,1
6493,104103,1,63,1,0
6494,104103,1,61,1,0
6495,104103,1,65,1,0
6496,104103,2,41,920411,2
6497,104103,2,63,2,0
6498,104103,2,61,1,0
6499,104103,2,65,1,0
6500,104103,3,41,920411,3
6501,104103,3,63,2,0
6502,104103,3,61,2,0
6503,104103,3,65,1,0
6504,104103,4,41,920411,3
6505,104103,4,63,2,0
6506,104103,4,61,2,0
6507,104103,4,65,2,0
6524,20431,1,41,204312,1
6525,20431,2,41,204312,2
6526,20431,3,41,204312,3
6527,20431,4,41,204312,4
6528,20431,5,41,204312,5
6529,20432,1,41,204322,1
6530,20432,2,41,204322,2
6531,20432,3,41,204322,3
6532,20432,4,41,204322,4
6533,20432,5,41,204322,5
6534,113001,1,41,901301,1
6535,113001,1,65,1,0
6536,113001,1,63,1,0
6537,113001,1,64,1,0
6538,113001,2,41,901301,2
6539,113001,2,65,2,0
6540,113001,2,63,1,0
6541,113001,2,64,1,0
6542,113001,3,41,901301,3
6543,113001,3,65,2,0
6544,113001,3,63,2,0
6545,113001,3,64,1,0
6546,113001,4,41,901301,3
6547,113001,4,65,2,0
6548,113001,4,63,2,0
6549,113001,4,64,2,0
6550,20427,1,41,204272,1
6551,20427,2,41,204272,2
6552,20427,3,41,204272,3
6553,20427,4,41,204272,4
6554,20427,5,41,204272,5
6555,20428,1,41,204282,1
6556,20428,2,41,204282,2
6557,20428,3,41,204282,3
6558,20428,4,41,204282,4
6559,20428,5,41,204282,5
6560,108202,1,41,910821,1
6561,108202,1,65,2,0
6562,108202,1,61,1,0
6563,108202,2,41,910821,2
6564,108202,2,65,3,0
6565,108202,2,61,1,0
6566,108202,3,41,910821,3
6567,108202,3,65,4,0
6568,108202,3,61,1,0
6569,108202,4,41,910821,3
6570,108202,4,65,4,0
6571,108202,4,61,2,0
6572,111801,1,41,901181,1
6573,111801,1,65,1,0
6574,111801,1,61,1,0
6575,111801,1,64,1,0
6576,111801,2,41,901181,2
6577,111801,2,65,2,0
6578,111801,2,61,1,0
6579,111801,2,64,1,0
6580,111801,3,41,901181,3
6581,111801,3,65,2,0
6582,111801,3,61,2,0
6583,111801,3,64,1,0
6584,111801,4,41,901181,3
6585,111801,4,65,2,0
6586,111801,4,61,2,0
6587,111801,4,64,2,0
6588,100503,1,41,920051,1
6589,100503,1,64,1,0
6590,100503,1,62,1,0
6591,100503,1,65,1,0
6592,100503,2,41,920051,2
6593,100503,2,64,2,0
6594,100503,2,62,1,0
6595,100503,2,65,1,0
6596,100503,3,41,920051,3
6597,100503,3,64,2,0
6598,100503,3,62,2,0
6599,100503,3,65,1,0
6600,100503,4,41,920051,3
6601,100503,4,64,2,0
6602,100503,4,62,2,0
6603,100503,4,65,2,0
6604,109402,1,41,910941,1
6605,109402,1,64,1,0
6606,109402,1,63,1,0
6607,109402,1,62,1,0
6608,109402,2,41,910941,2
6609,109402,2,64,2,0
6610,109402,2,63,1,0
6611,109402,2,62,1,0
6612,109402,3,41,910941,3
6613,109402,3,64,2,0
6614,109402,3,63,2,0
6615,109402,3,62,1,0
6616,109402,4,41,910941,3
6617,109402,4,64,2,0
6618,109402,4,63,2,0
6619,109402,4,62,2,0
6620,20434,1,41,204342,1
6621,20434,2,41,204342,2
6622,20434,3,41,204342,3
6623,20434,4,41,204342,4
6624,20434,5,41,204342,5
6625,20435,1,41,204352,1
6626,20435,2,41,204352,2
6627,20435,3,41,204352,3
6628,20435,4,41,204352,4
6629,20435,5,41,204352,5
6630,20436,1,41,204362,1
6631,20436,2,41,204362,2
6632,20436,3,41,204362,3
6633,20436,4,41,204362,4
6634,20436,5,41,204362,5
6635,20437,1,41,204372,1
6636,20437,2,41,204372,2
6637,20437,3,41,204372,3
6638,20437,4,41,204372,4
6639,20437,5,41,204372,5
6640,111201,1,41,901121,1
6641,111201,1,64,2,0
6642,111201,1,65,1,0
6643,111201,2,41,901121,2
6644,111201,2,64,3,0
6645,111201,2,65,1,0
6646,111201,3,41,901121,3
6647,111201,3,64,4,0
6648,111201,3,65,1,0
6649,111201,4,41,901121,3
6650,111201,4,64,4,0
6651,111201,4,65,2,0
6652,20433,1,41,204332,1
6653,20433,2,41,204332,2
6654,20433,3,41,204332,3
6655,20433,4,41,204332,4
6656,20433,5,41,204332,5
6657,20441,1,41,204412,1
6658,20441,2,41,204412,2
6659,20441,3,41,204412,3
6660,20441,4,41,204412,4
6661,20441,5,41,204412,5
6662,113601,1,41,901361,1
6663,113601,1,65,1,0
6664,113601,1,61,1,0
6665,113601,1,64,1,0
6666,113601,2,41,901361,2
6667,113601,2,65,2,0
6668,113601,2,61,1,0
6669,113601,2,64,1,0
6670,113601,3,41,901361,3
6671,113601,3,65,2,0
6672,113601,3,61,2,0
6673,113601,3,64,1,0
6674,113601,4,41,901361,3
6675,113601,4,65,2,0
6676,113601,4,61,2,0
6677,113601,4,64,2,0
6678,102503,1,41,920251,1
6679,102503,1,63,1,0
6680,102503,1,65,1,0
6681,102503,1,64,1,0
6682,102503,2,41,920251,2
6683,102503,2,63,2,0
6684,102503,2,65,1,0
6685,102503,2,64,1,0
6686,102503,3,41,920251,3
6687,102503,3,63,2,0
6688,102503,3,65,2,0
6689,102503,3,64,1,0
6690,102503,4,41,920251,3
6691,102503,4,63,2,0
6692,102503,4,65,2,0
6693,102503,4,64,2,0
6694,111602,1,41,911161,1
6695,111602,1,64,1,0
6696,111602,1,65,1,0
6697,111602,1,63,1,0
6698,111602,2,41,911161,2
6699,111602,2,64,2,0
6700,111602,2,65,1,0
6701,111602,2,63,1,0
6702,111602,3,41,911161,3
6703,111602,3,64,2,0
6704,111602,3,65,2,0
6705,111602,3,63,1,0
6706,111602,4,41,911161,3
6707,111602,4,64,2,0
6708,111602,4,65,2,0
6709,111602,4,63,2,0
6710,20443,1,41,204432,1
6711,20443,2,41,204432,2
6712,20443,3,41,204432,3
6713,20443,4,41,204432,4
6714,20443,5,41,204432,5
6715,20444,1,41,204442,1
6716,20444,2,41,204442,2
6717,20444,3,41,204442,3
6718,20444,4,41,204442,4
6719,20444,5,41,204442,5
6720,20429,1,41,204293,1
6721,20429,2,41,204293,2
6722,20429,3,41,204293,3
6723,20429,4,41,204293,4
6724,20429,5,41,204293,5
6725,20438,1,41,204382,1
6726,20438,2,41,204382,2
6727,20438,3,41,204382,3
6728,20438,4,41,204382,4
6729,20438,5,41,204382,5
6730,20446,1,41,204462,1
6731,20446,2,41,204462,2
6732,20446,3,41,204462,3
6733,20446,4,41,204462,4
6734,20446,5,41,204462,5
6747,107703,1,41,920771,1
6748,107703,1,65,1,0
6749,107703,1,63,1,0
6750,107703,1,62,1,0
6751,107703,2,41,920771,2
6752,107703,2,65,2,0
6753,107703,2,63,1,0
6754,107703,2,62,1,0
6755,107703,3,41,920771,3
6756,107703,3,65,2,0
6757,107703,3,63,2,0
6758,107703,3,62,1,0
6759,107703,4,41,920771,3
6760,107703,4,65,2,0
6761,107703,4,63,2,0
6762,107703,4,62,2,0
6763,20439,1,41,204392,1
6764,20439,2,41,204392,2
6765,20439,3,41,204392,3
6766,20439,4,41,204392,4
6767,20439,5,41,204392,5
6768,20447,1,41,204472,1
6769,20447,2,41,204472,2
6770,20447,3,41,204472,3
6771,20447,4,41,204472,4
6772,20447,5,41,204472,5
6773,21039,1,41,210392,1
6774,21039,2,41,210392,2
6775,21039,3,41,210392,3
6776,21039,4,41,210392,4
6777,21039,5,41,210392,5
6778,31030,1,3,12,0
6779,31030,1,4,12,0
6780,31030,2,3,24,0
6781,31030,2,4,24,0
6782,31030,3,3,36,0
6783,31030,3,4,36,0
6784,113401,1,41,901341,1
6785,113401,1,65,1,0
6786,113401,1,62,1,0
6787,113401,1,64,1,0
6788,113401,2,41,901341,2
6789,113401,2,65,2,0
6790,113401,2,62,1,0
6791,113401,2,64,1,0
6792,113401,3,41,901341,3
6793,113401,3,65,2,0
6794,113401,3,62,2,0
6795,113401,3,64,1,0
6796,113401,4,41,901341,3
6797,113401,4,65,2,0
6798,113401,4,62,2,0
6799,113401,4,64,2,0
