id,relation_type,chara_id
1,101,1024
2,101,1044
3,101,1051
4,101,1054
5,102,1029
6,102,1047
7,102,1003
8,102,1008
9,102,1009
10,102,1013
11,102,1019
12,102,1038
13,102,1055
14,103,1011
15,103,1014
16,103,1020
17,103,1052
18,103,1001
19,103,1015
20,103,1028
21,103,1039
22,103,1058
23,103,1060
24,103,1061
25,104,1010
26,104,1025
27,104,1030
28,104,1041
29,104,1049
30,104,1059
31,104,1002
32,104,1022
33,104,1026
34,104,1032
35,104,1036
36,104,1040
37,104,1048
38,104,1056
39,105,1012
40,105,1027
41,105,1031
42,105,1043
43,105,1005
44,105,1007
45,105,1016
46,105,1018
47,105,1023
48,105,1033
49,105,1035
50,105,1037
51,105,1046
52,105,1050
53,105,1053
54,106,1004
55,106,1017
56,106,1034
57,106,1006
58,106,1021
59,106,1042
60,106,1045
62,201,1010
63,201,1011
64,201,1012
65,201,1014
66,201,1017
67,201,1020
68,201,1025
69,201,1027
70,201,1029
71,201,1030
72,201,1031
73,201,1034
74,201,1041
75,201,1043
76,201,1047
77,201,1049
78,205,1057
79,201,1059
80,202,1001
81,202,1002
82,202,1003
83,202,1005
84,202,1006
85,202,1007
86,202,1008
87,202,1009
88,202,1013
89,202,1015
90,202,1016
91,202,1018
92,202,1019
93,202,1021
94,202,1022
95,202,1023
96,202,1024
97,202,1026
98,202,1028
99,202,1032
100,202,1033
101,202,1035
102,202,1036
103,202,1037
104,202,1038
105,202,1039
106,202,1040
107,202,1042
108,202,1044
109,202,1045
110,202,1046
111,202,1048
112,202,1050
113,202,1051
114,202,1053
115,202,1054
116,202,1055
117,202,1056
118,202,1058
119,202,1060
120,202,1061
121,203,1004
122,202,1052
123,301,1001
124,301,1002
125,302,1006
126,302,1021
127,303,1008
128,303,1009
129,304,1010
130,304,1059
131,305,1011
132,305,1014
133,306,1015
134,306,1023
135,307,1018
136,307,1022
137,308,1024
138,308,1003
139,309,1025
140,309,1029
141,310,1026
142,310,1051
143,311,1027
144,311,1031
145,312,1028
146,312,1054
147,313,1030
148,313,1047
149,314,1032
150,314,1019
151,315,1033
152,315,1038
153,316,1035
154,316,1048
155,317,1036
156,317,1058
157,318,1037
158,318,1046
159,319,1039
160,319,1042
161,320,1040
162,320,1053
163,321,1045
164,321,1050
165,322,1052
166,322,1061
167,323,1055
168,323,1060
169,401,1001
170,401,1011
171,401,1014
172,401,1020
173,401,1061
174,402,1002
176,402,1010
177,402,1056
178,403,1003
179,403,1008
180,403,1009
181,403,1013
182,404,1023
183,404,1050
184,404,1035
185,501,1017
186,501,1018
187,501,1016
188,502,1001
189,502,1011
190,502,1014
191,502,1020
192,503,1013
193,503,1027
194,503,1059
195,504,1061
196,504,1013
197,504,1022
198,505,1012
199,505,1005
200,506,1006
201,506,1021
202,506,1045
203,506,1034
204,507,1023
205,507,1050
206,507,1035
207,2001,1002
208,2001,1001
209,2001,1005
210,2001,1025
211,2001,1036
212,2001,1032
213,2002,1018
214,2002,1035
215,2003,1041
216,2003,1029
217,2101,1007
218,2101,1009
219,2101,1046
220,2102,1001
221,2102,1035
222,2103,1011
223,2103,1024
224,2104,1015
225,2104,1024
226,2105,1031
227,2105,1040
228,2106,1018
229,2106,1009
230,2106,1041
231,2107,1032
232,2107,1029
233,2201,1017
234,2201,1003
235,2301,1001
236,2301,1004
237,2302,1004
238,2302,1035
239,2303,1013
240,2303,1007
241,2601,1001
242,2601,1002
243,2601,1003
244,2601,1004
245,2601,1005
246,2601,1006
247,2601,1007
248,2601,1010
249,2601,1011
250,2601,1013
251,2601,1014
252,2601,1015
253,2601,1016
254,2601,1017
255,2601,1019
256,2601,1020
257,2601,1021
258,2601,1023
259,2601,1024
260,2601,1025
261,2601,1026
262,2601,1027
263,2601,1028
264,2601,1030
265,2601,1031
266,2601,1032
267,2601,1033
268,2601,1034
269,2601,1035
270,2601,1036
271,2601,1037
272,2601,1040
273,2601,1041
274,2601,1043
275,2601,1045
276,2601,1046
277,2601,1047
278,2601,1048
279,2601,1049
280,2601,1050
281,2601,1053
282,2601,1054
283,2601,1055
284,2601,1056
285,2601,1057
286,2601,1058
287,2601,1060
288,2601,1061
289,2602,1008
290,2602,1009
291,2602,1012
292,2602,1018
293,2602,1022
294,2602,1029
295,2602,1038
296,2602,1039
297,2602,1042
298,2602,1044
299,2602,1051
300,2602,1052
301,2602,1059
302,7000,1002
303,7000,1014
304,7001,1002
305,7001,1018
306,7002,1002
307,7002,1056
308,7003,1001
309,7003,1011
310,7004,1001
311,7004,1014
312,7005,1001
313,7005,1015
314,7006,1001
315,7006,1020
316,7007,1001
317,7007,1061
318,7008,1003
319,7008,1013
320,7009,1006
321,7009,1021
322,7010,1006
323,7010,1027
324,7011,1006
325,7011,1045
326,7012,1008
327,7012,1009
328,7013,1011
329,7013,1002
330,7014,1012
331,7014,1054
332,7015,1012
333,7015,1002
334,7016,1013
335,7016,1007
336,7017,1021
337,7017,1045
338,7018,1023
339,7018,1035
340,7019,1023
341,7019,1050
342,7020,1027
343,7020,1031
344,7021,1035
345,7021,1050
346,7022,1060
347,7022,1003
348,7023,1061
349,7023,1011
350,7024,1061
351,7024,1020
352,2701,1006
353,2701,1037
354,2702,1015
355,2702,1017
356,2703,1023
357,2703,1029
358,2704,1025
359,2704,1030
360,2705,1008
361,2705,1046
363,2706,1060
364,2801,1021
365,2801,1034
366,2801,1040
367,2802,1006
368,2802,1045
369,2802,1053
370,2803,1013
371,2803,1027
372,2803,1031
373,2804,1003
374,2804,1060
375,2805,1026
376,2805,1030
377,2805,1041
378,2805,1051
379,2806,1023
380,2806,1029
381,2806,1035
382,2806,1050
383,2807,1012
384,2807,1016
385,2807,1054
386,2808,1005
387,2808,1024
388,2808,1028
389,2808,1055
390,2809,1018
391,2809,1043
392,2810,1002
393,2810,1010
394,2810,1042
395,2810,1056
396,2810,1059
397,2811,1001
398,2811,1011
399,2811,1014
400,2811,1020
401,2811,1061
402,2812,1015
403,2812,1033
404,2812,1052
405,2812,1058
406,2813,1019
407,2813,1036
408,2814,1025
409,2814,1032
410,2815,1008
411,2815,1009
412,2816,1048
413,2816,1049
414,2817,1037
415,2817,1038
416,2901,1002
417,2901,1004
418,2901,1020
419,2901,1024
420,2901,1026
421,2901,1031
422,2901,1046
423,2902,1003
424,2902,1005
425,2902,1009
426,2902,1010
427,2902,1013
428,2902,1014
429,2902,1015
430,2902,1017
431,2902,1018
432,2902,1019
433,2902,1022
434,2902,1023
435,2902,1028
436,2902,1029
437,2902,1030
438,2902,1038
439,2902,1040
440,2902,1041
441,2902,1043
442,2902,1045
443,2902,1047
444,2902,1048
445,2902,1051
447,2902,1058
448,2903,1001
449,2903,1006
450,2903,1008
451,2903,1011
452,2903,1016
453,2903,1025
454,2903,1027
455,2903,1032
456,2904,1034
457,2903,1035
458,2903,1037
459,2903,1039
460,2903,1042
461,2903,1049
462,2903,1053
463,2903,1054
464,2903,1056
465,2903,1059
466,2903,1060
467,2903,1061
468,2904,1007
469,2904,1012
470,2904,1021
471,2904,1033
472,2904,1036
473,2904,1044
474,2904,1050
475,2904,1052
476,2904,1057
477,3001,1004
478,3001,1010
479,3001,1041
480,3001,1052
481,3001,1061
482,3001,1026
483,3001,1028
484,3001,1038
485,3001,1042
486,3001,1051
487,3001,1053
488,3001,1054
489,3002,1004
490,3002,1005
491,3002,1006
492,3002,1008
493,3002,1009
494,3002,1010
495,3002,1011
496,3002,1014
497,3002,1040
498,3002,1019
499,3002,1026
500,3002,1029
501,3002,1031
502,3002,1039
503,3002,1042
504,3002,1043
505,3002,1046
506,3002,1051
507,3002,1053
508,3002,1059
509,3003,1001
510,3003,1002
511,3003,1003
512,3003,1006
513,3003,1007
514,3003,1008
515,3003,1009
516,3003,1011
517,3003,1012
518,3003,1013
519,3003,1014
520,3003,1015
521,3003,1017
522,3003,1018
523,3003,1020
524,3003,1024
525,3003,1027
526,3003,1030
527,3003,1032
528,3003,1035
529,3003,1045
530,3003,1056
531,3003,1060
532,3003,1016
533,3003,1019
534,3003,1021
535,3003,1022
536,3003,1023
537,3003,1026
538,3003,1029
539,3003,1031
540,3003,1033
541,3003,1034
542,3003,1036
543,3003,1037
544,3003,1039
545,3003,1044
546,3003,1046
547,3003,1047
548,3003,1048
549,3003,1049
550,3003,1050
551,3003,1055
552,3003,1057
553,3003,1058
554,3003,1059
555,3004,1001
556,3004,1007
557,3004,1013
558,3004,1015
559,3004,1017
560,3004,1020
561,3004,1024
562,3004,1030
563,3004,1045
564,3004,1060
565,3004,1016
566,3004,1021
567,3004,1023
568,3004,1025
569,3004,1034
570,3101,1001
571,3101,1002
572,3101,1003
573,3101,1004
574,3101,1005
575,3101,1006
576,3101,1007
577,3101,1008
578,3101,1009
579,3101,1010
580,3101,1011
581,3101,1012
582,3101,1013
583,3101,1014
584,3101,1015
585,3101,1017
586,3101,1018
587,3101,1020
588,3101,1024
589,3101,1027
590,3101,1030
591,3101,1032
592,3101,1035
593,3101,1040
594,3101,1041
595,3101,1045
596,3101,1056
597,3101,1060
598,3101,1061
599,3101,1016
600,3101,1019
601,3101,1021
602,3101,1022
603,3101,1023
604,3101,1025
605,3101,1026
606,3101,1028
607,3101,1029
608,3101,1031
609,3101,1033
610,3101,1034
611,3101,1036
612,3101,1037
613,3101,1038
614,3101,1039
615,3101,1042
616,3101,1044
617,3101,1047
618,3101,1048
619,3101,1049
620,3101,1050
621,3101,1051
622,3101,1053
623,3101,1054
624,3101,1055
625,3101,1057
626,3101,1058
627,3101,1059
628,3102,1052
629,3102,1019
630,3102,1034
631,3102,1043
632,3102,1046
633,2523,1003
634,2523,1006
635,2523,1007
636,2523,1009
637,2523,1011
638,2523,1015
639,2523,1016
640,2523,1024
641,2523,1025
642,2523,1034
643,2523,1047
644,2523,1017
645,2509,1018
646,2509,1039
647,2509,1059
648,2512,1002
649,2512,1007
650,2512,1011
651,2512,1013
652,2512,1015
653,2512,1021
654,2512,1023
655,2512,1024
656,2512,1027
657,2512,1034
658,2512,1044
659,2512,1049
660,2512,1055
661,2512,1058
662,2510,1001
663,2510,1003
664,2510,1008
665,2510,1016
666,2510,1026
667,2510,1031
668,2510,1033
669,2510,1035
670,2510,1037
671,2510,1017
672,2510,1057
673,2530,1046
674,2506,1001
675,2506,1007
676,2506,1013
677,2506,1015
678,2506,1021
679,2506,1023
680,2506,1024
681,2506,1025
682,2506,1030
683,2506,1034
684,2506,1045
685,2506,1017
686,2516,1001
687,2516,1008
688,2516,1015
689,2516,1018
690,2516,1019
691,2516,1021
692,2516,1037
693,2516,1045
694,2516,1047
695,2516,1048
696,2516,1057
697,2525,1046
698,2522,1005
699,2522,1011
700,2522,1016
701,2522,1026
702,2522,1031
703,2522,1004
704,2531,1046
705,2514,1009
706,2514,1022
707,2514,1039
708,2514,1044
709,2514,1059
710,2505,1003
711,2505,1007
712,2505,1015
713,2505,1016
714,2505,1020
715,2505,1026
716,2505,1032
717,2505,1036
718,2505,1050
719,2505,1017
720,2505,1057
721,2504,1009
722,2504,1051
723,2521,1008
724,2521,1012
725,2521,1051
726,2521,1059
727,2502,1038
728,2502,1061
729,2515,1007
730,2515,1013
731,2515,1016
732,2515,1020
733,2515,1023
734,2515,1024
735,2515,1025
736,2515,1030
737,2515,1036
738,2515,1045
739,2515,1056
740,2515,1017
741,2515,1057
742,2511,1006
743,2511,1008
744,2511,1010
745,2511,1019
746,2511,1053
747,2518,1006
748,2518,1010
749,2518,1019
750,2501,1019
751,2501,1043
752,2513,1010
753,2513,1028
754,2513,1038
755,2513,1041
756,2513,1051
757,2513,1053
758,2519,1001
759,2519,1003
760,2519,1008
761,2519,1014
762,2519,1015
763,2519,1047
764,2519,1017
765,2517,1009
766,2517,1012
767,2517,1022
768,2517,1044
769,2517,1059
770,2508,1008
771,2507,1014
772,2507,1042
773,2529,1046
774,3201,1022
780,3204,1042
791,3202,1011
792,3202,1036
793,3202,1052
794,3202,1054
795,3203,1006
796,3203,1007
797,3203,1010
798,3203,1012
799,3203,1014
800,3203,1015
801,3203,1017
802,3203,1023
803,3203,1024
804,3203,1025
805,3203,1029
806,3203,1030
807,3203,1035
808,3203,1037
809,3204,1003
810,3204,1005
811,3204,1008
812,3204,1013
813,3204,1018
814,3204,1020
815,3204,1026
816,3204,1027
817,3204,1031
818,3204,1032
819,3204,1040
820,3204,1041
821,3204,1046
822,3204,1057
823,3204,1060
824,3204,1061
825,3205,1001
826,3205,1002
827,3205,1004
828,3205,1009
829,3205,1016
830,3205,1019
831,3205,1021
832,3205,1045
833,3205,1056
834,3206,1050
835,8001,1001
836,8001,1003
837,8002,1001
838,8002,1004
839,8003,1001
840,8003,1013
841,8004,1001
842,8004,1015
843,8005,1001
844,8005,1017
845,8006,1001
846,8006,1022
847,8007,1001
848,8007,1027
849,8008,1001
850,8008,1038
851,8009,1001
852,8009,1040
853,8010,1001
854,8010,1043
855,8011,1001
856,8011,1045
857,8012,1001
858,8012,1054
859,8013,1001
860,8013,1056
861,8014,1001
862,8014,1058
863,8015,1001
864,8015,1059
865,8016,1001
866,8016,1060
867,8017,1002
868,8017,1003
869,8018,1002
870,8018,1004
871,8019,1002
872,8019,1013
873,8020,1002
874,8020,1015
875,8021,1002
876,8021,1017
877,8022,1002
878,8022,1022
879,8023,1002
880,8023,1027
881,8024,1002
882,8024,1038
883,8025,1002
884,8025,1040
885,8026,1002
886,8026,1043
887,8027,1002
888,8027,1045
889,8028,1002
890,8028,1054
891,8029,1002
892,8029,1056
893,8030,1002
894,8030,1058
895,8031,1002
896,8031,1059
897,8032,1002
898,8032,1060
899,8033,1003
900,8033,1007
901,8034,1003
902,8034,1009
903,8035,1003
904,8035,1018
905,8036,1003
906,8036,1021
907,8037,1003
908,8037,1023
909,8038,1003
910,8038,1035
911,8039,1003
912,8039,1046
913,8040,1003
914,8040,1048
915,8041,1003
916,8041,1049
917,8042,1003
918,8042,1050
919,8043,1004
920,8043,1007
921,8044,1004
922,8044,1009
923,8045,1004
924,8045,1018
925,8046,1004
926,8046,1021
927,8047,1004
928,8047,1023
929,8048,1004
930,8048,1035
931,8049,1004
932,8049,1046
933,8050,1004
934,8050,1048
935,8051,1004
936,8051,1049
937,8052,1005
938,8052,1003
939,8053,1005
940,8053,1004
941,8054,1005
942,8054,1013
943,8055,1005
944,8055,1015
945,8056,1005
946,8056,1017
947,8057,1005
948,8057,1022
949,8058,1005
950,8058,1027
951,8059,1005
952,8059,1038
953,8060,1005
954,8060,1040
955,8061,1005
956,8061,1043
957,8062,1005
958,8062,1045
959,8063,1005
960,8063,1054
961,8064,1005
962,8064,1056
963,8065,1005
964,8065,1058
965,8066,1005
966,8066,1059
967,8067,1005
968,8067,1060
969,8068,1006
970,8068,1004
971,8069,1006
972,8069,1022
973,8070,1006
974,8070,1045
975,8071,1006
976,8071,1054
977,8072,1007
978,8072,1018
979,8073,1007
980,8073,1021
981,8074,1007
982,8074,1023
983,8075,1007
984,8075,1035
985,8076,1007
986,8076,1048
987,8077,1009
988,8077,1018
989,8078,1009
990,8078,1021
991,8079,1009
992,8079,1023
993,8080,1009
994,8080,1035
995,8081,1009
996,8081,1048
997,8082,1010
998,8082,1003
999,8083,1010
1000,8083,1004
1001,8084,1010
1002,8084,1013
1003,8085,1010
1004,8085,1015
1005,8086,1010
1006,8086,1017
1007,8087,1010
1008,8087,1022
1009,8088,1010
1010,8088,1027
1011,8089,1010
1012,8089,1038
1013,8090,1010
1014,8090,1040
1015,8091,1010
1016,8091,1043
1017,8092,1010
1018,8092,1045
1019,8093,1010
1020,8093,1054
1021,8094,1010
1022,8094,1056
1023,8095,1010
1024,8095,1058
1025,8096,1010
1026,8096,1059
1027,8097,1010
1028,8097,1060
1029,8098,1013
1030,8098,1007
1031,8099,1013
1032,8099,1009
1033,8100,1013
1034,8100,1018
1035,8101,1013
1036,8101,1021
1037,8102,1013
1038,8102,1023
1039,8103,1013
1040,8103,1035
1041,8104,1013
1042,8104,1046
1043,8105,1013
1044,8105,1048
1045,8106,1013
1046,8106,1049
1047,8107,1013
1048,8107,1050
1049,8108,1014
1050,8108,1004
1051,8109,1014
1052,8109,1007
1053,8110,1014
1054,8110,1009
1055,8111,1014
1056,8111,1022
1057,8112,1014
1058,8112,1045
1059,8113,1014
1060,8113,1046
1061,8114,1014
1062,8114,1049
1063,8115,1014
1064,8115,1054
1065,8116,1015
1066,8116,1006
1067,8117,1015
1068,8117,1050
1069,8118,1016
1070,8118,1003
1071,8119,1016
1072,8119,1004
1073,8120,1016
1074,8120,1013
1075,8121,1016
1076,8121,1015
1077,8122,1016
1078,8122,1017
1079,8123,1016
1080,8123,1022
1081,8124,1016
1082,8124,1027
1083,8125,1016
1084,8125,1038
1085,8126,1016
1086,8126,1040
1087,8127,1016
1088,8127,1043
1089,8128,1016
1090,8128,1045
1091,8129,1016
1092,8129,1054
1093,8130,1016
1094,8130,1056
1095,8131,1016
1096,8131,1058
1097,8132,1016
1098,8132,1059
1099,8133,1016
1100,8133,1060
1101,8134,1017
1102,8134,1007
1103,8135,1017
1104,8135,1009
1105,8136,1017
1106,8136,1018
1107,8137,1017
1108,8137,1021
1109,8138,1017
1110,8138,1023
1111,8139,1017
1112,8139,1035
1113,8140,1017
1114,8140,1046
1115,8141,1017
1116,8141,1048
1117,8142,1017
1118,8142,1049
1119,8143,1017
1120,8143,1050
1121,8144,1019
1122,8144,1004
1123,8145,1019
1124,8145,1007
1125,8146,1019
1126,8146,1009
1127,8147,1019
1128,8147,1022
1129,8148,1019
1130,8148,1045
1131,8149,1019
1132,8149,1046
1133,8150,1019
1134,8150,1049
1135,8151,1019
1136,8151,1054
1137,8152,1020
1138,8152,1004
1139,8153,1020
1140,8153,1015
1141,8154,1020
1142,8154,1027
1143,8155,1020
1144,8155,1038
1145,8156,1020
1146,8156,1040
1147,8157,1020
1148,8157,1043
1149,8158,1020
1150,8158,1045
1151,8159,1020
1152,8159,1058
1153,8160,1020
1154,8160,1059
1155,8161,1020
1156,8161,1060
1157,8162,1025
1158,8162,1003
1159,8163,1025
1160,8163,1004
1161,8164,1025
1162,8164,1013
1163,8165,1025
1164,8165,1015
1165,8166,1025
1166,8166,1017
1167,8167,1025
1168,8167,1022
1169,8168,1025
1170,8168,1027
1171,8169,1025
1172,8169,1038
1173,8170,1025
1174,8170,1040
1175,8171,1025
1176,8171,1043
1177,8172,1025
1178,8172,1045
1179,8173,1025
1180,8173,1054
1181,8174,1025
1182,8174,1056
1183,8175,1025
1184,8175,1058
1185,8176,1025
1186,8176,1059
1187,8177,1025
1188,8177,1060
1189,8178,1027
1190,8178,1006
1191,8179,1027
1192,8179,1050
1193,8180,1028
1194,8180,1004
1195,8181,1028
1196,8181,1007
1197,8182,1028
1198,8182,1009
1199,8183,1028
1200,8183,1022
1201,8184,1028
1202,8184,1045
1203,8185,1028
1204,8185,1046
1205,8186,1028
1206,8186,1049
1207,8187,1028
1208,8187,1054
1209,8188,1029
1210,8188,1004
1211,8189,1029
1212,8189,1015
1213,8190,1029
1214,8190,1018
1215,8191,1029
1216,8191,1021
1217,8192,1029
1218,8192,1023
1219,8193,1029
1220,8193,1027
1221,8194,1029
1222,8194,1035
1223,8195,1029
1224,8195,1038
1225,8196,1029
1226,8196,1040
1227,8197,1029
1228,8197,1043
1229,8198,1029
1230,8198,1045
1231,8199,1029
1232,8199,1048
1233,8200,1029
1234,8200,1058
1235,8201,1029
1236,8201,1059
1237,8202,1029
1238,8202,1060
1239,8203,1030
1240,8203,1003
1241,8204,1030
1242,8204,1004
1243,8205,1030
1244,8205,1013
1245,8206,1030
1246,8206,1015
1247,8207,1030
1248,8207,1017
1249,8208,1030
1250,8208,1022
1251,8209,1030
1252,8209,1027
1253,8210,1030
1254,8210,1038
1255,8211,1030
1256,8211,1040
1257,8212,1030
1258,8212,1043
1259,8213,1030
1260,8213,1045
1261,8214,1030
1262,8214,1054
1263,8215,1030
1264,8215,1056
1265,8216,1030
1266,8216,1058
1267,8217,1030
1268,8217,1059
1269,8218,1030
1270,8218,1060
1271,8219,1032
1272,8219,1003
1273,8220,1032
1274,8220,1004
1275,8221,1032
1276,8221,1013
1277,8222,1032
1278,8222,1015
1279,8223,1032
1280,8223,1017
1281,8224,1032
1282,8224,1022
1283,8225,1032
1284,8225,1027
1285,8226,1032
1286,8226,1038
1287,8227,1032
1288,8227,1040
1289,8228,1032
1290,8228,1043
1291,8229,1032
1292,8229,1045
1293,8230,1032
1294,8230,1054
1295,8231,1032
1296,8231,1056
1297,8232,1032
1298,8232,1058
1299,8233,1032
1300,8233,1059
1301,8234,1032
1302,8234,1060
1303,8235,1033
1304,8235,1003
1305,8236,1033
1306,8236,1004
1307,8237,1033
1308,8237,1013
1309,8238,1033
1310,8238,1015
1311,8239,1033
1312,8239,1017
1313,8240,1033
1314,8240,1022
1315,8241,1033
1316,8241,1027
1317,8242,1033
1318,8242,1038
1319,8243,1033
1320,8243,1040
1321,8244,1033
1322,8244,1043
1323,8245,1033
1324,8245,1045
1325,8246,1033
1326,8246,1054
1327,8247,1033
1328,8247,1056
1329,8248,1033
1330,8248,1058
1331,8249,1033
1332,8249,1059
1333,8250,1033
1334,8250,1060
1335,8251,1036
1336,8251,1003
1337,8252,1036
1338,8252,1004
1339,8253,1036
1340,8253,1013
1341,8254,1036
1342,8254,1015
1343,8255,1036
1344,8255,1017
1345,8256,1036
1346,8256,1022
1347,8257,1036
1348,8257,1027
1349,8258,1036
1350,8258,1038
1351,8259,1036
1352,8259,1040
1353,8260,1036
1354,8260,1043
1355,8261,1036
1356,8261,1045
1357,8262,1036
1358,8262,1054
1359,8263,1036
1360,8263,1056
1361,8264,1036
1362,8264,1058
1363,8265,1036
1364,8265,1059
1365,8266,1036
1366,8266,1060
1367,8267,1037
1368,8267,1004
1369,8268,1037
1370,8268,1007
1371,8269,1037
1372,8269,1009
1373,8270,1037
1374,8270,1022
1375,8271,1037
1376,8271,1045
1377,8272,1037
1378,8272,1046
1379,8273,1037
1380,8273,1049
1381,8274,1037
1382,8274,1054
1383,8275,1038
1384,8275,1006
1385,8276,1038
1386,8276,1050
1387,8277,1039
1388,8277,1003
1389,8278,1039
1390,8278,1007
1391,8279,1039
1392,8279,1009
1393,8280,1039
1394,8280,1013
1395,8281,1039
1396,8281,1017
1397,8282,1039
1398,8282,1046
1399,8283,1039
1400,8283,1049
1401,8284,1039
1402,8284,1050
1403,8285,1040
1404,8285,1006
1405,8286,1040
1406,8286,1050
1407,8287,1041
1408,8287,1004
1409,8288,1041
1410,8288,1015
1411,8289,1041
1412,8289,1018
1413,8290,1041
1414,8290,1021
1415,8291,1041
1416,8291,1023
1417,8292,1041
1418,8292,1027
1419,8293,1041
1420,8293,1035
1421,8294,1041
1422,8294,1038
1423,8295,1041
1424,8295,1040
1425,8296,1041
1426,8296,1043
1427,8297,1041
1428,8297,1045
1429,8298,1041
1430,8298,1048
1431,8299,1041
1432,8299,1058
1433,8300,1041
1434,8300,1059
1435,8301,1041
1436,8301,1060
1437,8302,1042
1438,8302,1004
1439,8303,1042
1440,8303,1007
1441,8304,1042
1442,8304,1009
1443,8305,1042
1444,8305,1022
1445,8306,1042
1446,8306,1045
1447,8307,1042
1448,8307,1046
1449,8308,1042
1450,8308,1049
1451,8309,1042
1452,8309,1054
1453,8310,1043
1454,8310,1006
1455,8311,1043
1456,8311,1050
1457,8312,1044
1458,8312,1004
1459,8313,1044
1460,8313,1007
1461,8314,1044
1462,8314,1009
1463,8315,1044
1464,8315,1022
1465,8316,1044
1466,8316,1045
1467,8317,1044
1468,8317,1046
1469,8318,1044
1470,8318,1049
1471,8319,1044
1472,8319,1054
1473,8320,1045
1474,8320,1007
1475,8321,1045
1476,8321,1009
1477,8322,1045
1478,8322,1018
1479,8323,1045
1480,8323,1021
1481,8324,1045
1482,8324,1023
1483,8325,1045
1484,8325,1035
1485,8326,1045
1486,8326,1046
1487,8327,1045
1488,8327,1048
1489,8328,1045
1490,8328,1049
1491,8329,1046
1492,8329,1018
1493,8330,1046
1494,8330,1021
1495,8331,1046
1496,8331,1023
1497,8332,1046
1498,8332,1035
1499,8333,1046
1500,8333,1048
1501,8334,1047
1502,8334,1003
1503,8335,1047
1504,8335,1004
1505,8336,1047
1506,8336,1013
1507,8337,1047
1508,8337,1015
1509,8338,1047
1510,8338,1017
1511,8339,1047
1512,8339,1022
1513,8340,1047
1514,8340,1027
1515,8341,1047
1516,8341,1038
1517,8342,1047
1518,8342,1040
1519,8343,1047
1520,8343,1043
1521,8344,1047
1522,8344,1045
1523,8345,1047
1524,8345,1054
1525,8346,1047
1526,8346,1056
1527,8347,1047
1528,8347,1058
1529,8348,1047
1530,8348,1059
1531,8349,1047
1532,8349,1060
1533,8350,1049
1534,8350,1018
1535,8351,1049
1536,8351,1021
1537,8352,1049
1538,8352,1023
1539,8353,1049
1540,8353,1035
1541,8354,1049
1542,8354,1048
1543,8355,1050
1544,8355,1004
1545,8356,1050
1546,8356,1045
1547,8357,1051
1548,8357,1012
1549,8358,1051
1550,8358,1015
1551,8359,1051
1552,8359,1027
1553,8360,1051
1554,8360,1031
1555,8361,1051
1556,8361,1038
1557,8362,1051
1558,8362,1039
1559,8363,1051
1560,8363,1040
1561,8364,1051
1562,8364,1043
1563,8365,1051
1564,8365,1050
1565,8366,1051
1566,8366,1052
1567,8367,1051
1568,8367,1053
1569,8368,1051
1570,8368,1058
1571,8369,1051
1572,8369,1059
1573,8370,1051
1574,8370,1060
1575,8371,1051
1576,8371,1061
1577,8372,1052
1578,8372,1003
1579,8373,1052
1580,8373,1007
1581,8374,1052
1582,8374,1009
1583,8375,1052
1584,8375,1013
1585,8376,1052
1586,8376,1017
1587,8377,1052
1588,8377,1046
1589,8378,1052
1590,8378,1049
1591,8379,1052
1592,8379,1050
1593,8380,1055
1594,8380,1003
1595,8381,1055
1596,8381,1004
1597,8382,1055
1598,8382,1013
1599,8383,1055
1600,8383,1015
1601,8384,1055
1602,8384,1017
1603,8385,1055
1604,8385,1022
1605,8386,1055
1606,8386,1027
1607,8387,1055
1608,8387,1038
1609,8388,1055
1610,8388,1040
1611,8389,1055
1612,8389,1043
1613,8390,1055
1614,8390,1045
1615,8391,1055
1616,8391,1054
1617,8392,1055
1618,8392,1056
1619,8393,1055
1620,8393,1058
1621,8394,1055
1622,8394,1059
1623,8395,1055
1624,8395,1060
1625,8396,1056
1626,8396,1004
1627,8397,1056
1628,8397,1045
1629,8398,1057
1630,8398,1004
1631,8399,1057
1632,8399,1015
1633,8400,1057
1634,8400,1018
1635,8401,1057
1636,8401,1021
1637,8402,1057
1638,8402,1023
1639,8403,1057
1640,8403,1027
1641,8404,1057
1642,8404,1035
1643,8405,1057
1644,8405,1038
1645,8406,1057
1646,8406,1040
1647,8407,1057
1648,8407,1043
1649,8408,1057
1650,8408,1045
1651,8409,1057
1652,8409,1048
1653,8410,1057
1654,8410,1058
1655,8411,1057
1656,8411,1059
1657,8412,1057
1658,8412,1060
1659,8413,1058
1660,8413,1006
1661,8414,1058
1662,8414,1050
1663,8415,1059
1664,8415,1006
1665,8416,1059
1666,8416,1050
1667,8417,1060
1668,8417,1006
1669,8418,1060
1670,8418,1050
1671,8419,1061
1672,8419,1003
1673,8420,1061
1674,8420,1007
1675,8421,1061
1676,8421,1009
1677,8422,1061
1678,8422,1013
1679,8423,1061
1680,8423,1017
1681,8424,1061
1682,8424,1046
1683,8425,1061
1684,8425,1049
1685,8426,1061
1686,8426,1050
1687,508,1030
1688,508,1052
1689,509,1041
1690,509,1052
1691,2401,1004
1692,2402,1017
1693,2403,1006
1694,2403,1045
1695,2404,1003
1696,2404,1013
1697,2404,1027
1698,2404,1030
1699,2404,1041
1700,2404,1060
1701,2405,1024
1702,2405,1035
1703,2406,1001
1704,2406,1002
1705,2406,1010
1706,2406,1011
1707,2406,1014
1708,2406,1018
1709,2406,1056
1710,2406,1061
1711,2407,1032
1712,2407,1052
1713,2409,1008
1714,2409,1009
1715,2603,1001
1716,2603,1002
1717,2603,1006
1718,2603,1007
1719,2603,1013
1720,2603,1024
1721,2603,1027
1722,2603,1035
1723,2603,1041
1724,2603,1045
1725,2603,1052
1726,2603,1056
1727,2603,1060
1728,2604,1003
1729,2604,1004
1730,2604,1008
1731,2604,1009
1732,2604,1010
1733,2604,1011
1734,2604,1014
1735,2604,1017
1736,2604,1018
1737,2604,1030
1738,2604,1032
1739,2604,1061
1740,510,1001
1741,510,1052
1742,104,1069
1743,201,1069
1744,324,1069
1745,324,1071
1746,511,1041
1747,511,1069
1748,511,1076
1749,512,1069
1750,512,1028
1751,2202,1004
1752,2202,1069
1753,7025,1069
1754,7025,1071
1755,7026,1072
1756,7026,1069
1757,7027,1071
1758,7027,1072
1759,2802,1069
1760,2802,1071
1761,2802,1072
1762,2902,1069
1763,3002,1069
1764,3003,1069
1766,2510,1069
1767,2522,1069
1768,3202,1069
1769,8427,1069
1770,8427,1018
1771,8428,1069
1772,8428,1021
1773,8429,1069
1774,8429,1023
1775,8430,1069
1776,8430,1035
1777,8431,1069
1778,8431,1048
1779,8432,1069
1780,8432,1007
1781,8433,1069
1782,8433,1009
1783,8434,1069
1784,8434,1046
1785,8435,1069
1786,8435,1049
1787,8436,1069
1788,8436,1006
1789,8437,1069
1790,8437,1050
1791,8438,1069
1792,8438,1020
1793,8439,1069
1794,8439,1056
1795,8440,1069
1796,8440,1029
1797,8441,1069
1798,8441,1041
1799,8442,1069
1800,8442,1057
1801,8443,1069
1802,8443,1001
1803,8444,1069
1804,8444,1002
1805,8445,1069
1806,8445,1005
1807,8446,1069
1808,8446,1010
1809,8447,1069
1810,8447,1016
1811,8448,1069
1812,8448,1025
1813,8449,1069
1814,8449,1030
1815,8450,1069
1816,8450,1032
1817,8451,1069
1818,8451,1033
1819,8452,1069
1820,8452,1036
1821,8453,1069
1822,8453,1047
1823,8454,1069
1824,8454,1055
1825,8455,1069
1826,8455,1014
1827,8456,1069
1828,8456,1019
1829,8457,1069
1830,8457,1028
1831,8458,1069
1832,8458,1037
1833,8459,1069
1834,8459,1042
1835,8460,1069
1836,8460,1044
1837,2403,1069
1838,2604,1069
1839,8461,1070
1840,8461,1007
1841,8462,1070
1842,8462,1009
1843,8463,1070
1844,8463,1046
1845,8464,1070
1846,8464,1049
1847,8465,1070
1848,8465,1067
1849,8466,1070
1850,8466,1068
1851,8467,1070
1852,8467,1050
1853,8468,1070
1854,8468,1003
1855,8469,1070
1856,8469,1013
1857,8470,1070
1858,8470,1017
1859,8471,1070
1860,8471,1051
1861,8472,1071
1862,8472,1006
1863,8473,1071
1864,8473,1050
1865,8474,1071
1866,8474,1020
1867,8475,1071
1868,8475,1029
1869,8476,1071
1870,8476,1041
1871,8477,1071
1872,8477,1057
1873,8478,1071
1874,8478,1064
1875,8479,1071
1876,8479,1001
1877,8480,1071
1878,8480,1002
1879,8481,1071
1880,8481,1005
1881,8482,1071
1882,8482,1010
1883,8483,1071
1884,8483,1016
1885,8484,1071
1886,8484,1025
1887,8485,1071
1888,8485,1030
1889,8486,1071
1890,8486,1032
1891,8487,1071
1892,8487,1033
1893,8488,1071
1894,8488,1036
1895,8489,1071
1896,8489,1047
1897,8490,1071
1898,8490,1055
1899,8491,1071
1900,8491,1051
1901,8492,1072
1902,8492,1018
1903,8493,1072
1904,8493,1021
1905,8494,1072
1906,8494,1023
1907,8495,1072
1908,8495,1035
1909,8496,1072
1910,8496,1048
1911,8497,1072
1912,8497,1007
1913,8498,1072
1914,8498,1009
1915,8499,1072
1916,8499,1046
1917,8500,1072
1918,8500,1049
1919,8501,1072
1920,8501,1067
1921,8502,1072
1922,8502,1068
1923,8503,1072
1924,8503,1006
1925,8504,1072
1926,8504,1050
1927,8505,1072
1928,8505,1020
1929,8506,1072
1930,8506,1056
1931,8507,1072
1932,8507,1029
1933,8508,1072
1934,8508,1041
1935,8509,1072
1936,8509,1057
1937,8510,1072
1938,8510,1064
1939,8511,1072
1940,8511,1001
1941,8512,1072
1942,8512,1002
1943,8513,1072
1944,8513,1005
1945,8514,1072
1946,8514,1010
1947,8515,1072
1948,8515,1016
1949,8516,1072
1950,8516,1025
1951,8517,1072
1952,8517,1030
1953,8518,1072
1954,8518,1032
1955,8519,1072
1956,8519,1033
1957,8520,1072
1958,8520,1036
1959,8521,1072
1960,8521,1047
1961,8522,1072
1962,8522,1055
1963,8523,1072
1964,8523,1014
1965,8524,1072
1966,8524,1019
1967,8525,1072
1968,8525,1028
1969,8526,1072
1970,8526,1037
1971,8527,1072
1972,8527,1042
1973,8528,1072
1974,8528,1044
1975,8529,1062
1976,8529,1006
1977,8530,1062
1978,8530,1050
1979,8531,1062
1980,8531,1020
1981,8532,1062
1982,8532,1029
1983,8533,1062
1984,8533,1041
1985,8534,1062
1986,8534,1057
1987,8535,1062
1988,8535,1064
1989,8536,1062
1990,8536,1001
1991,8537,1062
1992,8537,1002
1993,8538,1062
1994,8538,1005
1995,8539,1062
1996,8539,1010
1997,8540,1062
1998,8540,1016
1999,8541,1062
2000,8541,1025
2001,8542,1062
2002,8542,1030
2003,8543,1062
2004,8543,1032
2005,8544,1062
2006,8544,1033
2007,8545,1062
2008,8545,1036
2009,8546,1062
2010,8546,1047
2011,8547,1062
2012,8547,1055
2013,8548,1062
2014,8548,1051
2015,8549,1063
2016,8549,1018
2017,8550,1063
2018,8550,1021
2019,8551,1063
2020,8551,1023
2021,8552,1063
2022,8552,1035
2023,8553,1063
2024,8553,1048
2025,8554,1063
2026,8554,1050
2027,8555,1064
2028,8555,1004
2029,8556,1064
2030,8556,1045
2031,8557,1064
2032,8557,1069
2035,8559,1064
2036,8559,1015
2037,8560,1064
2038,8560,1038
2039,8561,1064
2040,8561,1040
2041,8562,1064
2042,8562,1043
2043,8563,1064
2044,8563,1058
2045,8564,1064
2046,8564,1060
2047,8565,1064
2048,8565,1027
2049,8566,1064
2050,8566,1059
2055,8569,1064
2056,8569,1029
2057,8570,1064
2058,8570,1041
2059,8571,1064
2060,8571,1057
2061,8572,1065
2062,8572,1050
2063,8573,1065
2064,8573,1029
2065,8574,1065
2066,8574,1041
2067,8575,1065
2068,8575,1057
2069,8576,1066
2070,8576,1007
2071,8577,1066
2072,8577,1009
2073,8578,1066
2074,8578,1046
2075,8579,1066
2076,8579,1049
2077,8580,1066
2078,8580,1067
2079,8581,1066
2080,8581,1068
2081,8582,1066
2082,8582,1050
2083,8583,1066
2084,8583,1003
2085,8584,1066
2086,8584,1013
2087,8585,1066
2088,8585,1017
2089,8586,1066
2090,8586,1051
2091,8587,1068
2092,8587,1018
2093,8588,1068
2094,8588,1021
2095,8589,1068
2096,8589,1023
2097,8590,1068
2098,8590,1035
2099,8591,1068
2100,8591,1048
2101,8592,1068
2102,8592,1004
2103,8593,1068
2104,8593,1045
2105,8594,1068
2106,8594,1069
2109,8596,1068
2110,8596,1003
2111,8597,1068
2112,8597,1013
2113,8598,1068
2114,8598,1017
2115,8599,1068
2116,8599,1014
2117,8600,1068
2118,8600,1019
2119,8601,1068
2120,8601,1028
2121,8602,1068
2122,8602,1037
2123,8603,1068
2124,8603,1042
2125,8604,1068
2126,8604,1044
2127,8605,1068
2128,8605,1039
2129,8606,1068
2130,8606,1052
2131,8607,1068
2132,8607,1061
2137,8610,1067
2138,8610,1018
2139,8611,1067
2140,8611,1021
2141,8612,1067
2142,8612,1023
2143,8613,1067
2144,8613,1035
2145,8614,1067
2146,8614,1048
2147,8615,1067
2148,8615,1004
2149,8616,1067
2150,8616,1045
2151,8617,1067
2152,8617,1069
2155,8619,1067
2156,8619,1003
2157,8620,1067
2158,8620,1013
2159,8621,1067
2160,8621,1017
2161,8622,1067
2162,8622,1014
2163,8623,1067
2164,8623,1019
2165,8624,1067
2166,8624,1028
2167,8625,1067
2168,8625,1037
2169,8626,1067
2170,8626,1042
2171,8627,1067
2172,8627,1044
2173,8628,1067
2174,8628,1039
2175,8629,1067
2176,8629,1052
2177,8630,1067
2178,8630,1061
2183,8633,1074
2184,8633,1006
2185,8634,1074
2186,8634,1050
2187,8635,1074
2188,8635,1020
2189,8636,1074
2190,8636,1029
2191,8637,1074
2192,8637,1041
2193,8638,1074
2194,8638,1057
2195,8639,1074
2196,8639,1064
2197,8640,1074
2198,8640,1001
2199,8641,1074
2200,8641,1002
2201,8642,1074
2202,8642,1005
2203,8643,1074
2204,8643,1010
2205,8644,1074
2206,8644,1016
2207,8645,1074
2208,8645,1025
2209,8646,1074
2210,8646,1030
2211,8647,1074
2212,8647,1032
2213,8648,1074
2214,8648,1033
2215,8649,1074
2216,8649,1036
2217,8650,1074
2218,8650,1047
2219,8651,1074
2220,8651,1055
2221,8652,1074
2222,8652,1051
2223,2824,1091
2228,2901,1064
2229,2901,1104
2230,2901,1066
2231,2901,1068
2232,2901,1098
2233,2901,1087
2234,2902,1079
2235,2901,1080
2236,2902,1070
2237,2902,1071
2238,2902,1072
2239,2902,1077
2240,2902,1078
2241,2902,1081
2242,2902,1082
2243,2902,1086
2245,2903,1062
2246,2903,1063
2247,2903,1067
2248,2903,1074
2249,2902,1073
2251,2903,1076
2252,2903,1083
2253,2903,1094
2255,2904,1084
2256,2904,1108
2257,2904,1121
2258,2904,1117
2259,3001,1078
2260,3001,1085
2261,3001,1087
2262,3001,1093
2263,3001,1095
2264,3002,1065
2265,3002,1078
2266,3002,1082
2267,3002,1085
2268,3002,1086
2269,3003,1070
2270,3003,1071
2271,3003,1072
2272,3003,1063
2273,3003,1064
2274,3003,1066
2275,3003,1068
2276,3003,1073
2278,3003,1077
2279,3004,1062
2280,3004,1064
2281,3004,1068
2282,3004,1067
2283,3004,1074
2284,3004,1076
2285,3101,1070
2286,3101,1071
2287,3101,1072
2288,3101,1062
2289,3101,1063
2290,3101,1064
2291,3101,1065
2292,3101,1066
2293,3101,1067
2294,3101,1068
2295,3101,1074
2296,3101,1069
2297,3101,1073
2299,3101,1076
2300,2523,1064
2301,2523,1067
2302,2523,1068
2303,2512,1064
2304,2512,1092
2305,2512,1088
2306,2510,1070
2307,2510,1084
2308,2510,1094
2309,2510,1105
2310,2506,1068
2311,2506,1074
2312,2506,1076
2313,2516,1072
2314,2516,1068
2315,2516,1083
2316,2522,1119
2317,2522,1124
2319,2505,1072
2320,2505,1105
2321,2505,1096
2322,2515,1067
2323,2515,1068
2324,2515,1077
2325,2518,1065
2326,2518,1082
2327,2518,1121
2328,2519,1068
2329,3201,1067
2330,3201,1083
2331,3201,1131
2332,3202,1028
2333,3202,1048
2334,3202,1111
2335,3202,1113
2336,3203,1070
2337,3203,1071
2338,3203,1064
2339,3203,1068
2340,3203,1087
2341,3203,1089
2342,3203,1093
2343,3203,1098
2344,3204,1072
2345,3204,1063
2346,3204,1065
2347,3204,1066
2348,3204,1074
2349,3204,1073
2351,3204,1077
2352,3205,1062
2353,3205,1076
2354,3205,1079
2355,3205,1084
2356,3205,1094
2357,3205,1099
2358,3205,1097
2359,3205,1078
2360,2402,1070
2361,2403,1071
2362,2403,1072
2363,2404,1062
2364,2404,1063
2365,2404,1064
2366,2404,1065
2367,2404,1066
2368,2404,1051
2369,2404,1031
2370,2404,1085
2371,2406,1074
2372,2603,1071
2373,2603,1064
2374,2603,1066
2375,2603,1067
2376,2603,1074
2377,2603,1031
2378,2603,1044
2379,2603,1036
2380,2603,1029
2381,2603,1100
2382,2603,1047
2383,2604,1070
2384,2604,1072
2385,2604,1062
2386,2604,1063
2387,2604,1065
2388,2604,1068
2389,2604,1051
2390,2604,1053
2391,101,1067
2392,101,1068
2393,101,1089
2394,101,1088
2395,101,1091
2396,101,1131
2397,101,1132
2398,101,1133
2399,102,1066
2400,102,1078
2401,102,1087
2402,102,1109
2403,102,1110
2404,102,1111
2405,102,1112
2406,102,1113
2407,103,1062
2408,103,1063
2409,103,1073
2410,103,1098
2411,103,1099
2412,103,1108
2413,103,1090
2414,103,1103
2415,104,1074
2416,104,1085
2417,105,1072
2418,105,1064
2419,105,1065
2420,105,1076
2421,105,1077
2422,106,1070
2423,106,1071
2424,106,1086
2425,106,1057
2426,201,1070
2427,201,1071
2428,201,1066
2429,201,1076
2430,201,1078
2431,201,1083
2432,201,1086
2433,201,1088
2434,201,1108
2435,201,1124
2438,201,1127
2440,202,1072
2441,202,1062
2442,202,1063
2443,202,1064
2444,202,1065
2445,202,1067
2446,202,1068
2447,202,1074
2448,202,1073
2450,202,1077
2451,202,1080
2452,202,1081
2453,325,1070
2454,325,1049
2455,326,1071
2457,327,1056
2458,327,1062
2459,328,1013
2460,328,1063
2461,329,1064
2462,329,1104
2463,330,1065
2464,330,1107
2465,331,1034
2466,331,1066
2467,332,1067
2468,332,1068
2469,333,1074
2470,333,1073
2471,334,1072
2472,334,1096
2473,335,1044
2477,337,1076
2478,337,1020
2479,338,1084
2480,338,1016
2481,339,1085
2482,339,1093
2483,340,1077
2484,340,1094
2485,513,1060
2486,513,1062
2487,513,1063
2488,513,1066
2489,514,1064
2490,514,1065
2491,515,1067
2492,515,1068
2493,516,1013
2494,516,1067
2495,517,1003
2496,517,1068
2497,518,1002
2498,518,1046
2499,519,1032
2500,519,1044
2501,2004,1059
2502,2004,1074
2503,2106,1048
2504,2106,1063
2505,2108,1071
2506,2108,1065
2507,2203,1041
2508,2203,1068
2509,2204,1027
2510,2204,1074
2511,2205,1004
2512,2205,1074
2513,2601,1069
2514,2601,1070
2515,2601,1071
2516,2601,1072
2517,2601,1062
2518,2601,1064
2519,2601,1065
2520,2601,1066
2521,2601,1067
2522,2601,1068
2523,2601,1074
2524,2601,1073
2525,2601,1076
2526,2602,1063
2528,2602,1082
2529,2602,1085
2530,2602,1086
2531,7028,1003
2532,7028,1066
2533,7029,1067
2534,7029,1068
2535,7030,1059
2536,7030,1074
2537,7031,1098
2538,7031,1099
2539,7032,1098
2540,7032,1100
2541,2703,1068
2542,2706,1063
2544,2803,1063
2545,2803,1064
2546,2803,1065
2547,2803,1085
2548,2804,1066
2549,2804,1078
2550,2804,1093
2552,2805,1062
2553,2810,1074
2554,2818,1070
2555,2824,1067
2557,503,1071
2558,503,1064
2559,503,1074
2560,2530,1034
2561,2408,1022
2562,2408,1044
2563,2407,1036
2564,2407,1077
2565,2403,1053
2566,2403,1021
2567,2403,1034
2568,2604,1098
2569,2604,1042
2570,2604,1087
2571,2604,1078
2572,2604,1049
2573,104,1094
2574,104,1100
2575,105,1083
2576,105,1084
2577,104,1092
2578,105,1093
2579,202,1082
2580,202,1084
2581,202,1085
2582,202,1087
2583,202,1089
2584,202,1090
2585,202,1091
2586,202,1092
2587,202,1093
2588,202,1094
2589,202,1095
2590,202,1096
2591,202,1097
2592,202,1098
2593,202,1099
2594,202,1102
2595,503,1086
2596,2001,1047
2597,2001,1055
2598,2001,1095
2599,2001,1097
2600,2002,1080
2601,2002,1082
2602,2002,1089
2603,2002,1094
2604,2007,1073
2605,2007,1003
2606,2008,1085
2607,2008,1057
2608,2009,1008
2609,2009,1016
2610,2009,1024
2611,2009,1079
2612,2009,1081
2613,2009,1084
2614,2009,1092
2615,2009,1096
2616,2010,1046
2617,2010,1098
2618,2101,1049
2619,2101,1081
2620,2101,1089
2621,2101,1098
2622,2103,1092
2623,2103,1083
2624,2109,1077
2625,2109,1058
2626,2110,1085
2627,2110,1066
2628,2111,1088
2629,2111,1058
2630,2206,1073
2631,2206,1017
2632,2207,1083
2634,2208,1048
2635,2208,1094
2636,2601,1077
2637,2601,1078
2638,2601,1079
2639,2601,1080
2640,2601,1081
2641,2601,1083
2642,2601,1088
2643,2601,1089
2644,2601,1092
2645,2601,1093
2646,2601,1094
2647,2601,1098
2648,2601,1099
2649,2601,1100
2650,2601,1102
2651,2601,1103
2652,2601,1096
2653,2602,1087
2654,2602,1090
2655,2602,1091
2656,2602,1095
2657,2602,1109
2658,7033,1099
2659,7033,1100
2660,2703,1088
2661,2703,1103
2662,2704,1087
2663,2704,1090
2664,2705,1077
2665,2706,1042
2666,2806,1082
2667,2806,1103
2668,2807,1076
2669,2811,1073
2670,2812,1077
2671,2814,1094
2672,2814,1092
2673,2814,1095
2674,2815,1079
2675,2815,1087
2676,2816,1080
2677,2816,1100
2679,3002,1090
2680,3002,1098
2681,3002,1099
2682,3002,1100
2683,3002,1097
2684,3003,1083
2685,3003,1084
2686,3003,1086
2687,3003,1089
2688,3003,1091
2689,3003,1092
2690,3003,1094
2691,3003,1096
2692,3003,1097
2693,3003,1098
2694,3003,1099
2695,3003,1100
2696,3004,1077
2697,3004,1089
2698,3101,1077
2699,3101,1082
2700,3101,1083
2701,3101,1084
2702,3101,1085
2703,3101,1086
2704,3101,1087
2705,3101,1089
2706,3101,1090
2707,3101,1091
2708,3101,1092
2709,3101,1093
2710,3101,1094
2711,3101,1096
2712,3101,1097
2713,3102,1098
2714,3102,1079
2715,3102,1080
2716,3102,1081
2717,3102,1099
2718,3102,1100
2719,2523,1076
2720,2523,1083
2722,2509,1086
2723,2509,1097
2724,2530,1098
2725,2525,1079
2726,2525,1098
2727,2525,1099
2728,2525,1100
2729,2531,1099
2731,2514,1091
2732,2514,1097
2734,2504,1086
2735,2504,1097
2736,2521,1040
2737,2502,1095
2738,2511,1085
2739,2511,1082
2740,2501,1098
2741,2513,1085
2742,2513,1087
2743,2513,1095
2744,2519,1089
2745,2519,1094
2746,2517,1086
2747,2508,1090
2748,2529,1098
2749,2529,1099
2750,2529,1100
2751,3203,1100
2752,3203,1103
2753,3203,1080
2754,3203,1090
2755,3204,1081
2756,3204,1082
2757,3204,1085
2758,3204,1086
2759,3204,1092
2760,3204,1095
2761,3204,1049
2762,3204,1043
2763,3206,1096
2764,8653,1073
2765,8653,1018
2766,8654,1073
2767,8654,1021
2768,8655,1073
2769,8655,1023
2770,8656,1073
2771,8656,1035
2772,8657,1073
2773,8657,1048
2774,8658,1073
2775,8658,1082
2776,8659,1073
2777,8659,1087
2778,8660,1073
2779,8660,1094
2780,8661,1073
2781,8661,1103
2782,8662,1073
2783,8662,1007
2784,8663,1073
2785,8663,1009
2786,8664,1073
2787,8664,1046
2788,8665,1073
2789,8665,1049
2790,8666,1073
2791,8666,1067
2792,8667,1073
2793,8667,1068
2794,8668,1073
2795,8668,1081
2796,8669,1073
2797,8669,1089
2798,8670,1073
2799,8670,1090
2800,8671,1073
2801,8671,1091
2802,8672,1073
2803,8672,1098
2804,8673,1073
2805,8673,1102
2806,8674,1073
2807,8674,1050
2808,8675,1073
2809,8675,1001
2810,8676,1073
2811,8676,1002
2812,8677,1073
2813,8677,1005
2814,8678,1073
2815,8678,1010
2816,8679,1073
2817,8679,1016
2818,8680,1073
2819,8680,1025
2820,8681,1073
2821,8681,1030
2822,8682,1073
2823,8682,1032
2824,8683,1073
2825,8683,1033
2826,8684,1073
2827,8684,1036
2828,8685,1073
2829,8685,1047
2830,8686,1073
2831,8686,1055
2832,8687,1073
2833,8687,1095
2834,8688,1073
2835,8688,1097
2836,8689,1073
2837,8689,1039
2838,8690,1073
2839,8690,1052
2840,8691,1073
2841,8691,1061
2842,8692,1073
2843,8692,1070
2844,8693,1073
2845,8693,1066
2846,8694,1073
2847,8694,1086
2848,8695,1076
2849,8695,1004
2850,8696,1076
2851,8696,1045
2852,8697,1076
2853,8697,1069
2854,8698,1076
2855,8698,1072
2856,8699,1076
2857,8699,1001
2858,8700,1076
2859,8700,1002
2860,8701,1076
2861,8701,1005
2862,8702,1076
2863,8702,1010
2864,8703,1076
2865,8703,1016
2866,8704,1076
2867,8704,1025
2868,8705,1076
2869,8705,1030
2870,8706,1076
2871,8706,1032
2872,8707,1076
2873,8707,1033
2874,8708,1076
2875,8708,1036
2876,8709,1076
2877,8709,1047
2878,8710,1076
2879,8710,1055
2880,8711,1076
2881,8711,1095
2882,8712,1076
2883,8712,1097
2884,8713,1077
2885,8713,1018
2886,8714,1077
2887,8714,1021
2888,8715,1077
2889,8715,1023
2890,8716,1077
2891,8716,1035
2892,8717,1077
2893,8717,1048
2894,8718,1077
2895,8718,1082
2896,8719,1077
2897,8719,1087
2898,8720,1077
2899,8720,1094
2900,8721,1077
2901,8721,1103
2902,8722,1077
2903,8722,1050
2904,8723,1078
2905,8723,1022
2906,8724,1078
2907,8724,1054
2908,8725,1078
2909,8725,1020
2910,8726,1078
2911,8726,1039
2912,8727,1078
2913,8727,1052
2914,8728,1078
2915,8728,1061
2916,8729,1078
2917,8729,1070
2918,8730,1078
2919,8730,1066
2920,8731,1078
2921,8731,1086
2922,8732,1080
2923,8732,1051
2924,8733,1081
2925,8733,1018
2926,8734,1081
2927,8734,1021
2928,8735,1081
2929,8735,1023
2930,8736,1081
2931,8736,1035
2932,8737,1081
2933,8737,1048
2934,8738,1081
2935,8738,1082
2936,8739,1081
2937,8739,1087
2938,8740,1081
2939,8740,1094
2940,8741,1081
2941,8741,1103
2942,8742,1081
2943,8742,1004
2944,8743,1081
2945,8743,1045
2946,8744,1081
2947,8744,1069
2948,8745,1081
2949,8745,1072
2950,8746,1081
2951,8746,1003
2952,8747,1081
2953,8747,1013
2954,8748,1081
2955,8748,1017
2956,8750,1081
2958,8751,1081
2959,8751,1014
2960,8752,1081
2961,8752,1019
2962,8753,1081
2963,8753,1028
2964,8754,1081
2965,8754,1037
2966,8755,1081
2967,8755,1042
2968,8756,1081
2969,8756,1044
2970,8757,1081
2971,8757,1093
2972,8758,1081
2973,8758,1099
2974,8759,1081
2975,8759,1039
2976,8760,1081
2977,8760,1052
2978,8761,1081
2979,8761,1061
2980,8762,1081
2981,8762,1070
2982,8763,1081
2983,8763,1066
2984,8764,1081
2985,8764,1086
2986,8765,1082
2987,8765,1007
2988,8766,1082
2989,8766,1009
2990,8767,1082
2991,8767,1046
2992,8768,1082
2993,8768,1049
2994,8769,1082
2995,8769,1067
2996,8770,1082
2997,8770,1068
2998,8772,1082
2999,8772,1089
3000,8773,1082
3001,8773,1090
3002,8774,1082
3003,8774,1091
3004,8775,1082
3005,8775,1098
3006,8776,1082
3007,8776,1102
3008,8777,1082
3009,8777,1004
3010,8778,1082
3011,8778,1045
3012,8779,1082
3013,8779,1069
3014,8780,1082
3015,8780,1072
3016,8781,1082
3017,8781,1003
3018,8782,1082
3019,8782,1013
3020,8783,1082
3021,8783,1017
3022,8784,1082
3024,8785,1082
3025,8785,1063
3026,8787,1082
3027,8787,1029
3028,8788,1082
3029,8788,1041
3030,8789,1082
3031,8789,1057
3032,8790,1082
3033,8790,1085
3034,8791,1085
3035,8791,1018
3036,8792,1085
3037,8792,1021
3038,8793,1085
3039,8793,1023
3040,8794,1085
3041,8794,1035
3042,8795,1085
3043,8795,1048
3044,8797,1085
3045,8797,1087
3046,8798,1085
3047,8798,1094
3048,8799,1085
3049,8799,1103
3050,8800,1085
3051,8800,1004
3052,8801,1085
3053,8801,1045
3054,8802,1085
3055,8802,1069
3056,8803,1085
3057,8803,1072
3058,8804,1085
3059,8804,1015
3060,8805,1085
3061,8805,1038
3062,8806,1085
3063,8806,1040
3064,8807,1085
3065,8807,1043
3066,8808,1085
3067,8808,1058
3068,8809,1085
3069,8809,1060
3070,8810,1085
3071,8810,1088
3072,8811,1085
3073,8811,1027
3074,8812,1085
3075,8812,1059
3076,8813,1085
3077,8813,1071
3078,8814,1085
3079,8814,1062
3080,8815,1085
3081,8815,1074
3082,8816,1085
3083,8816,1064
3084,8817,1085
3085,8817,1065
3086,8819,1086
3087,8819,1007
3088,8820,1086
3089,8820,1009
3090,8821,1086
3091,8821,1046
3092,8822,1086
3093,8822,1049
3094,8823,1086
3095,8823,1067
3096,8824,1086
3097,8824,1068
3098,8826,1086
3099,8826,1089
3100,8827,1086
3101,8827,1090
3102,8828,1086
3103,8828,1091
3104,8829,1086
3105,8829,1098
3106,8830,1086
3107,8830,1102
3108,8831,1086
3109,8831,1050
3110,8832,1086
3111,8832,1003
3112,8833,1086
3113,8833,1013
3114,8834,1086
3115,8834,1017
3116,8836,1086
3118,8837,1086
3119,8837,1051
3120,8838,1087
3121,8838,1007
3122,8839,1087
3123,8839,1009
3124,8840,1087
3125,8840,1046
3126,8841,1087
3127,8841,1049
3128,8842,1087
3129,8842,1067
3130,8843,1087
3131,8843,1068
3132,8845,1087
3133,8845,1089
3134,8846,1087
3135,8846,1090
3136,8847,1087
3137,8847,1091
3138,8848,1087
3139,8848,1098
3140,8849,1087
3141,8849,1102
3142,8850,1087
3143,8850,1004
3144,8851,1087
3145,8851,1045
3146,8852,1087
3147,8852,1069
3148,8853,1087
3149,8853,1072
3150,8854,1087
3151,8854,1003
3152,8855,1087
3153,8855,1013
3154,8856,1087
3155,8856,1017
3156,8858,1087
3158,8859,1087
3159,8859,1063
3160,8861,1087
3161,8861,1029
3162,8862,1087
3163,8862,1041
3164,8863,1087
3165,8863,1057
3166,8865,1088
3167,8865,1006
3168,8866,1088
3169,8866,1050
3170,8867,1088
3171,8867,1020
3172,8868,1088
3173,8868,1029
3174,8869,1088
3175,8869,1041
3176,8870,1088
3177,8870,1057
3178,8872,1088
3179,8872,1064
3180,8873,1088
3181,8873,1001
3182,8874,1088
3183,8874,1002
3184,8875,1088
3185,8875,1005
3186,8876,1088
3187,8876,1010
3188,8877,1088
3189,8877,1016
3190,8878,1088
3191,8878,1025
3192,8879,1088
3193,8879,1030
3194,8880,1088
3195,8880,1032
3196,8881,1088
3197,8881,1033
3198,8882,1088
3199,8882,1036
3200,8883,1088
3201,8883,1047
3202,8884,1088
3203,8884,1055
3204,8885,1088
3205,8885,1095
3206,8886,1088
3207,8886,1097
3208,8887,1088
3209,8887,1051
3210,8888,1089
3211,8888,1018
3212,8889,1089
3213,8889,1021
3214,8890,1089
3215,8890,1023
3216,8891,1089
3217,8891,1035
3218,8892,1089
3219,8892,1048
3220,8895,1089
3221,8895,1094
3222,8896,1089
3223,8896,1103
3224,8897,1089
3225,8897,1004
3226,8898,1089
3227,8898,1045
3228,8899,1089
3229,8899,1069
3230,8900,1089
3231,8900,1072
3232,8901,1089
3233,8901,1003
3234,8902,1089
3235,8902,1013
3236,8903,1089
3237,8903,1017
3238,8905,1089
3240,8906,1089
3241,8906,1014
3242,8907,1089
3243,8907,1019
3244,8908,1089
3245,8908,1028
3246,8909,1089
3247,8909,1037
3248,8910,1089
3249,8910,1042
3250,8911,1089
3251,8911,1044
3252,8912,1089
3253,8912,1093
3254,8913,1089
3255,8913,1099
3256,8914,1089
3257,8914,1039
3258,8915,1089
3259,8915,1052
3260,8916,1089
3261,8916,1061
3262,8917,1089
3263,8917,1070
3264,8918,1089
3265,8918,1066
3266,8920,1090
3267,8920,1018
3268,8921,1090
3269,8921,1021
3270,8922,1090
3271,8922,1023
3272,8923,1090
3273,8923,1035
3274,8924,1090
3275,8924,1048
3276,8927,1090
3277,8927,1094
3278,8928,1090
3279,8928,1103
3280,8929,1090
3281,8929,1004
3282,8930,1090
3283,8930,1045
3284,8931,1090
3285,8931,1069
3286,8932,1090
3287,8932,1072
3288,8933,1090
3289,8933,1003
3290,8934,1090
3291,8934,1013
3292,8935,1090
3293,8935,1017
3294,8937,1090
3296,8938,1090
3297,8938,1014
3298,8939,1090
3299,8939,1019
3300,8940,1090
3301,8940,1028
3302,8941,1090
3303,8941,1037
3304,8942,1090
3305,8942,1042
3306,8943,1090
3307,8943,1044
3308,8944,1090
3309,8944,1093
3310,8945,1090
3311,8945,1099
3312,8946,1090
3313,8946,1039
3314,8947,1090
3315,8947,1052
3316,8948,1090
3317,8948,1061
3318,8949,1090
3319,8949,1070
3320,8950,1090
3321,8950,1066
3322,8952,1091
3323,8952,1018
3324,8953,1091
3325,8953,1021
3326,8954,1091
3327,8954,1023
3328,8955,1091
3329,8955,1035
3330,8956,1091
3331,8956,1048
3332,8959,1091
3333,8959,1094
3334,8960,1091
3335,8960,1103
3336,8961,1091
3337,8961,1004
3338,8962,1091
3339,8962,1045
3340,8963,1091
3341,8963,1069
3342,8964,1091
3343,8964,1072
3344,8965,1091
3345,8965,1003
3346,8966,1091
3347,8966,1013
3348,8967,1091
3349,8967,1017
3350,8969,1091
3352,8970,1091
3353,8970,1014
3354,8971,1091
3355,8971,1019
3356,8972,1091
3357,8972,1028
3358,8973,1091
3359,8973,1037
3360,8974,1091
3361,8974,1042
3362,8975,1091
3363,8975,1044
3364,8976,1091
3365,8976,1093
3366,8977,1091
3367,8977,1099
3368,8978,1091
3369,8978,1039
3370,8979,1091
3371,8979,1052
3372,8980,1091
3373,8980,1061
3374,8981,1091
3375,8981,1070
3376,8982,1091
3377,8982,1066
3378,8984,1093
3379,8984,1007
3380,8985,1093
3381,8985,1009
3382,8986,1093
3383,8986,1046
3384,8987,1093
3385,8987,1049
3386,8988,1093
3387,8988,1067
3388,8989,1093
3389,8989,1068
3390,8994,1093
3391,8994,1098
3392,8995,1093
3393,8995,1102
3394,8996,1093
3395,8996,1022
3396,8997,1093
3397,8997,1054
3398,8998,1093
3399,8998,1004
3400,8999,1093
3401,8999,1045
3402,9000,1093
3403,9000,1069
3404,9001,1093
3405,9001,1072
3406,9002,1094
3407,9002,1007
3408,9003,1094
3409,9003,1009
3410,9004,1094
3411,9004,1046
3412,9005,1094
3413,9005,1049
3414,9006,1094
3415,9006,1067
3416,9007,1094
3417,9007,1068
3418,9012,1094
3419,9012,1098
3420,9013,1094
3421,9013,1102
3422,9014,1094
3423,9014,1004
3424,9015,1094
3425,9015,1045
3426,9016,1094
3427,9016,1069
3428,9017,1094
3429,9017,1072
3430,9018,1094
3431,9018,1003
3432,9019,1094
3433,9019,1013
3434,9020,1094
3435,9020,1017
3436,9022,1094
3438,9023,1094
3439,9023,1063
3440,9025,1094
3441,9025,1029
3442,9026,1094
3443,9026,1041
3444,9027,1094
3445,9027,1057
3446,9029,1095
3447,9029,1022
3448,9030,1095
3449,9030,1054
3450,9031,1095
3451,9031,1004
3452,9032,1095
3453,9032,1045
3454,9033,1095
3455,9033,1069
3456,9034,1095
3457,9034,1072
3458,9035,1095
3459,9035,1015
3460,9036,1095
3461,9036,1038
3462,9037,1095
3463,9037,1040
3464,9038,1095
3465,9038,1043
3466,9039,1095
3467,9039,1058
3468,9040,1095
3469,9040,1060
3470,9042,1095
3471,9042,1027
3472,9043,1095
3473,9043,1059
3474,9044,1095
3475,9044,1071
3476,9045,1095
3477,9045,1062
3478,9046,1095
3479,9046,1074
3480,9047,1095
3481,9047,1003
3482,9048,1095
3483,9048,1013
3484,9049,1095
3485,9049,1017
3486,9051,1095
3488,9052,1095
3489,9052,1056
3490,9054,1097
3491,9054,1022
3492,9055,1097
3493,9055,1054
3494,9056,1097
3495,9056,1004
3496,9057,1097
3497,9057,1045
3498,9058,1097
3499,9058,1069
3500,9059,1097
3501,9059,1072
3502,9060,1097
3503,9060,1015
3504,9061,1097
3505,9061,1038
3506,9062,1097
3507,9062,1040
3508,9063,1097
3509,9063,1043
3510,9064,1097
3511,9064,1058
3512,9065,1097
3513,9065,1060
3514,9067,1097
3515,9067,1027
3516,9068,1097
3517,9068,1059
3518,9069,1097
3519,9069,1071
3520,9070,1097
3521,9070,1062
3522,9071,1097
3523,9071,1074
3524,9072,1097
3525,9072,1003
3526,9073,1097
3527,9073,1013
3528,9074,1097
3529,9074,1017
3530,9076,1097
3532,9077,1097
3533,9077,1056
3534,9079,1098
3535,9079,1018
3536,9080,1098
3537,9080,1021
3538,9081,1098
3539,9081,1023
3540,9082,1098
3541,9082,1035
3542,9083,1098
3543,9083,1048
3544,9087,1098
3545,9087,1103
3546,9088,1098
3547,9088,1004
3548,9089,1098
3549,9089,1045
3550,9090,1098
3551,9090,1069
3552,9091,1098
3553,9091,1072
3554,9092,1098
3555,9092,1003
3556,9093,1098
3557,9093,1013
3558,9094,1098
3559,9094,1017
3560,9096,1098
3562,9097,1098
3563,9097,1014
3564,9098,1098
3565,9098,1019
3566,9099,1098
3567,9099,1028
3568,9100,1098
3569,9100,1037
3570,9101,1098
3571,9101,1042
3572,9102,1098
3573,9102,1044
3574,9104,1098
3575,9104,1099
3576,9105,1098
3577,9105,1039
3578,9106,1098
3579,9106,1052
3580,9107,1098
3581,9107,1061
3582,9108,1098
3583,9108,1070
3584,9109,1098
3585,9109,1066
3586,9111,1099
3587,9111,1007
3588,9112,1099
3589,9112,1009
3590,9113,1099
3591,9113,1046
3592,9114,1099
3593,9114,1049
3594,9115,1099
3595,9115,1067
3596,9116,1099
3597,9116,1068
3598,9122,1099
3599,9122,1102
3600,9123,1099
3601,9123,1022
3602,9124,1099
3603,9124,1054
3604,9125,1099
3605,9125,1004
3606,9126,1099
3607,9126,1045
3608,9127,1099
3609,9127,1069
3610,9128,1099
3611,9128,1072
3613,9129,1018
3615,9130,1021
3617,9131,1023
3619,9132,1035
3621,9133,1048
3623,9137,1103
3625,9138,1007
3627,9139,1009
3629,9140,1046
3631,9141,1049
3633,9142,1067
3635,9143,1068
3637,9149,1102
3639,9150,1050
3641,9151,1001
3643,9152,1002
3645,9153,1005
3647,9154,1010
3649,9155,1016
3651,9156,1025
3653,9157,1030
3655,9158,1032
3657,9159,1033
3659,9160,1036
3661,9161,1047
3663,9162,1055
3665,9165,1039
3667,9166,1052
3669,9167,1061
3671,9168,1070
3673,9169,1066
3674,9171,1102
3675,9171,1018
3676,9172,1102
3677,9172,1021
3678,9173,1102
3679,9173,1023
3680,9174,1102
3681,9174,1035
3682,9175,1102
3683,9175,1048
3684,9179,1102
3685,9179,1103
3686,9180,1102
3687,9180,1004
3688,9181,1102
3689,9181,1045
3690,9182,1102
3691,9182,1069
3692,9183,1102
3693,9183,1072
3694,9184,1102
3695,9184,1003
3696,9185,1102
3697,9185,1013
3698,9186,1102
3699,9186,1017
3700,9189,1102
3701,9189,1014
3702,9190,1102
3703,9190,1019
3704,9191,1102
3705,9191,1028
3706,9192,1102
3707,9192,1037
3708,9193,1102
3709,9193,1042
3710,9194,1102
3711,9194,1044
3712,9197,1102
3713,9197,1039
3714,9198,1102
3715,9198,1052
3716,9199,1102
3717,9199,1061
3718,9200,1102
3719,9200,1070
3720,9201,1102
3721,9201,1066
3722,9203,1103
3723,9203,1007
3724,9204,1103
3725,9204,1009
3726,9205,1103
3727,9205,1046
3728,9206,1103
3729,9206,1049
3730,9207,1103
3731,9207,1067
3732,9208,1103
3733,9208,1068
3734,9215,1103
3735,9215,1004
3736,9216,1103
3737,9216,1045
3738,9217,1103
3739,9217,1069
3740,9218,1103
3741,9218,1072
3742,9219,1103
3743,9219,1003
3744,9220,1103
3745,9220,1013
3746,9221,1103
3747,9221,1017
3748,9224,1103
3749,9224,1063
3750,9226,1103
3751,9226,1029
3752,9227,1103
3753,9227,1041
3754,9228,1103
3755,9228,1057
3756,2404,1093
3757,2406,1042
3758,2406,1043
3759,2406,1073
3760,2407,1092
3761,2407,1094
3762,2408,1047
3763,2408,1083
3764,2408,1084
3765,2409,1087
3766,2410,1049
3767,2410,1100
3768,341,1098
3769,341,1081
3770,342,1078
3771,342,1134
3772,343,1100
3773,343,1080
3774,344,1099
3775,344,1090
3776,345,1083
3777,345,1086
3779,2411,1099
3780,2405,1029
3781,2532,1019
3782,2532,1098
3783,2533,1098
3784,2533,1099
3785,2533,1100
3787,2901,1107
3788,2901,1120
3789,2901,1090
3790,2901,1137
3792,2902,1093
3793,2902,1095
3794,2903,1097
3795,2902,1099
3796,2902,1103
3797,2902,1100
3798,2902,1065
3799,2902,1109
3801,2902,1112
3802,2902,1113
3803,2902,1116
3804,2903,1055
3805,2903,1085
3806,2903,1088
3807,2903,1089
3808,2903,1091
3809,2903,1096
3810,2903,1105
3811,2903,1102
3812,2903,1106
3813,2903,1111
3816,3101,1078
3817,3101,1104
3818,3101,1105
3819,2516,1078
3820,2511,1078
3821,2404,1078
3822,2604,1005
3823,2604,1016
3824,2604,1019
3825,2604,1021
3826,2604,1022
3827,2604,1026
3828,2604,1034
3829,2604,1039
3830,202,1100
3831,202,1104
3832,202,1105
3833,202,1106
3834,202,1107
3837,346,1092
3838,346,1106
3839,347,1043
3840,347,1103
3841,348,1105
3842,348,1097
3843,349,1088
3844,349,1108
3845,350,1109
3846,350,1110
3847,351,1091
3848,351,1111
3849,352,1112
3850,352,1113
3851,353,1114
3852,353,1116
3853,354,1115
3854,354,1119
3855,2603,1099
3856,2603,1043
3857,2603,1057
3858,2603,1012
3859,2603,1015
3860,2603,1020
3861,2603,1023
3862,2603,1025
3863,2603,1028
3864,2603,1033
3865,2603,1037
3866,2603,1038
3867,3203,1047
3868,3203,1033
3869,3203,1038
3870,2701,1047
3871,2530,1099
3872,2520,1099
3873,3205,1055
3874,3205,1034
3875,3205,1044
3876,401,1073
3877,402,1022
3878,402,1059
3879,402,1074
3880,403,1066
3881,403,1087
3882,404,1018
3883,404,1033
3884,404,1043
3885,404,1077
3886,405,1006
3887,405,1021
3888,405,1034
3889,405,1045
3890,405,1071
3891,406,1004
3892,406,1017
3893,406,1057
3894,406,1070
3895,406,1086
3896,406,1104
3897,407,1007
3898,407,1005
3899,407,1012
3900,407,1016
3901,407,1037
3902,407,1046
3903,407,1076
3904,408,1027
3905,408,1031
3906,408,1064
3907,408,1065
3908,408,1093
3909,409,1053
3910,409,1072
3911,409,1083
3912,409,1084
3913,409,1096
3914,409,1106
3915,410,1025
3916,410,1032
3917,410,1036
3918,410,1092
3919,410,1094
3920,410,1105
3921,410,1107
3922,411,1026
3923,411,1030
3924,411,1041
3925,411,1069
3926,412,1040
3927,412,1048
3928,412,1049
3929,412,1085
3930,412,1100
3931,413,1028
3932,413,1039
3933,413,1090
3934,413,1098
3935,413,1099
3936,413,1108
3937,414,1015
3938,414,1052
3939,414,1058
3940,415,1060
3941,415,1062
3942,415,1063
3943,415,1103
3944,416,1029
3945,416,1038
3946,416,1078
3947,417,1019
3948,417,1047
3949,417,1055
3950,417,1097
3951,417,1102
3953,418,1088
3954,418,1091
3955,419,1024
3956,419,1044
3957,419,1051
3958,419,1054
3959,420,1067
3960,420,1068
3961,420,1089
3962,504,1085
3963,504,1067
3964,504,1088
3965,504,1071
3966,504,1086
3967,518,1031
3968,518,1026
3969,518,1004
3970,519,1067
3971,519,1068
3972,520,1046
3973,520,1098
3974,520,1099
3975,520,1100
3976,521,1065
3977,521,1085
3978,521,1093
3979,521,1078
3980,522,1067
3981,522,1088
3982,523,1001
3983,523,1002
3984,523,1006
3985,523,1007
3986,523,1013
3987,523,1016
3988,523,1030
3989,523,1035
3990,524,1017
3991,524,1018
3992,524,1016
3993,524,1012
3994,524,1004
3995,524,1005
3996,524,1010
3997,524,1015
3998,524,1011
3999,524,1014
4001,525,1007
4002,525,1008
4003,525,1009
4004,525,1002
4005,525,1001
4006,525,1003
4007,525,1013
4008,526,1002
4009,526,1064
4010,526,1065
4011,526,1066
4012,527,1052
4013,527,1019
4014,528,1052
4015,528,1007
4016,529,1052
4017,529,1036
4018,530,1052
4019,530,1046
4020,531,1052
4021,531,1024
4022,532,1052
4023,532,1059
4024,533,1052
4025,533,1060
4026,534,1052
4027,534,1010
4028,535,1052
4029,535,1020
4030,536,1052
4031,536,1011
4032,537,1052
4033,537,1015
4034,538,1052
4035,538,1033
4036,539,1052
4037,539,1056
4038,540,1052
4039,540,1058
4040,541,1052
4041,541,1061
4042,542,1052
4043,542,1022
4044,543,1052
4045,543,1038
4046,544,1052
4047,544,1063
4048,545,1052
4049,545,1006
4050,546,1052
4051,546,1039
4052,547,1052
4053,547,1100
4054,548,1052
4055,548,1104
4056,549,1052
4057,549,1106
4058,550,1052
4059,550,1047
4060,551,1052
4061,551,1021
4062,2707,1028
4063,2707,1052
4064,2708,1100
4065,2708,1089
4066,2709,1107
4067,2709,1093
4068,2710,1064
4069,2710,1035
4070,2711,1024
4071,2711,1098
4072,2712,1070
4073,2712,1012
4074,2713,1106
4075,2713,1038
4076,2714,1018
4077,2714,1073
4078,2715,1086
4079,2715,1091
4080,2716,1031
4081,2716,1065
4082,2717,1072
4083,2717,1027
4084,2718,1082
4085,2718,1102
4086,2719,1066
4087,2719,1032
4088,2720,1041
4090,2720,1043
4091,2721,1085
4092,2721,1005
4094,2722,1051
4095,2722,1074
4096,2722,1092
4097,2723,1020
4098,2723,1095
4099,2724,1079
4100,2724,1002
4101,2725,1001
4102,2725,1097
4103,2726,1034
4104,2726,1062
4105,2726,1094
4106,2727,1045
4107,2727,1078
4109,2813,1107
4110,2825,1057
4111,2825,1104
4112,2822,1022
4113,2822,1083
4114,2822,1084
4115,2822,1106
4116,2822,1096
4117,2823,1047
4118,2823,1097
4119,2823,1105
4120,2826,1046
4121,2826,1081
4122,2827,1007
4123,2827,1099
4124,2827,1090
4125,2828,1068
4126,2828,1089
4127,2828,1088
4128,2828,1108
4129,2512,1104
4130,2512,1106
4131,2512,1107
4132,2510,1108
4133,2506,1106
4134,2515,1106
4135,2501,1080
4136,2501,1081
4137,2519,1104
4138,2519,1107
4139,2531,1079
4140,2532,1081
4141,2533,1079
4142,2520,1080
4143,2520,1081
4144,2526,1079
4145,2528,1081
4146,2534,1019
4147,2534,1079
4148,2503,1104
4149,2503,1072
4150,2503,1045
4151,2503,1003
4152,2503,1013
4153,2503,1055
4154,2503,1018
4155,2503,1105
4156,2503,1009
4157,2503,1068
4158,2524,1050
4159,2524,1074
4160,2524,1033
4161,2524,1032
4162,3301,1052
4163,3301,1060
4164,3301,1066
4165,3301,1062
4166,3301,1063
4167,3301,1071
4168,3301,1054
4169,3301,1029
4170,3301,1073
4171,3301,1093
4173,3301,1102
4174,3301,1103
4175,3401,1052
4176,3401,1007
4177,3401,1008
4178,3401,1019
4179,3401,1030
4180,3401,1034
4181,3401,1037
4182,3401,1044
4183,3401,1046
4184,3401,1048
4185,3401,1053
4186,3401,1054
4187,3401,1056
4188,3401,1060
4189,3401,1062
4190,3401,1063
4191,3401,1064
4192,3401,1066
4193,3401,1070
4194,3401,1074
4195,3401,1077
4196,3401,1079
4197,3401,1081
4198,3401,1088
4199,3401,1089
4200,3401,1091
4201,3401,1092
4202,3401,1098
4203,3401,1099
4204,3401,1100
4206,3401,1102
4207,3401,1103
4208,3401,1106
4209,3401,1107
4210,3501,1001
4211,3501,1003
4212,3501,1007
4213,3501,1015
4214,3501,1016
4215,3501,1017
4216,3501,1020
4217,3501,1023
4218,3501,1026
4219,3501,1027
4220,3501,1030
4221,3501,1031
4222,3501,1033
4223,3501,1035
4224,3501,1036
4225,3501,1037
4226,3501,1040
4227,3501,1047
4228,3501,1049
4229,3501,1050
4230,3501,1056
4231,3501,1057
4232,3501,1061
4233,3501,1062
4234,3501,1067
4235,3501,1068
4236,3501,1069
4237,3501,1072
4238,3501,1074
4239,3501,1077
4240,3501,1084
4241,3501,1088
4242,3501,1092
4243,3501,1094
4244,3501,1096
4246,3501,1102
4247,3501,1104
4248,3501,1105
4249,3501,1108
4250,3502,1008
4251,3502,1009
4252,3502,1018
4253,3502,1029
4254,3502,1039
4255,3502,1044
4256,3502,1051
4257,3502,1059
4258,3502,1063
4260,3502,1086
4261,3502,1090
4262,3502,1097
4263,3503,1001
4264,3503,1003
4265,3503,1007
4266,3503,1013
4267,3503,1015
4268,3503,1017
4269,3503,1018
4270,3503,1021
4271,3503,1023
4272,3503,1024
4273,3503,1027
4274,3503,1030
4275,3503,1034
4276,3503,1036
4277,3503,1037
4278,3503,1040
4279,3503,1045
4280,3503,1047
4281,3503,1048
4282,3503,1050
4283,3503,1055
4284,3503,1056
4285,3503,1057
4286,3503,1058
4287,3503,1059
4288,3503,1060
4289,3503,1062
4290,3503,1063
4291,3503,1064
4292,3503,1067
4293,3503,1068
4294,3503,1072
4295,3503,1074
4296,3503,1088
4297,3503,1089
4298,3503,1090
4299,3503,1092
4300,3503,1103
4301,3503,1104
4302,3503,1105
4303,3503,1106
4304,3504,1001
4305,3504,1003
4306,3504,1006
4307,3504,1007
4308,3504,1008
4309,3504,1009
4310,3504,1012
4311,3504,1013
4312,3504,1015
4313,3504,1016
4314,3504,1017
4315,3504,1018
4316,3504,1019
4317,3504,1020
4318,3504,1021
4319,3504,1023
4320,3504,1024
4321,3504,1030
4322,3504,1034
4323,3504,1035
4324,3504,1036
4325,3504,1037
4326,3504,1044
4327,3504,1045
4328,3504,1047
4329,3504,1048
4330,3504,1053
4331,3504,1055
4332,3504,1057
4333,3504,1058
4334,3504,1060
4335,3504,1061
4336,3504,1062
4337,3504,1063
4338,3504,1065
4339,3504,1066
4340,3504,1064
4341,3504,1067
4342,3504,1068
4343,3504,1071
4344,3504,1072
4345,3504,1074
4346,3504,1073
4347,3504,1076
4348,3504,1077
4349,3504,1083
4350,3504,1088
4351,3504,1089
4352,3504,1090
4353,3504,1094
4354,3504,1096
4355,3504,1102
4356,3504,1103
4357,3504,1104
4358,3504,1106
4359,3504,1107
4360,3505,1006
4361,3505,1019
4362,3505,1028
4363,3505,1029
4364,3505,1034
4365,3505,1043
4366,3505,1046
4367,3505,1052
4368,3505,1066
4369,3505,1079
4370,3505,1080
4371,3505,1081
4372,3505,1092
4373,3505,1098
4374,3505,1099
4375,3505,1100
4376,3506,1002
4377,3506,1007
4378,3506,1008
4379,3506,1010
4380,3506,1014
4381,3506,1017
4382,3506,1019
4383,3506,1025
4384,3506,1036
4385,3506,1037
4386,3506,1038
4387,3506,1042
4388,3506,1046
4389,3506,1047
4390,3506,1049
4391,3506,1067
4392,3506,1070
4394,3506,1076
4395,3506,1080
4396,3506,1081
4397,3506,1088
4398,3506,1089
4399,3506,1091
4400,3506,1095
4401,3506,1099
4402,3506,1102
4403,3506,1107
4404,3506,1108
4405,3507,1004
4406,3507,1005
4407,3507,1008
4408,3507,1011
4409,3507,1012
4410,3507,1016
4411,3507,1019
4412,3507,1026
4413,3507,1031
4414,3507,1032
4415,3507,1033
4416,3507,1040
4417,3507,1050
4418,3507,1051
4419,3507,1059
4420,3507,1069
4421,3507,1074
4422,3507,1079
4423,3508,1010
4424,3508,1028
4425,3508,1038
4426,3508,1041
4427,3508,1042
4428,3508,1046
4429,3508,1051
4430,3508,1052
4431,3508,1053
4432,3508,1054
4433,3508,1061
4434,3508,1065
4435,3508,1078
4436,3508,1085
4437,3508,1087
4438,3508,1093
4439,3508,1095
4440,3509,1002
4441,3509,1004
4442,3509,1005
4443,3509,1006
4444,3509,1008
4445,3509,1009
4446,3509,1010
4447,3509,1011
4448,3509,1012
4449,3509,1014
4450,3509,1016
4451,3509,1019
4452,3509,1022
4453,3509,1042
4454,3509,1043
4455,3509,1044
4456,3509,1046
4457,3509,1051
4458,3509,1053
4459,3509,1054
4460,3509,1057
4461,3509,1059
4462,3509,1061
4463,3509,1062
4464,3509,1063
4465,3509,1065
4466,3509,1069
4467,3509,1070
4468,3509,1078
4469,3509,1079
4470,3509,1080
4471,3509,1081
4472,3509,1082
4473,3509,1084
4474,3509,1085
4475,3509,1086
4476,3509,1090
4477,3509,1091
4478,3509,1092
4479,3509,1097
4480,3509,1098
4481,3509,1099
4482,3509,1100
4483,2402,1057
4484,2706,1040
4485,3203,1058
4486,3203,1106
4487,3204,1051
4488,3205,1053
4489,3205,1059
4490,3206,1039
4491,2403,1040
4492,2404,1026
4495,2405,1005
4496,2405,1012
4497,2405,1016
4498,2405,1023
4499,2405,1028
4500,2405,1050
4501,2406,1020
4502,2406,1059
4503,2407,1015
4504,2407,1019
4505,2407,1025
4506,2407,1033
4507,2407,1058
4508,2409,1039
4509,2409,1046
4510,2410,1037
4511,2410,1038
4512,2410,1048
4513,2411,1098
4514,2603,1050
4515,2603,1058
4516,2604,1046
4517,2604,1048
4518,2604,1059
4519,2603,1040
4520,2604,1085
4521,2604,1083
4522,2604,1106
4523,2604,1077
4524,2604,1093
4525,2604,1088
4531,2402,1104
4533,2403,1086
4546,2405,1076
4547,2405,1055
4548,2405,1054
4549,2405,1082
4550,2406,1124
4551,2406,1135
4556,2407,1107
4557,2407,1120
4558,2407,1095
4561,2408,1105
4562,2408,1106
4563,2408,1121
4564,2409,1119
4565,2409,1079
4566,2409,1081
4567,2603,1076
4568,2603,1105
4569,2603,1084
4570,2603,1055
4571,2603,1104
4572,104,1105
4573,105,1106
4574,106,1104
4575,2001,1105
4576,2011,1077
4577,2011,1106
4578,2209,1102
4579,2209,1105
4580,2601,1104
4581,2601,1105
4582,2601,1106
4583,3003,1104
4584,3003,1105
4585,3004,1106
4586,3101,1106
4587,3204,1104
4588,3205,1105
4589,9230,1104
4590,9230,1018
4591,9231,1104
4592,9231,1021
4593,9232,1104
4594,9232,1023
4595,9233,1104
4596,9233,1035
4597,9234,1104
4598,9234,1048
4599,9235,1104
4600,9235,1082
4601,9236,1104
4602,9236,1087
4603,9237,1104
4604,9237,1094
4605,9238,1104
4606,9238,1103
4607,9239,1104
4608,9239,1004
4609,9240,1104
4610,9240,1045
4611,9241,1104
4612,9241,1069
4613,9242,1104
4614,9242,1072
4615,9243,1104
4616,9243,1015
4617,9244,1104
4618,9244,1038
4619,9245,1104
4620,9245,1040
4621,9246,1104
4622,9246,1043
4623,9247,1104
4624,9247,1058
4625,9248,1104
4626,9248,1060
4627,9249,1104
4628,9249,1088
4629,9250,1104
4630,9250,1027
4631,9251,1104
4632,9251,1059
4633,9252,1104
4634,9252,1071
4635,9253,1104
4636,9253,1062
4637,9254,1104
4638,9254,1074
4639,9255,1104
4640,9255,1064
4641,9256,1104
4642,9256,1065
4643,9257,1105
4644,9257,1022
4645,9258,1105
4646,9258,1054
4647,9259,1105
4648,9259,1004
4649,9260,1105
4650,9260,1045
4651,9261,1105
4652,9261,1069
4653,9262,1105
4654,9262,1072
4655,9263,1105
4656,9263,1015
4657,9264,1105
4658,9264,1038
4659,9265,1105
4660,9265,1040
4661,9266,1105
4662,9266,1043
4663,9267,1105
4664,9267,1058
4665,9268,1105
4666,9268,1060
4667,9269,1105
4668,9269,1088
4669,9270,1105
4670,9270,1027
4671,9271,1105
4672,9271,1059
4673,9272,1105
4674,9272,1071
4675,9273,1105
4676,9273,1062
4677,9274,1105
4678,9274,1074
4679,9275,1105
4680,9275,1003
4681,9276,1105
4682,9276,1013
4683,9277,1105
4684,9277,1017
4685,9278,1105
4686,9278,1073
4687,9279,1105
4689,9280,1105
4690,9280,1056
4691,9281,1105
4692,9281,1076
4693,9282,1106
4694,9282,1018
4695,9283,1106
4696,9283,1021
4697,9284,1106
4698,9284,1023
4699,9285,1106
4700,9285,1035
4701,9286,1106
4702,9286,1048
4703,9287,1106
4704,9287,1082
4705,9288,1106
4706,9288,1087
4707,9289,1106
4708,9289,1094
4709,9290,1106
4710,9290,1103
4711,9291,1106
4712,9291,1050
4713,2210,1008
4714,2210,1084
4715,2211,1018
4716,2211,1108
4717,2212,1001
4718,2212,1110
4719,2601,1084
4720,2601,1107
4721,2601,1108
4723,2603,1086
4724,9292,1107
4725,9292,1022
4726,9293,1107
4727,9293,1054
4728,9294,1107
4729,9294,1004
4730,9295,1107
4731,9295,1045
4732,9296,1107
4733,9296,1069
4734,9297,1107
4735,9297,1072
4736,9298,1107
4737,9298,1006
4738,9299,1107
4739,9299,1050
4740,9300,1107
4741,9300,1015
4742,9301,1107
4743,9301,1038
4744,9302,1107
4745,9302,1040
4746,9303,1107
4747,9303,1043
4748,9304,1107
4749,9304,1058
4750,9305,1107
4751,9305,1060
4752,9306,1107
4753,9306,1088
4754,9307,1107
4755,9307,1027
4756,9308,1107
4757,9308,1059
4758,9309,1107
4759,9309,1071
4760,9310,1107
4761,9310,1062
4762,9311,1107
4763,9311,1074
4764,9312,1107
4765,9312,1064
4766,9313,1107
4767,9313,1001
4768,9314,1107
4769,9314,1002
4770,9315,1107
4771,9315,1005
4772,9316,1107
4773,9316,1010
4774,9317,1107
4775,9317,1016
4776,9318,1107
4777,9318,1025
4778,9319,1107
4779,9319,1030
4780,9320,1107
4781,9320,1032
4782,9321,1107
4783,9321,1033
4784,9322,1107
4785,9322,1036
4786,9323,1107
4787,9323,1047
4788,9324,1107
4789,9324,1055
4790,9325,1107
4791,9325,1095
4792,9326,1107
4793,9326,1097
4794,9327,1107
4795,9327,1105
4796,9328,1107
4797,9328,1014
4798,9329,1107
4799,9329,1019
4800,9330,1107
4801,9330,1028
4802,9331,1107
4803,9331,1037
4804,9332,1107
4805,9332,1042
4806,9333,1107
4807,9333,1044
4808,9334,1107
4809,9334,1093
4810,9335,1107
4811,104,1107
4812,3003,1107
4813,3101,1107
4814,9335,1099
4815,2603,1107
4816,3203,1107
4817,3003,1088
4818,3101,1088
4819,3203,1088
4820,2603,1089
4821,2412,1088
4822,2412,1089
4823,102,1114
4824,105,1115
4825,105,1116
4826,105,1117
4827,202,1109
4828,202,1110
4829,202,1111
4830,202,1112
4831,202,1113
4832,202,1114
4833,202,1115
4834,202,1116
4835,202,1117
4836,2601,1115
4837,2601,1117
4838,2602,1110
4839,2602,1111
4840,2602,1112
4841,2602,1113
4842,2602,1114
4843,2602,1116
4844,2705,1109
4845,2707,1113
4846,2708,1114
4847,2713,1110
4848,2716,1117
4849,2728,1048
4850,2728,1111
4851,2729,1080
4852,2729,1112
4853,2730,1053
4854,2730,1115
4855,2816,1114
4856,2827,1116
4857,2829,1109
4858,2829,1110
4859,2829,1111
4860,2829,1112
4861,2830,1113
4862,2831,1115
4863,2831,1117
4864,2904,1114
4867,3001,1109
4868,3002,1109
4870,3002,1112
4871,3002,1114
4872,3002,1116
4873,3003,1108
4874,3003,1110
4875,3003,1111
4876,3003,1113
4877,3003,1114
4878,3003,1115
4879,3003,1116
4881,3004,1115
4882,3004,1117
4883,3101,1108
4884,3101,1109
4885,3101,1110
4886,3101,1111
4887,3101,1112
4888,3101,1113
4889,3101,1114
4890,3101,1115
4891,3101,1116
4892,3101,1117
4893,2523,1115
4894,2523,1116
4895,2509,1110
4896,2509,1114
4897,2509,1116
4898,2512,1115
4899,2510,1115
4900,2516,1114
4901,2514,1111
4902,2514,1116
4903,2505,1108
4904,2505,1115
4905,2504,1109
4906,2504,1114
4907,2504,1116
4908,2521,1114
4909,2515,1115
4910,2519,1114
4911,2519,1116
4912,2517,1113
4913,2508,1114
4914,2507,1109
4915,2503,1115
4916,3202,1116
4917,3203,1108
4918,3203,1110
4919,3203,1112
4920,3203,1114
4921,3204,1109
4922,3204,1117
4923,3205,1115
4924,3301,1112
4925,3301,1117
4926,3401,1112
4927,3401,1117
4928,3501,1115
4929,3501,1117
4930,3502,1109
4931,3502,1110
4932,3502,1111
4933,3502,1112
4934,3502,1114
4935,3502,1116
4936,3503,1115
4937,3503,1117
4939,3504,1114
4940,3504,1115
4941,3504,1116
4942,3504,1117
4943,3505,1112
4944,3505,1113
4945,3506,1110
4946,3506,1114
4947,3506,1115
4948,3506,1116
4949,3507,1114
4950,3508,1109
4951,3509,1108
4952,3509,1109
4953,3509,1110
4954,3509,1112
4955,3509,1114
4956,3509,1115
4957,3509,1116
4958,2412,1108
4959,2409,1109
4960,2409,1110
4961,2409,1111
4962,2409,1112
4963,2409,1113
4964,2410,1114
4965,2411,1115
4966,2411,1117
4967,2411,1116
4968,2603,1110
4969,2603,1111
4970,2603,1114
4971,2603,1116
4972,2603,1117
4973,2604,1108
4974,2604,1109
4975,2604,1112
4976,2604,1113
4977,2604,1115
4978,2412,1067
4979,2412,1068
4980,2412,1102
4981,104,1120
4982,106,1119
4983,202,1119
4984,202,1120
4985,2601,1119
4986,2601,1120
4987,2602,1118
4988,2731,1118
4989,2732,1119
4990,2733,1120
4991,2814,1120
4992,2815,1119
4993,2823,1118
4994,2903,1118
4995,2904,1119
4996,3001,1120
4997,3003,1118
4998,3003,1119
4999,3101,1118
5000,3101,1119
5001,3101,1120
5002,2523,1119
5003,2512,1119
5004,2513,1120
5005,2517,1118
5006,2503,1119
5007,3202,1119
5008,3204,1118
5009,3205,1120
5010,3401,1119
5011,3401,1120
5012,3501,1119
5013,3502,1118
5014,3503,1118
5015,3503,1119
5016,3504,1119
5017,3506,1120
5018,3507,1119
5019,3508,1120
5020,3509,1118
5021,3509,1119
5022,9336,1108
5023,9336,1007
5024,9337,1108
5025,9337,1009
5026,9338,1108
5027,9338,1046
5028,9339,1108
5029,9339,1049
5030,9340,1108
5031,9340,1067
5032,9341,1108
5033,9341,1068
5034,9342,1108
5035,9342,1081
5036,9343,1108
5037,9343,1089
5038,9344,1108
5039,9344,1090
5040,9345,1108
5041,9345,1091
5042,9346,1108
5043,9346,1098
5044,9347,1108
5045,9347,1102
5046,9348,1108
5047,9348,1022
5048,9349,1108
5049,9349,1054
5050,9350,1108
5051,9350,1004
5052,9351,1108
5053,9351,1045
5054,9352,1108
5055,9352,1069
5056,9353,1108
5057,9353,1072
5058,9354,1108
5059,9354,1107
5060,9355,1109
5061,9355,1007
5062,9356,1109
5063,9356,1009
5064,9357,1109
5065,9357,1046
5066,9358,1109
5067,9358,1049
5068,9359,1109
5069,9359,1067
5070,9360,1109
5071,9360,1068
5072,9361,1109
5073,9361,1081
5074,9362,1109
5075,9362,1089
5076,9363,1109
5077,9363,1090
5078,9364,1109
5079,9364,1091
5080,9365,1109
5081,9365,1098
5082,9366,1109
5083,9366,1102
5084,9367,1109
5085,9367,1022
5086,9368,1109
5087,9368,1054
5088,9369,1109
5089,9369,1004
5090,9370,1109
5091,9370,1045
5092,9371,1109
5093,9371,1069
5094,9372,1109
5095,9372,1072
5096,9373,1109
5097,9373,1107
5098,9374,1110
5099,9374,1018
5100,9375,1110
5101,9375,1021
5102,9376,1110
5103,9376,1023
5104,9377,1110
5105,9377,1035
5106,9378,1110
5107,9378,1048
5108,9379,1110
5109,9379,1082
5110,9380,1110
5111,9380,1087
5112,9381,1110
5113,9381,1094
5114,9382,1110
5115,9382,1103
5116,9383,1110
5117,9383,1004
5118,9384,1110
5119,9384,1045
5120,9385,1110
5121,9385,1069
5122,9386,1110
5123,9386,1072
5124,9387,1110
5125,9387,1003
5126,9388,1110
5127,9388,1013
5128,9389,1110
5129,9389,1017
5130,9390,1110
5131,9390,1073
5132,9391,1110
5134,9392,1110
5135,9392,1014
5136,9393,1110
5137,9393,1019
5138,9394,1110
5139,9394,1028
5140,9395,1110
5141,9395,1037
5142,9396,1110
5143,9396,1042
5144,9397,1110
5145,9397,1044
5146,9398,1110
5147,9398,1093
5148,9399,1110
5149,9399,1099
5150,9400,1110
5151,9400,1108
5152,9401,1110
5153,9401,1109
5154,9402,1110
5155,9402,1039
5156,9403,1110
5157,9403,1052
5158,9404,1110
5159,9404,1061
5160,9405,1110
5161,9405,1070
5162,9406,1110
5163,9406,1066
5164,9407,1110
5165,9407,1086
5166,2604,1119
5167,9408,1111
5168,9408,1018
5169,9409,1111
5170,9409,1021
5171,9410,1111
5172,9410,1023
5173,9411,1111
5174,9411,1035
5175,9412,1111
5176,9412,1048
5177,9413,1111
5178,9413,1082
5179,9414,1111
5180,9414,1087
5181,9415,1111
5182,9415,1094
5183,9416,1111
5184,9416,1103
5185,9417,1111
5186,9417,1004
5187,9418,1111
5188,9418,1045
5189,9419,1111
5190,9419,1069
5191,9420,1111
5192,9420,1072
5193,9421,1111
5194,9421,1003
5195,9422,1111
5196,9422,1013
5197,9423,1111
5198,9423,1017
5199,9424,1111
5200,9424,1073
5201,9425,1111
5203,9426,1111
5204,9426,1014
5205,9427,1111
5206,9427,1019
5207,9428,1111
5208,9428,1028
5209,9429,1111
5210,9429,1037
5211,9430,1111
5212,9430,1042
5213,9431,1111
5214,9431,1044
5215,9432,1111
5216,9432,1093
5217,9433,1111
5218,9433,1099
5219,9434,1111
5220,9434,1108
5221,9435,1111
5222,9435,1109
5223,9436,1111
5224,9436,1039
5225,9437,1111
5226,9437,1052
5227,9438,1111
5228,9438,1061
5229,9439,1111
5230,9439,1070
5231,9440,1111
5232,9440,1066
5233,9441,1111
5234,9441,1086
5235,9442,1112
5236,9442,1018
5237,9443,1112
5238,9443,1021
5239,9444,1112
5240,9444,1023
5241,9445,1112
5242,9445,1035
5243,9446,1112
5244,9446,1048
5245,9447,1112
5246,9447,1082
5247,9448,1112
5248,9448,1087
5249,9449,1112
5250,9449,1094
5251,9450,1112
5252,9450,1103
5253,9451,1112
5254,9451,1004
5255,9452,1112
5256,9452,1045
5257,9453,1112
5258,9453,1069
5259,9454,1112
5260,9454,1072
5261,9455,1112
5262,9455,1003
5263,9456,1112
5264,9456,1013
5265,9457,1112
5266,9457,1017
5267,9458,1112
5268,9458,1073
5269,9459,1112
5271,9460,1112
5272,9460,1014
5273,9461,1112
5274,9461,1019
5275,9462,1112
5276,9462,1028
5277,9463,1112
5278,9463,1037
5279,9464,1112
5280,9464,1042
5281,9465,1112
5282,9465,1044
5283,9466,1112
5284,9466,1093
5285,9467,1112
5286,9467,1099
5287,9468,1112
5288,9468,1108
5289,9469,1112
5290,9469,1109
5291,9470,1112
5292,9470,1039
5293,9471,1112
5294,9471,1052
5295,9472,1112
5296,9472,1061
5297,9473,1112
5298,9473,1070
5299,9474,1112
5300,9474,1066
5301,9475,1112
5302,9475,1086
5303,9476,1113
5304,9476,1018
5305,9477,1113
5306,9477,1021
5307,9478,1113
5308,9478,1023
5309,9479,1113
5310,9479,1035
5311,9480,1113
5312,9480,1048
5313,9481,1113
5314,9481,1082
5315,9482,1113
5316,9482,1087
5317,9483,1113
5318,9483,1094
5319,9484,1113
5320,9484,1103
5321,9485,1113
5322,9485,1004
5323,9486,1113
5324,9486,1045
5325,9487,1113
5326,9487,1069
5327,9488,1113
5328,9488,1072
5329,9489,1113
5330,9489,1003
5331,9490,1113
5332,9490,1013
5333,9491,1113
5334,9491,1017
5335,9492,1113
5336,9492,1073
5337,9493,1113
5339,9494,1113
5340,9494,1014
5341,9495,1113
5342,9495,1019
5343,9496,1113
5344,9496,1028
5345,9497,1113
5346,9497,1037
5347,9498,1113
5348,9498,1042
5349,9499,1113
5350,9499,1044
5351,9500,1113
5352,9500,1093
5353,9501,1113
5354,9501,1099
5355,9502,1113
5356,9502,1108
5357,9503,1113
5358,9503,1109
5359,9504,1113
5360,9504,1039
5361,9505,1113
5362,9505,1052
5363,9506,1113
5364,9506,1061
5365,9507,1113
5366,9507,1070
5367,9508,1113
5368,9508,1066
5369,9509,1113
5370,9509,1086
5371,9510,1114
5372,9510,1018
5373,9511,1114
5374,9511,1021
5375,9512,1114
5376,9512,1023
5377,9513,1114
5378,9513,1035
5379,9514,1114
5380,9514,1048
5381,9515,1114
5382,9515,1082
5383,9516,1114
5384,9516,1087
5385,9517,1114
5386,9517,1094
5387,9518,1114
5388,9518,1103
5389,9519,1114
5390,9519,1004
5391,9520,1114
5392,9520,1045
5393,9521,1114
5394,9521,1069
5395,9522,1114
5396,9522,1072
5397,9523,1114
5398,9523,1003
5399,9524,1114
5400,9524,1013
5401,9525,1114
5402,9525,1017
5403,9526,1114
5404,9526,1073
5405,9527,1114
5407,9528,1114
5408,9528,1014
5409,9529,1114
5410,9529,1019
5411,9530,1114
5412,9530,1028
5413,9531,1114
5414,9531,1037
5415,9532,1114
5416,9532,1042
5417,9533,1114
5418,9533,1044
5419,9534,1114
5420,9534,1093
5421,9535,1114
5422,9535,1099
5423,9536,1114
5424,9536,1108
5425,9537,1114
5426,9537,1109
5427,9538,1114
5428,9538,1039
5429,9539,1114
5430,9539,1052
5431,9540,1114
5432,9540,1061
5433,9541,1114
5434,9541,1070
5435,9542,1114
5436,9542,1066
5437,9543,1114
5438,9543,1086
5439,9544,1115
5440,9544,1018
5441,9545,1115
5442,9545,1021
5443,9546,1115
5444,9546,1023
5445,9547,1115
5446,9547,1035
5447,9548,1115
5448,9548,1048
5449,9549,1115
5450,9549,1082
5451,9550,1115
5452,9550,1087
5453,9551,1115
5454,9551,1094
5455,9552,1115
5456,9552,1103
5457,9553,1115
5458,9553,1004
5459,9554,1115
5460,9554,1045
5461,9555,1115
5462,9555,1069
5463,9556,1115
5464,9556,1072
5465,9557,1115
5466,9557,1003
5467,9558,1115
5468,9558,1013
5469,9559,1115
5470,9559,1017
5471,9560,1115
5472,9560,1073
5473,9561,1115
5475,9562,1115
5476,9562,1014
5477,9563,1115
5478,9563,1019
5479,9564,1115
5480,9564,1028
5481,9565,1115
5482,9565,1037
5483,9566,1115
5484,9566,1042
5485,9567,1115
5486,9567,1044
5487,9568,1115
5488,9568,1093
5489,9569,1115
5490,9569,1099
5491,9570,1115
5492,9570,1108
5493,9571,1115
5494,9571,1109
5495,9572,1115
5496,9572,1039
5497,9573,1115
5498,9573,1052
5499,9574,1115
5500,9574,1061
5501,9575,1115
5502,9575,1070
5503,9576,1115
5504,9576,1066
5505,9577,1115
5506,9577,1086
5507,9578,1116
5508,9578,1018
5509,9579,1116
5510,9579,1021
5511,9580,1116
5512,9580,1023
5513,9581,1116
5514,9581,1035
5515,9582,1116
5516,9582,1048
5517,9583,1116
5518,9583,1082
5519,9584,1116
5520,9584,1087
5521,9585,1116
5522,9585,1094
5523,9586,1116
5524,9586,1103
5525,9587,1116
5526,9587,1004
5527,9588,1116
5528,9588,1045
5529,9589,1116
5530,9589,1069
5531,9590,1116
5532,9590,1072
5533,9591,1116
5534,9591,1003
5535,9592,1116
5536,9592,1013
5537,9593,1116
5538,9593,1017
5539,9594,1116
5540,9594,1073
5541,9595,1116
5543,9596,1116
5544,9596,1014
5545,9597,1116
5546,9597,1019
5547,9598,1116
5548,9598,1028
5549,9599,1116
5550,9599,1037
5551,9600,1116
5552,9600,1042
5553,9601,1116
5554,9601,1044
5555,9602,1116
5556,9602,1093
5557,9603,1116
5558,9603,1099
5559,9604,1116
5560,9604,1108
5561,9605,1116
5562,9605,1109
5563,9606,1116
5564,9606,1039
5565,9607,1116
5566,9607,1052
5567,9608,1116
5568,9608,1061
5569,9609,1116
5570,9609,1070
5571,9610,1116
5572,9610,1066
5573,9611,1116
5574,9611,1086
5575,9612,1117
5576,9612,1018
5577,9613,1117
5578,9613,1021
5579,9614,1117
5580,9614,1023
5581,9615,1117
5582,9615,1035
5583,9616,1117
5584,9616,1048
5585,9617,1117
5586,9617,1082
5587,9618,1117
5588,9618,1087
5589,9619,1117
5590,9619,1094
5591,9620,1117
5592,9620,1103
5593,9621,1117
5594,9621,1004
5595,9622,1117
5596,9622,1045
5597,9623,1117
5598,9623,1069
5599,9624,1117
5600,9624,1072
5601,9625,1117
5602,9625,1003
5603,9626,1117
5604,9626,1013
5605,9627,1117
5606,9627,1017
5607,9628,1117
5608,9628,1073
5609,9629,1117
5611,9630,1117
5612,9630,1014
5613,9631,1117
5614,9631,1019
5615,9632,1117
5616,9632,1028
5617,9633,1117
5618,9633,1037
5619,9634,1117
5620,9634,1042
5621,9635,1117
5622,9635,1044
5623,9636,1117
5624,9636,1093
5625,9637,1117
5626,9637,1099
5627,9638,1117
5628,9638,1108
5629,9639,1117
5630,9639,1109
5631,9640,1117
5632,9640,1039
5633,9641,1117
5634,9641,1052
5635,9642,1117
5636,9642,1061
5637,9643,1117
5638,9643,1070
5639,9644,1117
5640,9644,1066
5641,9645,1117
5642,9645,1086
5643,9646,1118
5644,9646,1022
5645,9647,1118
5646,9647,1054
5647,9648,1118
5648,9648,1004
5649,9649,1118
5650,9649,1045
5651,9650,1118
5652,9650,1069
5653,9651,1118
5654,9651,1072
5655,9652,1118
5656,9652,1015
5657,9653,1118
5658,9653,1038
5659,9654,1118
5660,9654,1040
5661,9655,1118
5662,9655,1043
5663,9656,1118
5664,9656,1058
5665,9657,1118
5666,9657,1060
5667,9658,1118
5668,9658,1088
5669,9659,1118
5670,9659,1027
5671,9660,1118
5672,9660,1059
5673,9661,1118
5674,9661,1071
5675,9662,1118
5676,9662,1062
5677,9663,1118
5678,9663,1074
5679,9664,1118
5680,9664,1003
5681,9665,1118
5682,9665,1013
5683,9666,1118
5684,9666,1017
5685,9667,1118
5686,9667,1073
5687,9668,1118
5689,9669,1118
5690,9669,1056
5691,9670,1118
5692,9670,1076
5693,9671,1118
5694,9671,1107
5695,9672,1119
5696,9672,1018
5697,9673,1119
5698,9673,1021
5699,9674,1119
5700,9674,1023
5701,9675,1119
5702,9675,1035
5703,9676,1119
5704,9676,1048
5705,9677,1119
5706,9677,1082
5707,9678,1119
5708,9678,1087
5709,9679,1119
5710,9679,1094
5711,9680,1119
5712,9680,1103
5713,9681,1119
5714,9681,1004
5715,9682,1119
5716,9682,1045
5717,9683,1119
5718,9683,1069
5719,9684,1119
5720,9684,1072
5721,9685,1119
5722,9685,1003
5723,9686,1119
5724,9686,1013
5725,9687,1119
5726,9687,1017
5727,9688,1119
5728,9688,1073
5729,9689,1119
5731,9690,1119
5732,9690,1014
5733,9691,1119
5734,9691,1019
5735,9692,1119
5736,9692,1028
5737,9693,1119
5738,9693,1037
5739,9694,1119
5740,9694,1042
5741,9695,1119
5742,9695,1044
5743,9696,1119
5744,9696,1093
5745,9697,1119
5746,9697,1099
5747,9698,1119
5748,9698,1108
5749,9699,1119
5750,9699,1109
5751,9700,1119
5752,9700,1039
5753,9701,1119
5754,9701,1052
5755,9702,1119
5756,9702,1061
5757,9703,1119
5758,9703,1070
5759,9704,1119
5760,9704,1066
5761,9705,1119
5762,9705,1086
5763,9706,1120
5764,9706,1063
5765,9707,1120
5766,9707,1077
5767,9708,1120
5768,9708,1106
5769,9709,1120
5770,9709,1001
5771,9710,1120
5772,9710,1002
5773,9711,1120
5774,9711,1005
5775,9712,1120
5776,9712,1010
5777,9713,1120
5778,9713,1016
5779,9714,1120
5780,9714,1025
5781,9715,1120
5782,9715,1030
5783,9716,1120
5784,9716,1032
5785,9717,1120
5786,9717,1033
5787,9718,1120
5788,9718,1036
5789,9719,1120
5790,9719,1047
5791,9720,1120
5792,9720,1055
5793,9721,1120
5794,9721,1095
5795,9722,1120
5796,9722,1097
5797,9723,1120
5798,9723,1105
5799,9724,1120
5800,9724,1118
5801,9725,1120
5802,9725,1039
5803,9726,1120
5804,9726,1052
5805,9727,1120
5806,9727,1061
5807,9728,1120
5808,9728,1070
5809,9729,1120
5810,9729,1066
5811,9730,1120
5812,9730,1086
5813,9731,1120
5814,9731,1051
5815,2734,1108
5816,2412,1091
5817,2604,1091
5818,3204,1091
5819,2603,1054
5820,2735,1054
5821,355,1089
5822,355,1117
5823,356,1120
5824,356,1121
5825,407,1115
5826,407,1116
5827,408,1117
5828,412,1120
5829,416,1113
5830,416,1114
5831,421,1109
5832,421,1110
5833,421,1111
5834,421,1112
5835,2001,1111
5836,2001,1112
5837,2001,1113
5838,2001,1118
5839,2101,1110
5840,2101,1114
5841,2101,1115
5842,2101,1116
5843,2101,1117
5844,2101,1119
5845,2213,1001
5846,2213,1114
5847,2214,1013
5848,2214,1115
5849,2215,1018
5850,2215,1118
5851,2216,1013
5852,2216,1119
5853,2736,1116
5854,2603,1120
5855,422,1042
5856,422,1119
5857,105,1080
5859,409,1080
5861,2410,1080
5862,2604,1080
5863,3002,1080
5865,3101,1102
5866,3204,1102
5867,2603,1102
5868,102,1102
5869,357,1102
5871,3004,1102
5872,104,1082
5873,358,1082
5874,358,1087
5875,411,1082
5876,2604,1082
5877,2604,1094
5878,2733,1016
5879,104,1121
5880,202,1121
5881,412,1121
5882,2001,1121
5883,2106,1121
5884,2601,1121
5887,2737,1121
5889,2822,1121
5890,3101,1121
5896,2513,1121
5900,3205,1121
5901,3401,1121
5906,3506,1121
5908,3508,1121
5909,3509,1121
5910,3509,1124
5911,9732,1121
5912,9732,1022
5913,9733,1121
5914,9733,1054
5915,9734,1121
5916,9734,1004
5917,9735,1121
5918,9735,1045
5919,9736,1121
5920,9736,1069
5921,9737,1121
5922,9737,1072
5923,9738,1121
5924,9738,1015
5925,9739,1121
5926,9739,1038
5927,9740,1121
5928,9740,1040
5929,9741,1121
5930,9741,1043
5931,9742,1121
5932,9742,1058
5933,9743,1121
5934,9743,1060
5935,9744,1121
5936,9744,1088
5937,9745,1121
5938,9745,1027
5939,9746,1121
5940,9746,1059
5941,9747,1121
5942,9747,1071
5943,9748,1121
5944,9748,1062
5945,9749,1121
5946,9749,1074
5947,9750,1121
5948,9750,1003
5949,9751,1121
5950,9751,1013
5951,9752,1121
5952,9752,1017
5953,9753,1121
5954,9753,1073
5955,9754,1121
5956,9754,1056
5957,9755,1121
5958,9755,1076
5959,9756,1121
5960,9756,1120
5961,9757,1121
5962,9757,1107
5964,9758,1018
5966,9759,1021
5968,9760,1023
5970,9761,1035
5972,9762,1048
5974,9763,1082
5976,9764,1087
5978,9765,1094
5980,9766,1103
5982,9767,1007
5984,9768,1009
5986,9769,1046
5988,9770,1049
5990,9771,1067
5992,9772,1068
5994,9773,1081
5996,9774,1089
5998,9775,1090
6000,9776,1091
6002,9777,1098
6004,9778,1102
6006,9779,1110
6008,9780,1111
6010,9781,1112
6012,9782,1113
6014,9783,1114
6016,9784,1115
6018,9785,1116
6020,9786,1117
6022,9787,1119
6024,9788,1006
6026,9789,1050
6028,9790,1020
6030,9791,1056
6032,9792,1076
6034,9793,1029
6036,9794,1041
6038,9795,1057
6040,9796,1085
6042,9797,1104
6044,9798,1064
6046,9799,1001
6048,9800,1002
6050,9801,1005
6052,9802,1010
6054,9803,1016
6056,9804,1025
6058,9805,1030
6060,9806,1032
6062,9807,1033
6064,9808,1036
6066,9809,1047
6068,9810,1055
6070,9811,1095
6072,9812,1097
6074,9813,1105
6076,9814,1118
6078,9815,1121
6080,9816,1014
6082,9817,1019
6084,9818,1028
6086,9819,1037
6088,9820,1042
6090,9821,1044
6092,9822,1093
6094,9823,1099
6096,9824,1108
6098,9825,1109
6100,9826,1107
6101,2603,1121
6102,105,1124
6103,359,1124
6104,359,1127
6105,404,1124
6107,2001,1124
6109,2601,1124
6110,2717,1124
6111,2738,1061
6114,2809,1124
6116,3101,1124
6117,2516,1124
6121,3204,1124
6124,3504,1124
6125,3507,1124
6127,9827,1022
6129,9828,1054
6131,9829,1004
6133,9830,1045
6135,9831,1069
6137,9832,1072
6141,9834,1015
6143,9835,1038
6145,9836,1040
6147,9837,1043
6149,9838,1058
6151,9839,1060
6153,9840,1088
6155,9841,1027
6157,9842,1059
6159,9843,1071
6161,9844,1062
6163,9845,1074
6165,9846,1003
6167,9847,1013
6169,9848,1017
6171,9849,1073
6175,9851,1056
6177,9852,1076
6179,9853,1120
6181,9854,1107
6182,9855,1124
6183,9855,1022
6184,9856,1124
6185,9856,1054
6186,9857,1124
6187,9857,1004
6188,9858,1124
6189,9858,1045
6190,9859,1124
6191,9859,1069
6192,9860,1124
6193,9860,1072
6194,9861,1124
6196,9862,1124
6197,9862,1015
6198,9863,1124
6199,9863,1038
6200,9864,1124
6201,9864,1040
6202,9865,1124
6203,9865,1043
6204,9866,1124
6205,9866,1058
6206,9867,1124
6207,9867,1060
6208,9868,1124
6209,9868,1088
6210,9869,1124
6211,9869,1027
6212,9870,1124
6213,9870,1059
6214,9871,1124
6215,9871,1071
6216,9872,1124
6217,9872,1062
6218,9873,1124
6219,9873,1074
6220,9874,1124
6221,9874,1003
6222,9875,1124
6223,9875,1013
6224,9876,1124
6225,9876,1017
6226,9877,1124
6227,9877,1073
6228,9878,1124
6230,9879,1124
6231,9879,1056
6232,9880,1124
6233,9880,1076
6234,9881,1124
6235,9881,1120
6236,9882,1124
6237,9882,1107
6238,2903,1110
6239,3002,1121
6241,105,1127
6249,2101,1127
6252,2601,1127
6255,2740,1003
6256,2740,1127
6259,2827,1127
6262,3101,1127
6263,2506,1127
6266,3204,1127
6269,3401,1127
6271,3503,1127
6273,3504,1127
6276,9883,1018
6278,9884,1021
6280,9885,1023
6282,9886,1035
6284,9887,1048
6286,9888,1082
6288,9889,1087
6290,9890,1094
6292,9891,1103
6294,9892,1007
6296,9893,1009
6298,9894,1046
6300,9895,1049
6302,9896,1067
6304,9897,1068
6306,9898,1081
6308,9899,1089
6310,9900,1090
6312,9901,1091
6314,9902,1098
6316,9903,1102
6318,9904,1110
6320,9905,1111
6322,9906,1112
6324,9907,1113
6326,9908,1114
6328,9909,1115
6330,9910,1116
6332,9911,1117
6334,9912,1119
6336,9913,1050
6338,9914,1001
6340,9915,1002
6342,9916,1005
6344,9917,1010
6346,9918,1016
6348,9919,1025
6350,9920,1030
6352,9921,1032
6354,9922,1033
6356,9923,1036
6358,9924,1047
6360,9925,1055
6362,9926,1095
6364,9927,1097
6366,9928,1105
6368,9929,1118
6370,9930,1121
6374,9932,1124
6376,9933,1039
6378,9934,1052
6380,9935,1061
6382,9936,1070
6384,9937,1066
6386,9938,1086
6388,9939,1007
6390,9940,1009
6392,9941,1046
6394,9942,1049
6396,9943,1067
6398,9944,1068
6400,9945,1081
6402,9946,1089
6404,9947,1090
6406,9948,1091
6408,9949,1098
6410,9950,1102
6412,9951,1110
6414,9952,1111
6416,9953,1112
6418,9954,1113
6420,9955,1114
6422,9956,1115
6424,9957,1116
6426,9958,1117
6428,9959,1119
6430,9960,1004
6432,9961,1045
6434,9962,1069
6436,9963,1072
6440,9965,1003
6442,9966,1013
6444,9967,1017
6446,9968,1073
6452,9971,1063
6454,9972,1077
6456,9973,1106
6458,9974,1029
6460,9975,1041
6462,9976,1057
6464,9977,1085
6466,9978,1104
6467,9979,1127
6468,9979,1018
6469,9980,1127
6470,9980,1021
6471,9981,1127
6472,9981,1023
6473,9982,1127
6474,9982,1035
6475,9983,1127
6476,9983,1048
6477,9984,1127
6478,9984,1082
6479,9985,1127
6480,9985,1087
6481,9986,1127
6482,9986,1094
6483,9987,1127
6484,9987,1103
6485,9988,1127
6487,9989,1127
6488,9989,1004
6489,9990,1127
6490,9990,1045
6491,9991,1127
6492,9991,1069
6493,9992,1127
6494,9992,1072
6495,9993,1127
6497,9994,1127
6498,9994,1003
6499,9995,1127
6500,9995,1013
6501,9996,1127
6502,9996,1017
6503,9997,1127
6504,9997,1073
6505,9998,1127
6507,9999,1127
6509,10000,1127
6510,10000,1014
6511,10001,1127
6512,10001,1019
6513,10002,1127
6514,10002,1028
6515,10003,1127
6516,10003,1037
6517,10004,1127
6518,10004,1042
6519,10005,1127
6520,10005,1044
6521,10006,1127
6522,10006,1093
6523,10007,1127
6524,10007,1099
6525,10008,1127
6526,10008,1108
6527,10009,1127
6528,10009,1109
6529,10010,1127
6530,10010,1039
6531,10011,1127
6532,10011,1052
6533,10012,1127
6534,10012,1061
6535,10013,1127
6536,10013,1070
6537,10014,1127
6538,10014,1066
6539,10015,1127
6540,10015,1086
6542,2411,1127
6544,102,1129
6545,201,1129
6548,364,1129
6550,2217,1113
6551,2217,1129
6553,2602,1129
6554,2703,1129
6557,2832,1129
6560,2509,1129
6562,2516,1129
6563,2514,1129
6564,2504,1129
6565,2519,1129
6566,2508,1129
6567,3203,1129
6571,3502,1129
6574,3504,1129
6576,3506,1129
6577,3509,1129
6578,10016,1129
6579,10016,1007
6580,10017,1129
6581,10017,1009
6582,10018,1129
6583,10018,1046
6584,10019,1129
6585,10019,1049
6586,10020,1129
6587,10020,1067
6588,10021,1129
6589,10021,1068
6590,10022,1129
6591,10022,1081
6592,10023,1129
6593,10023,1089
6594,10024,1129
6595,10024,1090
6596,10025,1129
6597,10025,1091
6598,10026,1129
6599,10026,1098
6600,10027,1129
6601,10027,1102
6602,10028,1129
6603,10028,1110
6604,10029,1129
6605,10029,1111
6606,10030,1129
6607,10030,1112
6608,10031,1129
6609,10031,1113
6610,10032,1129
6611,10032,1114
6612,10033,1129
6613,10033,1115
6614,10034,1129
6615,10034,1116
6616,10035,1129
6617,10035,1117
6618,10036,1129
6619,10036,1119
6620,10037,1129
6621,10037,1127
6622,10038,1129
6623,10038,1022
6624,10039,1129
6625,10039,1054
6626,10040,1129
6627,10040,1004
6628,10041,1129
6629,10041,1045
6630,10042,1129
6631,10042,1069
6632,10043,1129
6633,10043,1072
6634,10044,1129
6636,10045,1129
6637,10045,1107
6639,2413,1129
6650,2604,1127
6652,2604,1129
6653,2603,1124
6654,3101,1129
6655,2902,1124
6656,3003,1124
6657,2904,1115
6658,105,1079
6659,205,1079
6660,409,1079
6661,3002,1079
6662,2604,1079
6663,3003,1079
6664,2604,1073
6665,202,1130
6666,367,1118
6667,367,1136
6669,423,1129
6670,423,1130
6671,2218,1115
6672,2218,1130
6673,2219,1130
6674,2219,1135
6675,2602,1130
6676,2742,1013
6677,2742,1130
6678,2832,1130
6679,2902,1130
6680,3003,1130
6681,3101,1130
6682,2521,1130
6683,2517,1130
6684,2503,1130
6685,3204,1130
6686,3502,1130
6687,3503,1130
6688,3506,1130
6689,3507,1130
6690,3509,1130
6691,10046,1130
6692,10046,1018
6693,10047,1130
6694,10047,1021
6695,10048,1130
6696,10048,1023
6697,10049,1130
6698,10049,1035
6699,10050,1130
6700,10050,1048
6701,10051,1130
6702,10051,1082
6703,10052,1130
6704,10052,1087
6705,10053,1130
6706,10053,1094
6707,10054,1130
6708,10054,1103
6709,10055,1130
6711,10056,1130
6712,10056,1004
6713,10057,1130
6714,10057,1045
6715,10058,1130
6716,10058,1069
6717,10059,1130
6718,10059,1072
6719,10060,1130
6721,10061,1130
6722,10061,1003
6723,10062,1130
6724,10062,1013
6725,10063,1130
6726,10063,1017
6727,10064,1130
6728,10064,1073
6729,10065,1130
6731,10066,1130
6733,10067,1130
6734,10067,1014
6735,10068,1130
6736,10068,1019
6737,10069,1130
6738,10069,1028
6739,10070,1130
6740,10070,1037
6741,10071,1130
6742,10071,1042
6743,10072,1130
6744,10072,1044
6745,10073,1130
6746,10073,1093
6747,10074,1130
6748,10074,1099
6749,10075,1130
6750,10075,1108
6751,10076,1130
6752,10076,1109
6753,10077,1130
6754,10077,1129
6755,10078,1130
6756,10078,1039
6757,10079,1130
6758,10079,1052
6759,10080,1130
6760,10080,1061
6761,10081,1130
6762,10081,1070
6763,10082,1130
6764,10082,1066
6765,10083,1130
6766,10083,1086
6767,10084,1131
6768,10084,1018
6769,10085,1131
6770,10085,1021
6771,10086,1131
6772,10086,1023
6773,10087,1131
6774,10087,1035
6775,10088,1131
6776,10088,1048
6777,10089,1131
6778,10089,1082
6779,10090,1131
6780,10090,1087
6781,10091,1131
6782,10091,1094
6783,10092,1131
6784,10092,1103
6785,10093,1131
6787,10094,1131
6788,10094,1004
6789,10095,1131
6790,10095,1045
6791,10096,1131
6792,10096,1069
6793,10097,1131
6794,10097,1072
6795,10098,1131
6797,10099,1131
6798,10099,1003
6799,10100,1131
6800,10100,1013
6801,10101,1131
6802,10101,1017
6803,10102,1131
6804,10102,1073
6805,10103,1131
6807,10104,1131
6809,10105,1131
6810,10105,1014
6811,10106,1131
6812,10106,1019
6813,10107,1131
6814,10107,1028
6815,10108,1131
6816,10108,1037
6817,10109,1131
6818,10109,1042
6819,10110,1131
6820,10110,1044
6821,10111,1131
6822,10111,1093
6823,10112,1131
6824,10112,1099
6825,10113,1131
6826,10113,1108
6827,10114,1131
6828,10114,1109
6829,10115,1131
6830,10115,1129
6831,10116,1131
6832,10116,1039
6833,10117,1131
6834,10117,1052
6835,10118,1131
6836,10118,1061
6837,10119,1131
6838,10119,1070
6839,10120,1131
6840,10120,1066
6841,10121,1131
6842,10121,1086
6843,10122,1132
6844,10122,1018
6845,10123,1132
6846,10123,1021
6847,10124,1132
6848,10124,1023
6849,10125,1132
6850,10125,1035
6851,10126,1132
6852,10126,1048
6853,10127,1132
6854,10127,1082
6855,10128,1132
6856,10128,1087
6857,10129,1132
6858,10129,1094
6859,10130,1132
6860,10130,1103
6861,10131,1132
6863,10132,1132
6864,10132,1004
6865,10133,1132
6866,10133,1045
6867,10134,1132
6868,10134,1069
6869,10135,1132
6870,10135,1072
6871,10136,1132
6873,10137,1132
6874,10137,1003
6875,10138,1132
6876,10138,1013
6877,10139,1132
6878,10139,1017
6879,10140,1132
6880,10140,1073
6881,10141,1132
6883,10142,1132
6885,10143,1132
6886,10143,1014
6887,10144,1132
6888,10144,1019
6889,10145,1132
6890,10145,1028
6891,10146,1132
6892,10146,1037
6893,10147,1132
6894,10147,1042
6895,10148,1132
6896,10148,1044
6897,10149,1132
6898,10149,1093
6899,10150,1132
6900,10150,1099
6901,10151,1132
6902,10151,1108
6903,10152,1132
6904,10152,1109
6905,10153,1132
6906,10153,1129
6907,10154,1132
6908,10154,1039
6909,10155,1132
6910,10155,1052
6911,10156,1132
6912,10156,1061
6913,10157,1132
6914,10157,1070
6915,10158,1132
6916,10158,1066
6917,10159,1132
6918,10159,1086
6919,10160,1133
6920,10160,1004
6921,10161,1133
6922,10161,1045
6923,10162,1133
6924,10162,1069
6925,10163,1133
6926,10163,1072
6927,10164,1133
6929,10165,1133
6930,10165,1001
6931,10166,1133
6932,10166,1002
6933,10167,1133
6934,10167,1005
6935,10168,1133
6936,10168,1010
6937,10169,1133
6938,10169,1016
6939,10170,1133
6940,10170,1025
6941,10171,1133
6942,10171,1030
6943,10172,1133
6944,10172,1032
6945,10173,1133
6946,10173,1033
6947,10174,1133
6948,10174,1036
6949,10175,1133
6950,10175,1047
6951,10176,1133
6952,10176,1055
6953,10177,1133
6954,10177,1095
6955,10178,1133
6956,10178,1097
6957,10179,1133
6958,10179,1105
6959,10180,1133
6960,10180,1118
6961,10181,1133
6962,10181,1121
6963,10182,1133
6965,10183,1133
6966,10183,1124
6967,10184,1134
6968,10184,1018
6969,10185,1134
6970,10185,1021
6971,10186,1134
6972,10186,1023
6973,10187,1134
6974,10187,1035
6975,10188,1134
6976,10188,1048
6977,10189,1134
6978,10189,1082
6979,10190,1134
6980,10190,1087
6981,10191,1134
6982,10191,1094
6983,10192,1134
6984,10192,1103
6985,10193,1134
6987,10194,1134
6988,10194,1004
6989,10195,1134
6990,10195,1045
6991,10196,1134
6992,10196,1069
6993,10197,1134
6994,10197,1072
6995,10198,1134
6997,10199,1134
6998,10199,1003
6999,10200,1134
7000,10200,1013
7001,10201,1134
7002,10201,1017
7003,10202,1134
7004,10202,1073
7005,10203,1134
7007,10204,1134
7009,10205,1134
7010,10205,1014
7011,10206,1134
7012,10206,1019
7013,10207,1134
7014,10207,1028
7015,10208,1134
7016,10208,1037
7017,10209,1134
7018,10209,1042
7019,10210,1134
7020,10210,1044
7021,10211,1134
7022,10211,1093
7023,10212,1134
7024,10212,1099
7025,10213,1134
7026,10213,1108
7027,10214,1134
7028,10214,1109
7029,10215,1134
7030,10215,1129
7031,10216,1134
7032,10216,1039
7033,10217,1134
7034,10217,1052
7035,10218,1134
7036,10218,1061
7037,10219,1134
7038,10219,1070
7039,10220,1134
7040,10220,1066
7041,10221,1134
7042,10221,1086
7043,10222,1135
7044,10222,1022
7045,10223,1135
7046,10223,1054
7047,10224,1135
7048,10224,1004
7049,10225,1135
7050,10225,1045
7051,10226,1135
7052,10226,1069
7053,10227,1135
7054,10227,1072
7055,10228,1135
7057,10229,1135
7058,10229,1015
7059,10230,1135
7060,10230,1038
7061,10231,1135
7062,10231,1040
7063,10232,1135
7064,10232,1043
7065,10233,1135
7066,10233,1058
7067,10234,1135
7068,10234,1060
7069,10235,1135
7070,10235,1088
7071,10236,1135
7072,10236,1027
7073,10237,1135
7074,10237,1059
7075,10238,1135
7076,10238,1071
7077,10239,1135
7078,10239,1062
7079,10240,1135
7080,10240,1074
7081,10241,1135
7082,10241,1003
7083,10242,1135
7084,10242,1013
7085,10243,1135
7086,10243,1017
7087,10244,1135
7088,10244,1073
7089,10245,1135
7091,10246,1135
7093,10247,1135
7094,10247,1056
7095,10248,1135
7096,10248,1076
7097,10249,1135
7098,10249,1133
7099,10250,1135
7100,10250,1120
7101,10251,1135
7102,10251,1107
7103,2413,1130
7104,2603,1130
7105,201,1131
7106,202,1132
7107,202,1133
7108,368,1131
7110,369,1132
7111,369,1133
7112,424,1131
7113,424,1132
7114,424,1133
7115,424,1134
7116,2101,1131
7117,2101,1132
7118,2602,1131
7119,2602,1132
7120,2712,1132
7121,2743,1131
7122,2833,1131
7123,2833,1132
7124,2903,1131
7125,2903,1132
7126,3001,1131
7127,3002,1131
7128,3003,1132
7129,3101,1131
7130,3101,1132
7131,2509,1132
7132,2504,1131
7133,2511,1131
7134,2518,1131
7135,2513,1131
7136,2508,1131
7137,3203,1132
7138,3506,1132
7139,3508,1131
7140,3509,1131
7141,2413,1131
7142,2413,1132
7143,2603,1131
7144,2604,1132
7145,101,1134
7146,2602,1133
7147,2744,1007
7148,2744,1133
7149,2833,1133
7150,2833,1134
7151,2902,1133
7152,2902,1134
7153,3003,1133
7154,3101,1133
7155,2523,1133
7156,2512,1133
7157,2514,1133
7158,3203,1133
7159,3502,1133
7160,3503,1133
7161,3504,1133
7162,3506,1133
7163,3509,1133
7164,2413,1133
7165,2413,1134
7166,2603,1133
7167,106,1135
7168,201,1134
7169,202,1135
7170,370,1007
7171,370,1135
7172,2001,1135
7173,2101,1134
7174,2601,1135
7175,2602,1134
7176,2711,1135
7177,2745,1134
7178,2810,1135
7179,2903,1135
7180,3003,1134
7181,3003,1135
7182,3101,1134
7183,3101,1135
7184,3203,1135
7185,3204,1134
7186,3301,1134
7187,3401,1135
7188,3502,1134
7189,3503,1134
7190,3503,1135
7191,3504,1134
7192,3504,1135
7193,3506,1135
7194,2604,1134
7195,105,1096
7196,2746,1096
7197,2408,1096
7198,2604,1096
7199,2603,1135
7200,407,1127
7201,2902,1127
7202,3004,1127
7203,2101,1090
7204,2411,1090
7205,2604,1090
7206,2830,1039
7207,3502,1113
7208,2602,1097
7209,102,1097
7210,2408,1097
7211,2604,1097
7212,409,1081
7213,2747,1081
7214,2603,1081
7215,105,1081
7216,104,1095
7217,371,1095
7218,371,1130
7219,412,1095
7220,2604,1095
7221,3002,1081
7222,2533,1081
7223,3101,1095
7224,2902,1092
7225,2603,1092
7840,102,1136
7841,202,1136
7842,416,1136
7843,2101,1136
7844,2220,1025
7845,2220,1136
7846,2602,1136
7847,2722,1136
7848,2816,1136
7849,2903,1136
7850,3003,1136
7851,3101,1136
7852,2514,1136
7853,3204,1136
7854,3502,1136
7855,3504,1136
7856,3506,1136
7857,2410,1136
7858,2604,1136
7860,102,1137
7865,104,1143
7871,202,1137
7875,202,1143
7878,372,1137
7888,377,1143
7896,412,1143
7898,423,1137
7900,2101,1143
7901,2221,1137
7903,2222,1137
7904,2222,1018
7906,2223,1115
7908,2224,1083
7910,2225,1110
7912,2226,1001
7913,2227,1143
7914,2227,1105
7916,2228,1018
7917,2601,1137
7922,2601,1143
7930,2748,1009
7931,2748,1137
7936,2752,1019
7937,2817,1143
7942,2834,1137
7944,2836,1098
7954,2903,1143
7957,3003,1137
7962,3003,1143
7964,3101,1137
7967,3101,1143
7973,2523,1143
7977,2505,1143
7978,2515,1137
7988,3203,1143
7989,3205,1137
7993,3401,1137
7998,3501,1143
8000,3503,1137
8002,3504,1137
8004,3504,1143
8009,3506,1137
8015,3506,1143
8027,2410,1143
8032,2413,1137
8040,2604,1143
8045,2229,1135
8046,2713,1143
8047,10252,1136
8048,10252,1018
8049,10253,1136
8050,10253,1021
8051,10254,1136
8052,10254,1023
8053,10255,1136
8054,10255,1035
8055,10256,1136
8056,10256,1048
8057,10257,1136
8058,10257,1082
8059,10258,1136
8060,10258,1087
8061,10259,1136
8062,10259,1094
8063,10260,1136
8064,10260,1103
8065,10261,1136
8067,10262,1136
8068,10262,1004
8069,10263,1136
8070,10263,1045
8071,10264,1136
8072,10264,1069
8073,10265,1136
8074,10265,1072
8075,10266,1136
8077,10267,1136
8078,10267,1003
8079,10268,1136
8080,10268,1013
8081,10269,1136
8082,10269,1017
8083,10270,1136
8084,10270,1073
8085,10271,1136
8087,10272,1136
8089,10273,1136
8090,10273,1014
8091,10274,1136
8092,10274,1019
8093,10275,1136
8094,10275,1028
8095,10276,1136
8096,10276,1037
8097,10277,1136
8098,10277,1042
8099,10278,1136
8100,10278,1044
8101,10279,1136
8102,10279,1093
8103,10280,1136
8104,10280,1099
8105,10281,1136
8106,10281,1108
8107,10282,1136
8108,10282,1109
8109,10283,1136
8110,10283,1129
8111,10284,1136
8112,10284,1039
8113,10285,1136
8114,10285,1052
8115,10286,1136
8116,10286,1061
8117,10287,1136
8118,10287,1070
8119,10288,1136
8120,10288,1066
8121,10289,1136
8122,10289,1086
8125,10290,1137
8126,10290,1007
8127,10291,1137
8128,10291,1009
8129,10292,1137
8130,10292,1046
8131,10293,1137
8132,10293,1049
8133,10294,1137
8134,10294,1067
8135,10295,1137
8136,10295,1068
8137,10296,1137
8138,10296,1081
8139,10297,1137
8140,10297,1089
8141,10298,1137
8142,10298,1090
8143,10299,1137
8144,10299,1091
8145,10300,1137
8146,10300,1098
8147,10301,1137
8148,10301,1102
8149,10302,1137
8150,10302,1110
8151,10303,1137
8152,10303,1111
8153,10304,1137
8154,10304,1112
8155,10305,1137
8156,10305,1113
8157,10306,1137
8158,10306,1114
8159,10307,1137
8160,10307,1115
8161,10308,1137
8162,10308,1116
8163,10309,1137
8164,10309,1117
8165,10310,1137
8166,10310,1119
8167,10311,1137
8168,10311,1127
8169,10312,1137
8170,10312,1130
8171,10313,1137
8172,10313,1131
8173,10314,1137
8174,10314,1132
8175,10315,1137
8176,10315,1134
8177,10316,1137
8178,10316,1136
8179,10317,1137
8180,10317,1022
8181,10318,1137
8182,10318,1054
8183,10319,1137
8184,10319,1004
8185,10320,1137
8186,10320,1045
8187,10321,1137
8188,10321,1069
8189,10322,1137
8190,10322,1072
8191,10323,1137
8193,10324,1137
8194,10324,1107
8196,10330,1018
8198,10331,1021
8200,10332,1023
8202,10333,1035
8204,10334,1048
8206,10335,1082
8208,10336,1087
8210,10337,1094
8212,10338,1103
8216,10340,1004
8218,10341,1045
8220,10342,1069
8222,10343,1072
8226,10345,1003
8228,10346,1013
8230,10347,1017
8232,10348,1073
8238,10351,1014
8240,10352,1019
8242,10353,1028
8244,10354,1037
8246,10355,1042
8248,10356,1044
8250,10357,1093
8252,10358,1099
8254,10359,1108
8256,10360,1109
8258,10361,1129
8260,10362,1137
8262,10363,1039
8264,10364,1052
8266,10365,1061
8268,10366,1070
8270,10367,1066
8272,10368,1086
8274,10369,1018
8276,10370,1021
8278,10371,1023
8280,10372,1035
8282,10373,1048
8284,10374,1082
8286,10375,1087
8288,10376,1094
8290,10377,1103
8294,10379,1004
8296,10380,1045
8298,10381,1069
8300,10382,1072
8304,10384,1003
8306,10385,1013
8308,10386,1017
8310,10387,1073
8316,10390,1014
8318,10391,1019
8320,10392,1028
8322,10393,1037
8324,10394,1042
8326,10395,1044
8328,10396,1093
8330,10397,1099
8332,10398,1108
8334,10399,1109
8336,10400,1129
8338,10401,1137
8340,10402,1039
8342,10403,1052
8344,10404,1061
8346,10405,1070
8348,10406,1066
8350,10407,1086
8352,10408,1018
8354,10409,1021
8356,10410,1023
8358,10411,1035
8360,10412,1048
8362,10413,1082
8364,10414,1087
8366,10415,1094
8368,10416,1103
8372,10418,1004
8374,10419,1045
8376,10420,1069
8378,10421,1072
8382,10423,1003
8384,10424,1013
8386,10425,1017
8388,10426,1073
8394,10429,1014
8396,10430,1019
8398,10431,1028
8400,10432,1037
8402,10433,1042
8404,10434,1044
8406,10435,1093
8408,10436,1099
8410,10437,1108
8412,10438,1109
8414,10439,1129
8416,10440,1137
8418,10441,1039
8420,10442,1052
8422,10443,1061
8424,10444,1070
8426,10445,1066
8428,10446,1086
8430,10447,1078
8432,10448,1050
8434,10449,1120
8436,10450,1014
8438,10451,1019
8440,10452,1028
8442,10453,1037
8444,10454,1042
8446,10455,1044
8448,10456,1093
8450,10457,1099
8452,10458,1108
8454,10459,1109
8456,10460,1129
8458,10461,1137
8459,10462,1143
8460,10462,1018
8461,10463,1143
8462,10463,1021
8463,10464,1143
8464,10464,1023
8465,10465,1143
8466,10465,1035
8467,10466,1143
8468,10466,1048
8469,10467,1143
8470,10467,1082
8471,10468,1143
8472,10468,1087
8473,10469,1143
8474,10469,1094
8475,10470,1143
8476,10470,1103
8477,10471,1143
8479,10472,1143
8480,10472,1004
8481,10473,1143
8482,10473,1045
8483,10474,1143
8484,10474,1069
8485,10475,1143
8486,10475,1072
8487,10476,1143
8489,10477,1143
8490,10477,1003
8491,10478,1143
8492,10478,1013
8493,10479,1143
8494,10479,1017
8495,10480,1143
8496,10480,1073
8497,10481,1143
8499,10482,1143
8501,10483,1143
8502,10483,1014
8503,10484,1143
8504,10484,1019
8505,10485,1143
8506,10485,1028
8507,10486,1143
8508,10486,1037
8509,10487,1143
8510,10487,1042
8511,10488,1143
8512,10488,1044
8513,10489,1143
8514,10489,1093
8515,10490,1143
8516,10490,1099
8517,10491,1143
8518,10491,1108
8519,10492,1143
8520,10492,1109
8521,10493,1143
8522,10493,1129
8523,10494,1143
8524,10494,1137
8525,10495,1143
8526,10495,1039
8527,10496,1143
8528,10496,1052
8529,10497,1143
8530,10497,1061
8531,10498,1143
8532,10498,1070
8533,10499,1143
8534,10499,1066
8535,10500,1143
8536,10500,1086
8540,10502,1007
8542,10503,1009
8544,10504,1046
8546,10505,1049
8548,10506,1067
8550,10507,1068
8552,10508,1081
8554,10509,1089
8556,10510,1090
8558,10511,1091
8560,10512,1098
8562,10513,1102
8564,10514,1110
8566,10515,1111
8568,10516,1112
8570,10517,1113
8572,10518,1114
8574,10519,1115
8576,10520,1116
8578,10521,1117
8580,10522,1119
8582,10523,1127
8584,10524,1130
8586,10525,1131
8588,10526,1132
8590,10527,1134
8592,10528,1136
8600,10532,1143
8602,10533,1022
8604,10534,1054
8606,10535,1004
8608,10536,1045
8610,10537,1069
8612,10538,1072
8616,10540,1107
8620,10542,1007
8622,10543,1009
8624,10544,1046
8626,10545,1049
8628,10546,1067
8630,10547,1068
8632,10548,1081
8634,10549,1089
8636,10550,1090
8638,10551,1091
8640,10552,1098
8642,10553,1102
8644,10554,1110
8646,10555,1111
8648,10556,1112
8650,10557,1113
8652,10558,1114
8654,10559,1115
8656,10560,1116
8658,10561,1117
8660,10562,1119
8662,10563,1127
8664,10564,1130
8666,10565,1131
8668,10566,1132
8670,10567,1134
8672,10568,1136
8680,10572,1143
8682,10573,1022
8684,10574,1054
8686,10575,1004
8688,10576,1045
8690,10577,1069
8692,10578,1072
8696,10580,1107
8697,2603,1137
8698,2535,1019
8699,2535,1132
8700,2536,1088
8701,2536,1135
8702,2538,1132
8704,2540,1143
8705,2541,1116
8706,2542,1091
8707,2542,1129
8708,2543,1010
8709,2544,1014
8710,2545,1042
8712,2547,1132
8713,2548,1110
8714,201,1103
8715,3003,1103
8716,2405,1103
8717,2603,1103
8718,3002,1129
8719,3003,1129
8720,3101,1103
8721,2541,1135
8722,2902,1129
8723,3102,1143
8724,102,1130
8727,104,1118
8728,202,1118
8729,402,1118
8730,2408,1118
8731,2604,1118
