id,type,init,limit_lv5,limit_lv10,limit_lv15,limit_lv20,limit_lv25,limit_lv30,limit_lv35,limit_lv40,limit_lv45,limit_lv50
10001,1,5,-1,-1,10,10,-1,-1,15,-1,-1,-1
10001,2,10,-1,-1,-1,25,-1,-1,-1,35,-1,-1
10001,5,-1,-1,-1,-1,-1,-1,-1,-1,1,-1,-1
10001,14,-1,10,-1,15,15,-1,-1,20,-1,-1,-1
10001,17,-1,1,-1,1,1,-1,-1,2,-1,-1,-1
10001,18,-1,5,-1,20,20,-1,-1,30,-1,-1,-1
10001,19,-1,5,-1,20,20,-1,-1,35,-1,-1,-1
10002,1,5,-1,-1,-1,15,-1,-1,-1,20,-1,-1
10002,2,-1,10,-1,15,15,-1,-1,25,-1,-1,-1
10002,14,-1,10,-1,15,15,-1,-1,20,-1,-1,-1
10002,15,-1,1,-1,1,1,-1,-1,5,-1,-1,-1
10002,16,-1,1,-1,5,5,-1,-1,10,-1,-1,-1
10002,19,5,-1,-1,-1,35,-1,-1,-1,50,-1,-1
10002,30,-1,-1,-1,-1,-1,-1,-1,-1,1,-1,-1
10003,1,5,-1,-1,10,10,-1,-1,15,-1,-1,-1
10003,2,10,-1,-1,-1,25,-1,-1,-1,35,-1,-1
10003,5,-1,-1,-1,-1,-1,-1,-1,-1,1,-1,-1
10003,14,-1,10,-1,15,15,-1,-1,20,-1,-1,-1
10003,17,-1,1,-1,1,1,-1,-1,2,-1,-1,-1
10003,18,-1,5,-1,20,20,-1,-1,30,-1,-1,-1
10003,19,-1,5,-1,20,20,-1,-1,35,-1,-1,-1
10004,1,5,-1,-1,10,10,-1,-1,15,-1,-1,-1
10004,5,-1,-1,-1,-1,-1,-1,-1,-1,1,-1,-1
10004,8,1,-1,-1,-1,5,-1,-1,-1,10,-1,-1
10004,9,10,-1,-1,-1,20,-1,-1,-1,25,-1,-1
10004,15,1,-1,-1,-1,5,-1,-1,-1,5,-1,-1
10004,16,1,-1,-1,-1,10,-1,-1,-1,15,-1,-1
10004,19,-1,5,-1,20,20,-1,-1,35,-1,-1,-1
10005,1,5,-1,-1,10,10,-1,-1,15,-1,-1,-1
10005,2,10,-1,-1,-1,25,-1,-1,-1,35,-1,-1
10005,5,-1,-1,-1,-1,-1,-1,-1,-1,1,-1,-1
10005,14,-1,10,-1,15,15,-1,-1,20,-1,-1,-1
10005,17,-1,1,-1,1,1,-1,-1,2,-1,-1,-1
10005,18,-1,5,-1,20,20,-1,-1,30,-1,-1,-1
10005,19,-1,5,-1,20,20,-1,-1,35,-1,-1,-1
10006,1,5,-1,-1,10,10,-1,-1,15,-1,-1,-1
10006,2,-1,10,-1,15,15,-1,-1,25,-1,-1,-1
10006,4,-1,-1,-1,-1,-1,-1,-1,-1,1,-1,-1
10006,8,-1,1,-1,5,5,-1,-1,5,-1,-1,-1
10006,14,-1,10,-1,15,15,-1,-1,20,-1,-1,-1
10006,17,1,-1,-1,-1,2,-1,-1,-1,2,-1,-1
10006,18,5,-1,-1,-1,30,-1,-1,-1,40,-1,-1
10007,1,5,-1,-1,-1,15,-1,-1,-1,20,-1,-1
10007,2,-1,10,-1,15,15,-1,-1,25,-1,-1,-1
10007,5,-1,-1,-1,-1,-1,-1,-1,-1,1,-1,-1
10007,14,-1,10,-1,15,15,-1,-1,20,-1,-1,-1
10007,15,-1,1,-1,1,1,-1,-1,5,-1,-1,-1
10007,16,-1,1,-1,5,5,-1,-1,10,-1,-1,-1
10007,19,5,-1,-1,-1,35,-1,-1,-1,50,-1,-1
10008,1,5,-1,-1,10,10,-1,-1,15,-1,-1,-1
10008,2,-1,10,-1,15,15,-1,-1,25,-1,-1,-1
10008,5,-1,-1,-1,-1,-1,-1,-1,-1,1,-1,-1
10008,8,-1,1,-1,5,5,-1,-1,5,-1,-1,-1
10008,14,-1,10,-1,15,15,-1,-1,20,-1,-1,-1
10008,17,1,-1,-1,-1,2,-1,-1,-1,2,-1,-1
10008,18,5,-1,-1,-1,30,-1,-1,-1,40,-1,-1
10009,1,5,-1,-1,-1,15,-1,-1,-1,20,-1,-1
10009,2,-1,10,-1,15,15,-1,-1,25,-1,-1,-1
10009,6,-1,-1,-1,-1,-1,-1,-1,-1,1,-1,-1
10009,14,-1,10,-1,15,15,-1,-1,20,-1,-1,-1
10009,15,-1,1,-1,1,1,-1,-1,5,-1,-1,-1
10009,16,-1,1,-1,5,5,-1,-1,10,-1,-1,-1
10009,19,5,-1,-1,-1,35,-1,-1,-1,50,-1,-1
10010,1,5,-1,-1,-1,15,-1,-1,-1,20,-1,-1
10010,2,-1,10,-1,15,15,-1,-1,25,-1,-1,-1
10010,6,-1,-1,-1,-1,-1,-1,-1,-1,1,-1,-1
10010,14,-1,10,-1,15,15,-1,-1,20,-1,-1,-1
10010,15,-1,1,-1,1,1,-1,-1,5,-1,-1,-1
10010,16,-1,1,-1,5,5,-1,-1,10,-1,-1,-1
10010,19,5,-1,-1,-1,35,-1,-1,-1,50,-1,-1
10011,1,5,-1,-1,10,10,-1,-1,15,-1,-1,-1
10011,2,-1,10,-1,15,15,-1,-1,25,-1,-1,-1
10011,5,-1,-1,-1,-1,-1,-1,-1,-1,1,-1,-1
10011,11,-1,10,-1,15,15,-1,-1,20,-1,-1,-1
10011,14,-1,10,-1,15,15,-1,-1,20,-1,-1,-1
10011,15,1,-1,-1,-1,5,-1,-1,-1,5,-1,-1
10011,16,1,-1,-1,-1,10,-1,-1,-1,15,-1,-1
10011,19,-1,5,-1,20,20,-1,-1,35,-1,-1,-1
10012,1,5,-1,-1,10,10,-1,-1,15,-1,-1,-1
10012,2,-1,10,-1,15,15,-1,-1,25,-1,-1,-1
10012,4,-1,-1,-1,-1,-1,-1,-1,-1,1,-1,-1
10012,8,-1,1,-1,5,5,-1,-1,5,-1,-1,-1
10012,14,-1,10,-1,15,15,-1,-1,20,-1,-1,-1
10012,17,1,-1,-1,-1,2,-1,-1,-1,2,-1,-1
10012,18,5,-1,-1,-1,30,-1,-1,-1,40,-1,-1
10013,1,5,-1,-1,10,10,-1,-1,15,-1,-1,-1
10013,2,-1,10,-1,15,15,-1,-1,25,-1,-1,-1
10013,3,-1,-1,-1,-1,-1,-1,-1,-1,1,-1,-1
10013,13,-1,10,-1,15,15,-1,-1,20,-1,-1,-1
10013,14,-1,10,-1,15,15,-1,-1,20,-1,-1,-1
10013,15,1,-1,-1,-1,5,-1,-1,-1,5,-1,-1
10013,16,1,-1,-1,-1,10,-1,-1,-1,15,-1,-1
10013,19,-1,5,-1,20,20,-1,-1,35,-1,-1,-1
10013,31,1,-1,-1,-1,2,-1,-1,-1,3,-1,-1
10014,1,5,-1,-1,-1,15,-1,-1,-1,20,-1,-1
10014,2,-1,10,-1,15,15,-1,-1,25,-1,-1,-1
10014,4,-1,-1,-1,-1,-1,-1,-1,-1,1,-1,-1
10014,14,-1,10,-1,15,15,-1,-1,20,-1,-1,-1
10014,15,-1,1,-1,1,1,-1,-1,5,-1,-1,-1
10014,16,-1,1,-1,5,5,-1,-1,10,-1,-1,-1
10014,19,5,-1,-1,-1,35,-1,-1,-1,50,-1,-1
10015,1,5,-1,-1,10,10,-1,-1,15,-1,-1,-1
10015,2,10,-1,-1,-1,25,-1,-1,-1,35,-1,-1
10015,6,-1,-1,-1,-1,-1,-1,-1,-1,1,-1,-1
10015,14,-1,10,-1,15,15,-1,-1,20,-1,-1,-1
10015,17,-1,1,-1,1,1,-1,-1,2,-1,-1,-1
10015,18,-1,5,-1,20,20,-1,-1,30,-1,-1,-1
10015,19,-1,5,-1,20,20,-1,-1,35,-1,-1,-1
10016,1,5,-1,-1,10,10,-1,-1,15,-1,-1,-1
10016,2,-1,10,-1,15,15,-1,-1,25,-1,-1,-1
10016,6,-1,-1,-1,-1,-1,-1,-1,-1,1,-1,-1
10016,12,-1,10,-1,15,15,-1,-1,20,-1,-1,-1
10016,14,-1,10,-1,15,15,-1,-1,20,-1,-1,-1
10016,15,1,-1,-1,-1,5,-1,-1,-1,5,-1,-1
10016,16,1,-1,-1,-1,10,-1,-1,-1,15,-1,-1
10016,19,-1,5,-1,20,20,-1,-1,35,-1,-1,-1
10017,1,5,-1,-1,10,10,-1,-1,15,-1,-1,-1
10017,2,-1,10,-1,15,15,-1,-1,25,-1,-1,-1
10017,5,-1,-1,-1,-1,-1,-1,-1,-1,1,-1,-1
10017,8,-1,1,-1,5,5,-1,-1,5,-1,-1,-1
10017,14,-1,10,-1,15,15,-1,-1,20,-1,-1,-1
10017,17,1,-1,-1,-1,2,-1,-1,-1,2,-1,-1
10017,18,5,-1,-1,-1,30,-1,-1,-1,40,-1,-1
10018,1,5,-1,-1,10,10,-1,-1,15,-1,-1,-1
10018,2,-1,10,-1,15,15,-1,-1,25,-1,-1,-1
10018,3,-1,-1,-1,-1,-1,-1,-1,-1,1,-1,-1
10018,9,-1,10,-1,15,15,-1,-1,20,-1,-1,-1
10018,14,-1,10,-1,15,15,-1,-1,20,-1,-1,-1
10018,15,1,-1,-1,-1,5,-1,-1,-1,5,-1,-1
10018,16,1,-1,-1,-1,10,-1,-1,-1,15,-1,-1
10018,19,-1,5,-1,20,20,-1,-1,35,-1,-1,-1
10019,1,5,-1,-1,10,10,-1,-1,15,-1,-1,-1
10019,4,-1,-1,-1,-1,-1,-1,-1,-1,1,-1,-1
10019,8,1,-1,-1,-1,5,-1,-1,-1,10,-1,-1
10019,10,10,-1,-1,-1,20,-1,-1,-1,25,-1,-1
10019,15,1,-1,-1,-1,5,-1,-1,-1,5,-1,-1
10019,16,1,-1,-1,-1,10,-1,-1,-1,15,-1,-1
10019,19,-1,5,-1,20,20,-1,-1,35,-1,-1,-1
10020,1,5,-1,-1,10,10,-1,-1,15,-1,-1,-1
10020,8,1,-1,-1,-1,5,-1,-1,-1,10,-1,-1
10020,12,10,-1,-1,-1,20,-1,-1,-1,25,-1,-1
10020,15,1,-1,-1,-1,5,-1,-1,-1,5,-1,-1
10020,16,1,-1,-1,-1,10,-1,-1,-1,15,-1,-1
10020,19,-1,5,-1,20,20,-1,-1,35,-1,-1,-1
10020,30,-1,-1,-1,-1,-1,-1,-1,-1,1,-1,-1
10021,8,-1,-1,-1,-1,-1,-1,-1,-1,5,-1,-1
10021,14,10,-1,-1,-1,20,-1,-1,-1,25,-1,-1
10021,25,10,-1,-1,-1,30,-1,-1,-1,40,-1,-1
10021,26,10,-1,-1,-1,20,-1,-1,-1,25,-1,-1
10021,27,5,-1,-1,-1,15,-1,-1,-1,20,-1,-1
10021,28,1,-1,-1,-1,10,-1,-1,-1,15,-1,-1
10022,8,-1,-1,-1,-1,-1,-1,-1,-1,5,-1,-1
10022,14,10,-1,-1,-1,20,-1,-1,-1,25,-1,-1
10022,25,10,-1,-1,-1,30,-1,-1,-1,40,-1,-1
10022,26,10,-1,-1,-1,20,-1,-1,-1,25,-1,-1
10022,27,5,-1,-1,-1,15,-1,-1,-1,20,-1,-1
10022,28,1,-1,-1,-1,10,-1,-1,-1,15,-1,-1
10023,1,5,-1,-1,-1,15,-1,-1,-1,20,-1,-1
10023,2,-1,10,-1,15,15,-1,-1,25,-1,-1,-1
10023,7,-1,-1,-1,-1,-1,-1,-1,-1,1,-1,-1
10023,14,-1,10,-1,15,15,-1,-1,20,-1,-1,-1
10023,15,-1,1,-1,1,1,-1,-1,5,-1,-1,-1
10023,16,-1,1,-1,5,5,-1,-1,10,-1,-1,-1
10023,19,5,-1,-1,-1,35,-1,-1,-1,50,-1,-1
10023,31,1,-1,-1,-1,2,-1,-1,-1,3,-1,-1
10024,1,5,-1,-1,-1,15,-1,-1,-1,20,-1,-1
10024,2,-1,10,-1,15,15,-1,-1,25,-1,-1,-1
10024,4,-1,-1,-1,-1,-1,-1,-1,-1,1,-1,-1
10024,14,-1,10,-1,15,15,-1,-1,20,-1,-1,-1
10024,15,-1,1,-1,1,1,-1,-1,5,-1,-1,-1
10024,16,-1,1,-1,5,5,-1,-1,10,-1,-1,-1
10024,19,5,-1,-1,-1,35,-1,-1,-1,50,-1,-1
10025,1,5,-1,-1,10,10,-1,-1,15,-1,-1,-1
10025,2,-1,10,-1,15,15,-1,-1,25,-1,-1,-1
10025,6,-1,-1,-1,-1,-1,-1,-1,-1,1,-1,-1
10025,8,-1,1,-1,5,5,-1,-1,5,-1,-1,-1
10025,14,10,-1,-1,-1,20,-1,-1,-1,25,-1,-1
10025,15,-1,1,-1,1,1,-1,-1,5,-1,-1,-1
10025,16,-1,1,-1,5,5,-1,-1,10,-1,-1,-1
10025,17,1,-1,-1,-1,2,-1,-1,-1,2,-1,-1
10025,18,5,-1,-1,-1,30,-1,-1,-1,40,-1,-1
10026,1,5,-1,-1,10,10,-1,-1,15,-1,-1,-1
10026,2,-1,10,-1,15,15,-1,-1,25,-1,-1,-1
10026,8,-1,1,-1,5,5,-1,-1,5,-1,-1,-1
10026,14,10,-1,-1,-1,20,-1,-1,-1,25,-1,-1
10026,15,-1,1,-1,1,1,-1,-1,5,-1,-1,-1
10026,16,-1,1,-1,5,5,-1,-1,10,-1,-1,-1
10026,17,1,-1,-1,-1,2,-1,-1,-1,2,-1,-1
10026,18,5,-1,-1,-1,30,-1,-1,-1,40,-1,-1
10026,30,-1,-1,-1,-1,-1,-1,-1,-1,1,-1,-1
10027,1,5,-1,-1,10,10,-1,-1,15,-1,-1,-1
10027,2,-1,10,-1,15,15,-1,-1,25,-1,-1,-1
10027,4,-1,-1,-1,-1,-1,-1,-1,-1,1,-1,-1
10027,8,-1,1,-1,5,5,-1,-1,5,-1,-1,-1
10027,14,10,-1,-1,-1,20,-1,-1,-1,25,-1,-1
10027,15,-1,1,-1,1,1,-1,-1,5,-1,-1,-1
10027,16,-1,1,-1,5,5,-1,-1,10,-1,-1,-1
10027,17,1,-1,-1,-1,2,-1,-1,-1,2,-1,-1
10027,18,5,-1,-1,-1,30,-1,-1,-1,40,-1,-1
10028,1,5,-1,-1,10,10,-1,-1,15,-1,-1,-1
10028,7,-1,-1,-1,-1,-1,-1,-1,-1,1,-1,-1
10028,8,1,-1,-1,-1,5,-1,-1,-1,10,-1,-1
10028,13,10,-1,-1,-1,20,-1,-1,-1,25,-1,-1
10028,15,1,-1,-1,-1,5,-1,-1,-1,5,-1,-1
10028,16,1,-1,-1,-1,10,-1,-1,-1,15,-1,-1
10028,19,-1,5,-1,20,20,-1,-1,35,-1,-1,-1
10028,31,1,-1,-1,-1,2,-1,-1,-1,3,-1,-1
10029,1,5,-1,-1,10,10,-1,-1,15,-1,-1,-1
10029,2,-1,10,-1,15,15,-1,-1,25,-1,-1,-1
10029,4,-1,-1,-1,-1,-1,-1,-1,-1,1,-1,-1
10029,8,-1,1,-1,5,5,-1,-1,5,-1,-1,-1
10029,14,10,-1,-1,-1,20,-1,-1,-1,25,-1,-1
10029,15,-1,1,-1,1,1,-1,-1,5,-1,-1,-1
10029,16,-1,1,-1,5,5,-1,-1,10,-1,-1,-1
10029,17,1,-1,-1,-1,2,-1,-1,-1,2,-1,-1
10029,18,5,-1,-1,-1,30,-1,-1,-1,40,-1,-1
10030,1,5,-1,-1,10,10,-1,-1,15,-1,-1,-1
10030,8,1,-1,-1,-1,5,-1,-1,-1,10,-1,-1
10030,10,10,-1,-1,-1,20,-1,-1,-1,25,-1,-1
10030,15,1,-1,-1,-1,5,-1,-1,-1,5,-1,-1
10030,16,1,-1,-1,-1,10,-1,-1,-1,15,-1,-1
10030,19,-1,5,-1,20,20,-1,-1,35,-1,-1,-1
10030,30,-1,-1,-1,-1,-1,-1,-1,-1,1,-1,-1
10031,1,5,-1,-1,10,10,-1,-1,15,-1,-1,-1
10031,2,-1,10,-1,15,15,-1,-1,25,-1,-1,-1
10031,4,-1,-1,-1,-1,-1,-1,-1,-1,1,-1,-1
10031,10,-1,10,-1,15,15,-1,-1,20,-1,-1,-1
10031,14,-1,10,-1,15,15,-1,-1,20,-1,-1,-1
10031,15,1,-1,-1,-1,5,-1,-1,-1,5,-1,-1
10031,16,1,-1,-1,-1,10,-1,-1,-1,15,-1,-1
10031,19,-1,5,-1,20,20,-1,-1,35,-1,-1,-1
10032,1,5,-1,-1,-1,15,-1,-1,-1,20,-1,-1
10032,2,-1,10,-1,15,15,-1,-1,25,-1,-1,-1
10032,5,-1,-1,-1,-1,-1,-1,-1,-1,1,-1,-1
10032,14,-1,10,-1,15,15,-1,-1,20,-1,-1,-1
10032,15,-1,1,-1,1,1,-1,-1,5,-1,-1,-1
10032,16,-1,1,-1,5,5,-1,-1,10,-1,-1,-1
10032,19,5,-1,-1,-1,35,-1,-1,-1,50,-1,-1
10033,1,5,-1,-1,10,10,-1,-1,15,-1,-1,-1
10033,2,-1,10,-1,15,15,-1,-1,25,-1,-1,-1
10033,4,-1,-1,-1,-1,-1,-1,-1,-1,1,-1,-1
10033,8,-1,1,-1,5,5,-1,-1,5,-1,-1,-1
10033,14,-1,10,-1,15,15,-1,-1,20,-1,-1,-1
10033,17,1,-1,-1,-1,2,-1,-1,-1,2,-1,-1
10033,18,5,-1,-1,-1,30,-1,-1,-1,40,-1,-1
10034,1,5,-1,-1,10,10,-1,-1,15,-1,-1,-1
10034,2,-1,10,-1,15,15,-1,-1,25,-1,-1,-1
10034,5,-1,-1,-1,-1,-1,-1,-1,-1,1,-1,-1
10034,8,-1,1,-1,5,5,-1,-1,5,-1,-1,-1
10034,14,-1,10,-1,15,15,-1,-1,20,-1,-1,-1
10034,17,1,-1,-1,-1,2,-1,-1,-1,2,-1,-1
10034,18,5,-1,-1,-1,30,-1,-1,-1,40,-1,-1
10035,1,5,-1,-1,10,10,-1,-1,15,-1,-1,-1
10035,2,-1,10,-1,15,15,-1,-1,25,-1,-1,-1
10035,3,-1,-1,-1,-1,-1,-1,-1,-1,1,-1,-1
10035,8,-1,1,-1,5,5,-1,-1,5,-1,-1,-1
10035,14,10,-1,-1,-1,20,-1,-1,-1,25,-1,-1
10035,15,-1,1,-1,1,1,-1,-1,5,-1,-1,-1
10035,16,-1,1,-1,5,5,-1,-1,10,-1,-1,-1
10035,17,1,-1,-1,-1,2,-1,-1,-1,2,-1,-1
10035,18,5,-1,-1,-1,30,-1,-1,-1,40,-1,-1
10036,1,5,-1,-1,10,10,-1,-1,15,-1,-1,-1
10036,2,-1,10,-1,15,15,-1,-1,25,-1,-1,-1
10036,7,-1,-1,-1,-1,-1,-1,-1,-1,1,-1,-1
10036,13,-1,10,-1,15,15,-1,-1,20,-1,-1,-1
10036,14,-1,10,-1,15,15,-1,-1,20,-1,-1,-1
10036,15,1,-1,-1,-1,5,-1,-1,-1,5,-1,-1
10036,16,1,-1,-1,-1,10,-1,-1,-1,15,-1,-1
10036,19,-1,5,-1,20,20,-1,-1,35,-1,-1,-1
10036,31,1,-1,-1,-1,2,-1,-1,-1,3,-1,-1
10037,1,5,-1,-1,10,10,-1,-1,15,-1,-1,-1
10037,2,-1,10,-1,15,15,-1,-1,25,-1,-1,-1
10037,8,-1,1,-1,5,5,-1,-1,5,-1,-1,-1
10037,14,-1,10,-1,15,15,-1,-1,20,-1,-1,-1
10037,17,1,-1,-1,-1,2,-1,-1,-1,2,-1,-1
10037,18,5,-1,-1,-1,30,-1,-1,-1,40,-1,-1
10037,30,-1,-1,-1,-1,-1,-1,-1,-1,1,-1,-1
10037,31,1,-1,-1,-1,2,-1,-1,-1,3,-1,-1
10038,1,5,-1,-1,10,10,-1,-1,15,-1,-1,-1
10038,2,10,-1,-1,-1,25,-1,-1,-1,35,-1,-1
10038,3,-1,-1,-1,-1,-1,-1,-1,-1,1,-1,-1
10038,14,-1,10,-1,15,15,-1,-1,20,-1,-1,-1
10038,17,-1,1,-1,1,1,-1,-1,2,-1,-1,-1
10038,18,-1,5,-1,20,20,-1,-1,30,-1,-1,-1
10038,19,-1,5,-1,20,20,-1,-1,35,-1,-1,-1
10039,1,5,-1,-1,10,10,-1,-1,15,-1,-1,-1
10039,2,10,-1,-1,-1,25,-1,-1,-1,35,-1,-1
10039,4,-1,-1,-1,-1,-1,-1,-1,-1,1,-1,-1
10039,14,-1,10,-1,15,15,-1,-1,20,-1,-1,-1
10039,17,-1,1,-1,1,1,-1,-1,2,-1,-1,-1
10039,18,-1,5,-1,20,20,-1,-1,30,-1,-1,-1
10039,19,-1,5,-1,20,20,-1,-1,35,-1,-1,-1
10040,1,5,-1,-1,10,10,-1,-1,15,-1,-1,-1
10040,2,-1,10,-1,15,15,-1,-1,25,-1,-1,-1
10040,3,-1,-1,-1,-1,-1,-1,-1,-1,1,-1,-1
10040,8,-1,1,-1,5,5,-1,-1,5,-1,-1,-1
10040,14,10,-1,-1,-1,20,-1,-1,-1,25,-1,-1
10040,15,-1,1,-1,1,1,-1,-1,5,-1,-1,-1
10040,16,-1,1,-1,5,5,-1,-1,10,-1,-1,-1
10040,17,1,-1,-1,-1,2,-1,-1,-1,2,-1,-1
10040,18,5,-1,-1,-1,30,-1,-1,-1,40,-1,-1
10041,1,5,-1,-1,10,10,-1,-1,15,-1,-1,-1
10041,2,-1,10,-1,15,15,-1,-1,25,-1,-1,-1
10041,3,-1,-1,-1,-1,-1,-1,-1,-1,1,-1,-1
10041,8,-1,1,-1,5,5,-1,-1,5,-1,-1,-1
10041,14,10,-1,-1,-1,20,-1,-1,-1,25,-1,-1
10041,15,-1,1,-1,1,1,-1,-1,5,-1,-1,-1
10041,16,-1,1,-1,5,5,-1,-1,10,-1,-1,-1
10041,17,1,-1,-1,-1,2,-1,-1,-1,2,-1,-1
10041,18,5,-1,-1,-1,30,-1,-1,-1,40,-1,-1
10042,1,5,-1,-1,10,10,-1,-1,15,-1,-1,-1
10042,3,-1,-1,-1,-1,-1,-1,-1,-1,1,-1,-1
10042,8,1,-1,-1,-1,5,-1,-1,-1,10,-1,-1
10042,9,10,-1,-1,-1,20,-1,-1,-1,25,-1,-1
10042,15,1,-1,-1,-1,5,-1,-1,-1,5,-1,-1
10042,16,1,-1,-1,-1,10,-1,-1,-1,15,-1,-1
10042,19,-1,5,-1,20,20,-1,-1,35,-1,-1,-1
10043,1,5,-1,-1,10,10,-1,-1,15,-1,-1,-1
10043,2,-1,10,-1,15,15,-1,-1,25,-1,-1,-1
10043,7,-1,-1,-1,-1,-1,-1,-1,-1,1,-1,-1
10043,13,-1,10,-1,15,15,-1,-1,20,-1,-1,-1
10043,14,-1,10,-1,15,15,-1,-1,20,-1,-1,-1
10043,15,1,-1,-1,-1,5,-1,-1,-1,5,-1,-1
10043,16,1,-1,-1,-1,10,-1,-1,-1,15,-1,-1
10043,19,-1,5,-1,20,20,-1,-1,35,-1,-1,-1
10043,31,1,-1,-1,-1,2,-1,-1,-1,3,-1,-1
10044,1,5,-1,-1,10,10,-1,-1,15,-1,-1,-1
10044,2,10,-1,-1,-1,25,-1,-1,-1,35,-1,-1
10044,7,-1,-1,-1,-1,-1,-1,-1,-1,1,-1,-1
10044,14,-1,10,-1,15,15,-1,-1,20,-1,-1,-1
10044,17,-1,1,-1,1,1,-1,-1,2,-1,-1,-1
10044,18,-1,5,-1,20,20,-1,-1,30,-1,-1,-1
10044,19,-1,5,-1,20,20,-1,-1,35,-1,-1,-1
10044,31,1,-1,-1,-1,2,-1,-1,-1,3,-1,-1
10045,1,5,-1,-1,10,10,-1,-1,15,-1,-1,-1
10045,6,-1,-1,-1,-1,-1,-1,-1,-1,1,-1,-1
10045,8,1,-1,-1,-1,5,-1,-1,-1,10,-1,-1
10045,12,10,-1,-1,-1,20,-1,-1,-1,25,-1,-1
10045,15,1,-1,-1,-1,5,-1,-1,-1,5,-1,-1
10045,16,1,-1,-1,-1,10,-1,-1,-1,15,-1,-1
10045,19,-1,5,-1,20,20,-1,-1,35,-1,-1,-1
10046,1,5,-1,-1,10,10,-1,-1,15,-1,-1,-1
10046,2,-1,10,-1,15,15,-1,-1,25,-1,-1,-1
10046,7,-1,-1,-1,-1,-1,-1,-1,-1,1,-1,-1
10046,8,-1,1,-1,5,5,-1,-1,5,-1,-1,-1
10046,14,10,-1,-1,-1,20,-1,-1,-1,25,-1,-1
10046,15,-1,1,-1,1,1,-1,-1,5,-1,-1,-1
10046,16,-1,1,-1,5,5,-1,-1,10,-1,-1,-1
10046,17,1,-1,-1,-1,2,-1,-1,-1,2,-1,-1
10046,18,5,-1,-1,-1,30,-1,-1,-1,40,-1,-1
10046,31,1,-1,-1,-1,2,-1,-1,-1,3,-1,-1
10047,1,5,-1,-1,10,10,-1,-1,15,-1,-1,-1
10047,2,-1,10,-1,15,15,-1,-1,25,-1,-1,-1
10047,8,-1,1,-1,5,5,-1,-1,5,-1,-1,-1
10047,14,-1,10,-1,15,15,-1,-1,20,-1,-1,-1
10047,17,1,-1,-1,-1,2,-1,-1,-1,2,-1,-1
10047,18,5,-1,-1,-1,30,-1,-1,-1,40,-1,-1
10047,30,-1,-1,-1,-1,-1,-1,-1,-1,1,-1,-1
10048,1,5,-1,-1,10,10,-1,-1,15,-1,-1,-1
10048,2,-1,10,-1,15,15,-1,-1,25,-1,-1,-1
10048,5,-1,-1,-1,-1,-1,-1,-1,-1,1,-1,-1
10048,8,-1,1,-1,5,5,-1,-1,5,-1,-1,-1
10048,14,-1,10,-1,15,15,-1,-1,20,-1,-1,-1
10048,17,1,-1,-1,-1,2,-1,-1,-1,2,-1,-1
10048,18,5,-1,-1,-1,30,-1,-1,-1,40,-1,-1
10049,1,5,-1,-1,10,10,-1,-1,15,-1,-1,-1
10049,2,10,-1,-1,-1,25,-1,-1,-1,35,-1,-1
10049,7,-1,-1,-1,-1,-1,-1,-1,-1,1,-1,-1
10049,14,-1,10,-1,15,15,-1,-1,20,-1,-1,-1
10049,17,-1,1,-1,1,1,-1,-1,2,-1,-1,-1
10049,18,-1,5,-1,20,20,-1,-1,30,-1,-1,-1
10049,19,-1,5,-1,20,20,-1,-1,35,-1,-1,-1
10049,31,1,-1,-1,-1,2,-1,-1,-1,3,-1,-1
10050,1,5,-1,-1,10,10,-1,-1,15,-1,-1,-1
10050,2,-1,10,-1,15,15,-1,-1,25,-1,-1,-1
10050,13,-1,10,-1,15,15,-1,-1,20,-1,-1,-1
10050,14,-1,10,-1,15,15,-1,-1,20,-1,-1,-1
10050,15,1,-1,-1,-1,5,-1,-1,-1,5,-1,-1
10050,16,1,-1,-1,-1,10,-1,-1,-1,15,-1,-1
10050,19,-1,5,-1,20,20,-1,-1,35,-1,-1,-1
10050,30,-1,-1,-1,-1,-1,-1,-1,-1,1,-1,-1
10051,1,5,-1,-1,10,10,-1,-1,15,-1,-1,-1
10051,2,10,-1,-1,-1,25,-1,-1,-1,35,-1,-1
10051,3,-1,-1,-1,-1,-1,-1,-1,-1,1,-1,-1
10051,14,-1,10,-1,15,15,-1,-1,20,-1,-1,-1
10051,17,-1,1,-1,1,1,-1,-1,2,-1,-1,-1
10051,18,-1,5,-1,20,20,-1,-1,30,-1,-1,-1
10051,19,-1,5,-1,20,20,-1,-1,35,-1,-1,-1
10052,1,5,-1,-1,10,10,-1,-1,15,-1,-1,-1
10052,2,-1,10,-1,15,15,-1,-1,25,-1,-1,-1
10052,5,-1,-1,-1,-1,-1,-1,-1,-1,1,-1,-1
10052,11,-1,10,-1,15,15,-1,-1,20,-1,-1,-1
10052,14,-1,10,-1,15,15,-1,-1,20,-1,-1,-1
10052,15,1,-1,-1,-1,5,-1,-1,-1,5,-1,-1
10052,16,1,-1,-1,-1,10,-1,-1,-1,15,-1,-1
10052,19,-1,5,-1,20,20,-1,-1,35,-1,-1,-1
10053,1,5,-1,-1,10,10,-1,-1,15,-1,-1,-1
10053,8,1,-1,-1,-1,5,-1,-1,-1,10,-1,-1
10053,13,10,-1,-1,-1,20,-1,-1,-1,25,-1,-1
10053,15,1,-1,-1,-1,5,-1,-1,-1,5,-1,-1
10053,16,1,-1,-1,-1,10,-1,-1,-1,15,-1,-1
10053,19,-1,5,-1,20,20,-1,-1,35,-1,-1,-1
10053,30,-1,-1,-1,-1,-1,-1,-1,-1,1,-1,-1
10054,1,5,-1,-1,-1,15,-1,-1,-1,20,-1,-1
10054,2,-1,10,-1,15,15,-1,-1,25,-1,-1,-1
10054,5,-1,-1,-1,-1,-1,-1,-1,-1,1,-1,-1
10054,14,-1,10,-1,15,15,-1,-1,20,-1,-1,-1
10054,15,-1,1,-1,1,1,-1,-1,5,-1,-1,-1
10054,16,-1,1,-1,5,5,-1,-1,10,-1,-1,-1
10054,19,5,-1,-1,-1,35,-1,-1,-1,50,-1,-1
10055,1,5,-1,-1,10,10,-1,-1,15,-1,-1,-1
10055,2,-1,10,-1,15,15,-1,-1,25,-1,-1,-1
10055,5,-1,-1,-1,-1,-1,-1,-1,-1,1,-1,-1
10055,8,-1,1,-1,5,5,-1,-1,5,-1,-1,-1
10055,14,10,-1,-1,-1,20,-1,-1,-1,25,-1,-1
10055,15,-1,1,-1,1,1,-1,-1,5,-1,-1,-1
10055,16,-1,1,-1,5,5,-1,-1,10,-1,-1,-1
10055,17,-1,1,-1,1,1,-1,-1,2,-1,-1,-1
10055,18,-1,5,-1,20,20,-1,-1,30,-1,-1,-1
10056,1,5,-1,-1,10,10,-1,-1,15,-1,-1,-1
10056,2,-1,10,-1,15,15,-1,-1,25,-1,-1,-1
10056,6,-1,-1,-1,-1,-1,-1,-1,-1,1,-1,-1
10056,10,-1,10,-1,15,15,-1,-1,20,-1,-1,-1
10056,14,-1,10,-1,15,15,-1,-1,20,-1,-1,-1
10056,15,1,-1,-1,-1,5,-1,-1,-1,5,-1,-1
10056,16,1,-1,-1,-1,10,-1,-1,-1,15,-1,-1
10056,19,-1,5,-1,20,20,-1,-1,35,-1,-1,-1
10057,1,5,-1,-1,10,10,-1,-1,15,-1,-1,-1
10057,6,-1,-1,-1,-1,-1,-1,-1,-1,1,-1,-1
10057,8,1,-1,-1,-1,5,-1,-1,-1,10,-1,-1
10057,12,10,-1,-1,-1,20,-1,-1,-1,25,-1,-1
10057,15,1,-1,-1,-1,5,-1,-1,-1,5,-1,-1
10057,16,1,-1,-1,-1,10,-1,-1,-1,15,-1,-1
10057,19,-1,5,-1,20,20,-1,-1,35,-1,-1,-1
10058,1,5,-1,-1,10,10,-1,-1,15,-1,-1,-1
10058,2,-1,10,-1,15,15,-1,-1,25,-1,-1,-1
10058,5,-1,-1,-1,-1,-1,-1,-1,-1,1,-1,-1
10058,8,-1,1,-1,5,5,-1,-1,5,-1,-1,-1
10058,14,-1,10,-1,15,15,-1,-1,20,-1,-1,-1
10058,17,1,-1,-1,-1,2,-1,-1,-1,2,-1,-1
10058,18,5,-1,-1,-1,30,-1,-1,-1,40,-1,-1
10059,1,5,-1,-1,10,10,-1,-1,15,-1,-1,-1
10059,2,-1,10,-1,15,15,-1,-1,25,-1,-1,-1
10059,4,-1,-1,-1,-1,-1,-1,-1,-1,1,-1,-1
10059,8,-1,1,-1,5,5,-1,-1,5,-1,-1,-1
10059,14,-1,10,-1,15,15,-1,-1,20,-1,-1,-1
10059,17,1,-1,-1,-1,2,-1,-1,-1,2,-1,-1
10059,18,5,-1,-1,-1,30,-1,-1,-1,40,-1,-1
10060,8,-1,-1,-1,-1,-1,-1,-1,-1,5,-1,-1
10060,14,10,-1,-1,-1,20,-1,-1,-1,25,-1,-1
10060,15,1,-1,-1,-1,5,-1,-1,-1,5,-1,-1
10060,16,1,-1,-1,-1,10,-1,-1,-1,15,-1,-1
10060,25,-1,10,-1,20,20,-1,-1,30,-1,-1,-1
10060,26,10,-1,-1,-1,20,-1,-1,-1,25,-1,-1
10060,27,-1,5,-1,10,10,-1,-1,15,-1,-1,-1
10060,28,-1,1,-1,5,5,-1,-1,10,-1,-1,-1
10061,1,5,-1,-1,-1,15,-1,-1,-1,20,-1,-1
10061,2,-1,10,-1,15,15,-1,-1,25,-1,-1,-1
10061,14,-1,10,-1,15,15,-1,-1,20,-1,-1,-1
10061,15,-1,1,-1,1,1,-1,-1,5,-1,-1,-1
10061,16,-1,1,-1,5,5,-1,-1,10,-1,-1,-1
10061,19,5,-1,-1,-1,35,-1,-1,-1,50,-1,-1
10061,30,-1,-1,-1,-1,-1,-1,-1,-1,1,-1,-1
10062,1,5,-1,-1,10,10,-1,-1,15,-1,-1,-1
10062,2,10,-1,-1,-1,25,-1,-1,-1,35,-1,-1
10062,4,-1,-1,-1,-1,-1,-1,-1,-1,1,-1,-1
10062,14,-1,10,-1,15,15,-1,-1,20,-1,-1,-1
10062,17,-1,1,-1,1,1,-1,-1,2,-1,-1,-1
10062,18,-1,5,-1,20,20,-1,-1,30,-1,-1,-1
10062,19,-1,5,-1,20,20,-1,-1,35,-1,-1,-1
10063,1,5,-1,-1,-1,15,-1,-1,-1,20,-1,-1
10063,2,-1,10,-1,15,15,-1,-1,25,-1,-1,-1
10063,5,-1,-1,-1,-1,-1,-1,-1,-1,1,-1,-1
10063,9,-1,10,-1,15,15,-1,-1,20,-1,-1,-1
10063,15,1,-1,-1,-1,5,-1,-1,-1,5,-1,-1
10063,16,1,-1,-1,-1,10,-1,-1,-1,15,-1,-1
10063,19,-1,5,-1,20,20,-1,-1,35,-1,-1,-1
10064,1,5,-1,-1,10,10,-1,-1,15,-1,-1,-1
10064,6,-1,-1,-1,-1,-1,-1,-1,-1,1,-1,-1
10064,8,-1,1,-1,5,5,-1,-1,5,-1,-1,-1
10064,14,-1,10,-1,15,15,-1,-1,20,-1,-1,-1
10064,17,1,-1,-1,-1,2,-1,-1,-1,2,-1,-1
10064,18,5,-1,-1,-1,30,-1,-1,-1,40,-1,-1
10064,19,-1,-1,1,-1,5,-1,-1,10,-1,-1,-1
10065,1,5,-1,-1,10,10,-1,-1,15,-1,-1,-1
10065,8,1,-1,-1,-1,5,-1,-1,-1,10,-1,-1
10065,11,-1,10,-1,15,15,-1,-1,20,-1,-1,-1
10065,14,10,-1,-1,-1,20,-1,-1,-1,25,-1,-1
10065,15,-1,1,-1,1,1,-1,-1,5,-1,-1,-1
10065,16,-1,1,-1,5,5,-1,-1,10,-1,-1,-1
10065,30,-1,-1,-1,-1,-1,-1,-1,-1,1,-1,-1
10066,1,5,-1,-1,-1,15,-1,-1,-1,20,-1,-1
10066,2,-1,10,-1,15,15,-1,-1,25,-1,-1,-1
10066,3,-1,-1,-1,-1,-1,-1,-1,-1,1,-1,-1
10066,9,-1,10,-1,15,15,-1,-1,20,-1,-1,-1
10066,15,1,-1,-1,-1,5,-1,-1,-1,5,-1,-1
10066,16,1,-1,-1,-1,10,-1,-1,-1,15,-1,-1
10066,19,-1,5,-1,20,20,-1,-1,35,-1,-1,-1
10067,1,5,-1,-1,10,10,-1,-1,15,-1,-1,-1
10067,2,-1,10,-1,15,15,-1,-1,25,-1,-1,-1
10067,4,-1,-1,-1,-1,-1,-1,-1,-1,1,-1,-1
10067,10,10,-1,-1,-1,20,-1,-1,-1,25,-1,-1
10067,14,-1,10,-1,15,15,-1,-1,20,-1,-1,-1
10067,17,1,-1,-1,-1,2,-1,-1,-1,2,-1,-1
10067,18,5,-1,-1,-1,30,-1,-1,-1,40,-1,-1
10067,19,-1,5,-1,20,20,-1,-1,35,-1,-1,-1
10068,1,5,-1,-1,-1,15,-1,-1,-1,20,-1,-1
10068,5,-1,-1,-1,-1,-1,-1,-1,-1,1,-1,-1
10068,8,-1,1,-1,5,5,-1,-1,5,-1,-1,-1
10068,11,10,-1,-1,-1,20,-1,-1,-1,25,-1,-1
10068,14,-1,10,-1,15,15,-1,-1,20,-1,-1,-1
10068,17,-1,1,-1,1,1,-1,-1,2,-1,-1,-1
10068,18,-1,5,-1,20,20,-1,-1,30,-1,-1,-1
10069,1,5,-1,-1,10,10,-1,-1,15,-1,-1,-1
10069,2,-1,10,-1,15,15,-1,-1,25,-1,-1,-1
10069,7,-1,-1,-1,-1,-1,-1,-1,-1,1,-1,-1
10069,14,-1,10,-1,15,15,-1,-1,20,-1,-1,-1
10069,17,1,-1,-1,-1,2,-1,-1,-1,2,-1,-1
10069,18,5,-1,-1,-1,30,-1,-1,-1,40,-1,-1
10069,19,-1,5,-1,20,20,-1,-1,35,-1,-1,-1
10069,31,1,-1,-1,-1,2,-1,-1,-1,3,-1,-1
10070,1,5,-1,-1,-1,15,-1,-1,-1,20,-1,-1
10070,2,-1,10,-1,15,15,-1,-1,25,-1,-1,-1
10070,4,-1,-1,-1,-1,-1,-1,-1,-1,1,-1,-1
10070,10,-1,10,-1,15,15,-1,-1,20,-1,-1,-1
10070,14,10,-1,-1,-1,20,-1,-1,-1,25,-1,-1
10070,19,5,-1,-1,-1,35,-1,-1,-1,50,-1,-1
10071,1,5,-1,-1,-1,15,-1,-1,-1,20,-1,-1
10071,2,10,-1,-1,-1,25,-1,-1,-1,35,-1,-1
10071,3,-1,-1,-1,-1,-1,-1,-1,-1,1,-1,-1
10071,12,-1,10,-1,15,15,-1,-1,20,-1,-1,-1
10071,14,-1,10,-1,15,15,-1,-1,20,-1,-1,-1
10071,15,-1,1,-1,1,1,-1,-1,5,-1,-1,-1
10071,16,-1,1,-1,5,5,-1,-1,10,-1,-1,-1
10072,1,5,-1,-1,-1,15,-1,-1,-1,20,-1,-1
10072,3,-1,-1,-1,-1,-1,-1,-1,-1,1,-1,-1
10072,8,-1,1,-1,5,5,-1,-1,5,-1,-1,-1
10072,15,-1,1,-1,1,1,-1,-1,5,-1,-1,-1
10072,16,-1,1,-1,5,5,-1,-1,10,-1,-1,-1
10072,17,1,-1,-1,-1,2,-1,-1,-1,2,-1,-1
10072,18,5,-1,-1,-1,30,-1,-1,-1,40,-1,-1
10072,19,-1,5,-1,20,20,-1,-1,35,-1,-1,-1
10073,1,5,-1,-1,-1,15,-1,-1,-1,20,-1,-1
10073,2,-1,10,-1,15,15,-1,-1,25,-1,-1,-1
10073,7,-1,-1,-1,-1,-1,-1,-1,-1,1,-1,-1
10073,8,-1,1,-1,5,5,-1,-1,5,-1,-1,-1
10073,15,-1,1,-1,1,1,-1,-1,5,-1,-1,-1
10073,16,-1,1,-1,5,5,-1,-1,10,-1,-1,-1
10073,19,-1,5,-1,20,20,-1,-1,35,-1,-1,-1
10073,31,1,-1,-1,-1,2,-1,-1,-1,3,-1,-1
10074,2,10,-1,-1,-1,25,-1,-1,-1,35,-1,-1
10074,14,-1,10,-1,15,15,-1,-1,20,-1,-1,-1
10074,26,1,-1,-1,-1,5,10,15,20,25,-1,-1
10074,30,-1,-1,-1,-1,-1,-1,-1,-1,1,-1,-1
10075,1,5,-1,-1,-1,15,-1,-1,-1,20,-1,-1
10075,5,-1,-1,-1,-1,-1,-1,-1,-1,1,-1,-1
10075,8,1,-1,-1,-1,5,-1,-1,-1,10,-1,-1
10075,14,-1,10,-1,15,15,-1,-1,20,-1,-1,-1
10075,17,-1,1,-1,1,1,-1,-1,2,-1,-1,-1
10075,18,-1,5,-1,20,20,-1,-1,30,-1,-1,-1
10075,19,-1,5,-1,20,20,-1,-1,35,-1,-1,-1
10076,1,5,-1,-1,10,10,-1,-1,15,-1,-1,-1
10076,6,-1,-1,-1,-1,-1,-1,-1,-1,1,-1,-1
10076,14,10,-1,-1,-1,20,-1,-1,-1,25,-1,-1
10076,15,-1,1,-1,1,1,-1,-1,5,-1,-1,-1
10076,16,-1,1,-1,5,5,-1,-1,10,-1,-1,-1
10076,19,-1,5,-1,20,20,-1,-1,35,-1,-1,-1
10077,1,5,-1,-1,-1,15,-1,-1,-1,20,-1,-1
10077,5,-1,-1,-1,-1,-1,-1,-1,-1,1,-1,-1
10077,14,-1,10,-1,15,15,-1,-1,20,-1,-1,-1
10077,17,-1,1,-1,1,1,-1,-1,2,-1,-1,-1
10077,18,-1,5,-1,20,20,-1,-1,30,-1,-1,-1
10077,19,-1,5,-1,20,20,-1,-1,35,-1,-1,-1
10078,1,5,-1,-1,-1,15,-1,-1,-1,20,-1,-1
10078,7,-1,-1,-1,-1,-1,-1,-1,-1,1,-1,-1
10078,14,-1,10,-1,15,15,-1,-1,20,-1,-1,-1
10078,15,-1,1,-1,1,1,-1,-1,5,-1,-1,-1
10078,16,-1,1,-1,5,5,-1,-1,10,-1,-1,-1
10078,17,-1,1,-1,1,1,-1,-1,2,-1,-1,-1
10078,18,-1,5,-1,20,20,-1,-1,30,-1,-1,-1
10078,19,-1,5,-1,20,20,-1,-1,35,-1,-1,-1
10078,31,1,-1,-1,-1,2,-1,-1,-1,3,-1,-1
10079,1,5,-1,-1,-1,15,-1,-1,-1,20,-1,-1
10079,8,-1,1,-1,5,5,-1,-1,5,-1,-1,-1
10079,11,10,-1,-1,-1,20,-1,-1,-1,25,-1,-1
10079,14,10,-1,-1,-1,20,-1,-1,-1,25,-1,-1
10079,19,5,-1,-1,-1,35,-1,-1,-1,50,-1,-1
10079,30,-1,-1,-1,-1,-1,-1,-1,-1,1,-1,-1
10080,1,5,-1,-1,-1,15,-1,-1,-1,20,-1,-1
10080,6,-1,-1,-1,-1,-1,-1,-1,-1,1,-1,-1
10080,12,10,-1,-1,-1,20,-1,-1,-1,25,-1,-1
10080,14,-1,10,-1,15,15,-1,-1,20,-1,-1,-1
10080,19,5,-1,-1,-1,35,-1,-1,-1,50,-1,-1
10081,1,5,-1,-1,10,10,-1,-1,15,-1,-1,-1
10081,2,10,-1,-1,-1,25,-1,-1,-1,35,-1,-1
10081,6,-1,-1,-1,-1,-1,-1,-1,-1,1,-1,-1
10081,14,-1,10,-1,15,15,-1,-1,20,-1,-1,-1
10081,17,-1,1,-1,1,1,-1,-1,2,-1,-1,-1
10081,18,-1,5,-1,20,20,-1,-1,30,-1,-1,-1
10081,19,-1,5,-1,20,20,-1,-1,35,-1,-1,-1
10082,1,5,-1,-1,-1,15,-1,-1,-1,20,-1,-1
10082,8,-1,1,-1,5,5,-1,-1,5,-1,-1,-1
10082,14,10,-1,-1,-1,20,-1,-1,-1,25,-1,-1
10082,15,-1,1,-1,1,1,-1,-1,5,-1,-1,-1
10082,16,-1,1,-1,5,5,-1,-1,10,-1,-1,-1
10082,17,-1,1,-1,1,1,-1,-1,2,-1,-1,-1
10082,18,-1,5,-1,20,20,-1,-1,30,-1,-1,-1
10082,19,-1,5,-1,20,20,-1,-1,35,-1,-1,-1
10082,30,-1,-1,-1,-1,-1,-1,-1,-1,1,-1,-1
10083,8,-1,-1,-1,-1,-1,-1,-1,-1,5,-1,-1
10083,12,10,-1,-1,-1,20,-1,-1,-1,25,-1,-1
10083,14,10,-1,-1,-1,20,-1,-1,-1,25,-1,-1
10083,15,-1,1,-1,1,1,-1,-1,5,-1,-1,-1
10083,16,-1,1,-1,5,5,-1,-1,10,-1,-1,-1
10083,25,10,-1,-1,-1,30,-1,-1,-1,40,-1,-1
10083,26,10,-1,-1,-1,20,-1,-1,-1,25,-1,-1
10083,27,5,-1,-1,-1,15,-1,-1,-1,20,-1,-1
10083,28,-1,1,-1,5,5,-1,-1,10,-1,-1,-1
10084,1,5,-1,-1,-1,15,-1,-1,-1,20,-1,-1
10084,4,-1,-1,-1,-1,-1,-1,-1,-1,1,-1,-1
10084,14,-1,10,-1,15,15,-1,-1,20,-1,-1,-1
10084,15,-1,1,-1,1,1,-1,-1,5,-1,-1,-1
10084,16,-1,1,-1,5,5,-1,-1,10,-1,-1,-1
10084,17,-1,1,-1,1,1,-1,-1,2,-1,-1,-1
10084,18,-1,5,-1,20,20,-1,-1,30,-1,-1,-1
10085,1,5,-1,-1,10,10,-1,-1,15,-1,-1,-1
10085,2,10,-1,-1,-1,25,-1,-1,-1,35,-1,-1
10085,6,-1,-1,-1,-1,-1,-1,-1,-1,1,-1,-1
10085,10,-1,10,-1,15,15,-1,-1,20,-1,-1,-1
10085,12,-1,10,-1,15,15,-1,-1,20,-1,-1,-1
10085,14,10,-1,-1,-1,20,-1,-1,-1,25,-1,-1
10085,15,-1,1,-1,1,1,-1,-1,5,-1,-1,-1
10085,16,-1,1,-1,5,5,-1,-1,10,-1,-1,-1
10085,19,-1,5,-1,20,20,-1,-1,35,-1,-1,-1
10086,1,5,-1,-1,10,10,-1,-1,15,-1,-1,-1
10086,3,-1,-1,-1,-1,-1,-1,-1,-1,1,-1,-1
10086,6,-1,1,-1,1,1,-1,-1,1,-1,-1,-1
10086,8,1,-1,-1,-1,5,-1,-1,-1,10,-1,-1
10086,14,10,-1,-1,-1,20,-1,-1,-1,25,-1,-1
10086,15,-1,1,-1,1,1,-1,-1,5,-1,-1,-1
10086,16,-1,1,-1,5,5,-1,-1,10,-1,-1,-1
10086,17,-1,1,-1,1,1,-1,-1,2,-1,-1,-1
10086,18,-1,5,-1,20,20,-1,-1,30,-1,-1,-1
10086,19,-1,5,-1,20,20,-1,-1,35,-1,-1,-1
10087,1,5,-1,-1,10,10,-1,-1,15,-1,-1,-1
10087,3,-1,-1,-1,-1,-1,-1,-1,-1,1,-1,-1
10087,8,-1,1,-1,5,5,-1,-1,5,-1,-1,-1
10087,11,-1,10,-1,15,15,-1,-1,20,-1,-1,-1
10087,14,-1,10,-1,15,15,-1,-1,20,-1,-1,-1
10087,17,1,-1,-1,-1,2,-1,-1,-1,2,-1,-1
10087,18,5,-1,-1,-1,30,-1,-1,-1,40,-1,-1
10087,19,-1,5,-1,20,20,-1,-1,35,-1,-1,-1
10088,1,5,-1,-1,-1,15,-1,-1,-1,20,-1,-1
10088,14,-1,10,-1,15,15,-1,-1,20,-1,-1,-1
10088,15,-1,1,-1,1,1,-1,-1,5,-1,-1,-1
10088,16,-1,1,-1,5,5,-1,-1,10,-1,-1,-1
10088,19,-1,5,-1,20,20,-1,-1,35,-1,-1,-1
10088,30,-1,-1,-1,-1,-1,-1,-1,-1,1,-1,-1
10088,31,1,-1,-1,-1,2,-1,-1,-1,3,-1,-1
10089,1,5,-1,-1,-1,15,-1,-1,-1,20,-1,-1
10089,5,-1,-1,-1,-1,-1,-1,-1,-1,1,-1,-1
10089,14,-1,10,-1,15,15,-1,-1,20,-1,-1,-1
10089,15,-1,1,-1,1,1,-1,-1,5,-1,-1,-1
10089,16,-1,1,-1,5,5,-1,-1,10,-1,-1,-1
10089,17,-1,1,-1,1,1,-1,-1,2,-1,-1,-1
10089,18,-1,5,-1,20,20,-1,-1,30,-1,-1,-1
10089,19,-1,5,-1,20,20,-1,-1,35,-1,-1,-1
10090,1,5,-1,-1,10,10,-1,-1,15,-1,-1,-1
10090,2,10,-1,-1,-1,25,-1,-1,-1,35,-1,-1
10090,8,-1,-1,-1,-1,-1,-1,-1,-1,5,-1,-1
10090,10,10,-1,-1,-1,20,-1,-1,-1,25,-1,-1
10090,12,-1,10,-1,15,15,-1,-1,20,-1,-1,-1
10090,14,-1,10,-1,15,15,-1,-1,20,-1,-1,-1
10090,16,1,-1,-1,-1,10,-1,-1,-1,15,-1,-1
10090,17,-1,1,-1,1,1,-1,-1,2,-1,-1,-1
10090,18,-1,5,-1,20,20,-1,-1,30,-1,-1,-1
10091,1,5,-1,-1,10,10,-1,-1,15,-1,-1,-1
10091,14,-1,10,-1,15,15,-1,-1,20,-1,-1,-1
10091,15,-1,1,-1,1,1,-1,-1,5,-1,-1,-1
10091,16,-1,1,-1,5,5,-1,-1,10,-1,-1,-1
10091,17,-1,1,-1,1,1,-1,-1,2,-1,-1,-1
10091,18,-1,5,-1,20,20,-1,-1,30,-1,-1,-1
10091,19,-1,5,-1,20,20,-1,-1,35,-1,-1,-1
10091,30,-1,-1,-1,-1,-1,-1,-1,-1,1,-1,-1
10092,1,5,-1,-1,10,10,-1,-1,15,-1,-1,-1
10092,2,10,-1,-1,-1,25,-1,-1,-1,35,-1,-1
10092,5,-1,-1,-1,-1,-1,-1,-1,-1,1,-1,-1
10092,8,-1,1,-1,5,5,-1,-1,5,-1,-1,-1
10092,12,10,-1,-1,-1,20,-1,-1,-1,25,-1,-1
10092,19,5,-1,-1,-1,35,-1,-1,-1,50,-1,-1
10093,1,5,-1,-1,10,10,-1,-1,15,-1,-1,-1
10093,2,10,-1,-1,-1,25,-1,-1,-1,35,-1,-1
10093,8,-1,1,-1,5,5,-1,-1,5,-1,-1,-1
10093,14,-1,10,-1,15,15,-1,-1,20,-1,-1,-1
10093,17,1,-1,-1,-1,2,-1,-1,-1,2,-1,-1
10093,18,5,-1,-1,-1,30,-1,-1,-1,40,-1,-1
10093,19,-1,5,-1,20,20,-1,-1,35,-1,-1,-1
10093,30,-1,-1,-1,-1,-1,-1,-1,-1,1,-1,-1
10094,8,-1,1,-1,5,5,-1,-1,5,-1,-1,-1
10094,11,-1,10,-1,15,15,-1,-1,20,-1,-1,-1
10094,14,10,-1,-1,-1,20,-1,-1,-1,25,-1,-1
10094,25,10,-1,-1,-1,30,-1,-1,-1,40,-1,-1
10094,26,-1,1,-1,5,5,-1,-1,10,-1,-1,-1
10094,27,5,-1,-1,-1,15,-1,-1,-1,20,-1,-1
10094,28,-1,1,-1,5,5,-1,-1,10,-1,-1,-1
10094,30,-1,-1,-1,-1,-1,-1,-1,-1,1,-1,-1
10095,1,5,-1,-1,-1,15,-1,-1,-1,20,-1,-1
10095,2,-1,10,-1,15,15,-1,-1,25,-1,-1,-1
10095,12,10,-1,-1,-1,20,-1,-1,-1,25,-1,-1
10095,14,-1,-1,-1,-1,-1,-1,-1,-1,25,-1,-1
10095,15,-1,1,-1,1,1,-1,-1,5,-1,-1,-1
10095,16,-1,1,-1,5,5,-1,-1,10,-1,-1,-1
10095,19,-1,5,-1,20,20,-1,-1,35,-1,-1,-1
10096,1,5,-1,-1,10,10,-1,-1,15,-1,-1,-1
10096,2,-1,10,-1,15,15,-1,-1,20,-1,-1,-1
10096,8,-1,-1,-1,-1,-1,-1,-1,-1,5,-1,-1
10096,14,-1,10,-1,15,15,-1,-1,20,-1,-1,-1
10096,17,-1,1,-1,1,1,-1,-1,2,-1,-1,-1
10096,18,-1,5,-1,20,20,-1,-1,30,-1,-1,-1
10096,19,5,-1,-1,-1,35,-1,-1,-1,50,-1,-1
10097,1,5,-1,-1,10,10,-1,-1,15,-1,-1,-1
10097,2,-1,10,-1,15,15,-1,-1,25,-1,-1,-1
10097,3,-1,-1,-1,-1,-1,-1,-1,-1,1,-1,-1
10097,15,-1,1,-1,1,1,-1,-1,5,-1,-1,-1
10097,16,-1,1,-1,5,5,-1,-1,10,-1,-1,-1
10097,17,-1,1,-1,1,1,-1,-1,2,-1,-1,-1
10097,18,-1,5,-1,20,20,-1,-1,30,-1,-1,-1
10097,19,5,-1,-1,-1,35,-1,-1,-1,50,-1,-1
10098,1,5,-1,-1,10,10,-1,-1,15,-1,-1,-1
10098,2,-1,10,-1,15,15,-1,-1,25,-1,-1,-1
10098,4,-1,-1,-1,-1,-1,-1,-1,-1,1,-1,-1
10098,8,-1,1,-1,5,5,-1,-1,5,-1,-1,-1
10098,14,-1,10,-1,15,15,-1,-1,20,-1,-1,-1
10098,15,-1,1,-1,1,1,-1,-1,5,-1,-1,-1
10098,16,-1,1,-1,5,5,-1,-1,10,-1,-1,-1
10098,19,-1,5,-1,20,20,-1,-1,35,-1,-1,-1
10099,1,5,-1,-1,10,10,-1,-1,15,-1,-1,-1
10099,2,-1,10,-1,15,15,-1,-1,25,-1,-1,-1
10099,5,-1,-1,-1,-1,-1,-1,-1,-1,1,-1,-1
10099,14,10,-1,-1,-1,20,-1,-1,-1,25,-1,-1
10099,15,-1,1,-1,1,1,-1,-1,5,-1,-1,-1
10099,16,-1,1,-1,5,5,-1,-1,10,-1,-1,-1
10099,17,1,-1,-1,-1,2,-1,-1,-1,2,-1,-1
10099,18,5,-1,-1,-1,30,-1,-1,-1,40,-1,-1
10099,19,-1,5,-1,20,20,-1,-1,35,-1,-1,-1
10100,1,5,-1,-1,-1,15,-1,-1,-1,20,-1,-1
10100,5,-1,-1,-1,-1,-1,-1,-1,-1,1,-1,-1
10100,14,-1,10,-1,15,15,-1,-1,20,-1,-1,-1
10100,15,1,-1,-1,-1,5,-1,-1,-1,5,-1,-1
10100,16,1,-1,-1,-1,10,-1,-1,-1,15,-1,-1
10100,17,-1,-1,-1,1,-1,1,1,-1,-1,-1,-1
10100,18,-1,-1,-1,5,-1,20,20,-1,-1,-1,-1
10100,19,5,-1,-1,-1,35,-1,-1,-1,50,-1,-1
10101,1,5,-1,-1,10,10,-1,-1,15,-1,-1,-1
10101,5,-1,-1,-1,-1,-1,-1,-1,-1,1,-1,-1
10101,8,-1,1,-1,5,5,-1,-1,5,-1,-1,-1
10101,14,10,-1,-1,-1,20,-1,-1,-1,25,-1,-1
10101,15,-1,1,-1,1,1,-1,-1,5,-1,-1,-1
10101,16,-1,1,-1,5,5,-1,-1,10,-1,-1,-1
10101,17,-1,-1,-1,1,-1,1,1,-1,-1,-1,-1
10101,18,-1,-1,-1,5,-1,20,20,-1,-1,-1,-1
10101,19,-1,5,-1,20,20,-1,-1,35,-1,-1,-1
10102,1,5,-1,-1,10,10,-1,-1,15,-1,-1,-1
10102,2,-1,10,-1,15,15,-1,-1,25,-1,-1,-1
10102,3,-1,-1,-1,-1,-1,-1,-1,-1,1,-1,-1
10102,9,-1,10,-1,15,15,-1,-1,20,-1,-1,-1
10102,14,-1,10,-1,15,15,-1,-1,20,-1,-1,-1
10102,17,-1,1,-1,1,1,-1,-1,2,-1,-1,-1
10102,18,-1,5,-1,20,20,-1,-1,30,-1,-1,-1
10102,19,-1,5,-1,20,20,-1,-1,35,-1,-1,-1
10102,31,1,-1,-1,-1,2,-1,-1,-1,3,-1,-1
10103,1,5,-1,-1,-1,15,-1,-1,-1,20,-1,-1
10103,6,-1,-1,-1,-1,-1,-1,-1,-1,1,-1,-1
10103,8,-1,1,-1,5,5,-1,-1,5,-1,-1,-1
10103,14,-1,10,-1,15,15,-1,-1,20,-1,-1,-1
10103,15,-1,1,-1,1,1,-1,-1,5,-1,-1,-1
10103,16,-1,1,-1,5,5,-1,-1,10,-1,-1,-1
10103,17,-1,1,-1,1,1,-1,-1,2,-1,-1,-1
10103,18,-1,5,-1,20,20,-1,-1,30,-1,-1,-1
10103,19,-1,5,-1,20,20,-1,-1,35,-1,-1,-1
10104,2,10,-1,-1,-1,25,-1,-1,-1,35,-1,-1
10104,14,-1,10,-1,15,15,-1,-1,20,-1,-1,-1
10104,15,-1,-1,-1,-1,-1,-1,-1,-1,5,-1,-1
10104,16,-1,-1,-1,-1,-1,-1,-1,-1,10,-1,-1
10104,25,-1,10,-1,20,20,-1,-1,30,-1,-1,-1
10104,26,-1,5,-1,10,10,-1,-1,15,-1,-1,-1
10104,27,5,-1,-1,-1,15,-1,-1,-1,20,-1,-1
10104,28,-1,1,-1,5,5,-1,-1,10,-1,-1,-1
10105,1,5,-1,-1,-1,15,-1,-1,-1,20,-1,-1
10105,2,-1,10,-1,15,15,-1,-1,25,-1,-1,-1
10105,6,-1,1,-1,1,1,-1,-1,1,-1,-1,-1
10105,8,-1,-1,-1,-1,-1,-1,-1,-1,5,-1,-1
10105,14,-1,10,-1,15,15,-1,-1,20,-1,-1,-1
10105,15,-1,1,-1,1,1,-1,-1,5,-1,-1,-1
10105,16,-1,1,-1,5,5,-1,-1,10,-1,-1,-1
10105,17,-1,-1,-1,1,-1,1,1,-1,-1,-1,-1
10105,18,-1,-1,-1,5,-1,20,20,-1,-1,-1,-1
10105,19,-1,5,-1,20,20,-1,-1,35,-1,-1,-1
10106,1,5,-1,-1,10,10,-1,-1,15,-1,-1,-1
10106,8,-1,1,-1,5,5,-1,-1,5,-1,-1,-1
10106,14,10,-1,-1,-1,20,-1,-1,-1,25,-1,-1
10106,17,-1,1,-1,1,1,-1,-1,2,-1,-1,-1
10106,18,-1,5,-1,20,20,-1,-1,30,-1,-1,-1
10106,19,-1,5,-1,20,20,-1,-1,35,-1,-1,-1
10106,30,-1,-1,-1,-1,-1,-1,-1,-1,1,-1,-1
10106,31,1,-1,-1,-1,2,-1,-1,-1,3,-1,-1
10107,1,5,-1,-1,10,10,-1,-1,15,-1,-1,-1
10107,2,-1,10,-1,15,15,-1,-1,25,-1,-1,-1
10107,4,-1,-1,-1,-1,-1,-1,-1,-1,1,-1,-1
10107,14,-1,10,-1,15,15,-1,-1,20,-1,-1,-1
10107,15,-1,1,-1,1,1,-1,-1,5,-1,-1,-1
10107,16,-1,1,-1,5,5,-1,-1,10,-1,-1,-1
10107,17,-1,-1,-1,1,-1,1,1,-1,-1,-1,-1
10107,18,-1,-1,-1,5,-1,20,20,-1,-1,-1,-1
10107,19,-1,5,-1,20,20,-1,-1,35,-1,-1,-1
10108,1,5,-1,-1,10,10,-1,-1,15,-1,-1,-1
10108,2,-1,10,-1,15,15,-1,-1,25,-1,-1,-1
10108,7,-1,-1,-1,-1,-1,-1,-1,-1,1,-1,-1
10108,14,-1,10,-1,15,15,-1,-1,20,-1,-1,-1
10108,17,-1,-1,-1,1,-1,1,1,-1,-1,-1,-1
10108,18,-1,-1,-1,5,-1,20,20,-1,-1,-1,-1
10108,19,-1,5,-1,20,20,-1,-1,35,-1,-1,-1
10108,31,1,-1,-1,-1,2,-1,-1,-1,3,-1,-1
10109,2,-1,10,-1,15,15,-1,-1,20,-1,-1,-1
10109,8,-1,1,-1,5,5,-1,-1,5,-1,-1,-1
10109,14,-1,10,-1,15,15,-1,-1,20,-1,-1,-1
10109,15,-1,1,-1,1,1,-1,-1,5,-1,-1,-1
10109,16,-1,1,-1,5,5,-1,-1,10,-1,-1,-1
10109,25,-1,10,-1,20,20,-1,-1,30,-1,-1,-1
10109,26,-1,5,-1,10,10,-1,-1,15,-1,-1,-1
10109,27,-1,1,-1,5,5,-1,-1,10,-1,-1,-1
10109,28,-1,1,-1,5,5,-1,-1,10,-1,-1,-1
10109,30,-1,-1,-1,-1,-1,-1,-1,-1,1,-1,-1
10110,1,5,-1,-1,-1,15,-1,-1,-1,20,-1,-1
10110,2,-1,10,-1,15,15,-1,-1,25,-1,-1,-1
10110,10,-1,10,-1,15,15,-1,-1,20,-1,-1,-1
10110,11,-1,10,-1,15,15,-1,-1,20,-1,-1,-1
10110,14,-1,-1,-1,-1,-1,-1,-1,-1,25,-1,-1
10110,17,-1,-1,-1,1,-1,1,1,-1,-1,-1,-1
10110,18,-1,-1,-1,5,-1,20,20,-1,-1,-1,-1
10110,19,-1,5,-1,20,20,-1,-1,35,-1,-1,-1
10111,1,5,-1,-1,-1,15,-1,-1,-1,20,-1,-1
10111,2,10,-1,-1,-1,25,-1,-1,-1,35,-1,-1
10111,3,-1,-1,-1,-1,-1,-1,-1,-1,1,-1,-1
10111,9,-1,10,-1,15,15,-1,-1,20,-1,-1,-1
10111,14,-1,10,-1,15,15,-1,-1,20,-1,-1,-1
10111,15,-1,1,-1,1,1,-1,-1,5,-1,-1,-1
10111,16,-1,1,-1,5,5,-1,-1,10,-1,-1,-1
10111,19,-1,5,-1,20,20,-1,-1,35,-1,-1,-1
10113,1,5,-1,-1,-1,15,-1,-1,-1,20,-1,-1
10113,3,-1,-1,-1,-1,-1,-1,-1,-1,1,-1,-1
10113,8,-1,1,-1,5,5,-1,-1,5,-1,-1,-1
10113,11,10,-1,-1,-1,20,-1,-1,-1,25,-1,-1
10113,14,-1,10,-1,15,15,-1,-1,20,-1,-1,-1
10113,17,-1,-1,-1,1,-1,1,1,-1,-1,-1,-1
10113,18,-1,-1,-1,5,-1,20,20,-1,-1,-1,-1
10113,19,-1,5,-1,20,20,-1,-1,35,-1,-1,-1
10114,1,5,-1,-1,-1,15,-1,-1,-1,20,-1,-1
10114,2,-1,10,-1,15,15,-1,-1,25,-1,-1,-1
10114,8,-1,-1,-1,-1,-1,-1,-1,-1,5,-1,-1
10114,14,-1,10,-1,15,15,-1,-1,20,-1,-1,-1
10114,15,-1,1,-1,1,1,-1,-1,5,-1,-1,-1
10114,16,-1,1,-1,5,5,-1,-1,10,-1,-1,-1
10114,17,-1,-1,-1,1,-1,1,1,-1,-1,-1,-1
10114,18,-1,-1,-1,5,-1,20,20,-1,-1,-1,-1
10114,19,-1,5,-1,20,20,-1,-1,35,-1,-1,-1
10115,1,5,-1,-1,-1,15,-1,-1,-1,20,-1,-1
10115,7,-1,1,-1,1,1,-1,-1,1,-1,-1,-1
10115,8,-1,-1,-1,-1,-1,-1,-1,-1,5,-1,-1
10115,14,-1,10,-1,15,15,-1,-1,20,-1,-1,-1
10115,17,-1,1,-1,1,1,-1,-1,2,-1,-1,-1
10115,18,-1,5,-1,20,20,-1,-1,30,-1,-1,-1
10115,19,-1,5,-1,20,20,-1,-1,35,-1,-1,-1
10115,31,1,-1,-1,-1,2,-1,-1,-1,3,-1,-1
10116,1,5,-1,-1,-1,15,-1,-1,-1,20,-1,-1
10116,2,-1,10,-1,15,15,-1,-1,25,-1,-1,-1
10116,6,-1,-1,-1,-1,-1,-1,-1,-1,1,-1,-1
10116,14,10,-1,-1,-1,20,-1,-1,-1,25,-1,-1
10116,15,-1,1,-1,1,1,-1,-1,5,-1,-1,-1
10116,16,-1,1,-1,5,5,-1,-1,10,-1,-1,-1
10116,17,-1,-1,-1,1,-1,1,1,-1,-1,-1,-1
10116,18,-1,-1,-1,5,-1,20,20,-1,-1,-1,-1
10116,19,-1,5,-1,20,20,-1,-1,35,-1,-1,-1
10117,1,5,-1,-1,10,10,-1,-1,15,-1,-1,-1
10117,2,-1,10,-1,15,15,-1,-1,25,-1,-1,-1
10117,6,-1,-1,-1,-1,-1,-1,-1,-1,1,-1,-1
10117,11,-1,10,-1,15,15,-1,-1,20,-1,-1,-1
10117,12,-1,10,-1,15,15,-1,-1,20,-1,-1,-1
10117,14,-1,10,-1,15,15,-1,-1,20,-1,-1,-1
10117,15,-1,1,-1,1,1,-1,-1,5,-1,-1,-1
10117,16,-1,1,-1,5,5,-1,-1,10,-1,-1,-1
10117,17,-1,1,-1,1,1,-1,-1,2,-1,-1,-1
10117,19,-1,5,-1,20,20,-1,-1,35,-1,-1,-1
10118,1,5,-1,-1,-1,15,-1,-1,-1,20,-1,-1
10118,2,-1,10,-1,15,15,-1,-1,25,-1,-1,-1
10118,6,-1,-1,-1,-1,-1,-1,-1,-1,1,-1,-1
10118,9,-1,10,-1,15,15,-1,-1,20,-1,-1,-1
10118,14,-1,10,-1,15,15,-1,-1,20,-1,-1,-1
10118,17,-1,-1,-1,1,-1,1,1,-1,-1,-1,-1
10118,18,-1,-1,-1,5,-1,20,20,-1,-1,-1,-1
10118,19,-1,5,-1,20,20,-1,-1,35,-1,-1,-1
10119,1,5,-1,-1,-1,15,-1,-1,-1,20,-1,-1
10119,14,-1,10,-1,15,15,-1,-1,20,-1,-1,-1
10119,15,-1,1,-1,1,1,-1,-1,5,-1,-1,-1
10119,16,-1,1,-1,5,5,-1,-1,10,-1,-1,-1
10119,17,1,-1,-1,-1,2,-1,-1,-1,2,-1,-1
10119,18,5,-1,-1,-1,30,-1,-1,-1,40,-1,-1
10119,19,-1,5,-1,20,20,-1,-1,35,-1,-1,-1
10119,30,-1,-1,-1,-1,-1,-1,-1,-1,1,-1,-1
10120,1,5,-1,-1,10,10,-1,-1,15,-1,-1,-1
10120,7,-1,-1,-1,-1,-1,-1,-1,-1,1,-1,-1
10120,8,-1,1,-1,5,5,-1,-1,5,-1,-1,-1
10120,14,-1,10,-1,15,15,-1,-1,20,-1,-1,-1
10120,15,-1,1,-1,1,1,-1,-1,5,-1,-1,-1
10120,16,-1,1,-1,5,5,-1,-1,10,-1,-1,-1
10120,17,-1,-1,-1,1,-1,1,1,-1,-1,-1,-1
10120,18,-1,-1,-1,5,-1,20,20,-1,-1,-1,-1
10120,19,-1,5,-1,20,20,-1,-1,35,-1,-1,-1
10120,31,1,-1,-1,-1,2,-1,-1,-1,3,-1,-1
10121,1,5,-1,-1,-1,15,-1,-1,-1,20,-1,-1
10121,2,-1,10,-1,15,15,-1,-1,20,-1,-1,-1
10121,5,-1,-1,-1,-1,-1,-1,-1,-1,1,-1,-1
10121,11,-1,10,-1,15,15,-1,-1,20,-1,-1,-1
10121,14,-1,10,-1,15,15,-1,-1,20,-1,-1,-1
10121,15,-1,1,-1,1,1,-1,-1,5,-1,-1,-1
10121,16,-1,1,-1,5,5,-1,-1,10,-1,-1,-1
10121,19,5,-1,-1,-1,35,-1,-1,-1,50,-1,-1
10122,1,5,-1,-1,-1,15,-1,-1,-1,20,-1,-1
10122,3,-1,1,-1,1,1,-1,-1,1,-1,-1,-1
10122,8,-1,-1,-1,-1,-1,-1,-1,-1,5,-1,-1
10122,14,-1,10,-1,15,15,-1,-1,20,-1,-1,-1
10122,15,1,-1,-1,-1,5,-1,-1,-1,5,-1,-1
10122,16,1,-1,-1,-1,10,-1,-1,-1,15,-1,-1
10122,17,-1,-1,-1,1,-1,1,1,-1,-1,-1,-1
10122,18,-1,-1,-1,5,-1,20,20,-1,-1,-1,-1
10122,19,5,-1,-1,-1,35,-1,-1,-1,50,-1,-1
10123,1,5,-1,-1,10,10,-1,-1,15,-1,-1,-1
10123,3,-1,-1,-1,-1,-1,-1,-1,-1,1,-1,-1
10123,8,-1,1,-1,5,5,-1,-1,5,-1,-1,-1
10123,14,-1,10,-1,15,15,-1,-1,20,-1,-1,-1
10123,17,-1,-1,-1,1,-1,1,1,-1,-1,-1,-1
10123,18,-1,-1,-1,5,-1,20,20,-1,-1,-1,-1
10123,19,-1,5,-1,20,20,-1,-1,35,-1,-1,-1
10123,31,1,-1,-1,-1,2,-1,-1,-1,3,-1,-1
10124,1,5,-1,-1,-1,15,-1,-1,-1,20,-1,-1
10124,2,-1,10,-1,15,15,-1,-1,25,-1,-1,-1
10124,5,-1,-1,-1,-1,-1,-1,-1,-1,1,-1,-1
10124,11,-1,10,-1,15,15,-1,-1,20,-1,-1,-1
10124,14,-1,10,-1,15,15,-1,-1,20,-1,-1,-1
10124,15,1,-1,-1,-1,5,-1,-1,-1,5,-1,-1
10124,16,1,-1,-1,-1,10,-1,-1,-1,15,-1,-1
10124,19,-1,5,-1,20,20,-1,-1,35,-1,-1,-1
10125,1,5,-1,-1,-1,15,-1,-1,-1,20,-1,-1
10125,2,-1,10,-1,15,15,-1,-1,20,-1,-1,-1
10125,6,-1,-1,-1,-1,-1,-1,-1,-1,1,-1,-1
10125,8,-1,1,-1,5,5,-1,-1,5,-1,-1,-1
10125,14,10,-1,-1,-1,20,-1,-1,-1,25,-1,-1
10125,17,-1,-1,-1,1,-1,1,1,-1,-1,-1,-1
10125,18,-1,-1,-1,5,-1,20,20,-1,-1,-1,-1
10125,19,5,-1,-1,-1,35,-1,-1,-1,50,-1,-1
10126,1,5,-1,-1,-1,15,-1,-1,-1,20,-1,-1
10126,2,-1,10,-1,15,15,-1,-1,20,-1,-1,-1
10126,4,-1,-1,-1,-1,-1,-1,-1,-1,1,-1,-1
10126,10,-1,10,-1,15,15,-1,-1,20,-1,-1,-1
10126,14,10,-1,-1,-1,20,-1,-1,-1,25,-1,-1
10126,15,1,-1,-1,-1,5,-1,-1,-1,5,-1,-1
10126,16,1,-1,-1,-1,10,-1,-1,-1,15,-1,-1
10126,19,5,-1,-1,-1,35,-1,-1,-1,50,-1,-1
10127,1,5,-1,-1,10,10,-1,-1,15,-1,-1,-1
10127,2,-1,10,-1,15,15,-1,-1,25,-1,-1,-1
10127,7,-1,-1,-1,-1,-1,-1,-1,-1,1,-1,-1
10127,13,10,-1,-1,-1,20,-1,-1,-1,25,-1,-1
10127,14,-1,10,-1,15,15,-1,-1,20,-1,-1,-1
10127,17,-1,-1,-1,1,-1,1,1,-1,-1,-1,-1
10127,18,-1,-1,-1,5,-1,20,20,-1,-1,-1,-1
10127,19,-1,5,-1,20,20,-1,-1,35,-1,-1,-1
10127,31,1,-1,-1,-1,2,-1,-1,-1,3,-1,-1
10128,2,-1,10,-1,15,15,-1,-1,25,-1,-1,-1
10128,4,-1,-1,-1,-1,-1,-1,-1,-1,1,-1,-1
10128,8,-1,1,-1,5,5,-1,-1,5,-1,-1,-1
10128,10,-1,10,-1,15,15,-1,-1,20,-1,-1,-1
10128,14,-1,10,-1,15,15,-1,-1,20,-1,-1,-1
10128,25,-1,10,-1,20,20,-1,-1,30,-1,-1,-1
10128,26,-1,5,-1,10,10,-1,-1,15,-1,-1,-1
10128,27,-1,1,-1,5,5,-1,-1,10,-1,-1,-1
10128,28,-1,1,-1,5,5,-1,-1,10,-1,-1,-1
10129,1,5,-1,-1,10,10,-1,-1,15,-1,-1,-1
10129,2,-1,10,-1,15,15,-1,-1,20,-1,-1,-1
10129,14,-1,10,-1,15,15,-1,-1,20,-1,-1,-1
10129,15,-1,1,-1,1,1,-1,-1,5,-1,-1,-1
10129,16,-1,1,-1,5,5,-1,-1,10,-1,-1,-1
10129,17,-1,-1,-1,1,-1,1,1,-1,-1,-1,-1
10129,18,-1,-1,-1,5,-1,20,20,-1,-1,-1,-1
10129,19,-1,5,-1,20,20,-1,-1,35,-1,-1,-1
10129,30,-1,-1,-1,-1,-1,-1,-1,-1,1,-1,-1
10131,1,5,-1,-1,-1,15,-1,-1,-1,20,-1,-1
10131,2,-1,10,-1,15,15,-1,-1,20,-1,-1,-1
10131,7,-1,1,-1,1,1,-1,-1,1,-1,-1,-1
10131,13,-1,-1,-1,-1,-1,-1,-1,-1,25,-1,-1
10131,14,-1,10,-1,15,15,-1,-1,20,-1,-1,-1
10131,17,-1,-1,-1,1,-1,1,1,-1,-1,-1,-1
10131,18,-1,-1,-1,5,-1,20,20,-1,-1,-1,-1
10131,19,-1,5,-1,20,20,-1,-1,35,-1,-1,-1
10132,1,5,-1,-1,-1,15,-1,-1,-1,20,-1,-1
10132,3,1,1,-1,1,1,-1,-1,1,-1,-1,-1
10132,6,1,1,-1,1,1,-1,-1,1,-1,-1,-1
10132,8,1,-1,-1,-1,-1,-1,-1,1,5,-1,-1
10132,14,10,10,-1,15,15,-1,-1,20,-1,-1,-1
10132,15,1,-1,-1,-1,5,-1,-1,-1,5,-1,-1
10132,16,1,-1,-1,-1,10,-1,-1,-1,15,-1,-1
10132,17,1,-1,-1,1,-1,1,1,-1,-1,-1,-1
10132,18,5,-1,-1,5,-1,20,20,-1,-1,-1,-1
10132,19,5,5,-1,20,20,-1,-1,35,-1,-1,-1
10133,1,5,-1,-1,10,10,-1,-1,15,-1,-1,-1
10133,3,1,1,-1,1,1,-1,-1,1,-1,-1,-1
10133,8,1,-1,-1,-1,-1,-1,-1,1,5,-1,-1
10133,14,10,10,-1,15,15,-1,-1,20,-1,-1,-1
10133,17,1,1,-1,1,1,-1,-1,2,-1,-1,-1
10133,18,5,5,-1,20,20,-1,-1,30,-1,-1,-1
10133,19,5,-1,-1,-1,35,-1,-1,-1,50,-1,-1
10134,1,5,-1,-1,10,10,-1,-1,15,-1,-1,-1
10134,7,1,1,-1,1,1,-1,-1,1,-1,-1,-1
10134,8,1,-1,-1,-1,-1,-1,-1,1,5,-1,-1
10134,13,10,10,-1,15,15,-1,-1,20,-1,-1,-1
10134,14,10,10,-1,15,15,-1,-1,20,-1,-1,-1
10134,17,1,1,-1,1,1,-1,-1,2,-1,-1,-1
10134,18,5,5,-1,20,20,-1,-1,30,-1,-1,-1
10134,19,5,5,-1,20,20,-1,-1,35,-1,-1,-1
10134,31,1,-1,-1,-1,2,-1,-1,-1,3,-1,-1
10135,1,5,-1,-1,10,10,-1,-1,15,-1,-1,-1
10135,2,10,-1,-1,-1,-1,-1,-1,10,35,-1,-1
10135,3,1,1,-1,1,1,-1,-1,1,-1,-1,-1
10135,14,10,10,-1,15,15,-1,-1,20,-1,-1,-1
10135,17,1,-1,-1,1,-1,1,1,-1,-1,-1,-1
10135,18,5,-1,-1,5,-1,20,20,-1,-1,-1,-1
10135,19,5,-1,-1,-1,35,-1,-1,-1,50,-1,-1
10136,1,5,-1,-1,-1,15,-1,-1,-1,20,-1,-1
10136,2,10,-1,-1,-1,-1,-1,-1,10,35,-1,-1
10136,3,1,1,-1,1,1,-1,-1,1,-1,-1,-1
10136,14,10,-1,-1,-1,20,-1,-1,-1,25,-1,-1
10136,17,1,-1,-1,1,-1,1,1,-1,-1,-1,-1
10136,18,5,-1,-1,5,-1,20,20,-1,-1,-1,-1
10136,19,5,5,-1,20,20,-1,-1,35,-1,-1,-1
10136,31,1,-1,-1,-1,2,-1,-1,-1,3,-1,-1
10137,1,5,-1,-1,10,10,-1,-1,15,-1,-1,-1
10137,2,10,10,-1,15,15,-1,-1,20,-1,-1,-1
10137,8,1,1,-1,5,5,-1,-1,5,-1,-1,-1
10137,14,10,10,-1,15,15,-1,-1,20,-1,-1,-1
10137,15,1,-1,-1,-1,-1,-1,-1,1,5,-1,-1
10137,16,1,-1,-1,-1,-1,-1,-1,1,10,-1,-1
10137,17,1,1,-1,1,1,-1,-1,2,-1,-1,-1
10137,18,5,5,-1,20,20,-1,-1,30,-1,-1,-1
10137,19,5,5,-1,20,20,-1,-1,35,-1,-1,-1
10138,2,10,-1,-1,-1,25,-1,-1,-1,35,-1,-1
10138,8,1,-1,-1,-1,-1,-1,-1,1,5,-1,-1
10138,12,10,10,-1,15,15,-1,-1,20,-1,-1,-1
10138,14,10,10,-1,15,15,-1,-1,20,-1,-1,-1
10138,26,10,-1,-1,-1,20,-1,-1,-1,25,-1,-1
10138,27,1,1,-1,5,5,-1,-1,10,-1,-1,-1
10138,28,1,-1,-1,-1,10,-1,-1,-1,15,-1,-1
10139,1,5,-1,-1,10,10,-1,-1,15,-1,-1,-1
10139,4,1,1,-1,1,1,-1,-1,1,-1,-1,-1
10139,8,1,-1,-1,-1,5,-1,-1,-1,10,-1,-1
10139,14,10,10,-1,15,15,-1,-1,20,-1,-1,-1
10139,15,1,-1,-1,-1,-1,-1,-1,1,5,-1,-1
10139,16,1,-1,-1,-1,-1,-1,-1,1,10,-1,-1
10139,17,1,-1,-1,1,-1,1,1,-1,-1,-1,-1
10139,18,5,-1,-1,5,-1,20,20,-1,-1,-1,-1
10139,19,5,5,-1,20,20,-1,-1,35,-1,-1,-1
10140,1,5,-1,-1,-1,15,-1,-1,-1,20,-1,-1
10140,8,1,1,-1,5,5,-1,-1,5,-1,-1,-1
10140,14,10,-1,-1,-1,20,-1,-1,-1,25,-1,-1
10140,15,1,1,-1,1,1,-1,-1,5,-1,-1,-1
10140,16,1,1,-1,5,5,-1,-1,10,-1,-1,-1
10140,17,1,-1,-1,-1,-1,-1,-1,1,2,-1,-1
10140,18,5,-1,-1,-1,-1,-1,-1,5,40,-1,-1
10140,19,5,-1,-1,-1,35,-1,-1,-1,50,-1,-1
10140,31,1,-1,-1,-1,2,-1,-1,-1,3,-1,-1
10141,8,1,-1,-1,-1,5,-1,-1,-1,10,-1,-1
10141,14,10,-1,-1,-1,-1,-1,-1,10,25,-1,-1
10141,15,1,-1,-1,-1,5,-1,-1,-1,5,-1,-1
10141,16,1,-1,-1,-1,10,-1,-1,-1,15,-1,-1
10141,25,10,10,-1,20,20,-1,-1,30,-1,-1,-1
10141,26,10,-1,-1,-1,20,-1,-1,-1,25,-1,-1
10141,27,1,1,-1,5,5,-1,-1,10,-1,-1,-1
10141,28,1,1,-1,5,5,-1,-1,10,-1,-1,-1
10142,1,5,-1,-1,-1,15,-1,-1,-1,20,-1,-1
10142,3,1,1,-1,1,1,-1,-1,1,-1,-1,-1
10142,5,1,1,-1,1,1,-1,-1,1,-1,-1,-1
10142,8,1,-1,-1,-1,-1,-1,-1,1,5,-1,-1
10142,12,10,10,-1,15,15,-1,-1,20,-1,-1,-1
10142,14,10,-1,-1,-1,20,-1,-1,-1,25,-1,-1
10142,17,1,-1,-1,1,-1,1,1,-1,-1,-1,-1
10142,18,5,-1,-1,5,-1,20,20,-1,-1,-1,-1
10142,19,5,-1,-1,-1,35,-1,-1,-1,50,-1,-1
10143,1,5,-1,-1,-1,15,-1,-1,-1,20,-1,-1
10143,3,1,1,-1,1,1,-1,-1,1,-1,-1,-1
10143,8,1,1,-1,5,5,-1,-1,5,-1,-1,-1
10143,14,10,10,-1,15,15,-1,-1,20,-1,-1,-1
10143,17,1,-1,-1,-1,-1,-1,-1,1,2,-1,-1
10143,18,5,-1,-1,-1,-1,-1,-1,5,40,-1,-1
10143,19,5,-1,-1,-1,35,-1,-1,-1,50,-1,-1
10144,1,5,-1,-1,-1,15,-1,-1,-1,20,-1,-1
10144,2,10,10,-1,15,15,-1,-1,25,-1,-1,-1
10144,5,1,1,-1,1,1,-1,-1,1,-1,-1,-1
10144,14,10,-1,-1,-1,20,-1,-1,-1,25,-1,-1
10144,17,1,-1,-1,-1,-1,-1,-1,1,2,-1,-1
10144,18,5,-1,-1,-1,-1,-1,-1,5,40,-1,-1
10144,19,5,-1,-1,-1,35,-1,-1,-1,50,-1,-1
20001,1,10,-1,-1,-1,15,15,-1,-1,20,-1,-1
20001,2,10,-1,-1,-1,-1,40,-1,-1,-1,50,-1
20001,7,-1,-1,-1,-1,-1,-1,-1,-1,-1,1,-1
20001,14,-1,10,-1,-1,-1,20,-1,-1,-1,25,-1
20001,15,-1,-1,-1,-1,-1,-1,1,-1,5,-1,-1
20001,16,-1,-1,-1,-1,-1,-1,5,-1,10,-1,-1
20001,17,-1,1,-1,-1,-1,2,-1,-1,-1,2,-1
20001,18,-1,5,-1,-1,-1,30,-1,-1,-1,40,-1
20001,19,-1,-1,5,-1,20,20,-1,-1,35,-1,-1
20001,31,1,-1,-1,-1,-1,3,-1,-1,-1,4,-1
20002,1,10,-1,-1,-1,-1,25,-1,-1,-1,30,-1
20002,2,-1,10,-1,-1,-1,30,-1,-1,-1,40,-1
20002,7,-1,-1,-1,-1,-1,-1,-1,-1,-1,1,-1
20002,14,-1,10,-1,-1,-1,20,-1,-1,-1,25,-1
20002,15,-1,1,-1,-1,-1,5,-1,-1,-1,5,-1
20002,16,-1,1,-1,-1,-1,10,-1,-1,-1,15,-1
20002,17,-1,-1,-1,-1,-1,-1,1,-1,2,-1,-1
20002,18,-1,-1,-1,-1,-1,-1,20,-1,30,-1,-1
20002,19,5,-1,-1,-1,-1,35,-1,-1,-1,50,-1
20002,31,1,-1,-1,-1,-1,3,-1,-1,-1,4,-1
20003,1,10,-1,-1,-1,-1,25,-1,-1,-1,30,-1
20003,2,-1,10,-1,-1,-1,30,-1,-1,-1,40,-1
20003,4,-1,-1,-1,-1,-1,-1,-1,-1,-1,1,-1
20003,11,-1,-1,-1,-1,-1,-1,10,-1,20,-1,-1
20003,14,-1,10,-1,-1,-1,20,-1,-1,-1,25,-1
20003,15,-1,1,-1,-1,-1,5,-1,-1,-1,5,-1
20003,16,-1,1,-1,-1,-1,10,-1,-1,-1,15,-1
20003,19,5,-1,-1,-1,-1,35,-1,-1,-1,50,-1
20004,1,10,-1,-1,-1,15,15,-1,-1,20,-1,-1
20004,2,-1,-1,10,-1,20,20,-1,-1,30,-1,-1
20004,6,-1,-1,-1,-1,-1,-1,-1,-1,-1,1,-1
20004,8,-1,1,-1,-1,-1,5,-1,-1,-1,10,-1
20004,14,10,-1,-1,-1,-1,25,-1,-1,-1,30,-1
20004,15,-1,1,-1,-1,-1,5,-1,-1,-1,5,-1
20004,16,-1,1,-1,-1,-1,10,-1,-1,-1,15,-1
20004,17,1,-1,-1,-1,-1,2,-1,-1,-1,2,-1
20004,18,5,-1,-1,-1,-1,30,-1,-1,-1,40,-1
20004,19,-1,-1,-1,-1,-1,-1,30,-1,60,-1,-1
20005,1,10,-1,-1,-1,15,15,-1,-1,20,-1,-1
20005,2,-1,-1,10,-1,20,20,-1,-1,30,-1,-1
20005,8,-1,1,-1,-1,-1,5,-1,-1,-1,10,-1
20005,11,-1,-1,-1,-1,-1,-1,10,-1,20,-1,-1
20005,14,10,-1,-1,-1,-1,25,-1,-1,-1,30,-1
20005,15,-1,1,-1,-1,-1,5,-1,-1,-1,5,-1
20005,16,-1,1,-1,-1,-1,10,-1,-1,-1,15,-1
20005,17,1,-1,-1,-1,-1,2,-1,-1,-1,2,-1
20005,18,5,-1,-1,-1,-1,30,-1,-1,-1,40,-1
20005,30,-1,-1,-1,-1,-1,-1,-1,-1,-1,1,-1
20006,1,10,-1,-1,-1,15,15,-1,-1,20,-1,-1
20006,2,-1,-1,10,-1,20,20,-1,-1,30,-1,-1
20006,4,-1,-1,-1,-1,-1,-1,-1,-1,-1,1,-1
20006,8,-1,1,-1,-1,-1,5,-1,-1,-1,10,-1
20006,14,10,-1,-1,-1,-1,25,-1,-1,-1,30,-1
20006,15,-1,1,-1,-1,-1,5,-1,-1,-1,5,-1
20006,16,-1,1,-1,-1,-1,10,-1,-1,-1,15,-1
20006,17,1,-1,-1,-1,-1,2,-1,-1,-1,2,-1
20006,18,5,-1,-1,-1,-1,30,-1,-1,-1,40,-1
20006,19,-1,-1,-1,-1,-1,-1,30,-1,60,-1,-1
20007,1,10,-1,-1,-1,-1,20,-1,-1,-1,25,-1
20007,2,-1,-1,-1,-1,-1,-1,10,-1,20,-1,-1
20007,8,1,-1,-1,-1,-1,5,-1,-1,-1,10,-1
20007,10,10,-1,-1,-1,-1,25,-1,-1,-1,30,-1
20007,15,1,-1,-1,-1,-1,5,-1,-1,-1,5,-1
20007,16,1,-1,-1,-1,-1,10,-1,-1,-1,15,-1
20007,19,-1,-1,5,-1,20,20,-1,-1,35,-1,-1
20007,30,-1,-1,-1,-1,-1,-1,-1,-1,-1,1,-1
20008,1,10,-1,-1,-1,15,15,-1,-1,20,-1,-1
20008,2,-1,10,-1,-1,-1,30,-1,-1,-1,40,-1
20008,4,-1,-1,-1,-1,-1,-1,-1,-1,-1,1,-1
20008,10,-1,-1,10,-1,15,15,-1,-1,20,-1,-1
20008,14,-1,10,-1,-1,-1,20,-1,-1,-1,25,-1
20008,15,1,-1,-1,-1,-1,5,-1,-1,-1,10,-1
20008,16,1,-1,-1,-1,-1,15,-1,-1,-1,20,-1
20008,17,-1,-1,-1,-1,-1,-1,1,-1,2,-1,-1
20008,18,-1,-1,-1,-1,-1,-1,20,-1,30,-1,-1
20008,19,-1,5,-1,-1,-1,35,-1,-1,-1,50,-1
20009,1,10,-1,-1,-1,-1,25,-1,-1,-1,30,-1
20009,2,-1,10,-1,-1,-1,30,-1,-1,-1,40,-1
20009,5,-1,-1,-1,-1,-1,-1,-1,-1,-1,1,-1
20009,11,-1,-1,-1,-1,-1,-1,10,-1,20,-1,-1
20009,14,-1,10,-1,-1,-1,20,-1,-1,-1,25,-1
20009,15,-1,1,-1,-1,-1,5,-1,-1,-1,5,-1
20009,16,-1,1,-1,-1,-1,10,-1,-1,-1,15,-1
20009,19,5,-1,-1,-1,-1,35,-1,-1,-1,50,-1
20010,1,10,-1,-1,-1,15,15,-1,-1,20,-1,-1
20010,2,-1,-1,10,-1,20,20,-1,-1,30,-1,-1
20010,4,-1,-1,-1,-1,-1,-1,-1,-1,-1,1,-1
20010,8,-1,-1,1,-1,5,5,-1,-1,5,-1,-1
20010,14,-1,10,-1,-1,-1,20,-1,-1,-1,25,-1
20010,15,-1,-1,-1,-1,-1,-1,1,-1,5,-1,-1
20010,16,-1,-1,-1,-1,-1,-1,5,-1,10,-1,-1
20010,17,1,-1,-1,-1,-1,2,-1,-1,-1,3,-1
20010,18,5,-1,-1,-1,-1,40,-1,-1,-1,50,-1
20011,1,10,-1,-1,-1,15,15,-1,-1,20,-1,-1
20011,2,-1,-1,10,-1,20,20,-1,-1,30,-1,-1
20011,5,-1,-1,-1,-1,-1,-1,-1,-1,-1,1,-1
20011,8,-1,-1,1,-1,5,5,-1,-1,5,-1,-1
20011,14,-1,10,-1,-1,-1,20,-1,-1,-1,25,-1
20011,17,1,-1,-1,-1,-1,2,-1,-1,-1,3,-1
20011,18,5,-1,-1,-1,-1,40,-1,-1,-1,50,-1
20011,19,-1,-1,-1,-1,-1,-1,30,-1,60,-1,-1
20012,1,10,-1,-1,-1,15,15,-1,-1,20,-1,-1
20012,2,-1,10,-1,-1,-1,30,-1,-1,-1,40,-1
20012,7,-1,-1,-1,-1,-1,-1,-1,-1,-1,1,-1
20012,8,-1,-1,-1,-1,-1,-1,1,-1,5,-1,-1
20012,13,-1,-1,10,-1,15,15,-1,-1,20,-1,-1
20012,14,-1,10,-1,-1,-1,20,-1,-1,-1,25,-1
20012,15,1,-1,-1,-1,-1,5,-1,-1,-1,10,-1
20012,16,1,-1,-1,-1,-1,15,-1,-1,-1,20,-1
20012,19,-1,5,-1,-1,-1,35,-1,-1,-1,50,-1
20012,31,1,-1,-1,-1,-1,3,-1,-1,-1,4,-1
20013,1,10,-1,-1,-1,15,15,-1,-1,20,-1,-1
20013,2,10,-1,-1,-1,-1,40,-1,-1,-1,50,-1
20013,3,-1,-1,-1,-1,-1,-1,-1,-1,-1,1,-1
20013,8,-1,-1,-1,-1,-1,-1,1,-1,5,-1,-1
20013,14,-1,10,-1,-1,-1,20,-1,-1,-1,25,-1
20013,17,-1,1,-1,-1,-1,2,-1,-1,-1,2,-1
20013,18,-1,5,-1,-1,-1,30,-1,-1,-1,40,-1
20013,19,-1,-1,5,-1,20,20,-1,-1,35,-1,-1
20014,1,10,-1,-1,-1,15,15,-1,-1,20,-1,-1
20014,2,-1,-1,10,-1,20,20,-1,-1,30,-1,-1
20014,3,-1,-1,-1,-1,-1,-1,-1,-1,-1,1,-1
20014,8,-1,1,-1,-1,-1,5,-1,-1,-1,10,-1
20014,9,-1,-1,-1,-1,-1,-1,10,-1,20,-1,-1
20014,14,10,-1,-1,-1,-1,25,-1,-1,-1,30,-1
20014,15,-1,1,-1,-1,-1,5,-1,-1,-1,5,-1
20014,16,-1,1,-1,-1,-1,10,-1,-1,-1,15,-1
20014,17,1,-1,-1,-1,-1,2,-1,-1,-1,2,-1
20014,18,5,-1,-1,-1,-1,30,-1,-1,-1,40,-1
20015,1,10,-1,-1,-1,15,15,-1,-1,20,-1,-1
20015,2,-1,10,-1,-1,-1,30,-1,-1,-1,40,-1
20015,7,-1,-1,-1,-1,-1,-1,-1,-1,-1,1,-1
20015,13,-1,-1,10,-1,15,15,-1,-1,20,-1,-1
20015,14,-1,10,-1,-1,-1,20,-1,-1,-1,25,-1
20015,15,1,-1,-1,-1,-1,5,-1,-1,-1,10,-1
20015,16,1,-1,-1,-1,-1,15,-1,-1,-1,20,-1
20015,17,-1,-1,-1,-1,-1,-1,1,-1,2,-1,-1
20015,18,-1,-1,-1,-1,-1,-1,20,-1,30,-1,-1
20015,19,-1,5,-1,-1,-1,35,-1,-1,-1,50,-1
20015,31,1,-1,-1,-1,-1,3,-1,-1,-1,4,-1
20016,1,10,-1,-1,-1,15,15,-1,-1,20,-1,-1
20016,2,10,-1,-1,-1,-1,40,-1,-1,-1,50,-1
20016,7,-1,-1,-1,-1,-1,-1,-1,-1,-1,1,-1
20016,8,-1,-1,-1,-1,-1,-1,1,-1,5,-1,-1
20016,14,-1,10,-1,-1,-1,20,-1,-1,-1,25,-1
20016,17,-1,1,-1,-1,-1,2,-1,-1,-1,2,-1
20016,18,-1,5,-1,-1,-1,30,-1,-1,-1,40,-1
20016,19,-1,-1,5,-1,20,20,-1,-1,35,-1,-1
20016,31,1,-1,-1,-1,-1,3,-1,-1,-1,4,-1
20017,1,10,-1,-1,-1,-1,20,-1,-1,-1,25,-1
20017,6,-1,-1,-1,-1,-1,-1,-1,-1,-1,1,-1
20017,8,1,-1,-1,-1,-1,5,-1,-1,-1,10,-1
20017,12,10,-1,-1,-1,-1,25,-1,-1,-1,30,-1
20017,14,-1,-1,-1,-1,-1,-1,10,-1,20,-1,-1
20017,15,1,-1,-1,-1,-1,5,-1,-1,-1,5,-1
20017,16,1,-1,-1,-1,-1,10,-1,-1,-1,15,-1
20017,19,-1,-1,5,-1,20,20,-1,-1,35,-1,-1
20018,1,10,-1,-1,-1,15,15,-1,-1,20,-1,-1
20018,2,-1,-1,10,-1,20,20,-1,-1,30,-1,-1
20018,7,-1,-1,-1,-1,-1,-1,-1,-1,-1,1,-1
20018,8,-1,1,-1,-1,-1,5,-1,-1,-1,10,-1
20018,13,-1,-1,-1,-1,-1,-1,10,-1,20,-1,-1
20018,14,10,-1,-1,-1,-1,25,-1,-1,-1,30,-1
20018,15,-1,1,-1,-1,-1,5,-1,-1,-1,5,-1
20018,16,-1,1,-1,-1,-1,10,-1,-1,-1,15,-1
20018,17,1,-1,-1,-1,-1,2,-1,-1,-1,2,-1
20018,18,5,-1,-1,-1,-1,30,-1,-1,-1,40,-1
20018,31,1,-1,-1,-1,-1,3,-1,-1,-1,4,-1
20019,1,10,-1,-1,-1,15,15,-1,-1,20,-1,-1
20019,2,-1,-1,10,-1,20,20,-1,-1,30,-1,-1
20019,8,-1,-1,1,-1,5,5,-1,-1,5,-1,-1
20019,14,-1,10,-1,-1,-1,20,-1,-1,-1,25,-1
20019,15,-1,-1,-1,-1,-1,-1,1,-1,5,-1,-1
20019,16,-1,-1,-1,-1,-1,-1,5,-1,10,-1,-1
20019,17,1,-1,-1,-1,-1,2,-1,-1,-1,3,-1
20019,18,5,-1,-1,-1,-1,40,-1,-1,-1,50,-1
20019,30,-1,-1,-1,-1,-1,-1,-1,-1,-1,1,-1
20020,1,10,-1,-1,-1,15,15,-1,-1,20,-1,-1
20020,2,-1,-1,10,-1,20,20,-1,-1,30,-1,-1
20020,5,-1,-1,-1,-1,-1,-1,-1,-1,-1,1,-1
20020,8,-1,-1,1,-1,5,5,-1,-1,5,-1,-1
20020,14,-1,10,-1,-1,-1,20,-1,-1,-1,25,-1
20020,17,1,-1,-1,-1,-1,2,-1,-1,-1,3,-1
20020,18,5,-1,-1,-1,-1,40,-1,-1,-1,50,-1
20020,19,-1,-1,-1,-1,-1,-1,30,-1,60,-1,-1
20021,8,-1,-1,-1,-1,-1,-1,-1,-1,-1,5,-1
20021,13,-1,-1,-1,-1,-1,-1,10,-1,20,-1,-1
20021,14,10,-1,-1,-1,-1,20,-1,-1,-1,25,-1
20021,25,10,-1,-1,-1,-1,40,-1,-1,-1,50,-1
20021,26,10,-1,-1,-1,-1,25,-1,-1,-1,30,-1
20021,27,5,-1,-1,-1,-1,20,-1,-1,-1,25,-1
20021,28,1,-1,-1,-1,-1,15,-1,-1,-1,20,-1
20022,1,10,-1,-1,-1,15,15,-1,-1,20,-1,-1
20022,6,-1,-1,-1,-1,-1,-1,-1,-1,-1,1,-1
20022,8,1,-1,-1,-1,-1,10,-1,-1,-1,15,-1
20022,11,-1,-1,10,-1,15,15,-1,-1,20,-1,-1
20022,14,-1,-1,10,-1,15,15,-1,-1,20,-1,-1
20022,17,1,-1,-1,-1,-1,2,-1,-1,-1,2,-1
20022,18,5,-1,-1,-1,-1,30,-1,-1,-1,40,-1
20022,19,-1,-1,-1,-1,-1,-1,30,-1,60,-1,-1
20023,1,10,-1,-1,-1,-1,25,-1,-1,-1,30,-1
20023,2,-1,10,-1,-1,-1,30,-1,-1,-1,40,-1
20023,8,-1,-1,-1,-1,-1,-1,1,-1,5,-1,-1
20023,14,-1,10,-1,-1,-1,20,-1,-1,-1,25,-1
20023,15,-1,1,-1,-1,-1,5,-1,-1,-1,5,-1
20023,16,-1,1,-1,-1,-1,10,-1,-1,-1,15,-1
20023,19,5,-1,-1,-1,-1,35,-1,-1,-1,50,-1
20023,30,-1,-1,-1,-1,-1,-1,-1,-1,-1,1,-1
20024,1,10,-1,-1,-1,15,15,-1,-1,20,-1,-1
20024,2,-1,10,-1,-1,-1,30,-1,-1,-1,40,-1
20024,5,-1,-1,-1,-1,-1,-1,-1,-1,-1,1,-1
20024,11,-1,-1,10,-1,15,15,-1,-1,20,-1,-1
20024,14,-1,10,-1,-1,-1,20,-1,-1,-1,25,-1
20024,15,1,-1,-1,-1,-1,5,-1,-1,-1,10,-1
20024,16,1,-1,-1,-1,-1,15,-1,-1,-1,20,-1
20024,17,-1,-1,-1,-1,-1,-1,1,-1,2,-1,-1
20024,18,-1,-1,-1,-1,-1,-1,20,-1,30,-1,-1
20024,19,-1,5,-1,-1,-1,35,-1,-1,-1,50,-1
20025,1,10,-1,-1,-1,-1,20,-1,-1,-1,25,-1
20025,8,1,-1,-1,-1,-1,5,-1,-1,-1,10,-1
20025,13,10,-1,-1,-1,-1,25,-1,-1,-1,30,-1
20025,14,-1,-1,-1,-1,-1,-1,10,-1,20,-1,-1
20025,15,1,-1,-1,-1,-1,5,-1,-1,-1,5,-1
20025,16,1,-1,-1,-1,-1,10,-1,-1,-1,15,-1
20025,19,-1,-1,5,-1,20,20,-1,-1,35,-1,-1
20025,30,-1,-1,-1,-1,-1,-1,-1,-1,-1,1,-1
20026,1,10,-1,-1,-1,15,15,-1,-1,20,-1,-1
20026,2,-1,-1,10,-1,20,20,-1,-1,30,-1,-1
20026,7,-1,-1,-1,-1,-1,-1,-1,-1,-1,1,-1
20026,8,-1,1,-1,-1,-1,5,-1,-1,-1,10,-1
20026,14,10,-1,-1,-1,-1,25,-1,-1,-1,30,-1
20026,15,-1,1,-1,-1,-1,5,-1,-1,-1,5,-1
20026,16,-1,1,-1,-1,-1,10,-1,-1,-1,15,-1
20026,31,-1,-1,-1,-1,-1,-1,1,3,-1,-1,-1
20027,1,10,-1,-1,-1,15,15,-1,-1,20,-1,-1
20027,2,-1,10,-1,-1,-1,30,-1,-1,-1,40,-1
20027,5,-1,-1,-1,-1,-1,-1,-1,-1,-1,1,-1
20027,11,-1,-1,10,-1,15,15,-1,-1,20,-1,-1
20027,14,-1,10,-1,-1,-1,20,-1,-1,-1,25,-1
20027,15,1,-1,-1,-1,-1,5,-1,-1,-1,10,-1
20027,16,1,-1,-1,-1,-1,15,-1,-1,-1,20,-1
20027,17,-1,-1,-1,-1,-1,-1,1,-1,2,-1,-1
20027,18,-1,-1,-1,-1,-1,-1,20,-1,30,-1,-1
20027,19,-1,5,-1,-1,-1,35,-1,-1,-1,50,-1
20028,1,10,-1,-1,-1,15,15,-1,-1,20,-1,-1
20028,2,-1,10,-1,-1,-1,30,-1,-1,-1,40,-1
20028,4,-1,-1,-1,-1,-1,-1,-1,-1,-1,1,-1
20028,8,-1,-1,1,-1,5,5,-1,-1,5,-1,-1
20028,14,-1,-1,10,-1,15,15,-1,-1,20,-1,-1
20028,17,1,-1,-1,-1,-1,2,-1,-1,-1,3,-1
20028,18,5,-1,-1,-1,-1,40,-1,-1,-1,50,-1
20028,19,-1,-1,-1,-1,-1,-1,30,-1,60,-1,-1
20029,1,10,-1,-1,-1,-1,25,-1,-1,-1,30,-1
20029,2,-1,10,-1,-1,-1,30,-1,-1,-1,40,-1
20029,14,-1,10,-1,-1,-1,20,-1,-1,-1,25,-1
20029,15,-1,1,-1,-1,-1,5,-1,-1,-1,5,-1
20029,16,-1,1,-1,-1,-1,10,-1,-1,-1,15,-1
20029,17,-1,-1,-1,-1,-1,-1,1,-1,2,-1,-1
20029,18,-1,-1,-1,-1,-1,-1,20,-1,30,-1,-1
20029,19,5,-1,-1,-1,-1,35,-1,-1,-1,50,-1
20029,30,-1,-1,-1,-1,-1,-1,-1,-1,-1,1,-1
20030,1,10,-1,-1,-1,-1,20,-1,-1,-1,25,-1
20030,2,-1,-1,-1,-1,-1,-1,10,-1,20,-1,-1
20030,7,-1,-1,-1,-1,-1,-1,-1,-1,-1,1,-1
20030,13,-1,-1,10,-1,15,15,-1,-1,-1,-1,-1
20030,14,-1,-1,5,-1,-1,15,-1,-1,-1,-1,-1
20030,17,1,-1,-1,-1,-1,2,-1,-1,-1,3,-1
20030,18,5,-1,-1,-1,-1,40,-1,-1,-1,50,-1
20030,19,5,-1,-1,-1,-1,50,-1,-1,-1,65,-1
20030,31,1,-1,-1,-1,-1,3,-1,-1,-1,4,-1
20031,1,10,-1,-1,-1,-1,20,-1,-1,-1,25,-1
20031,2,-1,-1,10,-1,20,20,-1,-1,30,-1,-1
20031,3,-1,-1,-1,-1,-1,-1,-1,-1,-1,1,-1
20031,8,-1,-1,-1,-1,-1,-1,1,-1,5,-1,-1
20031,9,-1,10,-1,-1,-1,20,-1,-1,-1,25,-1
20031,15,1,-1,-1,-1,-1,5,-1,-1,-1,10,-1
20031,16,1,-1,-1,-1,-1,15,-1,-1,-1,20,-1
20031,19,-1,-1,5,-1,20,20,-1,-1,35,-1,-1
20032,1,10,-1,-1,-1,-1,20,-1,-1,-1,25,-1
20032,5,-1,-1,-1,-1,-1,-1,-1,-1,-1,1,-1
20032,8,-1,-1,1,-1,5,5,-1,-1,5,-1,-1
20032,11,-1,-1,10,-1,15,15,-1,-1,20,-1,-1
20032,14,-1,-1,10,-1,15,15,-1,-1,20,-1,-1
20032,17,1,-1,-1,-1,-1,2,-1,-1,-1,3,-1
20032,18,5,-1,-1,-1,-1,40,-1,-1,-1,50,-1
20032,19,-1,-1,-1,-1,-1,-1,30,-1,60,-1,-1
20033,1,10,-1,-1,-1,15,15,-1,-1,20,-1,-1
20033,2,-1,-1,10,-1,20,20,-1,-1,30,-1,-1
20033,5,-1,-1,-1,-1,-1,-1,-1,-1,-1,1,-1
20033,8,-1,-1,-1,-1,-1,-1,1,-1,5,-1,-1
20033,14,-1,-1,10,-1,15,15,-1,-1,20,-1,-1
20033,15,1,-1,-1,-1,-1,5,-1,-1,-1,10,-1
20033,16,1,-1,-1,-1,-1,15,-1,-1,-1,20,-1
20033,19,5,-1,-1,-1,-1,35,-1,-1,-1,50,-1
20034,1,10,-1,-1,-1,15,15,-1,-1,20,-1,-1
20034,2,-1,10,-1,-1,-1,30,-1,-1,-1,40,-1
20034,7,-1,-1,-1,-1,-1,-1,-1,-1,-1,1,-1
20034,8,-1,-1,-1,-1,-1,-1,1,-1,5,-1,-1
20034,14,-1,-1,10,-1,15,15,-1,-1,20,-1,-1
20034,17,1,-1,-1,-1,-1,2,-1,-1,-1,3,-1
20034,18,5,-1,-1,-1,-1,40,-1,-1,-1,50,-1
20034,19,-1,-1,5,-1,20,20,-1,-1,35,-1,-1
20034,31,1,-1,-1,-1,-1,3,-1,-1,-1,4,-1
20035,1,10,-1,-1,-1,-1,25,-1,-1,-1,30,-1
20035,2,-1,-1,10,-1,20,20,-1,-1,30,-1,-1
20035,4,-1,-1,-1,-1,-1,-1,-1,-1,-1,1,-1
20035,10,-1,-1,10,-1,15,15,-1,-1,20,-1,-1
20035,14,10,-1,-1,-1,-1,25,-1,-1,-1,30,-1
20035,17,-1,-1,-1,-1,-1,-1,1,-1,2,-1,-1
20035,18,-1,-1,-1,-1,-1,-1,20,-1,30,-1,-1
20035,19,5,-1,-1,-1,-1,35,-1,-1,-1,50,-1
20036,1,10,-1,-1,-1,-1,25,-1,-1,-1,30,-1
20036,2,-1,-1,10,-1,20,20,-1,-1,30,-1,-1
20036,6,-1,-1,-1,-1,-1,-1,-1,-1,-1,1,-1
20036,10,10,-1,-1,-1,-1,20,-1,-1,-1,25,-1
20036,12,-1,-1,10,-1,15,15,-1,-1,20,-1,-1
20036,14,10,-1,-1,-1,-1,20,-1,-1,-1,25,-1
20036,17,1,-1,-1,-1,-1,2,-1,-1,-1,2,-1
20036,18,5,-1,-1,-1,-1,30,-1,-1,-1,40,-1
20036,19,-1,-1,-1,-1,-1,-1,30,-1,60,-1,-1
20037,1,10,-1,-1,-1,-1,20,-1,-1,-1,25,-1
20037,8,1,-1,-1,-1,-1,5,-1,-1,-1,10,-1
20037,15,-1,1,-1,-1,-1,5,-1,-1,-1,5,-1
20037,16,-1,1,-1,-1,-1,10,-1,-1,-1,15,-1
20037,17,-1,-1,-1,-1,-1,-1,1,-1,2,-1,-1
20037,18,-1,-1,-1,-1,-1,-1,20,-1,30,-1,-1
20037,19,-1,-1,5,-1,20,20,-1,-1,35,-1,-1
20037,30,-1,-1,-1,-1,-1,-1,-1,-1,-1,1,-1
20038,1,10,-1,-1,-1,-1,20,-1,-1,-1,25,-1
20038,2,10,-1,-1,-1,-1,40,-1,-1,-1,50,-1
20038,3,-1,-1,-1,-1,-1,-1,-1,-1,-1,1,-1
20038,12,-1,-1,10,-1,15,15,-1,-1,20,-1,-1
20038,14,-1,10,-1,-1,-1,20,-1,-1,-1,25,-1
20038,15,-1,1,-1,-1,-1,5,-1,-1,-1,5,-1
20038,16,-1,1,-1,-1,-1,10,-1,-1,-1,15,-1
20038,19,-1,-1,-1,-1,-1,-1,30,-1,60,-1,-1
20039,1,10,-1,-1,-1,-1,20,-1,-1,-1,25,-1
20039,2,10,-1,-1,-1,-1,40,-1,-1,-1,50,-1
20039,5,-1,-1,-1,-1,-1,-1,-1,-1,-1,1,-1
20039,14,-1,-1,10,-1,15,15,-1,-1,20,-1,-1
20039,15,-1,-1,-1,-1,-1,-1,1,-1,5,-1,-1
20039,16,-1,-1,-1,-1,-1,-1,5,-1,10,-1,-1
20039,17,-1,-1,-1,1,-1,-1,-1,-1,-1,-1,-1
20039,18,-1,-1,-1,10,-1,-1,-1,-1,-1,-1,-1
20039,19,-1,-1,5,-1,20,20,-1,-1,35,-1,-1
20040,1,10,-1,-1,-1,15,15,-1,-1,20,-1,-1
20040,2,10,-1,-1,-1,-1,40,-1,-1,-1,50,-1
20040,4,-1,-1,-1,-1,-1,-1,-1,-1,-1,1,-1
20040,14,-1,-1,-1,-1,-1,-1,10,-1,20,-1,-1
20040,15,1,-1,-1,-1,-1,5,-1,-1,-1,5,-1
20040,16,1,-1,-1,-1,-1,10,-1,-1,-1,15,-1
20040,19,-1,-1,5,-1,20,20,-1,-1,35,-1,-1
20041,1,10,-1,-1,-1,-1,25,-1,-1,-1,30,-1
20041,2,-1,-1,10,-1,20,20,-1,-1,30,-1,-1
20041,5,-1,-1,-1,-1,-1,-1,-1,-1,-1,1,-1
20041,12,-1,-1,-1,-1,-1,-1,10,-1,20,-1,-1
20041,14,-1,-1,10,-1,15,15,-1,-1,20,-1,-1
20041,15,1,-1,-1,-1,-1,5,-1,-1,-1,10,-1
20041,16,1,-1,-1,-1,-1,15,-1,-1,-1,20,-1
20041,19,-1,-1,5,-1,20,20,-1,-1,35,-1,-1
20042,1,10,-1,-1,-1,15,15,-1,-1,20,-1,-1
20042,5,-1,-1,-1,-1,-1,-1,-1,-1,-1,1,-1
20042,8,-1,-1,1,-1,5,5,-1,-1,5,-1,-1
20042,11,-1,-1,10,-1,15,15,-1,-1,20,-1,-1
20042,14,-1,-1,-1,-1,-1,-1,10,-1,20,-1,-1
20042,15,1,-1,-1,-1,-1,5,-1,-1,-1,10,-1
20042,16,1,-1,-1,-1,-1,15,-1,-1,-1,20,-1
20042,19,-1,5,-1,-1,-1,35,-1,-1,-1,50,-1
20043,1,10,-1,-1,-1,-1,20,-1,-1,-1,25,-1
20043,2,-1,-1,10,-1,20,20,-1,-1,30,-1,-1
20043,4,-1,-1,-1,-1,-1,-1,-1,-1,-1,1,-1
20043,10,-1,-1,-1,-1,-1,-1,10,-1,20,-1,-1
20043,15,-1,-1,1,-1,1,1,-1,-1,-1,5,-1
20043,16,-1,-1,1,-1,5,5,-1,-1,-1,10,-1
20043,17,1,-1,-1,-1,-1,2,-1,-1,-1,2,-1
20043,18,5,-1,-1,-1,-1,30,-1,-1,-1,40,-1
20044,1,10,-1,-1,-1,15,15,-1,-1,20,-1,-1
20044,3,-1,-1,-1,-1,-1,-1,-1,-1,-1,1,-1
20044,8,-1,1,-1,-1,-1,5,-1,-1,-1,10,-1
20044,9,-1,-1,10,-1,15,15,-1,-1,20,-1,-1
20044,14,10,-1,-1,-1,-1,25,-1,-1,-1,30,-1
20044,17,-1,-1,-1,-1,-1,-1,1,-1,2,-1,-1
20044,18,-1,-1,-1,-1,-1,-1,20,-1,30,-1,-1
20044,19,5,-1,-1,-1,-1,50,-1,-1,-1,65,-1
20045,1,10,-1,-1,-1,-1,20,-1,-1,-1,25,-1
20045,12,10,-1,-1,-1,-1,25,-1,-1,-1,30,-1
20045,14,10,-1,-1,-1,-1,25,-1,-1,-1,30,-1
20045,15,-1,-1,-1,-1,-1,-1,1,-1,5,-1,-1
20045,16,-1,-1,-1,-1,-1,-1,5,-1,10,-1,-1
20045,17,1,-1,-1,-1,-1,2,-1,-1,-1,3,-1
20045,18,5,-1,-1,-1,-1,40,-1,-1,-1,50,-1
20045,30,-1,-1,-1,-1,-1,-1,-1,-1,-1,1,-1
20046,1,10,-1,-1,-1,-1,20,-1,-1,-1,25,-1
20046,7,-1,-1,-1,-1,-1,-1,-1,-1,-1,1,-1
20046,8,-1,-1,-1,-1,-1,-1,1,-1,5,-1,-1
20046,9,10,-1,-1,-1,-1,20,-1,-1,-1,25,-1
20046,14,-1,-1,5,-1,-1,10,-1,-1,-1,-1,-1
20046,15,1,-1,-1,-1,-1,5,-1,-1,-1,10,-1
20046,16,1,-1,-1,-1,-1,15,-1,-1,-1,20,-1
20046,19,-1,-1,5,-1,20,20,-1,-1,35,-1,-1
20046,31,1,-1,-1,-1,-1,3,-1,-1,-1,4,-1
20047,1,10,-1,-1,-1,15,15,-1,-1,20,-1,-1
20047,8,1,-1,-1,-1,-1,5,-1,-1,-1,10,-1
20047,14,-1,-1,-1,-1,-1,-1,10,-1,20,-1,-1
20047,15,1,-1,-1,-1,-1,5,-1,-1,-1,10,-1
20047,16,1,-1,-1,-1,-1,15,-1,-1,-1,20,-1
20047,17,1,-1,-1,-1,-1,2,-1,-1,-1,3,-1
20047,18,5,-1,-1,-1,-1,40,-1,-1,-1,50,-1
20047,30,-1,-1,-1,-1,-1,-1,-1,-1,-1,1,-1
20048,1,10,-1,-1,-1,-1,25,-1,-1,-1,30,-1
20048,3,-1,-1,-1,-1,-1,-1,-1,-1,-1,1,-1
20048,8,-1,-1,1,-1,5,5,-1,-1,5,-1,-1
20048,14,-1,-1,-1,-1,-1,-1,10,-1,20,-1,-1
20048,15,-1,-1,1,-1,1,1,-1,-1,5,-1,-1
20048,16,-1,-1,1,-1,5,5,-1,-1,10,-1,-1
20048,17,1,-1,-1,-1,-1,2,-1,-1,-1,2,-1
20048,18,5,-1,-1,-1,-1,30,-1,-1,-1,40,-1
20048,19,5,-1,-1,-1,-1,35,-1,-1,-1,50,-1
20049,1,10,-1,-1,-1,-1,25,-1,-1,-1,30,-1
20049,7,-1,-1,-1,-1,-1,-1,-1,-1,-1,1,-1
20049,9,-1,-1,-1,-1,-1,-1,10,-1,20,-1,-1
20049,13,-1,-1,10,-1,15,15,-1,-1,20,-1,-1
20049,14,10,-1,-1,-1,-1,20,-1,-1,-1,25,-1
20049,17,1,-1,-1,-1,-1,2,-1,-1,-1,2,-1
20049,18,5,-1,-1,-1,-1,30,-1,-1,-1,40,-1
20049,19,-1,-1,5,-1,20,20,-1,-1,35,-1,-1
20049,31,1,-1,-1,-1,-1,3,-1,-1,-1,4,-1
20050,1,10,-1,-1,-1,15,15,-1,-1,20,-1,-1
20050,2,10,-1,-1,-1,-1,40,-1,-1,-1,50,-1
20050,8,-1,-1,1,-1,5,5,-1,-1,5,-1,-1
20050,14,10,-1,-1,-1,-1,25,-1,-1,-1,30,-1
20050,17,-1,-1,-1,-1,-1,-1,1,-1,2,-1,-1
20050,18,-1,-1,-1,-1,-1,-1,20,-1,30,-1,-1
20050,19,-1,5,-1,-1,-1,35,-1,-1,-1,50,-1
20050,30,-1,-1,-1,-1,-1,-1,-1,-1,-1,1,-1
20050,31,1,-1,-1,-1,-1,3,-1,-1,-1,4,-1
20051,1,10,-1,-1,-1,-1,25,-1,-1,-1,30,-1
20051,6,-1,-1,-1,-1,-1,-1,-1,-1,-1,1,-1
20051,12,10,-1,-1,-1,-1,20,-1,-1,-1,25,-1
20051,14,-1,10,-1,-1,-1,20,-1,-1,-1,25,-1
20051,17,-1,-1,-1,-1,-1,-1,1,-1,2,-1,-1
20051,18,-1,-1,-1,-1,-1,-1,20,-1,30,-1,-1
20051,19,5,-1,-1,-1,-1,50,-1,-1,-1,65,-1
20052,1,10,-1,-1,-1,-1,20,-1,-1,-1,25,-1
20052,3,-1,-1,-1,-1,-1,-1,-1,-1,-1,1,-1
20052,8,-1,-1,-1,-1,-1,-1,1,-1,5,-1,-1
20052,14,10,-1,-1,-1,-1,25,-1,-1,-1,30,-1
20052,15,1,-1,-1,-1,-1,5,-1,-1,-1,10,-1
20052,16,1,-1,-1,-1,-1,15,-1,-1,-1,20,-1
20052,19,-1,-1,5,-1,20,20,-1,-1,35,-1,-1
20053,1,10,-1,-1,-1,15,15,-1,-1,20,-1,-1
20053,2,-1,-1,10,-1,20,20,-1,-1,30,-1,-1
20053,5,-1,-1,-1,-1,-1,-1,-1,-1,-1,1,-1
20053,10,-1,-1,-1,-1,-1,-1,10,-1,20,-1,-1
20053,11,-1,-1,10,-1,15,15,-1,-1,20,-1,-1
20053,14,10,-1,-1,-1,-1,25,-1,-1,-1,30,-1
20053,17,1,-1,-1,-1,-1,2,-1,-1,-1,3,-1
20053,18,5,-1,-1,-1,-1,40,-1,-1,-1,50,-1
20053,19,-1,-1,5,-1,20,20,-1,-1,35,-1,-1
20054,1,10,-1,-1,-1,-1,25,-1,-1,-1,30,-1
20054,4,-1,-1,-1,-1,-1,-1,-1,-1,-1,1,-1
20054,10,-1,-1,10,-1,15,15,-1,-1,20,-1,-1
20054,12,-1,-1,10,-1,15,15,-1,-1,20,-1,-1
20054,14,-1,-1,10,-1,15,15,-1,-1,20,-1,-1
20054,15,-1,-1,-1,-1,-1,-1,1,-1,5,-1,-1
20054,16,-1,-1,-1,-1,-1,-1,5,-1,10,-1,-1
20054,19,-1,-1,5,-1,20,20,-1,-1,35,-1,-1
20055,1,10,-1,-1,-1,15,15,-1,-1,20,-1,-1
20055,3,-1,-1,-1,-1,-1,-1,-1,-1,-1,1,-1
20055,8,-1,-1,1,-1,5,5,-1,-1,5,-1,-1
20055,9,-1,-1,-1,-1,-1,-1,10,-1,20,-1,-1
20055,11,-1,-1,10,-1,15,15,-1,-1,20,-1,-1
20055,14,-1,-1,1,-1,5,5,-1,-1,10,-1,-1
20055,17,1,-1,-1,-1,-1,2,-1,-1,-1,3,-1
20055,18,5,-1,-1,-1,-1,40,-1,-1,-1,50,-1
20055,19,-1,-1,5,-1,20,20,-1,-1,35,-1,-1
20056,1,10,-1,-1,-1,-1,20,-1,-1,-1,25,-1
20056,2,-1,-1,-1,-1,-1,-1,10,-1,20,-1,-1
20056,5,-1,-1,-1,-1,-1,-1,-1,-1,-1,1,-1
20056,14,10,-1,-1,-1,-1,25,-1,-1,-1,30,-1
20056,15,-1,-1,1,-1,1,1,-1,-1,5,-1,-1
20056,16,-1,-1,1,-1,5,5,-1,-1,10,-1,-1
20056,17,-1,-1,1,-1,1,1,-1,-1,2,-1,-1
20056,18,-1,-1,5,-1,20,20,-1,-1,30,-1,-1
20056,19,-1,-1,5,-1,20,20,-1,-1,35,-1,-1
20057,1,10,-1,-1,-1,-1,20,-1,-1,-1,25,-1
20057,2,-1,10,-1,-1,-1,30,-1,-1,-1,40,-1
20057,6,-1,-1,-1,-1,-1,-1,-1,-1,-1,1,-1
20057,8,-1,-1,-1,-1,-1,-1,1,-1,5,-1,-1
20057,12,-1,-1,10,-1,15,15,-1,-1,20,-1,-1
20057,14,10,-1,-1,-1,-1,20,-1,-1,-1,25,-1
20057,17,1,-1,-1,-1,-1,2,-1,-1,-1,3,-1
20057,18,5,-1,-1,-1,-1,40,-1,-1,-1,50,-1
20057,19,-1,-1,5,-1,20,20,-1,-1,35,-1,-1
20058,1,10,-1,-1,-1,15,15,-1,-1,20,-1,-1
20058,8,-1,-1,1,-1,5,5,-1,-1,5,-1,-1
20058,10,10,-1,-1,-1,-1,25,-1,-1,-1,30,-1
20058,14,-1,-1,10,-1,15,15,-1,-1,20,-1,-1
20058,15,-1,-1,-1,-1,-1,-1,1,-1,5,-1,-1
20058,16,-1,-1,-1,-1,-1,-1,5,-1,10,-1,-1
20058,17,1,-1,-1,-1,-1,2,-1,-1,-1,2,-1
20058,18,5,-1,-1,-1,-1,30,-1,-1,-1,40,-1
20058,19,5,-1,-1,-1,-1,50,-1,-1,-1,65,-1
20058,30,-1,-1,-1,-1,-1,-1,-1,-1,-1,1,-1
20059,1,10,-1,-1,-1,-1,25,-1,-1,-1,30,-1
20059,9,10,-1,-1,-1,-1,25,-1,-1,-1,30,-1
20059,11,10,-1,-1,-1,-1,25,-1,-1,-1,30,-1
20059,14,-1,-1,10,-1,15,15,-1,-1,20,-1,-1
20059,15,-1,-1,1,-1,1,1,-1,-1,5,-1,-1
20059,16,-1,-1,1,-1,5,5,-1,-1,10,-1,-1
20059,17,-1,-1,-1,-1,-1,-1,1,-1,2,-1,-1
20059,18,-1,-1,-1,-1,-1,-1,20,-1,30,-1,-1
20059,19,-1,-1,5,-1,20,20,-1,-1,35,-1,-1
20059,30,-1,-1,-1,-1,-1,-1,-1,-1,-1,1,-1
20060,1,10,-1,-1,-1,15,15,-1,-1,20,-1,-1
20060,2,10,-1,-1,-1,-1,40,-1,-1,-1,50,-1
20060,5,-1,-1,-1,-1,-1,-1,-1,-1,-1,1,-1
20060,14,-1,-1,-1,-1,-1,-1,10,-1,20,-1,-1
20060,17,1,-1,-1,-1,-1,2,-1,-1,-1,3,-1
20060,18,5,-1,-1,-1,-1,40,-1,-1,-1,50,-1
20060,19,5,-1,-1,-1,-1,35,-1,-1,-1,50,-1
20061,1,10,-1,-1,-1,-1,20,-1,-1,-1,25,-1
20061,6,-1,-1,-1,-1,-1,-1,-1,-1,-1,1,-1
20061,14,10,-1,-1,-1,-1,25,-1,-1,-1,30,-1
20061,15,1,-1,-1,-1,-1,5,-1,-1,-1,10,-1
20061,16,1,-1,-1,-1,-1,15,-1,-1,-1,20,-1
20061,17,-1,-1,-1,-1,-1,-1,1,-1,2,-1,-1
20061,18,-1,-1,-1,-1,-1,-1,20,-1,30,-1,-1
20061,19,-1,-1,5,-1,20,20,-1,-1,35,-1,-1
20062,1,10,-1,-1,-1,15,15,-1,-1,20,-1,-1
20062,2,10,-1,-1,-1,-1,40,-1,-1,-1,50,-1
20062,7,-1,-1,-1,-1,-1,-1,-1,-1,-1,1,-1
20062,14,-1,-1,-1,-1,-1,-1,10,-1,20,-1,-1
20062,17,1,-1,-1,-1,-1,2,-1,-1,-1,3,-1
20062,18,5,-1,-1,-1,-1,40,-1,-1,-1,50,-1
20062,19,-1,-1,5,-1,20,20,-1,-1,35,-1,-1
20062,31,1,-1,-1,-1,-1,3,-1,-1,-1,4,-1
20063,1,10,-1,-1,-1,-1,25,-1,-1,-1,30,-1
20063,8,-1,1,-1,-1,-1,5,-1,-1,-1,10,-1
20063,9,-1,-1,10,-1,15,15,-1,-1,20,-1,-1
20063,14,-1,-1,-1,-1,-1,-1,10,-1,20,-1,-1
20063,15,-1,-1,1,-1,1,1,-1,-1,5,-1,-1
20063,16,-1,-1,1,-1,5,5,-1,-1,10,-1,-1
20063,17,-1,-1,1,-1,1,1,-1,-1,2,-1,-1
20063,18,-1,-1,5,-1,20,20,-1,-1,30,-1,-1
20063,19,5,-1,-1,-1,-1,35,-1,-1,-1,50,-1
20063,30,-1,-1,-1,-1,-1,-1,-1,-1,-1,1,-1
20064,1,10,-1,-1,-1,-1,20,-1,-1,-1,25,-1
20064,2,10,-1,-1,-1,-1,40,-1,-1,-1,50,-1
20064,5,-1,-1,-1,-1,-1,-1,-1,-1,-1,1,-1
20064,8,-1,-1,1,-1,5,5,-1,-1,5,-1,-1
20064,12,10,-1,-1,-1,-1,20,-1,-1,-1,25,-1
20064,14,-1,-1,-1,-1,-1,-1,10,-1,20,-1,-1
20064,15,-1,-1,1,-1,1,1,-1,-1,5,-1,-1
20064,16,-1,-1,1,-1,5,5,-1,-1,10,-1,-1
20064,19,5,-1,-1,-1,-1,50,-1,-1,-1,65,-1
20065,1,10,-1,-1,-1,-1,25,-1,-1,-1,30,-1
20065,2,-1,10,-1,-1,-1,30,-1,-1,-1,40,-1
20065,5,-1,-1,-1,-1,-1,-1,-1,-1,-1,1,-1
20065,10,-1,-1,10,-1,15,15,-1,-1,20,-1,-1
20065,14,-1,-1,-1,-1,-1,-1,10,-1,20,-1,-1
20065,15,-1,-1,1,-1,1,1,-1,-1,5,-1,-1
20065,16,-1,-1,1,-1,5,5,-1,-1,10,-1,-1
20065,19,-1,-1,5,-1,20,20,-1,-1,35,-1,-1
20066,1,10,-1,-1,-1,-1,20,-1,-1,-1,25,-1
20066,2,10,-1,-1,-1,-1,40,-1,-1,-1,50,-1
20066,4,-1,-1,-1,-1,-1,-1,-1,-1,-1,1,-1
20066,12,-1,-1,10,-1,15,15,-1,-1,20,-1,-1
20066,14,10,-1,-1,-1,-1,20,-1,-1,-1,25,-1
20066,15,-1,-1,-1,-1,-1,-1,1,-1,5,-1,-1
20066,16,-1,-1,-1,-1,-1,-1,5,-1,10,-1,-1
20066,17,-1,-1,1,-1,1,1,-1,-1,2,-1,-1
20066,18,-1,-1,5,-1,20,20,-1,-1,30,-1,-1
20066,19,5,-1,-1,-1,-1,50,-1,-1,-1,65,-1
20067,1,10,-1,-1,-1,15,15,-1,-1,20,-1,-1
20067,8,1,-1,-1,-1,-1,10,-1,-1,-1,15,-1
20067,13,-1,-1,-1,-1,-1,-1,-1,-1,-1,30,-1
20067,14,-1,10,-1,-1,-1,20,-1,-1,-1,25,-1
20067,15,-1,-1,1,-1,1,1,-1,-1,5,-1,-1
20067,16,-1,-1,1,-1,5,5,-1,-1,10,-1,-1
20067,17,-1,-1,-1,-1,-1,-1,1,-1,2,-1,-1
20067,18,-1,-1,-1,-1,-1,-1,20,-1,30,-1,-1
20067,19,-1,-1,5,-1,20,20,-1,-1,35,-1,-1
20067,31,1,-1,-1,-1,-1,3,-1,-1,-1,4,-1
20068,1,10,-1,-1,-1,-1,25,-1,-1,-1,30,-1
20068,2,10,-1,-1,-1,-1,40,-1,-1,-1,50,-1
20068,6,-1,-1,-1,-1,-1,-1,-1,-1,-1,1,-1
20068,12,10,-1,-1,-1,-1,20,-1,-1,-1,25,-1
20068,14,-1,-1,10,-1,15,15,-1,-1,20,-1,-1
20068,15,-1,-1,-1,-1,-1,-1,1,-1,5,-1,-1
20068,16,-1,-1,-1,-1,-1,-1,5,-1,10,-1,-1
20068,17,-1,-1,1,-1,1,1,-1,-1,2,-1,-1
20068,18,-1,-1,5,-1,20,20,-1,-1,30,-1,-1
20068,19,5,-1,-1,-1,-1,35,-1,-1,-1,50,-1
20069,1,10,-1,-1,-1,15,15,-1,-1,20,-1,-1
20069,2,-1,-1,-1,-1,-1,-1,10,-1,20,-1,-1
20069,3,-1,-1,-1,-1,-1,-1,-1,-1,-1,1,-1
20069,14,10,-1,-1,-1,-1,20,-1,-1,-1,25,-1
20069,15,-1,-1,1,-1,1,1,-1,-1,5,-1,-1
20069,16,-1,-1,1,-1,5,5,-1,-1,10,-1,-1
20069,17,-1,-1,1,-1,1,1,-1,-1,2,-1,-1
20069,18,-1,-1,5,-1,20,20,-1,-1,30,-1,-1
20069,19,5,-1,-1,-1,-1,50,-1,-1,-1,65,-1
20070,1,10,-1,-1,-1,15,15,-1,-1,20,-1,-1
20070,2,-1,10,-1,-1,-1,30,-1,-1,-1,40,-1
20070,12,-1,-1,-1,-1,-1,-1,-1,-1,-1,30,-1
20070,15,-1,-1,1,-1,1,1,-1,-1,5,-1,-1
20070,16,-1,-1,1,-1,5,5,-1,-1,10,-1,-1
20070,17,1,-1,-1,-1,-1,2,-1,-1,-1,3,-1
20070,18,5,-1,-1,-1,-1,40,-1,-1,-1,50,-1
20070,19,-1,-1,-1,-1,-1,-1,30,-1,60,-1,-1
20071,1,10,-1,-1,-1,-1,25,-1,-1,-1,30,-1
20071,5,-1,-1,-1,-1,-1,-1,-1,-1,-1,1,-1
20071,14,-1,-1,-1,-1,-1,-1,10,-1,20,-1,-1
20071,15,1,-1,-1,-1,-1,5,-1,-1,-1,10,-1
20071,16,1,-1,-1,-1,-1,15,-1,-1,-1,20,-1
20071,17,-1,-1,-1,1,-1,1,1,-1,-1,-1,-1
20071,18,-1,-1,-1,5,-1,20,20,-1,-1,-1,-1
20071,19,-1,-1,5,-1,20,20,-1,-1,35,-1,-1
20072,1,10,-1,-1,-1,15,15,-1,-1,20,-1,-1
20072,3,-1,-1,-1,-1,-1,-1,-1,-1,-1,1,-1
20072,8,-1,-1,1,-1,5,5,-1,-1,5,-1,-1
20072,9,-1,-1,-1,-1,-1,-1,10,-1,20,-1,-1
20072,14,-1,10,-1,-1,-1,20,-1,-1,-1,25,-1
20072,15,1,-1,-1,-1,-1,5,-1,-1,-1,10,-1
20072,16,1,-1,-1,-1,-1,15,-1,-1,-1,20,-1
20072,17,-1,-1,1,-1,1,1,-1,-1,2,-1,-1
20072,18,-1,-1,5,-1,20,20,-1,-1,30,-1,-1
20072,19,-1,-1,5,-1,20,20,-1,-1,35,-1,-1
20072,31,1,-1,-1,-1,-1,3,-1,-1,-1,4,-1
20073,1,10,-1,-1,-1,15,15,-1,-1,20,-1,-1
20073,2,10,-1,-1,-1,-1,40,-1,-1,-1,50,-1
20073,14,-1,-1,-1,-1,-1,-1,10,-1,20,-1,-1
20073,15,-1,-1,1,-1,1,1,-1,-1,5,-1,-1
20073,16,-1,-1,1,-1,5,5,-1,-1,10,-1,-1
20073,17,-1,1,-1,-1,-1,2,-1,-1,-1,2,-1
20073,18,-1,5,-1,-1,-1,30,-1,-1,-1,40,-1
20073,19,5,-1,-1,-1,-1,35,-1,-1,-1,50,-1
20073,30,-1,-1,-1,-1,-1,-1,-1,-1,-1,1,-1
20074,1,10,-1,-1,-1,15,15,-1,-1,20,-1,-1
20074,4,-1,-1,-1,-1,-1,-1,-1,-1,-1,1,-1
20074,8,1,-1,-1,-1,-1,10,-1,-1,-1,15,-1
20074,12,-1,-1,-1,-1,-1,-1,10,-1,20,-1,-1
20074,14,10,-1,-1,-1,-1,20,-1,-1,-1,25,-1
20074,17,-1,1,-1,-1,-1,2,-1,-1,-1,2,-1
20074,18,-1,5,-1,-1,-1,30,-1,-1,-1,40,-1
20074,19,-1,-1,5,-1,20,20,-1,-1,35,-1,-1
20075,1,10,-1,-1,-1,-1,20,-1,-1,-1,25,-1
20075,2,-1,10,-1,-1,-1,30,-1,-1,-1,40,-1
20075,6,-1,-1,-1,-1,-1,-1,-1,-1,-1,1,-1
20075,14,-1,10,-1,-1,-1,20,-1,-1,-1,25,-1
20075,15,1,-1,-1,-1,-1,5,-1,-1,-1,10,-1
20075,16,1,-1,-1,-1,-1,15,-1,-1,-1,20,-1
20075,17,-1,-1,-1,-1,-1,-1,1,-1,2,-1,-1
20075,18,-1,-1,-1,-1,-1,-1,20,-1,30,-1,-1
20075,19,-1,-1,5,-1,20,20,-1,-1,35,-1,-1
20076,1,10,-1,-1,-1,15,15,-1,-1,20,-1,-1
20076,8,1,-1,-1,-1,-1,10,-1,-1,-1,15,-1
20076,14,-1,-1,10,-1,15,15,-1,-1,20,-1,-1
20076,17,-1,-1,-1,-1,-1,-1,1,-1,2,-1,-1
20076,18,-1,-1,-1,-1,-1,-1,20,-1,30,-1,-1
20076,19,-1,5,-1,-1,-1,35,-1,-1,-1,50,-1
20076,30,-1,-1,-1,-1,-1,-1,-1,-1,-1,1,-1
20077,1,10,-1,-1,-1,15,15,-1,-1,20,-1,-1
20077,2,-1,-1,10,-1,20,20,-1,-1,30,-1,-1
20077,7,-1,-1,-1,-1,-1,-1,-1,-1,-1,1,-1
20077,13,-1,-1,10,-1,15,15,-1,-1,20,-1,-1
20077,14,-1,-1,-1,-1,-1,-1,10,-1,20,-1,-1
20077,15,-1,-1,1,-1,1,1,-1,-1,5,-1,-1
20077,16,-1,-1,1,-1,5,5,-1,-1,10,-1,-1
20077,17,1,-1,-1,-1,-1,2,-1,-1,-1,3,-1
20077,18,5,-1,-1,-1,-1,40,-1,-1,-1,50,-1
20077,19,-1,-1,5,-1,20,20,-1,-1,35,-1,-1
20077,31,1,-1,-1,-1,-1,3,-1,-1,-1,4,-1
20078,1,10,-1,-1,-1,-1,20,-1,-1,-1,25,-1
20078,2,10,-1,-1,-1,-1,40,-1,-1,-1,50,-1
20078,3,-1,-1,-1,-1,-1,-1,-1,-1,-1,1,-1
20078,9,10,-1,-1,-1,-1,20,-1,-1,-1,25,-1
20078,14,-1,-1,-1,-1,-1,-1,10,-1,20,-1,-1
20078,15,1,-1,-1,-1,-1,5,-1,-1,-1,5,-1
20078,16,1,-1,-1,-1,-1,10,-1,-1,-1,15,-1
20078,17,1,-1,-1,-1,-1,2,-1,-1,-1,2,-1
20078,18,5,-1,-1,-1,-1,30,-1,-1,-1,40,-1
20078,19,-1,5,-1,-1,-1,35,-1,-1,-1,50,-1
20079,1,10,-1,-1,-1,-1,25,-1,-1,-1,30,-1
20079,2,-1,-1,10,-1,20,20,-1,-1,30,-1,-1
20079,3,-1,-1,-1,-1,-1,-1,-1,-1,-1,1,-1
20079,14,-1,10,-1,-1,-1,20,-1,-1,-1,25,-1
20079,15,-1,-1,-1,-1,-1,-1,1,-1,5,-1,-1
20079,16,-1,-1,-1,-1,-1,-1,5,-1,10,-1,-1
20079,17,1,-1,-1,-1,-1,2,-1,-1,-1,2,-1
20079,18,5,-1,-1,-1,-1,30,-1,-1,-1,40,-1
20079,19,5,-1,-1,-1,-1,35,-1,-1,-1,50,-1
20080,1,10,-1,-1,-1,-1,25,-1,-1,-1,30,-1
20080,8,-1,-1,1,-1,5,5,-1,-1,5,-1,-1
20080,9,-1,-1,-1,-1,-1,-1,-1,-1,-1,30,-1
20080,13,-1,-1,10,-1,15,15,-1,-1,20,-1,-1
20080,14,-1,10,-1,-1,-1,20,-1,-1,-1,25,-1
20080,15,1,-1,-1,-1,-1,5,-1,-1,-1,10,-1
20080,16,1,-1,-1,-1,-1,15,-1,-1,-1,20,-1
20080,17,-1,-1,-1,-1,-1,-1,1,-1,2,-1,-1
20080,18,-1,-1,-1,-1,-1,-1,20,-1,30,-1,-1
20080,19,5,-1,-1,-1,-1,35,-1,-1,-1,50,-1
20080,31,1,-1,-1,-1,-1,3,-1,-1,-1,4,-1
20081,1,10,-1,-1,-1,-1,20,-1,-1,-1,25,-1
20081,2,-1,10,-1,-1,-1,30,-1,-1,-1,40,-1
20081,5,-1,-1,-1,-1,-1,-1,-1,-1,-1,1,-1
20081,8,-1,-1,1,-1,5,5,-1,-1,5,-1,-1
20081,14,10,-1,-1,-1,-1,25,-1,-1,-1,30,-1
20081,15,-1,-1,-1,-1,-1,-1,1,-1,5,-1,-1
20081,16,-1,-1,-1,-1,-1,-1,5,-1,10,-1,-1
20081,17,-1,-1,1,-1,1,1,-1,-1,2,-1,-1
20081,18,-1,-1,5,-1,20,20,-1,-1,30,-1,-1
20081,19,-1,-1,5,-1,20,20,-1,-1,35,-1,-1
20082,1,10,-1,-1,-1,-1,20,-1,-1,-1,25,-1
20082,2,10,-1,-1,-1,-1,40,-1,-1,-1,50,-1
20082,8,-1,-1,-1,-1,-1,-1,-1,-1,-1,5,-1
20082,14,10,-1,-1,-1,-1,20,-1,-1,-1,25,-1
20082,15,-1,-1,-1,-1,-1,-1,1,-1,5,-1,-1
20082,16,-1,-1,-1,-1,-1,-1,5,-1,10,-1,-1
20082,17,-1,-1,1,-1,1,1,-1,-1,2,-1,-1
20082,18,-1,-1,5,-1,20,20,-1,-1,30,-1,-1
20082,19,-1,-1,5,-1,20,20,-1,-1,35,-1,-1
20083,1,10,-1,-1,-1,-1,20,-1,-1,-1,25,-1
20083,6,-1,-1,-1,-1,-1,-1,-1,-1,-1,1,-1
20083,8,1,-1,-1,-1,-1,10,-1,-1,-1,15,-1
20083,14,-1,10,-1,-1,-1,20,-1,-1,-1,25,-1
20083,15,1,-1,-1,-1,-1,5,-1,-1,-1,5,-1
20083,16,1,-1,-1,-1,-1,10,-1,-1,-1,15,-1
20083,17,-1,-1,-1,-1,-1,-1,1,-1,2,-1,-1
20083,18,-1,-1,-1,-1,-1,-1,20,-1,30,-1,-1
20083,19,-1,-1,5,-1,20,20,-1,-1,35,-1,-1
20084,1,10,-1,-1,-1,-1,20,-1,-1,-1,25,-1
20084,2,-1,-1,-1,10,-1,20,20,-1,-1,-1,-1
20084,3,-1,-1,-1,-1,-1,-1,-1,-1,-1,1,-1
20084,8,-1,-1,1,-1,5,5,-1,-1,5,-1,-1
20084,14,-1,-1,10,-1,15,15,-1,-1,20,-1,-1
20084,15,-1,-1,-1,-1,-1,-1,1,-1,5,-1,-1
20084,16,-1,-1,-1,-1,-1,-1,5,-1,10,-1,-1
20084,17,1,-1,-1,-1,-1,2,-1,-1,-1,2,-1
20084,18,5,-1,-1,-1,-1,30,-1,-1,-1,40,-1
20084,19,5,-1,-1,-1,-1,50,-1,-1,-1,65,-1
20084,31,1,-1,-1,-1,-1,3,-1,-1,-1,4,-1
20085,1,10,-1,-1,-1,15,15,-1,-1,20,-1,-1
20085,2,10,-1,-1,-1,-1,40,-1,-1,-1,50,-1
20085,5,-1,-1,-1,-1,-1,-1,-1,-1,-1,1,-1
20085,8,1,-1,-1,-1,-1,5,-1,-1,-1,10,-1
20085,14,-1,-1,10,-1,15,15,-1,-1,20,-1,-1
20085,17,-1,-1,-1,-1,-1,-1,1,-1,2,-1,-1
20085,18,-1,-1,-1,-1,-1,-1,20,-1,30,-1,-1
20085,19,-1,-1,5,-1,20,20,-1,-1,35,-1,-1
20086,1,10,-1,-1,-1,-1,25,-1,-1,-1,30,-1
20086,3,-1,-1,-1,-1,-1,-1,-1,-1,-1,1,-1
20086,8,-1,-1,1,-1,5,5,-1,-1,5,-1,-1
20086,14,-1,-1,10,-1,15,15,-1,-1,20,-1,-1
20086,15,-1,-1,-1,-1,-1,-1,1,-1,5,-1,-1
20086,16,-1,-1,-1,-1,-1,-1,5,-1,10,-1,-1
20086,17,1,-1,-1,-1,-1,2,-1,-1,-1,2,-1
20086,18,5,-1,-1,-1,-1,30,-1,-1,-1,40,-1
20086,19,-1,5,-1,-1,-1,35,-1,-1,-1,50,-1
20087,1,10,-1,-1,-1,-1,25,-1,-1,-1,30,-1
20087,2,-1,-1,10,-1,20,20,-1,-1,30,-1,-1
20087,8,-1,-1,1,-1,5,5,-1,-1,5,-1,-1
20087,14,-1,10,-1,-1,-1,20,-1,-1,-1,25,-1
20087,15,-1,-1,-1,-1,-1,-1,1,-1,5,-1,-1
20087,16,-1,-1,-1,-1,-1,-1,5,-1,10,-1,-1
20087,17,-1,-1,-1,1,-1,1,1,-1,-1,-1,-1
20087,18,-1,-1,-1,5,-1,20,20,-1,-1,-1,-1
20087,19,5,-1,-1,-1,-1,50,-1,-1,-1,65,-1
20087,30,-1,-1,-1,-1,-1,-1,-1,-1,-1,1,-1
20088,1,10,-1,-1,-1,-1,20,-1,-1,-1,25,-1
20088,2,-1,-1,-1,-1,-1,-1,10,-1,20,-1,-1
20088,6,-1,-1,-1,-1,-1,-1,-1,-1,-1,1,-1
20088,8,1,-1,-1,-1,-1,5,-1,-1,-1,10,-1
20088,14,10,-1,-1,-1,-1,25,-1,-1,-1,30,-1
20088,15,1,-1,-1,-1,-1,5,-1,-1,-1,5,-1
20088,16,1,-1,-1,-1,-1,10,-1,-1,-1,15,-1
20088,17,-1,-1,-1,1,-1,1,1,-1,-1,-1,-1
20088,18,-1,-1,-1,5,-1,20,20,-1,-1,-1,-1
20088,19,5,-1,-1,-1,-1,35,-1,-1,-1,50,-1
20089,1,10,-1,-1,-1,15,15,-1,-1,20,-1,-1
20089,2,-1,10,-1,-1,-1,30,-1,-1,-1,40,-1
20089,5,-1,-1,-1,-1,-1,-1,-1,-1,-1,1,-1
20089,8,1,-1,-1,-1,-1,5,-1,-1,-1,10,-1
20089,11,-1,-1,-1,-1,-1,-1,10,-1,20,-1,-1
20089,14,10,-1,-1,-1,-1,25,-1,-1,-1,30,-1
20089,17,1,-1,-1,-1,-1,2,-1,-1,-1,2,-1
20089,18,5,-1,-1,-1,-1,30,-1,-1,-1,40,-1
20089,19,-1,-1,5,-1,20,20,-1,-1,35,-1,-1
20090,1,10,-1,-1,-1,-1,20,-1,-1,-1,25,-1
20090,2,10,-1,-1,-1,-1,40,-1,-1,-1,50,-1
20090,8,1,-1,-1,-1,-1,-1,-1,-1,1,5,-1
20090,14,10,-1,10,-1,15,15,-1,-1,20,-1,-1
20090,15,1,-1,-1,-1,-1,1,1,-1,5,-1,-1
20090,16,1,-1,-1,-1,-1,1,5,-1,10,-1,-1
20090,17,1,-1,1,-1,1,1,-1,-1,2,-1,-1
20090,18,5,-1,5,-1,20,20,-1,-1,30,-1,-1
20090,19,5,-1,-1,-1,-1,35,-1,-1,-1,50,-1
20090,31,1,-1,-1,-1,-1,3,-1,-1,-1,4,-1
20091,1,10,-1,-1,-1,-1,20,-1,-1,-1,25,-1
20091,2,10,10,-1,-1,-1,30,-1,-1,-1,40,-1
20091,8,1,-1,-1,-1,-1,-1,-1,-1,1,5,-1
20091,14,10,10,-1,-1,-1,20,-1,-1,-1,25,-1
20091,15,1,-1,-1,-1,-1,1,1,-1,5,-1,-1
20091,16,1,-1,-1,-1,-1,1,5,-1,10,-1,-1
20091,17,1,-1,-1,-1,-1,2,-1,-1,-1,3,-1
20091,18,5,-1,-1,-1,-1,40,-1,-1,-1,50,-1
20091,19,5,-1,-1,-1,-1,35,-1,-1,-1,50,-1
20092,1,10,-1,-1,-1,-1,20,-1,-1,-1,25,-1
20092,2,10,-1,-1,-1,-1,40,-1,-1,-1,50,-1
20092,11,10,-1,-1,-1,-1,-1,-1,-1,10,30,-1
20092,14,10,-1,-1,-1,-1,20,-1,-1,-1,25,-1
20092,15,1,-1,-1,-1,-1,5,-1,-1,-1,10,-1
20092,16,1,-1,-1,-1,-1,15,-1,-1,-1,20,-1
20092,17,1,-1,-1,-1,-1,1,1,-1,2,-1,-1
20092,18,1,-1,-1,-1,-1,1,20,-1,30,-1,-1
20092,19,5,-1,-1,-1,-1,35,-1,-1,-1,50,-1
20093,1,10,-1,-1,-1,-1,25,-1,-1,-1,30,-1
20093,8,1,-1,-1,-1,-1,-1,-1,-1,1,5,-1
20093,14,10,-1,-1,-1,-1,25,-1,-1,-1,30,-1
20093,15,1,-1,-1,-1,-1,5,-1,-1,-1,5,-1
20093,16,1,-1,-1,-1,-1,10,-1,-1,-1,15,-1
20093,17,1,-1,-1,-1,-1,2,-1,-1,-1,2,-1
20093,18,5,-1,-1,-1,-1,30,-1,-1,-1,40,-1
20093,19,5,-1,-1,-1,-1,5,30,-1,60,-1,-1
20093,30,1,-1,-1,-1,-1,1,-1,-1,-1,1,-1
20094,1,10,-1,-1,-1,-1,20,-1,-1,-1,25,-1
20094,2,10,-1,10,-1,20,20,-1,-1,30,-1,-1
20094,8,1,-1,-1,-1,-1,-1,-1,-1,1,5,-1
20094,14,1,-1,-1,-1,-1,1,10,-1,20,-1,-1
20094,15,1,-1,1,-1,1,1,-1,-1,5,-1,-1
20094,16,1,-1,1,-1,5,5,-1,-1,10,-1,-1
20094,17,1,-1,-1,-1,-1,2,-1,-1,-1,3,-1
20094,18,5,-1,-1,-1,-1,40,-1,-1,-1,50,-1
20094,19,5,-1,5,-1,20,20,-1,-1,35,-1,-1
20094,30,1,-1,-1,-1,-1,1,-1,-1,-1,1,-1
20095,1,10,-1,-1,-1,-1,25,-1,-1,-1,30,-1
20095,3,1,-1,-1,-1,-1,1,-1,-1,-1,1,-1
20095,5,1,-1,-1,-1,-1,1,-1,-1,-1,1,-1
20095,12,10,-1,-1,-1,-1,-1,-1,-1,10,30,-1
20095,14,10,10,-1,-1,-1,20,-1,-1,-1,25,-1
20095,15,1,-1,-1,-1,-1,1,1,-1,5,-1,-1
20095,16,1,-1,-1,-1,-1,1,5,-1,10,-1,-1
20095,17,1,-1,-1,1,-1,1,1,-1,-1,-1,-1
20095,18,5,-1,-1,5,-1,20,20,-1,-1,-1,-1
20095,19,5,-1,-1,-1,-1,50,-1,-1,-1,65,-1
20096,1,10,-1,-1,-1,15,15,-1,-1,20,-1,-1
20096,2,10,10,-1,-1,-1,30,-1,-1,-1,40,-1
20096,8,1,-1,-1,-1,-1,-1,-1,-1,1,5,-1
20096,14,10,-1,-1,-1,-1,20,-1,-1,-1,25,-1
20096,15,1,-1,-1,-1,-1,1,1,-1,5,-1,-1
20096,16,1,-1,-1,-1,-1,1,5,-1,10,-1,-1
20096,17,1,-1,-1,-1,-1,2,-1,-1,-1,3,-1
20096,18,5,-1,-1,-1,-1,40,-1,-1,-1,50,-1
20096,19,5,-1,5,-1,20,20,-1,-1,35,-1,-1
20096,30,1,-1,-1,-1,-1,1,-1,-1,-1,1,-1
20097,1,10,-1,-1,-1,-1,25,-1,-1,-1,30,-1
20097,2,10,-1,-1,-1,-1,10,10,-1,20,-1,-1
20097,5,1,-1,-1,-1,-1,1,-1,-1,-1,1,-1
20097,10,10,-1,-1,-1,-1,-1,-1,-1,10,30,-1
20097,14,10,-1,-1,-1,-1,25,-1,-1,-1,30,-1
20097,17,1,-1,-1,-1,-1,2,-1,-1,-1,2,-1
20097,18,5,-1,-1,-1,-1,30,-1,-1,-1,40,-1
20097,19,5,-1,-1,-1,-1,50,-1,-1,-1,65,-1
20097,30,1,-1,-1,-1,-1,1,-1,-1,-1,1,-1
20098,1,10,-1,-1,-1,15,15,-1,-1,20,-1,-1
20098,2,10,-1,10,-1,20,20,-1,-1,30,-1,-1
20098,8,1,-1,-1,-1,-1,10,-1,-1,-1,15,-1
20098,13,10,-1,-1,-1,-1,-1,-1,-1,10,30,-1
20098,14,1,-1,-1,-1,-1,1,10,-1,20,-1,-1
20098,17,1,-1,-1,-1,-1,2,-1,-1,-1,2,-1
20098,18,5,-1,-1,-1,-1,30,-1,-1,-1,40,-1
20098,19,5,-1,-1,-1,-1,35,-1,-1,-1,50,-1
20098,31,1,-1,-1,-1,-1,3,-1,-1,-1,4,-1
20099,1,10,-1,-1,-1,-1,25,-1,-1,-1,30,-1
20099,4,1,-1,-1,-1,-1,1,-1,-1,-1,1,-1
20099,8,1,-1,-1,-1,-1,-1,-1,-1,1,5,-1
20099,14,1,-1,-1,-1,-1,1,10,-1,20,-1,-1
20099,15,1,-1,1,-1,1,1,-1,-1,5,-1,-1
20099,16,1,-1,1,-1,5,5,-1,-1,10,-1,-1
20099,17,1,1,-1,-1,-1,2,-1,-1,-1,2,-1
20099,18,5,5,-1,-1,-1,30,-1,-1,-1,40,-1
20099,19,5,-1,-1,-1,-1,35,-1,-1,-1,50,-1
20099,30,1,-1,-1,-1,-1,1,-1,-1,-1,1,-1
30001,1,10,-1,-1,-1,-1,15,15,-1,-1,20,-1
30001,2,10,-1,-1,-1,-1,-1,40,-1,-1,-1,60
30001,5,-1,-1,-1,-1,-1,-1,-1,1,-1,-1,-1
30001,8,-1,-1,-1,-1,-1,-1,-1,-1,-1,5,10
30001,14,-1,-1,10,-1,-1,20,20,-1,-1,25,-1
30001,17,-1,-1,1,-1,-1,2,2,-1,-1,2,-1
30001,18,-1,-1,5,-1,-1,30,30,-1,-1,40,-1
30001,19,-1,-1,-1,5,-1,20,20,-1,-1,35,-1
30002,1,10,-1,-1,-1,-1,-1,25,-1,-1,-1,35
30002,2,-1,-1,10,-1,-1,30,30,-1,-1,40,-1
30002,9,-1,-1,-1,-1,-1,-1,-1,-1,-1,15,30
30002,14,-1,-1,10,-1,-1,20,20,-1,-1,25,-1
30002,15,-1,-1,1,-1,-1,5,5,-1,-1,5,-1
30002,16,-1,-1,1,-1,-1,10,10,-1,-1,15,-1
30002,19,5,-1,-1,-1,-1,-1,50,-1,-1,-1,65
30002,30,-1,-1,-1,-1,-1,-1,-1,1,-1,-1,-1
30003,1,10,-1,-1,-1,-1,15,15,-1,-1,20,-1
30003,2,10,-1,-1,-1,-1,-1,40,-1,-1,-1,60
30003,5,-1,-1,-1,-1,-1,-1,-1,1,-1,-1,-1
30003,14,-1,-1,10,-1,-1,20,20,-1,-1,25,-1
30003,15,-1,-1,-1,-1,-1,-1,-1,-1,-1,5,10
30003,16,-1,-1,-1,-1,-1,-1,-1,-1,-1,10,15
30003,17,-1,-1,1,-1,-1,2,2,-1,-1,2,-1
30003,18,-1,-1,5,-1,-1,30,30,-1,-1,40,-1
30003,19,-1,-1,-1,5,-1,20,20,-1,-1,35,-1
30004,1,10,-1,-1,-1,-1,15,15,-1,-1,20,-1
30004,2,-1,-1,-1,10,-1,20,20,-1,-1,30,-1
30004,4,-1,-1,-1,-1,-1,-1,-1,1,-1,-1,-1
30004,8,-1,-1,-1,1,-1,5,5,-1,-1,5,-1
30004,10,-1,-1,-1,-1,-1,-1,-1,-1,-1,15,30
30004,14,-1,-1,10,-1,-1,20,20,-1,-1,25,-1
30004,17,1,-1,-1,-1,-1,-1,2,-1,-1,-1,4
30004,18,5,-1,-1,-1,-1,-1,40,-1,-1,-1,60
30005,1,10,-1,-1,-1,-1,-1,25,-1,-1,-1,35
30005,2,-1,-1,10,-1,-1,30,30,-1,-1,40,-1
30005,5,-1,-1,-1,-1,-1,-1,-1,1,-1,-1,-1
30005,14,-1,-1,10,-1,-1,20,20,-1,-1,25,-1
30005,15,-1,-1,1,-1,-1,5,5,-1,-1,5,-1
30005,16,-1,-1,1,-1,-1,10,10,-1,-1,15,-1
30005,17,-1,-1,-1,-1,-1,-1,-1,-1,-1,2,3
30005,18,-1,-1,-1,-1,-1,-1,-1,-1,-1,30,40
30005,19,5,-1,-1,-1,-1,-1,50,-1,-1,-1,65
30006,1,10,-1,-1,-1,-1,-1,25,-1,-1,-1,35
30006,2,-1,-1,10,-1,-1,30,30,-1,-1,40,-1
30006,6,-1,-1,-1,-1,-1,-1,-1,1,-1,-1,-1
30006,12,-1,-1,-1,-1,-1,-1,-1,-1,-1,15,30
30006,14,-1,-1,10,-1,-1,20,20,-1,-1,25,-1
30006,15,-1,-1,1,-1,-1,5,5,-1,-1,5,-1
30006,16,-1,-1,1,-1,-1,10,10,-1,-1,15,-1
30006,19,5,-1,-1,-1,-1,-1,50,-1,-1,-1,65
30007,1,10,-1,-1,-1,-1,15,15,-1,-1,20,-1
30007,2,-1,-1,10,-1,-1,30,30,-1,-1,40,-1
30007,5,-1,-1,-1,-1,-1,-1,-1,1,-1,-1,-1
30007,8,-1,-1,-1,-1,-1,-1,-1,-1,-1,5,10
30007,11,-1,-1,-1,10,-1,15,15,-1,-1,20,-1
30007,14,-1,-1,10,-1,-1,20,20,-1,-1,25,-1
30007,15,1,-1,-1,-1,-1,-1,5,-1,-1,-1,10
30007,16,1,-1,-1,-1,-1,-1,15,-1,-1,-1,20
30007,19,-1,-1,5,-1,-1,35,35,-1,-1,50,-1
30008,1,10,-1,-1,-1,-1,-1,25,-1,-1,-1,35
30008,2,-1,-1,10,-1,-1,30,30,-1,-1,40,-1
30008,4,-1,-1,-1,-1,-1,-1,-1,1,-1,-1,-1
30008,14,-1,-1,10,-1,-1,20,20,-1,-1,25,-1
30008,15,-1,-1,1,-1,-1,5,5,-1,-1,5,-1
30008,16,-1,-1,1,-1,-1,10,10,-1,-1,15,-1
30008,17,-1,-1,-1,-1,-1,-1,-1,-1,-1,2,3
30008,18,-1,-1,-1,-1,-1,-1,-1,-1,-1,30,40
30008,19,5,-1,-1,-1,-1,-1,50,-1,-1,-1,65
30009,1,10,-1,-1,-1,-1,15,15,-1,-1,20,-1
30009,2,-1,-1,-1,10,-1,20,20,-1,-1,30,-1
30009,4,-1,-1,-1,-1,-1,-1,-1,1,-1,-1,-1
30009,8,-1,-1,1,-1,-1,5,5,-1,-1,10,-1
30009,10,-1,-1,-1,-1,-1,-1,-1,-1,-1,15,30
30009,14,10,-1,-1,-1,-1,-1,25,-1,-1,-1,35
30009,15,-1,-1,1,-1,-1,5,5,-1,-1,5,-1
30009,16,-1,-1,1,-1,-1,10,10,-1,-1,15,-1
30009,17,1,-1,-1,-1,-1,-1,2,-1,-1,-1,3
30009,18,5,-1,-1,-1,-1,-1,40,-1,-1,-1,50
30010,1,10,-1,-1,-1,-1,20,20,-1,-1,25,-1
30010,2,-1,-1,-1,-1,-1,-1,-1,-1,-1,15,30
30010,7,-1,-1,-1,-1,-1,-1,-1,1,-1,-1,-1
30010,8,1,-1,-1,-1,-1,-1,10,-1,-1,-1,15
30010,13,10,-1,-1,-1,-1,-1,25,-1,-1,-1,35
30010,15,1,-1,-1,-1,-1,-1,5,-1,-1,-1,10
30010,16,1,-1,-1,-1,-1,-1,15,-1,-1,-1,20
30010,19,-1,-1,-1,5,-1,20,20,-1,-1,35,-1
30010,31,1,-1,-1,-1,-1,-1,3,-1,-1,-1,5
30011,1,10,-1,-1,-1,-1,15,15,-1,-1,20,-1
30011,2,-1,-1,-1,10,-1,20,20,-1,-1,30,-1
30011,3,-1,-1,-1,-1,-1,-1,-1,1,-1,-1,-1
30011,8,-1,-1,1,-1,-1,5,5,-1,-1,10,-1
30011,14,10,-1,-1,-1,-1,-1,25,-1,-1,-1,35
30011,15,-1,-1,1,-1,-1,5,5,-1,-1,5,-1
30011,16,-1,-1,1,-1,-1,10,10,-1,-1,15,-1
30011,17,1,-1,-1,-1,-1,-1,2,-1,-1,-1,3
30011,18,5,-1,-1,-1,-1,-1,40,-1,-1,-1,50
30011,19,-1,-1,-1,-1,-1,-1,-1,-1,-1,40,80
30012,1,10,-1,-1,-1,-1,15,15,-1,-1,20,-1
30012,2,-1,-1,10,-1,-1,30,30,-1,-1,40,-1
30012,6,-1,-1,-1,-1,-1,-1,-1,1,-1,-1,-1
30012,12,-1,-1,-1,10,-1,15,15,-1,-1,20,-1
30012,14,-1,-1,10,-1,-1,20,20,-1,-1,25,-1
30012,15,1,-1,-1,-1,-1,-1,5,-1,-1,-1,10
30012,16,1,-1,-1,-1,-1,-1,15,-1,-1,-1,20
30012,17,-1,-1,-1,-1,-1,-1,-1,-1,-1,2,3
30012,18,-1,-1,-1,-1,-1,-1,-1,-1,-1,30,40
30012,19,-1,-1,5,-1,-1,35,35,-1,-1,50,-1
30013,1,10,-1,-1,-1,-1,15,15,-1,-1,20,-1
30013,2,-1,-1,-1,10,-1,20,20,-1,-1,30,-1
30013,8,-1,-1,-1,1,-1,5,5,-1,-1,5,-1
30013,13,-1,-1,-1,-1,-1,-1,-1,-1,-1,15,30
30013,14,-1,-1,10,-1,-1,20,20,-1,-1,25,-1
30013,17,1,-1,-1,-1,-1,-1,2,-1,-1,-1,4
30013,18,5,-1,-1,-1,-1,-1,40,-1,-1,-1,60
30013,30,-1,-1,-1,-1,-1,-1,-1,1,-1,-1,-1
30013,31,1,-1,-1,-1,-1,-1,3,-1,-1,-1,5
30014,1,10,-1,-1,-1,-1,15,15,-1,-1,20,-1
30014,2,-1,-1,-1,10,-1,20,20,-1,-1,30,-1
30014,5,-1,-1,-1,-1,-1,-1,-1,1,-1,-1,-1
30014,8,-1,-1,-1,1,-1,5,5,-1,-1,5,-1
30014,14,-1,-1,10,-1,-1,20,20,-1,-1,25,-1
30014,15,-1,-1,-1,-1,-1,-1,-1,-1,-1,5,10
30014,16,-1,-1,-1,-1,-1,-1,-1,-1,-1,10,15
30014,17,1,-1,-1,-1,-1,-1,2,-1,-1,-1,4
30014,18,5,-1,-1,-1,-1,-1,40,-1,-1,-1,60
30015,1,10,-1,-1,-1,-1,15,15,-1,-1,20,-1
30015,2,-1,-1,10,-1,-1,30,30,-1,-1,40,-1
30015,3,-1,-1,-1,-1,-1,-1,-1,1,-1,-1,-1
30015,8,-1,-1,-1,-1,-1,-1,-1,-1,-1,5,10
30015,9,-1,-1,-1,10,-1,15,15,-1,-1,20,-1
30015,14,-1,-1,10,-1,-1,20,20,-1,-1,25,-1
30015,15,1,-1,-1,-1,-1,-1,5,-1,-1,-1,10
30015,16,1,-1,-1,-1,-1,-1,15,-1,-1,-1,20
30015,19,-1,-1,5,-1,-1,35,35,-1,-1,50,-1
30016,1,10,-1,-1,-1,-1,20,20,-1,-1,25,-1
30016,4,-1,-1,-1,-1,-1,-1,-1,1,-1,-1,-1
30016,8,1,-1,-1,-1,-1,-1,10,-1,-1,-1,15
30016,10,10,-1,-1,-1,-1,-1,25,-1,-1,-1,35
30016,14,-1,-1,-1,-1,-1,-1,-1,-1,-1,15,30
30016,15,1,-1,-1,-1,-1,-1,5,-1,-1,-1,10
30016,16,1,-1,-1,-1,-1,-1,15,-1,-1,-1,20
30016,19,-1,-1,-1,5,-1,20,20,-1,-1,35,-1
30017,1,10,-1,-1,-1,-1,15,15,-1,-1,20,-1
30017,2,10,-1,-1,-1,-1,-1,40,-1,-1,-1,60
30017,4,-1,-1,-1,-1,-1,-1,-1,1,-1,-1,-1
30017,15,-1,-1,-1,-1,-1,-1,-1,-1,-1,5,10
30017,16,-1,-1,-1,-1,-1,-1,-1,-1,-1,10,15
30017,14,-1,-1,10,-1,-1,20,20,-1,-1,25,-1
30017,17,-1,-1,1,-1,-1,2,2,-1,-1,2,-1
30017,18,-1,-1,5,-1,-1,30,30,-1,-1,40,-1
30017,19,-1,-1,-1,5,-1,20,20,-1,-1,35,-1
30018,1,10,-1,-1,-1,-1,15,15,-1,-1,20,-1
30018,2,-1,-1,-1,10,-1,20,20,-1,-1,30,-1
30018,3,-1,-1,-1,-1,-1,-1,-1,1,-1,-1,-1
30018,8,-1,-1,1,-1,-1,5,5,-1,-1,10,-1
30018,9,-1,-1,-1,-1,-1,-1,-1,-1,-1,15,30
30018,14,10,-1,-1,-1,-1,-1,25,-1,-1,-1,35
30018,15,-1,-1,1,-1,-1,5,5,-1,-1,5,-1
30018,16,-1,-1,1,-1,-1,10,10,-1,-1,15,-1
30018,17,1,-1,-1,-1,-1,-1,2,-1,-1,-1,3
30018,18,5,-1,-1,-1,-1,-1,40,-1,-1,-1,50
30019,1,10,-1,-1,-1,-1,15,15,-1,-1,20,-1
30019,2,-1,-1,-1,-1,-1,-1,-1,-1,-1,15,30
30019,8,1,-1,-1,-1,-1,-1,10,-1,-1,-1,15
30019,12,10,-1,-1,-1,-1,-1,25,-1,-1,-1,35
30019,15,-1,-1,-1,1,-1,1,1,-1,-1,5,-1
30019,16,-1,-1,-1,1,-1,5,5,-1,-1,10,-1
30019,19,-1,-1,5,-1,-1,35,35,-1,-1,50,-1
30019,30,-1,-1,-1,-1,-1,-1,-1,1,-1,-1,-1
30020,1,10,-1,-1,-1,-1,20,20,-1,-1,25,-1
30020,3,-1,-1,-1,-1,-1,-1,-1,1,-1,-1,-1
30020,8,1,-1,-1,-1,-1,-1,10,-1,-1,-1,15
30020,9,10,-1,-1,-1,-1,-1,25,-1,-1,-1,35
30020,14,-1,-1,-1,-1,-1,-1,-1,-1,-1,15,30
30020,15,1,-1,-1,-1,-1,-1,5,-1,-1,-1,10
30020,16,1,-1,-1,-1,-1,-1,15,-1,-1,-1,20
30020,19,-1,-1,-1,5,-1,20,20,-1,-1,35,-1
30021,8,-1,-1,-1,-1,-1,-1,-1,5,10,-1,-1
30021,9,-1,-1,-1,-1,-1,-1,-1,-1,-1,15,30
30021,14,10,-1,-1,-1,-1,-1,25,-1,-1,-1,30
30021,25,10,-1,-1,-1,-1,-1,40,-1,-1,-1,60
30021,26,10,-1,-1,-1,-1,-1,25,-1,-1,-1,35
30021,27,5,-1,-1,-1,-1,-1,20,-1,-1,-1,30
30021,28,1,-1,-1,-1,-1,-1,15,-1,-1,-1,25
30022,1,10,-1,-1,-1,-1,-1,25,-1,-1,-1,30
30022,2,-1,-1,-1,10,-1,20,20,-1,-1,30,-1
30022,6,-1,-1,-1,-1,-1,-1,-1,1,-1,-1,-1
30022,14,-1,-1,-1,10,-1,15,15,-1,-1,20,-1
30022,15,-1,-1,-1,1,-1,1,1,-1,-1,5,-1
30022,16,-1,-1,-1,1,-1,5,5,-1,-1,10,-1
30022,17,-1,-1,-1,-1,-1,-1,-1,-1,-1,1,2
30022,18,-1,-1,-1,-1,-1,-1,-1,-1,-1,5,10
30022,19,-1,-1,5,-1,-1,35,35,-1,-1,50,-1
30023,1,10,-1,-1,-1,-1,15,15,-1,-1,20,-1
30023,2,10,-1,-1,-1,-1,-1,40,-1,-1,-1,50
30023,6,-1,-1,-1,-1,-1,-1,-1,1,-1,-1,-1
30023,14,-1,5,-1,-1,10,-1,-1,-1,15,-1,-1
30023,15,-1,-1,-1,-1,-1,-1,-1,-1,-1,1,5
30023,16,-1,-1,-1,-1,-1,-1,-1,-1,-1,10,15
30023,17,-1,-1,1,-1,-1,2,2,-1,-1,2,-1
30023,18,-1,-1,5,-1,-1,30,30,-1,-1,40,-1
30023,19,-1,-1,-1,5,-1,20,20,-1,-1,35,-1
30024,1,10,-1,-1,-1,-1,15,15,-1,-1,20,-1
30024,2,10,-1,-1,-1,-1,-1,40,-1,-1,-1,60
30024,5,-1,-1,-1,-1,-1,-1,-1,1,-1,-1,-1
30024,8,-1,-1,-1,-1,-1,-1,-1,-1,-1,5,10
30024,14,-1,-1,10,-1,-1,20,20,-1,-1,25,-1
30024,17,-1,-1,1,-1,-1,2,2,-1,-1,2,-1
30024,18,-1,-1,5,-1,-1,30,30,-1,-1,40,-1
30024,19,-1,-1,-1,5,-1,20,20,-1,-1,35,-1
30025,1,10,-1,-1,-1,-1,-1,25,-1,-1,-1,35
30025,2,-1,-1,-1,10,-1,20,20,-1,-1,30,-1
30025,3,-1,-1,-1,-1,-1,-1,-1,1,-1,-1,-1
30025,14,-1,-1,1,-1,-1,5,5,-1,-1,10,-1
30025,15,-1,-1,-1,1,-1,1,1,-1,-1,5,-1
30025,16,-1,-1,-1,1,-1,5,5,-1,-1,10,-1
30025,19,-1,-1,-1,-1,-1,-1,-1,-1,-1,15,30
30026,1,10,-1,-1,-1,-1,15,15,-1,-1,20,-1
30026,2,10,-1,-1,-1,-1,-1,40,-1,-1,-1,60
30026,3,-1,-1,-1,-1,-1,-1,-1,1,-1,-1,-1
30026,8,-1,-1,-1,-1,-1,-1,-1,-1,-1,5,10
30026,14,-1,-1,10,-1,-1,20,20,-1,-1,25,-1
30026,17,-1,-1,1,-1,-1,2,2,-1,-1,2,-1
30026,18,-1,-1,5,-1,-1,30,30,-1,-1,40,-1
30026,19,-1,-1,-1,5,-1,20,20,-1,-1,35,-1
30027,1,10,-1,-1,-1,-1,-1,25,-1,-1,-1,35
30027,2,-1,-1,10,-1,-1,30,30,-1,-1,40,-1
30027,5,-1,-1,-1,-1,-1,-1,-1,1,-1,-1,-1
30027,14,-1,-1,10,-1,-1,20,20,-1,-1,25,-1
30027,15,-1,-1,1,-1,-1,5,5,-1,-1,5,-1
30027,16,-1,-1,1,-1,-1,10,10,-1,-1,15,-1
30027,17,-1,-1,-1,-1,-1,-1,-1,-1,-1,2,3
30027,18,-1,-1,-1,-1,-1,-1,-1,-1,-1,30,40
30027,19,5,-1,-1,-1,-1,-1,50,-1,-1,-1,65
30028,1,10,-1,-1,-1,-1,20,20,-1,-1,25,-1
30028,2,-1,-1,-1,10,-1,20,20,-1,-1,30,-1
30028,5,-1,-1,-1,-1,-1,-1,-1,1,-1,-1,-1
30028,8,-1,-1,1,-1,-1,5,5,-1,-1,10,-1
30028,14,10,-1,-1,-1,-1,-1,25,-1,-1,-1,35
30028,15,-1,-1,1,-1,-1,5,5,-1,-1,5,-1
30028,16,-1,-1,1,-1,-1,10,10,-1,-1,15,-1
30028,17,-1,-1,-1,1,-1,1,1,-1,-1,2,-1
30028,18,-1,-1,-1,5,-1,20,20,-1,-1,30,-1
30028,19,-1,-1,-1,-1,-1,-1,-1,-1,-1,40,80
30029,1,10,-1,-1,-1,-1,15,15,-1,-1,20,-1
30029,2,-1,-1,10,-1,-1,30,30,-1,-1,40,-1
30029,6,-1,-1,-1,-1,-1,-1,-1,1,-1,-1,-1
30029,8,-1,-1,-1,-1,-1,-1,-1,-1,-1,5,10
30029,10,-1,-1,-1,10,-1,15,15,-1,-1,20,-1
30029,14,-1,-1,10,-1,-1,20,20,-1,-1,25,-1
30029,15,1,-1,-1,-1,-1,-1,5,-1,-1,-1,10
30029,16,1,-1,-1,-1,-1,-1,15,-1,-1,-1,20
30029,19,-1,-1,5,-1,-1,35,35,-1,-1,50,-1
30030,1,10,-1,-1,-1,-1,20,20,-1,-1,25,-1
30030,2,-1,-1,-1,-1,-1,-1,-1,-1,-1,15,30
30030,6,-1,-1,-1,-1,-1,-1,-1,1,-1,-1,-1
30030,8,-1,-1,-1,1,-1,5,5,-1,-1,5,-1
30030,12,10,-1,-1,-1,-1,-1,25,-1,-1,-1,35
30030,15,-1,-1,-1,1,-1,1,1,-1,-1,5,-1
30030,16,-1,-1,-1,1,-1,5,5,-1,-1,10,-1
30030,19,5,-1,-1,-1,-1,-1,50,-1,-1,-1,65
30031,1,10,-1,-1,-1,-1,15,15,-1,-1,20,-1
30031,2,10,-1,-1,-1,-1,-1,40,-1,-1,-1,60
30031,7,-1,-1,-1,-1,-1,-1,-1,1,-1,-1,-1
30031,13,-1,-1,-1,-1,-1,-1,-1,-1,-1,15,30
30031,14,-1,-1,10,-1,-1,20,20,-1,-1,25,-1
30031,17,-1,-1,1,-1,-1,2,2,-1,-1,2,-1
30031,18,-1,-1,5,-1,-1,30,30,-1,-1,40,-1
30031,19,-1,-1,-1,5,-1,20,20,-1,-1,35,-1
30031,31,1,-1,-1,-1,-1,-1,3,-1,-1,-1,5
30032,1,10,-1,-1,-1,-1,15,15,-1,-1,20,-1
30032,2,-1,-1,10,-1,-1,30,30,-1,-1,40,-1
30032,5,-1,-1,-1,-1,-1,-1,-1,1,-1,-1,-1
30032,8,-1,-1,-1,1,-1,5,5,-1,-1,5,-1
30032,14,-1,-1,-1,10,-1,15,15,-1,-1,20,-1
30032,15,-1,-1,-1,-1,-1,-1,-1,-1,-1,5,10
30032,16,-1,-1,-1,-1,-1,-1,-1,-1,-1,10,15
30032,17,1,-1,-1,-1,-1,-1,2,-1,-1,-1,4
30032,18,5,-1,-1,-1,-1,-1,40,-1,-1,-1,60
30033,1,10,-1,-1,-1,-1,15,15,-1,-1,20,-1
30033,2,-1,-1,-1,-1,-1,-1,-1,-1,-1,15,30
30033,5,-1,-1,-1,-1,-1,-1,-1,1,-1,-1,-1
30033,8,-1,-1,-1,1,-1,5,5,-1,-1,5,-1
30033,14,5,-1,-1,-1,-1,-1,20,-1,-1,-1,30
30033,17,-1,-1,1,-1,-1,2,2,-1,-1,2,-1
30033,18,-1,-1,5,-1,-1,30,30,-1,-1,40,-1
30033,19,-1,-1,-1,5,-1,20,20,-1,-1,35,-1
30034,1,10,-1,-1,-1,-1,-1,25,-1,-1,-1,30
30034,5,-1,-1,-1,-1,-1,-1,-1,1,-1,-1,-1
30034,8,-1,-1,-1,-1,-1,-1,-1,-1,-1,5,10
30034,14,-1,-1,-1,10,-1,15,15,-1,-1,20,-1
30034,15,-1,-1,-1,1,-1,1,1,-1,-1,5,-1
30034,16,-1,-1,-1,1,-1,5,5,-1,-1,10,-1
30034,17,-1,-1,-1,-1,-1,1,-1,-1,-1,-1,-1
30034,18,-1,-1,-1,-1,-1,20,-1,-1,-1,-1,-1
30034,19,-1,-1,5,-1,-1,35,35,-1,-1,50,-1
30036,8,-1,-1,-1,-1,-1,-1,-1,5,10,-1,-1
30036,10,-1,-1,-1,-1,-1,-1,-1,-1,-1,15,30
30036,14,10,-1,-1,-1,-1,-1,25,-1,-1,-1,30
30036,15,1,-1,-1,-1,-1,-1,5,-1,-1,-1,10
30036,16,1,-1,-1,-1,-1,-1,15,-1,-1,-1,20
30036,25,-1,-1,-1,10,-1,20,20,-1,-1,30,-1
30036,26,10,-1,-1,-1,-1,-1,25,-1,-1,-1,35
30036,27,-1,-1,5,-1,-1,15,15,-1,-1,20,-1
30036,28,-1,-1,1,-1,-1,10,10,-1,-1,15,-1
30037,1,10,-1,-1,-1,-1,15,15,-1,-1,20,-1
30037,5,-1,-1,-1,-1,-1,-1,-1,1,-1,-1,-1
30037,6,-1,-1,-1,-1,-1,-1,-1,-1,-1,1,2
30037,8,-1,-1,1,-1,-1,5,5,-1,-1,10,-1
30037,9,-1,-1,-1,10,-1,15,15,-1,-1,20,-1
30037,14,-1,-1,10,-1,-1,20,20,-1,-1,25,-1
30037,15,-1,-1,-1,1,-1,1,1,-1,-1,5,-1
30037,16,-1,-1,-1,1,-1,5,5,-1,-1,10,-1
30037,17,1,-1,-1,-1,-1,-1,2,-1,-1,-1,3
30037,18,5,-1,-1,-1,-1,-1,40,-1,-1,-1,50
30037,19,5,-1,-1,-1,-1,-1,50,-1,-1,-1,65
30038,1,10,-1,-1,-1,-1,15,15,-1,-1,20,-1
30038,2,10,-1,-1,-1,-1,-1,40,-1,-1,-1,60
30038,4,-1,-1,-1,-1,-1,-1,-1,1,-1,-1,-1
30038,14,-1,-1,10,-1,-1,20,20,-1,-1,25,-1
30038,15,-1,-1,-1,-1,-1,-1,-1,-1,-1,5,10
30038,16,-1,-1,-1,-1,-1,-1,-1,-1,-1,10,15
30038,17,-1,-1,1,-1,-1,2,2,-1,-1,2,-1
30038,18,-1,-1,5,-1,-1,30,30,-1,-1,40,-1
30038,19,-1,-1,-1,5,-1,20,20,-1,-1,35,-1
30039,1,10,-1,-1,-1,-1,-1,25,-1,-1,-1,30
30039,2,-1,-1,-1,10,-1,20,20,-1,-1,30,-1
30039,5,-1,-1,-1,-1,-1,-1,-1,1,-1,-1,-1
30039,9,-1,-1,10,-1,-1,20,20,-1,-1,25,-1
30039,14,-1,-1,-1,-1,-1,-1,-1,-1,-1,15,30
30039,15,1,-1,-1,-1,-1,-1,5,-1,-1,-1,10
30039,16,1,-1,-1,-1,-1,-1,15,-1,-1,-1,20
30039,19,-1,-1,-1,5,-1,20,20,-1,-1,35,-1
30040,1,10,-1,-1,-1,-1,20,20,-1,-1,25,-1
30040,2,-1,-1,-1,-1,-1,-1,-1,-1,-1,15,30
30040,6,-1,-1,-1,-1,-1,-1,-1,1,-1,-1,-1
30040,8,-1,-1,-1,1,-1,5,5,-1,-1,5,-1
30040,14,-1,-1,10,-1,-1,20,20,-1,-1,25,-1
30040,17,1,-1,-1,-1,-1,-1,2,-1,-1,-1,4
30040,18,5,-1,-1,-1,-1,-1,40,-1,-1,-1,60
30040,19,-1,-1,-1,5,-1,10,10,-1,-1,20,-1
30041,1,10,-1,-1,-1,-1,-1,20,-1,-1,-1,30
30041,2,-1,-1,1,-1,-1,-1,15,-1,-1,-1,30
30041,7,-1,-1,-1,-1,-1,-1,-1,1,-1,-1,-1
30041,14,-1,-1,-1,10,-1,15,15,-1,-1,20,-1
30041,15,-1,-1,-1,1,-1,1,1,-1,-1,5,-1
30041,16,-1,-1,-1,1,-1,5,5,-1,-1,10,-1
30041,19,-1,-1,-1,5,-1,20,20,-1,-1,35,-1
30041,31,-1,-1,-1,-1,-1,-1,-1,-1,-1,1,5
30042,1,10,-1,-1,-1,-1,20,20,-1,-1,25,-1
30042,8,1,-1,-1,-1,-1,-1,10,-1,-1,-1,15
30042,11,-1,-1,5,-1,-1,-1,15,-1,-1,-1,25
30042,14,5,-1,-1,-1,-1,-1,20,-1,-1,-1,30
30042,15,-1,-1,-1,1,-1,1,1,-1,-1,5,-1
30042,16,-1,-1,-1,1,-1,5,5,-1,-1,10,-1
30042,17,-1,-1,-1,-1,-1,-1,-1,-1,-1,2,3
30042,18,-1,-1,-1,-1,-1,-1,-1,-1,-1,30,40
30042,30,-1,-1,-1,-1,-1,-1,-1,1,-1,-1,-1
30043,1,10,-1,-1,-1,-1,15,15,-1,-1,20,-1
30043,2,-1,-1,-1,10,-1,20,20,-1,-1,30,-1
30043,4,-1,-1,-1,-1,-1,-1,-1,1,-1,-1,-1
30043,8,-1,-1,-1,-1,-1,-1,-1,-1,-1,5,10
30043,10,10,-1,-1,-1,-1,-1,25,-1,-1,-1,30
30043,14,-1,-1,10,-1,-1,20,20,-1,-1,25,-1
30043,17,1,-1,-1,-1,-1,-1,2,-1,-1,-1,3
30043,18,5,-1,-1,-1,-1,-1,40,-1,-1,-1,50
30043,19,-1,-1,5,-1,-1,35,35,-1,-1,50,-1
30044,1,10,-1,-1,-1,-1,-1,25,-1,-1,-1,30
30044,3,-1,-1,-1,-1,-1,-1,-1,1,-1,-1,-1
30044,8,-1,-1,-1,1,-1,5,5,-1,-1,5,-1
30044,15,-1,-1,-1,1,-1,1,1,-1,-1,5,-1
30044,16,-1,-1,-1,1,-1,5,5,-1,-1,10,-1
30044,17,-1,-1,-1,-1,-1,-1,-1,-1,-1,2,3
30044,18,-1,-1,-1,-1,-1,-1,-1,-1,-1,30,40
30044,19,-1,-1,-1,5,-1,20,20,-1,-1,35,-1
30045,1,10,-1,-1,-1,-1,-1,25,-1,-1,-1,35
30045,2,-1,-1,-1,-1,-1,-1,-1,-1,-1,15,30
30045,9,-1,-1,10,-1,-1,20,20,-1,-1,25,-1
30045,15,1,-1,-1,-1,-1,-1,5,-1,-1,-1,10
30045,16,1,-1,-1,-1,-1,-1,15,-1,-1,-1,20
30045,19,5,-1,-1,-1,-1,-1,50,-1,-1,-1,65
30045,30,-1,-1,-1,-1,-1,-1,-1,1,-1,-1,-1
30046,1,10,-1,-1,-1,-1,15,15,-1,-1,20,-1
30046,2,-1,-1,-1,10,-1,20,20,-1,-1,30,-1
30046,6,-1,-1,-1,-1,-1,-1,-1,1,-1,-1,-1
30046,14,10,-1,-1,-1,-1,-1,25,-1,-1,-1,35
30046,15,-1,-1,-1,-1,-1,-1,-1,-1,-1,5,10
30046,16,-1,-1,-1,-1,-1,-1,-1,-1,-1,10,15
30046,17,1,-1,-1,-1,-1,-1,2,-1,-1,-1,3
30046,18,5,-1,-1,-1,-1,-1,40,-1,-1,-1,50
30047,1,10,-1,-1,-1,-1,20,20,-1,-1,25,-1
30047,5,-1,-1,-1,-1,-1,-1,-1,1,-1,-1,-1
30047,8,-1,-1,-1,1,-1,5,5,-1,-1,5,-1
30047,11,10,-1,-1,-1,-1,-1,25,-1,-1,-1,30
30047,14,-1,-1,-1,5,-1,-1,10,-1,-1,15,-1
30047,17,-1,-1,-1,-1,-1,-1,-1,-1,-1,2,3
30047,18,-1,-1,-1,-1,-1,-1,-1,-1,-1,30,40
30047,19,-1,-1,10,-1,-1,-1,15,-1,-1,-1,20
30048,1,10,-1,-1,-1,-1,20,20,-1,-1,25,-1
30048,2,10,-1,-1,-1,-1,-1,40,-1,-1,-1,50
30048,6,-1,-1,-1,-1,-1,-1,-1,1,-1,-1,-1
30048,14,-1,-1,-1,-1,-1,-1,-1,-1,-1,15,30
30048,15,1,-1,-1,-1,-1,-1,5,-1,-1,-1,10
30048,16,1,-1,-1,-1,-1,-1,15,-1,-1,-1,20
30048,17,-1,-1,-1,1,-1,1,1,-1,-1,2,-1
30048,18,-1,-1,-1,5,-1,20,20,-1,-1,30,-1
30048,19,-1,-1,5,-1,-1,35,35,-1,-1,50,-1
30052,8,-1,-1,-1,-1,-1,-1,-1,5,10,-1,-1
30052,9,-1,-1,-1,-1,-1,-1,-1,-1,-1,15,30
30052,12,10,-1,-1,-1,-1,-1,25,-1,-1,-1,30
30052,14,10,-1,-1,-1,-1,-1,25,-1,-1,-1,30
30052,15,-1,-1,-1,1,-1,1,1,-1,-1,5,-1
30052,16,-1,-1,-1,1,-1,5,5,-1,-1,10,-1
30052,25,10,-1,-1,-1,-1,-1,40,-1,-1,-1,60
30052,26,10,-1,-1,-1,-1,-1,25,-1,-1,-1,35
30052,27,5,-1,-1,-1,-1,-1,20,-1,-1,-1,30
30052,28,-1,-1,-1,1,-1,5,5,-1,-1,10,-1
30053,1,10,-1,-1,-1,-1,20,20,-1,-1,25,-1
30053,3,-1,-1,-1,1,-1,1,1,-1,-1,1,-1
30053,5,-1,-1,-1,-1,-1,-1,-1,1,-1,-1,-1
30053,8,-1,-1,-1,-1,-1,-1,-1,-1,-1,5,10
30053,14,-1,-1,-1,10,-1,15,15,-1,-1,20,-1
30053,15,-1,-1,1,-1,-1,5,5,-1,-1,5,-1
30053,16,-1,-1,1,-1,-1,10,10,-1,-1,15,-1
30053,17,1,-1,-1,-1,-1,-1,2,-1,-1,-1,4
30053,18,5,-1,-1,-1,-1,-1,40,-1,-1,-1,60
30053,19,-1,-1,5,-1,-1,35,35,-1,-1,50,-1
30054,1,10,-1,-1,-1,-1,20,20,-1,-1,25,-1
30054,7,-1,-1,-1,-1,-1,-1,-1,1,-1,-1,-1
30054,8,1,-1,-1,-1,-1,-1,10,-1,-1,-1,15
30054,14,-1,-1,-1,10,-1,15,15,-1,-1,20,-1
30054,15,-1,-1,-1,-1,-1,-1,-1,-1,-1,5,10
30054,16,-1,-1,-1,-1,-1,-1,-1,-1,-1,10,15
30054,17,-1,-1,-1,-1,-1,1,-1,-1,-1,-1,-1
30054,18,-1,-1,-1,-1,-1,20,-1,-1,-1,-1,-1
30054,19,-1,-1,-1,5,-1,20,20,-1,-1,35,-1
30054,31,1,-1,-1,-1,-1,-1,3,-1,-1,-1,5
30055,1,10,-1,-1,-1,-1,-1,25,-1,-1,-1,35
30055,3,-1,-1,-1,-1,-1,-1,-1,1,-1,-1,-1
30055,8,-1,-1,1,-1,-1,-1,5,-1,-1,-1,10
30055,14,-1,-1,-1,-1,-1,-1,-1,-1,-1,15,30
30055,17,-1,-1,-1,1,-1,1,1,-1,-1,2,-1
30055,18,-1,-1,-1,5,-1,20,20,-1,-1,30,-1
30055,19,-1,5,-1,-1,-1,-1,10,-1,-1,-1,20
30055,31,1,-1,-1,-1,-1,-1,3,-1,-1,-1,5
30056,1,10,-1,-1,-1,-1,-1,25,-1,-1,-1,30
30056,8,-1,-1,1,-1,-1,5,5,-1,-1,10,-1
30056,5,-1,-1,-1,-1,-1,-1,-1,1,-1,-1,-1
30056,11,-1,-1,-1,-1,-1,-1,-1,-1,-1,15,30
30056,14,-1,-1,-1,10,-1,15,15,-1,-1,20,-1
30056,17,1,-1,-1,-1,-1,-1,2,-1,-1,-1,3
30056,18,5,-1,-1,-1,-1,-1,40,-1,-1,-1,50
30056,19,-1,-1,5,-1,-1,35,35,-1,-1,50,-1
30057,1,10,-1,-1,-1,-1,20,20,-1,-1,25,-1
30057,2,-1,10,-1,-1,-1,-1,15,-1,-1,-1,20
30057,8,-1,1,-1,-1,-1,-1,5,-1,-1,-1,10
30057,14,-1,1,-1,-1,-1,-1,10,-1,-1,-1,20
30057,17,-1,-1,-1,-1,-1,-1,-1,-1,-1,2,3
30057,18,-1,-1,-1,-1,-1,-1,-1,-1,-1,30,40
30057,30,-1,-1,-1,-1,-1,-1,-1,1,-1,-1,-1
30058,1,10,-1,-1,-1,-1,15,15,-1,-1,20,-1
30058,2,-1,-1,-1,10,-1,20,20,-1,-1,30,-1
30058,11,-1,-1,-1,-1,-1,-1,-1,-1,-1,15,30
30058,14,10,-1,-1,-1,-1,-1,25,-1,-1,-1,30
30058,17,-1,-1,-1,-1,1,-1,-1,-1,-1,-1,-1
30058,18,-1,-1,-1,-1,40,-1,-1,-1,-1,-1,-1
30058,19,10,-1,-1,-1,-1,-1,-1,-1,-1,-1,20
30059,1,10,-1,-1,-1,-1,-1,15,-1,-1,-1,20
30059,2,-1,-1,10,-1,-1,-1,20,-1,-1,-1,40
30059,10,-1,-1,-1,-1,-1,-1,-1,-1,-1,15,30
30059,14,-1,-1,-1,10,-1,15,15,-1,-1,20,-1
30059,15,-1,-1,1,-1,-1,5,5,-1,-1,5,-1
30059,16,-1,-1,1,-1,-1,10,10,-1,-1,15,-1
30059,17,-1,-1,-1,-1,1,-1,-1,-1,-1,-1,-1
30059,18,-1,-1,-1,-1,40,-1,-1,-1,-1,-1,-1
30060,1,10,-1,-1,-1,-1,-1,20,-1,-1,-1,25
30060,8,-1,-1,1,-1,-1,-1,5,-1,-1,-1,5
30060,12,-1,-1,-1,-1,-1,-1,-1,-1,-1,15,30
30060,14,-1,-1,10,-1,-1,20,20,-1,-1,25,-1
30060,17,-1,-1,-1,1,-1,1,1,-1,-1,2,-1
30060,18,-1,-1,-1,5,-1,20,20,-1,-1,30,-1
30060,19,10,-1,-1,-1,-1,-1,15,-1,-1,-1,20
30061,1,10,-1,-1,-1,-1,-1,20,-1,-1,-1,20
30061,2,-1,-1,5,-1,-1,-1,10,-1,-1,-1,15
30061,8,-1,-1,1,-1,-1,-1,5,-1,-1,-1,5
30061,14,-1,-1,-1,-1,-1,-1,-1,-1,-1,10,20
30061,15,-1,-1,-1,1,-1,1,1,-1,-1,5,-1
30061,16,-1,-1,-1,1,-1,5,5,-1,-1,10,-1
30061,19,10,-1,-1,-1,-1,-1,20,-1,-1,-1,30
30061,31,1,-1,-1,-1,-1,-1,2,-1,-1,-1,3
30062,1,10,-1,-1,-1,-1,20,20,-1,-1,25,-1
30062,2,-1,-1,-1,10,-1,20,20,-1,-1,30,-1
30062,4,-1,-1,-1,-1,-1,-1,-1,1,-1,-1,-1
30062,10,10,-1,-1,-1,-1,-1,25,-1,-1,-1,35
30062,14,-1,-1,-1,-1,-1,-1,-1,-1,-1,15,30
30062,15,-1,-1,-1,1,-1,1,1,-1,-1,5,-1
30062,16,-1,-1,-1,1,-1,5,5,-1,-1,10,-1
30062,19,-1,-1,-1,5,-1,20,20,-1,-1,35,-1
30063,1,10,-1,-1,-1,-1,-1,25,-1,-1,-1,30
30063,6,-1,-1,-1,-1,-1,-1,-1,1,-1,-1,-1
30063,8,-1,-1,-1,1,-1,5,5,-1,-1,5,-1
30063,14,-1,-1,-1,-1,-1,-1,-1,-1,-1,15,30
30063,15,1,-1,-1,-1,-1,-1,5,-1,-1,-1,10
30063,16,1,-1,-1,-1,-1,-1,15,-1,-1,-1,20
30063,17,1,-1,-1,-1,-1,-1,2,-1,-1,-1,3
30063,18,5,-1,-1,-1,-1,-1,40,-1,-1,-1,50
30063,19,-1,-1,-1,5,-1,20,20,-1,-1,35,-1
30064,1,10,-1,-1,-1,-1,20,20,-1,-1,25,-1
30064,2,10,-1,-1,-1,-1,-1,40,-1,-1,-1,60
30064,4,-1,-1,-1,-1,-1,-1,-1,1,-1,-1,-1
30064,11,-1,-1,-1,-1,-1,-1,-1,-1,-1,15,30
30064,14,-1,-1,-1,10,-1,15,15,-1,-1,20,-1
30064,15,1,-1,-1,-1,-1,-1,5,-1,-1,-1,10
30064,16,1,-1,-1,-1,-1,-1,15,-1,-1,-1,20
30064,19,5,-1,-1,-1,-1,-1,50,-1,-1,-1,65
30065,1,10,-1,-1,-1,-1,-1,15,-1,-1,15,20
30065,2,-1,-1,-1,-1,1,-1,20,-1,25,-1,30
30065,3,-1,-1,-1,-1,-1,-1,-1,1,-1,-1,-1
30065,8,-1,-1,-1,1,-1,5,5,-1,-1,5,-1
30065,14,-1,-1,10,-1,-1,20,20,-1,-1,25,-1
30065,17,-1,-1,-1,-1,-1,-1,-1,-1,-1,2,3
30065,18,-1,-1,-1,-1,-1,-1,-1,-1,-1,30,40
30065,19,-1,-1,5,-1,-1,35,35,-1,-1,50,-1
30066,1,10,-1,-1,-1,-1,15,15,-1,-1,20,-1
30066,2,-1,-1,10,-1,-1,30,30,-1,-1,40,-1
30066,3,-1,-1,-1,-1,-1,-1,-1,1,-1,-1,-1
30066,13,-1,-1,-1,-1,-1,-1,-1,-1,-1,15,30
30066,14,-1,-1,-1,10,-1,15,15,-1,-1,20,-1
30066,15,-1,-1,-1,1,-1,1,1,-1,-1,5,-1
30066,16,-1,-1,-1,1,-1,5,5,-1,-1,10,-1
30066,19,-1,5,-1,-1,-1,-1,10,-1,-1,-1,20
30066,31,1,-1,-1,-1,-1,-1,3,-1,-1,-1,5
30067,1,10,-1,-1,-1,-1,-1,25,-1,-1,-1,35
30067,3,-1,-1,-1,-1,-1,-1,-1,1,-1,-1,-1
30067,8,-1,-1,-1,1,-1,5,5,-1,-1,5,-1
30067,9,-1,-1,-1,10,-1,15,15,-1,-1,20,-1
30067,14,10,-1,-1,-1,-1,-1,25,-1,-1,-1,35
30067,15,-1,-1,-1,-1,-1,-1,-1,-1,-1,5,10
30067,16,-1,-1,-1,-1,-1,-1,-1,-1,-1,10,15
30067,25,-1,-1,-1,10,-1,20,20,-1,-1,30,-1
30067,26,-1,-1,-1,10,-1,15,15,-1,-1,20,-1
30067,31,-1,-1,-1,1,-1,1,1,-1,-1,2,-1
30068,1,10,-1,-1,-1,-1,-1,25,-1,-1,-1,30
30068,2,-1,-1,-1,10,-1,20,20,-1,-1,30,-1
30068,7,-1,-1,-1,-1,-1,-1,-1,1,-1,-1,-1
30068,8,-1,-1,-1,1,-1,5,5,-1,-1,5,-1
30068,14,-1,-1,-1,-1,-1,-1,-1,-1,-1,15,30
30068,15,-1,-1,-1,1,-1,1,1,-1,-1,5,-1
30068,16,-1,-1,-1,1,-1,5,5,-1,-1,10,-1
30068,19,5,-1,-1,-1,-1,-1,50,-1,-1,-1,65
30068,31,1,-1,-1,-1,-1,-1,3,-1,-1,-1,5
30069,1,10,-1,-1,-1,-1,-1,25,-1,-1,-1,35
30069,2,-1,-1,-1,10,-1,20,20,-1,-1,30,-1
30069,8,-1,-1,-1,1,-1,5,5,-1,-1,5,-1
30069,14,-1,-1,10,-1,-1,20,20,-1,-1,25,-1
30069,15,-1,-1,-1,-1,-1,-1,-1,-1,-1,5,10
30069,16,-1,-1,-1,-1,-1,-1,-1,-1,-1,10,15
30069,17,-1,-1,-1,-1,-1,1,-1,-1,-1,-1,-1
30069,18,-1,-1,-1,-1,-1,20,-1,-1,-1,-1,-1
30069,19,-1,-1,-1,5,-1,20,20,-1,-1,35,-1
30069,30,-1,-1,-1,-1,-1,-1,-1,1,-1,-1,-1
30070,1,10,-1,-1,-1,-1,15,15,-1,-1,20,-1
30070,6,-1,-1,-1,-1,-1,-1,-1,1,-1,-1,-1
30070,8,-1,-1,-1,-1,-1,-1,-1,-1,-1,5,10
30070,12,-1,-1,10,-1,-1,20,20,-1,-1,25,-1
30070,14,-1,-1,10,-1,-1,20,20,-1,-1,25,-1
30070,15,1,-1,-1,-1,-1,-1,5,-1,-1,-1,10
30070,16,1,-1,-1,-1,-1,-1,15,-1,-1,-1,20
30070,19,-1,-1,5,-1,-1,35,35,-1,-1,50,-1
30071,1,10,-1,-1,-1,-1,-1,25,-1,-1,-1,30
30071,2,10,-1,-1,-1,-1,-1,40,-1,-1,-1,50
30071,8,-1,-1,-1,1,-1,5,5,-1,-1,5,-1
30071,15,1,-1,-1,-1,-1,-1,5,-1,-1,-1,10
30071,16,1,-1,-1,-1,-1,-1,15,-1,-1,-1,20
30071,17,-1,-1,-1,-1,-1,-1,-1,-1,-1,2,3
30071,18,-1,-1,-1,-1,-1,-1,-1,-1,-1,30,40
30071,19,-1,-1,-1,5,-1,20,20,-1,-1,35,-1
30071,30,-1,-1,-1,-1,-1,-1,-1,1,-1,-1,-1
30072,1,10,-1,-1,-1,-1,20,20,-1,-1,25,-1
30072,2,10,-1,-1,-1,-1,-1,40,-1,-1,-1,50
30072,3,-1,-1,-1,-1,-1,-1,-1,1,-1,-1,-1
30072,8,-1,-1,-1,1,-1,5,5,-1,-1,5,-1
30072,15,-1,-1,-1,1,-1,1,1,-1,-1,5,-1
30072,16,-1,-1,-1,1,-1,5,5,-1,-1,10,-1
30072,17,1,-1,-1,-1,-1,-1,2,-1,-1,-1,3
30072,18,5,-1,-1,-1,-1,-1,40,-1,-1,-1,50
30072,19,-1,-1,-1,-1,-1,-1,-1,-1,-1,40,80
30073,1,10,-1,-1,-1,-1,-1,25,-1,-1,-1,35
30073,7,-1,-1,-1,-1,-1,-1,-1,1,-1,-1,-1
30073,8,-1,-1,1,-1,-1,5,5,-1,-1,10,-1
30073,14,-1,-1,10,-1,-1,20,20,-1,-1,25,-1
30073,15,1,-1,-1,-1,-1,-1,5,-1,-1,-1,10
30073,16,1,-1,-1,-1,-1,-1,15,-1,-1,-1,20
30073,31,1,-1,-1,-1,-1,-1,3,-1,-1,-1,5
30074,1,10,-1,-1,-1,-1,20,20,-1,-1,25,-1
30074,4,-1,-1,-1,-1,-1,-1,-1,1,-1,-1,-1
30074,10,10,-1,-1,-1,-1,-1,25,-1,-1,-1,35
30074,11,10,-1,-1,-1,-1,-1,25,-1,-1,-1,35
30074,14,-1,-1,-1,10,-1,15,15,-1,-1,20,-1
30074,15,1,-1,-1,-1,-1,-1,5,-1,-1,-1,10
30074,16,1,-1,-1,-1,-1,-1,15,-1,-1,-1,20
30075,1,10,-1,-1,-1,-1,-1,25,-1,-1,-1,35
30075,4,-1,-1,-1,-1,-1,-1,-1,1,-1,-1,-1
30075,10,-1,-1,-1,10,-1,15,15,-1,-1,20,-1
30075,14,-1,-1,10,-1,-1,20,20,-1,-1,25,-1
30075,15,-1,-1,-1,-1,-1,-1,-1,-1,-1,5,10
30075,16,-1,-1,-1,-1,-1,-1,-1,-1,-1,10,15
30075,17,-1,-1,-1,1,-1,1,1,-1,-1,2,-1
30075,18,-1,-1,-1,5,-1,20,20,-1,-1,30,-1
30075,19,-1,-1,5,-1,-1,35,35,-1,-1,50,-1
30076,1,10,-1,-1,-1,-1,20,20,-1,-1,25,-1
30076,2,-1,-1,-1,-1,-1,-1,-1,-1,-1,15,30
30076,3,-1,-1,-1,-1,-1,-1,-1,1,-1,-1,-1
30076,14,-1,-1,5,-1,-1,-1,10,-1,-1,-1,-1
30076,17,-1,-1,-1,1,-1,1,1,-1,-1,-1,2
30076,18,-1,-1,-1,5,-1,20,20,-1,-1,-1,30
30076,19,-1,-1,5,-1,-1,35,35,-1,-1,50,-1
30077,1,10,-1,-1,-1,-1,-1,25,-1,-1,-1,30
30077,5,-1,-1,-1,-1,-1,-1,-1,1,-1,-1,-1
30077,8,1,-1,-1,-1,-1,-1,10,-1,-1,-1,15
30077,14,-1,-1,-1,10,-1,15,15,-1,-1,20,-1
30077,15,-1,-1,-1,-1,-1,-1,-1,-1,-1,5,10
30077,16,-1,-1,-1,-1,-1,-1,-1,-1,-1,10,15
30077,17,-1,-1,-1,-1,-1,1,-1,-1,-1,-1,-1
30077,18,-1,-1,-1,-1,-1,20,-1,-1,-1,-1,-1
30077,19,-1,-1,-1,5,-1,20,20,-1,-1,35,-1
30078,1,10,-1,-1,-1,-1,15,15,-1,-1,20,-1
30078,2,-1,-1,-1,10,-1,20,20,-1,-1,30,-1
30078,8,-1,-1,-1,-1,-1,-1,-1,5,10,-1,-1
30078,9,7,-1,-1,-1,-1,-1,10,-1,-1,-1,30
30078,10,7,-1,-1,-1,-1,-1,10,-1,-1,-1,30
30078,11,7,-1,-1,-1,-1,-1,10,-1,-1,-1,30
30078,12,7,-1,-1,-1,-1,-1,10,-1,-1,-1,30
30078,13,7,-1,-1,-1,-1,-1,10,-1,-1,-1,30
30078,14,-1,-1,-1,10,-1,15,15,-1,-1,20,-1
30078,15,-1,-1,-1,-1,-1,-1,-1,-1,-1,5,10
30078,16,-1,-1,-1,-1,-1,-1,-1,-1,-1,10,15
30078,28,-1,-1,-1,1,-1,5,5,-1,-1,10,-1
30079,1,10,-1,-1,-1,-1,20,20,-1,-1,25,-1
30079,4,-1,-1,-1,-1,-1,-1,-1,1,-1,-1,-1
30079,8,-1,-1,-1,1,-1,5,5,-1,-1,5,-1
30079,10,10,-1,-1,-1,-1,-1,25,-1,-1,-1,35
30079,12,10,-1,-1,-1,-1,-1,25,-1,-1,-1,35
30079,14,-1,-1,-1,10,-1,15,15,-1,-1,20,-1
30079,17,-1,-1,-1,-1,-1,-1,-1,-1,-1,2,3
30079,18,-1,-1,-1,-1,-1,-1,-1,-1,-1,30,40
30079,19,-1,-1,-1,5,-1,20,20,-1,-1,35,-1
30080,2,10,-1,-1,-1,-1,-1,40,-1,-1,-1,60
30080,14,-1,-1,10,-1,-1,20,20,-1,-1,25,-1
30080,25,-1,-1,-1,-1,-1,-1,-1,-1,-1,30,60
30080,26,1,-1,-1,-1,-1,-1,10,20,30,40,50
30080,30,-1,-1,-1,-1,-1,-1,-1,1,-1,-1,-1
30081,1,5,-1,-1,-1,-1,10,10,-1,-1,-1,15
30081,2,10,-1,-1,-1,-1,-1,15,-1,-1,-1,20
30081,12,-1,-1,-1,-1,-1,-1,-1,-1,-1,15,30
30081,14,-1,-1,-1,10,-1,15,15,-1,-1,20,-1
30081,15,-1,-1,-1,-1,-1,1,1,-1,-1,-1,5
30081,16,-1,-1,-1,-1,-1,5,5,-1,-1,-1,10
30081,25,-1,-1,-1,10,-1,20,20,-1,-1,30,-1
30081,26,-1,-1,-1,10,-1,15,15,-1,-1,20,-1
30081,30,-1,-1,-1,-1,-1,-1,-1,1,-1,-1,-1
30081,31,1,-1,-1,1,-1,1,1,-1,-1,-1,2
30082,1,10,-1,-1,-1,-1,-1,25,-1,-1,-1,30
30082,3,-1,-1,-1,-1,-1,-1,-1,1,-1,-1,-1
30082,8,-1,-1,-1,1,-1,5,5,-1,-1,5,-1
30082,13,-1,-1,-1,-1,-1,-1,-1,-1,-1,15,30
30082,14,10,-1,-1,-1,-1,-1,25,-1,-1,-1,30
30082,17,-1,-1,-1,-1,-1,1,-1,-1,-1,-1,-1
30082,18,-1,-1,-1,-1,-1,20,-1,-1,-1,-1,-1
30082,19,-1,-1,5,-1,-1,35,35,-1,-1,50,-1
30082,31,1,-1,-1,-1,-1,-1,3,-1,-1,-1,5
30083,1,10,-1,-1,-1,-1,-1,25,-1,-1,-1,35
30083,2,-1,-1,-1,10,-1,20,20,-1,-1,30,-1
30083,6,-1,-1,-1,-1,-1,-1,-1,1,-1,-1,-1
30083,12,-1,-1,-1,-1,-1,-1,-1,-1,-1,15,30
30083,14,-1,-1,10,-1,-1,20,20,-1,-1,25,-1
30083,15,1,-1,-1,-1,-1,-1,5,-1,-1,-1,10
30083,16,1,-1,-1,-1,-1,-1,15,-1,-1,-1,20
30083,17,1,-1,-1,-1,-1,-1,2,-1,-1,-1,3
30083,18,5,-1,-1,-1,-1,-1,40,-1,-1,-1,50
30084,1,10,-1,-1,-1,-1,15,15,-1,-1,20,-1
30084,3,-1,-1,-1,-1,-1,-1,-1,1,-1,-1,-1
30084,8,-1,-1,-1,1,-1,5,5,-1,-1,5,-1
30084,9,10,-1,-1,-1,-1,-1,25,-1,-1,-1,35
30084,11,-1,-1,-1,-1,-1,-1,-1,-1,-1,15,30
30084,14,-1,-1,10,-1,-1,20,20,-1,-1,25,-1
30084,15,-1,-1,-1,1,-1,1,1,-1,-1,5,-1
30084,16,-1,-1,-1,1,-1,5,5,-1,-1,10,-1
30084,19,-1,-1,5,-1,-1,35,35,-1,-1,50,-1
30085,1,10,-1,-1,-1,-1,20,20,-1,-1,25,-1
30085,2,-1,-1,-1,-1,-1,-1,-1,-1,-1,15,30
30085,4,-1,-1,-1,-1,-1,-1,-1,1,-1,-1,-1
30085,5,-1,-1,1,-1,-1,-1,-1,-1,-1,-1,-1
30085,14,-1,-1,10,-1,-1,20,20,-1,-1,25,-1
30085,15,-1,-1,-1,1,-1,1,1,-1,-1,5,-1
30085,16,-1,-1,-1,1,-1,5,5,-1,-1,10,-1
30085,17,1,-1,-1,-1,-1,-1,2,-1,-1,-1,3
30085,18,5,-1,-1,-1,-1,-1,40,-1,-1,-1,50
30085,19,-1,-1,-1,5,-1,20,20,-1,-1,35,-1
30086,1,10,-1,-1,-1,-1,-1,25,-1,-1,-1,30
30086,3,-1,-1,1,-1,-1,-1,-1,-1,-1,-1,1
30086,5,-1,-1,-1,-1,-1,-1,-1,1,-1,-1,-1
30086,14,-1,-1,-1,10,-1,15,15,-1,-1,-1,-1
30086,15,-1,-1,-1,-1,-1,-1,-1,-1,-1,5,10
30086,16,-1,-1,-1,-1,-1,-1,-1,-1,-1,10,15
30086,17,-1,-1,-1,1,-1,1,1,-1,-1,2,-1
30086,18,-1,-1,-1,5,-1,20,20,-1,-1,30,-1
30086,19,-1,-1,-1,5,-1,20,20,-1,-1,35,-1
30087,1,10,-1,-1,-1,-1,20,20,-1,-1,25,-1
30087,6,-1,-1,-1,-1,-1,-1,-1,1,-1,-1,-1
30087,10,-1,-1,-1,-1,-1,-1,-1,-1,-1,15,30
30087,14,10,-1,-1,-1,-1,-1,25,-1,-1,-1,30
30087,15,-1,-1,-1,1,-1,1,1,-1,-1,5,-1
30087,16,-1,-1,-1,1,-1,5,5,-1,-1,10,-1
30087,19,-1,-1,5,-1,-1,35,35,-1,-1,50,-1
30088,1,10,-1,-1,-1,-1,20,20,-1,-1,25,-1
30088,7,-1,-1,-1,-1,-1,-1,-1,1,-1,-1,-1
30088,13,-1,-1,-1,-1,-1,-1,-1,-1,-1,15,30
30088,14,-1,-1,-1,10,-1,15,15,-1,-1,20,-1
30088,15,-1,-1,-1,1,-1,1,1,-1,-1,5,-1
30088,16,-1,-1,-1,1,-1,5,5,-1,-1,10,-1
30088,17,-1,-1,-1,1,-1,1,-1,-1,-1,-1,-1
30088,18,-1,-1,-1,5,-1,20,-1,-1,-1,-1,-1
30088,19,-1,5,-1,-1,-1,-1,10,-1,-1,-1,20
30088,30,-1,-1,-1,1,-1,-1,-1,-1,-1,-1,1
30088,31,1,-1,-1,-1,-1,-1,3,-1,-1,-1,5
30089,1,10,-1,-1,-1,-1,-1,25,-1,-1,-1,30
30089,6,-1,-1,-1,-1,-1,-1,-1,1,-1,-1,-1
30089,8,-1,-1,-1,1,-1,5,5,-1,-1,5,-1
30089,9,-1,-1,-1,-1,-1,-1,-1,-1,-1,15,30
30089,11,-1,-1,-1,10,-1,15,15,-1,-1,20,-1
30089,14,-1,-1,-1,10,-1,15,15,-1,-1,20,-1
30089,15,-1,-1,-1,1,-1,1,1,-1,-1,5,-1
30089,16,-1,-1,-1,1,-1,5,5,-1,-1,10,-1
30089,19,-1,-1,5,-1,-1,35,35,-1,-1,50,-1
30090,1,10,-1,-1,-1,-1,20,20,-1,-1,25,-1
30090,6,-1,-1,-1,-1,-1,-1,-1,1,-1,-1,-1
30090,8,-1,-1,1,-1,-1,5,5,-1,-1,10,-1
30090,14,-1,-1,-1,10,-1,15,15,-1,-1,20,-1
30090,15,-1,-1,-1,-1,-1,-1,-1,-1,-1,5,10
30090,16,-1,-1,-1,-1,-1,-1,-1,-1,-1,10,15
30090,17,1,-1,-1,-1,-1,-1,2,-1,-1,-1,3
30090,18,5,-1,-1,-1,-1,-1,40,-1,-1,-1,50
30090,19,-1,-1,-1,5,-1,20,20,-1,-1,35,-1
30091,1,10,-1,-1,-1,-1,15,15,-1,-1,20,-1
30091,2,10,-1,-1,-1,-1,-1,40,-1,-1,-1,60
30091,3,-1,-1,-1,1,-1,1,1,-1,-1,1,-1
30091,7,-1,-1,-1,-1,-1,-1,-1,1,-1,-1,-1
30091,14,-1,-1,-1,5,-1,10,10,-1,-1,15,-1
30091,15,-1,-1,-1,-1,-1,-1,-1,-1,-1,5,10
30091,16,-1,-1,-1,-1,-1,-1,-1,-1,-1,10,15
30091,17,-1,-1,-1,1,-1,-1,-1,-1,-1,-1,1
30091,18,-1,-1,-1,10,-1,-1,-1,-1,-1,-1,10
30091,19,-1,-1,5,-1,-1,35,35,-1,-1,50,-1
30091,31,1,-1,-1,-1,-1,-1,3,-1,-1,-1,5
30092,1,10,-1,-1,-1,-1,15,15,-1,-1,20,-1
30092,2,-1,-1,-1,-1,-1,-1,-1,-1,-1,15,30
30092,5,-1,-1,-1,-1,-1,-1,-1,1,-1,-1,-1
30092,14,-1,-1,-1,10,-1,15,15,-1,-1,20,-1
30092,15,-1,-1,-1,1,-1,1,1,-1,-1,5,-1
30092,16,-1,-1,-1,1,-1,5,5,-1,-1,10,-1
30092,17,-1,-1,1,-1,-1,1,-1,-1,-1,-1,-1
30092,18,-1,-1,5,-1,-1,20,-1,-1,-1,-1,-1
30092,19,-1,-1,5,-1,-1,35,35,-1,-1,50,-1
30093,1,10,-1,-1,-1,-1,-1,25,-1,-1,-1,35
30093,4,-1,-1,-1,-1,-1,-1,-1,1,-1,-1,-1
30093,11,-1,-1,-1,-1,-1,-1,-1,-1,-1,15,30
30093,14,10,-1,-1,-1,-1,-1,25,-1,-1,-1,30
30093,15,1,-1,-1,-1,-1,-1,5,-1,-1,-1,10
30093,16,1,-1,-1,-1,-1,-1,15,-1,-1,-1,20
30093,17,-1,-1,-1,1,-1,1,1,-1,-1,2,-1
30093,18,-1,-1,-1,5,-1,20,20,-1,-1,30,-1
30094,1,10,-1,-1,-1,-1,15,15,-1,-1,20,-1
30094,3,-1,-1,-1,1,-1,1,1,-1,-1,1,-1
30094,6,-1,-1,-1,-1,-1,-1,-1,1,-1,-1,-1
30094,8,-1,-1,-1,-1,-1,-1,-1,-1,-1,5,10
30094,14,-1,-1,10,-1,-1,20,20,-1,-1,25,-1
30094,15,1,-1,-1,-1,-1,-1,5,-1,-1,-1,10
30094,16,1,-1,-1,-1,-1,-1,15,-1,-1,-1,20
30094,19,5,-1,-1,-1,-1,-1,20,-1,-1,-1,65
30095,1,10,-1,-1,-1,-1,-1,25,-1,-1,-1,30
30095,3,-1,-1,-1,-1,-1,-1,-1,1,-1,-1,-1
30095,11,-1,-1,-1,-1,-1,-1,-1,-1,-1,15,30
30095,14,10,-1,-1,-1,-1,-1,25,-1,-1,-1,30
30095,15,-1,-1,-1,1,-1,1,1,-1,-1,5,-1
30095,16,-1,-1,-1,1,-1,5,5,-1,-1,10,-1
30095,17,-1,-1,-1,1,-1,1,1,-1,-1,1,-1
30095,18,-1,-1,-1,5,-1,20,20,-1,-1,20,-1
30095,19,5,-1,-1,-1,-1,-1,50,-1,-1,-1,65
30095,30,-1,-1,-1,1,-1,1,1,-1,-1,1,-1
30096,1,10,-1,-1,-1,-1,-1,25,-1,-1,-1,35
30096,5,-1,-1,-1,-1,-1,-1,-1,1,-1,-1,-1
30096,11,-1,-1,-1,-1,-1,-1,-1,-1,-1,15,30
30096,14,-1,-1,10,-1,-1,20,20,-1,-1,25,-1
30096,17,-1,-1,-1,1,-1,1,1,-1,-1,1,-1
30096,18,-1,-1,-1,5,-1,20,20,-1,-1,20,-1
30096,19,5,-1,-1,-1,-1,-1,50,-1,-1,-1,65
30097,1,10,-1,-1,-1,-1,-1,25,-1,-1,-1,30
30097,2,-1,-1,-1,-1,-1,-1,-1,-1,-1,15,30
30097,3,-1,-1,-1,1,-1,1,1,-1,-1,1,-1
30097,7,-1,-1,-1,-1,-1,-1,-1,1,-1,-1,-1
30097,8,-1,-1,-1,1,-1,5,5,-1,-1,5,-1
30097,14,-1,-1,-1,10,-1,15,15,-1,-1,20,-1
30097,15,-1,-1,1,-1,-1,5,5,-1,-1,5,-1
30097,16,-1,-1,1,-1,-1,10,10,-1,-1,15,-1
30097,17,-1,-1,1,-1,-1,2,2,-1,-1,2,-1
30097,18,-1,-1,5,-1,-1,30,30,-1,-1,40,-1
30097,19,-1,-1,5,-1,-1,35,35,-1,-1,50,-1
30097,31,1,-1,-1,-1,-1,-1,3,-1,-1,-1,5
30098,1,10,-1,-1,-1,-1,15,15,-1,-1,20,-1
30098,2,-1,-1,-1,10,-1,20,20,-1,-1,30,-1
30098,8,-1,-1,-1,-1,-1,-1,-1,-1,-1,5,10
30098,11,-1,-1,-1,10,-1,15,15,-1,-1,20,-1
30098,14,10,-1,-1,-1,-1,-1,25,-1,-1,-1,30
30098,15,1,-1,-1,-1,-1,-1,5,-1,-1,-1,10
30098,16,1,-1,-1,-1,-1,-1,15,-1,-1,-1,20
30098,18,5,-1,-1,-1,-1,-1,40,-1,-1,-1,60
30098,30,-1,-1,-1,-1,-1,-1,-1,1,-1,-1,-1
30099,1,10,-1,-1,-1,-1,-1,25,-1,-1,-1,30
30099,2,-1,-1,-1,10,-1,20,20,-1,-1,30,-1
30099,4,-1,-1,-1,-1,-1,-1,-1,1,-1,-1,-1
30099,12,-1,-1,-1,10,-1,15,15,-1,-1,20,-1
30099,14,-1,-1,10,-1,-1,20,20,-1,-1,25,-1
30099,15,1,-1,-1,-1,-1,-1,5,-1,-1,-1,10
30099,16,1,-1,-1,-1,-1,-1,15,-1,-1,-1,20
30099,17,-1,-1,-1,-1,-1,-1,-1,-1,-1,2,3
30099,18,-1,-1,-1,-1,-1,-1,-1,-1,-1,30,40
30100,1,10,-1,-1,-1,-1,15,20,-1,-1,-1,25
30100,3,-1,-1,-1,1,-1,1,1,-1,-1,1,-1
30100,7,-1,-1,-1,-1,-1,-1,-1,1,-1,1,-1
30100,14,-1,-1,-1,-1,-1,-1,-1,-1,-1,15,30
30100,15,-1,-1,-1,1,-1,1,1,-1,-1,5,-1
30100,16,-1,-1,-1,1,-1,5,5,-1,-1,10,-1
30100,17,-1,-1,-1,1,-1,1,1,-1,-1,2,-1
30100,18,-1,-1,-1,5,-1,20,20,-1,-1,30,-1
30100,19,-1,-1,-1,5,-1,10,10,-1,-1,20,-1
30100,31,1,-1,-1,-1,-1,-1,3,-1,-1,-1,5
30101,1,10,-1,-1,-1,-1,15,15,-1,-1,20,-1
30101,3,-1,-1,-1,-1,-1,-1,-1,1,-1,-1,-1
30101,8,-1,-1,-1,1,-1,5,5,-1,-1,5,-1
30101,9,10,-1,-1,-1,-1,-1,25,-1,-1,-1,35
30101,14,-1,-1,-1,10,-1,15,15,-1,-1,20,-1
30101,17,1,-1,-1,-1,-1,-1,2,-1,-1,-1,3
30101,18,5,-1,-1,-1,-1,-1,40,-1,-1,-1,50
30101,19,5,-1,-1,-1,-1,-1,50,-1,-1,-1,80
30101,30,-1,-1,-1,-1,-1,-1,-1,-1,-1,1,2
30102,1,10,-1,-1,-1,-1,20,20,-1,-1,25,-1
30102,6,-1,-1,-1,-1,-1,-1,-1,1,-1,-1,-1
30102,12,10,-1,-1,-1,-1,-1,25,-1,-1,-1,30
30102,14,10,-1,-1,-1,-1,-1,25,-1,-1,-1,30
30102,15,-1,-1,-1,-1,-1,-1,-1,-1,-1,5,10
30102,16,-1,-1,-1,-1,-1,-1,-1,-1,-1,10,15
30102,17,-1,-1,-1,1,-1,1,1,-1,-1,2,-1
30102,18,-1,-1,-1,5,-1,20,20,-1,-1,30,-1
30102,19,-1,-1,-1,5,-1,20,20,-1,-1,35,-1
30103,1,10,-1,-1,-1,-1,-1,25,-1,-1,-1,35
30103,3,-1,-1,-1,1,-1,1,1,-1,-1,1,-1
30103,7,-1,-1,-1,-1,-1,-1,-1,1,-1,-1,-1
30103,9,-1,-1,-1,10,-1,15,15,-1,-1,20,-1
30103,13,-1,-1,-1,-1,-1,-1,-1,-1,-1,15,30
30103,14,10,-1,-1,-1,-1,-1,25,-1,-1,-1,30
30103,15,-1,-1,-1,1,-1,1,1,-1,-1,5,-1
30103,16,-1,-1,-1,1,-1,5,5,-1,-1,10,-1
30103,19,-1,-1,-1,5,-1,20,20,-1,-1,35,-1
30103,31,1,-1,-1,-1,-1,-1,3,-1,-1,-1,5
30104,1,10,-1,-1,-1,-1,-1,25,-1,-1,-1,30
30104,4,-1,-1,-1,-1,-1,-1,-1,1,-1,-1,-1
30104,10,10,-1,-1,-1,-1,-1,25,-1,-1,-1,30
30104,12,10,-1,-1,-1,-1,-1,25,-1,-1,-1,30
30104,14,-1,-1,-1,10,-1,15,15,-1,-1,20,-1
30104,15,-1,-1,-1,1,-1,1,1,-1,-1,5,-1
30104,16,-1,-1,-1,1,-1,5,5,-1,-1,10,-1
30104,17,-1,-1,-1,-1,-1,-1,-1,-1,-1,2,3
30104,18,-1,-1,-1,-1,-1,-1,-1,-1,-1,30,40
30104,19,-1,-1,-1,5,-1,20,20,-1,-1,35,-1
30105,1,10,-1,-1,-1,-1,20,20,-1,-1,25,-1
30105,2,-1,-1,-1,-1,-1,-1,-1,-1,-1,15,30
30105,6,-1,-1,-1,-1,-1,-1,-1,1,-1,-1,-1
30105,8,-1,-1,-1,1,-1,5,5,-1,-1,5,-1
30105,11,10,-1,-1,-1,-1,-1,25,-1,-1,-1,35
30105,14,10,-1,-1,-1,-1,-1,25,-1,-1,-1,30
30105,15,-1,-1,-1,1,-1,1,1,-1,-1,5,-1
30105,16,-1,-1,-1,1,-1,5,5,-1,-1,10,-1
30105,17,-1,-1,-1,1,-1,1,1,-1,-1,2,-1
30105,18,-1,-1,-1,5,-1,20,20,-1,-1,30,-1
30105,19,-1,-1,-1,5,-1,20,20,-1,-1,35,-1
30106,1,10,-1,-1,-1,-1,20,20,-1,-1,25,-1
30106,2,10,-1,-1,-1,-1,-1,40,-1,-1,-1,60
30106,4,-1,-1,-1,-1,-1,-1,-1,1,-1,-1,-1
30106,10,-1,-1,-1,10,-1,15,15,-1,-1,20,-1
30106,11,-1,-1,-1,10,-1,15,15,-1,-1,20,-1
30106,14,-1,-1,-1,10,-1,15,15,-1,-1,-1,-1
30106,15,-1,-1,-1,-1,-1,-1,-1,-1,-1,5,10
30106,16,-1,-1,-1,-1,-1,-1,-1,-1,-1,10,15
30106,19,5,-1,-1,-1,-1,-1,50,-1,-1,-1,65
30107,1,10,-1,-1,-1,-1,20,20,-1,-1,25,-1
30107,2,-1,-1,-1,-1,-1,-1,-1,-1,-1,15,30
30107,3,-1,-1,-1,1,-1,1,1,-1,-1,1,-1
30107,5,-1,-1,-1,-1,-1,-1,-1,1,-1,-1,-1
30107,14,10,-1,-1,-1,-1,-1,25,-1,-1,-1,30
30107,15,-1,-1,-1,1,-1,1,1,-1,-1,5,-1
30107,16,-1,-1,-1,1,-1,5,5,-1,-1,10,-1
30107,17,-1,-1,-1,1,-1,1,1,-1,-1,2,-1
30107,18,-1,-1,-1,5,-1,20,20,-1,-1,30,-1
30107,19,-1,-1,-1,5,-1,20,20,-1,-1,35,-1
30108,1,10,-1,-1,-1,-1,15,15,-1,-1,20,-1
30108,2,10,-1,-1,-1,-1,-1,40,-1,-1,-1,60
30108,7,-1,-1,-1,1,-1,1,1,-1,-1,1,-1
30108,8,1,-1,-1,-1,-1,-1,10,-1,-1,-1,15
30108,14,-1,-1,-1,10,-1,15,15,-1,-1,20,-1
30108,15,-1,-1,-1,-1,-1,-1,-1,-1,-1,5,10
30108,16,-1,-1,-1,-1,-1,-1,-1,-1,-1,10,15
30108,17,1,-1,-1,-1,-1,-1,2,-1,-1,-1,3
30108,18,5,-1,-1,-1,-1,-1,40,-1,-1,-1,50
30108,30,-1,-1,-1,-1,-1,-1,-1,1,-1,-1,-1
30108,31,1,-1,-1,-1,-1,-1,3,-1,-1,-1,5
30109,1,10,-1,-1,-1,-1,20,20,-1,-1,25,-1
30109,3,-1,-1,-1,-1,-1,-1,-1,1,-1,-1,-1
30109,6,-1,-1,1,-1,-1,1,1,-1,-1,1,-1
30109,9,-1,-1,-1,10,-1,15,15,-1,-1,20,-1
30109,11,-1,-1,-1,10,-1,15,15,-1,-1,20,-1
30109,12,-1,-1,-1,10,-1,15,15,-1,-1,20,-1
30109,14,-1,-1,-1,-1,-1,-1,-1,-1,-1,15,30
30109,19,5,-1,-1,-1,-1,-1,50,-1,-1,-1,65
30110,1,10,-1,-1,-1,-1,20,20,-1,-1,25,-1
30110,6,-1,-1,-1,-1,-1,-1,-1,-1,-1,1,2
30110,8,-1,-1,1,-1,-1,5,5,-1,-1,10,-1
30110,14,-1,-1,-1,10,-1,15,15,-1,-1,20,-1
30110,15,-1,-1,-1,1,-1,1,1,-1,-1,5,-1
30110,16,-1,-1,-1,1,-1,5,5,-1,-1,10,-1
30110,17,-1,-1,-1,-1,-1,1,-1,-1,-1,-1,1
30110,18,-1,-1,-1,-1,-1,20,-1,-1,-1,-1,20
30110,19,-1,-1,-1,5,-1,20,20,-1,-1,35,-1
30110,30,-1,-1,-1,-1,-1,-1,-1,1,-1,-1,-1
30111,1,10,-1,-1,-1,-1,-1,25,-1,-1,-1,30
30111,3,-1,-1,-1,-1,-1,-1,-1,1,-1,-1,-1
30111,7,-1,-1,-1,-1,-1,-1,-1,-1,-1,1,2
30111,14,-1,-1,-1,10,-1,15,15,-1,-1,20,-1
30111,15,-1,-1,-1,1,-1,1,1,-1,-1,5,-1
30111,16,-1,-1,-1,1,-1,5,5,-1,-1,10,-1
30111,17,-1,-1,1,-1,-1,2,2,-1,-1,2,-1
30111,18,-1,-1,5,-1,-1,30,30,-1,-1,40,-1
30111,19,-1,-1,-1,5,-1,20,20,-1,-1,35,-1
30111,31,1,-1,-1,-1,-1,-1,3,-1,-1,-1,5
30112,1,10,-1,-1,-1,-1,20,20,-1,-1,25,-1
30112,3,-1,-1,-1,-1,-1,-1,-1,-1,-1,1,2
30112,5,-1,-1,-1,1,-1,1,1,-1,-1,1,-1
30112,14,-1,-1,-1,10,-1,15,15,-1,-1,20,-1
30112,17,1,-1,-1,-1,-1,-1,2,-1,-1,-1,3
30112,18,5,-1,-1,-1,-1,-1,40,-1,-1,-1,50
30112,19,5,-1,-1,-1,-1,-1,50,-1,-1,-1,65
30112,30,-1,-1,-1,-1,-1,-1,-1,1,-1,-1,-1
30113,1,10,-1,-1,-1,-1,15,15,-1,-1,20,-1
30113,4,-1,-1,-1,-1,-1,-1,-1,-1,-1,1,2
30113,10,-1,-1,-1,10,-1,15,15,-1,-1,20,-1
30113,14,-1,-1,-1,10,-1,15,15,-1,-1,20,-1
30113,15,-1,-1,-1,1,-1,1,1,-1,-1,5,-1
30113,16,-1,-1,-1,1,-1,5,5,-1,-1,10,-1
30113,17,1,-1,-1,-1,-1,-1,2,-1,-1,-1,3
30113,18,5,-1,-1,-1,-1,-1,40,-1,-1,-1,50
30113,19,-1,-1,5,-1,-1,35,35,-1,-1,50,-1
30113,30,-1,-1,-1,-1,-1,-1,-1,1,-1,-1,-1
30114,1,10,-1,-1,-1,-1,-1,25,-1,-1,-1,30
30114,8,-1,-1,-1,1,-1,5,5,-1,-1,5,-1
30114,11,10,-1,-1,-1,-1,-1,25,-1,-1,-1,30
30114,12,-1,-1,-1,-1,-1,-1,-1,-1,-1,15,30
30114,14,10,-1,-1,-1,-1,-1,25,-1,-1,-1,35
30114,19,5,-1,-1,-1,-1,-1,50,-1,-1,-1,80
30114,30,-1,-1,-1,-1,-1,-1,-1,1,-1,-1,-1
30115,1,10,-1,-1,-1,-1,-1,25,-1,-1,-1,35
30115,10,10,-1,-1,-1,-1,-1,25,-1,-1,-1,30
30115,12,-1,-1,-1,-1,-1,-1,-1,-1,-1,15,30
30115,14,-1,-1,-1,5,-1,10,10,-1,-1,15,-1
30115,17,-1,-1,-1,1,-1,1,1,-1,-1,2,-1
30115,18,-1,-1,-1,5,-1,20,20,-1,-1,30,-1
30115,19,5,-1,-1,-1,-1,-1,50,-1,-1,-1,80
30115,30,-1,-1,-1,-1,-1,-1,-1,1,-1,-1,-1
30116,1,10,-1,-1,-1,-1,-1,25,-1,-1,-1,30
30116,3,-1,-1,-1,-1,-1,-1,-1,-1,-1,1,2
30116,14,-1,-1,10,-1,-1,20,20,-1,-1,25,-1
30116,15,1,-1,-1,-1,-1,-1,5,-1,-1,-1,10
30116,16,1,-1,-1,-1,-1,-1,15,-1,-1,-1,20
30116,17,1,-1,-1,-1,-1,-1,2,-1,-1,-1,3
30116,18,5,-1,-1,-1,-1,-1,40,-1,-1,-1,50
30116,19,-1,-1,5,-1,-1,35,35,-1,-1,50,-1
30116,30,-1,-1,-1,-1,-1,-1,-1,1,-1,-1,-1
30117,1,10,-1,-1,-1,-1,-1,25,-1,-1,-1,35
30117,6,-1,-1,-1,-1,-1,-1,-1,1,-1,-1,-1
30117,9,-1,-1,-1,10,-1,15,15,-1,-1,20,-1
30117,11,-1,-1,-1,10,-1,15,15,-1,-1,20,-1
30117,12,-1,-1,-1,10,-1,15,15,-1,-1,20,-1
30117,14,10,-1,-1,-1,-1,-1,25,-1,-1,-1,35
30117,17,-1,-1,-1,-1,-1,-1,-1,-1,-1,2,3
30117,18,-1,-1,-1,-1,-1,-1,-1,-1,-1,30,40
30117,19,-1,-1,-1,5,-1,20,20,-1,-1,35,-1
30118,1,10,-1,-1,-1,-1,-1,25,-1,-1,-1,30
30118,2,-1,-1,-1,-1,-1,-1,-1,-1,-1,15,30
30118,8,-1,-1,-1,1,-1,5,5,-1,-1,5,-1
30118,14,10,-1,-1,-1,-1,-1,25,-1,-1,-1,30
30118,15,-1,-1,-1,1,-1,1,1,-1,-1,5,-1
30118,16,-1,-1,-1,1,-1,5,5,-1,-1,10,-1
30118,17,-1,-1,-1,1,-1,1,1,-1,-1,2,-1
30118,18,-1,-1,-1,5,-1,20,20,-1,-1,30,-1
30118,19,-1,-1,5,-1,-1,35,35,-1,-1,50,-1
30118,30,-1,-1,-1,-1,-1,-1,-1,1,-1,-1,-1
30119,1,10,-1,-1,-1,-1,15,15,-1,-1,20,-1
30119,2,10,-1,-1,-1,-1,-1,40,-1,-1,-1,60
30119,3,-1,-1,-1,-1,-1,-1,-1,1,-1,-1,-1
30119,14,-1,-1,-1,-1,-1,-1,-1,-1,-1,15,30
30119,15,-1,-1,-1,1,-1,1,1,-1,-1,5,-1
30119,16,-1,-1,-1,1,-1,5,5,-1,-1,10,-1
30119,19,-1,-1,-1,5,-1,20,20,-1,-1,35,-1
30120,1,10,-1,-1,-1,-1,15,15,-1,-1,20,-1
30120,8,-1,-1,-1,-1,-1,-1,-1,-1,-1,5,10
30120,9,-1,-1,-1,10,-1,15,15,-1,-1,20,-1
30120,11,-1,-1,-1,10,-1,15,15,-1,-1,20,-1
30120,12,10,-1,-1,-1,-1,-1,25,-1,-1,-1,30
30120,14,10,-1,-1,-1,-1,-1,25,-1,-1,-1,35
30120,15,-1,-1,-1,1,-1,1,1,-1,-1,5,-1
30120,16,-1,-1,-1,1,-1,5,5,-1,-1,10,-1
30120,17,-1,-1,-1,1,-1,1,1,-1,-1,2,-1
30120,18,-1,-1,-1,5,-1,20,20,-1,-1,30,-1
30120,30,-1,-1,-1,-1,-1,-1,-1,1,-1,-1,-1
30121,1,10,-1,-1,-1,-1,15,15,-1,-1,20,-1
30121,3,-1,-1,-1,-1,-1,-1,-1,-1,-1,1,2
30121,9,-1,-1,-1,10,-1,15,15,-1,-1,20,-1
30121,14,10,-1,-1,-1,-1,-1,25,-1,-1,-1,30
30121,17,-1,-1,1,-1,-1,2,2,-1,-1,2,-1
30121,18,-1,-1,5,-1,-1,30,30,-1,-1,40,-1
30121,19,-1,-1,-1,5,-1,20,20,-1,-1,35,-1
30121,30,-1,-1,-1,-1,-1,-1,-1,1,-1,-1,-1
30122,1,10,-1,-1,-1,-1,15,15,-1,-1,20,-1
30122,3,-1,-1,-1,-1,-1,-1,-1,-1,-1,1,2
30122,5,-1,-1,-1,-1,-1,-1,-1,1,-1,-1,-1
30122,8,-1,-1,1,-1,-1,5,5,-1,-1,10,-1
30122,9,-1,-1,-1,10,-1,15,15,-1,-1,20,-1
30122,11,-1,-1,-1,10,-1,15,15,-1,-1,20,-1
30122,14,10,-1,-1,-1,-1,-1,25,-1,-1,-1,30
30122,17,-1,-1,1,-1,-1,2,2,-1,-1,2,-1
30122,18,-1,-1,5,-1,-1,30,30,-1,-1,40,-1
30122,19,5,-1,-1,-1,-1,-1,50,-1,-1,-1,65
30123,1,10,-1,-1,-1,-1,15,15,-1,-1,20,-1
30123,4,-1,-1,-1,-1,-1,-1,-1,-1,-1,1,2
30123,14,-1,-1,-1,10,-1,15,15,-1,-1,20,-1
30123,15,-1,-1,-1,1,-1,1,1,-1,-1,5,-1
30123,16,-1,-1,-1,1,-1,5,5,-1,-1,10,-1
30123,17,-1,-1,-1,1,-1,1,1,-1,-1,2,-1
30123,18,-1,-1,-1,5,-1,20,20,-1,-1,30,-1
30123,19,5,-1,-1,-1,-1,-1,50,-1,-1,-1,65
30123,30,-1,-1,-1,-1,-1,-1,-1,1,-1,-1,-1
30124,1,10,-1,-1,-1,-1,-1,25,-1,-1,-1,30
30124,2,-1,-1,-1,-1,-1,-1,-1,-1,-1,15,30
30124,3,-1,-1,-1,-1,-1,-1,-1,1,-1,-1,-1
30124,7,-1,-1,-1,1,-1,-1,-1,-1,-1,-1,1
30124,8,-1,-1,-1,1,-1,5,5,-1,-1,5,-1
30124,14,-1,-1,10,-1,-1,20,20,-1,-1,25,-1
30124,15,-1,-1,-1,1,-1,1,1,-1,-1,5,-1
30124,16,-1,-1,-1,1,-1,5,5,-1,-1,10,-1
30124,19,5,-1,-1,-1,-1,-1,50,-1,-1,-1,65
30124,31,1,-1,-1,-1,-1,-1,3,-1,-1,-1,5
30125,1,10,-1,-1,-1,-1,15,15,-1,-1,20,-1
30125,2,10,-1,-1,-1,-1,-1,40,-1,-1,-1,50
30125,6,-1,-1,-1,-1,-1,-1,-1,1,-1,-1,-1
30125,10,-1,-1,-1,10,-1,15,15,-1,-1,20,-1
30125,12,-1,-1,-1,10,-1,15,15,-1,-1,20,-1
30125,14,-1,-1,-1,-1,-1,-1,-1,-1,-1,15,30
30125,15,-1,-1,-1,1,-1,1,1,-1,-1,5,-1
30125,16,-1,-1,-1,1,-1,5,5,-1,-1,10,-1
30125,19,-1,-1,-1,5,-1,20,20,-1,-1,35,-1
30126,1,10,-1,-1,-1,-1,15,15,-1,-1,20,-1
30126,3,-1,-1,-1,-1,-1,-1,-1,1,-1,1,-1
30126,6,-1,-1,-1,1,-1,1,1,-1,-1,1,-1
30126,8,1,-1,-1,-1,-1,-1,10,-1,-1,-1,15
30126,9,-1,-1,-1,-1,-1,-1,-1,-1,-1,15,30
30126,14,10,-1,-1,-1,-1,-1,25,-1,-1,-1,30
30126,15,-1,-1,-1,1,-1,1,1,-1,-1,5,-1
30126,16,-1,-1,-1,1,-1,5,5,-1,-1,10,-1
30126,17,-1,-1,-1,1,-1,1,1,-1,-1,2,-1
30126,18,-1,-1,-1,5,-1,20,20,-1,-1,30,-1
30126,19,-1,-1,-1,5,-1,20,20,-1,-1,35,-1
30127,1,10,-1,-1,-1,-1,15,15,-1,-1,20,-1
30127,4,-1,-1,-1,1,-1,1,1,-1,-1,1,-1
30127,6,-1,-1,-1,-1,-1,-1,-1,1,-1,-1,-1
30127,8,-1,-1,-1,-1,-1,-1,-1,-1,-1,5,10
30127,14,-1,-1,-1,10,-1,15,15,-1,-1,20,-1
30127,15,-1,-1,-1,1,-1,1,1,-1,-1,5,-1
30127,16,-1,-1,-1,1,-1,5,5,-1,-1,10,-1
30127,17,1,-1,-1,-1,-1,-1,2,-1,-1,-1,3
30127,18,5,-1,-1,-1,-1,-1,40,-1,-1,-1,50
30127,19,-1,-1,-1,5,-1,20,20,-1,-1,35,-1
30127,30,-1,-1,-1,1,-1,1,1,-1,-1,1,-1
30128,1,10,-1,-1,-1,-1,-1,25,-1,-1,-1,30
30128,2,-1,-1,-1,10,-1,20,20,-1,-1,30,-1
30128,7,-1,-1,-1,-1,-1,-1,-1,-1,-1,1,2
30128,14,-1,-1,-1,5,-1,10,10,-1,-1,15,-1
30128,15,-1,-1,-1,1,-1,1,1,-1,-1,5,-1
30128,16,-1,-1,-1,1,-1,5,5,-1,-1,10,-1
30128,17,1,-1,-1,-1,-1,-1,2,-1,-1,-1,3
30128,18,5,-1,-1,-1,-1,-1,40,-1,-1,-1,50
30128,19,-1,-1,-1,5,-1,20,20,-1,-1,35,-1
30128,30,-1,-1,-1,-1,-1,-1,-1,1,-1,1,-1
30128,31,1,-1,-1,-1,-1,-1,3,-1,-1,-1,5
30129,1,10,-1,-1,-1,-1,20,20,-1,-1,25,-1
30129,5,-1,-1,-1,-1,-1,-1,-1,1,-1,-1,-1
30129,11,-1,-1,-1,10,-1,15,15,-1,-1,20,-1
30129,14,-1,-1,-1,-1,-1,-1,-1,-1,-1,15,30
30129,15,-1,-1,1,-1,-1,5,5,-1,-1,5,-1
30129,16,-1,-1,1,-1,-1,10,10,-1,-1,15,-1
30129,17,1,-1,-1,-1,-1,-1,2,-1,-1,-1,3
30129,18,5,-1,-1,-1,-1,-1,40,-1,-1,-1,50
30129,19,-1,-1,-1,5,-1,20,20,-1,-1,35,-1
30130,1,10,-1,-1,-1,-1,-1,25,-1,-1,-1,30
30130,2,10,-1,-1,-1,-1,-1,40,-1,-1,-1,50
30130,6,-1,-1,-1,-1,-1,-1,-1,1,-1,-1,-1
30130,11,-1,-1,-1,-1,-1,-1,-1,-1,-1,15,30
30130,14,-1,-1,-1,10,-1,15,15,-1,-1,20,-1
30130,15,-1,-1,1,-1,-1,5,5,-1,-1,5,-1
30130,16,-1,-1,1,-1,-1,10,10,-1,-1,15,-1
30130,17,-1,-1,1,-1,-1,2,2,-1,-1,2,-1
30130,18,-1,-1,5,-1,-1,30,30,-1,-1,40,-1
30130,19,5,-1,-1,-1,-1,-1,50,-1,-1,-1,65
30131,1,10,-1,-1,-1,-1,20,20,-1,-1,25,-1
30131,2,-1,-1,-1,-1,-1,-1,-1,-1,-1,15,30
30131,3,-1,-1,-1,1,-1,1,1,-1,-1,1,-1
30131,5,-1,-1,-1,1,-1,1,1,-1,-1,1,-1
30131,14,-1,-1,-1,10,-1,15,15,-1,-1,20,-1
30131,15,-1,-1,-1,1,-1,1,1,-1,-1,5,-1
30131,16,-1,-1,-1,1,-1,5,5,-1,-1,10,-1
30131,17,1,-1,-1,-1,-1,-1,2,-1,-1,-1,3
30131,18,5,-1,-1,-1,-1,-1,40,-1,-1,-1,50
30131,19,5,-1,-1,-1,-1,-1,50,-1,-1,-1,65
30131,30,-1,-1,-1,-1,-1,-1,-1,1,-1,-1,-1
30132,1,10,-1,-1,-1,-1,15,15,-1,-1,20,-1
30132,2,10,-1,-1,-1,-1,-1,40,-1,-1,-1,50
30132,5,-1,-1,-1,1,-1,1,1,-1,-1,1,-1
30132,11,10,-1,-1,-1,-1,-1,25,-1,-1,-1,35
30132,14,10,-1,-1,-1,-1,-1,25,-1,-1,-1,30
30132,15,-1,-1,-1,-1,-1,-1,-1,-1,-1,5,10
30132,16,-1,-1,-1,-1,-1,-1,-1,-1,-1,10,15
30132,19,-1,-1,5,-1,-1,35,35,-1,-1,50,-1
30132,30,-1,-1,-1,-1,-1,-1,-1,1,-1,-1,-1
30133,1,10,-1,-1,-1,-1,20,20,-1,-1,25,-1
30133,2,-1,-1,-1,-1,-1,-1,-1,-1,-1,15,30
30133,9,10,-1,-1,-1,-1,-1,25,-1,-1,-1,30
30133,13,10,-1,-1,-1,-1,-1,25,-1,-1,-1,30
30133,14,-1,-1,-1,10,-1,15,15,-1,-1,20,-1
30133,17,-1,-1,-1,1,-1,1,1,-1,-1,2,-1
30133,18,-1,-1,-1,5,-1,20,20,-1,-1,30,-1
30133,19,-1,-1,-1,5,-1,20,20,-1,-1,35,-1
30133,30,-1,-1,-1,-1,-1,-1,-1,1,-1,-1,-1
30133,31,1,-1,-1,-1,-1,-1,3,-1,-1,-1,5
30134,1,10,-1,-1,-1,-1,-1,25,-1,-1,-1,35
30134,7,-1,-1,-1,-1,-1,-1,-1,-1,-1,1,2
30134,14,-1,-1,-1,10,-1,15,15,-1,-1,20,-1
30134,15,-1,-1,-1,1,-1,1,1,-1,-1,5,-1
30134,16,-1,-1,-1,1,-1,5,5,-1,-1,10,-1
30134,17,1,-1,-1,-1,-1,-1,2,-1,-1,-1,4
30134,18,5,-1,-1,-1,-1,-1,40,-1,-1,-1,60
30134,19,-1,-1,5,-1,-1,35,35,-1,-1,50,-1
30134,30,-1,-1,-1,-1,-1,-1,-1,1,-1,-1,-1
30134,31,1,-1,-1,-1,-1,-1,3,-1,-1,-1,5
30135,1,10,-1,-1,-1,-1,20,20,-1,-1,25,-1
30135,2,-1,-1,-1,-1,-1,-1,-1,-1,-1,15,30
30135,14,-1,-1,-1,10,-1,15,15,-1,-1,20,-1
30135,15,-1,-1,-1,1,-1,1,1,-1,-1,5,-1
30135,16,-1,-1,-1,1,-1,5,5,-1,-1,10,-1
30135,17,-1,-1,-1,1,-1,1,1,-1,-1,1,-1
30135,18,-1,-1,-1,5,-1,20,20,-1,-1,20,-1
30135,19,-1,-1,-1,5,-1,20,20,-1,-1,35,-1
30135,30,-1,-1,-1,-1,-1,-1,-1,1,-1,-1,-1
30136,1,10,-1,-1,-1,-1,15,15,-1,-1,20,-1
30136,8,-1,-1,-1,-1,-1,-1,-1,-1,-1,5,10
30136,12,10,-1,-1,-1,-1,-1,25,-1,-1,-1,30
30136,14,10,-1,-1,-1,-1,-1,25,-1,-1,-1,30
30136,17,-1,-1,1,-1,-1,2,2,-1,-1,2,-1
30136,18,-1,-1,5,-1,-1,30,30,-1,-1,40,-1
30136,19,5,-1,-1,-1,-1,-1,50,-1,-1,-1,65
30136,30,-1,-1,-1,-1,-1,-1,-1,1,-1,-1,-1
30137,1,10,-1,-1,-1,-1,15,15,-1,-1,20,-1
30137,3,-1,-1,-1,1,-1,1,1,-1,-1,1,-1
30137,4,-1,-1,-1,-1,-1,-1,-1,1,-1,1,-1
30137,5,-1,-1,-1,1,-1,1,1,-1,-1,1,-1
30137,8,-1,-1,-1,-1,-1,-1,-1,-1,-1,5,10
30137,11,10,-1,-1,-1,-1,-1,25,-1,-1,-1,35
30137,14,-1,-1,-1,10,-1,15,15,-1,-1,20,-1
30137,25,-1,-1,-1,10,-1,20,20,-1,-1,30,-1
30137,26,-1,-1,-1,10,-1,15,15,-1,-1,20,-1
30137,31,-1,-1,-1,1,-1,1,1,-1,-1,2,-1
30138,1,10,-1,-1,-1,-1,-1,25,-1,-1,-1,30
30138,2,-1,-1,-1,-1,-1,-1,-1,-1,-1,15,30
30138,4,-1,-1,-1,-1,-1,-1,-1,1,-1,-1,-1
30138,11,-1,-1,-1,10,-1,15,15,-1,-1,20,-1
30138,14,10,-1,-1,-1,-1,-1,25,-1,-1,-1,30
30138,15,-1,-1,1,-1,-1,5,5,-1,-1,5,-1
30138,16,-1,-1,1,-1,-1,10,10,-1,-1,15,-1
30138,17,1,-1,-1,-1,-1,-1,2,-1,-1,-1,3
30138,18,5,-1,-1,-1,-1,-1,40,-1,-1,-1,50
30138,19,-1,-1,5,-1,-1,35,35,-1,-1,50,-1
30138,30,-1,-1,-1,1,-1,1,1,-1,-1,1,-1
30139,1,10,-1,-1,-1,-1,-1,25,-1,-1,-1,35
30139,6,-1,-1,-1,-1,-1,-1,-1,-1,-1,1,2
30139,14,-1,-1,-1,10,-1,15,15,-1,-1,20,-1
30139,15,-1,-1,1,-1,-1,5,5,-1,-1,5,-1
30139,16,-1,-1,1,-1,-1,10,10,-1,-1,15,-1
30139,17,-1,-1,-1,1,-1,1,1,-1,-1,-1,-1
30139,18,-1,-1,-1,5,-1,20,20,-1,-1,-1,-1
30139,19,5,-1,-1,-1,-1,-1,50,-1,-1,-1,80
30139,30,-1,-1,-1,-1,-1,-1,-1,1,-1,-1,-1
30140,1,10,-1,-1,-1,-1,15,15,-1,-1,20,-1
30140,3,-1,-1,-1,-1,-1,-1,-1,1,-1,-1,-1
30140,5,-1,-1,-1,-1,-1,-1,-1,-1,-1,1,2
30140,9,-1,-1,-1,10,-1,15,15,-1,-1,20,-1
30140,14,-1,-1,-1,10,-1,15,15,-1,-1,20,-1
30140,17,1,-1,-1,-1,-1,-1,2,-1,-1,-1,4
30140,18,5,-1,-1,-1,-1,-1,40,-1,-1,-1,60
30140,19,-1,-1,-1,5,-1,20,20,-1,-1,35,-1
30141,1,10,-1,-1,-1,-1,-1,25,-1,-1,-1,30
30141,3,-1,-1,-1,-1,-1,-1,-1,1,-1,-1,-1
30141,7,-1,-1,-1,-1,-1,-1,-1,-1,-1,1,2
30141,8,1,-1,-1,-1,-1,-1,10,-1,-1,-1,15
30141,14,10,-1,-1,-1,-1,-1,25,-1,-1,-1,30
30141,17,-1,-1,1,-1,-1,2,2,-1,-1,2,-1
30141,18,-1,-1,5,-1,-1,30,30,-1,-1,40,-1
30141,19,5,-1,-1,-1,-1,-1,50,-1,-1,-1,65
30141,31,1,-1,-1,-1,-1,-1,3,-1,-1,-1,5
30142,1,10,-1,-1,-1,-1,-1,25,-1,-1,-1,30
30142,2,-1,-1,-1,10,-1,20,20,-1,-1,30,-1
30142,8,-1,-1,-1,1,-1,5,5,-1,-1,5,-1
30142,14,10,-1,-1,-1,-1,-1,25,-1,-1,-1,30
30142,15,-1,-1,-1,1,-1,1,1,-1,-1,5,-1
30142,16,-1,-1,-1,1,-1,5,5,-1,-1,10,-1
30142,17,-1,-1,-1,-1,-1,-1,-1,-1,-1,2,3
30142,18,-1,-1,-1,-1,-1,-1,-1,-1,-1,30,40
30142,19,-1,-1,5,-1,-1,35,35,-1,-1,50,-1
30142,30,-1,-1,-1,-1,-1,-1,-1,1,-1,-1,-1
30143,1,10,-1,-1,-1,-1,15,15,-1,-1,20,-1
30143,2,10,-1,-1,-1,-1,-1,40,-1,-1,-1,50
30143,5,-1,-1,-1,-1,-1,-1,-1,1,-1,-1,-1
30143,14,-1,-1,-1,-1,-1,-1,-1,-1,-1,15,30
30143,17,-1,-1,-1,1,-1,1,1,-1,-1,2,-1
30143,18,-1,-1,-1,5,-1,20,20,-1,-1,30,-1
30143,19,-1,-1,5,-1,-1,35,35,-1,-1,50,-1
30145,1,10,-1,-1,-1,-1,20,20,-1,-1,25,-1
30145,2,-1,-1,-1,-1,-1,-1,-1,-1,-1,15,30
30145,4,-1,-1,-1,-1,-1,-1,-1,1,-1,-1,-1
30145,14,-1,-1,-1,1,-1,5,5,-1,-1,10,-1
30145,15,-1,-1,-1,1,-1,1,1,-1,-1,5,-1
30145,16,-1,-1,-1,1,-1,5,5,-1,-1,10,-1
30145,17,-1,-1,1,-1,-1,1,1,-1,-1,1,-1
30145,18,-1,-1,5,-1,-1,10,10,-1,-1,20,-1
30146,1,10,-1,-1,-1,-1,-1,25,-1,-1,-1,35
30146,3,-1,-1,-1,-1,-1,-1,-1,1,-1,-1,-1
30146,7,-1,-1,-1,-1,-1,-1,-1,-1,-1,1,2
30146,8,-1,-1,1,-1,-1,5,5,-1,-1,10,-1
30146,14,-1,-1,-1,5,-1,10,10,-1,-1,15,-1
30146,15,-1,-1,-1,1,-1,1,1,-1,-1,5,-1
30146,16,-1,-1,-1,1,-1,5,5,-1,-1,10,-1
30146,17,-1,-1,-1,1,-1,1,1,-1,-1,2,-1
30146,18,-1,-1,-1,5,-1,20,20,-1,-1,30,-1
30146,19,-1,-1,5,-1,-1,35,35,-1,-1,50,-1
30146,31,1,-1,-1,-1,-1,-1,3,-1,-1,-1,5
30147,1,10,-1,-1,-1,-1,-1,25,-1,-1,-1,30
30147,5,-1,-1,-1,-1,-1,-1,-1,1,-1,-1,-1
30147,8,-1,-1,-1,-1,-1,-1,-1,-1,-1,5,10
30147,11,10,-1,-1,-1,-1,-1,25,-1,-1,-1,35
30147,14,10,-1,-1,-1,-1,-1,25,-1,-1,-1,30
30147,15,1,-1,-1,-1,-1,-1,5,-1,-1,-1,10
30147,16,1,-1,-1,-1,-1,-1,15,-1,-1,-1,20
30147,17,-1,-1,1,-1,-1,2,2,-1,-1,2,-1
30147,18,-1,-1,5,-1,-1,30,30,-1,-1,40,-1
30147,19,5,-1,-1,-1,-1,-1,50,-1,-1,-1,65
30147,30,-1,-1,-1,1,-1,1,1,-1,-1,1,-1
30148,1,10,-1,-1,-1,-1,20,20,-1,-1,25,-1
30148,6,-1,-1,-1,-1,-1,-1,-1,1,-1,-1,-1
30148,9,-1,-1,-1,10,-1,15,15,-1,-1,20,-1
30148,14,-1,-1,-1,10,-1,15,15,-1,-1,20,-1
30148,15,-1,-1,-1,1,-1,1,1,-1,-1,5,-1
30148,16,-1,-1,-1,1,-1,5,5,-1,-1,10,-1
30148,17,-1,-1,-1,-1,-1,-1,-1,-1,-1,2,3
30148,18,-1,-1,-1,-1,-1,-1,-1,-1,-1,30,40
30148,19,5,-1,-1,-1,-1,-1,50,-1,-1,-1,80
30148,30,-1,-1,-1,1,-1,1,1,-1,-1,1,-1
30149,1,10,-1,-1,-1,-1,15,15,-1,-1,20,-1
30149,7,-1,-1,-1,1,-1,1,1,-1,-1,1,-1
30149,8,1,-1,-1,-1,-1,-1,10,-1,-1,-1,15
30149,14,-1,-1,10,-1,-1,20,20,-1,-1,25,-1
30149,15,-1,-1,-1,1,-1,1,1,-1,-1,5,-1
30149,16,-1,-1,-1,1,-1,5,5,-1,-1,10,-1
30149,17,-1,-1,-1,-1,-1,-1,-1,-1,-1,2,3
30149,18,-1,-1,-1,-1,-1,-1,-1,-1,-1,30,40
30149,19,5,-1,-1,-1,-1,-1,50,-1,-1,-1,65
30149,30,-1,-1,-1,-1,-1,-1,-1,1,-1,-1,-1
30149,31,1,-1,-1,-1,-1,-1,3,-1,-1,-1,5
30150,1,10,-1,-1,-1,-1,15,15,-1,-1,-1,-1
30150,2,-1,-1,-1,10,-1,20,20,-1,-1,30,-1
30150,6,-1,-1,-1,-1,-1,-1,-1,1,-1,-1,-1
30150,12,-1,-1,-1,-1,-1,-1,-1,-1,-1,15,30
30150,14,10,-1,-1,-1,-1,-1,25,-1,-1,-1,30
30150,15,-1,-1,1,-1,-1,5,5,-1,-1,5,-1
30150,16,-1,-1,1,-1,-1,10,10,-1,-1,15,-1
30150,17,-1,-1,-1,1,-1,1,1,-1,-1,2,-1
30150,18,-1,-1,-1,5,-1,20,20,-1,-1,30,-1
30150,19,-1,-1,-1,5,-1,20,20,-1,-1,35,-1
30151,1,10,-1,-1,-1,-1,-1,25,-1,-1,-1,35
30151,2,-1,-1,-1,10,-1,20,20,-1,-1,-1,-1
30151,5,-1,-1,-1,-1,-1,-1,-1,1,-1,-1,-1
30151,11,-1,-1,10,-1,-1,20,20,-1,-1,25,-1
30151,14,10,-1,-1,-1,-1,-1,25,-1,-1,-1,35
30151,15,-1,-1,-1,1,-1,1,1,-1,-1,5,-1
30151,16,-1,-1,-1,1,-1,5,5,-1,-1,10,-1
30151,17,-1,-1,-1,-1,-1,-1,-1,-1,-1,2,3
30151,18,-1,-1,-1,-1,-1,-1,-1,-1,-1,30,40
30151,19,5,-1,-1,-1,-1,-1,50,-1,-1,-1,65
30151,30,-1,-1,-1,1,-1,1,1,-1,-1,1,-1
30152,1,10,-1,-1,-1,-1,15,15,-1,-1,20,-1
30152,2,10,-1,-1,-1,-1,-1,40,-1,-1,-1,60
30152,3,-1,-1,-1,-1,-1,-1,-1,-1,-1,1,2
30152,8,-1,-1,-1,-1,-1,-1,-1,5,10,-1,-1
30152,13,-1,-1,-1,10,-1,15,15,-1,-1,20,-1
30152,14,-1,-1,10,-1,-1,20,20,-1,-1,25,-1
30152,15,-1,-1,-1,1,-1,1,1,-1,-1,5,-1
30152,16,-1,-1,-1,1,-1,5,5,-1,-1,10,-1
30152,17,-1,-1,1,-1,-1,2,2,-1,-1,2,-1
30152,18,-1,-1,5,-1,-1,30,30,-1,-1,40,-1
30152,19,-1,-1,5,-1,-1,35,35,-1,-1,50,-1
30152,31,1,-1,-1,-1,-1,-1,3,-1,-1,-1,5
30153,1,10,-1,-1,-1,-1,-1,25,-1,-1,-1,30
30153,2,-1,-1,-1,10,-1,20,20,-1,-1,30,-1
30153,5,-1,-1,-1,-1,-1,-1,-1,1,-1,-1,-1
30153,8,-1,-1,-1,1,-1,5,5,-1,-1,5,-1
30153,9,-1,-1,-1,10,-1,15,15,-1,-1,20,-1
30153,14,10,-1,-1,-1,-1,-1,25,-1,-1,-1,35
30153,15,-1,-1,-1,1,-1,1,1,-1,-1,5,-1
30153,16,-1,-1,-1,1,-1,5,5,-1,-1,10,-1
30153,17,-1,-1,-1,-1,-1,-1,-1,-1,-1,2,3
30153,18,-1,-1,-1,-1,-1,-1,-1,-1,-1,30,40
30153,19,-1,-1,5,-1,-1,35,35,-1,-1,50,-1
30154,1,10,-1,-1,-1,-1,-1,25,-1,-1,-1,35
30154,2,-1,-1,-1,10,-1,20,20,-1,-1,-1,-1
30154,9,-1,-1,-1,-1,-1,-1,-1,10,25,-1,-1
30154,14,10,-1,-1,-1,-1,-1,25,-1,-1,-1,30
30154,15,-1,-1,-1,-1,-1,-1,-1,-1,-1,5,10
30154,16,-1,-1,-1,-1,-1,-1,-1,-1,-1,10,15
30154,17,1,-1,-1,-1,-1,-1,2,-1,-1,-1,3
30154,18,5,-1,-1,-1,-1,-1,40,-1,-1,-1,50
30154,19,5,-1,-1,-1,-1,-1,50,-1,-1,-1,80
30154,30,-1,-1,-1,1,-1,1,1,-1,-1,1,-1
30155,1,10,-1,-1,-1,-1,15,15,-1,-1,-1,-1
30155,2,10,-1,-1,-1,-1,-1,40,-1,-1,-1,50
30155,3,-1,-1,-1,-1,-1,-1,-1,1,-1,-1,-1
30155,7,-1,-1,-1,1,-1,1,1,-1,-1,1,-1
30155,8,-1,-1,-1,1,-1,5,5,-1,-1,5,-1
30155,13,10,-1,-1,-1,-1,-1,25,-1,-1,-1,35
30155,14,-1,-1,10,-1,-1,20,20,-1,-1,25,-1
30155,15,-1,-1,1,-1,-1,5,5,-1,-1,5,-1
30155,16,-1,-1,1,-1,-1,10,10,-1,-1,15,-1
30155,17,-1,-1,-1,-1,-1,-1,-1,-1,-1,2,3
30155,18,-1,-1,-1,-1,-1,-1,-1,-1,-1,30,40
30155,19,-1,-1,-1,5,-1,20,20,-1,-1,35,-1
30155,31,1,-1,-1,-1,-1,-1,3,-1,-1,-1,5
30156,1,10,-1,-1,-1,-1,20,20,-1,-1,25,-1
30156,2,-1,-1,-1,-1,-1,-1,-1,20,40,-1,-1
30156,4,-1,-1,-1,-1,-1,-1,-1,-1,-1,1,2
30156,8,-1,-1,-1,1,-1,5,5,-1,-1,5,-1
30156,14,-1,-1,10,-1,-1,20,20,-1,-1,25,-1
30156,15,-1,-1,1,-1,-1,5,5,-1,-1,5,-1
30156,16,-1,-1,1,-1,-1,10,10,-1,-1,15,-1
30156,17,1,-1,-1,-1,-1,-1,2,-1,-1,-1,4
30156,18,5,-1,-1,-1,-1,-1,40,-1,-1,-1,60
30156,19,-1,-1,5,-1,-1,35,35,-1,-1,50,-1
30156,30,-1,-1,-1,1,-1,1,1,-1,-1,1,-1
30157,1,10,-1,-1,-1,-1,20,20,-1,-1,25,-1
30157,2,-1,-1,-1,-1,-1,-1,-1,20,40,-1,-1
30157,8,1,-1,-1,-1,-1,-1,10,-1,-1,-1,15
30157,14,-1,-1,-1,-1,-1,-1,-1,-1,-1,15,30
30157,15,1,-1,-1,-1,-1,-1,5,-1,-1,-1,10
30157,16,1,-1,-1,-1,-1,-1,15,-1,-1,-1,20
30157,17,-1,-1,-1,1,-1,1,1,-1,-1,-1,-1
30157,18,-1,-1,-1,5,-1,20,20,-1,-1,-1,-1
30157,19,-1,-1,5,-1,-1,35,35,-1,-1,50,-1
30157,31,1,-1,-1,-1,-1,-1,3,-1,-1,-1,5
30158,1,10,-1,-1,-1,-1,15,15,-1,-1,20,-1
30158,2,-1,-1,-1,10,-1,20,20,-1,-1,-1,-1
30158,3,-1,-1,-1,1,-1,1,1,-1,-1,1,-1
30158,6,-1,-1,-1,-1,-1,-1,-1,1,-1,-1,-1
30158,9,-1,-1,-1,-1,-1,-1,-1,-1,-1,15,30
30158,14,-1,-1,-1,10,-1,15,15,-1,-1,-1,-1
30158,17,-1,-1,-1,1,-1,1,1,-1,-1,2,-1
30158,18,-1,-1,-1,5,-1,20,20,-1,-1,30,-1
30158,19,5,-1,-1,-1,-1,-1,50,-1,-1,-1,65
30159,1,10,-1,-1,-1,-1,15,15,-1,-1,20,-1
30159,2,-1,-1,-1,-1,-1,-1,-1,-1,-1,15,30
30159,5,-1,-1,-1,-1,-1,-1,-1,1,-1,-1,-1
30159,14,-1,-1,-1,10,-1,15,15,-1,-1,20,-1
30159,15,-1,-1,-1,1,-1,1,1,-1,-1,5,-1
30159,16,-1,-1,-1,1,-1,5,5,-1,-1,10,-1
30159,17,-1,-1,1,-1,-1,2,2,-1,-1,2,-1
30159,18,-1,-1,5,-1,-1,30,30,-1,-1,40,-1
30159,19,-1,-1,-1,5,-1,20,20,-1,-1,35,-1
30160,2,-1,-1,-1,10,-1,20,20,-1,-1,-1,-1
30160,30,-1,-1,-1,-1,-1,-1,-1,1,-1,-1,-1
30160,8,-1,-1,-1,1,-1,5,5,-1,-1,5,-1
30160,11,-1,-1,-1,-1,-1,-1,-1,-1,-1,15,30
30160,14,10,-1,-1,-1,-1,-1,25,-1,-1,-1,30
30160,25,10,-1,-1,-1,-1,-1,40,-1,-1,-1,80
30160,26,-1,-1,-1,10,-1,15,15,-1,-1,20,-1
30160,27,-1,-1,5,-1,-1,15,15,-1,-1,20,-1
30160,28,1,-1,-1,-1,-1,-1,15,-1,-1,-1,25
30161,1,10,-1,-1,-1,-1,15,15,-1,-1,20,-1
30161,2,-1,-1,10,-1,-1,30,30,-1,-1,40,-1
30161,3,-1,-1,-1,1,-1,1,1,-1,-1,1,-1
30161,8,-1,-1,-1,-1,-1,-1,-1,-1,-1,5,10
30161,11,-1,-1,10,-1,-1,20,20,-1,-1,25,-1
30161,14,10,-1,-1,-1,-1,-1,25,-1,-1,-1,30
30161,15,-1,-1,-1,1,-1,1,1,-1,-1,5,-1
30161,16,-1,-1,-1,1,-1,5,5,-1,-1,10,-1
30161,17,1,-1,-1,-1,-1,-1,2,-1,-1,-1,3
30161,18,5,-1,-1,-1,-1,-1,40,-1,-1,-1,50
30161,19,5,-1,-1,-1,-1,-1,50,-1,-1,-1,65
30161,30,-1,-1,-1,-1,-1,-1,-1,1,-1,-1,-1
30162,1,10,-1,-1,-1,-1,-1,25,-1,-1,-1,30
30162,2,-1,-1,-1,-1,-1,-1,-1,20,40,-1,-1
30162,10,-1,-1,-1,-1,-1,-1,-1,-1,-1,15,30
30162,14,-1,-1,10,-1,-1,20,20,-1,-1,25,-1
30162,17,-1,-1,1,-1,-1,2,2,-1,-1,2,-1
30162,18,-1,-1,5,-1,-1,30,30,-1,-1,40,-1
30162,19,-1,-1,5,-1,-1,35,35,-1,-1,50,-1
30163,1,10,-1,-1,-1,-1,20,20,-1,-1,25,-1
30163,2,10,-1,-1,-1,-1,-1,40,-1,-1,-1,60
30163,7,-1,-1,-1,-1,-1,-1,-1,-1,-1,1,2
30163,13,-1,-1,-1,-1,-1,-1,-1,10,25,-1,-1
30163,14,-1,-1,-1,10,-1,15,15,-1,-1,20,-1
30163,19,5,-1,-1,-1,-1,-1,50,-1,-1,-1,80
30163,30,-1,-1,-1,1,-1,1,1,-1,-1,1,-1
30163,31,1,-1,-1,-1,-1,-1,3,-1,-1,-1,5
30164,1,10,-1,-1,-1,-1,20,20,-1,-1,25,-1
30164,2,10,-1,-1,-1,-1,-1,40,-1,-1,-1,50
30164,4,-1,-1,-1,1,-1,1,1,-1,-1,1,-1
30164,8,-1,-1,-1,-1,-1,-1,-1,-1,-1,5,10
30164,14,10,-1,-1,-1,-1,-1,25,-1,-1,-1,30
30164,15,-1,-1,-1,-1,-1,-1,-1,5,5,-1,-1
30164,16,-1,-1,-1,-1,-1,-1,-1,10,15,-1,-1
30164,17,1,-1,-1,-1,-1,-1,2,-1,-1,-1,4
30164,18,5,-1,-1,-1,-1,-1,40,-1,-1,-1,60
30164,19,-1,-1,-1,5,-1,20,20,-1,-1,35,-1
30165,1,10,-1,-1,-1,-1,15,15,-1,-1,20,-1
30165,2,10,-1,-1,-1,-1,-1,40,-1,-1,-1,50
30165,8,1,-1,-1,-1,-1,-1,10,-1,-1,-1,15
30165,14,-1,-1,10,-1,-1,20,20,-1,-1,25,-1
30165,15,-1,-1,-1,-1,-1,-1,-1,-1,-1,5,10
30165,16,-1,-1,-1,-1,-1,-1,-1,-1,-1,10,15
30165,17,-1,-1,1,-1,-1,2,2,-1,-1,2,-1
30165,18,-1,-1,5,-1,-1,30,30,-1,-1,40,-1
30165,19,-1,-1,-1,5,-1,20,20,-1,-1,35,-1
30165,30,-1,-1,-1,-1,-1,-1,-1,1,-1,-1,-1
30166,1,10,-1,-1,-1,-1,20,20,-1,-1,25,-1
30166,2,-1,-1,-1,10,-1,20,20,-1,-1,30,-1
30166,12,10,-1,-1,-1,-1,-1,25,-1,-1,-1,35
30166,14,-1,-1,-1,-1,-1,-1,-1,-1,-1,15,30
30166,15,-1,-1,-1,1,-1,1,1,-1,-1,5,-1
30166,16,-1,-1,-1,1,-1,5,5,-1,-1,10,-1
30166,19,-1,-1,5,-1,-1,35,35,-1,-1,50,-1
30166,30,-1,-1,-1,-1,-1,-1,-1,1,-1,-1,-1
30167,1,10,-1,-1,-1,-1,15,15,-1,-1,20,-1
30167,2,-1,-1,-1,10,-1,20,20,-1,-1,30,-1
30167,3,-1,-1,-1,-1,-1,-1,-1,1,-1,-1,-1
30167,9,-1,-1,-1,10,-1,15,15,-1,-1,20,-1
30167,14,-1,-1,10,-1,-1,20,20,-1,-1,25,-1
30167,15,-1,-1,-1,-1,-1,-1,-1,-1,-1,5,10
30167,16,-1,-1,-1,-1,-1,-1,-1,-1,-1,10,15
30167,19,-1,-1,-1,5,-1,20,20,-1,-1,35,-1
30168,1,10,-1,-1,-1,-1,-1,25,-1,-1,-1,35
30168,3,-1,-1,-1,-1,-1,-1,-1,1,-1,-1,-1
30168,8,-1,-1,-1,1,-1,5,5,-1,-1,5,-1
30168,9,-1,-1,10,-1,-1,20,20,-1,-1,25,-1
30168,14,10,-1,-1,-1,-1,-1,25,-1,-1,-1,35
30168,17,1,-1,-1,-1,-1,-1,2,-1,-1,-1,3
30168,18,5,-1,-1,-1,-1,-1,40,-1,-1,-1,50
30168,19,5,-1,-1,-1,-1,-1,50,-1,-1,-1,65
30168,30,-1,-1,-1,-1,-1,-1,-1,-1,-1,1,2
30169,1,10,-1,-1,-1,-1,15,15,-1,-1,20,-1
30169,2,-1,-1,-1,10,-1,20,20,-1,-1,30,-1
30169,5,-1,-1,-1,-1,-1,-1,-1,-1,-1,1,2
30169,11,-1,-1,10,-1,-1,20,20,-1,-1,25,-1
30169,14,10,-1,-1,-1,-1,-1,25,-1,-1,-1,30
30169,17,-1,-1,1,-1,-1,2,2,-1,-1,2,-1
30169,18,-1,-1,5,-1,-1,30,30,-1,-1,40,-1
30169,19,-1,-1,5,-1,-1,35,35,-1,-1,50,-1
30169,30,-1,-1,-1,-1,-1,-1,-1,1,-1,-1,-1
30170,1,10,-1,-1,-1,-1,15,15,-1,-1,20,-1
30170,6,-1,-1,-1,-1,-1,-1,-1,-1,-1,1,2
30170,8,-1,-1,-1,-1,-1,-1,-1,5,10,-1,-1
30170,11,10,-1,-1,-1,-1,-1,25,-1,-1,-1,30
30170,14,-1,-1,10,-1,-1,20,20,-1,-1,25,-1
30170,15,-1,-1,-1,1,-1,1,1,-1,-1,5,-1
30170,16,-1,-1,-1,1,-1,5,5,-1,-1,10,-1
30170,17,1,-1,-1,-1,-1,-1,2,-1,-1,-1,3
30170,18,5,-1,-1,-1,-1,-1,40,-1,-1,-1,50
30170,19,-1,-1,5,-1,-1,35,35,-1,-1,50,-1
30171,1,10,-1,-1,-1,-1,20,20,-1,-1,25,-1
30171,2,-1,-1,-1,-1,-1,-1,-1,20,40,-1,-1
30171,5,-1,-1,-1,-1,-1,-1,-1,-1,-1,1,2
30171,11,-1,-1,10,-1,-1,20,20,-1,-1,25,-1
30171,14,-1,-1,-1,10,-1,15,15,-1,-1,20,-1
30171,15,1,-1,-1,-1,-1,-1,5,-1,-1,-1,10
30171,16,1,-1,-1,-1,-1,-1,15,-1,-1,-1,20
30171,19,-1,-1,-1,5,-1,20,20,-1,-1,-1,-1
30172,1,10,-1,-1,-1,-1,-1,25,-1,-1,-1,30
30172,2,10,-1,-1,-1,-1,-1,40,-1,-1,-1,60
30172,3,-1,-1,-1,1,-1,1,1,-1,-1,1,-1
30172,7,-1,-1,-1,1,-1,1,1,-1,-1,1,-1
30172,8,-1,-1,-1,1,-1,5,5,-1,-1,5,-1
30172,14,10,-1,-1,-1,-1,-1,25,-1,-1,-1,30
30172,15,-1,-1,-1,1,-1,1,1,-1,-1,5,-1
30172,16,-1,-1,-1,1,-1,5,5,-1,-1,10,-1
30172,17,-1,-1,-1,-1,-1,-1,-1,-1,-1,2,3
30172,18,-1,-1,-1,-1,-1,-1,-1,-1,-1,30,40
30172,19,5,-1,-1,-1,-1,-1,50,-1,-1,-1,80
30172,30,-1,-1,-1,-1,-1,-1,-1,1,-1,-1,-1
30172,31,1,-1,-1,-1,-1,-1,3,-1,-1,-1,5
30173,1,10,-1,-1,-1,-1,-1,25,-1,-1,-1,30
30173,2,-1,-1,-1,-1,-1,-1,-1,20,40,-1,-1
30173,4,-1,-1,-1,1,-1,1,1,-1,-1,1,-1
30173,8,-1,-1,-1,1,-1,5,5,-1,-1,5,-1
30173,14,-1,-1,-1,-1,-1,-1,-1,-1,-1,15,30
30173,15,1,-1,-1,-1,-1,-1,5,-1,-1,-1,10
30173,16,1,-1,-1,-1,-1,-1,15,-1,-1,-1,20
30173,17,-1,-1,-1,1,-1,1,1,-1,-1,-1,-1
30173,18,-1,-1,-1,5,-1,20,20,-1,-1,-1,-1
30173,19,5,-1,-1,-1,-1,-1,50,-1,-1,-1,65
30173,30,-1,-1,-1,1,-1,1,1,-1,-1,1,-1
30174,1,10,-1,-1,-1,-1,-1,25,-1,-1,-1,30
30174,2,-1,-1,10,-1,-1,30,30,-1,-1,40,-1
30174,3,-1,-1,-1,1,-1,1,1,-1,-1,1,-1
30174,8,-1,-1,-1,1,-1,5,5,-1,-1,5,-1
30174,9,-1,-1,-1,-1,-1,-1,-1,10,25,-1,-1
30174,14,-1,-1,10,-1,-1,20,20,-1,-1,25,-1
30174,15,-1,-1,1,-1,-1,5,5,-1,-1,5,-1
30174,16,-1,-1,1,-1,-1,10,10,-1,-1,15,-1
30174,17,-1,-1,-1,-1,-1,-1,-1,-1,-1,2,3
30174,18,-1,-1,-1,-1,-1,-1,-1,-1,-1,30,40
30174,19,5,-1,-1,-1,-1,-1,50,-1,-1,-1,65
30175,1,10,-1,-1,-1,-1,15,15,-1,-1,20,-1
30175,2,-1,-1,-1,10,-1,20,20,-1,-1,30,-1
30175,4,-1,-1,-1,-1,-1,-1,-1,1,-1,-1,-1
30175,8,-1,-1,1,-1,-1,5,5,-1,-1,10,-1
30175,10,10,-1,-1,-1,-1,-1,25,-1,-1,-1,35
30175,14,-1,-1,-1,10,-1,15,15,-1,-1,20,-1
30175,17,1,-1,-1,-1,-1,-1,2,-1,-1,-1,4
30175,18,5,-1,-1,-1,-1,-1,40,-1,-1,-1,60
30175,19,-1,-1,5,-1,-1,35,35,-1,-1,50,-1
30175,30,-1,-1,-1,-1,-1,-1,-1,-1,-1,1,2
30176,1,10,-1,-1,-1,-1,15,15,-1,-1,20,-1
30176,2,-1,-1,10,-1,-1,30,30,-1,-1,40,-1
30176,5,-1,-1,-1,1,-1,1,1,-1,-1,1,-1
30176,6,-1,-1,-1,1,-1,1,1,-1,-1,1,-1
30176,12,-1,-1,-1,-1,-1,-1,-1,10,25,-1,-1
30176,14,-1,-1,-1,-1,-1,-1,-1,-1,-1,15,30
30176,19,-1,-1,5,-1,-1,35,35,-1,-1,50,-1
30177,1,10,-1,-1,-1,-1,15,15,-1,-1,20,-1
30177,2,-1,-1,10,-1,-1,30,30,-1,-1,40,-1
30177,5,-1,-1,-1,-1,-1,-1,-1,-1,-1,1,2
30177,8,-1,-1,-1,1,-1,5,5,-1,-1,5,-1
30177,14,10,-1,-1,-1,-1,-1,25,-1,-1,-1,30
30177,15,-1,-1,-1,1,-1,1,1,-1,-1,5,-1
30177,16,-1,-1,-1,1,-1,5,5,-1,-1,10,-1
30177,17,1,-1,-1,-1,-1,-1,2,-1,-1,-1,3
30177,18,5,-1,-1,-1,-1,-1,40,-1,-1,-1,50
30177,19,-1,-1,5,-1,-1,35,35,-1,-1,50,-1
30177,30,-1,-1,-1,-1,-1,-1,-1,1,-1,-1,-1
30178,1,10,-1,-1,-1,-1,20,20,-1,-1,25,-1
30178,2,-1,-1,-1,10,-1,20,20,-1,-1,-1,-1
30178,5,-1,-1,-1,-1,-1,-1,-1,1,-1,-1,-1
30178,8,1,-1,-1,-1,-1,-1,10,-1,-1,-1,15
30178,14,10,-1,-1,-1,-1,-1,25,-1,-1,-1,35
30178,15,-1,-1,-1,1,-1,1,1,-1,-1,5,-1
30178,16,-1,-1,-1,1,-1,5,5,-1,-1,10,-1
30178,17,-1,-1,1,-1,-1,2,2,-1,-1,2,-1
30178,18,-1,-1,5,-1,-1,30,30,-1,-1,40,-1
30178,19,-1,-1,-1,-1,-1,-1,-1,-1,-1,60,120
30179,1,10,-1,-1,-1,-1,15,15,-1,-1,20,-1
30179,2,-1,-1,-1,-1,-1,-1,-1,20,40,-1,-1
30179,7,-1,-1,-1,-1,-1,-1,-1,-1,-1,1,2
30179,8,-1,-1,1,-1,-1,5,5,-1,-1,10,-1
30179,9,-1,-1,-1,10,-1,15,15,-1,-1,20,-1
30179,14,10,-1,-1,-1,-1,-1,25,-1,-1,-1,30
30179,15,-1,-1,-1,1,-1,1,1,-1,-1,5,-1
30179,16,-1,-1,-1,1,-1,5,5,-1,-1,10,-1
30179,17,1,-1,-1,-1,-1,-1,2,-1,-1,-1,3
30179,18,5,-1,-1,-1,-1,-1,40,-1,-1,-1,50
30179,19,-1,-1,5,-1,-1,35,35,-1,-1,50,-1
30179,31,1,-1,-1,-1,-1,-1,3,-1,-1,-1,5
30180,1,10,-1,-1,-1,-1,15,15,-1,-1,20,-1
30180,3,-1,-1,-1,-1,-1,-1,-1,1,-1,-1,-1
30180,9,-1,-1,-1,-1,-1,-1,-1,-1,-1,15,30
30180,14,-1,-1,10,-1,-1,20,20,-1,-1,25,-1
30180,15,-1,-1,1,-1,-1,5,5,-1,-1,5,-1
30180,16,-1,-1,1,-1,-1,10,10,-1,-1,15,-1
30180,25,-1,-1,-1,10,-1,20,20,-1,-1,30,-1
30180,26,-1,-1,-1,10,-1,15,15,-1,-1,20,-1
30180,30,-1,-1,-1,1,-1,1,1,-1,-1,1,-1
30180,31,-1,-1,-1,1,-1,1,1,-1,-1,2,-1
30181,1,10,-1,-1,-1,-1,15,15,-1,-1,20,-1
30181,2,10,-1,-1,-1,-1,-1,40,-1,-1,-1,60
30181,12,-1,-1,-1,-1,-1,-1,-1,10,25,-1,-1
30181,14,-1,-1,-1,10,-1,15,15,-1,-1,20,-1
30181,15,-1,-1,-1,-1,-1,-1,-1,-1,-1,5,10
30181,16,-1,-1,-1,-1,-1,-1,-1,-1,-1,10,15
30181,17,-1,-1,-1,1,-1,1,1,-1,-1,-1,-1
30181,18,-1,-1,-1,5,-1,20,20,-1,-1,-1,-1
30181,19,-1,-1,-1,5,-1,20,20,-1,-1,35,-1
30182,1,10,-1,-1,-1,-1,15,15,-1,-1,20,-1
30182,2,10,-1,-1,-1,-1,-1,40,-1,-1,-1,50
30182,6,-1,-1,-1,1,-1,1,1,-1,-1,1,-1
30182,8,-1,-1,-1,1,-1,5,5,-1,-1,5,-1
30182,10,-1,-1,-1,-1,-1,-1,-1,-1,-1,15,30
30182,12,10,-1,-1,-1,-1,-1,25,-1,-1,-1,35
30182,14,-1,-1,10,-1,-1,20,20,-1,-1,25,-1
30182,17,1,-1,-1,-1,-1,-1,2,-1,-1,-1,3
30182,18,5,-1,-1,-1,-1,-1,40,-1,-1,-1,50
30182,19,-1,-1,-1,5,-1,20,20,-1,-1,35,-1
30182,30,-1,-1,-1,-1,-1,-1,-1,1,-1,-1,-1
30183,1,10,-1,-1,-1,-1,15,15,-1,-1,20,-1
30183,4,-1,-1,-1,1,-1,1,1,-1,-1,1,-1
30183,5,-1,-1,-1,1,-1,1,1,-1,-1,1,-1
30183,8,-1,-1,-1,1,-1,5,5,-1,-1,5,-1
30183,11,-1,-1,10,-1,-1,20,20,-1,-1,25,-1
30183,14,10,-1,-1,-1,-1,-1,25,-1,-1,-1,30
30183,15,-1,-1,-1,1,-1,1,1,-1,-1,5,-1
30183,16,-1,-1,-1,1,-1,5,5,-1,-1,10,-1
30183,17,-1,-1,-1,-1,-1,-1,-1,-1,-1,2,3
30183,18,-1,-1,-1,-1,-1,-1,-1,-1,-1,30,40
30183,19,5,-1,-1,-1,-1,-1,50,-1,-1,-1,80
30183,30,-1,-1,-1,-1,-1,-1,-1,1,-1,-1,-1
30184,1,10,-1,-1,-1,-1,20,20,-1,-1,25,-1
30184,2,-1,-1,10,-1,-1,30,30,-1,-1,40,-1
30184,3,-1,-1,-1,1,-1,1,1,-1,-1,1,-1
30184,5,-1,-1,-1,-1,-1,-1,-1,1,-1,-1,-1
30184,8,-1,-1,1,-1,-1,5,5,-1,-1,10,-1
30184,11,-1,-1,-1,-1,-1,-1,-1,-1,-1,15,30
30184,14,10,-1,-1,-1,-1,-1,25,-1,-1,-1,30
30184,17,1,-1,-1,-1,-1,-1,2,-1,-1,-1,3
30184,18,5,-1,-1,-1,-1,-1,40,-1,-1,-1,50
30184,19,5,-1,-1,-1,-1,-1,50,-1,-1,-1,65
30185,1,10,-1,-1,-1,-1,20,20,-1,-1,25,-1
30185,2,-1,-1,-1,10,-1,20,20,-1,-1,30,-1
30185,7,-1,-1,-1,-1,-1,-1,-1,1,-1,-1,-1
30185,9,-1,-1,-1,-1,-1,-1,-1,-1,-1,15,30
30185,14,10,-1,-1,-1,-1,-1,25,-1,-1,-1,30
30185,17,-1,-1,-1,1,-1,1,1,-1,-1,2,-1
30185,18,-1,-1,-1,5,-1,20,20,-1,-1,30,-1
30185,19,-1,-1,-1,5,-1,20,20,-1,-1,35,-1
30185,31,1,-1,-1,-1,-1,-1,3,-1,-1,-1,5
30186,1,10,-1,-1,-1,-1,-1,25,-1,-1,-1,30
30186,8,-1,-1,-1,-1,-1,-1,-1,5,10,-1,-1
30186,11,-1,-1,-1,-1,-1,-1,-1,-1,-1,15,30
30186,14,-1,-1,-1,10,-1,15,15,-1,-1,20,-1
30186,17,-1,-1,-1,1,-1,1,1,-1,-1,-1,-1
30186,18,-1,-1,-1,5,-1,20,20,-1,-1,-1,-1
30186,19,-1,-1,-1,5,-1,20,20,-1,-1,35,-1
30187,1,10,-1,-1,-1,-1,-1,25,-1,-1,-1,30
30187,6,-1,-1,-1,-1,-1,-1,-1,1,-1,-1,-1
30187,8,-1,-1,-1,-1,-1,-1,-1,-1,-1,5,10
30187,14,10,-1,-1,-1,-1,-1,25,-1,-1,-1,35
30187,15,1,-1,-1,-1,-1,-1,5,-1,-1,-1,10
30187,16,1,-1,-1,-1,-1,-1,15,-1,-1,-1,20
30187,17,-1,-1,1,-1,-1,2,2,-1,-1,2,-1
30187,18,-1,-1,5,-1,-1,30,30,-1,-1,40,-1
30187,19,5,-1,-1,-1,-1,-1,50,-1,-1,-1,80
30188,2,10,-1,-1,-1,-1,-1,40,-1,-1,-1,50
30188,8,-1,-1,-1,-1,-1,-1,-1,-1,-1,5,10
30188,14,-1,-1,-1,-1,-1,-1,-1,10,25,-1,-1
30188,15,1,-1,-1,-1,-1,-1,5,-1,-1,-1,10
30188,16,1,-1,-1,-1,-1,-1,15,-1,-1,-1,20
30188,25,10,-1,-1,-1,-1,-1,40,-1,-1,-1,60
30188,26,-1,-1,10,-1,-1,20,20,-1,-1,25,-1
30188,27,5,-1,-1,-1,-1,-1,20,-1,-1,-1,30
30188,28,-1,-1,-1,1,-1,5,5,-1,-1,10,-1
30189,1,10,-1,-1,-1,-1,20,20,-1,-1,25,-1
30189,2,-1,-1,-1,10,-1,20,20,-1,-1,30,-1
30189,12,-1,-1,-1,-1,-1,-1,-1,10,25,-1,-1
30189,14,-1,-1,-1,-1,-1,-1,-1,-1,-1,15,30
30189,17,-1,-1,-1,1,-1,1,1,-1,-1,2,-1
30189,18,-1,-1,-1,5,-1,20,20,-1,-1,30,-1
30189,19,-1,-1,-1,5,-1,20,20,-1,-1,35,-1
30190,1,10,-1,-1,-1,-1,15,15,-1,-1,20,-1
30190,6,-1,-1,-1,-1,-1,-1,-1,1,-1,-1,-1
30190,8,-1,-1,-1,1,-1,5,5,-1,-1,5,-1
30190,10,-1,-1,-1,-1,-1,-1,-1,-1,-1,15,30
30190,14,-1,-1,-1,10,-1,15,15,-1,-1,-1,-1
30190,17,-1,-1,-1,1,-1,1,1,-1,-1,2,-1
30190,18,-1,-1,-1,5,-1,20,20,-1,-1,30,-1
30190,19,-1,-1,-1,5,-1,20,20,-1,-1,35,-1
30191,1,10,-1,-1,-1,-1,15,15,-1,-1,20,-1
30191,2,-1,-1,-1,-1,-1,-1,-1,-1,-1,15,30
30191,8,-1,-1,-1,1,-1,5,5,-1,-1,5,-1
30191,10,-1,-1,-1,-1,-1,-1,-1,10,25,-1,-1
30191,14,-1,-1,-1,10,-1,15,15,-1,-1,20,-1
30191,15,-1,-1,-1,1,-1,1,1,-1,-1,5,-1
30191,16,-1,-1,-1,1,-1,5,5,-1,-1,10,-1
30191,19,-1,-1,-1,5,-1,20,20,-1,-1,35,-1
30192,1,10,-1,-1,-1,-1,20,20,-1,-1,25,-1
30192,2,-1,-1,-1,-1,-1,-1,-1,20,40,-1,-1
30192,9,-1,-1,-1,-1,-1,-1,-1,-1,-1,15,30
30192,14,-1,-1,10,-1,-1,20,20,-1,-1,25,-1
30192,15,-1,-1,-1,1,-1,1,1,-1,-1,5,-1
30192,16,-1,-1,-1,1,-1,5,5,-1,-1,10,-1
30192,17,-1,-1,-1,1,-1,1,1,-1,-1,2,-1
30192,18,-1,-1,-1,5,-1,20,20,-1,-1,30,-1
30192,19,-1,-1,-1,5,-1,20,20,-1,-1,35,-1
30193,1,10,-1,-1,-1,-1,-1,25,-1,-1,-1,35
30193,2,-1,-1,-1,10,-1,20,20,-1,-1,30,-1
30193,4,-1,-1,-1,-1,-1,-1,-1,1,-1,-1,-1
30193,12,-1,-1,-1,10,-1,15,15,-1,-1,20,-1
30193,14,-1,-1,10,-1,-1,20,20,-1,-1,25,-1
30193,17,1,-1,-1,-1,-1,-1,2,-1,-1,-1,3
30193,18,5,-1,-1,-1,-1,-1,40,-1,-1,-1,50
30193,19,5,-1,-1,-1,-1,-1,50,-1,-1,-1,65
30193,30,-1,-1,-1,-1,-1,-1,-1,-1,-1,1,2
30194,1,10,-1,-1,-1,-1,20,20,-1,-1,25,-1
30194,2,-1,-1,-1,10,-1,20,20,-1,-1,-1,-1
30194,5,-1,-1,-1,-1,-1,-1,-1,1,-1,-1,-1
30194,6,-1,-1,-1,1,-1,1,1,-1,-1,1,-1
30194,14,-1,-1,-1,-1,-1,-1,-1,-1,-1,15,30
30194,15,-1,-1,-1,1,-1,1,1,-1,-1,5,-1
30194,16,-1,-1,-1,1,-1,5,5,-1,-1,10,-1
30194,17,-1,-1,-1,1,-1,1,1,-1,-1,2,-1
30194,18,-1,-1,-1,5,-1,20,20,-1,-1,30,-1
30194,19,-1,-1,5,-1,-1,35,35,-1,-1,50,-1
30195,1,10,-1,-1,-1,-1,20,20,-1,-1,25,-1
30195,2,-1,-1,-1,10,-1,20,20,-1,-1,30,-1
30195,5,-1,-1,-1,-1,-1,-1,-1,1,-1,-1,-1
30195,8,1,-1,-1,-1,-1,-1,10,-1,-1,-1,15
30195,14,10,-1,-1,-1,-1,-1,25,-1,-1,-1,30
30195,15,-1,-1,-1,-1,-1,-1,-1,-1,-1,5,10
30195,16,-1,-1,-1,-1,-1,-1,-1,-1,-1,10,15
30195,17,-1,-1,1,-1,-1,2,2,-1,-1,2,-1
30195,18,-1,-1,5,-1,-1,30,30,-1,-1,40,-1
30195,19,5,-1,-1,-1,-1,-1,50,-1,-1,-1,65
30196,1,10,-1,-1,-1,-1,-1,25,-1,-1,-1,30
30196,2,10,-1,-1,-1,-1,-1,40,-1,-1,-1,50
30196,3,-1,-1,-1,-1,-1,-1,-1,-1,-1,1,2
30196,8,-1,-1,-1,1,-1,5,5,-1,-1,5,-1
30196,11,-1,-1,-1,-1,-1,-1,-1,10,25,-1,-1
30196,14,10,-1,-1,-1,-1,-1,25,-1,-1,-1,30
30196,15,-1,-1,-1,1,-1,1,1,-1,-1,5,-1
30196,16,-1,-1,-1,1,-1,5,5,-1,-1,10,-1
30196,17,-1,-1,1,-1,-1,2,2,-1,-1,2,-1
30196,18,-1,-1,5,-1,-1,30,30,-1,-1,40,-1
30196,19,5,-1,-1,-1,-1,-1,50,-1,-1,-1,80
30197,1,10,-1,-1,-1,-1,15,15,-1,-1,20,-1
30197,2,-1,-1,-1,10,-1,20,20,-1,-1,-1,-1
30197,4,-1,-1,-1,-1,-1,-1,-1,1,-1,-1,-1
30197,8,-1,-1,-1,1,-1,5,5,-1,-1,5,-1
30197,14,-1,-1,-1,-1,-1,-1,-1,-1,-1,15,30
30197,17,-1,-1,-1,1,-1,1,1,-1,-1,2,-1
30197,18,-1,-1,-1,5,-1,20,20,-1,-1,30,-1
30197,19,-1,-1,5,-1,-1,35,35,-1,-1,50,-1
30198,1,10,-1,-1,-1,-1,20,20,-1,-1,25,-1
30198,2,10,-1,-1,-1,-1,-1,40,-1,-1,-1,50
30198,8,-1,-1,-1,-1,-1,-1,-1,5,10,-1,-1
30198,14,10,-1,-1,-1,-1,-1,25,-1,-1,-1,30
30198,15,-1,-1,-1,1,-1,1,1,-1,-1,5,-1
30198,16,-1,-1,-1,1,-1,5,5,-1,-1,10,-1
30198,17,1,-1,-1,-1,-1,-1,2,-1,-1,-1,3
30198,18,5,-1,-1,-1,-1,-1,40,-1,-1,-1,50
30198,19,-1,-1,5,-1,-1,35,35,-1,-1,50,-1
30198,30,-1,-1,-1,-1,-1,-1,-1,-1,-1,1,2
30198,31,1,-1,-1,-1,-1,-1,3,-1,-1,-1,5
30199,1,10,-1,-1,-1,-1,15,15,-1,-1,20,-1
30199,2,-1,-1,-1,-1,-1,-1,-1,20,40,-1,-1
30199,4,-1,-1,-1,-1,-1,-1,-1,-1,-1,1,2
30199,14,10,-1,-1,-1,-1,-1,25,-1,-1,-1,35
30199,15,-1,-1,1,-1,-1,5,5,-1,-1,5,-1
30199,16,-1,-1,1,-1,-1,10,10,-1,-1,15,-1
30199,17,1,-1,-1,-1,-1,-1,2,-1,-1,-1,3
30199,18,5,-1,-1,-1,-1,-1,40,-1,-1,-1,50
30199,19,5,-1,-1,-1,-1,-1,50,-1,-1,-1,65
30199,30,-1,-1,-1,1,-1,1,1,-1,-1,1,-1
30200,1,10,-1,-1,-1,-1,20,20,-1,-1,25,-1
30200,2,10,-1,-1,-1,-1,-1,40,-1,-1,-1,50
30200,11,-1,-1,-1,-1,-1,-1,-1,-1,-1,15,30
30200,12,10,-1,-1,-1,-1,-1,25,-1,-1,-1,30
30200,14,-1,-1,10,-1,-1,20,20,-1,-1,25,-1
30200,15,-1,-1,-1,-1,-1,-1,-1,5,5,-1,-1
30200,16,-1,-1,-1,-1,-1,-1,-1,10,15,-1,-1
30200,17,-1,-1,-1,1,-1,1,1,-1,-1,-1,-1
30200,18,-1,-1,-1,5,-1,20,20,-1,-1,-1,-1
30200,19,-1,-1,5,-1,-1,35,35,-1,-1,50,-1
30201,1,10,-1,-1,-1,-1,-1,25,-1,-1,-1,35
30201,2,-1,-1,-1,10,-1,20,20,-1,-1,-1,-1
30201,8,1,-1,-1,-1,-1,-1,10,-1,-1,-1,15
30201,9,10,-1,-1,-1,-1,-1,25,-1,-1,-1,30
30201,14,-1,-1,10,-1,-1,20,20,-1,-1,25,-1
30201,15,-1,-1,-1,-1,-1,-1,-1,-1,-1,5,10
30201,16,-1,-1,-1,-1,-1,-1,-1,-1,-1,10,15
30201,17,1,-1,-1,-1,-1,-1,2,-1,-1,-1,3
30201,18,5,-1,-1,-1,-1,-1,40,-1,-1,-1,50
30201,19,5,-1,-1,-1,-1,-1,50,-1,-1,-1,65
30201,30,-1,-1,-1,-1,-1,-1,-1,1,-1,-1,-1
30201,31,1,-1,-1,-1,-1,-1,3,-1,-1,-1,5
30202,1,10,-1,-1,-1,-1,-1,25,-1,-1,-1,30
30202,2,-1,-1,-1,-1,-1,-1,-1,20,40,-1,-1
30202,5,-1,-1,-1,1,-1,1,1,-1,-1,1,-1
30202,6,-1,-1,-1,-1,-1,-1,-1,-1,-1,1,2
30202,14,-1,-1,10,-1,-1,20,20,-1,-1,25,-1
30202,15,-1,-1,1,-1,-1,5,5,-1,-1,5,-1
30202,16,-1,-1,1,-1,-1,10,10,-1,-1,15,-1
30202,17,-1,-1,-1,1,-1,1,1,-1,-1,2,-1
30202,18,-1,-1,-1,5,-1,20,20,-1,-1,30,-1
30202,19,5,-1,-1,-1,-1,-1,50,-1,-1,-1,65
30203,1,10,-1,-1,-1,-1,-1,25,-1,-1,-1,30
30203,2,-1,-1,-1,10,-1,20,20,-1,-1,30,-1
30203,10,-1,-1,-1,-1,-1,-1,-1,10,25,-1,-1
30203,14,-1,-1,-1,-1,-1,-1,-1,-1,-1,15,30
30203,15,-1,-1,-1,1,-1,1,1,-1,-1,5,-1
30203,16,-1,-1,-1,1,-1,5,5,-1,-1,10,-1
30203,17,-1,-1,-1,1,-1,1,1,-1,-1,2,-1
30203,18,-1,-1,-1,5,-1,20,20,-1,-1,30,-1
30203,19,-1,-1,5,-1,-1,35,35,-1,-1,50,-1
30204,1,10,-1,-1,-1,-1,-1,25,-1,-1,-1,30
30204,2,-1,-1,-1,10,-1,20,20,-1,-1,30,-1
30204,4,-1,-1,-1,-1,-1,-1,-1,-1,-1,1,2
30204,5,-1,-1,-1,1,-1,1,1,-1,-1,1,-1
30204,8,-1,-1,-1,1,-1,5,5,-1,-1,5,-1
30204,14,10,-1,-1,-1,-1,-1,25,-1,-1,-1,35
30204,15,1,-1,-1,-1,-1,5,5,-1,-1,-1,10
30204,16,-1,-1,1,-1,-1,10,10,-1,-1,-1,15
30204,17,1,-1,-1,-1,-1,-1,2,-1,-1,-1,3
30204,18,5,-1,-1,-1,-1,-1,40,-1,-1,-1,50
30204,19,5,-1,-1,-1,-1,-1,50,-1,-1,-1,65
30204,30,-1,-1,-1,-1,-1,-1,-1,1,-1,-1,-1
30205,1,10,-1,-1,-1,-1,15,15,-1,-1,20,-1
30205,8,-1,-1,-1,-1,-1,-1,-1,-1,-1,5,10
30205,9,-1,-1,10,-1,-1,20,20,-1,-1,25,-1
30205,11,-1,-1,-1,-1,-1,-1,-1,10,25,-1,-1
30205,14,-1,-1,-1,10,-1,15,15,-1,-1,20,-1
30205,17,-1,-1,-1,1,-1,1,1,-1,-1,-1,-1
30205,18,-1,-1,-1,5,-1,20,20,-1,-1,-1,-1
30205,19,-1,-1,5,-1,-1,35,35,-1,-1,50,-1
30206,1,10,-1,-1,-1,-1,-1,25,-1,-1,-1,30
30206,3,-1,-1,-1,1,-1,1,1,-1,-1,1,-1
30206,5,-1,-1,-1,-1,-1,-1,-1,1,-1,-1,-1
30206,8,-1,-1,-1,-1,-1,-1,-1,-1,-1,10,20
30206,14,10,-1,-1,-1,-1,-1,25,-1,-1,-1,35
30206,15,1,-1,-1,-1,-1,5,5,-1,-1,-1,10
30206,16,-1,-1,1,-1,-1,10,10,-1,-1,-1,15
30206,17,1,-1,-1,-1,-1,-1,2,-1,-1,-1,3
30206,18,5,-1,-1,-1,-1,-1,40,-1,-1,-1,50
30206,19,5,-1,-1,-1,-1,-1,60,-1,-1,-1,100
30207,2,-1,-1,-1,10,-1,20,20,-1,-1,-1,-1
30207,3,-1,-1,-1,1,-1,1,1,-1,-1,1,-1
30207,8,-1,-1,-1,-1,-1,-1,-1,-1,-1,5,10
30207,14,-1,-1,10,-1,-1,20,20,-1,-1,25,-1
30207,15,-1,-1,-1,1,-1,1,1,-1,-1,5,-1
30207,16,-1,-1,-1,1,-1,5,5,-1,-1,10,-1
30207,25,10,-1,-1,-1,-1,-1,40,-1,-1,-1,80
30207,26,-1,-1,10,-1,-1,20,20,-1,-1,25,-1
30207,27,-1,-1,5,-1,-1,15,15,-1,-1,20,-1
30207,28,-1,-1,1,-1,-1,10,10,-1,-1,15,-1
30207,30,-1,-1,-1,-1,-1,-1,-1,1,-1,-1,-1
30208,1,10,-1,-1,-1,-1,-1,25,-1,-1,-1,35
30208,5,-1,-1,-1,-1,-1,-1,-1,1,-1,-1,-1
30208,8,-1,-1,-1,-1,-1,-1,-1,-1,-1,5,10
30208,10,-1,-1,-1,10,-1,15,15,-1,-1,20,-1
30208,14,10,-1,-1,-1,-1,-1,25,-1,-1,-1,35
30208,15,1,-1,-1,-1,-1,-1,5,-1,-1,-1,10
30208,16,1,-1,-1,-1,-1,-1,15,-1,-1,-1,20
30208,17,1,-1,-1,-1,-1,-1,2,-1,-1,-1,3
30208,18,5,-1,-1,-1,-1,-1,40,-1,-1,-1,50
30208,19,5,-1,-1,-1,-1,-1,50,-1,-1,-1,65
30209,1,10,-1,-1,-1,-1,20,20,-1,-1,25,-1
30209,2,-1,-1,-1,10,-1,20,20,-1,-1,30,-1
30209,8,-1,-1,-1,-1,-1,-1,-1,5,10,-1,-1
30209,14,10,-1,-1,-1,-1,-1,25,-1,-1,-1,35
30209,15,1,-1,-1,-1,-1,-1,5,-1,-1,-1,10
30209,16,1,-1,-1,-1,-1,-1,15,-1,-1,-1,20
30209,17,-1,-1,1,-1,-1,2,2,-1,-1,2,-1
30209,18,-1,-1,5,-1,-1,30,30,-1,-1,40,-1
30209,19,-1,-1,5,-1,-1,35,35,-1,-1,50,-1
30209,30,-1,-1,-1,-1,-1,-1,-1,-1,-1,1,2
30210,1,10,-1,-1,-1,-1,20,20,-1,-1,25,-1
30210,2,-1,-1,-1,10,-1,20,20,-1,-1,30,-1
30210,5,-1,-1,-1,1,-1,1,1,-1,-1,1,2
30210,8,-1,-1,1,-1,-1,5,5,-1,-1,10,-1
30210,11,10,-1,-1,-1,-1,-1,25,-1,-1,-1,30
30210,14,10,-1,-1,-1,-1,-1,25,-1,-1,-1,30
30210,15,1,-1,-1,-1,-1,5,5,-1,-1,-1,10
30210,16,-1,-1,1,-1,-1,10,10,-1,-1,-1,15
30210,17,-1,-1,-1,-1,-1,-1,-1,-1,-1,2,3
30210,18,-1,-1,-1,-1,-1,-1,-1,-1,-1,30,40
30210,19,5,-1,-1,-1,-1,-1,50,-1,-1,-1,80
30210,30,-1,-1,-1,-1,-1,-1,-1,1,-1,-1,-1
30211,1,10,-1,-1,-1,-1,-1,25,-1,-1,-1,30
30211,2,10,-1,-1,-1,-1,-1,40,-1,-1,-1,50
30211,7,-1,-1,-1,-1,-1,-1,-1,1,-1,-1,-1
30211,8,-1,-1,1,-1,-1,5,5,-1,-1,10,-1
30211,9,10,-1,-1,-1,-1,-1,25,-1,-1,-1,30
30211,14,-1,-1,-1,-1,-1,-1,-1,-1,-1,15,30
30211,15,-1,-1,1,-1,-1,5,5,-1,-1,5,-1
30211,16,-1,-1,1,-1,-1,10,10,-1,-1,15,-1
30211,17,-1,-1,1,-1,-1,2,2,-1,-1,2,-1
30211,18,-1,-1,5,-1,-1,30,30,-1,-1,40,-1
30211,19,5,-1,-1,-1,-1,-1,50,-1,-1,-1,65
30211,30,-1,-1,-1,1,-1,1,1,-1,-1,1,-1
30211,31,1,-1,-1,-1,-1,-1,3,-1,-1,-1,5
30212,1,10,-1,-1,-1,-1,15,15,-1,-1,20,-1
30212,2,-1,-1,-1,10,-1,20,20,-1,-1,-1,-1
30212,4,-1,-1,-1,-1,-1,-1,-1,1,-1,-1,-1
30212,6,-1,-1,-1,1,-1,1,1,-1,-1,-1,-1
30212,12,10,-1,-1,-1,-1,-1,25,-1,-1,-1,30
30212,14,-1,-1,-1,-1,-1,-1,-1,-1,-1,15,30
30212,15,-1,-1,-1,1,-1,1,1,-1,-1,5,-1
30212,16,-1,-1,-1,1,-1,5,5,-1,-1,10,-1
30212,17,-1,-1,-1,1,-1,1,1,-1,-1,2,-1
30212,18,-1,-1,-1,5,-1,20,20,-1,-1,30,-1
30212,19,-1,-1,-1,5,-1,20,20,-1,-1,35,-1
30213,1,10,-1,-1,-1,-1,-1,25,-1,-1,-1,30
30213,2,-1,-1,-1,10,-1,20,20,-1,-1,-1,-1
30213,8,-1,-1,-1,1,-1,5,5,-1,-1,5,-1
30213,9,-1,-1,-1,-1,-1,-1,-1,-1,-1,15,30
30213,14,-1,-1,-1,10,-1,15,15,-1,-1,20,-1
30213,15,-1,-1,-1,-1,-1,-1,-1,5,5,-1,-1
30213,16,-1,-1,-1,-1,-1,-1,-1,10,15,-1,-1
30213,19,-1,-1,-1,5,-1,20,20,-1,-1,35,-1
30214,1,10,-1,-1,-1,-1,-1,25,-1,-1,-1,30
30214,2,10,-1,-1,-1,-1,-1,40,-1,-1,-1,50
30214,5,-1,-1,-1,-1,-1,-1,-1,1,-1,-1,-1
30214,8,-1,-1,1,-1,-1,5,5,-1,-1,10,-1
30214,9,-1,-1,-1,10,-1,15,15,-1,-1,20,-1
30214,12,10,-1,-1,-1,-1,-1,25,-1,-1,-1,30
30214,14,-1,-1,10,-1,-1,20,20,-1,-1,25,-1
30214,15,1,-1,-1,-1,-1,5,5,-1,-1,-1,10
30214,16,-1,-1,1,-1,-1,10,10,-1,-1,-1,15
30214,17,-1,-1,-1,-1,-1,-1,-1,-1,-1,2,3
30214,18,-1,-1,-1,-1,-1,-1,-1,-1,-1,30,40
30214,19,5,-1,-1,-1,-1,-1,50,-1,-1,-1,65
30215,1,10,-1,-1,-1,-1,20,20,-1,-1,25,-1
30215,2,-1,-1,10,-1,-1,30,30,-1,-1,40,-1
30215,3,-1,-1,-1,1,-1,1,1,-1,-1,1,-1
30215,5,-1,-1,-1,1,-1,1,1,-1,-1,1,-1
30215,8,1,-1,-1,-1,-1,-1,10,-1,-1,-1,15
30215,14,-1,-1,-1,-1,-1,-1,-1,-1,-1,20,40
30215,15,-1,-1,-1,1,-1,1,1,-1,-1,5,-1
30215,16,-1,-1,-1,1,-1,5,5,-1,-1,10,-1
30215,17,1,-1,-1,-1,-1,-1,2,-1,-1,-1,4
30215,18,5,-1,-1,-1,-1,-1,40,-1,-1,-1,60
30215,19,5,-1,-1,-1,-1,-1,60,-1,-1,-1,100
30215,30,-1,-1,-1,-1,-1,-1,-1,1,-1,-1,-1
30215,32,10,-1,-1,-1,-1,-1,30,-1,-1,-1,60
30216,1,10,-1,-1,-1,-1,-1,25,-1,-1,-1,30
30216,2,-1,-1,-1,-1,-1,-1,-1,20,40,-1,-1
30216,3,-1,-1,-1,1,-1,1,1,-1,-1,1,-1
30216,9,-1,-1,-1,-1,-1,-1,-1,-1,-1,15,30
30216,14,-1,-1,10,-1,-1,20,20,-1,-1,25,-1
30216,17,-1,-1,-1,1,-1,1,1,-1,-1,2,-1
30216,18,-1,-1,-1,5,-1,20,20,-1,-1,30,-1
30216,19,-1,-1,5,-1,-1,35,35,-1,-1,50,-1
30217,1,10,-1,-1,-1,-1,15,15,-1,-1,20,-1
30217,2,-1,-1,-1,10,-1,20,20,-1,-1,30,-1
30217,7,-1,-1,-1,-1,-1,-1,-1,-1,-1,1,2
30217,9,10,-1,-1,-1,-1,-1,25,-1,-1,-1,30
30217,13,-1,-1,-1,-1,-1,-1,-1,10,25,-1,-1
30217,14,-1,-1,-1,10,-1,15,15,-1,-1,20,-1
30217,17,-1,-1,1,-1,-1,2,2,-1,-1,2,-1
30217,18,-1,-1,5,-1,-1,30,30,-1,-1,40,-1
30217,19,-1,-1,-1,5,-1,20,20,-1,-1,35,-1
30217,31,1,-1,-1,-1,-1,-1,3,-1,-1,-1,5
30218,1,10,-1,-1,-1,-1,-1,25,-1,-1,-1,30
30218,2,-1,-1,-1,10,-1,20,20,-1,-1,-1,-1
30218,7,-1,-1,-1,-1,-1,-1,-1,-1,-1,1,2
30218,8,-1,-1,1,-1,-1,5,5,-1,-1,10,-1
30218,9,-1,-1,-1,10,-1,15,15,-1,-1,20,-1
30218,14,10,-1,-1,-1,-1,-1,25,-1,-1,-1,35
30218,15,-1,-1,-1,1,-1,1,1,-1,-1,5,-1
30218,16,-1,-1,-1,1,-1,5,5,-1,-1,10,-1
30218,17,-1,-1,1,-1,-1,2,2,-1,-1,2,-1
30218,18,-1,-1,5,-1,-1,30,30,-1,-1,40,-1
30218,19,5,-1,-1,-1,-1,-1,50,-1,-1,-1,65
30218,30,-1,-1,-1,-1,-1,-1,-1,1,-1,-1,-1
30218,31,1,-1,-1,-1,-1,-1,3,-1,-1,-1,5
30219,1,10,-1,-1,-1,-1,-1,25,-1,-1,-1,35
30219,2,-1,-1,-1,10,-1,20,20,-1,-1,30,-1
30219,3,-1,-1,-1,1,-1,1,1,-1,-1,1,-1
30219,5,-1,-1,-1,1,-1,1,1,-1,-1,1,-1
30219,8,-1,-1,-1,1,-1,5,5,-1,-1,5,-1
30219,14,-1,-1,-1,-1,-1,-1,-1,-1,-1,15,30
30219,15,-1,-1,1,-1,-1,5,5,-1,-1,5,-1
30219,16,-1,-1,1,-1,-1,10,10,-1,-1,15,-1
30219,17,-1,-1,1,-1,-1,2,2,-1,-1,2,-1
30219,18,-1,-1,5,-1,-1,30,30,-1,-1,40,-1
30219,19,5,-1,-1,-1,-1,-1,50,-1,-1,-1,65
30219,30,-1,-1,-1,-1,-1,-1,-1,1,-1,-1,-1
30220,1,10,-1,-1,-1,-1,15,15,-1,-1,20,-1
30220,7,-1,-1,-1,-1,-1,-1,-1,-1,-1,1,2
30220,14,-1,-1,10,-1,-1,20,20,-1,-1,25,-1
30220,15,-1,-1,-1,1,-1,1,1,-1,-1,5,-1
30220,16,-1,-1,-1,1,-1,5,5,-1,-1,10,-1
30220,17,-1,-1,-1,1,-1,1,1,-1,-1,2,-1
30220,18,-1,-1,-1,5,-1,20,20,-1,-1,30,-1
30220,19,-1,-1,5,-1,-1,35,35,-1,-1,50,-1
30220,30,-1,-1,-1,-1,-1,-1,-1,1,-1,-1,-1
30220,31,1,-1,-1,-1,-1,-1,3,-1,-1,-1,5
30221,1,10,-1,-1,-1,-1,15,15,-1,-1,20,-1
30221,2,-1,-1,-1,-1,-1,-1,-1,20,40,-1,-1
30221,10,10,-1,-1,-1,-1,-1,25,-1,-1,-1,30
30221,12,-1,-1,-1,-1,-1,-1,-1,-1,-1,15,30
30221,14,-1,-1,-1,10,-1,15,15,-1,-1,20,-1
30221,15,-1,-1,-1,1,-1,1,1,-1,-1,5,-1
30221,16,-1,-1,-1,1,-1,5,5,-1,-1,10,-1
30221,17,-1,-1,-1,1,-1,1,1,-1,-1,-1,-1
30221,18,-1,-1,-1,5,-1,20,20,-1,-1,-1,-1
30221,19,-1,-1,5,-1,-1,35,35,-1,-1,50,-1
30222,1,10,-1,-1,-1,-1,-1,25,-1,-1,-1,35
30222,2,10,-1,-1,-1,-1,-1,40,-1,-1,-1,50
30222,4,-1,-1,-1,-1,-1,-1,-1,1,-1,-1,-1
30222,8,-1,-1,-1,-1,-1,-1,-1,-1,-1,5,10
30222,10,-1,-1,-1,10,-1,15,15,-1,-1,20,-1
30222,11,10,-1,-1,-1,-1,-1,25,-1,-1,-1,30
30222,14,-1,-1,10,-1,-1,20,20,-1,-1,25,-1
30222,15,-1,-1,-1,1,-1,1,1,-1,-1,5,-1
30222,16,-1,-1,-1,1,-1,5,5,-1,-1,10,-1
30222,17,1,-1,-1,-1,-1,-1,2,-1,-1,-1,3
30222,18,5,-1,-1,-1,-1,-1,40,-1,-1,-1,50
30222,19,5,-1,-1,-1,-1,-1,50,-1,-1,-1,80
30223,1,10,-1,-1,-1,-1,-1,25,-1,-1,-1,30
30223,2,-1,-1,-1,10,-1,20,20,-1,-1,30,-1
30223,6,-1,-1,-1,1,-1,1,1,-1,-1,-1,-1
30223,9,10,-1,-1,-1,-1,-1,25,-1,-1,-1,30
30223,14,10,-1,-1,-1,-1,-1,25,-1,-1,-1,30
30223,15,1,-1,-1,-1,-1,5,5,-1,-1,-1,10
30223,16,-1,-1,1,-1,-1,10,10,-1,-1,-1,15
30223,17,-1,-1,-1,-1,-1,-1,-1,-1,-1,2,3
30223,18,-1,-1,-1,-1,-1,-1,-1,-1,-1,30,40
30223,19,5,-1,-1,-1,-1,-1,50,-1,-1,-1,65
30223,30,-1,-1,-1,-1,-1,-1,-1,1,-1,-1,-1
30224,1,10,-1,-1,-1,-1,-1,25,-1,-1,-1,30
30224,2,-1,-1,-1,10,-1,20,20,-1,-1,30,-1
30224,5,-1,-1,-1,-1,-1,-1,-1,-1,-1,1,2
30224,8,1,-1,-1,-1,-1,-1,10,-1,-1,-1,15
30224,9,-1,-1,-1,-1,-1,-1,-1,10,25,-1,-1
30224,11,10,-1,-1,-1,-1,-1,25,-1,-1,-1,35
30224,14,-1,-1,10,-1,-1,20,20,-1,-1,25,-1
30224,15,1,-1,-1,-1,-1,-1,5,-1,-1,-1,10
30224,16,1,-1,-1,-1,-1,-1,15,-1,-1,-1,20
30224,17,1,-1,-1,-1,-1,-1,2,-1,-1,-1,3
30224,18,5,-1,-1,-1,-1,-1,40,-1,-1,-1,50
30224,19,5,-1,-1,-1,-1,-1,50,-1,-1,-1,80
30225,1,10,-1,-1,-1,-1,-1,25,-1,-1,-1,30
30225,3,-1,-1,-1,1,-1,1,1,-1,-1,1,-1
30225,6,-1,-1,-1,-1,-1,-1,-1,1,-1,-1,-1
30225,12,-1,-1,-1,-1,-1,-1,-1,-1,-1,15,30
30225,14,10,-1,-1,-1,-1,-1,25,-1,-1,-1,30
30225,15,-1,-1,-1,1,-1,1,1,-1,-1,5,-1
30225,16,-1,-1,-1,1,-1,5,5,-1,-1,10,-1
30225,17,-1,-1,-1,1,-1,1,1,-1,-1,-1,-1
30225,18,-1,-1,-1,5,-1,20,20,-1,-1,-1,-1
30225,19,-1,-1,5,-1,-1,35,35,-1,-1,50,-1
30226,1,10,-1,-1,-1,-1,-1,25,-1,-1,-1,35
30226,2,-1,-1,-1,10,-1,20,20,-1,-1,30,-1
30226,8,1,-1,-1,-1,-1,-1,10,-1,-1,-1,15
30226,14,10,-1,-1,-1,-1,-1,25,-1,-1,-1,30
30226,15,1,-1,-1,-1,-1,5,5,-1,-1,-1,10
30226,16,-1,-1,1,-1,-1,10,10,-1,-1,-1,15
30226,17,-1,-1,1,-1,-1,2,2,-1,-1,2,-1
30226,18,-1,-1,5,-1,-1,30,30,-1,-1,40,-1
30226,19,-1,-1,-1,-1,-1,-1,-1,-1,-1,40,80
30226,30,-1,-1,-1,-1,-1,-1,-1,1,-1,-1,-1
30226,32,-1,-1,-1,20,-1,30,30,-1,-1,40,-1
30227,1,10,-1,-1,-1,-1,25,-1,-1,-1,-1,40
30227,2,-1,-1,-1,10,-1,20,20,-1,-1,-1,-1
30227,8,-1,-1,-1,-1,-1,-1,-1,-1,-1,5,10
30227,14,10,-1,-1,-1,-1,-1,25,-1,-1,-1,30
30227,15,-1,-1,-1,1,-1,1,1,-1,-1,5,-1
30227,16,-1,-1,-1,1,-1,5,5,-1,-1,10,-1
30227,17,1,-1,-1,-1,-1,-1,2,-1,-1,-1,4
30227,18,5,-1,-1,-1,-1,-1,40,-1,-1,-1,60
30227,19,5,-1,-1,-1,-1,-1,50,-1,-1,-1,80
30227,30,-1,-1,-1,-1,-1,-1,-1,1,-1,-1,-1
30227,31,1,-1,-1,-1,-1,-1,3,-1,-1,-1,5
30228,1,10,-1,-1,-1,-1,-1,25,-1,-1,-1,35
30228,4,-1,-1,-1,1,-1,1,1,-1,-1,1,-1
30228,8,-1,-1,-1,-1,-1,-1,-1,-1,-1,10,20
30228,10,10,-1,-1,-1,-1,-1,25,-1,-1,-1,30
30228,14,10,-1,-1,-1,-1,-1,25,-1,-1,-1,30
30228,15,1,-1,-1,-1,-1,5,5,-1,-1,-1,10
30228,16,-1,-1,1,-1,-1,10,10,-1,-1,-1,15
30228,17,1,-1,-1,-1,-1,-1,2,-1,-1,-1,3
30228,18,5,-1,-1,-1,-1,-1,40,-1,-1,-1,50
30228,19,5,-1,-1,-1,-1,-1,50,-1,-1,-1,80
30228,30,-1,-1,-1,-1,-1,-1,-1,1,-1,-1,-1
30229,1,10,-1,-1,-1,-1,20,20,-1,-1,25,-1
30229,2,10,-1,-1,-1,-1,-1,40,-1,-1,-1,50
30229,3,-1,-1,-1,1,-1,1,1,-1,-1,1,-1
30229,8,-1,-1,-1,-1,-1,-1,-1,-1,-1,5,10
30229,14,10,-1,-1,-1,-1,-1,25,-1,-1,-1,30
30229,15,-1,-1,-1,1,-1,1,1,-1,-1,5,-1
30229,16,-1,-1,-1,1,-1,5,5,-1,-1,10,-1
30229,17,1,-1,-1,-1,-1,-1,2,-1,-1,-1,3
30229,18,5,-1,-1,-1,-1,-1,40,-1,-1,-1,50
30229,19,5,-1,-1,-1,-1,-1,50,-1,-1,-1,65
30229,30,-1,-1,-1,-1,-1,-1,-1,1,-1,-1,-1
30229,31,1,-1,-1,-1,-1,-1,3,-1,-1,-1,5
30230,1,10,-1,-1,-1,-1,-1,25,-1,-1,-1,30
30230,2,-1,-1,-1,-1,-1,-1,-1,20,40,-1,-1
30230,5,-1,-1,-1,1,-1,1,1,-1,-1,-1,-1
30230,8,-1,-1,-1,-1,-1,-1,-1,-1,-1,5,10
30230,9,10,-1,-1,-1,-1,-1,25,-1,-1,-1,30
30230,11,10,-1,-1,-1,-1,-1,25,-1,-1,-1,30
30230,14,10,-1,-1,-1,-1,-1,25,-1,-1,-1,35
30230,15,-1,-1,-1,1,-1,1,1,-1,-1,5,-1
30230,16,-1,-1,-1,1,-1,5,5,-1,-1,10,-1
30230,17,1,-1,-1,-1,-1,-1,2,-1,-1,-1,3
30230,18,5,-1,-1,-1,-1,-1,40,-1,-1,-1,50
30230,19,5,-1,-1,-1,-1,-1,50,-1,-1,-1,80
30230,30,-1,-1,-1,1,-1,1,1,-1,-1,1,-1
30231,1,10,-1,-1,-1,-1,15,15,-1,-1,20,-1
30231,8,-1,-1,-1,-1,-1,-1,-1,-1,-1,5,10
30231,10,-1,-1,-1,-1,-1,-1,-1,10,25,-1,-1
30231,11,-1,-1,10,-1,-1,20,20,-1,-1,25,-1
30231,14,-1,-1,-1,10,-1,15,15,-1,-1,20,-1
30231,17,-1,-1,1,-1,-1,2,2,-1,-1,2,-1
30231,18,-1,-1,5,-1,-1,30,30,-1,-1,40,-1
30231,19,-1,-1,5,-1,-1,35,35,-1,-1,50,-1
30232,1,10,-1,-1,-1,-1,-1,25,-1,-1,-1,30
30232,2,10,-1,-1,-1,-1,-1,40,-1,-1,-1,50
30232,5,-1,-1,-1,1,-1,1,1,-1,-1,-1,-1
30232,8,-1,-1,-1,-1,-1,-1,-1,-1,-1,5,10
30232,14,10,-1,-1,-1,-1,-1,25,-1,-1,-1,35
30232,15,-1,-1,-1,1,-1,1,1,-1,-1,5,-1
30232,16,-1,-1,-1,1,-1,5,5,-1,-1,10,-1
30232,17,1,-1,-1,-1,-1,-1,2,-1,-1,-1,3
30232,18,5,-1,-1,-1,-1,-1,40,-1,-1,-1,50
30232,19,5,-1,-1,-1,-1,-1,50,-1,-1,-1,65
30232,30,-1,-1,-1,-1,-1,-1,-1,1,-1,-1,-1
30233,1,10,-1,-1,-1,-1,-1,25,-1,-1,-1,30
30233,2,-1,-1,-1,10,-1,20,20,-1,-1,30,-1
30233,7,-1,-1,-1,-1,-1,-1,-1,1,-1,-1,-1
30233,8,-1,-1,-1,-1,-1,-1,-1,-1,-1,10,20
30233,14,10,-1,-1,-1,-1,-1,25,-1,-1,-1,30
30233,15,-1,-1,1,-1,-1,5,5,-1,-1,5,-1
30233,16,-1,-1,1,-1,-1,10,10,-1,-1,15,-1
30233,17,1,-1,-1,-1,-1,-1,2,-1,-1,-1,3
30233,18,5,-1,-1,-1,-1,-1,40,-1,-1,-1,50
30233,19,5,-1,-1,-1,-1,-1,50,-1,-1,-1,80
30233,30,-1,-1,-1,1,-1,1,1,-1,-1,1,-1
30233,31,1,-1,-1,-1,-1,-1,3,-1,-1,-1,5
30234,1,10,-1,-1,-1,-1,25,-1,-1,-1,-1,40
30234,2,-1,-1,-1,10,-1,20,20,-1,-1,30,-1
30234,8,-1,-1,-1,-1,-1,-1,-1,5,10,-1,-1
30234,14,10,-1,-1,-1,-1,-1,25,-1,-1,-1,35
30234,15,1,-1,-1,-1,-1,5,5,-1,-1,-1,10
30234,16,-1,-1,1,-1,-1,10,10,-1,-1,-1,15
30234,17,1,-1,-1,-1,-1,-1,2,-1,-1,-1,3
30234,18,5,-1,-1,-1,-1,-1,40,-1,-1,-1,50
30234,19,5,-1,-1,-1,-1,-1,50,-1,-1,-1,80
30234,30,-1,-1,-1,-1,-1,-1,-1,-1,-1,1,2
30235,1,10,-1,-1,-1,-1,-1,25,-1,-1,-1,30
30235,2,-1,-1,-1,10,-1,20,20,-1,-1,30,-1
30235,9,-1,-1,-1,-1,-1,-1,-1,-1,-1,15,30
30235,11,-1,-1,-1,-1,-1,-1,-1,10,25,-1,-1
30235,14,-1,-1,-1,10,-1,15,15,-1,-1,20,-1
30235,17,-1,-1,-1,1,-1,1,1,-1,-1,2,-1
30235,18,-1,-1,-1,5,-1,20,20,-1,-1,30,-1
30235,19,-1,-1,5,-1,-1,35,35,-1,-1,50,-1
30236,1,10,-1,-1,-1,-1,-1,25,-1,-1,-1,30
30236,2,10,-1,-1,-1,-1,-1,40,-1,-1,-1,50
30236,3,-1,-1,-1,1,-1,1,1,-1,-1,-1,-1
30236,5,-1,-1,-1,1,-1,1,1,-1,-1,-1,-1
30236,8,-1,-1,-1,1,-1,5,5,-1,-1,5,-1
30236,14,-1,-1,-1,-1,-1,-1,-1,-1,-1,15,30
30236,15,-1,-1,1,-1,-1,5,5,-1,-1,5,-1
30236,16,-1,-1,1,-1,-1,10,10,-1,-1,15,-1
30236,17,1,-1,-1,-1,-1,-1,2,-1,-1,-1,3
30236,18,5,-1,-1,-1,-1,-1,40,-1,-1,-1,50
30236,19,5,-1,-1,-1,-1,-1,50,-1,-1,-1,80
30236,30,-1,-1,-1,-1,-1,-1,-1,1,-1,-1,-1
30237,1,10,-1,-1,-1,-1,-1,25,-1,-1,-1,35
30237,2,-1,-1,-1,10,-1,20,20,-1,-1,-1,-1
30237,3,-1,-1,-1,1,-1,1,1,-1,-1,-1,-1
30237,8,-1,-1,-1,-1,-1,-1,-1,-1,-1,5,10
30237,14,10,-1,-1,-1,-1,-1,25,-1,-1,-1,30
30237,15,-1,-1,1,-1,-1,5,5,-1,-1,5,-1
30237,16,-1,-1,1,-1,-1,10,10,-1,-1,15,-1
30237,17,1,-1,-1,-1,-1,-1,2,-1,-1,-1,3
30237,18,5,-1,-1,-1,-1,-1,40,-1,-1,-1,50
30237,19,5,-1,-1,-1,-1,-1,50,-1,-1,-1,65
30237,30,-1,-1,-1,-1,-1,-1,-1,1,-1,-1,-1
30238,1,10,-1,-1,-1,-1,-1,25,-1,-1,-1,35
30238,2,-1,-1,-1,10,-1,20,20,-1,-1,-1,-1
30238,3,-1,-1,-1,1,-1,1,1,-1,-1,-1,-1
30238,7,-1,-1,-1,-1,-1,-1,-1,-1,-1,1,2
30238,8,-1,-1,-1,-1,-1,-1,-1,5,10,-1,-1
30238,14,-1,-1,-1,10,-1,15,15,-1,-1,20,-1
30238,15,1,-1,-1,-1,-1,5,5,-1,-1,-1,10
30238,16,-1,-1,1,-1,-1,10,10,-1,-1,-1,15
30238,17,-1,-1,-1,1,-1,1,1,-1,-1,2,-1
30238,18,-1,-1,-1,5,-1,20,20,-1,-1,30,-1
30238,19,5,-1,-1,-1,-1,-1,50,-1,-1,-1,65
30238,30,-1,-1,-1,1,-1,1,1,-1,-1,-1,-1
30238,31,1,-1,-1,-1,-1,-1,3,-1,-1,-1,5
30239,1,10,-1,-1,-1,-1,20,20,-1,-1,25,-1
30239,4,-1,-1,-1,-1,-1,-1,-1,1,-1,-1,-1
30239,6,-1,-1,-1,1,-1,1,1,-1,-1,-1,-1
30239,10,10,-1,-1,-1,-1,-1,25,-1,-1,-1,30
30239,12,10,-1,-1,-1,-1,-1,25,-1,-1,-1,30
30239,14,-1,-1,-1,-1,-1,-1,-1,-1,-1,15,30
30239,15,-1,-1,1,-1,-1,5,5,-1,-1,5,-1
30239,16,-1,-1,1,-1,-1,10,10,-1,-1,15,-1
30239,17,-1,-1,-1,1,-1,1,1,-1,-1,2,-1
30239,18,-1,-1,-1,5,-1,20,20,-1,-1,30,-1
30239,19,-1,-1,5,-1,-1,35,35,-1,-1,50,-1
30240,1,10,-1,-1,-1,-1,20,20,-1,-1,25,-1
30240,2,-1,-1,-1,10,-1,20,20,-1,-1,30,-1
30240,10,-1,-1,-1,-1,-1,-1,-1,10,25,-1,-1
30240,12,10,-1,-1,-1,-1,-1,25,-1,-1,-1,30
30240,14,-1,-1,-1,-1,-1,-1,-1,-1,-1,15,30
30240,17,-1,-1,-1,1,-1,1,1,-1,-1,2,-1
30240,18,-1,-1,-1,5,-1,20,20,-1,-1,30,-1
30240,19,-1,-1,-1,5,-1,20,20,-1,-1,35,-1
30241,1,10,-1,-1,-1,-1,-1,25,-1,-1,-1,30
30241,8,-1,-1,-1,-1,-1,-1,-1,-1,-1,5,10
30241,14,-1,-1,-1,-1,-1,-1,-1,10,25,-1,-1
30241,15,1,-1,-1,-1,-1,-1,5,-1,-1,-1,10
30241,16,1,-1,-1,-1,-1,-1,15,-1,-1,-1,20
30241,25,-1,-1,-1,10,-1,20,20,-1,-1,30,-1
30241,26,-1,-1,-1,10,-1,15,15,-1,-1,20,-1
30241,31,-1,-1,-1,1,-1,1,1,-1,-1,2,-1
30241,32,-1,-1,-1,20,-1,30,30,-1,-1,40,-1
30242,1,10,-1,-1,-1,-1,-1,25,-1,-1,-1,35
30242,3,-1,-1,-1,1,-1,1,1,-1,-1,-1,-1
30242,8,-1,-1,-1,-1,-1,-1,-1,-1,-1,10,20
30242,14,10,-1,-1,-1,-1,-1,25,-1,-1,-1,30
30242,15,1,-1,5,-1,-1,-1,10,-1,-1,-1,15
30242,16,1,-1,10,-1,-1,-1,20,-1,-1,-1,30
30242,17,1,-1,-1,-1,-1,-1,2,-1,-1,-1,3
30242,18,5,-1,-1,-1,-1,-1,40,-1,-1,-1,50
30242,19,5,-1,-1,-1,-1,-1,75,-1,-1,-1,120
30242,30,-1,-1,-1,-1,-1,-1,-1,1,-1,-1,-1
30242,32,-1,-1,-1,20,-1,30,30,-1,-1,40,-1
30243,1,10,-1,-1,-1,-1,-1,25,-1,-1,-1,30
30243,4,-1,-1,-1,1,-1,1,1,-1,-1,-1,-1
30243,8,-1,-1,-1,1,-1,5,5,-1,-1,5,-1
30243,10,-1,-1,-1,10,-1,15,15,-1,-1,20,-1
30243,11,10,-1,-1,-1,-1,-1,25,-1,-1,-1,30
30243,14,-1,-1,-1,-1,-1,-1,-1,-1,-1,15,30
30243,15,-1,-1,-1,-1,-1,-1,-1,5,5,-1,-1
30243,16,-1,-1,-1,-1,-1,-1,-1,10,15,-1,-1
30243,17,-1,-1,1,-1,-1,2,2,-1,-1,2,-1
30243,18,-1,-1,5,-1,-1,30,30,-1,-1,40,-1
30243,19,-1,-1,5,-1,-1,35,35,-1,-1,50,-1
30244,1,10,-1,-1,-1,-1,-1,25,-1,-1,-1,35
30244,2,-1,-1,-1,10,-1,20,20,-1,-1,-1,-1
30244,4,-1,-1,-1,1,-1,1,1,-1,-1,1,-1
30244,6,-1,-1,-1,1,-1,1,1,-1,-1,1,-1
30244,8,-1,-1,-1,1,-1,5,5,-1,-1,5,-1
30244,12,-1,-1,-1,-1,-1,-1,-1,-1,-1,15,30
30244,14,-1,-1,10,-1,-1,20,20,-1,-1,25,-1
30244,15,-1,-1,-1,-1,-1,-1,-1,5,5,-1,-1
30244,16,-1,-1,-1,-1,-1,-1,-1,10,15,-1,-1
30244,17,1,-1,-1,-1,-1,-1,2,-1,-1,-1,3
30244,18,5,-1,-1,-1,-1,-1,40,-1,-1,-1,50
30244,19,5,-1,-1,-1,-1,-1,50,-1,-1,-1,80
30244,30,-1,-1,-1,1,-1,1,1,-1,-1,1,-1
30245,1,10,-1,-1,-1,-1,-1,25,-1,-1,-1,30
30245,2,10,-1,-1,-1,-1,-1,40,-1,-1,-1,60
30245,5,-1,-1,-1,1,-1,1,1,-1,-1,1,-1
30245,8,1,-1,-1,-1,-1,-1,10,-1,-1,-1,15
30245,14,10,-1,-1,-1,-1,-1,25,-1,-1,-1,30
30245,15,-1,-1,-1,-1,-1,-1,-1,-1,-1,5,10
30245,16,-1,-1,-1,-1,-1,-1,-1,-1,-1,10,15
30245,17,1,-1,-1,-1,-1,-1,2,-1,-1,-1,3
30245,18,5,-1,-1,-1,-1,-1,40,-1,-1,-1,50
30245,19,5,-1,-1,-1,-1,-1,50,-1,-1,-1,65
30245,30,-1,-1,-1,-1,-1,-1,-1,1,-1,-1,-1
30246,1,10,-1,-1,-1,-1,-1,25,-1,-1,-1,35
30246,2,-1,-1,-1,10,-1,20,20,-1,-1,30,-1
30246,3,-1,-1,-1,-1,-1,-1,-1,1,-1,-1,-1
30246,8,1,-1,-1,-1,-1,-1,10,-1,-1,-1,15
30246,9,-1,-1,-1,-1,-1,-1,-1,-1,-1,15,30
30246,11,-1,-1,10,-1,-1,20,20,-1,-1,25,-1
30246,14,10,-1,-1,-1,-1,-1,25,-1,-1,-1,30
30246,15,1,-1,-1,-1,-1,5,5,-1,-1,-1,10
30246,16,-1,-1,1,-1,-1,10,10,-1,-1,-1,15
30246,17,1,-1,-1,-1,-1,-1,2,-1,-1,-1,3
30246,18,5,-1,-1,-1,-1,-1,40,-1,-1,-1,50
30246,19,5,-1,-1,-1,-1,-1,50,-1,-1,-1,80
30246,30,-1,-1,-1,1,-1,1,1,-1,-1,1,-1
30247,1,10,-1,-1,-1,-1,-1,25,-1,-1,-1,35
30247,3,-1,-1,-1,-1,-1,-1,-1,1,-1,-1,-1
30247,11,-1,-1,-1,-1,-1,-1,-1,-1,-1,15,30
30247,14,-1,-1,-1,10,-1,15,15,-1,-1,20,-1
30247,15,-1,-1,-1,1,-1,1,1,-1,-1,5,-1
30247,16,-1,-1,-1,1,-1,5,5,-1,-1,10,-1
30247,17,-1,-1,-1,1,-1,1,1,-1,-1,-1,-1
30247,18,-1,-1,-1,5,-1,20,20,-1,-1,-1,-1
30247,19,-1,-1,5,-1,-1,35,35,-1,-1,50,-1
30248,1,10,-1,-1,-1,-1,25,-1,-1,-1,-1,40
30248,2,-1,-1,-1,10,-1,20,20,-1,-1,-1,-1
30248,3,-1,-1,-1,-1,-1,-1,-1,1,-1,-1,-1
30248,8,-1,-1,1,-1,-1,5,5,-1,-1,10,-1
30248,9,10,-1,-1,-1,-1,-1,25,-1,-1,-1,30
30248,14,10,-1,-1,-1,-1,-1,25,-1,-1,-1,30
30248,15,1,-1,-1,-1,-1,-1,5,-1,-1,-1,10
30248,16,1,-1,-1,-1,-1,-1,15,-1,-1,-1,20
30248,17,1,-1,-1,-1,-1,-1,2,-1,-1,-1,4
30248,18,5,-1,-1,-1,-1,-1,40,-1,-1,-1,60
30248,19,5,-1,-1,-1,-1,-1,50,-1,-1,-1,80
30248,30,-1,-1,-1,-1,-1,-1,-1,-1,-1,1,2
30248,31,1,-1,-1,-1,-1,-1,3,-1,-1,-1,5
30249,1,10,-1,-1,-1,-1,-1,25,-1,-1,-1,30
30249,2,-1,-1,-1,10,-1,20,20,-1,-1,30,-1
30249,5,-1,-1,-1,-1,-1,-1,-1,1,-1,-1,-1
30249,6,-1,-1,-1,1,-1,1,1,-1,-1,-1,-1
30249,8,-1,-1,-1,-1,-1,-1,-1,-1,-1,5,10
30249,14,10,-1,-1,-1,-1,-1,25,-1,-1,-1,35
30249,15,-1,-1,-1,1,-1,1,1,-1,-1,5,-1
30249,16,-1,-1,-1,1,-1,5,5,-1,-1,10,-1
30249,17,1,-1,-1,-1,-1,-1,2,-1,-1,-1,3
30249,18,5,-1,-1,-1,-1,-1,40,-1,-1,-1,50
30249,19,5,-1,-1,-1,-1,-1,50,-1,-1,-1,65
30249,30,-1,-1,-1,1,-1,1,1,-1,-1,-1,-1
30250,1,10,-1,-1,-1,-1,-1,25,-1,-1,-1,30
30250,2,-1,-1,-1,10,-1,20,20,-1,-1,-1,-1
30250,4,-1,-1,-1,1,-1,1,1,-1,-1,-1,-1
30250,5,-1,-1,-1,-1,-1,-1,-1,-1,-1,1,2
30250,8,-1,-1,1,-1,-1,5,5,-1,-1,10,-1
30250,14,10,-1,-1,-1,-1,-1,25,-1,-1,-1,30
30250,15,1,-1,-1,-1,-1,-1,5,-1,-1,-1,10
30250,16,1,-1,-1,-1,-1,-1,15,-1,-1,-1,20
30250,17,1,-1,-1,-1,-1,-1,2,-1,-1,-1,3
30250,18,5,-1,-1,-1,-1,-1,40,-1,-1,-1,50
30250,19,5,-1,-1,-1,-1,-1,50,-1,-1,-1,65
30250,30,-1,-1,-1,-1,-1,-1,-1,1,-1,-1,-1
30251,1,10,-1,-1,-1,-1,-1,25,-1,-1,-1,30
30251,8,-1,-1,-1,-1,-1,-1,-1,-1,-1,5,10
30251,14,10,-1,-1,-1,-1,-1,25,-1,-1,-1,35
30251,15,-1,-1,-1,-1,-1,-1,-1,5,5,-1,-1
30251,16,-1,-1,-1,-1,-1,-1,-1,10,15,-1,-1
30251,17,-1,-1,1,-1,-1,2,2,-1,-1,2,-1
30251,18,-1,-1,5,-1,-1,30,30,-1,-1,40,-1
30251,19,-1,-1,-1,5,-1,20,20,-1,-1,35,-1
30252,1,10,-1,-1,-1,-1,-1,25,-1,-1,-1,30
30252,2,-1,-1,-1,10,-1,20,20,-1,-1,-1,-1
30252,6,-1,-1,-1,1,-1,1,1,-1,-1,-1,-1
30252,8,1,-1,-1,-1,-1,-1,10,-1,-1,-1,15
30252,14,10,-1,-1,-1,-1,-1,25,-1,-1,-1,35
30252,15,-1,-1,-1,-1,-1,-1,-1,5,5,-1,-1
30252,16,-1,-1,-1,-1,-1,-1,-1,10,15,-1,-1
30252,17,-1,-1,-1,-1,-1,-1,-1,-1,-1,2,3
30252,18,-1,-1,-1,-1,-1,-1,-1,-1,-1,30,40
30252,19,5,-1,-1,-1,-1,-1,50,-1,-1,-1,65
30252,30,-1,-1,-1,1,-1,1,1,-1,-1,-1,-1
30253,1,10,-1,-1,-1,-1,-1,25,-1,-1,-1,35
30253,2,-1,-1,-1,-1,-1,-1,-1,20,40,-1,-1
30253,3,-1,-1,-1,1,-1,1,1,-1,-1,1,-1
30253,8,1,-1,-1,-1,-1,-1,10,-1,-1,-1,15
30253,9,10,-1,-1,-1,-1,-1,25,-1,-1,-1,30
30253,14,10,-1,-1,-1,-1,-1,25,-1,-1,-1,35
30253,15,-1,-1,-1,-1,-1,-1,-1,-1,-1,5,10
30253,16,-1,-1,-1,-1,-1,-1,-1,-1,-1,10,15
30253,17,1,-1,-1,-1,-1,-1,2,-1,-1,-1,3
30253,18,5,-1,-1,-1,-1,-1,40,-1,-1,-1,50
30253,19,5,-1,-1,-1,-1,-1,50,-1,-1,-1,80
30254,1,10,-1,-1,-1,-1,-1,25,-1,-1,-1,35
30254,2,-1,-1,10,-1,-1,30,30,-1,-1,40,-1
30254,3,-1,-1,-1,1,-1,1,1,-1,-1,-1,-1
30254,7,-1,-1,-1,-1,-1,-1,-1,-1,-1,1,2
30254,8,-1,-1,-1,-1,-1,-1,-1,5,10,-1,-1
30254,14,10,-1,-1,-1,-1,-1,25,-1,-1,-1,35
30254,15,-1,-1,1,-1,-1,5,5,-1,-1,5,-1
30254,16,-1,-1,1,-1,-1,10,10,-1,-1,15,-1
30254,17,1,-1,-1,-1,-1,-1,2,-1,-1,-1,3
30254,18,5,-1,-1,-1,-1,-1,40,-1,-1,-1,50
30254,19,5,-1,-1,-1,-1,-1,50,-1,-1,-1,80
30254,31,1,-1,-1,-1,-1,-1,3,-1,-1,-1,5
30255,1,10,-1,-1,-1,-1,20,20,-1,-1,25,-1
30255,2,-1,-1,10,-1,-1,30,30,-1,-1,40,-1
30255,13,-1,-1,-1,-1,-1,-1,-1,10,25,-1,-1
30255,14,-1,-1,-1,-1,-1,-1,-1,-1,-1,15,30
30255,15,-1,-1,-1,1,-1,1,1,-1,-1,5,-1
30255,16,-1,-1,-1,1,-1,5,5,-1,-1,10,-1
30255,17,-1,-1,1,-1,-1,2,2,-1,-1,2,-1
30255,18,-1,-1,5,-1,-1,30,30,-1,-1,40,-1
30255,19,-1,-1,5,-1,-1,35,35,-1,-1,50,-1
30255,31,1,-1,-1,-1,-1,-1,3,-1,-1,-1,5
30256,1,10,-1,-1,-1,-1,25,-1,-1,-1,-1,40
30256,4,-1,-1,-1,1,-1,1,1,-1,-1,-1,-1
30256,5,-1,-1,-1,1,-1,1,1,-1,-1,-1,-1
30256,8,-1,-1,-1,-1,-1,-1,-1,-1,-1,5,10
30256,14,10,-1,-1,-1,-1,-1,25,-1,-1,-1,35
30256,15,1,-1,-1,-1,-1,5,5,-1,-1,-1,10
30256,16,-1,-1,1,-1,-1,10,10,-1,-1,-1,15
30256,17,1,-1,-1,-1,-1,-1,2,-1,-1,-1,3
30256,18,5,-1,-1,-1,-1,-1,40,-1,-1,-1,50
30256,19,5,-1,-1,-1,-1,-1,60,-1,-1,-1,100
30256,30,-1,-1,-1,-1,-1,-1,-1,1,-1,-1,-1
30256,32,5,-1,-1,-1,-1,-1,15,-1,-1,-1,30
30257,2,-1,-1,-1,10,-1,20,20,-1,-1,30,-1
30257,4,-1,-1,-1,1,-1,1,1,-1,-1,-1,-1
30257,6,-1,-1,-1,-1,-1,-1,-1,1,-1,-1,-1
30257,8,-1,-1,1,-1,-1,5,5,-1,-1,10,-1
30257,10,-1,-1,-1,-1,-1,-1,-1,-1,-1,15,30
30257,14,-1,-1,10,-1,-1,20,20,-1,-1,25,-1
30257,25,10,-1,-1,-1,-1,-1,40,-1,-1,-1,60
30257,26,-1,-1,10,-1,-1,20,20,-1,-1,-1,30
30257,27,-1,-1,5,-1,-1,15,15,-1,-1,20,-1
30257,28,-1,1,-1,-1,-1,10,10,-1,-1,20,-1
30258,1,10,-1,-1,-1,25,-1,30,-1,-1,-1,-1
30258,2,10,-1,-1,-1,-1,-1,40,-1,-1,-1,60
30258,4,-1,-1,-1,-1,-1,-1,-1,1,-1,-1,-1
30258,8,-1,-1,1,5,-1,-1,10,-1,-1,-1,-1
30258,12,-1,-1,-1,-1,-1,-1,-1,-1,-1,15,30
30258,14,10,-1,-1,-1,-1,-1,25,-1,-1,-1,35
30258,15,-1,-1,-1,1,-1,1,1,-1,-1,5,-1
30258,16,-1,-1,-1,1,-1,5,5,-1,-1,10,-1
30258,17,1,-1,-1,-1,-1,-1,2,-1,-1,-1,3
30258,18,5,-1,-1,-1,-1,-1,40,-1,-1,-1,50
30258,19,5,-1,-1,-1,50,-1,80,-1,-1,-1,-1
30258,30,-1,-1,-1,1,-1,1,1,-1,-1,1,-1
30259,1,10,-1,-1,-1,-1,-1,25,-1,-1,-1,35
30259,2,-1,-1,-1,10,-1,20,20,-1,-1,-1,-1
30259,9,-1,-1,-1,-1,-1,-1,-1,-1,-1,15,30
30259,14,-1,-1,10,-1,-1,20,20,-1,-1,25,-1
30259,15,-1,-1,-1,-1,-1,-1,-1,5,5,-1,-1
30259,16,-1,-1,-1,-1,-1,-1,-1,10,15,-1,-1
30259,17,-1,-1,-1,1,-1,1,1,-1,-1,2,-1
30259,18,-1,-1,-1,5,-1,20,20,-1,-1,30,-1
30259,19,5,-1,-1,-1,-1,-1,50,-1,-1,-1,65
30260,1,10,-1,-1,-1,-1,-1,25,-1,-1,-1,30
30260,2,-1,-1,-1,10,-1,20,20,-1,-1,-1,-1
30260,8,-1,-1,-1,1,-1,5,5,-1,-1,5,-1
30260,9,-1,-1,-1,-1,-1,-1,-1,-1,-1,15,30
30260,14,-1,-1,-1,10,-1,15,15,-1,-1,20,-1
30260,15,-1,-1,-1,-1,-1,-1,-1,5,5,-1,-1
30260,16,-1,-1,-1,-1,-1,-1,-1,10,15,-1,-1
30260,17,-1,-1,-1,1,-1,1,1,-1,-1,-1,-1
30260,18,-1,-1,-1,5,-1,20,20,-1,-1,-1,-1
30260,19,-1,-1,-1,5,-1,20,20,-1,-1,35,-1
30261,1,10,-1,-1,-1,-1,-1,25,-1,-1,-1,35
30261,2,10,-1,-1,-1,-1,-1,40,-1,-1,-1,50
30261,3,-1,-1,-1,1,-1,1,1,-1,-1,-1,-1
30261,8,-1,-1,-1,-1,-1,-1,-1,5,10,-1,-1
30261,13,-1,-1,10,-1,-1,20,20,-1,-1,25,-1
30261,14,-1,-1,-1,-1,-1,-1,-1,-1,-1,15,30
30261,15,-1,-1,-1,1,-1,1,1,-1,-1,5,-1
30261,16,-1,-1,-1,1,-1,5,5,-1,-1,10,-1
30261,17,1,-1,-1,-1,-1,-1,2,-1,-1,-1,3
30261,18,5,-1,-1,-1,-1,-1,40,-1,-1,-1,50
30261,19,5,-1,-1,-1,-1,-1,50,-1,-1,-1,80
30261,30,-1,-1,-1,1,-1,1,1,-1,-1,1,2
30261,31,1,-1,-1,-1,-1,-1,3,-1,-1,-1,5
30262,1,10,-1,-1,-1,25,-1,35,-1,-1,-1,-1
30262,4,-1,-1,-1,1,-1,1,1,-1,-1,1,-1
30262,6,-1,-1,-1,1,-1,1,1,-1,-1,1,-1
30262,8,1,-1,-1,-1,-1,-1,10,-1,-1,-1,15
30262,12,-1,-1,-1,-1,-1,-1,-1,-1,-1,15,30
30262,14,10,-1,-1,-1,-1,-1,25,-1,-1,-1,30
30262,15,-1,-1,-1,-1,-1,-1,-1,5,5,-1,-1
30262,16,-1,-1,-1,-1,-1,-1,-1,10,15,-1,-1
30262,17,1,-1,-1,-1,-1,-1,2,-1,-1,-1,3
30262,18,5,-1,-1,-1,-1,-1,40,-1,-1,-1,50
30262,19,5,-1,-1,-1,50,-1,80,-1,-1,-1,-1
30262,30,-1,-1,-1,1,-1,1,1,-1,-1,1,-1
30263,1,10,-1,-1,-1,-1,-1,25,-1,-1,-1,30
30263,2,-1,-1,-1,10,-1,20,20,-1,-1,30,-1
30263,11,-1,-1,-1,-1,-1,-1,-1,10,25,-1,-1
30263,14,10,-1,-1,-1,-1,-1,25,-1,-1,-1,35
30263,15,-1,-1,-1,-1,-1,-1,-1,-1,-1,5,10
30263,16,-1,-1,-1,-1,-1,-1,-1,-1,-1,10,15
30263,17,-1,-1,-1,1,-1,1,1,-1,-1,-1,-1
30263,18,-1,-1,-1,5,-1,20,20,-1,-1,-1,-1
30263,19,-1,-1,5,-1,-1,35,35,-1,-1,50,-1
30264,1,10,-1,-1,-1,-1,-1,25,-1,-1,-1,35
30264,2,10,-1,-1,10,-1,20,20,-1,-1,-1,-1
30264,6,1,-1,-1,1,-1,1,1,-1,-1,-1,-1
30264,8,1,-1,-1,1,-1,5,5,-1,-1,5,-1
30264,14,1,-1,-1,-1,-1,-1,-1,-1,1,15,30
30264,15,1,-1,-1,-1,-1,-1,1,5,5,-1,-1
30264,16,1,-1,-1,-1,-1,-1,1,10,15,-1,-1
30264,17,1,-1,-1,-1,-1,-1,2,-1,-1,-1,3
30264,18,5,-1,-1,-1,-1,-1,40,-1,-1,-1,50
30264,19,5,-1,-1,-1,-1,-1,60,-1,-1,-1,100
30264,30,1,-1,-1,1,-1,1,1,-1,-1,1,-1
30264,32,10,-1,10,-1,-1,25,25,-1,-1,50,-1
30265,1,10,-1,-1,-1,-1,-1,25,-1,-1,-1,30
30265,2,10,-1,-1,10,-1,20,20,-1,-1,30,-1
30265,8,1,-1,-1,-1,-1,-1,-1,-1,1,10,20
30265,14,10,-1,-1,-1,-1,-1,25,-1,-1,-1,35
30265,15,1,-1,5,-1,-1,-1,10,-1,-1,-1,15
30265,16,1,-1,5,-1,-1,-1,15,-1,-1,-1,20
30265,17,1,-1,-1,-1,-1,-1,2,-1,-1,-1,4
30265,18,5,-1,-1,-1,-1,-1,40,-1,-1,-1,60
30265,19,5,-1,-1,-1,-1,-1,60,-1,-1,-1,100
30265,30,1,-1,-1,1,-1,1,1,-1,-1,1,2
30265,32,5,-1,-1,-1,-1,-1,5,20,50,-1,-1
30266,1,10,-1,-1,-1,-1,-1,25,-1,-1,-1,30
30266,7,-1,-1,-1,-1,-1,-1,-1,1,-1,-1,-1
30266,8,-1,-1,-1,1,-1,5,5,-1,-1,5,-1
30266,13,10,-1,-1,-1,-1,-1,25,-1,-1,-1,35
30266,14,-1,-1,-1,-1,-1,-1,-1,-1,-1,15,30
30266,15,-1,-1,-1,1,-1,1,1,-1,-1,5,-1
30266,16,-1,-1,-1,1,-1,5,5,-1,-1,10,-1
30266,17,-1,-1,-1,1,-1,1,1,-1,-1,2,-1
30266,18,-1,-1,-1,5,-1,20,20,-1,-1,30,-1
30266,19,-1,-1,5,-1,-1,35,35,-1,-1,50,-1
30266,31,1,-1,-1,-1,-1,-1,3,-1,-1,-1,5
30267,1,10,-1,-1,-1,25,-1,35,-1,-1,-1,-1
30267,2,10,-1,-1,-1,40,-1,60,-1,-1,-1,-1
30267,3,1,-1,-1,1,-1,1,1,-1,-1,-1,-1
30267,8,1,-1,-1,-1,-1,-1,1,5,10,-1,-1
30267,9,10,-1,-1,-1,-1,-1,25,-1,-1,-1,35
30267,14,10,-1,-1,-1,-1,-1,25,-1,-1,-1,30
30267,15,1,-1,-1,-1,-1,-1,-1,-1,1,5,10
30267,16,1,-1,-1,-1,-1,-1,-1,-1,1,10,15
30267,17,1,-1,-1,-1,-1,-1,2,-1,-1,-1,3
30267,18,5,-1,-1,-1,-1,-1,40,-1,-1,-1,50
30267,19,5,-1,-1,-1,50,-1,80,-1,-1,-1,-1
30267,30,1,-1,-1,1,-1,1,1,-1,-1,-1,-1
30268,1,10,-1,-1,-1,25,-1,30,-1,-1,-1,-1
30268,2,10,-1,-1,-1,40,-1,60,-1,-1,-1,-1
30268,7,1,-1,-1,1,-1,1,1,-1,-1,1,2
30268,8,1,-1,-1,-1,-1,-1,10,-1,-1,-1,15
30268,13,5,-1,-1,-1,-1,-1,-1,-1,5,15,30
30268,14,10,-1,-1,-1,-1,-1,25,-1,-1,-1,30
30268,15,1,-1,-1,-1,-1,-1,1,5,5,-1,-1
30268,16,1,-1,-1,-1,-1,-1,1,10,15,-1,-1
30268,17,1,-1,-1,-1,-1,-1,2,-1,-1,-1,3
30268,18,5,-1,-1,-1,-1,-1,40,-1,-1,-1,50
30268,19,5,-1,-1,-1,50,-1,80,-1,-1,-1,-1
30268,31,1,-1,-1,-1,-1,-1,3,-1,-1,-1,5
30269,1,10,-1,-1,-1,-1,20,20,-1,-1,25,-1
30269,3,1,-1,-1,1,-1,1,1,-1,-1,1,-1
30269,5,1,-1,-1,1,-1,1,1,-1,-1,1,2
30269,11,5,-1,-1,-1,-1,-1,5,10,25,-1,-1
30269,14,1,-1,-1,-1,-1,-1,-1,-1,1,15,30
30269,17,1,-1,-1,1,-1,1,1,-1,-1,-1,-1
30269,18,5,-1,-1,5,-1,20,20,-1,-1,-1,-1
30269,19,5,-1,-1,5,-1,20,20,-1,-1,35,-1
30270,1,10,-1,-1,-1,25,-1,35,-1,-1,-1,-1
30270,3,1,-1,-1,1,-1,1,1,-1,-1,1,2
30270,5,1,-1,-1,1,-1,1,1,-1,-1,1,-1
30270,8,1,-1,1,-1,-1,5,5,-1,-1,10,-1
30270,9,5,-1,-1,-1,-1,-1,-1,-1,5,15,30
30270,11,5,-1,-1,-1,-1,-1,5,10,25,-1,-1
30270,14,10,-1,-1,-1,-1,-1,25,-1,-1,-1,35
30270,15,1,-1,-1,-1,-1,5,5,-1,-1,-1,10
30270,16,1,-1,1,-1,-1,10,10,-1,-1,-1,15
30270,17,1,-1,-1,-1,-1,-1,2,-1,-1,-1,4
30270,18,5,-1,-1,-1,-1,-1,40,-1,-1,-1,60
30270,19,5,-1,-1,-1,50,-1,80,-1,-1,-1,-1
30270,30,1,-1,-1,1,-1,1,1,-1,-1,1,-1
30271,1,10,-1,-1,-1,25,-1,35,-1,-1,-1,-1
30271,2,10,-1,-1,-1,40,-1,50,-1,-1,-1,-1
30271,3,1,-1,-1,1,-1,1,1,-1,-1,1,-1
30271,8,1,-1,1,-1,-1,5,5,-1,-1,10,-1
30271,9,5,-1,-1,-1,-1,-1,5,10,25,-1,-1
30271,11,5,-1,-1,-1,-1,-1,-1,-1,5,15,30
30271,14,10,-1,-1,-1,-1,-1,25,-1,-1,-1,35
30271,15,1,-1,-1,-1,-1,5,5,-1,-1,-1,10
30271,16,1,-1,1,-1,-1,10,10,-1,-1,-1,15
30271,17,1,-1,-1,-1,-1,-1,2,-1,-1,-1,4
30271,18,5,-1,-1,-1,-1,-1,40,-1,-1,-1,60
30271,19,5,-1,-1,-1,50,-1,80,-1,-1,-1,-1
30271,30,1,-1,-1,1,-1,1,1,-1,-1,1,-1
30272,1,10,-1,-1,-1,-1,-1,25,-1,-1,-1,35
30272,2,10,-1,-1,-1,-1,-1,40,-1,-1,-1,60
30272,8,1,-1,-1,-1,-1,-1,10,-1,-1,-1,15
30272,11,5,-1,-1,-1,-1,-1,-1,-1,5,15,30
30272,14,10,-1,-1,-1,-1,-1,25,-1,-1,-1,35
30272,15,1,-1,-1,-1,-1,-1,1,5,5,-1,-1
30272,16,1,-1,-1,-1,-1,-1,1,10,15,-1,-1
30272,17,1,-1,-1,-1,-1,-1,2,-1,-1,-1,3
30272,18,5,-1,-1,-1,-1,-1,40,-1,-1,-1,50
30272,19,5,-1,-1,-1,-1,-1,50,-1,-1,-1,80
30272,30,1,-1,-1,1,-1,1,1,-1,-1,1,-1
30273,1,10,-1,-1,-1,-1,-1,25,-1,-1,-1,30
30273,8,1,-1,-1,-1,-1,-1,1,5,10,-1,-1
30273,10,10,-1,-1,-1,-1,-1,25,-1,-1,-1,35
30273,14,1,-1,-1,-1,-1,-1,-1,-1,1,15,30
30273,15,1,-1,-1,1,-1,1,1,-1,-1,5,-1
30273,16,1,-1,-1,1,-1,5,5,-1,-1,10,-1
30273,17,1,-1,-1,1,-1,1,1,-1,-1,-1,-1
30273,18,5,-1,-1,5,-1,20,20,-1,-1,-1,-1
30273,19,5,-1,5,-1,-1,35,35,-1,-1,50,-1
30274,1,10,-1,-1,-1,15,-1,20,-1,-1,-1,-1
30274,2,10,-1,-1,10,20,-1,30,-1,-1,-1,-1
30274,4,1,-1,-1,1,-1,1,1,-1,-1,1,2
30274,6,1,-1,-1,1,-1,1,1,-1,-1,-1,-1
30274,8,1,-1,-1,1,-1,5,5,-1,-1,5,-1
30274,10,5,-1,-1,-1,-1,-1,-1,-1,5,15,30
30274,12,5,-1,-1,-1,-1,-1,5,10,25,-1,-1
30274,14,10,-1,-1,-1,-1,-1,25,-1,-1,-1,30
30274,15,1,-1,-1,-1,-1,5,5,-1,-1,-1,10
30274,16,1,-1,1,-1,-1,10,10,-1,-1,-1,15
30274,17,1,-1,-1,-1,-1,-1,2,-1,-1,-1,3
30274,18,5,-1,-1,-1,-1,-1,40,-1,-1,-1,50
30274,19,5,-1,-1,-1,50,-1,80,-1,-1,-1,-1
30274,30,1,-1,-1,1,-1,1,1,-1,-1,-1,-1
30275,1,10,-1,-1,-1,-1,-1,25,-1,-1,-1,35
30275,2,15,-1,-1,-1,-1,-1,60,-1,-1,-1,100
30275,8,1,-1,-1,-1,-1,-1,10,-1,-1,-1,15
30275,11,5,-1,-1,-1,-1,-1,5,10,25,-1,-1
30275,14,10,-1,-1,-1,-1,-1,25,-1,-1,-1,35
30275,15,1,-1,-1,-1,-1,5,5,-1,-1,-1,10
30275,16,1,-1,1,-1,-1,10,10,-1,-1,-1,15
30275,17,1,-1,-1,-1,-1,-1,-1,-1,1,2,4
30275,18,5,-1,-1,-1,-1,-1,-1,-1,5,50,100
30275,19,5,-1,-1,-1,-1,-1,60,-1,-1,-1,100
30275,32,10,-1,-1,-1,-1,-1,30,-1,-1,-1,60
30276,2,10,-1,-1,-1,-1,-1,40,-1,-1,-1,60
30276,8,1,-1,-1,-1,-1,-1,-1,-1,1,5,10
30276,12,5,-1,-1,-1,-1,-1,5,10,25,-1,-1
30276,14,5,-1,10,-1,-1,20,20,-1,-1,25,-1
30276,15,1,-1,1,-1,-1,5,5,-1,-1,5,-1
30276,16,1,-1,1,-1,-1,10,10,-1,-1,15,-1
30276,26,10,-1,-1,20,-1,40,40,-1,-1,60,80
30276,27,5,-1,-1,5,-1,10,10,-1,-1,15,-1
30276,28,1,-1,-1,-1,-1,-1,15,-1,-1,-1,25
30276,30,1,-1,-1,1,-1,1,1,-1,-1,1,-1
30277,1,10,-1,-1,-1,-1,25,-1,-1,-1,-1,40
30277,2,10,-1,-1,10,-1,20,20,-1,-1,30,-1
30277,4,1,-1,-1,1,-1,1,1,-1,-1,1,-1
30277,8,1,-1,-1,-1,-1,-1,10,-1,-1,-1,15
30277,11,5,-1,-1,-1,-1,-1,5,10,25,-1,-1
30277,14,10,-1,-1,-1,-1,-1,25,-1,-1,-1,35
30277,15,1,-1,-1,-1,-1,-1,-1,-1,1,5,10
30277,16,1,-1,-1,-1,-1,-1,-1,-1,1,10,15
30277,17,1,-1,-1,-1,-1,-1,2,-1,-1,3,-1
30277,18,5,-1,-1,-1,-1,-1,50,-1,-1,80,-1
30277,19,5,-1,-1,-1,-1,-1,60,-1,-1,-1,100
30278,1,10,-1,-1,-1,-1,-1,25,-1,-1,-1,35
30278,2,10,-1,-1,-1,-1,-1,40,-1,-1,-1,60
30278,8,1,-1,-1,-1,-1,-1,1,5,10,-1,-1
30278,14,10,-1,-1,-1,-1,-1,25,-1,-1,-1,35
30278,15,1,-1,-1,-1,-1,-1,5,-1,-1,-1,10
30278,16,1,-1,-1,-1,-1,-1,15,-1,-1,-1,20
30278,17,1,-1,-1,-1,-1,-1,2,-1,-1,3,-1
30278,18,5,-1,-1,-1,-1,-1,50,-1,-1,80,-1
30278,19,10,-1,-1,-1,-1,-1,-1,-1,10,40,80
30278,30,1,-1,-1,1,-1,1,1,-1,-1,-1,-1
30279,1,10,-1,-1,-1,-1,-1,25,-1,-1,-1,35
30279,2,10,-1,-1,-1,-1,-1,40,-1,-1,-1,50
30279,4,1,-1,-1,1,-1,1,1,-1,-1,1,-1
30279,8,1,-1,-1,-1,-1,-1,10,-1,-1,-1,15
30279,14,10,-1,-1,-1,-1,-1,25,-1,-1,-1,35
30279,15,1,-1,-1,-1,-1,-1,-1,-1,1,5,10
30279,16,1,-1,-1,-1,-1,-1,-1,-1,1,10,15
30279,17,1,-1,-1,-1,-1,-1,1,2,3,-1,-1
30279,18,5,-1,-1,-1,-1,-1,5,30,60,-1,-1
30279,19,5,-1,-1,-1,-1,-1,50,-1,-1,-1,80
30279,30,1,-1,-1,1,-1,1,1,-1,-1,1,-1
30280,1,10,-1,-1,-1,-1,15,15,-1,-1,20,-1
30280,2,10,-1,-1,10,-1,20,20,-1,-1,30,-1
30280,8,1,-1,-1,-1,-1,-1,1,5,10,-1,-1
30280,14,10,-1,-1,10,-1,15,15,-1,-1,20,-1
30280,15,1,-1,-1,-1,-1,-1,-1,-1,1,5,10
30280,16,1,-1,-1,-1,-1,-1,-1,-1,1,10,15
30280,17,1,-1,-1,1,-1,1,1,-1,-1,2,-1
30280,18,1,-1,-1,5,-1,20,20,-1,-1,50,-1
30280,19,5,-1,5,-1,-1,35,35,-1,-1,50,-1
30281,1,10,-1,-1,-1,-1,-1,25,-1,-1,-1,35
30281,2,10,-1,-1,-1,-1,-1,40,-1,-1,-1,60
30281,8,1,-1,-1,-1,-1,-1,10,-1,-1,-1,15
30281,10,5,-1,-1,-1,-1,-1,5,10,25,-1,-1
30281,14,1,-1,-1,-1,-1,-1,-1,-1,1,15,30
30281,15,1,-1,-1,-1,-1,5,5,-1,-1,-1,10
30281,16,1,-1,1,-1,-1,10,10,-1,-1,-1,15
30281,17,1,-1,-1,-1,-1,-1,2,-1,-1,3,-1
30281,18,5,-1,-1,-1,-1,-1,50,-1,-1,80,-1
30281,19,5,-1,-1,-1,-1,-1,50,-1,-1,-1,80
30282,1,10,-1,-1,-1,-1,-1,25,-1,-1,-1,35
30282,2,10,-1,-1,10,-1,20,20,-1,-1,30,-1
30282,8,1,-1,-1,-1,-1,-1,-1,-1,-1,10,20
30282,11,5,-1,-1,-1,-1,-1,5,10,25,-1,-1
30282,14,10,-1,-1,-1,-1,-1,25,-1,-1,-1,30
30282,15,1,-1,-1,-1,-1,5,5,-1,-1,-1,10
30282,16,1,-1,1,-1,-1,10,10,-1,-1,-1,15
30282,17,1,-1,-1,-1,-1,-1,2,-1,-1,-1,4
30282,18,10,-1,-1,-1,-1,-1,60,-1,-1,-1,100
30282,19,5,-1,-1,-1,-1,-1,75,-1,-1,-1,120
30282,30,1,-1,-1,1,-1,1,1,-1,-1,1,2
30283,1,10,-1,-1,-1,-1,25,-1,-1,-1,-1,40
30283,2,1,-1,10,-1,-1,30,30,-1,-1,40,-1
30283,8,1,-1,-1,-1,-1,-1,10,-1,-1,-1,15
30283,14,1,-1,-1,-1,-1,-1,-1,-1,1,15,30
30283,15,1,-1,-1,-1,-1,-1,1,5,5,-1,-1
30283,16,1,-1,-1,-1,-1,-1,1,10,15,-1,-1
30283,17,1,-1,-1,-1,-1,-1,1,-1,-1,-1,2
30283,18,10,-1,-1,-1,-1,-1,60,-1,-1,-1,100
30283,19,5,-1,-1,-1,-1,-1,60,-1,-1,-1,100
30283,30,1,-1,-1,1,-1,1,1,-1,-1,1,2
30284,1,10,-1,-1,-1,-1,-1,25,-1,-1,-1,30
30284,2,10,-1,-1,-1,-1,-1,10,20,40,-1,-1
30284,14,10,-1,10,-1,-1,20,20,-1,-1,25,-1
30284,15,1,-1,-1,-1,-1,-1,-1,-1,1,5,10
30284,16,1,-1,-1,-1,-1,-1,-1,-1,1,10,15
30284,17,1,-1,1,-1,-1,2,2,-1,-1,2,-1
30284,18,5,-1,5,-1,-1,30,30,-1,-1,40,-1
30284,19,5,-1,5,-1,-1,35,35,-1,-1,50,-1
30285,1,10,-1,-1,-1,-1,-1,25,-1,-1,-1,35
30285,2,10,-1,-1,10,-1,20,20,-1,-1,-1,-1
30285,6,1,-1,-1,1,-1,1,1,-1,-1,1,2
30285,8,1,-1,-1,-1,-1,-1,10,-1,-1,-1,15
30285,9,5,-1,-1,-1,-1,-1,5,10,25,-1,-1
30285,12,5,-1,-1,-1,-1,-1,-1,-1,5,15,30
30285,14,10,-1,-1,-1,-1,-1,25,-1,-1,-1,30
30285,15,1,-1,-1,-1,-1,5,5,-1,-1,-1,10
30285,16,1,-1,1,-1,-1,10,10,-1,-1,-1,15
30285,17,1,-1,-1,-1,-1,-1,2,-1,-1,3,-1
30285,18,5,-1,-1,-1,-1,-1,50,-1,-1,80,-1
30285,19,5,-1,-1,-1,-1,-1,50,-1,-1,-1,80
30286,1,10,-1,-1,-1,-1,25,-1,-1,-1,-1,40
30286,2,1,-1,10,-1,-1,30,30,-1,-1,40,-1
30286,5,1,-1,-1,1,-1,1,1,-1,-1,1,-1
30286,8,1,-1,1,-1,-1,5,5,-1,-1,10,-1
30286,9,5,-1,-1,-1,-1,-1,-1,-1,5,15,30
30286,11,5,-1,-1,-1,-1,-1,5,10,25,-1,-1
30286,14,10,-1,-1,-1,25,-1,35,-1,-1,-1,-1
30286,15,1,-1,-1,-1,-1,5,5,-1,-1,-1,10
30286,16,1,-1,1,-1,-1,10,10,-1,-1,-1,15
30286,17,1,-1,-1,-1,-1,-1,2,-1,-1,3,-1
30286,18,5,-1,-1,-1,-1,-1,50,-1,-1,80,-1
30286,19,5,-1,-1,-1,50,-1,80,-1,-1,-1,-1
30286,30,1,-1,-1,1,-1,1,1,-1,-1,1,-1
30287,1,10,-1,-1,-1,-1,-1,25,-1,-1,-1,35
30287,2,10,-1,-1,10,-1,20,20,-1,-1,-1,-1
30287,5,1,-1,-1,1,-1,1,1,-1,-1,1,-1
30287,8,1,-1,-1,-1,-1,-1,10,-1,-1,-1,20
30287,14,1,-1,-1,-1,-1,-1,-1,-1,1,15,30
30287,15,1,-1,-1,-1,-1,-1,1,5,5,-1,-1
30287,16,1,-1,-1,-1,-1,-1,1,10,15,-1,-1
30287,17,1,-1,-1,-1,-1,-1,2,-1,-1,-1,4
30287,18,10,-1,-1,-1,-1,-1,60,-1,-1,-1,100
30287,19,5,-1,-1,-1,-1,-1,60,-1,-1,-1,100
30287,30,1,-1,-1,1,-1,1,1,-1,-1,1,-1
30288,1,10,-1,-1,-1,-1,-1,25,-1,-1,-1,30
30288,3,1,-1,-1,1,-1,1,1,-1,-1,-1,-1
30288,9,5,-1,-1,-1,-1,-1,-1,-1,5,15,30
30288,14,10,-1,-1,-1,-1,-1,25,-1,-1,-1,35
30288,15,1,-1,-1,-1,-1,-1,1,5,5,-1,-1
30288,16,1,-1,-1,-1,-1,-1,1,10,15,-1,-1
30288,17,1,-1,-1,1,-1,1,1,-1,-1,2,-1
30288,18,1,-1,-1,5,-1,20,20,-1,-1,50,-1
30288,19,5,-1,-1,5,-1,20,20,-1,-1,35,-1
30288,30,1,-1,-1,1,-1,1,1,-1,-1,-1,-1
30288,31,1,-1,-1,-1,-1,-1,3,-1,-1,-1,5
30289,1,10,-1,-1,-1,-1,25,-1,-1,-1,-1,40
30289,2,10,-1,-1,10,-1,20,20,-1,-1,30,-1
30289,7,1,-1,-1,1,-1,1,1,-1,2,-1,3
30289,8,1,-1,-1,-1,-1,-1,1,5,10,-1,-1
30289,14,1,-1,-1,-1,-1,-1,-1,-1,1,15,30
30289,15,1,-1,-1,-1,-1,-1,5,-1,-1,-1,10
30289,16,1,-1,-1,-1,-1,-1,15,-1,-1,-1,20
30289,17,1,-1,-1,-1,-1,-1,1,-1,-1,-1,2
30289,18,10,-1,-1,-1,-1,-1,60,-1,-1,-1,100
30289,19,5,-1,-1,-1,-1,-1,60,-1,-1,-1,100
30289,30,1,-1,-1,1,-1,1,1,-1,-1,1,2
30289,31,1,-1,-1,-1,-1,-1,3,-1,-1,-1,5
30289,32,20,-1,-1,20,-1,30,30,-1,-1,40,-1
30290,2,10,-1,-1,10,-1,20,20,-1,-1,30,-1
30290,8,1,-1,-1,-1,-1,-1,-1,-1,1,5,10
30290,14,10,-1,-1,-1,-1,-1,25,-1,-1,-1,30
30290,15,1,-1,-1,-1,-1,-1,1,5,5,-1,-1
30290,16,1,-1,-1,-1,-1,-1,1,10,15,-1,-1
30290,25,10,-1,-1,-1,-1,-1,40,-1,-1,-1,60
30290,26,1,-1,10,-1,-1,20,20,-1,-1,-1,30
30290,27,5,-1,-1,5,-1,10,10,-1,-1,15,-1
30290,28,1,-1,-1,-1,-1,-1,15,-1,-1,-1,25
30290,32,20,-1,-1,20,-1,30,30,-1,-1,40,-1
30291,1,10,-1,-1,-1,-1,-1,25,-1,-1,-1,35
30291,3,1,-1,-1,1,-1,1,1,-1,-1,-1,-1
30291,8,1,-1,-1,1,-1,5,5,-1,-1,5,-1
30291,11,5,-1,-1,-1,-1,-1,5,10,25,-1,-1
30291,14,1,-1,-1,-1,-1,-1,-1,-1,1,15,30
30291,17,1,-1,1,-1,-1,2,2,-1,-1,2,-1
30291,18,5,-1,5,-1,-1,30,30,-1,-1,40,-1
30291,19,5,-1,-1,-1,-1,-1,50,-1,-1,-1,65
30292,1,10,-1,-1,-1,20,-1,25,-1,-1,-1,-1
30292,2,10,-1,-1,-1,-1,-1,40,-1,-1,-1,50
30292,8,1,-1,-1,-1,-1,-1,10,-1,-1,-1,20
30292,9,5,-1,-1,-1,-1,-1,5,10,25,-1,-1
30292,11,10,-1,-1,-1,-1,-1,25,-1,-1,-1,30
30292,14,10,-1,-1,-1,25,-1,35,-1,-1,-1,-1
30292,15,1,-1,-1,-1,-1,-1,-1,-1,1,5,10
30292,16,1,-1,-1,-1,-1,-1,-1,-1,1,10,15
30292,17,1,-1,-1,-1,-1,-1,2,-1,-1,-1,4
30292,18,10,-1,-1,-1,-1,-1,60,-1,-1,-1,100
30292,19,5,-1,-1,-1,-1,-1,50,-1,-1,-1,80
30292,30,1,-1,-1,1,-1,1,1,-1,-1,1,-1
30293,1,10,-1,-1,-1,-1,-1,25,-1,-1,-1,30
30293,2,10,-1,-1,10,-1,20,20,-1,-1,-1,-1
30293,3,1,-1,-1,1,-1,1,1,-1,-1,-1,-1
30293,6,1,-1,-1,1,-1,1,1,-1,-1,-1,-1
30293,8,1,-1,-1,-1,-1,-1,-1,-1,-1,10,20
30293,9,10,-1,10,-1,-1,20,20,-1,-1,25,-1
30293,14,10,-1,-1,-1,-1,-1,25,-1,-1,-1,35
30293,15,1,-1,-1,-1,-1,-1,1,5,5,-1,-1
30293,16,1,-1,-1,-1,-1,-1,1,10,15,-1,-1
30293,17,1,-1,-1,-1,-1,-1,2,-1,-1,3,-1
30293,18,5,-1,-1,-1,-1,-1,50,-1,-1,80,-1
30293,19,5,-1,-1,-1,-1,-1,50,-1,-1,-1,80
30293,30,1,-1,-1,1,-1,1,1,-1,-1,-1,-1
30294,1,10,-1,-1,-1,-1,-1,25,-1,-1,-1,35
30294,2,10,-1,-1,10,-1,20,20,-1,-1,-1,-1
30294,3,1,-1,-1,1,-1,1,1,-1,-1,-1,-1
30294,5,1,-1,-1,1,-1,1,1,-1,-1,-1,-1
30294,6,1,-1,-1,1,-1,1,1,-1,-1,-1,-1
30294,8,1,-1,-1,1,-1,5,5,-1,-1,5,-1
30294,12,5,-1,-1,-1,-1,-1,5,10,25,-1,-1
30294,14,10,-1,-1,-1,-1,-1,25,-1,-1,-1,35
30294,15,1,-1,-1,-1,-1,5,5,-1,-1,-1,10
30294,16,1,-1,1,-1,-1,10,10,-1,-1,-1,15
30294,17,1,-1,-1,-1,-1,-1,2,-1,-1,3,-1
30294,18,5,-1,-1,-1,-1,-1,50,-1,-1,80,-1
30294,19,10,-1,-1,-1,-1,-1,-1,-1,10,40,80
30294,30,1,-1,-1,1,-1,1,1,-1,-1,1,2
30295,1,10,-1,-1,-1,-1,15,15,-1,-1,20,-1
30295,2,10,-1,-1,10,-1,20,20,-1,-1,-1,-1
30295,4,1,-1,-1,1,-1,1,1,-1,-1,-1,-1
30295,14,1,-1,-1,-1,-1,-1,-1,-1,1,15,30
30295,15,1,-1,-1,-1,-1,-1,1,5,5,-1,-1
30295,16,1,-1,-1,-1,-1,-1,1,10,15,-1,-1
30295,17,1,-1,-1,1,-1,1,1,-1,-1,2,-1
30295,18,1,-1,-1,5,-1,20,20,-1,-1,50,-1
30295,19,5,-1,5,-1,-1,35,35,-1,-1,50,-1
30295,30,1,-1,-1,1,-1,1,1,-1,-1,-1,-1
30296,1,10,-1,-1,-1,-1,-1,25,-1,-1,-1,35
30296,2,10,-1,-1,10,-1,20,20,-1,-1,-1,-1
30296,3,1,-1,-1,1,-1,1,1,-1,-1,-1,-1
30296,6,1,-1,-1,1,-1,1,1,-1,-1,1,2
30296,8,1,-1,-1,-1,-1,-1,1,5,10,-1,-1
30296,14,10,-1,-1,-1,-1,-1,25,-1,-1,-1,30
30296,15,1,-1,1,-1,-1,5,5,-1,-1,-1,10
30296,16,1,-1,1,-1,-1,10,10,-1,-1,15,-1
30296,17,1,-1,-1,-1,-1,-1,2,-1,-1,-1,4
30296,18,10,-1,-1,-1,-1,-1,60,-1,-1,-1,100
30296,19,10,-1,-1,-1,-1,-1,10,-1,10,60,100
30296,30,1,-1,-1,1,-1,1,1,-1,-1,1,2
30297,1,10,-1,-1,-1,-1,20,25,-1,-1,-1,30
30297,2,10,-1,-1,-1,-1,-1,40,-1,-1,-1,60
30297,5,1,-1,-1,1,-1,1,1,-1,-1,-1,-1
30297,8,1,-1,-1,-1,-1,-1,10,-1,-1,-1,20
30297,14,10,-1,-1,-1,-1,-1,25,-1,-1,-1,30
30297,15,1,-1,-1,-1,-1,-1,1,5,5,-1,-1
30297,16,1,-1,-1,-1,-1,-1,1,10,15,-1,-1
30297,17,1,-1,-1,-1,-1,-1,-1,-1,1,2,4
30297,18,5,-1,-1,-1,-1,-1,-1,-1,5,50,100
30297,19,5,-1,-1,-1,-1,-1,50,-1,-1,-1,80
30297,30,1,-1,-1,1,-1,1,1,-1,-1,1,2
30298,1,10,-1,-1,-1,-1,-1,25,-1,-1,-1,40
30298,2,10,-1,-1,10,-1,20,20,-1,-1,30,-1
30298,8,1,-1,-1,-1,-1,-1,10,-1,-1,-1,20
30298,9,5,-1,-1,-1,-1,-1,5,10,25,-1,-1
30298,14,10,-1,-1,-1,-1,-1,25,-1,-1,-1,35
30298,15,1,-1,-1,-1,-1,5,5,-1,-1,-1,10
30298,16,1,-1,1,-1,-1,10,10,-1,-1,-1,15
30298,17,1,-1,-1,-1,-1,-1,1,-1,-1,-1,2
30298,18,10,-1,-1,-1,-1,-1,60,-1,-1,-1,100
30298,19,10,-1,-1,-1,-1,-1,-1,-1,-1,60,120
30298,30,1,-1,-1,1,-1,1,1,-1,-1,1,2
30299,1,10,-1,-1,-1,-1,15,20,-1,-1,25,-1
30299,2,10,-1,-1,-1,-1,-1,40,-1,-1,-1,50
30299,6,1,-1,-1,1,-1,1,1,-1,-1,-1,-1
30299,9,5,-1,-1,-1,-1,-1,-1,-1,5,15,30
30299,12,5,-1,-1,-1,-1,-1,5,10,25,-1,-1
30299,14,10,-1,10,-1,-1,20,20,-1,-1,25,-1
30299,17,1,-1,1,-1,-1,2,2,-1,-1,2,-1
30299,18,5,-1,5,-1,-1,30,30,-1,-1,40,-1
30299,19,5,-1,-1,5,-1,20,20,-1,-1,35,-1
30300,1,10,-1,-1,-1,-1,20,25,-1,-1,-1,30
30300,2,10,-1,-1,10,-1,20,20,-1,-1,30,-1
30300,6,1,-1,-1,1,-1,1,1,-1,-1,-1,-1
30300,8,1,-1,-1,-1,-1,-1,-1,-1,-1,10,20
30300,10,5,-1,-1,-1,-1,-1,5,10,25,-1,-1
30300,12,10,-1,-1,-1,-1,-1,25,-1,-1,-1,35
30300,14,10,-1,-1,-1,-1,-1,25,-1,-1,-1,35
30300,15,1,-1,-1,1,-1,1,1,-1,-1,5,-1
30300,16,1,-1,-1,1,-1,5,5,-1,-1,10,-1
30300,17,1,-1,-1,-1,-1,-1,2,-1,-1,-1,4
30300,18,10,-1,-1,-1,-1,-1,60,-1,-1,-1,100
30300,19,5,-1,5,-1,-1,35,50,-1,-1,-1,65
30300,30,1,-1,-1,1,-1,1,1,-1,-1,1,2
30301,1,10,-1,-1,-1,-1,15,20,-1,-1,25,-1
30301,2,10,-1,-1,-1,-1,-1,10,20,40,-1,-1
30301,5,1,-1,-1,1,-1,1,1,-1,-1,-1,-1
30301,8,1,-1,-1,-1,-1,-1,10,-1,-1,-1,20
30301,10,10,-1,-1,10,-1,15,15,-1,-1,20,-1
30301,14,1,-1,-1,-1,-1,-1,-1,-1,1,15,30
30301,15,1,-1,1,-1,-1,5,5,-1,-1,-1,10
30301,16,1,-1,1,-1,-1,10,10,-1,-1,-1,15
30301,17,1,-1,-1,-1,-1,-1,2,-1,-1,3,-1
30301,18,5,-1,-1,-1,-1,-1,50,-1,-1,80,-1
30301,19,5,-1,-1,-1,-1,-1,50,-1,-1,-1,80
30301,30,1,-1,-1,1,-1,1,1,-1,-1,1,2
30302,1,10,-1,-1,-1,-1,-1,25,-1,-1,-1,35
30302,2,10,-1,-1,10,-1,20,20,-1,-1,30,-1
30302,8,1,-1,-1,-1,-1,-1,1,-1,1,10,20
30302,9,5,-1,-1,-1,-1,-1,5,10,25,-1,-1
30302,11,10,-1,-1,10,-1,15,15,-1,-1,20,-1
30302,14,10,-1,-1,-1,-1,-1,25,-1,-1,-1,35
30302,15,1,-1,1,-1,-1,5,5,-1,-1,-1,10
30302,16,1,-1,1,-1,-1,10,10,-1,-1,-1,15
30302,17,1,-1,-1,-1,-1,-1,2,-1,-1,-1,4
30302,18,10,-1,-1,-1,-1,-1,60,-1,-1,-1,100
30302,19,5,-1,-1,-1,-1,-1,60,-1,-1,-1,100
30302,30,1,-1,-1,1,-1,1,1,-1,-1,1,2
30303,1,10,-1,-1,-1,-1,20,25,-1,-1,-1,30
30303,2,10,-1,-1,10,-1,20,20,-1,-1,30,-1
30303,10,5,-1,-1,-1,-1,-1,5,10,25,-1,-1
30303,12,10,-1,-1,-1,-1,-1,25,-1,-1,-1,30
30303,14,1,-1,-1,-1,-1,-1,-1,-1,1,15,30
30303,15,1,-1,-1,1,-1,1,1,-1,-1,5,-1
30303,16,1,-1,-1,1,-1,5,5,-1,-1,10,-1
30303,17,1,-1,-1,1,-1,1,1,-1,-1,2,-1
30303,18,1,-1,-1,5,-1,20,20,-1,-1,50,-1
30303,19,5,-1,-1,5,-1,20,35,-1,-1,50,-1
30304,1,10,-1,-1,-1,-1,-1,25,-1,-1,-1,40
30304,2,10,-1,-1,-1,-1,-1,10,20,40,-1,-1
30304,8,1,-1,1,-1,-1,5,10,-1,-1,-1,15
30304,12,10,-1,-1,-1,-1,-1,25,-1,-1,-1,30
30304,14,10,-1,-1,-1,-1,-1,25,-1,-1,-1,35
30304,15,1,-1,-1,-1,-1,5,5,-1,-1,-1,10
30304,16,1,-1,1,-1,-1,10,10,-1,-1,-1,20
30304,17,1,-1,-1,-1,-1,-1,2,-1,-1,-1,4
30304,18,10,-1,-1,-1,-1,-1,60,-1,-1,-1,100
30304,19,10,-1,-1,-1,-1,-1,-1,-1,-1,60,120
30304,30,1,-1,-1,1,-1,1,1,-1,-1,1,2
30304,32,10,-1,-1,-1,-1,-1,30,-1,-1,-1,60
30305,8,1,-1,-1,-1,-1,-1,10,-1,-1,-1,20
30305,14,1,-1,-1,-1,-1,-1,-1,-1,1,15,30
30305,15,1,-1,-1,-1,-1,-1,1,5,5,-1,-1
30305,16,1,-1,-1,-1,-1,-1,1,10,15,-1,-1
30305,25,10,-1,-1,-1,-1,-1,40,-1,-1,-1,60
30305,26,1,-1,10,-1,-1,20,20,-1,-1,-1,30
30305,27,5,-1,-1,5,-1,10,10,-1,-1,15,-1
30305,28,1,-1,-1,-1,-1,-1,15,-1,-1,-1,30
30305,32,20,-1,-1,20,-1,30,30,-1,-1,40,-1
